Student ID,Question ID,difficulty,correct,Response Time,topic
AQklHbi5bt8l,1,hard,0,27232,Data Mining Tasks
AQklHbi5bt8l,2,easy,1,8933,Similarity Measures
AQklHbi5bt8l,3,easy,1,14965,Similarity Measures
AQklHbi5bt8l,4,easy,1,12691,Similarity Measures
AQklHbi5bt8l,5,medium,0,26452,Similarity Measures
AQklHbi5bt8l,6,easy,1,18691,Time Series Data
AQklHbi5bt8l,7,easy,1,17205,Data Types
AQklHbi5bt8l,8,easy,1,12691,Data Types
AQklHbi5bt8l,9,easy,1,15217,Similarity Measures
AQklHbi5bt8l,10,easy,1,12691,Programming Tools (NumPy/Pandas)
AQklHbi5bt8l,11,easy,1,12691,Programming Tools (NumPy/Pandas)
AQklHbi5bt8l,12,easy,1,12691,Programming Tools (NumPy/Pandas)
AQklHbi5bt8l,13,easy,1,14965,Programming Tools (NumPy/Pandas)
AQklHbi5bt8l,14,medium,0,28292,Data Types
AQklHbi5bt8l,15,medium,0,28170,Data Types
AQklHbi5bt8l,16,easy,0,28502,Data Types
AQklHbi5bt8l,17,easy,0,23751,Data Types
AQklHbi5bt8l,18,hard,0,27363,Unsupervised Learning
AQklHbi5bt8l,19,easy,1,14269,Unsupervised Learning
AQklHbi5bt8l,20,hard,0,24479,Data Types
AQklHbi5bt8l,21,hard,0,24394,Data Mining Tasks
AQklHbi5bt8l,22,easy,1,12691,Data Types
AQklHbi5bt8l,23,hard,0,25846,Unsupervised Learning
AQklHbi5bt8l,24,hard,0,24855,Data Types
AQklHbi5bt8l,25,hard,0,27419,Unsupervised Learning
AQklHbi5bt8l,26,hard,0,29211,Data Types
AQklHbi5bt8l,27,easy,1,17236,Data Preprocessing
AQklHbi5bt8l,28,medium,0,26213,Scaling & Normalization
AQklHbi5bt8l,29,easy,1,12691,Scaling & Normalization
AQklHbi5bt8l,30,easy,1,11189,Data Preprocessing
1ggBjCxnkaT8,1,hard,0,28232,Data Mining Tasks
1ggBjCxnkaT8,2,easy,1,9274,Similarity Measures
1ggBjCxnkaT8,3,easy,1,15769,Similarity Measures
1ggBjCxnkaT8,4,easy,1,13046,Similarity Measures
1ggBjCxnkaT8,5,medium,0,27423,Similarity Measures
1ggBjCxnkaT8,6,easy,1,19403,Time Series Data
1ggBjCxnkaT8,7,easy,0,21703,Data Types
1ggBjCxnkaT8,8,easy,1,13046,Data Types
1ggBjCxnkaT8,9,easy,1,15796,Similarity Measures
1ggBjCxnkaT8,10,easy,1,13046,Programming Tools (NumPy/Pandas)
1ggBjCxnkaT8,11,easy,1,13046,Programming Tools (NumPy/Pandas)
1ggBjCxnkaT8,12,easy,1,13046,Programming Tools (NumPy/Pandas)
1ggBjCxnkaT8,13,easy,1,15769,Programming Tools (NumPy/Pandas)
1ggBjCxnkaT8,14,medium,0,29331,Data Types
1ggBjCxnkaT8,15,medium,0,29205,Data Types
1ggBjCxnkaT8,16,easy,0,29548,Data Types
1ggBjCxnkaT8,17,easy,0,24623,Data Types
1ggBjCxnkaT8,18,hard,0,28368,Unsupervised Learning
1ggBjCxnkaT8,19,easy,1,14813,Unsupervised Learning
1ggBjCxnkaT8,20,hard,0,25378,Data Types
1ggBjCxnkaT8,21,hard,0,25290,Data Mining Tasks
1ggBjCxnkaT8,22,easy,1,13046,Data Types
1ggBjCxnkaT8,23,hard,0,26796,Unsupervised Learning
1ggBjCxnkaT8,24,hard,0,25768,Data Types
1ggBjCxnkaT8,25,hard,0,28425,Unsupervised Learning
1ggBjCxnkaT8,26,hard,0,30284,Data Types
1ggBjCxnkaT8,27,easy,1,17892,Data Preprocessing
1ggBjCxnkaT8,28,medium,0,27175,Scaling & Normalization
1ggBjCxnkaT8,29,easy,1,13046,Scaling & Normalization
1ggBjCxnkaT8,30,easy,1,11615,Data Preprocessing
VqXqgB6ructd,1,hard,0,30533,Data Mining Tasks
VqXqgB6ructd,2,easy,1,11094,Similarity Measures
VqXqgB6ructd,3,easy,1,17117,Similarity Measures
VqXqgB6ructd,4,easy,1,15659,Similarity Measures
VqXqgB6ructd,5,medium,0,33065,Similarity Measures
VqXqgB6ructd,6,easy,1,20195,Time Series Data
VqXqgB6ructd,7,easy,0,24396,Data Types
VqXqgB6ructd,8,easy,1,15659,Data Types
VqXqgB6ructd,9,easy,1,16613,Similarity Measures
VqXqgB6ructd,10,easy,1,15659,Programming Tools (NumPy/Pandas)
VqXqgB6ructd,11,easy,1,15659,Programming Tools (NumPy/Pandas)
VqXqgB6ructd,12,easy,1,15659,Programming Tools (NumPy/Pandas)
VqXqgB6ructd,13,easy,1,17117,Programming Tools (NumPy/Pandas)
VqXqgB6ructd,14,medium,1,30463,Data Types
VqXqgB6ructd,15,medium,0,34713,Data Types
VqXqgB6ructd,16,easy,1,28512,Data Types
VqXqgB6ructd,17,easy,1,23169,Data Types
VqXqgB6ructd,18,hard,0,25873,Unsupervised Learning
VqXqgB6ructd,19,easy,1,15909,Unsupervised Learning
VqXqgB6ructd,20,hard,0,29881,Data Types
VqXqgB6ructd,21,hard,0,25431,Data Mining Tasks
VqXqgB6ructd,22,easy,1,15659,Data Types
VqXqgB6ructd,23,hard,0,28731,Unsupervised Learning
VqXqgB6ructd,24,hard,0,24810,Data Types
VqXqgB6ructd,25,hard,0,30742,Unsupervised Learning
VqXqgB6ructd,26,hard,0,34560,Data Types
VqXqgB6ructd,27,easy,1,19714,Data Preprocessing
VqXqgB6ructd,28,medium,0,32248,Scaling & Normalization
VqXqgB6ructd,29,easy,1,15659,Scaling & Normalization
VqXqgB6ructd,30,easy,1,13999,Data Preprocessing
W0EkQhrkI3an,1,hard,0,22271,Data Mining Tasks
W0EkQhrkI3an,2,easy,1,7500,Similarity Measures
W0EkQhrkI3an,3,easy,1,12642,Similarity Measures
W0EkQhrkI3an,4,easy,1,10621,Similarity Measures
W0EkQhrkI3an,5,medium,1,19486,Similarity Measures
W0EkQhrkI3an,6,easy,1,15826,Time Series Data
W0EkQhrkI3an,7,easy,1,14620,Data Types
W0EkQhrkI3an,8,easy,1,10621,Data Types
W0EkQhrkI3an,9,easy,1,12826,Similarity Measures
W0EkQhrkI3an,10,easy,1,10621,Programming Tools (NumPy/Pandas)
W0EkQhrkI3an,11,easy,1,10621,Programming Tools (NumPy/Pandas)
W0EkQhrkI3an,12,easy,1,10621,Programming Tools (NumPy/Pandas)
W0EkQhrkI3an,13,easy,1,12642,Programming Tools (NumPy/Pandas)
W0EkQhrkI3an,14,medium,0,23138,Data Types
W0EkQhrkI3an,15,medium,0,23039,Data Types
W0EkQhrkI3an,16,easy,1,21767,Data Types
W0EkQhrkI3an,17,easy,0,20537,Data Types
W0EkQhrkI3an,18,hard,0,20653,Unsupervised Learning
W0EkQhrkI3an,19,easy,1,11993,Unsupervised Learning
W0EkQhrkI3an,20,hard,0,19480,Data Types
W0EkQhrkI3an,21,hard,0,19120,Data Mining Tasks
W0EkQhrkI3an,22,easy,1,10621,Data Types
W0EkQhrkI3an,23,hard,0,20568,Unsupervised Learning
W0EkQhrkI3an,24,hard,0,19188,Data Types
W0EkQhrkI3an,25,hard,0,21815,Unsupervised Learning
W0EkQhrkI3an,26,hard,0,23245,Data Types
W0EkQhrkI3an,27,easy,1,14560,Data Preprocessing
W0EkQhrkI3an,28,medium,0,21465,Scaling & Normalization
W0EkQhrkI3an,29,easy,1,10621,Scaling & Normalization
W0EkQhrkI3an,30,easy,1,9393,Data Preprocessing
bWRj9XHmvXaq,1,hard,0,25154,Data Mining Tasks
bWRj9XHmvXaq,2,easy,1,8385,Similarity Measures
bWRj9XHmvXaq,3,easy,0,17325,Similarity Measures
bWRj9XHmvXaq,4,easy,1,11875,Similarity Measures
bWRj9XHmvXaq,5,medium,1,22168,Similarity Measures
bWRj9XHmvXaq,6,easy,0,21078,Time Series Data
bWRj9XHmvXaq,7,easy,0,20736,Data Types
bWRj9XHmvXaq,8,easy,1,11875,Data Types
bWRj9XHmvXaq,9,easy,1,14256,Similarity Measures
bWRj9XHmvXaq,10,easy,1,11875,Programming Tools (NumPy/Pandas)
bWRj9XHmvXaq,11,easy,1,11875,Programming Tools (NumPy/Pandas)
bWRj9XHmvXaq,12,easy,1,11875,Programming Tools (NumPy/Pandas)
bWRj9XHmvXaq,13,easy,1,14134,Programming Tools (NumPy/Pandas)
bWRj9XHmvXaq,14,medium,1,24882,Data Types
bWRj9XHmvXaq,15,medium,0,26021,Data Types
bWRj9XHmvXaq,16,easy,1,24080,Data Types
bWRj9XHmvXaq,17,easy,1,19964,Data Types
bWRj9XHmvXaq,18,hard,1,25532,Unsupervised Learning
bWRj9XHmvXaq,19,easy,1,13502,Unsupervised Learning
bWRj9XHmvXaq,20,hard,1,24510,Data Types
bWRj9XHmvXaq,21,hard,0,22198,Data Mining Tasks
bWRj9XHmvXaq,22,easy,1,11875,Data Types
bWRj9XHmvXaq,23,hard,0,23879,Unsupervised Learning
bWRj9XHmvXaq,24,hard,0,22277,Data Types
bWRj9XHmvXaq,25,hard,0,25327,Unsupervised Learning
bWRj9XHmvXaq,26,hard,0,26987,Data Types
bWRj9XHmvXaq,27,easy,1,16278,Data Preprocessing
bWRj9XHmvXaq,28,medium,1,21175,Scaling & Normalization
bWRj9XHmvXaq,29,easy,1,11875,Scaling & Normalization
bWRj9XHmvXaq,30,easy,1,10581,Data Preprocessing
aKKO0pyKuBaK,1,hard,1,25300,Data Mining Tasks
aKKO0pyKuBaK,2,easy,1,8385,Similarity Measures
aKKO0pyKuBaK,3,easy,1,14134,Similarity Measures
aKKO0pyKuBaK,4,easy,1,11875,Similarity Measures
aKKO0pyKuBaK,5,medium,1,22168,Similarity Measures
aKKO0pyKuBaK,6,easy,1,17508,Time Series Data
aKKO0pyKuBaK,7,easy,1,16250,Data Types
aKKO0pyKuBaK,8,easy,1,11875,Data Types
aKKO0pyKuBaK,9,easy,1,14256,Similarity Measures
aKKO0pyKuBaK,10,easy,1,11875,Programming Tools (NumPy/Pandas)
aKKO0pyKuBaK,11,easy,1,11875,Programming Tools (NumPy/Pandas)
aKKO0pyKuBaK,12,easy,1,11875,Programming Tools (NumPy/Pandas)
aKKO0pyKuBaK,13,easy,1,14134,Programming Tools (NumPy/Pandas)
aKKO0pyKuBaK,14,medium,0,26134,Data Types
aKKO0pyKuBaK,15,medium,1,25025,Data Types
aKKO0pyKuBaK,16,easy,1,24080,Data Types
aKKO0pyKuBaK,17,easy,0,22892,Data Types
aKKO0pyKuBaK,18,hard,0,23977,Unsupervised Learning
aKKO0pyKuBaK,19,easy,1,13502,Unsupervised Learning
aKKO0pyKuBaK,20,hard,0,22616,Data Types
aKKO0pyKuBaK,21,hard,0,22198,Data Mining Tasks
aKKO0pyKuBaK,22,easy,1,11875,Data Types
aKKO0pyKuBaK,23,hard,0,23879,Unsupervised Learning
aKKO0pyKuBaK,24,hard,0,22277,Data Types
aKKO0pyKuBaK,25,hard,0,25327,Unsupervised Learning
aKKO0pyKuBaK,26,hard,1,26871,Data Types
aKKO0pyKuBaK,27,easy,1,16278,Data Preprocessing
aKKO0pyKuBaK,28,medium,1,21175,Scaling & Normalization
aKKO0pyKuBaK,29,easy,1,11875,Scaling & Normalization
aKKO0pyKuBaK,30,easy,1,10581,Data Preprocessing
OHaSXzUdzChO,1,hard,1,28666,Data Mining Tasks
OHaSXzUdzChO,2,easy,1,10308,Similarity Measures
OHaSXzUdzChO,3,easy,1,16137,Similarity Measures
OHaSXzUdzChO,4,easy,1,14711,Similarity Measures
OHaSXzUdzChO,5,medium,1,24641,Similarity Measures
OHaSXzUdzChO,6,easy,1,18515,Time Series Data
OHaSXzUdzChO,7,easy,1,17050,Data Types
OHaSXzUdzChO,8,easy,1,14711,Data Types
OHaSXzUdzChO,9,easy,1,15430,Similarity Measures
OHaSXzUdzChO,10,easy,1,14711,Programming Tools (NumPy/Pandas)
OHaSXzUdzChO,11,easy,1,14711,Programming Tools (NumPy/Pandas)
OHaSXzUdzChO,12,easy,1,14711,Programming Tools (NumPy/Pandas)
OHaSXzUdzChO,13,easy,1,16137,Programming Tools (NumPy/Pandas)
OHaSXzUdzChO,14,medium,0,30678,Data Types
OHaSXzUdzChO,15,medium,1,27453,Data Types
OHaSXzUdzChO,16,easy,1,26141,Data Types
OHaSXzUdzChO,17,easy,0,24924,Data Types
OHaSXzUdzChO,18,hard,0,27376,Unsupervised Learning
OHaSXzUdzChO,19,easy,1,14960,Unsupervised Learning
OHaSXzUdzChO,20,hard,0,25429,Data Types
OHaSXzUdzChO,21,hard,0,25345,Data Mining Tasks
OHaSXzUdzChO,22,easy,1,14711,Data Types
OHaSXzUdzChO,23,hard,0,27264,Unsupervised Learning
OHaSXzUdzChO,24,hard,0,25952,Data Types
OHaSXzUdzChO,25,hard,1,28572,Unsupervised Learning
OHaSXzUdzChO,26,hard,1,30446,Data Types
OHaSXzUdzChO,27,easy,1,18585,Data Preprocessing
OHaSXzUdzChO,28,medium,1,23165,Scaling & Normalization
OHaSXzUdzChO,29,easy,1,14711,Scaling & Normalization
OHaSXzUdzChO,30,easy,1,13008,Data Preprocessing
nIdSwhLzwJKt,1,hard,1,26396,Data Mining Tasks
nIdSwhLzwJKt,2,easy,1,8435,Similarity Measures
nIdSwhLzwJKt,3,easy,1,15118,Similarity Measures
nIdSwhLzwJKt,4,easy,1,11845,Similarity Measures
nIdSwhLzwJKt,5,medium,1,23632,Similarity Measures
nIdSwhLzwJKt,6,easy,0,20152,Time Series Data
nIdSwhLzwJKt,7,easy,1,17040,Data Types
nIdSwhLzwJKt,8,easy,1,11845,Data Types
nIdSwhLzwJKt,9,easy,1,15071,Similarity Measures
nIdSwhLzwJKt,10,easy,1,11845,Programming Tools (NumPy/Pandas)
nIdSwhLzwJKt,11,easy,1,11845,Programming Tools (NumPy/Pandas)
nIdSwhLzwJKt,12,easy,1,11845,Programming Tools (NumPy/Pandas)
nIdSwhLzwJKt,13,easy,0,17185,Programming Tools (NumPy/Pandas)
nIdSwhLzwJKt,14,medium,1,26019,Data Types
nIdSwhLzwJKt,15,medium,1,26168,Data Types
nIdSwhLzwJKt,16,easy,1,25239,Data Types
nIdSwhLzwJKt,17,easy,1,20922,Data Types
nIdSwhLzwJKt,18,hard,0,20843,Unsupervised Learning
nIdSwhLzwJKt,19,easy,0,15867,Unsupervised Learning
nIdSwhLzwJKt,20,hard,0,21420,Data Types
nIdSwhLzwJKt,21,hard,0,19597,Data Mining Tasks
nIdSwhLzwJKt,22,easy,1,11845,Data Types
nIdSwhLzwJKt,23,hard,0,23431,Unsupervised Learning
nIdSwhLzwJKt,24,hard,0,18124,Data Types
nIdSwhLzwJKt,25,hard,0,25310,Unsupervised Learning
nIdSwhLzwJKt,26,hard,0,26965,Data Types
nIdSwhLzwJKt,27,easy,1,17034,Data Preprocessing
nIdSwhLzwJKt,28,medium,1,22573,Scaling & Normalization
nIdSwhLzwJKt,29,easy,0,13200,Scaling & Normalization
nIdSwhLzwJKt,30,easy,1,10009,Data Preprocessing
QJccKPT4nu7V,1,hard,1,28547,Data Mining Tasks
QJccKPT4nu7V,2,easy,1,10223,Similarity Measures
QJccKPT4nu7V,3,easy,1,16004,Similarity Measures
QJccKPT4nu7V,4,easy,1,14590,Similarity Measures
QJccKPT4nu7V,5,medium,0,30354,Similarity Measures
QJccKPT4nu7V,6,easy,0,23182,Time Series Data
QJccKPT4nu7V,7,easy,1,17137,Data Types
QJccKPT4nu7V,8,easy,1,14590,Data Types
QJccKPT4nu7V,9,easy,1,15303,Similarity Measures
QJccKPT4nu7V,10,easy,1,14590,Programming Tools (NumPy/Pandas)
QJccKPT4nu7V,11,easy,1,14590,Programming Tools (NumPy/Pandas)
QJccKPT4nu7V,12,easy,1,14590,Programming Tools (NumPy/Pandas)
QJccKPT4nu7V,13,easy,0,22063,Programming Tools (NumPy/Pandas)
QJccKPT4nu7V,14,medium,1,27861,Data Types
QJccKPT4nu7V,15,medium,1,28021,Data Types
QJccKPT4nu7V,16,easy,1,26274,Data Types
QJccKPT4nu7V,17,easy,1,21351,Data Types
QJccKPT4nu7V,18,hard,0,27864,Unsupervised Learning
QJccKPT4nu7V,19,easy,1,14837,Unsupervised Learning
QJccKPT4nu7V,20,hard,1,32420,Data Types
QJccKPT4nu7V,21,hard,0,25796,Data Mining Tasks
QJccKPT4nu7V,22,easy,1,14590,Data Types
QJccKPT4nu7V,23,hard,1,30031,Unsupervised Learning
QJccKPT4nu7V,24,hard,0,26414,Data Types
QJccKPT4nu7V,25,hard,1,28453,Unsupervised Learning
QJccKPT4nu7V,26,hard,0,31430,Data Types
QJccKPT4nu7V,27,easy,1,18432,Data Preprocessing
QJccKPT4nu7V,28,medium,1,23645,Scaling & Normalization
QJccKPT4nu7V,29,easy,1,14590,Scaling & Normalization
QJccKPT4nu7V,30,easy,1,12900,Data Preprocessing
xbNryveuRsXc,1,hard,1,29493,Data Mining Tasks
xbNryveuRsXc,2,easy,1,10483,Similarity Measures
xbNryveuRsXc,3,easy,1,16173,Similarity Measures
xbNryveuRsXc,4,easy,1,14796,Similarity Measures
xbNryveuRsXc,5,medium,1,25985,Similarity Measures
xbNryveuRsXc,6,easy,1,19082,Time Series Data
xbNryveuRsXc,7,easy,1,17524,Data Types
xbNryveuRsXc,8,easy,1,14796,Data Types
xbNryveuRsXc,9,easy,1,15531,Similarity Measures
xbNryveuRsXc,10,easy,1,14796,Programming Tools (NumPy/Pandas)
xbNryveuRsXc,11,easy,1,14796,Programming Tools (NumPy/Pandas)
xbNryveuRsXc,12,easy,1,14796,Programming Tools (NumPy/Pandas)
xbNryveuRsXc,13,easy,1,16173,Programming Tools (NumPy/Pandas)
xbNryveuRsXc,14,medium,1,28784,Data Types
xbNryveuRsXc,15,medium,1,28950,Data Types
xbNryveuRsXc,16,easy,1,26941,Data Types
xbNryveuRsXc,17,easy,0,26506,Data Types
xbNryveuRsXc,18,hard,0,24899,Unsupervised Learning
xbNryveuRsXc,19,easy,1,15033,Unsupervised Learning
xbNryveuRsXc,20,hard,0,28757,Data Types
xbNryveuRsXc,21,hard,0,24474,Data Mining Tasks
xbNryveuRsXc,22,easy,1,14796,Data Types
xbNryveuRsXc,23,hard,0,27651,Unsupervised Learning
xbNryveuRsXc,24,hard,0,23877,Data Types
xbNryveuRsXc,25,hard,0,29585,Unsupervised Learning
xbNryveuRsXc,26,hard,0,33260,Data Types
xbNryveuRsXc,27,easy,1,18627,Data Preprocessing
xbNryveuRsXc,28,medium,1,24428,Scaling & Normalization
xbNryveuRsXc,29,easy,1,14796,Scaling & Normalization
xbNryveuRsXc,30,easy,1,13228,Data Preprocessing
w1PmKgj9FomZ,1,hard,1,29493,Data Mining Tasks
w1PmKgj9FomZ,2,easy,1,10483,Similarity Measures
w1PmKgj9FomZ,3,easy,1,16173,Similarity Measures
w1PmKgj9FomZ,4,easy,1,14796,Similarity Measures
w1PmKgj9FomZ,5,medium,1,25985,Similarity Measures
w1PmKgj9FomZ,6,easy,1,19082,Time Series Data
w1PmKgj9FomZ,7,easy,1,17524,Data Types
w1PmKgj9FomZ,8,easy,1,14796,Data Types
w1PmKgj9FomZ,9,easy,1,15531,Similarity Measures
w1PmKgj9FomZ,10,easy,1,14796,Programming Tools (NumPy/Pandas)
w1PmKgj9FomZ,11,easy,1,14796,Programming Tools (NumPy/Pandas)
w1PmKgj9FomZ,12,easy,1,14796,Programming Tools (NumPy/Pandas)
w1PmKgj9FomZ,13,easy,1,16173,Programming Tools (NumPy/Pandas)
w1PmKgj9FomZ,14,medium,0,33552,Data Types
w1PmKgj9FomZ,15,medium,1,28950,Data Types
w1PmKgj9FomZ,16,easy,1,26941,Data Types
w1PmKgj9FomZ,17,easy,0,26506,Data Types
w1PmKgj9FomZ,18,hard,0,24899,Unsupervised Learning
w1PmKgj9FomZ,19,easy,1,15033,Unsupervised Learning
w1PmKgj9FomZ,20,hard,1,33613,Data Types
w1PmKgj9FomZ,21,hard,0,24474,Data Mining Tasks
w1PmKgj9FomZ,22,easy,1,14796,Data Types
w1PmKgj9FomZ,23,hard,0,27651,Unsupervised Learning
w1PmKgj9FomZ,24,hard,0,23877,Data Types
w1PmKgj9FomZ,25,hard,1,29396,Unsupervised Learning
w1PmKgj9FomZ,26,hard,1,33047,Data Types
w1PmKgj9FomZ,27,easy,1,18627,Data Preprocessing
w1PmKgj9FomZ,28,medium,1,24428,Scaling & Normalization
w1PmKgj9FomZ,29,easy,1,14796,Scaling & Normalization
w1PmKgj9FomZ,30,easy,1,13228,Data Preprocessing
KNvidOVZPDzA,1,hard,0,27569,Data Mining Tasks
KNvidOVZPDzA,2,easy,1,8835,Similarity Measures
KNvidOVZPDzA,3,easy,1,14892,Similarity Measures
KNvidOVZPDzA,4,easy,1,12552,Similarity Measures
KNvidOVZPDzA,5,medium,1,24531,Similarity Measures
KNvidOVZPDzA,6,easy,1,18600,Time Series Data
KNvidOVZPDzA,7,easy,1,17122,Data Types
KNvidOVZPDzA,8,easy,1,12552,Data Types
KNvidOVZPDzA,9,easy,1,15021,Similarity Measures
KNvidOVZPDzA,10,easy,1,12552,Programming Tools (NumPy/Pandas)
KNvidOVZPDzA,11,easy,1,12552,Programming Tools (NumPy/Pandas)
KNvidOVZPDzA,12,easy,1,12552,Programming Tools (NumPy/Pandas)
KNvidOVZPDzA,13,easy,0,17986,Programming Tools (NumPy/Pandas)
KNvidOVZPDzA,14,medium,1,27271,Data Types
KNvidOVZPDzA,15,medium,0,28519,Data Types
KNvidOVZPDzA,16,easy,1,25582,Data Types
KNvidOVZPDzA,17,easy,1,21353,Data Types
KNvidOVZPDzA,18,hard,0,27707,Unsupervised Learning
KNvidOVZPDzA,19,easy,1,14200,Unsupervised Learning
KNvidOVZPDzA,20,hard,0,24787,Data Types
KNvidOVZPDzA,21,hard,0,24700,Data Mining Tasks
KNvidOVZPDzA,22,easy,1,12552,Data Types
KNvidOVZPDzA,23,hard,0,26171,Unsupervised Learning
KNvidOVZPDzA,24,hard,0,25168,Data Types
KNvidOVZPDzA,25,hard,0,27758,Unsupervised Learning
KNvidOVZPDzA,26,hard,0,29578,Data Types
KNvidOVZPDzA,27,easy,1,17152,Data Preprocessing
KNvidOVZPDzA,28,medium,0,26537,Scaling & Normalization
KNvidOVZPDzA,29,easy,1,12552,Scaling & Normalization
KNvidOVZPDzA,30,easy,1,11066,Data Preprocessing
7VpB1pGsv71N,1,hard,0,19967,Data Mining Tasks
7VpB1pGsv71N,2,easy,1,7078,Similarity Measures
7VpB1pGsv71N,3,easy,0,15882,Similarity Measures
7VpB1pGsv71N,4,easy,1,9940,Similarity Measures
7VpB1pGsv71N,5,medium,1,21012,Similarity Measures
7VpB1pGsv71N,6,easy,0,16495,Time Series Data
7VpB1pGsv71N,7,easy,1,14108,Data Types
7VpB1pGsv71N,8,easy,1,9940,Data Types
7VpB1pGsv71N,9,easy,1,12648,Similarity Measures
7VpB1pGsv71N,10,easy,1,9940,Programming Tools (NumPy/Pandas)
7VpB1pGsv71N,11,easy,1,9940,Programming Tools (NumPy/Pandas)
7VpB1pGsv71N,12,easy,1,9940,Programming Tools (NumPy/Pandas)
7VpB1pGsv71N,13,easy,1,14048,Programming Tools (NumPy/Pandas)
7VpB1pGsv71N,14,medium,1,22901,Data Types
7VpB1pGsv71N,15,medium,1,23375,Data Types
7VpB1pGsv71N,16,easy,1,20763,Data Types
7VpB1pGsv71N,17,easy,1,18766,Data Types
7VpB1pGsv71N,18,hard,0,15034,Unsupervised Learning
7VpB1pGsv71N,19,easy,1,12403,Unsupervised Learning
7VpB1pGsv71N,20,hard,0,16957,Data Types
7VpB1pGsv71N,21,hard,0,15270,Data Mining Tasks
7VpB1pGsv71N,22,easy,1,9940,Data Types
7VpB1pGsv71N,23,hard,0,17820,Unsupervised Learning
7VpB1pGsv71N,24,hard,0,14088,Data Types
7VpB1pGsv71N,25,hard,1,23501,Unsupervised Learning
7VpB1pGsv71N,26,hard,1,25038,Data Types
7VpB1pGsv71N,27,easy,1,14853,Data Preprocessing
7VpB1pGsv71N,28,medium,0,19674,Scaling & Normalization
7VpB1pGsv71N,29,easy,1,9940,Scaling & Normalization
7VpB1pGsv71N,30,easy,1,8399,Data Preprocessing
R8OVhINU7nka,1,hard,0,29296,Data Mining Tasks
R8OVhINU7nka,2,easy,1,10223,Similarity Measures
R8OVhINU7nka,3,easy,1,16004,Similarity Measures
R8OVhINU7nka,4,easy,1,14590,Similarity Measures
R8OVhINU7nka,5,medium,0,30354,Similarity Measures
R8OVhINU7nka,6,easy,1,18610,Time Series Data
R8OVhINU7nka,7,easy,1,17137,Data Types
R8OVhINU7nka,8,easy,1,14590,Data Types
R8OVhINU7nka,9,easy,1,15303,Similarity Measures
R8OVhINU7nka,10,easy,1,14590,Programming Tools (NumPy/Pandas)
R8OVhINU7nka,11,easy,1,14590,Programming Tools (NumPy/Pandas)
R8OVhINU7nka,12,easy,1,14590,Programming Tools (NumPy/Pandas)
R8OVhINU7nka,13,easy,1,16004,Programming Tools (NumPy/Pandas)
R8OVhINU7nka,14,medium,0,32004,Data Types
R8OVhINU7nka,15,medium,0,31867,Data Types
R8OVhINU7nka,16,easy,1,26274,Data Types
R8OVhINU7nka,17,easy,0,25475,Data Types
R8OVhINU7nka,18,hard,0,27864,Unsupervised Learning
R8OVhINU7nka,19,easy,1,14837,Unsupervised Learning
R8OVhINU7nka,20,hard,0,28860,Data Types
R8OVhINU7nka,21,hard,0,25796,Data Mining Tasks
R8OVhINU7nka,22,easy,1,14590,Data Types
R8OVhINU7nka,23,hard,1,30031,Unsupervised Learning
R8OVhINU7nka,24,hard,1,29673,Data Types
R8OVhINU7nka,25,hard,1,28453,Unsupervised Learning
R8OVhINU7nka,26,hard,0,31430,Data Types
R8OVhINU7nka,27,easy,1,18432,Data Preprocessing
R8OVhINU7nka,28,medium,1,23645,Scaling & Normalization
R8OVhINU7nka,29,easy,1,14590,Scaling & Normalization
R8OVhINU7nka,30,easy,1,12900,Data Preprocessing
Za018kn2raFk,1,hard,1,29324,Data Mining Tasks
Za018kn2raFk,2,easy,1,10295,Similarity Measures
Za018kn2raFk,3,easy,1,15884,Similarity Measures
Za018kn2raFk,4,easy,1,14532,Similarity Measures
Za018kn2raFk,5,medium,0,31250,Similarity Measures
Za018kn2raFk,6,easy,1,18741,Time Series Data
Za018kn2raFk,7,easy,1,17210,Data Types
Za018kn2raFk,8,easy,1,14532,Data Types
Za018kn2raFk,9,easy,1,15417,Similarity Measures
Za018kn2raFk,10,easy,1,14532,Programming Tools (NumPy/Pandas)
Za018kn2raFk,11,easy,1,14532,Programming Tools (NumPy/Pandas)
Za018kn2raFk,12,easy,1,14532,Programming Tools (NumPy/Pandas)
Za018kn2raFk,13,easy,0,22217,Programming Tools (NumPy/Pandas)
Za018kn2raFk,14,medium,0,32949,Data Types
Za018kn2raFk,15,medium,0,32807,Data Types
Za018kn2raFk,16,easy,0,31799,Data Types
Za018kn2raFk,17,easy,0,26030,Data Types
Za018kn2raFk,18,hard,0,24222,Unsupervised Learning
Za018kn2raFk,19,easy,1,14764,Unsupervised Learning
Za018kn2raFk,20,hard,0,27974,Data Types
Za018kn2raFk,21,hard,0,23808,Data Mining Tasks
Za018kn2raFk,22,easy,1,14532,Data Types
Za018kn2raFk,23,hard,1,30958,Unsupervised Learning
Za018kn2raFk,24,hard,0,23227,Data Types
Za018kn2raFk,25,hard,0,29054,Unsupervised Learning
Za018kn2raFk,26,hard,1,32858,Data Types
Za018kn2raFk,27,easy,1,18294,Data Preprocessing
Za018kn2raFk,28,medium,0,30477,Scaling & Normalization
Za018kn2raFk,29,easy,1,14532,Scaling & Normalization
Za018kn2raFk,30,easy,1,12991,Data Preprocessing
IWu147zvpRWb,1,hard,1,27867,Data Mining Tasks
IWu147zvpRWb,2,easy,1,8432,Similarity Measures
IWu147zvpRWb,3,easy,1,14985,Similarity Measures
IWu147zvpRWb,4,easy,1,11841,Similarity Measures
IWu147zvpRWb,5,medium,0,26381,Similarity Measures
IWu147zvpRWb,6,easy,1,18693,Time Series Data
IWu147zvpRWb,7,easy,0,19417,Data Types
IWu147zvpRWb,8,easy,1,11841,Data Types
IWu147zvpRWb,9,easy,1,15064,Similarity Measures
IWu147zvpRWb,10,easy,1,11841,Programming Tools (NumPy/Pandas)
IWu147zvpRWb,11,easy,1,11841,Programming Tools (NumPy/Pandas)
IWu147zvpRWb,12,easy,1,11841,Programming Tools (NumPy/Pandas)
IWu147zvpRWb,13,easy,1,14985,Programming Tools (NumPy/Pandas)
IWu147zvpRWb,14,medium,0,28216,Data Types
IWu147zvpRWb,15,medium,0,28033,Data Types
IWu147zvpRWb,16,easy,0,28425,Data Types
IWu147zvpRWb,17,easy,0,23687,Data Types
IWu147zvpRWb,18,hard,0,26719,Unsupervised Learning
IWu147zvpRWb,19,easy,1,14126,Unsupervised Learning
IWu147zvpRWb,20,hard,0,23923,Data Types
IWu147zvpRWb,21,hard,0,23610,Data Mining Tasks
IWu147zvpRWb,22,easy,1,11841,Data Types
IWu147zvpRWb,23,hard,0,25259,Unsupervised Learning
IWu147zvpRWb,24,hard,0,23822,Data Types
IWu147zvpRWb,25,hard,0,27285,Unsupervised Learning
IWu147zvpRWb,26,hard,0,29069,Data Types
IWu147zvpRWb,27,easy,1,17003,Data Preprocessing
IWu147zvpRWb,28,medium,0,26142,Scaling & Normalization
IWu147zvpRWb,29,easy,1,11841,Scaling & Normalization
IWu147zvpRWb,30,easy,1,10561,Data Preprocessing
d5279GvwAinX,1,hard,1,26396,Data Mining Tasks
d5279GvwAinX,2,easy,1,8435,Similarity Measures
d5279GvwAinX,3,easy,1,15118,Similarity Measures
d5279GvwAinX,4,easy,1,11845,Similarity Measures
d5279GvwAinX,5,medium,1,23632,Similarity Measures
d5279GvwAinX,6,easy,0,20152,Time Series Data
d5279GvwAinX,7,easy,1,17040,Data Types
d5279GvwAinX,8,easy,1,11845,Data Types
d5279GvwAinX,9,easy,1,15071,Similarity Measures
d5279GvwAinX,10,easy,1,11845,Programming Tools (NumPy/Pandas)
d5279GvwAinX,11,easy,1,11845,Programming Tools (NumPy/Pandas)
d5279GvwAinX,12,easy,1,11845,Programming Tools (NumPy/Pandas)
d5279GvwAinX,13,easy,1,15118,Programming Tools (NumPy/Pandas)
d5279GvwAinX,14,medium,1,26019,Data Types
d5279GvwAinX,15,medium,0,25614,Data Types
d5279GvwAinX,16,easy,0,27098,Data Types
d5279GvwAinX,17,easy,1,20922,Data Types
d5279GvwAinX,18,hard,0,20843,Unsupervised Learning
d5279GvwAinX,19,easy,1,14152,Unsupervised Learning
d5279GvwAinX,20,hard,0,21420,Data Types
d5279GvwAinX,21,hard,0,19597,Data Mining Tasks
d5279GvwAinX,22,easy,1,11845,Data Types
d5279GvwAinX,23,hard,0,23431,Unsupervised Learning
d5279GvwAinX,24,hard,0,18124,Data Types
d5279GvwAinX,25,hard,0,25310,Unsupervised Learning
d5279GvwAinX,26,hard,0,26965,Data Types
d5279GvwAinX,27,easy,1,17034,Data Preprocessing
d5279GvwAinX,28,medium,1,22573,Scaling & Normalization
d5279GvwAinX,29,easy,1,11845,Scaling & Normalization
d5279GvwAinX,30,easy,1,10009,Data Preprocessing
SOvsRqc7VPKI,1,hard,1,29324,Data Mining Tasks
SOvsRqc7VPKI,2,easy,1,10295,Similarity Measures
SOvsRqc7VPKI,3,easy,1,15884,Similarity Measures
SOvsRqc7VPKI,4,easy,1,14532,Similarity Measures
SOvsRqc7VPKI,5,medium,1,25520,Similarity Measures
SOvsRqc7VPKI,6,easy,1,18741,Time Series Data
SOvsRqc7VPKI,7,easy,1,17210,Data Types
SOvsRqc7VPKI,8,easy,1,14532,Data Types
SOvsRqc7VPKI,9,easy,1,15417,Similarity Measures
SOvsRqc7VPKI,10,easy,1,14532,Programming Tools (NumPy/Pandas)
SOvsRqc7VPKI,11,easy,1,14532,Programming Tools (NumPy/Pandas)
SOvsRqc7VPKI,12,easy,1,14532,Programming Tools (NumPy/Pandas)
SOvsRqc7VPKI,13,easy,1,15884,Programming Tools (NumPy/Pandas)
SOvsRqc7VPKI,14,medium,1,28270,Data Types
SOvsRqc7VPKI,15,medium,1,28432,Data Types
SOvsRqc7VPKI,16,easy,1,26459,Data Types
SOvsRqc7VPKI,17,easy,1,21501,Data Types
SOvsRqc7VPKI,18,hard,0,24222,Unsupervised Learning
SOvsRqc7VPKI,19,easy,1,14764,Unsupervised Learning
SOvsRqc7VPKI,20,hard,0,27974,Data Types
SOvsRqc7VPKI,21,hard,0,23808,Data Mining Tasks
SOvsRqc7VPKI,22,easy,1,14532,Data Types
SOvsRqc7VPKI,23,hard,0,27154,Unsupervised Learning
SOvsRqc7VPKI,24,hard,0,23227,Data Types
SOvsRqc7VPKI,25,hard,1,29228,Unsupervised Learning
SOvsRqc7VPKI,26,hard,0,32662,Data Types
SOvsRqc7VPKI,27,easy,1,18294,Data Preprocessing
SOvsRqc7VPKI,28,medium,0,30477,Scaling & Normalization
SOvsRqc7VPKI,29,easy,1,14532,Scaling & Normalization
SOvsRqc7VPKI,30,easy,1,12991,Data Preprocessing
WZiibWz2DWRQ,1,hard,1,25746,Data Mining Tasks
WZiibWz2DWRQ,2,easy,1,10075,Similarity Measures
WZiibWz2DWRQ,3,easy,1,15772,Similarity Measures
WZiibWz2DWRQ,4,easy,1,14378,Similarity Measures
WZiibWz2DWRQ,5,medium,1,22558,Similarity Measures
WZiibWz2DWRQ,6,easy,1,17816,Time Series Data
WZiibWz2DWRQ,7,easy,1,16666,Data Types
WZiibWz2DWRQ,8,easy,1,14378,Data Types
WZiibWz2DWRQ,9,easy,1,15027,Similarity Measures
WZiibWz2DWRQ,10,easy,1,14378,Programming Tools (NumPy/Pandas)
WZiibWz2DWRQ,11,easy,1,14378,Programming Tools (NumPy/Pandas)
WZiibWz2DWRQ,12,easy,1,14378,Programming Tools (NumPy/Pandas)
WZiibWz2DWRQ,13,easy,1,15772,Programming Tools (NumPy/Pandas)
WZiibWz2DWRQ,14,medium,1,25320,Data Types
WZiibWz2DWRQ,15,medium,1,25466,Data Types
WZiibWz2DWRQ,16,easy,1,24504,Data Types
WZiibWz2DWRQ,17,easy,1,20316,Data Types
WZiibWz2DWRQ,18,hard,0,24400,Unsupervised Learning
WZiibWz2DWRQ,19,easy,1,14622,Unsupervised Learning
WZiibWz2DWRQ,20,hard,0,23014,Data Types
WZiibWz2DWRQ,21,hard,0,22589,Data Mining Tasks
WZiibWz2DWRQ,22,easy,1,14378,Data Types
WZiibWz2DWRQ,23,hard,0,24300,Unsupervised Learning
WZiibWz2DWRQ,24,hard,0,23131,Data Types
WZiibWz2DWRQ,25,hard,1,25661,Unsupervised Learning
WZiibWz2DWRQ,26,hard,0,27463,Data Types
WZiibWz2DWRQ,27,easy,1,18165,Data Preprocessing
WZiibWz2DWRQ,28,medium,0,24849,Scaling & Normalization
WZiibWz2DWRQ,29,easy,1,14378,Scaling & Normalization
WZiibWz2DWRQ,30,easy,1,12713,Data Preprocessing
6k8WibIW0Img,1,hard,1,29324,Data Mining Tasks
6k8WibIW0Img,2,easy,1,10295,Similarity Measures
6k8WibIW0Img,3,easy,1,15884,Similarity Measures
6k8WibIW0Img,4,easy,1,14532,Similarity Measures
6k8WibIW0Img,5,medium,1,25520,Similarity Measures
6k8WibIW0Img,6,easy,1,18741,Time Series Data
6k8WibIW0Img,7,easy,1,17210,Data Types
6k8WibIW0Img,8,easy,1,14532,Data Types
6k8WibIW0Img,9,easy,1,15417,Similarity Measures
6k8WibIW0Img,10,easy,1,14532,Programming Tools (NumPy/Pandas)
6k8WibIW0Img,11,easy,1,14532,Programming Tools (NumPy/Pandas)
6k8WibIW0Img,12,easy,1,14532,Programming Tools (NumPy/Pandas)
6k8WibIW0Img,13,easy,1,15884,Programming Tools (NumPy/Pandas)
6k8WibIW0Img,14,medium,1,28270,Data Types
6k8WibIW0Img,15,medium,1,28432,Data Types
6k8WibIW0Img,16,easy,1,26459,Data Types
6k8WibIW0Img,17,easy,1,21501,Data Types
6k8WibIW0Img,18,hard,0,24222,Unsupervised Learning
6k8WibIW0Img,19,easy,1,14764,Unsupervised Learning
6k8WibIW0Img,20,hard,0,27974,Data Types
6k8WibIW0Img,21,hard,0,23808,Data Mining Tasks
6k8WibIW0Img,22,easy,1,14532,Data Types
6k8WibIW0Img,23,hard,0,27154,Unsupervised Learning
6k8WibIW0Img,24,hard,0,23227,Data Types
6k8WibIW0Img,25,hard,1,29228,Unsupervised Learning
6k8WibIW0Img,26,hard,0,32662,Data Types
6k8WibIW0Img,27,easy,1,18294,Data Preprocessing
6k8WibIW0Img,28,medium,0,30477,Scaling & Normalization
6k8WibIW0Img,29,easy,1,14532,Scaling & Normalization
6k8WibIW0Img,30,easy,1,12991,Data Preprocessing
BhvtwuIg7wvF,1,hard,1,22195,Data Mining Tasks
BhvtwuIg7wvF,2,easy,1,8349,Similarity Measures
BhvtwuIg7wvF,3,easy,0,17454,Similarity Measures
BhvtwuIg7wvF,4,easy,1,12670,Similarity Measures
BhvtwuIg7wvF,5,medium,1,18644,Similarity Measures
BhvtwuIg7wvF,6,easy,0,17917,Time Series Data
BhvtwuIg7wvF,7,easy,0,17902,Data Types
BhvtwuIg7wvF,8,easy,1,12670,Data Types
BhvtwuIg7wvF,9,easy,1,12527,Similarity Measures
BhvtwuIg7wvF,10,easy,1,12670,Programming Tools (NumPy/Pandas)
BhvtwuIg7wvF,11,easy,1,12670,Programming Tools (NumPy/Pandas)
BhvtwuIg7wvF,12,easy,1,12670,Programming Tools (NumPy/Pandas)
BhvtwuIg7wvF,13,easy,1,13070,Programming Tools (NumPy/Pandas)
BhvtwuIg7wvF,14,medium,0,21979,Data Types
BhvtwuIg7wvF,15,medium,0,25288,Data Types
BhvtwuIg7wvF,16,easy,0,23431,Data Types
BhvtwuIg7wvF,17,easy,0,19459,Data Types
BhvtwuIg7wvF,18,hard,0,21034,Unsupervised Learning
BhvtwuIg7wvF,19,easy,1,12117,Unsupervised Learning
BhvtwuIg7wvF,20,hard,0,19538,Data Types
BhvtwuIg7wvF,21,hard,0,19474,Data Mining Tasks
BhvtwuIg7wvF,22,easy,1,12670,Data Types
BhvtwuIg7wvF,23,hard,0,20948,Unsupervised Learning
BhvtwuIg7wvF,24,hard,0,19940,Data Types
BhvtwuIg7wvF,25,hard,1,22122,Unsupervised Learning
BhvtwuIg7wvF,26,hard,0,23675,Data Types
BhvtwuIg7wvF,27,easy,1,15053,Data Preprocessing
BhvtwuIg7wvF,28,medium,1,17808,Scaling & Normalization
BhvtwuIg7wvF,29,easy,1,12670,Scaling & Normalization
BhvtwuIg7wvF,30,easy,1,11203,Data Preprocessing
ynjK3wP1cV18,1,hard,1,40351,Data Mining Tasks
ynjK3wP1cV18,2,easy,1,15587,Similarity Measures
ynjK3wP1cV18,3,easy,1,24049,Similarity Measures
ynjK3wP1cV18,4,easy,1,22001,Similarity Measures
ynjK3wP1cV18,5,medium,1,37821,Similarity Measures
ynjK3wP1cV18,6,easy,1,26823,Time Series Data
ynjK3wP1cV18,7,easy,1,26057,Data Types
ynjK3wP1cV18,8,easy,1,22001,Data Types
ynjK3wP1cV18,9,easy,1,23342,Similarity Measures
ynjK3wP1cV18,10,easy,1,22001,Programming Tools (NumPy/Pandas)
ynjK3wP1cV18,11,easy,1,22001,Programming Tools (NumPy/Pandas)
ynjK3wP1cV18,12,easy,1,22001,Programming Tools (NumPy/Pandas)
ynjK3wP1cV18,13,easy,1,24049,Programming Tools (NumPy/Pandas)
ynjK3wP1cV18,14,medium,1,38900,Data Types
ynjK3wP1cV18,15,medium,1,39124,Data Types
ynjK3wP1cV18,16,easy,1,37870,Data Types
ynjK3wP1cV18,17,easy,1,30774,Data Types
ynjK3wP1cV18,18,hard,0,30562,Unsupervised Learning
ynjK3wP1cV18,19,easy,1,22353,Unsupervised Learning
ynjK3wP1cV18,20,hard,1,46882,Data Types
ynjK3wP1cV18,21,hard,0,30040,Data Mining Tasks
ynjK3wP1cV18,22,easy,1,22001,Data Types
ynjK3wP1cV18,23,hard,0,34262,Unsupervised Learning
ynjK3wP1cV18,24,hard,0,29307,Data Types
ynjK3wP1cV18,25,hard,1,40219,Unsupervised Learning
ynjK3wP1cV18,26,hard,0,41212,Data Types
ynjK3wP1cV18,27,easy,1,27697,Data Preprocessing
ynjK3wP1cV18,28,medium,1,35556,Scaling & Normalization
ynjK3wP1cV18,29,easy,1,22001,Scaling & Normalization
ynjK3wP1cV18,30,easy,1,19669,Data Preprocessing
No1fcFHRlYfg,1,hard,1,29115,Data Mining Tasks
No1fcFHRlYfg,2,easy,1,10081,Similarity Measures
No1fcFHRlYfg,3,easy,1,15554,Similarity Measures
No1fcFHRlYfg,4,easy,1,14586,Similarity Measures
No1fcFHRlYfg,5,medium,1,24162,Similarity Measures
No1fcFHRlYfg,6,easy,1,17765,Time Series Data
No1fcFHRlYfg,7,easy,1,16551,Data Types
No1fcFHRlYfg,8,easy,1,14586,Data Types
No1fcFHRlYfg,9,easy,1,15143,Similarity Measures
No1fcFHRlYfg,10,easy,1,14586,Programming Tools (NumPy/Pandas)
No1fcFHRlYfg,11,easy,1,14586,Programming Tools (NumPy/Pandas)
No1fcFHRlYfg,12,easy,1,14586,Programming Tools (NumPy/Pandas)
No1fcFHRlYfg,13,easy,1,15554,Programming Tools (NumPy/Pandas)
No1fcFHRlYfg,14,medium,1,27112,Data Types
No1fcFHRlYfg,15,medium,1,27275,Data Types
No1fcFHRlYfg,16,easy,1,25149,Data Types
No1fcFHRlYfg,17,easy,1,20338,Data Types
No1fcFHRlYfg,18,hard,0,29767,Unsupervised Learning
No1fcFHRlYfg,19,easy,1,14201,Unsupervised Learning
No1fcFHRlYfg,20,hard,1,33103,Data Types
No1fcFHRlYfg,21,hard,0,29581,Data Mining Tasks
No1fcFHRlYfg,22,easy,1,14586,Data Types
No1fcFHRlYfg,23,hard,0,31171,Unsupervised Learning
No1fcFHRlYfg,24,hard,0,29067,Data Types
No1fcFHRlYfg,25,hard,1,29020,Unsupervised Learning
No1fcFHRlYfg,26,hard,0,34241,Data Types
No1fcFHRlYfg,27,easy,1,17913,Data Preprocessing
No1fcFHRlYfg,28,medium,1,22715,Scaling & Normalization
No1fcFHRlYfg,29,easy,1,14586,Scaling & Normalization
No1fcFHRlYfg,30,easy,1,12721,Data Preprocessing
Q7dfzHYyXvOT,1,hard,1,28230,Data Mining Tasks
Q7dfzHYyXvOT,2,easy,1,8697,Similarity Measures
Q7dfzHYyXvOT,3,easy,1,13267,Similarity Measures
Q7dfzHYyXvOT,4,easy,1,12378,Similarity Measures
Q7dfzHYyXvOT,5,medium,1,21072,Similarity Measures
Q7dfzHYyXvOT,6,easy,1,15233,Time Series Data
Q7dfzHYyXvOT,7,easy,1,14453,Data Types
Q7dfzHYyXvOT,8,easy,1,12378,Data Types
Q7dfzHYyXvOT,9,easy,1,12826,Similarity Measures
Q7dfzHYyXvOT,10,easy,1,12378,Programming Tools (NumPy/Pandas)
Q7dfzHYyXvOT,11,easy,1,12378,Programming Tools (NumPy/Pandas)
Q7dfzHYyXvOT,12,easy,1,12378,Programming Tools (NumPy/Pandas)
Q7dfzHYyXvOT,13,easy,1,13267,Programming Tools (NumPy/Pandas)
Q7dfzHYyXvOT,14,medium,1,23644,Data Types
Q7dfzHYyXvOT,15,medium,1,27862,Data Types
Q7dfzHYyXvOT,16,easy,1,21566,Data Types
Q7dfzHYyXvOT,17,easy,1,17737,Data Types
Q7dfzHYyXvOT,18,hard,0,28862,Unsupervised Learning
Q7dfzHYyXvOT,19,easy,1,12238,Unsupervised Learning
Q7dfzHYyXvOT,20,hard,1,42635,Data Types
Q7dfzHYyXvOT,21,hard,0,28681,Data Mining Tasks
Q7dfzHYyXvOT,22,easy,1,12378,Data Types
Q7dfzHYyXvOT,23,hard,0,30224,Unsupervised Learning
Q7dfzHYyXvOT,24,hard,0,28184,Data Types
Q7dfzHYyXvOT,25,hard,1,28137,Unsupervised Learning
Q7dfzHYyXvOT,26,hard,0,33200,Data Types
Q7dfzHYyXvOT,27,easy,1,15280,Data Preprocessing
Q7dfzHYyXvOT,28,medium,1,19810,Scaling & Normalization
Q7dfzHYyXvOT,29,easy,1,12378,Scaling & Normalization
Q7dfzHYyXvOT,30,easy,1,10975,Data Preprocessing
E9vMd75UB2be,1,hard,0,24582,Data Mining Tasks
E9vMd75UB2be,2,easy,1,8289,Similarity Measures
E9vMd75UB2be,3,easy,1,14920,Similarity Measures
E9vMd75UB2be,4,easy,1,11640,Similarity Measures
E9vMd75UB2be,5,medium,1,23699,Similarity Measures
E9vMd75UB2be,6,easy,0,19416,Time Series Data
E9vMd75UB2be,7,easy,1,16936,Data Types
E9vMd75UB2be,8,easy,1,11640,Data Types
E9vMd75UB2be,9,easy,1,14978,Similarity Measures
E9vMd75UB2be,10,easy,1,11640,Programming Tools (NumPy/Pandas)
E9vMd75UB2be,11,easy,1,11640,Programming Tools (NumPy/Pandas)
E9vMd75UB2be,12,easy,1,11640,Programming Tools (NumPy/Pandas)
E9vMd75UB2be,13,easy,1,14920,Programming Tools (NumPy/Pandas)
E9vMd75UB2be,14,medium,0,25721,Data Types
E9vMd75UB2be,15,medium,1,26497,Data Types
E9vMd75UB2be,16,easy,1,25381,Data Types
E9vMd75UB2be,17,easy,0,22068,Data Types
E9vMd75UB2be,18,hard,1,26077,Unsupervised Learning
E9vMd75UB2be,19,easy,1,14065,Unsupervised Learning
E9vMd75UB2be,20,hard,0,21701,Data Types
E9vMd75UB2be,21,hard,0,19854,Data Mining Tasks
E9vMd75UB2be,22,easy,1,11640,Data Types
E9vMd75UB2be,23,hard,1,28122,Unsupervised Learning
E9vMd75UB2be,24,hard,0,18884,Data Types
E9vMd75UB2be,25,hard,0,24750,Unsupervised Learning
E9vMd75UB2be,26,hard,0,26368,Data Types
E9vMd75UB2be,27,easy,1,16929,Data Preprocessing
E9vMd75UB2be,28,medium,1,22637,Scaling & Normalization
E9vMd75UB2be,29,easy,1,11640,Scaling & Normalization
E9vMd75UB2be,30,easy,1,9835,Data Preprocessing
dF0r7wVjsLSV,1,hard,0,24649,Data Mining Tasks
dF0r7wVjsLSV,2,easy,1,8227,Similarity Measures
dF0r7wVjsLSV,3,easy,1,14913,Similarity Measures
dF0r7wVjsLSV,4,easy,1,11553,Similarity Measures
dF0r7wVjsLSV,5,medium,0,23820,Similarity Measures
dF0r7wVjsLSV,6,easy,1,18315,Time Series Data
dF0r7wVjsLSV,7,easy,1,16809,Data Types
dF0r7wVjsLSV,8,easy,1,11553,Data Types
dF0r7wVjsLSV,9,easy,1,14866,Similarity Measures
dF0r7wVjsLSV,10,easy,1,11553,Programming Tools (NumPy/Pandas)
dF0r7wVjsLSV,11,easy,1,11553,Programming Tools (NumPy/Pandas)
dF0r7wVjsLSV,12,easy,1,11553,Programming Tools (NumPy/Pandas)
dF0r7wVjsLSV,13,easy,1,14913,Programming Tools (NumPy/Pandas)
dF0r7wVjsLSV,14,medium,0,25583,Data Types
dF0r7wVjsLSV,15,medium,0,25133,Data Types
dF0r7wVjsLSV,16,easy,0,26384,Data Types
dF0r7wVjsLSV,17,easy,0,21647,Data Types
dF0r7wVjsLSV,18,hard,0,20438,Unsupervised Learning
dF0r7wVjsLSV,19,easy,0,15349,Unsupervised Learning
dF0r7wVjsLSV,20,hard,0,21004,Data Types
dF0r7wVjsLSV,21,hard,0,19216,Data Mining Tasks
dF0r7wVjsLSV,22,easy,1,11553,Data Types
dF0r7wVjsLSV,23,hard,0,22975,Unsupervised Learning
dF0r7wVjsLSV,24,hard,0,18278,Data Types
dF0r7wVjsLSV,25,hard,0,24818,Unsupervised Learning
dF0r7wVjsLSV,26,hard,0,26441,Data Types
dF0r7wVjsLSV,27,easy,0,18297,Data Preprocessing
dF0r7wVjsLSV,28,medium,1,22521,Scaling & Normalization
dF0r7wVjsLSV,29,easy,1,11553,Scaling & Normalization
dF0r7wVjsLSV,30,easy,1,9762,Data Preprocessing
0Hpj01paAdfZ,1,hard,0,24498,Data Mining Tasks
0Hpj01paAdfZ,2,easy,1,8227,Similarity Measures
0Hpj01paAdfZ,3,easy,0,16523,Similarity Measures
0Hpj01paAdfZ,4,easy,1,11553,Similarity Measures
0Hpj01paAdfZ,5,medium,0,23674,Similarity Measures
0Hpj01paAdfZ,6,easy,0,19502,Time Series Data
0Hpj01paAdfZ,7,easy,0,18246,Data Types
0Hpj01paAdfZ,8,easy,1,11553,Data Types
0Hpj01paAdfZ,9,easy,1,14866,Similarity Measures
0Hpj01paAdfZ,10,easy,1,11553,Programming Tools (NumPy/Pandas)
0Hpj01paAdfZ,11,easy,1,11553,Programming Tools (NumPy/Pandas)
0Hpj01paAdfZ,12,easy,1,11553,Programming Tools (NumPy/Pandas)
0Hpj01paAdfZ,13,easy,1,14913,Programming Tools (NumPy/Pandas)
0Hpj01paAdfZ,14,medium,1,25959,Data Types
0Hpj01paAdfZ,15,medium,0,24979,Data Types
0Hpj01paAdfZ,16,easy,0,26223,Data Types
0Hpj01paAdfZ,17,easy,1,20772,Data Types
0Hpj01paAdfZ,18,hard,0,20312,Unsupervised Learning
0Hpj01paAdfZ,19,easy,0,15255,Unsupervised Learning
0Hpj01paAdfZ,20,hard,0,20875,Data Types
0Hpj01paAdfZ,21,hard,0,19099,Data Mining Tasks
0Hpj01paAdfZ,22,easy,1,11553,Data Types
0Hpj01paAdfZ,23,hard,0,22835,Unsupervised Learning
0Hpj01paAdfZ,24,hard,0,18166,Data Types
0Hpj01paAdfZ,25,hard,0,24666,Unsupervised Learning
0Hpj01paAdfZ,26,hard,0,26279,Data Types
0Hpj01paAdfZ,27,easy,0,18185,Data Preprocessing
0Hpj01paAdfZ,28,medium,1,22521,Scaling & Normalization
0Hpj01paAdfZ,29,easy,1,11553,Scaling & Normalization
0Hpj01paAdfZ,30,easy,1,9762,Data Preprocessing
yKhvr1tKGpJF,1,hard,1,31276,Data Mining Tasks
yKhvr1tKGpJF,2,easy,1,10498,Similarity Measures
yKhvr1tKGpJF,3,easy,1,16368,Similarity Measures
yKhvr1tKGpJF,4,easy,1,14818,Similarity Measures
yKhvr1tKGpJF,5,medium,1,29308,Similarity Measures
yKhvr1tKGpJF,6,easy,0,27206,Time Series Data
yKhvr1tKGpJF,7,easy,1,17952,Data Types
yKhvr1tKGpJF,8,easy,1,14818,Data Types
yKhvr1tKGpJF,9,easy,1,15911,Similarity Measures
yKhvr1tKGpJF,10,easy,1,14818,Programming Tools (NumPy/Pandas)
yKhvr1tKGpJF,11,easy,1,14818,Programming Tools (NumPy/Pandas)
yKhvr1tKGpJF,12,easy,1,14818,Programming Tools (NumPy/Pandas)
yKhvr1tKGpJF,13,easy,1,16368,Programming Tools (NumPy/Pandas)
yKhvr1tKGpJF,14,medium,0,37843,Data Types
yKhvr1tKGpJF,15,medium,1,31187,Data Types
yKhvr1tKGpJF,16,easy,1,30387,Data Types
yKhvr1tKGpJF,17,easy,0,29897,Data Types
yKhvr1tKGpJF,18,hard,0,21605,Unsupervised Learning
yKhvr1tKGpJF,19,easy,0,21374,Unsupervised Learning
yKhvr1tKGpJF,20,hard,0,24952,Data Types
yKhvr1tKGpJF,21,hard,0,21236,Data Mining Tasks
yKhvr1tKGpJF,22,easy,1,14818,Data Types
yKhvr1tKGpJF,23,hard,0,24591,Unsupervised Learning
yKhvr1tKGpJF,24,hard,0,20718,Data Types
yKhvr1tKGpJF,25,hard,0,31374,Unsupervised Learning
yKhvr1tKGpJF,26,hard,0,35271,Data Types
yKhvr1tKGpJF,27,easy,1,18851,Data Preprocessing
yKhvr1tKGpJF,28,medium,0,35005,Scaling & Normalization
yKhvr1tKGpJF,29,easy,1,14818,Scaling & Normalization
yKhvr1tKGpJF,30,easy,1,13247,Data Preprocessing
5WCMaHHFn6WV,1,hard,0,28856,Data Mining Tasks
5WCMaHHFn6WV,2,easy,1,10295,Similarity Measures
5WCMaHHFn6WV,3,easy,1,15884,Similarity Measures
5WCMaHHFn6WV,4,easy,1,14532,Similarity Measures
5WCMaHHFn6WV,5,medium,1,25520,Similarity Measures
5WCMaHHFn6WV,6,easy,1,18741,Time Series Data
5WCMaHHFn6WV,7,easy,1,17210,Data Types
5WCMaHHFn6WV,8,easy,1,14532,Data Types
5WCMaHHFn6WV,9,easy,1,15417,Similarity Measures
5WCMaHHFn6WV,10,easy,1,14532,Programming Tools (NumPy/Pandas)
5WCMaHHFn6WV,11,easy,1,14532,Programming Tools (NumPy/Pandas)
5WCMaHHFn6WV,12,easy,1,14532,Programming Tools (NumPy/Pandas)
5WCMaHHFn6WV,13,easy,1,15884,Programming Tools (NumPy/Pandas)
5WCMaHHFn6WV,14,medium,1,28270,Data Types
5WCMaHHFn6WV,15,medium,1,28432,Data Types
5WCMaHHFn6WV,16,easy,1,26459,Data Types
5WCMaHHFn6WV,17,easy,1,21501,Data Types
5WCMaHHFn6WV,18,hard,0,24222,Unsupervised Learning
5WCMaHHFn6WV,19,easy,1,14764,Unsupervised Learning
5WCMaHHFn6WV,20,hard,1,34070,Data Types
5WCMaHHFn6WV,21,hard,0,23808,Data Mining Tasks
5WCMaHHFn6WV,22,easy,1,14532,Data Types
5WCMaHHFn6WV,23,hard,0,27154,Unsupervised Learning
5WCMaHHFn6WV,24,hard,0,23227,Data Types
5WCMaHHFn6WV,25,hard,1,29228,Unsupervised Learning
5WCMaHHFn6WV,26,hard,0,32662,Data Types
5WCMaHHFn6WV,27,easy,1,18294,Data Preprocessing
5WCMaHHFn6WV,28,medium,1,23992,Scaling & Normalization
5WCMaHHFn6WV,29,easy,1,14532,Scaling & Normalization
5WCMaHHFn6WV,30,easy,1,12991,Data Preprocessing
RZdtks4i4HNy,1,hard,1,26395,Data Mining Tasks
RZdtks4i4HNy,2,easy,1,8227,Similarity Measures
RZdtks4i4HNy,3,easy,1,14913,Similarity Measures
RZdtks4i4HNy,4,easy,1,11553,Similarity Measures
RZdtks4i4HNy,5,medium,1,23577,Similarity Measures
RZdtks4i4HNy,6,easy,1,18315,Time Series Data
RZdtks4i4HNy,7,easy,1,16809,Data Types
RZdtks4i4HNy,8,easy,1,11553,Data Types
RZdtks4i4HNy,9,easy,1,14866,Similarity Measures
RZdtks4i4HNy,10,easy,1,11553,Programming Tools (NumPy/Pandas)
RZdtks4i4HNy,11,easy,1,11553,Programming Tools (NumPy/Pandas)
RZdtks4i4HNy,12,easy,1,11553,Programming Tools (NumPy/Pandas)
RZdtks4i4HNy,13,easy,0,16523,Programming Tools (NumPy/Pandas)
RZdtks4i4HNy,14,medium,0,25427,Data Types
RZdtks4i4HNy,15,medium,0,24979,Data Types
RZdtks4i4HNy,16,easy,0,26223,Data Types
RZdtks4i4HNy,17,easy,1,20772,Data Types
RZdtks4i4HNy,18,hard,0,20312,Unsupervised Learning
RZdtks4i4HNy,19,easy,1,13960,Unsupervised Learning
RZdtks4i4HNy,20,hard,0,20875,Data Types
RZdtks4i4HNy,21,hard,0,19099,Data Mining Tasks
RZdtks4i4HNy,22,easy,1,11553,Data Types
RZdtks4i4HNy,23,hard,0,22835,Unsupervised Learning
RZdtks4i4HNy,24,hard,0,18166,Data Types
RZdtks4i4HNy,25,hard,0,24666,Unsupervised Learning
RZdtks4i4HNy,26,hard,0,26279,Data Types
RZdtks4i4HNy,27,easy,1,16803,Data Preprocessing
RZdtks4i4HNy,28,medium,0,23460,Scaling & Normalization
RZdtks4i4HNy,29,easy,1,11553,Scaling & Normalization
RZdtks4i4HNy,30,easy,1,9762,Data Preprocessing
St7VKJfT2MTq,1,hard,0,25627,Data Mining Tasks
St7VKJfT2MTq,2,easy,1,9328,Similarity Measures
St7VKJfT2MTq,3,easy,1,14857,Similarity Measures
St7VKJfT2MTq,4,easy,1,13036,Similarity Measures
St7VKJfT2MTq,5,medium,1,22584,Similarity Measures
St7VKJfT2MTq,6,easy,0,21474,Time Series Data
St7VKJfT2MTq,7,easy,1,16555,Data Types
St7VKJfT2MTq,8,easy,1,13036,Data Types
St7VKJfT2MTq,9,easy,1,14623,Similarity Measures
St7VKJfT2MTq,10,easy,1,13036,Programming Tools (NumPy/Pandas)
St7VKJfT2MTq,11,easy,1,13036,Programming Tools (NumPy/Pandas)
St7VKJfT2MTq,12,easy,1,13036,Programming Tools (NumPy/Pandas)
St7VKJfT2MTq,13,easy,1,14857,Programming Tools (NumPy/Pandas)
St7VKJfT2MTq,14,medium,0,26625,Data Types
St7VKJfT2MTq,15,medium,1,25495,Data Types
St7VKJfT2MTq,16,easy,1,24533,Data Types
St7VKJfT2MTq,17,easy,0,23322,Data Types
St7VKJfT2MTq,18,hard,0,24428,Unsupervised Learning
St7VKJfT2MTq,19,easy,1,13956,Unsupervised Learning
St7VKJfT2MTq,20,hard,0,23041,Data Types
St7VKJfT2MTq,21,hard,0,22615,Data Mining Tasks
St7VKJfT2MTq,22,easy,1,13036,Data Types
St7VKJfT2MTq,23,hard,1,25745,Unsupervised Learning
St7VKJfT2MTq,24,hard,0,23157,Data Types
St7VKJfT2MTq,25,hard,0,25803,Unsupervised Learning
St7VKJfT2MTq,26,hard,0,27495,Data Types
St7VKJfT2MTq,27,easy,1,17111,Data Preprocessing
St7VKJfT2MTq,28,medium,1,21573,Scaling & Normalization
St7VKJfT2MTq,29,easy,1,13036,Scaling & Normalization
St7VKJfT2MTq,30,easy,1,11771,Data Preprocessing
jkDHRLkdOO06,1,hard,0,28856,Data Mining Tasks
jkDHRLkdOO06,2,easy,1,10295,Similarity Measures
jkDHRLkdOO06,3,easy,1,15884,Similarity Measures
jkDHRLkdOO06,4,easy,1,14532,Similarity Measures
jkDHRLkdOO06,5,medium,1,25520,Similarity Measures
jkDHRLkdOO06,6,easy,1,18741,Time Series Data
jkDHRLkdOO06,7,easy,1,17210,Data Types
jkDHRLkdOO06,8,easy,1,14532,Data Types
jkDHRLkdOO06,9,easy,0,21759,Similarity Measures
jkDHRLkdOO06,10,easy,1,14532,Programming Tools (NumPy/Pandas)
jkDHRLkdOO06,11,easy,1,14532,Programming Tools (NumPy/Pandas)
jkDHRLkdOO06,12,easy,1,14532,Programming Tools (NumPy/Pandas)
jkDHRLkdOO06,13,easy,1,15884,Programming Tools (NumPy/Pandas)
jkDHRLkdOO06,14,medium,0,32949,Data Types
jkDHRLkdOO06,15,medium,0,32807,Data Types
jkDHRLkdOO06,16,easy,1,26459,Data Types
jkDHRLkdOO06,17,easy,0,26030,Data Types
jkDHRLkdOO06,18,hard,0,24222,Unsupervised Learning
jkDHRLkdOO06,19,easy,1,14764,Unsupervised Learning
jkDHRLkdOO06,20,hard,0,27974,Data Types
jkDHRLkdOO06,21,hard,0,23808,Data Mining Tasks
jkDHRLkdOO06,22,easy,1,14532,Data Types
jkDHRLkdOO06,23,hard,0,27154,Unsupervised Learning
jkDHRLkdOO06,24,hard,0,23227,Data Types
jkDHRLkdOO06,25,hard,0,29054,Unsupervised Learning
jkDHRLkdOO06,26,hard,0,32662,Data Types
jkDHRLkdOO06,27,easy,1,18294,Data Preprocessing
jkDHRLkdOO06,28,medium,1,23992,Scaling & Normalization
jkDHRLkdOO06,29,easy,1,14532,Scaling & Normalization
jkDHRLkdOO06,30,easy,1,12991,Data Preprocessing
P76XnTmOjZzU,1,hard,0,30533,Data Mining Tasks
P76XnTmOjZzU,2,easy,1,11094,Similarity Measures
P76XnTmOjZzU,3,easy,1,17117,Similarity Measures
P76XnTmOjZzU,4,easy,1,15659,Similarity Measures
P76XnTmOjZzU,5,medium,1,27500,Similarity Measures
P76XnTmOjZzU,6,easy,1,20195,Time Series Data
P76XnTmOjZzU,7,easy,1,18546,Data Types
P76XnTmOjZzU,8,easy,1,15659,Data Types
P76XnTmOjZzU,9,easy,0,23023,Similarity Measures
P76XnTmOjZzU,10,easy,1,15659,Programming Tools (NumPy/Pandas)
P76XnTmOjZzU,11,easy,1,15659,Programming Tools (NumPy/Pandas)
P76XnTmOjZzU,12,easy,1,15659,Programming Tools (NumPy/Pandas)
P76XnTmOjZzU,13,easy,1,17117,Programming Tools (NumPy/Pandas)
P76XnTmOjZzU,14,medium,0,34863,Data Types
P76XnTmOjZzU,15,medium,0,34713,Data Types
P76XnTmOjZzU,16,easy,1,28512,Data Types
P76XnTmOjZzU,17,easy,0,27542,Data Types
P76XnTmOjZzU,18,hard,0,25873,Unsupervised Learning
P76XnTmOjZzU,19,easy,1,15909,Unsupervised Learning
P76XnTmOjZzU,20,hard,0,29881,Data Types
P76XnTmOjZzU,21,hard,0,25431,Data Mining Tasks
P76XnTmOjZzU,22,easy,1,15659,Data Types
P76XnTmOjZzU,23,hard,0,28731,Unsupervised Learning
P76XnTmOjZzU,24,hard,0,24810,Data Types
P76XnTmOjZzU,25,hard,0,30742,Unsupervised Learning
P76XnTmOjZzU,26,hard,0,34560,Data Types
P76XnTmOjZzU,27,easy,1,19714,Data Preprocessing
P76XnTmOjZzU,28,medium,1,25853,Scaling & Normalization
P76XnTmOjZzU,29,easy,1,15659,Scaling & Normalization
P76XnTmOjZzU,30,easy,1,13999,Data Preprocessing
SpXSTCkMzPni,1,hard,1,29493,Data Mining Tasks
SpXSTCkMzPni,2,easy,1,10483,Similarity Measures
SpXSTCkMzPni,3,easy,1,16173,Similarity Measures
SpXSTCkMzPni,4,easy,1,14796,Similarity Measures
SpXSTCkMzPni,5,medium,1,25985,Similarity Measures
SpXSTCkMzPni,6,easy,1,19082,Time Series Data
SpXSTCkMzPni,7,easy,1,17524,Data Types
SpXSTCkMzPni,8,easy,1,14796,Data Types
SpXSTCkMzPni,9,easy,1,15531,Similarity Measures
SpXSTCkMzPni,10,easy,1,14796,Programming Tools (NumPy/Pandas)
SpXSTCkMzPni,11,easy,1,14796,Programming Tools (NumPy/Pandas)
SpXSTCkMzPni,12,easy,1,14796,Programming Tools (NumPy/Pandas)
SpXSTCkMzPni,13,easy,1,16173,Programming Tools (NumPy/Pandas)
SpXSTCkMzPni,14,medium,1,28784,Data Types
SpXSTCkMzPni,15,medium,1,28950,Data Types
SpXSTCkMzPni,16,easy,1,26941,Data Types
SpXSTCkMzPni,17,easy,1,21893,Data Types
SpXSTCkMzPni,18,hard,0,24899,Unsupervised Learning
SpXSTCkMzPni,19,easy,1,15033,Unsupervised Learning
SpXSTCkMzPni,20,hard,0,28757,Data Types
SpXSTCkMzPni,21,hard,0,24474,Data Mining Tasks
SpXSTCkMzPni,22,easy,1,14796,Data Types
SpXSTCkMzPni,23,hard,0,27651,Unsupervised Learning
SpXSTCkMzPni,24,hard,0,23877,Data Types
SpXSTCkMzPni,25,hard,1,29396,Unsupervised Learning
SpXSTCkMzPni,26,hard,1,33047,Data Types
SpXSTCkMzPni,27,easy,1,18627,Data Preprocessing
SpXSTCkMzPni,28,medium,1,24428,Scaling & Normalization
SpXSTCkMzPni,29,easy,1,14796,Scaling & Normalization
SpXSTCkMzPni,30,easy,1,13228,Data Preprocessing
VTLAbK1PHg7B,1,hard,0,27963,Data Mining Tasks
VTLAbK1PHg7B,2,easy,1,9844,Similarity Measures
VTLAbK1PHg7B,3,easy,1,16106,Similarity Measures
VTLAbK1PHg7B,4,easy,1,14036,Similarity Measures
VTLAbK1PHg7B,5,medium,0,27162,Similarity Measures
VTLAbK1PHg7B,6,easy,1,19218,Time Series Data
VTLAbK1PHg7B,7,easy,0,21868,Data Types
VTLAbK1PHg7B,8,easy,1,14036,Data Types
VTLAbK1PHg7B,9,easy,1,15916,Similarity Measures
VTLAbK1PHg7B,10,easy,1,14036,Programming Tools (NumPy/Pandas)
VTLAbK1PHg7B,11,easy,1,14036,Programming Tools (NumPy/Pandas)
VTLAbK1PHg7B,12,easy,1,14036,Programming Tools (NumPy/Pandas)
VTLAbK1PHg7B,13,easy,1,16106,Programming Tools (NumPy/Pandas)
VTLAbK1PHg7B,14,medium,1,28177,Data Types
VTLAbK1PHg7B,15,medium,0,28926,Data Types
VTLAbK1PHg7B,16,easy,1,26432,Data Types
VTLAbK1PHg7B,17,easy,1,22063,Data Types
VTLAbK1PHg7B,18,hard,0,28346,Unsupervised Learning
VTLAbK1PHg7B,19,easy,1,14925,Unsupervised Learning
VTLAbK1PHg7B,20,hard,0,25136,Data Types
VTLAbK1PHg7B,21,hard,0,25048,Data Mining Tasks
VTLAbK1PHg7B,22,easy,1,14036,Data Types
VTLAbK1PHg7B,23,hard,0,26540,Unsupervised Learning
VTLAbK1PHg7B,24,hard,0,25522,Data Types
VTLAbK1PHg7B,25,hard,0,28154,Unsupervised Learning
VTLAbK1PHg7B,26,hard,0,29995,Data Types
VTLAbK1PHg7B,27,easy,1,18275,Data Preprocessing
VTLAbK1PHg7B,28,medium,1,24211,Scaling & Normalization
VTLAbK1PHg7B,29,easy,1,14036,Scaling & Normalization
VTLAbK1PHg7B,30,easy,1,12329,Data Preprocessing
B0dezLVzpGHZ,1,hard,1,22400,Data Mining Tasks
B0dezLVzpGHZ,2,easy,1,7500,Similarity Measures
B0dezLVzpGHZ,3,easy,0,15496,Similarity Measures
B0dezLVzpGHZ,4,easy,1,10621,Similarity Measures
B0dezLVzpGHZ,5,medium,1,19486,Similarity Measures
B0dezLVzpGHZ,6,easy,1,15826,Time Series Data
B0dezLVzpGHZ,7,easy,1,14620,Data Types
B0dezLVzpGHZ,8,easy,1,10621,Data Types
B0dezLVzpGHZ,9,easy,1,12826,Similarity Measures
B0dezLVzpGHZ,10,easy,1,10621,Programming Tools (NumPy/Pandas)
B0dezLVzpGHZ,11,easy,1,10621,Programming Tools (NumPy/Pandas)
B0dezLVzpGHZ,12,easy,1,10621,Programming Tools (NumPy/Pandas)
B0dezLVzpGHZ,13,easy,1,12642,Programming Tools (NumPy/Pandas)
B0dezLVzpGHZ,14,medium,0,23138,Data Types
B0dezLVzpGHZ,15,medium,1,22157,Data Types
B0dezLVzpGHZ,16,easy,1,21767,Data Types
B0dezLVzpGHZ,17,easy,1,17911,Data Types
B0dezLVzpGHZ,18,hard,0,20653,Unsupervised Learning
B0dezLVzpGHZ,19,easy,1,11993,Unsupervised Learning
B0dezLVzpGHZ,20,hard,0,19480,Data Types
B0dezLVzpGHZ,21,hard,0,19120,Data Mining Tasks
B0dezLVzpGHZ,22,easy,1,10621,Data Types
B0dezLVzpGHZ,23,hard,1,21766,Unsupervised Learning
B0dezLVzpGHZ,24,hard,0,19188,Data Types
B0dezLVzpGHZ,25,hard,1,21720,Unsupervised Learning
B0dezLVzpGHZ,26,hard,0,23245,Data Types
B0dezLVzpGHZ,27,easy,1,14560,Data Preprocessing
B0dezLVzpGHZ,28,medium,1,18614,Scaling & Normalization
B0dezLVzpGHZ,29,easy,1,10621,Scaling & Normalization
B0dezLVzpGHZ,30,easy,1,9393,Data Preprocessing
cCanr1FJP4WP,1,hard,0,28856,Data Mining Tasks
cCanr1FJP4WP,2,easy,1,10295,Similarity Measures
cCanr1FJP4WP,3,easy,1,15884,Similarity Measures
cCanr1FJP4WP,4,easy,1,14532,Similarity Measures
cCanr1FJP4WP,5,medium,1,25520,Similarity Measures
cCanr1FJP4WP,6,easy,1,18741,Time Series Data
cCanr1FJP4WP,7,easy,1,17210,Data Types
cCanr1FJP4WP,8,easy,1,14532,Data Types
cCanr1FJP4WP,9,easy,0,21759,Similarity Measures
cCanr1FJP4WP,10,easy,1,14532,Programming Tools (NumPy/Pandas)
cCanr1FJP4WP,11,easy,1,14532,Programming Tools (NumPy/Pandas)
cCanr1FJP4WP,12,easy,1,14532,Programming Tools (NumPy/Pandas)
cCanr1FJP4WP,13,easy,1,15884,Programming Tools (NumPy/Pandas)
cCanr1FJP4WP,14,medium,0,32949,Data Types
cCanr1FJP4WP,15,medium,0,32807,Data Types
cCanr1FJP4WP,16,easy,1,26459,Data Types
cCanr1FJP4WP,17,easy,0,26030,Data Types
cCanr1FJP4WP,18,hard,0,24222,Unsupervised Learning
cCanr1FJP4WP,19,easy,1,14764,Unsupervised Learning
cCanr1FJP4WP,20,hard,0,27974,Data Types
cCanr1FJP4WP,21,hard,0,23808,Data Mining Tasks
cCanr1FJP4WP,22,easy,1,14532,Data Types
cCanr1FJP4WP,23,hard,0,27154,Unsupervised Learning
cCanr1FJP4WP,24,hard,0,23227,Data Types
cCanr1FJP4WP,25,hard,0,29054,Unsupervised Learning
cCanr1FJP4WP,26,hard,0,32662,Data Types
cCanr1FJP4WP,27,easy,1,18294,Data Preprocessing
cCanr1FJP4WP,28,medium,1,23992,Scaling & Normalization
cCanr1FJP4WP,29,easy,1,14532,Scaling & Normalization
cCanr1FJP4WP,30,easy,1,12991,Data Preprocessing
0rzpTGhVxVJU,1,hard,0,24649,Data Mining Tasks
0rzpTGhVxVJU,2,easy,1,8227,Similarity Measures
0rzpTGhVxVJU,3,easy,1,14913,Similarity Measures
0rzpTGhVxVJU,4,easy,1,11553,Similarity Measures
0rzpTGhVxVJU,5,medium,1,23577,Similarity Measures
0rzpTGhVxVJU,6,easy,1,18315,Time Series Data
0rzpTGhVxVJU,7,easy,0,18359,Data Types
0rzpTGhVxVJU,8,easy,1,11553,Data Types
0rzpTGhVxVJU,9,easy,0,17071,Similarity Measures
0rzpTGhVxVJU,10,easy,1,11553,Programming Tools (NumPy/Pandas)
0rzpTGhVxVJU,11,easy,1,11553,Programming Tools (NumPy/Pandas)
0rzpTGhVxVJU,12,easy,1,11553,Programming Tools (NumPy/Pandas)
0rzpTGhVxVJU,13,easy,1,14913,Programming Tools (NumPy/Pandas)
0rzpTGhVxVJU,14,medium,1,25959,Data Types
0rzpTGhVxVJU,15,medium,0,25133,Data Types
0rzpTGhVxVJU,16,easy,1,25058,Data Types
0rzpTGhVxVJU,17,easy,1,20772,Data Types
0rzpTGhVxVJU,18,hard,0,20438,Unsupervised Learning
0rzpTGhVxVJU,19,easy,1,13960,Unsupervised Learning
0rzpTGhVxVJU,20,hard,0,21004,Data Types
0rzpTGhVxVJU,21,hard,0,19216,Data Mining Tasks
0rzpTGhVxVJU,22,easy,1,11553,Data Types
0rzpTGhVxVJU,23,hard,0,22975,Unsupervised Learning
0rzpTGhVxVJU,24,hard,1,23553,Data Types
0rzpTGhVxVJU,25,hard,0,24818,Unsupervised Learning
0rzpTGhVxVJU,26,hard,1,28028,Data Types
0rzpTGhVxVJU,27,easy,1,16803,Data Preprocessing
0rzpTGhVxVJU,28,medium,1,22521,Scaling & Normalization
0rzpTGhVxVJU,29,easy,1,11553,Scaling & Normalization
0rzpTGhVxVJU,30,easy,1,9762,Data Preprocessing
oXHAAQD8R9lF,1,hard,0,25466,Data Mining Tasks
oXHAAQD8R9lF,2,easy,1,10785,Similarity Measures
oXHAAQD8R9lF,3,easy,1,19330,Similarity Measures
oXHAAQD8R9lF,4,easy,1,15145,Similarity Measures
oXHAAQD8R9lF,5,medium,1,23940,Similarity Measures
oXHAAQD8R9lF,6,easy,0,20415,Time Series Data
oXHAAQD8R9lF,7,easy,1,18159,Data Types
oXHAAQD8R9lF,8,easy,1,15145,Data Types
oXHAAQD8R9lF,9,easy,1,16060,Similarity Measures
oXHAAQD8R9lF,10,easy,1,15145,Programming Tools (NumPy/Pandas)
oXHAAQD8R9lF,11,easy,1,15145,Programming Tools (NumPy/Pandas)
oXHAAQD8R9lF,12,easy,1,15145,Programming Tools (NumPy/Pandas)
oXHAAQD8R9lF,13,easy,1,19330,Programming Tools (NumPy/Pandas)
oXHAAQD8R9lF,14,medium,1,26358,Data Types
oXHAAQD8R9lF,15,medium,0,25948,Data Types
oXHAAQD8R9lF,16,easy,1,25569,Data Types
oXHAAQD8R9lF,17,easy,1,21195,Data Types
oXHAAQD8R9lF,18,hard,0,21115,Unsupervised Learning
oXHAAQD8R9lF,19,easy,1,18095,Unsupervised Learning
oXHAAQD8R9lF,20,hard,0,21700,Data Types
oXHAAQD8R9lF,21,hard,0,19853,Data Mining Tasks
oXHAAQD8R9lF,22,easy,1,15145,Data Types
oXHAAQD8R9lF,23,hard,0,23737,Unsupervised Learning
oXHAAQD8R9lF,24,hard,0,18883,Data Types
oXHAAQD8R9lF,25,hard,0,25640,Unsupervised Learning
oXHAAQD8R9lF,26,hard,0,27317,Data Types
oXHAAQD8R9lF,27,easy,1,21780,Data Preprocessing
oXHAAQD8R9lF,28,medium,0,24370,Scaling & Normalization
oXHAAQD8R9lF,29,easy,1,15145,Scaling & Normalization
oXHAAQD8R9lF,30,easy,1,12797,Data Preprocessing
AgiWXtLnmm9y,1,hard,0,22271,Data Mining Tasks
AgiWXtLnmm9y,2,easy,1,7500,Similarity Measures
AgiWXtLnmm9y,3,easy,1,12642,Similarity Measures
AgiWXtLnmm9y,4,easy,1,10621,Similarity Measures
AgiWXtLnmm9y,5,medium,0,21661,Similarity Measures
AgiWXtLnmm9y,6,easy,1,15826,Time Series Data
AgiWXtLnmm9y,7,easy,1,14620,Data Types
AgiWXtLnmm9y,8,easy,1,10621,Data Types
AgiWXtLnmm9y,9,easy,1,12826,Similarity Measures
AgiWXtLnmm9y,10,easy,1,10621,Programming Tools (NumPy/Pandas)
AgiWXtLnmm9y,11,easy,1,10621,Programming Tools (NumPy/Pandas)
AgiWXtLnmm9y,12,easy,1,10621,Programming Tools (NumPy/Pandas)
AgiWXtLnmm9y,13,easy,1,12642,Programming Tools (NumPy/Pandas)
AgiWXtLnmm9y,14,medium,0,23138,Data Types
AgiWXtLnmm9y,15,medium,1,22157,Data Types
AgiWXtLnmm9y,16,easy,1,21767,Data Types
AgiWXtLnmm9y,17,easy,1,17911,Data Types
AgiWXtLnmm9y,18,hard,0,20653,Unsupervised Learning
AgiWXtLnmm9y,19,easy,1,11993,Unsupervised Learning
AgiWXtLnmm9y,20,hard,0,19480,Data Types
AgiWXtLnmm9y,21,hard,0,19120,Data Mining Tasks
AgiWXtLnmm9y,22,easy,1,10621,Data Types
AgiWXtLnmm9y,23,hard,0,20568,Unsupervised Learning
AgiWXtLnmm9y,24,hard,0,19188,Data Types
AgiWXtLnmm9y,25,hard,0,21815,Unsupervised Learning
AgiWXtLnmm9y,26,hard,0,23245,Data Types
AgiWXtLnmm9y,27,easy,1,14560,Data Preprocessing
AgiWXtLnmm9y,28,medium,1,18614,Scaling & Normalization
AgiWXtLnmm9y,29,easy,1,10621,Scaling & Normalization
AgiWXtLnmm9y,30,easy,1,9393,Data Preprocessing
pMrOo2QfC0Kp,1,hard,0,25154,Data Mining Tasks
pMrOo2QfC0Kp,2,easy,1,8385,Similarity Measures
pMrOo2QfC0Kp,3,easy,1,14134,Similarity Measures
pMrOo2QfC0Kp,4,easy,1,11875,Similarity Measures
pMrOo2QfC0Kp,5,medium,0,24642,Similarity Measures
pMrOo2QfC0Kp,6,easy,1,17508,Time Series Data
pMrOo2QfC0Kp,7,easy,1,16250,Data Types
pMrOo2QfC0Kp,8,easy,1,11875,Data Types
pMrOo2QfC0Kp,9,easy,1,14256,Similarity Measures
pMrOo2QfC0Kp,10,easy,1,11875,Programming Tools (NumPy/Pandas)
pMrOo2QfC0Kp,11,easy,1,11875,Programming Tools (NumPy/Pandas)
pMrOo2QfC0Kp,12,easy,1,11875,Programming Tools (NumPy/Pandas)
pMrOo2QfC0Kp,13,easy,1,14134,Programming Tools (NumPy/Pandas)
pMrOo2QfC0Kp,14,medium,0,26134,Data Types
pMrOo2QfC0Kp,15,medium,1,25025,Data Types
pMrOo2QfC0Kp,16,easy,1,24080,Data Types
pMrOo2QfC0Kp,17,easy,1,19964,Data Types
pMrOo2QfC0Kp,18,hard,0,23977,Unsupervised Learning
pMrOo2QfC0Kp,19,easy,1,13502,Unsupervised Learning
pMrOo2QfC0Kp,20,hard,0,22616,Data Types
pMrOo2QfC0Kp,21,hard,0,22198,Data Mining Tasks
pMrOo2QfC0Kp,22,easy,1,11875,Data Types
pMrOo2QfC0Kp,23,hard,0,23879,Unsupervised Learning
pMrOo2QfC0Kp,24,hard,0,22277,Data Types
pMrOo2QfC0Kp,25,hard,1,25217,Unsupervised Learning
pMrOo2QfC0Kp,26,hard,0,26987,Data Types
pMrOo2QfC0Kp,27,easy,1,16278,Data Preprocessing
pMrOo2QfC0Kp,28,medium,1,21175,Scaling & Normalization
pMrOo2QfC0Kp,29,easy,1,11875,Scaling & Normalization
pMrOo2QfC0Kp,30,easy,1,10581,Data Preprocessing
9eci54foOGc9,1,hard,0,29384,Data Mining Tasks
9eci54foOGc9,2,easy,1,10483,Similarity Measures
9eci54foOGc9,3,easy,1,16173,Similarity Measures
9eci54foOGc9,4,easy,1,14796,Similarity Measures
9eci54foOGc9,5,medium,1,25985,Similarity Measures
9eci54foOGc9,6,easy,1,19082,Time Series Data
9eci54foOGc9,7,easy,0,23479,Data Types
9eci54foOGc9,8,easy,1,14796,Data Types
9eci54foOGc9,9,easy,0,21922,Similarity Measures
9eci54foOGc9,10,easy,1,14796,Programming Tools (NumPy/Pandas)
9eci54foOGc9,11,easy,1,14796,Programming Tools (NumPy/Pandas)
9eci54foOGc9,12,easy,1,14796,Programming Tools (NumPy/Pandas)
9eci54foOGc9,13,easy,1,16173,Programming Tools (NumPy/Pandas)
9eci54foOGc9,14,medium,1,28784,Data Types
9eci54foOGc9,15,medium,0,33408,Data Types
9eci54foOGc9,16,easy,1,26941,Data Types
9eci54foOGc9,17,easy,1,21893,Data Types
9eci54foOGc9,18,hard,0,24899,Unsupervised Learning
9eci54foOGc9,19,easy,1,15033,Unsupervised Learning
9eci54foOGc9,20,hard,1,33613,Data Types
9eci54foOGc9,21,hard,0,24474,Data Mining Tasks
9eci54foOGc9,22,easy,1,14796,Data Types
9eci54foOGc9,23,hard,1,31136,Unsupervised Learning
9eci54foOGc9,24,hard,1,27909,Data Types
9eci54foOGc9,25,hard,0,29585,Unsupervised Learning
9eci54foOGc9,26,hard,1,33047,Data Types
9eci54foOGc9,27,easy,1,18627,Data Preprocessing
9eci54foOGc9,28,medium,1,24428,Scaling & Normalization
9eci54foOGc9,29,easy,1,14796,Scaling & Normalization
9eci54foOGc9,30,easy,1,13228,Data Preprocessing
OLMmduueQtv7,1,hard,0,29384,Data Mining Tasks
OLMmduueQtv7,2,easy,1,10483,Similarity Measures
OLMmduueQtv7,3,easy,1,16173,Similarity Measures
OLMmduueQtv7,4,easy,1,14796,Similarity Measures
OLMmduueQtv7,5,medium,1,25985,Similarity Measures
OLMmduueQtv7,6,easy,1,19082,Time Series Data
OLMmduueQtv7,7,easy,0,23479,Data Types
OLMmduueQtv7,8,easy,1,14796,Data Types
OLMmduueQtv7,9,easy,0,21922,Similarity Measures
OLMmduueQtv7,10,easy,1,14796,Programming Tools (NumPy/Pandas)
OLMmduueQtv7,11,easy,1,14796,Programming Tools (NumPy/Pandas)
OLMmduueQtv7,12,easy,1,14796,Programming Tools (NumPy/Pandas)
OLMmduueQtv7,13,easy,1,16173,Programming Tools (NumPy/Pandas)
OLMmduueQtv7,14,medium,1,28784,Data Types
OLMmduueQtv7,15,medium,0,33408,Data Types
OLMmduueQtv7,16,easy,1,26941,Data Types
OLMmduueQtv7,17,easy,0,26506,Data Types
OLMmduueQtv7,18,hard,0,24899,Unsupervised Learning
OLMmduueQtv7,19,easy,1,15033,Unsupervised Learning
OLMmduueQtv7,20,hard,1,33613,Data Types
OLMmduueQtv7,21,hard,0,24474,Data Mining Tasks
OLMmduueQtv7,22,easy,1,14796,Data Types
OLMmduueQtv7,23,hard,1,31136,Unsupervised Learning
OLMmduueQtv7,24,hard,1,27909,Data Types
OLMmduueQtv7,25,hard,0,29585,Unsupervised Learning
OLMmduueQtv7,26,hard,1,33047,Data Types
OLMmduueQtv7,27,easy,1,18627,Data Preprocessing
OLMmduueQtv7,28,medium,1,24428,Scaling & Normalization
OLMmduueQtv7,29,easy,1,14796,Scaling & Normalization
OLMmduueQtv7,30,easy,1,13228,Data Preprocessing
2AQDG30NeIzY,1,hard,1,29846,Data Mining Tasks
2AQDG30NeIzY,2,easy,1,10220,Similarity Measures
2AQDG30NeIzY,3,easy,1,15768,Similarity Measures
2AQDG30NeIzY,4,easy,1,14428,Similarity Measures
2AQDG30NeIzY,5,medium,1,24768,Similarity Measures
2AQDG30NeIzY,6,easy,1,18210,Time Series Data
2AQDG30NeIzY,7,easy,1,16967,Data Types
2AQDG30NeIzY,8,easy,1,14428,Data Types
2AQDG30NeIzY,9,easy,1,15523,Similarity Measures
2AQDG30NeIzY,10,easy,1,14428,Programming Tools (NumPy/Pandas)
2AQDG30NeIzY,11,easy,1,14428,Programming Tools (NumPy/Pandas)
2AQDG30NeIzY,12,easy,1,14428,Programming Tools (NumPy/Pandas)
2AQDG30NeIzY,13,easy,1,15768,Programming Tools (NumPy/Pandas)
2AQDG30NeIzY,14,medium,1,27792,Data Types
2AQDG30NeIzY,15,medium,1,27960,Data Types
2AQDG30NeIzY,16,easy,1,25780,Data Types
2AQDG30NeIzY,17,easy,1,20849,Data Types
2AQDG30NeIzY,18,hard,0,30514,Unsupervised Learning
2AQDG30NeIzY,19,easy,1,14557,Unsupervised Learning
2AQDG30NeIzY,20,hard,0,31674,Data Types
2AQDG30NeIzY,21,hard,0,29993,Data Mining Tasks
2AQDG30NeIzY,22,easy,1,14428,Data Types
2AQDG30NeIzY,23,hard,0,31954,Unsupervised Learning
2AQDG30NeIzY,24,hard,0,29797,Data Types
2AQDG30NeIzY,25,hard,0,32022,Unsupervised Learning
2AQDG30NeIzY,26,hard,0,34354,Data Types
2AQDG30NeIzY,27,easy,1,18160,Data Preprocessing
2AQDG30NeIzY,28,medium,1,23285,Scaling & Normalization
2AQDG30NeIzY,29,easy,1,14428,Scaling & Normalization
2AQDG30NeIzY,30,easy,1,12896,Data Preprocessing
Lo0o6MK08TyI,1,hard,1,28547,Data Mining Tasks
Lo0o6MK08TyI,2,easy,1,10223,Similarity Measures
Lo0o6MK08TyI,3,easy,1,16004,Similarity Measures
Lo0o6MK08TyI,4,easy,1,14590,Similarity Measures
Lo0o6MK08TyI,5,medium,0,30354,Similarity Measures
Lo0o6MK08TyI,6,easy,1,18610,Time Series Data
Lo0o6MK08TyI,7,easy,1,17137,Data Types
Lo0o6MK08TyI,8,easy,1,14590,Data Types
Lo0o6MK08TyI,9,easy,0,21287,Similarity Measures
Lo0o6MK08TyI,10,easy,1,14590,Programming Tools (NumPy/Pandas)
Lo0o6MK08TyI,11,easy,1,14590,Programming Tools (NumPy/Pandas)
Lo0o6MK08TyI,12,easy,1,14590,Programming Tools (NumPy/Pandas)
Lo0o6MK08TyI,13,easy,1,16004,Programming Tools (NumPy/Pandas)
Lo0o6MK08TyI,14,medium,1,27861,Data Types
Lo0o6MK08TyI,15,medium,1,28021,Data Types
Lo0o6MK08TyI,16,easy,1,26274,Data Types
Lo0o6MK08TyI,17,easy,1,21351,Data Types
Lo0o6MK08TyI,18,hard,0,27864,Unsupervised Learning
Lo0o6MK08TyI,19,easy,1,14837,Unsupervised Learning
Lo0o6MK08TyI,20,hard,0,28860,Data Types
Lo0o6MK08TyI,21,hard,0,25796,Data Mining Tasks
Lo0o6MK08TyI,22,easy,1,14590,Data Types
Lo0o6MK08TyI,23,hard,0,27749,Unsupervised Learning
Lo0o6MK08TyI,24,hard,0,26414,Data Types
Lo0o6MK08TyI,25,hard,0,29496,Unsupervised Learning
Lo0o6MK08TyI,26,hard,0,31430,Data Types
Lo0o6MK08TyI,27,easy,0,24820,Data Preprocessing
Lo0o6MK08TyI,28,medium,0,29604,Scaling & Normalization
Lo0o6MK08TyI,29,easy,1,14590,Scaling & Normalization
Lo0o6MK08TyI,30,easy,1,12900,Data Preprocessing
RjR3B2X554Pn,1,hard,0,28388,Data Mining Tasks
RjR3B2X554Pn,2,easy,1,10088,Similarity Measures
RjR3B2X554Pn,3,easy,1,16900,Similarity Measures
RjR3B2X554Pn,4,easy,1,14332,Similarity Measures
RjR3B2X554Pn,5,medium,1,27219,Similarity Measures
RjR3B2X554Pn,6,easy,0,22695,Time Series Data
RjR3B2X554Pn,7,easy,1,19430,Data Types
RjR3B2X554Pn,8,easy,1,14332,Data Types
RjR3B2X554Pn,9,easy,1,17184,Similarity Measures
RjR3B2X554Pn,10,easy,1,14332,Programming Tools (NumPy/Pandas)
RjR3B2X554Pn,11,easy,1,14332,Programming Tools (NumPy/Pandas)
RjR3B2X554Pn,12,easy,1,14332,Programming Tools (NumPy/Pandas)
RjR3B2X554Pn,13,easy,0,18942,Programming Tools (NumPy/Pandas)
RjR3B2X554Pn,14,medium,0,29493,Data Types
RjR3B2X554Pn,15,medium,0,29366,Data Types
RjR3B2X554Pn,16,easy,0,29711,Data Types
RjR3B2X554Pn,17,easy,0,24759,Data Types
RjR3B2X554Pn,18,hard,0,28884,Unsupervised Learning
RjR3B2X554Pn,19,easy,0,18140,Unsupervised Learning
RjR3B2X554Pn,20,hard,0,26187,Data Types
RjR3B2X554Pn,21,hard,0,25750,Data Mining Tasks
RjR3B2X554Pn,22,easy,1,14332,Data Types
RjR3B2X554Pn,23,hard,0,27649,Unsupervised Learning
RjR3B2X554Pn,24,hard,0,26589,Data Types
RjR3B2X554Pn,25,hard,0,28582,Unsupervised Learning
RjR3B2X554Pn,26,hard,0,29953,Data Types
RjR3B2X554Pn,27,easy,1,19464,Data Preprocessing
RjR3B2X554Pn,28,medium,0,27325,Scaling & Normalization
RjR3B2X554Pn,29,easy,1,14332,Scaling & Normalization
RjR3B2X554Pn,30,easy,1,12635,Data Preprocessing
tE1MOwmVibN4,1,hard,0,27657,Data Mining Tasks
tE1MOwmVibN4,2,easy,1,8863,Similarity Measures
tE1MOwmVibN4,3,easy,1,14939,Similarity Measures
tE1MOwmVibN4,4,easy,1,12592,Similarity Measures
tE1MOwmVibN4,5,medium,0,26865,Similarity Measures
tE1MOwmVibN4,6,easy,1,18659,Time Series Data
tE1MOwmVibN4,7,easy,0,21261,Data Types
tE1MOwmVibN4,8,easy,1,12592,Data Types
tE1MOwmVibN4,9,easy,1,15190,Similarity Measures
tE1MOwmVibN4,10,easy,1,12592,Programming Tools (NumPy/Pandas)
tE1MOwmVibN4,11,easy,1,12592,Programming Tools (NumPy/Pandas)
tE1MOwmVibN4,12,easy,1,12592,Programming Tools (NumPy/Pandas)
tE1MOwmVibN4,13,easy,1,14939,Programming Tools (NumPy/Pandas)
tE1MOwmVibN4,14,medium,1,27358,Data Types
tE1MOwmVibN4,15,medium,0,28610,Data Types
tE1MOwmVibN4,16,easy,0,28946,Data Types
tE1MOwmVibN4,17,easy,1,21421,Data Types
tE1MOwmVibN4,18,hard,0,27795,Unsupervised Learning
tE1MOwmVibN4,19,easy,1,14245,Unsupervised Learning
tE1MOwmVibN4,20,hard,0,24865,Data Types
tE1MOwmVibN4,21,hard,0,24779,Data Mining Tasks
tE1MOwmVibN4,22,easy,1,12592,Data Types
tE1MOwmVibN4,23,hard,0,26254,Unsupervised Learning
tE1MOwmVibN4,24,hard,0,25248,Data Types
tE1MOwmVibN4,25,hard,0,27846,Unsupervised Learning
tE1MOwmVibN4,26,hard,0,29672,Data Types
tE1MOwmVibN4,27,easy,1,17206,Data Preprocessing
tE1MOwmVibN4,28,medium,0,26622,Scaling & Normalization
tE1MOwmVibN4,29,easy,1,12592,Scaling & Normalization
tE1MOwmVibN4,30,easy,1,11101,Data Preprocessing
oVyzGGgOFu4f,1,hard,0,30533,Data Mining Tasks
oVyzGGgOFu4f,2,easy,1,11094,Similarity Measures
oVyzGGgOFu4f,3,easy,1,17117,Similarity Measures
oVyzGGgOFu4f,4,easy,1,15659,Similarity Measures
oVyzGGgOFu4f,5,medium,1,27500,Similarity Measures
oVyzGGgOFu4f,6,easy,1,20195,Time Series Data
oVyzGGgOFu4f,7,easy,1,18546,Data Types
oVyzGGgOFu4f,8,easy,1,15659,Data Types
oVyzGGgOFu4f,9,easy,1,16613,Similarity Measures
oVyzGGgOFu4f,10,easy,1,15659,Programming Tools (NumPy/Pandas)
oVyzGGgOFu4f,11,easy,1,15659,Programming Tools (NumPy/Pandas)
oVyzGGgOFu4f,12,easy,1,15659,Programming Tools (NumPy/Pandas)
oVyzGGgOFu4f,13,easy,1,17117,Programming Tools (NumPy/Pandas)
oVyzGGgOFu4f,14,medium,1,30463,Data Types
oVyzGGgOFu4f,15,medium,1,30638,Data Types
oVyzGGgOFu4f,16,easy,1,28512,Data Types
oVyzGGgOFu4f,17,easy,1,23169,Data Types
oVyzGGgOFu4f,18,hard,0,25873,Unsupervised Learning
oVyzGGgOFu4f,19,easy,1,15909,Unsupervised Learning
oVyzGGgOFu4f,20,hard,0,29881,Data Types
oVyzGGgOFu4f,21,hard,0,25431,Data Mining Tasks
oVyzGGgOFu4f,22,easy,1,15659,Data Types
oVyzGGgOFu4f,23,hard,1,32952,Unsupervised Learning
oVyzGGgOFu4f,24,hard,0,24810,Data Types
oVyzGGgOFu4f,25,hard,1,31110,Unsupervised Learning
oVyzGGgOFu4f,26,hard,1,34974,Data Types
oVyzGGgOFu4f,27,easy,1,19714,Data Preprocessing
oVyzGGgOFu4f,28,medium,1,25853,Scaling & Normalization
oVyzGGgOFu4f,29,easy,1,15659,Scaling & Normalization
oVyzGGgOFu4f,30,easy,1,13999,Data Preprocessing
k4QQVURTfMls,1,hard,0,22683,Data Mining Tasks
k4QQVURTfMls,2,easy,1,8103,Similarity Measures
k4QQVURTfMls,3,easy,1,14607,Similarity Measures
k4QQVURTfMls,4,easy,1,11379,Similarity Measures
k4QQVURTfMls,5,medium,0,22141,Similarity Measures
k4QQVURTfMls,6,easy,0,19051,Time Series Data
k4QQVURTfMls,7,easy,1,16514,Data Types
k4QQVURTfMls,8,easy,1,11379,Data Types
k4QQVURTfMls,9,easy,1,14620,Similarity Measures
k4QQVURTfMls,10,easy,1,11379,Programming Tools (NumPy/Pandas)
k4QQVURTfMls,11,easy,1,11379,Programming Tools (NumPy/Pandas)
k4QQVURTfMls,12,easy,1,11379,Programming Tools (NumPy/Pandas)
k4QQVURTfMls,13,easy,1,14607,Programming Tools (NumPy/Pandas)
k4QQVURTfMls,14,medium,1,25097,Data Types
k4QQVURTfMls,15,medium,0,23113,Data Types
k4QQVURTfMls,16,easy,0,24235,Data Types
k4QQVURTfMls,17,easy,1,20324,Data Types
k4QQVURTfMls,18,hard,0,18290,Unsupervised Learning
k4QQVURTfMls,19,easy,1,13674,Unsupervised Learning
k4QQVURTfMls,20,hard,0,18797,Data Types
k4QQVURTfMls,21,hard,0,17197,Data Mining Tasks
k4QQVURTfMls,22,easy,1,11379,Data Types
k4QQVURTfMls,23,hard,0,20012,Unsupervised Learning
k4QQVURTfMls,24,hard,0,15904,Data Types
k4QQVURTfMls,25,hard,0,22838,Unsupervised Learning
k4QQVURTfMls,26,hard,0,24331,Data Types
k4QQVURTfMls,27,easy,1,16458,Data Preprocessing
k4QQVURTfMls,28,medium,0,22050,Scaling & Normalization
k4QQVURTfMls,29,easy,1,11379,Scaling & Normalization
k4QQVURTfMls,30,easy,1,9615,Data Preprocessing
HDHPHpQGlRLt,1,hard,0,31161,Data Mining Tasks
HDHPHpQGlRLt,2,easy,1,10498,Similarity Measures
HDHPHpQGlRLt,3,easy,1,16368,Similarity Measures
HDHPHpQGlRLt,4,easy,1,14818,Similarity Measures
HDHPHpQGlRLt,5,medium,1,29308,Similarity Measures
HDHPHpQGlRLt,6,easy,1,21523,Time Series Data
HDHPHpQGlRLt,7,easy,1,17952,Data Types
HDHPHpQGlRLt,8,easy,1,14818,Data Types
HDHPHpQGlRLt,9,easy,0,22458,Similarity Measures
HDHPHpQGlRLt,10,easy,1,14818,Programming Tools (NumPy/Pandas)
HDHPHpQGlRLt,11,easy,1,14818,Programming Tools (NumPy/Pandas)
HDHPHpQGlRLt,12,easy,1,14818,Programming Tools (NumPy/Pandas)
HDHPHpQGlRLt,13,easy,1,16368,Programming Tools (NumPy/Pandas)
HDHPHpQGlRLt,14,medium,1,32466,Data Types
HDHPHpQGlRLt,15,medium,0,35990,Data Types
HDHPHpQGlRLt,16,easy,1,30387,Data Types
HDHPHpQGlRLt,17,easy,1,24693,Data Types
HDHPHpQGlRLt,18,hard,0,21605,Unsupervised Learning
HDHPHpQGlRLt,19,easy,1,15213,Unsupervised Learning
HDHPHpQGlRLt,20,hard,0,24952,Data Types
HDHPHpQGlRLt,21,hard,0,21236,Data Mining Tasks
HDHPHpQGlRLt,22,easy,0,19845,Data Types
HDHPHpQGlRLt,23,hard,0,24591,Unsupervised Learning
HDHPHpQGlRLt,24,hard,0,20718,Data Types
HDHPHpQGlRLt,25,hard,0,31374,Unsupervised Learning
HDHPHpQGlRLt,26,hard,0,35271,Data Types
HDHPHpQGlRLt,27,easy,1,18851,Data Preprocessing
HDHPHpQGlRLt,28,medium,0,35005,Scaling & Normalization
HDHPHpQGlRLt,29,easy,1,14818,Scaling & Normalization
HDHPHpQGlRLt,30,easy,1,13247,Data Preprocessing
X0HFePMCkBsP,1,hard,0,25414,Data Mining Tasks
X0HFePMCkBsP,2,easy,1,8472,Similarity Measures
X0HFePMCkBsP,3,easy,0,17503,Similarity Measures
X0HFePMCkBsP,4,easy,1,12136,Similarity Measures
X0HFePMCkBsP,5,medium,0,24896,Similarity Measures
X0HFePMCkBsP,6,easy,1,17689,Time Series Data
X0HFePMCkBsP,7,easy,1,16417,Data Types
X0HFePMCkBsP,8,easy,1,12136,Data Types
X0HFePMCkBsP,9,easy,1,14403,Similarity Measures
X0HFePMCkBsP,10,easy,1,12136,Programming Tools (NumPy/Pandas)
X0HFePMCkBsP,11,easy,1,12136,Programming Tools (NumPy/Pandas)
X0HFePMCkBsP,12,easy,1,12136,Programming Tools (NumPy/Pandas)
X0HFePMCkBsP,13,easy,1,14280,Programming Tools (NumPy/Pandas)
X0HFePMCkBsP,14,medium,1,25139,Data Types
X0HFePMCkBsP,15,medium,1,25283,Data Types
X0HFePMCkBsP,16,easy,1,24329,Data Types
X0HFePMCkBsP,17,easy,1,20170,Data Types
X0HFePMCkBsP,18,hard,0,24225,Unsupervised Learning
X0HFePMCkBsP,19,easy,0,16794,Unsupervised Learning
X0HFePMCkBsP,20,hard,0,22849,Data Types
X0HFePMCkBsP,21,hard,0,22427,Data Mining Tasks
X0HFePMCkBsP,22,easy,1,12136,Data Types
X0HFePMCkBsP,23,hard,0,24125,Unsupervised Learning
X0HFePMCkBsP,24,hard,0,22506,Data Types
X0HFePMCkBsP,25,hard,0,25588,Unsupervised Learning
X0HFePMCkBsP,26,hard,0,27266,Data Types
X0HFePMCkBsP,27,easy,1,16446,Data Preprocessing
X0HFePMCkBsP,28,medium,1,21393,Scaling & Normalization
X0HFePMCkBsP,29,easy,1,12136,Scaling & Normalization
X0HFePMCkBsP,30,easy,1,10690,Data Preprocessing
AG7urKue7Fzv,1,hard,0,36410,Data Mining Tasks
AG7urKue7Fzv,2,easy,1,15587,Similarity Measures
AG7urKue7Fzv,3,easy,1,24049,Similarity Measures
AG7urKue7Fzv,4,easy,1,22001,Similarity Measures
AG7urKue7Fzv,5,medium,0,41980,Similarity Measures
AG7urKue7Fzv,6,easy,1,26823,Time Series Data
AG7urKue7Fzv,7,easy,1,26057,Data Types
AG7urKue7Fzv,8,easy,1,22001,Data Types
AG7urKue7Fzv,9,easy,1,23342,Similarity Measures
AG7urKue7Fzv,10,easy,1,22001,Programming Tools (NumPy/Pandas)
AG7urKue7Fzv,11,easy,1,22001,Programming Tools (NumPy/Pandas)
AG7urKue7Fzv,12,easy,1,22001,Programming Tools (NumPy/Pandas)
AG7urKue7Fzv,13,easy,1,24049,Programming Tools (NumPy/Pandas)
AG7urKue7Fzv,14,medium,1,38900,Data Types
AG7urKue7Fzv,15,medium,1,39124,Data Types
AG7urKue7Fzv,16,easy,1,37870,Data Types
AG7urKue7Fzv,17,easy,1,30774,Data Types
AG7urKue7Fzv,18,hard,0,30562,Unsupervised Learning
AG7urKue7Fzv,19,easy,1,22353,Unsupervised Learning
AG7urKue7Fzv,20,hard,0,35297,Data Types
AG7urKue7Fzv,21,hard,0,30040,Data Mining Tasks
AG7urKue7Fzv,22,easy,1,22001,Data Types
AG7urKue7Fzv,23,hard,0,34262,Unsupervised Learning
AG7urKue7Fzv,24,hard,0,29307,Data Types
AG7urKue7Fzv,25,hard,1,40219,Unsupervised Learning
AG7urKue7Fzv,26,hard,0,41212,Data Types
AG7urKue7Fzv,27,easy,1,27697,Data Preprocessing
AG7urKue7Fzv,28,medium,0,40943,Scaling & Normalization
AG7urKue7Fzv,29,easy,1,22001,Scaling & Normalization
AG7urKue7Fzv,30,easy,1,19669,Data Preprocessing
CyGywfdJf5VZ,1,hard,0,22271,Data Mining Tasks
CyGywfdJf5VZ,2,easy,1,7500,Similarity Measures
CyGywfdJf5VZ,3,easy,1,12642,Similarity Measures
CyGywfdJf5VZ,4,easy,1,10621,Similarity Measures
CyGywfdJf5VZ,5,medium,0,21661,Similarity Measures
CyGywfdJf5VZ,6,easy,1,15826,Time Series Data
CyGywfdJf5VZ,7,easy,1,14620,Data Types
CyGywfdJf5VZ,8,easy,1,10621,Data Types
CyGywfdJf5VZ,9,easy,1,12826,Similarity Measures
CyGywfdJf5VZ,10,easy,1,10621,Programming Tools (NumPy/Pandas)
CyGywfdJf5VZ,11,easy,1,10621,Programming Tools (NumPy/Pandas)
CyGywfdJf5VZ,12,easy,1,10621,Programming Tools (NumPy/Pandas)
CyGywfdJf5VZ,13,easy,1,12642,Programming Tools (NumPy/Pandas)
CyGywfdJf5VZ,14,medium,1,22030,Data Types
CyGywfdJf5VZ,15,medium,0,23039,Data Types
CyGywfdJf5VZ,16,easy,0,24917,Data Types
CyGywfdJf5VZ,17,easy,1,17911,Data Types
CyGywfdJf5VZ,18,hard,0,20653,Unsupervised Learning
CyGywfdJf5VZ,19,easy,1,11993,Unsupervised Learning
CyGywfdJf5VZ,20,hard,0,19480,Data Types
CyGywfdJf5VZ,21,hard,0,19120,Data Mining Tasks
CyGywfdJf5VZ,22,easy,1,10621,Data Types
CyGywfdJf5VZ,23,hard,0,20568,Unsupervised Learning
CyGywfdJf5VZ,24,hard,0,19188,Data Types
CyGywfdJf5VZ,25,hard,0,21815,Unsupervised Learning
CyGywfdJf5VZ,26,hard,0,23245,Data Types
CyGywfdJf5VZ,27,easy,0,17433,Data Preprocessing
CyGywfdJf5VZ,28,medium,0,21465,Scaling & Normalization
CyGywfdJf5VZ,29,easy,1,10621,Scaling & Normalization
CyGywfdJf5VZ,30,easy,1,9393,Data Preprocessing
kfwxRJXSzs3o,1,hard,0,24582,Data Mining Tasks
kfwxRJXSzs3o,2,easy,1,8289,Similarity Measures
kfwxRJXSzs3o,3,easy,1,14920,Similarity Measures
kfwxRJXSzs3o,4,easy,1,11640,Similarity Measures
kfwxRJXSzs3o,5,medium,0,24048,Similarity Measures
kfwxRJXSzs3o,6,easy,0,19416,Time Series Data
kfwxRJXSzs3o,7,easy,1,16936,Data Types
kfwxRJXSzs3o,8,easy,1,11640,Data Types
kfwxRJXSzs3o,9,easy,1,14978,Similarity Measures
kfwxRJXSzs3o,10,easy,1,11640,Programming Tools (NumPy/Pandas)
kfwxRJXSzs3o,11,easy,1,11640,Programming Tools (NumPy/Pandas)
kfwxRJXSzs3o,12,easy,1,11640,Programming Tools (NumPy/Pandas)
kfwxRJXSzs3o,13,easy,1,14920,Programming Tools (NumPy/Pandas)
kfwxRJXSzs3o,14,medium,0,25721,Data Types
kfwxRJXSzs3o,15,medium,1,26497,Data Types
kfwxRJXSzs3o,16,easy,0,26611,Data Types
kfwxRJXSzs3o,17,easy,0,22068,Data Types
kfwxRJXSzs3o,18,hard,0,21116,Unsupervised Learning
kfwxRJXSzs3o,19,easy,0,15188,Unsupervised Learning
kfwxRJXSzs3o,20,hard,0,21701,Data Types
kfwxRJXSzs3o,21,hard,0,19854,Data Mining Tasks
kfwxRJXSzs3o,22,easy,1,11640,Data Types
kfwxRJXSzs3o,23,hard,0,22913,Unsupervised Learning
kfwxRJXSzs3o,24,hard,0,18884,Data Types
kfwxRJXSzs3o,25,hard,0,24750,Unsupervised Learning
kfwxRJXSzs3o,26,hard,0,26368,Data Types
kfwxRJXSzs3o,27,easy,1,16929,Data Preprocessing
kfwxRJXSzs3o,28,medium,1,22637,Scaling & Normalization
kfwxRJXSzs3o,29,easy,1,11640,Scaling & Normalization
kfwxRJXSzs3o,30,easy,1,9835,Data Preprocessing
xlLz8YVMGkvs,1,hard,1,29324,Data Mining Tasks
xlLz8YVMGkvs,2,easy,1,10295,Similarity Measures
xlLz8YVMGkvs,3,easy,1,15884,Similarity Measures
xlLz8YVMGkvs,4,easy,1,14532,Similarity Measures
xlLz8YVMGkvs,5,medium,1,25520,Similarity Measures
xlLz8YVMGkvs,6,easy,1,18741,Time Series Data
xlLz8YVMGkvs,7,easy,1,17210,Data Types
xlLz8YVMGkvs,8,easy,1,14532,Data Types
xlLz8YVMGkvs,9,easy,1,15417,Similarity Measures
xlLz8YVMGkvs,10,easy,1,14532,Programming Tools (NumPy/Pandas)
xlLz8YVMGkvs,11,easy,1,14532,Programming Tools (NumPy/Pandas)
xlLz8YVMGkvs,12,easy,1,14532,Programming Tools (NumPy/Pandas)
xlLz8YVMGkvs,13,easy,1,15884,Programming Tools (NumPy/Pandas)
xlLz8YVMGkvs,14,medium,1,28270,Data Types
xlLz8YVMGkvs,15,medium,1,28432,Data Types
xlLz8YVMGkvs,16,easy,1,26459,Data Types
xlLz8YVMGkvs,17,easy,1,21501,Data Types
xlLz8YVMGkvs,18,hard,0,24222,Unsupervised Learning
xlLz8YVMGkvs,19,easy,1,14764,Unsupervised Learning
xlLz8YVMGkvs,20,hard,0,27974,Data Types
xlLz8YVMGkvs,21,hard,0,23808,Data Mining Tasks
xlLz8YVMGkvs,22,easy,1,14532,Data Types
xlLz8YVMGkvs,23,hard,0,27154,Unsupervised Learning
xlLz8YVMGkvs,24,hard,0,23227,Data Types
xlLz8YVMGkvs,25,hard,0,29054,Unsupervised Learning
xlLz8YVMGkvs,26,hard,1,32858,Data Types
xlLz8YVMGkvs,27,easy,1,18294,Data Preprocessing
xlLz8YVMGkvs,28,medium,1,23992,Scaling & Normalization
xlLz8YVMGkvs,29,easy,1,14532,Scaling & Normalization
xlLz8YVMGkvs,30,easy,1,12991,Data Preprocessing
o2VbFpgtLwG2,1,hard,1,30767,Data Mining Tasks
o2VbFpgtLwG2,2,easy,1,10088,Similarity Measures
o2VbFpgtLwG2,3,easy,1,16900,Similarity Measures
o2VbFpgtLwG2,4,easy,1,14332,Similarity Measures
o2VbFpgtLwG2,5,medium,1,27219,Similarity Measures
o2VbFpgtLwG2,6,easy,1,20941,Time Series Data
o2VbFpgtLwG2,7,easy,1,19430,Data Types
o2VbFpgtLwG2,8,easy,1,14332,Data Types
o2VbFpgtLwG2,9,easy,1,17184,Similarity Measures
o2VbFpgtLwG2,10,easy,1,14332,Programming Tools (NumPy/Pandas)
o2VbFpgtLwG2,11,easy,1,14332,Programming Tools (NumPy/Pandas)
o2VbFpgtLwG2,12,easy,1,14332,Programming Tools (NumPy/Pandas)
o2VbFpgtLwG2,13,easy,1,16900,Programming Tools (NumPy/Pandas)
o2VbFpgtLwG2,14,medium,1,30259,Data Types
o2VbFpgtLwG2,15,medium,1,30433,Data Types
o2VbFpgtLwG2,16,easy,1,28385,Data Types
o2VbFpgtLwG2,17,easy,1,23693,Data Types
o2VbFpgtLwG2,18,hard,0,28884,Unsupervised Learning
o2VbFpgtLwG2,19,easy,1,16114,Unsupervised Learning
o2VbFpgtLwG2,20,hard,0,26187,Data Types
o2VbFpgtLwG2,21,hard,0,25750,Data Mining Tasks
o2VbFpgtLwG2,22,easy,1,14332,Data Types
o2VbFpgtLwG2,23,hard,0,27649,Unsupervised Learning
o2VbFpgtLwG2,24,hard,0,26589,Data Types
o2VbFpgtLwG2,25,hard,0,28582,Unsupervised Learning
o2VbFpgtLwG2,26,hard,1,32137,Data Types
o2VbFpgtLwG2,27,easy,1,19464,Data Preprocessing
o2VbFpgtLwG2,28,medium,0,27325,Scaling & Normalization
o2VbFpgtLwG2,29,easy,1,14332,Scaling & Normalization
o2VbFpgtLwG2,30,easy,1,12635,Data Preprocessing
RM55e8d3Jbjm,1,hard,0,25154,Data Mining Tasks
RM55e8d3Jbjm,2,easy,1,8385,Similarity Measures
RM55e8d3Jbjm,3,easy,1,14134,Similarity Measures
RM55e8d3Jbjm,4,easy,1,11875,Similarity Measures
RM55e8d3Jbjm,5,medium,1,22168,Similarity Measures
RM55e8d3Jbjm,6,easy,1,17508,Time Series Data
RM55e8d3Jbjm,7,easy,0,20736,Data Types
RM55e8d3Jbjm,8,easy,1,11875,Data Types
RM55e8d3Jbjm,9,easy,0,18529,Similarity Measures
RM55e8d3Jbjm,10,easy,1,11875,Programming Tools (NumPy/Pandas)
RM55e8d3Jbjm,11,easy,1,11875,Programming Tools (NumPy/Pandas)
RM55e8d3Jbjm,12,easy,1,11875,Programming Tools (NumPy/Pandas)
RM55e8d3Jbjm,13,easy,1,14134,Programming Tools (NumPy/Pandas)
RM55e8d3Jbjm,14,medium,0,26134,Data Types
RM55e8d3Jbjm,15,medium,0,26021,Data Types
RM55e8d3Jbjm,16,easy,1,24080,Data Types
RM55e8d3Jbjm,17,easy,1,19964,Data Types
RM55e8d3Jbjm,18,hard,0,23977,Unsupervised Learning
RM55e8d3Jbjm,19,easy,1,13502,Unsupervised Learning
RM55e8d3Jbjm,20,hard,0,22616,Data Types
RM55e8d3Jbjm,21,hard,0,22198,Data Mining Tasks
RM55e8d3Jbjm,22,easy,1,11875,Data Types
RM55e8d3Jbjm,23,hard,1,25270,Unsupervised Learning
RM55e8d3Jbjm,24,hard,0,22277,Data Types
RM55e8d3Jbjm,25,hard,0,25327,Unsupervised Learning
RM55e8d3Jbjm,26,hard,1,26871,Data Types
RM55e8d3Jbjm,27,easy,1,16278,Data Preprocessing
RM55e8d3Jbjm,28,medium,1,21175,Scaling & Normalization
RM55e8d3Jbjm,29,easy,1,11875,Scaling & Normalization
RM55e8d3Jbjm,30,easy,1,10581,Data Preprocessing
tZNKhSZpzqOT,1,hard,0,28783,Data Mining Tasks
tZNKhSZpzqOT,2,easy,1,10308,Similarity Measures
tZNKhSZpzqOT,3,easy,1,16137,Similarity Measures
tZNKhSZpzqOT,4,easy,1,14711,Similarity Measures
tZNKhSZpzqOT,5,medium,1,24641,Similarity Measures
tZNKhSZpzqOT,6,easy,0,22681,Time Series Data
tZNKhSZpzqOT,7,easy,1,17050,Data Types
tZNKhSZpzqOT,8,easy,1,14711,Data Types
tZNKhSZpzqOT,9,easy,1,15430,Similarity Measures
tZNKhSZpzqOT,10,easy,1,14711,Programming Tools (NumPy/Pandas)
tZNKhSZpzqOT,11,easy,1,14711,Programming Tools (NumPy/Pandas)
tZNKhSZpzqOT,12,easy,1,14711,Programming Tools (NumPy/Pandas)
tZNKhSZpzqOT,13,easy,1,16137,Programming Tools (NumPy/Pandas)
tZNKhSZpzqOT,14,medium,0,30678,Data Types
tZNKhSZpzqOT,15,medium,1,27453,Data Types
tZNKhSZpzqOT,16,easy,1,26141,Data Types
tZNKhSZpzqOT,17,easy,1,21242,Data Types
tZNKhSZpzqOT,18,hard,0,27376,Unsupervised Learning
tZNKhSZpzqOT,19,easy,1,14960,Unsupervised Learning
tZNKhSZpzqOT,20,hard,0,25429,Data Types
tZNKhSZpzqOT,21,hard,0,25345,Data Mining Tasks
tZNKhSZpzqOT,22,easy,1,14711,Data Types
tZNKhSZpzqOT,23,hard,0,27264,Unsupervised Learning
tZNKhSZpzqOT,24,hard,1,29797,Data Types
tZNKhSZpzqOT,25,hard,0,28980,Unsupervised Learning
tZNKhSZpzqOT,26,hard,0,30880,Data Types
tZNKhSZpzqOT,27,easy,1,18585,Data Preprocessing
tZNKhSZpzqOT,28,medium,1,23165,Scaling & Normalization
tZNKhSZpzqOT,29,easy,1,14711,Scaling & Normalization
tZNKhSZpzqOT,30,easy,1,13008,Data Preprocessing
jMkOnTydcqm6,1,hard,0,29296,Data Mining Tasks
jMkOnTydcqm6,2,easy,1,10223,Similarity Measures
jMkOnTydcqm6,3,easy,1,16004,Similarity Measures
jMkOnTydcqm6,4,easy,1,14590,Similarity Measures
jMkOnTydcqm6,5,medium,0,30354,Similarity Measures
jMkOnTydcqm6,6,easy,1,18610,Time Series Data
jMkOnTydcqm6,7,easy,1,17137,Data Types
jMkOnTydcqm6,8,easy,1,14590,Data Types
jMkOnTydcqm6,9,easy,1,15303,Similarity Measures
jMkOnTydcqm6,10,easy,1,14590,Programming Tools (NumPy/Pandas)
jMkOnTydcqm6,11,easy,1,14590,Programming Tools (NumPy/Pandas)
jMkOnTydcqm6,12,easy,1,14590,Programming Tools (NumPy/Pandas)
jMkOnTydcqm6,13,easy,1,16004,Programming Tools (NumPy/Pandas)
jMkOnTydcqm6,14,medium,0,32004,Data Types
jMkOnTydcqm6,15,medium,1,28021,Data Types
jMkOnTydcqm6,16,easy,1,26274,Data Types
jMkOnTydcqm6,17,easy,1,21351,Data Types
jMkOnTydcqm6,18,hard,1,30755,Unsupervised Learning
jMkOnTydcqm6,19,easy,1,14837,Unsupervised Learning
jMkOnTydcqm6,20,hard,0,28860,Data Types
jMkOnTydcqm6,21,hard,0,25796,Data Mining Tasks
jMkOnTydcqm6,22,easy,1,14590,Data Types
jMkOnTydcqm6,23,hard,0,27749,Unsupervised Learning
jMkOnTydcqm6,24,hard,0,26414,Data Types
jMkOnTydcqm6,25,hard,1,28453,Unsupervised Learning
jMkOnTydcqm6,26,hard,0,31430,Data Types
jMkOnTydcqm6,27,easy,1,18432,Data Preprocessing
jMkOnTydcqm6,28,medium,1,23645,Scaling & Normalization
jMkOnTydcqm6,29,easy,1,14590,Scaling & Normalization
jMkOnTydcqm6,30,easy,1,12900,Data Preprocessing
By0gyab68WPW,1,hard,0,28388,Data Mining Tasks
By0gyab68WPW,2,easy,0,10826,Similarity Measures
By0gyab68WPW,3,easy,1,16900,Similarity Measures
By0gyab68WPW,4,easy,1,14332,Similarity Measures
By0gyab68WPW,5,medium,0,27575,Similarity Measures
By0gyab68WPW,6,easy,0,22695,Time Series Data
By0gyab68WPW,7,easy,1,19430,Data Types
By0gyab68WPW,8,easy,1,14332,Data Types
By0gyab68WPW,9,easy,0,20423,Similarity Measures
By0gyab68WPW,10,easy,1,14332,Programming Tools (NumPy/Pandas)
By0gyab68WPW,11,easy,1,14332,Programming Tools (NumPy/Pandas)
By0gyab68WPW,12,easy,1,14332,Programming Tools (NumPy/Pandas)
By0gyab68WPW,13,easy,1,16900,Programming Tools (NumPy/Pandas)
By0gyab68WPW,14,medium,1,30259,Data Types
By0gyab68WPW,15,medium,1,30433,Data Types
By0gyab68WPW,16,easy,1,28385,Data Types
By0gyab68WPW,17,easy,1,23693,Data Types
By0gyab68WPW,18,hard,0,28884,Unsupervised Learning
By0gyab68WPW,19,easy,1,16114,Unsupervised Learning
By0gyab68WPW,20,hard,0,26187,Data Types
By0gyab68WPW,21,hard,0,25750,Data Mining Tasks
By0gyab68WPW,22,easy,1,14332,Data Types
By0gyab68WPW,23,hard,0,27649,Unsupervised Learning
By0gyab68WPW,24,hard,0,26589,Data Types
By0gyab68WPW,25,hard,0,28582,Unsupervised Learning
By0gyab68WPW,26,hard,0,29953,Data Types
By0gyab68WPW,27,easy,1,19464,Data Preprocessing
By0gyab68WPW,28,medium,1,26000,Scaling & Normalization
By0gyab68WPW,29,easy,1,14332,Scaling & Normalization
By0gyab68WPW,30,easy,1,12635,Data Preprocessing
sg62FVLFX6BW,1,hard,1,27729,Data Mining Tasks
sg62FVLFX6BW,2,easy,1,8835,Similarity Measures
sg62FVLFX6BW,3,easy,1,14892,Similarity Measures
sg62FVLFX6BW,4,easy,1,12552,Similarity Measures
sg62FVLFX6BW,5,medium,0,26780,Similarity Measures
sg62FVLFX6BW,6,easy,1,18600,Time Series Data
sg62FVLFX6BW,7,easy,0,21194,Data Types
sg62FVLFX6BW,8,easy,1,12552,Data Types
sg62FVLFX6BW,9,easy,1,15021,Similarity Measures
sg62FVLFX6BW,10,easy,1,12552,Programming Tools (NumPy/Pandas)
sg62FVLFX6BW,11,easy,1,12552,Programming Tools (NumPy/Pandas)
sg62FVLFX6BW,12,easy,1,12552,Programming Tools (NumPy/Pandas)
sg62FVLFX6BW,13,easy,1,14892,Programming Tools (NumPy/Pandas)
sg62FVLFX6BW,14,medium,1,27271,Data Types
sg62FVLFX6BW,15,medium,1,27428,Data Types
sg62FVLFX6BW,16,easy,1,25582,Data Types
sg62FVLFX6BW,17,easy,1,21353,Data Types
sg62FVLFX6BW,18,hard,0,27707,Unsupervised Learning
sg62FVLFX6BW,19,easy,1,14200,Unsupervised Learning
sg62FVLFX6BW,20,hard,1,27969,Data Types
sg62FVLFX6BW,21,hard,0,24700,Data Mining Tasks
sg62FVLFX6BW,22,easy,1,12552,Data Types
sg62FVLFX6BW,23,hard,0,26171,Unsupervised Learning
sg62FVLFX6BW,24,hard,0,25168,Data Types
sg62FVLFX6BW,25,hard,1,27638,Unsupervised Learning
sg62FVLFX6BW,26,hard,0,29578,Data Types
sg62FVLFX6BW,27,easy,1,17152,Data Preprocessing
sg62FVLFX6BW,28,medium,1,23433,Scaling & Normalization
sg62FVLFX6BW,29,easy,1,12552,Scaling & Normalization
sg62FVLFX6BW,30,easy,1,11066,Data Preprocessing
C6BcTLw4mOKQ,1,hard,1,29493,Data Mining Tasks
C6BcTLw4mOKQ,2,easy,1,10483,Similarity Measures
C6BcTLw4mOKQ,3,easy,1,16173,Similarity Measures
C6BcTLw4mOKQ,4,easy,1,14796,Similarity Measures
C6BcTLw4mOKQ,5,medium,1,25985,Similarity Measures
C6BcTLw4mOKQ,6,easy,1,19082,Time Series Data
C6BcTLw4mOKQ,7,easy,1,17524,Data Types
C6BcTLw4mOKQ,8,easy,1,14796,Data Types
C6BcTLw4mOKQ,9,easy,1,15531,Similarity Measures
C6BcTLw4mOKQ,10,easy,1,14796,Programming Tools (NumPy/Pandas)
C6BcTLw4mOKQ,11,easy,1,14796,Programming Tools (NumPy/Pandas)
C6BcTLw4mOKQ,12,easy,1,14796,Programming Tools (NumPy/Pandas)
C6BcTLw4mOKQ,13,easy,1,16173,Programming Tools (NumPy/Pandas)
C6BcTLw4mOKQ,14,medium,1,28784,Data Types
C6BcTLw4mOKQ,15,medium,0,33408,Data Types
C6BcTLw4mOKQ,16,easy,1,26941,Data Types
C6BcTLw4mOKQ,17,easy,1,21893,Data Types
C6BcTLw4mOKQ,18,hard,1,28596,Unsupervised Learning
C6BcTLw4mOKQ,19,easy,1,15033,Unsupervised Learning
C6BcTLw4mOKQ,20,hard,0,28757,Data Types
C6BcTLw4mOKQ,21,hard,0,24474,Data Mining Tasks
C6BcTLw4mOKQ,22,easy,1,14796,Data Types
C6BcTLw4mOKQ,23,hard,0,27651,Unsupervised Learning
C6BcTLw4mOKQ,24,hard,0,23877,Data Types
C6BcTLw4mOKQ,25,hard,1,29396,Unsupervised Learning
C6BcTLw4mOKQ,26,hard,0,33260,Data Types
C6BcTLw4mOKQ,27,easy,1,18627,Data Preprocessing
C6BcTLw4mOKQ,28,medium,1,24428,Scaling & Normalization
C6BcTLw4mOKQ,29,easy,1,14796,Scaling & Normalization
C6BcTLw4mOKQ,30,easy,1,13228,Data Preprocessing
KwlNeadgH2OL,1,hard,1,27277,Data Mining Tasks
KwlNeadgH2OL,2,easy,1,9460,Similarity Measures
KwlNeadgH2OL,3,easy,1,14595,Similarity Measures
KwlNeadgH2OL,4,easy,1,13612,Similarity Measures
KwlNeadgH2OL,5,medium,1,22565,Similarity Measures
KwlNeadgH2OL,6,easy,1,16705,Time Series Data
KwlNeadgH2OL,7,easy,1,15646,Data Types
KwlNeadgH2OL,8,easy,1,13612,Data Types
KwlNeadgH2OL,9,easy,1,13956,Similarity Measures
KwlNeadgH2OL,10,easy,1,13612,Programming Tools (NumPy/Pandas)
KwlNeadgH2OL,11,easy,1,13612,Programming Tools (NumPy/Pandas)
KwlNeadgH2OL,12,easy,1,13612,Programming Tools (NumPy/Pandas)
KwlNeadgH2OL,13,easy,1,14595,Programming Tools (NumPy/Pandas)
KwlNeadgH2OL,14,medium,1,25430,Data Types
KwlNeadgH2OL,15,medium,1,25576,Data Types
KwlNeadgH2OL,16,easy,1,23650,Data Types
KwlNeadgH2OL,17,easy,1,19126,Data Types
KwlNeadgH2OL,18,hard,0,20758,Unsupervised Learning
KwlNeadgH2OL,19,easy,1,13460,Unsupervised Learning
KwlNeadgH2OL,20,hard,0,26737,Data Types
KwlNeadgH2OL,21,hard,0,20349,Data Mining Tasks
KwlNeadgH2OL,22,easy,1,13612,Data Types
KwlNeadgH2OL,23,hard,0,25133,Unsupervised Learning
KwlNeadgH2OL,24,hard,0,22606,Data Types
KwlNeadgH2OL,25,hard,0,27317,Unsupervised Learning
KwlNeadgH2OL,26,hard,0,29585,Data Types
KwlNeadgH2OL,27,easy,1,16810,Data Preprocessing
KwlNeadgH2OL,28,medium,1,21213,Scaling & Normalization
KwlNeadgH2OL,29,easy,1,13612,Scaling & Normalization
KwlNeadgH2OL,30,easy,1,11937,Data Preprocessing
pJCSXvZHMyH1,1,hard,0,29384,Data Mining Tasks
pJCSXvZHMyH1,2,easy,1,10483,Similarity Measures
pJCSXvZHMyH1,3,easy,1,16173,Similarity Measures
pJCSXvZHMyH1,4,easy,1,14796,Similarity Measures
pJCSXvZHMyH1,5,medium,0,31822,Similarity Measures
pJCSXvZHMyH1,6,easy,0,24121,Time Series Data
pJCSXvZHMyH1,7,easy,1,17524,Data Types
pJCSXvZHMyH1,8,easy,1,14796,Data Types
pJCSXvZHMyH1,9,easy,1,15531,Similarity Measures
pJCSXvZHMyH1,10,easy,1,14796,Programming Tools (NumPy/Pandas)
pJCSXvZHMyH1,11,easy,1,14796,Programming Tools (NumPy/Pandas)
pJCSXvZHMyH1,12,easy,1,14796,Programming Tools (NumPy/Pandas)
pJCSXvZHMyH1,13,easy,1,16173,Programming Tools (NumPy/Pandas)
pJCSXvZHMyH1,14,medium,1,28784,Data Types
pJCSXvZHMyH1,15,medium,0,33408,Data Types
pJCSXvZHMyH1,16,easy,1,26941,Data Types
pJCSXvZHMyH1,17,easy,1,21893,Data Types
pJCSXvZHMyH1,18,hard,0,24899,Unsupervised Learning
pJCSXvZHMyH1,19,easy,1,15033,Unsupervised Learning
pJCSXvZHMyH1,20,hard,0,28757,Data Types
pJCSXvZHMyH1,21,hard,0,24474,Data Mining Tasks
pJCSXvZHMyH1,22,easy,1,14796,Data Types
pJCSXvZHMyH1,23,hard,0,27651,Unsupervised Learning
pJCSXvZHMyH1,24,hard,0,23877,Data Types
pJCSXvZHMyH1,25,hard,0,29585,Unsupervised Learning
pJCSXvZHMyH1,26,hard,1,33047,Data Types
pJCSXvZHMyH1,27,easy,1,18627,Data Preprocessing
pJCSXvZHMyH1,28,medium,1,24428,Scaling & Normalization
pJCSXvZHMyH1,29,easy,1,14796,Scaling & Normalization
pJCSXvZHMyH1,30,easy,1,13228,Data Preprocessing
ylh73EEFQ8CD,1,hard,0,27131,Data Mining Tasks
ylh73EEFQ8CD,2,easy,1,9460,Similarity Measures
ylh73EEFQ8CD,3,easy,1,14595,Similarity Measures
ylh73EEFQ8CD,4,easy,1,13612,Similarity Measures
ylh73EEFQ8CD,5,medium,1,22565,Similarity Measures
ylh73EEFQ8CD,6,easy,1,16705,Time Series Data
ylh73EEFQ8CD,7,easy,1,15646,Data Types
ylh73EEFQ8CD,8,easy,1,13612,Data Types
ylh73EEFQ8CD,9,easy,1,13956,Similarity Measures
ylh73EEFQ8CD,10,easy,1,13612,Programming Tools (NumPy/Pandas)
ylh73EEFQ8CD,11,easy,1,13612,Programming Tools (NumPy/Pandas)
ylh73EEFQ8CD,12,easy,1,13612,Programming Tools (NumPy/Pandas)
ylh73EEFQ8CD,13,easy,1,14595,Programming Tools (NumPy/Pandas)
ylh73EEFQ8CD,14,medium,1,25430,Data Types
ylh73EEFQ8CD,15,medium,1,25576,Data Types
ylh73EEFQ8CD,16,easy,1,23650,Data Types
ylh73EEFQ8CD,17,easy,1,19126,Data Types
ylh73EEFQ8CD,18,hard,0,20758,Unsupervised Learning
ylh73EEFQ8CD,19,easy,1,13460,Unsupervised Learning
ylh73EEFQ8CD,20,hard,0,26737,Data Types
ylh73EEFQ8CD,21,hard,0,20349,Data Mining Tasks
ylh73EEFQ8CD,22,easy,1,13612,Data Types
ylh73EEFQ8CD,23,hard,1,28349,Unsupervised Learning
ylh73EEFQ8CD,24,hard,0,22606,Data Types
ylh73EEFQ8CD,25,hard,0,27317,Unsupervised Learning
ylh73EEFQ8CD,26,hard,1,29445,Data Types
ylh73EEFQ8CD,27,easy,1,16810,Data Preprocessing
ylh73EEFQ8CD,28,medium,1,21213,Scaling & Normalization
ylh73EEFQ8CD,29,easy,1,13612,Scaling & Normalization
ylh73EEFQ8CD,30,easy,1,11937,Data Preprocessing
TYE4dgTYGdCn,1,hard,0,29384,Data Mining Tasks
TYE4dgTYGdCn,2,easy,1,10483,Similarity Measures
TYE4dgTYGdCn,3,easy,1,16173,Similarity Measures
TYE4dgTYGdCn,4,easy,1,14796,Similarity Measures
TYE4dgTYGdCn,5,medium,0,31822,Similarity Measures
TYE4dgTYGdCn,6,easy,0,24121,Time Series Data
TYE4dgTYGdCn,7,easy,1,17524,Data Types
TYE4dgTYGdCn,8,easy,1,14796,Data Types
TYE4dgTYGdCn,9,easy,1,15531,Similarity Measures
TYE4dgTYGdCn,10,easy,1,14796,Programming Tools (NumPy/Pandas)
TYE4dgTYGdCn,11,easy,1,14796,Programming Tools (NumPy/Pandas)
TYE4dgTYGdCn,12,easy,1,14796,Programming Tools (NumPy/Pandas)
TYE4dgTYGdCn,13,easy,1,16173,Programming Tools (NumPy/Pandas)
TYE4dgTYGdCn,14,medium,1,28784,Data Types
TYE4dgTYGdCn,15,medium,0,33408,Data Types
TYE4dgTYGdCn,16,easy,1,26941,Data Types
TYE4dgTYGdCn,17,easy,1,21893,Data Types
TYE4dgTYGdCn,18,hard,0,24899,Unsupervised Learning
TYE4dgTYGdCn,19,easy,1,15033,Unsupervised Learning
TYE4dgTYGdCn,20,hard,0,28757,Data Types
TYE4dgTYGdCn,21,hard,0,24474,Data Mining Tasks
TYE4dgTYGdCn,22,easy,1,14796,Data Types
TYE4dgTYGdCn,23,hard,0,27651,Unsupervised Learning
TYE4dgTYGdCn,24,hard,0,23877,Data Types
TYE4dgTYGdCn,25,hard,0,29585,Unsupervised Learning
TYE4dgTYGdCn,26,hard,1,33047,Data Types
TYE4dgTYGdCn,27,easy,1,18627,Data Preprocessing
TYE4dgTYGdCn,28,medium,1,24428,Scaling & Normalization
TYE4dgTYGdCn,29,easy,1,14796,Scaling & Normalization
TYE4dgTYGdCn,30,easy,1,13228,Data Preprocessing
I93EMGZEU4vI,1,hard,0,29296,Data Mining Tasks
I93EMGZEU4vI,2,easy,1,10223,Similarity Measures
I93EMGZEU4vI,3,easy,1,16004,Similarity Measures
I93EMGZEU4vI,4,easy,1,14590,Similarity Measures
I93EMGZEU4vI,5,medium,1,25151,Similarity Measures
I93EMGZEU4vI,6,easy,1,18610,Time Series Data
I93EMGZEU4vI,7,easy,1,17137,Data Types
I93EMGZEU4vI,8,easy,1,14590,Data Types
I93EMGZEU4vI,9,easy,1,15303,Similarity Measures
I93EMGZEU4vI,10,easy,1,14590,Programming Tools (NumPy/Pandas)
I93EMGZEU4vI,11,easy,1,14590,Programming Tools (NumPy/Pandas)
I93EMGZEU4vI,12,easy,1,14590,Programming Tools (NumPy/Pandas)
I93EMGZEU4vI,13,easy,1,16004,Programming Tools (NumPy/Pandas)
I93EMGZEU4vI,14,medium,1,27861,Data Types
I93EMGZEU4vI,15,medium,1,28021,Data Types
I93EMGZEU4vI,16,easy,1,26274,Data Types
I93EMGZEU4vI,17,easy,1,21351,Data Types
I93EMGZEU4vI,18,hard,0,27864,Unsupervised Learning
I93EMGZEU4vI,19,easy,1,14837,Unsupervised Learning
I93EMGZEU4vI,20,hard,0,28860,Data Types
I93EMGZEU4vI,21,hard,0,25796,Data Mining Tasks
I93EMGZEU4vI,22,easy,1,14590,Data Types
I93EMGZEU4vI,23,hard,1,30031,Unsupervised Learning
I93EMGZEU4vI,24,hard,0,26414,Data Types
I93EMGZEU4vI,25,hard,0,29496,Unsupervised Learning
I93EMGZEU4vI,26,hard,1,30319,Data Types
I93EMGZEU4vI,27,easy,1,18432,Data Preprocessing
I93EMGZEU4vI,28,medium,1,23645,Scaling & Normalization
I93EMGZEU4vI,29,easy,1,14590,Scaling & Normalization
I93EMGZEU4vI,30,easy,1,12900,Data Preprocessing
e35NZ2cItyz9,1,hard,0,28783,Data Mining Tasks
e35NZ2cItyz9,2,easy,1,10308,Similarity Measures
e35NZ2cItyz9,3,easy,1,16137,Similarity Measures
e35NZ2cItyz9,4,easy,1,14711,Similarity Measures
e35NZ2cItyz9,5,medium,1,24641,Similarity Measures
e35NZ2cItyz9,6,easy,1,18515,Time Series Data
e35NZ2cItyz9,7,easy,1,17050,Data Types
e35NZ2cItyz9,8,easy,1,14711,Data Types
e35NZ2cItyz9,9,easy,1,15430,Similarity Measures
e35NZ2cItyz9,10,easy,1,14711,Programming Tools (NumPy/Pandas)
e35NZ2cItyz9,11,easy,1,14711,Programming Tools (NumPy/Pandas)
e35NZ2cItyz9,12,easy,1,14711,Programming Tools (NumPy/Pandas)
e35NZ2cItyz9,13,easy,1,16137,Programming Tools (NumPy/Pandas)
e35NZ2cItyz9,14,medium,1,27296,Data Types
e35NZ2cItyz9,15,medium,1,27453,Data Types
e35NZ2cItyz9,16,easy,0,30448,Data Types
e35NZ2cItyz9,17,easy,1,21242,Data Types
e35NZ2cItyz9,18,hard,0,27376,Unsupervised Learning
e35NZ2cItyz9,19,easy,1,14960,Unsupervised Learning
e35NZ2cItyz9,20,hard,0,25429,Data Types
e35NZ2cItyz9,21,hard,0,25345,Data Mining Tasks
e35NZ2cItyz9,22,easy,1,14711,Data Types
e35NZ2cItyz9,23,hard,1,30157,Unsupervised Learning
e35NZ2cItyz9,24,hard,0,25952,Data Types
e35NZ2cItyz9,25,hard,0,28980,Unsupervised Learning
e35NZ2cItyz9,26,hard,1,30446,Data Types
e35NZ2cItyz9,27,easy,1,18585,Data Preprocessing
e35NZ2cItyz9,28,medium,1,23165,Scaling & Normalization
e35NZ2cItyz9,29,easy,1,14711,Scaling & Normalization
e35NZ2cItyz9,30,easy,1,13008,Data Preprocessing
pS17HUA271Nx,1,hard,0,24496,Data Mining Tasks
pS17HUA271Nx,2,easy,1,8392,Similarity Measures
pS17HUA271Nx,3,easy,1,14145,Similarity Measures
pS17HUA271Nx,4,easy,1,11884,Similarity Measures
pS17HUA271Nx,5,medium,1,21433,Similarity Measures
pS17HUA271Nx,6,easy,0,20956,Time Series Data
pS17HUA271Nx,7,easy,1,16263,Data Types
pS17HUA271Nx,8,easy,1,11884,Data Types
pS17HUA271Nx,9,easy,1,14267,Similarity Measures
pS17HUA271Nx,10,easy,1,11884,Programming Tools (NumPy/Pandas)
pS17HUA271Nx,11,easy,1,11884,Programming Tools (NumPy/Pandas)
pS17HUA271Nx,12,easy,1,11884,Programming Tools (NumPy/Pandas)
pS17HUA271Nx,13,easy,1,14145,Programming Tools (NumPy/Pandas)
pS17HUA271Nx,14,medium,1,24231,Data Types
pS17HUA271Nx,15,medium,0,25340,Data Types
pS17HUA271Nx,16,easy,1,23942,Data Types
pS17HUA271Nx,17,easy,1,19700,Data Types
pS17HUA271Nx,18,hard,0,23037,Unsupervised Learning
pS17HUA271Nx,19,easy,1,13340,Unsupervised Learning
pS17HUA271Nx,20,hard,0,21728,Data Types
pS17HUA271Nx,21,hard,0,21327,Data Mining Tasks
pS17HUA271Nx,22,easy,1,11884,Data Types
pS17HUA271Nx,23,hard,0,22942,Unsupervised Learning
pS17HUA271Nx,24,hard,1,23195,Data Types
pS17HUA271Nx,25,hard,0,24333,Unsupervised Learning
pS17HUA271Nx,26,hard,0,25929,Data Types
pS17HUA271Nx,27,easy,1,16291,Data Preprocessing
pS17HUA271Nx,28,medium,0,23610,Scaling & Normalization
pS17HUA271Nx,29,easy,1,11884,Scaling & Normalization
pS17HUA271Nx,30,easy,1,10590,Data Preprocessing
7VLP2mvnxjRS,1,hard,1,25776,Data Mining Tasks
7VLP2mvnxjRS,2,easy,1,9328,Similarity Measures
7VLP2mvnxjRS,3,easy,1,14857,Similarity Measures
7VLP2mvnxjRS,4,easy,1,13036,Similarity Measures
7VLP2mvnxjRS,5,medium,1,22584,Similarity Measures
7VLP2mvnxjRS,6,easy,0,21474,Time Series Data
7VLP2mvnxjRS,7,easy,1,16555,Data Types
7VLP2mvnxjRS,8,easy,1,13036,Data Types
7VLP2mvnxjRS,9,easy,1,14623,Similarity Measures
7VLP2mvnxjRS,10,easy,1,13036,Programming Tools (NumPy/Pandas)
7VLP2mvnxjRS,11,easy,1,13036,Programming Tools (NumPy/Pandas)
7VLP2mvnxjRS,12,easy,1,13036,Programming Tools (NumPy/Pandas)
7VLP2mvnxjRS,13,easy,1,14857,Programming Tools (NumPy/Pandas)
7VLP2mvnxjRS,14,medium,1,25350,Data Types
7VLP2mvnxjRS,15,medium,1,25495,Data Types
7VLP2mvnxjRS,16,easy,0,28083,Data Types
7VLP2mvnxjRS,17,easy,1,20339,Data Types
7VLP2mvnxjRS,18,hard,0,24428,Unsupervised Learning
7VLP2mvnxjRS,19,easy,1,13956,Unsupervised Learning
7VLP2mvnxjRS,20,hard,0,23041,Data Types
7VLP2mvnxjRS,21,hard,0,22615,Data Mining Tasks
7VLP2mvnxjRS,22,easy,1,13036,Data Types
7VLP2mvnxjRS,23,hard,0,24328,Unsupervised Learning
7VLP2mvnxjRS,24,hard,1,25097,Data Types
7VLP2mvnxjRS,25,hard,0,25803,Unsupervised Learning
7VLP2mvnxjRS,26,hard,0,27495,Data Types
7VLP2mvnxjRS,27,easy,1,17111,Data Preprocessing
7VLP2mvnxjRS,28,medium,1,21573,Scaling & Normalization
7VLP2mvnxjRS,29,easy,1,13036,Scaling & Normalization
7VLP2mvnxjRS,30,easy,1,11771,Data Preprocessing
BSLGp0wdoAqj,1,hard,0,25154,Data Mining Tasks
BSLGp0wdoAqj,2,easy,1,8385,Similarity Measures
BSLGp0wdoAqj,3,easy,1,14134,Similarity Measures
BSLGp0wdoAqj,4,easy,1,11875,Similarity Measures
BSLGp0wdoAqj,5,medium,0,24642,Similarity Measures
BSLGp0wdoAqj,6,easy,1,17508,Time Series Data
BSLGp0wdoAqj,7,easy,1,16250,Data Types
BSLGp0wdoAqj,8,easy,1,11875,Data Types
BSLGp0wdoAqj,9,easy,1,14256,Similarity Measures
BSLGp0wdoAqj,10,easy,1,11875,Programming Tools (NumPy/Pandas)
BSLGp0wdoAqj,11,easy,1,11875,Programming Tools (NumPy/Pandas)
BSLGp0wdoAqj,12,easy,1,11875,Programming Tools (NumPy/Pandas)
BSLGp0wdoAqj,13,easy,1,14134,Programming Tools (NumPy/Pandas)
BSLGp0wdoAqj,14,medium,0,26134,Data Types
BSLGp0wdoAqj,15,medium,1,25025,Data Types
BSLGp0wdoAqj,16,easy,1,24080,Data Types
BSLGp0wdoAqj,17,easy,1,19964,Data Types
BSLGp0wdoAqj,18,hard,1,25532,Unsupervised Learning
BSLGp0wdoAqj,19,easy,1,13502,Unsupervised Learning
BSLGp0wdoAqj,20,hard,0,22616,Data Types
BSLGp0wdoAqj,21,hard,0,22198,Data Mining Tasks
BSLGp0wdoAqj,22,easy,1,11875,Data Types
BSLGp0wdoAqj,23,hard,0,23879,Unsupervised Learning
BSLGp0wdoAqj,24,hard,0,22277,Data Types
BSLGp0wdoAqj,25,hard,1,25217,Unsupervised Learning
BSLGp0wdoAqj,26,hard,0,26987,Data Types
BSLGp0wdoAqj,27,easy,1,16278,Data Preprocessing
BSLGp0wdoAqj,28,medium,1,21175,Scaling & Normalization
BSLGp0wdoAqj,29,easy,1,11875,Scaling & Normalization
BSLGp0wdoAqj,30,easy,1,10581,Data Preprocessing
iZblYCxqwouC,1,hard,0,31161,Data Mining Tasks
iZblYCxqwouC,2,easy,1,10498,Similarity Measures
iZblYCxqwouC,3,easy,1,16368,Similarity Measures
iZblYCxqwouC,4,easy,1,14818,Similarity Measures
iZblYCxqwouC,5,medium,0,35892,Similarity Measures
iZblYCxqwouC,6,easy,1,21523,Time Series Data
iZblYCxqwouC,7,easy,1,17952,Data Types
iZblYCxqwouC,8,easy,1,14818,Data Types
iZblYCxqwouC,9,easy,1,15911,Similarity Measures
iZblYCxqwouC,10,easy,1,14818,Programming Tools (NumPy/Pandas)
iZblYCxqwouC,11,easy,1,14818,Programming Tools (NumPy/Pandas)
iZblYCxqwouC,12,easy,1,14818,Programming Tools (NumPy/Pandas)
iZblYCxqwouC,13,easy,1,16368,Programming Tools (NumPy/Pandas)
iZblYCxqwouC,14,medium,1,32466,Data Types
iZblYCxqwouC,15,medium,0,35990,Data Types
iZblYCxqwouC,16,easy,1,30387,Data Types
iZblYCxqwouC,17,easy,1,24693,Data Types
iZblYCxqwouC,18,hard,0,21605,Unsupervised Learning
iZblYCxqwouC,19,easy,1,15213,Unsupervised Learning
iZblYCxqwouC,20,hard,0,24952,Data Types
iZblYCxqwouC,21,hard,0,21236,Data Mining Tasks
iZblYCxqwouC,22,easy,1,14818,Data Types
iZblYCxqwouC,23,hard,0,24591,Unsupervised Learning
iZblYCxqwouC,24,hard,0,20718,Data Types
iZblYCxqwouC,25,hard,1,31174,Unsupervised Learning
iZblYCxqwouC,26,hard,0,35271,Data Types
iZblYCxqwouC,27,easy,1,18851,Data Preprocessing
iZblYCxqwouC,28,medium,0,35005,Scaling & Normalization
iZblYCxqwouC,29,easy,1,14818,Scaling & Normalization
iZblYCxqwouC,30,easy,1,13247,Data Preprocessing
m7l9wOWJlnvS,1,hard,1,29324,Data Mining Tasks
m7l9wOWJlnvS,2,easy,0,13787,Similarity Measures
m7l9wOWJlnvS,3,easy,1,15884,Similarity Measures
m7l9wOWJlnvS,4,easy,1,14532,Similarity Measures
m7l9wOWJlnvS,5,medium,1,25520,Similarity Measures
m7l9wOWJlnvS,6,easy,1,18741,Time Series Data
m7l9wOWJlnvS,7,easy,1,17210,Data Types
m7l9wOWJlnvS,8,easy,1,14532,Data Types
m7l9wOWJlnvS,9,easy,1,15417,Similarity Measures
m7l9wOWJlnvS,10,easy,1,14532,Programming Tools (NumPy/Pandas)
m7l9wOWJlnvS,11,easy,1,14532,Programming Tools (NumPy/Pandas)
m7l9wOWJlnvS,12,easy,1,14532,Programming Tools (NumPy/Pandas)
m7l9wOWJlnvS,13,easy,1,15884,Programming Tools (NumPy/Pandas)
m7l9wOWJlnvS,14,medium,0,32949,Data Types
m7l9wOWJlnvS,15,medium,1,28432,Data Types
m7l9wOWJlnvS,16,easy,1,26459,Data Types
m7l9wOWJlnvS,17,easy,0,26030,Data Types
m7l9wOWJlnvS,18,hard,0,24222,Unsupervised Learning
m7l9wOWJlnvS,19,easy,1,14764,Unsupervised Learning
m7l9wOWJlnvS,20,hard,0,27974,Data Types
m7l9wOWJlnvS,21,hard,0,23808,Data Mining Tasks
m7l9wOWJlnvS,22,easy,1,14532,Data Types
m7l9wOWJlnvS,23,hard,0,27154,Unsupervised Learning
m7l9wOWJlnvS,24,hard,0,23227,Data Types
m7l9wOWJlnvS,25,hard,0,29054,Unsupervised Learning
m7l9wOWJlnvS,26,hard,0,32662,Data Types
m7l9wOWJlnvS,27,easy,1,18294,Data Preprocessing
m7l9wOWJlnvS,28,medium,1,23992,Scaling & Normalization
m7l9wOWJlnvS,29,easy,1,14532,Scaling & Normalization
m7l9wOWJlnvS,30,easy,1,12991,Data Preprocessing
CprL2LITeTET,1,hard,1,40351,Data Mining Tasks
CprL2LITeTET,2,easy,0,18634,Similarity Measures
CprL2LITeTET,3,easy,1,24049,Similarity Measures
CprL2LITeTET,4,easy,1,22001,Similarity Measures
CprL2LITeTET,5,medium,1,37821,Similarity Measures
CprL2LITeTET,6,easy,1,26823,Time Series Data
CprL2LITeTET,7,easy,1,26057,Data Types
CprL2LITeTET,8,easy,1,22001,Data Types
CprL2LITeTET,9,easy,1,23342,Similarity Measures
CprL2LITeTET,10,easy,1,22001,Programming Tools (NumPy/Pandas)
CprL2LITeTET,11,easy,1,22001,Programming Tools (NumPy/Pandas)
CprL2LITeTET,12,easy,1,22001,Programming Tools (NumPy/Pandas)
CprL2LITeTET,13,easy,1,24049,Programming Tools (NumPy/Pandas)
CprL2LITeTET,14,medium,0,41099,Data Types
CprL2LITeTET,15,medium,1,39124,Data Types
CprL2LITeTET,16,easy,1,37870,Data Types
CprL2LITeTET,17,easy,0,33771,Data Types
CprL2LITeTET,18,hard,0,30562,Unsupervised Learning
CprL2LITeTET,19,easy,1,22353,Unsupervised Learning
CprL2LITeTET,20,hard,0,35297,Data Types
CprL2LITeTET,21,hard,0,30040,Data Mining Tasks
CprL2LITeTET,22,easy,1,22001,Data Types
CprL2LITeTET,23,hard,0,34262,Unsupervised Learning
CprL2LITeTET,24,hard,0,29307,Data Types
CprL2LITeTET,25,hard,1,40219,Unsupervised Learning
CprL2LITeTET,26,hard,0,41212,Data Types
CprL2LITeTET,27,easy,1,27697,Data Preprocessing
CprL2LITeTET,28,medium,1,35556,Scaling & Normalization
CprL2LITeTET,29,easy,1,22001,Scaling & Normalization
CprL2LITeTET,30,easy,1,19669,Data Preprocessing
bUBpyoQOQ4Ov,1,hard,0,25597,Data Mining Tasks
bUBpyoQOQ4Ov,2,easy,1,10075,Similarity Measures
bUBpyoQOQ4Ov,3,easy,1,15772,Similarity Measures
bUBpyoQOQ4Ov,4,easy,1,14378,Similarity Measures
bUBpyoQOQ4Ov,5,medium,1,22558,Similarity Measures
bUBpyoQOQ4Ov,6,easy,0,21449,Time Series Data
bUBpyoQOQ4Ov,7,easy,1,16666,Data Types
bUBpyoQOQ4Ov,8,easy,1,14378,Data Types
bUBpyoQOQ4Ov,9,easy,1,15027,Similarity Measures
bUBpyoQOQ4Ov,10,easy,1,14378,Programming Tools (NumPy/Pandas)
bUBpyoQOQ4Ov,11,easy,1,14378,Programming Tools (NumPy/Pandas)
bUBpyoQOQ4Ov,12,easy,1,14378,Programming Tools (NumPy/Pandas)
bUBpyoQOQ4Ov,13,easy,1,15772,Programming Tools (NumPy/Pandas)
bUBpyoQOQ4Ov,14,medium,1,25320,Data Types
bUBpyoQOQ4Ov,15,medium,0,26479,Data Types
bUBpyoQOQ4Ov,16,easy,1,24504,Data Types
bUBpyoQOQ4Ov,17,easy,1,20316,Data Types
bUBpyoQOQ4Ov,18,hard,0,24400,Unsupervised Learning
bUBpyoQOQ4Ov,19,easy,1,14622,Unsupervised Learning
bUBpyoQOQ4Ov,20,hard,0,23014,Data Types
bUBpyoQOQ4Ov,21,hard,0,22589,Data Mining Tasks
bUBpyoQOQ4Ov,22,easy,1,14378,Data Types
bUBpyoQOQ4Ov,23,hard,0,24300,Unsupervised Learning
bUBpyoQOQ4Ov,24,hard,0,23131,Data Types
bUBpyoQOQ4Ov,25,hard,0,25773,Unsupervised Learning
bUBpyoQOQ4Ov,26,hard,0,27463,Data Types
bUBpyoQOQ4Ov,27,easy,1,18165,Data Preprocessing
bUBpyoQOQ4Ov,28,medium,0,24849,Scaling & Normalization
bUBpyoQOQ4Ov,29,easy,1,14378,Scaling & Normalization
bUBpyoQOQ4Ov,30,easy,1,12713,Data Preprocessing
YA6aMV1xcGv9,1,hard,0,31161,Data Mining Tasks
YA6aMV1xcGv9,2,easy,1,10498,Similarity Measures
YA6aMV1xcGv9,3,easy,1,16368,Similarity Measures
YA6aMV1xcGv9,4,easy,1,14818,Similarity Measures
YA6aMV1xcGv9,5,medium,1,29308,Similarity Measures
YA6aMV1xcGv9,6,easy,1,21523,Time Series Data
YA6aMV1xcGv9,7,easy,1,17952,Data Types
YA6aMV1xcGv9,8,easy,1,14818,Data Types
YA6aMV1xcGv9,9,easy,1,15911,Similarity Measures
YA6aMV1xcGv9,10,easy,1,14818,Programming Tools (NumPy/Pandas)
YA6aMV1xcGv9,11,easy,1,14818,Programming Tools (NumPy/Pandas)
YA6aMV1xcGv9,12,easy,1,14818,Programming Tools (NumPy/Pandas)
YA6aMV1xcGv9,13,easy,1,16368,Programming Tools (NumPy/Pandas)
YA6aMV1xcGv9,14,medium,0,37843,Data Types
YA6aMV1xcGv9,15,medium,1,31187,Data Types
YA6aMV1xcGv9,16,easy,1,30387,Data Types
YA6aMV1xcGv9,17,easy,1,24693,Data Types
YA6aMV1xcGv9,18,hard,1,24813,Unsupervised Learning
YA6aMV1xcGv9,19,easy,1,15213,Unsupervised Learning
YA6aMV1xcGv9,20,hard,0,24952,Data Types
YA6aMV1xcGv9,21,hard,0,21236,Data Mining Tasks
YA6aMV1xcGv9,22,easy,1,14818,Data Types
YA6aMV1xcGv9,23,hard,0,24591,Unsupervised Learning
YA6aMV1xcGv9,24,hard,1,24217,Data Types
YA6aMV1xcGv9,25,hard,1,31174,Unsupervised Learning
YA6aMV1xcGv9,26,hard,0,35271,Data Types
YA6aMV1xcGv9,27,easy,1,18851,Data Preprocessing
YA6aMV1xcGv9,28,medium,1,27553,Scaling & Normalization
YA6aMV1xcGv9,29,easy,1,14818,Scaling & Normalization
YA6aMV1xcGv9,30,easy,1,13247,Data Preprocessing
xPRdKA5UBNGM,1,hard,0,30533,Data Mining Tasks
xPRdKA5UBNGM,2,easy,1,11094,Similarity Measures
xPRdKA5UBNGM,3,easy,1,17117,Similarity Measures
xPRdKA5UBNGM,4,easy,1,15659,Similarity Measures
xPRdKA5UBNGM,5,medium,1,27500,Similarity Measures
xPRdKA5UBNGM,6,easy,1,20195,Time Series Data
xPRdKA5UBNGM,7,easy,0,24396,Data Types
xPRdKA5UBNGM,8,easy,1,15659,Data Types
xPRdKA5UBNGM,9,easy,1,16613,Similarity Measures
xPRdKA5UBNGM,10,easy,1,15659,Programming Tools (NumPy/Pandas)
xPRdKA5UBNGM,11,easy,1,15659,Programming Tools (NumPy/Pandas)
xPRdKA5UBNGM,12,easy,1,15659,Programming Tools (NumPy/Pandas)
xPRdKA5UBNGM,13,easy,1,17117,Programming Tools (NumPy/Pandas)
xPRdKA5UBNGM,14,medium,1,30463,Data Types
xPRdKA5UBNGM,15,medium,1,30638,Data Types
xPRdKA5UBNGM,16,easy,1,28512,Data Types
xPRdKA5UBNGM,17,easy,1,23169,Data Types
xPRdKA5UBNGM,18,hard,0,25873,Unsupervised Learning
xPRdKA5UBNGM,19,easy,1,15909,Unsupervised Learning
xPRdKA5UBNGM,20,hard,0,29881,Data Types
xPRdKA5UBNGM,21,hard,0,25431,Data Mining Tasks
xPRdKA5UBNGM,22,easy,1,15659,Data Types
xPRdKA5UBNGM,23,hard,1,32952,Unsupervised Learning
xPRdKA5UBNGM,24,hard,0,24810,Data Types
xPRdKA5UBNGM,25,hard,0,30742,Unsupervised Learning
xPRdKA5UBNGM,26,hard,1,34974,Data Types
xPRdKA5UBNGM,27,easy,1,19714,Data Preprocessing
xPRdKA5UBNGM,28,medium,1,25853,Scaling & Normalization
xPRdKA5UBNGM,29,easy,1,15659,Scaling & Normalization
xPRdKA5UBNGM,30,easy,1,13999,Data Preprocessing
vqNkppoZuHFA,1,hard,0,25202,Data Mining Tasks
vqNkppoZuHFA,2,easy,1,9241,Similarity Measures
vqNkppoZuHFA,3,easy,1,14719,Similarity Measures
vqNkppoZuHFA,4,easy,1,13189,Similarity Measures
vqNkppoZuHFA,5,medium,0,24688,Similarity Measures
vqNkppoZuHFA,6,easy,0,21117,Time Series Data
vqNkppoZuHFA,7,easy,1,16280,Data Types
vqNkppoZuHFA,8,easy,1,13189,Data Types
vqNkppoZuHFA,9,easy,1,14380,Similarity Measures
vqNkppoZuHFA,10,easy,1,13189,Programming Tools (NumPy/Pandas)
vqNkppoZuHFA,11,easy,1,13189,Programming Tools (NumPy/Pandas)
vqNkppoZuHFA,12,easy,1,13189,Programming Tools (NumPy/Pandas)
vqNkppoZuHFA,13,easy,1,14719,Programming Tools (NumPy/Pandas)
vqNkppoZuHFA,14,medium,1,24929,Data Types
vqNkppoZuHFA,15,medium,0,26070,Data Types
vqNkppoZuHFA,16,easy,1,24125,Data Types
vqNkppoZuHFA,17,easy,1,20001,Data Types
vqNkppoZuHFA,18,hard,0,24022,Unsupervised Learning
vqNkppoZuHFA,19,easy,1,13827,Unsupervised Learning
vqNkppoZuHFA,20,hard,0,22658,Data Types
vqNkppoZuHFA,21,hard,0,22240,Data Mining Tasks
vqNkppoZuHFA,22,easy,1,13189,Data Types
vqNkppoZuHFA,23,hard,0,23924,Unsupervised Learning
vqNkppoZuHFA,24,hard,0,22773,Data Types
vqNkppoZuHFA,25,hard,0,25374,Unsupervised Learning
vqNkppoZuHFA,26,hard,0,27038,Data Types
vqNkppoZuHFA,27,easy,1,16952,Data Preprocessing
vqNkppoZuHFA,28,medium,1,21214,Scaling & Normalization
vqNkppoZuHFA,29,easy,1,13189,Scaling & Normalization
vqNkppoZuHFA,30,easy,1,11662,Data Preprocessing
hpYESXQ1czwb,1,hard,0,28856,Data Mining Tasks
hpYESXQ1czwb,2,easy,1,10295,Similarity Measures
hpYESXQ1czwb,3,easy,1,15884,Similarity Measures
hpYESXQ1czwb,4,easy,1,14532,Similarity Measures
hpYESXQ1czwb,5,medium,0,31250,Similarity Measures
hpYESXQ1czwb,6,easy,0,23687,Time Series Data
hpYESXQ1czwb,7,easy,1,17210,Data Types
hpYESXQ1czwb,8,easy,1,14532,Data Types
hpYESXQ1czwb,9,easy,1,15417,Similarity Measures
hpYESXQ1czwb,10,easy,1,14532,Programming Tools (NumPy/Pandas)
hpYESXQ1czwb,11,easy,1,14532,Programming Tools (NumPy/Pandas)
hpYESXQ1czwb,12,easy,1,14532,Programming Tools (NumPy/Pandas)
hpYESXQ1czwb,13,easy,1,15884,Programming Tools (NumPy/Pandas)
hpYESXQ1czwb,14,medium,1,28270,Data Types
hpYESXQ1czwb,15,medium,0,32807,Data Types
hpYESXQ1czwb,16,easy,1,26459,Data Types
hpYESXQ1czwb,17,easy,1,21501,Data Types
hpYESXQ1czwb,18,hard,0,24222,Unsupervised Learning
hpYESXQ1czwb,19,easy,1,14764,Unsupervised Learning
hpYESXQ1czwb,20,hard,0,27974,Data Types
hpYESXQ1czwb,21,hard,0,23808,Data Mining Tasks
hpYESXQ1czwb,22,easy,1,14532,Data Types
hpYESXQ1czwb,23,hard,0,27154,Unsupervised Learning
hpYESXQ1czwb,24,hard,0,23227,Data Types
hpYESXQ1czwb,25,hard,0,29054,Unsupervised Learning
hpYESXQ1czwb,26,hard,1,32858,Data Types
hpYESXQ1czwb,27,easy,1,18294,Data Preprocessing
hpYESXQ1czwb,28,medium,1,23992,Scaling & Normalization
hpYESXQ1czwb,29,easy,1,14532,Scaling & Normalization
hpYESXQ1czwb,30,easy,1,12991,Data Preprocessing
8JOElN1piVew,1,hard,0,25597,Data Mining Tasks
8JOElN1piVew,2,easy,1,10075,Similarity Measures
8JOElN1piVew,3,easy,1,15772,Similarity Measures
8JOElN1piVew,4,easy,1,14378,Similarity Measures
8JOElN1piVew,5,medium,1,22558,Similarity Measures
8JOElN1piVew,6,easy,1,17816,Time Series Data
8JOElN1piVew,7,easy,1,16666,Data Types
8JOElN1piVew,8,easy,1,14378,Data Types
8JOElN1piVew,9,easy,1,15027,Similarity Measures
8JOElN1piVew,10,easy,1,14378,Programming Tools (NumPy/Pandas)
8JOElN1piVew,11,easy,1,14378,Programming Tools (NumPy/Pandas)
8JOElN1piVew,12,easy,1,14378,Programming Tools (NumPy/Pandas)
8JOElN1piVew,13,easy,1,15772,Programming Tools (NumPy/Pandas)
8JOElN1piVew,14,medium,0,26594,Data Types
8JOElN1piVew,15,medium,0,26479,Data Types
8JOElN1piVew,16,easy,1,24504,Data Types
8JOElN1piVew,17,easy,1,20316,Data Types
8JOElN1piVew,18,hard,0,24400,Unsupervised Learning
8JOElN1piVew,19,easy,1,14622,Unsupervised Learning
8JOElN1piVew,20,hard,0,23014,Data Types
8JOElN1piVew,21,hard,0,22589,Data Mining Tasks
8JOElN1piVew,22,easy,1,14378,Data Types
8JOElN1piVew,23,hard,0,24300,Unsupervised Learning
8JOElN1piVew,24,hard,0,23131,Data Types
8JOElN1piVew,25,hard,1,25661,Unsupervised Learning
8JOElN1piVew,26,hard,0,27463,Data Types
8JOElN1piVew,27,easy,1,18165,Data Preprocessing
8JOElN1piVew,28,medium,1,21548,Scaling & Normalization
8JOElN1piVew,29,easy,1,14378,Scaling & Normalization
8JOElN1piVew,30,easy,1,12713,Data Preprocessing
y9lkze6lHiAa,1,hard,0,16414,Data Mining Tasks
y9lkze6lHiAa,2,easy,1,6361,Similarity Measures
y9lkze6lHiAa,3,easy,1,13874,Similarity Measures
y9lkze6lHiAa,4,easy,1,8932,Similarity Measures
y9lkze6lHiAa,5,medium,0,15862,Similarity Measures
y9lkze6lHiAa,6,easy,0,14983,Time Series Data
y9lkze6lHiAa,7,easy,0,14063,Data Types
y9lkze6lHiAa,8,easy,1,8932,Data Types
y9lkze6lHiAa,9,easy,0,13512,Similarity Measures
y9lkze6lHiAa,10,easy,1,8932,Programming Tools (NumPy/Pandas)
y9lkze6lHiAa,11,easy,1,8932,Programming Tools (NumPy/Pandas)
y9lkze6lHiAa,12,easy,1,8932,Programming Tools (NumPy/Pandas)
y9lkze6lHiAa,13,easy,1,13874,Programming Tools (NumPy/Pandas)
y9lkze6lHiAa,14,medium,0,16959,Data Types
y9lkze6lHiAa,15,medium,0,16725,Data Types
y9lkze6lHiAa,16,easy,0,15766,Data Types
y9lkze6lHiAa,17,easy,0,15686,Data Types
y9lkze6lHiAa,18,hard,0,10112,Unsupervised Learning
y9lkze6lHiAa,19,easy,0,13140,Unsupervised Learning
y9lkze6lHiAa,20,hard,0,10936,Data Types
y9lkze6lHiAa,21,hard,0,10108,Data Mining Tasks
y9lkze6lHiAa,22,easy,1,8932,Data Types
y9lkze6lHiAa,23,hard,0,13396,Unsupervised Learning
y9lkze6lHiAa,24,hard,0,9325,Data Types
y9lkze6lHiAa,25,hard,0,16527,Unsupervised Learning
y9lkze6lHiAa,26,hard,0,16186,Data Types
y9lkze6lHiAa,27,easy,0,15214,Data Preprocessing
y9lkze6lHiAa,28,medium,1,18594,Scaling & Normalization
y9lkze6lHiAa,29,easy,1,8932,Scaling & Normalization
y9lkze6lHiAa,30,easy,1,7547,Data Preprocessing
cn7NB6JfQDTq,1,hard,1,28926,Data Mining Tasks
cn7NB6JfQDTq,2,easy,1,9274,Similarity Measures
cn7NB6JfQDTq,3,easy,1,15769,Similarity Measures
cn7NB6JfQDTq,4,easy,0,14809,Similarity Measures
cn7NB6JfQDTq,5,medium,0,27423,Similarity Measures
cn7NB6JfQDTq,6,easy,1,19403,Time Series Data
cn7NB6JfQDTq,7,easy,0,21703,Data Types
cn7NB6JfQDTq,8,easy,1,13046,Data Types
cn7NB6JfQDTq,9,easy,1,15796,Similarity Measures
cn7NB6JfQDTq,10,easy,1,13046,Programming Tools (NumPy/Pandas)
cn7NB6JfQDTq,11,easy,1,13046,Programming Tools (NumPy/Pandas)
cn7NB6JfQDTq,12,easy,1,13046,Programming Tools (NumPy/Pandas)
cn7NB6JfQDTq,13,easy,1,15769,Programming Tools (NumPy/Pandas)
cn7NB6JfQDTq,14,medium,0,29331,Data Types
cn7NB6JfQDTq,15,medium,0,29205,Data Types
cn7NB6JfQDTq,16,easy,1,26687,Data Types
cn7NB6JfQDTq,17,easy,1,22275,Data Types
cn7NB6JfQDTq,18,hard,0,28368,Unsupervised Learning
cn7NB6JfQDTq,19,easy,1,14813,Unsupervised Learning
cn7NB6JfQDTq,20,hard,0,25378,Data Types
cn7NB6JfQDTq,21,hard,0,25290,Data Mining Tasks
cn7NB6JfQDTq,22,easy,1,13046,Data Types
cn7NB6JfQDTq,23,hard,1,30076,Unsupervised Learning
cn7NB6JfQDTq,24,hard,0,25768,Data Types
cn7NB6JfQDTq,25,hard,1,28831,Unsupervised Learning
cn7NB6JfQDTq,26,hard,0,30284,Data Types
cn7NB6JfQDTq,27,easy,1,17892,Data Preprocessing
cn7NB6JfQDTq,28,medium,1,24444,Scaling & Normalization
cn7NB6JfQDTq,29,easy,1,13046,Scaling & Normalization
cn7NB6JfQDTq,30,easy,1,11615,Data Preprocessing
AwYMPKmPfMTD,1,hard,0,27963,Data Mining Tasks
AwYMPKmPfMTD,2,easy,1,9844,Similarity Measures
AwYMPKmPfMTD,3,easy,1,16106,Similarity Measures
AwYMPKmPfMTD,4,easy,1,14036,Similarity Measures
AwYMPKmPfMTD,5,medium,0,27162,Similarity Measures
AwYMPKmPfMTD,6,easy,1,19218,Time Series Data
AwYMPKmPfMTD,7,easy,1,17996,Data Types
AwYMPKmPfMTD,8,easy,1,14036,Data Types
AwYMPKmPfMTD,9,easy,1,15916,Similarity Measures
AwYMPKmPfMTD,10,easy,1,14036,Programming Tools (NumPy/Pandas)
AwYMPKmPfMTD,11,easy,1,14036,Programming Tools (NumPy/Pandas)
AwYMPKmPfMTD,12,easy,1,14036,Programming Tools (NumPy/Pandas)
AwYMPKmPfMTD,13,easy,1,16106,Programming Tools (NumPy/Pandas)
AwYMPKmPfMTD,14,medium,0,29051,Data Types
AwYMPKmPfMTD,15,medium,1,28339,Data Types
AwYMPKmPfMTD,16,easy,1,26432,Data Types
AwYMPKmPfMTD,17,easy,0,24388,Data Types
AwYMPKmPfMTD,18,hard,0,28346,Unsupervised Learning
AwYMPKmPfMTD,19,easy,1,14925,Unsupervised Learning
AwYMPKmPfMTD,20,hard,0,25136,Data Types
AwYMPKmPfMTD,21,hard,0,25048,Data Mining Tasks
AwYMPKmPfMTD,22,easy,1,14036,Data Types
AwYMPKmPfMTD,23,hard,0,26540,Unsupervised Learning
AwYMPKmPfMTD,24,hard,0,25522,Data Types
AwYMPKmPfMTD,25,hard,1,28556,Unsupervised Learning
AwYMPKmPfMTD,26,hard,0,29995,Data Types
AwYMPKmPfMTD,27,easy,1,18275,Data Preprocessing
AwYMPKmPfMTD,28,medium,1,24211,Scaling & Normalization
AwYMPKmPfMTD,29,easy,1,14036,Scaling & Normalization
AwYMPKmPfMTD,30,easy,1,12329,Data Preprocessing
wlfxRfJtBw5L,1,hard,0,24496,Data Mining Tasks
wlfxRfJtBw5L,2,easy,1,8392,Similarity Measures
wlfxRfJtBw5L,3,easy,1,14145,Similarity Measures
wlfxRfJtBw5L,4,easy,1,11884,Similarity Measures
wlfxRfJtBw5L,5,medium,0,23825,Similarity Measures
wlfxRfJtBw5L,6,easy,1,17407,Time Series Data
wlfxRfJtBw5L,7,easy,0,20753,Data Types
wlfxRfJtBw5L,8,easy,1,11884,Data Types
wlfxRfJtBw5L,9,easy,1,14267,Similarity Measures
wlfxRfJtBw5L,10,easy,1,11884,Programming Tools (NumPy/Pandas)
wlfxRfJtBw5L,11,easy,1,11884,Programming Tools (NumPy/Pandas)
wlfxRfJtBw5L,12,easy,1,11884,Programming Tools (NumPy/Pandas)
wlfxRfJtBw5L,13,easy,1,14145,Programming Tools (NumPy/Pandas)
wlfxRfJtBw5L,14,medium,0,25449,Data Types
wlfxRfJtBw5L,15,medium,0,25340,Data Types
wlfxRfJtBw5L,16,easy,1,23942,Data Types
wlfxRfJtBw5L,17,easy,1,19700,Data Types
wlfxRfJtBw5L,18,hard,0,23037,Unsupervised Learning
wlfxRfJtBw5L,19,easy,1,13340,Unsupervised Learning
wlfxRfJtBw5L,20,hard,0,21728,Data Types
wlfxRfJtBw5L,21,hard,0,21327,Data Mining Tasks
wlfxRfJtBw5L,22,easy,1,11884,Data Types
wlfxRfJtBw5L,23,hard,0,22942,Unsupervised Learning
wlfxRfJtBw5L,24,hard,0,21403,Data Types
wlfxRfJtBw5L,25,hard,1,24228,Unsupervised Learning
wlfxRfJtBw5L,26,hard,0,25929,Data Types
wlfxRfJtBw5L,27,easy,1,16291,Data Preprocessing
wlfxRfJtBw5L,28,medium,1,20473,Scaling & Normalization
wlfxRfJtBw5L,29,easy,1,11884,Scaling & Normalization
wlfxRfJtBw5L,30,easy,1,10590,Data Preprocessing
wLeCyVvKyFT8,1,hard,0,25597,Data Mining Tasks
wLeCyVvKyFT8,2,easy,1,10075,Similarity Measures
wLeCyVvKyFT8,3,easy,1,15772,Similarity Measures
wLeCyVvKyFT8,4,easy,1,14378,Similarity Measures
wLeCyVvKyFT8,5,medium,1,22558,Similarity Measures
wLeCyVvKyFT8,6,easy,1,17816,Time Series Data
wLeCyVvKyFT8,7,easy,1,16666,Data Types
wLeCyVvKyFT8,8,easy,1,14378,Data Types
wLeCyVvKyFT8,9,easy,1,15027,Similarity Measures
wLeCyVvKyFT8,10,easy,1,14378,Programming Tools (NumPy/Pandas)
wLeCyVvKyFT8,11,easy,1,14378,Programming Tools (NumPy/Pandas)
wLeCyVvKyFT8,12,easy,1,14378,Programming Tools (NumPy/Pandas)
wLeCyVvKyFT8,13,easy,1,15772,Programming Tools (NumPy/Pandas)
wLeCyVvKyFT8,14,medium,0,26594,Data Types
wLeCyVvKyFT8,15,medium,0,26479,Data Types
wLeCyVvKyFT8,16,easy,0,28050,Data Types
wLeCyVvKyFT8,17,easy,1,20316,Data Types
wLeCyVvKyFT8,18,hard,0,24400,Unsupervised Learning
wLeCyVvKyFT8,19,easy,1,14622,Unsupervised Learning
wLeCyVvKyFT8,20,hard,0,23014,Data Types
wLeCyVvKyFT8,21,hard,0,22589,Data Mining Tasks
wLeCyVvKyFT8,22,easy,1,14378,Data Types
wLeCyVvKyFT8,23,hard,0,24300,Unsupervised Learning
wLeCyVvKyFT8,24,hard,0,23131,Data Types
wLeCyVvKyFT8,25,hard,0,25773,Unsupervised Learning
wLeCyVvKyFT8,26,hard,1,27344,Data Types
wLeCyVvKyFT8,27,easy,1,18165,Data Preprocessing
wLeCyVvKyFT8,28,medium,0,24849,Scaling & Normalization
wLeCyVvKyFT8,29,easy,1,14378,Scaling & Normalization
wLeCyVvKyFT8,30,easy,1,12713,Data Preprocessing
QJyEL3O7YA2f,1,hard,0,30533,Data Mining Tasks
QJyEL3O7YA2f,2,easy,1,11094,Similarity Measures
QJyEL3O7YA2f,3,easy,1,17117,Similarity Measures
QJyEL3O7YA2f,4,easy,1,15659,Similarity Measures
QJyEL3O7YA2f,5,medium,1,27500,Similarity Measures
QJyEL3O7YA2f,6,easy,1,20195,Time Series Data
QJyEL3O7YA2f,7,easy,0,24396,Data Types
QJyEL3O7YA2f,8,easy,1,15659,Data Types
QJyEL3O7YA2f,9,easy,0,23023,Similarity Measures
QJyEL3O7YA2f,10,easy,1,15659,Programming Tools (NumPy/Pandas)
QJyEL3O7YA2f,11,easy,1,15659,Programming Tools (NumPy/Pandas)
QJyEL3O7YA2f,12,easy,1,15659,Programming Tools (NumPy/Pandas)
QJyEL3O7YA2f,13,easy,1,17117,Programming Tools (NumPy/Pandas)
QJyEL3O7YA2f,14,medium,0,34863,Data Types
QJyEL3O7YA2f,15,medium,0,34713,Data Types
QJyEL3O7YA2f,16,easy,1,28512,Data Types
QJyEL3O7YA2f,17,easy,1,23169,Data Types
QJyEL3O7YA2f,18,hard,0,25873,Unsupervised Learning
QJyEL3O7YA2f,19,easy,1,15909,Unsupervised Learning
QJyEL3O7YA2f,20,hard,0,29881,Data Types
QJyEL3O7YA2f,21,hard,0,25431,Data Mining Tasks
QJyEL3O7YA2f,22,easy,1,15659,Data Types
QJyEL3O7YA2f,23,hard,1,32952,Unsupervised Learning
QJyEL3O7YA2f,24,hard,0,24810,Data Types
QJyEL3O7YA2f,25,hard,0,30742,Unsupervised Learning
QJyEL3O7YA2f,26,hard,1,34974,Data Types
QJyEL3O7YA2f,27,easy,1,19714,Data Preprocessing
QJyEL3O7YA2f,28,medium,1,25853,Scaling & Normalization
QJyEL3O7YA2f,29,easy,1,15659,Scaling & Normalization
QJyEL3O7YA2f,30,easy,1,13999,Data Preprocessing
xOKhxIy4WoKi,1,hard,1,30021,Data Mining Tasks
xOKhxIy4WoKi,2,easy,1,10670,Similarity Measures
xOKhxIy4WoKi,3,easy,1,16463,Similarity Measures
xOKhxIy4WoKi,4,easy,1,15061,Similarity Measures
xOKhxIy4WoKi,5,medium,1,26450,Similarity Measures
xOKhxIy4WoKi,6,easy,1,19424,Time Series Data
xOKhxIy4WoKi,7,easy,1,17837,Data Types
xOKhxIy4WoKi,8,easy,1,15061,Data Types
xOKhxIy4WoKi,9,easy,1,15809,Similarity Measures
xOKhxIy4WoKi,10,easy,1,15061,Programming Tools (NumPy/Pandas)
xOKhxIy4WoKi,11,easy,1,15061,Programming Tools (NumPy/Pandas)
xOKhxIy4WoKi,12,easy,1,15061,Programming Tools (NumPy/Pandas)
xOKhxIy4WoKi,13,easy,1,16463,Programming Tools (NumPy/Pandas)
xOKhxIy4WoKi,14,medium,1,29300,Data Types
xOKhxIy4WoKi,15,medium,1,29468,Data Types
xOKhxIy4WoKi,16,easy,1,27423,Data Types
xOKhxIy4WoKi,17,easy,1,22285,Data Types
xOKhxIy4WoKi,18,hard,0,25345,Unsupervised Learning
xOKhxIy4WoKi,19,easy,1,15302,Unsupervised Learning
xOKhxIy4WoKi,20,hard,0,29272,Data Types
xOKhxIy4WoKi,21,hard,0,24913,Data Mining Tasks
xOKhxIy4WoKi,22,easy,1,15061,Data Types
xOKhxIy4WoKi,23,hard,0,28146,Unsupervised Learning
xOKhxIy4WoKi,24,hard,0,24305,Data Types
xOKhxIy4WoKi,25,hard,1,29923,Unsupervised Learning
xOKhxIy4WoKi,26,hard,0,33855,Data Types
xOKhxIy4WoKi,27,easy,1,18961,Data Preprocessing
xOKhxIy4WoKi,28,medium,1,24866,Scaling & Normalization
xOKhxIy4WoKi,29,easy,1,15061,Scaling & Normalization
xOKhxIy4WoKi,30,easy,1,13465,Data Preprocessing
nojDz9QSjRLy,1,hard,0,27657,Data Mining Tasks
nojDz9QSjRLy,2,easy,1,8863,Similarity Measures
nojDz9QSjRLy,3,easy,1,14939,Similarity Measures
nojDz9QSjRLy,4,easy,1,12592,Similarity Measures
nojDz9QSjRLy,5,medium,0,26865,Similarity Measures
nojDz9QSjRLy,6,easy,1,18659,Time Series Data
nojDz9QSjRLy,7,easy,1,17176,Data Types
nojDz9QSjRLy,8,easy,1,12592,Data Types
nojDz9QSjRLy,9,easy,1,15190,Similarity Measures
nojDz9QSjRLy,10,easy,1,12592,Programming Tools (NumPy/Pandas)
nojDz9QSjRLy,11,easy,1,12592,Programming Tools (NumPy/Pandas)
nojDz9QSjRLy,12,easy,1,12592,Programming Tools (NumPy/Pandas)
nojDz9QSjRLy,13,easy,1,14939,Programming Tools (NumPy/Pandas)
nojDz9QSjRLy,14,medium,0,28733,Data Types
nojDz9QSjRLy,15,medium,0,28610,Data Types
nojDz9QSjRLy,16,easy,0,28946,Data Types
nojDz9QSjRLy,17,easy,0,24121,Data Types
nojDz9QSjRLy,18,hard,0,27795,Unsupervised Learning
nojDz9QSjRLy,19,easy,1,14245,Unsupervised Learning
nojDz9QSjRLy,20,hard,0,24865,Data Types
nojDz9QSjRLy,21,hard,0,24779,Data Mining Tasks
nojDz9QSjRLy,22,easy,1,12592,Data Types
nojDz9QSjRLy,23,hard,1,28928,Unsupervised Learning
nojDz9QSjRLy,24,hard,1,28489,Data Types
nojDz9QSjRLy,25,hard,0,27846,Unsupervised Learning
nojDz9QSjRLy,26,hard,0,29672,Data Types
nojDz9QSjRLy,27,easy,1,17206,Data Preprocessing
nojDz9QSjRLy,28,medium,1,23507,Scaling & Normalization
nojDz9QSjRLy,29,easy,1,12592,Scaling & Normalization
nojDz9QSjRLy,30,easy,1,11101,Data Preprocessing
GiEhMndZmOa5,1,hard,1,27729,Data Mining Tasks
GiEhMndZmOa5,2,easy,1,8835,Similarity Measures
GiEhMndZmOa5,3,easy,1,14892,Similarity Measures
GiEhMndZmOa5,4,easy,1,12552,Similarity Measures
GiEhMndZmOa5,5,medium,1,24531,Similarity Measures
GiEhMndZmOa5,6,easy,1,18600,Time Series Data
GiEhMndZmOa5,7,easy,1,17122,Data Types
GiEhMndZmOa5,8,easy,1,12552,Data Types
GiEhMndZmOa5,9,easy,0,19237,Similarity Measures
GiEhMndZmOa5,10,easy,1,12552,Programming Tools (NumPy/Pandas)
GiEhMndZmOa5,11,easy,1,12552,Programming Tools (NumPy/Pandas)
GiEhMndZmOa5,12,easy,0,14514,Programming Tools (NumPy/Pandas)
GiEhMndZmOa5,13,easy,1,14892,Programming Tools (NumPy/Pandas)
GiEhMndZmOa5,14,medium,0,28642,Data Types
GiEhMndZmOa5,15,medium,0,28519,Data Types
GiEhMndZmOa5,16,easy,0,28855,Data Types
GiEhMndZmOa5,17,easy,0,24045,Data Types
GiEhMndZmOa5,18,hard,0,27707,Unsupervised Learning
GiEhMndZmOa5,19,easy,1,14200,Unsupervised Learning
GiEhMndZmOa5,20,hard,0,24787,Data Types
GiEhMndZmOa5,21,hard,0,24700,Data Mining Tasks
GiEhMndZmOa5,22,easy,1,12552,Data Types
GiEhMndZmOa5,23,hard,0,26171,Unsupervised Learning
GiEhMndZmOa5,24,hard,0,25168,Data Types
GiEhMndZmOa5,25,hard,0,27758,Unsupervised Learning
GiEhMndZmOa5,26,hard,0,29578,Data Types
GiEhMndZmOa5,27,easy,1,17152,Data Preprocessing
GiEhMndZmOa5,28,medium,1,23433,Scaling & Normalization
GiEhMndZmOa5,29,easy,1,12552,Scaling & Normalization
GiEhMndZmOa5,30,easy,1,11066,Data Preprocessing
oF1pjrJTOBWB,1,hard,0,27657,Data Mining Tasks
oF1pjrJTOBWB,2,easy,1,8863,Similarity Measures
oF1pjrJTOBWB,3,easy,1,14939,Similarity Measures
oF1pjrJTOBWB,4,easy,1,12592,Similarity Measures
oF1pjrJTOBWB,5,medium,1,24609,Similarity Measures
oF1pjrJTOBWB,6,easy,1,18659,Time Series Data
oF1pjrJTOBWB,7,easy,1,17176,Data Types
oF1pjrJTOBWB,8,easy,1,12592,Data Types
oF1pjrJTOBWB,9,easy,1,15190,Similarity Measures
oF1pjrJTOBWB,10,easy,1,12592,Programming Tools (NumPy/Pandas)
oF1pjrJTOBWB,11,easy,1,12592,Programming Tools (NumPy/Pandas)
oF1pjrJTOBWB,12,easy,1,12592,Programming Tools (NumPy/Pandas)
oF1pjrJTOBWB,13,easy,1,14939,Programming Tools (NumPy/Pandas)
oF1pjrJTOBWB,14,medium,0,28733,Data Types
oF1pjrJTOBWB,15,medium,0,28610,Data Types
oF1pjrJTOBWB,16,easy,0,28946,Data Types
oF1pjrJTOBWB,17,easy,0,24121,Data Types
oF1pjrJTOBWB,18,hard,0,27795,Unsupervised Learning
oF1pjrJTOBWB,19,easy,1,14245,Unsupervised Learning
oF1pjrJTOBWB,20,hard,0,24865,Data Types
oF1pjrJTOBWB,21,hard,0,24779,Data Mining Tasks
oF1pjrJTOBWB,22,easy,1,12592,Data Types
oF1pjrJTOBWB,23,hard,0,26254,Unsupervised Learning
oF1pjrJTOBWB,24,hard,0,25248,Data Types
oF1pjrJTOBWB,25,hard,0,27846,Unsupervised Learning
oF1pjrJTOBWB,26,hard,0,29672,Data Types
oF1pjrJTOBWB,27,easy,1,17206,Data Preprocessing
oF1pjrJTOBWB,28,medium,0,26622,Scaling & Normalization
oF1pjrJTOBWB,29,easy,1,12592,Scaling & Normalization
oF1pjrJTOBWB,30,easy,1,11101,Data Preprocessing
VgoqnXYkjUhL,1,hard,0,27122,Data Mining Tasks
VgoqnXYkjUhL,2,easy,1,9433,Similarity Measures
VgoqnXYkjUhL,3,easy,1,14554,Similarity Measures
VgoqnXYkjUhL,4,easy,1,12945,Similarity Measures
VgoqnXYkjUhL,5,medium,1,22888,Similarity Measures
VgoqnXYkjUhL,6,easy,0,21059,Time Series Data
VgoqnXYkjUhL,7,easy,1,15870,Data Types
VgoqnXYkjUhL,8,easy,1,12945,Data Types
VgoqnXYkjUhL,9,easy,1,14156,Similarity Measures
VgoqnXYkjUhL,10,easy,1,12945,Programming Tools (NumPy/Pandas)
VgoqnXYkjUhL,11,easy,1,12945,Programming Tools (NumPy/Pandas)
VgoqnXYkjUhL,12,easy,1,12945,Programming Tools (NumPy/Pandas)
VgoqnXYkjUhL,13,easy,1,14554,Programming Tools (NumPy/Pandas)
VgoqnXYkjUhL,14,medium,0,30614,Data Types
VgoqnXYkjUhL,15,medium,1,25942,Data Types
VgoqnXYkjUhL,16,easy,1,23989,Data Types
VgoqnXYkjUhL,17,easy,1,19400,Data Types
VgoqnXYkjUhL,18,hard,0,22003,Unsupervised Learning
VgoqnXYkjUhL,19,easy,1,13653,Unsupervised Learning
VgoqnXYkjUhL,20,hard,0,26709,Data Types
VgoqnXYkjUhL,21,hard,0,20983,Data Mining Tasks
VgoqnXYkjUhL,22,easy,1,12945,Data Types
VgoqnXYkjUhL,23,hard,0,26256,Unsupervised Learning
VgoqnXYkjUhL,24,hard,1,28439,Data Types
VgoqnXYkjUhL,25,hard,1,27178,Unsupervised Learning
VgoqnXYkjUhL,26,hard,0,29575,Data Types
VgoqnXYkjUhL,27,easy,1,16762,Data Preprocessing
VgoqnXYkjUhL,28,medium,1,21517,Scaling & Normalization
VgoqnXYkjUhL,29,easy,1,12945,Scaling & Normalization
VgoqnXYkjUhL,30,easy,1,11903,Data Preprocessing
Mcvs7l2qNfTq,1,hard,0,25438,Data Mining Tasks
Mcvs7l2qNfTq,2,easy,1,8215,Similarity Measures
Mcvs7l2qNfTq,3,easy,1,14945,Similarity Measures
Mcvs7l2qNfTq,4,easy,1,11536,Similarity Measures
Mcvs7l2qNfTq,5,medium,1,23913,Similarity Measures
Mcvs7l2qNfTq,6,easy,1,18668,Time Series Data
Mcvs7l2qNfTq,7,easy,1,17138,Data Types
Mcvs7l2qNfTq,8,easy,1,11536,Data Types
Mcvs7l2qNfTq,9,easy,1,15113,Similarity Measures
Mcvs7l2qNfTq,10,easy,1,11536,Programming Tools (NumPy/Pandas)
Mcvs7l2qNfTq,11,easy,1,11536,Programming Tools (NumPy/Pandas)
Mcvs7l2qNfTq,12,easy,1,11536,Programming Tools (NumPy/Pandas)
Mcvs7l2qNfTq,13,easy,1,14945,Programming Tools (NumPy/Pandas)
Mcvs7l2qNfTq,14,medium,0,26384,Data Types
Mcvs7l2qNfTq,15,medium,0,25920,Data Types
Mcvs7l2qNfTq,16,easy,0,27124,Data Types
Mcvs7l2qNfTq,17,easy,1,21171,Data Types
Mcvs7l2qNfTq,18,hard,0,21092,Unsupervised Learning
Mcvs7l2qNfTq,19,easy,1,13990,Unsupervised Learning
Mcvs7l2qNfTq,20,hard,0,21676,Data Types
Mcvs7l2qNfTq,21,hard,0,19831,Data Mining Tasks
Mcvs7l2qNfTq,22,easy,1,11536,Data Types
Mcvs7l2qNfTq,23,hard,0,23173,Unsupervised Learning
Mcvs7l2qNfTq,24,hard,0,18340,Data Types
Mcvs7l2qNfTq,25,hard,0,25612,Unsupervised Learning
Mcvs7l2qNfTq,26,hard,0,27286,Data Types
Mcvs7l2qNfTq,27,easy,1,16839,Data Preprocessing
Mcvs7l2qNfTq,28,medium,0,24343,Scaling & Normalization
Mcvs7l2qNfTq,29,easy,1,11536,Scaling & Normalization
Mcvs7l2qNfTq,30,easy,1,9747,Data Preprocessing
vgAkx62M3oPn,1,hard,1,28547,Data Mining Tasks
vgAkx62M3oPn,2,easy,1,10223,Similarity Measures
vgAkx62M3oPn,3,easy,1,16004,Similarity Measures
vgAkx62M3oPn,4,easy,1,14590,Similarity Measures
vgAkx62M3oPn,5,medium,1,25151,Similarity Measures
vgAkx62M3oPn,6,easy,1,18610,Time Series Data
vgAkx62M3oPn,7,easy,1,17137,Data Types
vgAkx62M3oPn,8,easy,1,14590,Data Types
vgAkx62M3oPn,9,easy,1,15303,Similarity Measures
vgAkx62M3oPn,10,easy,1,14590,Programming Tools (NumPy/Pandas)
vgAkx62M3oPn,11,easy,1,14590,Programming Tools (NumPy/Pandas)
vgAkx62M3oPn,12,easy,1,14590,Programming Tools (NumPy/Pandas)
vgAkx62M3oPn,13,easy,1,16004,Programming Tools (NumPy/Pandas)
vgAkx62M3oPn,14,medium,0,32004,Data Types
vgAkx62M3oPn,15,medium,1,28021,Data Types
vgAkx62M3oPn,16,easy,1,26274,Data Types
vgAkx62M3oPn,17,easy,0,25475,Data Types
vgAkx62M3oPn,18,hard,0,27864,Unsupervised Learning
vgAkx62M3oPn,19,easy,1,14837,Unsupervised Learning
vgAkx62M3oPn,20,hard,0,28860,Data Types
vgAkx62M3oPn,21,hard,0,25796,Data Mining Tasks
vgAkx62M3oPn,22,easy,1,14590,Data Types
vgAkx62M3oPn,23,hard,1,30031,Unsupervised Learning
vgAkx62M3oPn,24,hard,0,26414,Data Types
vgAkx62M3oPn,25,hard,0,29496,Unsupervised Learning
vgAkx62M3oPn,26,hard,0,31430,Data Types
vgAkx62M3oPn,27,easy,1,18432,Data Preprocessing
vgAkx62M3oPn,28,medium,0,29604,Scaling & Normalization
vgAkx62M3oPn,29,easy,1,14590,Scaling & Normalization
vgAkx62M3oPn,30,easy,1,12900,Data Preprocessing
9xt9EeOQtcXZ,1,hard,0,25597,Data Mining Tasks
9xt9EeOQtcXZ,2,easy,1,10075,Similarity Measures
9xt9EeOQtcXZ,3,easy,1,15772,Similarity Measures
9xt9EeOQtcXZ,4,easy,1,14378,Similarity Measures
9xt9EeOQtcXZ,5,medium,1,22558,Similarity Measures
9xt9EeOQtcXZ,6,easy,1,17816,Time Series Data
9xt9EeOQtcXZ,7,easy,1,16666,Data Types
9xt9EeOQtcXZ,8,easy,1,14378,Data Types
9xt9EeOQtcXZ,9,easy,1,15027,Similarity Measures
9xt9EeOQtcXZ,10,easy,1,14378,Programming Tools (NumPy/Pandas)
9xt9EeOQtcXZ,11,easy,1,14378,Programming Tools (NumPy/Pandas)
9xt9EeOQtcXZ,12,easy,1,14378,Programming Tools (NumPy/Pandas)
9xt9EeOQtcXZ,13,easy,1,15772,Programming Tools (NumPy/Pandas)
9xt9EeOQtcXZ,14,medium,1,25320,Data Types
9xt9EeOQtcXZ,15,medium,0,26479,Data Types
9xt9EeOQtcXZ,16,easy,0,28050,Data Types
9xt9EeOQtcXZ,17,easy,1,20316,Data Types
9xt9EeOQtcXZ,18,hard,1,27737,Unsupervised Learning
9xt9EeOQtcXZ,19,easy,1,14622,Unsupervised Learning
9xt9EeOQtcXZ,20,hard,0,23014,Data Types
9xt9EeOQtcXZ,21,hard,0,22589,Data Mining Tasks
9xt9EeOQtcXZ,22,easy,1,14378,Data Types
9xt9EeOQtcXZ,23,hard,0,24300,Unsupervised Learning
9xt9EeOQtcXZ,24,hard,0,23131,Data Types
9xt9EeOQtcXZ,25,hard,0,25773,Unsupervised Learning
9xt9EeOQtcXZ,26,hard,0,27463,Data Types
9xt9EeOQtcXZ,27,easy,1,18165,Data Preprocessing
9xt9EeOQtcXZ,28,medium,1,21548,Scaling & Normalization
9xt9EeOQtcXZ,29,easy,1,14378,Scaling & Normalization
9xt9EeOQtcXZ,30,easy,1,12713,Data Preprocessing
GiNOB0aoa84q,1,hard,0,25597,Data Mining Tasks
GiNOB0aoa84q,2,easy,1,10075,Similarity Measures
GiNOB0aoa84q,3,easy,1,15772,Similarity Measures
GiNOB0aoa84q,4,easy,1,14378,Similarity Measures
GiNOB0aoa84q,5,medium,0,25076,Similarity Measures
GiNOB0aoa84q,6,easy,1,17816,Time Series Data
GiNOB0aoa84q,7,easy,1,16666,Data Types
GiNOB0aoa84q,8,easy,1,14378,Data Types
GiNOB0aoa84q,9,easy,1,15027,Similarity Measures
GiNOB0aoa84q,10,easy,1,14378,Programming Tools (NumPy/Pandas)
GiNOB0aoa84q,11,easy,1,14378,Programming Tools (NumPy/Pandas)
GiNOB0aoa84q,12,easy,1,14378,Programming Tools (NumPy/Pandas)
GiNOB0aoa84q,13,easy,1,15772,Programming Tools (NumPy/Pandas)
GiNOB0aoa84q,14,medium,0,26594,Data Types
GiNOB0aoa84q,15,medium,0,26479,Data Types
GiNOB0aoa84q,16,easy,0,28050,Data Types
GiNOB0aoa84q,17,easy,0,23295,Data Types
GiNOB0aoa84q,18,hard,0,24400,Unsupervised Learning
GiNOB0aoa84q,19,easy,1,14622,Unsupervised Learning
GiNOB0aoa84q,20,hard,0,23014,Data Types
GiNOB0aoa84q,21,hard,0,22589,Data Mining Tasks
GiNOB0aoa84q,22,easy,1,14378,Data Types
GiNOB0aoa84q,23,hard,0,24300,Unsupervised Learning
GiNOB0aoa84q,24,hard,0,23131,Data Types
GiNOB0aoa84q,25,hard,0,25773,Unsupervised Learning
GiNOB0aoa84q,26,hard,0,27463,Data Types
GiNOB0aoa84q,27,easy,1,18165,Data Preprocessing
GiNOB0aoa84q,28,medium,0,24849,Scaling & Normalization
GiNOB0aoa84q,29,easy,1,14378,Scaling & Normalization
GiNOB0aoa84q,30,easy,1,12713,Data Preprocessing
DI3Mqi034afd,1,hard,0,31440,Data Mining Tasks
DI3Mqi034afd,2,easy,1,9715,Similarity Measures
DI3Mqi034afd,3,easy,1,14990,Similarity Measures
DI3Mqi034afd,4,easy,1,13496,Similarity Measures
DI3Mqi034afd,5,medium,1,23993,Similarity Measures
DI3Mqi034afd,6,easy,1,17640,Time Series Data
DI3Mqi034afd,7,easy,1,16435,Data Types
DI3Mqi034afd,8,easy,1,13496,Data Types
DI3Mqi034afd,9,easy,1,15037,Similarity Measures
DI3Mqi034afd,10,easy,1,13496,Programming Tools (NumPy/Pandas)
DI3Mqi034afd,11,easy,1,13496,Programming Tools (NumPy/Pandas)
DI3Mqi034afd,12,easy,1,13496,Programming Tools (NumPy/Pandas)
DI3Mqi034afd,13,easy,1,14990,Programming Tools (NumPy/Pandas)
DI3Mqi034afd,14,medium,1,26922,Data Types
DI3Mqi034afd,15,medium,1,27102,Data Types
DI3Mqi034afd,16,easy,1,24973,Data Types
DI3Mqi034afd,17,easy,1,20196,Data Types
DI3Mqi034afd,18,hard,0,29578,Unsupervised Learning
DI3Mqi034afd,19,easy,1,14102,Unsupervised Learning
DI3Mqi034afd,20,hard,0,35149,Data Types
DI3Mqi034afd,21,hard,0,29392,Data Mining Tasks
DI3Mqi034afd,22,easy,1,13496,Data Types
DI3Mqi034afd,23,hard,1,30346,Unsupervised Learning
DI3Mqi034afd,24,hard,0,28882,Data Types
DI3Mqi034afd,25,hard,1,28835,Unsupervised Learning
DI3Mqi034afd,26,hard,1,31607,Data Types
DI3Mqi034afd,27,easy,1,17264,Data Preprocessing
DI3Mqi034afd,28,medium,1,22556,Scaling & Normalization
DI3Mqi034afd,29,easy,1,13496,Scaling & Normalization
DI3Mqi034afd,30,easy,1,12260,Data Preprocessing
Mr0bz3y2IHmW,1,hard,0,25414,Data Mining Tasks
Mr0bz3y2IHmW,2,easy,1,8472,Similarity Measures
Mr0bz3y2IHmW,3,easy,1,14280,Similarity Measures
Mr0bz3y2IHmW,4,easy,1,12136,Similarity Measures
Mr0bz3y2IHmW,5,medium,0,24896,Similarity Measures
Mr0bz3y2IHmW,6,easy,1,17689,Time Series Data
Mr0bz3y2IHmW,7,easy,1,16417,Data Types
Mr0bz3y2IHmW,8,easy,1,12136,Data Types
Mr0bz3y2IHmW,9,easy,1,14403,Similarity Measures
Mr0bz3y2IHmW,10,easy,1,12136,Programming Tools (NumPy/Pandas)
Mr0bz3y2IHmW,11,easy,1,12136,Programming Tools (NumPy/Pandas)
Mr0bz3y2IHmW,12,easy,1,12136,Programming Tools (NumPy/Pandas)
Mr0bz3y2IHmW,13,easy,1,14280,Programming Tools (NumPy/Pandas)
Mr0bz3y2IHmW,14,medium,0,26403,Data Types
Mr0bz3y2IHmW,15,medium,0,26290,Data Types
Mr0bz3y2IHmW,16,easy,0,27849,Data Types
Mr0bz3y2IHmW,17,easy,0,23128,Data Types
Mr0bz3y2IHmW,18,hard,0,24225,Unsupervised Learning
Mr0bz3y2IHmW,19,easy,1,13641,Unsupervised Learning
Mr0bz3y2IHmW,20,hard,0,22849,Data Types
Mr0bz3y2IHmW,21,hard,0,22427,Data Mining Tasks
Mr0bz3y2IHmW,22,easy,1,12136,Data Types
Mr0bz3y2IHmW,23,hard,0,24125,Unsupervised Learning
Mr0bz3y2IHmW,24,hard,0,22506,Data Types
Mr0bz3y2IHmW,25,hard,0,25588,Unsupervised Learning
Mr0bz3y2IHmW,26,hard,1,27148,Data Types
Mr0bz3y2IHmW,27,easy,1,16446,Data Preprocessing
Mr0bz3y2IHmW,28,medium,0,24670,Scaling & Normalization
Mr0bz3y2IHmW,29,easy,1,12136,Scaling & Normalization
Mr0bz3y2IHmW,30,easy,1,10690,Data Preprocessing
BJE8NOUNFGYz,1,hard,0,25998,Data Mining Tasks
BJE8NOUNFGYz,2,easy,1,8234,Similarity Measures
BJE8NOUNFGYz,3,easy,1,13794,Similarity Measures
BJE8NOUNFGYz,4,easy,1,11699,Similarity Measures
BJE8NOUNFGYz,5,medium,0,25071,Similarity Measures
BJE8NOUNFGYz,6,easy,1,17074,Time Series Data
BJE8NOUNFGYz,7,easy,1,15716,Data Types
BJE8NOUNFGYz,8,easy,1,11699,Data Types
BJE8NOUNFGYz,9,easy,1,13900,Similarity Measures
BJE8NOUNFGYz,10,easy,1,11699,Programming Tools (NumPy/Pandas)
BJE8NOUNFGYz,11,easy,1,11699,Programming Tools (NumPy/Pandas)
BJE8NOUNFGYz,12,easy,1,11699,Programming Tools (NumPy/Pandas)
BJE8NOUNFGYz,13,easy,1,13794,Programming Tools (NumPy/Pandas)
BJE8NOUNFGYz,14,medium,0,27009,Data Types
BJE8NOUNFGYz,15,medium,0,26893,Data Types
BJE8NOUNFGYz,16,easy,1,23483,Data Types
BJE8NOUNFGYz,17,easy,1,19601,Data Types
BJE8NOUNFGYz,18,hard,0,25515,Unsupervised Learning
BJE8NOUNFGYz,19,easy,1,13153,Unsupervised Learning
BJE8NOUNFGYz,20,hard,0,22826,Data Types
BJE8NOUNFGYz,21,hard,0,22747,Data Mining Tasks
BJE8NOUNFGYz,22,easy,1,11699,Data Types
BJE8NOUNFGYz,23,hard,0,24675,Unsupervised Learning
BJE8NOUNFGYz,24,hard,0,23177,Data Types
BJE8NOUNFGYz,25,hard,0,26176,Unsupervised Learning
BJE8NOUNFGYz,26,hard,0,27887,Data Types
BJE8NOUNFGYz,27,easy,1,15887,Data Preprocessing
BJE8NOUNFGYz,28,medium,0,24844,Scaling & Normalization
BJE8NOUNFGYz,29,easy,1,11699,Scaling & Normalization
BJE8NOUNFGYz,30,easy,1,10313,Data Preprocessing
Oc5QucHDsmjC,1,hard,0,29239,Data Mining Tasks
Oc5QucHDsmjC,2,easy,1,8975,Similarity Measures
Oc5QucHDsmjC,3,easy,1,13848,Similarity Measures
Oc5QucHDsmjC,4,easy,1,12773,Similarity Measures
Oc5QucHDsmjC,5,medium,1,22165,Similarity Measures
Oc5QucHDsmjC,6,easy,1,16296,Time Series Data
Oc5QucHDsmjC,7,easy,1,15183,Data Types
Oc5QucHDsmjC,8,easy,1,12773,Data Types
Oc5QucHDsmjC,9,easy,1,13892,Similarity Measures
Oc5QucHDsmjC,10,easy,1,12773,Programming Tools (NumPy/Pandas)
Oc5QucHDsmjC,11,easy,1,12773,Programming Tools (NumPy/Pandas)
Oc5QucHDsmjC,12,easy,1,12773,Programming Tools (NumPy/Pandas)
Oc5QucHDsmjC,13,easy,1,13848,Programming Tools (NumPy/Pandas)
Oc5QucHDsmjC,14,medium,1,24871,Data Types
Oc5QucHDsmjC,15,medium,1,25204,Data Types
Oc5QucHDsmjC,16,easy,1,23071,Data Types
Oc5QucHDsmjC,17,easy,1,18657,Data Types
Oc5QucHDsmjC,18,hard,0,27506,Unsupervised Learning
Oc5QucHDsmjC,19,easy,1,13027,Unsupervised Learning
Oc5QucHDsmjC,20,hard,1,35019,Data Types
Oc5QucHDsmjC,21,hard,0,27334,Data Mining Tasks
Oc5QucHDsmjC,22,easy,1,12773,Data Types
Oc5QucHDsmjC,23,hard,1,28221,Unsupervised Learning
Oc5QucHDsmjC,24,hard,0,26860,Data Types
Oc5QucHDsmjC,25,hard,1,26816,Unsupervised Learning
Oc5QucHDsmjC,26,hard,1,29394,Data Types
Oc5QucHDsmjC,27,easy,1,15949,Data Preprocessing
Oc5QucHDsmjC,28,medium,1,20838,Scaling & Normalization
Oc5QucHDsmjC,29,easy,1,12773,Scaling & Normalization
Oc5QucHDsmjC,30,easy,1,11326,Data Preprocessing
zeQInY6w8eBY,1,hard,0,28783,Data Mining Tasks
zeQInY6w8eBY,2,easy,1,10308,Similarity Measures
zeQInY6w8eBY,3,easy,1,16137,Similarity Measures
zeQInY6w8eBY,4,easy,1,14711,Similarity Measures
zeQInY6w8eBY,5,medium,0,29096,Similarity Measures
zeQInY6w8eBY,6,easy,1,18515,Time Series Data
zeQInY6w8eBY,7,easy,1,17050,Data Types
zeQInY6w8eBY,8,easy,1,14711,Data Types
zeQInY6w8eBY,9,easy,0,21106,Similarity Measures
zeQInY6w8eBY,10,easy,1,14711,Programming Tools (NumPy/Pandas)
zeQInY6w8eBY,11,easy,1,14711,Programming Tools (NumPy/Pandas)
zeQInY6w8eBY,12,easy,1,14711,Programming Tools (NumPy/Pandas)
zeQInY6w8eBY,13,easy,1,16137,Programming Tools (NumPy/Pandas)
zeQInY6w8eBY,14,medium,0,30678,Data Types
zeQInY6w8eBY,15,medium,0,30546,Data Types
zeQInY6w8eBY,16,easy,1,26141,Data Types
zeQInY6w8eBY,17,easy,0,24924,Data Types
zeQInY6w8eBY,18,hard,0,27376,Unsupervised Learning
zeQInY6w8eBY,19,easy,1,14960,Unsupervised Learning
zeQInY6w8eBY,20,hard,0,25429,Data Types
zeQInY6w8eBY,21,hard,0,25345,Data Mining Tasks
zeQInY6w8eBY,22,easy,1,14711,Data Types
zeQInY6w8eBY,23,hard,1,30157,Unsupervised Learning
zeQInY6w8eBY,24,hard,0,25952,Data Types
zeQInY6w8eBY,25,hard,0,28980,Unsupervised Learning
zeQInY6w8eBY,26,hard,1,30446,Data Types
zeQInY6w8eBY,27,easy,1,18585,Data Preprocessing
zeQInY6w8eBY,28,medium,0,28377,Scaling & Normalization
zeQInY6w8eBY,29,easy,1,14711,Scaling & Normalization
zeQInY6w8eBY,30,easy,1,13008,Data Preprocessing
lOuE9tkR89Pk,1,hard,0,24496,Data Mining Tasks
lOuE9tkR89Pk,2,easy,1,8392,Similarity Measures
lOuE9tkR89Pk,3,easy,1,14145,Similarity Measures
lOuE9tkR89Pk,4,easy,1,11884,Similarity Measures
lOuE9tkR89Pk,5,medium,0,23825,Similarity Measures
lOuE9tkR89Pk,6,easy,1,17407,Time Series Data
lOuE9tkR89Pk,7,easy,0,20753,Data Types
lOuE9tkR89Pk,8,easy,1,11884,Data Types
lOuE9tkR89Pk,9,easy,1,14267,Similarity Measures
lOuE9tkR89Pk,10,easy,1,11884,Programming Tools (NumPy/Pandas)
lOuE9tkR89Pk,11,easy,1,11884,Programming Tools (NumPy/Pandas)
lOuE9tkR89Pk,12,easy,1,11884,Programming Tools (NumPy/Pandas)
lOuE9tkR89Pk,13,easy,1,14145,Programming Tools (NumPy/Pandas)
lOuE9tkR89Pk,14,medium,1,24231,Data Types
lOuE9tkR89Pk,15,medium,0,25340,Data Types
lOuE9tkR89Pk,16,easy,1,23942,Data Types
lOuE9tkR89Pk,17,easy,1,19700,Data Types
lOuE9tkR89Pk,18,hard,0,23037,Unsupervised Learning
lOuE9tkR89Pk,19,easy,1,13340,Unsupervised Learning
lOuE9tkR89Pk,20,hard,0,21728,Data Types
lOuE9tkR89Pk,21,hard,0,21327,Data Mining Tasks
lOuE9tkR89Pk,22,easy,1,11884,Data Types
lOuE9tkR89Pk,23,hard,0,22942,Unsupervised Learning
lOuE9tkR89Pk,24,hard,0,21403,Data Types
lOuE9tkR89Pk,25,hard,0,24333,Unsupervised Learning
lOuE9tkR89Pk,26,hard,0,25929,Data Types
lOuE9tkR89Pk,27,easy,1,16291,Data Preprocessing
lOuE9tkR89Pk,28,medium,0,23610,Scaling & Normalization
lOuE9tkR89Pk,29,easy,1,11884,Scaling & Normalization
lOuE9tkR89Pk,30,easy,1,10590,Data Preprocessing
Kji96af6kzzA,1,hard,0,27569,Data Mining Tasks
Kji96af6kzzA,2,easy,1,8835,Similarity Measures
Kji96af6kzzA,3,easy,1,14892,Similarity Measures
Kji96af6kzzA,4,easy,1,12552,Similarity Measures
Kji96af6kzzA,5,medium,0,26780,Similarity Measures
Kji96af6kzzA,6,easy,1,18600,Time Series Data
Kji96af6kzzA,7,easy,0,21194,Data Types
Kji96af6kzzA,8,easy,1,12552,Data Types
Kji96af6kzzA,9,easy,1,15021,Similarity Measures
Kji96af6kzzA,10,easy,1,12552,Programming Tools (NumPy/Pandas)
Kji96af6kzzA,11,easy,1,12552,Programming Tools (NumPy/Pandas)
Kji96af6kzzA,12,easy,1,12552,Programming Tools (NumPy/Pandas)
Kji96af6kzzA,13,easy,1,14892,Programming Tools (NumPy/Pandas)
Kji96af6kzzA,14,medium,1,27271,Data Types
Kji96af6kzzA,15,medium,0,28519,Data Types
Kji96af6kzzA,16,easy,1,25582,Data Types
Kji96af6kzzA,17,easy,1,21353,Data Types
Kji96af6kzzA,18,hard,0,27707,Unsupervised Learning
Kji96af6kzzA,19,easy,1,14200,Unsupervised Learning
Kji96af6kzzA,20,hard,0,24787,Data Types
Kji96af6kzzA,21,hard,0,24700,Data Mining Tasks
Kji96af6kzzA,22,easy,1,12552,Data Types
Kji96af6kzzA,23,hard,0,26171,Unsupervised Learning
Kji96af6kzzA,24,hard,0,25168,Data Types
Kji96af6kzzA,25,hard,0,27758,Unsupervised Learning
Kji96af6kzzA,26,hard,0,29578,Data Types
Kji96af6kzzA,27,easy,1,17152,Data Preprocessing
Kji96af6kzzA,28,medium,0,26537,Scaling & Normalization
Kji96af6kzzA,29,easy,1,12552,Scaling & Normalization
Kji96af6kzzA,30,easy,1,11066,Data Preprocessing
32nLuB1xqIO4,1,hard,0,29296,Data Mining Tasks
32nLuB1xqIO4,2,easy,1,10223,Similarity Measures
32nLuB1xqIO4,3,easy,1,16004,Similarity Measures
32nLuB1xqIO4,4,easy,1,14590,Similarity Measures
32nLuB1xqIO4,5,medium,1,25151,Similarity Measures
32nLuB1xqIO4,6,easy,1,18610,Time Series Data
32nLuB1xqIO4,7,easy,1,17137,Data Types
32nLuB1xqIO4,8,easy,1,14590,Data Types
32nLuB1xqIO4,9,easy,1,15303,Similarity Measures
32nLuB1xqIO4,10,easy,1,14590,Programming Tools (NumPy/Pandas)
32nLuB1xqIO4,11,easy,1,14590,Programming Tools (NumPy/Pandas)
32nLuB1xqIO4,12,easy,1,14590,Programming Tools (NumPy/Pandas)
32nLuB1xqIO4,13,easy,1,16004,Programming Tools (NumPy/Pandas)
32nLuB1xqIO4,14,medium,1,27861,Data Types
32nLuB1xqIO4,15,medium,0,31867,Data Types
32nLuB1xqIO4,16,easy,1,26274,Data Types
32nLuB1xqIO4,17,easy,1,21351,Data Types
32nLuB1xqIO4,18,hard,0,27864,Unsupervised Learning
32nLuB1xqIO4,19,easy,1,14837,Unsupervised Learning
32nLuB1xqIO4,20,hard,0,28860,Data Types
32nLuB1xqIO4,21,hard,0,25796,Data Mining Tasks
32nLuB1xqIO4,22,easy,1,14590,Data Types
32nLuB1xqIO4,23,hard,1,30031,Unsupervised Learning
32nLuB1xqIO4,24,hard,0,26414,Data Types
32nLuB1xqIO4,25,hard,0,29496,Unsupervised Learning
32nLuB1xqIO4,26,hard,0,31430,Data Types
32nLuB1xqIO4,27,easy,1,18432,Data Preprocessing
32nLuB1xqIO4,28,medium,1,23645,Scaling & Normalization
32nLuB1xqIO4,29,easy,1,14590,Scaling & Normalization
32nLuB1xqIO4,30,easy,1,12900,Data Preprocessing
m8rfSXHUenxh,1,hard,0,28232,Data Mining Tasks
m8rfSXHUenxh,2,easy,1,9274,Similarity Measures
m8rfSXHUenxh,3,easy,1,15769,Similarity Measures
m8rfSXHUenxh,4,easy,1,13046,Similarity Measures
m8rfSXHUenxh,5,medium,0,27423,Similarity Measures
m8rfSXHUenxh,6,easy,0,22244,Time Series Data
m8rfSXHUenxh,7,easy,1,17861,Data Types
m8rfSXHUenxh,8,easy,1,13046,Data Types
m8rfSXHUenxh,9,easy,1,15796,Similarity Measures
m8rfSXHUenxh,10,easy,1,13046,Programming Tools (NumPy/Pandas)
m8rfSXHUenxh,11,easy,1,13046,Programming Tools (NumPy/Pandas)
m8rfSXHUenxh,12,easy,1,13046,Programming Tools (NumPy/Pandas)
m8rfSXHUenxh,13,easy,1,15769,Programming Tools (NumPy/Pandas)
m8rfSXHUenxh,14,medium,1,28449,Data Types
m8rfSXHUenxh,15,medium,0,29205,Data Types
m8rfSXHUenxh,16,easy,0,29548,Data Types
m8rfSXHUenxh,17,easy,1,22275,Data Types
m8rfSXHUenxh,18,hard,0,28368,Unsupervised Learning
m8rfSXHUenxh,19,easy,1,14813,Unsupervised Learning
m8rfSXHUenxh,20,hard,0,25378,Data Types
m8rfSXHUenxh,21,hard,0,25290,Data Mining Tasks
m8rfSXHUenxh,22,easy,1,13046,Data Types
m8rfSXHUenxh,23,hard,0,26796,Unsupervised Learning
m8rfSXHUenxh,24,hard,0,25768,Data Types
m8rfSXHUenxh,25,hard,1,28831,Unsupervised Learning
m8rfSXHUenxh,26,hard,1,30716,Data Types
m8rfSXHUenxh,27,easy,1,17892,Data Preprocessing
m8rfSXHUenxh,28,medium,0,27175,Scaling & Normalization
m8rfSXHUenxh,29,easy,1,13046,Scaling & Normalization
m8rfSXHUenxh,30,easy,0,13184,Data Preprocessing
r5xiR4T4onQf,1,hard,0,28388,Data Mining Tasks
r5xiR4T4onQf,2,easy,1,10088,Similarity Measures
r5xiR4T4onQf,3,easy,1,16900,Similarity Measures
r5xiR4T4onQf,4,easy,1,14332,Similarity Measures
r5xiR4T4onQf,5,medium,1,27219,Similarity Measures
r5xiR4T4onQf,6,easy,1,20941,Time Series Data
r5xiR4T4onQf,7,easy,1,19430,Data Types
r5xiR4T4onQf,8,easy,1,14332,Data Types
r5xiR4T4onQf,9,easy,1,17184,Similarity Measures
r5xiR4T4onQf,10,easy,1,14332,Programming Tools (NumPy/Pandas)
r5xiR4T4onQf,11,easy,1,14332,Programming Tools (NumPy/Pandas)
r5xiR4T4onQf,12,easy,1,14332,Programming Tools (NumPy/Pandas)
r5xiR4T4onQf,13,easy,1,16900,Programming Tools (NumPy/Pandas)
r5xiR4T4onQf,14,medium,1,30259,Data Types
r5xiR4T4onQf,15,medium,1,30433,Data Types
r5xiR4T4onQf,16,easy,1,28385,Data Types
r5xiR4T4onQf,17,easy,1,23693,Data Types
r5xiR4T4onQf,18,hard,0,28884,Unsupervised Learning
r5xiR4T4onQf,19,easy,0,18140,Unsupervised Learning
r5xiR4T4onQf,20,hard,0,26187,Data Types
r5xiR4T4onQf,21,hard,0,25750,Data Mining Tasks
r5xiR4T4onQf,22,easy,1,14332,Data Types
r5xiR4T4onQf,23,hard,1,32828,Unsupervised Learning
r5xiR4T4onQf,24,hard,0,26589,Data Types
r5xiR4T4onQf,25,hard,0,28582,Unsupervised Learning
r5xiR4T4onQf,26,hard,0,29953,Data Types
r5xiR4T4onQf,27,easy,1,19464,Data Preprocessing
r5xiR4T4onQf,28,medium,1,26000,Scaling & Normalization
r5xiR4T4onQf,29,easy,1,14332,Scaling & Normalization
r5xiR4T4onQf,30,easy,1,12635,Data Preprocessing
PgdsGKsedBAl,1,hard,0,25154,Data Mining Tasks
PgdsGKsedBAl,2,easy,1,8385,Similarity Measures
PgdsGKsedBAl,3,easy,1,14134,Similarity Measures
PgdsGKsedBAl,4,easy,1,11875,Similarity Measures
PgdsGKsedBAl,5,medium,0,24642,Similarity Measures
PgdsGKsedBAl,6,easy,1,17508,Time Series Data
PgdsGKsedBAl,7,easy,1,16250,Data Types
PgdsGKsedBAl,8,easy,1,11875,Data Types
PgdsGKsedBAl,9,easy,1,14256,Similarity Measures
PgdsGKsedBAl,10,easy,1,11875,Programming Tools (NumPy/Pandas)
PgdsGKsedBAl,11,easy,1,11875,Programming Tools (NumPy/Pandas)
PgdsGKsedBAl,12,easy,1,11875,Programming Tools (NumPy/Pandas)
PgdsGKsedBAl,13,easy,1,14134,Programming Tools (NumPy/Pandas)
PgdsGKsedBAl,14,medium,1,24882,Data Types
PgdsGKsedBAl,15,medium,0,26021,Data Types
PgdsGKsedBAl,16,easy,1,24080,Data Types
PgdsGKsedBAl,17,easy,1,19964,Data Types
PgdsGKsedBAl,18,hard,0,23977,Unsupervised Learning
PgdsGKsedBAl,19,easy,1,13502,Unsupervised Learning
PgdsGKsedBAl,20,hard,0,22616,Data Types
PgdsGKsedBAl,21,hard,0,22198,Data Mining Tasks
PgdsGKsedBAl,22,easy,1,11875,Data Types
PgdsGKsedBAl,23,hard,0,23879,Unsupervised Learning
PgdsGKsedBAl,24,hard,0,22277,Data Types
PgdsGKsedBAl,25,hard,0,25327,Unsupervised Learning
PgdsGKsedBAl,26,hard,0,26987,Data Types
PgdsGKsedBAl,27,easy,1,16278,Data Preprocessing
PgdsGKsedBAl,28,medium,1,21175,Scaling & Normalization
PgdsGKsedBAl,29,easy,1,11875,Scaling & Normalization
PgdsGKsedBAl,30,easy,1,10581,Data Preprocessing
1tnkUsBnGX2u,1,hard,0,31161,Data Mining Tasks
1tnkUsBnGX2u,2,easy,1,10498,Similarity Measures
1tnkUsBnGX2u,3,easy,1,16368,Similarity Measures
1tnkUsBnGX2u,4,easy,1,14818,Similarity Measures
1tnkUsBnGX2u,5,medium,0,35892,Similarity Measures
1tnkUsBnGX2u,6,easy,1,21523,Time Series Data
1tnkUsBnGX2u,7,easy,1,17952,Data Types
1tnkUsBnGX2u,8,easy,1,14818,Data Types
1tnkUsBnGX2u,9,easy,1,15911,Similarity Measures
1tnkUsBnGX2u,10,easy,1,14818,Programming Tools (NumPy/Pandas)
1tnkUsBnGX2u,11,easy,1,14818,Programming Tools (NumPy/Pandas)
1tnkUsBnGX2u,12,easy,1,14818,Programming Tools (NumPy/Pandas)
1tnkUsBnGX2u,13,easy,1,16368,Programming Tools (NumPy/Pandas)
1tnkUsBnGX2u,14,medium,1,32466,Data Types
1tnkUsBnGX2u,15,medium,0,35990,Data Types
1tnkUsBnGX2u,16,easy,1,30387,Data Types
1tnkUsBnGX2u,17,easy,1,24693,Data Types
1tnkUsBnGX2u,18,hard,0,21605,Unsupervised Learning
1tnkUsBnGX2u,19,easy,1,15213,Unsupervised Learning
1tnkUsBnGX2u,20,hard,0,24952,Data Types
1tnkUsBnGX2u,21,hard,0,21236,Data Mining Tasks
1tnkUsBnGX2u,22,easy,1,14818,Data Types
1tnkUsBnGX2u,23,hard,0,24591,Unsupervised Learning
1tnkUsBnGX2u,24,hard,0,20718,Data Types
1tnkUsBnGX2u,25,hard,0,31374,Unsupervised Learning
1tnkUsBnGX2u,26,hard,0,35271,Data Types
1tnkUsBnGX2u,27,easy,1,18851,Data Preprocessing
1tnkUsBnGX2u,28,medium,0,35005,Scaling & Normalization
1tnkUsBnGX2u,29,easy,1,14818,Scaling & Normalization
1tnkUsBnGX2u,30,easy,1,13247,Data Preprocessing
QblvTIly9IZU,1,hard,1,29294,Data Mining Tasks
QblvTIly9IZU,2,easy,1,9391,Similarity Measures
QblvTIly9IZU,3,easy,1,15733,Similarity Measures
QblvTIly9IZU,4,easy,1,13342,Similarity Measures
QblvTIly9IZU,5,medium,1,25915,Similarity Measures
QblvTIly9IZU,6,easy,1,19650,Time Series Data
QblvTIly9IZU,7,easy,1,18088,Data Types
QblvTIly9IZU,8,easy,1,13342,Data Types
QblvTIly9IZU,9,easy,1,15997,Similarity Measures
QblvTIly9IZU,10,easy,1,13342,Programming Tools (NumPy/Pandas)
QblvTIly9IZU,11,easy,1,13342,Programming Tools (NumPy/Pandas)
QblvTIly9IZU,12,easy,1,13342,Programming Tools (NumPy/Pandas)
QblvTIly9IZU,13,easy,1,15733,Programming Tools (NumPy/Pandas)
QblvTIly9IZU,14,medium,0,29331,Data Types
QblvTIly9IZU,15,medium,0,29205,Data Types
QblvTIly9IZU,16,easy,0,29548,Data Types
QblvTIly9IZU,17,easy,0,24623,Data Types
QblvTIly9IZU,18,hard,0,28368,Unsupervised Learning
QblvTIly9IZU,19,easy,1,15001,Unsupervised Learning
QblvTIly9IZU,20,hard,0,25378,Data Types
QblvTIly9IZU,21,hard,0,25290,Data Mining Tasks
QblvTIly9IZU,22,easy,1,13342,Data Types
QblvTIly9IZU,23,hard,0,26796,Unsupervised Learning
QblvTIly9IZU,24,hard,0,25768,Data Types
QblvTIly9IZU,25,hard,0,28425,Unsupervised Learning
QblvTIly9IZU,26,hard,0,30284,Data Types
QblvTIly9IZU,27,easy,1,18119,Data Preprocessing
QblvTIly9IZU,28,medium,1,24755,Scaling & Normalization
QblvTIly9IZU,29,easy,1,13342,Scaling & Normalization
QblvTIly9IZU,30,easy,1,11762,Data Preprocessing
jxlFWYs7WyTt,1,hard,1,25300,Data Mining Tasks
jxlFWYs7WyTt,2,easy,1,8385,Similarity Measures
jxlFWYs7WyTt,3,easy,1,14134,Similarity Measures
jxlFWYs7WyTt,4,easy,1,11875,Similarity Measures
jxlFWYs7WyTt,5,medium,0,24642,Similarity Measures
jxlFWYs7WyTt,6,easy,1,17508,Time Series Data
jxlFWYs7WyTt,7,easy,1,16250,Data Types
jxlFWYs7WyTt,8,easy,1,11875,Data Types
jxlFWYs7WyTt,9,easy,0,18529,Similarity Measures
jxlFWYs7WyTt,10,easy,1,11875,Programming Tools (NumPy/Pandas)
jxlFWYs7WyTt,11,easy,1,11875,Programming Tools (NumPy/Pandas)
jxlFWYs7WyTt,12,easy,1,11875,Programming Tools (NumPy/Pandas)
jxlFWYs7WyTt,13,easy,1,14134,Programming Tools (NumPy/Pandas)
jxlFWYs7WyTt,14,medium,1,24882,Data Types
jxlFWYs7WyTt,15,medium,1,25025,Data Types
jxlFWYs7WyTt,16,easy,1,24080,Data Types
jxlFWYs7WyTt,17,easy,1,19964,Data Types
jxlFWYs7WyTt,18,hard,0,23977,Unsupervised Learning
jxlFWYs7WyTt,19,easy,1,13502,Unsupervised Learning
jxlFWYs7WyTt,20,hard,0,22616,Data Types
jxlFWYs7WyTt,21,hard,0,22198,Data Mining Tasks
jxlFWYs7WyTt,22,easy,1,11875,Data Types
jxlFWYs7WyTt,23,hard,0,23879,Unsupervised Learning
jxlFWYs7WyTt,24,hard,0,22277,Data Types
jxlFWYs7WyTt,25,hard,0,25327,Unsupervised Learning
jxlFWYs7WyTt,26,hard,0,26987,Data Types
jxlFWYs7WyTt,27,easy,0,19490,Data Preprocessing
jxlFWYs7WyTt,28,medium,0,24419,Scaling & Normalization
jxlFWYs7WyTt,29,easy,1,11875,Scaling & Normalization
jxlFWYs7WyTt,30,easy,1,10581,Data Preprocessing
tmTN8RB25aRn,1,hard,1,29846,Data Mining Tasks
tmTN8RB25aRn,2,easy,1,10220,Similarity Measures
tmTN8RB25aRn,3,easy,1,15768,Similarity Measures
tmTN8RB25aRn,4,easy,1,14428,Similarity Measures
tmTN8RB25aRn,5,medium,1,24768,Similarity Measures
tmTN8RB25aRn,6,easy,1,18210,Time Series Data
tmTN8RB25aRn,7,easy,1,16967,Data Types
tmTN8RB25aRn,8,easy,1,14428,Data Types
tmTN8RB25aRn,9,easy,1,15523,Similarity Measures
tmTN8RB25aRn,10,easy,1,14428,Programming Tools (NumPy/Pandas)
tmTN8RB25aRn,11,easy,1,14428,Programming Tools (NumPy/Pandas)
tmTN8RB25aRn,12,easy,1,14428,Programming Tools (NumPy/Pandas)
tmTN8RB25aRn,13,easy,1,15768,Programming Tools (NumPy/Pandas)
tmTN8RB25aRn,14,medium,1,27792,Data Types
tmTN8RB25aRn,15,medium,0,33188,Data Types
tmTN8RB25aRn,16,easy,1,25780,Data Types
tmTN8RB25aRn,17,easy,1,20849,Data Types
tmTN8RB25aRn,18,hard,1,32449,Unsupervised Learning
tmTN8RB25aRn,19,easy,1,14557,Unsupervised Learning
tmTN8RB25aRn,20,hard,1,34281,Data Types
tmTN8RB25aRn,21,hard,0,29993,Data Mining Tasks
tmTN8RB25aRn,22,easy,1,14428,Data Types
tmTN8RB25aRn,23,hard,0,31954,Unsupervised Learning
tmTN8RB25aRn,24,hard,0,29797,Data Types
tmTN8RB25aRn,25,hard,1,29748,Unsupervised Learning
tmTN8RB25aRn,26,hard,1,31915,Data Types
tmTN8RB25aRn,27,easy,1,18160,Data Preprocessing
tmTN8RB25aRn,28,medium,1,23285,Scaling & Normalization
tmTN8RB25aRn,29,easy,1,14428,Scaling & Normalization
tmTN8RB25aRn,30,easy,1,12896,Data Preprocessing
WNh0afD7QG4d,1,hard,1,22195,Data Mining Tasks
WNh0afD7QG4d,2,easy,1,8349,Similarity Measures
WNh0afD7QG4d,3,easy,1,13070,Similarity Measures
WNh0afD7QG4d,4,easy,1,12670,Similarity Measures
WNh0afD7QG4d,5,medium,1,18644,Similarity Measures
WNh0afD7QG4d,6,easy,1,14882,Time Series Data
WNh0afD7QG4d,7,easy,1,14029,Data Types
WNh0afD7QG4d,8,easy,1,12670,Data Types
WNh0afD7QG4d,9,easy,0,16841,Similarity Measures
WNh0afD7QG4d,10,easy,1,12670,Programming Tools (NumPy/Pandas)
WNh0afD7QG4d,11,easy,1,12670,Programming Tools (NumPy/Pandas)
WNh0afD7QG4d,12,easy,1,12670,Programming Tools (NumPy/Pandas)
WNh0afD7QG4d,13,easy,1,13070,Programming Tools (NumPy/Pandas)
WNh0afD7QG4d,14,medium,1,20927,Data Types
WNh0afD7QG4d,15,medium,1,24320,Data Types
WNh0afD7QG4d,16,easy,1,20469,Data Types
WNh0afD7QG4d,17,easy,1,16970,Data Types
WNh0afD7QG4d,18,hard,0,21034,Unsupervised Learning
WNh0afD7QG4d,19,easy,1,12117,Unsupervised Learning
WNh0afD7QG4d,20,hard,0,19538,Data Types
WNh0afD7QG4d,21,hard,0,19474,Data Mining Tasks
WNh0afD7QG4d,22,easy,1,12670,Data Types
WNh0afD7QG4d,23,hard,0,20948,Unsupervised Learning
WNh0afD7QG4d,24,hard,0,19940,Data Types
WNh0afD7QG4d,25,hard,0,22218,Unsupervised Learning
WNh0afD7QG4d,26,hard,0,23675,Data Types
WNh0afD7QG4d,27,easy,0,19636,Data Preprocessing
WNh0afD7QG4d,28,medium,0,20537,Scaling & Normalization
WNh0afD7QG4d,29,easy,1,12670,Scaling & Normalization
WNh0afD7QG4d,30,easy,1,11203,Data Preprocessing
sCNAQlTJzusQ,1,hard,0,25154,Data Mining Tasks
sCNAQlTJzusQ,2,easy,1,8385,Similarity Measures
sCNAQlTJzusQ,3,easy,1,14134,Similarity Measures
sCNAQlTJzusQ,4,easy,1,11875,Similarity Measures
sCNAQlTJzusQ,5,medium,1,22168,Similarity Measures
sCNAQlTJzusQ,6,easy,0,21078,Time Series Data
sCNAQlTJzusQ,7,easy,1,16250,Data Types
sCNAQlTJzusQ,8,easy,1,11875,Data Types
sCNAQlTJzusQ,9,easy,1,14256,Similarity Measures
sCNAQlTJzusQ,10,easy,1,11875,Programming Tools (NumPy/Pandas)
sCNAQlTJzusQ,11,easy,1,11875,Programming Tools (NumPy/Pandas)
sCNAQlTJzusQ,12,easy,1,11875,Programming Tools (NumPy/Pandas)
sCNAQlTJzusQ,13,easy,1,14134,Programming Tools (NumPy/Pandas)
sCNAQlTJzusQ,14,medium,0,26134,Data Types
sCNAQlTJzusQ,15,medium,1,25025,Data Types
sCNAQlTJzusQ,16,easy,0,27565,Data Types
sCNAQlTJzusQ,17,easy,0,22892,Data Types
sCNAQlTJzusQ,18,hard,0,23977,Unsupervised Learning
sCNAQlTJzusQ,19,easy,1,13502,Unsupervised Learning
sCNAQlTJzusQ,20,hard,0,22616,Data Types
sCNAQlTJzusQ,21,hard,0,22198,Data Mining Tasks
sCNAQlTJzusQ,22,easy,1,11875,Data Types
sCNAQlTJzusQ,23,hard,1,25270,Unsupervised Learning
sCNAQlTJzusQ,24,hard,0,22277,Data Types
sCNAQlTJzusQ,25,hard,0,25327,Unsupervised Learning
sCNAQlTJzusQ,26,hard,0,26987,Data Types
sCNAQlTJzusQ,27,easy,1,16278,Data Preprocessing
sCNAQlTJzusQ,28,medium,0,24419,Scaling & Normalization
sCNAQlTJzusQ,29,easy,1,11875,Scaling & Normalization
sCNAQlTJzusQ,30,easy,0,12418,Data Preprocessing
aeQlX5jbZHXw,1,hard,0,31161,Data Mining Tasks
aeQlX5jbZHXw,2,easy,1,10498,Similarity Measures
aeQlX5jbZHXw,3,easy,1,16368,Similarity Measures
aeQlX5jbZHXw,4,easy,1,14818,Similarity Measures
aeQlX5jbZHXw,5,medium,1,29308,Similarity Measures
aeQlX5jbZHXw,6,easy,1,21523,Time Series Data
aeQlX5jbZHXw,7,easy,1,17952,Data Types
aeQlX5jbZHXw,8,easy,1,14818,Data Types
aeQlX5jbZHXw,9,easy,1,15911,Similarity Measures
aeQlX5jbZHXw,10,easy,1,14818,Programming Tools (NumPy/Pandas)
aeQlX5jbZHXw,11,easy,1,14818,Programming Tools (NumPy/Pandas)
aeQlX5jbZHXw,12,easy,1,14818,Programming Tools (NumPy/Pandas)
aeQlX5jbZHXw,13,easy,1,16368,Programming Tools (NumPy/Pandas)
aeQlX5jbZHXw,14,medium,1,32466,Data Types
aeQlX5jbZHXw,15,medium,0,35990,Data Types
aeQlX5jbZHXw,16,easy,1,30387,Data Types
aeQlX5jbZHXw,17,easy,1,24693,Data Types
aeQlX5jbZHXw,18,hard,0,21605,Unsupervised Learning
aeQlX5jbZHXw,19,easy,1,15213,Unsupervised Learning
aeQlX5jbZHXw,20,hard,0,24952,Data Types
aeQlX5jbZHXw,21,hard,0,21236,Data Mining Tasks
aeQlX5jbZHXw,22,easy,1,14818,Data Types
aeQlX5jbZHXw,23,hard,0,24591,Unsupervised Learning
aeQlX5jbZHXw,24,hard,0,20718,Data Types
aeQlX5jbZHXw,25,hard,0,31374,Unsupervised Learning
aeQlX5jbZHXw,26,hard,1,35045,Data Types
aeQlX5jbZHXw,27,easy,1,18851,Data Preprocessing
aeQlX5jbZHXw,28,medium,1,27553,Scaling & Normalization
aeQlX5jbZHXw,29,easy,1,14818,Scaling & Normalization
aeQlX5jbZHXw,30,easy,1,13247,Data Preprocessing
eH9XZKUjDCDF,1,hard,0,30533,Data Mining Tasks
eH9XZKUjDCDF,2,easy,1,11094,Similarity Measures
eH9XZKUjDCDF,3,easy,1,17117,Similarity Measures
eH9XZKUjDCDF,4,easy,1,15659,Similarity Measures
eH9XZKUjDCDF,5,medium,1,27500,Similarity Measures
eH9XZKUjDCDF,6,easy,1,20195,Time Series Data
eH9XZKUjDCDF,7,easy,1,18546,Data Types
eH9XZKUjDCDF,8,easy,1,15659,Data Types
eH9XZKUjDCDF,9,easy,1,16613,Similarity Measures
eH9XZKUjDCDF,10,easy,1,15659,Programming Tools (NumPy/Pandas)
eH9XZKUjDCDF,11,easy,1,15659,Programming Tools (NumPy/Pandas)
eH9XZKUjDCDF,12,easy,1,15659,Programming Tools (NumPy/Pandas)
eH9XZKUjDCDF,13,easy,1,17117,Programming Tools (NumPy/Pandas)
eH9XZKUjDCDF,14,medium,1,30463,Data Types
eH9XZKUjDCDF,15,medium,0,34713,Data Types
eH9XZKUjDCDF,16,easy,1,28512,Data Types
eH9XZKUjDCDF,17,easy,1,23169,Data Types
eH9XZKUjDCDF,18,hard,0,25873,Unsupervised Learning
eH9XZKUjDCDF,19,easy,1,15909,Unsupervised Learning
eH9XZKUjDCDF,20,hard,0,29881,Data Types
eH9XZKUjDCDF,21,hard,0,25431,Data Mining Tasks
eH9XZKUjDCDF,22,easy,1,15659,Data Types
eH9XZKUjDCDF,23,hard,0,28731,Unsupervised Learning
eH9XZKUjDCDF,24,hard,0,24810,Data Types
eH9XZKUjDCDF,25,hard,0,30742,Unsupervised Learning
eH9XZKUjDCDF,26,hard,1,34974,Data Types
eH9XZKUjDCDF,27,easy,1,19714,Data Preprocessing
eH9XZKUjDCDF,28,medium,1,25853,Scaling & Normalization
eH9XZKUjDCDF,29,easy,1,15659,Scaling & Normalization
eH9XZKUjDCDF,30,easy,1,13999,Data Preprocessing
ROaS3EN46XLy,1,hard,0,22067,Data Mining Tasks
ROaS3EN46XLy,2,easy,1,8349,Similarity Measures
ROaS3EN46XLy,3,easy,1,13070,Similarity Measures
ROaS3EN46XLy,4,easy,1,12670,Similarity Measures
ROaS3EN46XLy,5,medium,1,18644,Similarity Measures
ROaS3EN46XLy,6,easy,1,14882,Time Series Data
ROaS3EN46XLy,7,easy,1,14029,Data Types
ROaS3EN46XLy,8,easy,1,12670,Data Types
ROaS3EN46XLy,9,easy,1,12527,Similarity Measures
ROaS3EN46XLy,10,easy,1,12670,Programming Tools (NumPy/Pandas)
ROaS3EN46XLy,11,easy,1,12670,Programming Tools (NumPy/Pandas)
ROaS3EN46XLy,12,easy,1,12670,Programming Tools (NumPy/Pandas)
ROaS3EN46XLy,13,easy,1,13070,Programming Tools (NumPy/Pandas)
ROaS3EN46XLy,14,medium,1,20927,Data Types
ROaS3EN46XLy,15,medium,0,25288,Data Types
ROaS3EN46XLy,16,easy,1,20469,Data Types
ROaS3EN46XLy,17,easy,1,16970,Data Types
ROaS3EN46XLy,18,hard,0,21034,Unsupervised Learning
ROaS3EN46XLy,19,easy,1,12117,Unsupervised Learning
ROaS3EN46XLy,20,hard,0,19538,Data Types
ROaS3EN46XLy,21,hard,0,19474,Data Mining Tasks
ROaS3EN46XLy,22,easy,1,12670,Data Types
ROaS3EN46XLy,23,hard,0,20948,Unsupervised Learning
ROaS3EN46XLy,24,hard,0,19940,Data Types
ROaS3EN46XLy,25,hard,0,22218,Unsupervised Learning
ROaS3EN46XLy,26,hard,1,23572,Data Types
ROaS3EN46XLy,27,easy,1,15053,Data Preprocessing
ROaS3EN46XLy,28,medium,1,17808,Scaling & Normalization
ROaS3EN46XLy,29,easy,1,12670,Scaling & Normalization
ROaS3EN46XLy,30,easy,1,11203,Data Preprocessing
Ui0yLwC2YxnT,1,hard,0,22271,Data Mining Tasks
Ui0yLwC2YxnT,2,easy,1,7500,Similarity Measures
Ui0yLwC2YxnT,3,easy,1,12642,Similarity Measures
Ui0yLwC2YxnT,4,easy,1,10621,Similarity Measures
Ui0yLwC2YxnT,5,medium,1,19486,Similarity Measures
Ui0yLwC2YxnT,6,easy,1,15826,Time Series Data
Ui0yLwC2YxnT,7,easy,1,14620,Data Types
Ui0yLwC2YxnT,8,easy,1,10621,Data Types
Ui0yLwC2YxnT,9,easy,1,12826,Similarity Measures
Ui0yLwC2YxnT,10,easy,1,10621,Programming Tools (NumPy/Pandas)
Ui0yLwC2YxnT,11,easy,1,10621,Programming Tools (NumPy/Pandas)
Ui0yLwC2YxnT,12,easy,1,10621,Programming Tools (NumPy/Pandas)
Ui0yLwC2YxnT,13,easy,1,12642,Programming Tools (NumPy/Pandas)
Ui0yLwC2YxnT,14,medium,1,22030,Data Types
Ui0yLwC2YxnT,15,medium,0,23039,Data Types
Ui0yLwC2YxnT,16,easy,1,21767,Data Types
Ui0yLwC2YxnT,17,easy,1,17911,Data Types
Ui0yLwC2YxnT,18,hard,0,20653,Unsupervised Learning
Ui0yLwC2YxnT,19,easy,0,14764,Unsupervised Learning
Ui0yLwC2YxnT,20,hard,0,19480,Data Types
Ui0yLwC2YxnT,21,hard,0,19120,Data Mining Tasks
Ui0yLwC2YxnT,22,easy,1,10621,Data Types
Ui0yLwC2YxnT,23,hard,1,21766,Unsupervised Learning
Ui0yLwC2YxnT,24,hard,0,19188,Data Types
Ui0yLwC2YxnT,25,hard,0,21815,Unsupervised Learning
Ui0yLwC2YxnT,26,hard,0,23245,Data Types
Ui0yLwC2YxnT,27,easy,1,14560,Data Preprocessing
Ui0yLwC2YxnT,28,medium,1,18614,Scaling & Normalization
Ui0yLwC2YxnT,29,easy,1,10621,Scaling & Normalization
Ui0yLwC2YxnT,30,easy,1,9393,Data Preprocessing
nWRIo9XQJBPf,1,hard,1,31213,Data Mining Tasks
nWRIo9XQJBPf,2,easy,1,11094,Similarity Measures
nWRIo9XQJBPf,3,easy,1,17117,Similarity Measures
nWRIo9XQJBPf,4,easy,1,15659,Similarity Measures
nWRIo9XQJBPf,5,medium,1,27500,Similarity Measures
nWRIo9XQJBPf,6,easy,1,20195,Time Series Data
nWRIo9XQJBPf,7,easy,1,18546,Data Types
nWRIo9XQJBPf,8,easy,1,15659,Data Types
nWRIo9XQJBPf,9,easy,1,16613,Similarity Measures
nWRIo9XQJBPf,10,easy,1,15659,Programming Tools (NumPy/Pandas)
nWRIo9XQJBPf,11,easy,1,15659,Programming Tools (NumPy/Pandas)
nWRIo9XQJBPf,12,easy,1,15659,Programming Tools (NumPy/Pandas)
nWRIo9XQJBPf,13,easy,1,17117,Programming Tools (NumPy/Pandas)
nWRIo9XQJBPf,14,medium,1,30463,Data Types
nWRIo9XQJBPf,15,medium,1,30638,Data Types
nWRIo9XQJBPf,16,easy,1,28512,Data Types
nWRIo9XQJBPf,17,easy,1,23169,Data Types
nWRIo9XQJBPf,18,hard,1,30264,Unsupervised Learning
nWRIo9XQJBPf,19,easy,1,15909,Unsupervised Learning
nWRIo9XQJBPf,20,hard,0,29881,Data Types
nWRIo9XQJBPf,21,hard,0,25431,Data Mining Tasks
nWRIo9XQJBPf,22,easy,1,15659,Data Types
nWRIo9XQJBPf,23,hard,1,32952,Unsupervised Learning
nWRIo9XQJBPf,24,hard,1,29537,Data Types
nWRIo9XQJBPf,25,hard,0,30742,Unsupervised Learning
nWRIo9XQJBPf,26,hard,1,34974,Data Types
nWRIo9XQJBPf,27,easy,1,19714,Data Preprocessing
nWRIo9XQJBPf,28,medium,0,32248,Scaling & Normalization
nWRIo9XQJBPf,29,easy,1,15659,Scaling & Normalization
nWRIo9XQJBPf,30,easy,1,13999,Data Preprocessing
9eci54foOGc9,31,medium,1,26573,Data Mining Tasks
9eci54foOGc9,32,medium,1,32236,Feature Selection
9eci54foOGc9,33,easy,1,15712,Feature Extraction
9eci54foOGc9,34,easy,1,15328,Principal Component Analysis
9eci54foOGc9,35,easy,1,15328,Principal Component Analysis
9eci54foOGc9,36,medium,1,25602,Principal Component Analysis
9eci54foOGc9,37,easy,1,22203,Feature Selection
9eci54foOGc9,38,hard,1,29493,Principal Component Analysis
9eci54foOGc9,39,easy,1,15350,Principal Component Analysis
9eci54foOGc9,40,easy,1,13228,Principal Component Analysis
9eci54foOGc9,41,easy,0,30075,Principal Component Analysis
9eci54foOGc9,42,easy,1,10483,Principal Component Analysis
9eci54foOGc9,43,medium,1,28520,Principal Component Analysis
9eci54foOGc9,44,easy,1,21952,Data Mining Tasks
9eci54foOGc9,45,hard,0,24474,Principal Component Analysis
9eci54foOGc9,46,easy,1,15350,Principal Component Analysis
9eci54foOGc9,47,hard,0,24337,Decision Trees
9eci54foOGc9,48,easy,1,21083,Decision Trees
9eci54foOGc9,49,hard,0,24474,Data Types
9eci54foOGc9,50,easy,1,17292,Feature Selection
9eci54foOGc9,51,easy,1,17292,Feature Selection
9eci54foOGc9,52,easy,1,15874,Principal Component Analysis
9eci54foOGc9,53,easy,1,14168,Feature Selection
9eci54foOGc9,54,easy,1,16496,Decision Trees
9eci54foOGc9,55,easy,1,14418,Feature Selection
9eci54foOGc9,56,hard,0,24474,Feature Selection
9eci54foOGc9,57,easy,1,10483,Feature Selection
9eci54foOGc9,58,easy,1,17875,Feature Selection
9eci54foOGc9,59,easy,1,15002,Feature Selection
9eci54foOGc9,60,easy,1,16496,Feature Selection
dF0r7wVjsLSV,31,medium,1,24111,Data Mining Tasks
dF0r7wVjsLSV,32,medium,1,29072,Feature Selection
dF0r7wVjsLSV,33,easy,1,14173,Feature Extraction
dF0r7wVjsLSV,34,easy,1,14234,Principal Component Analysis
dF0r7wVjsLSV,35,easy,1,14234,Principal Component Analysis
dF0r7wVjsLSV,36,medium,1,23230,Principal Component Analysis
dF0r7wVjsLSV,37,easy,1,21199,Feature Selection
dF0r7wVjsLSV,38,hard,1,26395,Principal Component Analysis
dF0r7wVjsLSV,39,easy,1,14338,Principal Component Analysis
dF0r7wVjsLSV,40,easy,1,9762,Principal Component Analysis
dF0r7wVjsLSV,41,easy,1,21835,Principal Component Analysis
dF0r7wVjsLSV,42,easy,1,8227,Principal Component Analysis
dF0r7wVjsLSV,43,medium,1,25721,Principal Component Analysis
dF0r7wVjsLSV,44,easy,0,21705,Data Mining Tasks
dF0r7wVjsLSV,45,hard,0,19216,Principal Component Analysis
dF0r7wVjsLSV,46,easy,1,14338,Principal Component Analysis
dF0r7wVjsLSV,47,hard,0,19800,Decision Trees
dF0r7wVjsLSV,48,easy,1,20130,Decision Trees
dF0r7wVjsLSV,49,hard,0,19216,Data Types
dF0r7wVjsLSV,50,easy,1,16554,Feature Selection
dF0r7wVjsLSV,51,easy,1,16554,Feature Selection
dF0r7wVjsLSV,52,easy,1,15032,Principal Component Analysis
dF0r7wVjsLSV,53,easy,1,11119,Feature Selection
dF0r7wVjsLSV,54,easy,1,16039,Decision Trees
dF0r7wVjsLSV,55,easy,1,11316,Feature Selection
dF0r7wVjsLSV,56,hard,0,19216,Feature Selection
dF0r7wVjsLSV,57,easy,1,8227,Feature Selection
dF0r7wVjsLSV,58,easy,1,17146,Feature Selection
dF0r7wVjsLSV,59,easy,1,13533,Feature Selection
dF0r7wVjsLSV,60,easy,1,16039,Feature Selection
BhvtwuIg7wvF,31,medium,1,19066,Data Mining Tasks
BhvtwuIg7wvF,32,medium,1,26398,Feature Selection
BhvtwuIg7wvF,33,easy,1,12697,Feature Extraction
BhvtwuIg7wvF,34,easy,1,12355,Principal Component Analysis
BhvtwuIg7wvF,35,easy,1,12355,Principal Component Analysis
BhvtwuIg7wvF,36,medium,1,18369,Principal Component Analysis
BhvtwuIg7wvF,37,easy,1,17316,Feature Selection
BhvtwuIg7wvF,38,hard,0,22067,Principal Component Analysis
BhvtwuIg7wvF,39,easy,1,12381,Principal Component Analysis
BhvtwuIg7wvF,40,easy,1,11203,Principal Component Analysis
BhvtwuIg7wvF,41,easy,1,17434,Principal Component Analysis
BhvtwuIg7wvF,42,easy,1,8349,Principal Component Analysis
BhvtwuIg7wvF,43,medium,1,20735,Principal Component Analysis
BhvtwuIg7wvF,44,easy,1,17016,Data Mining Tasks
BhvtwuIg7wvF,45,hard,0,19474,Principal Component Analysis
BhvtwuIg7wvF,46,easy,1,12381,Principal Component Analysis
BhvtwuIg7wvF,47,hard,0,18663,Decision Trees
BhvtwuIg7wvF,48,easy,1,16443,Decision Trees
BhvtwuIg7wvF,49,hard,0,19474,Data Types
BhvtwuIg7wvF,50,easy,1,13843,Feature Selection
BhvtwuIg7wvF,51,easy,1,13843,Feature Selection
BhvtwuIg7wvF,52,easy,1,12804,Principal Component Analysis
BhvtwuIg7wvF,53,easy,1,11284,Feature Selection
BhvtwuIg7wvF,54,easy,1,13329,Decision Trees
BhvtwuIg7wvF,55,easy,1,11483,Feature Selection
BhvtwuIg7wvF,56,hard,0,19474,Feature Selection
BhvtwuIg7wvF,57,easy,1,8349,Feature Selection
BhvtwuIg7wvF,58,easy,1,14310,Feature Selection
BhvtwuIg7wvF,59,easy,1,12123,Feature Selection
BhvtwuIg7wvF,60,easy,1,13329,Feature Selection
ynjK3wP1cV18,31,medium,1,38677,Data Mining Tasks
ynjK3wP1cV18,32,medium,1,43565,Feature Selection
ynjK3wP1cV18,33,easy,1,23363,Feature Extraction
ynjK3wP1cV18,34,easy,1,22792,Principal Component Analysis
ynjK3wP1cV18,35,easy,1,22792,Principal Component Analysis
ynjK3wP1cV18,36,medium,1,37264,Principal Component Analysis
ynjK3wP1cV18,37,easy,1,31210,Feature Selection
ynjK3wP1cV18,38,hard,0,36410,Principal Component Analysis
ynjK3wP1cV18,39,easy,1,22825,Principal Component Analysis
ynjK3wP1cV18,40,easy,1,19669,Principal Component Analysis
ynjK3wP1cV18,41,easy,1,34456,Principal Component Analysis
ynjK3wP1cV18,42,easy,1,15587,Principal Component Analysis
ynjK3wP1cV18,43,medium,1,38544,Principal Component Analysis
ynjK3wP1cV18,44,easy,1,30856,Data Mining Tasks
ynjK3wP1cV18,45,hard,0,30040,Principal Component Analysis
ynjK3wP1cV18,46,easy,1,22825,Principal Component Analysis
ynjK3wP1cV18,47,hard,0,29871,Decision Trees
ynjK3wP1cV18,48,easy,1,29636,Decision Trees
ynjK3wP1cV18,49,hard,0,30040,Data Types
ynjK3wP1cV18,50,easy,1,25712,Feature Selection
ynjK3wP1cV18,51,easy,0,31496,Feature Selection
ynjK3wP1cV18,52,easy,1,23604,Principal Component Analysis
ynjK3wP1cV18,53,easy,1,21066,Feature Selection
ynjK3wP1cV18,54,easy,1,24529,Decision Trees
ynjK3wP1cV18,55,easy,1,21439,Feature Selection
ynjK3wP1cV18,56,hard,0,30040,Feature Selection
ynjK3wP1cV18,57,easy,1,15587,Feature Selection
ynjK3wP1cV18,58,easy,1,26578,Feature Selection
ynjK3wP1cV18,59,easy,1,22307,Feature Selection
ynjK3wP1cV18,60,easy,1,24529,Feature Selection
No1fcFHRlYfg,31,medium,1,24709,Data Mining Tasks
No1fcFHRlYfg,32,medium,1,30372,Feature Selection
No1fcFHRlYfg,33,easy,1,15110,Feature Extraction
No1fcFHRlYfg,34,easy,1,14480,Principal Component Analysis
No1fcFHRlYfg,35,easy,1,14480,Principal Component Analysis
No1fcFHRlYfg,36,medium,1,23806,Principal Component Analysis
No1fcFHRlYfg,37,easy,1,20726,Feature Selection
No1fcFHRlYfg,38,hard,0,31642,Principal Component Analysis
No1fcFHRlYfg,39,easy,1,14437,Principal Component Analysis
No1fcFHRlYfg,40,easy,1,12721,Principal Component Analysis
No1fcFHRlYfg,41,easy,1,22012,Principal Component Analysis
No1fcFHRlYfg,42,easy,1,10081,Principal Component Analysis
No1fcFHRlYfg,43,medium,1,26863,Principal Component Analysis
No1fcFHRlYfg,44,easy,1,20393,Data Mining Tasks
No1fcFHRlYfg,45,hard,0,29581,Principal Component Analysis
No1fcFHRlYfg,46,easy,1,14437,Principal Component Analysis
No1fcFHRlYfg,47,hard,0,29094,Decision Trees
No1fcFHRlYfg,48,easy,1,19627,Decision Trees
No1fcFHRlYfg,49,hard,0,29581,Data Types
No1fcFHRlYfg,50,easy,1,16332,Feature Selection
No1fcFHRlYfg,51,easy,0,22769,Feature Selection
No1fcFHRlYfg,52,easy,1,14929,Principal Component Analysis
No1fcFHRlYfg,53,easy,1,12932,Feature Selection
No1fcFHRlYfg,54,easy,1,15541,Decision Trees
No1fcFHRlYfg,55,easy,1,13161,Feature Selection
No1fcFHRlYfg,56,hard,0,29581,Feature Selection
No1fcFHRlYfg,57,easy,1,10081,Feature Selection
No1fcFHRlYfg,58,easy,1,16883,Feature Selection
No1fcFHRlYfg,59,easy,1,14427,Feature Selection
No1fcFHRlYfg,60,easy,1,15541,Feature Selection
Q7dfzHYyXvOT,31,medium,1,21549,Data Mining Tasks
Q7dfzHYyXvOT,32,medium,1,26504,Feature Selection
Q7dfzHYyXvOT,33,easy,1,12889,Feature Extraction
Q7dfzHYyXvOT,34,easy,1,12478,Principal Component Analysis
Q7dfzHYyXvOT,35,easy,1,12478,Principal Component Analysis
Q7dfzHYyXvOT,36,medium,1,20762,Principal Component Analysis
Q7dfzHYyXvOT,37,easy,1,17773,Feature Selection
Q7dfzHYyXvOT,38,hard,0,30680,Principal Component Analysis
Q7dfzHYyXvOT,39,easy,1,12441,Principal Component Analysis
Q7dfzHYyXvOT,40,easy,1,10975,Principal Component Analysis
Q7dfzHYyXvOT,41,easy,1,19197,Principal Component Analysis
Q7dfzHYyXvOT,42,easy,1,8697,Principal Component Analysis
Q7dfzHYyXvOT,43,medium,1,23428,Principal Component Analysis
Q7dfzHYyXvOT,44,easy,1,17785,Data Mining Tasks
Q7dfzHYyXvOT,45,hard,0,28681,Principal Component Analysis
Q7dfzHYyXvOT,46,easy,1,12441,Principal Component Analysis
Q7dfzHYyXvOT,47,hard,0,28210,Decision Trees
Q7dfzHYyXvOT,48,easy,1,16830,Decision Trees
Q7dfzHYyXvOT,49,hard,0,28681,Data Types
Q7dfzHYyXvOT,50,easy,1,14075,Feature Selection
Q7dfzHYyXvOT,51,easy,0,20160,Feature Selection
Q7dfzHYyXvOT,52,easy,1,12865,Principal Component Analysis
Q7dfzHYyXvOT,53,easy,1,11251,Feature Selection
Q7dfzHYyXvOT,54,easy,1,13393,Decision Trees
Q7dfzHYyXvOT,55,easy,1,11450,Feature Selection
Q7dfzHYyXvOT,56,hard,0,28681,Feature Selection
Q7dfzHYyXvOT,57,easy,1,8697,Feature Selection
Q7dfzHYyXvOT,58,easy,1,14743,Feature Selection
Q7dfzHYyXvOT,59,easy,1,12306,Feature Selection
Q7dfzHYyXvOT,60,easy,1,13393,Feature Selection
VqXqgB6ructd,31,medium,1,28123,Data Mining Tasks
VqXqgB6ructd,32,medium,1,34116,Feature Selection
VqXqgB6ructd,33,easy,1,16628,Feature Extraction
VqXqgB6ructd,34,easy,1,16222,Principal Component Analysis
VqXqgB6ructd,35,easy,1,16222,Principal Component Analysis
VqXqgB6ructd,36,medium,1,27095,Principal Component Analysis
VqXqgB6ructd,37,easy,1,23498,Feature Selection
VqXqgB6ructd,38,hard,1,31213,Principal Component Analysis
VqXqgB6ructd,39,easy,1,16245,Principal Component Analysis
VqXqgB6ructd,40,easy,1,13999,Principal Component Analysis
VqXqgB6ructd,41,easy,0,31250,Principal Component Analysis
VqXqgB6ructd,42,easy,1,11094,Principal Component Analysis
VqXqgB6ructd,43,medium,1,30184,Principal Component Analysis
VqXqgB6ructd,44,easy,0,27616,Data Mining Tasks
VqXqgB6ructd,45,hard,0,25431,Principal Component Analysis
VqXqgB6ructd,46,easy,1,16245,Principal Component Analysis
VqXqgB6ructd,47,hard,0,25288,Decision Trees
VqXqgB6ructd,48,easy,1,22313,Decision Trees
VqXqgB6ructd,49,hard,0,25431,Data Types
VqXqgB6ructd,50,easy,1,18300,Feature Selection
VqXqgB6ructd,51,easy,1,18300,Feature Selection
VqXqgB6ructd,52,easy,1,16800,Principal Component Analysis
VqXqgB6ructd,53,easy,1,14994,Feature Selection
VqXqgB6ructd,54,easy,1,17458,Decision Trees
VqXqgB6ructd,55,easy,1,15259,Feature Selection
VqXqgB6ructd,56,hard,0,25431,Feature Selection
VqXqgB6ructd,57,easy,1,11094,Feature Selection
VqXqgB6ructd,58,easy,1,18917,Feature Selection
VqXqgB6ructd,59,easy,1,15877,Feature Selection
VqXqgB6ructd,60,easy,1,17458,Feature Selection
vqNkppoZuHFA,31,medium,1,22712,Data Mining Tasks
vqNkppoZuHFA,32,medium,1,27918,Feature Selection
vqNkppoZuHFA,33,easy,1,14299,Feature Extraction
vqNkppoZuHFA,34,easy,1,14098,Principal Component Analysis
vqNkppoZuHFA,35,easy,1,14098,Principal Component Analysis
vqNkppoZuHFA,36,medium,1,21882,Principal Component Analysis
vqNkppoZuHFA,37,easy,1,20409,Feature Selection
vqNkppoZuHFA,38,hard,1,25347,Principal Component Analysis
vqNkppoZuHFA,39,easy,1,14174,Principal Component Analysis
vqNkppoZuHFA,40,easy,1,11662,Principal Component Analysis
vqNkppoZuHFA,41,easy,0,23950,Principal Component Analysis
vqNkppoZuHFA,42,easy,1,9241,Principal Component Analysis
vqNkppoZuHFA,43,medium,1,24700,Principal Component Analysis
vqNkppoZuHFA,44,easy,0,22996,Data Mining Tasks
vqNkppoZuHFA,45,hard,0,22240,Principal Component Analysis
vqNkppoZuHFA,46,easy,1,14174,Principal Component Analysis
vqNkppoZuHFA,47,hard,0,21314,Decision Trees
vqNkppoZuHFA,48,easy,1,19380,Decision Trees
vqNkppoZuHFA,49,hard,0,22240,Data Types
vqNkppoZuHFA,50,easy,1,16033,Feature Selection
vqNkppoZuHFA,51,easy,1,16033,Feature Selection
vqNkppoZuHFA,52,easy,1,14639,Principal Component Analysis
vqNkppoZuHFA,53,easy,1,12490,Feature Selection
vqNkppoZuHFA,54,easy,1,15259,Decision Trees
vqNkppoZuHFA,55,easy,1,12711,Feature Selection
vqNkppoZuHFA,56,hard,0,22240,Feature Selection
vqNkppoZuHFA,57,easy,1,9241,Feature Selection
vqNkppoZuHFA,58,easy,1,16606,Feature Selection
vqNkppoZuHFA,59,easy,1,13653,Feature Selection
vqNkppoZuHFA,60,easy,1,15259,Feature Selection
hpYESXQ1czwb,31,medium,1,26098,Data Mining Tasks
hpYESXQ1czwb,32,medium,1,31660,Feature Selection
hpYESXQ1czwb,33,easy,1,15431,Feature Extraction
hpYESXQ1czwb,34,easy,1,15054,Principal Component Analysis
hpYESXQ1czwb,35,easy,1,15054,Principal Component Analysis
hpYESXQ1czwb,36,medium,1,25144,Principal Component Analysis
hpYESXQ1czwb,37,easy,1,21806,Feature Selection
hpYESXQ1czwb,38,hard,1,29324,Principal Component Analysis
hpYESXQ1czwb,39,easy,1,15076,Principal Component Analysis
hpYESXQ1czwb,40,easy,1,12991,Principal Component Analysis
hpYESXQ1czwb,41,easy,0,29535,Principal Component Analysis
hpYESXQ1czwb,42,easy,1,10295,Principal Component Analysis
hpYESXQ1czwb,43,medium,1,28011,Principal Component Analysis
hpYESXQ1czwb,44,easy,0,26100,Data Mining Tasks
hpYESXQ1czwb,45,hard,0,23808,Principal Component Analysis
hpYESXQ1czwb,46,easy,1,15076,Principal Component Analysis
hpYESXQ1czwb,47,hard,0,23674,Decision Trees
hpYESXQ1czwb,48,easy,1,20706,Decision Trees
hpYESXQ1czwb,49,hard,0,23808,Data Types
hpYESXQ1czwb,50,easy,1,16983,Feature Selection
hpYESXQ1czwb,51,easy,1,16983,Feature Selection
hpYESXQ1czwb,52,easy,1,15590,Principal Component Analysis
hpYESXQ1czwb,53,easy,1,13914,Feature Selection
hpYESXQ1czwb,54,easy,1,16201,Decision Trees
hpYESXQ1czwb,55,easy,1,14160,Feature Selection
hpYESXQ1czwb,56,hard,0,23808,Feature Selection
hpYESXQ1czwb,57,easy,1,10295,Feature Selection
hpYESXQ1czwb,58,easy,1,17555,Feature Selection
hpYESXQ1czwb,59,easy,1,14734,Feature Selection
hpYESXQ1czwb,60,easy,1,16201,Feature Selection
pJCSXvZHMyH1,31,medium,1,26573,Data Mining Tasks
pJCSXvZHMyH1,32,medium,1,32236,Feature Selection
pJCSXvZHMyH1,33,easy,1,15712,Feature Extraction
pJCSXvZHMyH1,34,easy,1,15328,Principal Component Analysis
pJCSXvZHMyH1,35,easy,1,15328,Principal Component Analysis
pJCSXvZHMyH1,36,medium,1,25602,Principal Component Analysis
pJCSXvZHMyH1,37,easy,1,22203,Feature Selection
pJCSXvZHMyH1,38,hard,1,29493,Principal Component Analysis
pJCSXvZHMyH1,39,easy,1,15350,Principal Component Analysis
pJCSXvZHMyH1,40,easy,1,13228,Principal Component Analysis
pJCSXvZHMyH1,41,easy,0,30075,Principal Component Analysis
pJCSXvZHMyH1,42,easy,1,10483,Principal Component Analysis
pJCSXvZHMyH1,43,medium,1,28520,Principal Component Analysis
pJCSXvZHMyH1,44,easy,0,26578,Data Mining Tasks
pJCSXvZHMyH1,45,hard,0,24474,Principal Component Analysis
pJCSXvZHMyH1,46,easy,1,15350,Principal Component Analysis
pJCSXvZHMyH1,47,hard,0,24337,Decision Trees
pJCSXvZHMyH1,48,easy,1,21083,Decision Trees
pJCSXvZHMyH1,49,hard,0,24474,Data Types
pJCSXvZHMyH1,50,easy,1,17292,Feature Selection
pJCSXvZHMyH1,51,easy,1,17292,Feature Selection
pJCSXvZHMyH1,52,easy,1,15874,Principal Component Analysis
pJCSXvZHMyH1,53,easy,1,14168,Feature Selection
pJCSXvZHMyH1,54,easy,1,16496,Decision Trees
pJCSXvZHMyH1,55,easy,1,14418,Feature Selection
pJCSXvZHMyH1,56,hard,0,24474,Feature Selection
pJCSXvZHMyH1,57,easy,1,10483,Feature Selection
pJCSXvZHMyH1,58,easy,1,17875,Feature Selection
pJCSXvZHMyH1,59,easy,1,15002,Feature Selection
pJCSXvZHMyH1,60,easy,1,16496,Feature Selection
Mr0bz3y2IHmW,31,medium,1,22904,Data Mining Tasks
Mr0bz3y2IHmW,32,medium,1,28154,Feature Selection
Mr0bz3y2IHmW,33,easy,1,13872,Feature Extraction
Mr0bz3y2IHmW,34,easy,1,13909,Principal Component Analysis
Mr0bz3y2IHmW,35,easy,1,13909,Principal Component Analysis
Mr0bz3y2IHmW,36,medium,1,22067,Principal Component Analysis
Mr0bz3y2IHmW,37,easy,0,23560,Feature Selection
Mr0bz3y2IHmW,38,hard,1,25561,Principal Component Analysis
Mr0bz3y2IHmW,39,easy,1,13984,Principal Component Analysis
Mr0bz3y2IHmW,40,easy,1,10690,Principal Component Analysis
Mr0bz3y2IHmW,41,easy,1,20943,Principal Component Analysis
Mr0bz3y2IHmW,42,easy,1,8472,Principal Component Analysis
Mr0bz3y2IHmW,43,medium,1,24908,Principal Component Analysis
Mr0bz3y2IHmW,44,easy,0,23190,Data Mining Tasks
Mr0bz3y2IHmW,45,hard,0,22427,Principal Component Analysis
Mr0bz3y2IHmW,46,easy,1,13984,Principal Component Analysis
Mr0bz3y2IHmW,47,hard,0,21494,Decision Trees
Mr0bz3y2IHmW,48,easy,1,19544,Decision Trees
Mr0bz3y2IHmW,49,hard,0,22427,Data Types
Mr0bz3y2IHmW,50,easy,1,16169,Feature Selection
Mr0bz3y2IHmW,51,easy,1,16169,Feature Selection
Mr0bz3y2IHmW,52,easy,1,14662,Principal Component Analysis
Mr0bz3y2IHmW,53,easy,1,11450,Feature Selection
Mr0bz3y2IHmW,54,easy,1,15054,Decision Trees
Mr0bz3y2IHmW,55,easy,1,11653,Feature Selection
Mr0bz3y2IHmW,56,hard,0,22427,Feature Selection
Mr0bz3y2IHmW,57,easy,1,8472,Feature Selection
Mr0bz3y2IHmW,58,easy,1,16746,Feature Selection
Mr0bz3y2IHmW,59,easy,1,13246,Feature Selection
Mr0bz3y2IHmW,60,easy,1,15054,Feature Selection
1ggBjCxnkaT8,31,medium,1,26170,Data Mining Tasks
1ggBjCxnkaT8,32,medium,0,32605,Feature Selection
1ggBjCxnkaT8,33,easy,1,15092,Feature Extraction
1ggBjCxnkaT8,34,easy,1,15104,Principal Component Analysis
1ggBjCxnkaT8,35,easy,1,15104,Principal Component Analysis
1ggBjCxnkaT8,36,medium,1,25214,Principal Component Analysis
1ggBjCxnkaT8,37,easy,1,22577,Feature Selection
1ggBjCxnkaT8,38,hard,1,28926,Principal Component Analysis
1ggBjCxnkaT8,39,easy,1,15214,Principal Component Analysis
1ggBjCxnkaT8,40,easy,1,11615,Principal Component Analysis
1ggBjCxnkaT8,41,easy,1,23930,Principal Component Analysis
1ggBjCxnkaT8,42,easy,1,9274,Principal Component Analysis
1ggBjCxnkaT8,43,medium,1,28188,Principal Component Analysis
1ggBjCxnkaT8,44,easy,1,22335,Data Mining Tasks
1ggBjCxnkaT8,45,hard,0,25290,Principal Component Analysis
1ggBjCxnkaT8,46,easy,1,15214,Principal Component Analysis
1ggBjCxnkaT8,47,hard,0,24374,Decision Trees
1ggBjCxnkaT8,48,easy,1,21438,Decision Trees
1ggBjCxnkaT8,49,hard,0,25290,Data Types
1ggBjCxnkaT8,50,easy,1,17590,Feature Selection
1ggBjCxnkaT8,51,easy,0,21935,Feature Selection
1ggBjCxnkaT8,52,easy,1,15951,Principal Component Analysis
1ggBjCxnkaT8,53,easy,1,12534,Feature Selection
1ggBjCxnkaT8,54,easy,1,17019,Decision Trees
1ggBjCxnkaT8,55,easy,1,12756,Feature Selection
1ggBjCxnkaT8,56,hard,0,25290,Feature Selection
1ggBjCxnkaT8,57,easy,1,9274,Feature Selection
1ggBjCxnkaT8,58,easy,1,18219,Feature Selection
1ggBjCxnkaT8,59,easy,1,14410,Feature Selection
1ggBjCxnkaT8,60,easy,1,17019,Feature Selection
2AQDG30NeIzY,31,medium,1,25329,Data Mining Tasks
2AQDG30NeIzY,32,medium,0,36878,Feature Selection
2AQDG30NeIzY,33,easy,1,15318,Feature Extraction
2AQDG30NeIzY,34,easy,1,14843,Principal Component Analysis
2AQDG30NeIzY,35,easy,1,14843,Principal Component Analysis
2AQDG30NeIzY,36,medium,1,24404,Principal Component Analysis
2AQDG30NeIzY,37,easy,1,21247,Feature Selection
2AQDG30NeIzY,38,hard,1,29846,Principal Component Analysis
2AQDG30NeIzY,39,easy,1,14799,Principal Component Analysis
2AQDG30NeIzY,40,easy,1,12896,Principal Component Analysis
2AQDG30NeIzY,41,easy,1,22564,Principal Component Analysis
2AQDG30NeIzY,42,easy,1,10220,Principal Component Analysis
2AQDG30NeIzY,43,medium,1,27537,Principal Component Analysis
2AQDG30NeIzY,44,easy,1,20905,Data Mining Tasks
2AQDG30NeIzY,45,hard,0,29993,Principal Component Analysis
2AQDG30NeIzY,46,easy,1,14799,Principal Component Analysis
2AQDG30NeIzY,47,hard,0,29825,Decision Trees
2AQDG30NeIzY,48,easy,1,20120,Decision Trees
2AQDG30NeIzY,49,hard,0,29993,Data Types
2AQDG30NeIzY,50,easy,1,16742,Feature Selection
2AQDG30NeIzY,51,easy,1,16742,Feature Selection
2AQDG30NeIzY,52,easy,1,15304,Principal Component Analysis
2AQDG30NeIzY,53,easy,1,13110,Feature Selection
2AQDG30NeIzY,54,easy,1,15931,Decision Trees
2AQDG30NeIzY,55,easy,1,13342,Feature Selection
2AQDG30NeIzY,56,hard,0,29993,Feature Selection
2AQDG30NeIzY,57,easy,1,10220,Feature Selection
2AQDG30NeIzY,58,easy,1,17306,Feature Selection
2AQDG30NeIzY,59,easy,1,14626,Feature Selection
2AQDG30NeIzY,60,easy,1,15931,Feature Selection
5WCMaHHFn6WV,31,medium,1,26098,Data Mining Tasks
5WCMaHHFn6WV,32,medium,0,36627,Feature Selection
5WCMaHHFn6WV,33,easy,1,15431,Feature Extraction
5WCMaHHFn6WV,34,easy,1,15054,Principal Component Analysis
5WCMaHHFn6WV,35,easy,1,15054,Principal Component Analysis
5WCMaHHFn6WV,36,medium,1,25144,Principal Component Analysis
5WCMaHHFn6WV,37,easy,1,21806,Feature Selection
5WCMaHHFn6WV,38,hard,0,28856,Principal Component Analysis
5WCMaHHFn6WV,39,easy,1,15076,Principal Component Analysis
5WCMaHHFn6WV,40,easy,1,12991,Principal Component Analysis
5WCMaHHFn6WV,41,easy,1,23250,Principal Component Analysis
5WCMaHHFn6WV,42,easy,1,10295,Principal Component Analysis
5WCMaHHFn6WV,43,medium,1,28011,Principal Component Analysis
5WCMaHHFn6WV,44,easy,1,21559,Data Mining Tasks
5WCMaHHFn6WV,45,hard,0,23808,Principal Component Analysis
5WCMaHHFn6WV,46,easy,1,15076,Principal Component Analysis
5WCMaHHFn6WV,47,hard,0,23674,Decision Trees
5WCMaHHFn6WV,48,easy,1,20706,Decision Trees
5WCMaHHFn6WV,49,hard,0,23808,Data Types
5WCMaHHFn6WV,50,easy,1,16983,Feature Selection
5WCMaHHFn6WV,51,easy,1,16983,Feature Selection
5WCMaHHFn6WV,52,easy,1,15590,Principal Component Analysis
5WCMaHHFn6WV,53,easy,1,13914,Feature Selection
5WCMaHHFn6WV,54,easy,1,16201,Decision Trees
5WCMaHHFn6WV,55,easy,1,14160,Feature Selection
5WCMaHHFn6WV,56,hard,0,23808,Feature Selection
5WCMaHHFn6WV,57,easy,1,10295,Feature Selection
5WCMaHHFn6WV,58,easy,1,17555,Feature Selection
5WCMaHHFn6WV,59,easy,1,14734,Feature Selection
5WCMaHHFn6WV,60,easy,1,16201,Feature Selection
TYE4dgTYGdCn,31,medium,0,32542,Data Mining Tasks
TYE4dgTYGdCn,32,medium,1,32236,Feature Selection
TYE4dgTYGdCn,33,easy,1,15712,Feature Extraction
TYE4dgTYGdCn,34,easy,1,15328,Principal Component Analysis
TYE4dgTYGdCn,35,easy,1,15328,Principal Component Analysis
TYE4dgTYGdCn,36,medium,1,25602,Principal Component Analysis
TYE4dgTYGdCn,37,easy,1,22203,Feature Selection
TYE4dgTYGdCn,38,hard,1,29493,Principal Component Analysis
TYE4dgTYGdCn,39,easy,1,15350,Principal Component Analysis
TYE4dgTYGdCn,40,easy,1,13228,Principal Component Analysis
TYE4dgTYGdCn,41,easy,0,30075,Principal Component Analysis
TYE4dgTYGdCn,42,easy,1,10483,Principal Component Analysis
TYE4dgTYGdCn,43,medium,1,28520,Principal Component Analysis
TYE4dgTYGdCn,44,easy,0,26578,Data Mining Tasks
TYE4dgTYGdCn,45,hard,0,24474,Principal Component Analysis
TYE4dgTYGdCn,46,easy,1,15350,Principal Component Analysis
TYE4dgTYGdCn,47,hard,0,24337,Decision Trees
TYE4dgTYGdCn,48,easy,1,21083,Decision Trees
TYE4dgTYGdCn,49,hard,0,24474,Data Types
TYE4dgTYGdCn,50,easy,1,17292,Feature Selection
TYE4dgTYGdCn,51,easy,1,17292,Feature Selection
TYE4dgTYGdCn,52,easy,1,15874,Principal Component Analysis
TYE4dgTYGdCn,53,easy,1,14168,Feature Selection
TYE4dgTYGdCn,54,easy,1,16496,Decision Trees
TYE4dgTYGdCn,55,easy,1,14418,Feature Selection
TYE4dgTYGdCn,56,hard,0,24474,Feature Selection
TYE4dgTYGdCn,57,easy,1,10483,Feature Selection
TYE4dgTYGdCn,58,easy,1,17875,Feature Selection
TYE4dgTYGdCn,59,easy,1,15002,Feature Selection
TYE4dgTYGdCn,60,easy,1,16496,Feature Selection
VgoqnXYkjUhL,31,medium,1,23407,Data Mining Tasks
VgoqnXYkjUhL,32,medium,1,28888,Feature Selection
VgoqnXYkjUhL,33,easy,1,14139,Feature Extraction
VgoqnXYkjUhL,34,easy,1,13921,Principal Component Analysis
VgoqnXYkjUhL,35,easy,1,13921,Principal Component Analysis
VgoqnXYkjUhL,36,medium,1,22551,Principal Component Analysis
VgoqnXYkjUhL,37,easy,1,19770,Feature Selection
VgoqnXYkjUhL,38,hard,0,27122,Principal Component Analysis
VgoqnXYkjUhL,39,easy,1,13843,Principal Component Analysis
VgoqnXYkjUhL,40,easy,1,11903,Principal Component Analysis
VgoqnXYkjUhL,41,easy,0,27034,Principal Component Analysis
VgoqnXYkjUhL,42,easy,1,9433,Principal Component Analysis
VgoqnXYkjUhL,43,medium,1,25558,Principal Component Analysis
VgoqnXYkjUhL,44,easy,0,24034,Data Mining Tasks
VgoqnXYkjUhL,45,hard,0,20983,Principal Component Analysis
VgoqnXYkjUhL,46,easy,1,13843,Principal Component Analysis
VgoqnXYkjUhL,47,hard,0,20309,Decision Trees
VgoqnXYkjUhL,48,easy,1,18722,Decision Trees
VgoqnXYkjUhL,49,hard,0,20983,Data Types
VgoqnXYkjUhL,50,easy,1,15661,Feature Selection
VgoqnXYkjUhL,51,easy,1,15661,Feature Selection
VgoqnXYkjUhL,52,easy,1,14315,Principal Component Analysis
VgoqnXYkjUhL,53,easy,1,12101,Feature Selection
VgoqnXYkjUhL,54,easy,1,14942,Decision Trees
VgoqnXYkjUhL,55,easy,1,12315,Feature Selection
VgoqnXYkjUhL,56,hard,0,20983,Feature Selection
VgoqnXYkjUhL,57,easy,1,9433,Feature Selection
VgoqnXYkjUhL,58,easy,1,16188,Feature Selection
VgoqnXYkjUhL,59,easy,1,13500,Feature Selection
VgoqnXYkjUhL,60,easy,1,14942,Feature Selection
DI3Mqi034afd,31,medium,1,24536,Data Mining Tasks
DI3Mqi034afd,32,medium,1,30178,Feature Selection
DI3Mqi034afd,33,easy,1,14562,Feature Extraction
DI3Mqi034afd,34,easy,1,14378,Principal Component Analysis
DI3Mqi034afd,35,easy,1,14378,Principal Component Analysis
DI3Mqi034afd,36,medium,1,23640,Principal Component Analysis
DI3Mqi034afd,37,easy,1,20581,Feature Selection
DI3Mqi034afd,38,hard,0,31440,Principal Component Analysis
DI3Mqi034afd,39,easy,1,14336,Principal Component Analysis
DI3Mqi034afd,40,easy,1,12260,Principal Component Analysis
DI3Mqi034afd,41,easy,0,28270,Principal Component Analysis
DI3Mqi034afd,42,easy,1,9715,Principal Component Analysis
DI3Mqi034afd,43,medium,1,26675,Principal Component Analysis
DI3Mqi034afd,44,easy,0,24960,Data Mining Tasks
DI3Mqi034afd,45,hard,0,29392,Principal Component Analysis
DI3Mqi034afd,46,easy,1,14336,Principal Component Analysis
DI3Mqi034afd,47,hard,0,28909,Decision Trees
DI3Mqi034afd,48,easy,1,19490,Decision Trees
DI3Mqi034afd,49,hard,0,29392,Data Types
DI3Mqi034afd,50,easy,1,16218,Feature Selection
DI3Mqi034afd,51,easy,1,16218,Feature Selection
DI3Mqi034afd,52,easy,1,14825,Principal Component Analysis
DI3Mqi034afd,53,easy,1,12567,Feature Selection
DI3Mqi034afd,54,easy,1,15432,Decision Trees
DI3Mqi034afd,55,easy,1,12790,Feature Selection
DI3Mqi034afd,56,hard,0,29392,Feature Selection
DI3Mqi034afd,57,easy,1,9715,Feature Selection
DI3Mqi034afd,58,easy,1,16765,Feature Selection
DI3Mqi034afd,59,easy,1,13904,Feature Selection
DI3Mqi034afd,60,easy,1,15432,Feature Selection
Oc5QucHDsmjC,31,medium,1,22667,Data Mining Tasks
Oc5QucHDsmjC,32,medium,1,28065,Feature Selection
Oc5QucHDsmjC,33,easy,1,13452,Feature Extraction
Oc5QucHDsmjC,34,easy,1,13283,Principal Component Analysis
Oc5QucHDsmjC,35,easy,1,13283,Principal Component Analysis
Oc5QucHDsmjC,36,medium,1,21839,Principal Component Analysis
Oc5QucHDsmjC,37,easy,1,19014,Feature Selection
Oc5QucHDsmjC,38,hard,0,29239,Principal Component Analysis
Oc5QucHDsmjC,39,easy,1,13244,Principal Component Analysis
Oc5QucHDsmjC,40,easy,1,11326,Principal Component Analysis
Oc5QucHDsmjC,41,easy,0,26117,Principal Component Analysis
Oc5QucHDsmjC,42,easy,1,8975,Principal Component Analysis
Oc5QucHDsmjC,43,medium,1,24643,Principal Component Analysis
Oc5QucHDsmjC,44,easy,0,23058,Data Mining Tasks
Oc5QucHDsmjC,45,hard,0,27334,Principal Component Analysis
Oc5QucHDsmjC,46,easy,1,13244,Principal Component Analysis
Oc5QucHDsmjC,47,hard,0,26885,Decision Trees
Oc5QucHDsmjC,48,easy,1,18005,Decision Trees
Oc5QucHDsmjC,49,hard,0,27334,Data Types
Oc5QucHDsmjC,50,easy,1,14983,Feature Selection
Oc5QucHDsmjC,51,easy,1,14983,Feature Selection
Oc5QucHDsmjC,52,easy,1,13696,Principal Component Analysis
Oc5QucHDsmjC,53,easy,1,11610,Feature Selection
Oc5QucHDsmjC,54,easy,1,14257,Decision Trees
Oc5QucHDsmjC,55,easy,1,11815,Feature Selection
Oc5QucHDsmjC,56,hard,0,27334,Feature Selection
Oc5QucHDsmjC,57,easy,1,8975,Feature Selection
Oc5QucHDsmjC,58,easy,1,15488,Feature Selection
Oc5QucHDsmjC,59,easy,1,12845,Feature Selection
Oc5QucHDsmjC,60,easy,1,14257,Feature Selection
vgAkx62M3oPn,31,medium,1,25721,Data Mining Tasks
vgAkx62M3oPn,32,medium,0,35576,Feature Selection
vgAkx62M3oPn,33,easy,1,15548,Feature Extraction
vgAkx62M3oPn,34,easy,1,15128,Principal Component Analysis
vgAkx62M3oPn,35,easy,1,15128,Principal Component Analysis
vgAkx62M3oPn,36,medium,0,29907,Principal Component Analysis
vgAkx62M3oPn,37,easy,1,21653,Feature Selection
vgAkx62M3oPn,38,hard,0,29296,Principal Component Analysis
vgAkx62M3oPn,39,easy,1,15124,Principal Component Analysis
vgAkx62M3oPn,40,easy,1,12900,Principal Component Analysis
vgAkx62M3oPn,41,easy,1,22913,Principal Component Analysis
vgAkx62M3oPn,42,easy,1,10223,Principal Component Analysis
vgAkx62M3oPn,43,medium,1,27605,Principal Component Analysis
vgAkx62M3oPn,44,easy,1,21408,Data Mining Tasks
vgAkx62M3oPn,45,hard,0,25796,Principal Component Analysis
vgAkx62M3oPn,46,easy,1,15124,Principal Component Analysis
vgAkx62M3oPn,47,hard,1,27287,Decision Trees
vgAkx62M3oPn,48,easy,1,20561,Decision Trees
vgAkx62M3oPn,49,hard,0,25796,Data Types
vgAkx62M3oPn,50,easy,1,16911,Feature Selection
vgAkx62M3oPn,51,easy,1,16911,Feature Selection
vgAkx62M3oPn,52,easy,1,15640,Principal Component Analysis
vgAkx62M3oPn,53,easy,1,13817,Feature Selection
vgAkx62M3oPn,54,easy,1,16282,Decision Trees
vgAkx62M3oPn,55,easy,1,14061,Feature Selection
vgAkx62M3oPn,56,hard,0,25796,Feature Selection
vgAkx62M3oPn,57,easy,1,10223,Feature Selection
vgAkx62M3oPn,58,easy,1,17480,Feature Selection
vgAkx62M3oPn,59,easy,1,14845,Feature Selection
vgAkx62M3oPn,60,easy,1,16282,Feature Selection
nWRIo9XQJBPf,31,medium,0,33814,Data Mining Tasks
nWRIo9XQJBPf,32,medium,1,34116,Feature Selection
nWRIo9XQJBPf,33,easy,1,16628,Feature Extraction
nWRIo9XQJBPf,34,easy,1,16222,Principal Component Analysis
nWRIo9XQJBPf,35,easy,1,16222,Principal Component Analysis
nWRIo9XQJBPf,36,medium,0,32578,Principal Component Analysis
nWRIo9XQJBPf,37,easy,1,23498,Feature Selection
nWRIo9XQJBPf,38,hard,1,31213,Principal Component Analysis
nWRIo9XQJBPf,39,easy,1,16245,Principal Component Analysis
nWRIo9XQJBPf,40,easy,1,13999,Principal Component Analysis
nWRIo9XQJBPf,41,easy,1,25053,Principal Component Analysis
nWRIo9XQJBPf,42,easy,1,11094,Principal Component Analysis
nWRIo9XQJBPf,43,medium,1,30184,Principal Component Analysis
nWRIo9XQJBPf,44,easy,1,23232,Data Mining Tasks
nWRIo9XQJBPf,45,hard,0,25431,Principal Component Analysis
nWRIo9XQJBPf,46,easy,1,16245,Principal Component Analysis
nWRIo9XQJBPf,47,hard,1,29580,Decision Trees
nWRIo9XQJBPf,48,easy,0,26470,Decision Trees
nWRIo9XQJBPf,49,hard,0,25431,Data Types
nWRIo9XQJBPf,50,easy,1,18300,Feature Selection
nWRIo9XQJBPf,51,easy,1,18300,Feature Selection
nWRIo9XQJBPf,52,easy,1,16800,Principal Component Analysis
nWRIo9XQJBPf,53,easy,1,14994,Feature Selection
nWRIo9XQJBPf,54,easy,1,17458,Decision Trees
nWRIo9XQJBPf,55,easy,1,15259,Feature Selection
nWRIo9XQJBPf,56,hard,0,25431,Feature Selection
nWRIo9XQJBPf,57,easy,1,11094,Feature Selection
nWRIo9XQJBPf,58,easy,1,18917,Feature Selection
nWRIo9XQJBPf,59,easy,1,15877,Feature Selection
nWRIo9XQJBPf,60,easy,1,17458,Feature Selection
0Hpj01paAdfZ,31,medium,1,24111,Data Mining Tasks
0Hpj01paAdfZ,32,medium,1,29072,Feature Selection
0Hpj01paAdfZ,33,easy,1,14173,Feature Extraction
0Hpj01paAdfZ,34,easy,1,14234,Principal Component Analysis
0Hpj01paAdfZ,35,easy,1,14234,Principal Component Analysis
0Hpj01paAdfZ,36,medium,1,23230,Principal Component Analysis
0Hpj01paAdfZ,37,easy,0,22110,Feature Selection
0Hpj01paAdfZ,38,hard,1,26395,Principal Component Analysis
0Hpj01paAdfZ,39,easy,1,14338,Principal Component Analysis
0Hpj01paAdfZ,40,easy,1,9762,Principal Component Analysis
0Hpj01paAdfZ,41,easy,0,22744,Principal Component Analysis
0Hpj01paAdfZ,42,easy,1,8227,Principal Component Analysis
0Hpj01paAdfZ,43,medium,0,25193,Principal Component Analysis
0Hpj01paAdfZ,44,easy,1,20828,Data Mining Tasks
0Hpj01paAdfZ,45,hard,0,19099,Principal Component Analysis
0Hpj01paAdfZ,46,easy,1,14338,Principal Component Analysis
0Hpj01paAdfZ,47,hard,0,19679,Decision Trees
0Hpj01paAdfZ,48,easy,1,20130,Decision Trees
0Hpj01paAdfZ,49,hard,0,19099,Data Types
0Hpj01paAdfZ,50,easy,1,16554,Feature Selection
0Hpj01paAdfZ,51,easy,1,16554,Feature Selection
0Hpj01paAdfZ,52,easy,1,15032,Principal Component Analysis
0Hpj01paAdfZ,53,easy,1,11119,Feature Selection
0Hpj01paAdfZ,54,easy,1,16039,Decision Trees
0Hpj01paAdfZ,55,easy,1,11316,Feature Selection
0Hpj01paAdfZ,56,hard,0,19099,Feature Selection
0Hpj01paAdfZ,57,easy,1,8227,Feature Selection
0Hpj01paAdfZ,58,easy,1,17146,Feature Selection
0Hpj01paAdfZ,59,easy,0,14646,Feature Selection
0Hpj01paAdfZ,60,easy,1,16039,Feature Selection
P76XnTmOjZzU,31,medium,0,33814,Data Mining Tasks
P76XnTmOjZzU,32,medium,1,34116,Feature Selection
P76XnTmOjZzU,33,easy,1,16628,Feature Extraction
P76XnTmOjZzU,34,easy,1,16222,Principal Component Analysis
P76XnTmOjZzU,35,easy,1,16222,Principal Component Analysis
P76XnTmOjZzU,36,medium,1,27095,Principal Component Analysis
P76XnTmOjZzU,37,easy,1,23498,Feature Selection
P76XnTmOjZzU,38,hard,0,30533,Principal Component Analysis
P76XnTmOjZzU,39,easy,1,16245,Principal Component Analysis
P76XnTmOjZzU,40,easy,1,13999,Principal Component Analysis
P76XnTmOjZzU,41,easy,0,31250,Principal Component Analysis
P76XnTmOjZzU,42,easy,1,11094,Principal Component Analysis
P76XnTmOjZzU,43,medium,1,30184,Principal Component Analysis
P76XnTmOjZzU,44,easy,1,23232,Data Mining Tasks
P76XnTmOjZzU,45,hard,0,25431,Principal Component Analysis
P76XnTmOjZzU,46,easy,1,16245,Principal Component Analysis
P76XnTmOjZzU,47,hard,0,25288,Decision Trees
P76XnTmOjZzU,48,easy,1,22313,Decision Trees
P76XnTmOjZzU,49,hard,0,25431,Data Types
P76XnTmOjZzU,50,easy,1,18300,Feature Selection
P76XnTmOjZzU,51,easy,1,18300,Feature Selection
P76XnTmOjZzU,52,easy,1,16800,Principal Component Analysis
P76XnTmOjZzU,53,easy,1,14994,Feature Selection
P76XnTmOjZzU,54,easy,1,17458,Decision Trees
P76XnTmOjZzU,55,easy,1,15259,Feature Selection
P76XnTmOjZzU,56,hard,0,25431,Feature Selection
P76XnTmOjZzU,57,easy,1,11094,Feature Selection
P76XnTmOjZzU,58,easy,1,18917,Feature Selection
P76XnTmOjZzU,59,easy,1,15877,Feature Selection
P76XnTmOjZzU,60,easy,1,17458,Feature Selection
jkDHRLkdOO06,31,medium,0,31958,Data Mining Tasks
jkDHRLkdOO06,32,medium,1,31660,Feature Selection
jkDHRLkdOO06,33,easy,1,15431,Feature Extraction
jkDHRLkdOO06,34,easy,1,15054,Principal Component Analysis
jkDHRLkdOO06,35,easy,1,15054,Principal Component Analysis
jkDHRLkdOO06,36,medium,1,25144,Principal Component Analysis
jkDHRLkdOO06,37,easy,1,21806,Feature Selection
jkDHRLkdOO06,38,hard,0,28856,Principal Component Analysis
jkDHRLkdOO06,39,easy,1,15076,Principal Component Analysis
jkDHRLkdOO06,40,easy,1,12991,Principal Component Analysis
jkDHRLkdOO06,41,easy,0,29535,Principal Component Analysis
jkDHRLkdOO06,42,easy,1,10295,Principal Component Analysis
jkDHRLkdOO06,43,medium,1,28011,Principal Component Analysis
jkDHRLkdOO06,44,easy,1,21559,Data Mining Tasks
jkDHRLkdOO06,45,hard,0,23808,Principal Component Analysis
jkDHRLkdOO06,46,easy,1,15076,Principal Component Analysis
jkDHRLkdOO06,47,hard,0,23674,Decision Trees
jkDHRLkdOO06,48,easy,1,20706,Decision Trees
jkDHRLkdOO06,49,hard,0,23808,Data Types
jkDHRLkdOO06,50,easy,1,16983,Feature Selection
jkDHRLkdOO06,51,easy,1,16983,Feature Selection
jkDHRLkdOO06,52,easy,1,15590,Principal Component Analysis
jkDHRLkdOO06,53,easy,1,13914,Feature Selection
jkDHRLkdOO06,54,easy,1,16201,Decision Trees
jkDHRLkdOO06,55,easy,1,14160,Feature Selection
jkDHRLkdOO06,56,hard,0,23808,Feature Selection
jkDHRLkdOO06,57,easy,1,10295,Feature Selection
jkDHRLkdOO06,58,easy,1,17555,Feature Selection
jkDHRLkdOO06,59,easy,1,14734,Feature Selection
jkDHRLkdOO06,60,easy,1,16201,Feature Selection
cCanr1FJP4WP,31,medium,0,31958,Data Mining Tasks
cCanr1FJP4WP,32,medium,1,31660,Feature Selection
cCanr1FJP4WP,33,easy,1,15431,Feature Extraction
cCanr1FJP4WP,34,easy,1,15054,Principal Component Analysis
cCanr1FJP4WP,35,easy,1,15054,Principal Component Analysis
cCanr1FJP4WP,36,medium,1,25144,Principal Component Analysis
cCanr1FJP4WP,37,easy,1,21806,Feature Selection
cCanr1FJP4WP,38,hard,0,28856,Principal Component Analysis
cCanr1FJP4WP,39,easy,1,15076,Principal Component Analysis
cCanr1FJP4WP,40,easy,1,12991,Principal Component Analysis
cCanr1FJP4WP,41,easy,0,29535,Principal Component Analysis
cCanr1FJP4WP,42,easy,1,10295,Principal Component Analysis
cCanr1FJP4WP,43,medium,1,28011,Principal Component Analysis
cCanr1FJP4WP,44,easy,1,21559,Data Mining Tasks
cCanr1FJP4WP,45,hard,0,23808,Principal Component Analysis
cCanr1FJP4WP,46,easy,1,15076,Principal Component Analysis
cCanr1FJP4WP,47,hard,0,23674,Decision Trees
cCanr1FJP4WP,48,easy,1,20706,Decision Trees
cCanr1FJP4WP,49,hard,0,23808,Data Types
cCanr1FJP4WP,50,easy,1,16983,Feature Selection
cCanr1FJP4WP,51,easy,1,16983,Feature Selection
cCanr1FJP4WP,52,easy,1,15590,Principal Component Analysis
cCanr1FJP4WP,53,easy,1,13914,Feature Selection
cCanr1FJP4WP,54,easy,1,16201,Decision Trees
cCanr1FJP4WP,55,easy,1,14160,Feature Selection
cCanr1FJP4WP,56,hard,0,23808,Feature Selection
cCanr1FJP4WP,57,easy,1,10295,Feature Selection
cCanr1FJP4WP,58,easy,1,17555,Feature Selection
cCanr1FJP4WP,59,easy,1,14734,Feature Selection
cCanr1FJP4WP,60,easy,1,16201,Feature Selection
CprL2LITeTET,31,medium,0,42931,Data Mining Tasks
CprL2LITeTET,32,medium,1,43565,Feature Selection
CprL2LITeTET,33,easy,1,23363,Feature Extraction
CprL2LITeTET,34,easy,1,22792,Principal Component Analysis
CprL2LITeTET,35,easy,1,22792,Principal Component Analysis
CprL2LITeTET,36,medium,1,37264,Principal Component Analysis
CprL2LITeTET,37,easy,1,31210,Feature Selection
CprL2LITeTET,38,hard,0,36410,Principal Component Analysis
CprL2LITeTET,39,easy,1,22825,Principal Component Analysis
CprL2LITeTET,40,easy,1,19669,Principal Component Analysis
CprL2LITeTET,41,easy,0,39676,Principal Component Analysis
CprL2LITeTET,42,easy,1,15587,Principal Component Analysis
CprL2LITeTET,43,medium,1,38544,Principal Component Analysis
CprL2LITeTET,44,easy,1,30856,Data Mining Tasks
CprL2LITeTET,45,hard,0,30040,Principal Component Analysis
CprL2LITeTET,46,easy,1,22825,Principal Component Analysis
CprL2LITeTET,47,hard,0,29871,Decision Trees
CprL2LITeTET,48,easy,1,29636,Decision Trees
CprL2LITeTET,49,hard,0,30040,Data Types
CprL2LITeTET,50,easy,1,25712,Feature Selection
CprL2LITeTET,51,easy,1,25712,Feature Selection
CprL2LITeTET,52,easy,1,23604,Principal Component Analysis
CprL2LITeTET,53,easy,1,21066,Feature Selection
CprL2LITeTET,54,easy,1,24529,Decision Trees
CprL2LITeTET,55,easy,1,21439,Feature Selection
CprL2LITeTET,56,hard,0,30040,Feature Selection
CprL2LITeTET,57,easy,1,15587,Feature Selection
CprL2LITeTET,58,easy,1,26578,Feature Selection
CprL2LITeTET,59,easy,1,22307,Feature Selection
CprL2LITeTET,60,easy,1,24529,Feature Selection
wLeCyVvKyFT8,31,medium,0,25644,Data Mining Tasks
wLeCyVvKyFT8,32,medium,0,29562,Feature Selection
wLeCyVvKyFT8,33,easy,1,15322,Feature Extraction
wLeCyVvKyFT8,34,easy,1,14909,Principal Component Analysis
wLeCyVvKyFT8,35,easy,1,14909,Principal Component Analysis
wLeCyVvKyFT8,36,medium,1,22226,Principal Component Analysis
wLeCyVvKyFT8,37,easy,1,20730,Feature Selection
wLeCyVvKyFT8,38,hard,1,25746,Principal Component Analysis
wLeCyVvKyFT8,39,easy,1,14941,Principal Component Analysis
wLeCyVvKyFT8,40,easy,1,12713,Principal Component Analysis
wLeCyVvKyFT8,41,easy,1,21094,Principal Component Analysis
wLeCyVvKyFT8,42,easy,1,10075,Principal Component Analysis
wLeCyVvKyFT8,43,medium,0,26350,Principal Component Analysis
wLeCyVvKyFT8,44,easy,1,20370,Data Mining Tasks
wLeCyVvKyFT8,45,hard,0,22589,Principal Component Analysis
wLeCyVvKyFT8,46,easy,1,14941,Principal Component Analysis
wLeCyVvKyFT8,47,hard,0,21649,Decision Trees
wLeCyVvKyFT8,48,easy,1,19685,Decision Trees
wLeCyVvKyFT8,49,hard,0,22589,Data Types
wLeCyVvKyFT8,50,easy,1,16446,Feature Selection
wLeCyVvKyFT8,51,easy,1,16446,Feature Selection
wLeCyVvKyFT8,52,easy,1,15359,Principal Component Analysis
wLeCyVvKyFT8,53,easy,1,13616,Feature Selection
wLeCyVvKyFT8,54,easy,1,16084,Decision Trees
wLeCyVvKyFT8,55,easy,1,13857,Feature Selection
wLeCyVvKyFT8,56,hard,0,22589,Feature Selection
wLeCyVvKyFT8,57,easy,1,10075,Feature Selection
wLeCyVvKyFT8,58,easy,1,17000,Feature Selection
wLeCyVvKyFT8,59,easy,1,14629,Feature Selection
wLeCyVvKyFT8,60,easy,1,16084,Feature Selection
w1PmKgj9FomZ,31,medium,1,26573,Data Mining Tasks
w1PmKgj9FomZ,32,medium,0,37297,Feature Selection
w1PmKgj9FomZ,33,easy,1,15712,Feature Extraction
w1PmKgj9FomZ,34,easy,1,15328,Principal Component Analysis
w1PmKgj9FomZ,35,easy,1,15328,Principal Component Analysis
w1PmKgj9FomZ,36,medium,1,25602,Principal Component Analysis
w1PmKgj9FomZ,37,easy,1,22203,Feature Selection
w1PmKgj9FomZ,38,hard,0,29384,Principal Component Analysis
w1PmKgj9FomZ,39,easy,1,15350,Principal Component Analysis
w1PmKgj9FomZ,40,easy,1,13228,Principal Component Analysis
w1PmKgj9FomZ,41,easy,1,23673,Principal Component Analysis
w1PmKgj9FomZ,42,easy,1,10483,Principal Component Analysis
w1PmKgj9FomZ,43,medium,0,33244,Principal Component Analysis
w1PmKgj9FomZ,44,easy,1,21952,Data Mining Tasks
w1PmKgj9FomZ,45,hard,0,24474,Principal Component Analysis
w1PmKgj9FomZ,46,easy,1,15350,Principal Component Analysis
w1PmKgj9FomZ,47,hard,0,24337,Decision Trees
w1PmKgj9FomZ,48,easy,1,21083,Decision Trees
w1PmKgj9FomZ,49,hard,0,24474,Data Types
w1PmKgj9FomZ,50,easy,1,17292,Feature Selection
w1PmKgj9FomZ,51,easy,1,17292,Feature Selection
w1PmKgj9FomZ,52,easy,1,15874,Principal Component Analysis
w1PmKgj9FomZ,53,easy,1,14168,Feature Selection
w1PmKgj9FomZ,54,easy,1,16496,Decision Trees
w1PmKgj9FomZ,55,easy,1,14418,Feature Selection
w1PmKgj9FomZ,56,hard,0,24474,Feature Selection
w1PmKgj9FomZ,57,easy,1,10483,Feature Selection
w1PmKgj9FomZ,58,easy,1,17875,Feature Selection
w1PmKgj9FomZ,59,easy,1,15002,Feature Selection
w1PmKgj9FomZ,60,easy,1,16496,Feature Selection
OHaSXzUdzChO,31,medium,1,25199,Data Mining Tasks
OHaSXzUdzChO,32,medium,0,34102,Feature Selection
OHaSXzUdzChO,33,easy,1,15677,Feature Extraction
OHaSXzUdzChO,34,easy,1,15254,Principal Component Analysis
OHaSXzUdzChO,35,easy,1,15254,Principal Component Analysis
OHaSXzUdzChO,36,medium,1,24278,Principal Component Analysis
OHaSXzUdzChO,37,easy,1,21543,Feature Selection
OHaSXzUdzChO,38,hard,0,28783,Principal Component Analysis
OHaSXzUdzChO,39,easy,1,15250,Principal Component Analysis
OHaSXzUdzChO,40,easy,1,13008,Principal Component Analysis
OHaSXzUdzChO,41,easy,1,22448,Principal Component Analysis
OHaSXzUdzChO,42,easy,1,10308,Principal Component Analysis
OHaSXzUdzChO,43,medium,0,30397,Principal Component Analysis
OHaSXzUdzChO,44,easy,1,21300,Data Mining Tasks
OHaSXzUdzChO,45,hard,0,25345,Principal Component Analysis
OHaSXzUdzChO,46,easy,1,15250,Principal Component Analysis
OHaSXzUdzChO,47,hard,0,24290,Decision Trees
OHaSXzUdzChO,48,easy,1,20457,Decision Trees
OHaSXzUdzChO,49,hard,0,25345,Data Types
OHaSXzUdzChO,50,easy,1,17051,Feature Selection
OHaSXzUdzChO,51,easy,1,17051,Feature Selection
OHaSXzUdzChO,52,easy,1,15770,Principal Component Analysis
OHaSXzUdzChO,53,easy,1,13932,Feature Selection
OHaSXzUdzChO,54,easy,1,16417,Decision Trees
OHaSXzUdzChO,55,easy,1,14178,Feature Selection
OHaSXzUdzChO,56,hard,0,25345,Feature Selection
OHaSXzUdzChO,57,easy,1,10308,Feature Selection
OHaSXzUdzChO,58,easy,1,17392,Feature Selection
OHaSXzUdzChO,59,easy,1,14968,Feature Selection
OHaSXzUdzChO,60,easy,1,16417,Feature Selection
C6BcTLw4mOKQ,31,medium,1,26573,Data Mining Tasks
C6BcTLw4mOKQ,32,medium,0,37297,Feature Selection
C6BcTLw4mOKQ,33,easy,1,15712,Feature Extraction
C6BcTLw4mOKQ,34,easy,1,15328,Principal Component Analysis
C6BcTLw4mOKQ,35,easy,1,15328,Principal Component Analysis
C6BcTLw4mOKQ,36,medium,1,25602,Principal Component Analysis
C6BcTLw4mOKQ,37,easy,1,22203,Feature Selection
C6BcTLw4mOKQ,38,hard,0,29384,Principal Component Analysis
C6BcTLw4mOKQ,39,easy,1,15350,Principal Component Analysis
C6BcTLw4mOKQ,40,easy,1,13228,Principal Component Analysis
C6BcTLw4mOKQ,41,easy,1,23673,Principal Component Analysis
C6BcTLw4mOKQ,42,easy,1,10483,Principal Component Analysis
C6BcTLw4mOKQ,43,medium,0,33244,Principal Component Analysis
C6BcTLw4mOKQ,44,easy,1,21952,Data Mining Tasks
C6BcTLw4mOKQ,45,hard,0,24474,Principal Component Analysis
C6BcTLw4mOKQ,46,easy,1,15350,Principal Component Analysis
C6BcTLw4mOKQ,47,hard,0,24337,Decision Trees
C6BcTLw4mOKQ,48,easy,1,21083,Decision Trees
C6BcTLw4mOKQ,49,hard,0,24474,Data Types
C6BcTLw4mOKQ,50,easy,1,17292,Feature Selection
C6BcTLw4mOKQ,51,easy,1,17292,Feature Selection
C6BcTLw4mOKQ,52,easy,1,15874,Principal Component Analysis
C6BcTLw4mOKQ,53,easy,1,14168,Feature Selection
C6BcTLw4mOKQ,54,easy,1,16496,Decision Trees
C6BcTLw4mOKQ,55,easy,1,14418,Feature Selection
C6BcTLw4mOKQ,56,hard,0,24474,Feature Selection
C6BcTLw4mOKQ,57,easy,1,10483,Feature Selection
C6BcTLw4mOKQ,58,easy,1,17875,Feature Selection
C6BcTLw4mOKQ,59,easy,1,15002,Feature Selection
C6BcTLw4mOKQ,60,easy,1,16496,Feature Selection
tZNKhSZpzqOT,31,medium,0,29755,Data Mining Tasks
tZNKhSZpzqOT,32,medium,1,30569,Feature Selection
tZNKhSZpzqOT,33,easy,1,15677,Feature Extraction
tZNKhSZpzqOT,34,easy,0,20768,Principal Component Analysis
tZNKhSZpzqOT,35,easy,1,15254,Principal Component Analysis
tZNKhSZpzqOT,36,medium,1,24278,Principal Component Analysis
tZNKhSZpzqOT,37,easy,1,21543,Feature Selection
tZNKhSZpzqOT,38,hard,0,28783,Principal Component Analysis
tZNKhSZpzqOT,39,easy,1,15250,Principal Component Analysis
tZNKhSZpzqOT,40,easy,1,13008,Principal Component Analysis
tZNKhSZpzqOT,41,easy,1,22448,Principal Component Analysis
tZNKhSZpzqOT,42,easy,1,10308,Principal Component Analysis
tZNKhSZpzqOT,43,medium,1,27045,Principal Component Analysis
tZNKhSZpzqOT,44,easy,1,21300,Data Mining Tasks
tZNKhSZpzqOT,45,hard,0,25345,Principal Component Analysis
tZNKhSZpzqOT,46,easy,1,15250,Principal Component Analysis
tZNKhSZpzqOT,47,hard,0,24290,Decision Trees
tZNKhSZpzqOT,48,easy,1,20457,Decision Trees
tZNKhSZpzqOT,49,hard,0,25345,Data Types
tZNKhSZpzqOT,50,easy,1,17051,Feature Selection
tZNKhSZpzqOT,51,easy,1,17051,Feature Selection
tZNKhSZpzqOT,52,easy,1,15770,Principal Component Analysis
tZNKhSZpzqOT,53,easy,1,13932,Feature Selection
tZNKhSZpzqOT,54,easy,1,16417,Decision Trees
tZNKhSZpzqOT,55,easy,1,14178,Feature Selection
tZNKhSZpzqOT,56,hard,0,25345,Feature Selection
tZNKhSZpzqOT,57,easy,1,10308,Feature Selection
tZNKhSZpzqOT,58,easy,1,17392,Feature Selection
tZNKhSZpzqOT,59,easy,1,14968,Feature Selection
tZNKhSZpzqOT,60,easy,1,16417,Feature Selection
RM55e8d3Jbjm,31,medium,1,22670,Data Mining Tasks
RM55e8d3Jbjm,32,medium,0,29050,Feature Selection
RM55e8d3Jbjm,33,easy,1,13731,Feature Extraction
RM55e8d3Jbjm,34,easy,1,13767,Principal Component Analysis
RM55e8d3Jbjm,35,easy,1,13767,Principal Component Analysis
RM55e8d3Jbjm,36,medium,1,21841,Principal Component Analysis
RM55e8d3Jbjm,37,easy,1,20371,Feature Selection
RM55e8d3Jbjm,38,hard,1,25300,Principal Component Analysis
RM55e8d3Jbjm,39,easy,1,13841,Principal Component Analysis
RM55e8d3Jbjm,40,easy,1,10581,Principal Component Analysis
RM55e8d3Jbjm,41,easy,1,20729,Principal Component Analysis
RM55e8d3Jbjm,42,easy,1,8385,Principal Component Analysis
RM55e8d3Jbjm,43,medium,0,25894,Principal Component Analysis
RM55e8d3Jbjm,44,easy,1,20018,Data Mining Tasks
RM55e8d3Jbjm,45,hard,0,22198,Principal Component Analysis
RM55e8d3Jbjm,46,easy,1,13841,Principal Component Analysis
RM55e8d3Jbjm,47,hard,0,21274,Decision Trees
RM55e8d3Jbjm,48,easy,1,19344,Decision Trees
RM55e8d3Jbjm,49,hard,0,22198,Data Types
RM55e8d3Jbjm,50,easy,1,16003,Feature Selection
RM55e8d3Jbjm,51,easy,1,16003,Feature Selection
RM55e8d3Jbjm,52,easy,1,14512,Principal Component Analysis
RM55e8d3Jbjm,53,easy,1,11333,Feature Selection
RM55e8d3Jbjm,54,easy,1,14900,Decision Trees
RM55e8d3Jbjm,55,easy,1,11534,Feature Selection
RM55e8d3Jbjm,56,hard,0,22198,Feature Selection
RM55e8d3Jbjm,57,easy,0,9841,Feature Selection
RM55e8d3Jbjm,58,easy,1,16575,Feature Selection
RM55e8d3Jbjm,59,easy,1,13110,Feature Selection
RM55e8d3Jbjm,60,easy,1,14900,Feature Selection
CyGywfdJf5VZ,31,medium,1,19928,Data Mining Tasks
CyGywfdJf5VZ,32,medium,1,24672,Feature Selection
CyGywfdJf5VZ,33,easy,1,12281,Feature Extraction
CyGywfdJf5VZ,34,easy,1,12228,Principal Component Analysis
CyGywfdJf5VZ,35,easy,1,12228,Principal Component Analysis
CyGywfdJf5VZ,36,medium,1,19200,Principal Component Analysis
CyGywfdJf5VZ,37,easy,1,18415,Feature Selection
CyGywfdJf5VZ,38,hard,0,22271,Principal Component Analysis
CyGywfdJf5VZ,39,easy,1,12453,Principal Component Analysis
CyGywfdJf5VZ,40,easy,1,9393,Principal Component Analysis
CyGywfdJf5VZ,41,easy,1,18222,Principal Component Analysis
CyGywfdJf5VZ,42,easy,1,7500,Principal Component Analysis
CyGywfdJf5VZ,43,medium,0,22926,Principal Component Analysis
CyGywfdJf5VZ,44,easy,0,20593,Data Mining Tasks
CyGywfdJf5VZ,45,hard,0,19120,Principal Component Analysis
CyGywfdJf5VZ,46,easy,1,12453,Principal Component Analysis
CyGywfdJf5VZ,47,hard,0,18324,Decision Trees
CyGywfdJf5VZ,48,easy,1,17486,Decision Trees
CyGywfdJf5VZ,49,hard,0,19120,Data Types
CyGywfdJf5VZ,50,easy,1,14398,Feature Selection
CyGywfdJf5VZ,51,easy,1,14398,Feature Selection
CyGywfdJf5VZ,52,easy,1,13056,Principal Component Analysis
CyGywfdJf5VZ,53,easy,1,10136,Feature Selection
CyGywfdJf5VZ,54,easy,1,13406,Decision Trees
CyGywfdJf5VZ,55,easy,1,10316,Feature Selection
CyGywfdJf5VZ,56,hard,0,19120,Feature Selection
CyGywfdJf5VZ,57,easy,1,7500,Feature Selection
CyGywfdJf5VZ,58,easy,0,19030,Feature Selection
CyGywfdJf5VZ,59,easy,1,11726,Feature Selection
CyGywfdJf5VZ,60,easy,1,13406,Feature Selection
R8OVhINU7nka,31,medium,1,25721,Data Mining Tasks
R8OVhINU7nka,32,medium,1,31202,Feature Selection
R8OVhINU7nka,33,easy,1,15548,Feature Extraction
R8OVhINU7nka,34,easy,1,15128,Principal Component Analysis
R8OVhINU7nka,35,easy,1,15128,Principal Component Analysis
R8OVhINU7nka,36,medium,0,29907,Principal Component Analysis
R8OVhINU7nka,37,easy,0,25648,Feature Selection
R8OVhINU7nka,38,hard,0,29296,Principal Component Analysis
R8OVhINU7nka,39,easy,1,15124,Principal Component Analysis
R8OVhINU7nka,40,easy,1,12900,Principal Component Analysis
R8OVhINU7nka,41,easy,1,22913,Principal Component Analysis
R8OVhINU7nka,42,easy,1,10223,Principal Component Analysis
R8OVhINU7nka,43,medium,0,31711,Principal Component Analysis
R8OVhINU7nka,44,easy,1,21408,Data Mining Tasks
R8OVhINU7nka,45,hard,0,25796,Principal Component Analysis
R8OVhINU7nka,46,easy,1,15124,Principal Component Analysis
R8OVhINU7nka,47,hard,0,24722,Decision Trees
R8OVhINU7nka,48,easy,1,20561,Decision Trees
R8OVhINU7nka,49,hard,0,25796,Data Types
R8OVhINU7nka,50,easy,1,16911,Feature Selection
R8OVhINU7nka,51,easy,1,16911,Feature Selection
R8OVhINU7nka,52,easy,1,15640,Principal Component Analysis
R8OVhINU7nka,53,easy,1,13817,Feature Selection
R8OVhINU7nka,54,easy,1,16282,Decision Trees
R8OVhINU7nka,55,easy,1,14061,Feature Selection
R8OVhINU7nka,56,hard,0,25796,Feature Selection
R8OVhINU7nka,57,easy,1,10223,Feature Selection
R8OVhINU7nka,58,easy,1,17480,Feature Selection
R8OVhINU7nka,59,easy,1,14845,Feature Selection
R8OVhINU7nka,60,easy,1,16282,Feature Selection
6k8WibIW0Img,31,medium,1,26098,Data Mining Tasks
6k8WibIW0Img,32,medium,0,36627,Feature Selection
6k8WibIW0Img,33,easy,1,15431,Feature Extraction
6k8WibIW0Img,34,easy,1,15054,Principal Component Analysis
6k8WibIW0Img,35,easy,1,15054,Principal Component Analysis
6k8WibIW0Img,36,medium,1,25144,Principal Component Analysis
6k8WibIW0Img,37,easy,1,21806,Feature Selection
6k8WibIW0Img,38,hard,0,28856,Principal Component Analysis
6k8WibIW0Img,39,easy,1,15076,Principal Component Analysis
6k8WibIW0Img,40,easy,1,12991,Principal Component Analysis
6k8WibIW0Img,41,easy,1,23250,Principal Component Analysis
6k8WibIW0Img,42,easy,1,10295,Principal Component Analysis
6k8WibIW0Img,43,medium,1,28011,Principal Component Analysis
6k8WibIW0Img,44,easy,1,21559,Data Mining Tasks
6k8WibIW0Img,45,hard,0,23808,Principal Component Analysis
6k8WibIW0Img,46,easy,1,15076,Principal Component Analysis
6k8WibIW0Img,47,hard,0,23674,Decision Trees
6k8WibIW0Img,48,easy,1,20706,Decision Trees
6k8WibIW0Img,49,hard,0,23808,Data Types
6k8WibIW0Img,50,easy,1,16983,Feature Selection
6k8WibIW0Img,51,easy,0,23303,Feature Selection
6k8WibIW0Img,52,easy,1,15590,Principal Component Analysis
6k8WibIW0Img,53,easy,1,13914,Feature Selection
6k8WibIW0Img,54,easy,1,16201,Decision Trees
6k8WibIW0Img,55,easy,1,14160,Feature Selection
6k8WibIW0Img,56,hard,0,23808,Feature Selection
6k8WibIW0Img,57,easy,1,10295,Feature Selection
6k8WibIW0Img,58,easy,1,17555,Feature Selection
6k8WibIW0Img,59,easy,1,14734,Feature Selection
6k8WibIW0Img,60,easy,1,16201,Feature Selection
SOvsRqc7VPKI,31,medium,1,26098,Data Mining Tasks
SOvsRqc7VPKI,32,medium,0,36627,Feature Selection
SOvsRqc7VPKI,33,easy,1,15431,Feature Extraction
SOvsRqc7VPKI,34,easy,1,15054,Principal Component Analysis
SOvsRqc7VPKI,35,easy,1,15054,Principal Component Analysis
SOvsRqc7VPKI,36,medium,1,25144,Principal Component Analysis
SOvsRqc7VPKI,37,easy,1,21806,Feature Selection
SOvsRqc7VPKI,38,hard,0,28856,Principal Component Analysis
SOvsRqc7VPKI,39,easy,1,15076,Principal Component Analysis
SOvsRqc7VPKI,40,easy,1,12991,Principal Component Analysis
SOvsRqc7VPKI,41,easy,1,23250,Principal Component Analysis
SOvsRqc7VPKI,42,easy,1,10295,Principal Component Analysis
SOvsRqc7VPKI,43,medium,1,28011,Principal Component Analysis
SOvsRqc7VPKI,44,easy,1,21559,Data Mining Tasks
SOvsRqc7VPKI,45,hard,0,23808,Principal Component Analysis
SOvsRqc7VPKI,46,easy,1,15076,Principal Component Analysis
SOvsRqc7VPKI,47,hard,0,23674,Decision Trees
SOvsRqc7VPKI,48,easy,1,20706,Decision Trees
SOvsRqc7VPKI,49,hard,0,23808,Data Types
SOvsRqc7VPKI,50,easy,1,16983,Feature Selection
SOvsRqc7VPKI,51,easy,0,23303,Feature Selection
SOvsRqc7VPKI,52,easy,1,15590,Principal Component Analysis
SOvsRqc7VPKI,53,easy,1,13914,Feature Selection
SOvsRqc7VPKI,54,easy,1,16201,Decision Trees
SOvsRqc7VPKI,55,easy,1,14160,Feature Selection
SOvsRqc7VPKI,56,hard,0,23808,Feature Selection
SOvsRqc7VPKI,57,easy,1,10295,Feature Selection
SOvsRqc7VPKI,58,easy,1,17555,Feature Selection
SOvsRqc7VPKI,59,easy,1,14734,Feature Selection
SOvsRqc7VPKI,60,easy,1,16201,Feature Selection
RjR3B2X554Pn,31,medium,1,27836,Data Mining Tasks
RjR3B2X554Pn,32,medium,0,32785,Feature Selection
RjR3B2X554Pn,33,easy,1,16418,Feature Extraction
RjR3B2X554Pn,34,easy,1,16430,Principal Component Analysis
RjR3B2X554Pn,35,easy,1,16430,Principal Component Analysis
RjR3B2X554Pn,36,medium,1,26818,Principal Component Analysis
RjR3B2X554Pn,37,easy,0,25052,Feature Selection
RjR3B2X554Pn,38,hard,0,28388,Principal Component Analysis
RjR3B2X554Pn,39,easy,1,16550,Principal Component Analysis
RjR3B2X554Pn,40,easy,1,12635,Principal Component Analysis
RjR3B2X554Pn,41,easy,1,25453,Principal Component Analysis
RjR3B2X554Pn,42,easy,1,10088,Principal Component Analysis
RjR3B2X554Pn,43,medium,0,29222,Principal Component Analysis
RjR3B2X554Pn,44,easy,1,23757,Data Mining Tasks
RjR3B2X554Pn,45,hard,0,25750,Principal Component Analysis
RjR3B2X554Pn,46,easy,0,18561,Principal Component Analysis
RjR3B2X554Pn,47,hard,1,29649,Decision Trees
RjR3B2X554Pn,48,easy,1,22802,Decision Trees
RjR3B2X554Pn,49,hard,0,25750,Data Types
RjR3B2X554Pn,50,easy,1,19135,Feature Selection
RjR3B2X554Pn,51,easy,1,19135,Feature Selection
RjR3B2X554Pn,52,easy,1,17352,Principal Component Analysis
RjR3B2X554Pn,53,easy,1,13635,Feature Selection
RjR3B2X554Pn,54,easy,1,18515,Decision Trees
RjR3B2X554Pn,55,easy,1,13876,Feature Selection
RjR3B2X554Pn,56,hard,0,25750,Feature Selection
RjR3B2X554Pn,57,easy,1,10088,Feature Selection
RjR3B2X554Pn,58,easy,1,19819,Feature Selection
RjR3B2X554Pn,59,easy,1,15676,Feature Selection
RjR3B2X554Pn,60,easy,1,18515,Feature Selection
o2VbFpgtLwG2,31,medium,1,27836,Data Mining Tasks
o2VbFpgtLwG2,32,medium,1,33888,Feature Selection
o2VbFpgtLwG2,33,easy,1,16418,Feature Extraction
o2VbFpgtLwG2,34,easy,1,16430,Principal Component Analysis
o2VbFpgtLwG2,35,easy,1,16430,Principal Component Analysis
o2VbFpgtLwG2,36,medium,0,27169,Principal Component Analysis
o2VbFpgtLwG2,37,easy,0,25052,Feature Selection
o2VbFpgtLwG2,38,hard,0,28388,Principal Component Analysis
o2VbFpgtLwG2,39,easy,1,16550,Principal Component Analysis
o2VbFpgtLwG2,40,easy,1,12635,Principal Component Analysis
o2VbFpgtLwG2,41,easy,1,25453,Principal Component Analysis
o2VbFpgtLwG2,42,easy,1,10088,Principal Component Analysis
o2VbFpgtLwG2,43,medium,1,29982,Principal Component Analysis
o2VbFpgtLwG2,44,easy,1,23757,Data Mining Tasks
o2VbFpgtLwG2,45,hard,0,25750,Principal Component Analysis
o2VbFpgtLwG2,46,easy,1,16550,Principal Component Analysis
o2VbFpgtLwG2,47,hard,0,24817,Decision Trees
o2VbFpgtLwG2,48,easy,1,22802,Decision Trees
o2VbFpgtLwG2,49,hard,0,25750,Data Types
o2VbFpgtLwG2,50,easy,1,19135,Feature Selection
o2VbFpgtLwG2,51,easy,1,19135,Feature Selection
o2VbFpgtLwG2,52,easy,1,17352,Principal Component Analysis
o2VbFpgtLwG2,53,easy,1,13635,Feature Selection
o2VbFpgtLwG2,54,easy,1,18515,Decision Trees
o2VbFpgtLwG2,55,easy,1,13876,Feature Selection
o2VbFpgtLwG2,56,hard,0,25750,Feature Selection
o2VbFpgtLwG2,57,easy,1,10088,Feature Selection
o2VbFpgtLwG2,58,easy,1,19819,Feature Selection
o2VbFpgtLwG2,59,easy,1,15676,Feature Selection
o2VbFpgtLwG2,60,easy,1,18515,Feature Selection
QJyEL3O7YA2f,31,medium,1,28123,Data Mining Tasks
QJyEL3O7YA2f,32,medium,1,34116,Feature Selection
QJyEL3O7YA2f,33,easy,1,16628,Feature Extraction
QJyEL3O7YA2f,34,easy,1,16222,Principal Component Analysis
QJyEL3O7YA2f,35,easy,1,16222,Principal Component Analysis
QJyEL3O7YA2f,36,medium,1,27095,Principal Component Analysis
QJyEL3O7YA2f,37,easy,1,23498,Feature Selection
QJyEL3O7YA2f,38,hard,0,30533,Principal Component Analysis
QJyEL3O7YA2f,39,easy,1,16245,Principal Component Analysis
QJyEL3O7YA2f,40,easy,1,13999,Principal Component Analysis
QJyEL3O7YA2f,41,easy,1,25053,Principal Component Analysis
QJyEL3O7YA2f,42,easy,1,11094,Principal Component Analysis
QJyEL3O7YA2f,43,medium,1,30184,Principal Component Analysis
QJyEL3O7YA2f,44,easy,1,23232,Data Mining Tasks
QJyEL3O7YA2f,45,hard,0,25431,Principal Component Analysis
QJyEL3O7YA2f,46,easy,1,16245,Principal Component Analysis
QJyEL3O7YA2f,47,hard,0,25288,Decision Trees
QJyEL3O7YA2f,48,easy,1,22313,Decision Trees
QJyEL3O7YA2f,49,hard,0,25431,Data Types
QJyEL3O7YA2f,50,easy,1,18300,Feature Selection
QJyEL3O7YA2f,51,easy,1,18300,Feature Selection
QJyEL3O7YA2f,52,easy,1,16800,Principal Component Analysis
QJyEL3O7YA2f,53,easy,1,14994,Feature Selection
QJyEL3O7YA2f,54,easy,1,17458,Decision Trees
QJyEL3O7YA2f,55,easy,1,15259,Feature Selection
QJyEL3O7YA2f,56,hard,0,25431,Feature Selection
QJyEL3O7YA2f,57,easy,1,11094,Feature Selection
QJyEL3O7YA2f,58,easy,1,18917,Feature Selection
QJyEL3O7YA2f,59,easy,1,15877,Feature Selection
QJyEL3O7YA2f,60,easy,1,17458,Feature Selection
tmTN8RB25aRn,31,medium,1,25329,Data Mining Tasks
tmTN8RB25aRn,32,medium,0,36878,Feature Selection
tmTN8RB25aRn,33,easy,1,15318,Feature Extraction
tmTN8RB25aRn,34,easy,1,14843,Principal Component Analysis
tmTN8RB25aRn,35,easy,1,14843,Principal Component Analysis
tmTN8RB25aRn,36,medium,1,24404,Principal Component Analysis
tmTN8RB25aRn,37,easy,1,21247,Feature Selection
tmTN8RB25aRn,38,hard,0,32436,Principal Component Analysis
tmTN8RB25aRn,39,easy,1,14799,Principal Component Analysis
tmTN8RB25aRn,40,easy,1,12896,Principal Component Analysis
tmTN8RB25aRn,41,easy,1,22564,Principal Component Analysis
tmTN8RB25aRn,42,easy,1,10220,Principal Component Analysis
tmTN8RB25aRn,43,medium,0,32604,Principal Component Analysis
tmTN8RB25aRn,44,easy,1,20905,Data Mining Tasks
tmTN8RB25aRn,45,hard,0,29993,Principal Component Analysis
tmTN8RB25aRn,46,easy,1,14799,Principal Component Analysis
tmTN8RB25aRn,47,hard,0,29825,Decision Trees
tmTN8RB25aRn,48,easy,1,20120,Decision Trees
tmTN8RB25aRn,49,hard,0,29993,Data Types
tmTN8RB25aRn,50,easy,1,16742,Feature Selection
tmTN8RB25aRn,51,easy,1,16742,Feature Selection
tmTN8RB25aRn,52,easy,1,15304,Principal Component Analysis
tmTN8RB25aRn,53,easy,1,13110,Feature Selection
tmTN8RB25aRn,54,easy,1,15931,Decision Trees
tmTN8RB25aRn,55,easy,1,13342,Feature Selection
tmTN8RB25aRn,56,hard,0,29993,Feature Selection
tmTN8RB25aRn,57,easy,1,10220,Feature Selection
tmTN8RB25aRn,58,easy,1,17306,Feature Selection
tmTN8RB25aRn,59,easy,1,14626,Feature Selection
tmTN8RB25aRn,60,easy,1,15931,Feature Selection
m7l9wOWJlnvS,31,medium,0,31958,Data Mining Tasks
m7l9wOWJlnvS,32,medium,1,31660,Feature Selection
m7l9wOWJlnvS,33,easy,1,15431,Feature Extraction
m7l9wOWJlnvS,34,easy,1,15054,Principal Component Analysis
m7l9wOWJlnvS,35,easy,1,15054,Principal Component Analysis
m7l9wOWJlnvS,36,medium,1,25144,Principal Component Analysis
m7l9wOWJlnvS,37,easy,1,21806,Feature Selection
m7l9wOWJlnvS,38,hard,0,28856,Principal Component Analysis
m7l9wOWJlnvS,39,easy,1,15076,Principal Component Analysis
m7l9wOWJlnvS,40,easy,1,12991,Principal Component Analysis
m7l9wOWJlnvS,41,easy,0,29535,Principal Component Analysis
m7l9wOWJlnvS,42,easy,1,10295,Principal Component Analysis
m7l9wOWJlnvS,43,medium,0,32647,Principal Component Analysis
m7l9wOWJlnvS,44,easy,1,21559,Data Mining Tasks
m7l9wOWJlnvS,45,hard,0,23808,Principal Component Analysis
m7l9wOWJlnvS,46,easy,1,15076,Principal Component Analysis
m7l9wOWJlnvS,47,hard,0,23674,Decision Trees
m7l9wOWJlnvS,48,easy,1,20706,Decision Trees
m7l9wOWJlnvS,49,hard,0,23808,Data Types
m7l9wOWJlnvS,50,easy,1,16983,Feature Selection
m7l9wOWJlnvS,51,easy,1,16983,Feature Selection
m7l9wOWJlnvS,52,easy,1,15590,Principal Component Analysis
m7l9wOWJlnvS,53,easy,1,13914,Feature Selection
m7l9wOWJlnvS,54,easy,1,16201,Decision Trees
m7l9wOWJlnvS,55,easy,1,14160,Feature Selection
m7l9wOWJlnvS,56,hard,0,23808,Feature Selection
m7l9wOWJlnvS,57,easy,1,10295,Feature Selection
m7l9wOWJlnvS,58,easy,1,17555,Feature Selection
m7l9wOWJlnvS,59,easy,1,14734,Feature Selection
m7l9wOWJlnvS,60,easy,1,16201,Feature Selection
AQklHbi5bt8l,31,medium,0,27051,Data Mining Tasks
AQklHbi5bt8l,32,medium,0,31450,Feature Selection
AQklHbi5bt8l,33,easy,1,14538,Feature Extraction
AQklHbi5bt8l,34,easy,1,14549,Principal Component Analysis
AQklHbi5bt8l,35,easy,1,14549,Principal Component Analysis
AQklHbi5bt8l,36,medium,1,24289,Principal Component Analysis
AQklHbi5bt8l,37,easy,1,21748,Feature Selection
AQklHbi5bt8l,38,hard,1,27865,Principal Component Analysis
AQklHbi5bt8l,39,easy,1,14655,Principal Component Analysis
AQklHbi5bt8l,40,easy,1,11189,Principal Component Analysis
AQklHbi5bt8l,41,easy,1,23052,Principal Component Analysis
AQklHbi5bt8l,42,easy,1,8933,Principal Component Analysis
AQklHbi5bt8l,43,medium,0,28032,Principal Component Analysis
AQklHbi5bt8l,44,easy,1,21515,Data Mining Tasks
AQklHbi5bt8l,45,hard,0,24394,Principal Component Analysis
AQklHbi5bt8l,46,easy,1,14655,Principal Component Analysis
AQklHbi5bt8l,47,hard,0,23510,Decision Trees
AQklHbi5bt8l,48,easy,1,20651,Decision Trees
AQklHbi5bt8l,49,hard,0,24394,Data Types
AQklHbi5bt8l,50,easy,1,16945,Feature Selection
AQklHbi5bt8l,51,easy,1,16945,Feature Selection
AQklHbi5bt8l,52,easy,1,15365,Principal Component Analysis
AQklHbi5bt8l,53,easy,1,12074,Feature Selection
AQklHbi5bt8l,54,easy,1,16395,Decision Trees
AQklHbi5bt8l,55,easy,1,12287,Feature Selection
AQklHbi5bt8l,56,hard,0,24394,Feature Selection
AQklHbi5bt8l,57,easy,1,8933,Feature Selection
AQklHbi5bt8l,58,easy,1,17550,Feature Selection
AQklHbi5bt8l,59,easy,1,13881,Feature Selection
AQklHbi5bt8l,60,easy,1,16395,Feature Selection
KwlNeadgH2OL,31,medium,1,23076,Data Mining Tasks
KwlNeadgH2OL,32,medium,1,28479,Feature Selection
KwlNeadgH2OL,33,easy,1,14179,Feature Extraction
KwlNeadgH2OL,34,easy,1,13724,Principal Component Analysis
KwlNeadgH2OL,35,easy,1,13724,Principal Component Analysis
KwlNeadgH2OL,36,medium,0,27785,Principal Component Analysis
KwlNeadgH2OL,37,easy,1,19491,Feature Selection
KwlNeadgH2OL,38,hard,0,27131,Principal Component Analysis
KwlNeadgH2OL,39,easy,1,13647,Principal Component Analysis
KwlNeadgH2OL,40,easy,1,11937,Principal Component Analysis
KwlNeadgH2OL,41,easy,1,20557,Principal Component Analysis
KwlNeadgH2OL,42,easy,1,9460,Principal Component Analysis
KwlNeadgH2OL,43,medium,1,25196,Principal Component Analysis
KwlNeadgH2OL,44,easy,0,23695,Data Mining Tasks
KwlNeadgH2OL,45,hard,0,20349,Principal Component Analysis
KwlNeadgH2OL,46,easy,1,13647,Principal Component Analysis
KwlNeadgH2OL,47,hard,0,19695,Decision Trees
KwlNeadgH2OL,48,easy,1,18457,Decision Trees
KwlNeadgH2OL,49,hard,0,20349,Data Types
KwlNeadgH2OL,50,easy,1,15439,Feature Selection
KwlNeadgH2OL,51,easy,1,15439,Feature Selection
KwlNeadgH2OL,52,easy,1,14113,Principal Component Analysis
KwlNeadgH2OL,53,easy,1,12135,Feature Selection
KwlNeadgH2OL,54,easy,1,14730,Decision Trees
KwlNeadgH2OL,55,easy,1,12350,Feature Selection
KwlNeadgH2OL,56,hard,0,20349,Feature Selection
KwlNeadgH2OL,57,easy,1,9460,Feature Selection
KwlNeadgH2OL,58,easy,1,15959,Feature Selection
KwlNeadgH2OL,59,easy,1,13538,Feature Selection
KwlNeadgH2OL,60,easy,1,14730,Feature Selection
OLMmduueQtv7,31,medium,0,32542,Data Mining Tasks
OLMmduueQtv7,32,medium,0,37297,Feature Selection
OLMmduueQtv7,33,easy,1,15712,Feature Extraction
OLMmduueQtv7,34,easy,1,15328,Principal Component Analysis
OLMmduueQtv7,35,easy,1,15328,Principal Component Analysis
OLMmduueQtv7,36,medium,1,25602,Principal Component Analysis
OLMmduueQtv7,37,easy,1,22203,Feature Selection
OLMmduueQtv7,38,hard,0,29384,Principal Component Analysis
OLMmduueQtv7,39,easy,1,15350,Principal Component Analysis
OLMmduueQtv7,40,easy,1,13228,Principal Component Analysis
OLMmduueQtv7,41,easy,1,23673,Principal Component Analysis
OLMmduueQtv7,42,easy,1,10483,Principal Component Analysis
OLMmduueQtv7,43,medium,0,33244,Principal Component Analysis
OLMmduueQtv7,44,easy,1,21952,Data Mining Tasks
OLMmduueQtv7,45,hard,0,24474,Principal Component Analysis
OLMmduueQtv7,46,easy,0,21538,Principal Component Analysis
OLMmduueQtv7,47,hard,1,27950,Decision Trees
OLMmduueQtv7,48,easy,1,21083,Decision Trees
OLMmduueQtv7,49,hard,0,24474,Data Types
OLMmduueQtv7,50,easy,1,17292,Feature Selection
OLMmduueQtv7,51,easy,1,17292,Feature Selection
OLMmduueQtv7,52,easy,1,15874,Principal Component Analysis
OLMmduueQtv7,53,easy,1,14168,Feature Selection
OLMmduueQtv7,54,easy,1,16496,Decision Trees
OLMmduueQtv7,55,easy,1,14418,Feature Selection
OLMmduueQtv7,56,hard,0,24474,Feature Selection
OLMmduueQtv7,57,easy,1,10483,Feature Selection
OLMmduueQtv7,58,easy,1,17875,Feature Selection
OLMmduueQtv7,59,easy,1,15002,Feature Selection
OLMmduueQtv7,60,easy,1,16496,Feature Selection
yKhvr1tKGpJF,31,medium,0,36705,Data Mining Tasks
yKhvr1tKGpJF,32,medium,0,40179,Feature Selection
yKhvr1tKGpJF,33,easy,1,15901,Feature Extraction
yKhvr1tKGpJF,34,easy,1,15512,Principal Component Analysis
yKhvr1tKGpJF,35,easy,1,15512,Principal Component Analysis
yKhvr1tKGpJF,36,medium,1,28877,Principal Component Analysis
yKhvr1tKGpJF,37,easy,1,25043,Feature Selection
yKhvr1tKGpJF,38,hard,0,31161,Principal Component Analysis
yKhvr1tKGpJF,39,easy,1,15725,Principal Component Analysis
yKhvr1tKGpJF,40,easy,1,13247,Principal Component Analysis
yKhvr1tKGpJF,41,easy,1,26701,Principal Component Analysis
yKhvr1tKGpJF,42,easy,1,10498,Principal Component Analysis
yKhvr1tKGpJF,43,medium,0,37496,Principal Component Analysis
yKhvr1tKGpJF,44,easy,1,24759,Data Mining Tasks
yKhvr1tKGpJF,45,hard,0,21236,Principal Component Analysis
yKhvr1tKGpJF,46,easy,1,15725,Principal Component Analysis
yKhvr1tKGpJF,47,hard,0,21117,Decision Trees
yKhvr1tKGpJF,48,easy,1,23780,Decision Trees
yKhvr1tKGpJF,49,hard,0,21236,Data Types
yKhvr1tKGpJF,50,easy,1,17714,Feature Selection
yKhvr1tKGpJF,51,easy,1,17714,Feature Selection
yKhvr1tKGpJF,52,easy,1,16262,Principal Component Analysis
yKhvr1tKGpJF,53,easy,1,14189,Feature Selection
yKhvr1tKGpJF,54,easy,1,16694,Decision Trees
yKhvr1tKGpJF,55,easy,1,14440,Feature Selection
yKhvr1tKGpJF,56,hard,0,21236,Feature Selection
yKhvr1tKGpJF,57,easy,1,10498,Feature Selection
yKhvr1tKGpJF,58,easy,1,18311,Feature Selection
yKhvr1tKGpJF,59,easy,1,15182,Feature Selection
yKhvr1tKGpJF,60,easy,1,16694,Feature Selection
xPRdKA5UBNGM,31,medium,0,33814,Data Mining Tasks
xPRdKA5UBNGM,32,medium,1,34116,Feature Selection
xPRdKA5UBNGM,33,easy,1,16628,Feature Extraction
xPRdKA5UBNGM,34,easy,1,16222,Principal Component Analysis
xPRdKA5UBNGM,35,easy,1,16222,Principal Component Analysis
xPRdKA5UBNGM,36,medium,1,27095,Principal Component Analysis
xPRdKA5UBNGM,37,easy,1,23498,Feature Selection
xPRdKA5UBNGM,38,hard,0,30533,Principal Component Analysis
xPRdKA5UBNGM,39,easy,1,16245,Principal Component Analysis
xPRdKA5UBNGM,40,easy,1,13999,Principal Component Analysis
xPRdKA5UBNGM,41,easy,0,31250,Principal Component Analysis
xPRdKA5UBNGM,42,easy,1,11094,Principal Component Analysis
xPRdKA5UBNGM,43,medium,1,30184,Principal Component Analysis
xPRdKA5UBNGM,44,easy,1,23232,Data Mining Tasks
xPRdKA5UBNGM,45,hard,0,25431,Principal Component Analysis
xPRdKA5UBNGM,46,easy,1,16245,Principal Component Analysis
xPRdKA5UBNGM,47,hard,0,25288,Decision Trees
xPRdKA5UBNGM,48,easy,0,26470,Decision Trees
xPRdKA5UBNGM,49,hard,0,25431,Data Types
xPRdKA5UBNGM,50,easy,1,18300,Feature Selection
xPRdKA5UBNGM,51,easy,1,18300,Feature Selection
xPRdKA5UBNGM,52,easy,1,16800,Principal Component Analysis
xPRdKA5UBNGM,53,easy,1,14994,Feature Selection
xPRdKA5UBNGM,54,easy,1,17458,Decision Trees
xPRdKA5UBNGM,55,easy,1,15259,Feature Selection
xPRdKA5UBNGM,56,hard,0,25431,Feature Selection
xPRdKA5UBNGM,57,easy,1,11094,Feature Selection
xPRdKA5UBNGM,58,easy,1,18917,Feature Selection
xPRdKA5UBNGM,59,easy,1,15877,Feature Selection
xPRdKA5UBNGM,60,easy,1,17458,Feature Selection
7VLP2mvnxjRS,31,medium,1,23096,Data Mining Tasks
7VLP2mvnxjRS,32,medium,1,28390,Feature Selection
7VLP2mvnxjRS,33,easy,1,14433,Feature Extraction
7VLP2mvnxjRS,34,easy,1,14230,Principal Component Analysis
7VLP2mvnxjRS,35,easy,1,14230,Principal Component Analysis
7VLP2mvnxjRS,36,medium,0,24735,Principal Component Analysis
7VLP2mvnxjRS,37,easy,1,20754,Feature Selection
7VLP2mvnxjRS,38,hard,1,25776,Principal Component Analysis
7VLP2mvnxjRS,39,easy,1,14307,Principal Component Analysis
7VLP2mvnxjRS,40,easy,1,11771,Principal Component Analysis
7VLP2mvnxjRS,41,easy,0,24354,Principal Component Analysis
7VLP2mvnxjRS,42,easy,1,9328,Principal Component Analysis
7VLP2mvnxjRS,43,medium,1,25117,Principal Component Analysis
7VLP2mvnxjRS,44,easy,0,23385,Data Mining Tasks
7VLP2mvnxjRS,45,hard,0,22615,Principal Component Analysis
7VLP2mvnxjRS,46,easy,1,14307,Principal Component Analysis
7VLP2mvnxjRS,47,hard,0,21674,Decision Trees
7VLP2mvnxjRS,48,easy,1,19708,Decision Trees
7VLP2mvnxjRS,49,hard,0,22615,Data Types
7VLP2mvnxjRS,50,easy,1,16304,Feature Selection
7VLP2mvnxjRS,51,easy,1,16304,Feature Selection
7VLP2mvnxjRS,52,easy,1,14886,Principal Component Analysis
7VLP2mvnxjRS,53,easy,1,12607,Feature Selection
7VLP2mvnxjRS,54,easy,1,15402,Decision Trees
7VLP2mvnxjRS,55,easy,1,12830,Feature Selection
7VLP2mvnxjRS,56,hard,0,22615,Feature Selection
7VLP2mvnxjRS,57,easy,1,9328,Feature Selection
7VLP2mvnxjRS,58,easy,1,16887,Feature Selection
7VLP2mvnxjRS,59,easy,0,18013,Feature Selection
7VLP2mvnxjRS,60,easy,1,15402,Feature Selection
AG7urKue7Fzv,31,medium,1,38677,Data Mining Tasks
AG7urKue7Fzv,32,medium,1,43565,Feature Selection
AG7urKue7Fzv,33,easy,1,23363,Feature Extraction
AG7urKue7Fzv,34,easy,1,22792,Principal Component Analysis
AG7urKue7Fzv,35,easy,1,22792,Principal Component Analysis
AG7urKue7Fzv,36,medium,0,41362,Principal Component Analysis
AG7urKue7Fzv,37,easy,1,31210,Feature Selection
AG7urKue7Fzv,38,hard,0,36410,Principal Component Analysis
AG7urKue7Fzv,39,easy,1,22825,Principal Component Analysis
AG7urKue7Fzv,40,easy,1,19669,Principal Component Analysis
AG7urKue7Fzv,41,easy,1,34456,Principal Component Analysis
AG7urKue7Fzv,42,easy,1,15587,Principal Component Analysis
AG7urKue7Fzv,43,medium,1,38544,Principal Component Analysis
AG7urKue7Fzv,44,easy,1,30856,Data Mining Tasks
AG7urKue7Fzv,45,hard,0,30040,Principal Component Analysis
AG7urKue7Fzv,46,easy,1,22825,Principal Component Analysis
AG7urKue7Fzv,47,hard,0,29871,Decision Trees
AG7urKue7Fzv,48,easy,1,29636,Decision Trees
AG7urKue7Fzv,49,hard,0,30040,Data Types
AG7urKue7Fzv,50,easy,1,25712,Feature Selection
AG7urKue7Fzv,51,easy,1,25712,Feature Selection
AG7urKue7Fzv,52,easy,1,23604,Principal Component Analysis
AG7urKue7Fzv,53,easy,1,21066,Feature Selection
AG7urKue7Fzv,54,easy,1,24529,Decision Trees
AG7urKue7Fzv,55,easy,1,21439,Feature Selection
AG7urKue7Fzv,56,hard,0,30040,Feature Selection
AG7urKue7Fzv,57,easy,1,15587,Feature Selection
AG7urKue7Fzv,58,easy,1,26578,Feature Selection
AG7urKue7Fzv,59,easy,1,22307,Feature Selection
AG7urKue7Fzv,60,easy,1,24529,Feature Selection
Lo0o6MK08TyI,31,medium,0,31041,Data Mining Tasks
Lo0o6MK08TyI,32,medium,0,35576,Feature Selection
Lo0o6MK08TyI,33,easy,1,15548,Feature Extraction
Lo0o6MK08TyI,34,easy,1,15128,Principal Component Analysis
Lo0o6MK08TyI,35,easy,1,15128,Principal Component Analysis
Lo0o6MK08TyI,36,medium,1,24781,Principal Component Analysis
Lo0o6MK08TyI,37,easy,1,21653,Feature Selection
Lo0o6MK08TyI,38,hard,0,29296,Principal Component Analysis
Lo0o6MK08TyI,39,easy,1,15124,Principal Component Analysis
Lo0o6MK08TyI,40,easy,1,12900,Principal Component Analysis
Lo0o6MK08TyI,41,easy,1,22913,Principal Component Analysis
Lo0o6MK08TyI,42,easy,1,10223,Principal Component Analysis
Lo0o6MK08TyI,43,medium,0,31711,Principal Component Analysis
Lo0o6MK08TyI,44,easy,1,21408,Data Mining Tasks
Lo0o6MK08TyI,45,hard,0,25796,Principal Component Analysis
Lo0o6MK08TyI,46,easy,1,15124,Principal Component Analysis
Lo0o6MK08TyI,47,hard,0,24722,Decision Trees
Lo0o6MK08TyI,48,easy,1,20561,Decision Trees
Lo0o6MK08TyI,49,hard,0,25796,Data Types
Lo0o6MK08TyI,50,easy,1,16911,Feature Selection
Lo0o6MK08TyI,51,easy,1,16911,Feature Selection
Lo0o6MK08TyI,52,easy,1,15640,Principal Component Analysis
Lo0o6MK08TyI,53,easy,1,13817,Feature Selection
Lo0o6MK08TyI,54,easy,1,16282,Decision Trees
Lo0o6MK08TyI,55,easy,1,14061,Feature Selection
Lo0o6MK08TyI,56,hard,0,25796,Feature Selection
Lo0o6MK08TyI,57,easy,1,10223,Feature Selection
Lo0o6MK08TyI,58,easy,1,17480,Feature Selection
Lo0o6MK08TyI,59,easy,1,14845,Feature Selection
Lo0o6MK08TyI,60,easy,1,16282,Feature Selection
a9ej6jzpNOPn,31,medium,0,33814,Data Mining Tasks
a9ej6jzpNOPn,32,medium,1,34116,Feature Selection
a9ej6jzpNOPn,33,easy,1,16628,Feature Extraction
a9ej6jzpNOPn,34,easy,1,16222,Principal Component Analysis
a9ej6jzpNOPn,35,easy,1,16222,Principal Component Analysis
a9ej6jzpNOPn,36,medium,1,27095,Principal Component Analysis
a9ej6jzpNOPn,37,easy,1,23498,Feature Selection
a9ej6jzpNOPn,38,hard,0,30533,Principal Component Analysis
a9ej6jzpNOPn,39,easy,1,16245,Principal Component Analysis
a9ej6jzpNOPn,40,easy,1,13999,Principal Component Analysis
a9ej6jzpNOPn,41,easy,1,25053,Principal Component Analysis
a9ej6jzpNOPn,42,easy,1,11094,Principal Component Analysis
a9ej6jzpNOPn,43,medium,1,30184,Principal Component Analysis
a9ej6jzpNOPn,44,easy,1,23232,Data Mining Tasks
a9ej6jzpNOPn,45,hard,0,25431,Principal Component Analysis
a9ej6jzpNOPn,46,easy,1,16245,Principal Component Analysis
a9ej6jzpNOPn,47,hard,0,25288,Decision Trees
a9ej6jzpNOPn,48,easy,1,22313,Decision Trees
a9ej6jzpNOPn,49,hard,0,25431,Data Types
a9ej6jzpNOPn,50,easy,1,18300,Feature Selection
a9ej6jzpNOPn,51,easy,1,18300,Feature Selection
a9ej6jzpNOPn,52,easy,1,16800,Principal Component Analysis
a9ej6jzpNOPn,53,easy,1,14994,Feature Selection
a9ej6jzpNOPn,54,easy,1,17458,Decision Trees
a9ej6jzpNOPn,55,easy,1,15259,Feature Selection
a9ej6jzpNOPn,56,hard,0,25431,Feature Selection
a9ej6jzpNOPn,57,easy,1,11094,Feature Selection
a9ej6jzpNOPn,58,easy,1,18917,Feature Selection
a9ej6jzpNOPn,59,easy,1,15877,Feature Selection
a9ej6jzpNOPn,60,easy,1,17458,Feature Selection
Za018kn2raFk,31,medium,1,26098,Data Mining Tasks
Za018kn2raFk,32,medium,0,36627,Feature Selection
Za018kn2raFk,33,easy,1,15431,Feature Extraction
Za018kn2raFk,34,easy,1,15054,Principal Component Analysis
Za018kn2raFk,35,easy,1,15054,Principal Component Analysis
Za018kn2raFk,36,medium,1,25144,Principal Component Analysis
Za018kn2raFk,37,easy,1,21806,Feature Selection
Za018kn2raFk,38,hard,0,28856,Principal Component Analysis
Za018kn2raFk,39,easy,1,15076,Principal Component Analysis
Za018kn2raFk,40,easy,1,12991,Principal Component Analysis
Za018kn2raFk,41,easy,1,23250,Principal Component Analysis
Za018kn2raFk,42,easy,1,10295,Principal Component Analysis
Za018kn2raFk,43,medium,1,28011,Principal Component Analysis
Za018kn2raFk,44,easy,1,21559,Data Mining Tasks
Za018kn2raFk,45,hard,0,23808,Principal Component Analysis
Za018kn2raFk,46,easy,1,15076,Principal Component Analysis
Za018kn2raFk,47,hard,0,23674,Decision Trees
Za018kn2raFk,48,easy,1,20706,Decision Trees
Za018kn2raFk,49,hard,0,23808,Data Types
Za018kn2raFk,50,easy,1,16983,Feature Selection
Za018kn2raFk,51,easy,0,23303,Feature Selection
Za018kn2raFk,52,easy,1,15590,Principal Component Analysis
Za018kn2raFk,53,easy,1,13914,Feature Selection
Za018kn2raFk,54,easy,1,16201,Decision Trees
Za018kn2raFk,55,easy,1,14160,Feature Selection
Za018kn2raFk,56,hard,0,23808,Feature Selection
Za018kn2raFk,57,easy,1,10295,Feature Selection
Za018kn2raFk,58,easy,1,17555,Feature Selection
Za018kn2raFk,59,easy,1,14734,Feature Selection
Za018kn2raFk,60,easy,1,16201,Feature Selection
N0qYmYE8QD78,31,medium,1,27049,Data Mining Tasks
N0qYmYE8QD78,32,medium,0,37965,Feature Selection
N0qYmYE8QD78,33,easy,1,15993,Feature Extraction
N0qYmYE8QD78,34,easy,1,15602,Principal Component Analysis
N0qYmYE8QD78,35,easy,1,15602,Principal Component Analysis
N0qYmYE8QD78,36,medium,1,26061,Principal Component Analysis
N0qYmYE8QD78,37,easy,0,27164,Feature Selection
N0qYmYE8QD78,38,hard,1,30021,Principal Component Analysis
N0qYmYE8QD78,39,easy,1,15625,Principal Component Analysis
N0qYmYE8QD78,40,easy,1,13465,Principal Component Analysis
N0qYmYE8QD78,41,easy,0,30614,Principal Component Analysis
N0qYmYE8QD78,42,easy,1,10670,Principal Component Analysis
N0qYmYE8QD78,43,medium,1,29031,Principal Component Analysis
N0qYmYE8QD78,44,easy,1,22345,Data Mining Tasks
N0qYmYE8QD78,45,hard,0,24913,Principal Component Analysis
N0qYmYE8QD78,46,easy,1,15625,Principal Component Analysis
N0qYmYE8QD78,47,hard,0,24773,Decision Trees
N0qYmYE8QD78,48,easy,1,21461,Decision Trees
N0qYmYE8QD78,49,hard,0,24913,Data Types
N0qYmYE8QD78,50,easy,1,17602,Feature Selection
N0qYmYE8QD78,51,easy,1,17602,Feature Selection
N0qYmYE8QD78,52,easy,1,16158,Principal Component Analysis
N0qYmYE8QD78,53,easy,1,14421,Feature Selection
N0qYmYE8QD78,54,easy,0,23560,Decision Trees
N0qYmYE8QD78,55,easy,1,14676,Feature Selection
N0qYmYE8QD78,56,hard,0,24913,Feature Selection
N0qYmYE8QD78,57,easy,1,10670,Feature Selection
N0qYmYE8QD78,58,easy,0,24378,Feature Selection
N0qYmYE8QD78,59,easy,1,15271,Feature Selection
N0qYmYE8QD78,60,easy,1,16792,Feature Selection
1tnkUsBnGX2u,31,medium,1,29972,Data Mining Tasks
1tnkUsBnGX2u,32,medium,1,34728,Feature Selection
1tnkUsBnGX2u,33,easy,1,15901,Feature Extraction
1tnkUsBnGX2u,34,easy,1,15512,Principal Component Analysis
1tnkUsBnGX2u,35,easy,1,15512,Principal Component Analysis
1tnkUsBnGX2u,36,medium,1,28877,Principal Component Analysis
1tnkUsBnGX2u,37,easy,1,25043,Feature Selection
1tnkUsBnGX2u,38,hard,0,31161,Principal Component Analysis
1tnkUsBnGX2u,39,easy,1,15725,Principal Component Analysis
1tnkUsBnGX2u,40,easy,1,13247,Principal Component Analysis
1tnkUsBnGX2u,41,easy,1,26701,Principal Component Analysis
1tnkUsBnGX2u,42,easy,1,10498,Principal Component Analysis
1tnkUsBnGX2u,43,medium,1,32168,Principal Component Analysis
1tnkUsBnGX2u,44,easy,1,24759,Data Mining Tasks
1tnkUsBnGX2u,45,hard,0,21236,Principal Component Analysis
1tnkUsBnGX2u,46,easy,1,15725,Principal Component Analysis
1tnkUsBnGX2u,47,hard,0,21117,Decision Trees
1tnkUsBnGX2u,48,easy,1,23780,Decision Trees
1tnkUsBnGX2u,49,hard,0,21236,Data Types
1tnkUsBnGX2u,50,easy,1,17714,Feature Selection
1tnkUsBnGX2u,51,easy,1,17714,Feature Selection
1tnkUsBnGX2u,52,easy,1,16262,Principal Component Analysis
1tnkUsBnGX2u,53,easy,1,14189,Feature Selection
1tnkUsBnGX2u,54,easy,1,16694,Decision Trees
1tnkUsBnGX2u,55,easy,1,14440,Feature Selection
1tnkUsBnGX2u,56,hard,0,21236,Feature Selection
1tnkUsBnGX2u,57,easy,1,10498,Feature Selection
1tnkUsBnGX2u,58,easy,0,24534,Feature Selection
1tnkUsBnGX2u,59,easy,1,15182,Feature Selection
1tnkUsBnGX2u,60,easy,1,16694,Feature Selection
xlLz8YVMGkvs,31,medium,1,26098,Data Mining Tasks
xlLz8YVMGkvs,32,medium,0,36627,Feature Selection
xlLz8YVMGkvs,33,easy,1,15431,Feature Extraction
xlLz8YVMGkvs,34,easy,0,21148,Principal Component Analysis
xlLz8YVMGkvs,35,easy,1,15054,Principal Component Analysis
xlLz8YVMGkvs,36,medium,0,30790,Principal Component Analysis
xlLz8YVMGkvs,37,easy,1,21806,Feature Selection
xlLz8YVMGkvs,38,hard,0,28856,Principal Component Analysis
xlLz8YVMGkvs,39,easy,1,15076,Principal Component Analysis
xlLz8YVMGkvs,40,easy,1,12991,Principal Component Analysis
xlLz8YVMGkvs,41,easy,1,23250,Principal Component Analysis
xlLz8YVMGkvs,42,easy,1,10295,Principal Component Analysis
xlLz8YVMGkvs,43,medium,0,32647,Principal Component Analysis
xlLz8YVMGkvs,44,easy,1,21559,Data Mining Tasks
xlLz8YVMGkvs,45,hard,0,23808,Principal Component Analysis
xlLz8YVMGkvs,46,easy,1,15076,Principal Component Analysis
xlLz8YVMGkvs,47,hard,0,23674,Decision Trees
xlLz8YVMGkvs,48,easy,1,20706,Decision Trees
xlLz8YVMGkvs,49,hard,0,23808,Data Types
xlLz8YVMGkvs,50,easy,1,16983,Feature Selection
xlLz8YVMGkvs,51,easy,1,16983,Feature Selection
xlLz8YVMGkvs,52,easy,1,15590,Principal Component Analysis
xlLz8YVMGkvs,53,easy,1,13914,Feature Selection
xlLz8YVMGkvs,54,easy,1,16201,Decision Trees
xlLz8YVMGkvs,55,easy,1,14160,Feature Selection
xlLz8YVMGkvs,56,hard,0,23808,Feature Selection
xlLz8YVMGkvs,57,easy,1,10295,Feature Selection
xlLz8YVMGkvs,58,easy,1,17555,Feature Selection
xlLz8YVMGkvs,59,easy,1,14734,Feature Selection
xlLz8YVMGkvs,60,easy,1,16201,Feature Selection
kfwxRJXSzs3o,31,medium,1,24235,Data Mining Tasks
kfwxRJXSzs3o,32,medium,1,29505,Feature Selection
kfwxRJXSzs3o,33,easy,1,14280,Feature Extraction
kfwxRJXSzs3o,34,easy,1,14341,Principal Component Analysis
kfwxRJXSzs3o,35,easy,1,14341,Principal Component Analysis
kfwxRJXSzs3o,36,medium,1,23350,Principal Component Analysis
kfwxRJXSzs3o,37,easy,1,21471,Feature Selection
kfwxRJXSzs3o,38,hard,0,24582,Principal Component Analysis
kfwxRJXSzs3o,39,easy,1,14446,Principal Component Analysis
kfwxRJXSzs3o,40,easy,1,9835,Principal Component Analysis
kfwxRJXSzs3o,41,easy,1,22161,Principal Component Analysis
kfwxRJXSzs3o,42,easy,1,8289,Principal Component Analysis
kfwxRJXSzs3o,43,medium,1,26104,Principal Component Analysis
kfwxRJXSzs3o,44,easy,1,21139,Data Mining Tasks
kfwxRJXSzs3o,45,hard,0,19854,Principal Component Analysis
kfwxRJXSzs3o,46,easy,1,14446,Principal Component Analysis
kfwxRJXSzs3o,47,hard,0,20457,Decision Trees
kfwxRJXSzs3o,48,easy,1,20389,Decision Trees
kfwxRJXSzs3o,49,hard,0,19854,Data Types
kfwxRJXSzs3o,50,easy,1,16679,Feature Selection
kfwxRJXSzs3o,51,easy,1,16679,Feature Selection
kfwxRJXSzs3o,52,easy,1,15146,Principal Component Analysis
kfwxRJXSzs3o,53,easy,1,11203,Feature Selection
kfwxRJXSzs3o,54,easy,1,16160,Decision Trees
kfwxRJXSzs3o,55,easy,1,11401,Feature Selection
kfwxRJXSzs3o,56,hard,0,19854,Feature Selection
kfwxRJXSzs3o,57,easy,1,8289,Feature Selection
kfwxRJXSzs3o,58,easy,1,17275,Feature Selection
kfwxRJXSzs3o,59,easy,0,14582,Feature Selection
kfwxRJXSzs3o,60,easy,1,16160,Feature Selection
GiNOB0aoa84q,31,medium,1,23069,Data Mining Tasks
GiNOB0aoa84q,32,medium,1,28357,Feature Selection
GiNOB0aoa84q,33,easy,1,15322,Feature Extraction
GiNOB0aoa84q,34,easy,1,14909,Principal Component Analysis
GiNOB0aoa84q,35,easy,1,14909,Principal Component Analysis
GiNOB0aoa84q,36,medium,0,24706,Principal Component Analysis
GiNOB0aoa84q,37,easy,1,20730,Feature Selection
GiNOB0aoa84q,38,hard,0,25597,Principal Component Analysis
GiNOB0aoa84q,39,easy,1,14941,Principal Component Analysis
GiNOB0aoa84q,40,easy,1,12713,Principal Component Analysis
GiNOB0aoa84q,41,easy,1,21094,Principal Component Analysis
GiNOB0aoa84q,42,easy,1,10075,Principal Component Analysis
GiNOB0aoa84q,43,medium,1,25088,Principal Component Analysis
GiNOB0aoa84q,44,easy,1,20370,Data Mining Tasks
GiNOB0aoa84q,45,hard,0,22589,Principal Component Analysis
GiNOB0aoa84q,46,easy,1,14941,Principal Component Analysis
GiNOB0aoa84q,47,hard,0,21649,Decision Trees
GiNOB0aoa84q,48,easy,1,19685,Decision Trees
GiNOB0aoa84q,49,hard,0,22589,Data Types
GiNOB0aoa84q,50,easy,0,21494,Feature Selection
GiNOB0aoa84q,51,easy,1,16446,Feature Selection
GiNOB0aoa84q,52,easy,1,15359,Principal Component Analysis
GiNOB0aoa84q,53,easy,1,13616,Feature Selection
GiNOB0aoa84q,54,easy,1,16084,Decision Trees
GiNOB0aoa84q,55,easy,1,13857,Feature Selection
GiNOB0aoa84q,56,hard,0,22589,Feature Selection
GiNOB0aoa84q,57,easy,1,10075,Feature Selection
GiNOB0aoa84q,58,easy,1,17000,Feature Selection
GiNOB0aoa84q,59,easy,1,14629,Feature Selection
GiNOB0aoa84q,60,easy,1,16084,Feature Selection
sCNAQlTJzusQ,31,medium,0,25200,Data Mining Tasks
sCNAQlTJzusQ,32,medium,0,29050,Feature Selection
sCNAQlTJzusQ,33,easy,1,13731,Feature Extraction
sCNAQlTJzusQ,34,easy,1,13767,Principal Component Analysis
sCNAQlTJzusQ,35,easy,1,13767,Principal Component Analysis
sCNAQlTJzusQ,36,medium,1,21841,Principal Component Analysis
sCNAQlTJzusQ,37,easy,1,20371,Feature Selection
sCNAQlTJzusQ,38,hard,0,25154,Principal Component Analysis
sCNAQlTJzusQ,39,easy,1,13841,Principal Component Analysis
sCNAQlTJzusQ,40,easy,1,10581,Principal Component Analysis
sCNAQlTJzusQ,41,easy,1,20729,Principal Component Analysis
sCNAQlTJzusQ,42,easy,1,8385,Principal Component Analysis
sCNAQlTJzusQ,43,medium,0,25894,Principal Component Analysis
sCNAQlTJzusQ,44,easy,1,20018,Data Mining Tasks
sCNAQlTJzusQ,45,hard,0,22198,Principal Component Analysis
sCNAQlTJzusQ,46,easy,0,16977,Principal Component Analysis
sCNAQlTJzusQ,47,hard,1,22653,Decision Trees
sCNAQlTJzusQ,48,easy,1,19344,Decision Trees
sCNAQlTJzusQ,49,hard,0,22198,Data Types
sCNAQlTJzusQ,50,easy,1,16003,Feature Selection
sCNAQlTJzusQ,51,easy,1,16003,Feature Selection
sCNAQlTJzusQ,52,easy,1,14512,Principal Component Analysis
sCNAQlTJzusQ,53,easy,1,11333,Feature Selection
sCNAQlTJzusQ,54,easy,1,14900,Decision Trees
sCNAQlTJzusQ,55,easy,1,11534,Feature Selection
sCNAQlTJzusQ,56,hard,0,22198,Feature Selection
sCNAQlTJzusQ,57,easy,1,8385,Feature Selection
sCNAQlTJzusQ,58,easy,1,16575,Feature Selection
sCNAQlTJzusQ,59,easy,1,13110,Feature Selection
sCNAQlTJzusQ,60,easy,1,14900,Feature Selection
W0EkQhrkI3an,31,medium,0,22152,Data Mining Tasks
W0EkQhrkI3an,32,medium,0,25721,Feature Selection
W0EkQhrkI3an,33,easy,1,12281,Feature Extraction
W0EkQhrkI3an,34,easy,1,12228,Principal Component Analysis
W0EkQhrkI3an,35,easy,1,12228,Principal Component Analysis
W0EkQhrkI3an,36,medium,1,19200,Principal Component Analysis
W0EkQhrkI3an,37,easy,1,18415,Feature Selection
W0EkQhrkI3an,38,hard,0,22271,Principal Component Analysis
W0EkQhrkI3an,39,easy,1,12453,Principal Component Analysis
W0EkQhrkI3an,40,easy,1,9393,Principal Component Analysis
W0EkQhrkI3an,41,easy,1,18222,Principal Component Analysis
W0EkQhrkI3an,42,easy,1,7500,Principal Component Analysis
W0EkQhrkI3an,43,medium,1,21828,Principal Component Analysis
W0EkQhrkI3an,44,easy,1,17959,Data Mining Tasks
W0EkQhrkI3an,45,hard,0,19120,Principal Component Analysis
W0EkQhrkI3an,46,easy,0,15274,Principal Component Analysis
W0EkQhrkI3an,47,hard,0,18324,Decision Trees
W0EkQhrkI3an,48,easy,1,17486,Decision Trees
W0EkQhrkI3an,49,hard,0,19120,Data Types
W0EkQhrkI3an,50,easy,1,14398,Feature Selection
W0EkQhrkI3an,51,easy,1,14398,Feature Selection
W0EkQhrkI3an,52,easy,1,13056,Principal Component Analysis
W0EkQhrkI3an,53,easy,1,10136,Feature Selection
W0EkQhrkI3an,54,easy,1,13406,Decision Trees
W0EkQhrkI3an,55,easy,1,10316,Feature Selection
W0EkQhrkI3an,56,hard,0,19120,Feature Selection
W0EkQhrkI3an,57,easy,1,7500,Feature Selection
W0EkQhrkI3an,58,easy,1,14913,Feature Selection
W0EkQhrkI3an,59,easy,1,11726,Feature Selection
W0EkQhrkI3an,60,easy,1,13406,Feature Selection
oVyzGGgOFu4f,31,medium,1,28123,Data Mining Tasks
oVyzGGgOFu4f,32,medium,1,34116,Feature Selection
oVyzGGgOFu4f,33,easy,1,16628,Feature Extraction
oVyzGGgOFu4f,34,easy,1,16222,Principal Component Analysis
oVyzGGgOFu4f,35,easy,1,16222,Principal Component Analysis
oVyzGGgOFu4f,36,medium,0,32578,Principal Component Analysis
oVyzGGgOFu4f,37,easy,1,23498,Feature Selection
oVyzGGgOFu4f,38,hard,0,30533,Principal Component Analysis
oVyzGGgOFu4f,39,easy,1,16245,Principal Component Analysis
oVyzGGgOFu4f,40,easy,1,13999,Principal Component Analysis
oVyzGGgOFu4f,41,easy,1,25053,Principal Component Analysis
oVyzGGgOFu4f,42,easy,1,11094,Principal Component Analysis
oVyzGGgOFu4f,43,medium,1,30184,Principal Component Analysis
oVyzGGgOFu4f,44,easy,0,27616,Data Mining Tasks
oVyzGGgOFu4f,45,hard,0,25431,Principal Component Analysis
oVyzGGgOFu4f,46,easy,1,16245,Principal Component Analysis
oVyzGGgOFu4f,47,hard,0,25288,Decision Trees
oVyzGGgOFu4f,48,easy,1,22313,Decision Trees
oVyzGGgOFu4f,49,hard,0,25431,Data Types
oVyzGGgOFu4f,50,easy,1,18300,Feature Selection
oVyzGGgOFu4f,51,easy,1,18300,Feature Selection
oVyzGGgOFu4f,52,easy,0,23083,Principal Component Analysis
oVyzGGgOFu4f,53,easy,1,14994,Feature Selection
oVyzGGgOFu4f,54,easy,1,17458,Decision Trees
oVyzGGgOFu4f,55,easy,1,15259,Feature Selection
oVyzGGgOFu4f,56,hard,0,25431,Feature Selection
oVyzGGgOFu4f,57,easy,1,11094,Feature Selection
oVyzGGgOFu4f,58,easy,1,18917,Feature Selection
oVyzGGgOFu4f,59,easy,1,15877,Feature Selection
oVyzGGgOFu4f,60,easy,1,17458,Feature Selection
I93EMGZEU4vI,31,medium,0,31041,Data Mining Tasks
I93EMGZEU4vI,32,medium,0,35576,Feature Selection
I93EMGZEU4vI,33,easy,1,15548,Feature Extraction
I93EMGZEU4vI,34,easy,1,15128,Principal Component Analysis
I93EMGZEU4vI,35,easy,1,15128,Principal Component Analysis
I93EMGZEU4vI,36,medium,1,24781,Principal Component Analysis
I93EMGZEU4vI,37,easy,1,21653,Feature Selection
I93EMGZEU4vI,38,hard,0,29296,Principal Component Analysis
I93EMGZEU4vI,39,easy,1,15124,Principal Component Analysis
I93EMGZEU4vI,40,easy,1,12900,Principal Component Analysis
I93EMGZEU4vI,41,easy,0,28688,Principal Component Analysis
I93EMGZEU4vI,42,easy,1,10223,Principal Component Analysis
I93EMGZEU4vI,43,medium,1,27605,Principal Component Analysis
I93EMGZEU4vI,44,easy,1,21408,Data Mining Tasks
I93EMGZEU4vI,45,hard,0,25796,Principal Component Analysis
I93EMGZEU4vI,46,easy,1,15124,Principal Component Analysis
I93EMGZEU4vI,47,hard,0,24722,Decision Trees
I93EMGZEU4vI,48,easy,0,24483,Decision Trees
I93EMGZEU4vI,49,hard,0,25796,Data Types
I93EMGZEU4vI,50,easy,1,16911,Feature Selection
I93EMGZEU4vI,51,easy,1,16911,Feature Selection
I93EMGZEU4vI,52,easy,1,15640,Principal Component Analysis
I93EMGZEU4vI,53,easy,1,13817,Feature Selection
I93EMGZEU4vI,54,easy,1,16282,Decision Trees
I93EMGZEU4vI,55,easy,1,14061,Feature Selection
I93EMGZEU4vI,56,hard,0,25796,Feature Selection
I93EMGZEU4vI,57,easy,1,10223,Feature Selection
I93EMGZEU4vI,58,easy,1,17480,Feature Selection
I93EMGZEU4vI,59,easy,1,14845,Feature Selection
I93EMGZEU4vI,60,easy,1,16282,Feature Selection
e35NZ2cItyz9,31,medium,0,29755,Data Mining Tasks
e35NZ2cItyz9,32,medium,0,34102,Feature Selection
e35NZ2cItyz9,33,easy,1,15677,Feature Extraction
e35NZ2cItyz9,34,easy,1,15254,Principal Component Analysis
e35NZ2cItyz9,35,easy,1,15254,Principal Component Analysis
e35NZ2cItyz9,36,medium,1,24278,Principal Component Analysis
e35NZ2cItyz9,37,easy,1,21543,Feature Selection
e35NZ2cItyz9,38,hard,0,28783,Principal Component Analysis
e35NZ2cItyz9,39,easy,1,15250,Principal Component Analysis
e35NZ2cItyz9,40,easy,1,13008,Principal Component Analysis
e35NZ2cItyz9,41,easy,0,27499,Principal Component Analysis
e35NZ2cItyz9,42,easy,1,10308,Principal Component Analysis
e35NZ2cItyz9,43,medium,1,27045,Principal Component Analysis
e35NZ2cItyz9,44,easy,1,21300,Data Mining Tasks
e35NZ2cItyz9,45,hard,0,25345,Principal Component Analysis
e35NZ2cItyz9,46,easy,1,15250,Principal Component Analysis
e35NZ2cItyz9,47,hard,0,24290,Decision Trees
e35NZ2cItyz9,48,easy,0,23954,Decision Trees
e35NZ2cItyz9,49,hard,0,25345,Data Types
e35NZ2cItyz9,50,easy,1,17051,Feature Selection
e35NZ2cItyz9,51,easy,1,17051,Feature Selection
e35NZ2cItyz9,52,easy,1,15770,Principal Component Analysis
e35NZ2cItyz9,53,easy,1,13932,Feature Selection
e35NZ2cItyz9,54,easy,1,16417,Decision Trees
e35NZ2cItyz9,55,easy,1,14178,Feature Selection
e35NZ2cItyz9,56,hard,0,25345,Feature Selection
e35NZ2cItyz9,57,easy,1,10308,Feature Selection
e35NZ2cItyz9,58,easy,1,17392,Feature Selection
e35NZ2cItyz9,59,easy,1,14968,Feature Selection
e35NZ2cItyz9,60,easy,1,16417,Feature Selection
ylh73EEFQ8CD,31,medium,0,28839,Data Mining Tasks
ylh73EEFQ8CD,32,medium,0,33550,Feature Selection
ylh73EEFQ8CD,33,easy,1,14179,Feature Extraction
ylh73EEFQ8CD,34,easy,1,13724,Principal Component Analysis
ylh73EEFQ8CD,35,easy,1,13724,Principal Component Analysis
ylh73EEFQ8CD,36,medium,1,22233,Principal Component Analysis
ylh73EEFQ8CD,37,easy,1,19491,Feature Selection
ylh73EEFQ8CD,38,hard,0,27131,Principal Component Analysis
ylh73EEFQ8CD,39,easy,1,13647,Principal Component Analysis
ylh73EEFQ8CD,40,easy,1,11937,Principal Component Analysis
ylh73EEFQ8CD,41,easy,0,26652,Principal Component Analysis
ylh73EEFQ8CD,42,easy,1,9460,Principal Component Analysis
ylh73EEFQ8CD,43,medium,1,25196,Principal Component Analysis
ylh73EEFQ8CD,44,easy,1,19177,Data Mining Tasks
ylh73EEFQ8CD,45,hard,0,20349,Principal Component Analysis
ylh73EEFQ8CD,46,easy,1,13647,Principal Component Analysis
ylh73EEFQ8CD,47,hard,0,19695,Decision Trees
ylh73EEFQ8CD,48,easy,0,21927,Decision Trees
ylh73EEFQ8CD,49,hard,0,20349,Data Types
ylh73EEFQ8CD,50,easy,1,15439,Feature Selection
ylh73EEFQ8CD,51,easy,1,15439,Feature Selection
ylh73EEFQ8CD,52,easy,1,14113,Principal Component Analysis
ylh73EEFQ8CD,53,easy,1,12135,Feature Selection
ylh73EEFQ8CD,54,easy,1,14730,Decision Trees
ylh73EEFQ8CD,55,easy,1,12350,Feature Selection
ylh73EEFQ8CD,56,hard,0,20349,Feature Selection
ylh73EEFQ8CD,57,easy,1,9460,Feature Selection
ylh73EEFQ8CD,58,easy,1,15959,Feature Selection
ylh73EEFQ8CD,59,easy,1,13538,Feature Selection
ylh73EEFQ8CD,60,easy,1,14730,Feature Selection
St7VKJfT2MTq,31,medium,1,23096,Data Mining Tasks
St7VKJfT2MTq,32,medium,1,28390,Feature Selection
St7VKJfT2MTq,33,easy,1,14433,Feature Extraction
St7VKJfT2MTq,34,easy,1,14230,Principal Component Analysis
St7VKJfT2MTq,35,easy,1,14230,Principal Component Analysis
St7VKJfT2MTq,36,medium,0,24735,Principal Component Analysis
St7VKJfT2MTq,37,easy,1,20754,Feature Selection
St7VKJfT2MTq,38,hard,1,25776,Principal Component Analysis
St7VKJfT2MTq,39,easy,1,14307,Principal Component Analysis
St7VKJfT2MTq,40,easy,1,11771,Principal Component Analysis
St7VKJfT2MTq,41,easy,0,24354,Principal Component Analysis
St7VKJfT2MTq,42,easy,1,9328,Principal Component Analysis
St7VKJfT2MTq,43,medium,0,26380,Principal Component Analysis
St7VKJfT2MTq,44,easy,0,23385,Data Mining Tasks
St7VKJfT2MTq,45,hard,0,22615,Principal Component Analysis
St7VKJfT2MTq,46,easy,1,14307,Principal Component Analysis
St7VKJfT2MTq,47,hard,0,21674,Decision Trees
St7VKJfT2MTq,48,easy,1,19708,Decision Trees
St7VKJfT2MTq,49,hard,0,22615,Data Types
St7VKJfT2MTq,50,easy,1,16304,Feature Selection
St7VKJfT2MTq,51,easy,1,16304,Feature Selection
St7VKJfT2MTq,52,easy,1,14886,Principal Component Analysis
St7VKJfT2MTq,53,easy,1,12607,Feature Selection
St7VKJfT2MTq,54,easy,1,15402,Decision Trees
St7VKJfT2MTq,55,easy,1,12830,Feature Selection
St7VKJfT2MTq,56,hard,0,22615,Feature Selection
St7VKJfT2MTq,57,easy,1,9328,Feature Selection
St7VKJfT2MTq,58,easy,1,16887,Feature Selection
St7VKJfT2MTq,59,easy,0,18013,Feature Selection
St7VKJfT2MTq,60,easy,1,15402,Feature Selection
RZdtks4i4HNy,31,medium,0,24210,Data Mining Tasks
RZdtks4i4HNy,32,medium,0,27773,Feature Selection
RZdtks4i4HNy,33,easy,1,14173,Feature Extraction
RZdtks4i4HNy,34,easy,1,14234,Principal Component Analysis
RZdtks4i4HNy,35,easy,1,14234,Principal Component Analysis
RZdtks4i4HNy,36,medium,1,23230,Principal Component Analysis
RZdtks4i4HNy,37,easy,0,22110,Feature Selection
RZdtks4i4HNy,38,hard,1,26395,Principal Component Analysis
RZdtks4i4HNy,39,easy,1,14338,Principal Component Analysis
RZdtks4i4HNy,40,easy,1,9762,Principal Component Analysis
RZdtks4i4HNy,41,easy,1,21835,Principal Component Analysis
RZdtks4i4HNy,42,easy,1,8227,Principal Component Analysis
RZdtks4i4HNy,43,medium,0,25193,Principal Component Analysis
RZdtks4i4HNy,44,easy,1,20828,Data Mining Tasks
RZdtks4i4HNy,45,hard,0,19099,Principal Component Analysis
RZdtks4i4HNy,46,easy,0,15610,Principal Component Analysis
RZdtks4i4HNy,47,hard,0,19679,Decision Trees
RZdtks4i4HNy,48,easy,0,21085,Decision Trees
RZdtks4i4HNy,49,hard,0,19099,Data Types
RZdtks4i4HNy,50,easy,1,16554,Feature Selection
RZdtks4i4HNy,51,easy,1,16554,Feature Selection
RZdtks4i4HNy,52,easy,1,15032,Principal Component Analysis
RZdtks4i4HNy,53,easy,1,11119,Feature Selection
RZdtks4i4HNy,54,easy,1,16039,Decision Trees
RZdtks4i4HNy,55,easy,1,11316,Feature Selection
RZdtks4i4HNy,56,hard,0,19099,Feature Selection
RZdtks4i4HNy,57,easy,1,8227,Feature Selection
RZdtks4i4HNy,58,easy,1,17146,Feature Selection
RZdtks4i4HNy,59,easy,1,13533,Feature Selection
RZdtks4i4HNy,60,easy,1,16039,Feature Selection
oF1pjrJTOBWB,31,medium,1,25167,Data Mining Tasks
oF1pjrJTOBWB,32,medium,1,30638,Feature Selection
oF1pjrJTOBWB,33,easy,1,14513,Feature Extraction
oF1pjrJTOBWB,34,easy,1,14524,Principal Component Analysis
oF1pjrJTOBWB,35,easy,1,14524,Principal Component Analysis
oF1pjrJTOBWB,36,medium,0,26469,Principal Component Analysis
oF1pjrJTOBWB,37,easy,1,21711,Feature Selection
oF1pjrJTOBWB,38,hard,1,27817,Principal Component Analysis
oF1pjrJTOBWB,39,easy,1,14630,Principal Component Analysis
oF1pjrJTOBWB,40,easy,1,11101,Principal Component Analysis
oF1pjrJTOBWB,41,easy,1,23012,Principal Component Analysis
oF1pjrJTOBWB,42,easy,1,8863,Principal Component Analysis
oF1pjrJTOBWB,43,medium,0,28470,Principal Component Analysis
oF1pjrJTOBWB,44,easy,1,21479,Data Mining Tasks
oF1pjrJTOBWB,45,hard,0,24779,Principal Component Analysis
oF1pjrJTOBWB,46,easy,0,17681,Principal Component Analysis
oF1pjrJTOBWB,47,hard,0,23881,Decision Trees
oF1pjrJTOBWB,48,easy,1,20616,Decision Trees
oF1pjrJTOBWB,49,hard,0,24779,Data Types
oF1pjrJTOBWB,50,easy,1,16915,Feature Selection
oF1pjrJTOBWB,51,easy,1,16915,Feature Selection
oF1pjrJTOBWB,52,easy,1,15339,Principal Component Analysis
oF1pjrJTOBWB,53,easy,1,11979,Feature Selection
oF1pjrJTOBWB,54,easy,1,16367,Decision Trees
oF1pjrJTOBWB,55,easy,1,12191,Feature Selection
oF1pjrJTOBWB,56,hard,0,24779,Feature Selection
oF1pjrJTOBWB,57,easy,1,8863,Feature Selection
oF1pjrJTOBWB,58,easy,1,17520,Feature Selection
oF1pjrJTOBWB,59,easy,1,13857,Feature Selection
oF1pjrJTOBWB,60,easy,1,16367,Feature Selection
pS17HUA271Nx,31,medium,0,24365,Data Mining Tasks
pS17HUA271Nx,32,medium,0,28290,Feature Selection
pS17HUA271Nx,33,easy,1,13742,Feature Extraction
pS17HUA271Nx,34,easy,1,13602,Principal Component Analysis
pS17HUA271Nx,35,easy,1,13602,Principal Component Analysis
pS17HUA271Nx,36,medium,1,21118,Principal Component Analysis
pS17HUA271Nx,37,easy,1,20254,Feature Selection
pS17HUA271Nx,38,hard,0,24496,Principal Component Analysis
pS17HUA271Nx,39,easy,1,13852,Principal Component Analysis
pS17HUA271Nx,40,easy,1,10590,Principal Component Analysis
pS17HUA271Nx,41,easy,1,20043,Principal Component Analysis
pS17HUA271Nx,42,easy,1,8392,Principal Component Analysis
pS17HUA271Nx,43,medium,0,25216,Principal Component Analysis
pS17HUA271Nx,44,easy,1,19753,Data Mining Tasks
pS17HUA271Nx,45,hard,0,21327,Principal Component Analysis
pS17HUA271Nx,46,easy,1,13852,Principal Component Analysis
pS17HUA271Nx,47,hard,0,20439,Decision Trees
pS17HUA271Nx,48,easy,1,19233,Decision Trees
pS17HUA271Nx,49,hard,0,21327,Data Types
pS17HUA271Nx,50,easy,1,16016,Feature Selection
pS17HUA271Nx,51,easy,1,16016,Feature Selection
pS17HUA271Nx,52,easy,1,14523,Principal Component Analysis
pS17HUA271Nx,53,easy,1,11342,Feature Selection
pS17HUA271Nx,54,easy,1,14912,Decision Trees
pS17HUA271Nx,55,easy,1,11543,Feature Selection
pS17HUA271Nx,56,hard,0,21327,Feature Selection
pS17HUA271Nx,57,easy,1,8392,Feature Selection
pS17HUA271Nx,58,easy,1,16589,Feature Selection
pS17HUA271Nx,59,easy,1,13121,Feature Selection
pS17HUA271Nx,60,easy,1,14912,Feature Selection
tE1MOwmVibN4,31,medium,1,25167,Data Mining Tasks
tE1MOwmVibN4,32,medium,1,30638,Feature Selection
tE1MOwmVibN4,33,easy,1,14513,Feature Extraction
tE1MOwmVibN4,34,easy,1,14524,Principal Component Analysis
tE1MOwmVibN4,35,easy,0,17618,Principal Component Analysis
tE1MOwmVibN4,36,medium,0,26469,Principal Component Analysis
tE1MOwmVibN4,37,easy,1,21711,Feature Selection
tE1MOwmVibN4,38,hard,0,27657,Principal Component Analysis
tE1MOwmVibN4,39,easy,1,14630,Principal Component Analysis
tE1MOwmVibN4,40,easy,1,11101,Principal Component Analysis
tE1MOwmVibN4,41,easy,1,23012,Principal Component Analysis
tE1MOwmVibN4,42,easy,1,8863,Principal Component Analysis
tE1MOwmVibN4,43,medium,0,28470,Principal Component Analysis
tE1MOwmVibN4,44,easy,1,21479,Data Mining Tasks
tE1MOwmVibN4,45,hard,0,24779,Principal Component Analysis
tE1MOwmVibN4,46,easy,1,14630,Principal Component Analysis
tE1MOwmVibN4,47,hard,0,23881,Decision Trees
tE1MOwmVibN4,48,easy,1,20616,Decision Trees
tE1MOwmVibN4,49,hard,0,24779,Data Types
tE1MOwmVibN4,50,easy,1,16915,Feature Selection
tE1MOwmVibN4,51,easy,1,16915,Feature Selection
tE1MOwmVibN4,52,easy,1,15339,Principal Component Analysis
tE1MOwmVibN4,53,easy,1,11979,Feature Selection
tE1MOwmVibN4,54,easy,1,16367,Decision Trees
tE1MOwmVibN4,55,easy,1,12191,Feature Selection
tE1MOwmVibN4,56,hard,0,24779,Feature Selection
tE1MOwmVibN4,57,easy,1,8863,Feature Selection
tE1MOwmVibN4,58,easy,0,21687,Feature Selection
tE1MOwmVibN4,59,easy,1,13857,Feature Selection
tE1MOwmVibN4,60,easy,1,16367,Feature Selection
nojDz9QSjRLy,31,medium,1,25167,Data Mining Tasks
nojDz9QSjRLy,32,medium,1,30638,Feature Selection
nojDz9QSjRLy,33,easy,1,14513,Feature Extraction
nojDz9QSjRLy,34,easy,1,14524,Principal Component Analysis
nojDz9QSjRLy,35,easy,1,14524,Principal Component Analysis
nojDz9QSjRLy,36,medium,1,24247,Principal Component Analysis
nojDz9QSjRLy,37,easy,0,24407,Feature Selection
nojDz9QSjRLy,38,hard,0,27657,Principal Component Analysis
nojDz9QSjRLy,39,easy,1,14630,Principal Component Analysis
nojDz9QSjRLy,40,easy,1,11101,Principal Component Analysis
nojDz9QSjRLy,41,easy,1,23012,Principal Component Analysis
nojDz9QSjRLy,42,easy,1,8863,Principal Component Analysis
nojDz9QSjRLy,43,medium,0,28470,Principal Component Analysis
nojDz9QSjRLy,44,easy,1,21479,Data Mining Tasks
nojDz9QSjRLy,45,hard,0,24779,Principal Component Analysis
nojDz9QSjRLy,46,easy,1,14630,Principal Component Analysis
nojDz9QSjRLy,47,hard,0,23881,Decision Trees
nojDz9QSjRLy,48,easy,1,20616,Decision Trees
nojDz9QSjRLy,49,hard,0,24779,Data Types
nojDz9QSjRLy,50,easy,0,21488,Feature Selection
nojDz9QSjRLy,51,easy,0,21488,Feature Selection
nojDz9QSjRLy,52,easy,1,15339,Principal Component Analysis
nojDz9QSjRLy,53,easy,1,11979,Feature Selection
nojDz9QSjRLy,54,easy,1,16367,Decision Trees
nojDz9QSjRLy,55,easy,1,12191,Feature Selection
nojDz9QSjRLy,56,hard,0,24779,Feature Selection
nojDz9QSjRLy,57,easy,1,8863,Feature Selection
nojDz9QSjRLy,58,easy,1,17520,Feature Selection
nojDz9QSjRLy,59,easy,1,13857,Feature Selection
nojDz9QSjRLy,60,easy,1,16367,Feature Selection
xbNryveuRsXc,31,medium,1,26573,Data Mining Tasks
xbNryveuRsXc,32,medium,1,32236,Feature Selection
xbNryveuRsXc,33,easy,1,15712,Feature Extraction
xbNryveuRsXc,34,easy,0,21535,Principal Component Analysis
xbNryveuRsXc,35,easy,1,15328,Principal Component Analysis
xbNryveuRsXc,36,medium,1,25602,Principal Component Analysis
xbNryveuRsXc,37,easy,0,26686,Feature Selection
xbNryveuRsXc,38,hard,0,29384,Principal Component Analysis
xbNryveuRsXc,39,easy,1,15350,Principal Component Analysis
xbNryveuRsXc,40,easy,1,13228,Principal Component Analysis
xbNryveuRsXc,41,easy,0,30075,Principal Component Analysis
xbNryveuRsXc,42,easy,1,10483,Principal Component Analysis
xbNryveuRsXc,43,medium,1,28520,Principal Component Analysis
xbNryveuRsXc,44,easy,0,26578,Data Mining Tasks
xbNryveuRsXc,45,hard,0,24474,Principal Component Analysis
xbNryveuRsXc,46,easy,1,15350,Principal Component Analysis
xbNryveuRsXc,47,hard,1,27950,Decision Trees
xbNryveuRsXc,48,easy,0,25474,Decision Trees
xbNryveuRsXc,49,hard,0,24474,Data Types
xbNryveuRsXc,50,easy,1,17292,Feature Selection
xbNryveuRsXc,51,easy,1,17292,Feature Selection
xbNryveuRsXc,52,easy,1,15874,Principal Component Analysis
xbNryveuRsXc,53,easy,1,14168,Feature Selection
xbNryveuRsXc,54,easy,1,16496,Decision Trees
xbNryveuRsXc,55,easy,1,14418,Feature Selection
xbNryveuRsXc,56,hard,0,24474,Feature Selection
xbNryveuRsXc,57,easy,1,10483,Feature Selection
xbNryveuRsXc,58,easy,1,17875,Feature Selection
xbNryveuRsXc,59,easy,1,15002,Feature Selection
xbNryveuRsXc,60,easy,1,16496,Feature Selection
iZblYCxqwouC,31,medium,1,29972,Data Mining Tasks
iZblYCxqwouC,32,medium,1,34728,Feature Selection
iZblYCxqwouC,33,easy,1,15901,Feature Extraction
iZblYCxqwouC,34,easy,1,15512,Principal Component Analysis
iZblYCxqwouC,35,easy,1,15512,Principal Component Analysis
iZblYCxqwouC,36,medium,1,28877,Principal Component Analysis
iZblYCxqwouC,37,easy,1,25043,Feature Selection
iZblYCxqwouC,38,hard,0,31161,Principal Component Analysis
iZblYCxqwouC,39,easy,1,15725,Principal Component Analysis
iZblYCxqwouC,40,easy,1,13247,Principal Component Analysis
iZblYCxqwouC,41,easy,1,26701,Principal Component Analysis
iZblYCxqwouC,42,easy,1,10498,Principal Component Analysis
iZblYCxqwouC,43,medium,1,32168,Principal Component Analysis
iZblYCxqwouC,44,easy,1,24759,Data Mining Tasks
iZblYCxqwouC,45,hard,0,21236,Principal Component Analysis
iZblYCxqwouC,46,easy,1,15725,Principal Component Analysis
iZblYCxqwouC,47,hard,0,21117,Decision Trees
iZblYCxqwouC,48,easy,1,23780,Decision Trees
iZblYCxqwouC,49,hard,0,21236,Data Types
iZblYCxqwouC,50,easy,0,24309,Feature Selection
iZblYCxqwouC,51,easy,1,17714,Feature Selection
iZblYCxqwouC,52,easy,0,22758,Principal Component Analysis
iZblYCxqwouC,53,easy,1,14189,Feature Selection
iZblYCxqwouC,54,easy,1,16694,Decision Trees
iZblYCxqwouC,55,easy,1,14440,Feature Selection
iZblYCxqwouC,56,hard,0,21236,Feature Selection
iZblYCxqwouC,57,easy,1,10498,Feature Selection
iZblYCxqwouC,58,easy,1,18311,Feature Selection
iZblYCxqwouC,59,easy,1,15182,Feature Selection
iZblYCxqwouC,60,easy,0,23424,Feature Selection
BSLGp0wdoAqj,31,medium,1,22670,Data Mining Tasks
BSLGp0wdoAqj,32,medium,0,29050,Feature Selection
BSLGp0wdoAqj,33,easy,1,13731,Feature Extraction
BSLGp0wdoAqj,34,easy,1,13767,Principal Component Analysis
BSLGp0wdoAqj,35,easy,1,13767,Principal Component Analysis
BSLGp0wdoAqj,36,medium,0,24279,Principal Component Analysis
BSLGp0wdoAqj,37,easy,0,23319,Feature Selection
BSLGp0wdoAqj,38,hard,1,25300,Principal Component Analysis
BSLGp0wdoAqj,39,easy,1,13841,Principal Component Analysis
BSLGp0wdoAqj,40,easy,1,10581,Principal Component Analysis
BSLGp0wdoAqj,41,easy,0,23905,Principal Component Analysis
BSLGp0wdoAqj,42,easy,1,8385,Principal Component Analysis
BSLGp0wdoAqj,43,medium,1,24654,Principal Component Analysis
BSLGp0wdoAqj,44,easy,1,20018,Data Mining Tasks
BSLGp0wdoAqj,45,hard,0,22198,Principal Component Analysis
BSLGp0wdoAqj,46,easy,1,13841,Principal Component Analysis
BSLGp0wdoAqj,47,hard,0,21274,Decision Trees
BSLGp0wdoAqj,48,easy,1,19344,Decision Trees
BSLGp0wdoAqj,49,hard,0,22198,Data Types
BSLGp0wdoAqj,50,easy,1,16003,Feature Selection
BSLGp0wdoAqj,51,easy,1,16003,Feature Selection
BSLGp0wdoAqj,52,easy,1,14512,Principal Component Analysis
BSLGp0wdoAqj,53,easy,1,11333,Feature Selection
BSLGp0wdoAqj,54,easy,0,18276,Decision Trees
BSLGp0wdoAqj,55,easy,1,11534,Feature Selection
BSLGp0wdoAqj,56,hard,0,22198,Feature Selection
BSLGp0wdoAqj,57,easy,1,8385,Feature Selection
BSLGp0wdoAqj,58,easy,0,21151,Feature Selection
BSLGp0wdoAqj,59,easy,1,13110,Feature Selection
BSLGp0wdoAqj,60,easy,1,14900,Feature Selection
jMkOnTydcqm6,31,medium,1,25721,Data Mining Tasks
jMkOnTydcqm6,32,medium,0,35576,Feature Selection
jMkOnTydcqm6,33,easy,1,15548,Feature Extraction
jMkOnTydcqm6,34,easy,1,15128,Principal Component Analysis
jMkOnTydcqm6,35,easy,1,15128,Principal Component Analysis
jMkOnTydcqm6,36,medium,0,29907,Principal Component Analysis
jMkOnTydcqm6,37,easy,0,25648,Feature Selection
jMkOnTydcqm6,38,hard,1,28547,Principal Component Analysis
jMkOnTydcqm6,39,easy,1,15124,Principal Component Analysis
jMkOnTydcqm6,40,easy,1,12900,Principal Component Analysis
jMkOnTydcqm6,41,easy,0,28688,Principal Component Analysis
jMkOnTydcqm6,42,easy,1,10223,Principal Component Analysis
jMkOnTydcqm6,43,medium,1,27605,Principal Component Analysis
jMkOnTydcqm6,44,easy,1,21408,Data Mining Tasks
jMkOnTydcqm6,45,hard,0,25796,Principal Component Analysis
jMkOnTydcqm6,46,easy,1,15124,Principal Component Analysis
jMkOnTydcqm6,47,hard,0,24722,Decision Trees
jMkOnTydcqm6,48,easy,1,20561,Decision Trees
jMkOnTydcqm6,49,hard,0,25796,Data Types
jMkOnTydcqm6,50,easy,1,16911,Feature Selection
jMkOnTydcqm6,51,easy,1,16911,Feature Selection
jMkOnTydcqm6,52,easy,1,15640,Principal Component Analysis
jMkOnTydcqm6,53,easy,1,13817,Feature Selection
jMkOnTydcqm6,54,easy,0,22513,Decision Trees
jMkOnTydcqm6,55,easy,1,14061,Feature Selection
jMkOnTydcqm6,56,hard,0,25796,Feature Selection
jMkOnTydcqm6,57,easy,1,10223,Feature Selection
jMkOnTydcqm6,58,easy,0,23081,Feature Selection
jMkOnTydcqm6,59,easy,1,14845,Feature Selection
jMkOnTydcqm6,60,easy,1,16282,Feature Selection
32nLuB1xqIO4,31,medium,0,31041,Data Mining Tasks
32nLuB1xqIO4,32,medium,0,35576,Feature Selection
32nLuB1xqIO4,33,easy,0,20936,Feature Extraction
32nLuB1xqIO4,34,easy,1,15128,Principal Component Analysis
32nLuB1xqIO4,35,easy,1,15128,Principal Component Analysis
32nLuB1xqIO4,36,medium,1,24781,Principal Component Analysis
32nLuB1xqIO4,37,easy,1,21653,Feature Selection
32nLuB1xqIO4,38,hard,0,29296,Principal Component Analysis
32nLuB1xqIO4,39,easy,1,15124,Principal Component Analysis
32nLuB1xqIO4,40,easy,1,12900,Principal Component Analysis
32nLuB1xqIO4,41,easy,1,22913,Principal Component Analysis
32nLuB1xqIO4,42,easy,1,10223,Principal Component Analysis
32nLuB1xqIO4,43,medium,0,31711,Principal Component Analysis
32nLuB1xqIO4,44,easy,1,21408,Data Mining Tasks
32nLuB1xqIO4,45,hard,0,25796,Principal Component Analysis
32nLuB1xqIO4,46,easy,1,15124,Principal Component Analysis
32nLuB1xqIO4,47,hard,0,24722,Decision Trees
32nLuB1xqIO4,48,easy,1,20561,Decision Trees
32nLuB1xqIO4,49,hard,0,25796,Data Types
32nLuB1xqIO4,50,easy,1,16911,Feature Selection
32nLuB1xqIO4,51,easy,1,16911,Feature Selection
32nLuB1xqIO4,52,easy,1,15640,Principal Component Analysis
32nLuB1xqIO4,53,easy,1,13817,Feature Selection
32nLuB1xqIO4,54,easy,1,16282,Decision Trees
32nLuB1xqIO4,55,easy,1,14061,Feature Selection
32nLuB1xqIO4,56,hard,0,25796,Feature Selection
32nLuB1xqIO4,57,easy,1,10223,Feature Selection
32nLuB1xqIO4,58,easy,1,17480,Feature Selection
32nLuB1xqIO4,59,easy,1,14845,Feature Selection
32nLuB1xqIO4,60,easy,1,16282,Feature Selection
X0HFePMCkBsP,31,medium,0,25460,Data Mining Tasks
X0HFePMCkBsP,32,medium,1,28154,Feature Selection
X0HFePMCkBsP,33,easy,1,13872,Feature Extraction
X0HFePMCkBsP,34,easy,1,13909,Principal Component Analysis
X0HFePMCkBsP,35,easy,1,13909,Principal Component Analysis
X0HFePMCkBsP,36,medium,0,24529,Principal Component Analysis
X0HFePMCkBsP,37,easy,1,20581,Feature Selection
X0HFePMCkBsP,38,hard,1,25561,Principal Component Analysis
X0HFePMCkBsP,39,easy,1,13984,Principal Component Analysis
X0HFePMCkBsP,40,easy,1,10690,Principal Component Analysis
X0HFePMCkBsP,41,easy,1,20943,Principal Component Analysis
X0HFePMCkBsP,42,easy,1,8472,Principal Component Analysis
X0HFePMCkBsP,43,medium,0,26161,Principal Component Analysis
X0HFePMCkBsP,44,easy,1,20224,Data Mining Tasks
X0HFePMCkBsP,45,hard,0,22427,Principal Component Analysis
X0HFePMCkBsP,46,easy,1,13984,Principal Component Analysis
X0HFePMCkBsP,47,hard,0,21494,Decision Trees
X0HFePMCkBsP,48,easy,0,22490,Decision Trees
X0HFePMCkBsP,49,hard,0,22427,Data Types
X0HFePMCkBsP,50,easy,1,16169,Feature Selection
X0HFePMCkBsP,51,easy,0,21174,Feature Selection
X0HFePMCkBsP,52,easy,1,14662,Principal Component Analysis
X0HFePMCkBsP,53,easy,1,11450,Feature Selection
X0HFePMCkBsP,54,easy,1,15054,Decision Trees
X0HFePMCkBsP,55,easy,1,11653,Feature Selection
X0HFePMCkBsP,56,hard,0,22427,Feature Selection
X0HFePMCkBsP,57,easy,1,8472,Feature Selection
X0HFePMCkBsP,58,easy,1,16746,Feature Selection
X0HFePMCkBsP,59,easy,1,13246,Feature Selection
X0HFePMCkBsP,60,easy,1,15054,Feature Selection
zeQInY6w8eBY,31,medium,0,29755,Data Mining Tasks
zeQInY6w8eBY,32,medium,1,30569,Feature Selection
zeQInY6w8eBY,33,easy,1,15677,Feature Extraction
zeQInY6w8eBY,34,easy,1,15254,Principal Component Analysis
zeQInY6w8eBY,35,easy,1,15254,Principal Component Analysis
zeQInY6w8eBY,36,medium,0,28667,Principal Component Analysis
zeQInY6w8eBY,37,easy,1,21543,Feature Selection
zeQInY6w8eBY,38,hard,0,28783,Principal Component Analysis
zeQInY6w8eBY,39,easy,1,15250,Principal Component Analysis
zeQInY6w8eBY,40,easy,1,13008,Principal Component Analysis
zeQInY6w8eBY,41,easy,1,22448,Principal Component Analysis
zeQInY6w8eBY,42,easy,1,10308,Principal Component Analysis
zeQInY6w8eBY,43,medium,1,27045,Principal Component Analysis
zeQInY6w8eBY,44,easy,1,21300,Data Mining Tasks
zeQInY6w8eBY,45,hard,0,25345,Principal Component Analysis
zeQInY6w8eBY,46,easy,1,15250,Principal Component Analysis
zeQInY6w8eBY,47,hard,0,24290,Decision Trees
zeQInY6w8eBY,48,easy,1,20457,Decision Trees
zeQInY6w8eBY,49,hard,0,25345,Data Types
zeQInY6w8eBY,50,easy,1,17051,Feature Selection
zeQInY6w8eBY,51,easy,1,17051,Feature Selection
zeQInY6w8eBY,52,easy,1,15770,Principal Component Analysis
zeQInY6w8eBY,53,easy,1,13932,Feature Selection
zeQInY6w8eBY,54,easy,1,16417,Decision Trees
zeQInY6w8eBY,55,easy,1,14178,Feature Selection
zeQInY6w8eBY,56,hard,0,25345,Feature Selection
zeQInY6w8eBY,57,easy,1,10308,Feature Selection
zeQInY6w8eBY,58,easy,1,17392,Feature Selection
zeQInY6w8eBY,59,easy,1,14968,Feature Selection
zeQInY6w8eBY,60,easy,1,16417,Feature Selection
jxlFWYs7WyTt,31,medium,1,22670,Data Mining Tasks
jxlFWYs7WyTt,32,medium,0,29050,Feature Selection
jxlFWYs7WyTt,33,easy,1,13731,Feature Extraction
jxlFWYs7WyTt,34,easy,1,13767,Principal Component Analysis
jxlFWYs7WyTt,35,easy,1,13767,Principal Component Analysis
jxlFWYs7WyTt,36,medium,0,24279,Principal Component Analysis
jxlFWYs7WyTt,37,easy,0,23319,Feature Selection
jxlFWYs7WyTt,38,hard,1,25300,Principal Component Analysis
jxlFWYs7WyTt,39,easy,1,13841,Principal Component Analysis
jxlFWYs7WyTt,40,easy,1,10581,Principal Component Analysis
jxlFWYs7WyTt,41,easy,0,23905,Principal Component Analysis
jxlFWYs7WyTt,42,easy,1,8385,Principal Component Analysis
jxlFWYs7WyTt,43,medium,1,24654,Principal Component Analysis
jxlFWYs7WyTt,44,easy,1,20018,Data Mining Tasks
jxlFWYs7WyTt,45,hard,0,22198,Principal Component Analysis
jxlFWYs7WyTt,46,easy,1,13841,Principal Component Analysis
jxlFWYs7WyTt,47,hard,0,21274,Decision Trees
jxlFWYs7WyTt,48,easy,1,19344,Decision Trees
jxlFWYs7WyTt,49,hard,0,22198,Data Types
jxlFWYs7WyTt,50,easy,1,16003,Feature Selection
jxlFWYs7WyTt,51,easy,1,16003,Feature Selection
jxlFWYs7WyTt,52,easy,1,14512,Principal Component Analysis
jxlFWYs7WyTt,53,easy,1,11333,Feature Selection
jxlFWYs7WyTt,54,easy,0,18276,Decision Trees
jxlFWYs7WyTt,55,easy,1,11534,Feature Selection
jxlFWYs7WyTt,56,hard,0,22198,Feature Selection
jxlFWYs7WyTt,57,easy,1,8385,Feature Selection
jxlFWYs7WyTt,58,easy,0,21151,Feature Selection
jxlFWYs7WyTt,59,easy,1,13110,Feature Selection
jxlFWYs7WyTt,60,easy,1,14900,Feature Selection
BJE8NOUNFGYz,31,medium,1,23028,Data Mining Tasks
BJE8NOUNFGYz,32,medium,1,28239,Feature Selection
BJE8NOUNFGYz,33,easy,1,13401,Feature Extraction
BJE8NOUNFGYz,34,easy,1,13411,Principal Component Analysis
BJE8NOUNFGYz,35,easy,1,13411,Principal Component Analysis
BJE8NOUNFGYz,36,medium,0,24702,Principal Component Analysis
BJE8NOUNFGYz,37,easy,1,19866,Feature Selection
BJE8NOUNFGYz,38,hard,1,25638,Principal Component Analysis
BJE8NOUNFGYz,39,easy,1,13509,Principal Component Analysis
BJE8NOUNFGYz,40,easy,1,10313,Principal Component Analysis
BJE8NOUNFGYz,41,easy,1,21057,Principal Component Analysis
BJE8NOUNFGYz,42,easy,1,8234,Principal Component Analysis
BJE8NOUNFGYz,43,medium,1,24803,Principal Component Analysis
BJE8NOUNFGYz,44,easy,1,19653,Data Mining Tasks
BJE8NOUNFGYz,45,hard,0,22747,Principal Component Analysis
BJE8NOUNFGYz,46,easy,1,13509,Principal Component Analysis
BJE8NOUNFGYz,47,hard,0,21923,Decision Trees
BJE8NOUNFGYz,48,easy,0,21815,Decision Trees
BJE8NOUNFGYz,49,hard,0,22747,Data Types
BJE8NOUNFGYz,50,easy,0,20053,Feature Selection
BJE8NOUNFGYz,51,easy,0,20053,Feature Selection
BJE8NOUNFGYz,52,easy,1,14035,Principal Component Analysis
BJE8NOUNFGYz,53,easy,1,11129,Feature Selection
BJE8NOUNFGYz,54,easy,1,15112,Decision Trees
BJE8NOUNFGYz,55,easy,1,11326,Feature Selection
BJE8NOUNFGYz,56,hard,0,22747,Feature Selection
BJE8NOUNFGYz,57,easy,1,8234,Feature Selection
BJE8NOUNFGYz,58,easy,1,16031,Feature Selection
BJE8NOUNFGYz,59,easy,1,12795,Feature Selection
BJE8NOUNFGYz,60,easy,1,15112,Feature Selection
aKKO0pyKuBaK,31,medium,1,22670,Data Mining Tasks
aKKO0pyKuBaK,32,medium,0,29050,Feature Selection
aKKO0pyKuBaK,33,easy,1,13731,Feature Extraction
aKKO0pyKuBaK,34,easy,1,13767,Principal Component Analysis
aKKO0pyKuBaK,35,easy,1,13767,Principal Component Analysis
aKKO0pyKuBaK,36,medium,1,21841,Principal Component Analysis
aKKO0pyKuBaK,37,easy,1,20371,Feature Selection
aKKO0pyKuBaK,38,hard,0,25154,Principal Component Analysis
aKKO0pyKuBaK,39,easy,1,13841,Principal Component Analysis
aKKO0pyKuBaK,40,easy,1,10581,Principal Component Analysis
aKKO0pyKuBaK,41,easy,1,20729,Principal Component Analysis
aKKO0pyKuBaK,42,easy,1,8385,Principal Component Analysis
aKKO0pyKuBaK,43,medium,0,25894,Principal Component Analysis
aKKO0pyKuBaK,44,easy,0,22953,Data Mining Tasks
aKKO0pyKuBaK,45,hard,0,22198,Principal Component Analysis
aKKO0pyKuBaK,46,easy,1,13841,Principal Component Analysis
aKKO0pyKuBaK,47,hard,0,21274,Decision Trees
aKKO0pyKuBaK,48,easy,1,19344,Decision Trees
aKKO0pyKuBaK,49,hard,0,22198,Data Types
aKKO0pyKuBaK,50,easy,1,16003,Feature Selection
aKKO0pyKuBaK,51,easy,0,20958,Feature Selection
aKKO0pyKuBaK,52,easy,1,14512,Principal Component Analysis
aKKO0pyKuBaK,53,easy,1,11333,Feature Selection
aKKO0pyKuBaK,54,easy,1,14900,Decision Trees
aKKO0pyKuBaK,55,easy,1,11534,Feature Selection
aKKO0pyKuBaK,56,hard,0,22198,Feature Selection
aKKO0pyKuBaK,57,easy,1,8385,Feature Selection
aKKO0pyKuBaK,58,easy,1,16575,Feature Selection
aKKO0pyKuBaK,59,easy,1,13110,Feature Selection
aKKO0pyKuBaK,60,easy,1,14900,Feature Selection
0rzpTGhVxVJU,31,medium,1,24111,Data Mining Tasks
0rzpTGhVxVJU,32,medium,0,27944,Feature Selection
0rzpTGhVxVJU,33,easy,1,14173,Feature Extraction
0rzpTGhVxVJU,34,easy,1,14234,Principal Component Analysis
0rzpTGhVxVJU,35,easy,1,14234,Principal Component Analysis
0rzpTGhVxVJU,36,medium,1,23230,Principal Component Analysis
0rzpTGhVxVJU,37,easy,1,21199,Feature Selection
0rzpTGhVxVJU,38,hard,0,24649,Principal Component Analysis
0rzpTGhVxVJU,39,easy,1,14338,Principal Component Analysis
0rzpTGhVxVJU,40,easy,1,9762,Principal Component Analysis
0rzpTGhVxVJU,41,easy,1,21835,Principal Component Analysis
0rzpTGhVxVJU,42,easy,1,8227,Principal Component Analysis
0rzpTGhVxVJU,43,medium,1,25721,Principal Component Analysis
0rzpTGhVxVJU,44,easy,1,20828,Data Mining Tasks
0rzpTGhVxVJU,45,hard,0,19216,Principal Component Analysis
0rzpTGhVxVJU,46,easy,0,15706,Principal Component Analysis
0rzpTGhVxVJU,47,hard,0,19800,Decision Trees
0rzpTGhVxVJU,48,easy,1,20130,Decision Trees
0rzpTGhVxVJU,49,hard,0,19216,Data Types
0rzpTGhVxVJU,50,easy,0,18555,Feature Selection
0rzpTGhVxVJU,51,easy,1,16554,Feature Selection
0rzpTGhVxVJU,52,easy,1,15032,Principal Component Analysis
0rzpTGhVxVJU,53,easy,1,11119,Feature Selection
0rzpTGhVxVJU,54,easy,1,16039,Decision Trees
0rzpTGhVxVJU,55,easy,1,11316,Feature Selection
0rzpTGhVxVJU,56,hard,0,19216,Feature Selection
0rzpTGhVxVJU,57,easy,1,8227,Feature Selection
0rzpTGhVxVJU,58,easy,1,17146,Feature Selection
0rzpTGhVxVJU,59,easy,1,13533,Feature Selection
0rzpTGhVxVJU,60,easy,1,16039,Feature Selection
Kji96af6kzzA,31,medium,0,27386,Data Mining Tasks
Kji96af6kzzA,32,medium,0,31839,Feature Selection
Kji96af6kzzA,33,easy,1,14467,Feature Extraction
Kji96af6kzzA,34,easy,1,14478,Principal Component Analysis
Kji96af6kzzA,35,easy,1,14478,Principal Component Analysis
Kji96af6kzzA,36,medium,1,24170,Principal Component Analysis
Kji96af6kzzA,37,easy,1,21642,Feature Selection
Kji96af6kzzA,38,hard,0,27569,Principal Component Analysis
Kji96af6kzzA,39,easy,1,14584,Principal Component Analysis
Kji96af6kzzA,40,easy,1,11066,Principal Component Analysis
Kji96af6kzzA,41,easy,1,22940,Principal Component Analysis
Kji96af6kzzA,42,easy,1,8835,Principal Component Analysis
Kji96af6kzzA,43,medium,0,28380,Principal Component Analysis
Kji96af6kzzA,44,easy,1,21411,Data Mining Tasks
Kji96af6kzzA,45,hard,0,24700,Principal Component Analysis
Kji96af6kzzA,46,easy,1,14584,Principal Component Analysis
Kji96af6kzzA,47,hard,0,23806,Decision Trees
Kji96af6kzzA,48,easy,0,23302,Decision Trees
Kji96af6kzzA,49,hard,0,24700,Data Types
Kji96af6kzzA,50,easy,1,16862,Feature Selection
Kji96af6kzzA,51,easy,1,16862,Feature Selection
Kji96af6kzzA,52,easy,1,15290,Principal Component Analysis
Kji96af6kzzA,53,easy,1,11941,Feature Selection
Kji96af6kzzA,54,easy,1,16315,Decision Trees
Kji96af6kzzA,55,easy,1,12152,Feature Selection
Kji96af6kzzA,56,hard,0,24700,Feature Selection
Kji96af6kzzA,57,easy,1,8835,Feature Selection
Kji96af6kzzA,58,easy,1,17465,Feature Selection
Kji96af6kzzA,59,easy,1,13814,Feature Selection
Kji96af6kzzA,60,easy,1,16315,Feature Selection
lOuE9tkR89Pk,31,medium,0,24365,Data Mining Tasks
lOuE9tkR89Pk,32,medium,0,28290,Feature Selection
lOuE9tkR89Pk,33,easy,1,13742,Feature Extraction
lOuE9tkR89Pk,34,easy,1,13602,Principal Component Analysis
lOuE9tkR89Pk,35,easy,1,13602,Principal Component Analysis
lOuE9tkR89Pk,36,medium,1,21118,Principal Component Analysis
lOuE9tkR89Pk,37,easy,1,20254,Feature Selection
lOuE9tkR89Pk,38,hard,0,24496,Principal Component Analysis
lOuE9tkR89Pk,39,easy,1,13852,Principal Component Analysis
lOuE9tkR89Pk,40,easy,1,10590,Principal Component Analysis
lOuE9tkR89Pk,41,easy,1,20043,Principal Component Analysis
lOuE9tkR89Pk,42,easy,1,8392,Principal Component Analysis
lOuE9tkR89Pk,43,medium,0,25216,Principal Component Analysis
lOuE9tkR89Pk,44,easy,1,19753,Data Mining Tasks
lOuE9tkR89Pk,45,hard,0,21327,Principal Component Analysis
lOuE9tkR89Pk,46,easy,1,13852,Principal Component Analysis
lOuE9tkR89Pk,47,hard,0,20439,Decision Trees
lOuE9tkR89Pk,48,easy,0,22132,Decision Trees
lOuE9tkR89Pk,49,hard,0,21327,Data Types
lOuE9tkR89Pk,50,easy,1,16016,Feature Selection
lOuE9tkR89Pk,51,easy,1,16016,Feature Selection
lOuE9tkR89Pk,52,easy,1,14523,Principal Component Analysis
lOuE9tkR89Pk,53,easy,1,11342,Feature Selection
lOuE9tkR89Pk,54,easy,1,14912,Decision Trees
lOuE9tkR89Pk,55,easy,1,11543,Feature Selection
lOuE9tkR89Pk,56,hard,0,21327,Feature Selection
lOuE9tkR89Pk,57,easy,1,8392,Feature Selection
lOuE9tkR89Pk,58,easy,1,16589,Feature Selection
lOuE9tkR89Pk,59,easy,1,13121,Feature Selection
lOuE9tkR89Pk,60,easy,1,14912,Feature Selection
QblvTIly9IZU,31,medium,1,26503,Data Mining Tasks
QblvTIly9IZU,32,medium,1,32265,Feature Selection
QblvTIly9IZU,33,easy,1,15284,Feature Extraction
QblvTIly9IZU,34,easy,1,15295,Principal Component Analysis
QblvTIly9IZU,35,easy,1,15295,Principal Component Analysis
QblvTIly9IZU,36,medium,1,25534,Principal Component Analysis
QblvTIly9IZU,37,easy,1,22863,Feature Selection
QblvTIly9IZU,38,hard,1,29294,Principal Component Analysis
QblvTIly9IZU,39,easy,1,15407,Principal Component Analysis
QblvTIly9IZU,40,easy,1,11762,Principal Component Analysis
QblvTIly9IZU,41,easy,1,24234,Principal Component Analysis
QblvTIly9IZU,42,easy,1,9391,Principal Component Analysis
QblvTIly9IZU,43,medium,1,28546,Principal Component Analysis
QblvTIly9IZU,44,easy,0,24689,Data Mining Tasks
QblvTIly9IZU,45,hard,0,25290,Principal Component Analysis
QblvTIly9IZU,46,easy,0,18049,Principal Component Analysis
QblvTIly9IZU,47,hard,0,24374,Decision Trees
QblvTIly9IZU,48,easy,0,23862,Decision Trees
QblvTIly9IZU,49,hard,0,25290,Data Types
QblvTIly9IZU,50,easy,1,17813,Feature Selection
QblvTIly9IZU,51,easy,1,17813,Feature Selection
QblvTIly9IZU,52,easy,1,16153,Principal Component Analysis
QblvTIly9IZU,53,easy,0,16545,Feature Selection
QblvTIly9IZU,54,easy,1,17236,Decision Trees
QblvTIly9IZU,55,easy,1,12918,Feature Selection
QblvTIly9IZU,56,hard,0,25290,Feature Selection
QblvTIly9IZU,57,easy,1,9391,Feature Selection
QblvTIly9IZU,58,easy,0,22138,Feature Selection
QblvTIly9IZU,59,easy,1,14593,Feature Selection
QblvTIly9IZU,60,easy,1,17236,Feature Selection
SpXSTCkMzPni,31,medium,0,32542,Data Mining Tasks
SpXSTCkMzPni,32,medium,0,37297,Feature Selection
SpXSTCkMzPni,33,easy,1,15712,Feature Extraction
SpXSTCkMzPni,34,easy,1,15328,Principal Component Analysis
SpXSTCkMzPni,35,easy,1,15328,Principal Component Analysis
SpXSTCkMzPni,36,medium,1,25602,Principal Component Analysis
SpXSTCkMzPni,37,easy,1,22203,Feature Selection
SpXSTCkMzPni,38,hard,0,29384,Principal Component Analysis
SpXSTCkMzPni,39,easy,0,21538,Principal Component Analysis
SpXSTCkMzPni,40,easy,1,13228,Principal Component Analysis
SpXSTCkMzPni,41,easy,0,30075,Principal Component Analysis
SpXSTCkMzPni,42,easy,1,10483,Principal Component Analysis
SpXSTCkMzPni,43,medium,1,28520,Principal Component Analysis
SpXSTCkMzPni,44,easy,1,21952,Data Mining Tasks
SpXSTCkMzPni,45,hard,0,24474,Principal Component Analysis
SpXSTCkMzPni,46,easy,1,15350,Principal Component Analysis
SpXSTCkMzPni,47,hard,0,24337,Decision Trees
SpXSTCkMzPni,48,easy,0,25474,Decision Trees
SpXSTCkMzPni,49,hard,0,24474,Data Types
SpXSTCkMzPni,50,easy,1,17292,Feature Selection
SpXSTCkMzPni,51,easy,1,17292,Feature Selection
SpXSTCkMzPni,52,easy,1,15874,Principal Component Analysis
SpXSTCkMzPni,53,easy,1,14168,Feature Selection
SpXSTCkMzPni,54,easy,1,16496,Decision Trees
SpXSTCkMzPni,55,easy,1,14418,Feature Selection
SpXSTCkMzPni,56,hard,0,24474,Feature Selection
SpXSTCkMzPni,57,easy,1,10483,Feature Selection
SpXSTCkMzPni,58,easy,1,17875,Feature Selection
SpXSTCkMzPni,59,easy,1,15002,Feature Selection
SpXSTCkMzPni,60,easy,1,16496,Feature Selection
QJccKPT4nu7V,31,medium,0,31041,Data Mining Tasks
QJccKPT4nu7V,32,medium,1,31202,Feature Selection
QJccKPT4nu7V,33,easy,0,20936,Feature Extraction
QJccKPT4nu7V,34,easy,1,15128,Principal Component Analysis
QJccKPT4nu7V,35,easy,1,15128,Principal Component Analysis
QJccKPT4nu7V,36,medium,1,24781,Principal Component Analysis
QJccKPT4nu7V,37,easy,0,25648,Feature Selection
QJccKPT4nu7V,38,hard,1,28547,Principal Component Analysis
QJccKPT4nu7V,39,easy,1,15124,Principal Component Analysis
QJccKPT4nu7V,40,easy,1,12900,Principal Component Analysis
QJccKPT4nu7V,41,easy,1,22913,Principal Component Analysis
QJccKPT4nu7V,42,easy,1,10223,Principal Component Analysis
QJccKPT4nu7V,43,medium,1,27605,Principal Component Analysis
QJccKPT4nu7V,44,easy,1,21408,Data Mining Tasks
QJccKPT4nu7V,45,hard,0,25796,Principal Component Analysis
QJccKPT4nu7V,46,easy,1,15124,Principal Component Analysis
QJccKPT4nu7V,47,hard,0,24722,Decision Trees
QJccKPT4nu7V,48,easy,1,20561,Decision Trees
QJccKPT4nu7V,49,hard,0,25796,Data Types
QJccKPT4nu7V,50,easy,1,16911,Feature Selection
QJccKPT4nu7V,51,easy,1,16911,Feature Selection
QJccKPT4nu7V,52,easy,1,15640,Principal Component Analysis
QJccKPT4nu7V,53,easy,1,13817,Feature Selection
QJccKPT4nu7V,54,easy,1,16282,Decision Trees
QJccKPT4nu7V,55,easy,1,14061,Feature Selection
QJccKPT4nu7V,56,hard,0,25796,Feature Selection
QJccKPT4nu7V,57,easy,0,13493,Feature Selection
QJccKPT4nu7V,58,easy,1,17480,Feature Selection
QJccKPT4nu7V,59,easy,1,14845,Feature Selection
QJccKPT4nu7V,60,easy,0,22513,Feature Selection
bWRj9XHmvXaq,31,medium,1,22670,Data Mining Tasks
bWRj9XHmvXaq,32,medium,1,27866,Feature Selection
bWRj9XHmvXaq,33,easy,1,13731,Feature Extraction
bWRj9XHmvXaq,34,easy,1,13767,Principal Component Analysis
bWRj9XHmvXaq,35,easy,1,13767,Principal Component Analysis
bWRj9XHmvXaq,36,medium,0,24279,Principal Component Analysis
bWRj9XHmvXaq,37,easy,1,20371,Feature Selection
bWRj9XHmvXaq,38,hard,0,25154,Principal Component Analysis
bWRj9XHmvXaq,39,easy,1,13841,Principal Component Analysis
bWRj9XHmvXaq,40,easy,1,10581,Principal Component Analysis
bWRj9XHmvXaq,41,easy,0,23905,Principal Component Analysis
bWRj9XHmvXaq,42,easy,1,8385,Principal Component Analysis
bWRj9XHmvXaq,43,medium,0,25894,Principal Component Analysis
bWRj9XHmvXaq,44,easy,1,20018,Data Mining Tasks
bWRj9XHmvXaq,45,hard,0,22198,Principal Component Analysis
bWRj9XHmvXaq,46,easy,1,13841,Principal Component Analysis
bWRj9XHmvXaq,47,hard,0,21274,Decision Trees
bWRj9XHmvXaq,48,easy,1,19344,Decision Trees
bWRj9XHmvXaq,49,hard,0,22198,Data Types
bWRj9XHmvXaq,50,easy,1,16003,Feature Selection
bWRj9XHmvXaq,51,easy,1,16003,Feature Selection
bWRj9XHmvXaq,52,easy,1,14512,Principal Component Analysis
bWRj9XHmvXaq,53,easy,1,11333,Feature Selection
bWRj9XHmvXaq,54,easy,1,14900,Decision Trees
bWRj9XHmvXaq,55,easy,0,15467,Feature Selection
bWRj9XHmvXaq,56,hard,0,22198,Feature Selection
bWRj9XHmvXaq,57,easy,1,8385,Feature Selection
bWRj9XHmvXaq,58,easy,1,16575,Feature Selection
bWRj9XHmvXaq,59,easy,1,13110,Feature Selection
bWRj9XHmvXaq,60,easy,1,14900,Feature Selection
oXHAAQD8R9lF,31,medium,0,25149,Data Mining Tasks
oXHAAQD8R9lF,32,medium,0,28851,Feature Selection
oXHAAQD8R9lF,33,easy,1,18371,Feature Extraction
oXHAAQD8R9lF,34,easy,1,18450,Principal Component Analysis
oXHAAQD8R9lF,35,easy,1,18450,Principal Component Analysis
oXHAAQD8R9lF,36,medium,1,23588,Principal Component Analysis
oXHAAQD8R9lF,37,easy,1,21630,Feature Selection
oXHAAQD8R9lF,38,hard,0,25466,Principal Component Analysis
oXHAAQD8R9lF,39,easy,1,18584,Principal Component Analysis
oXHAAQD8R9lF,40,easy,1,12797,Principal Component Analysis
oXHAAQD8R9lF,41,easy,1,22170,Principal Component Analysis
oXHAAQD8R9lF,42,easy,1,10785,Principal Component Analysis
oXHAAQD8R9lF,43,medium,0,26171,Principal Component Analysis
oXHAAQD8R9lF,44,easy,1,21252,Data Mining Tasks
oXHAAQD8R9lF,45,hard,0,19853,Principal Component Analysis
oXHAAQD8R9lF,46,easy,1,18584,Principal Component Analysis
oXHAAQD8R9lF,47,hard,0,20456,Decision Trees
oXHAAQD8R9lF,48,easy,1,20540,Decision Trees
oXHAAQD8R9lF,49,hard,0,19853,Data Types
oXHAAQD8R9lF,50,easy,0,20440,Feature Selection
oXHAAQD8R9lF,51,easy,1,17884,Feature Selection
oXHAAQD8R9lF,52,easy,0,22621,Principal Component Analysis
oXHAAQD8R9lF,53,easy,1,14576,Feature Selection
oXHAAQD8R9lF,54,easy,1,20790,Decision Trees
oXHAAQD8R9lF,55,easy,1,14834,Feature Selection
oXHAAQD8R9lF,56,hard,0,19853,Feature Selection
oXHAAQD8R9lF,57,easy,1,10785,Feature Selection
oXHAAQD8R9lF,58,easy,1,18523,Feature Selection
oXHAAQD8R9lF,59,easy,1,17541,Feature Selection
oXHAAQD8R9lF,60,easy,1,20790,Feature Selection
HDHPHpQGlRLt,31,medium,1,29972,Data Mining Tasks
HDHPHpQGlRLt,32,medium,1,34728,Feature Selection
HDHPHpQGlRLt,33,easy,1,15901,Feature Extraction
HDHPHpQGlRLt,34,easy,1,15512,Principal Component Analysis
HDHPHpQGlRLt,35,easy,1,15512,Principal Component Analysis
HDHPHpQGlRLt,36,medium,0,35363,Principal Component Analysis
HDHPHpQGlRLt,37,easy,1,25043,Feature Selection
HDHPHpQGlRLt,38,hard,0,31161,Principal Component Analysis
HDHPHpQGlRLt,39,easy,0,22064,Principal Component Analysis
HDHPHpQGlRLt,40,easy,1,13247,Principal Component Analysis
HDHPHpQGlRLt,41,easy,0,33922,Principal Component Analysis
HDHPHpQGlRLt,42,easy,1,10498,Principal Component Analysis
HDHPHpQGlRLt,43,medium,1,32168,Principal Component Analysis
HDHPHpQGlRLt,44,easy,0,29977,Data Mining Tasks
HDHPHpQGlRLt,45,hard,0,21236,Principal Component Analysis
HDHPHpQGlRLt,46,easy,1,15725,Principal Component Analysis
HDHPHpQGlRLt,47,hard,0,21117,Decision Trees
HDHPHpQGlRLt,48,easy,1,23780,Decision Trees
HDHPHpQGlRLt,49,hard,0,21236,Data Types
HDHPHpQGlRLt,50,easy,1,17714,Feature Selection
HDHPHpQGlRLt,51,easy,1,17714,Feature Selection
HDHPHpQGlRLt,52,easy,1,16262,Principal Component Analysis
HDHPHpQGlRLt,53,easy,1,14189,Feature Selection
HDHPHpQGlRLt,54,easy,1,16694,Decision Trees
HDHPHpQGlRLt,55,easy,1,14440,Feature Selection
HDHPHpQGlRLt,56,hard,0,21236,Feature Selection
HDHPHpQGlRLt,57,easy,1,10498,Feature Selection
HDHPHpQGlRLt,58,easy,1,18311,Feature Selection
HDHPHpQGlRLt,59,easy,1,15182,Feature Selection
HDHPHpQGlRLt,60,easy,1,16694,Feature Selection
WZiibWz2DWRQ,31,medium,1,23069,Data Mining Tasks
WZiibWz2DWRQ,32,medium,0,29562,Feature Selection
WZiibWz2DWRQ,33,easy,1,15322,Feature Extraction
WZiibWz2DWRQ,34,easy,1,14909,Principal Component Analysis
WZiibWz2DWRQ,35,easy,1,14909,Principal Component Analysis
WZiibWz2DWRQ,36,medium,0,24706,Principal Component Analysis
WZiibWz2DWRQ,37,easy,1,20730,Feature Selection
WZiibWz2DWRQ,38,hard,0,25597,Principal Component Analysis
WZiibWz2DWRQ,39,easy,1,14941,Principal Component Analysis
WZiibWz2DWRQ,40,easy,1,12713,Principal Component Analysis
WZiibWz2DWRQ,41,easy,1,21094,Principal Component Analysis
WZiibWz2DWRQ,42,easy,0,12881,Principal Component Analysis
WZiibWz2DWRQ,43,medium,1,25088,Principal Component Analysis
WZiibWz2DWRQ,44,easy,1,20370,Data Mining Tasks
WZiibWz2DWRQ,45,hard,0,22589,Principal Component Analysis
WZiibWz2DWRQ,46,easy,1,14941,Principal Component Analysis
WZiibWz2DWRQ,47,hard,0,21649,Decision Trees
WZiibWz2DWRQ,48,easy,1,19685,Decision Trees
WZiibWz2DWRQ,49,hard,0,22589,Data Types
WZiibWz2DWRQ,50,easy,0,21494,Feature Selection
WZiibWz2DWRQ,51,easy,0,21494,Feature Selection
WZiibWz2DWRQ,52,easy,1,15359,Principal Component Analysis
WZiibWz2DWRQ,53,easy,1,13616,Feature Selection
WZiibWz2DWRQ,54,easy,1,16084,Decision Trees
WZiibWz2DWRQ,55,easy,1,13857,Feature Selection
WZiibWz2DWRQ,56,hard,0,22589,Feature Selection
WZiibWz2DWRQ,57,easy,1,10075,Feature Selection
WZiibWz2DWRQ,58,easy,1,17000,Feature Selection
WZiibWz2DWRQ,59,easy,1,14629,Feature Selection
WZiibWz2DWRQ,60,easy,1,16084,Feature Selection
AwYMPKmPfMTD,31,medium,0,27777,Data Mining Tasks
AwYMPKmPfMTD,32,medium,0,32294,Feature Selection
AwYMPKmPfMTD,33,easy,1,15415,Feature Extraction
AwYMPKmPfMTD,34,easy,1,15218,Principal Component Analysis
AwYMPKmPfMTD,35,easy,1,15218,Principal Component Analysis
AwYMPKmPfMTD,36,medium,0,26762,Principal Component Analysis
AwYMPKmPfMTD,37,easy,0,24677,Feature Selection
AwYMPKmPfMTD,38,hard,1,28650,Principal Component Analysis
AwYMPKmPfMTD,39,easy,1,15329,Principal Component Analysis
AwYMPKmPfMTD,40,easy,1,12329,Principal Component Analysis
AwYMPKmPfMTD,41,easy,0,26350,Principal Component Analysis
AwYMPKmPfMTD,42,easy,1,9844,Principal Component Analysis
AwYMPKmPfMTD,43,medium,1,27919,Principal Component Analysis
AwYMPKmPfMTD,44,easy,1,22122,Data Mining Tasks
AwYMPKmPfMTD,45,hard,0,25048,Principal Component Analysis
AwYMPKmPfMTD,46,easy,1,15329,Principal Component Analysis
AwYMPKmPfMTD,47,hard,0,24141,Decision Trees
AwYMPKmPfMTD,48,easy,1,21234,Decision Trees
AwYMPKmPfMTD,49,hard,0,25048,Data Types
AwYMPKmPfMTD,50,easy,1,17723,Feature Selection
AwYMPKmPfMTD,51,easy,1,17723,Feature Selection
AwYMPKmPfMTD,52,easy,1,16072,Principal Component Analysis
AwYMPKmPfMTD,53,easy,1,13304,Feature Selection
AwYMPKmPfMTD,54,easy,0,20344,Decision Trees
AwYMPKmPfMTD,55,easy,1,13540,Feature Selection
AwYMPKmPfMTD,56,hard,0,25048,Feature Selection
AwYMPKmPfMTD,57,easy,1,9844,Feature Selection
AwYMPKmPfMTD,58,easy,0,22306,Feature Selection
AwYMPKmPfMTD,59,easy,1,14718,Feature Selection
AwYMPKmPfMTD,60,easy,1,17148,Feature Selection
8JOElN1piVew,31,medium,1,23069,Data Mining Tasks
8JOElN1piVew,32,medium,0,29562,Feature Selection
8JOElN1piVew,33,easy,1,15322,Feature Extraction
8JOElN1piVew,34,easy,1,14909,Principal Component Analysis
8JOElN1piVew,35,easy,1,14909,Principal Component Analysis
8JOElN1piVew,36,medium,0,24706,Principal Component Analysis
8JOElN1piVew,37,easy,0,23730,Feature Selection
8JOElN1piVew,38,hard,1,25746,Principal Component Analysis
8JOElN1piVew,39,easy,0,19965,Principal Component Analysis
8JOElN1piVew,40,easy,1,12713,Principal Component Analysis
8JOElN1piVew,41,easy,0,24326,Principal Component Analysis
8JOElN1piVew,42,easy,1,10075,Principal Component Analysis
8JOElN1piVew,43,medium,1,25088,Principal Component Analysis
8JOElN1piVew,44,easy,1,20370,Data Mining Tasks
8JOElN1piVew,45,hard,0,22589,Principal Component Analysis
8JOElN1piVew,46,easy,1,14941,Principal Component Analysis
8JOElN1piVew,47,hard,0,21649,Decision Trees
8JOElN1piVew,48,easy,1,19685,Decision Trees
8JOElN1piVew,49,hard,0,22589,Data Types
8JOElN1piVew,50,easy,1,16446,Feature Selection
8JOElN1piVew,51,easy,1,16446,Feature Selection
8JOElN1piVew,52,easy,1,15359,Principal Component Analysis
8JOElN1piVew,53,easy,1,13616,Feature Selection
8JOElN1piVew,54,easy,0,21493,Decision Trees
8JOElN1piVew,55,easy,1,13857,Feature Selection
8JOElN1piVew,56,hard,0,22589,Feature Selection
8JOElN1piVew,57,easy,1,10075,Feature Selection
8JOElN1piVew,58,easy,0,21693,Feature Selection
8JOElN1piVew,59,easy,1,14629,Feature Selection
8JOElN1piVew,60,easy,1,16084,Feature Selection
sg62FVLFX6BW,31,medium,1,25087,Data Mining Tasks
sg62FVLFX6BW,32,medium,0,31839,Feature Selection
sg62FVLFX6BW,33,easy,1,14467,Feature Extraction
sg62FVLFX6BW,34,easy,1,14478,Principal Component Analysis
sg62FVLFX6BW,35,easy,1,14478,Principal Component Analysis
sg62FVLFX6BW,36,medium,0,26386,Principal Component Analysis
sg62FVLFX6BW,37,easy,1,21642,Feature Selection
sg62FVLFX6BW,38,hard,0,27569,Principal Component Analysis
sg62FVLFX6BW,39,easy,1,14584,Principal Component Analysis
sg62FVLFX6BW,40,easy,1,11066,Principal Component Analysis
sg62FVLFX6BW,41,easy,1,22940,Principal Component Analysis
sg62FVLFX6BW,42,easy,1,8835,Principal Component Analysis
sg62FVLFX6BW,43,medium,1,27021,Principal Component Analysis
sg62FVLFX6BW,44,easy,1,21411,Data Mining Tasks
sg62FVLFX6BW,45,hard,0,24700,Principal Component Analysis
sg62FVLFX6BW,46,easy,1,14584,Principal Component Analysis
sg62FVLFX6BW,47,hard,0,23806,Decision Trees
sg62FVLFX6BW,48,easy,1,20551,Decision Trees
sg62FVLFX6BW,49,hard,0,24700,Data Types
sg62FVLFX6BW,50,easy,1,16862,Feature Selection
sg62FVLFX6BW,51,easy,1,16862,Feature Selection
sg62FVLFX6BW,52,easy,1,15290,Principal Component Analysis
sg62FVLFX6BW,53,easy,1,11941,Feature Selection
sg62FVLFX6BW,54,easy,1,16315,Decision Trees
sg62FVLFX6BW,55,easy,1,12152,Feature Selection
sg62FVLFX6BW,56,hard,0,24700,Feature Selection
sg62FVLFX6BW,57,easy,1,8835,Feature Selection
sg62FVLFX6BW,58,easy,0,21618,Feature Selection
sg62FVLFX6BW,59,easy,1,13814,Feature Selection
sg62FVLFX6BW,60,easy,1,16315,Feature Selection
k4QQVURTfMls,31,medium,0,22642,Data Mining Tasks
k4QQVURTfMls,32,medium,0,25698,Feature Selection
k4QQVURTfMls,33,easy,1,13882,Feature Extraction
k4QQVURTfMls,34,easy,1,13942,Principal Component Analysis
k4QQVURTfMls,35,easy,1,13942,Principal Component Analysis
k4QQVURTfMls,36,medium,1,23286,Principal Component Analysis
k4QQVURTfMls,37,easy,0,20658,Feature Selection
k4QQVURTfMls,38,hard,1,25807,Principal Component Analysis
k4QQVURTfMls,39,easy,1,14044,Principal Component Analysis
k4QQVURTfMls,40,easy,1,9615,Principal Component Analysis
k4QQVURTfMls,41,easy,1,21259,Principal Component Analysis
k4QQVURTfMls,42,easy,1,8103,Principal Component Analysis
k4QQVURTfMls,43,medium,0,23311,Principal Component Analysis
k4QQVURTfMls,44,easy,1,20379,Data Mining Tasks
k4QQVURTfMls,45,hard,0,17197,Principal Component Analysis
k4QQVURTfMls,46,easy,1,14044,Principal Component Analysis
k4QQVURTfMls,47,hard,0,17720,Decision Trees
k4QQVURTfMls,48,easy,0,19700,Decision Trees
k4QQVURTfMls,49,hard,0,17197,Data Types
k4QQVURTfMls,50,easy,1,16281,Feature Selection
k4QQVURTfMls,51,easy,1,16281,Feature Selection
k4QQVURTfMls,52,easy,0,16884,Principal Component Analysis
k4QQVURTfMls,53,easy,1,10952,Feature Selection
k4QQVURTfMls,54,easy,1,15711,Decision Trees
k4QQVURTfMls,55,easy,0,13833,Feature Selection
k4QQVURTfMls,56,hard,0,17197,Feature Selection
k4QQVURTfMls,57,easy,1,8103,Feature Selection
k4QQVURTfMls,58,easy,1,16845,Feature Selection
k4QQVURTfMls,59,easy,1,13265,Feature Selection
k4QQVURTfMls,60,easy,1,15711,Feature Selection
AgiWXtLnmm9y,31,medium,1,19928,Data Mining Tasks
AgiWXtLnmm9y,32,medium,0,25721,Feature Selection
AgiWXtLnmm9y,33,easy,1,12281,Feature Extraction
AgiWXtLnmm9y,34,easy,1,12228,Principal Component Analysis
AgiWXtLnmm9y,35,easy,1,12228,Principal Component Analysis
AgiWXtLnmm9y,36,medium,0,21342,Principal Component Analysis
AgiWXtLnmm9y,37,easy,1,18415,Feature Selection
AgiWXtLnmm9y,38,hard,0,22271,Principal Component Analysis
AgiWXtLnmm9y,39,easy,0,15274,Principal Component Analysis
AgiWXtLnmm9y,40,easy,1,9393,Principal Component Analysis
AgiWXtLnmm9y,41,easy,0,21014,Principal Component Analysis
AgiWXtLnmm9y,42,easy,1,7500,Principal Component Analysis
AgiWXtLnmm9y,43,medium,1,21828,Principal Component Analysis
AgiWXtLnmm9y,44,easy,0,20593,Data Mining Tasks
AgiWXtLnmm9y,45,hard,0,19120,Principal Component Analysis
AgiWXtLnmm9y,46,easy,1,12453,Principal Component Analysis
AgiWXtLnmm9y,47,hard,0,18324,Decision Trees
AgiWXtLnmm9y,48,easy,0,20122,Decision Trees
AgiWXtLnmm9y,49,hard,0,19120,Data Types
AgiWXtLnmm9y,50,easy,1,14398,Feature Selection
AgiWXtLnmm9y,51,easy,1,14398,Feature Selection
AgiWXtLnmm9y,52,easy,1,13056,Principal Component Analysis
AgiWXtLnmm9y,53,easy,1,10136,Feature Selection
AgiWXtLnmm9y,54,easy,1,13406,Decision Trees
AgiWXtLnmm9y,55,easy,1,10316,Feature Selection
AgiWXtLnmm9y,56,hard,0,19120,Feature Selection
AgiWXtLnmm9y,57,easy,1,7500,Feature Selection
AgiWXtLnmm9y,58,easy,1,14913,Feature Selection
AgiWXtLnmm9y,59,easy,1,11726,Feature Selection
AgiWXtLnmm9y,60,easy,0,16443,Feature Selection
pMrOo2QfC0Kp,31,medium,1,22670,Data Mining Tasks
pMrOo2QfC0Kp,32,medium,0,29050,Feature Selection
pMrOo2QfC0Kp,33,easy,1,13731,Feature Extraction
pMrOo2QfC0Kp,34,easy,1,13767,Principal Component Analysis
pMrOo2QfC0Kp,35,easy,0,16948,Principal Component Analysis
pMrOo2QfC0Kp,36,medium,0,24279,Principal Component Analysis
pMrOo2QfC0Kp,37,easy,1,20371,Feature Selection
pMrOo2QfC0Kp,38,hard,0,25154,Principal Component Analysis
pMrOo2QfC0Kp,39,easy,0,16977,Principal Component Analysis
pMrOo2QfC0Kp,40,easy,1,10581,Principal Component Analysis
pMrOo2QfC0Kp,41,easy,0,23905,Principal Component Analysis
pMrOo2QfC0Kp,42,easy,1,8385,Principal Component Analysis
pMrOo2QfC0Kp,43,medium,1,24654,Principal Component Analysis
pMrOo2QfC0Kp,44,easy,0,22953,Data Mining Tasks
pMrOo2QfC0Kp,45,hard,0,22198,Principal Component Analysis
pMrOo2QfC0Kp,46,easy,1,13841,Principal Component Analysis
pMrOo2QfC0Kp,47,hard,0,21274,Decision Trees
pMrOo2QfC0Kp,48,easy,0,22261,Decision Trees
pMrOo2QfC0Kp,49,hard,0,22198,Data Types
pMrOo2QfC0Kp,50,easy,1,16003,Feature Selection
pMrOo2QfC0Kp,51,easy,1,16003,Feature Selection
pMrOo2QfC0Kp,52,easy,1,14512,Principal Component Analysis
pMrOo2QfC0Kp,53,easy,1,11333,Feature Selection
pMrOo2QfC0Kp,54,easy,1,14900,Decision Trees
pMrOo2QfC0Kp,55,easy,1,11534,Feature Selection
pMrOo2QfC0Kp,56,hard,0,22198,Feature Selection
pMrOo2QfC0Kp,57,easy,1,8385,Feature Selection
pMrOo2QfC0Kp,58,easy,1,16575,Feature Selection
pMrOo2QfC0Kp,59,easy,1,13110,Feature Selection
pMrOo2QfC0Kp,60,easy,1,14900,Feature Selection
By0gyab68WPW,31,medium,1,27836,Data Mining Tasks
By0gyab68WPW,32,medium,1,33888,Feature Selection
By0gyab68WPW,33,easy,0,17975,Feature Extraction
By0gyab68WPW,34,easy,1,16430,Principal Component Analysis
By0gyab68WPW,35,easy,1,16430,Principal Component Analysis
By0gyab68WPW,36,medium,0,27169,Principal Component Analysis
By0gyab68WPW,37,easy,1,24013,Feature Selection
By0gyab68WPW,38,hard,0,28388,Principal Component Analysis
By0gyab68WPW,39,easy,1,16550,Principal Component Analysis
By0gyab68WPW,40,easy,1,12635,Principal Component Analysis
By0gyab68WPW,41,easy,1,25453,Principal Component Analysis
By0gyab68WPW,42,easy,1,10088,Principal Component Analysis
By0gyab68WPW,43,medium,0,29222,Principal Component Analysis
By0gyab68WPW,44,easy,0,24826,Data Mining Tasks
By0gyab68WPW,45,hard,0,25750,Principal Component Analysis
By0gyab68WPW,46,easy,1,16550,Principal Component Analysis
By0gyab68WPW,47,hard,0,24817,Decision Trees
By0gyab68WPW,48,easy,0,23994,Decision Trees
By0gyab68WPW,49,hard,0,25750,Data Types
By0gyab68WPW,50,easy,1,19135,Feature Selection
By0gyab68WPW,51,easy,1,19135,Feature Selection
By0gyab68WPW,52,easy,1,17352,Principal Component Analysis
By0gyab68WPW,53,easy,1,13635,Feature Selection
By0gyab68WPW,54,easy,1,18515,Decision Trees
By0gyab68WPW,55,easy,1,13876,Feature Selection
By0gyab68WPW,56,hard,0,25750,Feature Selection
By0gyab68WPW,57,easy,1,10088,Feature Selection
By0gyab68WPW,58,easy,1,19819,Feature Selection
By0gyab68WPW,59,easy,1,15676,Feature Selection
By0gyab68WPW,60,easy,1,18515,Feature Selection
YA6aMV1xcGv9,31,medium,1,29972,Data Mining Tasks
YA6aMV1xcGv9,32,medium,1,34728,Feature Selection
YA6aMV1xcGv9,33,easy,1,15901,Feature Extraction
YA6aMV1xcGv9,34,easy,1,15512,Principal Component Analysis
YA6aMV1xcGv9,35,easy,0,21793,Principal Component Analysis
YA6aMV1xcGv9,36,medium,0,35363,Principal Component Analysis
YA6aMV1xcGv9,37,easy,1,25043,Feature Selection
YA6aMV1xcGv9,38,hard,0,31161,Principal Component Analysis
YA6aMV1xcGv9,39,easy,1,15725,Principal Component Analysis
YA6aMV1xcGv9,40,easy,1,13247,Principal Component Analysis
YA6aMV1xcGv9,41,easy,1,26701,Principal Component Analysis
YA6aMV1xcGv9,42,easy,1,10498,Principal Component Analysis
YA6aMV1xcGv9,43,medium,1,32168,Principal Component Analysis
YA6aMV1xcGv9,44,easy,1,24759,Data Mining Tasks
YA6aMV1xcGv9,45,hard,0,21236,Principal Component Analysis
YA6aMV1xcGv9,46,easy,1,15725,Principal Component Analysis
YA6aMV1xcGv9,47,hard,0,21117,Decision Trees
YA6aMV1xcGv9,48,easy,1,23780,Decision Trees
YA6aMV1xcGv9,49,hard,0,21236,Data Types
YA6aMV1xcGv9,50,easy,0,24309,Feature Selection
YA6aMV1xcGv9,51,easy,1,17714,Feature Selection
YA6aMV1xcGv9,52,easy,1,16262,Principal Component Analysis
YA6aMV1xcGv9,53,easy,1,14189,Feature Selection
YA6aMV1xcGv9,54,easy,1,16694,Decision Trees
YA6aMV1xcGv9,55,easy,1,14440,Feature Selection
YA6aMV1xcGv9,56,hard,0,21236,Feature Selection
YA6aMV1xcGv9,57,easy,1,10498,Feature Selection
YA6aMV1xcGv9,58,easy,1,18311,Feature Selection
YA6aMV1xcGv9,59,easy,1,15182,Feature Selection
YA6aMV1xcGv9,60,easy,0,23424,Feature Selection
eH9XZKUjDCDF,31,medium,0,33814,Data Mining Tasks
eH9XZKUjDCDF,32,medium,0,38754,Feature Selection
eH9XZKUjDCDF,33,easy,1,16628,Feature Extraction
eH9XZKUjDCDF,34,easy,1,16222,Principal Component Analysis
eH9XZKUjDCDF,35,easy,1,16222,Principal Component Analysis
eH9XZKUjDCDF,36,medium,1,27095,Principal Component Analysis
eH9XZKUjDCDF,37,easy,1,23498,Feature Selection
eH9XZKUjDCDF,38,hard,0,30533,Principal Component Analysis
eH9XZKUjDCDF,39,easy,1,16245,Principal Component Analysis
eH9XZKUjDCDF,40,easy,1,13999,Principal Component Analysis
eH9XZKUjDCDF,41,easy,1,25053,Principal Component Analysis
eH9XZKUjDCDF,42,easy,1,11094,Principal Component Analysis
eH9XZKUjDCDF,43,medium,0,34543,Principal Component Analysis
eH9XZKUjDCDF,44,easy,1,23232,Data Mining Tasks
eH9XZKUjDCDF,45,hard,0,25431,Principal Component Analysis
eH9XZKUjDCDF,46,easy,1,16245,Principal Component Analysis
eH9XZKUjDCDF,47,hard,0,25288,Decision Trees
eH9XZKUjDCDF,48,easy,1,22313,Decision Trees
eH9XZKUjDCDF,49,hard,0,25431,Data Types
eH9XZKUjDCDF,50,easy,0,24657,Feature Selection
eH9XZKUjDCDF,51,easy,1,18300,Feature Selection
eH9XZKUjDCDF,52,easy,0,23083,Principal Component Analysis
eH9XZKUjDCDF,53,easy,1,14994,Feature Selection
eH9XZKUjDCDF,54,easy,1,17458,Decision Trees
eH9XZKUjDCDF,55,easy,1,15259,Feature Selection
eH9XZKUjDCDF,56,hard,0,25431,Feature Selection
eH9XZKUjDCDF,57,easy,1,11094,Feature Selection
eH9XZKUjDCDF,58,easy,1,18917,Feature Selection
eH9XZKUjDCDF,59,easy,1,15877,Feature Selection
eH9XZKUjDCDF,60,easy,1,17458,Feature Selection
ROaS3EN46XLy,31,medium,0,21194,Data Mining Tasks
ROaS3EN46XLy,32,medium,0,27520,Feature Selection
ROaS3EN46XLy,33,easy,1,12697,Feature Extraction
ROaS3EN46XLy,34,easy,1,12355,Principal Component Analysis
ROaS3EN46XLy,35,easy,1,12355,Principal Component Analysis
ROaS3EN46XLy,36,medium,1,18369,Principal Component Analysis
ROaS3EN46XLy,37,easy,1,17316,Feature Selection
ROaS3EN46XLy,38,hard,0,22067,Principal Component Analysis
ROaS3EN46XLy,39,easy,1,12381,Principal Component Analysis
ROaS3EN46XLy,40,easy,1,11203,Principal Component Analysis
ROaS3EN46XLy,41,easy,1,17434,Principal Component Analysis
ROaS3EN46XLy,42,easy,1,8349,Principal Component Analysis
ROaS3EN46XLy,43,medium,0,21777,Principal Component Analysis
ROaS3EN46XLy,44,easy,1,17016,Data Mining Tasks
ROaS3EN46XLy,45,hard,0,19474,Principal Component Analysis
ROaS3EN46XLy,46,easy,1,12381,Principal Component Analysis
ROaS3EN46XLy,47,hard,0,18663,Decision Trees
ROaS3EN46XLy,48,easy,1,16443,Decision Trees
ROaS3EN46XLy,49,hard,0,19474,Data Types
ROaS3EN46XLy,50,easy,0,18093,Feature Selection
ROaS3EN46XLy,51,easy,1,13843,Feature Selection
ROaS3EN46XLy,52,easy,0,17066,Principal Component Analysis
ROaS3EN46XLy,53,easy,1,11284,Feature Selection
ROaS3EN46XLy,54,easy,1,13329,Decision Trees
ROaS3EN46XLy,55,easy,1,11483,Feature Selection
ROaS3EN46XLy,56,hard,0,19474,Feature Selection
ROaS3EN46XLy,57,easy,1,8349,Feature Selection
ROaS3EN46XLy,58,easy,1,14310,Feature Selection
ROaS3EN46XLy,59,easy,1,12123,Feature Selection
ROaS3EN46XLy,60,easy,1,13329,Feature Selection
aeQlX5jbZHXw,31,medium,0,36705,Data Mining Tasks
aeQlX5jbZHXw,32,medium,0,40179,Feature Selection
aeQlX5jbZHXw,33,easy,1,15901,Feature Extraction
aeQlX5jbZHXw,34,easy,1,15512,Principal Component Analysis
aeQlX5jbZHXw,35,easy,1,15512,Principal Component Analysis
aeQlX5jbZHXw,36,medium,1,28877,Principal Component Analysis
aeQlX5jbZHXw,37,easy,1,25043,Feature Selection
aeQlX5jbZHXw,38,hard,0,31161,Principal Component Analysis
aeQlX5jbZHXw,39,easy,1,15725,Principal Component Analysis
aeQlX5jbZHXw,40,easy,1,13247,Principal Component Analysis
aeQlX5jbZHXw,41,easy,1,26701,Principal Component Analysis
aeQlX5jbZHXw,42,easy,1,10498,Principal Component Analysis
aeQlX5jbZHXw,43,medium,0,37496,Principal Component Analysis
aeQlX5jbZHXw,44,easy,1,24759,Data Mining Tasks
aeQlX5jbZHXw,45,hard,0,21236,Principal Component Analysis
aeQlX5jbZHXw,46,easy,1,15725,Principal Component Analysis
aeQlX5jbZHXw,47,hard,0,21117,Decision Trees
aeQlX5jbZHXw,48,easy,1,23780,Decision Trees
aeQlX5jbZHXw,49,hard,0,21236,Data Types
aeQlX5jbZHXw,50,easy,0,24309,Feature Selection
aeQlX5jbZHXw,51,easy,1,17714,Feature Selection
aeQlX5jbZHXw,52,easy,0,22758,Principal Component Analysis
aeQlX5jbZHXw,53,easy,1,14189,Feature Selection
aeQlX5jbZHXw,54,easy,1,16694,Decision Trees
aeQlX5jbZHXw,55,easy,1,14440,Feature Selection
aeQlX5jbZHXw,56,hard,0,21236,Feature Selection
aeQlX5jbZHXw,57,easy,1,10498,Feature Selection
aeQlX5jbZHXw,58,easy,1,18311,Feature Selection
aeQlX5jbZHXw,59,easy,1,15182,Feature Selection
aeQlX5jbZHXw,60,easy,1,16694,Feature Selection
wlfxRfJtBw5L,31,medium,1,21919,Data Mining Tasks
wlfxRfJtBw5L,32,medium,0,28290,Feature Selection
wlfxRfJtBw5L,33,easy,1,13742,Feature Extraction
wlfxRfJtBw5L,34,easy,1,13602,Principal Component Analysis
wlfxRfJtBw5L,35,easy,1,13602,Principal Component Analysis
wlfxRfJtBw5L,36,medium,0,23474,Principal Component Analysis
wlfxRfJtBw5L,37,easy,0,23185,Feature Selection
wlfxRfJtBw5L,38,hard,1,24638,Principal Component Analysis
wlfxRfJtBw5L,39,easy,0,16990,Principal Component Analysis
wlfxRfJtBw5L,40,easy,1,10590,Principal Component Analysis
wlfxRfJtBw5L,41,easy,0,23113,Principal Component Analysis
wlfxRfJtBw5L,42,easy,1,8392,Principal Component Analysis
wlfxRfJtBw5L,43,medium,1,24009,Principal Component Analysis
wlfxRfJtBw5L,44,easy,1,19753,Data Mining Tasks
wlfxRfJtBw5L,45,hard,0,21327,Principal Component Analysis
wlfxRfJtBw5L,46,easy,1,13852,Principal Component Analysis
wlfxRfJtBw5L,47,hard,0,20439,Decision Trees
wlfxRfJtBw5L,48,easy,1,19233,Decision Trees
wlfxRfJtBw5L,49,hard,0,21327,Data Types
wlfxRfJtBw5L,50,easy,1,16016,Feature Selection
wlfxRfJtBw5L,51,easy,1,16016,Feature Selection
wlfxRfJtBw5L,52,easy,1,14523,Principal Component Analysis
wlfxRfJtBw5L,53,easy,1,11342,Feature Selection
wlfxRfJtBw5L,54,easy,0,18290,Decision Trees
wlfxRfJtBw5L,55,easy,1,11543,Feature Selection
wlfxRfJtBw5L,56,hard,0,21327,Feature Selection
wlfxRfJtBw5L,57,easy,1,8392,Feature Selection
wlfxRfJtBw5L,58,easy,0,21168,Feature Selection
wlfxRfJtBw5L,59,easy,1,13121,Feature Selection
wlfxRfJtBw5L,60,easy,1,14912,Feature Selection
Mcvs7l2qNfTq,31,medium,0,25122,Data Mining Tasks
Mcvs7l2qNfTq,32,medium,0,28819,Feature Selection
Mcvs7l2qNfTq,33,easy,1,14204,Feature Extraction
Mcvs7l2qNfTq,34,easy,1,14265,Principal Component Analysis
Mcvs7l2qNfTq,35,easy,1,14265,Principal Component Analysis
Mcvs7l2qNfTq,36,medium,1,23562,Principal Component Analysis
Mcvs7l2qNfTq,37,easy,1,21607,Feature Selection
Mcvs7l2qNfTq,38,hard,0,25438,Principal Component Analysis
Mcvs7l2qNfTq,39,easy,1,14368,Principal Component Analysis
Mcvs7l2qNfTq,40,easy,1,9747,Principal Component Analysis
Mcvs7l2qNfTq,41,easy,1,22146,Principal Component Analysis
Mcvs7l2qNfTq,42,easy,1,8215,Principal Component Analysis
Mcvs7l2qNfTq,43,medium,0,26142,Principal Component Analysis
Mcvs7l2qNfTq,44,easy,1,21228,Data Mining Tasks
Mcvs7l2qNfTq,45,hard,0,19831,Principal Component Analysis
Mcvs7l2qNfTq,46,easy,1,14368,Principal Component Analysis
Mcvs7l2qNfTq,47,hard,0,20434,Decision Trees
Mcvs7l2qNfTq,48,easy,1,20517,Decision Trees
Mcvs7l2qNfTq,49,hard,0,19831,Data Types
Mcvs7l2qNfTq,50,easy,0,19290,Feature Selection
Mcvs7l2qNfTq,51,easy,1,16829,Feature Selection
Mcvs7l2qNfTq,52,easy,0,17793,Principal Component Analysis
Mcvs7l2qNfTq,53,easy,1,11102,Feature Selection
Mcvs7l2qNfTq,54,easy,1,16074,Decision Trees
Mcvs7l2qNfTq,55,easy,1,11299,Feature Selection
Mcvs7l2qNfTq,56,hard,0,19831,Feature Selection
Mcvs7l2qNfTq,57,easy,1,8215,Feature Selection
Mcvs7l2qNfTq,58,easy,1,17481,Feature Selection
Mcvs7l2qNfTq,59,easy,1,13571,Feature Selection
Mcvs7l2qNfTq,60,easy,1,16074,Feature Selection
IWu147zvpRWb,31,medium,1,25212,Data Mining Tasks
IWu147zvpRWb,32,medium,1,30694,Feature Selection
IWu147zvpRWb,33,easy,1,14342,Feature Extraction
IWu147zvpRWb,34,easy,1,14404,Principal Component Analysis
IWu147zvpRWb,35,easy,0,16530,Principal Component Analysis
IWu147zvpRWb,36,medium,0,25992,Principal Component Analysis
IWu147zvpRWb,37,easy,0,23967,Feature Selection
IWu147zvpRWb,38,hard,1,27867,Principal Component Analysis
IWu147zvpRWb,39,easy,1,14509,Principal Component Analysis
IWu147zvpRWb,40,easy,1,10561,Principal Component Analysis
IWu147zvpRWb,41,easy,1,23054,Principal Component Analysis
IWu147zvpRWb,42,easy,1,8432,Principal Component Analysis
IWu147zvpRWb,43,medium,0,27957,Principal Component Analysis
IWu147zvpRWb,44,easy,0,23750,Data Mining Tasks
IWu147zvpRWb,45,hard,0,23610,Principal Component Analysis
IWu147zvpRWb,46,easy,0,16588,Principal Component Analysis
IWu147zvpRWb,47,hard,0,22755,Decision Trees
IWu147zvpRWb,48,easy,1,20653,Decision Trees
IWu147zvpRWb,49,hard,0,23610,Data Types
IWu147zvpRWb,50,easy,1,16775,Feature Selection
IWu147zvpRWb,51,easy,1,16775,Feature Selection
IWu147zvpRWb,52,easy,1,15212,Principal Component Analysis
IWu147zvpRWb,53,easy,1,11396,Feature Selection
IWu147zvpRWb,54,easy,1,16231,Decision Trees
IWu147zvpRWb,55,easy,1,11598,Feature Selection
IWu147zvpRWb,56,hard,0,23610,Feature Selection
IWu147zvpRWb,57,easy,1,8432,Feature Selection
IWu147zvpRWb,58,easy,1,17375,Feature Selection
IWu147zvpRWb,59,easy,1,13694,Feature Selection
IWu147zvpRWb,60,easy,1,16231,Feature Selection
bUBpyoQOQ4Ov,31,medium,1,23069,Data Mining Tasks
bUBpyoQOQ4Ov,32,medium,1,28357,Feature Selection
bUBpyoQOQ4Ov,33,easy,1,15322,Feature Extraction
bUBpyoQOQ4Ov,34,easy,1,14909,Principal Component Analysis
bUBpyoQOQ4Ov,35,easy,1,14909,Principal Component Analysis
bUBpyoQOQ4Ov,36,medium,0,24706,Principal Component Analysis
bUBpyoQOQ4Ov,37,easy,0,23730,Feature Selection
bUBpyoQOQ4Ov,38,hard,0,25597,Principal Component Analysis
bUBpyoQOQ4Ov,39,easy,1,14941,Principal Component Analysis
bUBpyoQOQ4Ov,40,easy,1,12713,Principal Component Analysis
bUBpyoQOQ4Ov,41,easy,1,21094,Principal Component Analysis
bUBpyoQOQ4Ov,42,easy,1,10075,Principal Component Analysis
bUBpyoQOQ4Ov,43,medium,1,25088,Principal Component Analysis
bUBpyoQOQ4Ov,44,easy,0,23357,Data Mining Tasks
bUBpyoQOQ4Ov,45,hard,0,22589,Principal Component Analysis
bUBpyoQOQ4Ov,46,easy,1,14941,Principal Component Analysis
bUBpyoQOQ4Ov,47,hard,0,21649,Decision Trees
bUBpyoQOQ4Ov,48,easy,1,19685,Decision Trees
bUBpyoQOQ4Ov,49,hard,0,22589,Data Types
bUBpyoQOQ4Ov,50,easy,1,16446,Feature Selection
bUBpyoQOQ4Ov,51,easy,1,16446,Feature Selection
bUBpyoQOQ4Ov,52,easy,1,15359,Principal Component Analysis
bUBpyoQOQ4Ov,53,easy,1,13616,Feature Selection
bUBpyoQOQ4Ov,54,easy,1,16084,Decision Trees
bUBpyoQOQ4Ov,55,easy,1,13857,Feature Selection
bUBpyoQOQ4Ov,56,hard,0,22589,Feature Selection
bUBpyoQOQ4Ov,57,easy,1,10075,Feature Selection
bUBpyoQOQ4Ov,58,easy,0,21693,Feature Selection
bUBpyoQOQ4Ov,59,easy,1,14629,Feature Selection
bUBpyoQOQ4Ov,60,easy,1,16084,Feature Selection
VTLAbK1PHg7B,31,medium,1,25921,Data Mining Tasks
VTLAbK1PHg7B,32,medium,1,31556,Feature Selection
VTLAbK1PHg7B,33,easy,1,15415,Feature Extraction
VTLAbK1PHg7B,34,easy,1,15218,Principal Component Analysis
VTLAbK1PHg7B,35,easy,0,18121,Principal Component Analysis
VTLAbK1PHg7B,36,medium,0,26762,Principal Component Analysis
VTLAbK1PHg7B,37,easy,1,22361,Feature Selection
VTLAbK1PHg7B,38,hard,1,28650,Principal Component Analysis
VTLAbK1PHg7B,39,easy,1,15329,Principal Component Analysis
VTLAbK1PHg7B,40,easy,1,12329,Principal Component Analysis
VTLAbK1PHg7B,41,easy,1,23702,Principal Component Analysis
VTLAbK1PHg7B,42,easy,1,9844,Principal Component Analysis
VTLAbK1PHg7B,43,medium,1,27919,Principal Component Analysis
VTLAbK1PHg7B,44,easy,1,22122,Data Mining Tasks
VTLAbK1PHg7B,45,hard,0,25048,Principal Component Analysis
VTLAbK1PHg7B,46,easy,1,15329,Principal Component Analysis
VTLAbK1PHg7B,47,hard,0,24141,Decision Trees
VTLAbK1PHg7B,48,easy,1,21234,Decision Trees
VTLAbK1PHg7B,49,hard,0,25048,Data Types
VTLAbK1PHg7B,50,easy,0,22101,Feature Selection
VTLAbK1PHg7B,51,easy,1,17723,Feature Selection
VTLAbK1PHg7B,52,easy,0,20033,Principal Component Analysis
VTLAbK1PHg7B,53,easy,1,13304,Feature Selection
VTLAbK1PHg7B,54,easy,1,17148,Decision Trees
VTLAbK1PHg7B,55,easy,0,17562,Feature Selection
VTLAbK1PHg7B,56,hard,0,25048,Feature Selection
VTLAbK1PHg7B,57,easy,1,9844,Feature Selection
VTLAbK1PHg7B,58,easy,1,18357,Feature Selection
VTLAbK1PHg7B,59,easy,1,14718,Feature Selection
VTLAbK1PHg7B,60,easy,0,20344,Feature Selection
E9vMd75UB2be,31,medium,0,24593,Data Mining Tasks
E9vMd75UB2be,32,medium,0,28095,Feature Selection
E9vMd75UB2be,33,easy,1,14280,Feature Extraction
E9vMd75UB2be,34,easy,1,14341,Principal Component Analysis
E9vMd75UB2be,35,easy,1,14341,Principal Component Analysis
E9vMd75UB2be,36,medium,0,23694,Principal Component Analysis
E9vMd75UB2be,37,easy,0,22437,Feature Selection
E9vMd75UB2be,38,hard,1,26788,Principal Component Analysis
E9vMd75UB2be,39,easy,1,14446,Principal Component Analysis
E9vMd75UB2be,40,easy,1,9835,Principal Component Analysis
E9vMd75UB2be,41,easy,1,22161,Principal Component Analysis
E9vMd75UB2be,42,easy,1,8289,Principal Component Analysis
E9vMd75UB2be,43,medium,1,26104,Principal Component Analysis
E9vMd75UB2be,44,easy,1,21139,Data Mining Tasks
E9vMd75UB2be,45,hard,0,19854,Principal Component Analysis
E9vMd75UB2be,46,easy,0,15541,Principal Component Analysis
E9vMd75UB2be,47,hard,0,20457,Decision Trees
E9vMd75UB2be,48,easy,0,21397,Decision Trees
E9vMd75UB2be,49,hard,0,19854,Data Types
E9vMd75UB2be,50,easy,1,16679,Feature Selection
E9vMd75UB2be,51,easy,1,16679,Feature Selection
E9vMd75UB2be,52,easy,1,15146,Principal Component Analysis
E9vMd75UB2be,53,easy,1,11203,Feature Selection
E9vMd75UB2be,54,easy,1,16160,Decision Trees
E9vMd75UB2be,55,easy,1,11401,Feature Selection
E9vMd75UB2be,56,hard,0,19854,Feature Selection
E9vMd75UB2be,57,easy,1,8289,Feature Selection
E9vMd75UB2be,58,easy,0,18530,Feature Selection
E9vMd75UB2be,59,easy,1,13635,Feature Selection
E9vMd75UB2be,60,easy,1,16160,Feature Selection
r5xiR4T4onQf,31,medium,1,27836,Data Mining Tasks
r5xiR4T4onQf,32,medium,1,33888,Feature Selection
r5xiR4T4onQf,33,easy,1,16418,Feature Extraction
r5xiR4T4onQf,34,easy,1,16430,Principal Component Analysis
r5xiR4T4onQf,35,easy,0,18496,Principal Component Analysis
r5xiR4T4onQf,36,medium,0,27169,Principal Component Analysis
r5xiR4T4onQf,37,easy,1,24013,Feature Selection
r5xiR4T4onQf,38,hard,0,28388,Principal Component Analysis
r5xiR4T4onQf,39,easy,0,18561,Principal Component Analysis
r5xiR4T4onQf,40,easy,1,12635,Principal Component Analysis
r5xiR4T4onQf,41,easy,1,25453,Principal Component Analysis
r5xiR4T4onQf,42,easy,1,10088,Principal Component Analysis
r5xiR4T4onQf,43,medium,0,29222,Principal Component Analysis
r5xiR4T4onQf,44,easy,1,23757,Data Mining Tasks
r5xiR4T4onQf,45,hard,0,25750,Principal Component Analysis
r5xiR4T4onQf,46,easy,1,16550,Principal Component Analysis
r5xiR4T4onQf,47,hard,0,24817,Decision Trees
r5xiR4T4onQf,48,easy,0,23994,Decision Trees
r5xiR4T4onQf,49,hard,0,25750,Data Types
r5xiR4T4onQf,50,easy,1,19135,Feature Selection
r5xiR4T4onQf,51,easy,1,19135,Feature Selection
r5xiR4T4onQf,52,easy,0,20447,Principal Component Analysis
r5xiR4T4onQf,53,easy,1,13635,Feature Selection
r5xiR4T4onQf,54,easy,1,18515,Decision Trees
r5xiR4T4onQf,55,easy,1,13876,Feature Selection
r5xiR4T4onQf,56,hard,0,25750,Feature Selection
r5xiR4T4onQf,57,easy,1,10088,Feature Selection
r5xiR4T4onQf,58,easy,1,19819,Feature Selection
r5xiR4T4onQf,59,easy,1,15676,Feature Selection
r5xiR4T4onQf,60,easy,1,18515,Feature Selection
WNh0afD7QG4d,31,medium,1,19066,Data Mining Tasks
WNh0afD7QG4d,32,medium,0,27520,Feature Selection
WNh0afD7QG4d,33,easy,1,12697,Feature Extraction
WNh0afD7QG4d,34,easy,1,12355,Principal Component Analysis
WNh0afD7QG4d,35,easy,0,16571,Principal Component Analysis
WNh0afD7QG4d,36,medium,0,20419,Principal Component Analysis
WNh0afD7QG4d,37,easy,0,19822,Feature Selection
WNh0afD7QG4d,38,hard,0,22067,Principal Component Analysis
WNh0afD7QG4d,39,easy,0,16545,Principal Component Analysis
WNh0afD7QG4d,40,easy,1,11203,Principal Component Analysis
WNh0afD7QG4d,41,easy,0,20105,Principal Component Analysis
WNh0afD7QG4d,42,easy,1,8349,Principal Component Analysis
WNh0afD7QG4d,43,medium,1,20735,Principal Component Analysis
WNh0afD7QG4d,44,easy,0,19511,Data Mining Tasks
WNh0afD7QG4d,45,hard,0,19474,Principal Component Analysis
WNh0afD7QG4d,46,easy,1,12381,Principal Component Analysis
WNh0afD7QG4d,47,hard,0,18663,Decision Trees
WNh0afD7QG4d,48,easy,0,18922,Decision Trees
WNh0afD7QG4d,49,hard,0,19474,Data Types
WNh0afD7QG4d,50,easy,1,13843,Feature Selection
WNh0afD7QG4d,51,easy,1,13843,Feature Selection
WNh0afD7QG4d,52,easy,1,12804,Principal Component Analysis
WNh0afD7QG4d,53,easy,1,11284,Feature Selection
WNh0afD7QG4d,54,easy,1,13329,Decision Trees
WNh0afD7QG4d,55,easy,1,11483,Feature Selection
WNh0afD7QG4d,56,hard,0,19474,Feature Selection
WNh0afD7QG4d,57,easy,1,8349,Feature Selection
WNh0afD7QG4d,58,easy,1,14310,Feature Selection
WNh0afD7QG4d,59,easy,1,12123,Feature Selection
WNh0afD7QG4d,60,easy,1,13329,Feature Selection
m8rfSXHUenxh,31,medium,1,26170,Data Mining Tasks
m8rfSXHUenxh,32,medium,1,31860,Feature Selection
m8rfSXHUenxh,33,easy,1,15092,Feature Extraction
m8rfSXHUenxh,34,easy,1,15104,Principal Component Analysis
m8rfSXHUenxh,35,easy,1,15104,Principal Component Analysis
m8rfSXHUenxh,36,medium,0,27020,Principal Component Analysis
m8rfSXHUenxh,37,easy,1,22577,Feature Selection
m8rfSXHUenxh,38,hard,0,28232,Principal Component Analysis
m8rfSXHUenxh,39,easy,0,18049,Principal Component Analysis
m8rfSXHUenxh,40,easy,1,11615,Principal Component Analysis
m8rfSXHUenxh,41,easy,0,26604,Principal Component Analysis
m8rfSXHUenxh,42,easy,1,9274,Principal Component Analysis
m8rfSXHUenxh,43,medium,1,28188,Principal Component Analysis
m8rfSXHUenxh,44,easy,0,24689,Data Mining Tasks
m8rfSXHUenxh,45,hard,0,25290,Principal Component Analysis
m8rfSXHUenxh,46,easy,1,15214,Principal Component Analysis
m8rfSXHUenxh,47,hard,0,24374,Decision Trees
m8rfSXHUenxh,48,easy,1,21438,Decision Trees
m8rfSXHUenxh,49,hard,0,25290,Data Types
m8rfSXHUenxh,50,easy,1,17590,Feature Selection
m8rfSXHUenxh,51,easy,0,21935,Feature Selection
m8rfSXHUenxh,52,easy,1,15951,Principal Component Analysis
m8rfSXHUenxh,53,easy,0,16545,Feature Selection
m8rfSXHUenxh,54,easy,1,17019,Decision Trees
m8rfSXHUenxh,55,easy,1,12756,Feature Selection
m8rfSXHUenxh,56,hard,0,25290,Feature Selection
m8rfSXHUenxh,57,easy,1,9274,Feature Selection
m8rfSXHUenxh,58,easy,1,18219,Feature Selection
m8rfSXHUenxh,59,easy,1,14410,Feature Selection
m8rfSXHUenxh,60,easy,1,17019,Feature Selection
cn7NB6JfQDTq,31,medium,0,28045,Data Mining Tasks
cn7NB6JfQDTq,32,medium,0,32605,Feature Selection
cn7NB6JfQDTq,33,easy,0,17478,Feature Extraction
cn7NB6JfQDTq,34,easy,0,17985,Principal Component Analysis
cn7NB6JfQDTq,35,easy,1,15104,Principal Component Analysis
cn7NB6JfQDTq,36,medium,1,25214,Principal Component Analysis
cn7NB6JfQDTq,37,easy,1,22577,Feature Selection
cn7NB6JfQDTq,38,hard,1,28926,Principal Component Analysis
cn7NB6JfQDTq,39,easy,1,15214,Principal Component Analysis
cn7NB6JfQDTq,40,easy,1,11615,Principal Component Analysis
cn7NB6JfQDTq,41,easy,1,23930,Principal Component Analysis
cn7NB6JfQDTq,42,easy,1,9274,Principal Component Analysis
cn7NB6JfQDTq,43,medium,0,29062,Principal Component Analysis
cn7NB6JfQDTq,44,easy,0,24689,Data Mining Tasks
cn7NB6JfQDTq,45,hard,0,25290,Principal Component Analysis
cn7NB6JfQDTq,46,easy,1,15214,Principal Component Analysis
cn7NB6JfQDTq,47,hard,0,24374,Decision Trees
cn7NB6JfQDTq,48,easy,1,21438,Decision Trees
cn7NB6JfQDTq,49,hard,0,25290,Data Types
cn7NB6JfQDTq,50,easy,0,21935,Feature Selection
cn7NB6JfQDTq,51,easy,1,17590,Feature Selection
cn7NB6JfQDTq,52,easy,0,19882,Principal Component Analysis
cn7NB6JfQDTq,53,easy,1,12534,Feature Selection
cn7NB6JfQDTq,54,easy,1,17019,Decision Trees
cn7NB6JfQDTq,55,easy,1,12756,Feature Selection
cn7NB6JfQDTq,56,hard,0,25290,Feature Selection
cn7NB6JfQDTq,57,easy,1,9274,Feature Selection
cn7NB6JfQDTq,58,easy,1,18219,Feature Selection
cn7NB6JfQDTq,59,easy,0,16688,Feature Selection
cn7NB6JfQDTq,60,easy,1,17019,Feature Selection
KNvidOVZPDzA,31,medium,0,27386,Data Mining Tasks
KNvidOVZPDzA,32,medium,0,31839,Feature Selection
KNvidOVZPDzA,33,easy,1,14467,Feature Extraction
KNvidOVZPDzA,34,easy,1,14478,Principal Component Analysis
KNvidOVZPDzA,35,easy,1,14478,Principal Component Analysis
KNvidOVZPDzA,36,medium,1,24170,Principal Component Analysis
KNvidOVZPDzA,37,easy,0,24329,Feature Selection
KNvidOVZPDzA,38,hard,0,27569,Principal Component Analysis
KNvidOVZPDzA,39,easy,1,14584,Principal Component Analysis
KNvidOVZPDzA,40,easy,0,12795,Principal Component Analysis
KNvidOVZPDzA,41,easy,1,22940,Principal Component Analysis
KNvidOVZPDzA,42,easy,1,8835,Principal Component Analysis
KNvidOVZPDzA,43,medium,0,28380,Principal Component Analysis
KNvidOVZPDzA,44,easy,1,21411,Data Mining Tasks
KNvidOVZPDzA,45,hard,0,24700,Principal Component Analysis
KNvidOVZPDzA,46,easy,1,14584,Principal Component Analysis
KNvidOVZPDzA,47,hard,0,23806,Decision Trees
KNvidOVZPDzA,48,easy,1,20551,Decision Trees
KNvidOVZPDzA,49,hard,0,24700,Data Types
KNvidOVZPDzA,50,easy,1,16862,Feature Selection
KNvidOVZPDzA,51,easy,0,21420,Feature Selection
KNvidOVZPDzA,52,easy,0,19415,Principal Component Analysis
KNvidOVZPDzA,53,easy,1,11941,Feature Selection
KNvidOVZPDzA,54,easy,1,16315,Decision Trees
KNvidOVZPDzA,55,easy,1,12152,Feature Selection
KNvidOVZPDzA,56,hard,0,24700,Feature Selection
KNvidOVZPDzA,57,easy,1,8835,Feature Selection
KNvidOVZPDzA,58,easy,1,17465,Feature Selection
KNvidOVZPDzA,59,easy,1,13814,Feature Selection
KNvidOVZPDzA,60,easy,1,16315,Feature Selection
GiEhMndZmOa5,31,medium,1,25087,Data Mining Tasks
GiEhMndZmOa5,32,medium,1,30541,Feature Selection
GiEhMndZmOa5,33,easy,1,14467,Feature Extraction
GiEhMndZmOa5,34,easy,1,14478,Principal Component Analysis
GiEhMndZmOa5,35,easy,1,14478,Principal Component Analysis
GiEhMndZmOa5,36,medium,0,26386,Principal Component Analysis
GiEhMndZmOa5,37,easy,1,21642,Feature Selection
GiEhMndZmOa5,38,hard,1,27729,Principal Component Analysis
GiEhMndZmOa5,39,easy,1,14584,Principal Component Analysis
GiEhMndZmOa5,40,easy,1,11066,Principal Component Analysis
GiEhMndZmOa5,41,easy,0,25979,Principal Component Analysis
GiEhMndZmOa5,42,easy,1,8835,Principal Component Analysis
GiEhMndZmOa5,43,medium,1,27021,Principal Component Analysis
GiEhMndZmOa5,44,easy,0,24110,Data Mining Tasks
GiEhMndZmOa5,45,hard,0,24700,Principal Component Analysis
GiEhMndZmOa5,46,easy,1,14584,Principal Component Analysis
GiEhMndZmOa5,47,hard,0,23806,Decision Trees
GiEhMndZmOa5,48,easy,0,23302,Decision Trees
GiEhMndZmOa5,49,hard,0,24700,Data Types
GiEhMndZmOa5,50,easy,1,16862,Feature Selection
GiEhMndZmOa5,51,easy,0,21420,Feature Selection
GiEhMndZmOa5,52,easy,1,15290,Principal Component Analysis
GiEhMndZmOa5,53,easy,1,11941,Feature Selection
GiEhMndZmOa5,54,easy,0,19717,Decision Trees
GiEhMndZmOa5,55,easy,1,12152,Feature Selection
GiEhMndZmOa5,56,hard,0,24700,Feature Selection
GiEhMndZmOa5,57,easy,1,8835,Feature Selection
GiEhMndZmOa5,58,easy,0,21618,Feature Selection
GiEhMndZmOa5,59,easy,0,16297,Feature Selection
GiEhMndZmOa5,60,easy,0,19717,Feature Selection
9xt9EeOQtcXZ,31,medium,0,25644,Data Mining Tasks
9xt9EeOQtcXZ,32,medium,0,29562,Feature Selection
9xt9EeOQtcXZ,33,easy,1,15322,Feature Extraction
9xt9EeOQtcXZ,34,easy,0,19997,Principal Component Analysis
9xt9EeOQtcXZ,35,easy,1,14909,Principal Component Analysis
9xt9EeOQtcXZ,36,medium,1,22226,Principal Component Analysis
9xt9EeOQtcXZ,37,easy,0,23730,Feature Selection
9xt9EeOQtcXZ,38,hard,1,25746,Principal Component Analysis
9xt9EeOQtcXZ,39,easy,1,14941,Principal Component Analysis
9xt9EeOQtcXZ,40,easy,1,12713,Principal Component Analysis
9xt9EeOQtcXZ,41,easy,1,21094,Principal Component Analysis
9xt9EeOQtcXZ,42,easy,1,10075,Principal Component Analysis
9xt9EeOQtcXZ,43,medium,0,26350,Principal Component Analysis
9xt9EeOQtcXZ,44,easy,0,23357,Data Mining Tasks
9xt9EeOQtcXZ,45,hard,0,22589,Principal Component Analysis
9xt9EeOQtcXZ,46,easy,1,14941,Principal Component Analysis
9xt9EeOQtcXZ,47,hard,0,21649,Decision Trees
9xt9EeOQtcXZ,48,easy,0,22653,Decision Trees
9xt9EeOQtcXZ,49,hard,0,22589,Data Types
9xt9EeOQtcXZ,50,easy,1,16446,Feature Selection
9xt9EeOQtcXZ,51,easy,1,16446,Feature Selection
9xt9EeOQtcXZ,52,easy,1,15359,Principal Component Analysis
9xt9EeOQtcXZ,53,easy,1,13616,Feature Selection
9xt9EeOQtcXZ,54,easy,1,16084,Decision Trees
9xt9EeOQtcXZ,55,easy,1,13857,Feature Selection
9xt9EeOQtcXZ,56,hard,0,22589,Feature Selection
9xt9EeOQtcXZ,57,easy,1,10075,Feature Selection
9xt9EeOQtcXZ,58,easy,0,21693,Feature Selection
9xt9EeOQtcXZ,59,easy,1,14629,Feature Selection
9xt9EeOQtcXZ,60,easy,1,16084,Feature Selection
B0dezLVzpGHZ,31,medium,0,22152,Data Mining Tasks
B0dezLVzpGHZ,32,medium,0,25721,Feature Selection
B0dezLVzpGHZ,33,easy,1,12281,Feature Extraction
B0dezLVzpGHZ,34,easy,1,12228,Principal Component Analysis
B0dezLVzpGHZ,35,easy,1,12228,Principal Component Analysis
B0dezLVzpGHZ,36,medium,0,21342,Principal Component Analysis
B0dezLVzpGHZ,37,easy,0,21079,Feature Selection
B0dezLVzpGHZ,38,hard,0,22271,Principal Component Analysis
B0dezLVzpGHZ,39,easy,0,15274,Principal Component Analysis
B0dezLVzpGHZ,40,easy,1,9393,Principal Component Analysis
B0dezLVzpGHZ,41,easy,1,18222,Principal Component Analysis
B0dezLVzpGHZ,42,easy,1,7500,Principal Component Analysis
B0dezLVzpGHZ,43,medium,0,22926,Principal Component Analysis
B0dezLVzpGHZ,44,easy,1,17959,Data Mining Tasks
B0dezLVzpGHZ,45,hard,0,19120,Principal Component Analysis
B0dezLVzpGHZ,46,easy,1,12453,Principal Component Analysis
B0dezLVzpGHZ,47,hard,0,18324,Decision Trees
B0dezLVzpGHZ,48,easy,1,17486,Decision Trees
B0dezLVzpGHZ,49,hard,0,19120,Data Types
B0dezLVzpGHZ,50,easy,0,18856,Feature Selection
B0dezLVzpGHZ,51,easy,0,18856,Feature Selection
B0dezLVzpGHZ,52,easy,1,13056,Principal Component Analysis
B0dezLVzpGHZ,53,easy,1,10136,Feature Selection
B0dezLVzpGHZ,54,easy,1,13406,Decision Trees
B0dezLVzpGHZ,55,easy,1,10316,Feature Selection
B0dezLVzpGHZ,56,hard,0,19120,Feature Selection
B0dezLVzpGHZ,57,easy,1,7500,Feature Selection
B0dezLVzpGHZ,58,easy,0,19030,Feature Selection
B0dezLVzpGHZ,59,easy,1,11726,Feature Selection
B0dezLVzpGHZ,60,easy,1,13406,Feature Selection
PgdsGKsedBAl,31,medium,1,22670,Data Mining Tasks
PgdsGKsedBAl,32,medium,0,29050,Feature Selection
PgdsGKsedBAl,33,easy,0,16440,Feature Extraction
PgdsGKsedBAl,34,easy,0,16948,Principal Component Analysis
PgdsGKsedBAl,35,easy,1,13767,Principal Component Analysis
PgdsGKsedBAl,36,medium,1,21841,Principal Component Analysis
PgdsGKsedBAl,37,easy,1,20371,Feature Selection
PgdsGKsedBAl,38,hard,1,25300,Principal Component Analysis
PgdsGKsedBAl,39,easy,1,13841,Principal Component Analysis
PgdsGKsedBAl,40,easy,1,10581,Principal Component Analysis
PgdsGKsedBAl,41,easy,1,20729,Principal Component Analysis
PgdsGKsedBAl,42,easy,1,8385,Principal Component Analysis
PgdsGKsedBAl,43,medium,1,24654,Principal Component Analysis
PgdsGKsedBAl,44,easy,1,20018,Data Mining Tasks
PgdsGKsedBAl,45,hard,0,22198,Principal Component Analysis
PgdsGKsedBAl,46,easy,1,13841,Principal Component Analysis
PgdsGKsedBAl,47,hard,0,21274,Decision Trees
PgdsGKsedBAl,48,easy,0,22261,Decision Trees
PgdsGKsedBAl,49,hard,0,22198,Data Types
PgdsGKsedBAl,50,easy,0,20958,Feature Selection
PgdsGKsedBAl,51,easy,0,20958,Feature Selection
PgdsGKsedBAl,52,easy,0,18701,Principal Component Analysis
PgdsGKsedBAl,53,easy,1,11333,Feature Selection
PgdsGKsedBAl,54,easy,1,14900,Decision Trees
PgdsGKsedBAl,55,easy,1,11534,Feature Selection
PgdsGKsedBAl,56,hard,0,22198,Feature Selection
PgdsGKsedBAl,57,easy,1,8385,Feature Selection
PgdsGKsedBAl,58,easy,0,21151,Feature Selection
PgdsGKsedBAl,59,easy,1,13110,Feature Selection
PgdsGKsedBAl,60,easy,0,18276,Feature Selection
Ui0yLwC2YxnT,31,medium,1,19928,Data Mining Tasks
Ui0yLwC2YxnT,32,medium,0,25721,Feature Selection
Ui0yLwC2YxnT,33,easy,1,12281,Feature Extraction
Ui0yLwC2YxnT,34,easy,0,15054,Principal Component Analysis
Ui0yLwC2YxnT,35,easy,1,12228,Principal Component Analysis
Ui0yLwC2YxnT,36,medium,0,21342,Principal Component Analysis
Ui0yLwC2YxnT,37,easy,0,21079,Feature Selection
Ui0yLwC2YxnT,38,hard,1,22400,Principal Component Analysis
Ui0yLwC2YxnT,39,easy,1,12453,Principal Component Analysis
Ui0yLwC2YxnT,40,easy,0,11023,Principal Component Analysis
Ui0yLwC2YxnT,41,easy,1,18222,Principal Component Analysis
Ui0yLwC2YxnT,42,easy,1,7500,Principal Component Analysis
Ui0yLwC2YxnT,43,medium,0,22926,Principal Component Analysis
Ui0yLwC2YxnT,44,easy,1,17959,Data Mining Tasks
Ui0yLwC2YxnT,45,hard,0,19120,Principal Component Analysis
Ui0yLwC2YxnT,46,easy,0,15274,Principal Component Analysis
Ui0yLwC2YxnT,47,hard,0,18324,Decision Trees
Ui0yLwC2YxnT,48,easy,1,17486,Decision Trees
Ui0yLwC2YxnT,49,hard,0,19120,Data Types
Ui0yLwC2YxnT,50,easy,1,14398,Feature Selection
Ui0yLwC2YxnT,51,easy,1,14398,Feature Selection
Ui0yLwC2YxnT,52,easy,0,16826,Principal Component Analysis
Ui0yLwC2YxnT,53,easy,1,10136,Feature Selection
Ui0yLwC2YxnT,54,easy,1,13406,Decision Trees
Ui0yLwC2YxnT,55,easy,1,10316,Feature Selection
Ui0yLwC2YxnT,56,hard,0,19120,Feature Selection
Ui0yLwC2YxnT,57,easy,1,7500,Feature Selection
Ui0yLwC2YxnT,58,easy,0,19030,Feature Selection
Ui0yLwC2YxnT,59,easy,0,14040,Feature Selection
Ui0yLwC2YxnT,60,easy,0,16443,Feature Selection
y9lkze6lHiAa,31,medium,1,18594,Data Mining Tasks
y9lkze6lHiAa,32,medium,0,18596,Feature Selection
y9lkze6lHiAa,33,easy,1,12566,Feature Extraction
y9lkze6lHiAa,34,easy,1,12727,Principal Component Analysis
y9lkze6lHiAa,35,easy,1,12727,Principal Component Analysis
y9lkze6lHiAa,36,medium,0,15661,Principal Component Analysis
y9lkze6lHiAa,37,easy,0,16059,Feature Selection
y9lkze6lHiAa,38,hard,0,16414,Principal Component Analysis
y9lkze6lHiAa,39,easy,0,13279,Principal Component Analysis
y9lkze6lHiAa,40,easy,1,7547,Principal Component Analysis
y9lkze6lHiAa,41,easy,1,17619,Principal Component Analysis
y9lkze6lHiAa,42,easy,1,6361,Principal Component Analysis
y9lkze6lHiAa,43,medium,0,16803,Principal Component Analysis
y9lkze6lHiAa,44,easy,0,15728,Data Mining Tasks
y9lkze6lHiAa,45,hard,0,10108,Principal Component Analysis
y9lkze6lHiAa,46,easy,1,12697,Principal Component Analysis
y9lkze6lHiAa,47,hard,0,10108,Decision Trees
y9lkze6lHiAa,48,easy,0,15399,Decision Trees
y9lkze6lHiAa,49,hard,0,10108,Data Types
y9lkze6lHiAa,50,easy,0,14190,Feature Selection
y9lkze6lHiAa,51,easy,1,13631,Feature Selection
y9lkze6lHiAa,52,easy,1,12916,Principal Component Analysis
y9lkze6lHiAa,53,easy,0,9971,Feature Selection
y9lkze6lHiAa,54,easy,0,14856,Decision Trees
y9lkze6lHiAa,55,easy,1,8749,Feature Selection
y9lkze6lHiAa,56,hard,0,10108,Feature Selection
y9lkze6lHiAa,57,easy,1,6361,Feature Selection
y9lkze6lHiAa,58,easy,1,13849,Feature Selection
y9lkze6lHiAa,59,easy,1,12006,Feature Selection
y9lkze6lHiAa,60,easy,1,14205,Feature Selection
nIdSwhLzwJKt,31,medium,1,24167,Data Mining Tasks
nIdSwhLzwJKt,32,medium,0,28479,Feature Selection
nIdSwhLzwJKt,33,easy,1,14368,Feature Extraction
nIdSwhLzwJKt,34,easy,1,14430,Principal Component Analysis
nIdSwhLzwJKt,35,easy,1,14430,Principal Component Analysis
nIdSwhLzwJKt,36,medium,0,23918,Principal Component Analysis
nIdSwhLzwJKt,37,easy,1,21352,Feature Selection
nIdSwhLzwJKt,38,hard,0,25138,Principal Component Analysis
nIdSwhLzwJKt,39,easy,1,14535,Principal Component Analysis
nIdSwhLzwJKt,40,easy,1,10009,Principal Component Analysis
nIdSwhLzwJKt,41,easy,1,21885,Principal Component Analysis
nIdSwhLzwJKt,42,easy,1,8435,Principal Component Analysis
nIdSwhLzwJKt,43,medium,0,25834,Principal Component Analysis
nIdSwhLzwJKt,44,easy,0,22292,Data Mining Tasks
nIdSwhLzwJKt,45,hard,0,19597,Principal Component Analysis
nIdSwhLzwJKt,46,easy,0,16236,Principal Component Analysis
nIdSwhLzwJKt,47,hard,0,20193,Decision Trees
nIdSwhLzwJKt,48,easy,0,21788,Decision Trees
nIdSwhLzwJKt,49,hard,0,19597,Data Types
nIdSwhLzwJKt,50,easy,0,19181,Feature Selection
nIdSwhLzwJKt,51,easy,0,19181,Feature Selection
nIdSwhLzwJKt,52,easy,1,15239,Principal Component Analysis
nIdSwhLzwJKt,53,easy,0,14774,Feature Selection
nIdSwhLzwJKt,54,easy,1,16260,Decision Trees
nIdSwhLzwJKt,55,easy,1,11602,Feature Selection
nIdSwhLzwJKt,56,hard,0,19597,Feature Selection
nIdSwhLzwJKt,57,easy,1,8435,Feature Selection
nIdSwhLzwJKt,58,easy,0,19358,Feature Selection
nIdSwhLzwJKt,59,easy,0,15575,Feature Selection
nIdSwhLzwJKt,60,easy,1,16260,Feature Selection
d5279GvwAinX,31,medium,1,24167,Data Mining Tasks
d5279GvwAinX,32,medium,1,29139,Feature Selection
d5279GvwAinX,33,easy,1,14368,Feature Extraction
d5279GvwAinX,34,easy,0,16178,Principal Component Analysis
d5279GvwAinX,35,easy,0,16178,Principal Component Analysis
d5279GvwAinX,36,medium,0,23918,Principal Component Analysis
d5279GvwAinX,37,easy,0,22848,Feature Selection
d5279GvwAinX,38,hard,1,26396,Principal Component Analysis
d5279GvwAinX,39,easy,0,16236,Principal Component Analysis
d5279GvwAinX,40,easy,1,10009,Principal Component Analysis
d5279GvwAinX,41,easy,1,21885,Principal Component Analysis
d5279GvwAinX,42,easy,0,9400,Principal Component Analysis
d5279GvwAinX,43,medium,0,25834,Principal Component Analysis
d5279GvwAinX,44,easy,0,22292,Data Mining Tasks
d5279GvwAinX,45,hard,0,19597,Principal Component Analysis
d5279GvwAinX,46,easy,1,14535,Principal Component Analysis
d5279GvwAinX,47,hard,1,24030,Decision Trees
d5279GvwAinX,48,easy,0,21788,Decision Trees
d5279GvwAinX,49,hard,0,19597,Data Types
d5279GvwAinX,50,easy,0,19181,Feature Selection
d5279GvwAinX,51,easy,0,19181,Feature Selection
d5279GvwAinX,52,easy,1,15239,Principal Component Analysis
d5279GvwAinX,53,easy,1,11400,Feature Selection
d5279GvwAinX,54,easy,1,16260,Decision Trees
d5279GvwAinX,55,easy,1,11602,Feature Selection
d5279GvwAinX,56,hard,0,19597,Feature Selection
d5279GvwAinX,57,easy,1,8435,Feature Selection
d5279GvwAinX,58,easy,0,19358,Feature Selection
d5279GvwAinX,59,easy,0,15575,Feature Selection
d5279GvwAinX,60,easy,0,18163,Feature Selection
7VpB1pGsv71N,31,medium,0,19758,Data Mining Tasks
7VpB1pGsv71N,32,medium,1,26028,Feature Selection
7VpB1pGsv71N,33,easy,0,13836,Feature Extraction
7VpB1pGsv71N,34,easy,0,14089,Principal Component Analysis
7VpB1pGsv71N,35,easy,0,14089,Principal Component Analysis
7VpB1pGsv71N,36,medium,1,20703,Principal Component Analysis
7VpB1pGsv71N,37,easy,0,18366,Feature Selection
7VpB1pGsv71N,38,hard,0,19967,Principal Component Analysis
7VpB1pGsv71N,39,easy,0,13964,Principal Component Analysis
7VpB1pGsv71N,40,easy,1,8399,Principal Component Analysis
7VpB1pGsv71N,41,easy,0,18978,Principal Component Analysis
7VpB1pGsv71N,42,easy,0,7800,Principal Component Analysis
7VpB1pGsv71N,43,medium,0,20508,Principal Component Analysis
7VpB1pGsv71N,44,easy,0,18715,Data Mining Tasks
7VpB1pGsv71N,45,hard,0,15270,Principal Component Analysis
7VpB1pGsv71N,46,easy,1,12656,Principal Component Analysis
7VpB1pGsv71N,47,hard,0,15270,Decision Trees
7VpB1pGsv71N,48,easy,0,17543,Decision Trees
7VpB1pGsv71N,49,hard,0,15270,Data Types
7VpB1pGsv71N,50,easy,1,13840,Feature Selection
7VpB1pGsv71N,51,easy,1,13840,Feature Selection
7VpB1pGsv71N,52,easy,1,12875,Principal Component Analysis
7VpB1pGsv71N,53,easy,1,9566,Feature Selection
7VpB1pGsv71N,54,easy,0,15621,Decision Trees
7VpB1pGsv71N,55,easy,0,12260,Feature Selection
7VpB1pGsv71N,56,hard,0,15270,Feature Selection
7VpB1pGsv71N,57,easy,1,7078,Feature Selection
7VpB1pGsv71N,58,easy,1,14391,Feature Selection
7VpB1pGsv71N,59,easy,1,11971,Feature Selection
7VpB1pGsv71N,60,easy,0,15621,Feature Selection
BOOMKrcykzvF,31,medium,0,18387,Data Mining Tasks
BOOMKrcykzvF,32,medium,0,20894,Feature Selection
BOOMKrcykzvF,33,easy,0,13910,Feature Extraction
BOOMKrcykzvF,34,easy,0,14164,Principal Component Analysis
BOOMKrcykzvF,35,easy,0,14164,Principal Component Analysis
BOOMKrcykzvF,36,medium,0,17715,Principal Component Analysis
BOOMKrcykzvF,37,easy,0,17583,Feature Selection
BOOMKrcykzvF,38,hard,0,18442,Principal Component Analysis
BOOMKrcykzvF,39,easy,1,13153,Principal Component Analysis
BOOMKrcykzvF,40,easy,1,8834,Principal Component Analysis
BOOMKrcykzvF,41,easy,1,19004,Principal Component Analysis
BOOMKrcykzvF,42,easy,1,7445,Principal Component Analysis
BOOMKrcykzvF,43,medium,0,18942,Principal Component Analysis
BOOMKrcykzvF,44,easy,0,17404,Data Mining Tasks
BOOMKrcykzvF,45,hard,0,14438,Principal Component Analysis
BOOMKrcykzvF,46,easy,1,13153,Principal Component Analysis
BOOMKrcykzvF,47,hard,0,14438,Decision Trees
BOOMKrcykzvF,48,easy,0,16916,Decision Trees
BOOMKrcykzvF,49,hard,0,14438,Data Types
BOOMKrcykzvF,50,easy,1,14219,Feature Selection
BOOMKrcykzvF,51,easy,1,14219,Feature Selection
BOOMKrcykzvF,52,easy,0,14420,Principal Component Analysis
BOOMKrcykzvF,53,easy,0,12503,Feature Selection
BOOMKrcykzvF,54,easy,0,15705,Decision Trees
BOOMKrcykzvF,55,easy,1,10240,Feature Selection
BOOMKrcykzvF,56,hard,0,14438,Feature Selection
BOOMKrcykzvF,57,easy,0,7955,Feature Selection
BOOMKrcykzvF,58,easy,1,14640,Feature Selection
BOOMKrcykzvF,59,easy,1,12479,Feature Selection
BOOMKrcykzvF,60,easy,0,15705,Feature Selection
KwlNeadgH2OL,61,easy,1,13612,K-means Clustering
KwlNeadgH2OL,62,easy,1,14595,K-means Clustering
KwlNeadgH2OL,63,easy,1,16810,Hierarchical Clustering
KwlNeadgH2OL,64,easy,1,9460,Unsupervised Learning
KwlNeadgH2OL,65,easy,1,13612,Unsupervised Learning
KwlNeadgH2OL,66,easy,1,9460,DBSCAN
KwlNeadgH2OL,67,medium,1,25830,Hierarchical Clustering
KwlNeadgH2OL,68,easy,1,16810,Hierarchical Clustering
KwlNeadgH2OL,69,easy,1,13647,K-means Clustering
KwlNeadgH2OL,70,easy,1,9460,K-means Clustering
KwlNeadgH2OL,71,easy,1,13821,Hierarchical Clustering
KwlNeadgH2OL,72,medium,0,30596,Hierarchical Clustering
KwlNeadgH2OL,73,easy,0,18283,Model Evaluation
KwlNeadgH2OL,74,easy,1,9460,Similarity Measures
KwlNeadgH2OL,75,medium,0,33135,Model Evaluation
KwlNeadgH2OL,76,easy,1,18911,DBSCAN
KwlNeadgH2OL,77,medium,1,26273,DBSCAN
KwlNeadgH2OL,78,medium,1,25779,K-means Clustering
KwlNeadgH2OL,79,easy,1,18713,Decision Trees
KwlNeadgH2OL,80,easy,1,13538,K-means Clustering
KwlNeadgH2OL,81,easy,1,18251,DBSCAN
KwlNeadgH2OL,82,easy,1,13956,DBSCAN
KwlNeadgH2OL,83,easy,1,14595,K-means Clustering
KwlNeadgH2OL,84,easy,1,13647,DBSCAN
KwlNeadgH2OL,85,medium,0,30975,DBSCAN
KwlNeadgH2OL,86,easy,1,13175,Clustering Evaluation
KwlNeadgH2OL,87,easy,1,13821,Clustering Evaluation
KwlNeadgH2OL,88,easy,1,13399,DBSCAN
KwlNeadgH2OL,89,easy,1,18251,Similarity Measures
KwlNeadgH2OL,90,hard,0,27668,Model Evaluation
AQklHbi5bt8l,61,easy,1,12691,K-means Clustering
AQklHbi5bt8l,62,easy,1,14965,K-means Clustering
AQklHbi5bt8l,63,easy,1,17236,Hierarchical Clustering
AQklHbi5bt8l,64,easy,1,8933,Unsupervised Learning
AQklHbi5bt8l,65,easy,1,12691,Unsupervised Learning
AQklHbi5bt8l,66,easy,1,8933,DBSCAN
AQklHbi5bt8l,67,medium,1,27433,Hierarchical Clustering
AQklHbi5bt8l,68,easy,1,17236,Hierarchical Clustering
AQklHbi5bt8l,69,easy,1,14655,K-means Clustering
AQklHbi5bt8l,70,easy,1,8933,K-means Clustering
AQklHbi5bt8l,71,easy,1,15047,Hierarchical Clustering
AQklHbi5bt8l,72,medium,1,27781,Hierarchical Clustering
AQklHbi5bt8l,73,easy,1,13509,Model Evaluation
AQklHbi5bt8l,74,easy,1,8933,Similarity Measures
AQklHbi5bt8l,75,medium,0,31060,Model Evaluation
AQklHbi5bt8l,76,easy,0,23356,DBSCAN
AQklHbi5bt8l,77,medium,1,28423,DBSCAN
AQklHbi5bt8l,78,medium,1,27781,K-means Clustering
AQklHbi5bt8l,79,easy,1,20881,Decision Trees
AQklHbi5bt8l,80,easy,1,13881,K-means Clustering
AQklHbi5bt8l,81,easy,0,21489,DBSCAN
AQklHbi5bt8l,82,easy,1,15217,DBSCAN
AQklHbi5bt8l,83,easy,1,14965,K-means Clustering
AQklHbi5bt8l,84,easy,1,14655,DBSCAN
AQklHbi5bt8l,85,medium,0,29036,DBSCAN
AQklHbi5bt8l,86,easy,1,13509,Clustering Evaluation
AQklHbi5bt8l,87,easy,1,15047,Clustering Evaluation
AQklHbi5bt8l,88,easy,1,14893,DBSCAN
AQklHbi5bt8l,89,easy,1,20069,Similarity Measures
AQklHbi5bt8l,90,hard,0,27771,Model Evaluation
X0HFePMCkBsP,61,easy,1,12136,K-means Clustering
X0HFePMCkBsP,62,easy,1,14280,K-means Clustering
X0HFePMCkBsP,63,easy,1,16446,Hierarchical Clustering
X0HFePMCkBsP,64,easy,1,8472,Unsupervised Learning
X0HFePMCkBsP,65,easy,1,12136,Unsupervised Learning
X0HFePMCkBsP,66,easy,1,8472,DBSCAN
X0HFePMCkBsP,67,medium,1,25165,Hierarchical Clustering
X0HFePMCkBsP,68,easy,1,16446,Hierarchical Clustering
X0HFePMCkBsP,69,easy,1,13984,K-means Clustering
X0HFePMCkBsP,70,easy,1,8472,K-means Clustering
X0HFePMCkBsP,71,easy,1,14358,Hierarchical Clustering
X0HFePMCkBsP,72,medium,1,25484,Hierarchical Clustering
X0HFePMCkBsP,73,easy,1,12891,Model Evaluation
X0HFePMCkBsP,74,easy,1,8472,Similarity Measures
X0HFePMCkBsP,75,medium,0,28986,Model Evaluation
X0HFePMCkBsP,76,easy,1,19970,DBSCAN
X0HFePMCkBsP,77,medium,0,27458,DBSCAN
X0HFePMCkBsP,78,medium,1,25484,K-means Clustering
X0HFePMCkBsP,79,easy,1,19760,Decision Trees
X0HFePMCkBsP,80,easy,1,13246,K-means Clustering
X0HFePMCkBsP,81,easy,0,21505,DBSCAN
X0HFePMCkBsP,82,easy,1,14403,DBSCAN
X0HFePMCkBsP,83,easy,1,14280,K-means Clustering
X0HFePMCkBsP,84,easy,1,13984,DBSCAN
X0HFePMCkBsP,85,medium,1,25817,DBSCAN
X0HFePMCkBsP,86,easy,1,12891,Clustering Evaluation
X0HFePMCkBsP,87,easy,1,14358,Clustering Evaluation
X0HFePMCkBsP,88,easy,1,14211,DBSCAN
X0HFePMCkBsP,89,easy,1,19150,Similarity Measures
X0HFePMCkBsP,90,hard,0,25917,Model Evaluation
QJccKPT4nu7V,61,easy,1,14590,K-means Clustering
QJccKPT4nu7V,62,easy,1,16004,K-means Clustering
QJccKPT4nu7V,63,easy,1,18432,Hierarchical Clustering
QJccKPT4nu7V,64,easy,1,10223,Unsupervised Learning
QJccKPT4nu7V,65,easy,1,14590,Unsupervised Learning
QJccKPT4nu7V,66,easy,1,10223,DBSCAN
QJccKPT4nu7V,67,medium,1,27890,Hierarchical Clustering
QJccKPT4nu7V,68,easy,1,18432,Hierarchical Clustering
QJccKPT4nu7V,69,easy,1,15124,K-means Clustering
QJccKPT4nu7V,70,easy,1,10223,K-means Clustering
QJccKPT4nu7V,71,easy,1,15317,Hierarchical Clustering
QJccKPT4nu7V,72,medium,1,28243,Hierarchical Clustering
QJccKPT4nu7V,73,easy,1,14447,Model Evaluation
QJccKPT4nu7V,74,easy,1,10223,Similarity Measures
QJccKPT4nu7V,75,medium,0,35136,Model Evaluation
QJccKPT4nu7V,76,easy,1,21009,DBSCAN
QJccKPT4nu7V,77,medium,0,33283,DBSCAN
QJccKPT4nu7V,78,medium,1,28243,K-means Clustering
QJccKPT4nu7V,79,easy,1,20789,Decision Trees
QJccKPT4nu7V,80,easy,1,14845,K-means Clustering
QJccKPT4nu7V,81,easy,0,23228,DBSCAN
QJccKPT4nu7V,82,easy,1,15303,DBSCAN
QJccKPT4nu7V,83,easy,1,16004,K-means Clustering
QJccKPT4nu7V,84,easy,1,15124,DBSCAN
QJccKPT4nu7V,85,medium,1,28613,DBSCAN
QJccKPT4nu7V,86,easy,1,14447,Clustering Evaluation
QJccKPT4nu7V,87,easy,1,15317,Clustering Evaluation
QJccKPT4nu7V,88,easy,1,14811,DBSCAN
QJccKPT4nu7V,89,easy,1,19990,Similarity Measures
QJccKPT4nu7V,90,hard,0,29876,Model Evaluation
W0EkQhrkI3an,61,easy,1,10621,K-means Clustering
W0EkQhrkI3an,62,easy,1,12642,K-means Clustering
W0EkQhrkI3an,63,easy,1,14560,Hierarchical Clustering
W0EkQhrkI3an,64,easy,1,7500,Unsupervised Learning
W0EkQhrkI3an,65,easy,1,10621,Unsupervised Learning
W0EkQhrkI3an,66,easy,1,7500,DBSCAN
W0EkQhrkI3an,67,medium,0,22931,Hierarchical Clustering
W0EkQhrkI3an,68,easy,1,14560,Hierarchical Clustering
W0EkQhrkI3an,69,easy,1,12453,K-means Clustering
W0EkQhrkI3an,70,easy,1,7500,K-means Clustering
W0EkQhrkI3an,71,easy,1,12786,Hierarchical Clustering
W0EkQhrkI3an,72,medium,1,22332,Hierarchical Clustering
W0EkQhrkI3an,73,easy,1,11412,Model Evaluation
W0EkQhrkI3an,74,easy,1,7500,Similarity Measures
W0EkQhrkI3an,75,medium,1,24202,Model Evaluation
W0EkQhrkI3an,76,easy,1,17867,DBSCAN
W0EkQhrkI3an,77,medium,0,23916,DBSCAN
W0EkQhrkI3an,78,medium,1,22332,K-means Clustering
W0EkQhrkI3an,79,easy,1,17680,Decision Trees
W0EkQhrkI3an,80,easy,0,14040,K-means Clustering
W0EkQhrkI3an,81,easy,1,17054,DBSCAN
W0EkQhrkI3an,82,easy,1,12826,DBSCAN
W0EkQhrkI3an,83,easy,1,12642,K-means Clustering
W0EkQhrkI3an,84,easy,1,12453,DBSCAN
W0EkQhrkI3an,85,medium,0,23747,DBSCAN
W0EkQhrkI3an,86,easy,1,11412,Clustering Evaluation
W0EkQhrkI3an,87,easy,1,12786,Clustering Evaluation
W0EkQhrkI3an,88,easy,1,12655,DBSCAN
W0EkQhrkI3an,89,easy,1,17054,Similarity Measures
W0EkQhrkI3an,90,hard,0,22712,Model Evaluation
9eci54foOGc9,61,easy,1,14796,K-means Clustering
9eci54foOGc9,62,easy,1,16173,K-means Clustering
9eci54foOGc9,63,easy,1,18627,Hierarchical Clustering
9eci54foOGc9,64,easy,1,10483,Unsupervised Learning
9eci54foOGc9,65,easy,1,14796,Unsupervised Learning
9eci54foOGc9,66,easy,1,10483,DBSCAN
9eci54foOGc9,67,medium,1,28814,Hierarchical Clustering
9eci54foOGc9,68,easy,1,18627,Hierarchical Clustering
9eci54foOGc9,69,easy,1,15350,K-means Clustering
9eci54foOGc9,70,easy,1,10483,K-means Clustering
9eci54foOGc9,71,easy,1,15545,Hierarchical Clustering
9eci54foOGc9,72,medium,1,29179,Hierarchical Clustering
9eci54foOGc9,73,easy,1,14600,Model Evaluation
9eci54foOGc9,74,easy,1,10483,Similarity Measures
9eci54foOGc9,75,medium,1,31622,Model Evaluation
9eci54foOGc9,76,easy,1,21543,DBSCAN
9eci54foOGc9,77,medium,1,29739,DBSCAN
9eci54foOGc9,78,medium,1,29179,K-means Clustering
9eci54foOGc9,79,easy,0,25622,Decision Trees
9eci54foOGc9,80,easy,1,15002,K-means Clustering
9eci54foOGc9,81,easy,1,20441,DBSCAN
9eci54foOGc9,82,easy,1,15531,DBSCAN
9eci54foOGc9,83,easy,1,16173,K-means Clustering
9eci54foOGc9,84,easy,1,15350,DBSCAN
9eci54foOGc9,85,medium,0,34434,DBSCAN
9eci54foOGc9,86,easy,1,14600,Clustering Evaluation
9eci54foOGc9,87,easy,1,15545,Clustering Evaluation
9eci54foOGc9,88,easy,1,15006,DBSCAN
9eci54foOGc9,89,easy,1,20441,Similarity Measures
9eci54foOGc9,90,hard,0,29966,Model Evaluation
HDHPHpQGlRLt,61,easy,1,14818,K-means Clustering
HDHPHpQGlRLt,62,easy,1,16368,K-means Clustering
HDHPHpQGlRLt,63,easy,1,18851,Hierarchical Clustering
HDHPHpQGlRLt,64,easy,1,10498,Unsupervised Learning
HDHPHpQGlRLt,65,easy,1,14818,Unsupervised Learning
HDHPHpQGlRLt,66,easy,1,10498,DBSCAN
HDHPHpQGlRLt,67,medium,0,35821,Hierarchical Clustering
HDHPHpQGlRLt,68,easy,1,18851,Hierarchical Clustering
HDHPHpQGlRLt,69,easy,1,15725,K-means Clustering
HDHPHpQGlRLt,70,easy,1,10498,K-means Clustering
HDHPHpQGlRLt,71,easy,1,15925,Hierarchical Clustering
HDHPHpQGlRLt,72,medium,1,31434,Hierarchical Clustering
HDHPHpQGlRLt,73,easy,1,14775,Model Evaluation
HDHPHpQGlRLt,74,easy,1,10498,Similarity Measures
HDHPHpQGlRLt,75,medium,1,34066,Model Evaluation
HDHPHpQGlRLt,76,easy,1,24298,DBSCAN
HDHPHpQGlRLt,77,medium,1,33543,DBSCAN
HDHPHpQGlRLt,78,medium,1,31434,K-means Clustering
HDHPHpQGlRLt,79,easy,1,24044,Decision Trees
HDHPHpQGlRLt,80,easy,1,15182,K-means Clustering
HDHPHpQGlRLt,81,easy,1,20940,DBSCAN
HDHPHpQGlRLt,82,easy,1,15911,DBSCAN
HDHPHpQGlRLt,83,easy,1,16368,K-means Clustering
HDHPHpQGlRLt,84,easy,1,15725,DBSCAN
HDHPHpQGlRLt,85,medium,1,31846,DBSCAN
HDHPHpQGlRLt,86,easy,1,14775,Clustering Evaluation
HDHPHpQGlRLt,87,easy,0,22287,Clustering Evaluation
HDHPHpQGlRLt,88,easy,1,15186,DBSCAN
HDHPHpQGlRLt,89,easy,1,20940,Similarity Measures
HDHPHpQGlRLt,90,hard,0,31778,Model Evaluation
y9lkze6lHiAa,61,easy,1,8932,K-means Clustering
y9lkze6lHiAa,62,easy,1,13874,K-means Clustering
y9lkze6lHiAa,63,easy,1,14897,Hierarchical Clustering
y9lkze6lHiAa,64,easy,1,6361,Unsupervised Learning
y9lkze6lHiAa,65,easy,0,8909,Unsupervised Learning
y9lkze6lHiAa,66,easy,1,6361,DBSCAN
y9lkze6lHiAa,67,medium,0,16647,Hierarchical Clustering
y9lkze6lHiAa,68,easy,0,15214,Hierarchical Clustering
y9lkze6lHiAa,69,easy,0,13279,K-means Clustering
y9lkze6lHiAa,70,easy,1,6361,K-means Clustering
y9lkze6lHiAa,71,easy,1,13503,Hierarchical Clustering
y9lkze6lHiAa,72,medium,0,17192,Hierarchical Clustering
y9lkze6lHiAa,73,easy,0,11978,Model Evaluation
y9lkze6lHiAa,74,easy,1,6361,Similarity Measures
y9lkze6lHiAa,75,medium,0,18742,Model Evaluation
y9lkze6lHiAa,76,easy,1,17372,DBSCAN
y9lkze6lHiAa,77,medium,0,17705,DBSCAN
y9lkze6lHiAa,78,medium,0,17192,K-means Clustering
y9lkze6lHiAa,79,easy,0,15418,Decision Trees
y9lkze6lHiAa,80,easy,0,12262,K-means Clustering
y9lkze6lHiAa,81,easy,1,13762,DBSCAN
y9lkze6lHiAa,82,easy,0,13512,DBSCAN
y9lkze6lHiAa,83,easy,0,14121,K-means Clustering
y9lkze6lHiAa,84,easy,0,13279,DBSCAN
y9lkze6lHiAa,85,medium,0,17415,DBSCAN
y9lkze6lHiAa,86,easy,1,11729,Clustering Evaluation
y9lkze6lHiAa,87,easy,1,13503,Clustering Evaluation
y9lkze6lHiAa,88,easy,1,13473,DBSCAN
y9lkze6lHiAa,89,easy,0,14190,Similarity Measures
y9lkze6lHiAa,90,hard,1,22012,Model Evaluation
B0dezLVzpGHZ,61,easy,1,10621,K-means Clustering
B0dezLVzpGHZ,62,easy,1,12642,K-means Clustering
B0dezLVzpGHZ,63,easy,1,14560,Hierarchical Clustering
B0dezLVzpGHZ,64,easy,1,7500,Unsupervised Learning
B0dezLVzpGHZ,65,easy,1,10621,Unsupervised Learning
B0dezLVzpGHZ,66,easy,1,7500,DBSCAN
B0dezLVzpGHZ,67,medium,1,22053,Hierarchical Clustering
B0dezLVzpGHZ,68,easy,1,14560,Hierarchical Clustering
B0dezLVzpGHZ,69,easy,1,12453,K-means Clustering
B0dezLVzpGHZ,70,easy,1,7500,K-means Clustering
B0dezLVzpGHZ,71,easy,1,12786,Hierarchical Clustering
B0dezLVzpGHZ,72,medium,0,23456,Hierarchical Clustering
B0dezLVzpGHZ,73,easy,1,11412,Model Evaluation
B0dezLVzpGHZ,74,easy,1,7500,Similarity Measures
B0dezLVzpGHZ,75,medium,0,25402,Model Evaluation
B0dezLVzpGHZ,76,easy,0,20487,DBSCAN
B0dezLVzpGHZ,77,medium,0,23916,DBSCAN
B0dezLVzpGHZ,78,medium,1,22332,K-means Clustering
B0dezLVzpGHZ,79,easy,0,20239,Decision Trees
B0dezLVzpGHZ,80,easy,1,11726,K-means Clustering
B0dezLVzpGHZ,81,easy,1,17054,DBSCAN
B0dezLVzpGHZ,82,easy,1,12826,DBSCAN
B0dezLVzpGHZ,83,easy,1,12642,K-means Clustering
B0dezLVzpGHZ,84,easy,1,12453,DBSCAN
B0dezLVzpGHZ,85,medium,1,22625,DBSCAN
B0dezLVzpGHZ,86,easy,1,11412,Clustering Evaluation
B0dezLVzpGHZ,87,easy,1,12786,Clustering Evaluation
B0dezLVzpGHZ,88,easy,0,15522,DBSCAN
B0dezLVzpGHZ,89,easy,0,19151,Similarity Measures
B0dezLVzpGHZ,90,hard,0,22712,Model Evaluation
xPRdKA5UBNGM,61,easy,1,15659,K-means Clustering
xPRdKA5UBNGM,62,easy,1,17117,K-means Clustering
xPRdKA5UBNGM,63,easy,1,19714,Hierarchical Clustering
xPRdKA5UBNGM,64,easy,1,11094,Unsupervised Learning
xPRdKA5UBNGM,65,easy,1,15659,Unsupervised Learning
xPRdKA5UBNGM,66,easy,1,11094,DBSCAN
xPRdKA5UBNGM,67,medium,0,34551,Hierarchical Clustering
xPRdKA5UBNGM,68,easy,1,19714,Hierarchical Clustering
xPRdKA5UBNGM,69,easy,1,16245,K-means Clustering
xPRdKA5UBNGM,70,easy,1,11094,K-means Clustering
xPRdKA5UBNGM,71,easy,1,16452,Hierarchical Clustering
xPRdKA5UBNGM,72,medium,1,30881,Hierarchical Clustering
xPRdKA5UBNGM,73,easy,1,15451,Model Evaluation
xPRdKA5UBNGM,74,easy,1,11094,Similarity Measures
xPRdKA5UBNGM,75,medium,1,33467,Model Evaluation
xPRdKA5UBNGM,76,easy,0,26950,DBSCAN
xPRdKA5UBNGM,77,medium,1,31474,DBSCAN
xPRdKA5UBNGM,78,medium,1,30881,K-means Clustering
xPRdKA5UBNGM,79,easy,1,22560,Decision Trees
xPRdKA5UBNGM,80,easy,1,15877,K-means Clustering
xPRdKA5UBNGM,81,easy,1,21633,DBSCAN
xPRdKA5UBNGM,82,easy,1,16613,DBSCAN
xPRdKA5UBNGM,83,easy,1,17117,K-means Clustering
xPRdKA5UBNGM,84,easy,1,16245,DBSCAN
xPRdKA5UBNGM,85,medium,0,35780,DBSCAN
xPRdKA5UBNGM,86,easy,1,15451,Clustering Evaluation
xPRdKA5UBNGM,87,easy,1,16452,Clustering Evaluation
xPRdKA5UBNGM,88,easy,1,15881,DBSCAN
xPRdKA5UBNGM,89,easy,0,25043,Similarity Measures
xPRdKA5UBNGM,90,hard,0,31137,Model Evaluation
P76XnTmOjZzU,61,easy,1,15659,K-means Clustering
P76XnTmOjZzU,62,easy,1,17117,K-means Clustering
P76XnTmOjZzU,63,easy,1,19714,Hierarchical Clustering
P76XnTmOjZzU,64,easy,1,11094,Unsupervised Learning
P76XnTmOjZzU,65,easy,1,15659,Unsupervised Learning
P76XnTmOjZzU,66,easy,1,11094,DBSCAN
P76XnTmOjZzU,67,medium,0,34551,Hierarchical Clustering
P76XnTmOjZzU,68,easy,1,19714,Hierarchical Clustering
P76XnTmOjZzU,69,easy,1,16245,K-means Clustering
P76XnTmOjZzU,70,easy,1,11094,K-means Clustering
P76XnTmOjZzU,71,easy,1,16452,Hierarchical Clustering
P76XnTmOjZzU,72,medium,0,35341,Hierarchical Clustering
P76XnTmOjZzU,73,easy,1,15451,Model Evaluation
P76XnTmOjZzU,74,easy,1,11094,Similarity Measures
P76XnTmOjZzU,75,medium,1,33467,Model Evaluation
P76XnTmOjZzU,76,easy,0,26950,DBSCAN
P76XnTmOjZzU,77,medium,1,31474,DBSCAN
P76XnTmOjZzU,78,medium,0,35341,K-means Clustering
P76XnTmOjZzU,79,easy,1,22560,Decision Trees
P76XnTmOjZzU,80,easy,1,15877,K-means Clustering
P76XnTmOjZzU,81,easy,1,21633,DBSCAN
P76XnTmOjZzU,82,easy,1,16613,DBSCAN
P76XnTmOjZzU,83,easy,1,17117,K-means Clustering
P76XnTmOjZzU,84,easy,1,16245,DBSCAN
P76XnTmOjZzU,85,medium,1,31285,DBSCAN
P76XnTmOjZzU,86,easy,1,15451,Clustering Evaluation
P76XnTmOjZzU,87,easy,1,16452,Clustering Evaluation
P76XnTmOjZzU,88,easy,1,15881,DBSCAN
P76XnTmOjZzU,89,easy,1,21633,Similarity Measures
P76XnTmOjZzU,90,hard,0,31137,Model Evaluation
jkDHRLkdOO06,61,easy,1,14532,K-means Clustering
jkDHRLkdOO06,62,easy,1,15884,K-means Clustering
jkDHRLkdOO06,63,easy,1,18294,Hierarchical Clustering
jkDHRLkdOO06,64,easy,1,10295,Unsupervised Learning
jkDHRLkdOO06,65,easy,1,14532,Unsupervised Learning
jkDHRLkdOO06,66,easy,1,10295,DBSCAN
jkDHRLkdOO06,67,medium,0,32654,Hierarchical Clustering
jkDHRLkdOO06,68,easy,1,18294,Hierarchical Clustering
jkDHRLkdOO06,69,easy,1,15076,K-means Clustering
jkDHRLkdOO06,70,easy,1,10295,K-means Clustering
jkDHRLkdOO06,71,easy,1,15267,Hierarchical Clustering
jkDHRLkdOO06,72,medium,0,33401,Hierarchical Clustering
jkDHRLkdOO06,73,easy,1,14339,Model Evaluation
jkDHRLkdOO06,74,easy,1,10295,Similarity Measures
jkDHRLkdOO06,75,medium,1,31057,Model Evaluation
jkDHRLkdOO06,76,easy,0,25470,DBSCAN
jkDHRLkdOO06,77,medium,1,29208,DBSCAN
jkDHRLkdOO06,78,medium,0,33401,K-means Clustering
jkDHRLkdOO06,79,easy,1,20936,Decision Trees
jkDHRLkdOO06,80,easy,1,14734,K-means Clustering
jkDHRLkdOO06,81,easy,1,20075,DBSCAN
jkDHRLkdOO06,82,easy,1,15417,DBSCAN
jkDHRLkdOO06,83,easy,1,15884,K-means Clustering
jkDHRLkdOO06,84,easy,1,15076,DBSCAN
jkDHRLkdOO06,85,medium,1,29033,DBSCAN
jkDHRLkdOO06,86,easy,1,14339,Clustering Evaluation
jkDHRLkdOO06,87,easy,1,15267,Clustering Evaluation
jkDHRLkdOO06,88,easy,1,14737,DBSCAN
jkDHRLkdOO06,89,easy,1,20075,Similarity Measures
jkDHRLkdOO06,90,hard,0,29428,Model Evaluation
cCanr1FJP4WP,61,easy,1,14532,K-means Clustering
cCanr1FJP4WP,62,easy,1,15884,K-means Clustering
cCanr1FJP4WP,63,easy,1,18294,Hierarchical Clustering
cCanr1FJP4WP,64,easy,1,10295,Unsupervised Learning
cCanr1FJP4WP,65,easy,1,14532,Unsupervised Learning
cCanr1FJP4WP,66,easy,1,10295,DBSCAN
cCanr1FJP4WP,67,medium,0,32654,Hierarchical Clustering
cCanr1FJP4WP,68,easy,1,18294,Hierarchical Clustering
cCanr1FJP4WP,69,easy,1,15076,K-means Clustering
cCanr1FJP4WP,70,easy,1,10295,K-means Clustering
cCanr1FJP4WP,71,easy,1,15267,Hierarchical Clustering
cCanr1FJP4WP,72,medium,0,33401,Hierarchical Clustering
cCanr1FJP4WP,73,easy,1,14339,Model Evaluation
cCanr1FJP4WP,74,easy,1,10295,Similarity Measures
cCanr1FJP4WP,75,medium,1,31057,Model Evaluation
cCanr1FJP4WP,76,easy,0,25470,DBSCAN
cCanr1FJP4WP,77,medium,1,29208,DBSCAN
cCanr1FJP4WP,78,medium,0,33401,K-means Clustering
cCanr1FJP4WP,79,easy,1,20936,Decision Trees
cCanr1FJP4WP,80,easy,1,14734,K-means Clustering
cCanr1FJP4WP,81,easy,1,20075,DBSCAN
cCanr1FJP4WP,82,easy,1,15417,DBSCAN
cCanr1FJP4WP,83,easy,1,15884,K-means Clustering
cCanr1FJP4WP,84,easy,1,15076,DBSCAN
cCanr1FJP4WP,85,medium,1,29033,DBSCAN
cCanr1FJP4WP,86,easy,1,14339,Clustering Evaluation
cCanr1FJP4WP,87,easy,1,15267,Clustering Evaluation
cCanr1FJP4WP,88,easy,1,14737,DBSCAN
cCanr1FJP4WP,89,easy,1,20075,Similarity Measures
cCanr1FJP4WP,90,hard,0,29428,Model Evaluation
m7l9wOWJlnvS,61,easy,1,14532,K-means Clustering
m7l9wOWJlnvS,62,easy,1,15884,K-means Clustering
m7l9wOWJlnvS,63,easy,1,18294,Hierarchical Clustering
m7l9wOWJlnvS,64,easy,1,10295,Unsupervised Learning
m7l9wOWJlnvS,65,easy,1,14532,Unsupervised Learning
m7l9wOWJlnvS,66,easy,1,10295,DBSCAN
m7l9wOWJlnvS,67,medium,0,32654,Hierarchical Clustering
m7l9wOWJlnvS,68,easy,1,18294,Hierarchical Clustering
m7l9wOWJlnvS,69,easy,1,15076,K-means Clustering
m7l9wOWJlnvS,70,easy,1,10295,K-means Clustering
m7l9wOWJlnvS,71,easy,1,15267,Hierarchical Clustering
m7l9wOWJlnvS,72,medium,0,33401,Hierarchical Clustering
m7l9wOWJlnvS,73,easy,1,14339,Model Evaluation
m7l9wOWJlnvS,74,easy,1,10295,Similarity Measures
m7l9wOWJlnvS,75,medium,1,31057,Model Evaluation
m7l9wOWJlnvS,76,easy,0,25470,DBSCAN
m7l9wOWJlnvS,77,medium,1,29208,DBSCAN
m7l9wOWJlnvS,78,medium,0,33401,K-means Clustering
m7l9wOWJlnvS,79,easy,1,20936,Decision Trees
m7l9wOWJlnvS,80,easy,1,14734,K-means Clustering
m7l9wOWJlnvS,81,easy,1,20075,DBSCAN
m7l9wOWJlnvS,82,easy,1,15417,DBSCAN
m7l9wOWJlnvS,83,easy,1,15884,K-means Clustering
m7l9wOWJlnvS,84,easy,1,15076,DBSCAN
m7l9wOWJlnvS,85,medium,1,29033,DBSCAN
m7l9wOWJlnvS,86,easy,1,14339,Clustering Evaluation
m7l9wOWJlnvS,87,easy,1,15267,Clustering Evaluation
m7l9wOWJlnvS,88,easy,1,14737,DBSCAN
m7l9wOWJlnvS,89,easy,1,20075,Similarity Measures
m7l9wOWJlnvS,90,hard,0,29428,Model Evaluation
oVyzGGgOFu4f,61,easy,1,15659,K-means Clustering
oVyzGGgOFu4f,62,easy,0,23508,K-means Clustering
oVyzGGgOFu4f,63,easy,1,19714,Hierarchical Clustering
oVyzGGgOFu4f,64,easy,1,11094,Unsupervised Learning
oVyzGGgOFu4f,65,easy,1,15659,Unsupervised Learning
oVyzGGgOFu4f,66,easy,1,11094,DBSCAN
oVyzGGgOFu4f,67,medium,1,30495,Hierarchical Clustering
oVyzGGgOFu4f,68,easy,1,19714,Hierarchical Clustering
oVyzGGgOFu4f,69,easy,1,16245,K-means Clustering
oVyzGGgOFu4f,70,easy,1,11094,K-means Clustering
oVyzGGgOFu4f,71,easy,1,16452,Hierarchical Clustering
oVyzGGgOFu4f,72,medium,1,30881,Hierarchical Clustering
oVyzGGgOFu4f,73,easy,1,15451,Model Evaluation
oVyzGGgOFu4f,74,easy,1,11094,Similarity Measures
oVyzGGgOFu4f,75,medium,1,33467,Model Evaluation
oVyzGGgOFu4f,76,easy,1,22799,DBSCAN
oVyzGGgOFu4f,77,medium,0,36256,DBSCAN
oVyzGGgOFu4f,78,medium,1,30881,K-means Clustering
oVyzGGgOFu4f,79,easy,1,22560,Decision Trees
oVyzGGgOFu4f,80,easy,1,15877,K-means Clustering
oVyzGGgOFu4f,81,easy,1,21633,DBSCAN
oVyzGGgOFu4f,82,easy,1,16613,DBSCAN
oVyzGGgOFu4f,83,easy,1,17117,K-means Clustering
oVyzGGgOFu4f,84,easy,1,16245,DBSCAN
oVyzGGgOFu4f,85,medium,1,31285,DBSCAN
oVyzGGgOFu4f,86,easy,0,20729,Clustering Evaluation
oVyzGGgOFu4f,87,easy,0,22606,Clustering Evaluation
oVyzGGgOFu4f,88,easy,1,15881,DBSCAN
oVyzGGgOFu4f,89,easy,1,21633,Similarity Measures
oVyzGGgOFu4f,90,hard,0,31137,Model Evaluation
w1PmKgj9FomZ,61,easy,1,14796,K-means Clustering
w1PmKgj9FomZ,62,easy,1,16173,K-means Clustering
w1PmKgj9FomZ,63,easy,1,18627,Hierarchical Clustering
w1PmKgj9FomZ,64,easy,1,10483,Unsupervised Learning
w1PmKgj9FomZ,65,easy,1,14796,Unsupervised Learning
w1PmKgj9FomZ,66,easy,1,10483,DBSCAN
w1PmKgj9FomZ,67,medium,1,28814,Hierarchical Clustering
w1PmKgj9FomZ,68,easy,1,18627,Hierarchical Clustering
w1PmKgj9FomZ,69,easy,0,21538,K-means Clustering
w1PmKgj9FomZ,70,easy,1,10483,K-means Clustering
w1PmKgj9FomZ,71,easy,1,15545,Hierarchical Clustering
w1PmKgj9FomZ,72,medium,0,34012,Hierarchical Clustering
w1PmKgj9FomZ,73,easy,1,14600,Model Evaluation
w1PmKgj9FomZ,74,easy,1,10483,Similarity Measures
w1PmKgj9FomZ,75,medium,0,36835,Model Evaluation
w1PmKgj9FomZ,76,easy,1,21543,DBSCAN
w1PmKgj9FomZ,77,medium,0,34893,DBSCAN
w1PmKgj9FomZ,78,medium,0,34012,K-means Clustering
w1PmKgj9FomZ,79,easy,0,25622,Decision Trees
w1PmKgj9FomZ,80,easy,1,15002,K-means Clustering
w1PmKgj9FomZ,81,easy,1,20441,DBSCAN
w1PmKgj9FomZ,82,easy,0,21922,DBSCAN
w1PmKgj9FomZ,83,easy,1,16173,K-means Clustering
w1PmKgj9FomZ,84,easy,1,15350,DBSCAN
w1PmKgj9FomZ,85,medium,0,34434,DBSCAN
w1PmKgj9FomZ,86,easy,1,14600,Clustering Evaluation
w1PmKgj9FomZ,87,easy,1,15545,Clustering Evaluation
w1PmKgj9FomZ,88,easy,1,15006,DBSCAN
w1PmKgj9FomZ,89,easy,0,24101,Similarity Measures
w1PmKgj9FomZ,90,hard,0,29966,Model Evaluation
Mr0bz3y2IHmW,61,easy,1,12136,K-means Clustering
Mr0bz3y2IHmW,62,easy,1,14280,K-means Clustering
Mr0bz3y2IHmW,63,easy,1,16446,Hierarchical Clustering
Mr0bz3y2IHmW,64,easy,1,8472,Unsupervised Learning
Mr0bz3y2IHmW,65,easy,1,12136,Unsupervised Learning
Mr0bz3y2IHmW,66,easy,1,8472,DBSCAN
Mr0bz3y2IHmW,67,medium,0,26166,Hierarchical Clustering
Mr0bz3y2IHmW,68,easy,1,16446,Hierarchical Clustering
Mr0bz3y2IHmW,69,easy,1,13984,K-means Clustering
Mr0bz3y2IHmW,70,easy,1,8472,K-means Clustering
Mr0bz3y2IHmW,71,easy,1,14358,Hierarchical Clustering
Mr0bz3y2IHmW,72,medium,1,25484,Hierarchical Clustering
Mr0bz3y2IHmW,73,easy,1,12891,Model Evaluation
Mr0bz3y2IHmW,74,easy,1,8472,Similarity Measures
Mr0bz3y2IHmW,75,medium,1,27617,Model Evaluation
Mr0bz3y2IHmW,76,easy,1,19970,DBSCAN
Mr0bz3y2IHmW,77,medium,1,25973,DBSCAN
Mr0bz3y2IHmW,78,medium,1,25484,K-means Clustering
Mr0bz3y2IHmW,79,easy,0,22620,Decision Trees
Mr0bz3y2IHmW,80,easy,1,13246,K-means Clustering
Mr0bz3y2IHmW,81,easy,1,19150,DBSCAN
Mr0bz3y2IHmW,82,easy,1,14403,DBSCAN
Mr0bz3y2IHmW,83,easy,1,14280,K-means Clustering
Mr0bz3y2IHmW,84,easy,1,13984,DBSCAN
Mr0bz3y2IHmW,85,medium,1,25817,DBSCAN
Mr0bz3y2IHmW,86,easy,1,12891,Clustering Evaluation
Mr0bz3y2IHmW,87,easy,1,14358,Clustering Evaluation
Mr0bz3y2IHmW,88,easy,1,14211,DBSCAN
Mr0bz3y2IHmW,89,easy,0,21505,Similarity Measures
Mr0bz3y2IHmW,90,hard,0,25917,Model Evaluation
aKKO0pyKuBaK,61,easy,1,11875,K-means Clustering
aKKO0pyKuBaK,62,easy,1,14134,K-means Clustering
aKKO0pyKuBaK,63,easy,1,16278,Hierarchical Clustering
aKKO0pyKuBaK,64,easy,1,8385,Unsupervised Learning
aKKO0pyKuBaK,65,easy,1,11875,Unsupervised Learning
aKKO0pyKuBaK,66,easy,1,8385,DBSCAN
aKKO0pyKuBaK,67,medium,1,24908,Hierarchical Clustering
aKKO0pyKuBaK,68,easy,1,16278,Hierarchical Clustering
aKKO0pyKuBaK,69,easy,0,16977,K-means Clustering
aKKO0pyKuBaK,70,easy,1,8385,K-means Clustering
aKKO0pyKuBaK,71,easy,1,14212,Hierarchical Clustering
aKKO0pyKuBaK,72,medium,0,26492,Hierarchical Clustering
aKKO0pyKuBaK,73,easy,1,12759,Model Evaluation
aKKO0pyKuBaK,74,easy,1,8385,Similarity Measures
aKKO0pyKuBaK,75,medium,0,28691,Model Evaluation
aKKO0pyKuBaK,76,easy,1,19766,DBSCAN
aKKO0pyKuBaK,77,medium,0,27012,DBSCAN
aKKO0pyKuBaK,78,medium,0,26492,K-means Clustering
aKKO0pyKuBaK,79,easy,0,22389,Decision Trees
aKKO0pyKuBaK,80,easy,1,13110,K-means Clustering
aKKO0pyKuBaK,81,easy,1,18955,DBSCAN
aKKO0pyKuBaK,82,easy,0,18529,DBSCAN
aKKO0pyKuBaK,83,easy,1,14134,K-means Clustering
aKKO0pyKuBaK,84,easy,1,13841,DBSCAN
aKKO0pyKuBaK,85,medium,0,26821,DBSCAN
aKKO0pyKuBaK,86,easy,1,12759,Clustering Evaluation
aKKO0pyKuBaK,87,easy,1,14212,Clustering Evaluation
aKKO0pyKuBaK,88,easy,1,14066,DBSCAN
aKKO0pyKuBaK,89,easy,0,21286,Similarity Measures
aKKO0pyKuBaK,90,hard,0,25653,Model Evaluation
OHaSXzUdzChO,61,easy,1,14711,K-means Clustering
OHaSXzUdzChO,62,easy,1,16137,K-means Clustering
OHaSXzUdzChO,63,easy,1,18585,Hierarchical Clustering
OHaSXzUdzChO,64,easy,1,10308,Unsupervised Learning
OHaSXzUdzChO,65,easy,1,14711,Unsupervised Learning
OHaSXzUdzChO,66,easy,1,10308,DBSCAN
OHaSXzUdzChO,67,medium,1,27324,Hierarchical Clustering
OHaSXzUdzChO,68,easy,1,18585,Hierarchical Clustering
OHaSXzUdzChO,69,easy,0,20736,K-means Clustering
OHaSXzUdzChO,70,easy,1,10308,K-means Clustering
OHaSXzUdzChO,71,easy,1,15444,Hierarchical Clustering
OHaSXzUdzChO,72,medium,0,31099,Hierarchical Clustering
OHaSXzUdzChO,73,easy,1,14567,Model Evaluation
OHaSXzUdzChO,74,easy,1,10308,Similarity Measures
OHaSXzUdzChO,75,medium,0,33680,Model Evaluation
OHaSXzUdzChO,76,easy,1,20903,DBSCAN
OHaSXzUdzChO,77,medium,0,31904,DBSCAN
OHaSXzUdzChO,78,medium,0,31099,K-means Clustering
OHaSXzUdzChO,79,easy,0,24092,Decision Trees
OHaSXzUdzChO,80,easy,1,14968,K-means Clustering
OHaSXzUdzChO,81,easy,1,20156,DBSCAN
OHaSXzUdzChO,82,easy,0,21106,DBSCAN
OHaSXzUdzChO,83,easy,1,16137,K-means Clustering
OHaSXzUdzChO,84,easy,1,15250,DBSCAN
OHaSXzUdzChO,85,medium,0,31485,DBSCAN
OHaSXzUdzChO,86,easy,1,14567,Clustering Evaluation
OHaSXzUdzChO,87,easy,1,15444,Clustering Evaluation
OHaSXzUdzChO,88,easy,1,14934,DBSCAN
OHaSXzUdzChO,89,easy,0,23031,Similarity Measures
OHaSXzUdzChO,90,hard,0,28638,Model Evaluation
e35NZ2cItyz9,61,easy,1,14711,K-means Clustering
e35NZ2cItyz9,62,easy,1,16137,K-means Clustering
e35NZ2cItyz9,63,easy,1,18585,Hierarchical Clustering
e35NZ2cItyz9,64,easy,1,10308,Unsupervised Learning
e35NZ2cItyz9,65,easy,1,14711,Unsupervised Learning
e35NZ2cItyz9,66,easy,1,10308,DBSCAN
e35NZ2cItyz9,67,medium,0,30403,Hierarchical Clustering
e35NZ2cItyz9,68,easy,1,18585,Hierarchical Clustering
e35NZ2cItyz9,69,easy,1,15250,K-means Clustering
e35NZ2cItyz9,70,easy,1,10308,K-means Clustering
e35NZ2cItyz9,71,easy,1,15444,Hierarchical Clustering
e35NZ2cItyz9,72,medium,1,27670,Hierarchical Clustering
e35NZ2cItyz9,73,easy,1,14567,Model Evaluation
e35NZ2cItyz9,74,easy,1,10308,Similarity Measures
e35NZ2cItyz9,75,medium,1,29987,Model Evaluation
e35NZ2cItyz9,76,easy,1,20903,DBSCAN
e35NZ2cItyz9,77,medium,0,31904,DBSCAN
e35NZ2cItyz9,78,medium,1,27670,K-means Clustering
e35NZ2cItyz9,79,easy,1,20684,Decision Trees
e35NZ2cItyz9,80,easy,1,14968,K-means Clustering
e35NZ2cItyz9,81,easy,1,20156,DBSCAN
e35NZ2cItyz9,82,easy,1,15430,DBSCAN
e35NZ2cItyz9,83,easy,1,16137,K-means Clustering
e35NZ2cItyz9,84,easy,1,15250,DBSCAN
e35NZ2cItyz9,85,medium,0,31485,DBSCAN
e35NZ2cItyz9,86,easy,1,14567,Clustering Evaluation
e35NZ2cItyz9,87,easy,1,15444,Clustering Evaluation
e35NZ2cItyz9,88,easy,1,14934,DBSCAN
e35NZ2cItyz9,89,easy,1,20156,Similarity Measures
e35NZ2cItyz9,90,hard,0,28638,Model Evaluation
C6BcTLw4mOKQ,61,easy,1,14796,K-means Clustering
C6BcTLw4mOKQ,62,easy,1,16173,K-means Clustering
C6BcTLw4mOKQ,63,easy,1,18627,Hierarchical Clustering
C6BcTLw4mOKQ,64,easy,1,10483,Unsupervised Learning
C6BcTLw4mOKQ,65,easy,1,14796,Unsupervised Learning
C6BcTLw4mOKQ,66,easy,1,10483,DBSCAN
C6BcTLw4mOKQ,67,medium,0,33251,Hierarchical Clustering
C6BcTLw4mOKQ,68,easy,1,18627,Hierarchical Clustering
C6BcTLw4mOKQ,69,easy,1,15350,K-means Clustering
C6BcTLw4mOKQ,70,easy,1,10483,K-means Clustering
C6BcTLw4mOKQ,71,easy,1,15545,Hierarchical Clustering
C6BcTLw4mOKQ,72,medium,1,29179,Hierarchical Clustering
C6BcTLw4mOKQ,73,easy,1,14600,Model Evaluation
C6BcTLw4mOKQ,74,easy,1,10483,Similarity Measures
C6BcTLw4mOKQ,75,medium,1,31622,Model Evaluation
C6BcTLw4mOKQ,76,easy,0,25936,DBSCAN
C6BcTLw4mOKQ,77,medium,1,29739,DBSCAN
C6BcTLw4mOKQ,78,medium,1,29179,K-means Clustering
C6BcTLw4mOKQ,79,easy,0,25622,Decision Trees
C6BcTLw4mOKQ,80,easy,1,15002,K-means Clustering
C6BcTLw4mOKQ,81,easy,1,20441,DBSCAN
C6BcTLw4mOKQ,82,easy,1,15531,DBSCAN
C6BcTLw4mOKQ,83,easy,1,16173,K-means Clustering
C6BcTLw4mOKQ,84,easy,1,15350,DBSCAN
C6BcTLw4mOKQ,85,medium,0,34434,DBSCAN
C6BcTLw4mOKQ,86,easy,1,14600,Clustering Evaluation
C6BcTLw4mOKQ,87,easy,1,15545,Clustering Evaluation
C6BcTLw4mOKQ,88,easy,1,15006,DBSCAN
C6BcTLw4mOKQ,89,easy,1,20441,Similarity Measures
C6BcTLw4mOKQ,90,hard,0,29966,Model Evaluation
1ggBjCxnkaT8,61,easy,1,13046,K-means Clustering
1ggBjCxnkaT8,62,easy,1,15769,K-means Clustering
1ggBjCxnkaT8,63,easy,1,17892,Hierarchical Clustering
1ggBjCxnkaT8,64,easy,1,9274,Unsupervised Learning
1ggBjCxnkaT8,65,easy,1,13046,Unsupervised Learning
1ggBjCxnkaT8,66,easy,1,9274,DBSCAN
1ggBjCxnkaT8,67,medium,0,29068,Hierarchical Clustering
1ggBjCxnkaT8,68,easy,1,17892,Hierarchical Clustering
1ggBjCxnkaT8,69,easy,1,15214,K-means Clustering
1ggBjCxnkaT8,70,easy,1,9274,K-means Clustering
1ggBjCxnkaT8,71,easy,1,15621,Hierarchical Clustering
1ggBjCxnkaT8,72,medium,1,28839,Hierarchical Clustering
1ggBjCxnkaT8,73,easy,1,14024,Model Evaluation
1ggBjCxnkaT8,74,easy,1,9274,Similarity Measures
1ggBjCxnkaT8,75,medium,1,31776,Model Evaluation
1ggBjCxnkaT8,76,easy,1,21905,DBSCAN
1ggBjCxnkaT8,77,medium,0,30621,DBSCAN
1ggBjCxnkaT8,78,medium,1,28839,K-means Clustering
1ggBjCxnkaT8,79,easy,1,21676,Decision Trees
1ggBjCxnkaT8,80,easy,0,16688,K-means Clustering
1ggBjCxnkaT8,81,easy,1,20834,DBSCAN
1ggBjCxnkaT8,82,easy,1,15796,DBSCAN
1ggBjCxnkaT8,83,easy,1,15769,K-means Clustering
1ggBjCxnkaT8,84,easy,1,15214,DBSCAN
1ggBjCxnkaT8,85,medium,0,30102,DBSCAN
1ggBjCxnkaT8,86,easy,1,14024,Clustering Evaluation
1ggBjCxnkaT8,87,easy,1,15621,Clustering Evaluation
1ggBjCxnkaT8,88,easy,0,18341,DBSCAN
1ggBjCxnkaT8,89,easy,1,20834,Similarity Measures
1ggBjCxnkaT8,90,hard,0,28791,Model Evaluation
6k8WibIW0Img,61,easy,1,14532,K-means Clustering
6k8WibIW0Img,62,easy,1,15884,K-means Clustering
6k8WibIW0Img,63,easy,1,18294,Hierarchical Clustering
6k8WibIW0Img,64,easy,1,10295,Unsupervised Learning
6k8WibIW0Img,65,easy,1,14532,Unsupervised Learning
6k8WibIW0Img,66,easy,1,10295,DBSCAN
6k8WibIW0Img,67,medium,0,32654,Hierarchical Clustering
6k8WibIW0Img,68,easy,1,18294,Hierarchical Clustering
6k8WibIW0Img,69,easy,1,15076,K-means Clustering
6k8WibIW0Img,70,easy,1,10295,K-means Clustering
6k8WibIW0Img,71,easy,1,15267,Hierarchical Clustering
6k8WibIW0Img,72,medium,0,33401,Hierarchical Clustering
6k8WibIW0Img,73,easy,1,14339,Model Evaluation
6k8WibIW0Img,74,easy,1,10295,Similarity Measures
6k8WibIW0Img,75,medium,1,31057,Model Evaluation
6k8WibIW0Img,76,easy,1,21157,DBSCAN
6k8WibIW0Img,77,medium,1,29208,DBSCAN
6k8WibIW0Img,78,medium,1,28658,K-means Clustering
6k8WibIW0Img,79,easy,1,20936,Decision Trees
6k8WibIW0Img,80,easy,1,14734,K-means Clustering
6k8WibIW0Img,81,easy,1,20075,DBSCAN
6k8WibIW0Img,82,easy,1,15417,DBSCAN
6k8WibIW0Img,83,easy,1,15884,K-means Clustering
6k8WibIW0Img,84,easy,1,15076,DBSCAN
6k8WibIW0Img,85,medium,1,29033,DBSCAN
6k8WibIW0Img,86,easy,1,14339,Clustering Evaluation
6k8WibIW0Img,87,easy,1,15267,Clustering Evaluation
6k8WibIW0Img,88,easy,1,14737,DBSCAN
6k8WibIW0Img,89,easy,1,20075,Similarity Measures
6k8WibIW0Img,90,hard,0,29428,Model Evaluation
SOvsRqc7VPKI,61,easy,1,14532,K-means Clustering
SOvsRqc7VPKI,62,easy,1,15884,K-means Clustering
SOvsRqc7VPKI,63,easy,1,18294,Hierarchical Clustering
SOvsRqc7VPKI,64,easy,1,10295,Unsupervised Learning
SOvsRqc7VPKI,65,easy,1,14532,Unsupervised Learning
SOvsRqc7VPKI,66,easy,1,10295,DBSCAN
SOvsRqc7VPKI,67,medium,1,28299,Hierarchical Clustering
SOvsRqc7VPKI,68,easy,1,18294,Hierarchical Clustering
SOvsRqc7VPKI,69,easy,1,15076,K-means Clustering
SOvsRqc7VPKI,70,easy,1,10295,K-means Clustering
SOvsRqc7VPKI,71,easy,1,15267,Hierarchical Clustering
SOvsRqc7VPKI,72,medium,0,33401,Hierarchical Clustering
SOvsRqc7VPKI,73,easy,1,14339,Model Evaluation
SOvsRqc7VPKI,74,easy,1,10295,Similarity Measures
SOvsRqc7VPKI,75,medium,1,31057,Model Evaluation
SOvsRqc7VPKI,76,easy,1,21157,DBSCAN
SOvsRqc7VPKI,77,medium,1,29208,DBSCAN
SOvsRqc7VPKI,78,medium,1,28658,K-means Clustering
SOvsRqc7VPKI,79,easy,1,20936,Decision Trees
SOvsRqc7VPKI,80,easy,1,14734,K-means Clustering
SOvsRqc7VPKI,81,easy,1,20075,DBSCAN
SOvsRqc7VPKI,82,easy,1,15417,DBSCAN
SOvsRqc7VPKI,83,easy,1,15884,K-means Clustering
SOvsRqc7VPKI,84,easy,1,15076,DBSCAN
SOvsRqc7VPKI,85,medium,1,29033,DBSCAN
SOvsRqc7VPKI,86,easy,1,14339,Clustering Evaluation
SOvsRqc7VPKI,87,easy,1,15267,Clustering Evaluation
SOvsRqc7VPKI,88,easy,1,14737,DBSCAN
SOvsRqc7VPKI,89,easy,1,20075,Similarity Measures
SOvsRqc7VPKI,90,hard,0,29428,Model Evaluation
o2VbFpgtLwG2,61,easy,1,14332,K-means Clustering
o2VbFpgtLwG2,62,easy,0,18942,K-means Clustering
o2VbFpgtLwG2,63,easy,1,19464,Hierarchical Clustering
o2VbFpgtLwG2,64,easy,1,10088,Unsupervised Learning
o2VbFpgtLwG2,65,easy,1,14332,Unsupervised Learning
o2VbFpgtLwG2,66,easy,1,10088,DBSCAN
o2VbFpgtLwG2,67,medium,0,29228,Hierarchical Clustering
o2VbFpgtLwG2,68,easy,1,19464,Hierarchical Clustering
o2VbFpgtLwG2,69,easy,1,16550,K-means Clustering
o2VbFpgtLwG2,70,easy,1,10088,K-means Clustering
o2VbFpgtLwG2,71,easy,1,16993,Hierarchical Clustering
o2VbFpgtLwG2,72,medium,0,29897,Hierarchical Clustering
o2VbFpgtLwG2,73,easy,1,15256,Model Evaluation
o2VbFpgtLwG2,74,easy,1,10088,Similarity Measures
o2VbFpgtLwG2,75,medium,1,33242,Model Evaluation
o2VbFpgtLwG2,76,easy,1,23299,DBSCAN
o2VbFpgtLwG2,77,medium,0,30789,DBSCAN
o2VbFpgtLwG2,78,medium,1,30674,K-means Clustering
o2VbFpgtLwG2,79,easy,1,23055,Decision Trees
o2VbFpgtLwG2,80,easy,0,17162,K-means Clustering
o2VbFpgtLwG2,81,easy,1,22664,DBSCAN
o2VbFpgtLwG2,82,easy,1,17184,DBSCAN
o2VbFpgtLwG2,83,easy,1,16900,K-means Clustering
o2VbFpgtLwG2,84,easy,1,16550,DBSCAN
o2VbFpgtLwG2,85,medium,0,30268,DBSCAN
o2VbFpgtLwG2,86,easy,1,15256,Clustering Evaluation
o2VbFpgtLwG2,87,easy,0,20024,Clustering Evaluation
o2VbFpgtLwG2,88,easy,1,16818,DBSCAN
o2VbFpgtLwG2,89,easy,0,22911,Similarity Measures
o2VbFpgtLwG2,90,hard,0,28950,Model Evaluation
ylh73EEFQ8CD,61,easy,1,13612,K-means Clustering
ylh73EEFQ8CD,62,easy,1,14595,K-means Clustering
ylh73EEFQ8CD,63,easy,1,16810,Hierarchical Clustering
ylh73EEFQ8CD,64,easy,1,9460,Unsupervised Learning
ylh73EEFQ8CD,65,easy,1,13612,Unsupervised Learning
ylh73EEFQ8CD,66,easy,1,9460,DBSCAN
ylh73EEFQ8CD,67,medium,0,30350,Hierarchical Clustering
ylh73EEFQ8CD,68,easy,1,16810,Hierarchical Clustering
ylh73EEFQ8CD,69,easy,1,13647,K-means Clustering
ylh73EEFQ8CD,70,easy,1,9460,K-means Clustering
ylh73EEFQ8CD,71,easy,1,13821,Hierarchical Clustering
ylh73EEFQ8CD,72,medium,1,25779,Hierarchical Clustering
ylh73EEFQ8CD,73,easy,1,13175,Model Evaluation
ylh73EEFQ8CD,74,easy,1,9460,Similarity Measures
ylh73EEFQ8CD,75,medium,0,33135,Model Evaluation
ylh73EEFQ8CD,76,easy,1,18911,DBSCAN
ylh73EEFQ8CD,77,medium,1,26273,DBSCAN
ylh73EEFQ8CD,78,medium,1,25779,K-means Clustering
ylh73EEFQ8CD,79,easy,1,18713,Decision Trees
ylh73EEFQ8CD,80,easy,1,13538,K-means Clustering
ylh73EEFQ8CD,81,easy,1,18251,DBSCAN
ylh73EEFQ8CD,82,easy,1,13956,DBSCAN
ylh73EEFQ8CD,83,easy,1,14595,K-means Clustering
ylh73EEFQ8CD,84,easy,1,13647,DBSCAN
ylh73EEFQ8CD,85,medium,0,30975,DBSCAN
ylh73EEFQ8CD,86,easy,1,13175,Clustering Evaluation
ylh73EEFQ8CD,87,easy,1,13821,Clustering Evaluation
ylh73EEFQ8CD,88,easy,1,13399,DBSCAN
ylh73EEFQ8CD,89,easy,1,18251,Similarity Measures
ylh73EEFQ8CD,90,hard,1,27279,Model Evaluation
WZiibWz2DWRQ,61,easy,1,14378,K-means Clustering
WZiibWz2DWRQ,62,easy,1,15772,K-means Clustering
WZiibWz2DWRQ,63,easy,1,18165,Hierarchical Clustering
WZiibWz2DWRQ,64,easy,1,10075,Unsupervised Learning
WZiibWz2DWRQ,65,easy,1,14378,Unsupervised Learning
WZiibWz2DWRQ,66,easy,1,10075,DBSCAN
WZiibWz2DWRQ,67,medium,0,26355,Hierarchical Clustering
WZiibWz2DWRQ,68,easy,1,18165,Hierarchical Clustering
WZiibWz2DWRQ,69,easy,1,14941,K-means Clustering
WZiibWz2DWRQ,70,easy,1,10075,K-means Clustering
WZiibWz2DWRQ,71,easy,1,15041,Hierarchical Clustering
WZiibWz2DWRQ,72,medium,0,26959,Hierarchical Clustering
WZiibWz2DWRQ,73,easy,1,14237,Model Evaluation
WZiibWz2DWRQ,74,easy,1,10075,Similarity Measures
WZiibWz2DWRQ,75,medium,1,27817,Model Evaluation
WZiibWz2DWRQ,76,easy,0,23063,DBSCAN
WZiibWz2DWRQ,77,medium,1,26160,DBSCAN
WZiibWz2DWRQ,78,medium,1,25668,K-means Clustering
WZiibWz2DWRQ,79,easy,1,19903,Decision Trees
WZiibWz2DWRQ,80,easy,1,14629,K-means Clustering
WZiibWz2DWRQ,81,easy,1,19440,DBSCAN
WZiibWz2DWRQ,82,easy,1,15027,DBSCAN
WZiibWz2DWRQ,83,easy,1,15772,K-means Clustering
WZiibWz2DWRQ,84,easy,1,14941,DBSCAN
WZiibWz2DWRQ,85,medium,0,27293,DBSCAN
WZiibWz2DWRQ,86,easy,1,14237,Clustering Evaluation
WZiibWz2DWRQ,87,easy,1,15041,Clustering Evaluation
WZiibWz2DWRQ,88,easy,1,15183,DBSCAN
WZiibWz2DWRQ,89,easy,1,19440,Similarity Measures
WZiibWz2DWRQ,90,hard,0,26105,Model Evaluation
SpXSTCkMzPni,61,easy,1,14796,K-means Clustering
SpXSTCkMzPni,62,easy,1,16173,K-means Clustering
SpXSTCkMzPni,63,easy,1,18627,Hierarchical Clustering
SpXSTCkMzPni,64,easy,1,10483,Unsupervised Learning
SpXSTCkMzPni,65,easy,1,14796,Unsupervised Learning
SpXSTCkMzPni,66,easy,1,10483,DBSCAN
SpXSTCkMzPni,67,medium,0,33251,Hierarchical Clustering
SpXSTCkMzPni,68,easy,1,18627,Hierarchical Clustering
SpXSTCkMzPni,69,easy,1,15350,K-means Clustering
SpXSTCkMzPni,70,easy,1,10483,K-means Clustering
SpXSTCkMzPni,71,easy,1,15545,Hierarchical Clustering
SpXSTCkMzPni,72,medium,1,29179,Hierarchical Clustering
SpXSTCkMzPni,73,easy,1,14600,Model Evaluation
SpXSTCkMzPni,74,easy,1,10483,Similarity Measures
SpXSTCkMzPni,75,medium,0,36835,Model Evaluation
SpXSTCkMzPni,76,easy,1,21543,DBSCAN
SpXSTCkMzPni,77,medium,1,29739,DBSCAN
SpXSTCkMzPni,78,medium,1,29179,K-means Clustering
SpXSTCkMzPni,79,easy,1,21317,Decision Trees
SpXSTCkMzPni,80,easy,1,15002,K-means Clustering
SpXSTCkMzPni,81,easy,1,20441,DBSCAN
SpXSTCkMzPni,82,easy,1,15531,DBSCAN
SpXSTCkMzPni,83,easy,1,16173,K-means Clustering
SpXSTCkMzPni,84,easy,1,15350,DBSCAN
SpXSTCkMzPni,85,medium,0,34434,DBSCAN
SpXSTCkMzPni,86,easy,1,14600,Clustering Evaluation
SpXSTCkMzPni,87,easy,1,15545,Clustering Evaluation
SpXSTCkMzPni,88,easy,1,15006,DBSCAN
SpXSTCkMzPni,89,easy,1,20441,Similarity Measures
SpXSTCkMzPni,90,hard,1,29606,Model Evaluation
I93EMGZEU4vI,61,easy,1,14590,K-means Clustering
I93EMGZEU4vI,62,easy,1,16004,K-means Clustering
I93EMGZEU4vI,63,easy,1,18432,Hierarchical Clustering
I93EMGZEU4vI,64,easy,1,10223,Unsupervised Learning
I93EMGZEU4vI,65,easy,1,14590,Unsupervised Learning
I93EMGZEU4vI,66,easy,1,10223,DBSCAN
I93EMGZEU4vI,67,medium,0,31718,Hierarchical Clustering
I93EMGZEU4vI,68,easy,1,18432,Hierarchical Clustering
I93EMGZEU4vI,69,easy,1,15124,K-means Clustering
I93EMGZEU4vI,70,easy,1,10223,K-means Clustering
I93EMGZEU4vI,71,easy,1,15317,Hierarchical Clustering
I93EMGZEU4vI,72,medium,0,32443,Hierarchical Clustering
I93EMGZEU4vI,73,easy,1,14447,Model Evaluation
I93EMGZEU4vI,74,easy,1,10223,Similarity Measures
I93EMGZEU4vI,75,medium,0,35136,Model Evaluation
I93EMGZEU4vI,76,easy,1,21009,DBSCAN
I93EMGZEU4vI,77,medium,1,28785,DBSCAN
I93EMGZEU4vI,78,medium,1,28243,K-means Clustering
I93EMGZEU4vI,79,easy,1,20789,Decision Trees
I93EMGZEU4vI,80,easy,1,14845,K-means Clustering
I93EMGZEU4vI,81,easy,1,19990,DBSCAN
I93EMGZEU4vI,82,easy,1,15303,DBSCAN
I93EMGZEU4vI,83,easy,1,16004,K-means Clustering
I93EMGZEU4vI,84,easy,1,15124,DBSCAN
I93EMGZEU4vI,85,medium,0,32846,DBSCAN
I93EMGZEU4vI,86,easy,1,14447,Clustering Evaluation
I93EMGZEU4vI,87,easy,1,15317,Clustering Evaluation
I93EMGZEU4vI,88,easy,1,14811,DBSCAN
I93EMGZEU4vI,89,easy,1,19990,Similarity Measures
I93EMGZEU4vI,90,hard,1,28656,Model Evaluation
N0qYmYE8QD78,61,easy,1,15061,K-means Clustering
N0qYmYE8QD78,62,easy,1,16463,K-means Clustering
N0qYmYE8QD78,63,easy,1,18961,Hierarchical Clustering
N0qYmYE8QD78,64,easy,1,10670,Unsupervised Learning
N0qYmYE8QD78,65,easy,1,15061,Unsupervised Learning
N0qYmYE8QD78,66,easy,1,10670,DBSCAN
N0qYmYE8QD78,67,medium,1,29330,Hierarchical Clustering
N0qYmYE8QD78,68,easy,1,18961,Hierarchical Clustering
N0qYmYE8QD78,69,easy,1,15625,K-means Clustering
N0qYmYE8QD78,70,easy,1,10670,K-means Clustering
N0qYmYE8QD78,71,easy,1,15824,Hierarchical Clustering
N0qYmYE8QD78,72,medium,0,34621,Hierarchical Clustering
N0qYmYE8QD78,73,easy,1,14861,Model Evaluation
N0qYmYE8QD78,74,easy,0,14290,Similarity Measures
N0qYmYE8QD78,75,medium,0,37494,Model Evaluation
N0qYmYE8QD78,76,easy,1,21928,DBSCAN
N0qYmYE8QD78,77,medium,0,35518,DBSCAN
N0qYmYE8QD78,78,medium,0,34621,K-means Clustering
N0qYmYE8QD78,79,easy,1,21699,Decision Trees
N0qYmYE8QD78,80,easy,1,15271,K-means Clustering
N0qYmYE8QD78,81,easy,1,20807,DBSCAN
N0qYmYE8QD78,82,easy,1,15809,DBSCAN
N0qYmYE8QD78,83,easy,1,16463,K-means Clustering
N0qYmYE8QD78,84,easy,1,15625,DBSCAN
N0qYmYE8QD78,85,medium,0,35051,DBSCAN
N0qYmYE8QD78,86,easy,1,14861,Clustering Evaluation
N0qYmYE8QD78,87,easy,1,15824,Clustering Evaluation
N0qYmYE8QD78,88,easy,1,15274,DBSCAN
N0qYmYE8QD78,89,easy,1,20807,Similarity Measures
N0qYmYE8QD78,90,hard,0,30503,Model Evaluation
k4QQVURTfMls,61,easy,1,11379,K-means Clustering
k4QQVURTfMls,62,easy,1,14607,K-means Clustering
k4QQVURTfMls,63,easy,1,16458,Hierarchical Clustering
k4QQVURTfMls,64,easy,1,8103,Unsupervised Learning
k4QQVURTfMls,65,easy,1,11379,Unsupervised Learning
k4QQVURTfMls,66,easy,1,8103,DBSCAN
k4QQVURTfMls,67,medium,0,23004,Hierarchical Clustering
k4QQVURTfMls,68,easy,1,16458,Hierarchical Clustering
k4QQVURTfMls,69,easy,1,14044,K-means Clustering
k4QQVURTfMls,70,easy,0,8801,K-means Clustering
k4QQVURTfMls,71,easy,1,14478,Hierarchical Clustering
k4QQVURTfMls,72,medium,1,25565,Hierarchical Clustering
k4QQVURTfMls,73,easy,1,12958,Model Evaluation
k4QQVURTfMls,74,easy,1,8103,Similarity Measures
k4QQVURTfMls,75,medium,0,26260,Model Evaluation
k4QQVURTfMls,76,easy,1,20084,DBSCAN
k4QQVURTfMls,77,medium,1,26029,DBSCAN
k4QQVURTfMls,78,medium,0,23849,K-means Clustering
k4QQVURTfMls,79,easy,0,19834,Decision Trees
k4QQVURTfMls,80,easy,0,14488,K-means Clustering
k4QQVURTfMls,81,easy,1,19339,DBSCAN
k4QQVURTfMls,82,easy,0,16840,DBSCAN
k4QQVURTfMls,83,easy,1,14607,K-means Clustering
k4QQVURTfMls,84,easy,0,15431,DBSCAN
k4QQVURTfMls,85,medium,0,24145,DBSCAN
k4QQVURTfMls,86,easy,0,14153,Clustering Evaluation
k4QQVURTfMls,87,easy,0,16534,Clustering Evaluation
k4QQVURTfMls,88,easy,1,14271,DBSCAN
k4QQVURTfMls,89,easy,0,18590,Similarity Measures
k4QQVURTfMls,90,hard,0,23132,Model Evaluation
ynjK3wP1cV18,61,easy,1,22001,K-means Clustering
ynjK3wP1cV18,62,easy,1,24049,K-means Clustering
ynjK3wP1cV18,63,easy,1,27697,Hierarchical Clustering
ynjK3wP1cV18,64,easy,1,15587,Unsupervised Learning
ynjK3wP1cV18,65,easy,1,22001,Unsupervised Learning
ynjK3wP1cV18,66,easy,1,15587,DBSCAN
ynjK3wP1cV18,67,medium,0,40730,Hierarchical Clustering
ynjK3wP1cV18,68,easy,1,27697,Hierarchical Clustering
ynjK3wP1cV18,69,easy,1,22825,K-means Clustering
ynjK3wP1cV18,70,easy,1,15587,K-means Clustering
ynjK3wP1cV18,71,easy,1,23115,Hierarchical Clustering
ynjK3wP1cV18,72,medium,0,41662,Hierarchical Clustering
ynjK3wP1cV18,73,easy,1,21709,Model Evaluation
ynjK3wP1cV18,74,easy,1,15587,Similarity Measures
ynjK3wP1cV18,75,medium,1,42736,Model Evaluation
ynjK3wP1cV18,76,easy,1,30282,DBSCAN
ynjK3wP1cV18,77,medium,1,40191,DBSCAN
ynjK3wP1cV18,78,medium,1,39434,K-means Clustering
ynjK3wP1cV18,79,easy,1,29965,Decision Trees
ynjK3wP1cV18,80,easy,1,22307,K-means Clustering
ynjK3wP1cV18,81,easy,1,30394,DBSCAN
ynjK3wP1cV18,82,easy,1,23342,DBSCAN
ynjK3wP1cV18,83,easy,1,24049,K-means Clustering
ynjK3wP1cV18,84,easy,1,22825,DBSCAN
ynjK3wP1cV18,85,medium,0,42179,DBSCAN
ynjK3wP1cV18,86,easy,1,21709,Clustering Evaluation
ynjK3wP1cV18,87,easy,1,23115,Clustering Evaluation
ynjK3wP1cV18,88,easy,1,22313,DBSCAN
ynjK3wP1cV18,89,easy,1,30394,Similarity Measures
ynjK3wP1cV18,90,hard,0,37131,Model Evaluation
YA6aMV1xcGv9,61,easy,1,14818,K-means Clustering
YA6aMV1xcGv9,62,easy,1,16368,K-means Clustering
YA6aMV1xcGv9,63,easy,1,18851,Hierarchical Clustering
YA6aMV1xcGv9,64,easy,1,10498,Unsupervised Learning
YA6aMV1xcGv9,65,easy,1,14818,Unsupervised Learning
YA6aMV1xcGv9,66,easy,1,10498,DBSCAN
YA6aMV1xcGv9,67,medium,0,35821,Hierarchical Clustering
YA6aMV1xcGv9,68,easy,1,18851,Hierarchical Clustering
YA6aMV1xcGv9,69,easy,1,15725,K-means Clustering
YA6aMV1xcGv9,70,easy,1,10498,K-means Clustering
YA6aMV1xcGv9,71,easy,1,15925,Hierarchical Clustering
YA6aMV1xcGv9,72,medium,1,31434,Hierarchical Clustering
YA6aMV1xcGv9,73,easy,1,14775,Model Evaluation
YA6aMV1xcGv9,74,easy,1,10498,Similarity Measures
YA6aMV1xcGv9,75,medium,0,39682,Model Evaluation
YA6aMV1xcGv9,76,easy,1,24298,DBSCAN
YA6aMV1xcGv9,77,medium,0,39356,DBSCAN
YA6aMV1xcGv9,78,medium,0,36641,K-means Clustering
YA6aMV1xcGv9,79,easy,1,24044,Decision Trees
YA6aMV1xcGv9,80,easy,1,15182,K-means Clustering
YA6aMV1xcGv9,81,easy,1,20940,DBSCAN
YA6aMV1xcGv9,82,easy,1,15911,DBSCAN
YA6aMV1xcGv9,83,easy,1,16368,K-means Clustering
YA6aMV1xcGv9,84,easy,1,15725,DBSCAN
YA6aMV1xcGv9,85,medium,1,31846,DBSCAN
YA6aMV1xcGv9,86,easy,1,14775,Clustering Evaluation
YA6aMV1xcGv9,87,easy,1,15925,Clustering Evaluation
YA6aMV1xcGv9,88,easy,1,15186,DBSCAN
YA6aMV1xcGv9,89,easy,1,20940,Similarity Measures
YA6aMV1xcGv9,90,hard,0,31778,Model Evaluation
Q7dfzHYyXvOT,61,easy,1,12378,K-means Clustering
Q7dfzHYyXvOT,62,easy,1,13267,K-means Clustering
Q7dfzHYyXvOT,63,easy,1,15280,Hierarchical Clustering
Q7dfzHYyXvOT,64,easy,1,8697,Unsupervised Learning
Q7dfzHYyXvOT,65,easy,1,12378,Unsupervised Learning
Q7dfzHYyXvOT,66,easy,1,8697,DBSCAN
Q7dfzHYyXvOT,67,medium,0,32916,Hierarchical Clustering
Q7dfzHYyXvOT,68,easy,1,15280,Hierarchical Clustering
Q7dfzHYyXvOT,69,easy,1,12441,K-means Clustering
Q7dfzHYyXvOT,70,easy,1,8697,K-means Clustering
Q7dfzHYyXvOT,71,easy,1,12599,Hierarchical Clustering
Q7dfzHYyXvOT,72,medium,1,23969,Hierarchical Clustering
Q7dfzHYyXvOT,73,easy,1,11977,Model Evaluation
Q7dfzHYyXvOT,74,easy,1,8697,Similarity Measures
Q7dfzHYyXvOT,75,medium,1,25579,Model Evaluation
Q7dfzHYyXvOT,76,easy,1,17538,DBSCAN
Q7dfzHYyXvOT,77,medium,1,24429,DBSCAN
Q7dfzHYyXvOT,78,medium,0,28379,K-means Clustering
Q7dfzHYyXvOT,79,easy,1,17064,Decision Trees
Q7dfzHYyXvOT,80,easy,1,12306,K-means Clustering
Q7dfzHYyXvOT,81,easy,1,16637,DBSCAN
Q7dfzHYyXvOT,82,easy,1,12826,DBSCAN
Q7dfzHYyXvOT,83,easy,1,13267,K-means Clustering
Q7dfzHYyXvOT,84,easy,1,12441,DBSCAN
Q7dfzHYyXvOT,85,medium,1,24283,DBSCAN
Q7dfzHYyXvOT,86,easy,1,11977,Clustering Evaluation
Q7dfzHYyXvOT,87,easy,1,12599,Clustering Evaluation
Q7dfzHYyXvOT,88,easy,1,12182,DBSCAN
Q7dfzHYyXvOT,89,easy,1,16637,Similarity Measures
Q7dfzHYyXvOT,90,hard,1,27260,Model Evaluation
nIdSwhLzwJKt,61,easy,1,11845,K-means Clustering
nIdSwhLzwJKt,62,easy,1,15118,K-means Clustering
nIdSwhLzwJKt,63,easy,1,17034,Hierarchical Clustering
nIdSwhLzwJKt,64,easy,1,8435,Unsupervised Learning
nIdSwhLzwJKt,65,easy,1,11845,Unsupervised Learning
nIdSwhLzwJKt,66,easy,0,9400,DBSCAN
nIdSwhLzwJKt,67,medium,1,26045,Hierarchical Clustering
nIdSwhLzwJKt,68,easy,1,17034,Hierarchical Clustering
nIdSwhLzwJKt,69,easy,1,14535,K-means Clustering
nIdSwhLzwJKt,70,easy,1,8435,K-means Clustering
nIdSwhLzwJKt,71,easy,1,14924,Hierarchical Clustering
nIdSwhLzwJKt,72,medium,0,26431,Hierarchical Clustering
nIdSwhLzwJKt,73,easy,0,15215,Model Evaluation
nIdSwhLzwJKt,74,easy,1,8435,Similarity Measures
nIdSwhLzwJKt,75,medium,0,29103,Model Evaluation
nIdSwhLzwJKt,76,easy,1,20674,DBSCAN
nIdSwhLzwJKt,77,medium,0,27219,DBSCAN
nIdSwhLzwJKt,78,medium,0,26431,K-means Clustering
nIdSwhLzwJKt,79,easy,0,21936,Decision Trees
nIdSwhLzwJKt,80,easy,1,14027,K-means Clustering
nIdSwhLzwJKt,81,easy,0,19481,DBSCAN
nIdSwhLzwJKt,82,easy,1,15071,DBSCAN
nIdSwhLzwJKt,83,easy,1,15118,K-means Clustering
nIdSwhLzwJKt,84,easy,1,14535,DBSCAN
nIdSwhLzwJKt,85,medium,1,26721,DBSCAN
nIdSwhLzwJKt,86,easy,1,13703,Clustering Evaluation
nIdSwhLzwJKt,87,easy,1,14924,Clustering Evaluation
nIdSwhLzwJKt,88,easy,0,16499,DBSCAN
nIdSwhLzwJKt,89,easy,0,19481,Similarity Measures
nIdSwhLzwJKt,90,hard,0,25636,Model Evaluation
No1fcFHRlYfg,61,easy,1,14586,K-means Clustering
No1fcFHRlYfg,62,easy,1,15554,K-means Clustering
No1fcFHRlYfg,63,easy,1,17913,Hierarchical Clustering
No1fcFHRlYfg,64,easy,1,10081,Unsupervised Learning
No1fcFHRlYfg,65,easy,1,14586,Unsupervised Learning
No1fcFHRlYfg,66,easy,1,10081,DBSCAN
No1fcFHRlYfg,67,medium,0,32224,Hierarchical Clustering
No1fcFHRlYfg,68,easy,1,17913,Hierarchical Clustering
No1fcFHRlYfg,69,easy,1,14437,K-means Clustering
No1fcFHRlYfg,70,easy,1,10081,K-means Clustering
No1fcFHRlYfg,71,easy,1,14620,Hierarchical Clustering
No1fcFHRlYfg,72,medium,1,27484,Hierarchical Clustering
No1fcFHRlYfg,73,easy,1,14041,Model Evaluation
No1fcFHRlYfg,74,easy,1,10081,Similarity Measures
No1fcFHRlYfg,75,medium,1,29785,Model Evaluation
No1fcFHRlYfg,76,easy,1,20110,DBSCAN
No1fcFHRlYfg,77,medium,1,28011,DBSCAN
No1fcFHRlYfg,78,medium,0,32540,K-means Clustering
No1fcFHRlYfg,79,easy,1,19900,Decision Trees
No1fcFHRlYfg,80,easy,1,14427,K-means Clustering
No1fcFHRlYfg,81,easy,1,19306,DBSCAN
No1fcFHRlYfg,82,easy,1,15143,DBSCAN
No1fcFHRlYfg,83,easy,1,15554,K-means Clustering
No1fcFHRlYfg,84,easy,1,14437,DBSCAN
No1fcFHRlYfg,85,medium,1,27844,DBSCAN
No1fcFHRlYfg,86,easy,1,14041,Clustering Evaluation
No1fcFHRlYfg,87,easy,1,14620,Clustering Evaluation
No1fcFHRlYfg,88,easy,1,14137,DBSCAN
No1fcFHRlYfg,89,easy,1,19306,Similarity Measures
No1fcFHRlYfg,90,hard,1,29118,Model Evaluation
E9vMd75UB2be,61,easy,1,11640,K-means Clustering
E9vMd75UB2be,62,easy,1,14920,K-means Clustering
E9vMd75UB2be,63,easy,0,18105,Hierarchical Clustering
E9vMd75UB2be,64,easy,1,8289,Unsupervised Learning
E9vMd75UB2be,65,easy,1,11640,Unsupervised Learning
E9vMd75UB2be,66,easy,1,8289,DBSCAN
E9vMd75UB2be,67,medium,1,26373,Hierarchical Clustering
E9vMd75UB2be,68,easy,1,16929,Hierarchical Clustering
E9vMd75UB2be,69,easy,1,14446,K-means Clustering
E9vMd75UB2be,70,easy,0,8896,K-means Clustering
E9vMd75UB2be,71,easy,0,16585,Hierarchical Clustering
E9vMd75UB2be,72,medium,0,26074,Hierarchical Clustering
E9vMd75UB2be,73,easy,1,13269,Model Evaluation
E9vMd75UB2be,74,easy,1,8289,Similarity Measures
E9vMd75UB2be,75,medium,0,28710,Model Evaluation
E9vMd75UB2be,76,easy,1,20833,DBSCAN
E9vMd75UB2be,77,medium,1,27324,DBSCAN
E9vMd75UB2be,78,medium,0,26074,K-means Clustering
E9vMd75UB2be,79,easy,1,20615,Decision Trees
E9vMd75UB2be,80,easy,1,13635,K-means Clustering
E9vMd75UB2be,81,easy,1,19755,DBSCAN
E9vMd75UB2be,82,easy,0,16892,DBSCAN
E9vMd75UB2be,83,easy,1,14920,K-means Clustering
E9vMd75UB2be,84,easy,1,14446,DBSCAN
E9vMd75UB2be,85,medium,1,27057,DBSCAN
E9vMd75UB2be,86,easy,1,13269,Clustering Evaluation
E9vMd75UB2be,87,easy,1,14832,Clustering Evaluation
E9vMd75UB2be,88,easy,0,15793,DBSCAN
E9vMd75UB2be,89,easy,1,19755,Similarity Measures
E9vMd75UB2be,90,hard,0,25069,Model Evaluation
wLeCyVvKyFT8,61,easy,1,14378,K-means Clustering
wLeCyVvKyFT8,62,easy,1,15772,K-means Clustering
wLeCyVvKyFT8,63,easy,1,18165,Hierarchical Clustering
wLeCyVvKyFT8,64,easy,1,10075,Unsupervised Learning
wLeCyVvKyFT8,65,easy,1,14378,Unsupervised Learning
wLeCyVvKyFT8,66,easy,1,10075,DBSCAN
wLeCyVvKyFT8,67,medium,0,26355,Hierarchical Clustering
wLeCyVvKyFT8,68,easy,1,18165,Hierarchical Clustering
wLeCyVvKyFT8,69,easy,1,14941,K-means Clustering
wLeCyVvKyFT8,70,easy,1,10075,K-means Clustering
wLeCyVvKyFT8,71,easy,1,15041,Hierarchical Clustering
wLeCyVvKyFT8,72,medium,1,25668,Hierarchical Clustering
wLeCyVvKyFT8,73,easy,1,14237,Model Evaluation
wLeCyVvKyFT8,74,easy,1,10075,Similarity Measures
wLeCyVvKyFT8,75,medium,0,29196,Model Evaluation
wLeCyVvKyFT8,76,easy,1,20114,DBSCAN
wLeCyVvKyFT8,77,medium,1,26160,DBSCAN
wLeCyVvKyFT8,78,medium,1,25668,K-means Clustering
wLeCyVvKyFT8,79,easy,0,22783,Decision Trees
wLeCyVvKyFT8,80,easy,1,14629,K-means Clustering
wLeCyVvKyFT8,81,easy,1,19440,DBSCAN
wLeCyVvKyFT8,82,easy,1,15027,DBSCAN
wLeCyVvKyFT8,83,easy,1,15772,K-means Clustering
wLeCyVvKyFT8,84,easy,1,14941,DBSCAN
wLeCyVvKyFT8,85,medium,0,27293,DBSCAN
wLeCyVvKyFT8,86,easy,1,14237,Clustering Evaluation
wLeCyVvKyFT8,87,easy,1,15041,Clustering Evaluation
wLeCyVvKyFT8,88,easy,1,15183,DBSCAN
wLeCyVvKyFT8,89,easy,0,21830,Similarity Measures
wLeCyVvKyFT8,90,hard,0,26105,Model Evaluation
32nLuB1xqIO4,61,easy,1,14590,K-means Clustering
32nLuB1xqIO4,62,easy,1,16004,K-means Clustering
32nLuB1xqIO4,63,easy,1,18432,Hierarchical Clustering
32nLuB1xqIO4,64,easy,1,10223,Unsupervised Learning
32nLuB1xqIO4,65,easy,1,14590,Unsupervised Learning
32nLuB1xqIO4,66,easy,1,10223,DBSCAN
32nLuB1xqIO4,67,medium,0,31718,Hierarchical Clustering
32nLuB1xqIO4,68,easy,1,18432,Hierarchical Clustering
32nLuB1xqIO4,69,easy,1,15124,K-means Clustering
32nLuB1xqIO4,70,easy,1,10223,K-means Clustering
32nLuB1xqIO4,71,easy,1,15317,Hierarchical Clustering
32nLuB1xqIO4,72,medium,1,28243,Hierarchical Clustering
32nLuB1xqIO4,73,easy,1,14447,Model Evaluation
32nLuB1xqIO4,74,easy,1,10223,Similarity Measures
32nLuB1xqIO4,75,medium,1,30608,Model Evaluation
32nLuB1xqIO4,76,easy,0,24927,DBSCAN
32nLuB1xqIO4,77,medium,0,33283,DBSCAN
32nLuB1xqIO4,78,medium,1,28243,K-means Clustering
32nLuB1xqIO4,79,easy,0,24625,Decision Trees
32nLuB1xqIO4,80,easy,1,14845,K-means Clustering
32nLuB1xqIO4,81,easy,1,19990,DBSCAN
32nLuB1xqIO4,82,easy,1,15303,DBSCAN
32nLuB1xqIO4,83,easy,1,16004,K-means Clustering
32nLuB1xqIO4,84,easy,1,15124,DBSCAN
32nLuB1xqIO4,85,medium,1,28613,DBSCAN
32nLuB1xqIO4,86,easy,1,14447,Clustering Evaluation
32nLuB1xqIO4,87,easy,1,15317,Clustering Evaluation
32nLuB1xqIO4,88,easy,1,14811,DBSCAN
32nLuB1xqIO4,89,easy,1,19990,Similarity Measures
32nLuB1xqIO4,90,hard,1,28656,Model Evaluation
AG7urKue7Fzv,61,easy,1,22001,K-means Clustering
AG7urKue7Fzv,62,easy,1,24049,K-means Clustering
AG7urKue7Fzv,63,easy,1,27697,Hierarchical Clustering
AG7urKue7Fzv,64,easy,1,15587,Unsupervised Learning
AG7urKue7Fzv,65,easy,1,22001,Unsupervised Learning
AG7urKue7Fzv,66,easy,1,15587,DBSCAN
AG7urKue7Fzv,67,medium,0,40730,Hierarchical Clustering
AG7urKue7Fzv,68,easy,1,27697,Hierarchical Clustering
AG7urKue7Fzv,69,easy,1,22825,K-means Clustering
AG7urKue7Fzv,70,easy,1,15587,K-means Clustering
AG7urKue7Fzv,71,easy,1,23115,Hierarchical Clustering
AG7urKue7Fzv,72,medium,1,39434,Hierarchical Clustering
AG7urKue7Fzv,73,easy,1,21709,Model Evaluation
AG7urKue7Fzv,74,easy,1,15587,Similarity Measures
AG7urKue7Fzv,75,medium,1,42736,Model Evaluation
AG7urKue7Fzv,76,easy,1,30282,DBSCAN
AG7urKue7Fzv,77,medium,0,42741,DBSCAN
AG7urKue7Fzv,78,medium,1,39434,K-means Clustering
AG7urKue7Fzv,79,easy,1,29965,Decision Trees
AG7urKue7Fzv,80,easy,1,22307,K-means Clustering
AG7urKue7Fzv,81,easy,1,30394,DBSCAN
AG7urKue7Fzv,82,easy,1,23342,DBSCAN
AG7urKue7Fzv,83,easy,1,24049,K-means Clustering
AG7urKue7Fzv,84,easy,1,22825,DBSCAN
AG7urKue7Fzv,85,medium,1,39951,DBSCAN
AG7urKue7Fzv,86,easy,1,21709,Clustering Evaluation
AG7urKue7Fzv,87,easy,1,23115,Clustering Evaluation
AG7urKue7Fzv,88,easy,1,22313,DBSCAN
AG7urKue7Fzv,89,easy,1,30394,Similarity Measures
AG7urKue7Fzv,90,hard,1,40355,Model Evaluation
By0gyab68WPW,61,easy,1,14332,K-means Clustering
By0gyab68WPW,62,easy,1,16900,K-means Clustering
By0gyab68WPW,63,easy,1,19464,Hierarchical Clustering
By0gyab68WPW,64,easy,1,10088,Unsupervised Learning
By0gyab68WPW,65,easy,1,14332,Unsupervised Learning
By0gyab68WPW,66,easy,1,10088,DBSCAN
By0gyab68WPW,67,medium,0,29228,Hierarchical Clustering
By0gyab68WPW,68,easy,1,19464,Hierarchical Clustering
By0gyab68WPW,69,easy,1,16550,K-means Clustering
By0gyab68WPW,70,easy,1,10088,K-means Clustering
By0gyab68WPW,71,easy,1,16993,Hierarchical Clustering
By0gyab68WPW,72,medium,0,29897,Hierarchical Clustering
By0gyab68WPW,73,easy,1,15256,Model Evaluation
By0gyab68WPW,74,easy,1,10088,Similarity Measures
By0gyab68WPW,75,medium,0,32378,Model Evaluation
By0gyab68WPW,76,easy,1,23299,DBSCAN
By0gyab68WPW,77,medium,0,30789,DBSCAN
By0gyab68WPW,78,medium,0,29897,K-means Clustering
By0gyab68WPW,79,easy,0,24052,Decision Trees
By0gyab68WPW,80,easy,1,15676,K-means Clustering
By0gyab68WPW,81,easy,1,22664,DBSCAN
By0gyab68WPW,82,easy,0,20423,DBSCAN
By0gyab68WPW,83,easy,1,16900,K-means Clustering
By0gyab68WPW,84,easy,0,18561,DBSCAN
By0gyab68WPW,85,medium,1,31076,DBSCAN
By0gyab68WPW,86,easy,1,15256,Clustering Evaluation
By0gyab68WPW,87,easy,1,16993,Clustering Evaluation
By0gyab68WPW,88,easy,1,16818,DBSCAN
By0gyab68WPW,89,easy,0,22911,Similarity Measures
By0gyab68WPW,90,hard,0,28950,Model Evaluation
xbNryveuRsXc,61,easy,1,14796,K-means Clustering
xbNryveuRsXc,62,easy,1,16173,K-means Clustering
xbNryveuRsXc,63,easy,1,18627,Hierarchical Clustering
xbNryveuRsXc,64,easy,1,10483,Unsupervised Learning
xbNryveuRsXc,65,easy,1,14796,Unsupervised Learning
xbNryveuRsXc,66,easy,1,10483,DBSCAN
xbNryveuRsXc,67,medium,1,28814,Hierarchical Clustering
xbNryveuRsXc,68,easy,0,25452,Hierarchical Clustering
xbNryveuRsXc,69,easy,1,15350,K-means Clustering
xbNryveuRsXc,70,easy,1,10483,K-means Clustering
xbNryveuRsXc,71,easy,1,15545,Hierarchical Clustering
xbNryveuRsXc,72,medium,0,34012,Hierarchical Clustering
xbNryveuRsXc,73,easy,1,14600,Model Evaluation
xbNryveuRsXc,74,easy,1,10483,Similarity Measures
xbNryveuRsXc,75,medium,1,31622,Model Evaluation
xbNryveuRsXc,76,easy,1,21543,DBSCAN
xbNryveuRsXc,77,medium,0,34893,DBSCAN
xbNryveuRsXc,78,medium,1,29179,K-means Clustering
xbNryveuRsXc,79,easy,0,25622,Decision Trees
xbNryveuRsXc,80,easy,1,15002,K-means Clustering
xbNryveuRsXc,81,easy,1,20441,DBSCAN
xbNryveuRsXc,82,easy,1,15531,DBSCAN
xbNryveuRsXc,83,easy,1,16173,K-means Clustering
xbNryveuRsXc,84,easy,1,15350,DBSCAN
xbNryveuRsXc,85,medium,1,29561,DBSCAN
xbNryveuRsXc,86,easy,1,14600,Clustering Evaluation
xbNryveuRsXc,87,easy,1,15545,Clustering Evaluation
xbNryveuRsXc,88,easy,1,15006,DBSCAN
xbNryveuRsXc,89,easy,1,20441,Similarity Measures
xbNryveuRsXc,90,hard,1,29606,Model Evaluation
d5279GvwAinX,61,easy,1,11845,K-means Clustering
d5279GvwAinX,62,easy,1,15118,K-means Clustering
d5279GvwAinX,63,easy,1,17034,Hierarchical Clustering
d5279GvwAinX,64,easy,1,8435,Unsupervised Learning
d5279GvwAinX,65,easy,1,11845,Unsupervised Learning
d5279GvwAinX,66,easy,1,8435,DBSCAN
d5279GvwAinX,67,medium,1,26045,Hierarchical Clustering
d5279GvwAinX,68,easy,1,17034,Hierarchical Clustering
d5279GvwAinX,69,easy,1,14535,K-means Clustering
d5279GvwAinX,70,easy,1,8435,K-means Clustering
d5279GvwAinX,71,easy,1,14924,Hierarchical Clustering
d5279GvwAinX,72,medium,0,26431,Hierarchical Clustering
d5279GvwAinX,73,easy,1,13703,Model Evaluation
d5279GvwAinX,74,easy,1,8435,Similarity Measures
d5279GvwAinX,75,medium,1,29062,Model Evaluation
d5279GvwAinX,76,easy,1,20674,DBSCAN
d5279GvwAinX,77,medium,1,26985,DBSCAN
d5279GvwAinX,78,medium,0,26431,K-means Clustering
d5279GvwAinX,79,easy,0,21936,Decision Trees
d5279GvwAinX,80,easy,1,14027,K-means Clustering
d5279GvwAinX,81,easy,1,19877,DBSCAN
d5279GvwAinX,82,easy,1,15071,DBSCAN
d5279GvwAinX,83,easy,1,15118,K-means Clustering
d5279GvwAinX,84,easy,0,16236,DBSCAN
d5279GvwAinX,85,medium,0,26759,DBSCAN
d5279GvwAinX,86,easy,0,15215,Clustering Evaluation
d5279GvwAinX,87,easy,1,14924,Clustering Evaluation
d5279GvwAinX,88,easy,1,14771,DBSCAN
d5279GvwAinX,89,easy,1,19877,Similarity Measures
d5279GvwAinX,90,hard,1,26498,Model Evaluation
AgiWXtLnmm9y,61,easy,1,10621,K-means Clustering
AgiWXtLnmm9y,62,easy,1,12642,K-means Clustering
AgiWXtLnmm9y,63,easy,1,14560,Hierarchical Clustering
AgiWXtLnmm9y,64,easy,1,7500,Unsupervised Learning
AgiWXtLnmm9y,65,easy,1,10621,Unsupervised Learning
AgiWXtLnmm9y,66,easy,1,7500,DBSCAN
AgiWXtLnmm9y,67,medium,0,22931,Hierarchical Clustering
AgiWXtLnmm9y,68,easy,1,14560,Hierarchical Clustering
AgiWXtLnmm9y,69,easy,1,12453,K-means Clustering
AgiWXtLnmm9y,70,easy,1,7500,K-means Clustering
AgiWXtLnmm9y,71,easy,1,12786,Hierarchical Clustering
AgiWXtLnmm9y,72,medium,1,22332,Hierarchical Clustering
AgiWXtLnmm9y,73,easy,1,11412,Model Evaluation
AgiWXtLnmm9y,74,easy,1,7500,Similarity Measures
AgiWXtLnmm9y,75,medium,0,25402,Model Evaluation
AgiWXtLnmm9y,76,easy,1,17867,DBSCAN
AgiWXtLnmm9y,77,medium,0,23916,DBSCAN
AgiWXtLnmm9y,78,medium,0,23456,K-means Clustering
AgiWXtLnmm9y,79,easy,1,17680,Decision Trees
AgiWXtLnmm9y,80,easy,1,11726,K-means Clustering
AgiWXtLnmm9y,81,easy,0,19151,DBSCAN
AgiWXtLnmm9y,82,easy,0,16671,DBSCAN
AgiWXtLnmm9y,83,easy,1,12642,K-means Clustering
AgiWXtLnmm9y,84,easy,1,12453,DBSCAN
AgiWXtLnmm9y,85,medium,1,22625,DBSCAN
AgiWXtLnmm9y,86,easy,1,11412,Clustering Evaluation
AgiWXtLnmm9y,87,easy,1,12786,Clustering Evaluation
AgiWXtLnmm9y,88,easy,1,12655,DBSCAN
AgiWXtLnmm9y,89,easy,1,17054,Similarity Measures
AgiWXtLnmm9y,90,hard,0,22712,Model Evaluation
pMrOo2QfC0Kp,61,easy,1,11875,K-means Clustering
pMrOo2QfC0Kp,62,easy,1,14134,K-means Clustering
pMrOo2QfC0Kp,63,easy,1,16278,Hierarchical Clustering
pMrOo2QfC0Kp,64,easy,1,8385,Unsupervised Learning
pMrOo2QfC0Kp,65,easy,1,11875,Unsupervised Learning
pMrOo2QfC0Kp,66,easy,1,8385,DBSCAN
pMrOo2QfC0Kp,67,medium,0,25899,Hierarchical Clustering
pMrOo2QfC0Kp,68,easy,1,16278,Hierarchical Clustering
pMrOo2QfC0Kp,69,easy,1,13841,K-means Clustering
pMrOo2QfC0Kp,70,easy,1,8385,K-means Clustering
pMrOo2QfC0Kp,71,easy,1,14212,Hierarchical Clustering
pMrOo2QfC0Kp,72,medium,1,25224,Hierarchical Clustering
pMrOo2QfC0Kp,73,easy,1,12759,Model Evaluation
pMrOo2QfC0Kp,74,easy,1,8385,Similarity Measures
pMrOo2QfC0Kp,75,medium,0,28691,Model Evaluation
pMrOo2QfC0Kp,76,easy,1,19766,DBSCAN
pMrOo2QfC0Kp,77,medium,0,27012,DBSCAN
pMrOo2QfC0Kp,78,medium,0,26492,K-means Clustering
pMrOo2QfC0Kp,79,easy,1,19559,Decision Trees
pMrOo2QfC0Kp,80,easy,0,15697,K-means Clustering
pMrOo2QfC0Kp,81,easy,0,21286,DBSCAN
pMrOo2QfC0Kp,82,easy,0,18529,DBSCAN
pMrOo2QfC0Kp,83,easy,1,14134,K-means Clustering
pMrOo2QfC0Kp,84,easy,1,13841,DBSCAN
pMrOo2QfC0Kp,85,medium,1,25554,DBSCAN
pMrOo2QfC0Kp,86,easy,1,12759,Clustering Evaluation
pMrOo2QfC0Kp,87,easy,1,14212,Clustering Evaluation
pMrOo2QfC0Kp,88,easy,1,14066,DBSCAN
pMrOo2QfC0Kp,89,easy,1,18955,Similarity Measures
pMrOo2QfC0Kp,90,hard,0,25653,Model Evaluation
OLMmduueQtv7,61,easy,1,14796,K-means Clustering
OLMmduueQtv7,62,easy,1,16173,K-means Clustering
OLMmduueQtv7,63,easy,1,18627,Hierarchical Clustering
OLMmduueQtv7,64,easy,1,10483,Unsupervised Learning
OLMmduueQtv7,65,easy,1,14796,Unsupervised Learning
OLMmduueQtv7,66,easy,1,10483,DBSCAN
OLMmduueQtv7,67,medium,0,33251,Hierarchical Clustering
OLMmduueQtv7,68,easy,1,18627,Hierarchical Clustering
OLMmduueQtv7,69,easy,1,15350,K-means Clustering
OLMmduueQtv7,70,easy,1,10483,K-means Clustering
OLMmduueQtv7,71,easy,1,15545,Hierarchical Clustering
OLMmduueQtv7,72,medium,0,34012,Hierarchical Clustering
OLMmduueQtv7,73,easy,1,14600,Model Evaluation
OLMmduueQtv7,74,easy,1,10483,Similarity Measures
OLMmduueQtv7,75,medium,1,31622,Model Evaluation
OLMmduueQtv7,76,easy,1,21543,DBSCAN
OLMmduueQtv7,77,medium,0,34893,DBSCAN
OLMmduueQtv7,78,medium,0,34012,K-means Clustering
OLMmduueQtv7,79,easy,1,21317,Decision Trees
OLMmduueQtv7,80,easy,1,15002,K-means Clustering
OLMmduueQtv7,81,easy,1,20441,DBSCAN
OLMmduueQtv7,82,easy,1,15531,DBSCAN
OLMmduueQtv7,83,easy,1,16173,K-means Clustering
OLMmduueQtv7,84,easy,1,15350,DBSCAN
OLMmduueQtv7,85,medium,0,34434,DBSCAN
OLMmduueQtv7,86,easy,1,14600,Clustering Evaluation
OLMmduueQtv7,87,easy,1,15545,Clustering Evaluation
OLMmduueQtv7,88,easy,1,15006,DBSCAN
OLMmduueQtv7,89,easy,1,20441,Similarity Measures
OLMmduueQtv7,90,hard,1,29606,Model Evaluation
Za018kn2raFk,61,easy,1,14532,K-means Clustering
Za018kn2raFk,62,easy,1,15884,K-means Clustering
Za018kn2raFk,63,easy,1,18294,Hierarchical Clustering
Za018kn2raFk,64,easy,1,10295,Unsupervised Learning
Za018kn2raFk,65,easy,1,14532,Unsupervised Learning
Za018kn2raFk,66,easy,1,10295,DBSCAN
Za018kn2raFk,67,medium,0,32654,Hierarchical Clustering
Za018kn2raFk,68,easy,1,18294,Hierarchical Clustering
Za018kn2raFk,69,easy,1,15076,K-means Clustering
Za018kn2raFk,70,easy,1,10295,K-means Clustering
Za018kn2raFk,71,easy,1,15267,Hierarchical Clustering
Za018kn2raFk,72,medium,1,28658,Hierarchical Clustering
Za018kn2raFk,73,easy,1,14339,Model Evaluation
Za018kn2raFk,74,easy,1,10295,Similarity Measures
Za018kn2raFk,75,medium,0,36173,Model Evaluation
Za018kn2raFk,76,easy,1,21157,DBSCAN
Za018kn2raFk,77,medium,1,29208,DBSCAN
Za018kn2raFk,78,medium,1,28658,K-means Clustering
Za018kn2raFk,79,easy,1,20936,Decision Trees
Za018kn2raFk,80,easy,1,14734,K-means Clustering
Za018kn2raFk,81,easy,1,20075,DBSCAN
Za018kn2raFk,82,easy,1,15417,DBSCAN
Za018kn2raFk,83,easy,1,15884,K-means Clustering
Za018kn2raFk,84,easy,1,15076,DBSCAN
Za018kn2raFk,85,medium,1,29033,DBSCAN
Za018kn2raFk,86,easy,1,14339,Clustering Evaluation
Za018kn2raFk,87,easy,1,15267,Clustering Evaluation
Za018kn2raFk,88,easy,1,14737,DBSCAN
Za018kn2raFk,89,easy,1,20075,Similarity Measures
Za018kn2raFk,90,hard,1,29327,Model Evaluation
m8rfSXHUenxh,61,easy,1,13046,K-means Clustering
m8rfSXHUenxh,62,easy,1,15769,K-means Clustering
m8rfSXHUenxh,63,easy,1,17892,Hierarchical Clustering
m8rfSXHUenxh,64,easy,1,9274,Unsupervised Learning
m8rfSXHUenxh,65,easy,1,13046,Unsupervised Learning
m8rfSXHUenxh,66,easy,1,9274,DBSCAN
m8rfSXHUenxh,67,medium,0,29068,Hierarchical Clustering
m8rfSXHUenxh,68,easy,1,17892,Hierarchical Clustering
m8rfSXHUenxh,69,easy,1,15214,K-means Clustering
m8rfSXHUenxh,70,easy,1,9274,K-means Clustering
m8rfSXHUenxh,71,easy,1,15621,Hierarchical Clustering
m8rfSXHUenxh,72,medium,1,28839,Hierarchical Clustering
m8rfSXHUenxh,73,easy,1,14024,Model Evaluation
m8rfSXHUenxh,74,easy,1,9274,Similarity Measures
m8rfSXHUenxh,75,medium,1,31776,Model Evaluation
m8rfSXHUenxh,76,easy,1,21905,DBSCAN
m8rfSXHUenxh,77,medium,1,29506,DBSCAN
m8rfSXHUenxh,78,medium,0,29733,K-means Clustering
m8rfSXHUenxh,79,easy,1,21676,Decision Trees
m8rfSXHUenxh,80,easy,1,14410,K-means Clustering
m8rfSXHUenxh,81,easy,1,20834,DBSCAN
m8rfSXHUenxh,82,easy,1,15796,DBSCAN
m8rfSXHUenxh,83,easy,1,15769,K-means Clustering
m8rfSXHUenxh,84,easy,1,15214,DBSCAN
m8rfSXHUenxh,85,medium,0,30102,DBSCAN
m8rfSXHUenxh,86,easy,1,14024,Clustering Evaluation
m8rfSXHUenxh,87,easy,0,19471,Clustering Evaluation
m8rfSXHUenxh,88,easy,0,18341,DBSCAN
m8rfSXHUenxh,89,easy,1,20834,Similarity Measures
m8rfSXHUenxh,90,hard,0,28791,Model Evaluation
oXHAAQD8R9lF,61,easy,0,16878,K-means Clustering
oXHAAQD8R9lF,62,easy,1,19330,K-means Clustering
oXHAAQD8R9lF,63,easy,0,24183,Hierarchical Clustering
oXHAAQD8R9lF,64,easy,0,12019,Unsupervised Learning
oXHAAQD8R9lF,65,easy,1,15145,Unsupervised Learning
oXHAAQD8R9lF,66,easy,0,12019,DBSCAN
oXHAAQD8R9lF,67,medium,0,25827,Hierarchical Clustering
oXHAAQD8R9lF,68,easy,1,21780,Hierarchical Clustering
oXHAAQD8R9lF,69,easy,1,18584,K-means Clustering
oXHAAQD8R9lF,70,easy,1,10785,K-means Clustering
oXHAAQD8R9lF,71,easy,0,18464,Hierarchical Clustering
oXHAAQD8R9lF,72,medium,0,26775,Hierarchical Clustering
oXHAAQD8R9lF,73,easy,0,18955,Model Evaluation
oXHAAQD8R9lF,74,easy,1,10785,Similarity Measures
oXHAAQD8R9lF,75,medium,1,29441,Model Evaluation
oXHAAQD8R9lF,76,easy,1,20944,DBSCAN
oXHAAQD8R9lF,77,medium,1,27337,DBSCAN
oXHAAQD8R9lF,78,medium,0,26775,K-means Clustering
oXHAAQD8R9lF,79,easy,0,22223,Decision Trees
oXHAAQD8R9lF,80,easy,1,17541,K-means Clustering
oXHAAQD8R9lF,81,easy,1,21182,DBSCAN
oXHAAQD8R9lF,82,easy,1,16060,DBSCAN
oXHAAQD8R9lF,83,easy,1,19330,K-means Clustering
oXHAAQD8R9lF,84,easy,1,18584,DBSCAN
oXHAAQD8R9lF,85,medium,0,27108,DBSCAN
oXHAAQD8R9lF,86,easy,1,17071,Clustering Evaluation
oXHAAQD8R9lF,87,easy,1,15904,Clustering Evaluation
oXHAAQD8R9lF,88,easy,1,18886,DBSCAN
oXHAAQD8R9lF,89,easy,1,21182,Similarity Measures
oXHAAQD8R9lF,90,hard,0,25970,Model Evaluation
dF0r7wVjsLSV,61,easy,1,11553,K-means Clustering
dF0r7wVjsLSV,62,easy,0,16625,K-means Clustering
dF0r7wVjsLSV,63,easy,1,16803,Hierarchical Clustering
dF0r7wVjsLSV,64,easy,1,8227,Unsupervised Learning
dF0r7wVjsLSV,65,easy,1,11553,Unsupervised Learning
dF0r7wVjsLSV,66,easy,0,8991,DBSCAN
dF0r7wVjsLSV,67,medium,0,25016,Hierarchical Clustering
dF0r7wVjsLSV,68,easy,1,16803,Hierarchical Clustering
dF0r7wVjsLSV,69,easy,0,15706,K-means Clustering
dF0r7wVjsLSV,70,easy,1,8227,K-means Clustering
dF0r7wVjsLSV,71,easy,1,14721,Hierarchical Clustering
dF0r7wVjsLSV,72,medium,1,26315,Hierarchical Clustering
dF0r7wVjsLSV,73,easy,1,13170,Model Evaluation
dF0r7wVjsLSV,74,easy,1,8227,Similarity Measures
dF0r7wVjsLSV,75,medium,0,28556,Model Evaluation
dF0r7wVjsLSV,76,easy,1,20526,DBSCAN
dF0r7wVjsLSV,77,medium,1,26923,DBSCAN
dF0r7wVjsLSV,78,medium,0,25934,K-means Clustering
dF0r7wVjsLSV,79,easy,1,20353,Decision Trees
dF0r7wVjsLSV,80,easy,1,13533,K-means Clustering
dF0r7wVjsLSV,81,easy,1,19607,DBSCAN
dF0r7wVjsLSV,82,easy,1,14866,DBSCAN
dF0r7wVjsLSV,83,easy,1,14913,K-means Clustering
dF0r7wVjsLSV,84,easy,0,15706,DBSCAN
dF0r7wVjsLSV,85,medium,0,26256,DBSCAN
dF0r7wVjsLSV,86,easy,1,13170,Clustering Evaluation
dF0r7wVjsLSV,87,easy,1,14721,Clustering Evaluation
dF0r7wVjsLSV,88,easy,1,14570,DBSCAN
dF0r7wVjsLSV,89,easy,1,19607,Similarity Measures
dF0r7wVjsLSV,90,hard,1,26496,Model Evaluation
vqNkppoZuHFA,61,easy,1,13189,K-means Clustering
vqNkppoZuHFA,62,easy,1,14719,K-means Clustering
vqNkppoZuHFA,63,easy,1,16952,Hierarchical Clustering
vqNkppoZuHFA,64,easy,1,9241,Unsupervised Learning
vqNkppoZuHFA,65,easy,1,13189,Unsupervised Learning
vqNkppoZuHFA,66,easy,1,9241,DBSCAN
vqNkppoZuHFA,67,medium,0,25948,Hierarchical Clustering
vqNkppoZuHFA,68,easy,1,16952,Hierarchical Clustering
vqNkppoZuHFA,69,easy,1,14174,K-means Clustering
vqNkppoZuHFA,70,easy,1,9241,K-means Clustering
vqNkppoZuHFA,71,easy,1,14336,Hierarchical Clustering
vqNkppoZuHFA,72,medium,1,25271,Hierarchical Clustering
vqNkppoZuHFA,73,easy,1,13287,Model Evaluation
vqNkppoZuHFA,74,easy,1,9241,Similarity Measures
vqNkppoZuHFA,75,medium,1,27387,Model Evaluation
vqNkppoZuHFA,76,easy,1,19803,DBSCAN
vqNkppoZuHFA,77,medium,0,27229,DBSCAN
vqNkppoZuHFA,78,medium,0,26542,K-means Clustering
vqNkppoZuHFA,79,easy,0,22431,Decision Trees
vqNkppoZuHFA,80,easy,1,13653,K-means Clustering
vqNkppoZuHFA,81,easy,1,18990,DBSCAN
vqNkppoZuHFA,82,easy,1,14380,DBSCAN
vqNkppoZuHFA,83,easy,0,19696,K-means Clustering
vqNkppoZuHFA,84,easy,1,14174,DBSCAN
vqNkppoZuHFA,85,medium,1,25602,DBSCAN
vqNkppoZuHFA,86,easy,1,13287,Clustering Evaluation
vqNkppoZuHFA,87,easy,0,19145,Clustering Evaluation
vqNkppoZuHFA,88,easy,1,14404,DBSCAN
vqNkppoZuHFA,89,easy,1,18990,Similarity Measures
vqNkppoZuHFA,90,hard,1,25445,Model Evaluation
R8OVhINU7nka,61,easy,1,14590,K-means Clustering
R8OVhINU7nka,62,easy,1,16004,K-means Clustering
R8OVhINU7nka,63,easy,1,18432,Hierarchical Clustering
R8OVhINU7nka,64,easy,1,10223,Unsupervised Learning
R8OVhINU7nka,65,easy,1,14590,Unsupervised Learning
R8OVhINU7nka,66,easy,1,10223,DBSCAN
R8OVhINU7nka,67,medium,0,31718,Hierarchical Clustering
R8OVhINU7nka,68,easy,1,18432,Hierarchical Clustering
R8OVhINU7nka,69,easy,1,15124,K-means Clustering
R8OVhINU7nka,70,easy,1,10223,K-means Clustering
R8OVhINU7nka,71,easy,1,15317,Hierarchical Clustering
R8OVhINU7nka,72,medium,0,32443,Hierarchical Clustering
R8OVhINU7nka,73,easy,1,14447,Model Evaluation
R8OVhINU7nka,74,easy,1,10223,Similarity Measures
R8OVhINU7nka,75,medium,0,35136,Model Evaluation
R8OVhINU7nka,76,easy,1,21009,DBSCAN
R8OVhINU7nka,77,medium,1,28785,DBSCAN
R8OVhINU7nka,78,medium,1,28243,K-means Clustering
R8OVhINU7nka,79,easy,1,20789,Decision Trees
R8OVhINU7nka,80,easy,1,14845,K-means Clustering
R8OVhINU7nka,81,easy,1,19990,DBSCAN
R8OVhINU7nka,82,easy,1,15303,DBSCAN
R8OVhINU7nka,83,easy,1,16004,K-means Clustering
R8OVhINU7nka,84,easy,1,15124,DBSCAN
R8OVhINU7nka,85,medium,0,32846,DBSCAN
R8OVhINU7nka,86,easy,1,14447,Clustering Evaluation
R8OVhINU7nka,87,easy,0,21125,Clustering Evaluation
R8OVhINU7nka,88,easy,1,14811,DBSCAN
R8OVhINU7nka,89,easy,0,23228,Similarity Measures
R8OVhINU7nka,90,hard,1,28656,Model Evaluation
vgAkx62M3oPn,61,easy,1,14590,K-means Clustering
vgAkx62M3oPn,62,easy,1,16004,K-means Clustering
vgAkx62M3oPn,63,easy,1,18432,Hierarchical Clustering
vgAkx62M3oPn,64,easy,1,10223,Unsupervised Learning
vgAkx62M3oPn,65,easy,1,14590,Unsupervised Learning
vgAkx62M3oPn,66,easy,1,10223,DBSCAN
vgAkx62M3oPn,67,medium,1,27890,Hierarchical Clustering
vgAkx62M3oPn,68,easy,1,18432,Hierarchical Clustering
vgAkx62M3oPn,69,easy,1,15124,K-means Clustering
vgAkx62M3oPn,70,easy,1,10223,K-means Clustering
vgAkx62M3oPn,71,easy,1,15317,Hierarchical Clustering
vgAkx62M3oPn,72,medium,0,32443,Hierarchical Clustering
vgAkx62M3oPn,73,easy,1,14447,Model Evaluation
vgAkx62M3oPn,74,easy,1,10223,Similarity Measures
vgAkx62M3oPn,75,medium,1,30608,Model Evaluation
vgAkx62M3oPn,76,easy,1,21009,DBSCAN
vgAkx62M3oPn,77,medium,0,33283,DBSCAN
vgAkx62M3oPn,78,medium,0,32443,K-means Clustering
vgAkx62M3oPn,79,easy,1,20789,Decision Trees
vgAkx62M3oPn,80,easy,1,14845,K-means Clustering
vgAkx62M3oPn,81,easy,1,19990,DBSCAN
vgAkx62M3oPn,82,easy,1,15303,DBSCAN
vgAkx62M3oPn,83,easy,1,16004,K-means Clustering
vgAkx62M3oPn,84,easy,0,20913,DBSCAN
vgAkx62M3oPn,85,medium,0,32846,DBSCAN
vgAkx62M3oPn,86,easy,1,14447,Clustering Evaluation
vgAkx62M3oPn,87,easy,1,15317,Clustering Evaluation
vgAkx62M3oPn,88,easy,1,14811,DBSCAN
vgAkx62M3oPn,89,easy,1,19990,Similarity Measures
vgAkx62M3oPn,90,hard,1,28656,Model Evaluation
KNvidOVZPDzA,61,easy,1,12552,K-means Clustering
KNvidOVZPDzA,62,easy,1,14892,K-means Clustering
KNvidOVZPDzA,63,easy,0,20235,Hierarchical Clustering
KNvidOVZPDzA,64,easy,1,8835,Unsupervised Learning
KNvidOVZPDzA,65,easy,1,12552,Unsupervised Learning
KNvidOVZPDzA,66,easy,1,8835,DBSCAN
KNvidOVZPDzA,67,medium,0,28386,Hierarchical Clustering
KNvidOVZPDzA,68,easy,1,17152,Hierarchical Clustering
KNvidOVZPDzA,69,easy,1,14584,K-means Clustering
KNvidOVZPDzA,70,easy,1,8835,K-means Clustering
KNvidOVZPDzA,71,easy,1,14974,Hierarchical Clustering
KNvidOVZPDzA,72,medium,1,27645,Hierarchical Clustering
KNvidOVZPDzA,73,easy,1,13443,Model Evaluation
KNvidOVZPDzA,74,easy,1,8835,Similarity Measures
KNvidOVZPDzA,75,medium,1,29960,Model Evaluation
KNvidOVZPDzA,76,easy,1,20999,DBSCAN
KNvidOVZPDzA,77,medium,1,28004,DBSCAN
KNvidOVZPDzA,78,medium,1,27645,K-means Clustering
KNvidOVZPDzA,79,easy,0,23359,Decision Trees
KNvidOVZPDzA,80,easy,1,13814,K-means Clustering
KNvidOVZPDzA,81,easy,1,19972,DBSCAN
KNvidOVZPDzA,82,easy,1,15021,DBSCAN
KNvidOVZPDzA,83,easy,0,17986,K-means Clustering
KNvidOVZPDzA,84,easy,1,14584,DBSCAN
KNvidOVZPDzA,85,medium,0,29396,DBSCAN
KNvidOVZPDzA,86,easy,1,13443,Clustering Evaluation
KNvidOVZPDzA,87,easy,0,19014,Clustering Evaluation
KNvidOVZPDzA,88,easy,1,14820,DBSCAN
KNvidOVZPDzA,89,easy,1,19972,Similarity Measures
KNvidOVZPDzA,90,hard,0,28116,Model Evaluation
VTLAbK1PHg7B,61,easy,1,14036,K-means Clustering
VTLAbK1PHg7B,62,easy,1,16106,K-means Clustering
VTLAbK1PHg7B,63,easy,1,18275,Hierarchical Clustering
VTLAbK1PHg7B,64,easy,1,9844,Unsupervised Learning
VTLAbK1PHg7B,65,easy,1,14036,Unsupervised Learning
VTLAbK1PHg7B,66,easy,1,9844,DBSCAN
VTLAbK1PHg7B,67,medium,0,28791,Hierarchical Clustering
VTLAbK1PHg7B,68,easy,1,18275,Hierarchical Clustering
VTLAbK1PHg7B,69,easy,1,15329,K-means Clustering
VTLAbK1PHg7B,70,easy,1,9844,K-means Clustering
VTLAbK1PHg7B,71,easy,1,15739,Hierarchical Clustering
VTLAbK1PHg7B,72,medium,1,28564,Hierarchical Clustering
VTLAbK1PHg7B,73,easy,1,14324,Model Evaluation
VTLAbK1PHg7B,74,easy,1,9844,Similarity Measures
VTLAbK1PHg7B,75,medium,0,32427,Model Evaluation
VTLAbK1PHg7B,76,easy,1,21696,DBSCAN
VTLAbK1PHg7B,77,medium,0,30328,DBSCAN
VTLAbK1PHg7B,78,medium,0,29450,K-means Clustering
VTLAbK1PHg7B,79,easy,1,21469,Decision Trees
VTLAbK1PHg7B,80,easy,0,17045,K-means Clustering
VTLAbK1PHg7B,81,easy,0,22447,DBSCAN
VTLAbK1PHg7B,82,easy,0,20009,DBSCAN
VTLAbK1PHg7B,83,easy,1,16106,K-means Clustering
VTLAbK1PHg7B,84,easy,1,15329,DBSCAN
VTLAbK1PHg7B,85,medium,1,28938,DBSCAN
VTLAbK1PHg7B,86,easy,1,14324,Clustering Evaluation
VTLAbK1PHg7B,87,easy,1,15739,Clustering Evaluation
VTLAbK1PHg7B,88,easy,1,15577,DBSCAN
VTLAbK1PHg7B,89,easy,1,20992,Similarity Measures
VTLAbK1PHg7B,90,hard,0,28517,Model Evaluation
7VpB1pGsv71N,61,easy,1,9940,K-means Clustering
7VpB1pGsv71N,62,easy,1,14048,K-means Clustering
7VpB1pGsv71N,63,easy,1,14853,Hierarchical Clustering
7VpB1pGsv71N,64,easy,1,7078,Unsupervised Learning
7VpB1pGsv71N,65,easy,1,9940,Unsupervised Learning
7VpB1pGsv71N,66,easy,1,7078,DBSCAN
7VpB1pGsv71N,67,medium,1,23265,Hierarchical Clustering
7VpB1pGsv71N,68,easy,1,14853,Hierarchical Clustering
7VpB1pGsv71N,69,easy,0,13964,K-means Clustering
7VpB1pGsv71N,70,easy,1,7078,K-means Clustering
7VpB1pGsv71N,71,easy,0,14047,Hierarchical Clustering
7VpB1pGsv71N,72,medium,1,23328,Hierarchical Clustering
7VpB1pGsv71N,73,easy,1,11694,Model Evaluation
7VpB1pGsv71N,74,easy,1,7078,Similarity Measures
7VpB1pGsv71N,75,medium,1,25959,Model Evaluation
7VpB1pGsv71N,76,easy,1,18579,DBSCAN
7VpB1pGsv71N,77,medium,1,23752,DBSCAN
7VpB1pGsv71N,78,medium,0,20982,K-means Clustering
7VpB1pGsv71N,79,easy,1,17702,Decision Trees
7VpB1pGsv71N,80,easy,1,11971,K-means Clustering
7VpB1pGsv71N,81,easy,0,15852,DBSCAN
7VpB1pGsv71N,82,easy,1,12648,DBSCAN
7VpB1pGsv71N,83,easy,0,15882,K-means Clustering
7VpB1pGsv71N,84,easy,0,13964,DBSCAN
7VpB1pGsv71N,85,medium,0,21254,DBSCAN
7VpB1pGsv71N,86,easy,1,11694,Clustering Evaluation
7VpB1pGsv71N,87,easy,1,12608,Clustering Evaluation
7VpB1pGsv71N,88,easy,0,14190,DBSCAN
7VpB1pGsv71N,89,easy,0,15852,Similarity Measures
7VpB1pGsv71N,90,hard,0,20363,Model Evaluation
1tnkUsBnGX2u,61,easy,1,14818,K-means Clustering
1tnkUsBnGX2u,62,easy,1,16368,K-means Clustering
1tnkUsBnGX2u,63,easy,1,18851,Hierarchical Clustering
1tnkUsBnGX2u,64,easy,1,10498,Unsupervised Learning
1tnkUsBnGX2u,65,easy,1,14818,Unsupervised Learning
1tnkUsBnGX2u,66,easy,1,10498,DBSCAN
1tnkUsBnGX2u,67,medium,1,31041,Hierarchical Clustering
1tnkUsBnGX2u,68,easy,1,18851,Hierarchical Clustering
1tnkUsBnGX2u,69,easy,0,22064,K-means Clustering
1tnkUsBnGX2u,70,easy,1,10498,K-means Clustering
1tnkUsBnGX2u,71,easy,1,15925,Hierarchical Clustering
1tnkUsBnGX2u,72,medium,1,31434,Hierarchical Clustering
1tnkUsBnGX2u,73,easy,1,14775,Model Evaluation
1tnkUsBnGX2u,74,easy,1,10498,Similarity Measures
1tnkUsBnGX2u,75,medium,1,34066,Model Evaluation
1tnkUsBnGX2u,76,easy,0,29254,DBSCAN
1tnkUsBnGX2u,77,medium,1,33543,DBSCAN
1tnkUsBnGX2u,78,medium,1,31434,K-means Clustering
1tnkUsBnGX2u,79,easy,1,24044,Decision Trees
1tnkUsBnGX2u,80,easy,1,15182,K-means Clustering
1tnkUsBnGX2u,81,easy,1,20940,DBSCAN
1tnkUsBnGX2u,82,easy,1,15911,DBSCAN
1tnkUsBnGX2u,83,easy,1,16368,K-means Clustering
1tnkUsBnGX2u,84,easy,1,15725,DBSCAN
1tnkUsBnGX2u,85,medium,0,37096,DBSCAN
1tnkUsBnGX2u,86,easy,1,14775,Clustering Evaluation
1tnkUsBnGX2u,87,easy,1,15925,Clustering Evaluation
1tnkUsBnGX2u,88,easy,1,15186,DBSCAN
1tnkUsBnGX2u,89,easy,1,20940,Similarity Measures
1tnkUsBnGX2u,90,hard,1,31397,Model Evaluation
bUBpyoQOQ4Ov,61,easy,1,14378,K-means Clustering
bUBpyoQOQ4Ov,62,easy,1,15772,K-means Clustering
bUBpyoQOQ4Ov,63,easy,1,18165,Hierarchical Clustering
bUBpyoQOQ4Ov,64,easy,1,10075,Unsupervised Learning
bUBpyoQOQ4Ov,65,easy,1,14378,Unsupervised Learning
bUBpyoQOQ4Ov,66,easy,1,10075,DBSCAN
bUBpyoQOQ4Ov,67,medium,1,25347,Hierarchical Clustering
bUBpyoQOQ4Ov,68,easy,0,23695,Hierarchical Clustering
bUBpyoQOQ4Ov,69,easy,0,19965,K-means Clustering
bUBpyoQOQ4Ov,70,easy,1,10075,K-means Clustering
bUBpyoQOQ4Ov,71,easy,1,15041,Hierarchical Clustering
bUBpyoQOQ4Ov,72,medium,1,25668,Hierarchical Clustering
bUBpyoQOQ4Ov,73,easy,1,14237,Model Evaluation
bUBpyoQOQ4Ov,74,easy,1,10075,Similarity Measures
bUBpyoQOQ4Ov,75,medium,1,27817,Model Evaluation
bUBpyoQOQ4Ov,76,easy,0,23063,DBSCAN
bUBpyoQOQ4Ov,77,medium,1,26160,DBSCAN
bUBpyoQOQ4Ov,78,medium,1,25668,K-means Clustering
bUBpyoQOQ4Ov,79,easy,1,19903,Decision Trees
bUBpyoQOQ4Ov,80,easy,1,14629,K-means Clustering
bUBpyoQOQ4Ov,81,easy,1,19440,DBSCAN
bUBpyoQOQ4Ov,82,easy,1,15027,DBSCAN
bUBpyoQOQ4Ov,83,easy,1,15772,K-means Clustering
bUBpyoQOQ4Ov,84,easy,1,14941,DBSCAN
bUBpyoQOQ4Ov,85,medium,0,27293,DBSCAN
bUBpyoQOQ4Ov,86,easy,1,14237,Clustering Evaluation
bUBpyoQOQ4Ov,87,easy,1,15041,Clustering Evaluation
bUBpyoQOQ4Ov,88,easy,1,15183,DBSCAN
bUBpyoQOQ4Ov,89,easy,1,19440,Similarity Measures
bUBpyoQOQ4Ov,90,hard,1,25845,Model Evaluation
CprL2LITeTET,61,easy,1,22001,K-means Clustering
CprL2LITeTET,62,easy,1,24049,K-means Clustering
CprL2LITeTET,63,easy,1,27697,Hierarchical Clustering
CprL2LITeTET,64,easy,1,15587,Unsupervised Learning
CprL2LITeTET,65,easy,1,22001,Unsupervised Learning
CprL2LITeTET,66,easy,1,15587,DBSCAN
CprL2LITeTET,67,medium,0,40730,Hierarchical Clustering
CprL2LITeTET,68,easy,1,27697,Hierarchical Clustering
CprL2LITeTET,69,easy,1,22825,K-means Clustering
CprL2LITeTET,70,easy,1,15587,K-means Clustering
CprL2LITeTET,71,easy,1,23115,Hierarchical Clustering
CprL2LITeTET,72,medium,0,41662,Hierarchical Clustering
CprL2LITeTET,73,easy,1,21709,Model Evaluation
CprL2LITeTET,74,easy,1,15587,Similarity Measures
CprL2LITeTET,75,medium,1,42736,Model Evaluation
CprL2LITeTET,76,easy,0,33044,DBSCAN
CprL2LITeTET,77,medium,1,40191,DBSCAN
CprL2LITeTET,78,medium,0,41662,K-means Clustering
CprL2LITeTET,79,easy,1,29965,Decision Trees
CprL2LITeTET,80,easy,1,22307,K-means Clustering
CprL2LITeTET,81,easy,1,30394,DBSCAN
CprL2LITeTET,82,easy,1,23342,DBSCAN
CprL2LITeTET,83,easy,1,24049,K-means Clustering
CprL2LITeTET,84,easy,1,22825,DBSCAN
CprL2LITeTET,85,medium,1,39951,DBSCAN
CprL2LITeTET,86,easy,1,21709,Clustering Evaluation
CprL2LITeTET,87,easy,1,23115,Clustering Evaluation
CprL2LITeTET,88,easy,1,22313,DBSCAN
CprL2LITeTET,89,easy,1,30394,Similarity Measures
CprL2LITeTET,90,hard,0,37131,Model Evaluation
oF1pjrJTOBWB,61,easy,1,12592,K-means Clustering
oF1pjrJTOBWB,62,easy,1,14939,K-means Clustering
oF1pjrJTOBWB,63,easy,1,17206,Hierarchical Clustering
oF1pjrJTOBWB,64,easy,1,8863,Unsupervised Learning
oF1pjrJTOBWB,65,easy,1,12592,Unsupervised Learning
oF1pjrJTOBWB,66,easy,1,8863,DBSCAN
oF1pjrJTOBWB,67,medium,0,28476,Hierarchical Clustering
oF1pjrJTOBWB,68,easy,1,17206,Hierarchical Clustering
oF1pjrJTOBWB,69,easy,1,14630,K-means Clustering
oF1pjrJTOBWB,70,easy,1,8863,K-means Clustering
oF1pjrJTOBWB,71,easy,1,15021,Hierarchical Clustering
oF1pjrJTOBWB,72,medium,0,29127,Hierarchical Clustering
oF1pjrJTOBWB,73,easy,1,13486,Model Evaluation
oF1pjrJTOBWB,74,easy,1,8863,Similarity Measures
oF1pjrJTOBWB,75,medium,0,31545,Model Evaluation
oF1pjrJTOBWB,76,easy,1,21065,DBSCAN
oF1pjrJTOBWB,77,medium,1,28374,DBSCAN
oF1pjrJTOBWB,78,medium,0,29127,K-means Clustering
oF1pjrJTOBWB,79,easy,1,20845,Decision Trees
oF1pjrJTOBWB,80,easy,1,13857,K-means Clustering
oF1pjrJTOBWB,81,easy,1,20035,DBSCAN
oF1pjrJTOBWB,82,easy,1,15190,DBSCAN
oF1pjrJTOBWB,83,easy,1,14939,K-means Clustering
oF1pjrJTOBWB,84,easy,0,17681,DBSCAN
oF1pjrJTOBWB,85,medium,0,29489,DBSCAN
oF1pjrJTOBWB,86,easy,1,13486,Clustering Evaluation
oF1pjrJTOBWB,87,easy,1,15021,Clustering Evaluation
oF1pjrJTOBWB,88,easy,1,14867,DBSCAN
oF1pjrJTOBWB,89,easy,1,20035,Similarity Measures
oF1pjrJTOBWB,90,hard,0,28205,Model Evaluation
VqXqgB6ructd,61,easy,1,15659,K-means Clustering
VqXqgB6ructd,62,easy,1,17117,K-means Clustering
VqXqgB6ructd,63,easy,1,19714,Hierarchical Clustering
VqXqgB6ructd,64,easy,1,11094,Unsupervised Learning
VqXqgB6ructd,65,easy,1,15659,Unsupervised Learning
VqXqgB6ructd,66,easy,1,11094,DBSCAN
VqXqgB6ructd,67,medium,1,30495,Hierarchical Clustering
VqXqgB6ructd,68,easy,1,19714,Hierarchical Clustering
VqXqgB6ructd,69,easy,1,16245,K-means Clustering
VqXqgB6ructd,70,easy,1,11094,K-means Clustering
VqXqgB6ructd,71,easy,0,22606,Hierarchical Clustering
VqXqgB6ructd,72,medium,0,35341,Hierarchical Clustering
VqXqgB6ructd,73,easy,1,15451,Model Evaluation
VqXqgB6ructd,74,easy,1,11094,Similarity Measures
VqXqgB6ructd,75,medium,0,38274,Model Evaluation
VqXqgB6ructd,76,easy,1,22799,DBSCAN
VqXqgB6ructd,77,medium,1,31474,DBSCAN
VqXqgB6ructd,78,medium,0,35341,K-means Clustering
VqXqgB6ructd,79,easy,1,22560,Decision Trees
VqXqgB6ructd,80,easy,1,15877,K-means Clustering
VqXqgB6ructd,81,easy,1,21633,DBSCAN
VqXqgB6ructd,82,easy,1,16613,DBSCAN
VqXqgB6ructd,83,easy,1,17117,K-means Clustering
VqXqgB6ructd,84,easy,1,16245,DBSCAN
VqXqgB6ructd,85,medium,1,31285,DBSCAN
VqXqgB6ructd,86,easy,1,15451,Clustering Evaluation
VqXqgB6ructd,87,easy,1,16452,Clustering Evaluation
VqXqgB6ructd,88,easy,1,15881,DBSCAN
VqXqgB6ructd,89,easy,1,21633,Similarity Measures
VqXqgB6ructd,90,hard,0,31137,Model Evaluation
Lo0o6MK08TyI,61,easy,1,14590,K-means Clustering
Lo0o6MK08TyI,62,easy,1,16004,K-means Clustering
Lo0o6MK08TyI,63,easy,1,18432,Hierarchical Clustering
Lo0o6MK08TyI,64,easy,1,10223,Unsupervised Learning
Lo0o6MK08TyI,65,easy,1,14590,Unsupervised Learning
Lo0o6MK08TyI,66,easy,1,10223,DBSCAN
Lo0o6MK08TyI,67,medium,1,27890,Hierarchical Clustering
Lo0o6MK08TyI,68,easy,1,18432,Hierarchical Clustering
Lo0o6MK08TyI,69,easy,1,15124,K-means Clustering
Lo0o6MK08TyI,70,easy,1,10223,K-means Clustering
Lo0o6MK08TyI,71,easy,1,15317,Hierarchical Clustering
Lo0o6MK08TyI,72,medium,0,32443,Hierarchical Clustering
Lo0o6MK08TyI,73,easy,1,14447,Model Evaluation
Lo0o6MK08TyI,74,easy,1,10223,Similarity Measures
Lo0o6MK08TyI,75,medium,1,30608,Model Evaluation
Lo0o6MK08TyI,76,easy,0,24927,DBSCAN
Lo0o6MK08TyI,77,medium,1,28785,DBSCAN
Lo0o6MK08TyI,78,medium,1,28243,K-means Clustering
Lo0o6MK08TyI,79,easy,1,20789,Decision Trees
Lo0o6MK08TyI,80,easy,1,14845,K-means Clustering
Lo0o6MK08TyI,81,easy,1,19990,DBSCAN
Lo0o6MK08TyI,82,easy,0,21287,DBSCAN
Lo0o6MK08TyI,83,easy,1,16004,K-means Clustering
Lo0o6MK08TyI,84,easy,1,15124,DBSCAN
Lo0o6MK08TyI,85,medium,0,32846,DBSCAN
Lo0o6MK08TyI,86,easy,1,14447,Clustering Evaluation
Lo0o6MK08TyI,87,easy,1,15317,Clustering Evaluation
Lo0o6MK08TyI,88,easy,1,14811,DBSCAN
Lo0o6MK08TyI,89,easy,1,19990,Similarity Measures
Lo0o6MK08TyI,90,hard,1,28656,Model Evaluation
Ui0yLwC2YxnT,61,easy,1,10621,K-means Clustering
Ui0yLwC2YxnT,62,easy,1,12642,K-means Clustering
Ui0yLwC2YxnT,63,easy,1,14560,Hierarchical Clustering
Ui0yLwC2YxnT,64,easy,1,7500,Unsupervised Learning
Ui0yLwC2YxnT,65,easy,1,10621,Unsupervised Learning
Ui0yLwC2YxnT,66,easy,1,7500,DBSCAN
Ui0yLwC2YxnT,67,medium,0,22931,Hierarchical Clustering
Ui0yLwC2YxnT,68,easy,1,14560,Hierarchical Clustering
Ui0yLwC2YxnT,69,easy,1,12453,K-means Clustering
Ui0yLwC2YxnT,70,easy,1,7500,K-means Clustering
Ui0yLwC2YxnT,71,easy,1,12786,Hierarchical Clustering
Ui0yLwC2YxnT,72,medium,1,22332,Hierarchical Clustering
Ui0yLwC2YxnT,73,easy,1,11412,Model Evaluation
Ui0yLwC2YxnT,74,easy,1,7500,Similarity Measures
Ui0yLwC2YxnT,75,medium,1,24202,Model Evaluation
Ui0yLwC2YxnT,76,easy,1,17867,DBSCAN
Ui0yLwC2YxnT,77,medium,1,22622,DBSCAN
Ui0yLwC2YxnT,78,medium,1,22332,K-means Clustering
Ui0yLwC2YxnT,79,easy,1,17680,Decision Trees
Ui0yLwC2YxnT,80,easy,1,11726,K-means Clustering
Ui0yLwC2YxnT,81,easy,1,17054,DBSCAN
Ui0yLwC2YxnT,82,easy,1,12826,DBSCAN
Ui0yLwC2YxnT,83,easy,1,12642,K-means Clustering
Ui0yLwC2YxnT,84,easy,1,12453,DBSCAN
Ui0yLwC2YxnT,85,medium,1,22625,DBSCAN
Ui0yLwC2YxnT,86,easy,1,11412,Clustering Evaluation
Ui0yLwC2YxnT,87,easy,1,12786,Clustering Evaluation
Ui0yLwC2YxnT,88,easy,1,12655,DBSCAN
Ui0yLwC2YxnT,89,easy,1,17054,Similarity Measures
Ui0yLwC2YxnT,90,hard,0,22712,Model Evaluation
WNh0afD7QG4d,61,easy,1,12670,K-means Clustering
WNh0afD7QG4d,62,easy,1,13070,K-means Clustering
WNh0afD7QG4d,63,easy,1,15053,Hierarchical Clustering
WNh0afD7QG4d,64,easy,1,8349,Unsupervised Learning
WNh0afD7QG4d,65,easy,1,12670,Unsupervised Learning
WNh0afD7QG4d,66,easy,1,8349,DBSCAN
WNh0afD7QG4d,67,medium,1,24207,Hierarchical Clustering
WNh0afD7QG4d,68,easy,1,15053,Hierarchical Clustering
WNh0afD7QG4d,69,easy,1,12381,K-means Clustering
WNh0afD7QG4d,70,easy,1,8349,K-means Clustering
WNh0afD7QG4d,71,easy,1,12539,Hierarchical Clustering
WNh0afD7QG4d,72,medium,1,21214,Hierarchical Clustering
WNh0afD7QG4d,73,easy,1,11798,Model Evaluation
WNh0afD7QG4d,74,easy,1,8349,Similarity Measures
WNh0afD7QG4d,75,medium,0,26266,Model Evaluation
WNh0afD7QG4d,76,easy,1,16802,DBSCAN
WNh0afD7QG4d,77,medium,1,21621,DBSCAN
WNh0afD7QG4d,78,medium,1,21214,K-means Clustering
WNh0afD7QG4d,79,easy,1,16626,Decision Trees
WNh0afD7QG4d,80,easy,1,12123,K-means Clustering
WNh0afD7QG4d,81,easy,1,16364,DBSCAN
WNh0afD7QG4d,82,easy,1,12527,DBSCAN
WNh0afD7QG4d,83,easy,1,13070,K-means Clustering
WNh0afD7QG4d,84,easy,1,12381,DBSCAN
WNh0afD7QG4d,85,medium,0,22557,DBSCAN
WNh0afD7QG4d,86,easy,1,11798,Clustering Evaluation
WNh0afD7QG4d,87,easy,1,12539,Clustering Evaluation
WNh0afD7QG4d,88,easy,1,12582,DBSCAN
WNh0afD7QG4d,89,easy,1,16364,Similarity Measures
WNh0afD7QG4d,90,hard,1,22280,Model Evaluation
nojDz9QSjRLy,61,easy,1,12592,K-means Clustering
nojDz9QSjRLy,62,easy,1,14939,K-means Clustering
nojDz9QSjRLy,63,easy,1,17206,Hierarchical Clustering
nojDz9QSjRLy,64,easy,1,8863,Unsupervised Learning
nojDz9QSjRLy,65,easy,1,12592,Unsupervised Learning
nojDz9QSjRLy,66,easy,1,8863,DBSCAN
nojDz9QSjRLy,67,medium,0,28476,Hierarchical Clustering
nojDz9QSjRLy,68,easy,1,17206,Hierarchical Clustering
nojDz9QSjRLy,69,easy,1,14630,K-means Clustering
nojDz9QSjRLy,70,easy,1,8863,K-means Clustering
nojDz9QSjRLy,71,easy,1,15021,Hierarchical Clustering
nojDz9QSjRLy,72,medium,0,29127,Hierarchical Clustering
nojDz9QSjRLy,73,easy,0,15910,Model Evaluation
nojDz9QSjRLy,74,easy,1,8863,Similarity Measures
nojDz9QSjRLy,75,medium,0,31545,Model Evaluation
nojDz9QSjRLy,76,easy,0,23721,DBSCAN
nojDz9QSjRLy,77,medium,1,28374,DBSCAN
nojDz9QSjRLy,78,medium,1,27733,K-means Clustering
nojDz9QSjRLy,79,easy,1,20845,Decision Trees
nojDz9QSjRLy,80,easy,1,13857,K-means Clustering
nojDz9QSjRLy,81,easy,1,20035,DBSCAN
nojDz9QSjRLy,82,easy,1,15190,DBSCAN
nojDz9QSjRLy,83,easy,1,14939,K-means Clustering
nojDz9QSjRLy,84,easy,1,14630,DBSCAN
nojDz9QSjRLy,85,medium,0,29489,DBSCAN
nojDz9QSjRLy,86,easy,1,13486,Clustering Evaluation
nojDz9QSjRLy,87,easy,0,19074,Clustering Evaluation
nojDz9QSjRLy,88,easy,1,14867,DBSCAN
nojDz9QSjRLy,89,easy,0,21825,Similarity Measures
nojDz9QSjRLy,90,hard,1,27924,Model Evaluation
bWRj9XHmvXaq,61,easy,1,11875,K-means Clustering
bWRj9XHmvXaq,62,easy,1,14134,K-means Clustering
bWRj9XHmvXaq,63,easy,1,16278,Hierarchical Clustering
bWRj9XHmvXaq,64,easy,1,8385,Unsupervised Learning
bWRj9XHmvXaq,65,easy,1,11875,Unsupervised Learning
bWRj9XHmvXaq,66,easy,1,8385,DBSCAN
bWRj9XHmvXaq,67,medium,1,24908,Hierarchical Clustering
bWRj9XHmvXaq,68,easy,1,16278,Hierarchical Clustering
bWRj9XHmvXaq,69,easy,1,13841,K-means Clustering
bWRj9XHmvXaq,70,easy,1,8385,K-means Clustering
bWRj9XHmvXaq,71,easy,1,14212,Hierarchical Clustering
bWRj9XHmvXaq,72,medium,0,26492,Hierarchical Clustering
bWRj9XHmvXaq,73,easy,1,12759,Model Evaluation
bWRj9XHmvXaq,74,easy,1,8385,Similarity Measures
bWRj9XHmvXaq,75,medium,0,28691,Model Evaluation
bWRj9XHmvXaq,76,easy,0,22664,DBSCAN
bWRj9XHmvXaq,77,medium,0,27012,DBSCAN
bWRj9XHmvXaq,78,medium,0,26492,K-means Clustering
bWRj9XHmvXaq,79,easy,1,19559,Decision Trees
bWRj9XHmvXaq,80,easy,1,13110,K-means Clustering
bWRj9XHmvXaq,81,easy,1,18955,DBSCAN
bWRj9XHmvXaq,82,easy,1,14256,DBSCAN
bWRj9XHmvXaq,83,easy,1,14134,K-means Clustering
bWRj9XHmvXaq,84,easy,1,13841,DBSCAN
bWRj9XHmvXaq,85,medium,1,25554,DBSCAN
bWRj9XHmvXaq,86,easy,1,12759,Clustering Evaluation
bWRj9XHmvXaq,87,easy,1,14212,Clustering Evaluation
bWRj9XHmvXaq,88,easy,0,17252,DBSCAN
bWRj9XHmvXaq,89,easy,1,18955,Similarity Measures
bWRj9XHmvXaq,90,hard,1,25397,Model Evaluation
xOKhxIy4WoKi,61,easy,1,15061,K-means Clustering
xOKhxIy4WoKi,62,easy,1,16463,K-means Clustering
xOKhxIy4WoKi,63,easy,1,18961,Hierarchical Clustering
xOKhxIy4WoKi,64,easy,1,10670,Unsupervised Learning
xOKhxIy4WoKi,65,easy,1,15061,Unsupervised Learning
xOKhxIy4WoKi,66,easy,1,10670,DBSCAN
xOKhxIy4WoKi,67,medium,1,29330,Hierarchical Clustering
xOKhxIy4WoKi,68,easy,1,18961,Hierarchical Clustering
xOKhxIy4WoKi,69,easy,1,15625,K-means Clustering
xOKhxIy4WoKi,70,easy,1,10670,K-means Clustering
xOKhxIy4WoKi,71,easy,1,15824,Hierarchical Clustering
xOKhxIy4WoKi,72,medium,0,34621,Hierarchical Clustering
xOKhxIy4WoKi,73,easy,1,14861,Model Evaluation
xOKhxIy4WoKi,74,easy,1,10670,Similarity Measures
xOKhxIy4WoKi,75,medium,0,37494,Model Evaluation
xOKhxIy4WoKi,76,easy,1,21928,DBSCAN
xOKhxIy4WoKi,77,medium,1,30272,DBSCAN
xOKhxIy4WoKi,78,medium,1,29702,K-means Clustering
xOKhxIy4WoKi,79,easy,0,26080,Decision Trees
xOKhxIy4WoKi,80,easy,1,15271,K-means Clustering
xOKhxIy4WoKi,81,easy,1,20807,DBSCAN
xOKhxIy4WoKi,82,easy,1,15809,DBSCAN
xOKhxIy4WoKi,83,easy,0,23029,K-means Clustering
xOKhxIy4WoKi,84,easy,1,15625,DBSCAN
xOKhxIy4WoKi,85,medium,0,35051,DBSCAN
xOKhxIy4WoKi,86,easy,1,14861,Clustering Evaluation
xOKhxIy4WoKi,87,easy,1,15824,Clustering Evaluation
xOKhxIy4WoKi,88,easy,1,15274,DBSCAN
xOKhxIy4WoKi,89,easy,1,20807,Similarity Measures
xOKhxIy4WoKi,90,hard,0,30503,Model Evaluation
7VLP2mvnxjRS,61,easy,1,13036,K-means Clustering
7VLP2mvnxjRS,62,easy,1,14857,K-means Clustering
7VLP2mvnxjRS,63,easy,1,17111,Hierarchical Clustering
7VLP2mvnxjRS,64,easy,1,9328,Unsupervised Learning
7VLP2mvnxjRS,65,easy,1,13036,Unsupervised Learning
7VLP2mvnxjRS,66,easy,1,9328,DBSCAN
7VLP2mvnxjRS,67,medium,1,25376,Hierarchical Clustering
7VLP2mvnxjRS,68,easy,0,22365,Hierarchical Clustering
7VLP2mvnxjRS,69,easy,1,14307,K-means Clustering
7VLP2mvnxjRS,70,easy,1,9328,K-means Clustering
7VLP2mvnxjRS,71,easy,1,14578,Hierarchical Clustering
7VLP2mvnxjRS,72,medium,1,25698,Hierarchical Clustering
7VLP2mvnxjRS,73,easy,1,13412,Model Evaluation
7VLP2mvnxjRS,74,easy,1,9328,Similarity Measures
7VLP2mvnxjRS,75,medium,0,29230,Model Evaluation
7VLP2mvnxjRS,76,easy,0,23090,DBSCAN
7VLP2mvnxjRS,77,medium,1,26191,DBSCAN
7VLP2mvnxjRS,78,medium,0,26990,K-means Clustering
7VLP2mvnxjRS,79,easy,1,19926,Decision Trees
7VLP2mvnxjRS,80,easy,1,13781,K-means Clustering
7VLP2mvnxjRS,81,easy,1,19311,DBSCAN
7VLP2mvnxjRS,82,easy,1,14623,DBSCAN
7VLP2mvnxjRS,83,easy,1,14857,K-means Clustering
7VLP2mvnxjRS,84,easy,0,19156,DBSCAN
7VLP2mvnxjRS,85,medium,1,26034,DBSCAN
7VLP2mvnxjRS,86,easy,0,17530,Clustering Evaluation
7VLP2mvnxjRS,87,easy,1,14578,Clustering Evaluation
7VLP2mvnxjRS,88,easy,0,19467,DBSCAN
7VLP2mvnxjRS,89,easy,1,19311,Similarity Measures
7VLP2mvnxjRS,90,hard,1,25875,Model Evaluation
BhvtwuIg7wvF,61,easy,1,12670,K-means Clustering
BhvtwuIg7wvF,62,easy,1,13070,K-means Clustering
BhvtwuIg7wvF,63,easy,1,15053,Hierarchical Clustering
BhvtwuIg7wvF,64,easy,1,8349,Unsupervised Learning
BhvtwuIg7wvF,65,easy,1,12670,Unsupervised Learning
BhvtwuIg7wvF,66,easy,1,8349,DBSCAN
BhvtwuIg7wvF,67,medium,0,25170,Hierarchical Clustering
BhvtwuIg7wvF,68,easy,1,15053,Hierarchical Clustering
BhvtwuIg7wvF,69,easy,1,12381,K-means Clustering
BhvtwuIg7wvF,70,easy,1,8349,K-means Clustering
BhvtwuIg7wvF,71,easy,1,12539,Hierarchical Clustering
BhvtwuIg7wvF,72,medium,1,21214,Hierarchical Clustering
BhvtwuIg7wvF,73,easy,1,11798,Model Evaluation
BhvtwuIg7wvF,74,easy,1,8349,Similarity Measures
BhvtwuIg7wvF,75,medium,1,25026,Model Evaluation
BhvtwuIg7wvF,76,easy,1,16802,DBSCAN
BhvtwuIg7wvF,77,medium,0,22857,DBSCAN
BhvtwuIg7wvF,78,medium,1,21214,K-means Clustering
BhvtwuIg7wvF,79,easy,1,16626,Decision Trees
BhvtwuIg7wvF,80,easy,1,12123,K-means Clustering
BhvtwuIg7wvF,81,easy,1,16364,DBSCAN
BhvtwuIg7wvF,82,easy,1,12527,DBSCAN
BhvtwuIg7wvF,83,easy,1,13070,K-means Clustering
BhvtwuIg7wvF,84,easy,1,12381,DBSCAN
BhvtwuIg7wvF,85,medium,1,21492,DBSCAN
BhvtwuIg7wvF,86,easy,1,11798,Clustering Evaluation
BhvtwuIg7wvF,87,easy,1,12539,Clustering Evaluation
BhvtwuIg7wvF,88,easy,1,12582,DBSCAN
BhvtwuIg7wvF,89,easy,1,16364,Similarity Measures
BhvtwuIg7wvF,90,hard,0,22504,Model Evaluation
RM55e8d3Jbjm,61,easy,1,11875,K-means Clustering
RM55e8d3Jbjm,62,easy,0,17325,K-means Clustering
RM55e8d3Jbjm,63,easy,1,16278,Hierarchical Clustering
RM55e8d3Jbjm,64,easy,1,8385,Unsupervised Learning
RM55e8d3Jbjm,65,easy,1,11875,Unsupervised Learning
RM55e8d3Jbjm,66,easy,1,8385,DBSCAN
RM55e8d3Jbjm,67,medium,0,25899,Hierarchical Clustering
RM55e8d3Jbjm,68,easy,1,16278,Hierarchical Clustering
RM55e8d3Jbjm,69,easy,1,13841,K-means Clustering
RM55e8d3Jbjm,70,easy,1,8385,K-means Clustering
RM55e8d3Jbjm,71,easy,1,14212,Hierarchical Clustering
RM55e8d3Jbjm,72,medium,1,25224,Hierarchical Clustering
RM55e8d3Jbjm,73,easy,1,12759,Model Evaluation
RM55e8d3Jbjm,74,easy,1,8385,Similarity Measures
RM55e8d3Jbjm,75,medium,1,27335,Model Evaluation
RM55e8d3Jbjm,76,easy,1,19766,DBSCAN
RM55e8d3Jbjm,77,medium,0,27012,DBSCAN
RM55e8d3Jbjm,78,medium,1,25224,K-means Clustering
RM55e8d3Jbjm,79,easy,1,19559,Decision Trees
RM55e8d3Jbjm,80,easy,1,13110,K-means Clustering
RM55e8d3Jbjm,81,easy,1,18955,DBSCAN
RM55e8d3Jbjm,82,easy,1,14256,DBSCAN
RM55e8d3Jbjm,83,easy,1,14134,K-means Clustering
RM55e8d3Jbjm,84,easy,1,13841,DBSCAN
RM55e8d3Jbjm,85,medium,0,26821,DBSCAN
RM55e8d3Jbjm,86,easy,1,12759,Clustering Evaluation
RM55e8d3Jbjm,87,easy,1,14212,Clustering Evaluation
RM55e8d3Jbjm,88,easy,1,14066,DBSCAN
RM55e8d3Jbjm,89,easy,1,18955,Similarity Measures
RM55e8d3Jbjm,90,hard,0,25653,Model Evaluation
r5xiR4T4onQf,61,easy,1,14332,K-means Clustering
r5xiR4T4onQf,62,easy,1,16900,K-means Clustering
r5xiR4T4onQf,63,easy,1,19464,Hierarchical Clustering
r5xiR4T4onQf,64,easy,1,10088,Unsupervised Learning
r5xiR4T4onQf,65,easy,1,14332,Unsupervised Learning
r5xiR4T4onQf,66,easy,1,10088,DBSCAN
r5xiR4T4onQf,67,medium,0,29228,Hierarchical Clustering
r5xiR4T4onQf,68,easy,1,19464,Hierarchical Clustering
r5xiR4T4onQf,69,easy,1,16550,K-means Clustering
r5xiR4T4onQf,70,easy,1,10088,K-means Clustering
r5xiR4T4onQf,71,easy,1,16993,Hierarchical Clustering
r5xiR4T4onQf,72,medium,1,30674,Hierarchical Clustering
r5xiR4T4onQf,73,easy,1,15256,Model Evaluation
r5xiR4T4onQf,74,easy,1,10088,Similarity Measures
r5xiR4T4onQf,75,medium,1,33242,Model Evaluation
r5xiR4T4onQf,76,easy,0,24348,DBSCAN
r5xiR4T4onQf,77,medium,0,30789,DBSCAN
r5xiR4T4onQf,78,medium,1,30674,K-means Clustering
r5xiR4T4onQf,79,easy,0,24052,Decision Trees
r5xiR4T4onQf,80,easy,1,15676,K-means Clustering
r5xiR4T4onQf,81,easy,1,22664,DBSCAN
r5xiR4T4onQf,82,easy,1,17184,DBSCAN
r5xiR4T4onQf,83,easy,1,16900,K-means Clustering
r5xiR4T4onQf,84,easy,0,18561,DBSCAN
r5xiR4T4onQf,85,medium,0,30268,DBSCAN
r5xiR4T4onQf,86,easy,1,15256,Clustering Evaluation
r5xiR4T4onQf,87,easy,1,16993,Clustering Evaluation
r5xiR4T4onQf,88,easy,1,16818,DBSCAN
r5xiR4T4onQf,89,easy,1,22664,Similarity Measures
r5xiR4T4onQf,90,hard,1,30886,Model Evaluation
2AQDG30NeIzY,61,easy,1,14428,K-means Clustering
2AQDG30NeIzY,62,easy,1,15768,K-means Clustering
2AQDG30NeIzY,63,easy,1,18160,Hierarchical Clustering
2AQDG30NeIzY,64,easy,1,10220,Unsupervised Learning
2AQDG30NeIzY,65,easy,1,14428,Unsupervised Learning
2AQDG30NeIzY,66,easy,1,10220,DBSCAN
2AQDG30NeIzY,67,medium,0,33032,Hierarchical Clustering
2AQDG30NeIzY,68,easy,1,18160,Hierarchical Clustering
2AQDG30NeIzY,69,easy,1,14799,K-means Clustering
2AQDG30NeIzY,70,easy,1,10220,K-means Clustering
2AQDG30NeIzY,71,easy,1,14987,Hierarchical Clustering
2AQDG30NeIzY,72,medium,1,28173,Hierarchical Clustering
2AQDG30NeIzY,73,easy,1,14234,Model Evaluation
2AQDG30NeIzY,74,easy,1,10220,Similarity Measures
2AQDG30NeIzY,75,medium,1,30532,Model Evaluation
2AQDG30NeIzY,76,easy,1,20615,DBSCAN
2AQDG30NeIzY,77,medium,0,34220,DBSCAN
2AQDG30NeIzY,78,medium,1,28173,K-means Clustering
2AQDG30NeIzY,79,easy,1,20399,Decision Trees
2AQDG30NeIzY,80,easy,1,14626,K-means Clustering
2AQDG30NeIzY,81,easy,1,19791,DBSCAN
2AQDG30NeIzY,82,easy,1,15523,DBSCAN
2AQDG30NeIzY,83,easy,1,15768,K-means Clustering
2AQDG30NeIzY,84,easy,1,14799,DBSCAN
2AQDG30NeIzY,85,medium,1,28542,DBSCAN
2AQDG30NeIzY,86,easy,0,19704,Clustering Evaluation
2AQDG30NeIzY,87,easy,1,14987,Clustering Evaluation
2AQDG30NeIzY,88,easy,1,14492,DBSCAN
2AQDG30NeIzY,89,easy,1,19791,Similarity Measures
2AQDG30NeIzY,90,hard,0,33078,Model Evaluation
sCNAQlTJzusQ,61,easy,1,11875,K-means Clustering
sCNAQlTJzusQ,62,easy,1,14134,K-means Clustering
sCNAQlTJzusQ,63,easy,1,16278,Hierarchical Clustering
sCNAQlTJzusQ,64,easy,1,8385,Unsupervised Learning
sCNAQlTJzusQ,65,easy,1,11875,Unsupervised Learning
sCNAQlTJzusQ,66,easy,1,8385,DBSCAN
sCNAQlTJzusQ,67,medium,1,24908,Hierarchical Clustering
sCNAQlTJzusQ,68,easy,1,16278,Hierarchical Clustering
sCNAQlTJzusQ,69,easy,1,13841,K-means Clustering
sCNAQlTJzusQ,70,easy,1,8385,K-means Clustering
sCNAQlTJzusQ,71,easy,0,18314,Hierarchical Clustering
sCNAQlTJzusQ,72,medium,1,25224,Hierarchical Clustering
sCNAQlTJzusQ,73,easy,1,12759,Model Evaluation
sCNAQlTJzusQ,74,easy,1,8385,Similarity Measures
sCNAQlTJzusQ,75,medium,0,28691,Model Evaluation
sCNAQlTJzusQ,76,easy,0,22664,DBSCAN
sCNAQlTJzusQ,77,medium,0,27012,DBSCAN
sCNAQlTJzusQ,78,medium,0,26492,K-means Clustering
sCNAQlTJzusQ,79,easy,1,19559,Decision Trees
sCNAQlTJzusQ,80,easy,1,13110,K-means Clustering
sCNAQlTJzusQ,81,easy,1,18955,DBSCAN
sCNAQlTJzusQ,82,easy,1,14256,DBSCAN
sCNAQlTJzusQ,83,easy,1,14134,K-means Clustering
sCNAQlTJzusQ,84,easy,1,13841,DBSCAN
sCNAQlTJzusQ,85,medium,1,25554,DBSCAN
sCNAQlTJzusQ,86,easy,1,12759,Clustering Evaluation
sCNAQlTJzusQ,87,easy,1,14212,Clustering Evaluation
sCNAQlTJzusQ,88,easy,1,14066,DBSCAN
sCNAQlTJzusQ,89,easy,1,18955,Similarity Measures
sCNAQlTJzusQ,90,hard,1,25397,Model Evaluation
yKhvr1tKGpJF,61,easy,1,14818,K-means Clustering
yKhvr1tKGpJF,62,easy,1,16368,K-means Clustering
yKhvr1tKGpJF,63,easy,1,18851,Hierarchical Clustering
yKhvr1tKGpJF,64,easy,1,10498,Unsupervised Learning
yKhvr1tKGpJF,65,easy,1,14818,Unsupervised Learning
yKhvr1tKGpJF,66,easy,1,10498,DBSCAN
yKhvr1tKGpJF,67,medium,0,35821,Hierarchical Clustering
yKhvr1tKGpJF,68,easy,1,18851,Hierarchical Clustering
yKhvr1tKGpJF,69,easy,1,15725,K-means Clustering
yKhvr1tKGpJF,70,easy,1,10498,K-means Clustering
yKhvr1tKGpJF,71,easy,1,15925,Hierarchical Clustering
yKhvr1tKGpJF,72,medium,1,31434,Hierarchical Clustering
yKhvr1tKGpJF,73,easy,1,14775,Model Evaluation
yKhvr1tKGpJF,74,easy,1,10498,Similarity Measures
yKhvr1tKGpJF,75,medium,1,34066,Model Evaluation
yKhvr1tKGpJF,76,easy,1,24298,DBSCAN
yKhvr1tKGpJF,77,medium,0,39356,DBSCAN
yKhvr1tKGpJF,78,medium,1,31434,K-means Clustering
yKhvr1tKGpJF,79,easy,1,24044,Decision Trees
yKhvr1tKGpJF,80,easy,0,20745,K-means Clustering
yKhvr1tKGpJF,81,easy,1,20940,DBSCAN
yKhvr1tKGpJF,82,easy,1,15911,DBSCAN
yKhvr1tKGpJF,83,easy,1,16368,K-means Clustering
yKhvr1tKGpJF,84,easy,1,15725,DBSCAN
yKhvr1tKGpJF,85,medium,0,37096,DBSCAN
yKhvr1tKGpJF,86,easy,1,14775,Clustering Evaluation
yKhvr1tKGpJF,87,easy,1,15925,Clustering Evaluation
yKhvr1tKGpJF,88,easy,1,15186,DBSCAN
yKhvr1tKGpJF,89,easy,1,20940,Similarity Measures
yKhvr1tKGpJF,90,hard,0,31778,Model Evaluation
IWu147zvpRWb,61,easy,1,11841,K-means Clustering
IWu147zvpRWb,62,easy,0,17436,K-means Clustering
IWu147zvpRWb,63,easy,1,17003,Hierarchical Clustering
IWu147zvpRWb,64,easy,1,8432,Unsupervised Learning
IWu147zvpRWb,65,easy,1,11841,Unsupervised Learning
IWu147zvpRWb,66,easy,1,8432,DBSCAN
IWu147zvpRWb,67,medium,1,27435,Hierarchical Clustering
IWu147zvpRWb,68,easy,1,17003,Hierarchical Clustering
IWu147zvpRWb,69,easy,1,14509,K-means Clustering
IWu147zvpRWb,70,easy,1,8432,K-means Clustering
IWu147zvpRWb,71,easy,1,14897,Hierarchical Clustering
IWu147zvpRWb,72,medium,0,28603,Hierarchical Clustering
IWu147zvpRWb,73,easy,1,13327,Model Evaluation
IWu147zvpRWb,74,easy,1,8432,Similarity Measures
IWu147zvpRWb,75,medium,0,31494,Model Evaluation
IWu147zvpRWb,76,easy,0,23293,DBSCAN
IWu147zvpRWb,77,medium,1,28425,DBSCAN
IWu147zvpRWb,78,medium,0,28603,K-means Clustering
IWu147zvpRWb,79,easy,1,20882,Decision Trees
IWu147zvpRWb,80,easy,1,13694,K-means Clustering
IWu147zvpRWb,81,easy,0,19932,DBSCAN
IWu147zvpRWb,82,easy,1,15064,DBSCAN
IWu147zvpRWb,83,easy,1,14985,K-means Clustering
IWu147zvpRWb,84,easy,0,16588,DBSCAN
IWu147zvpRWb,85,medium,0,28958,DBSCAN
IWu147zvpRWb,86,easy,1,13327,Clustering Evaluation
IWu147zvpRWb,87,easy,1,14897,Clustering Evaluation
IWu147zvpRWb,88,easy,0,16857,DBSCAN
IWu147zvpRWb,89,easy,1,19869,Similarity Measures
IWu147zvpRWb,90,hard,1,27974,Model Evaluation
9znYM6tmzKLF,61,easy,1,15659,K-means Clustering
9znYM6tmzKLF,62,easy,1,17117,K-means Clustering
9znYM6tmzKLF,63,easy,1,19714,Hierarchical Clustering
9znYM6tmzKLF,64,easy,1,11094,Unsupervised Learning
9znYM6tmzKLF,65,easy,1,15659,Unsupervised Learning
9znYM6tmzKLF,66,easy,1,11094,DBSCAN
9znYM6tmzKLF,67,medium,1,30495,Hierarchical Clustering
9znYM6tmzKLF,68,easy,0,26447,Hierarchical Clustering
9znYM6tmzKLF,69,easy,1,16245,K-means Clustering
9znYM6tmzKLF,70,easy,1,11094,K-means Clustering
9znYM6tmzKLF,71,easy,1,16452,Hierarchical Clustering
9znYM6tmzKLF,72,medium,0,35341,Hierarchical Clustering
9znYM6tmzKLF,73,easy,1,15451,Model Evaluation
9znYM6tmzKLF,74,easy,1,11094,Similarity Measures
9znYM6tmzKLF,75,medium,0,38274,Model Evaluation
9znYM6tmzKLF,76,easy,1,22799,DBSCAN
9znYM6tmzKLF,77,medium,1,31474,DBSCAN
9znYM6tmzKLF,78,medium,0,35341,K-means Clustering
9znYM6tmzKLF,79,easy,0,26623,Decision Trees
9znYM6tmzKLF,80,easy,1,15877,K-means Clustering
9znYM6tmzKLF,81,easy,1,21633,DBSCAN
9znYM6tmzKLF,82,easy,1,16613,DBSCAN
9znYM6tmzKLF,83,easy,1,17117,K-means Clustering
9znYM6tmzKLF,84,easy,1,16245,DBSCAN
9znYM6tmzKLF,85,medium,1,31285,DBSCAN
9znYM6tmzKLF,86,easy,1,15451,Clustering Evaluation
9znYM6tmzKLF,87,easy,1,16452,Clustering Evaluation
9znYM6tmzKLF,88,easy,0,21877,DBSCAN
9znYM6tmzKLF,89,easy,1,21633,Similarity Measures
9znYM6tmzKLF,90,hard,1,31333,Model Evaluation
9xt9EeOQtcXZ,61,easy,1,14378,K-means Clustering
9xt9EeOQtcXZ,62,easy,1,15772,K-means Clustering
9xt9EeOQtcXZ,63,easy,1,18165,Hierarchical Clustering
9xt9EeOQtcXZ,64,easy,1,10075,Unsupervised Learning
9xt9EeOQtcXZ,65,easy,1,14378,Unsupervised Learning
9xt9EeOQtcXZ,66,easy,1,10075,DBSCAN
9xt9EeOQtcXZ,67,medium,1,25347,Hierarchical Clustering
9xt9EeOQtcXZ,68,easy,1,18165,Hierarchical Clustering
9xt9EeOQtcXZ,69,easy,1,14941,K-means Clustering
9xt9EeOQtcXZ,70,easy,1,10075,K-means Clustering
9xt9EeOQtcXZ,71,easy,0,20048,Hierarchical Clustering
9xt9EeOQtcXZ,72,medium,1,25668,Hierarchical Clustering
9xt9EeOQtcXZ,73,easy,1,14237,Model Evaluation
9xt9EeOQtcXZ,74,easy,1,10075,Similarity Measures
9xt9EeOQtcXZ,75,medium,0,29196,Model Evaluation
9xt9EeOQtcXZ,76,easy,0,23063,DBSCAN
9xt9EeOQtcXZ,77,medium,0,27657,DBSCAN
9xt9EeOQtcXZ,78,medium,0,26959,K-means Clustering
9xt9EeOQtcXZ,79,easy,1,19903,Decision Trees
9xt9EeOQtcXZ,80,easy,1,14629,K-means Clustering
9xt9EeOQtcXZ,81,easy,1,19440,DBSCAN
9xt9EeOQtcXZ,82,easy,1,15027,DBSCAN
9xt9EeOQtcXZ,83,easy,0,21063,K-means Clustering
9xt9EeOQtcXZ,84,easy,1,14941,DBSCAN
9xt9EeOQtcXZ,85,medium,1,26004,DBSCAN
9xt9EeOQtcXZ,86,easy,1,14237,Clustering Evaluation
9xt9EeOQtcXZ,87,easy,1,15041,Clustering Evaluation
9xt9EeOQtcXZ,88,easy,1,15183,DBSCAN
9xt9EeOQtcXZ,89,easy,1,19440,Similarity Measures
9xt9EeOQtcXZ,90,hard,1,25845,Model Evaluation
pJCSXvZHMyH1,61,easy,1,14796,K-means Clustering
pJCSXvZHMyH1,62,easy,1,16173,K-means Clustering
pJCSXvZHMyH1,63,easy,1,18627,Hierarchical Clustering
pJCSXvZHMyH1,64,easy,1,10483,Unsupervised Learning
pJCSXvZHMyH1,65,easy,1,14796,Unsupervised Learning
pJCSXvZHMyH1,66,easy,1,10483,DBSCAN
pJCSXvZHMyH1,67,medium,1,28814,Hierarchical Clustering
pJCSXvZHMyH1,68,easy,1,18627,Hierarchical Clustering
pJCSXvZHMyH1,69,easy,1,15350,K-means Clustering
pJCSXvZHMyH1,70,easy,1,10483,K-means Clustering
pJCSXvZHMyH1,71,easy,1,15545,Hierarchical Clustering
pJCSXvZHMyH1,72,medium,1,29179,Hierarchical Clustering
pJCSXvZHMyH1,73,easy,1,14600,Model Evaluation
pJCSXvZHMyH1,74,easy,1,10483,Similarity Measures
pJCSXvZHMyH1,75,medium,1,31622,Model Evaluation
pJCSXvZHMyH1,76,easy,0,25936,DBSCAN
pJCSXvZHMyH1,77,medium,1,29739,DBSCAN
pJCSXvZHMyH1,78,medium,1,29179,K-means Clustering
pJCSXvZHMyH1,79,easy,1,21317,Decision Trees
pJCSXvZHMyH1,80,easy,1,15002,K-means Clustering
pJCSXvZHMyH1,81,easy,0,24101,DBSCAN
pJCSXvZHMyH1,82,easy,1,15531,DBSCAN
pJCSXvZHMyH1,83,easy,1,16173,K-means Clustering
pJCSXvZHMyH1,84,easy,1,15350,DBSCAN
pJCSXvZHMyH1,85,medium,0,34434,DBSCAN
pJCSXvZHMyH1,86,easy,1,14600,Clustering Evaluation
pJCSXvZHMyH1,87,easy,1,15545,Clustering Evaluation
pJCSXvZHMyH1,88,easy,1,15006,DBSCAN
pJCSXvZHMyH1,89,easy,1,20441,Similarity Measures
pJCSXvZHMyH1,90,hard,0,29966,Model Evaluation
TYE4dgTYGdCn,61,easy,1,14796,K-means Clustering
TYE4dgTYGdCn,62,easy,1,16173,K-means Clustering
TYE4dgTYGdCn,63,easy,1,18627,Hierarchical Clustering
TYE4dgTYGdCn,64,easy,1,10483,Unsupervised Learning
TYE4dgTYGdCn,65,easy,1,14796,Unsupervised Learning
TYE4dgTYGdCn,66,easy,1,10483,DBSCAN
TYE4dgTYGdCn,67,medium,1,28814,Hierarchical Clustering
TYE4dgTYGdCn,68,easy,1,18627,Hierarchical Clustering
TYE4dgTYGdCn,69,easy,1,15350,K-means Clustering
TYE4dgTYGdCn,70,easy,1,10483,K-means Clustering
TYE4dgTYGdCn,71,easy,1,15545,Hierarchical Clustering
TYE4dgTYGdCn,72,medium,1,29179,Hierarchical Clustering
TYE4dgTYGdCn,73,easy,1,14600,Model Evaluation
TYE4dgTYGdCn,74,easy,1,10483,Similarity Measures
TYE4dgTYGdCn,75,medium,1,31622,Model Evaluation
TYE4dgTYGdCn,76,easy,0,25936,DBSCAN
TYE4dgTYGdCn,77,medium,1,29739,DBSCAN
TYE4dgTYGdCn,78,medium,1,29179,K-means Clustering
TYE4dgTYGdCn,79,easy,1,21317,Decision Trees
TYE4dgTYGdCn,80,easy,1,15002,K-means Clustering
TYE4dgTYGdCn,81,easy,0,24101,DBSCAN
TYE4dgTYGdCn,82,easy,1,15531,DBSCAN
TYE4dgTYGdCn,83,easy,1,16173,K-means Clustering
TYE4dgTYGdCn,84,easy,1,15350,DBSCAN
TYE4dgTYGdCn,85,medium,0,34434,DBSCAN
TYE4dgTYGdCn,86,easy,1,14600,Clustering Evaluation
TYE4dgTYGdCn,87,easy,1,15545,Clustering Evaluation
TYE4dgTYGdCn,88,easy,1,15006,DBSCAN
TYE4dgTYGdCn,89,easy,1,20441,Similarity Measures
TYE4dgTYGdCn,90,hard,0,29966,Model Evaluation
Oc5QucHDsmjC,61,easy,1,12773,K-means Clustering
Oc5QucHDsmjC,62,easy,1,13848,K-means Clustering
Oc5QucHDsmjC,63,easy,1,15949,Hierarchical Clustering
Oc5QucHDsmjC,64,easy,1,8975,Unsupervised Learning
Oc5QucHDsmjC,65,easy,1,12773,Unsupervised Learning
Oc5QucHDsmjC,66,easy,1,8975,DBSCAN
Oc5QucHDsmjC,67,medium,0,29776,Hierarchical Clustering
Oc5QucHDsmjC,68,easy,1,15949,Hierarchical Clustering
Oc5QucHDsmjC,69,easy,1,13244,K-means Clustering
Oc5QucHDsmjC,70,easy,1,8975,K-means Clustering
Oc5QucHDsmjC,71,easy,1,13412,Hierarchical Clustering
Oc5QucHDsmjC,72,medium,1,25381,Hierarchical Clustering
Oc5QucHDsmjC,73,easy,1,12500,Model Evaluation
Oc5QucHDsmjC,74,easy,1,8975,Similarity Measures
Oc5QucHDsmjC,75,medium,1,27085,Model Evaluation
Oc5QucHDsmjC,76,easy,1,18448,DBSCAN
Oc5QucHDsmjC,77,medium,0,30624,DBSCAN
Oc5QucHDsmjC,78,medium,0,29851,K-means Clustering
Oc5QucHDsmjC,79,easy,1,18255,Decision Trees
Oc5QucHDsmjC,80,easy,1,12845,K-means Clustering
Oc5QucHDsmjC,81,easy,1,17711,DBSCAN
Oc5QucHDsmjC,82,easy,1,13892,DBSCAN
Oc5QucHDsmjC,83,easy,1,13848,K-means Clustering
Oc5QucHDsmjC,84,easy,1,13244,DBSCAN
Oc5QucHDsmjC,85,medium,1,25713,DBSCAN
Oc5QucHDsmjC,86,easy,1,12500,Clustering Evaluation
Oc5QucHDsmjC,87,easy,1,13412,Clustering Evaluation
Oc5QucHDsmjC,88,easy,1,12969,DBSCAN
Oc5QucHDsmjC,89,easy,1,17711,Similarity Measures
Oc5QucHDsmjC,90,hard,1,26906,Model Evaluation
hpYESXQ1czwb,61,easy,1,14532,K-means Clustering
hpYESXQ1czwb,62,easy,1,15884,K-means Clustering
hpYESXQ1czwb,63,easy,1,18294,Hierarchical Clustering
hpYESXQ1czwb,64,easy,1,10295,Unsupervised Learning
hpYESXQ1czwb,65,easy,1,14532,Unsupervised Learning
hpYESXQ1czwb,66,easy,1,10295,DBSCAN
hpYESXQ1czwb,67,medium,1,28299,Hierarchical Clustering
hpYESXQ1czwb,68,easy,1,18294,Hierarchical Clustering
hpYESXQ1czwb,69,easy,1,15076,K-means Clustering
hpYESXQ1czwb,70,easy,1,10295,K-means Clustering
hpYESXQ1czwb,71,easy,1,15267,Hierarchical Clustering
hpYESXQ1czwb,72,medium,1,28658,Hierarchical Clustering
hpYESXQ1czwb,73,easy,1,14339,Model Evaluation
hpYESXQ1czwb,74,easy,1,10295,Similarity Measures
hpYESXQ1czwb,75,medium,1,31057,Model Evaluation
hpYESXQ1czwb,76,easy,0,25470,DBSCAN
hpYESXQ1czwb,77,medium,1,29208,DBSCAN
hpYESXQ1czwb,78,medium,1,28658,K-means Clustering
hpYESXQ1czwb,79,easy,1,20936,Decision Trees
hpYESXQ1czwb,80,easy,1,14734,K-means Clustering
hpYESXQ1czwb,81,easy,1,20075,DBSCAN
hpYESXQ1czwb,82,easy,1,15417,DBSCAN
hpYESXQ1czwb,83,easy,1,15884,K-means Clustering
hpYESXQ1czwb,84,easy,1,15076,DBSCAN
hpYESXQ1czwb,85,medium,0,33816,DBSCAN
hpYESXQ1czwb,86,easy,1,14339,Clustering Evaluation
hpYESXQ1czwb,87,easy,1,15267,Clustering Evaluation
hpYESXQ1czwb,88,easy,1,14737,DBSCAN
hpYESXQ1czwb,89,easy,1,20075,Similarity Measures
hpYESXQ1czwb,90,hard,0,29428,Model Evaluation
St7VKJfT2MTq,61,easy,1,13036,K-means Clustering
St7VKJfT2MTq,62,easy,1,14857,K-means Clustering
St7VKJfT2MTq,63,easy,1,17111,Hierarchical Clustering
St7VKJfT2MTq,64,easy,1,9328,Unsupervised Learning
St7VKJfT2MTq,65,easy,1,13036,Unsupervised Learning
St7VKJfT2MTq,66,easy,1,9328,DBSCAN
St7VKJfT2MTq,67,medium,1,25376,Hierarchical Clustering
St7VKJfT2MTq,68,easy,0,22365,Hierarchical Clustering
St7VKJfT2MTq,69,easy,1,14307,K-means Clustering
St7VKJfT2MTq,70,easy,1,9328,K-means Clustering
St7VKJfT2MTq,71,easy,1,14578,Hierarchical Clustering
St7VKJfT2MTq,72,medium,0,26990,Hierarchical Clustering
St7VKJfT2MTq,73,easy,1,13412,Model Evaluation
St7VKJfT2MTq,74,easy,1,9328,Similarity Measures
St7VKJfT2MTq,75,medium,0,29230,Model Evaluation
St7VKJfT2MTq,76,easy,0,23090,DBSCAN
St7VKJfT2MTq,77,medium,0,27689,DBSCAN
St7VKJfT2MTq,78,medium,0,26990,K-means Clustering
St7VKJfT2MTq,79,easy,1,19926,Decision Trees
St7VKJfT2MTq,80,easy,1,13781,K-means Clustering
St7VKJfT2MTq,81,easy,1,19311,DBSCAN
St7VKJfT2MTq,82,easy,1,14623,DBSCAN
St7VKJfT2MTq,83,easy,1,14857,K-means Clustering
St7VKJfT2MTq,84,easy,1,14307,DBSCAN
St7VKJfT2MTq,85,medium,1,26034,DBSCAN
St7VKJfT2MTq,86,easy,1,13412,Clustering Evaluation
St7VKJfT2MTq,87,easy,1,14578,Clustering Evaluation
St7VKJfT2MTq,88,easy,1,14539,DBSCAN
St7VKJfT2MTq,89,easy,1,19311,Similarity Measures
St7VKJfT2MTq,90,hard,1,25875,Model Evaluation
VgoqnXYkjUhL,61,easy,1,12945,K-means Clustering
VgoqnXYkjUhL,62,easy,1,14554,K-means Clustering
VgoqnXYkjUhL,63,easy,1,16762,Hierarchical Clustering
VgoqnXYkjUhL,64,easy,1,9433,Unsupervised Learning
VgoqnXYkjUhL,65,easy,1,12945,Unsupervised Learning
VgoqnXYkjUhL,66,easy,1,9433,DBSCAN
VgoqnXYkjUhL,67,medium,0,30340,Hierarchical Clustering
VgoqnXYkjUhL,68,easy,1,16762,Hierarchical Clustering
VgoqnXYkjUhL,69,easy,1,13843,K-means Clustering
VgoqnXYkjUhL,70,easy,1,9433,K-means Clustering
VgoqnXYkjUhL,71,easy,1,14019,Hierarchical Clustering
VgoqnXYkjUhL,72,medium,1,26148,Hierarchical Clustering
VgoqnXYkjUhL,73,easy,1,13138,Model Evaluation
VgoqnXYkjUhL,74,easy,1,9433,Similarity Measures
VgoqnXYkjUhL,75,medium,1,28337,Model Evaluation
VgoqnXYkjUhL,76,easy,1,19182,DBSCAN
VgoqnXYkjUhL,77,medium,0,31838,DBSCAN
VgoqnXYkjUhL,78,medium,0,31034,K-means Clustering
VgoqnXYkjUhL,79,easy,1,18982,Decision Trees
VgoqnXYkjUhL,80,easy,1,13500,K-means Clustering
VgoqnXYkjUhL,81,easy,1,18512,DBSCAN
VgoqnXYkjUhL,82,easy,1,14156,DBSCAN
VgoqnXYkjUhL,83,easy,1,14554,K-means Clustering
VgoqnXYkjUhL,84,easy,1,13843,DBSCAN
VgoqnXYkjUhL,85,medium,1,26491,DBSCAN
VgoqnXYkjUhL,86,easy,1,13138,Clustering Evaluation
VgoqnXYkjUhL,87,easy,1,14019,Clustering Evaluation
VgoqnXYkjUhL,88,easy,1,13592,DBSCAN
VgoqnXYkjUhL,89,easy,1,18512,Similarity Measures
VgoqnXYkjUhL,90,hard,1,27270,Model Evaluation
DI3Mqi034afd,61,easy,1,13496,K-means Clustering
DI3Mqi034afd,62,easy,1,14990,K-means Clustering
DI3Mqi034afd,63,easy,1,17264,Hierarchical Clustering
DI3Mqi034afd,64,easy,1,9715,Unsupervised Learning
DI3Mqi034afd,65,easy,1,13496,Unsupervised Learning
DI3Mqi034afd,66,easy,1,9715,DBSCAN
DI3Mqi034afd,67,medium,0,32018,Hierarchical Clustering
DI3Mqi034afd,68,easy,1,17264,Hierarchical Clustering
DI3Mqi034afd,69,easy,1,14336,K-means Clustering
DI3Mqi034afd,70,easy,1,9715,K-means Clustering
DI3Mqi034afd,71,easy,1,14518,Hierarchical Clustering
DI3Mqi034afd,72,medium,1,27292,Hierarchical Clustering
DI3Mqi034afd,73,easy,1,13531,Model Evaluation
DI3Mqi034afd,74,easy,1,9715,Similarity Measures
DI3Mqi034afd,75,medium,1,28665,Model Evaluation
DI3Mqi034afd,76,easy,1,19970,DBSCAN
DI3Mqi034afd,77,medium,0,33149,DBSCAN
DI3Mqi034afd,78,medium,0,32313,K-means Clustering
DI3Mqi034afd,79,easy,1,19760,Decision Trees
DI3Mqi034afd,80,easy,1,13904,K-means Clustering
DI3Mqi034afd,81,easy,1,19171,DBSCAN
DI3Mqi034afd,82,easy,1,15037,DBSCAN
DI3Mqi034afd,83,easy,1,14990,K-means Clustering
DI3Mqi034afd,84,easy,1,14336,DBSCAN
DI3Mqi034afd,85,medium,1,27649,DBSCAN
DI3Mqi034afd,86,easy,1,13531,Clustering Evaluation
DI3Mqi034afd,87,easy,1,14518,Clustering Evaluation
DI3Mqi034afd,88,easy,1,14038,DBSCAN
DI3Mqi034afd,89,easy,1,19171,Similarity Measures
DI3Mqi034afd,90,hard,1,28932,Model Evaluation
tZNKhSZpzqOT,61,easy,1,14711,K-means Clustering
tZNKhSZpzqOT,62,easy,1,16137,K-means Clustering
tZNKhSZpzqOT,63,easy,1,18585,Hierarchical Clustering
tZNKhSZpzqOT,64,easy,1,10308,Unsupervised Learning
tZNKhSZpzqOT,65,easy,1,14711,Unsupervised Learning
tZNKhSZpzqOT,66,easy,1,10308,DBSCAN
tZNKhSZpzqOT,67,medium,0,30403,Hierarchical Clustering
tZNKhSZpzqOT,68,easy,1,18585,Hierarchical Clustering
tZNKhSZpzqOT,69,easy,1,15250,K-means Clustering
tZNKhSZpzqOT,70,easy,1,10308,K-means Clustering
tZNKhSZpzqOT,71,easy,1,15444,Hierarchical Clustering
tZNKhSZpzqOT,72,medium,1,27670,Hierarchical Clustering
tZNKhSZpzqOT,73,easy,1,14567,Model Evaluation
tZNKhSZpzqOT,74,easy,1,10308,Similarity Measures
tZNKhSZpzqOT,75,medium,1,29987,Model Evaluation
tZNKhSZpzqOT,76,easy,1,20903,DBSCAN
tZNKhSZpzqOT,77,medium,1,28201,DBSCAN
tZNKhSZpzqOT,78,medium,1,27670,K-means Clustering
tZNKhSZpzqOT,79,easy,1,20684,Decision Trees
tZNKhSZpzqOT,80,easy,0,19820,K-means Clustering
tZNKhSZpzqOT,81,easy,1,20156,DBSCAN
tZNKhSZpzqOT,82,easy,1,15430,DBSCAN
tZNKhSZpzqOT,83,easy,1,16137,K-means Clustering
tZNKhSZpzqOT,84,easy,1,15250,DBSCAN
tZNKhSZpzqOT,85,medium,0,31485,DBSCAN
tZNKhSZpzqOT,86,easy,1,14567,Clustering Evaluation
tZNKhSZpzqOT,87,easy,1,15444,Clustering Evaluation
tZNKhSZpzqOT,88,easy,1,14934,DBSCAN
tZNKhSZpzqOT,89,easy,1,20156,Similarity Measures
tZNKhSZpzqOT,90,hard,0,28638,Model Evaluation
xlLz8YVMGkvs,61,easy,1,14532,K-means Clustering
xlLz8YVMGkvs,62,easy,1,15884,K-means Clustering
xlLz8YVMGkvs,63,easy,1,18294,Hierarchical Clustering
xlLz8YVMGkvs,64,easy,0,13787,Unsupervised Learning
xlLz8YVMGkvs,65,easy,1,14532,Unsupervised Learning
xlLz8YVMGkvs,66,easy,1,10295,DBSCAN
xlLz8YVMGkvs,67,medium,0,32654,Hierarchical Clustering
xlLz8YVMGkvs,68,easy,1,18294,Hierarchical Clustering
xlLz8YVMGkvs,69,easy,1,15076,K-means Clustering
xlLz8YVMGkvs,70,easy,1,10295,K-means Clustering
xlLz8YVMGkvs,71,easy,1,15267,Hierarchical Clustering
xlLz8YVMGkvs,72,medium,0,33401,Hierarchical Clustering
xlLz8YVMGkvs,73,easy,1,14339,Model Evaluation
xlLz8YVMGkvs,74,easy,1,10295,Similarity Measures
xlLz8YVMGkvs,75,medium,0,36173,Model Evaluation
xlLz8YVMGkvs,76,easy,0,25470,DBSCAN
xlLz8YVMGkvs,77,medium,1,29208,DBSCAN
xlLz8YVMGkvs,78,medium,1,28658,K-means Clustering
xlLz8YVMGkvs,79,easy,1,20936,Decision Trees
xlLz8YVMGkvs,80,easy,1,14734,K-means Clustering
xlLz8YVMGkvs,81,easy,1,20075,DBSCAN
xlLz8YVMGkvs,82,easy,1,15417,DBSCAN
xlLz8YVMGkvs,83,easy,1,15884,K-means Clustering
xlLz8YVMGkvs,84,easy,1,15076,DBSCAN
xlLz8YVMGkvs,85,medium,1,29033,DBSCAN
xlLz8YVMGkvs,86,easy,1,14339,Clustering Evaluation
xlLz8YVMGkvs,87,easy,1,15267,Clustering Evaluation
xlLz8YVMGkvs,88,easy,1,14737,DBSCAN
xlLz8YVMGkvs,89,easy,1,20075,Similarity Measures
xlLz8YVMGkvs,90,hard,0,29428,Model Evaluation
8JOElN1piVew,61,easy,1,14378,K-means Clustering
8JOElN1piVew,62,easy,1,15772,K-means Clustering
8JOElN1piVew,63,easy,1,18165,Hierarchical Clustering
8JOElN1piVew,64,easy,1,10075,Unsupervised Learning
8JOElN1piVew,65,easy,1,14378,Unsupervised Learning
8JOElN1piVew,66,easy,1,10075,DBSCAN
8JOElN1piVew,67,medium,1,25347,Hierarchical Clustering
8JOElN1piVew,68,easy,1,18165,Hierarchical Clustering
8JOElN1piVew,69,easy,1,14941,K-means Clustering
8JOElN1piVew,70,easy,1,10075,K-means Clustering
8JOElN1piVew,71,easy,0,20048,Hierarchical Clustering
8JOElN1piVew,72,medium,0,26959,Hierarchical Clustering
8JOElN1piVew,73,easy,1,14237,Model Evaluation
8JOElN1piVew,74,easy,1,10075,Similarity Measures
8JOElN1piVew,75,medium,0,29196,Model Evaluation
8JOElN1piVew,76,easy,1,20114,DBSCAN
8JOElN1piVew,77,medium,1,26160,DBSCAN
8JOElN1piVew,78,medium,0,26959,K-means Clustering
8JOElN1piVew,79,easy,1,19903,Decision Trees
8JOElN1piVew,80,easy,1,14629,K-means Clustering
8JOElN1piVew,81,easy,1,19440,DBSCAN
8JOElN1piVew,82,easy,1,15027,DBSCAN
8JOElN1piVew,83,easy,1,15772,K-means Clustering
8JOElN1piVew,84,easy,1,14941,DBSCAN
8JOElN1piVew,85,medium,1,26004,DBSCAN
8JOElN1piVew,86,easy,1,14237,Clustering Evaluation
8JOElN1piVew,87,easy,1,15041,Clustering Evaluation
8JOElN1piVew,88,easy,1,15183,DBSCAN
8JOElN1piVew,89,easy,1,19440,Similarity Measures
8JOElN1piVew,90,hard,0,26105,Model Evaluation
0rzpTGhVxVJU,61,easy,1,11553,K-means Clustering
0rzpTGhVxVJU,62,easy,1,14913,K-means Clustering
0rzpTGhVxVJU,63,easy,1,16803,Hierarchical Clustering
0rzpTGhVxVJU,64,easy,1,8227,Unsupervised Learning
0rzpTGhVxVJU,65,easy,1,11553,Unsupervised Learning
0rzpTGhVxVJU,66,easy,1,8227,DBSCAN
0rzpTGhVxVJU,67,medium,0,25016,Hierarchical Clustering
0rzpTGhVxVJU,68,easy,1,16803,Hierarchical Clustering
0rzpTGhVxVJU,69,easy,0,15706,K-means Clustering
0rzpTGhVxVJU,70,easy,1,8227,K-means Clustering
0rzpTGhVxVJU,71,easy,0,16761,Hierarchical Clustering
0rzpTGhVxVJU,72,medium,1,26315,Hierarchical Clustering
0rzpTGhVxVJU,73,easy,1,13170,Model Evaluation
0rzpTGhVxVJU,74,easy,1,8227,Similarity Measures
0rzpTGhVxVJU,75,medium,0,28556,Model Evaluation
0rzpTGhVxVJU,76,easy,1,20526,DBSCAN
0rzpTGhVxVJU,77,medium,0,26708,DBSCAN
0rzpTGhVxVJU,78,medium,0,25934,K-means Clustering
0rzpTGhVxVJU,79,easy,1,20353,Decision Trees
0rzpTGhVxVJU,80,easy,1,13533,K-means Clustering
0rzpTGhVxVJU,81,easy,0,18845,DBSCAN
0rzpTGhVxVJU,82,easy,0,17071,DBSCAN
0rzpTGhVxVJU,83,easy,1,14913,K-means Clustering
0rzpTGhVxVJU,84,easy,1,14338,DBSCAN
0rzpTGhVxVJU,85,medium,1,26659,DBSCAN
0rzpTGhVxVJU,86,easy,1,13170,Clustering Evaluation
0rzpTGhVxVJU,87,easy,1,14721,Clustering Evaluation
0rzpTGhVxVJU,88,easy,1,14570,DBSCAN
0rzpTGhVxVJU,89,easy,1,19607,Similarity Measures
0rzpTGhVxVJU,90,hard,0,25137,Model Evaluation
iZblYCxqwouC,61,easy,1,14818,K-means Clustering
iZblYCxqwouC,62,easy,1,16368,K-means Clustering
iZblYCxqwouC,63,easy,0,25757,Hierarchical Clustering
iZblYCxqwouC,64,easy,1,10498,Unsupervised Learning
iZblYCxqwouC,65,easy,1,14818,Unsupervised Learning
iZblYCxqwouC,66,easy,1,10498,DBSCAN
iZblYCxqwouC,67,medium,0,35821,Hierarchical Clustering
iZblYCxqwouC,68,easy,1,18851,Hierarchical Clustering
iZblYCxqwouC,69,easy,1,15725,K-means Clustering
iZblYCxqwouC,70,easy,1,10498,K-means Clustering
iZblYCxqwouC,71,easy,1,15925,Hierarchical Clustering
iZblYCxqwouC,72,medium,1,31434,Hierarchical Clustering
iZblYCxqwouC,73,easy,1,14775,Model Evaluation
iZblYCxqwouC,74,easy,1,10498,Similarity Measures
iZblYCxqwouC,75,medium,0,39682,Model Evaluation
iZblYCxqwouC,76,easy,1,24298,DBSCAN
iZblYCxqwouC,77,medium,1,33543,DBSCAN
iZblYCxqwouC,78,medium,1,31434,K-means Clustering
iZblYCxqwouC,79,easy,1,24044,Decision Trees
iZblYCxqwouC,80,easy,1,15182,K-means Clustering
iZblYCxqwouC,81,easy,1,20940,DBSCAN
iZblYCxqwouC,82,easy,1,15911,DBSCAN
iZblYCxqwouC,83,easy,1,16368,K-means Clustering
iZblYCxqwouC,84,easy,1,15725,DBSCAN
iZblYCxqwouC,85,medium,1,31846,DBSCAN
iZblYCxqwouC,86,easy,0,20189,Clustering Evaluation
iZblYCxqwouC,87,easy,0,22287,Clustering Evaluation
iZblYCxqwouC,88,easy,1,15186,DBSCAN
iZblYCxqwouC,89,easy,1,20940,Similarity Measures
iZblYCxqwouC,90,hard,1,31397,Model Evaluation
sg62FVLFX6BW,61,easy,1,12552,K-means Clustering
sg62FVLFX6BW,62,easy,1,14892,K-means Clustering
sg62FVLFX6BW,63,easy,1,17152,Hierarchical Clustering
sg62FVLFX6BW,64,easy,1,8835,Unsupervised Learning
sg62FVLFX6BW,65,easy,1,12552,Unsupervised Learning
sg62FVLFX6BW,66,easy,1,8835,DBSCAN
sg62FVLFX6BW,67,medium,0,28386,Hierarchical Clustering
sg62FVLFX6BW,68,easy,1,17152,Hierarchical Clustering
sg62FVLFX6BW,69,easy,1,14584,K-means Clustering
sg62FVLFX6BW,70,easy,1,8835,K-means Clustering
sg62FVLFX6BW,71,easy,1,14974,Hierarchical Clustering
sg62FVLFX6BW,72,medium,1,27645,Hierarchical Clustering
sg62FVLFX6BW,73,easy,1,13443,Model Evaluation
sg62FVLFX6BW,74,easy,1,8835,Similarity Measures
sg62FVLFX6BW,75,medium,0,31445,Model Evaluation
sg62FVLFX6BW,76,easy,1,20999,DBSCAN
sg62FVLFX6BW,77,medium,1,28004,DBSCAN
sg62FVLFX6BW,78,medium,1,27645,K-means Clustering
sg62FVLFX6BW,79,easy,0,23359,Decision Trees
sg62FVLFX6BW,80,easy,1,13814,K-means Clustering
sg62FVLFX6BW,81,easy,1,19972,DBSCAN
sg62FVLFX6BW,82,easy,1,15021,DBSCAN
sg62FVLFX6BW,83,easy,1,14892,K-means Clustering
sg62FVLFX6BW,84,easy,1,14584,DBSCAN
sg62FVLFX6BW,85,medium,1,28007,DBSCAN
sg62FVLFX6BW,86,easy,1,13443,Clustering Evaluation
sg62FVLFX6BW,87,easy,1,14974,Clustering Evaluation
sg62FVLFX6BW,88,easy,1,14820,DBSCAN
sg62FVLFX6BW,89,easy,1,19972,Similarity Measures
sg62FVLFX6BW,90,hard,1,27836,Model Evaluation
zeQInY6w8eBY,61,easy,1,14711,K-means Clustering
zeQInY6w8eBY,62,easy,1,16137,K-means Clustering
zeQInY6w8eBY,63,easy,1,18585,Hierarchical Clustering
zeQInY6w8eBY,64,easy,1,10308,Unsupervised Learning
zeQInY6w8eBY,65,easy,1,14711,Unsupervised Learning
zeQInY6w8eBY,66,easy,1,10308,DBSCAN
zeQInY6w8eBY,67,medium,0,30403,Hierarchical Clustering
zeQInY6w8eBY,68,easy,1,18585,Hierarchical Clustering
zeQInY6w8eBY,69,easy,1,15250,K-means Clustering
zeQInY6w8eBY,70,easy,1,10308,K-means Clustering
zeQInY6w8eBY,71,easy,1,15444,Hierarchical Clustering
zeQInY6w8eBY,72,medium,1,27670,Hierarchical Clustering
zeQInY6w8eBY,73,easy,1,14567,Model Evaluation
zeQInY6w8eBY,74,easy,1,10308,Similarity Measures
zeQInY6w8eBY,75,medium,1,29987,Model Evaluation
zeQInY6w8eBY,76,easy,1,20903,DBSCAN
zeQInY6w8eBY,77,medium,1,28201,DBSCAN
zeQInY6w8eBY,78,medium,0,31099,K-means Clustering
zeQInY6w8eBY,79,easy,1,20684,Decision Trees
zeQInY6w8eBY,80,easy,1,14968,K-means Clustering
zeQInY6w8eBY,81,easy,1,20156,DBSCAN
zeQInY6w8eBY,82,easy,1,15430,DBSCAN
zeQInY6w8eBY,83,easy,1,16137,K-means Clustering
zeQInY6w8eBY,84,easy,1,15250,DBSCAN
zeQInY6w8eBY,85,medium,1,28033,DBSCAN
zeQInY6w8eBY,86,easy,1,14567,Clustering Evaluation
zeQInY6w8eBY,87,easy,1,15444,Clustering Evaluation
zeQInY6w8eBY,88,easy,1,14934,DBSCAN
zeQInY6w8eBY,89,easy,1,20156,Similarity Measures
zeQInY6w8eBY,90,hard,0,28638,Model Evaluation
5WCMaHHFn6WV,61,easy,1,14532,K-means Clustering
5WCMaHHFn6WV,62,easy,1,15884,K-means Clustering
5WCMaHHFn6WV,63,easy,1,18294,Hierarchical Clustering
5WCMaHHFn6WV,64,easy,1,10295,Unsupervised Learning
5WCMaHHFn6WV,65,easy,1,14532,Unsupervised Learning
5WCMaHHFn6WV,66,easy,1,10295,DBSCAN
5WCMaHHFn6WV,67,medium,0,32654,Hierarchical Clustering
5WCMaHHFn6WV,68,easy,1,18294,Hierarchical Clustering
5WCMaHHFn6WV,69,easy,1,15076,K-means Clustering
5WCMaHHFn6WV,70,easy,1,10295,K-means Clustering
5WCMaHHFn6WV,71,easy,1,15267,Hierarchical Clustering
5WCMaHHFn6WV,72,medium,1,28658,Hierarchical Clustering
5WCMaHHFn6WV,73,easy,0,19591,Model Evaluation
5WCMaHHFn6WV,74,easy,1,10295,Similarity Measures
5WCMaHHFn6WV,75,medium,1,31057,Model Evaluation
5WCMaHHFn6WV,76,easy,1,21157,DBSCAN
5WCMaHHFn6WV,77,medium,1,29208,DBSCAN
5WCMaHHFn6WV,78,medium,1,28658,K-means Clustering
5WCMaHHFn6WV,79,easy,1,20936,Decision Trees
5WCMaHHFn6WV,80,easy,1,14734,K-means Clustering
5WCMaHHFn6WV,81,easy,1,20075,DBSCAN
5WCMaHHFn6WV,82,easy,1,15417,DBSCAN
5WCMaHHFn6WV,83,easy,1,15884,K-means Clustering
5WCMaHHFn6WV,84,easy,1,15076,DBSCAN
5WCMaHHFn6WV,85,medium,0,33816,DBSCAN
5WCMaHHFn6WV,86,easy,1,14339,Clustering Evaluation
5WCMaHHFn6WV,87,easy,1,15267,Clustering Evaluation
5WCMaHHFn6WV,88,easy,1,14737,DBSCAN
5WCMaHHFn6WV,89,easy,1,20075,Similarity Measures
5WCMaHHFn6WV,90,hard,0,29428,Model Evaluation
RjR3B2X554Pn,61,easy,1,14332,K-means Clustering
RjR3B2X554Pn,62,easy,1,16900,K-means Clustering
RjR3B2X554Pn,63,easy,1,19464,Hierarchical Clustering
RjR3B2X554Pn,64,easy,1,10088,Unsupervised Learning
RjR3B2X554Pn,65,easy,1,14332,Unsupervised Learning
RjR3B2X554Pn,66,easy,1,10088,DBSCAN
RjR3B2X554Pn,67,medium,1,30290,Hierarchical Clustering
RjR3B2X554Pn,68,easy,1,19464,Hierarchical Clustering
RjR3B2X554Pn,69,easy,1,16550,K-means Clustering
RjR3B2X554Pn,70,easy,1,10088,K-means Clustering
RjR3B2X554Pn,71,easy,1,16993,Hierarchical Clustering
RjR3B2X554Pn,72,medium,0,29897,Hierarchical Clustering
RjR3B2X554Pn,73,easy,1,15256,Model Evaluation
RjR3B2X554Pn,74,easy,1,10088,Similarity Measures
RjR3B2X554Pn,75,medium,0,32378,Model Evaluation
RjR3B2X554Pn,76,easy,0,24348,DBSCAN
RjR3B2X554Pn,77,medium,0,30789,DBSCAN
RjR3B2X554Pn,78,medium,1,30674,K-means Clustering
RjR3B2X554Pn,79,easy,1,23055,Decision Trees
RjR3B2X554Pn,80,easy,1,15676,K-means Clustering
RjR3B2X554Pn,81,easy,1,22664,DBSCAN
RjR3B2X554Pn,82,easy,1,17184,DBSCAN
RjR3B2X554Pn,83,easy,1,16900,K-means Clustering
RjR3B2X554Pn,84,easy,1,16550,DBSCAN
RjR3B2X554Pn,85,medium,1,31076,DBSCAN
RjR3B2X554Pn,86,easy,1,15256,Clustering Evaluation
RjR3B2X554Pn,87,easy,1,16993,Clustering Evaluation
RjR3B2X554Pn,88,easy,1,16818,DBSCAN
RjR3B2X554Pn,89,easy,1,22664,Similarity Measures
RjR3B2X554Pn,90,hard,1,30886,Model Evaluation
aeQlX5jbZHXw,61,easy,1,14818,K-means Clustering
aeQlX5jbZHXw,62,easy,1,16368,K-means Clustering
aeQlX5jbZHXw,63,easy,1,18851,Hierarchical Clustering
aeQlX5jbZHXw,64,easy,1,10498,Unsupervised Learning
aeQlX5jbZHXw,65,easy,1,14818,Unsupervised Learning
aeQlX5jbZHXw,66,easy,1,10498,DBSCAN
aeQlX5jbZHXw,67,medium,0,35821,Hierarchical Clustering
aeQlX5jbZHXw,68,easy,1,18851,Hierarchical Clustering
aeQlX5jbZHXw,69,easy,1,15725,K-means Clustering
aeQlX5jbZHXw,70,easy,1,10498,K-means Clustering
aeQlX5jbZHXw,71,easy,1,15925,Hierarchical Clustering
aeQlX5jbZHXw,72,medium,1,31434,Hierarchical Clustering
aeQlX5jbZHXw,73,easy,1,14775,Model Evaluation
aeQlX5jbZHXw,74,easy,1,10498,Similarity Measures
aeQlX5jbZHXw,75,medium,0,39682,Model Evaluation
aeQlX5jbZHXw,76,easy,1,24298,DBSCAN
aeQlX5jbZHXw,77,medium,1,33543,DBSCAN
aeQlX5jbZHXw,78,medium,1,31434,K-means Clustering
aeQlX5jbZHXw,79,easy,1,24044,Decision Trees
aeQlX5jbZHXw,80,easy,1,15182,K-means Clustering
aeQlX5jbZHXw,81,easy,1,20940,DBSCAN
aeQlX5jbZHXw,82,easy,1,15911,DBSCAN
aeQlX5jbZHXw,83,easy,1,16368,K-means Clustering
aeQlX5jbZHXw,84,easy,1,15725,DBSCAN
aeQlX5jbZHXw,85,medium,1,31846,DBSCAN
aeQlX5jbZHXw,86,easy,0,20189,Clustering Evaluation
aeQlX5jbZHXw,87,easy,0,22287,Clustering Evaluation
aeQlX5jbZHXw,88,easy,1,15186,DBSCAN
aeQlX5jbZHXw,89,easy,1,20940,Similarity Measures
aeQlX5jbZHXw,90,hard,1,31397,Model Evaluation
ROaS3EN46XLy,61,easy,1,12670,K-means Clustering
ROaS3EN46XLy,62,easy,1,13070,K-means Clustering
ROaS3EN46XLy,63,easy,1,15053,Hierarchical Clustering
ROaS3EN46XLy,64,easy,1,8349,Unsupervised Learning
ROaS3EN46XLy,65,easy,1,12670,Unsupervised Learning
ROaS3EN46XLy,66,easy,1,8349,DBSCAN
ROaS3EN46XLy,67,medium,0,25170,Hierarchical Clustering
ROaS3EN46XLy,68,easy,1,15053,Hierarchical Clustering
ROaS3EN46XLy,69,easy,1,12381,K-means Clustering
ROaS3EN46XLy,70,easy,1,8349,K-means Clustering
ROaS3EN46XLy,71,easy,1,12539,Hierarchical Clustering
ROaS3EN46XLy,72,medium,1,21214,Hierarchical Clustering
ROaS3EN46XLy,73,easy,1,11798,Model Evaluation
ROaS3EN46XLy,74,easy,1,8349,Similarity Measures
ROaS3EN46XLy,75,medium,0,26266,Model Evaluation
ROaS3EN46XLy,76,easy,1,16802,DBSCAN
ROaS3EN46XLy,77,medium,1,21621,DBSCAN
ROaS3EN46XLy,78,medium,1,21214,K-means Clustering
ROaS3EN46XLy,79,easy,1,16626,Decision Trees
ROaS3EN46XLy,80,easy,1,12123,K-means Clustering
ROaS3EN46XLy,81,easy,0,18376,DBSCAN
ROaS3EN46XLy,82,easy,1,12527,DBSCAN
ROaS3EN46XLy,83,easy,1,13070,K-means Clustering
ROaS3EN46XLy,84,easy,1,12381,DBSCAN
ROaS3EN46XLy,85,medium,1,21492,DBSCAN
ROaS3EN46XLy,86,easy,0,15391,Clustering Evaluation
ROaS3EN46XLy,87,easy,0,16712,Clustering Evaluation
ROaS3EN46XLy,88,easy,1,12582,DBSCAN
ROaS3EN46XLy,89,easy,1,16364,Similarity Measures
ROaS3EN46XLy,90,hard,1,22280,Model Evaluation
lOuE9tkR89Pk,61,easy,1,11884,K-means Clustering
lOuE9tkR89Pk,62,easy,1,14145,K-means Clustering
lOuE9tkR89Pk,63,easy,1,16291,Hierarchical Clustering
lOuE9tkR89Pk,64,easy,1,8392,Unsupervised Learning
lOuE9tkR89Pk,65,easy,1,11884,Unsupervised Learning
lOuE9tkR89Pk,66,easy,1,8392,DBSCAN
lOuE9tkR89Pk,67,medium,1,24256,Hierarchical Clustering
lOuE9tkR89Pk,68,easy,1,16291,Hierarchical Clustering
lOuE9tkR89Pk,69,easy,0,16990,K-means Clustering
lOuE9tkR89Pk,70,easy,1,8392,K-means Clustering
lOuE9tkR89Pk,71,easy,0,18329,Hierarchical Clustering
lOuE9tkR89Pk,72,medium,0,25799,Hierarchical Clustering
lOuE9tkR89Pk,73,easy,1,12769,Model Evaluation
lOuE9tkR89Pk,74,easy,0,9848,Similarity Measures
lOuE9tkR89Pk,75,medium,0,27940,Model Evaluation
lOuE9tkR89Pk,76,easy,1,19652,DBSCAN
lOuE9tkR89Pk,77,medium,1,24882,DBSCAN
lOuE9tkR89Pk,78,medium,1,24563,K-means Clustering
lOuE9tkR89Pk,79,easy,1,19446,Decision Trees
lOuE9tkR89Pk,80,easy,1,13121,K-means Clustering
lOuE9tkR89Pk,81,easy,1,18970,DBSCAN
lOuE9tkR89Pk,82,easy,1,14267,DBSCAN
lOuE9tkR89Pk,83,easy,1,14145,K-means Clustering
lOuE9tkR89Pk,84,easy,1,13852,DBSCAN
lOuE9tkR89Pk,85,medium,1,24885,DBSCAN
lOuE9tkR89Pk,86,easy,1,12769,Clustering Evaluation
lOuE9tkR89Pk,87,easy,1,14223,Clustering Evaluation
lOuE9tkR89Pk,88,easy,1,14077,DBSCAN
lOuE9tkR89Pk,89,easy,1,18970,Similarity Measures
lOuE9tkR89Pk,90,hard,0,24981,Model Evaluation
Kji96af6kzzA,61,easy,1,12552,K-means Clustering
Kji96af6kzzA,62,easy,1,14892,K-means Clustering
Kji96af6kzzA,63,easy,1,17152,Hierarchical Clustering
Kji96af6kzzA,64,easy,1,8835,Unsupervised Learning
Kji96af6kzzA,65,easy,1,12552,Unsupervised Learning
Kji96af6kzzA,66,easy,1,8835,DBSCAN
Kji96af6kzzA,67,medium,1,27299,Hierarchical Clustering
Kji96af6kzzA,68,easy,1,17152,Hierarchical Clustering
Kji96af6kzzA,69,easy,0,17625,K-means Clustering
Kji96af6kzzA,70,easy,1,8835,K-means Clustering
Kji96af6kzzA,71,easy,0,19014,Hierarchical Clustering
Kji96af6kzzA,72,medium,0,29035,Hierarchical Clustering
Kji96af6kzzA,73,easy,1,13443,Model Evaluation
Kji96af6kzzA,74,easy,0,10216,Similarity Measures
Kji96af6kzzA,75,medium,0,31445,Model Evaluation
Kji96af6kzzA,76,easy,1,20999,DBSCAN
Kji96af6kzzA,77,medium,1,28004,DBSCAN
Kji96af6kzzA,78,medium,1,27645,K-means Clustering
Kji96af6kzzA,79,easy,1,20779,Decision Trees
Kji96af6kzzA,80,easy,1,13814,K-means Clustering
Kji96af6kzzA,81,easy,1,19972,DBSCAN
Kji96af6kzzA,82,easy,1,15021,DBSCAN
Kji96af6kzzA,83,easy,1,14892,K-means Clustering
Kji96af6kzzA,84,easy,1,14584,DBSCAN
Kji96af6kzzA,85,medium,1,28007,DBSCAN
Kji96af6kzzA,86,easy,1,13443,Clustering Evaluation
Kji96af6kzzA,87,easy,1,14974,Clustering Evaluation
Kji96af6kzzA,88,easy,1,14820,DBSCAN
Kji96af6kzzA,89,easy,1,19972,Similarity Measures
Kji96af6kzzA,90,hard,0,28116,Model Evaluation
QJyEL3O7YA2f,61,easy,1,15659,K-means Clustering
QJyEL3O7YA2f,62,easy,1,17117,K-means Clustering
QJyEL3O7YA2f,63,easy,1,19714,Hierarchical Clustering
QJyEL3O7YA2f,64,easy,1,11094,Unsupervised Learning
QJyEL3O7YA2f,65,easy,1,15659,Unsupervised Learning
QJyEL3O7YA2f,66,easy,1,11094,DBSCAN
QJyEL3O7YA2f,67,medium,0,34551,Hierarchical Clustering
QJyEL3O7YA2f,68,easy,1,19714,Hierarchical Clustering
QJyEL3O7YA2f,69,easy,1,16245,K-means Clustering
QJyEL3O7YA2f,70,easy,1,11094,K-means Clustering
QJyEL3O7YA2f,71,easy,1,16452,Hierarchical Clustering
QJyEL3O7YA2f,72,medium,1,30881,Hierarchical Clustering
QJyEL3O7YA2f,73,easy,1,15451,Model Evaluation
QJyEL3O7YA2f,74,easy,1,11094,Similarity Measures
QJyEL3O7YA2f,75,medium,1,33467,Model Evaluation
QJyEL3O7YA2f,76,easy,1,22799,DBSCAN
QJyEL3O7YA2f,77,medium,1,31474,DBSCAN
QJyEL3O7YA2f,78,medium,0,35341,K-means Clustering
QJyEL3O7YA2f,79,easy,1,22560,Decision Trees
QJyEL3O7YA2f,80,easy,1,15877,K-means Clustering
QJyEL3O7YA2f,81,easy,0,25043,DBSCAN
QJyEL3O7YA2f,82,easy,1,16613,DBSCAN
QJyEL3O7YA2f,83,easy,1,17117,K-means Clustering
QJyEL3O7YA2f,84,easy,1,16245,DBSCAN
QJyEL3O7YA2f,85,medium,1,31285,DBSCAN
QJyEL3O7YA2f,86,easy,1,15451,Clustering Evaluation
QJyEL3O7YA2f,87,easy,1,16452,Clustering Evaluation
QJyEL3O7YA2f,88,easy,1,15881,DBSCAN
QJyEL3O7YA2f,89,easy,1,21633,Similarity Measures
QJyEL3O7YA2f,90,hard,0,31137,Model Evaluation
GiNOB0aoa84q,61,easy,1,14378,K-means Clustering
GiNOB0aoa84q,62,easy,1,15772,K-means Clustering
GiNOB0aoa84q,63,easy,1,18165,Hierarchical Clustering
GiNOB0aoa84q,64,easy,0,12881,Unsupervised Learning
GiNOB0aoa84q,65,easy,1,14378,Unsupervised Learning
GiNOB0aoa84q,66,easy,1,10075,DBSCAN
GiNOB0aoa84q,67,medium,0,26355,Hierarchical Clustering
GiNOB0aoa84q,68,easy,1,18165,Hierarchical Clustering
GiNOB0aoa84q,69,easy,1,14941,K-means Clustering
GiNOB0aoa84q,70,easy,1,10075,K-means Clustering
GiNOB0aoa84q,71,easy,1,15041,Hierarchical Clustering
GiNOB0aoa84q,72,medium,1,25668,Hierarchical Clustering
GiNOB0aoa84q,73,easy,1,14237,Model Evaluation
GiNOB0aoa84q,74,easy,1,10075,Similarity Measures
GiNOB0aoa84q,75,medium,0,29196,Model Evaluation
GiNOB0aoa84q,76,easy,1,20114,DBSCAN
GiNOB0aoa84q,77,medium,1,26160,DBSCAN
GiNOB0aoa84q,78,medium,1,25668,K-means Clustering
GiNOB0aoa84q,79,easy,1,19903,Decision Trees
GiNOB0aoa84q,80,easy,1,14629,K-means Clustering
GiNOB0aoa84q,81,easy,1,19440,DBSCAN
GiNOB0aoa84q,82,easy,1,15027,DBSCAN
GiNOB0aoa84q,83,easy,1,15772,K-means Clustering
GiNOB0aoa84q,84,easy,1,14941,DBSCAN
GiNOB0aoa84q,85,medium,0,27293,DBSCAN
GiNOB0aoa84q,86,easy,1,14237,Clustering Evaluation
GiNOB0aoa84q,87,easy,1,15041,Clustering Evaluation
GiNOB0aoa84q,88,easy,1,15183,DBSCAN
GiNOB0aoa84q,89,easy,0,21830,Similarity Measures
GiNOB0aoa84q,90,hard,1,25845,Model Evaluation
PgdsGKsedBAl,61,easy,1,11875,K-means Clustering
PgdsGKsedBAl,62,easy,1,14134,K-means Clustering
PgdsGKsedBAl,63,easy,1,16278,Hierarchical Clustering
PgdsGKsedBAl,64,easy,1,8385,Unsupervised Learning
PgdsGKsedBAl,65,easy,1,11875,Unsupervised Learning
PgdsGKsedBAl,66,easy,1,8385,DBSCAN
PgdsGKsedBAl,67,medium,1,24908,Hierarchical Clustering
PgdsGKsedBAl,68,easy,1,16278,Hierarchical Clustering
PgdsGKsedBAl,69,easy,1,13841,K-means Clustering
PgdsGKsedBAl,70,easy,1,8385,K-means Clustering
PgdsGKsedBAl,71,easy,1,14212,Hierarchical Clustering
PgdsGKsedBAl,72,medium,1,25224,Hierarchical Clustering
PgdsGKsedBAl,73,easy,1,12759,Model Evaluation
PgdsGKsedBAl,74,easy,1,8385,Similarity Measures
PgdsGKsedBAl,75,medium,0,28691,Model Evaluation
PgdsGKsedBAl,76,easy,1,19766,DBSCAN
PgdsGKsedBAl,77,medium,0,27012,DBSCAN
PgdsGKsedBAl,78,medium,0,26492,K-means Clustering
PgdsGKsedBAl,79,easy,1,19559,Decision Trees
PgdsGKsedBAl,80,easy,1,13110,K-means Clustering
PgdsGKsedBAl,81,easy,1,18955,DBSCAN
PgdsGKsedBAl,82,easy,1,14256,DBSCAN
PgdsGKsedBAl,83,easy,1,14134,K-means Clustering
PgdsGKsedBAl,84,easy,1,13841,DBSCAN
PgdsGKsedBAl,85,medium,1,25554,DBSCAN
PgdsGKsedBAl,86,easy,1,12759,Clustering Evaluation
PgdsGKsedBAl,87,easy,1,14212,Clustering Evaluation
PgdsGKsedBAl,88,easy,1,14066,DBSCAN
PgdsGKsedBAl,89,easy,1,18955,Similarity Measures
PgdsGKsedBAl,90,hard,0,25653,Model Evaluation
AwYMPKmPfMTD,61,easy,1,14036,K-means Clustering
AwYMPKmPfMTD,62,easy,1,16106,K-means Clustering
AwYMPKmPfMTD,63,easy,1,18275,Hierarchical Clustering
AwYMPKmPfMTD,64,easy,1,9844,Unsupervised Learning
AwYMPKmPfMTD,65,easy,1,14036,Unsupervised Learning
AwYMPKmPfMTD,66,easy,1,9844,DBSCAN
AwYMPKmPfMTD,67,medium,1,28206,Hierarchical Clustering
AwYMPKmPfMTD,68,easy,1,18275,Hierarchical Clustering
AwYMPKmPfMTD,69,easy,1,15329,K-means Clustering
AwYMPKmPfMTD,70,easy,1,9844,K-means Clustering
AwYMPKmPfMTD,71,easy,0,19618,Hierarchical Clustering
AwYMPKmPfMTD,72,medium,0,29450,Hierarchical Clustering
AwYMPKmPfMTD,73,easy,1,14324,Model Evaluation
AwYMPKmPfMTD,74,easy,1,9844,Similarity Measures
AwYMPKmPfMTD,75,medium,0,32427,Model Evaluation
AwYMPKmPfMTD,76,easy,1,21696,DBSCAN
AwYMPKmPfMTD,77,medium,1,29224,DBSCAN
AwYMPKmPfMTD,78,medium,0,29450,K-means Clustering
AwYMPKmPfMTD,79,easy,1,21469,Decision Trees
AwYMPKmPfMTD,80,easy,1,14718,K-means Clustering
AwYMPKmPfMTD,81,easy,0,22447,DBSCAN
AwYMPKmPfMTD,82,easy,1,15916,DBSCAN
AwYMPKmPfMTD,83,easy,1,16106,K-means Clustering
AwYMPKmPfMTD,84,easy,1,15329,DBSCAN
AwYMPKmPfMTD,85,medium,1,28938,DBSCAN
AwYMPKmPfMTD,86,easy,1,14324,Clustering Evaluation
AwYMPKmPfMTD,87,easy,1,15739,Clustering Evaluation
AwYMPKmPfMTD,88,easy,1,15577,DBSCAN
AwYMPKmPfMTD,89,easy,1,20992,Similarity Measures
AwYMPKmPfMTD,90,hard,0,28517,Model Evaluation
jxlFWYs7WyTt,61,easy,1,11875,K-means Clustering
jxlFWYs7WyTt,62,easy,1,14134,K-means Clustering
jxlFWYs7WyTt,63,easy,1,16278,Hierarchical Clustering
jxlFWYs7WyTt,64,easy,1,8385,Unsupervised Learning
jxlFWYs7WyTt,65,easy,1,11875,Unsupervised Learning
jxlFWYs7WyTt,66,easy,1,8385,DBSCAN
jxlFWYs7WyTt,67,medium,1,24908,Hierarchical Clustering
jxlFWYs7WyTt,68,easy,1,16278,Hierarchical Clustering
jxlFWYs7WyTt,69,easy,1,13841,K-means Clustering
jxlFWYs7WyTt,70,easy,1,8385,K-means Clustering
jxlFWYs7WyTt,71,easy,0,18314,Hierarchical Clustering
jxlFWYs7WyTt,72,medium,0,26492,Hierarchical Clustering
jxlFWYs7WyTt,73,easy,1,12759,Model Evaluation
jxlFWYs7WyTt,74,easy,1,8385,Similarity Measures
jxlFWYs7WyTt,75,medium,0,28691,Model Evaluation
jxlFWYs7WyTt,76,easy,1,19766,DBSCAN
jxlFWYs7WyTt,77,medium,1,25551,DBSCAN
jxlFWYs7WyTt,78,medium,0,26492,K-means Clustering
jxlFWYs7WyTt,79,easy,1,19559,Decision Trees
jxlFWYs7WyTt,80,easy,1,13110,K-means Clustering
jxlFWYs7WyTt,81,easy,1,18955,DBSCAN
jxlFWYs7WyTt,82,easy,1,14256,DBSCAN
jxlFWYs7WyTt,83,easy,1,14134,K-means Clustering
jxlFWYs7WyTt,84,easy,1,13841,DBSCAN
jxlFWYs7WyTt,85,medium,1,25554,DBSCAN
jxlFWYs7WyTt,86,easy,1,12759,Clustering Evaluation
jxlFWYs7WyTt,87,easy,1,14212,Clustering Evaluation
jxlFWYs7WyTt,88,easy,1,14066,DBSCAN
jxlFWYs7WyTt,89,easy,1,18955,Similarity Measures
jxlFWYs7WyTt,90,hard,0,25653,Model Evaluation
wlfxRfJtBw5L,61,easy,1,11884,K-means Clustering
wlfxRfJtBw5L,62,easy,1,14145,K-means Clustering
wlfxRfJtBw5L,63,easy,0,19506,Hierarchical Clustering
wlfxRfJtBw5L,64,easy,1,8392,Unsupervised Learning
wlfxRfJtBw5L,65,easy,1,11884,Unsupervised Learning
wlfxRfJtBw5L,66,easy,1,8392,DBSCAN
wlfxRfJtBw5L,67,medium,1,24256,Hierarchical Clustering
wlfxRfJtBw5L,68,easy,1,16291,Hierarchical Clustering
wlfxRfJtBw5L,69,easy,1,13852,K-means Clustering
wlfxRfJtBw5L,70,easy,1,8392,K-means Clustering
wlfxRfJtBw5L,71,easy,1,14223,Hierarchical Clustering
wlfxRfJtBw5L,72,medium,0,25799,Hierarchical Clustering
wlfxRfJtBw5L,73,easy,1,12769,Model Evaluation
wlfxRfJtBw5L,74,easy,1,8392,Similarity Measures
wlfxRfJtBw5L,75,medium,1,26620,Model Evaluation
wlfxRfJtBw5L,76,easy,0,22534,DBSCAN
wlfxRfJtBw5L,77,medium,1,24882,DBSCAN
wlfxRfJtBw5L,78,medium,1,24563,K-means Clustering
wlfxRfJtBw5L,79,easy,0,22260,Decision Trees
wlfxRfJtBw5L,80,easy,1,13121,K-means Clustering
wlfxRfJtBw5L,81,easy,1,18970,DBSCAN
wlfxRfJtBw5L,82,easy,1,14267,DBSCAN
wlfxRfJtBw5L,83,easy,1,14145,K-means Clustering
wlfxRfJtBw5L,84,easy,1,13852,DBSCAN
wlfxRfJtBw5L,85,medium,0,26119,DBSCAN
wlfxRfJtBw5L,86,easy,1,12769,Clustering Evaluation
wlfxRfJtBw5L,87,easy,1,14223,Clustering Evaluation
wlfxRfJtBw5L,88,easy,1,14077,DBSCAN
wlfxRfJtBw5L,89,easy,1,18970,Similarity Measures
wlfxRfJtBw5L,90,hard,0,24981,Model Evaluation
jMkOnTydcqm6,61,easy,1,14590,K-means Clustering
jMkOnTydcqm6,62,easy,1,16004,K-means Clustering
jMkOnTydcqm6,63,easy,0,24820,Hierarchical Clustering
jMkOnTydcqm6,64,easy,1,10223,Unsupervised Learning
jMkOnTydcqm6,65,easy,1,14590,Unsupervised Learning
jMkOnTydcqm6,66,easy,1,10223,DBSCAN
jMkOnTydcqm6,67,medium,1,27890,Hierarchical Clustering
jMkOnTydcqm6,68,easy,1,18432,Hierarchical Clustering
jMkOnTydcqm6,69,easy,1,15124,K-means Clustering
jMkOnTydcqm6,70,easy,1,10223,K-means Clustering
jMkOnTydcqm6,71,easy,1,15317,Hierarchical Clustering
jMkOnTydcqm6,72,medium,1,28243,Hierarchical Clustering
jMkOnTydcqm6,73,easy,1,14447,Model Evaluation
jMkOnTydcqm6,74,easy,1,10223,Similarity Measures
jMkOnTydcqm6,75,medium,1,30608,Model Evaluation
jMkOnTydcqm6,76,easy,0,24927,DBSCAN
jMkOnTydcqm6,77,medium,1,28785,DBSCAN
jMkOnTydcqm6,78,medium,1,28243,K-means Clustering
jMkOnTydcqm6,79,easy,0,24625,Decision Trees
jMkOnTydcqm6,80,easy,1,14845,K-means Clustering
jMkOnTydcqm6,81,easy,1,19990,DBSCAN
jMkOnTydcqm6,82,easy,1,15303,DBSCAN
jMkOnTydcqm6,83,easy,1,16004,K-means Clustering
jMkOnTydcqm6,84,easy,1,15124,DBSCAN
jMkOnTydcqm6,85,medium,0,32846,DBSCAN
jMkOnTydcqm6,86,easy,1,14447,Clustering Evaluation
jMkOnTydcqm6,87,easy,1,15317,Clustering Evaluation
jMkOnTydcqm6,88,easy,1,14811,DBSCAN
jMkOnTydcqm6,89,easy,1,19990,Similarity Measures
jMkOnTydcqm6,90,hard,0,29876,Model Evaluation
BSLGp0wdoAqj,61,easy,1,11875,K-means Clustering
BSLGp0wdoAqj,62,easy,1,14134,K-means Clustering
BSLGp0wdoAqj,63,easy,0,19490,Hierarchical Clustering
BSLGp0wdoAqj,64,easy,1,8385,Unsupervised Learning
BSLGp0wdoAqj,65,easy,1,11875,Unsupervised Learning
BSLGp0wdoAqj,66,easy,1,8385,DBSCAN
BSLGp0wdoAqj,67,medium,1,24908,Hierarchical Clustering
BSLGp0wdoAqj,68,easy,1,16278,Hierarchical Clustering
BSLGp0wdoAqj,69,easy,1,13841,K-means Clustering
BSLGp0wdoAqj,70,easy,1,8385,K-means Clustering
BSLGp0wdoAqj,71,easy,1,14212,Hierarchical Clustering
BSLGp0wdoAqj,72,medium,0,26492,Hierarchical Clustering
BSLGp0wdoAqj,73,easy,1,12759,Model Evaluation
BSLGp0wdoAqj,74,easy,1,8385,Similarity Measures
BSLGp0wdoAqj,75,medium,1,27335,Model Evaluation
BSLGp0wdoAqj,76,easy,0,22664,DBSCAN
BSLGp0wdoAqj,77,medium,1,25551,DBSCAN
BSLGp0wdoAqj,78,medium,1,25224,K-means Clustering
BSLGp0wdoAqj,79,easy,0,22389,Decision Trees
BSLGp0wdoAqj,80,easy,1,13110,K-means Clustering
BSLGp0wdoAqj,81,easy,0,21286,DBSCAN
BSLGp0wdoAqj,82,easy,0,18529,DBSCAN
BSLGp0wdoAqj,83,easy,1,14134,K-means Clustering
BSLGp0wdoAqj,84,easy,1,13841,DBSCAN
BSLGp0wdoAqj,85,medium,0,26821,DBSCAN
BSLGp0wdoAqj,86,easy,1,12759,Clustering Evaluation
BSLGp0wdoAqj,87,easy,1,14212,Clustering Evaluation
BSLGp0wdoAqj,88,easy,1,14066,DBSCAN
BSLGp0wdoAqj,89,easy,1,18955,Similarity Measures
BSLGp0wdoAqj,90,hard,0,25653,Model Evaluation
a9ej6jzpNOPn,61,easy,1,15659,K-means Clustering
a9ej6jzpNOPn,62,easy,1,17117,K-means Clustering
a9ej6jzpNOPn,63,easy,1,19714,Hierarchical Clustering
a9ej6jzpNOPn,64,easy,1,11094,Unsupervised Learning
a9ej6jzpNOPn,65,easy,1,15659,Unsupervised Learning
a9ej6jzpNOPn,66,easy,1,11094,DBSCAN
a9ej6jzpNOPn,67,medium,1,30495,Hierarchical Clustering
a9ej6jzpNOPn,68,easy,1,19714,Hierarchical Clustering
a9ej6jzpNOPn,69,easy,1,16245,K-means Clustering
a9ej6jzpNOPn,70,easy,1,11094,K-means Clustering
a9ej6jzpNOPn,71,easy,1,16452,Hierarchical Clustering
a9ej6jzpNOPn,72,medium,1,30881,Hierarchical Clustering
a9ej6jzpNOPn,73,easy,1,15451,Model Evaluation
a9ej6jzpNOPn,74,easy,1,11094,Similarity Measures
a9ej6jzpNOPn,75,medium,0,38274,Model Evaluation
a9ej6jzpNOPn,76,easy,1,22799,DBSCAN
a9ej6jzpNOPn,77,medium,0,36256,DBSCAN
a9ej6jzpNOPn,78,medium,1,30881,K-means Clustering
a9ej6jzpNOPn,79,easy,1,22560,Decision Trees
a9ej6jzpNOPn,80,easy,1,15877,K-means Clustering
a9ej6jzpNOPn,81,easy,0,25043,DBSCAN
a9ej6jzpNOPn,82,easy,1,16613,DBSCAN
a9ej6jzpNOPn,83,easy,1,17117,K-means Clustering
a9ej6jzpNOPn,84,easy,1,16245,DBSCAN
a9ej6jzpNOPn,85,medium,1,31285,DBSCAN
a9ej6jzpNOPn,86,easy,1,15451,Clustering Evaluation
a9ej6jzpNOPn,87,easy,1,16452,Clustering Evaluation
a9ej6jzpNOPn,88,easy,1,15881,DBSCAN
a9ej6jzpNOPn,89,easy,1,21633,Similarity Measures
a9ej6jzpNOPn,90,hard,0,31137,Model Evaluation
eH9XZKUjDCDF,61,easy,1,15659,K-means Clustering
eH9XZKUjDCDF,62,easy,1,17117,K-means Clustering
eH9XZKUjDCDF,63,easy,1,19714,Hierarchical Clustering
eH9XZKUjDCDF,64,easy,1,11094,Unsupervised Learning
eH9XZKUjDCDF,65,easy,1,15659,Unsupervised Learning
eH9XZKUjDCDF,66,easy,1,11094,DBSCAN
eH9XZKUjDCDF,67,medium,1,30495,Hierarchical Clustering
eH9XZKUjDCDF,68,easy,1,19714,Hierarchical Clustering
eH9XZKUjDCDF,69,easy,1,16245,K-means Clustering
eH9XZKUjDCDF,70,easy,1,11094,K-means Clustering
eH9XZKUjDCDF,71,easy,1,16452,Hierarchical Clustering
eH9XZKUjDCDF,72,medium,1,30881,Hierarchical Clustering
eH9XZKUjDCDF,73,easy,0,20729,Model Evaluation
eH9XZKUjDCDF,74,easy,1,11094,Similarity Measures
eH9XZKUjDCDF,75,medium,0,38274,Model Evaluation
eH9XZKUjDCDF,76,easy,1,22799,DBSCAN
eH9XZKUjDCDF,77,medium,1,31474,DBSCAN
eH9XZKUjDCDF,78,medium,1,30881,K-means Clustering
eH9XZKUjDCDF,79,easy,1,22560,Decision Trees
eH9XZKUjDCDF,80,easy,1,15877,K-means Clustering
eH9XZKUjDCDF,81,easy,1,21633,DBSCAN
eH9XZKUjDCDF,82,easy,1,16613,DBSCAN
eH9XZKUjDCDF,83,easy,1,17117,K-means Clustering
eH9XZKUjDCDF,84,easy,1,16245,DBSCAN
eH9XZKUjDCDF,85,medium,1,31285,DBSCAN
eH9XZKUjDCDF,86,easy,1,15451,Clustering Evaluation
eH9XZKUjDCDF,87,easy,1,16452,Clustering Evaluation
eH9XZKUjDCDF,88,easy,1,15881,DBSCAN
eH9XZKUjDCDF,89,easy,1,21633,Similarity Measures
eH9XZKUjDCDF,90,hard,0,31137,Model Evaluation
RZdtks4i4HNy,61,easy,1,11553,K-means Clustering
RZdtks4i4HNy,62,easy,0,16523,K-means Clustering
RZdtks4i4HNy,63,easy,1,16803,Hierarchical Clustering
RZdtks4i4HNy,64,easy,1,8227,Unsupervised Learning
RZdtks4i4HNy,65,easy,1,11553,Unsupervised Learning
RZdtks4i4HNy,66,easy,1,8227,DBSCAN
RZdtks4i4HNy,67,medium,1,25986,Hierarchical Clustering
RZdtks4i4HNy,68,easy,0,18185,Hierarchical Clustering
RZdtks4i4HNy,69,easy,0,15610,K-means Clustering
RZdtks4i4HNy,70,easy,1,8227,K-means Clustering
RZdtks4i4HNy,71,easy,0,16658,Hierarchical Clustering
RZdtks4i4HNy,72,medium,0,25775,Hierarchical Clustering
RZdtks4i4HNy,73,easy,0,14254,Model Evaluation
RZdtks4i4HNy,74,easy,1,8227,Similarity Measures
RZdtks4i4HNy,75,medium,0,28381,Model Evaluation
RZdtks4i4HNy,76,easy,1,20526,DBSCAN
RZdtks4i4HNy,77,medium,1,26923,DBSCAN
RZdtks4i4HNy,78,medium,1,26315,K-means Clustering
RZdtks4i4HNy,79,easy,1,20353,Decision Trees
RZdtks4i4HNy,80,easy,1,13533,K-means Clustering
RZdtks4i4HNy,81,easy,1,19607,DBSCAN
RZdtks4i4HNy,82,easy,1,14866,DBSCAN
RZdtks4i4HNy,83,easy,1,14913,K-means Clustering
RZdtks4i4HNy,84,easy,0,15610,DBSCAN
RZdtks4i4HNy,85,medium,0,26095,DBSCAN
RZdtks4i4HNy,86,easy,1,13170,Clustering Evaluation
RZdtks4i4HNy,87,easy,0,16658,Clustering Evaluation
RZdtks4i4HNy,88,easy,1,14570,DBSCAN
RZdtks4i4HNy,89,easy,1,19607,Similarity Measures
RZdtks4i4HNy,90,hard,0,24983,Model Evaluation
cn7NB6JfQDTq,61,easy,1,13046,K-means Clustering
cn7NB6JfQDTq,62,easy,1,15769,K-means Clustering
cn7NB6JfQDTq,63,easy,1,17892,Hierarchical Clustering
cn7NB6JfQDTq,64,easy,1,9274,Unsupervised Learning
cn7NB6JfQDTq,65,easy,1,13046,Unsupervised Learning
cn7NB6JfQDTq,66,easy,1,9274,DBSCAN
cn7NB6JfQDTq,67,medium,0,29068,Hierarchical Clustering
cn7NB6JfQDTq,68,easy,1,17892,Hierarchical Clustering
cn7NB6JfQDTq,69,easy,1,15214,K-means Clustering
cn7NB6JfQDTq,70,easy,1,9274,K-means Clustering
cn7NB6JfQDTq,71,easy,1,15621,Hierarchical Clustering
cn7NB6JfQDTq,72,medium,1,28839,Hierarchical Clustering
cn7NB6JfQDTq,73,easy,1,14024,Model Evaluation
cn7NB6JfQDTq,74,easy,1,9274,Similarity Measures
cn7NB6JfQDTq,75,medium,1,31776,Model Evaluation
cn7NB6JfQDTq,76,easy,1,21905,DBSCAN
cn7NB6JfQDTq,77,medium,0,30621,DBSCAN
cn7NB6JfQDTq,78,medium,1,28839,K-means Clustering
cn7NB6JfQDTq,79,easy,1,21676,Decision Trees
cn7NB6JfQDTq,80,easy,1,14410,K-means Clustering
cn7NB6JfQDTq,81,easy,1,20834,DBSCAN
cn7NB6JfQDTq,82,easy,1,15796,DBSCAN
cn7NB6JfQDTq,83,easy,1,15769,K-means Clustering
cn7NB6JfQDTq,84,easy,1,15214,DBSCAN
cn7NB6JfQDTq,85,medium,0,30102,DBSCAN
cn7NB6JfQDTq,86,easy,1,14024,Clustering Evaluation
cn7NB6JfQDTq,87,easy,0,19471,Clustering Evaluation
cn7NB6JfQDTq,88,easy,1,15460,DBSCAN
cn7NB6JfQDTq,89,easy,0,22279,Similarity Measures
cn7NB6JfQDTq,90,hard,0,28791,Model Evaluation
tE1MOwmVibN4,61,easy,1,12592,K-means Clustering
tE1MOwmVibN4,62,easy,1,14939,K-means Clustering
tE1MOwmVibN4,63,easy,1,17206,Hierarchical Clustering
tE1MOwmVibN4,64,easy,1,8863,Unsupervised Learning
tE1MOwmVibN4,65,easy,1,12592,Unsupervised Learning
tE1MOwmVibN4,66,easy,1,8863,DBSCAN
tE1MOwmVibN4,67,medium,1,27386,Hierarchical Clustering
tE1MOwmVibN4,68,easy,1,17206,Hierarchical Clustering
tE1MOwmVibN4,69,easy,1,14630,K-means Clustering
tE1MOwmVibN4,70,easy,1,8863,K-means Clustering
tE1MOwmVibN4,71,easy,1,15021,Hierarchical Clustering
tE1MOwmVibN4,72,medium,0,29127,Hierarchical Clustering
tE1MOwmVibN4,73,easy,1,13486,Model Evaluation
tE1MOwmVibN4,74,easy,1,8863,Similarity Measures
tE1MOwmVibN4,75,medium,0,31545,Model Evaluation
tE1MOwmVibN4,76,easy,1,21065,DBSCAN
tE1MOwmVibN4,77,medium,0,29997,DBSCAN
tE1MOwmVibN4,78,medium,1,27733,K-means Clustering
tE1MOwmVibN4,79,easy,0,23433,Decision Trees
tE1MOwmVibN4,80,easy,1,13857,K-means Clustering
tE1MOwmVibN4,81,easy,0,21825,DBSCAN
tE1MOwmVibN4,82,easy,1,15190,DBSCAN
tE1MOwmVibN4,83,easy,1,14939,K-means Clustering
tE1MOwmVibN4,84,easy,1,14630,DBSCAN
tE1MOwmVibN4,85,medium,1,28096,DBSCAN
tE1MOwmVibN4,86,easy,1,13486,Clustering Evaluation
tE1MOwmVibN4,87,easy,1,15021,Clustering Evaluation
tE1MOwmVibN4,88,easy,1,14867,DBSCAN
tE1MOwmVibN4,89,easy,0,21825,Similarity Measures
tE1MOwmVibN4,90,hard,1,27924,Model Evaluation
CyGywfdJf5VZ,61,easy,1,10621,K-means Clustering
CyGywfdJf5VZ,62,easy,1,12642,K-means Clustering
CyGywfdJf5VZ,63,easy,1,14560,Hierarchical Clustering
CyGywfdJf5VZ,64,easy,1,7500,Unsupervised Learning
CyGywfdJf5VZ,65,easy,1,10621,Unsupervised Learning
CyGywfdJf5VZ,66,easy,1,7500,DBSCAN
CyGywfdJf5VZ,67,medium,1,22053,Hierarchical Clustering
CyGywfdJf5VZ,68,easy,1,14560,Hierarchical Clustering
CyGywfdJf5VZ,69,easy,1,12453,K-means Clustering
CyGywfdJf5VZ,70,easy,1,7500,K-means Clustering
CyGywfdJf5VZ,71,easy,1,12786,Hierarchical Clustering
CyGywfdJf5VZ,72,medium,0,23456,Hierarchical Clustering
CyGywfdJf5VZ,73,easy,1,11412,Model Evaluation
CyGywfdJf5VZ,74,easy,1,7500,Similarity Measures
CyGywfdJf5VZ,75,medium,1,24202,Model Evaluation
CyGywfdJf5VZ,76,easy,1,17867,DBSCAN
CyGywfdJf5VZ,77,medium,0,23916,DBSCAN
CyGywfdJf5VZ,78,medium,1,22332,K-means Clustering
CyGywfdJf5VZ,79,easy,0,20239,Decision Trees
CyGywfdJf5VZ,80,easy,1,11726,K-means Clustering
CyGywfdJf5VZ,81,easy,1,17054,DBSCAN
CyGywfdJf5VZ,82,easy,1,12826,DBSCAN
CyGywfdJf5VZ,83,easy,1,12642,K-means Clustering
CyGywfdJf5VZ,84,easy,1,12453,DBSCAN
CyGywfdJf5VZ,85,medium,1,22625,DBSCAN
CyGywfdJf5VZ,86,easy,1,11412,Clustering Evaluation
CyGywfdJf5VZ,87,easy,1,12786,Clustering Evaluation
CyGywfdJf5VZ,88,easy,1,12655,DBSCAN
CyGywfdJf5VZ,89,easy,1,17054,Similarity Measures
CyGywfdJf5VZ,90,hard,1,22486,Model Evaluation
nWRIo9XQJBPf,61,easy,1,15659,K-means Clustering
nWRIo9XQJBPf,62,easy,1,17117,K-means Clustering
nWRIo9XQJBPf,63,easy,1,19714,Hierarchical Clustering
nWRIo9XQJBPf,64,easy,1,11094,Unsupervised Learning
nWRIo9XQJBPf,65,easy,1,15659,Unsupervised Learning
nWRIo9XQJBPf,66,easy,1,11094,DBSCAN
nWRIo9XQJBPf,67,medium,1,30495,Hierarchical Clustering
nWRIo9XQJBPf,68,easy,1,19714,Hierarchical Clustering
nWRIo9XQJBPf,69,easy,1,16245,K-means Clustering
nWRIo9XQJBPf,70,easy,1,11094,K-means Clustering
nWRIo9XQJBPf,71,easy,0,22606,Hierarchical Clustering
nWRIo9XQJBPf,72,medium,0,35341,Hierarchical Clustering
nWRIo9XQJBPf,73,easy,1,15451,Model Evaluation
nWRIo9XQJBPf,74,easy,1,11094,Similarity Measures
nWRIo9XQJBPf,75,medium,1,33467,Model Evaluation
nWRIo9XQJBPf,76,easy,0,26950,DBSCAN
nWRIo9XQJBPf,77,medium,0,36256,DBSCAN
nWRIo9XQJBPf,78,medium,0,35341,K-means Clustering
nWRIo9XQJBPf,79,easy,1,22560,Decision Trees
nWRIo9XQJBPf,80,easy,1,15877,K-means Clustering
nWRIo9XQJBPf,81,easy,1,21633,DBSCAN
nWRIo9XQJBPf,82,easy,1,16613,DBSCAN
nWRIo9XQJBPf,83,easy,1,17117,K-means Clustering
nWRIo9XQJBPf,84,easy,1,16245,DBSCAN
nWRIo9XQJBPf,85,medium,1,31285,DBSCAN
nWRIo9XQJBPf,86,easy,1,15451,Clustering Evaluation
nWRIo9XQJBPf,87,easy,1,16452,Clustering Evaluation
nWRIo9XQJBPf,88,easy,1,15881,DBSCAN
nWRIo9XQJBPf,89,easy,1,21633,Similarity Measures
nWRIo9XQJBPf,90,hard,0,31137,Model Evaluation
BOOMKrcykzvF,61,easy,1,10455,K-means Clustering
BOOMKrcykzvF,62,easy,1,13583,K-means Clustering
BOOMKrcykzvF,63,easy,1,15484,Hierarchical Clustering
BOOMKrcykzvF,64,easy,1,7445,Unsupervised Learning
BOOMKrcykzvF,65,easy,1,10455,Unsupervised Learning
BOOMKrcykzvF,66,easy,1,7445,DBSCAN
BOOMKrcykzvF,67,medium,1,23322,Hierarchical Clustering
BOOMKrcykzvF,68,easy,1,15484,Hierarchical Clustering
BOOMKrcykzvF,69,easy,1,13153,K-means Clustering
BOOMKrcykzvF,70,easy,0,7955,K-means Clustering
BOOMKrcykzvF,71,easy,1,13989,Hierarchical Clustering
BOOMKrcykzvF,72,medium,0,19379,Hierarchical Clustering
BOOMKrcykzvF,73,easy,1,12191,Model Evaluation
BOOMKrcykzvF,74,easy,1,7445,Similarity Measures
BOOMKrcykzvF,75,medium,0,21351,Model Evaluation
BOOMKrcykzvF,76,easy,1,18442,DBSCAN
BOOMKrcykzvF,77,medium,1,23378,DBSCAN
BOOMKrcykzvF,78,medium,1,22850,K-means Clustering
BOOMKrcykzvF,79,easy,0,16882,Decision Trees
BOOMKrcykzvF,80,easy,1,12479,K-means Clustering
BOOMKrcykzvF,81,easy,1,14792,DBSCAN
BOOMKrcykzvF,82,easy,0,14166,DBSCAN
BOOMKrcykzvF,83,easy,1,13583,K-means Clustering
BOOMKrcykzvF,84,easy,1,13153,DBSCAN
BOOMKrcykzvF,85,medium,1,23646,DBSCAN
BOOMKrcykzvF,86,easy,1,12191,Clustering Evaluation
BOOMKrcykzvF,87,easy,0,15076,Clustering Evaluation
BOOMKrcykzvF,88,easy,0,14896,DBSCAN
BOOMKrcykzvF,89,easy,0,15754,Similarity Measures
BOOMKrcykzvF,90,hard,0,18808,Model Evaluation
tmTN8RB25aRn,61,easy,1,14428,K-means Clustering
tmTN8RB25aRn,62,easy,1,15768,K-means Clustering
tmTN8RB25aRn,63,easy,1,18160,Hierarchical Clustering
tmTN8RB25aRn,64,easy,1,10220,Unsupervised Learning
tmTN8RB25aRn,65,easy,1,14428,Unsupervised Learning
tmTN8RB25aRn,66,easy,1,10220,DBSCAN
tmTN8RB25aRn,67,medium,0,33032,Hierarchical Clustering
tmTN8RB25aRn,68,easy,1,18160,Hierarchical Clustering
tmTN8RB25aRn,69,easy,1,14799,K-means Clustering
tmTN8RB25aRn,70,easy,1,10220,K-means Clustering
tmTN8RB25aRn,71,easy,1,14987,Hierarchical Clustering
tmTN8RB25aRn,72,medium,1,28173,Hierarchical Clustering
tmTN8RB25aRn,73,easy,1,14234,Model Evaluation
tmTN8RB25aRn,74,easy,1,10220,Similarity Measures
tmTN8RB25aRn,75,medium,1,30532,Model Evaluation
tmTN8RB25aRn,76,easy,1,20615,DBSCAN
tmTN8RB25aRn,77,medium,1,28714,DBSCAN
tmTN8RB25aRn,78,medium,0,33357,K-means Clustering
tmTN8RB25aRn,79,easy,1,20399,Decision Trees
tmTN8RB25aRn,80,easy,1,14626,K-means Clustering
tmTN8RB25aRn,81,easy,1,19791,DBSCAN
tmTN8RB25aRn,82,easy,1,15523,DBSCAN
tmTN8RB25aRn,83,easy,1,15768,K-means Clustering
tmTN8RB25aRn,84,easy,1,14799,DBSCAN
tmTN8RB25aRn,85,medium,1,28542,DBSCAN
tmTN8RB25aRn,86,easy,1,14234,Clustering Evaluation
tmTN8RB25aRn,87,easy,1,14987,Clustering Evaluation
tmTN8RB25aRn,88,easy,1,14492,DBSCAN
tmTN8RB25aRn,89,easy,1,19791,Similarity Measures
tmTN8RB25aRn,90,hard,0,33078,Model Evaluation
kfwxRJXSzs3o,61,easy,1,11640,K-means Clustering
kfwxRJXSzs3o,62,easy,1,14920,K-means Clustering
kfwxRJXSzs3o,63,easy,1,16929,Hierarchical Clustering
kfwxRJXSzs3o,64,easy,1,8289,Unsupervised Learning
kfwxRJXSzs3o,65,easy,1,11640,Unsupervised Learning
kfwxRJXSzs3o,66,easy,1,8289,DBSCAN
kfwxRJXSzs3o,67,medium,1,26373,Hierarchical Clustering
kfwxRJXSzs3o,68,easy,1,16929,Hierarchical Clustering
kfwxRJXSzs3o,69,easy,1,14446,K-means Clustering
kfwxRJXSzs3o,70,easy,1,8289,K-means Clustering
kfwxRJXSzs3o,71,easy,1,14832,Hierarchical Clustering
kfwxRJXSzs3o,72,medium,0,26074,Hierarchical Clustering
kfwxRJXSzs3o,73,easy,1,13269,Model Evaluation
kfwxRJXSzs3o,74,easy,1,8289,Similarity Measures
kfwxRJXSzs3o,75,medium,1,29427,Model Evaluation
kfwxRJXSzs3o,76,easy,0,21807,DBSCAN
kfwxRJXSzs3o,77,medium,1,27324,DBSCAN
kfwxRJXSzs3o,78,medium,1,26707,K-means Clustering
kfwxRJXSzs3o,79,easy,0,21542,Decision Trees
kfwxRJXSzs3o,80,easy,1,13635,K-means Clustering
kfwxRJXSzs3o,81,easy,1,19755,DBSCAN
kfwxRJXSzs3o,82,easy,0,16892,DBSCAN
kfwxRJXSzs3o,83,easy,1,14920,K-means Clustering
kfwxRJXSzs3o,84,easy,1,14446,DBSCAN
kfwxRJXSzs3o,85,medium,0,26397,DBSCAN
kfwxRJXSzs3o,86,easy,1,13269,Clustering Evaluation
kfwxRJXSzs3o,87,easy,1,14832,Clustering Evaluation
kfwxRJXSzs3o,88,easy,1,14680,DBSCAN
kfwxRJXSzs3o,89,easy,1,19755,Similarity Measures
kfwxRJXSzs3o,90,hard,0,25069,Model Evaluation
BJE8NOUNFGYz,61,easy,1,11699,K-means Clustering
BJE8NOUNFGYz,62,easy,1,13794,K-means Clustering
BJE8NOUNFGYz,63,easy,1,15887,Hierarchical Clustering
BJE8NOUNFGYz,64,easy,1,8234,Unsupervised Learning
BJE8NOUNFGYz,65,easy,1,11699,Unsupervised Learning
BJE8NOUNFGYz,66,easy,1,8234,DBSCAN
BJE8NOUNFGYz,67,medium,0,26767,Hierarchical Clustering
BJE8NOUNFGYz,68,easy,1,15887,Hierarchical Clustering
BJE8NOUNFGYz,69,easy,1,13509,K-means Clustering
BJE8NOUNFGYz,70,easy,1,8234,K-means Clustering
BJE8NOUNFGYz,71,easy,0,17800,Hierarchical Clustering
BJE8NOUNFGYz,72,medium,1,25561,Hierarchical Clustering
BJE8NOUNFGYz,73,easy,1,12452,Model Evaluation
BJE8NOUNFGYz,74,easy,1,8234,Similarity Measures
BJE8NOUNFGYz,75,medium,0,29652,Model Evaluation
BJE8NOUNFGYz,76,easy,1,19275,DBSCAN
BJE8NOUNFGYz,77,medium,1,25963,DBSCAN
BJE8NOUNFGYz,78,medium,0,27380,K-means Clustering
BJE8NOUNFGYz,79,easy,1,19073,Decision Trees
BJE8NOUNFGYz,80,easy,1,12795,K-means Clustering
BJE8NOUNFGYz,81,easy,0,20367,DBSCAN
BJE8NOUNFGYz,82,easy,0,18155,DBSCAN
BJE8NOUNFGYz,83,easy,1,13794,K-means Clustering
BJE8NOUNFGYz,84,easy,1,13509,DBSCAN
BJE8NOUNFGYz,85,medium,0,27720,DBSCAN
BJE8NOUNFGYz,86,easy,1,12452,Clustering Evaluation
BJE8NOUNFGYz,87,easy,1,13745,Clustering Evaluation
BJE8NOUNFGYz,88,easy,1,13728,DBSCAN
BJE8NOUNFGYz,89,easy,1,18333,Similarity Measures
BJE8NOUNFGYz,90,hard,0,26513,Model Evaluation
GiEhMndZmOa5,61,easy,1,12552,K-means Clustering
GiEhMndZmOa5,62,easy,1,14892,K-means Clustering
GiEhMndZmOa5,63,easy,1,17152,Hierarchical Clustering
GiEhMndZmOa5,64,easy,1,8835,Unsupervised Learning
GiEhMndZmOa5,65,easy,1,12552,Unsupervised Learning
GiEhMndZmOa5,66,easy,1,8835,DBSCAN
GiEhMndZmOa5,67,medium,1,27299,Hierarchical Clustering
GiEhMndZmOa5,68,easy,1,17152,Hierarchical Clustering
GiEhMndZmOa5,69,easy,1,14584,K-means Clustering
GiEhMndZmOa5,70,easy,1,8835,K-means Clustering
GiEhMndZmOa5,71,easy,1,14974,Hierarchical Clustering
GiEhMndZmOa5,72,medium,0,29035,Hierarchical Clustering
GiEhMndZmOa5,73,easy,1,13443,Model Evaluation
GiEhMndZmOa5,74,easy,1,8835,Similarity Measures
GiEhMndZmOa5,75,medium,1,29960,Model Evaluation
GiEhMndZmOa5,76,easy,1,20999,DBSCAN
GiEhMndZmOa5,77,medium,1,28004,DBSCAN
GiEhMndZmOa5,78,medium,0,29035,K-means Clustering
GiEhMndZmOa5,79,easy,1,20779,Decision Trees
GiEhMndZmOa5,80,easy,1,13814,K-means Clustering
GiEhMndZmOa5,81,easy,1,19972,DBSCAN
GiEhMndZmOa5,82,easy,1,15021,DBSCAN
GiEhMndZmOa5,83,easy,1,14892,K-means Clustering
GiEhMndZmOa5,84,easy,1,14584,DBSCAN
GiEhMndZmOa5,85,medium,1,28007,DBSCAN
GiEhMndZmOa5,86,easy,1,13443,Clustering Evaluation
GiEhMndZmOa5,87,easy,1,14974,Clustering Evaluation
GiEhMndZmOa5,88,easy,1,14820,DBSCAN
GiEhMndZmOa5,89,easy,1,19972,Similarity Measures
GiEhMndZmOa5,90,hard,0,28116,Model Evaluation
dF0r7wVjsLSV,91,easy,1,16554,Classification
dF0r7wVjsLSV,92,easy,1,11553,Overfitting & Regularization
dF0r7wVjsLSV,93,easy,1,11553,Model Evaluation
dF0r7wVjsLSV,94,easy,1,11553,Decision Trees
dF0r7wVjsLSV,95,easy,1,14234,Decision Trees
dF0r7wVjsLSV,96,easy,1,11208,Decision Trees
dF0r7wVjsLSV,97,easy,1,14458,Cross-Validation
dF0r7wVjsLSV,98,easy,1,11208,Cross-Validation
dF0r7wVjsLSV,99,easy,1,11208,Cross-Validation
dF0r7wVjsLSV,100,easy,1,11846,Decision Trees
dF0r7wVjsLSV,101,easy,1,11208,Decision Trees
dF0r7wVjsLSV,102,easy,0,15706,Decision Trees
dF0r7wVjsLSV,103,hard,0,19310,K-means Clustering
dF0r7wVjsLSV,104,easy,1,11846,Overfitting & Regularization
dF0r7wVjsLSV,105,easy,1,15426,Overfitting & Regularization
dF0r7wVjsLSV,106,easy,0,14132,Overfitting & Regularization
dF0r7wVjsLSV,107,medium,0,27993,Classification
dF0r7wVjsLSV,108,medium,0,23692,Decision Trees
dF0r7wVjsLSV,109,medium,0,25153,Model Evaluation
dF0r7wVjsLSV,110,easy,1,14338,Decision Trees
dF0r7wVjsLSV,111,medium,0,25895,Decision Trees
dF0r7wVjsLSV,112,easy,1,25058,Classification
dF0r7wVjsLSV,113,easy,1,16554,Decision Trees
dF0r7wVjsLSV,114,easy,1,22272,Decision Trees
dF0r7wVjsLSV,115,easy,1,14338,Decision Trees
dF0r7wVjsLSV,116,easy,1,16893,Decision Trees
dF0r7wVjsLSV,117,easy,1,11208,Decision Trees
dF0r7wVjsLSV,118,hard,0,20085,Classification
dF0r7wVjsLSV,119,hard,1,26395,Decision Trees
dF0r7wVjsLSV,120,easy,1,14458,Decision Trees
W0EkQhrkI3an,91,easy,1,14398,Classification
W0EkQhrkI3an,92,easy,1,10621,Overfitting & Regularization
W0EkQhrkI3an,93,easy,1,10621,Model Evaluation
W0EkQhrkI3an,94,easy,1,10621,Decision Trees
W0EkQhrkI3an,95,easy,1,12156,Decision Trees
W0EkQhrkI3an,96,easy,1,10218,Decision Trees
W0EkQhrkI3an,97,easy,1,12420,Cross-Validation
W0EkQhrkI3an,98,easy,1,10218,Cross-Validation
W0EkQhrkI3an,99,easy,1,10218,Cross-Validation
W0EkQhrkI3an,100,easy,1,10332,Decision Trees
W0EkQhrkI3an,101,easy,1,10218,Decision Trees
W0EkQhrkI3an,102,easy,1,12453,Decision Trees
W0EkQhrkI3an,103,hard,0,16323,K-means Clustering
W0EkQhrkI3an,104,easy,1,10332,Overfitting & Regularization
W0EkQhrkI3an,105,easy,1,13418,Overfitting & Regularization
W0EkQhrkI3an,106,easy,1,10136,Overfitting & Regularization
W0EkQhrkI3an,107,medium,1,24247,Classification
W0EkQhrkI3an,108,medium,0,21545,Decision Trees
W0EkQhrkI3an,109,medium,0,22726,Model Evaluation
W0EkQhrkI3an,110,easy,1,12453,Decision Trees
W0EkQhrkI3an,111,medium,0,23420,Decision Trees
W0EkQhrkI3an,112,easy,1,21767,Classification
W0EkQhrkI3an,113,easy,1,14398,Decision Trees
W0EkQhrkI3an,114,easy,1,18408,Decision Trees
W0EkQhrkI3an,115,easy,1,12453,Decision Trees
W0EkQhrkI3an,116,easy,1,14694,Decision Trees
W0EkQhrkI3an,117,easy,1,10218,Decision Trees
W0EkQhrkI3an,118,hard,0,18628,Classification
W0EkQhrkI3an,119,hard,1,22400,Decision Trees
W0EkQhrkI3an,120,easy,1,12420,Decision Trees
d5279GvwAinX,91,easy,1,16782,Classification
d5279GvwAinX,92,easy,1,11845,Overfitting & Regularization
d5279GvwAinX,93,easy,1,11845,Model Evaluation
d5279GvwAinX,94,easy,1,11845,Decision Trees
d5279GvwAinX,95,easy,1,14430,Decision Trees
d5279GvwAinX,96,easy,0,14774,Decision Trees
d5279GvwAinX,97,easy,1,14657,Cross-Validation
d5279GvwAinX,98,easy,1,11492,Cross-Validation
d5279GvwAinX,99,easy,1,11492,Cross-Validation
d5279GvwAinX,100,easy,0,13335,Decision Trees
d5279GvwAinX,101,easy,1,11492,Decision Trees
d5279GvwAinX,102,easy,0,16236,Decision Trees
d5279GvwAinX,103,hard,0,19693,K-means Clustering
d5279GvwAinX,104,easy,1,12009,Overfitting & Regularization
d5279GvwAinX,105,easy,1,15639,Overfitting & Regularization
d5279GvwAinX,106,easy,0,14774,Overfitting & Regularization
d5279GvwAinX,107,medium,1,28488,Classification
d5279GvwAinX,108,medium,1,22657,Decision Trees
d5279GvwAinX,109,medium,1,26514,Model Evaluation
d5279GvwAinX,110,easy,1,14535,Decision Trees
d5279GvwAinX,111,medium,1,26163,Decision Trees
d5279GvwAinX,112,easy,0,27098,Classification
d5279GvwAinX,113,easy,1,16782,Decision Trees
d5279GvwAinX,114,easy,0,23790,Decision Trees
d5279GvwAinX,115,easy,1,14535,Decision Trees
d5279GvwAinX,116,easy,1,17126,Decision Trees
d5279GvwAinX,117,easy,1,11492,Decision Trees
d5279GvwAinX,118,hard,0,20484,Classification
d5279GvwAinX,119,hard,0,25138,Decision Trees
d5279GvwAinX,120,easy,1,14657,Decision Trees
AQklHbi5bt8l,91,easy,1,16945,Classification
AQklHbi5bt8l,92,easy,1,12691,Overfitting & Regularization
AQklHbi5bt8l,93,easy,1,12691,Model Evaluation
AQklHbi5bt8l,94,easy,1,12691,Decision Trees
AQklHbi5bt8l,95,easy,1,14549,Decision Trees
AQklHbi5bt8l,96,easy,1,12171,Decision Trees
AQklHbi5bt8l,97,easy,1,14778,Cross-Validation
AQklHbi5bt8l,98,easy,1,12171,Cross-Validation
AQklHbi5bt8l,99,easy,1,12171,Cross-Validation
AQklHbi5bt8l,100,easy,1,12231,Decision Trees
AQklHbi5bt8l,101,easy,1,12171,Decision Trees
AQklHbi5bt8l,102,easy,1,14655,Decision Trees
AQklHbi5bt8l,103,hard,0,19017,K-means Clustering
AQklHbi5bt8l,104,easy,1,12231,Overfitting & Regularization
AQklHbi5bt8l,105,easy,0,19878,Overfitting & Regularization
AQklHbi5bt8l,106,easy,1,12074,Overfitting & Regularization
AQklHbi5bt8l,107,medium,1,30162,Classification
AQklHbi5bt8l,108,medium,1,23635,Decision Trees
AQklHbi5bt8l,109,medium,0,27789,Model Evaluation
AQklHbi5bt8l,110,easy,1,14655,Decision Trees
AQklHbi5bt8l,111,medium,0,28636,Decision Trees
AQklHbi5bt8l,112,easy,1,25708,Classification
AQklHbi5bt8l,113,easy,1,16945,Decision Trees
AQklHbi5bt8l,114,easy,1,23287,Decision Trees
AQklHbi5bt8l,115,easy,0,17409,Decision Trees
AQklHbi5bt8l,116,easy,0,21040,Decision Trees
AQklHbi5bt8l,117,easy,1,12171,Decision Trees
AQklHbi5bt8l,118,hard,0,23409,Classification
AQklHbi5bt8l,119,hard,0,27232,Decision Trees
AQklHbi5bt8l,120,easy,1,14778,Decision Trees
B0dezLVzpGHZ,91,easy,1,14398,Classification
B0dezLVzpGHZ,92,easy,1,10621,Overfitting & Regularization
B0dezLVzpGHZ,93,easy,1,10621,Model Evaluation
B0dezLVzpGHZ,94,easy,1,10621,Decision Trees
B0dezLVzpGHZ,95,easy,1,12156,Decision Trees
B0dezLVzpGHZ,96,easy,1,10218,Decision Trees
B0dezLVzpGHZ,97,easy,1,12420,Cross-Validation
B0dezLVzpGHZ,98,easy,1,10218,Cross-Validation
B0dezLVzpGHZ,99,easy,1,10218,Cross-Validation
B0dezLVzpGHZ,100,easy,1,10332,Decision Trees
B0dezLVzpGHZ,101,easy,1,10218,Decision Trees
B0dezLVzpGHZ,102,easy,1,12453,Decision Trees
B0dezLVzpGHZ,103,hard,1,17357,K-means Clustering
B0dezLVzpGHZ,104,easy,1,10332,Overfitting & Regularization
B0dezLVzpGHZ,105,easy,1,13418,Overfitting & Regularization
B0dezLVzpGHZ,106,easy,1,10136,Overfitting & Regularization
B0dezLVzpGHZ,107,medium,1,24247,Classification
B0dezLVzpGHZ,108,medium,1,18683,Decision Trees
B0dezLVzpGHZ,109,medium,0,22726,Model Evaluation
B0dezLVzpGHZ,110,easy,1,12453,Decision Trees
B0dezLVzpGHZ,111,medium,0,23420,Decision Trees
B0dezLVzpGHZ,112,easy,1,21767,Classification
B0dezLVzpGHZ,113,easy,1,14398,Decision Trees
B0dezLVzpGHZ,114,easy,0,21228,Decision Trees
B0dezLVzpGHZ,115,easy,1,12453,Decision Trees
B0dezLVzpGHZ,116,easy,1,14694,Decision Trees
B0dezLVzpGHZ,117,easy,1,10218,Decision Trees
B0dezLVzpGHZ,118,hard,1,20178,Classification
B0dezLVzpGHZ,119,hard,0,22271,Decision Trees
B0dezLVzpGHZ,120,easy,1,12420,Decision Trees
jkDHRLkdOO06,91,easy,1,16983,Classification
jkDHRLkdOO06,92,easy,1,14532,Overfitting & Regularization
jkDHRLkdOO06,93,easy,1,14532,Model Evaluation
jkDHRLkdOO06,94,easy,1,14532,Decision Trees
jkDHRLkdOO06,95,easy,1,15298,Decision Trees
jkDHRLkdOO06,96,easy,1,14026,Decision Trees
jkDHRLkdOO06,97,easy,1,15204,Cross-Validation
jkDHRLkdOO06,98,easy,1,14026,Cross-Validation
jkDHRLkdOO06,99,easy,1,14026,Cross-Validation
jkDHRLkdOO06,100,easy,1,12983,Decision Trees
jkDHRLkdOO06,101,easy,1,14026,Decision Trees
jkDHRLkdOO06,102,easy,1,15076,Decision Trees
jkDHRLkdOO06,103,hard,0,21346,K-means Clustering
jkDHRLkdOO06,104,easy,1,12983,Overfitting & Regularization
jkDHRLkdOO06,105,easy,1,15957,Overfitting & Regularization
jkDHRLkdOO06,106,easy,1,13914,Overfitting & Regularization
jkDHRLkdOO06,107,medium,1,31115,Classification
jkDHRLkdOO06,108,medium,1,24081,Decision Trees
jkDHRLkdOO06,109,medium,1,29345,Model Evaluation
jkDHRLkdOO06,110,easy,1,15076,Decision Trees
jkDHRLkdOO06,111,medium,1,28427,Decision Trees
jkDHRLkdOO06,112,easy,1,26459,Classification
jkDHRLkdOO06,113,easy,1,16983,Decision Trees
jkDHRLkdOO06,114,easy,1,23726,Decision Trees
jkDHRLkdOO06,115,easy,1,15076,Decision Trees
jkDHRLkdOO06,116,easy,1,17297,Decision Trees
jkDHRLkdOO06,117,easy,1,14026,Decision Trees
jkDHRLkdOO06,118,hard,0,24361,Classification
jkDHRLkdOO06,119,hard,1,29324,Decision Trees
jkDHRLkdOO06,120,easy,1,15204,Decision Trees
P76XnTmOjZzU,91,easy,1,18300,Classification
P76XnTmOjZzU,92,easy,1,15659,Overfitting & Regularization
P76XnTmOjZzU,93,easy,1,15659,Model Evaluation
P76XnTmOjZzU,94,easy,1,15659,Decision Trees
P76XnTmOjZzU,95,easy,1,16485,Decision Trees
P76XnTmOjZzU,96,easy,1,15115,Decision Trees
P76XnTmOjZzU,97,easy,1,16384,Cross-Validation
P76XnTmOjZzU,98,easy,1,15115,Cross-Validation
P76XnTmOjZzU,99,easy,1,15115,Cross-Validation
P76XnTmOjZzU,100,easy,1,13990,Decision Trees
P76XnTmOjZzU,101,easy,1,15115,Decision Trees
P76XnTmOjZzU,102,easy,1,16245,Decision Trees
P76XnTmOjZzU,103,hard,0,22801,K-means Clustering
P76XnTmOjZzU,104,easy,1,13990,Overfitting & Regularization
P76XnTmOjZzU,105,easy,1,17195,Overfitting & Regularization
P76XnTmOjZzU,106,easy,1,14994,Overfitting & Regularization
P76XnTmOjZzU,107,medium,1,33529,Classification
P76XnTmOjZzU,108,medium,1,25949,Decision Trees
P76XnTmOjZzU,109,medium,1,31352,Model Evaluation
P76XnTmOjZzU,110,easy,1,16245,Decision Trees
P76XnTmOjZzU,111,medium,1,30632,Decision Trees
P76XnTmOjZzU,112,easy,1,28512,Classification
P76XnTmOjZzU,113,easy,1,18300,Decision Trees
P76XnTmOjZzU,114,easy,1,25567,Decision Trees
P76XnTmOjZzU,115,easy,1,16245,Decision Trees
P76XnTmOjZzU,116,easy,1,18639,Decision Trees
P76XnTmOjZzU,117,easy,1,15115,Decision Trees
P76XnTmOjZzU,118,hard,0,26021,Classification
P76XnTmOjZzU,119,hard,1,31213,Decision Trees
P76XnTmOjZzU,120,easy,0,22718,Decision Trees
cCanr1FJP4WP,91,easy,1,16983,Classification
cCanr1FJP4WP,92,easy,1,14532,Overfitting & Regularization
cCanr1FJP4WP,93,easy,1,14532,Model Evaluation
cCanr1FJP4WP,94,easy,1,14532,Decision Trees
cCanr1FJP4WP,95,easy,1,15298,Decision Trees
cCanr1FJP4WP,96,easy,1,14026,Decision Trees
cCanr1FJP4WP,97,easy,1,15204,Cross-Validation
cCanr1FJP4WP,98,easy,1,14026,Cross-Validation
cCanr1FJP4WP,99,easy,1,14026,Cross-Validation
cCanr1FJP4WP,100,easy,1,12983,Decision Trees
cCanr1FJP4WP,101,easy,1,14026,Decision Trees
cCanr1FJP4WP,102,easy,1,15076,Decision Trees
cCanr1FJP4WP,103,hard,0,21346,K-means Clustering
cCanr1FJP4WP,104,easy,1,12983,Overfitting & Regularization
cCanr1FJP4WP,105,easy,1,15957,Overfitting & Regularization
cCanr1FJP4WP,106,easy,1,13914,Overfitting & Regularization
cCanr1FJP4WP,107,medium,1,31115,Classification
cCanr1FJP4WP,108,medium,1,24081,Decision Trees
cCanr1FJP4WP,109,medium,1,29345,Model Evaluation
cCanr1FJP4WP,110,easy,1,15076,Decision Trees
cCanr1FJP4WP,111,medium,1,28427,Decision Trees
cCanr1FJP4WP,112,easy,1,26459,Classification
cCanr1FJP4WP,113,easy,1,16983,Decision Trees
cCanr1FJP4WP,114,easy,1,23726,Decision Trees
cCanr1FJP4WP,115,easy,1,15076,Decision Trees
cCanr1FJP4WP,116,easy,1,17297,Decision Trees
cCanr1FJP4WP,117,easy,1,14026,Decision Trees
cCanr1FJP4WP,118,hard,0,24361,Classification
cCanr1FJP4WP,119,hard,1,29324,Decision Trees
cCanr1FJP4WP,120,easy,1,15204,Decision Trees
k4QQVURTfMls,91,easy,1,16281,Classification
k4QQVURTfMls,92,easy,1,11379,Overfitting & Regularization
k4QQVURTfMls,93,easy,1,11379,Model Evaluation
k4QQVURTfMls,94,easy,1,11379,Decision Trees
k4QQVURTfMls,95,easy,1,13942,Decision Trees
k4QQVURTfMls,96,easy,0,13833,Decision Trees
k4QQVURTfMls,97,easy,1,14161,Cross-Validation
k4QQVURTfMls,98,easy,0,13833,Cross-Validation
k4QQVURTfMls,99,easy,1,11040,Cross-Validation
k4QQVURTfMls,100,easy,1,11603,Decision Trees
k4QQVURTfMls,101,easy,1,11040,Decision Trees
k4QQVURTfMls,102,easy,1,14044,Decision Trees
k4QQVURTfMls,103,hard,0,17733,K-means Clustering
k4QQVURTfMls,104,easy,1,11603,Overfitting & Regularization
k4QQVURTfMls,105,easy,0,17475,Overfitting & Regularization
k4QQVURTfMls,106,easy,1,11117,Overfitting & Regularization
k4QQVURTfMls,107,medium,1,27852,Classification
k4QQVURTfMls,108,medium,0,22132,Decision Trees
k4QQVURTfMls,109,medium,0,23146,Model Evaluation
k4QQVURTfMls,110,easy,0,15431,Decision Trees
k4QQVURTfMls,111,medium,1,25236,Decision Trees
k4QQVURTfMls,112,easy,0,24235,Classification
k4QQVURTfMls,113,easy,1,16281,Decision Trees
k4QQVURTfMls,114,easy,1,22039,Decision Trees
k4QQVURTfMls,115,easy,1,14044,Decision Trees
k4QQVURTfMls,116,easy,0,18201,Decision Trees
k4QQVURTfMls,117,easy,1,11040,Decision Trees
k4QQVURTfMls,118,hard,0,17974,Classification
k4QQVURTfMls,119,hard,0,22683,Decision Trees
k4QQVURTfMls,120,easy,1,14161,Decision Trees
m7l9wOWJlnvS,91,easy,1,16983,Classification
m7l9wOWJlnvS,92,easy,1,14532,Overfitting & Regularization
m7l9wOWJlnvS,93,easy,1,14532,Model Evaluation
m7l9wOWJlnvS,94,easy,1,14532,Decision Trees
m7l9wOWJlnvS,95,easy,1,15298,Decision Trees
m7l9wOWJlnvS,96,easy,1,14026,Decision Trees
m7l9wOWJlnvS,97,easy,1,15204,Cross-Validation
m7l9wOWJlnvS,98,easy,1,14026,Cross-Validation
m7l9wOWJlnvS,99,easy,1,14026,Cross-Validation
m7l9wOWJlnvS,100,easy,1,12983,Decision Trees
m7l9wOWJlnvS,101,easy,1,14026,Decision Trees
m7l9wOWJlnvS,102,easy,1,15076,Decision Trees
m7l9wOWJlnvS,103,hard,0,21346,K-means Clustering
m7l9wOWJlnvS,104,easy,1,12983,Overfitting & Regularization
m7l9wOWJlnvS,105,easy,1,15957,Overfitting & Regularization
m7l9wOWJlnvS,106,easy,1,13914,Overfitting & Regularization
m7l9wOWJlnvS,107,medium,1,31115,Classification
m7l9wOWJlnvS,108,medium,1,24081,Decision Trees
m7l9wOWJlnvS,109,medium,0,29446,Model Evaluation
m7l9wOWJlnvS,110,easy,1,15076,Decision Trees
m7l9wOWJlnvS,111,medium,1,28427,Decision Trees
m7l9wOWJlnvS,112,easy,1,26459,Classification
m7l9wOWJlnvS,113,easy,1,16983,Decision Trees
m7l9wOWJlnvS,114,easy,1,23726,Decision Trees
m7l9wOWJlnvS,115,easy,1,15076,Decision Trees
m7l9wOWJlnvS,116,easy,1,17297,Decision Trees
m7l9wOWJlnvS,117,easy,1,14026,Decision Trees
m7l9wOWJlnvS,118,hard,0,24361,Classification
m7l9wOWJlnvS,119,hard,1,29324,Decision Trees
m7l9wOWJlnvS,120,easy,1,15204,Decision Trees
kfwxRJXSzs3o,91,easy,1,16679,Classification
kfwxRJXSzs3o,92,easy,1,11640,Overfitting & Regularization
kfwxRJXSzs3o,93,easy,1,11640,Model Evaluation
kfwxRJXSzs3o,94,easy,1,11640,Decision Trees
kfwxRJXSzs3o,95,easy,1,14341,Decision Trees
kfwxRJXSzs3o,96,easy,1,11293,Decision Trees
kfwxRJXSzs3o,97,easy,0,15774,Cross-Validation
kfwxRJXSzs3o,98,easy,1,11293,Cross-Validation
kfwxRJXSzs3o,99,easy,1,11293,Cross-Validation
kfwxRJXSzs3o,100,easy,0,12764,Decision Trees
kfwxRJXSzs3o,101,easy,1,11293,Decision Trees
kfwxRJXSzs3o,102,easy,1,14446,Decision Trees
kfwxRJXSzs3o,103,hard,0,16858,K-means Clustering
kfwxRJXSzs3o,104,easy,0,12764,Overfitting & Regularization
kfwxRJXSzs3o,105,easy,0,17529,Overfitting & Regularization
kfwxRJXSzs3o,106,easy,1,11203,Overfitting & Regularization
kfwxRJXSzs3o,107,medium,0,28143,Classification
kfwxRJXSzs3o,108,medium,0,23919,Decision Trees
kfwxRJXSzs3o,109,medium,0,25084,Model Evaluation
kfwxRJXSzs3o,110,easy,0,15541,Decision Trees
kfwxRJXSzs3o,111,medium,0,26034,Decision Trees
kfwxRJXSzs3o,112,easy,1,25381,Classification
kfwxRJXSzs3o,113,easy,0,18360,Decision Trees
kfwxRJXSzs3o,114,easy,1,22387,Decision Trees
kfwxRJXSzs3o,115,easy,1,14446,Decision Trees
kfwxRJXSzs3o,116,easy,1,17021,Decision Trees
kfwxRJXSzs3o,117,easy,1,11293,Decision Trees
kfwxRJXSzs3o,118,hard,0,20752,Classification
kfwxRJXSzs3o,119,hard,1,26788,Decision Trees
kfwxRJXSzs3o,120,easy,1,14567,Decision Trees
0Hpj01paAdfZ,91,easy,1,16554,Classification
0Hpj01paAdfZ,92,easy,1,11553,Overfitting & Regularization
0Hpj01paAdfZ,93,easy,1,11553,Model Evaluation
0Hpj01paAdfZ,94,easy,1,11553,Decision Trees
0Hpj01paAdfZ,95,easy,1,14234,Decision Trees
0Hpj01paAdfZ,96,easy,1,11208,Decision Trees
0Hpj01paAdfZ,97,easy,1,14458,Cross-Validation
0Hpj01paAdfZ,98,easy,1,11208,Cross-Validation
0Hpj01paAdfZ,99,easy,1,11208,Cross-Validation
0Hpj01paAdfZ,100,easy,1,11846,Decision Trees
0Hpj01paAdfZ,101,easy,1,11208,Decision Trees
0Hpj01paAdfZ,102,easy,0,15610,Decision Trees
0Hpj01paAdfZ,103,hard,0,19192,K-means Clustering
0Hpj01paAdfZ,104,easy,1,11846,Overfitting & Regularization
0Hpj01paAdfZ,105,easy,1,15426,Overfitting & Regularization
0Hpj01paAdfZ,106,easy,1,11119,Overfitting & Regularization
0Hpj01paAdfZ,107,medium,0,27821,Classification
0Hpj01paAdfZ,108,medium,0,23547,Decision Trees
0Hpj01paAdfZ,109,medium,0,24999,Model Evaluation
0Hpj01paAdfZ,110,easy,1,14338,Decision Trees
0Hpj01paAdfZ,111,medium,0,25736,Decision Trees
0Hpj01paAdfZ,112,easy,0,26223,Classification
0Hpj01paAdfZ,113,easy,1,16554,Decision Trees
0Hpj01paAdfZ,114,easy,1,22272,Decision Trees
0Hpj01paAdfZ,115,easy,1,14338,Decision Trees
0Hpj01paAdfZ,116,easy,1,16893,Decision Trees
0Hpj01paAdfZ,117,easy,1,11208,Decision Trees
0Hpj01paAdfZ,118,hard,0,19962,Classification
0Hpj01paAdfZ,119,hard,0,24498,Decision Trees
0Hpj01paAdfZ,120,easy,1,14458,Decision Trees
CprL2LITeTET,91,easy,1,25712,Classification
CprL2LITeTET,92,easy,1,22001,Overfitting & Regularization
CprL2LITeTET,93,easy,1,22001,Model Evaluation
CprL2LITeTET,94,easy,1,22001,Decision Trees
CprL2LITeTET,95,easy,1,23161,Decision Trees
CprL2LITeTET,96,easy,1,21236,Decision Trees
CprL2LITeTET,97,easy,1,23019,Cross-Validation
CprL2LITeTET,98,easy,1,21236,Cross-Validation
CprL2LITeTET,99,easy,1,21236,Cross-Validation
CprL2LITeTET,100,easy,1,19656,Decision Trees
CprL2LITeTET,101,easy,1,21236,Decision Trees
CprL2LITeTET,102,easy,1,22825,Decision Trees
CprL2LITeTET,103,hard,1,33971,K-means Clustering
CprL2LITeTET,104,easy,1,19656,Overfitting & Regularization
CprL2LITeTET,105,easy,1,24159,Overfitting & Regularization
CprL2LITeTET,106,easy,1,21066,Overfitting & Regularization
CprL2LITeTET,107,medium,0,45204,Classification
CprL2LITeTET,108,medium,1,35687,Decision Trees
CprL2LITeTET,109,medium,1,40379,Model Evaluation
CprL2LITeTET,110,easy,1,22825,Decision Trees
CprL2LITeTET,111,medium,1,39117,Decision Trees
CprL2LITeTET,112,easy,1,37870,Classification
CprL2LITeTET,113,easy,1,25712,Decision Trees
CprL2LITeTET,114,easy,1,35162,Decision Trees
CprL2LITeTET,115,easy,1,22825,Decision Trees
CprL2LITeTET,116,easy,1,26187,Decision Trees
CprL2LITeTET,117,easy,1,21236,Decision Trees
CprL2LITeTET,118,hard,0,30738,Classification
CprL2LITeTET,119,hard,1,40351,Decision Trees
CprL2LITeTET,120,easy,1,23019,Decision Trees
BhvtwuIg7wvF,91,easy,1,13843,Classification
BhvtwuIg7wvF,92,easy,1,12670,Overfitting & Regularization
BhvtwuIg7wvF,93,easy,1,12670,Model Evaluation
BhvtwuIg7wvF,94,easy,1,12670,Decision Trees
BhvtwuIg7wvF,95,easy,1,12555,Decision Trees
BhvtwuIg7wvF,96,easy,1,11375,Decision Trees
BhvtwuIg7wvF,97,easy,1,12508,Cross-Validation
BhvtwuIg7wvF,98,easy,1,11375,Cross-Validation
BhvtwuIg7wvF,99,easy,1,11375,Cross-Validation
BhvtwuIg7wvF,100,easy,1,10682,Decision Trees
BhvtwuIg7wvF,101,easy,1,11375,Decision Trees
BhvtwuIg7wvF,102,easy,1,12381,Decision Trees
BhvtwuIg7wvF,103,hard,1,18619,K-means Clustering
BhvtwuIg7wvF,104,easy,1,10682,Overfitting & Regularization
BhvtwuIg7wvF,105,easy,1,13105,Overfitting & Regularization
BhvtwuIg7wvF,106,easy,1,11284,Overfitting & Regularization
BhvtwuIg7wvF,107,medium,1,23450,Classification
BhvtwuIg7wvF,108,medium,0,20613,Decision Trees
BhvtwuIg7wvF,109,medium,0,23064,Model Evaluation
BhvtwuIg7wvF,110,easy,1,12381,Decision Trees
BhvtwuIg7wvF,111,medium,1,21043,Decision Trees
BhvtwuIg7wvF,112,easy,1,20469,Classification
BhvtwuIg7wvF,113,easy,0,18093,Decision Trees
BhvtwuIg7wvF,114,easy,0,20309,Decision Trees
BhvtwuIg7wvF,115,easy,1,12381,Decision Trees
BhvtwuIg7wvF,116,easy,1,14099,Decision Trees
BhvtwuIg7wvF,117,easy,1,11375,Decision Trees
BhvtwuIg7wvF,118,hard,1,21646,Classification
BhvtwuIg7wvF,119,hard,0,22067,Decision Trees
BhvtwuIg7wvF,120,easy,1,12508,Decision Trees
e35NZ2cItyz9,91,easy,1,17051,Classification
e35NZ2cItyz9,92,easy,1,14711,Overfitting & Regularization
e35NZ2cItyz9,93,easy,1,14711,Model Evaluation
e35NZ2cItyz9,94,easy,1,14711,Decision Trees
e35NZ2cItyz9,95,easy,1,15502,Decision Trees
e35NZ2cItyz9,96,easy,1,14044,Decision Trees
e35NZ2cItyz9,97,easy,1,15407,Cross-Validation
e35NZ2cItyz9,98,easy,1,14044,Cross-Validation
e35NZ2cItyz9,99,easy,1,14044,Cross-Validation
e35NZ2cItyz9,100,easy,1,13189,Decision Trees
e35NZ2cItyz9,101,easy,1,14044,Decision Trees
e35NZ2cItyz9,102,easy,1,15250,Decision Trees
e35NZ2cItyz9,103,hard,0,21637,K-means Clustering
e35NZ2cItyz9,104,easy,1,13189,Overfitting & Regularization
e35NZ2cItyz9,105,easy,1,16142,Overfitting & Regularization
e35NZ2cItyz9,106,easy,1,13932,Overfitting & Regularization
e35NZ2cItyz9,107,medium,0,33742,Classification
e35NZ2cItyz9,108,medium,1,23251,Decision Trees
e35NZ2cItyz9,109,medium,0,28655,Model Evaluation
e35NZ2cItyz9,110,easy,1,15250,Decision Trees
e35NZ2cItyz9,111,medium,0,31051,Decision Trees
e35NZ2cItyz9,112,easy,0,30448,Classification
e35NZ2cItyz9,113,easy,1,17051,Decision Trees
e35NZ2cItyz9,114,easy,0,28063,Decision Trees
e35NZ2cItyz9,115,easy,1,15250,Decision Trees
e35NZ2cItyz9,116,easy,1,17366,Decision Trees
e35NZ2cItyz9,117,easy,1,14044,Decision Trees
e35NZ2cItyz9,118,hard,0,24692,Classification
e35NZ2cItyz9,119,hard,0,28783,Decision Trees
e35NZ2cItyz9,120,easy,1,15407,Decision Trees
Za018kn2raFk,91,easy,1,16983,Classification
Za018kn2raFk,92,easy,1,14532,Overfitting & Regularization
Za018kn2raFk,93,easy,1,14532,Model Evaluation
Za018kn2raFk,94,easy,1,14532,Decision Trees
Za018kn2raFk,95,easy,1,15298,Decision Trees
Za018kn2raFk,96,easy,1,14026,Decision Trees
Za018kn2raFk,97,easy,1,15204,Cross-Validation
Za018kn2raFk,98,easy,1,14026,Cross-Validation
Za018kn2raFk,99,easy,1,14026,Cross-Validation
Za018kn2raFk,100,easy,1,12983,Decision Trees
Za018kn2raFk,101,easy,1,14026,Decision Trees
Za018kn2raFk,102,easy,1,15076,Decision Trees
Za018kn2raFk,103,hard,1,24687,K-means Clustering
Za018kn2raFk,104,easy,1,12983,Overfitting & Regularization
Za018kn2raFk,105,easy,1,15957,Overfitting & Regularization
Za018kn2raFk,106,easy,1,13914,Overfitting & Regularization
Za018kn2raFk,107,medium,0,36240,Classification
Za018kn2raFk,108,medium,0,30590,Decision Trees
Za018kn2raFk,109,medium,1,29345,Model Evaluation
Za018kn2raFk,110,easy,1,15076,Decision Trees
Za018kn2raFk,111,medium,1,28427,Decision Trees
Za018kn2raFk,112,easy,1,26459,Classification
Za018kn2raFk,113,easy,1,16983,Decision Trees
Za018kn2raFk,114,easy,1,23726,Decision Trees
Za018kn2raFk,115,easy,1,15076,Decision Trees
Za018kn2raFk,116,easy,1,17297,Decision Trees
Za018kn2raFk,117,easy,1,14026,Decision Trees
Za018kn2raFk,118,hard,0,24361,Classification
Za018kn2raFk,119,hard,0,28856,Decision Trees
Za018kn2raFk,120,easy,1,15204,Decision Trees
I93EMGZEU4vI,91,easy,1,16911,Classification
I93EMGZEU4vI,92,easy,1,14590,Overfitting & Regularization
I93EMGZEU4vI,93,easy,1,14590,Model Evaluation
I93EMGZEU4vI,94,easy,1,14590,Decision Trees
I93EMGZEU4vI,95,easy,1,15374,Decision Trees
I93EMGZEU4vI,96,easy,1,13928,Decision Trees
I93EMGZEU4vI,97,easy,1,15280,Cross-Validation
I93EMGZEU4vI,98,easy,1,13928,Cross-Validation
I93EMGZEU4vI,99,easy,1,13928,Cross-Validation
I93EMGZEU4vI,100,easy,1,13081,Decision Trees
I93EMGZEU4vI,101,easy,1,13928,Decision Trees
I93EMGZEU4vI,102,easy,1,15124,Decision Trees
I93EMGZEU4vI,103,hard,0,22022,K-means Clustering
I93EMGZEU4vI,104,easy,1,13081,Overfitting & Regularization
I93EMGZEU4vI,105,easy,1,16009,Overfitting & Regularization
I93EMGZEU4vI,106,easy,1,13817,Overfitting & Regularization
I93EMGZEU4vI,107,medium,0,35201,Classification
I93EMGZEU4vI,108,medium,1,23732,Decision Trees
I93EMGZEU4vI,109,medium,0,29894,Model Evaluation
I93EMGZEU4vI,110,easy,1,15124,Decision Trees
I93EMGZEU4vI,111,medium,0,32394,Decision Trees
I93EMGZEU4vI,112,easy,0,31121,Classification
I93EMGZEU4vI,113,easy,1,16911,Decision Trees
I93EMGZEU4vI,114,easy,0,29276,Decision Trees
I93EMGZEU4vI,115,easy,1,15124,Decision Trees
I93EMGZEU4vI,116,easy,1,17223,Decision Trees
I93EMGZEU4vI,117,easy,1,13928,Decision Trees
I93EMGZEU4vI,118,hard,0,25132,Classification
I93EMGZEU4vI,119,hard,0,29296,Decision Trees
I93EMGZEU4vI,120,easy,1,15280,Decision Trees
xOKhxIy4WoKi,91,easy,1,17602,Classification
xOKhxIy4WoKi,92,easy,1,15061,Overfitting & Regularization
xOKhxIy4WoKi,93,easy,1,15061,Model Evaluation
xOKhxIy4WoKi,94,easy,1,15061,Decision Trees
xOKhxIy4WoKi,95,easy,1,15855,Decision Trees
xOKhxIy4WoKi,96,easy,1,14538,Decision Trees
xOKhxIy4WoKi,97,easy,1,15758,Cross-Validation
xOKhxIy4WoKi,98,easy,1,14538,Cross-Validation
xOKhxIy4WoKi,99,easy,1,14538,Cross-Validation
xOKhxIy4WoKi,100,easy,1,13456,Decision Trees
xOKhxIy4WoKi,101,easy,1,14538,Decision Trees
xOKhxIy4WoKi,102,easy,1,15625,Decision Trees
xOKhxIy4WoKi,103,hard,0,22337,K-means Clustering
xOKhxIy4WoKi,104,easy,1,13456,Overfitting & Regularization
xOKhxIy4WoKi,105,easy,1,16539,Overfitting & Regularization
xOKhxIy4WoKi,106,easy,1,14421,Overfitting & Regularization
xOKhxIy4WoKi,107,medium,0,37564,Classification
xOKhxIy4WoKi,108,medium,1,24958,Decision Trees
xOKhxIy4WoKi,109,medium,0,30522,Model Evaluation
xOKhxIy4WoKi,110,easy,1,15625,Decision Trees
xOKhxIy4WoKi,111,medium,0,34568,Decision Trees
xOKhxIy4WoKi,112,easy,1,27423,Classification
xOKhxIy4WoKi,113,easy,1,17602,Decision Trees
xOKhxIy4WoKi,114,easy,1,24591,Decision Trees
xOKhxIy4WoKi,115,easy,1,15625,Decision Trees
xOKhxIy4WoKi,116,easy,1,17927,Decision Trees
xOKhxIy4WoKi,117,easy,1,14538,Decision Trees
xOKhxIy4WoKi,118,hard,0,25491,Classification
xOKhxIy4WoKi,119,hard,1,30021,Decision Trees
xOKhxIy4WoKi,120,easy,1,15758,Decision Trees
xPRdKA5UBNGM,91,easy,1,18300,Classification
xPRdKA5UBNGM,92,easy,1,15659,Overfitting & Regularization
xPRdKA5UBNGM,93,easy,1,15659,Model Evaluation
xPRdKA5UBNGM,94,easy,1,15659,Decision Trees
xPRdKA5UBNGM,95,easy,1,16485,Decision Trees
xPRdKA5UBNGM,96,easy,1,15115,Decision Trees
xPRdKA5UBNGM,97,easy,1,16384,Cross-Validation
xPRdKA5UBNGM,98,easy,1,15115,Cross-Validation
xPRdKA5UBNGM,99,easy,1,15115,Cross-Validation
xPRdKA5UBNGM,100,easy,1,13990,Decision Trees
xPRdKA5UBNGM,101,easy,1,15115,Decision Trees
xPRdKA5UBNGM,102,easy,1,16245,Decision Trees
xPRdKA5UBNGM,103,hard,0,22801,K-means Clustering
xPRdKA5UBNGM,104,easy,1,13990,Overfitting & Regularization
xPRdKA5UBNGM,105,easy,1,17195,Overfitting & Regularization
xPRdKA5UBNGM,106,easy,1,14994,Overfitting & Regularization
xPRdKA5UBNGM,107,medium,0,38346,Classification
xPRdKA5UBNGM,108,medium,1,25949,Decision Trees
xPRdKA5UBNGM,109,medium,0,31156,Model Evaluation
xPRdKA5UBNGM,110,easy,1,16245,Decision Trees
xPRdKA5UBNGM,111,medium,0,35287,Decision Trees
xPRdKA5UBNGM,112,easy,0,33646,Classification
xPRdKA5UBNGM,113,easy,1,18300,Decision Trees
xPRdKA5UBNGM,114,easy,0,31891,Decision Trees
xPRdKA5UBNGM,115,easy,1,16245,Decision Trees
xPRdKA5UBNGM,116,easy,1,18639,Decision Trees
xPRdKA5UBNGM,117,easy,1,15115,Decision Trees
xPRdKA5UBNGM,118,hard,0,26021,Classification
xPRdKA5UBNGM,119,hard,0,30533,Decision Trees
xPRdKA5UBNGM,120,easy,1,16384,Decision Trees
QJccKPT4nu7V,91,easy,0,22870,Classification
QJccKPT4nu7V,92,easy,1,14590,Overfitting & Regularization
QJccKPT4nu7V,93,easy,1,14590,Model Evaluation
QJccKPT4nu7V,94,easy,1,14590,Decision Trees
QJccKPT4nu7V,95,easy,1,15374,Decision Trees
QJccKPT4nu7V,96,easy,1,13928,Decision Trees
QJccKPT4nu7V,97,easy,1,15280,Cross-Validation
QJccKPT4nu7V,98,easy,1,13928,Cross-Validation
QJccKPT4nu7V,99,easy,1,13928,Cross-Validation
QJccKPT4nu7V,100,easy,1,13081,Decision Trees
QJccKPT4nu7V,101,easy,1,13928,Decision Trees
QJccKPT4nu7V,102,easy,1,15124,Decision Trees
QJccKPT4nu7V,103,hard,0,22022,K-means Clustering
QJccKPT4nu7V,104,easy,1,13081,Overfitting & Regularization
QJccKPT4nu7V,105,easy,1,16009,Overfitting & Regularization
QJccKPT4nu7V,106,easy,1,13817,Overfitting & Regularization
QJccKPT4nu7V,107,medium,1,30665,Classification
QJccKPT4nu7V,108,medium,0,29713,Decision Trees
QJccKPT4nu7V,109,medium,0,29894,Model Evaluation
QJccKPT4nu7V,110,easy,1,15124,Decision Trees
QJccKPT4nu7V,111,medium,1,28016,Decision Trees
QJccKPT4nu7V,112,easy,1,26274,Classification
QJccKPT4nu7V,113,easy,1,16911,Decision Trees
QJccKPT4nu7V,114,easy,1,23383,Decision Trees
QJccKPT4nu7V,115,easy,1,15124,Decision Trees
QJccKPT4nu7V,116,easy,1,17223,Decision Trees
QJccKPT4nu7V,117,easy,1,13928,Decision Trees
QJccKPT4nu7V,118,hard,1,27840,Classification
QJccKPT4nu7V,119,hard,0,29296,Decision Trees
QJccKPT4nu7V,120,easy,1,15280,Decision Trees
Mr0bz3y2IHmW,91,easy,1,16169,Classification
Mr0bz3y2IHmW,92,easy,1,12136,Overfitting & Regularization
Mr0bz3y2IHmW,93,easy,1,12136,Model Evaluation
Mr0bz3y2IHmW,94,easy,1,12136,Decision Trees
Mr0bz3y2IHmW,95,easy,1,14135,Decision Trees
Mr0bz3y2IHmW,96,easy,0,15626,Decision Trees
Mr0bz3y2IHmW,97,easy,1,14128,Cross-Validation
Mr0bz3y2IHmW,98,easy,1,11542,Cross-Validation
Mr0bz3y2IHmW,99,easy,1,11542,Cross-Validation
Mr0bz3y2IHmW,100,easy,1,11671,Decision Trees
Mr0bz3y2IHmW,101,easy,1,11542,Decision Trees
Mr0bz3y2IHmW,102,easy,1,13984,Decision Trees
Mr0bz3y2IHmW,103,hard,0,19146,K-means Clustering
Mr0bz3y2IHmW,104,easy,1,11671,Overfitting & Regularization
Mr0bz3y2IHmW,105,easy,1,15067,Overfitting & Regularization
Mr0bz3y2IHmW,106,easy,1,11450,Overfitting & Regularization
Mr0bz3y2IHmW,107,medium,1,27669,Classification
Mr0bz3y2IHmW,108,medium,1,21472,Decision Trees
Mr0bz3y2IHmW,109,medium,0,25933,Model Evaluation
Mr0bz3y2IHmW,110,easy,1,13984,Decision Trees
Mr0bz3y2IHmW,111,medium,0,26724,Decision Trees
Mr0bz3y2IHmW,112,easy,0,27849,Classification
Mr0bz3y2IHmW,113,easy,1,16169,Decision Trees
Mr0bz3y2IHmW,114,easy,1,21156,Decision Trees
Mr0bz3y2IHmW,115,easy,1,13984,Decision Trees
Mr0bz3y2IHmW,116,easy,0,21055,Decision Trees
Mr0bz3y2IHmW,117,easy,1,11542,Decision Trees
Mr0bz3y2IHmW,118,hard,1,23668,Classification
Mr0bz3y2IHmW,119,hard,0,25414,Decision Trees
Mr0bz3y2IHmW,120,easy,1,14128,Decision Trees
HDHPHpQGlRLt,91,easy,0,24309,Classification
HDHPHpQGlRLt,92,easy,1,14818,Overfitting & Regularization
HDHPHpQGlRLt,93,easy,1,14818,Model Evaluation
HDHPHpQGlRLt,94,easy,1,14818,Decision Trees
HDHPHpQGlRLt,95,easy,1,15763,Decision Trees
HDHPHpQGlRLt,96,easy,1,14303,Decision Trees
HDHPHpQGlRLt,97,easy,1,15667,Cross-Validation
HDHPHpQGlRLt,98,easy,1,14303,Cross-Validation
HDHPHpQGlRLt,99,easy,1,14303,Cross-Validation
HDHPHpQGlRLt,100,easy,1,13378,Decision Trees
HDHPHpQGlRLt,101,easy,1,14303,Decision Trees
HDHPHpQGlRLt,102,easy,1,15725,Decision Trees
HDHPHpQGlRLt,103,hard,0,19040,K-means Clustering
HDHPHpQGlRLt,104,easy,1,13378,Overfitting & Regularization
HDHPHpQGlRLt,105,easy,1,16644,Overfitting & Regularization
HDHPHpQGlRLt,106,easy,1,14189,Overfitting & Regularization
HDHPHpQGlRLt,107,medium,1,34130,Classification
HDHPHpQGlRLt,108,medium,1,27655,Decision Trees
HDHPHpQGlRLt,109,medium,0,31798,Model Evaluation
HDHPHpQGlRLt,110,easy,1,15725,Decision Trees
HDHPHpQGlRLt,111,medium,1,32647,Decision Trees
HDHPHpQGlRLt,112,easy,1,30387,Classification
HDHPHpQGlRLt,113,easy,1,17714,Decision Trees
HDHPHpQGlRLt,114,easy,1,27248,Decision Trees
HDHPHpQGlRLt,115,easy,1,15725,Decision Trees
HDHPHpQGlRLt,116,easy,1,18042,Decision Trees
HDHPHpQGlRLt,117,easy,1,14303,Decision Trees
HDHPHpQGlRLt,118,hard,1,25046,Classification
HDHPHpQGlRLt,119,hard,0,31161,Decision Trees
HDHPHpQGlRLt,120,easy,1,15667,Decision Trees
nojDz9QSjRLy,91,easy,1,16915,Classification
nojDz9QSjRLy,92,easy,1,12592,Overfitting & Regularization
nojDz9QSjRLy,93,easy,1,12592,Model Evaluation
nojDz9QSjRLy,94,easy,1,12592,Decision Trees
nojDz9QSjRLy,95,easy,1,14524,Decision Trees
nojDz9QSjRLy,96,easy,1,12076,Decision Trees
nojDz9QSjRLy,97,easy,1,14753,Cross-Validation
nojDz9QSjRLy,98,easy,1,12076,Cross-Validation
nojDz9QSjRLy,99,easy,1,12076,Cross-Validation
nojDz9QSjRLy,100,easy,1,12210,Decision Trees
nojDz9QSjRLy,101,easy,1,12076,Decision Trees
nojDz9QSjRLy,102,easy,1,14630,Decision Trees
nojDz9QSjRLy,103,hard,0,19317,K-means Clustering
nojDz9QSjRLy,104,easy,1,12210,Overfitting & Regularization
nojDz9QSjRLy,105,easy,1,15763,Overfitting & Regularization
nojDz9QSjRLy,106,easy,1,11979,Overfitting & Regularization
nojDz9QSjRLy,107,medium,1,30111,Classification
nojDz9QSjRLy,108,medium,1,23594,Decision Trees
nojDz9QSjRLy,109,medium,0,28222,Model Evaluation
nojDz9QSjRLy,110,easy,1,14630,Decision Trees
nojDz9QSjRLy,111,medium,1,27510,Decision Trees
nojDz9QSjRLy,112,easy,0,28946,Classification
nojDz9QSjRLy,113,easy,0,21488,Decision Trees
nojDz9QSjRLy,114,easy,1,23247,Decision Trees
nojDz9QSjRLy,115,easy,1,14630,Decision Trees
nojDz9QSjRLy,116,easy,1,17262,Decision Trees
nojDz9QSjRLy,117,easy,1,12076,Decision Trees
nojDz9QSjRLy,118,hard,0,23778,Classification
nojDz9QSjRLy,119,hard,1,27817,Decision Trees
nojDz9QSjRLy,120,easy,1,14753,Decision Trees
7VLP2mvnxjRS,91,easy,0,21351,Classification
7VLP2mvnxjRS,92,easy,1,13036,Overfitting & Regularization
7VLP2mvnxjRS,93,easy,1,13036,Model Evaluation
7VLP2mvnxjRS,94,easy,1,13036,Decision Trees
7VLP2mvnxjRS,95,easy,1,14461,Decision Trees
7VLP2mvnxjRS,96,easy,1,12709,Decision Trees
7VLP2mvnxjRS,97,easy,1,14454,Cross-Validation
7VLP2mvnxjRS,98,easy,1,12709,Cross-Validation
7VLP2mvnxjRS,99,easy,1,12709,Cross-Validation
7VLP2mvnxjRS,100,easy,1,12143,Decision Trees
7VLP2mvnxjRS,101,easy,1,12709,Decision Trees
7VLP2mvnxjRS,102,easy,1,14307,Decision Trees
7VLP2mvnxjRS,103,hard,1,20530,K-means Clustering
7VLP2mvnxjRS,104,easy,1,12143,Overfitting & Regularization
7VLP2mvnxjRS,105,easy,0,20606,Overfitting & Regularization
7VLP2mvnxjRS,106,easy,1,12607,Overfitting & Regularization
7VLP2mvnxjRS,107,medium,0,29284,Classification
7VLP2mvnxjRS,108,medium,1,21653,Decision Trees
7VLP2mvnxjRS,109,medium,0,26151,Model Evaluation
7VLP2mvnxjRS,110,easy,1,14307,Decision Trees
7VLP2mvnxjRS,111,medium,0,26949,Decision Trees
7VLP2mvnxjRS,112,easy,0,28083,Classification
7VLP2mvnxjRS,113,easy,1,16304,Decision Trees
7VLP2mvnxjRS,114,easy,1,21334,Decision Trees
7VLP2mvnxjRS,115,easy,1,14307,Decision Trees
7VLP2mvnxjRS,116,easy,1,16638,Decision Trees
7VLP2mvnxjRS,117,easy,1,12709,Decision Trees
7VLP2mvnxjRS,118,hard,0,22033,Classification
7VLP2mvnxjRS,119,hard,1,25776,Decision Trees
7VLP2mvnxjRS,120,easy,1,14454,Decision Trees
WZiibWz2DWRQ,91,easy,1,16446,Classification
WZiibWz2DWRQ,92,easy,1,14378,Overfitting & Regularization
WZiibWz2DWRQ,93,easy,1,14378,Model Evaluation
WZiibWz2DWRQ,94,easy,1,14378,Decision Trees
WZiibWz2DWRQ,95,easy,1,15151,Decision Trees
WZiibWz2DWRQ,96,easy,1,13726,Decision Trees
WZiibWz2DWRQ,97,easy,1,15094,Cross-Validation
WZiibWz2DWRQ,98,easy,1,13726,Cross-Validation
WZiibWz2DWRQ,99,easy,1,13726,Cross-Validation
WZiibWz2DWRQ,100,easy,1,12891,Decision Trees
WZiibWz2DWRQ,101,easy,1,13726,Decision Trees
WZiibWz2DWRQ,102,easy,1,14941,Decision Trees
WZiibWz2DWRQ,103,hard,0,19284,K-means Clustering
WZiibWz2DWRQ,104,easy,1,12891,Overfitting & Regularization
WZiibWz2DWRQ,105,easy,1,15721,Overfitting & Regularization
WZiibWz2DWRQ,106,easy,1,13616,Overfitting & Regularization
WZiibWz2DWRQ,107,medium,1,27869,Classification
WZiibWz2DWRQ,108,medium,0,24941,Decision Trees
WZiibWz2DWRQ,109,medium,0,26121,Model Evaluation
WZiibWz2DWRQ,110,easy,1,14941,Decision Trees
WZiibWz2DWRQ,111,medium,0,26917,Decision Trees
WZiibWz2DWRQ,112,easy,1,24504,Classification
WZiibWz2DWRQ,113,easy,1,16446,Decision Trees
WZiibWz2DWRQ,114,easy,0,24574,Decision Trees
WZiibWz2DWRQ,115,easy,1,14941,Decision Trees
WZiibWz2DWRQ,116,easy,1,16750,Decision Trees
WZiibWz2DWRQ,117,easy,1,13726,Decision Trees
WZiibWz2DWRQ,118,hard,0,22007,Classification
WZiibWz2DWRQ,119,hard,0,25597,Decision Trees
WZiibWz2DWRQ,120,easy,1,15094,Decision Trees
6k8WibIW0Img,91,easy,1,16983,Classification
6k8WibIW0Img,92,easy,1,14532,Overfitting & Regularization
6k8WibIW0Img,93,easy,1,14532,Model Evaluation
6k8WibIW0Img,94,easy,1,14532,Decision Trees
6k8WibIW0Img,95,easy,1,15298,Decision Trees
6k8WibIW0Img,96,easy,1,14026,Decision Trees
6k8WibIW0Img,97,easy,1,15204,Cross-Validation
6k8WibIW0Img,98,easy,1,14026,Cross-Validation
6k8WibIW0Img,99,easy,1,14026,Cross-Validation
6k8WibIW0Img,100,easy,1,12983,Decision Trees
6k8WibIW0Img,101,easy,1,14026,Decision Trees
6k8WibIW0Img,102,easy,1,15076,Decision Trees
6k8WibIW0Img,103,hard,0,21346,K-means Clustering
6k8WibIW0Img,104,easy,1,12983,Overfitting & Regularization
6k8WibIW0Img,105,easy,1,15957,Overfitting & Regularization
6k8WibIW0Img,106,easy,1,13914,Overfitting & Regularization
6k8WibIW0Img,107,medium,1,31115,Classification
6k8WibIW0Img,108,medium,0,30590,Decision Trees
6k8WibIW0Img,109,medium,0,29446,Model Evaluation
6k8WibIW0Img,110,easy,1,15076,Decision Trees
6k8WibIW0Img,111,medium,0,33350,Decision Trees
6k8WibIW0Img,112,easy,1,26459,Classification
6k8WibIW0Img,113,easy,1,16983,Decision Trees
6k8WibIW0Img,114,easy,0,30140,Decision Trees
6k8WibIW0Img,115,easy,1,15076,Decision Trees
6k8WibIW0Img,116,easy,1,17297,Decision Trees
6k8WibIW0Img,117,easy,1,14026,Decision Trees
6k8WibIW0Img,118,hard,0,24361,Classification
6k8WibIW0Img,119,hard,0,28856,Decision Trees
6k8WibIW0Img,120,easy,1,15204,Decision Trees
C6BcTLw4mOKQ,91,easy,0,23730,Classification
C6BcTLw4mOKQ,92,easy,1,14796,Overfitting & Regularization
C6BcTLw4mOKQ,93,easy,1,14796,Model Evaluation
C6BcTLw4mOKQ,94,easy,1,14796,Decision Trees
C6BcTLw4mOKQ,95,easy,1,15576,Decision Trees
C6BcTLw4mOKQ,96,easy,1,14282,Decision Trees
C6BcTLw4mOKQ,97,easy,1,15481,Cross-Validation
C6BcTLw4mOKQ,98,easy,1,14282,Cross-Validation
C6BcTLw4mOKQ,99,easy,1,14282,Cross-Validation
C6BcTLw4mOKQ,100,easy,1,13219,Decision Trees
C6BcTLw4mOKQ,101,easy,1,14282,Decision Trees
C6BcTLw4mOKQ,102,easy,1,15350,Decision Trees
C6BcTLw4mOKQ,103,hard,1,24830,K-means Clustering
C6BcTLw4mOKQ,104,easy,1,13219,Overfitting & Regularization
C6BcTLw4mOKQ,105,easy,1,16248,Overfitting & Regularization
C6BcTLw4mOKQ,106,easy,1,14168,Overfitting & Regularization
C6BcTLw4mOKQ,107,medium,1,31681,Classification
C6BcTLw4mOKQ,108,medium,1,24519,Decision Trees
C6BcTLw4mOKQ,109,medium,1,29625,Model Evaluation
C6BcTLw4mOKQ,110,easy,0,21538,Decision Trees
C6BcTLw4mOKQ,111,medium,0,33960,Decision Trees
C6BcTLw4mOKQ,112,easy,0,32381,Classification
C6BcTLw4mOKQ,113,easy,1,17292,Decision Trees
C6BcTLw4mOKQ,114,easy,0,30692,Decision Trees
C6BcTLw4mOKQ,115,easy,1,15350,Decision Trees
C6BcTLw4mOKQ,116,easy,1,17612,Decision Trees
C6BcTLw4mOKQ,117,easy,1,14282,Decision Trees
C6BcTLw4mOKQ,118,hard,0,25043,Classification
C6BcTLw4mOKQ,119,hard,0,29384,Decision Trees
C6BcTLw4mOKQ,120,easy,1,15481,Decision Trees
7VpB1pGsv71N,91,easy,0,15607,Classification
7VpB1pGsv71N,92,easy,1,9940,Overfitting & Regularization
7VpB1pGsv71N,93,easy,1,9940,Model Evaluation
7VpB1pGsv71N,94,easy,1,9940,Decision Trees
7VpB1pGsv71N,95,easy,1,12647,Decision Trees
7VpB1pGsv71N,96,easy,1,9643,Decision Trees
7VpB1pGsv71N,97,easy,1,12762,Cross-Validation
7VpB1pGsv71N,98,easy,1,9643,Cross-Validation
7VpB1pGsv71N,99,easy,1,9643,Cross-Validation
7VpB1pGsv71N,100,easy,0,11564,Decision Trees
7VpB1pGsv71N,101,easy,0,12260,Decision Trees
7VpB1pGsv71N,102,easy,1,12656,Decision Trees
7VpB1pGsv71N,103,hard,0,16492,K-means Clustering
7VpB1pGsv71N,104,easy,0,11564,Overfitting & Regularization
7VpB1pGsv71N,105,easy,0,14622,Overfitting & Regularization
7VpB1pGsv71N,106,easy,1,10120,Overfitting & Regularization
7VpB1pGsv71N,107,medium,0,22660,Classification
7VpB1pGsv71N,108,medium,1,19863,Decision Trees
7VpB1pGsv71N,109,medium,1,23684,Model Evaluation
7VpB1pGsv71N,110,easy,0,13964,Decision Trees
7VpB1pGsv71N,111,medium,0,20950,Decision Trees
7VpB1pGsv71N,112,easy,1,20763,Classification
7VpB1pGsv71N,113,easy,0,15607,Decision Trees
7VpB1pGsv71N,114,easy,0,19356,Decision Trees
7VpB1pGsv71N,115,easy,0,13964,Decision Trees
7VpB1pGsv71N,116,easy,0,15520,Decision Trees
7VpB1pGsv71N,117,easy,1,9643,Decision Trees
7VpB1pGsv71N,118,hard,1,23257,Classification
7VpB1pGsv71N,119,hard,0,19967,Decision Trees
7VpB1pGsv71N,120,easy,0,14173,Decision Trees
o2VbFpgtLwG2,91,easy,1,19135,Classification
o2VbFpgtLwG2,92,easy,1,14332,Overfitting & Regularization
o2VbFpgtLwG2,93,easy,1,14332,Model Evaluation
o2VbFpgtLwG2,94,easy,1,14332,Decision Trees
o2VbFpgtLwG2,95,easy,1,16430,Decision Trees
o2VbFpgtLwG2,96,easy,1,13745,Decision Trees
o2VbFpgtLwG2,97,easy,0,18840,Cross-Validation
o2VbFpgtLwG2,98,easy,1,13745,Cross-Validation
o2VbFpgtLwG2,99,easy,1,13745,Cross-Validation
o2VbFpgtLwG2,100,easy,1,13813,Decision Trees
o2VbFpgtLwG2,101,easy,1,13745,Decision Trees
o2VbFpgtLwG2,102,easy,1,16550,Decision Trees
o2VbFpgtLwG2,103,hard,0,20343,K-means Clustering
o2VbFpgtLwG2,104,easy,1,13813,Overfitting & Regularization
o2VbFpgtLwG2,105,easy,0,21193,Overfitting & Regularization
o2VbFpgtLwG2,106,easy,1,13635,Overfitting & Regularization
o2VbFpgtLwG2,107,medium,0,32439,Classification
o2VbFpgtLwG2,108,medium,1,26096,Decision Trees
o2VbFpgtLwG2,109,medium,0,28968,Model Evaluation
o2VbFpgtLwG2,110,easy,1,16550,Decision Trees
o2VbFpgtLwG2,111,medium,0,29852,Decision Trees
o2VbFpgtLwG2,112,easy,1,28385,Classification
o2VbFpgtLwG2,113,easy,0,22558,Decision Trees
o2VbFpgtLwG2,114,easy,0,27023,Decision Trees
o2VbFpgtLwG2,115,easy,1,16550,Decision Trees
o2VbFpgtLwG2,116,easy,1,19528,Decision Trees
o2VbFpgtLwG2,117,easy,0,17015,Decision Trees
o2VbFpgtLwG2,118,hard,0,25041,Classification
o2VbFpgtLwG2,119,hard,0,28388,Decision Trees
o2VbFpgtLwG2,120,easy,1,16689,Decision Trees
BSLGp0wdoAqj,91,easy,1,16003,Classification
BSLGp0wdoAqj,92,easy,1,11875,Overfitting & Regularization
BSLGp0wdoAqj,93,easy,1,11875,Model Evaluation
BSLGp0wdoAqj,94,easy,1,11875,Decision Trees
BSLGp0wdoAqj,95,easy,1,13990,Decision Trees
BSLGp0wdoAqj,96,easy,1,11424,Decision Trees
BSLGp0wdoAqj,97,easy,1,13983,Cross-Validation
BSLGp0wdoAqj,98,easy,1,11424,Cross-Validation
BSLGp0wdoAqj,99,easy,1,11424,Cross-Validation
BSLGp0wdoAqj,100,easy,1,11552,Decision Trees
BSLGp0wdoAqj,101,easy,1,11424,Decision Trees
BSLGp0wdoAqj,102,easy,1,13841,Decision Trees
BSLGp0wdoAqj,103,hard,0,18950,K-means Clustering
BSLGp0wdoAqj,104,easy,0,13832,Overfitting & Regularization
BSLGp0wdoAqj,105,easy,1,14913,Overfitting & Regularization
BSLGp0wdoAqj,106,easy,1,11333,Overfitting & Regularization
BSLGp0wdoAqj,107,medium,0,28744,Classification
BSLGp0wdoAqj,108,medium,1,21253,Decision Trees
BSLGp0wdoAqj,109,medium,1,25413,Model Evaluation
BSLGp0wdoAqj,110,easy,1,13841,Decision Trees
BSLGp0wdoAqj,111,medium,0,26452,Decision Trees
BSLGp0wdoAqj,112,easy,1,24080,Classification
BSLGp0wdoAqj,113,easy,1,16003,Decision Trees
BSLGp0wdoAqj,114,easy,0,24148,Decision Trees
BSLGp0wdoAqj,115,easy,1,13841,Decision Trees
BSLGp0wdoAqj,116,easy,1,16332,Decision Trees
BSLGp0wdoAqj,117,easy,1,11424,Decision Trees
BSLGp0wdoAqj,118,hard,0,21627,Classification
BSLGp0wdoAqj,119,hard,0,25154,Decision Trees
BSLGp0wdoAqj,120,easy,1,13983,Decision Trees
1ggBjCxnkaT8,91,easy,1,17590,Classification
1ggBjCxnkaT8,92,easy,1,13046,Overfitting & Regularization
1ggBjCxnkaT8,93,easy,1,13046,Model Evaluation
1ggBjCxnkaT8,94,easy,1,13046,Decision Trees
1ggBjCxnkaT8,95,easy,0,17985,Decision Trees
1ggBjCxnkaT8,96,easy,1,12635,Decision Trees
1ggBjCxnkaT8,97,easy,1,15341,Cross-Validation
1ggBjCxnkaT8,98,easy,1,12635,Cross-Validation
1ggBjCxnkaT8,99,easy,1,12635,Cross-Validation
1ggBjCxnkaT8,100,easy,1,12614,Decision Trees
1ggBjCxnkaT8,101,easy,1,12635,Decision Trees
1ggBjCxnkaT8,102,easy,1,15214,Decision Trees
1ggBjCxnkaT8,103,hard,0,19715,K-means Clustering
1ggBjCxnkaT8,104,easy,1,12614,Overfitting & Regularization
1ggBjCxnkaT8,105,easy,1,16392,Overfitting & Regularization
1ggBjCxnkaT8,106,easy,1,12534,Overfitting & Regularization
1ggBjCxnkaT8,107,medium,0,32093,Classification
1ggBjCxnkaT8,108,medium,0,27276,Decision Trees
1ggBjCxnkaT8,109,medium,0,28809,Model Evaluation
1ggBjCxnkaT8,110,easy,1,15214,Decision Trees
1ggBjCxnkaT8,111,medium,0,29688,Decision Trees
1ggBjCxnkaT8,112,easy,1,26687,Classification
1ggBjCxnkaT8,113,easy,1,17590,Decision Trees
1ggBjCxnkaT8,114,easy,1,24174,Decision Trees
1ggBjCxnkaT8,115,easy,0,18049,Decision Trees
1ggBjCxnkaT8,116,easy,1,17951,Decision Trees
1ggBjCxnkaT8,117,easy,1,12635,Decision Trees
1ggBjCxnkaT8,118,hard,0,24268,Classification
1ggBjCxnkaT8,119,hard,0,28232,Decision Trees
1ggBjCxnkaT8,120,easy,1,15341,Decision Trees
jMkOnTydcqm6,91,easy,1,16911,Classification
jMkOnTydcqm6,92,easy,1,14590,Overfitting & Regularization
jMkOnTydcqm6,93,easy,1,14590,Model Evaluation
jMkOnTydcqm6,94,easy,1,14590,Decision Trees
jMkOnTydcqm6,95,easy,1,15374,Decision Trees
jMkOnTydcqm6,96,easy,1,13928,Decision Trees
jMkOnTydcqm6,97,easy,1,15280,Cross-Validation
jMkOnTydcqm6,98,easy,1,13928,Cross-Validation
jMkOnTydcqm6,99,easy,1,13928,Cross-Validation
jMkOnTydcqm6,100,easy,1,13081,Decision Trees
jMkOnTydcqm6,101,easy,1,13928,Decision Trees
jMkOnTydcqm6,102,easy,1,15124,Decision Trees
jMkOnTydcqm6,103,hard,0,22022,K-means Clustering
jMkOnTydcqm6,104,easy,1,13081,Overfitting & Regularization
jMkOnTydcqm6,105,easy,1,16009,Overfitting & Regularization
jMkOnTydcqm6,106,easy,1,13817,Overfitting & Regularization
jMkOnTydcqm6,107,medium,1,30665,Classification
jMkOnTydcqm6,108,medium,1,23732,Decision Trees
jMkOnTydcqm6,109,medium,1,28674,Model Evaluation
jMkOnTydcqm6,110,easy,1,15124,Decision Trees
jMkOnTydcqm6,111,medium,0,32394,Decision Trees
jMkOnTydcqm6,112,easy,1,26274,Classification
jMkOnTydcqm6,113,easy,0,22870,Decision Trees
jMkOnTydcqm6,114,easy,0,29276,Decision Trees
jMkOnTydcqm6,115,easy,1,15124,Decision Trees
jMkOnTydcqm6,116,easy,0,22742,Decision Trees
jMkOnTydcqm6,117,easy,1,13928,Decision Trees
jMkOnTydcqm6,118,hard,0,25132,Classification
jMkOnTydcqm6,119,hard,0,29296,Decision Trees
jMkOnTydcqm6,120,easy,1,15280,Decision Trees
lOuE9tkR89Pk,91,easy,1,16016,Classification
lOuE9tkR89Pk,92,easy,1,11884,Overfitting & Regularization
lOuE9tkR89Pk,93,easy,1,11884,Model Evaluation
lOuE9tkR89Pk,94,easy,1,11884,Decision Trees
lOuE9tkR89Pk,95,easy,1,13602,Decision Trees
lOuE9tkR89Pk,96,easy,1,11434,Decision Trees
lOuE9tkR89Pk,97,easy,1,13816,Cross-Validation
lOuE9tkR89Pk,98,easy,1,11434,Cross-Validation
lOuE9tkR89Pk,99,easy,1,11434,Cross-Validation
lOuE9tkR89Pk,100,easy,1,11561,Decision Trees
lOuE9tkR89Pk,101,easy,1,11434,Decision Trees
lOuE9tkR89Pk,102,easy,1,13852,Decision Trees
lOuE9tkR89Pk,103,hard,0,18207,K-means Clustering
lOuE9tkR89Pk,104,easy,1,11561,Overfitting & Regularization
lOuE9tkR89Pk,105,easy,1,14925,Overfitting & Regularization
lOuE9tkR89Pk,106,easy,1,11342,Overfitting & Regularization
lOuE9tkR89Pk,107,medium,1,26669,Classification
lOuE9tkR89Pk,108,medium,1,20549,Decision Trees
lOuE9tkR89Pk,109,medium,0,24997,Model Evaluation
lOuE9tkR89Pk,110,easy,1,13852,Decision Trees
lOuE9tkR89Pk,111,medium,0,25759,Decision Trees
lOuE9tkR89Pk,112,easy,1,23942,Classification
lOuE9tkR89Pk,113,easy,1,16016,Decision Trees
lOuE9tkR89Pk,114,easy,1,20247,Decision Trees
lOuE9tkR89Pk,115,easy,1,13852,Decision Trees
lOuE9tkR89Pk,116,easy,1,16345,Decision Trees
lOuE9tkR89Pk,117,easy,1,11434,Decision Trees
lOuE9tkR89Pk,118,hard,0,20778,Classification
lOuE9tkR89Pk,119,hard,1,24638,Decision Trees
lOuE9tkR89Pk,120,easy,1,13816,Decision Trees
KNvidOVZPDzA,91,easy,1,16862,Classification
KNvidOVZPDzA,92,easy,1,12552,Overfitting & Regularization
KNvidOVZPDzA,93,easy,1,12552,Model Evaluation
KNvidOVZPDzA,94,easy,1,12552,Decision Trees
KNvidOVZPDzA,95,easy,1,14478,Decision Trees
KNvidOVZPDzA,96,easy,0,16058,Decision Trees
KNvidOVZPDzA,97,easy,1,14706,Cross-Validation
KNvidOVZPDzA,98,easy,1,12037,Cross-Validation
KNvidOVZPDzA,99,easy,1,12037,Cross-Validation
KNvidOVZPDzA,100,easy,1,12172,Decision Trees
KNvidOVZPDzA,101,easy,1,12037,Decision Trees
KNvidOVZPDzA,102,easy,1,14584,Decision Trees
KNvidOVZPDzA,103,hard,0,19256,K-means Clustering
KNvidOVZPDzA,104,easy,1,12172,Overfitting & Regularization
KNvidOVZPDzA,105,easy,1,15713,Overfitting & Regularization
KNvidOVZPDzA,106,easy,1,11941,Overfitting & Regularization
KNvidOVZPDzA,107,medium,1,30016,Classification
KNvidOVZPDzA,108,medium,1,23519,Decision Trees
KNvidOVZPDzA,109,medium,1,27853,Model Evaluation
KNvidOVZPDzA,110,easy,1,14584,Decision Trees
KNvidOVZPDzA,111,medium,0,28991,Decision Trees
KNvidOVZPDzA,112,easy,1,25582,Classification
KNvidOVZPDzA,113,easy,1,16862,Decision Trees
KNvidOVZPDzA,114,easy,1,23173,Decision Trees
KNvidOVZPDzA,115,easy,1,14584,Decision Trees
KNvidOVZPDzA,116,easy,0,21300,Decision Trees
KNvidOVZPDzA,117,easy,1,12037,Decision Trees
KNvidOVZPDzA,118,hard,0,23703,Classification
KNvidOVZPDzA,119,hard,1,27729,Decision Trees
KNvidOVZPDzA,120,easy,1,14706,Decision Trees
IWu147zvpRWb,91,easy,0,19625,Classification
IWu147zvpRWb,92,easy,1,11841,Overfitting & Regularization
IWu147zvpRWb,93,easy,1,11841,Model Evaluation
IWu147zvpRWb,94,easy,1,11841,Decision Trees
IWu147zvpRWb,95,easy,1,14404,Decision Trees
IWu147zvpRWb,96,easy,1,11488,Decision Trees
IWu147zvpRWb,97,easy,1,14630,Cross-Validation
IWu147zvpRWb,98,easy,1,11488,Cross-Validation
IWu147zvpRWb,99,easy,1,11488,Cross-Validation
IWu147zvpRWb,100,easy,1,11987,Decision Trees
IWu147zvpRWb,101,easy,1,11488,Decision Trees
IWu147zvpRWb,102,easy,1,14509,Decision Trees
IWu147zvpRWb,103,hard,0,18585,K-means Clustering
IWu147zvpRWb,104,easy,1,11987,Overfitting & Regularization
IWu147zvpRWb,105,easy,1,15632,Overfitting & Regularization
IWu147zvpRWb,106,easy,1,11396,Overfitting & Regularization
IWu147zvpRWb,107,medium,1,30008,Classification
IWu147zvpRWb,108,medium,0,26239,Decision Trees
IWu147zvpRWb,109,medium,0,27653,Model Evaluation
IWu147zvpRWb,110,easy,1,14509,Decision Trees
IWu147zvpRWb,111,medium,0,28559,Decision Trees
IWu147zvpRWb,112,easy,1,25710,Classification
IWu147zvpRWb,113,easy,1,16775,Decision Trees
IWu147zvpRWb,114,easy,0,25853,Decision Trees
IWu147zvpRWb,115,easy,1,14509,Decision Trees
IWu147zvpRWb,116,easy,1,17119,Decision Trees
IWu147zvpRWb,117,easy,1,11488,Decision Trees
IWu147zvpRWb,118,hard,1,27121,Classification
IWu147zvpRWb,119,hard,0,27100,Decision Trees
IWu147zvpRWb,120,easy,1,14630,Decision Trees
SOvsRqc7VPKI,91,easy,1,16983,Classification
SOvsRqc7VPKI,92,easy,1,14532,Overfitting & Regularization
SOvsRqc7VPKI,93,easy,1,14532,Model Evaluation
SOvsRqc7VPKI,94,easy,1,14532,Decision Trees
SOvsRqc7VPKI,95,easy,1,15298,Decision Trees
SOvsRqc7VPKI,96,easy,1,14026,Decision Trees
SOvsRqc7VPKI,97,easy,1,15204,Cross-Validation
SOvsRqc7VPKI,98,easy,1,14026,Cross-Validation
SOvsRqc7VPKI,99,easy,1,14026,Cross-Validation
SOvsRqc7VPKI,100,easy,1,12983,Decision Trees
SOvsRqc7VPKI,101,easy,1,14026,Decision Trees
SOvsRqc7VPKI,102,easy,1,15076,Decision Trees
SOvsRqc7VPKI,103,hard,0,21346,K-means Clustering
SOvsRqc7VPKI,104,easy,1,12983,Overfitting & Regularization
SOvsRqc7VPKI,105,easy,1,15957,Overfitting & Regularization
SOvsRqc7VPKI,106,easy,1,13914,Overfitting & Regularization
SOvsRqc7VPKI,107,medium,1,31115,Classification
SOvsRqc7VPKI,108,medium,0,30590,Decision Trees
SOvsRqc7VPKI,109,medium,0,29446,Model Evaluation
SOvsRqc7VPKI,110,easy,1,15076,Decision Trees
SOvsRqc7VPKI,111,medium,0,33350,Decision Trees
SOvsRqc7VPKI,112,easy,1,26459,Classification
SOvsRqc7VPKI,113,easy,1,16983,Decision Trees
SOvsRqc7VPKI,114,easy,0,30140,Decision Trees
SOvsRqc7VPKI,115,easy,1,15076,Decision Trees
SOvsRqc7VPKI,116,easy,1,17297,Decision Trees
SOvsRqc7VPKI,117,easy,1,14026,Decision Trees
SOvsRqc7VPKI,118,hard,0,24361,Classification
SOvsRqc7VPKI,119,hard,0,28856,Decision Trees
SOvsRqc7VPKI,120,easy,1,15204,Decision Trees
vqNkppoZuHFA,91,easy,1,16033,Classification
vqNkppoZuHFA,92,easy,1,13189,Overfitting & Regularization
vqNkppoZuHFA,93,easy,1,13189,Model Evaluation
vqNkppoZuHFA,94,easy,1,13189,Decision Trees
vqNkppoZuHFA,95,easy,1,14327,Decision Trees
vqNkppoZuHFA,96,easy,1,12591,Decision Trees
vqNkppoZuHFA,97,easy,1,14320,Cross-Validation
vqNkppoZuHFA,98,easy,1,12591,Cross-Validation
vqNkppoZuHFA,99,easy,1,12591,Cross-Validation
vqNkppoZuHFA,100,easy,1,12030,Decision Trees
vqNkppoZuHFA,101,easy,1,12591,Decision Trees
vqNkppoZuHFA,102,easy,1,14174,Decision Trees
vqNkppoZuHFA,103,hard,0,18986,K-means Clustering
vqNkppoZuHFA,104,easy,1,12030,Overfitting & Regularization
vqNkppoZuHFA,105,easy,1,15044,Overfitting & Regularization
vqNkppoZuHFA,106,easy,1,12490,Overfitting & Regularization
vqNkppoZuHFA,107,medium,0,28798,Classification
vqNkppoZuHFA,108,medium,0,24555,Decision Trees
vqNkppoZuHFA,109,medium,0,25717,Model Evaluation
vqNkppoZuHFA,110,easy,1,14174,Decision Trees
vqNkppoZuHFA,111,medium,1,25067,Decision Trees
vqNkppoZuHFA,112,easy,1,24125,Classification
vqNkppoZuHFA,113,easy,1,16033,Decision Trees
vqNkppoZuHFA,114,easy,1,20979,Decision Trees
vqNkppoZuHFA,115,easy,1,14174,Decision Trees
vqNkppoZuHFA,116,easy,1,16362,Decision Trees
vqNkppoZuHFA,117,easy,1,12591,Decision Trees
vqNkppoZuHFA,118,hard,0,21667,Classification
vqNkppoZuHFA,119,hard,0,25202,Decision Trees
vqNkppoZuHFA,120,easy,1,14320,Decision Trees
bWRj9XHmvXaq,91,easy,1,16003,Classification
bWRj9XHmvXaq,92,easy,1,11875,Overfitting & Regularization
bWRj9XHmvXaq,93,easy,1,11875,Model Evaluation
bWRj9XHmvXaq,94,easy,1,11875,Decision Trees
bWRj9XHmvXaq,95,easy,1,13990,Decision Trees
bWRj9XHmvXaq,96,easy,1,11424,Decision Trees
bWRj9XHmvXaq,97,easy,1,13983,Cross-Validation
bWRj9XHmvXaq,98,easy,1,11424,Cross-Validation
bWRj9XHmvXaq,99,easy,1,11424,Cross-Validation
bWRj9XHmvXaq,100,easy,1,11552,Decision Trees
bWRj9XHmvXaq,101,easy,1,11424,Decision Trees
bWRj9XHmvXaq,102,easy,1,13841,Decision Trees
bWRj9XHmvXaq,103,hard,0,18950,K-means Clustering
bWRj9XHmvXaq,104,easy,1,11552,Overfitting & Regularization
bWRj9XHmvXaq,105,easy,1,14913,Overfitting & Regularization
bWRj9XHmvXaq,106,easy,1,11333,Overfitting & Regularization
bWRj9XHmvXaq,107,medium,0,28744,Classification
bWRj9XHmvXaq,108,medium,1,21253,Decision Trees
bWRj9XHmvXaq,109,medium,0,25669,Model Evaluation
bWRj9XHmvXaq,110,easy,1,13841,Decision Trees
bWRj9XHmvXaq,111,medium,1,25021,Decision Trees
bWRj9XHmvXaq,112,easy,1,24080,Classification
bWRj9XHmvXaq,113,easy,1,16003,Decision Trees
bWRj9XHmvXaq,114,easy,1,20940,Decision Trees
bWRj9XHmvXaq,115,easy,0,16977,Decision Trees
bWRj9XHmvXaq,116,easy,0,20840,Decision Trees
bWRj9XHmvXaq,117,easy,1,11424,Decision Trees
bWRj9XHmvXaq,118,hard,0,21627,Classification
bWRj9XHmvXaq,119,hard,1,25300,Decision Trees
bWRj9XHmvXaq,120,easy,1,13983,Decision Trees
SpXSTCkMzPni,91,easy,1,17292,Classification
SpXSTCkMzPni,92,easy,1,14796,Overfitting & Regularization
SpXSTCkMzPni,93,easy,1,14796,Model Evaluation
SpXSTCkMzPni,94,easy,1,14796,Decision Trees
SpXSTCkMzPni,95,easy,1,15576,Decision Trees
SpXSTCkMzPni,96,easy,1,14282,Decision Trees
SpXSTCkMzPni,97,easy,1,15481,Cross-Validation
SpXSTCkMzPni,98,easy,1,14282,Cross-Validation
SpXSTCkMzPni,99,easy,1,14282,Cross-Validation
SpXSTCkMzPni,100,easy,1,13219,Decision Trees
SpXSTCkMzPni,101,easy,1,14282,Decision Trees
SpXSTCkMzPni,102,easy,0,21538,Decision Trees
SpXSTCkMzPni,103,hard,0,21944,K-means Clustering
SpXSTCkMzPni,104,easy,1,13219,Overfitting & Regularization
SpXSTCkMzPni,105,easy,1,16248,Overfitting & Regularization
SpXSTCkMzPni,106,easy,1,14168,Overfitting & Regularization
SpXSTCkMzPni,107,medium,1,31681,Classification
SpXSTCkMzPni,108,medium,1,24519,Decision Trees
SpXSTCkMzPni,109,medium,0,29985,Model Evaluation
SpXSTCkMzPni,110,easy,0,21538,Decision Trees
SpXSTCkMzPni,111,medium,1,28944,Decision Trees
SpXSTCkMzPni,112,easy,1,26941,Classification
SpXSTCkMzPni,113,easy,1,17292,Decision Trees
SpXSTCkMzPni,114,easy,1,24158,Decision Trees
SpXSTCkMzPni,115,easy,1,15350,Decision Trees
SpXSTCkMzPni,116,easy,1,17612,Decision Trees
SpXSTCkMzPni,117,easy,1,14282,Decision Trees
SpXSTCkMzPni,118,hard,0,25043,Classification
SpXSTCkMzPni,119,hard,0,29384,Decision Trees
SpXSTCkMzPni,120,easy,1,15481,Decision Trees
pMrOo2QfC0Kp,91,easy,0,20958,Classification
pMrOo2QfC0Kp,92,easy,1,11875,Overfitting & Regularization
pMrOo2QfC0Kp,93,easy,1,11875,Model Evaluation
pMrOo2QfC0Kp,94,easy,1,11875,Decision Trees
pMrOo2QfC0Kp,95,easy,1,13990,Decision Trees
pMrOo2QfC0Kp,96,easy,1,11424,Decision Trees
pMrOo2QfC0Kp,97,easy,1,13983,Cross-Validation
pMrOo2QfC0Kp,98,easy,1,11424,Cross-Validation
pMrOo2QfC0Kp,99,easy,1,11424,Cross-Validation
pMrOo2QfC0Kp,100,easy,1,11552,Decision Trees
pMrOo2QfC0Kp,101,easy,1,11424,Decision Trees
pMrOo2QfC0Kp,102,easy,1,13841,Decision Trees
pMrOo2QfC0Kp,103,hard,0,18950,K-means Clustering
pMrOo2QfC0Kp,104,easy,1,11552,Overfitting & Regularization
pMrOo2QfC0Kp,105,easy,1,14913,Overfitting & Regularization
pMrOo2QfC0Kp,106,easy,1,11333,Overfitting & Regularization
pMrOo2QfC0Kp,107,medium,1,27386,Classification
pMrOo2QfC0Kp,108,medium,0,24509,Decision Trees
pMrOo2QfC0Kp,109,medium,0,25669,Model Evaluation
pMrOo2QfC0Kp,110,easy,1,13841,Decision Trees
pMrOo2QfC0Kp,111,medium,1,25021,Decision Trees
pMrOo2QfC0Kp,112,easy,1,24080,Classification
pMrOo2QfC0Kp,113,easy,1,16003,Decision Trees
pMrOo2QfC0Kp,114,easy,1,20940,Decision Trees
pMrOo2QfC0Kp,115,easy,1,13841,Decision Trees
pMrOo2QfC0Kp,116,easy,1,16332,Decision Trees
pMrOo2QfC0Kp,117,easy,1,11424,Decision Trees
pMrOo2QfC0Kp,118,hard,1,23427,Classification
pMrOo2QfC0Kp,119,hard,0,25154,Decision Trees
pMrOo2QfC0Kp,120,easy,1,13983,Decision Trees
WNh0afD7QG4d,91,easy,0,18093,Classification
WNh0afD7QG4d,92,easy,1,12670,Overfitting & Regularization
WNh0afD7QG4d,93,easy,1,12670,Model Evaluation
WNh0afD7QG4d,94,easy,1,12670,Decision Trees
WNh0afD7QG4d,95,easy,1,12555,Decision Trees
WNh0afD7QG4d,96,easy,1,11375,Decision Trees
WNh0afD7QG4d,97,easy,1,12508,Cross-Validation
WNh0afD7QG4d,98,easy,1,11375,Cross-Validation
WNh0afD7QG4d,99,easy,1,11375,Cross-Validation
WNh0afD7QG4d,100,easy,1,10682,Decision Trees
WNh0afD7QG4d,101,easy,1,11375,Decision Trees
WNh0afD7QG4d,102,easy,1,12381,Decision Trees
WNh0afD7QG4d,103,hard,0,16624,K-means Clustering
WNh0afD7QG4d,104,easy,1,10682,Overfitting & Regularization
WNh0afD7QG4d,105,easy,1,13105,Overfitting & Regularization
WNh0afD7QG4d,106,easy,1,11284,Overfitting & Regularization
WNh0afD7QG4d,107,medium,1,23450,Classification
WNh0afD7QG4d,108,medium,0,20613,Decision Trees
WNh0afD7QG4d,109,medium,0,23064,Model Evaluation
WNh0afD7QG4d,110,easy,1,12381,Decision Trees
WNh0afD7QG4d,111,medium,1,21043,Decision Trees
WNh0afD7QG4d,112,easy,1,20469,Classification
WNh0afD7QG4d,113,easy,1,13843,Decision Trees
WNh0afD7QG4d,114,easy,1,17611,Decision Trees
WNh0afD7QG4d,115,easy,1,12381,Decision Trees
WNh0afD7QG4d,116,easy,1,14099,Decision Trees
WNh0afD7QG4d,117,easy,1,11375,Decision Trees
WNh0afD7QG4d,118,hard,1,21646,Classification
WNh0afD7QG4d,119,hard,0,22067,Decision Trees
WNh0afD7QG4d,120,easy,1,12508,Decision Trees
aKKO0pyKuBaK,91,easy,1,16003,Classification
aKKO0pyKuBaK,92,easy,1,11875,Overfitting & Regularization
aKKO0pyKuBaK,93,easy,1,11875,Model Evaluation
aKKO0pyKuBaK,94,easy,1,11875,Decision Trees
aKKO0pyKuBaK,95,easy,1,13990,Decision Trees
aKKO0pyKuBaK,96,easy,1,11424,Decision Trees
aKKO0pyKuBaK,97,easy,1,13983,Cross-Validation
aKKO0pyKuBaK,98,easy,1,11424,Cross-Validation
aKKO0pyKuBaK,99,easy,1,11424,Cross-Validation
aKKO0pyKuBaK,100,easy,1,11552,Decision Trees
aKKO0pyKuBaK,101,easy,1,11424,Decision Trees
aKKO0pyKuBaK,102,easy,1,13841,Decision Trees
aKKO0pyKuBaK,103,hard,0,18950,K-means Clustering
aKKO0pyKuBaK,104,easy,1,11552,Overfitting & Regularization
aKKO0pyKuBaK,105,easy,1,14913,Overfitting & Regularization
aKKO0pyKuBaK,106,easy,1,11333,Overfitting & Regularization
aKKO0pyKuBaK,107,medium,1,27386,Classification
aKKO0pyKuBaK,108,medium,1,21253,Decision Trees
aKKO0pyKuBaK,109,medium,1,25413,Model Evaluation
aKKO0pyKuBaK,110,easy,1,13841,Decision Trees
aKKO0pyKuBaK,111,medium,1,25021,Decision Trees
aKKO0pyKuBaK,112,easy,1,24080,Classification
aKKO0pyKuBaK,113,easy,1,16003,Decision Trees
aKKO0pyKuBaK,114,easy,1,20940,Decision Trees
aKKO0pyKuBaK,115,easy,1,13841,Decision Trees
aKKO0pyKuBaK,116,easy,1,16332,Decision Trees
aKKO0pyKuBaK,117,easy,1,11424,Decision Trees
aKKO0pyKuBaK,118,hard,0,21627,Classification
aKKO0pyKuBaK,119,hard,0,25154,Decision Trees
aKKO0pyKuBaK,120,easy,1,13983,Decision Trees
w1PmKgj9FomZ,91,easy,1,17292,Classification
w1PmKgj9FomZ,92,easy,1,14796,Overfitting & Regularization
w1PmKgj9FomZ,93,easy,1,14796,Model Evaluation
w1PmKgj9FomZ,94,easy,1,14796,Decision Trees
w1PmKgj9FomZ,95,easy,1,15576,Decision Trees
w1PmKgj9FomZ,96,easy,1,14282,Decision Trees
w1PmKgj9FomZ,97,easy,1,15481,Cross-Validation
w1PmKgj9FomZ,98,easy,1,14282,Cross-Validation
w1PmKgj9FomZ,99,easy,1,14282,Cross-Validation
w1PmKgj9FomZ,100,easy,1,13219,Decision Trees
w1PmKgj9FomZ,101,easy,1,14282,Decision Trees
w1PmKgj9FomZ,102,easy,1,15350,Decision Trees
w1PmKgj9FomZ,103,hard,0,21944,K-means Clustering
w1PmKgj9FomZ,104,easy,1,13219,Overfitting & Regularization
w1PmKgj9FomZ,105,easy,1,16248,Overfitting & Regularization
w1PmKgj9FomZ,106,easy,1,14168,Overfitting & Regularization
w1PmKgj9FomZ,107,medium,1,31681,Classification
w1PmKgj9FomZ,108,medium,1,24519,Decision Trees
w1PmKgj9FomZ,109,medium,1,29625,Model Evaluation
w1PmKgj9FomZ,110,easy,1,15350,Decision Trees
w1PmKgj9FomZ,111,medium,1,28944,Decision Trees
w1PmKgj9FomZ,112,easy,1,26941,Classification
w1PmKgj9FomZ,113,easy,1,17292,Decision Trees
w1PmKgj9FomZ,114,easy,1,24158,Decision Trees
w1PmKgj9FomZ,115,easy,1,15350,Decision Trees
w1PmKgj9FomZ,116,easy,1,17612,Decision Trees
w1PmKgj9FomZ,117,easy,1,14282,Decision Trees
w1PmKgj9FomZ,118,hard,0,25043,Classification
w1PmKgj9FomZ,119,hard,0,29384,Decision Trees
w1PmKgj9FomZ,120,easy,1,15481,Decision Trees
No1fcFHRlYfg,91,easy,1,16332,Classification
No1fcFHRlYfg,92,easy,1,14586,Overfitting & Regularization
No1fcFHRlYfg,93,easy,1,14586,Model Evaluation
No1fcFHRlYfg,94,easy,1,14586,Decision Trees
No1fcFHRlYfg,95,easy,1,14715,Decision Trees
No1fcFHRlYfg,96,easy,1,13036,Decision Trees
No1fcFHRlYfg,97,easy,1,14585,Cross-Validation
No1fcFHRlYfg,98,easy,1,13036,Cross-Validation
No1fcFHRlYfg,99,easy,1,13036,Cross-Validation
No1fcFHRlYfg,100,easy,1,12712,Decision Trees
No1fcFHRlYfg,101,easy,1,13036,Decision Trees
No1fcFHRlYfg,102,easy,1,14437,Decision Trees
No1fcFHRlYfg,103,hard,0,25211,K-means Clustering
No1fcFHRlYfg,104,easy,1,12712,Overfitting & Regularization
No1fcFHRlYfg,105,easy,0,21912,Overfitting & Regularization
No1fcFHRlYfg,106,easy,1,12932,Overfitting & Regularization
No1fcFHRlYfg,107,medium,0,35306,Classification
No1fcFHRlYfg,108,medium,1,22799,Decision Trees
No1fcFHRlYfg,109,medium,1,29136,Model Evaluation
No1fcFHRlYfg,110,easy,1,14437,Decision Trees
No1fcFHRlYfg,111,medium,1,27262,Decision Trees
No1fcFHRlYfg,112,easy,1,25149,Classification
No1fcFHRlYfg,113,easy,1,16332,Decision Trees
No1fcFHRlYfg,114,easy,1,22463,Decision Trees
No1fcFHRlYfg,115,easy,1,14437,Decision Trees
No1fcFHRlYfg,116,easy,1,16634,Decision Trees
No1fcFHRlYfg,117,easy,1,13036,Decision Trees
No1fcFHRlYfg,118,hard,0,28552,Classification
No1fcFHRlYfg,119,hard,1,29115,Decision Trees
No1fcFHRlYfg,120,easy,1,14585,Decision Trees
Q7dfzHYyXvOT,91,easy,1,14075,Classification
Q7dfzHYyXvOT,92,easy,1,12378,Overfitting & Regularization
Q7dfzHYyXvOT,93,easy,1,12378,Model Evaluation
Q7dfzHYyXvOT,94,easy,1,12378,Decision Trees
Q7dfzHYyXvOT,95,easy,1,12680,Decision Trees
Q7dfzHYyXvOT,96,easy,1,11341,Decision Trees
Q7dfzHYyXvOT,97,easy,1,12568,Cross-Validation
Q7dfzHYyXvOT,98,easy,1,11341,Cross-Validation
Q7dfzHYyXvOT,99,easy,1,11341,Cross-Validation
Q7dfzHYyXvOT,100,easy,1,11547,Decision Trees
Q7dfzHYyXvOT,101,easy,1,11341,Decision Trees
Q7dfzHYyXvOT,102,easy,1,12441,Decision Trees
Q7dfzHYyXvOT,103,hard,0,24445,K-means Clustering
Q7dfzHYyXvOT,104,easy,1,11547,Overfitting & Regularization
Q7dfzHYyXvOT,105,easy,1,13168,Overfitting & Regularization
Q7dfzHYyXvOT,106,easy,1,11123,Overfitting & Regularization
Q7dfzHYyXvOT,107,medium,1,25753,Classification
Q7dfzHYyXvOT,108,medium,1,19883,Decision Trees
Q7dfzHYyXvOT,109,medium,1,27277,Model Evaluation
Q7dfzHYyXvOT,110,easy,1,12441,Decision Trees
Q7dfzHYyXvOT,111,medium,1,23776,Decision Trees
Q7dfzHYyXvOT,112,easy,1,21566,Classification
Q7dfzHYyXvOT,113,easy,1,14075,Decision Trees
Q7dfzHYyXvOT,114,easy,1,19590,Decision Trees
Q7dfzHYyXvOT,115,easy,1,12441,Decision Trees
Q7dfzHYyXvOT,116,easy,1,14335,Decision Trees
Q7dfzHYyXvOT,117,easy,1,11341,Decision Trees
Q7dfzHYyXvOT,118,hard,0,27684,Classification
Q7dfzHYyXvOT,119,hard,1,28230,Decision Trees
Q7dfzHYyXvOT,120,easy,1,12568,Decision Trees
tZNKhSZpzqOT,91,easy,1,17051,Classification
tZNKhSZpzqOT,92,easy,1,14711,Overfitting & Regularization
tZNKhSZpzqOT,93,easy,1,14711,Model Evaluation
tZNKhSZpzqOT,94,easy,1,14711,Decision Trees
tZNKhSZpzqOT,95,easy,1,15502,Decision Trees
tZNKhSZpzqOT,96,easy,1,14044,Decision Trees
tZNKhSZpzqOT,97,easy,1,15407,Cross-Validation
tZNKhSZpzqOT,98,easy,1,14044,Cross-Validation
tZNKhSZpzqOT,99,easy,1,14044,Cross-Validation
tZNKhSZpzqOT,100,easy,1,13189,Decision Trees
tZNKhSZpzqOT,101,easy,1,14044,Decision Trees
tZNKhSZpzqOT,102,easy,0,20736,Decision Trees
tZNKhSZpzqOT,103,hard,0,21637,K-means Clustering
tZNKhSZpzqOT,104,easy,1,13189,Overfitting & Regularization
tZNKhSZpzqOT,105,easy,1,16142,Overfitting & Regularization
tZNKhSZpzqOT,106,easy,1,13932,Overfitting & Regularization
tZNKhSZpzqOT,107,medium,0,33742,Classification
tZNKhSZpzqOT,108,medium,0,28482,Decision Trees
tZNKhSZpzqOT,109,medium,1,28092,Model Evaluation
tZNKhSZpzqOT,110,easy,1,15250,Decision Trees
tZNKhSZpzqOT,111,medium,1,27448,Decision Trees
tZNKhSZpzqOT,112,easy,1,26141,Classification
tZNKhSZpzqOT,113,easy,1,17051,Decision Trees
tZNKhSZpzqOT,114,easy,0,28063,Decision Trees
tZNKhSZpzqOT,115,easy,1,15250,Decision Trees
tZNKhSZpzqOT,116,easy,1,17366,Decision Trees
tZNKhSZpzqOT,117,easy,1,14044,Decision Trees
tZNKhSZpzqOT,118,hard,0,24692,Classification
tZNKhSZpzqOT,119,hard,0,28783,Decision Trees
tZNKhSZpzqOT,120,easy,1,15407,Decision Trees
xlLz8YVMGkvs,91,easy,1,16983,Classification
xlLz8YVMGkvs,92,easy,1,14532,Overfitting & Regularization
xlLz8YVMGkvs,93,easy,1,14532,Model Evaluation
xlLz8YVMGkvs,94,easy,1,14532,Decision Trees
xlLz8YVMGkvs,95,easy,1,15298,Decision Trees
xlLz8YVMGkvs,96,easy,1,14026,Decision Trees
xlLz8YVMGkvs,97,easy,1,15204,Cross-Validation
xlLz8YVMGkvs,98,easy,1,14026,Cross-Validation
xlLz8YVMGkvs,99,easy,1,14026,Cross-Validation
xlLz8YVMGkvs,100,easy,1,12983,Decision Trees
xlLz8YVMGkvs,101,easy,1,14026,Decision Trees
xlLz8YVMGkvs,102,easy,1,15076,Decision Trees
xlLz8YVMGkvs,103,hard,1,24687,K-means Clustering
xlLz8YVMGkvs,104,easy,1,12983,Overfitting & Regularization
xlLz8YVMGkvs,105,easy,1,15957,Overfitting & Regularization
xlLz8YVMGkvs,106,easy,1,13914,Overfitting & Regularization
xlLz8YVMGkvs,107,medium,1,31115,Classification
xlLz8YVMGkvs,108,medium,1,24081,Decision Trees
xlLz8YVMGkvs,109,medium,0,29446,Model Evaluation
xlLz8YVMGkvs,110,easy,1,15076,Decision Trees
xlLz8YVMGkvs,111,medium,0,33350,Decision Trees
xlLz8YVMGkvs,112,easy,1,26459,Classification
xlLz8YVMGkvs,113,easy,1,16983,Decision Trees
xlLz8YVMGkvs,114,easy,0,30140,Decision Trees
xlLz8YVMGkvs,115,easy,1,15076,Decision Trees
xlLz8YVMGkvs,116,easy,1,17297,Decision Trees
xlLz8YVMGkvs,117,easy,1,14026,Decision Trees
xlLz8YVMGkvs,118,hard,0,24361,Classification
xlLz8YVMGkvs,119,hard,0,28856,Decision Trees
xlLz8YVMGkvs,120,easy,1,15204,Decision Trees
xbNryveuRsXc,91,easy,0,23730,Classification
xbNryveuRsXc,92,easy,1,14796,Overfitting & Regularization
xbNryveuRsXc,93,easy,1,14796,Model Evaluation
xbNryveuRsXc,94,easy,1,14796,Decision Trees
xbNryveuRsXc,95,easy,1,15576,Decision Trees
xbNryveuRsXc,96,easy,1,14282,Decision Trees
xbNryveuRsXc,97,easy,1,15481,Cross-Validation
xbNryveuRsXc,98,easy,1,14282,Cross-Validation
xbNryveuRsXc,99,easy,1,14282,Cross-Validation
xbNryveuRsXc,100,easy,1,13219,Decision Trees
xbNryveuRsXc,101,easy,1,14282,Decision Trees
xbNryveuRsXc,102,easy,1,15350,Decision Trees
xbNryveuRsXc,103,hard,0,21944,K-means Clustering
xbNryveuRsXc,104,easy,1,13219,Overfitting & Regularization
xbNryveuRsXc,105,easy,1,16248,Overfitting & Regularization
xbNryveuRsXc,106,easy,1,14168,Overfitting & Regularization
xbNryveuRsXc,107,medium,1,31681,Classification
xbNryveuRsXc,108,medium,1,24519,Decision Trees
xbNryveuRsXc,109,medium,0,29985,Model Evaluation
xbNryveuRsXc,110,easy,1,15350,Decision Trees
xbNryveuRsXc,111,medium,1,28944,Decision Trees
xbNryveuRsXc,112,easy,1,26941,Classification
xbNryveuRsXc,113,easy,0,23730,Decision Trees
xbNryveuRsXc,114,easy,1,24158,Decision Trees
xbNryveuRsXc,115,easy,0,21538,Decision Trees
xbNryveuRsXc,116,easy,1,17612,Decision Trees
xbNryveuRsXc,117,easy,1,14282,Decision Trees
xbNryveuRsXc,118,hard,0,25043,Classification
xbNryveuRsXc,119,hard,0,29384,Decision Trees
xbNryveuRsXc,120,easy,1,15481,Decision Trees
VTLAbK1PHg7B,91,easy,1,17723,Classification
VTLAbK1PHg7B,92,easy,1,14036,Overfitting & Regularization
VTLAbK1PHg7B,93,easy,1,14036,Model Evaluation
VTLAbK1PHg7B,94,easy,1,14036,Decision Trees
VTLAbK1PHg7B,95,easy,1,15218,Decision Trees
VTLAbK1PHg7B,96,easy,1,13412,Decision Trees
VTLAbK1PHg7B,97,easy,0,18458,Cross-Validation
VTLAbK1PHg7B,98,easy,1,13412,Cross-Validation
VTLAbK1PHg7B,99,easy,1,13412,Cross-Validation
VTLAbK1PHg7B,100,easy,1,12884,Decision Trees
VTLAbK1PHg7B,101,easy,1,13412,Decision Trees
VTLAbK1PHg7B,102,easy,1,15329,Decision Trees
VTLAbK1PHg7B,103,hard,0,19527,K-means Clustering
VTLAbK1PHg7B,104,easy,1,12884,Overfitting & Regularization
VTLAbK1PHg7B,105,easy,1,16516,Overfitting & Regularization
VTLAbK1PHg7B,106,easy,1,13304,Overfitting & Regularization
VTLAbK1PHg7B,107,medium,0,31787,Classification
VTLAbK1PHg7B,108,medium,1,24301,Decision Trees
VTLAbK1PHg7B,109,medium,0,28534,Model Evaluation
VTLAbK1PHg7B,110,easy,1,15329,Decision Trees
VTLAbK1PHg7B,111,medium,1,28334,Decision Trees
VTLAbK1PHg7B,112,easy,0,29267,Classification
VTLAbK1PHg7B,113,easy,1,17723,Decision Trees
VTLAbK1PHg7B,114,easy,1,23943,Decision Trees
VTLAbK1PHg7B,115,easy,0,18185,Decision Trees
VTLAbK1PHg7B,116,easy,1,18087,Decision Trees
VTLAbK1PHg7B,117,easy,1,13412,Decision Trees
VTLAbK1PHg7B,118,hard,0,24037,Classification
VTLAbK1PHg7B,119,hard,0,27963,Decision Trees
VTLAbK1PHg7B,120,easy,1,15457,Decision Trees
ynjK3wP1cV18,91,easy,1,25712,Classification
ynjK3wP1cV18,92,easy,1,22001,Overfitting & Regularization
ynjK3wP1cV18,93,easy,1,22001,Model Evaluation
ynjK3wP1cV18,94,easy,1,22001,Decision Trees
ynjK3wP1cV18,95,easy,1,23161,Decision Trees
ynjK3wP1cV18,96,easy,1,21236,Decision Trees
ynjK3wP1cV18,97,easy,0,29020,Cross-Validation
ynjK3wP1cV18,98,easy,1,21236,Cross-Validation
ynjK3wP1cV18,99,easy,1,21236,Cross-Validation
ynjK3wP1cV18,100,easy,1,19656,Decision Trees
ynjK3wP1cV18,101,easy,1,21236,Decision Trees
ynjK3wP1cV18,102,easy,1,22825,Decision Trees
ynjK3wP1cV18,103,hard,0,26934,K-means Clustering
ynjK3wP1cV18,104,easy,1,19656,Overfitting & Regularization
ynjK3wP1cV18,105,easy,1,24159,Overfitting & Regularization
ynjK3wP1cV18,106,easy,1,21066,Overfitting & Regularization
ynjK3wP1cV18,107,medium,1,42815,Classification
ynjK3wP1cV18,108,medium,0,41094,Decision Trees
ynjK3wP1cV18,109,medium,0,37154,Model Evaluation
ynjK3wP1cV18,110,easy,1,22825,Decision Trees
ynjK3wP1cV18,111,medium,0,41599,Decision Trees
ynjK3wP1cV18,112,easy,1,37870,Classification
ynjK3wP1cV18,113,easy,1,25712,Decision Trees
ynjK3wP1cV18,114,easy,0,40489,Decision Trees
ynjK3wP1cV18,115,easy,1,22825,Decision Trees
ynjK3wP1cV18,116,easy,1,26187,Decision Trees
ynjK3wP1cV18,117,easy,1,21236,Decision Trees
ynjK3wP1cV18,118,hard,0,30738,Classification
ynjK3wP1cV18,119,hard,1,40351,Decision Trees
ynjK3wP1cV18,120,easy,1,23019,Decision Trees
By0gyab68WPW,91,easy,1,19135,Classification
By0gyab68WPW,92,easy,1,14332,Overfitting & Regularization
By0gyab68WPW,93,easy,1,14332,Model Evaluation
By0gyab68WPW,94,easy,1,14332,Decision Trees
By0gyab68WPW,95,easy,1,16430,Decision Trees
By0gyab68WPW,96,easy,1,13745,Decision Trees
By0gyab68WPW,97,easy,1,16689,Cross-Validation
By0gyab68WPW,98,easy,1,13745,Cross-Validation
By0gyab68WPW,99,easy,1,13745,Cross-Validation
By0gyab68WPW,100,easy,1,13813,Decision Trees
By0gyab68WPW,101,easy,1,13745,Decision Trees
By0gyab68WPW,102,easy,1,16550,Decision Trees
By0gyab68WPW,103,hard,0,20343,K-means Clustering
By0gyab68WPW,104,easy,1,13813,Overfitting & Regularization
By0gyab68WPW,105,easy,1,17832,Overfitting & Regularization
By0gyab68WPW,106,easy,1,13635,Overfitting & Regularization
By0gyab68WPW,107,medium,1,33304,Classification
By0gyab68WPW,108,medium,1,26096,Decision Trees
By0gyab68WPW,109,medium,0,28968,Model Evaluation
By0gyab68WPW,110,easy,1,16550,Decision Trees
By0gyab68WPW,111,medium,0,29852,Decision Trees
By0gyab68WPW,112,easy,0,29711,Classification
By0gyab68WPW,113,easy,1,19135,Decision Trees
By0gyab68WPW,114,easy,1,25712,Decision Trees
By0gyab68WPW,115,easy,1,16550,Decision Trees
By0gyab68WPW,116,easy,1,19528,Decision Trees
By0gyab68WPW,117,easy,1,13745,Decision Trees
By0gyab68WPW,118,hard,1,30434,Classification
By0gyab68WPW,119,hard,0,28388,Decision Trees
By0gyab68WPW,120,easy,1,16689,Decision Trees
Kji96af6kzzA,91,easy,1,16862,Classification
Kji96af6kzzA,92,easy,1,12552,Overfitting & Regularization
Kji96af6kzzA,93,easy,1,12552,Model Evaluation
Kji96af6kzzA,94,easy,1,12552,Decision Trees
Kji96af6kzzA,95,easy,1,14478,Decision Trees
Kji96af6kzzA,96,easy,1,12037,Decision Trees
Kji96af6kzzA,97,easy,1,14706,Cross-Validation
Kji96af6kzzA,98,easy,1,12037,Cross-Validation
Kji96af6kzzA,99,easy,1,12037,Cross-Validation
Kji96af6kzzA,100,easy,1,12172,Decision Trees
Kji96af6kzzA,101,easy,1,12037,Decision Trees
Kji96af6kzzA,102,easy,1,14584,Decision Trees
Kji96af6kzzA,103,hard,0,19256,K-means Clustering
Kji96af6kzzA,104,easy,1,12172,Overfitting & Regularization
Kji96af6kzzA,105,easy,1,15713,Overfitting & Regularization
Kji96af6kzzA,106,easy,1,11941,Overfitting & Regularization
Kji96af6kzzA,107,medium,1,30016,Classification
Kji96af6kzzA,108,medium,1,23519,Decision Trees
Kji96af6kzzA,109,medium,0,28133,Model Evaluation
Kji96af6kzzA,110,easy,1,14584,Decision Trees
Kji96af6kzzA,111,medium,1,27423,Decision Trees
Kji96af6kzzA,112,easy,0,28855,Classification
Kji96af6kzzA,113,easy,0,21420,Decision Trees
Kji96af6kzzA,114,easy,1,23173,Decision Trees
Kji96af6kzzA,115,easy,1,14584,Decision Trees
Kji96af6kzzA,116,easy,1,17208,Decision Trees
Kji96af6kzzA,117,easy,1,12037,Decision Trees
Kji96af6kzzA,118,hard,0,23703,Classification
Kji96af6kzzA,119,hard,1,27729,Decision Trees
Kji96af6kzzA,120,easy,1,14706,Decision Trees
YA6aMV1xcGv9,91,easy,0,24309,Classification
YA6aMV1xcGv9,92,easy,1,14818,Overfitting & Regularization
YA6aMV1xcGv9,93,easy,1,14818,Model Evaluation
YA6aMV1xcGv9,94,easy,1,14818,Decision Trees
YA6aMV1xcGv9,95,easy,1,15763,Decision Trees
YA6aMV1xcGv9,96,easy,1,14303,Decision Trees
YA6aMV1xcGv9,97,easy,1,15667,Cross-Validation
YA6aMV1xcGv9,98,easy,1,14303,Cross-Validation
YA6aMV1xcGv9,99,easy,1,14303,Cross-Validation
YA6aMV1xcGv9,100,easy,1,13378,Decision Trees
YA6aMV1xcGv9,101,easy,1,14303,Decision Trees
YA6aMV1xcGv9,102,easy,1,15725,Decision Trees
YA6aMV1xcGv9,103,hard,0,19040,K-means Clustering
YA6aMV1xcGv9,104,easy,1,13378,Overfitting & Regularization
YA6aMV1xcGv9,105,easy,1,16644,Overfitting & Regularization
YA6aMV1xcGv9,106,easy,1,14189,Overfitting & Regularization
YA6aMV1xcGv9,107,medium,1,34130,Classification
YA6aMV1xcGv9,108,medium,1,27655,Decision Trees
YA6aMV1xcGv9,109,medium,1,31416,Model Evaluation
YA6aMV1xcGv9,110,easy,1,15725,Decision Trees
YA6aMV1xcGv9,111,medium,1,32647,Decision Trees
YA6aMV1xcGv9,112,easy,1,30387,Classification
YA6aMV1xcGv9,113,easy,1,17714,Decision Trees
YA6aMV1xcGv9,114,easy,1,27248,Decision Trees
YA6aMV1xcGv9,115,easy,1,15725,Decision Trees
YA6aMV1xcGv9,116,easy,1,18042,Decision Trees
YA6aMV1xcGv9,117,easy,1,14303,Decision Trees
YA6aMV1xcGv9,118,hard,0,21729,Classification
YA6aMV1xcGv9,119,hard,0,31161,Decision Trees
YA6aMV1xcGv9,120,easy,1,15667,Decision Trees
RM55e8d3Jbjm,91,easy,0,20958,Classification
RM55e8d3Jbjm,92,easy,1,11875,Overfitting & Regularization
RM55e8d3Jbjm,93,easy,1,11875,Model Evaluation
RM55e8d3Jbjm,94,easy,1,11875,Decision Trees
RM55e8d3Jbjm,95,easy,1,13990,Decision Trees
RM55e8d3Jbjm,96,easy,1,11424,Decision Trees
RM55e8d3Jbjm,97,easy,0,17264,Cross-Validation
RM55e8d3Jbjm,98,easy,1,11424,Cross-Validation
RM55e8d3Jbjm,99,easy,1,11424,Cross-Validation
RM55e8d3Jbjm,100,easy,0,13832,Decision Trees
RM55e8d3Jbjm,101,easy,0,15467,Decision Trees
RM55e8d3Jbjm,102,easy,1,13841,Decision Trees
RM55e8d3Jbjm,103,hard,1,20151,K-means Clustering
RM55e8d3Jbjm,104,easy,1,11552,Overfitting & Regularization
RM55e8d3Jbjm,105,easy,1,14913,Overfitting & Regularization
RM55e8d3Jbjm,106,easy,1,11333,Overfitting & Regularization
RM55e8d3Jbjm,107,medium,0,28744,Classification
RM55e8d3Jbjm,108,medium,0,24509,Decision Trees
RM55e8d3Jbjm,109,medium,0,25669,Model Evaluation
RM55e8d3Jbjm,110,easy,1,13841,Decision Trees
RM55e8d3Jbjm,111,medium,1,25021,Decision Trees
RM55e8d3Jbjm,112,easy,1,24080,Classification
RM55e8d3Jbjm,113,easy,1,16003,Decision Trees
RM55e8d3Jbjm,114,easy,0,24148,Decision Trees
RM55e8d3Jbjm,115,easy,1,13841,Decision Trees
RM55e8d3Jbjm,116,easy,1,16332,Decision Trees
RM55e8d3Jbjm,117,easy,1,11424,Decision Trees
RM55e8d3Jbjm,118,hard,1,23427,Classification
RM55e8d3Jbjm,119,hard,0,25154,Decision Trees
RM55e8d3Jbjm,120,easy,1,13983,Decision Trees
AgiWXtLnmm9y,91,easy,0,18856,Classification
AgiWXtLnmm9y,92,easy,1,10621,Overfitting & Regularization
AgiWXtLnmm9y,93,easy,1,10621,Model Evaluation
AgiWXtLnmm9y,94,easy,1,10621,Decision Trees
AgiWXtLnmm9y,95,easy,0,14966,Decision Trees
AgiWXtLnmm9y,96,easy,1,10218,Decision Trees
AgiWXtLnmm9y,97,easy,1,12420,Cross-Validation
AgiWXtLnmm9y,98,easy,1,10218,Cross-Validation
AgiWXtLnmm9y,99,easy,1,10218,Cross-Validation
AgiWXtLnmm9y,100,easy,1,10332,Decision Trees
AgiWXtLnmm9y,101,easy,1,10218,Decision Trees
AgiWXtLnmm9y,102,easy,1,12453,Decision Trees
AgiWXtLnmm9y,103,hard,0,16323,K-means Clustering
AgiWXtLnmm9y,104,easy,1,10332,Overfitting & Regularization
AgiWXtLnmm9y,105,easy,1,13418,Overfitting & Regularization
AgiWXtLnmm9y,106,easy,1,10136,Overfitting & Regularization
AgiWXtLnmm9y,107,medium,0,25449,Classification
AgiWXtLnmm9y,108,medium,0,21545,Decision Trees
AgiWXtLnmm9y,109,medium,0,22726,Model Evaluation
AgiWXtLnmm9y,110,easy,1,12453,Decision Trees
AgiWXtLnmm9y,111,medium,0,23420,Decision Trees
AgiWXtLnmm9y,112,easy,1,21767,Classification
AgiWXtLnmm9y,113,easy,1,14398,Decision Trees
AgiWXtLnmm9y,114,easy,1,18408,Decision Trees
AgiWXtLnmm9y,115,easy,1,12453,Decision Trees
AgiWXtLnmm9y,116,easy,1,14694,Decision Trees
AgiWXtLnmm9y,117,easy,1,10218,Decision Trees
AgiWXtLnmm9y,118,hard,1,20178,Classification
AgiWXtLnmm9y,119,hard,1,22400,Decision Trees
AgiWXtLnmm9y,120,easy,1,12420,Decision Trees
9eci54foOGc9,91,easy,0,23730,Classification
9eci54foOGc9,92,easy,1,14796,Overfitting & Regularization
9eci54foOGc9,93,easy,1,14796,Model Evaluation
9eci54foOGc9,94,easy,1,14796,Decision Trees
9eci54foOGc9,95,easy,1,15576,Decision Trees
9eci54foOGc9,96,easy,1,14282,Decision Trees
9eci54foOGc9,97,easy,1,15481,Cross-Validation
9eci54foOGc9,98,easy,1,14282,Cross-Validation
9eci54foOGc9,99,easy,1,14282,Cross-Validation
9eci54foOGc9,100,easy,1,13219,Decision Trees
9eci54foOGc9,101,easy,1,14282,Decision Trees
9eci54foOGc9,102,easy,1,15350,Decision Trees
9eci54foOGc9,103,hard,0,21944,K-means Clustering
9eci54foOGc9,104,easy,0,18062,Overfitting & Regularization
9eci54foOGc9,105,easy,1,16248,Overfitting & Regularization
9eci54foOGc9,106,easy,1,14168,Overfitting & Regularization
9eci54foOGc9,107,medium,1,31681,Classification
9eci54foOGc9,108,medium,0,31150,Decision Trees
9eci54foOGc9,109,medium,0,29985,Model Evaluation
9eci54foOGc9,110,easy,1,15350,Decision Trees
9eci54foOGc9,111,medium,0,33960,Decision Trees
9eci54foOGc9,112,easy,1,26941,Classification
9eci54foOGc9,113,easy,1,17292,Decision Trees
9eci54foOGc9,114,easy,1,24158,Decision Trees
9eci54foOGc9,115,easy,1,15350,Decision Trees
9eci54foOGc9,116,easy,0,23597,Decision Trees
9eci54foOGc9,117,easy,1,14282,Decision Trees
9eci54foOGc9,118,hard,0,25043,Classification
9eci54foOGc9,119,hard,0,29384,Decision Trees
9eci54foOGc9,120,easy,1,15481,Decision Trees
jxlFWYs7WyTt,91,easy,0,20958,Classification
jxlFWYs7WyTt,92,easy,1,11875,Overfitting & Regularization
jxlFWYs7WyTt,93,easy,1,11875,Model Evaluation
jxlFWYs7WyTt,94,easy,1,11875,Decision Trees
jxlFWYs7WyTt,95,easy,1,13990,Decision Trees
jxlFWYs7WyTt,96,easy,1,11424,Decision Trees
jxlFWYs7WyTt,97,easy,1,13983,Cross-Validation
jxlFWYs7WyTt,98,easy,1,11424,Cross-Validation
jxlFWYs7WyTt,99,easy,1,11424,Cross-Validation
jxlFWYs7WyTt,100,easy,1,11552,Decision Trees
jxlFWYs7WyTt,101,easy,1,11424,Decision Trees
jxlFWYs7WyTt,102,easy,1,13841,Decision Trees
jxlFWYs7WyTt,103,hard,0,18950,K-means Clustering
jxlFWYs7WyTt,104,easy,1,11552,Overfitting & Regularization
jxlFWYs7WyTt,105,easy,1,14913,Overfitting & Regularization
jxlFWYs7WyTt,106,easy,1,11333,Overfitting & Regularization
jxlFWYs7WyTt,107,medium,1,27386,Classification
jxlFWYs7WyTt,108,medium,0,24509,Decision Trees
jxlFWYs7WyTt,109,medium,0,25669,Model Evaluation
jxlFWYs7WyTt,110,easy,1,13841,Decision Trees
jxlFWYs7WyTt,111,medium,1,25021,Decision Trees
jxlFWYs7WyTt,112,easy,1,24080,Classification
jxlFWYs7WyTt,113,easy,1,16003,Decision Trees
jxlFWYs7WyTt,114,easy,1,20940,Decision Trees
jxlFWYs7WyTt,115,easy,1,13841,Decision Trees
jxlFWYs7WyTt,116,easy,1,16332,Decision Trees
jxlFWYs7WyTt,117,easy,1,11424,Decision Trees
jxlFWYs7WyTt,118,hard,1,23427,Classification
jxlFWYs7WyTt,119,hard,0,25154,Decision Trees
jxlFWYs7WyTt,120,easy,1,13983,Decision Trees
1tnkUsBnGX2u,91,easy,1,17714,Classification
1tnkUsBnGX2u,92,easy,1,14818,Overfitting & Regularization
1tnkUsBnGX2u,93,easy,1,14818,Model Evaluation
1tnkUsBnGX2u,94,easy,1,14818,Decision Trees
1tnkUsBnGX2u,95,easy,1,15763,Decision Trees
1tnkUsBnGX2u,96,easy,1,14303,Decision Trees
1tnkUsBnGX2u,97,easy,1,15667,Cross-Validation
1tnkUsBnGX2u,98,easy,1,14303,Cross-Validation
1tnkUsBnGX2u,99,easy,1,14303,Cross-Validation
1tnkUsBnGX2u,100,easy,1,13378,Decision Trees
1tnkUsBnGX2u,101,easy,1,14303,Decision Trees
1tnkUsBnGX2u,102,easy,1,15725,Decision Trees
1tnkUsBnGX2u,103,hard,0,19040,K-means Clustering
1tnkUsBnGX2u,104,easy,1,13378,Overfitting & Regularization
1tnkUsBnGX2u,105,easy,1,16644,Overfitting & Regularization
1tnkUsBnGX2u,106,easy,1,14189,Overfitting & Regularization
1tnkUsBnGX2u,107,medium,0,39755,Classification
1tnkUsBnGX2u,108,medium,0,35135,Decision Trees
1tnkUsBnGX2u,109,medium,1,31416,Model Evaluation
1tnkUsBnGX2u,110,easy,1,15725,Decision Trees
1tnkUsBnGX2u,111,medium,1,32647,Decision Trees
1tnkUsBnGX2u,112,easy,1,30387,Classification
1tnkUsBnGX2u,113,easy,1,17714,Decision Trees
1tnkUsBnGX2u,114,easy,1,27248,Decision Trees
1tnkUsBnGX2u,115,easy,1,15725,Decision Trees
1tnkUsBnGX2u,116,easy,1,18042,Decision Trees
1tnkUsBnGX2u,117,easy,1,14303,Decision Trees
1tnkUsBnGX2u,118,hard,0,21729,Classification
1tnkUsBnGX2u,119,hard,0,31161,Decision Trees
1tnkUsBnGX2u,120,easy,1,15667,Decision Trees
E9vMd75UB2be,91,easy,1,16679,Classification
E9vMd75UB2be,92,easy,1,11640,Overfitting & Regularization
E9vMd75UB2be,93,easy,1,11640,Model Evaluation
E9vMd75UB2be,94,easy,1,11640,Decision Trees
E9vMd75UB2be,95,easy,0,15486,Decision Trees
E9vMd75UB2be,96,easy,1,11293,Decision Trees
E9vMd75UB2be,97,easy,1,14567,Cross-Validation
E9vMd75UB2be,98,easy,1,11293,Cross-Validation
E9vMd75UB2be,99,easy,1,11293,Cross-Validation
E9vMd75UB2be,100,easy,1,11935,Decision Trees
E9vMd75UB2be,101,easy,1,11293,Decision Trees
E9vMd75UB2be,102,easy,1,14446,Decision Trees
E9vMd75UB2be,103,hard,0,16858,K-means Clustering
E9vMd75UB2be,104,easy,1,11935,Overfitting & Regularization
E9vMd75UB2be,105,easy,1,15543,Overfitting & Regularization
E9vMd75UB2be,106,easy,1,11203,Overfitting & Regularization
E9vMd75UB2be,107,medium,0,28143,Classification
E9vMd75UB2be,108,medium,1,22721,Decision Trees
E9vMd75UB2be,109,medium,1,26907,Model Evaluation
E9vMd75UB2be,110,easy,0,15541,Decision Trees
E9vMd75UB2be,111,medium,0,26034,Decision Trees
E9vMd75UB2be,112,easy,0,26611,Classification
E9vMd75UB2be,113,easy,1,16679,Decision Trees
E9vMd75UB2be,114,easy,0,23567,Decision Trees
E9vMd75UB2be,115,easy,1,14446,Decision Trees
E9vMd75UB2be,116,easy,0,18257,Decision Trees
E9vMd75UB2be,117,easy,1,11293,Decision Trees
E9vMd75UB2be,118,hard,0,20752,Classification
E9vMd75UB2be,119,hard,1,26788,Decision Trees
E9vMd75UB2be,120,easy,1,14567,Decision Trees
oVyzGGgOFu4f,91,easy,1,18300,Classification
oVyzGGgOFu4f,92,easy,1,15659,Overfitting & Regularization
oVyzGGgOFu4f,93,easy,1,15659,Model Evaluation
oVyzGGgOFu4f,94,easy,1,15659,Decision Trees
oVyzGGgOFu4f,95,easy,1,16485,Decision Trees
oVyzGGgOFu4f,96,easy,1,15115,Decision Trees
oVyzGGgOFu4f,97,easy,1,16384,Cross-Validation
oVyzGGgOFu4f,98,easy,1,15115,Cross-Validation
oVyzGGgOFu4f,99,easy,1,15115,Cross-Validation
oVyzGGgOFu4f,100,easy,1,13990,Decision Trees
oVyzGGgOFu4f,101,easy,1,15115,Decision Trees
oVyzGGgOFu4f,102,easy,1,16245,Decision Trees
oVyzGGgOFu4f,103,hard,0,22801,K-means Clustering
oVyzGGgOFu4f,104,easy,1,13990,Overfitting & Regularization
oVyzGGgOFu4f,105,easy,1,17195,Overfitting & Regularization
oVyzGGgOFu4f,106,easy,1,14994,Overfitting & Regularization
oVyzGGgOFu4f,107,medium,0,38346,Classification
oVyzGGgOFu4f,108,medium,0,32368,Decision Trees
oVyzGGgOFu4f,109,medium,1,31352,Model Evaluation
oVyzGGgOFu4f,110,easy,1,16245,Decision Trees
oVyzGGgOFu4f,111,medium,1,30632,Decision Trees
oVyzGGgOFu4f,112,easy,1,28512,Classification
oVyzGGgOFu4f,113,easy,1,18300,Decision Trees
oVyzGGgOFu4f,114,easy,1,25567,Decision Trees
oVyzGGgOFu4f,115,easy,1,16245,Decision Trees
oVyzGGgOFu4f,116,easy,1,18639,Decision Trees
oVyzGGgOFu4f,117,easy,1,15115,Decision Trees
oVyzGGgOFu4f,118,hard,0,26021,Classification
oVyzGGgOFu4f,119,hard,0,30533,Decision Trees
oVyzGGgOFu4f,120,easy,1,16384,Decision Trees
bUBpyoQOQ4Ov,91,easy,1,16446,Classification
bUBpyoQOQ4Ov,92,easy,1,14378,Overfitting & Regularization
bUBpyoQOQ4Ov,93,easy,1,14378,Model Evaluation
bUBpyoQOQ4Ov,94,easy,1,14378,Decision Trees
bUBpyoQOQ4Ov,95,easy,1,15151,Decision Trees
bUBpyoQOQ4Ov,96,easy,1,13726,Decision Trees
bUBpyoQOQ4Ov,97,easy,1,15094,Cross-Validation
bUBpyoQOQ4Ov,98,easy,1,13726,Cross-Validation
bUBpyoQOQ4Ov,99,easy,1,13726,Cross-Validation
bUBpyoQOQ4Ov,100,easy,1,12891,Decision Trees
bUBpyoQOQ4Ov,101,easy,1,13726,Decision Trees
bUBpyoQOQ4Ov,102,easy,1,14941,Decision Trees
bUBpyoQOQ4Ov,103,hard,0,19284,K-means Clustering
bUBpyoQOQ4Ov,104,easy,1,12891,Overfitting & Regularization
bUBpyoQOQ4Ov,105,easy,1,15721,Overfitting & Regularization
bUBpyoQOQ4Ov,106,easy,1,13616,Overfitting & Regularization
bUBpyoQOQ4Ov,107,medium,0,29250,Classification
bUBpyoQOQ4Ov,108,medium,0,24941,Decision Trees
bUBpyoQOQ4Ov,109,medium,1,25861,Model Evaluation
bUBpyoQOQ4Ov,110,easy,1,14941,Decision Trees
bUBpyoQOQ4Ov,111,medium,1,25461,Decision Trees
bUBpyoQOQ4Ov,112,easy,1,24504,Classification
bUBpyoQOQ4Ov,113,easy,1,16446,Decision Trees
bUBpyoQOQ4Ov,114,easy,1,21309,Decision Trees
bUBpyoQOQ4Ov,115,easy,1,14941,Decision Trees
bUBpyoQOQ4Ov,116,easy,1,16750,Decision Trees
bUBpyoQOQ4Ov,117,easy,1,13726,Decision Trees
bUBpyoQOQ4Ov,118,hard,0,22007,Classification
bUBpyoQOQ4Ov,119,hard,0,25597,Decision Trees
bUBpyoQOQ4Ov,120,easy,1,15094,Decision Trees
N0qYmYE8QD78,91,easy,0,24155,Classification
N0qYmYE8QD78,92,easy,1,15061,Overfitting & Regularization
N0qYmYE8QD78,93,easy,1,15061,Model Evaluation
N0qYmYE8QD78,94,easy,1,15061,Decision Trees
N0qYmYE8QD78,95,easy,1,15855,Decision Trees
N0qYmYE8QD78,96,easy,1,14538,Decision Trees
N0qYmYE8QD78,97,easy,1,15758,Cross-Validation
N0qYmYE8QD78,98,easy,1,14538,Cross-Validation
N0qYmYE8QD78,99,easy,1,14538,Cross-Validation
N0qYmYE8QD78,100,easy,1,13456,Decision Trees
N0qYmYE8QD78,101,easy,1,14538,Decision Trees
N0qYmYE8QD78,102,easy,1,15625,Decision Trees
N0qYmYE8QD78,103,hard,1,25274,K-means Clustering
N0qYmYE8QD78,104,easy,1,13456,Overfitting & Regularization
N0qYmYE8QD78,105,easy,1,16539,Overfitting & Regularization
N0qYmYE8QD78,106,easy,1,14421,Overfitting & Regularization
N0qYmYE8QD78,107,medium,0,37564,Classification
N0qYmYE8QD78,108,medium,0,31708,Decision Trees
N0qYmYE8QD78,109,medium,1,30155,Model Evaluation
N0qYmYE8QD78,110,easy,1,15625,Decision Trees
N0qYmYE8QD78,111,medium,1,29463,Decision Trees
N0qYmYE8QD78,112,easy,1,27423,Classification
N0qYmYE8QD78,113,easy,1,17602,Decision Trees
N0qYmYE8QD78,114,easy,1,24591,Decision Trees
N0qYmYE8QD78,115,easy,0,21923,Decision Trees
N0qYmYE8QD78,116,easy,1,17927,Decision Trees
N0qYmYE8QD78,117,easy,1,14538,Decision Trees
N0qYmYE8QD78,118,hard,0,25491,Classification
N0qYmYE8QD78,119,hard,0,29910,Decision Trees
N0qYmYE8QD78,120,easy,1,15758,Decision Trees
r5xiR4T4onQf,91,easy,1,19135,Classification
r5xiR4T4onQf,92,easy,1,14332,Overfitting & Regularization
r5xiR4T4onQf,93,easy,1,14332,Model Evaluation
r5xiR4T4onQf,94,easy,1,14332,Decision Trees
r5xiR4T4onQf,95,easy,1,16430,Decision Trees
r5xiR4T4onQf,96,easy,1,13745,Decision Trees
r5xiR4T4onQf,97,easy,0,18840,Cross-Validation
r5xiR4T4onQf,98,easy,1,13745,Cross-Validation
r5xiR4T4onQf,99,easy,1,13745,Cross-Validation
r5xiR4T4onQf,100,easy,1,13813,Decision Trees
r5xiR4T4onQf,101,easy,0,17015,Decision Trees
r5xiR4T4onQf,102,easy,0,18561,Decision Trees
r5xiR4T4onQf,103,hard,0,20343,K-means Clustering
r5xiR4T4onQf,104,easy,1,13813,Overfitting & Regularization
r5xiR4T4onQf,105,easy,1,17832,Overfitting & Regularization
r5xiR4T4onQf,106,easy,1,13635,Overfitting & Regularization
r5xiR4T4onQf,107,medium,0,32439,Classification
r5xiR4T4onQf,108,medium,0,27427,Decision Trees
r5xiR4T4onQf,109,medium,0,28968,Model Evaluation
r5xiR4T4onQf,110,easy,0,18561,Decision Trees
r5xiR4T4onQf,111,medium,1,30427,Decision Trees
r5xiR4T4onQf,112,easy,1,28385,Classification
r5xiR4T4onQf,113,easy,0,22558,Decision Trees
r5xiR4T4onQf,114,easy,1,25712,Decision Trees
r5xiR4T4onQf,115,easy,1,16550,Decision Trees
r5xiR4T4onQf,116,easy,1,19528,Decision Trees
r5xiR4T4onQf,117,easy,0,17015,Decision Trees
r5xiR4T4onQf,118,hard,0,25041,Classification
r5xiR4T4onQf,119,hard,0,28388,Decision Trees
r5xiR4T4onQf,120,easy,1,16689,Decision Trees
pS17HUA271Nx,91,easy,1,16016,Classification
pS17HUA271Nx,92,easy,1,11884,Overfitting & Regularization
pS17HUA271Nx,93,easy,1,11884,Model Evaluation
pS17HUA271Nx,94,easy,1,11884,Decision Trees
pS17HUA271Nx,95,easy,0,16746,Decision Trees
pS17HUA271Nx,96,easy,1,11434,Decision Trees
pS17HUA271Nx,97,easy,1,13816,Cross-Validation
pS17HUA271Nx,98,easy,1,11434,Cross-Validation
pS17HUA271Nx,99,easy,0,15479,Cross-Validation
pS17HUA271Nx,100,easy,1,11561,Decision Trees
pS17HUA271Nx,101,easy,1,11434,Decision Trees
pS17HUA271Nx,102,easy,1,13852,Decision Trees
pS17HUA271Nx,103,hard,0,18207,K-means Clustering
pS17HUA271Nx,104,easy,1,11561,Overfitting & Regularization
pS17HUA271Nx,105,easy,1,14925,Overfitting & Regularization
pS17HUA271Nx,106,easy,1,11342,Overfitting & Regularization
pS17HUA271Nx,107,medium,0,27992,Classification
pS17HUA271Nx,108,medium,1,20549,Decision Trees
pS17HUA271Nx,109,medium,1,24748,Model Evaluation
pS17HUA271Nx,110,easy,0,16990,Decision Trees
pS17HUA271Nx,111,medium,0,25759,Decision Trees
pS17HUA271Nx,112,easy,0,27406,Classification
pS17HUA271Nx,113,easy,1,16016,Decision Trees
pS17HUA271Nx,114,easy,0,23348,Decision Trees
pS17HUA271Nx,115,easy,1,13852,Decision Trees
pS17HUA271Nx,116,easy,0,20857,Decision Trees
pS17HUA271Nx,117,easy,1,11434,Decision Trees
pS17HUA271Nx,118,hard,0,20778,Classification
pS17HUA271Nx,119,hard,1,24638,Decision Trees
pS17HUA271Nx,120,easy,1,13816,Decision Trees
Lo0o6MK08TyI,91,easy,1,16911,Classification
Lo0o6MK08TyI,92,easy,1,14590,Overfitting & Regularization
Lo0o6MK08TyI,93,easy,1,14590,Model Evaluation
Lo0o6MK08TyI,94,easy,1,14590,Decision Trees
Lo0o6MK08TyI,95,easy,1,15374,Decision Trees
Lo0o6MK08TyI,96,easy,1,13928,Decision Trees
Lo0o6MK08TyI,97,easy,1,15280,Cross-Validation
Lo0o6MK08TyI,98,easy,1,13928,Cross-Validation
Lo0o6MK08TyI,99,easy,1,13928,Cross-Validation
Lo0o6MK08TyI,100,easy,1,13081,Decision Trees
Lo0o6MK08TyI,101,easy,1,13928,Decision Trees
Lo0o6MK08TyI,102,easy,1,15124,Decision Trees
Lo0o6MK08TyI,103,hard,0,22022,K-means Clustering
Lo0o6MK08TyI,104,easy,1,13081,Overfitting & Regularization
Lo0o6MK08TyI,105,easy,1,16009,Overfitting & Regularization
Lo0o6MK08TyI,106,easy,1,13817,Overfitting & Regularization
Lo0o6MK08TyI,107,medium,1,30665,Classification
Lo0o6MK08TyI,108,medium,0,29713,Decision Trees
Lo0o6MK08TyI,109,medium,1,28674,Model Evaluation
Lo0o6MK08TyI,110,easy,1,15124,Decision Trees
Lo0o6MK08TyI,111,medium,1,28016,Decision Trees
Lo0o6MK08TyI,112,easy,1,26274,Classification
Lo0o6MK08TyI,113,easy,1,16911,Decision Trees
Lo0o6MK08TyI,114,easy,1,23383,Decision Trees
Lo0o6MK08TyI,115,easy,1,15124,Decision Trees
Lo0o6MK08TyI,116,easy,1,17223,Decision Trees
Lo0o6MK08TyI,117,easy,1,13928,Decision Trees
Lo0o6MK08TyI,118,hard,0,25132,Classification
Lo0o6MK08TyI,119,hard,0,29296,Decision Trees
Lo0o6MK08TyI,120,easy,1,15280,Decision Trees
OHaSXzUdzChO,91,easy,1,17051,Classification
OHaSXzUdzChO,92,easy,1,14711,Overfitting & Regularization
OHaSXzUdzChO,93,easy,1,14711,Model Evaluation
OHaSXzUdzChO,94,easy,1,14711,Decision Trees
OHaSXzUdzChO,95,easy,1,15502,Decision Trees
OHaSXzUdzChO,96,easy,1,14044,Decision Trees
OHaSXzUdzChO,97,easy,1,15407,Cross-Validation
OHaSXzUdzChO,98,easy,1,14044,Cross-Validation
OHaSXzUdzChO,99,easy,1,14044,Cross-Validation
OHaSXzUdzChO,100,easy,1,13189,Decision Trees
OHaSXzUdzChO,101,easy,1,14044,Decision Trees
OHaSXzUdzChO,102,easy,1,15250,Decision Trees
OHaSXzUdzChO,103,hard,0,21637,K-means Clustering
OHaSXzUdzChO,104,easy,1,13189,Overfitting & Regularization
OHaSXzUdzChO,105,easy,1,16142,Overfitting & Regularization
OHaSXzUdzChO,106,easy,1,13932,Overfitting & Regularization
OHaSXzUdzChO,107,medium,1,30043,Classification
OHaSXzUdzChO,108,medium,1,23251,Decision Trees
OHaSXzUdzChO,109,medium,0,28655,Model Evaluation
OHaSXzUdzChO,110,easy,1,15250,Decision Trees
OHaSXzUdzChO,111,medium,1,27448,Decision Trees
OHaSXzUdzChO,112,easy,1,26141,Classification
OHaSXzUdzChO,113,easy,1,17051,Decision Trees
OHaSXzUdzChO,114,easy,1,22909,Decision Trees
OHaSXzUdzChO,115,easy,1,15250,Decision Trees
OHaSXzUdzChO,116,easy,1,17366,Decision Trees
OHaSXzUdzChO,117,easy,1,14044,Decision Trees
OHaSXzUdzChO,118,hard,0,24692,Classification
OHaSXzUdzChO,119,hard,0,28783,Decision Trees
OHaSXzUdzChO,120,easy,1,15407,Decision Trees
0rzpTGhVxVJU,91,easy,1,16554,Classification
0rzpTGhVxVJU,92,easy,1,11553,Overfitting & Regularization
0rzpTGhVxVJU,93,easy,1,11553,Model Evaluation
0rzpTGhVxVJU,94,easy,1,11553,Decision Trees
0rzpTGhVxVJU,95,easy,1,14234,Decision Trees
0rzpTGhVxVJU,96,easy,1,11208,Decision Trees
0rzpTGhVxVJU,97,easy,1,14458,Cross-Validation
0rzpTGhVxVJU,98,easy,1,11208,Cross-Validation
0rzpTGhVxVJU,99,easy,1,11208,Cross-Validation
0rzpTGhVxVJU,100,easy,1,11846,Decision Trees
0rzpTGhVxVJU,101,easy,1,11208,Decision Trees
0rzpTGhVxVJU,102,easy,1,14338,Decision Trees
0rzpTGhVxVJU,103,hard,1,22973,K-means Clustering
0rzpTGhVxVJU,104,easy,1,11846,Overfitting & Regularization
0rzpTGhVxVJU,105,easy,0,17715,Overfitting & Regularization
0rzpTGhVxVJU,106,easy,1,11119,Overfitting & Regularization
0rzpTGhVxVJU,107,medium,1,28423,Classification
0rzpTGhVxVJU,108,medium,1,22605,Decision Trees
0rzpTGhVxVJU,109,medium,1,26512,Model Evaluation
0rzpTGhVxVJU,110,easy,1,14338,Decision Trees
0rzpTGhVxVJU,111,medium,1,26103,Decision Trees
0rzpTGhVxVJU,112,easy,1,25058,Classification
0rzpTGhVxVJU,113,easy,0,18555,Decision Trees
0rzpTGhVxVJU,114,easy,0,23343,Decision Trees
0rzpTGhVxVJU,115,easy,1,14338,Decision Trees
0rzpTGhVxVJU,116,easy,1,16893,Decision Trees
0rzpTGhVxVJU,117,easy,0,14132,Decision Trees
0rzpTGhVxVJU,118,hard,0,20085,Classification
0rzpTGhVxVJU,119,hard,0,24649,Decision Trees
0rzpTGhVxVJU,120,easy,0,15942,Decision Trees
Oc5QucHDsmjC,91,easy,1,14983,Classification
Oc5QucHDsmjC,92,easy,1,12773,Overfitting & Regularization
Oc5QucHDsmjC,93,easy,1,12773,Model Evaluation
Oc5QucHDsmjC,94,easy,1,12773,Decision Trees
Oc5QucHDsmjC,95,easy,1,13499,Decision Trees
Oc5QucHDsmjC,96,easy,1,11704,Decision Trees
Oc5QucHDsmjC,97,easy,1,13379,Cross-Validation
Oc5QucHDsmjC,98,easy,1,11704,Cross-Validation
Oc5QucHDsmjC,99,easy,1,11704,Cross-Validation
Oc5QucHDsmjC,100,easy,1,12052,Decision Trees
Oc5QucHDsmjC,101,easy,1,11704,Decision Trees
Oc5QucHDsmjC,102,easy,1,13244,Decision Trees
Oc5QucHDsmjC,103,hard,0,23296,K-means Clustering
Oc5QucHDsmjC,104,easy,1,12052,Overfitting & Regularization
Oc5QucHDsmjC,105,easy,1,14018,Overfitting & Regularization
Oc5QucHDsmjC,106,easy,1,11610,Overfitting & Regularization
Oc5QucHDsmjC,107,medium,1,27270,Classification
Oc5QucHDsmjC,108,medium,1,20915,Decision Trees
Oc5QucHDsmjC,109,medium,0,29836,Model Evaluation
Oc5QucHDsmjC,110,easy,1,13244,Decision Trees
Oc5QucHDsmjC,111,medium,1,25010,Decision Trees
Oc5QucHDsmjC,112,easy,1,23071,Classification
Oc5QucHDsmjC,113,easy,1,14983,Decision Trees
Oc5QucHDsmjC,114,easy,1,20607,Decision Trees
Oc5QucHDsmjC,115,easy,1,13244,Decision Trees
Oc5QucHDsmjC,116,easy,1,15260,Decision Trees
Oc5QucHDsmjC,117,easy,1,11704,Decision Trees
Oc5QucHDsmjC,118,hard,0,26384,Classification
Oc5QucHDsmjC,119,hard,1,26904,Decision Trees
Oc5QucHDsmjC,120,easy,1,13379,Decision Trees
GiNOB0aoa84q,91,easy,1,16446,Classification
GiNOB0aoa84q,92,easy,1,14378,Overfitting & Regularization
GiNOB0aoa84q,93,easy,1,14378,Model Evaluation
GiNOB0aoa84q,94,easy,1,14378,Decision Trees
GiNOB0aoa84q,95,easy,1,15151,Decision Trees
GiNOB0aoa84q,96,easy,1,13726,Decision Trees
GiNOB0aoa84q,97,easy,1,15094,Cross-Validation
GiNOB0aoa84q,98,easy,1,13726,Cross-Validation
GiNOB0aoa84q,99,easy,1,13726,Cross-Validation
GiNOB0aoa84q,100,easy,1,12891,Decision Trees
GiNOB0aoa84q,101,easy,1,13726,Decision Trees
GiNOB0aoa84q,102,easy,1,14941,Decision Trees
GiNOB0aoa84q,103,hard,1,21598,K-means Clustering
GiNOB0aoa84q,104,easy,1,12891,Overfitting & Regularization
GiNOB0aoa84q,105,easy,1,15721,Overfitting & Regularization
GiNOB0aoa84q,106,easy,1,13616,Overfitting & Regularization
GiNOB0aoa84q,107,medium,1,27869,Classification
GiNOB0aoa84q,108,medium,1,21628,Decision Trees
GiNOB0aoa84q,109,medium,0,26121,Model Evaluation
GiNOB0aoa84q,110,easy,1,14941,Decision Trees
GiNOB0aoa84q,111,medium,1,25461,Decision Trees
GiNOB0aoa84q,112,easy,1,24504,Classification
GiNOB0aoa84q,113,easy,1,16446,Decision Trees
GiNOB0aoa84q,114,easy,0,24574,Decision Trees
GiNOB0aoa84q,115,easy,1,14941,Decision Trees
GiNOB0aoa84q,116,easy,1,16750,Decision Trees
GiNOB0aoa84q,117,easy,1,13726,Decision Trees
GiNOB0aoa84q,118,hard,0,22007,Classification
GiNOB0aoa84q,119,hard,0,25597,Decision Trees
GiNOB0aoa84q,120,easy,1,15094,Decision Trees
VgoqnXYkjUhL,91,easy,1,15661,Classification
VgoqnXYkjUhL,92,easy,1,12945,Overfitting & Regularization
VgoqnXYkjUhL,93,easy,1,12945,Model Evaluation
VgoqnXYkjUhL,94,easy,1,12945,Decision Trees
VgoqnXYkjUhL,95,easy,1,14147,Decision Trees
VgoqnXYkjUhL,96,easy,1,12198,Decision Trees
VgoqnXYkjUhL,97,easy,1,14022,Cross-Validation
VgoqnXYkjUhL,98,easy,1,12198,Cross-Validation
VgoqnXYkjUhL,99,easy,1,12198,Cross-Validation
VgoqnXYkjUhL,100,easy,1,11895,Decision Trees
VgoqnXYkjUhL,101,easy,1,12198,Decision Trees
VgoqnXYkjUhL,102,easy,1,13843,Decision Trees
VgoqnXYkjUhL,103,hard,0,20641,K-means Clustering
VgoqnXYkjUhL,104,easy,1,11895,Overfitting & Regularization
VgoqnXYkjUhL,105,easy,1,14652,Overfitting & Regularization
VgoqnXYkjUhL,106,easy,1,12101,Overfitting & Regularization
VgoqnXYkjUhL,107,medium,1,28390,Classification
VgoqnXYkjUhL,108,medium,1,21597,Decision Trees
VgoqnXYkjUhL,109,medium,0,27676,Model Evaluation
VgoqnXYkjUhL,110,easy,1,13843,Decision Trees
VgoqnXYkjUhL,111,medium,1,25938,Decision Trees
VgoqnXYkjUhL,112,easy,1,23989,Classification
VgoqnXYkjUhL,113,easy,1,15661,Decision Trees
VgoqnXYkjUhL,114,easy,1,21279,Decision Trees
VgoqnXYkjUhL,115,easy,1,13843,Decision Trees
VgoqnXYkjUhL,116,easy,1,15950,Decision Trees
VgoqnXYkjUhL,117,easy,1,12198,Decision Trees
VgoqnXYkjUhL,118,hard,0,23901,Classification
VgoqnXYkjUhL,119,hard,1,27268,Decision Trees
VgoqnXYkjUhL,120,easy,1,14022,Decision Trees
DI3Mqi034afd,91,easy,1,16218,Classification
DI3Mqi034afd,92,easy,1,13496,Overfitting & Regularization
DI3Mqi034afd,93,easy,1,13496,Model Evaluation
DI3Mqi034afd,94,easy,1,13496,Decision Trees
DI3Mqi034afd,95,easy,1,14612,Decision Trees
DI3Mqi034afd,96,easy,1,12669,Decision Trees
DI3Mqi034afd,97,easy,1,14483,Cross-Validation
DI3Mqi034afd,98,easy,1,12669,Cross-Validation
DI3Mqi034afd,99,easy,1,12669,Cross-Validation
DI3Mqi034afd,100,easy,1,13046,Decision Trees
DI3Mqi034afd,101,easy,1,12669,Decision Trees
DI3Mqi034afd,102,easy,1,14336,Decision Trees
DI3Mqi034afd,103,hard,0,25051,K-means Clustering
DI3Mqi034afd,104,easy,1,13046,Overfitting & Regularization
DI3Mqi034afd,105,easy,1,15174,Overfitting & Regularization
DI3Mqi034afd,106,easy,1,12567,Overfitting & Regularization
DI3Mqi034afd,107,medium,1,28860,Classification
DI3Mqi034afd,108,medium,1,22639,Decision Trees
DI3Mqi034afd,109,medium,0,32082,Model Evaluation
DI3Mqi034afd,110,easy,1,14336,Decision Trees
DI3Mqi034afd,111,medium,1,27072,Decision Trees
DI3Mqi034afd,112,easy,1,24973,Classification
DI3Mqi034afd,113,easy,1,16218,Decision Trees
DI3Mqi034afd,114,easy,1,22306,Decision Trees
DI3Mqi034afd,115,easy,1,14336,Decision Trees
DI3Mqi034afd,116,easy,1,16518,Decision Trees
DI3Mqi034afd,117,easy,1,12669,Decision Trees
DI3Mqi034afd,118,hard,0,28370,Classification
DI3Mqi034afd,119,hard,1,28930,Decision Trees
DI3Mqi034afd,120,easy,1,14483,Decision Trees
2AQDG30NeIzY,91,easy,1,16742,Classification
2AQDG30NeIzY,92,easy,1,14428,Overfitting & Regularization
2AQDG30NeIzY,93,easy,1,14428,Model Evaluation
2AQDG30NeIzY,94,easy,1,14428,Decision Trees
2AQDG30NeIzY,95,easy,1,15084,Decision Trees
2AQDG30NeIzY,96,easy,1,13216,Decision Trees
2AQDG30NeIzY,97,easy,1,14951,Cross-Validation
2AQDG30NeIzY,98,easy,1,13216,Cross-Validation
2AQDG30NeIzY,99,easy,1,13216,Cross-Validation
2AQDG30NeIzY,100,easy,1,12888,Decision Trees
2AQDG30NeIzY,101,easy,1,13216,Decision Trees
2AQDG30NeIzY,102,easy,1,14799,Decision Trees
2AQDG30NeIzY,103,hard,1,26249,K-means Clustering
2AQDG30NeIzY,104,easy,1,12888,Overfitting & Regularization
2AQDG30NeIzY,105,easy,1,15664,Overfitting & Regularization
2AQDG30NeIzY,106,easy,1,13110,Overfitting & Regularization
2AQDG30NeIzY,107,medium,1,30589,Classification
2AQDG30NeIzY,108,medium,1,23371,Decision Trees
2AQDG30NeIzY,109,medium,0,33098,Model Evaluation
2AQDG30NeIzY,110,easy,1,14799,Decision Trees
2AQDG30NeIzY,111,medium,1,27947,Decision Trees
2AQDG30NeIzY,112,easy,1,25780,Classification
2AQDG30NeIzY,113,easy,1,16742,Decision Trees
2AQDG30NeIzY,114,easy,0,29782,Decision Trees
2AQDG30NeIzY,115,easy,1,14799,Decision Trees
2AQDG30NeIzY,116,easy,0,23210,Decision Trees
2AQDG30NeIzY,117,easy,1,13216,Decision Trees
2AQDG30NeIzY,118,hard,0,29269,Classification
2AQDG30NeIzY,119,hard,0,32436,Decision Trees
2AQDG30NeIzY,120,easy,1,14951,Decision Trees
y9lkze6lHiAa,91,easy,1,13631,Classification
y9lkze6lHiAa,92,easy,1,8932,Overfitting & Regularization
y9lkze6lHiAa,93,easy,1,8932,Model Evaluation
y9lkze6lHiAa,94,easy,1,8932,Decision Trees
y9lkze6lHiAa,95,easy,0,13398,Decision Trees
y9lkze6lHiAa,96,easy,1,8666,Decision Trees
y9lkze6lHiAa,97,easy,0,13479,Cross-Validation
y9lkze6lHiAa,98,easy,0,9971,Cross-Validation
y9lkze6lHiAa,99,easy,0,9971,Cross-Validation
y9lkze6lHiAa,100,easy,1,9927,Decision Trees
y9lkze6lHiAa,101,easy,0,9971,Decision Trees
y9lkze6lHiAa,102,easy,0,13279,Decision Trees
y9lkze6lHiAa,103,hard,0,12674,K-means Clustering
y9lkze6lHiAa,104,easy,0,10104,Overfitting & Regularization
y9lkze6lHiAa,105,easy,1,13058,Overfitting & Regularization
y9lkze6lHiAa,106,easy,0,11450,Overfitting & Regularization
y9lkze6lHiAa,107,medium,0,18372,Classification
y9lkze6lHiAa,108,medium,0,16221,Decision Trees
y9lkze6lHiAa,109,medium,0,16750,Model Evaluation
y9lkze6lHiAa,110,easy,1,12697,Decision Trees
y9lkze6lHiAa,111,medium,1,21015,Decision Trees
y9lkze6lHiAa,112,easy,0,15766,Classification
y9lkze6lHiAa,113,easy,1,13631,Decision Trees
y9lkze6lHiAa,114,easy,0,15901,Decision Trees
y9lkze6lHiAa,115,easy,1,12697,Decision Trees
y9lkze6lHiAa,116,easy,1,13762,Decision Trees
y9lkze6lHiAa,117,easy,0,9971,Decision Trees
y9lkze6lHiAa,118,hard,0,11679,Classification
y9lkze6lHiAa,119,hard,0,16414,Decision Trees
y9lkze6lHiAa,120,easy,0,13479,Decision Trees
TYE4dgTYGdCn,91,easy,1,17292,Classification
TYE4dgTYGdCn,92,easy,1,14796,Overfitting & Regularization
TYE4dgTYGdCn,93,easy,1,14796,Model Evaluation
TYE4dgTYGdCn,94,easy,1,14796,Decision Trees
TYE4dgTYGdCn,95,easy,1,15576,Decision Trees
TYE4dgTYGdCn,96,easy,1,14282,Decision Trees
TYE4dgTYGdCn,97,easy,0,21864,Cross-Validation
TYE4dgTYGdCn,98,easy,1,14282,Cross-Validation
TYE4dgTYGdCn,99,easy,1,14282,Cross-Validation
TYE4dgTYGdCn,100,easy,1,13219,Decision Trees
TYE4dgTYGdCn,101,easy,1,14282,Decision Trees
TYE4dgTYGdCn,102,easy,1,15350,Decision Trees
TYE4dgTYGdCn,103,hard,0,21944,K-means Clustering
TYE4dgTYGdCn,104,easy,1,13219,Overfitting & Regularization
TYE4dgTYGdCn,105,easy,0,22934,Overfitting & Regularization
TYE4dgTYGdCn,106,easy,1,14168,Overfitting & Regularization
TYE4dgTYGdCn,107,medium,0,36903,Classification
TYE4dgTYGdCn,108,medium,1,24519,Decision Trees
TYE4dgTYGdCn,109,medium,0,29985,Model Evaluation
TYE4dgTYGdCn,110,easy,1,15350,Decision Trees
TYE4dgTYGdCn,111,medium,1,28944,Decision Trees
TYE4dgTYGdCn,112,easy,1,26941,Classification
TYE4dgTYGdCn,113,easy,1,17292,Decision Trees
TYE4dgTYGdCn,114,easy,0,30692,Decision Trees
TYE4dgTYGdCn,115,easy,1,15350,Decision Trees
TYE4dgTYGdCn,116,easy,0,23597,Decision Trees
TYE4dgTYGdCn,117,easy,1,14282,Decision Trees
TYE4dgTYGdCn,118,hard,0,25043,Classification
TYE4dgTYGdCn,119,hard,1,29493,Decision Trees
TYE4dgTYGdCn,120,easy,1,15481,Decision Trees
pJCSXvZHMyH1,91,easy,1,17292,Classification
pJCSXvZHMyH1,92,easy,1,14796,Overfitting & Regularization
pJCSXvZHMyH1,93,easy,1,14796,Model Evaluation
pJCSXvZHMyH1,94,easy,1,14796,Decision Trees
pJCSXvZHMyH1,95,easy,1,15576,Decision Trees
pJCSXvZHMyH1,96,easy,1,14282,Decision Trees
pJCSXvZHMyH1,97,easy,0,21864,Cross-Validation
pJCSXvZHMyH1,98,easy,1,14282,Cross-Validation
pJCSXvZHMyH1,99,easy,1,14282,Cross-Validation
pJCSXvZHMyH1,100,easy,1,13219,Decision Trees
pJCSXvZHMyH1,101,easy,1,14282,Decision Trees
pJCSXvZHMyH1,102,easy,1,15350,Decision Trees
pJCSXvZHMyH1,103,hard,0,21944,K-means Clustering
pJCSXvZHMyH1,104,easy,1,13219,Overfitting & Regularization
pJCSXvZHMyH1,105,easy,0,22934,Overfitting & Regularization
pJCSXvZHMyH1,106,easy,1,14168,Overfitting & Regularization
pJCSXvZHMyH1,107,medium,0,36903,Classification
pJCSXvZHMyH1,108,medium,1,24519,Decision Trees
pJCSXvZHMyH1,109,medium,0,29985,Model Evaluation
pJCSXvZHMyH1,110,easy,1,15350,Decision Trees
pJCSXvZHMyH1,111,medium,1,28944,Decision Trees
pJCSXvZHMyH1,112,easy,1,26941,Classification
pJCSXvZHMyH1,113,easy,1,17292,Decision Trees
pJCSXvZHMyH1,114,easy,0,30692,Decision Trees
pJCSXvZHMyH1,115,easy,1,15350,Decision Trees
pJCSXvZHMyH1,116,easy,0,23597,Decision Trees
pJCSXvZHMyH1,117,easy,1,14282,Decision Trees
pJCSXvZHMyH1,118,hard,0,25043,Classification
pJCSXvZHMyH1,119,hard,1,29493,Decision Trees
pJCSXvZHMyH1,120,easy,1,15481,Decision Trees
yKhvr1tKGpJF,91,easy,1,17714,Classification
yKhvr1tKGpJF,92,easy,1,14818,Overfitting & Regularization
yKhvr1tKGpJF,93,easy,1,14818,Model Evaluation
yKhvr1tKGpJF,94,easy,1,14818,Decision Trees
yKhvr1tKGpJF,95,easy,1,15763,Decision Trees
yKhvr1tKGpJF,96,easy,1,14303,Decision Trees
yKhvr1tKGpJF,97,easy,1,15667,Cross-Validation
yKhvr1tKGpJF,98,easy,1,14303,Cross-Validation
yKhvr1tKGpJF,99,easy,1,14303,Cross-Validation
yKhvr1tKGpJF,100,easy,1,13378,Decision Trees
yKhvr1tKGpJF,101,easy,1,14303,Decision Trees
yKhvr1tKGpJF,102,easy,1,15725,Decision Trees
yKhvr1tKGpJF,103,hard,0,19040,K-means Clustering
yKhvr1tKGpJF,104,easy,1,13378,Overfitting & Regularization
yKhvr1tKGpJF,105,easy,1,16644,Overfitting & Regularization
yKhvr1tKGpJF,106,easy,1,14189,Overfitting & Regularization
yKhvr1tKGpJF,107,medium,1,34130,Classification
yKhvr1tKGpJF,108,medium,1,27655,Decision Trees
yKhvr1tKGpJF,109,medium,0,31798,Model Evaluation
yKhvr1tKGpJF,110,easy,1,15725,Decision Trees
yKhvr1tKGpJF,111,medium,1,32647,Decision Trees
yKhvr1tKGpJF,112,easy,1,30387,Classification
yKhvr1tKGpJF,113,easy,1,17714,Decision Trees
yKhvr1tKGpJF,114,easy,1,27248,Decision Trees
yKhvr1tKGpJF,115,easy,1,15725,Decision Trees
yKhvr1tKGpJF,116,easy,1,18042,Decision Trees
yKhvr1tKGpJF,117,easy,1,14303,Decision Trees
yKhvr1tKGpJF,118,hard,1,25046,Classification
yKhvr1tKGpJF,119,hard,1,31276,Decision Trees
yKhvr1tKGpJF,120,easy,1,15667,Decision Trees
hpYESXQ1czwb,91,easy,1,16983,Classification
hpYESXQ1czwb,92,easy,1,14532,Overfitting & Regularization
hpYESXQ1czwb,93,easy,1,14532,Model Evaluation
hpYESXQ1czwb,94,easy,1,14532,Decision Trees
hpYESXQ1czwb,95,easy,1,15298,Decision Trees
hpYESXQ1czwb,96,easy,1,14026,Decision Trees
hpYESXQ1czwb,97,easy,0,21471,Cross-Validation
hpYESXQ1czwb,98,easy,1,14026,Cross-Validation
hpYESXQ1czwb,99,easy,1,14026,Cross-Validation
hpYESXQ1czwb,100,easy,1,12983,Decision Trees
hpYESXQ1czwb,101,easy,1,14026,Decision Trees
hpYESXQ1czwb,102,easy,1,15076,Decision Trees
hpYESXQ1czwb,103,hard,0,21346,K-means Clustering
hpYESXQ1czwb,104,easy,1,12983,Overfitting & Regularization
hpYESXQ1czwb,105,easy,0,22521,Overfitting & Regularization
hpYESXQ1czwb,106,easy,1,13914,Overfitting & Regularization
hpYESXQ1czwb,107,medium,0,36240,Classification
hpYESXQ1czwb,108,medium,1,24081,Decision Trees
hpYESXQ1czwb,109,medium,0,29446,Model Evaluation
hpYESXQ1czwb,110,easy,1,15076,Decision Trees
hpYESXQ1czwb,111,medium,1,28427,Decision Trees
hpYESXQ1czwb,112,easy,1,26459,Classification
hpYESXQ1czwb,113,easy,1,16983,Decision Trees
hpYESXQ1czwb,114,easy,0,30140,Decision Trees
hpYESXQ1czwb,115,easy,1,15076,Decision Trees
hpYESXQ1czwb,116,easy,0,23173,Decision Trees
hpYESXQ1czwb,117,easy,1,14026,Decision Trees
hpYESXQ1czwb,118,hard,0,24361,Classification
hpYESXQ1czwb,119,hard,1,29324,Decision Trees
hpYESXQ1czwb,120,easy,1,15204,Decision Trees
Ui0yLwC2YxnT,91,easy,1,14398,Classification
Ui0yLwC2YxnT,92,easy,1,10621,Overfitting & Regularization
Ui0yLwC2YxnT,93,easy,1,10621,Model Evaluation
Ui0yLwC2YxnT,94,easy,1,10621,Decision Trees
Ui0yLwC2YxnT,95,easy,1,12156,Decision Trees
Ui0yLwC2YxnT,96,easy,1,10218,Decision Trees
Ui0yLwC2YxnT,97,easy,1,12420,Cross-Validation
Ui0yLwC2YxnT,98,easy,1,10218,Cross-Validation
Ui0yLwC2YxnT,99,easy,1,10218,Cross-Validation
Ui0yLwC2YxnT,100,easy,1,10332,Decision Trees
Ui0yLwC2YxnT,101,easy,1,10218,Decision Trees
Ui0yLwC2YxnT,102,easy,1,12453,Decision Trees
Ui0yLwC2YxnT,103,hard,0,16323,K-means Clustering
Ui0yLwC2YxnT,104,easy,1,10332,Overfitting & Regularization
Ui0yLwC2YxnT,105,easy,1,13418,Overfitting & Regularization
Ui0yLwC2YxnT,106,easy,1,10136,Overfitting & Regularization
Ui0yLwC2YxnT,107,medium,0,25449,Classification
Ui0yLwC2YxnT,108,medium,1,18683,Decision Trees
Ui0yLwC2YxnT,109,medium,0,22726,Model Evaluation
Ui0yLwC2YxnT,110,easy,1,12453,Decision Trees
Ui0yLwC2YxnT,111,medium,0,23420,Decision Trees
Ui0yLwC2YxnT,112,easy,1,21767,Classification
Ui0yLwC2YxnT,113,easy,1,14398,Decision Trees
Ui0yLwC2YxnT,114,easy,1,18408,Decision Trees
Ui0yLwC2YxnT,115,easy,1,12453,Decision Trees
Ui0yLwC2YxnT,116,easy,1,14694,Decision Trees
Ui0yLwC2YxnT,117,easy,1,10218,Decision Trees
Ui0yLwC2YxnT,118,hard,1,20178,Classification
Ui0yLwC2YxnT,119,hard,0,22271,Decision Trees
Ui0yLwC2YxnT,120,easy,1,12420,Decision Trees
8JOElN1piVew,91,easy,0,21494,Classification
8JOElN1piVew,92,easy,1,14378,Overfitting & Regularization
8JOElN1piVew,93,easy,1,14378,Model Evaluation
8JOElN1piVew,94,easy,1,14378,Decision Trees
8JOElN1piVew,95,easy,0,20321,Decision Trees
8JOElN1piVew,96,easy,1,13726,Decision Trees
8JOElN1piVew,97,easy,1,15094,Cross-Validation
8JOElN1piVew,98,easy,1,13726,Cross-Validation
8JOElN1piVew,99,easy,1,13726,Cross-Validation
8JOElN1piVew,100,easy,1,12891,Decision Trees
8JOElN1piVew,101,easy,1,13726,Decision Trees
8JOElN1piVew,102,easy,1,14941,Decision Trees
8JOElN1piVew,103,hard,0,19284,K-means Clustering
8JOElN1piVew,104,easy,1,12891,Overfitting & Regularization
8JOElN1piVew,105,easy,1,15721,Overfitting & Regularization
8JOElN1piVew,106,easy,1,13616,Overfitting & Regularization
8JOElN1piVew,107,medium,0,29250,Classification
8JOElN1piVew,108,medium,0,24941,Decision Trees
8JOElN1piVew,109,medium,0,26121,Model Evaluation
8JOElN1piVew,110,easy,1,14941,Decision Trees
8JOElN1piVew,111,medium,0,26917,Decision Trees
8JOElN1piVew,112,easy,1,24504,Classification
8JOElN1piVew,113,easy,1,16446,Decision Trees
8JOElN1piVew,114,easy,1,21309,Decision Trees
8JOElN1piVew,115,easy,1,14941,Decision Trees
8JOElN1piVew,116,easy,1,16750,Decision Trees
8JOElN1piVew,117,easy,1,13726,Decision Trees
8JOElN1piVew,118,hard,1,25109,Classification
8JOElN1piVew,119,hard,1,25746,Decision Trees
8JOElN1piVew,120,easy,1,15094,Decision Trees
nIdSwhLzwJKt,91,easy,1,16782,Classification
nIdSwhLzwJKt,92,easy,1,11845,Overfitting & Regularization
nIdSwhLzwJKt,93,easy,1,11845,Model Evaluation
nIdSwhLzwJKt,94,easy,1,11845,Decision Trees
nIdSwhLzwJKt,95,easy,1,14430,Decision Trees
nIdSwhLzwJKt,96,easy,1,11492,Decision Trees
nIdSwhLzwJKt,97,easy,1,14657,Cross-Validation
nIdSwhLzwJKt,98,easy,1,11492,Cross-Validation
nIdSwhLzwJKt,99,easy,1,11492,Cross-Validation
nIdSwhLzwJKt,100,easy,1,12009,Decision Trees
nIdSwhLzwJKt,101,easy,1,11492,Decision Trees
nIdSwhLzwJKt,102,easy,1,14535,Decision Trees
nIdSwhLzwJKt,103,hard,0,19693,K-means Clustering
nIdSwhLzwJKt,104,easy,1,12009,Overfitting & Regularization
nIdSwhLzwJKt,105,easy,1,15639,Overfitting & Regularization
nIdSwhLzwJKt,106,easy,1,11400,Overfitting & Regularization
nIdSwhLzwJKt,107,medium,1,28488,Classification
nIdSwhLzwJKt,108,medium,1,22657,Decision Trees
nIdSwhLzwJKt,109,medium,0,25652,Model Evaluation
nIdSwhLzwJKt,110,easy,1,14535,Decision Trees
nIdSwhLzwJKt,111,medium,0,26390,Decision Trees
nIdSwhLzwJKt,112,easy,1,25239,Classification
nIdSwhLzwJKt,113,easy,1,16782,Decision Trees
nIdSwhLzwJKt,114,easy,1,22323,Decision Trees
nIdSwhLzwJKt,115,easy,1,14535,Decision Trees
nIdSwhLzwJKt,116,easy,1,17126,Decision Trees
nIdSwhLzwJKt,117,easy,1,11492,Decision Trees
nIdSwhLzwJKt,118,hard,0,20484,Classification
nIdSwhLzwJKt,119,hard,1,26396,Decision Trees
nIdSwhLzwJKt,120,easy,1,14657,Decision Trees
m8rfSXHUenxh,91,easy,1,17590,Classification
m8rfSXHUenxh,92,easy,1,13046,Overfitting & Regularization
m8rfSXHUenxh,93,easy,1,13046,Model Evaluation
m8rfSXHUenxh,94,easy,1,13046,Decision Trees
m8rfSXHUenxh,95,easy,1,15104,Decision Trees
m8rfSXHUenxh,96,easy,1,12635,Decision Trees
m8rfSXHUenxh,97,easy,1,15341,Cross-Validation
m8rfSXHUenxh,98,easy,1,12635,Cross-Validation
m8rfSXHUenxh,99,easy,1,12635,Cross-Validation
m8rfSXHUenxh,100,easy,1,12614,Decision Trees
m8rfSXHUenxh,101,easy,1,12635,Decision Trees
m8rfSXHUenxh,102,easy,1,15214,Decision Trees
m8rfSXHUenxh,103,hard,0,19715,K-means Clustering
m8rfSXHUenxh,104,easy,1,12614,Overfitting & Regularization
m8rfSXHUenxh,105,easy,1,16392,Overfitting & Regularization
m8rfSXHUenxh,106,easy,1,12534,Overfitting & Regularization
m8rfSXHUenxh,107,medium,1,31149,Classification
m8rfSXHUenxh,108,medium,1,24535,Decision Trees
m8rfSXHUenxh,109,medium,0,28809,Model Evaluation
m8rfSXHUenxh,110,easy,1,15214,Decision Trees
m8rfSXHUenxh,111,medium,1,28607,Decision Trees
m8rfSXHUenxh,112,easy,0,29548,Classification
m8rfSXHUenxh,113,easy,0,21935,Decision Trees
m8rfSXHUenxh,114,easy,1,24174,Decision Trees
m8rfSXHUenxh,115,easy,1,15214,Decision Trees
m8rfSXHUenxh,116,easy,1,17951,Decision Trees
m8rfSXHUenxh,117,easy,1,12635,Decision Trees
m8rfSXHUenxh,118,hard,0,24268,Classification
m8rfSXHUenxh,119,hard,1,28926,Decision Trees
m8rfSXHUenxh,120,easy,1,15341,Decision Trees
wLeCyVvKyFT8,91,easy,1,16446,Classification
wLeCyVvKyFT8,92,easy,1,14378,Overfitting & Regularization
wLeCyVvKyFT8,93,easy,1,14378,Model Evaluation
wLeCyVvKyFT8,94,easy,1,14378,Decision Trees
wLeCyVvKyFT8,95,easy,1,15151,Decision Trees
wLeCyVvKyFT8,96,easy,1,13726,Decision Trees
wLeCyVvKyFT8,97,easy,1,15094,Cross-Validation
wLeCyVvKyFT8,98,easy,1,13726,Cross-Validation
wLeCyVvKyFT8,99,easy,1,13726,Cross-Validation
wLeCyVvKyFT8,100,easy,1,12891,Decision Trees
wLeCyVvKyFT8,101,easy,1,13726,Decision Trees
wLeCyVvKyFT8,102,easy,1,14941,Decision Trees
wLeCyVvKyFT8,103,hard,0,19284,K-means Clustering
wLeCyVvKyFT8,104,easy,1,12891,Overfitting & Regularization
wLeCyVvKyFT8,105,easy,1,15721,Overfitting & Regularization
wLeCyVvKyFT8,106,easy,1,13616,Overfitting & Regularization
wLeCyVvKyFT8,107,medium,0,29250,Classification
wLeCyVvKyFT8,108,medium,0,24941,Decision Trees
wLeCyVvKyFT8,109,medium,1,25861,Model Evaluation
wLeCyVvKyFT8,110,easy,1,14941,Decision Trees
wLeCyVvKyFT8,111,medium,1,25461,Decision Trees
wLeCyVvKyFT8,112,easy,1,24504,Classification
wLeCyVvKyFT8,113,easy,1,16446,Decision Trees
wLeCyVvKyFT8,114,easy,1,21309,Decision Trees
wLeCyVvKyFT8,115,easy,1,14941,Decision Trees
wLeCyVvKyFT8,116,easy,1,16750,Decision Trees
wLeCyVvKyFT8,117,easy,1,13726,Decision Trees
wLeCyVvKyFT8,118,hard,0,22007,Classification
wLeCyVvKyFT8,119,hard,0,25597,Decision Trees
wLeCyVvKyFT8,120,easy,1,15094,Decision Trees
5WCMaHHFn6WV,91,easy,1,16983,Classification
5WCMaHHFn6WV,92,easy,1,14532,Overfitting & Regularization
5WCMaHHFn6WV,93,easy,1,14532,Model Evaluation
5WCMaHHFn6WV,94,easy,1,14532,Decision Trees
5WCMaHHFn6WV,95,easy,1,15298,Decision Trees
5WCMaHHFn6WV,96,easy,1,14026,Decision Trees
5WCMaHHFn6WV,97,easy,1,15204,Cross-Validation
5WCMaHHFn6WV,98,easy,1,14026,Cross-Validation
5WCMaHHFn6WV,99,easy,1,14026,Cross-Validation
5WCMaHHFn6WV,100,easy,1,12983,Decision Trees
5WCMaHHFn6WV,101,easy,1,14026,Decision Trees
5WCMaHHFn6WV,102,easy,1,15076,Decision Trees
5WCMaHHFn6WV,103,hard,1,24687,K-means Clustering
5WCMaHHFn6WV,104,easy,1,12983,Overfitting & Regularization
5WCMaHHFn6WV,105,easy,0,22521,Overfitting & Regularization
5WCMaHHFn6WV,106,easy,1,13914,Overfitting & Regularization
5WCMaHHFn6WV,107,medium,1,31115,Classification
5WCMaHHFn6WV,108,medium,1,24081,Decision Trees
5WCMaHHFn6WV,109,medium,0,29446,Model Evaluation
5WCMaHHFn6WV,110,easy,1,15076,Decision Trees
5WCMaHHFn6WV,111,medium,0,33350,Decision Trees
5WCMaHHFn6WV,112,easy,0,31799,Classification
5WCMaHHFn6WV,113,easy,0,23303,Decision Trees
5WCMaHHFn6WV,114,easy,1,23726,Decision Trees
5WCMaHHFn6WV,115,easy,1,15076,Decision Trees
5WCMaHHFn6WV,116,easy,1,17297,Decision Trees
5WCMaHHFn6WV,117,easy,1,14026,Decision Trees
5WCMaHHFn6WV,118,hard,1,29258,Classification
5WCMaHHFn6WV,119,hard,0,28856,Decision Trees
5WCMaHHFn6WV,120,easy,1,15204,Decision Trees
OLMmduueQtv7,91,easy,1,17292,Classification
OLMmduueQtv7,92,easy,1,14796,Overfitting & Regularization
OLMmduueQtv7,93,easy,1,14796,Model Evaluation
OLMmduueQtv7,94,easy,1,14796,Decision Trees
OLMmduueQtv7,95,easy,1,15576,Decision Trees
OLMmduueQtv7,96,easy,1,14282,Decision Trees
OLMmduueQtv7,97,easy,1,15481,Cross-Validation
OLMmduueQtv7,98,easy,1,14282,Cross-Validation
OLMmduueQtv7,99,easy,1,14282,Cross-Validation
OLMmduueQtv7,100,easy,1,13219,Decision Trees
OLMmduueQtv7,101,easy,1,14282,Decision Trees
OLMmduueQtv7,102,easy,1,15350,Decision Trees
OLMmduueQtv7,103,hard,0,21944,K-means Clustering
OLMmduueQtv7,104,easy,1,13219,Overfitting & Regularization
OLMmduueQtv7,105,easy,1,16248,Overfitting & Regularization
OLMmduueQtv7,106,easy,1,14168,Overfitting & Regularization
OLMmduueQtv7,107,medium,0,36903,Classification
OLMmduueQtv7,108,medium,0,31150,Decision Trees
OLMmduueQtv7,109,medium,1,29625,Model Evaluation
OLMmduueQtv7,110,easy,1,15350,Decision Trees
OLMmduueQtv7,111,medium,1,28944,Decision Trees
OLMmduueQtv7,112,easy,1,26941,Classification
OLMmduueQtv7,113,easy,1,17292,Decision Trees
OLMmduueQtv7,114,easy,1,24158,Decision Trees
OLMmduueQtv7,115,easy,1,15350,Decision Trees
OLMmduueQtv7,116,easy,1,17612,Decision Trees
OLMmduueQtv7,117,easy,1,14282,Decision Trees
OLMmduueQtv7,118,hard,0,25043,Classification
OLMmduueQtv7,119,hard,1,29493,Decision Trees
OLMmduueQtv7,120,easy,1,15481,Decision Trees
CyGywfdJf5VZ,91,easy,1,14398,Classification
CyGywfdJf5VZ,92,easy,1,10621,Overfitting & Regularization
CyGywfdJf5VZ,93,easy,1,10621,Model Evaluation
CyGywfdJf5VZ,94,easy,1,10621,Decision Trees
CyGywfdJf5VZ,95,easy,1,12156,Decision Trees
CyGywfdJf5VZ,96,easy,1,10218,Decision Trees
CyGywfdJf5VZ,97,easy,1,12420,Cross-Validation
CyGywfdJf5VZ,98,easy,1,10218,Cross-Validation
CyGywfdJf5VZ,99,easy,1,10218,Cross-Validation
CyGywfdJf5VZ,100,easy,1,10332,Decision Trees
CyGywfdJf5VZ,101,easy,1,10218,Decision Trees
CyGywfdJf5VZ,102,easy,1,12453,Decision Trees
CyGywfdJf5VZ,103,hard,0,16323,K-means Clustering
CyGywfdJf5VZ,104,easy,1,10332,Overfitting & Regularization
CyGywfdJf5VZ,105,easy,1,13418,Overfitting & Regularization
CyGywfdJf5VZ,106,easy,1,10136,Overfitting & Regularization
CyGywfdJf5VZ,107,medium,0,25449,Classification
CyGywfdJf5VZ,108,medium,0,21545,Decision Trees
CyGywfdJf5VZ,109,medium,1,22500,Model Evaluation
CyGywfdJf5VZ,110,easy,1,12453,Decision Trees
CyGywfdJf5VZ,111,medium,0,23420,Decision Trees
CyGywfdJf5VZ,112,easy,1,21767,Classification
CyGywfdJf5VZ,113,easy,1,14398,Decision Trees
CyGywfdJf5VZ,114,easy,1,18408,Decision Trees
CyGywfdJf5VZ,115,easy,1,12453,Decision Trees
CyGywfdJf5VZ,116,easy,1,14694,Decision Trees
CyGywfdJf5VZ,117,easy,1,10218,Decision Trees
CyGywfdJf5VZ,118,hard,0,18628,Classification
CyGywfdJf5VZ,119,hard,0,22271,Decision Trees
CyGywfdJf5VZ,120,easy,0,15334,Decision Trees
tE1MOwmVibN4,91,easy,1,16915,Classification
tE1MOwmVibN4,92,easy,1,12592,Overfitting & Regularization
tE1MOwmVibN4,93,easy,1,12592,Model Evaluation
tE1MOwmVibN4,94,easy,1,12592,Decision Trees
tE1MOwmVibN4,95,easy,1,14524,Decision Trees
tE1MOwmVibN4,96,easy,1,12076,Decision Trees
tE1MOwmVibN4,97,easy,1,14753,Cross-Validation
tE1MOwmVibN4,98,easy,1,12076,Cross-Validation
tE1MOwmVibN4,99,easy,1,12076,Cross-Validation
tE1MOwmVibN4,100,easy,1,12210,Decision Trees
tE1MOwmVibN4,101,easy,1,12076,Decision Trees
tE1MOwmVibN4,102,easy,1,14630,Decision Trees
tE1MOwmVibN4,103,hard,0,19317,K-means Clustering
tE1MOwmVibN4,104,easy,1,12210,Overfitting & Regularization
tE1MOwmVibN4,105,easy,1,15763,Overfitting & Regularization
tE1MOwmVibN4,106,easy,1,11979,Overfitting & Regularization
tE1MOwmVibN4,107,medium,0,31603,Classification
tE1MOwmVibN4,108,medium,0,26720,Decision Trees
tE1MOwmVibN4,109,medium,1,27941,Model Evaluation
tE1MOwmVibN4,110,easy,1,14630,Decision Trees
tE1MOwmVibN4,111,medium,0,29083,Decision Trees
tE1MOwmVibN4,112,easy,1,25664,Classification
tE1MOwmVibN4,113,easy,1,16915,Decision Trees
tE1MOwmVibN4,114,easy,1,23247,Decision Trees
tE1MOwmVibN4,115,easy,1,14630,Decision Trees
tE1MOwmVibN4,116,easy,1,17262,Decision Trees
tE1MOwmVibN4,117,easy,1,12076,Decision Trees
tE1MOwmVibN4,118,hard,0,23778,Classification
tE1MOwmVibN4,119,hard,0,27657,Decision Trees
tE1MOwmVibN4,120,easy,0,17946,Decision Trees
aeQlX5jbZHXw,91,easy,1,17714,Classification
aeQlX5jbZHXw,92,easy,1,14818,Overfitting & Regularization
aeQlX5jbZHXw,93,easy,1,14818,Model Evaluation
aeQlX5jbZHXw,94,easy,1,14818,Decision Trees
aeQlX5jbZHXw,95,easy,1,15763,Decision Trees
aeQlX5jbZHXw,96,easy,1,14303,Decision Trees
aeQlX5jbZHXw,97,easy,1,15667,Cross-Validation
aeQlX5jbZHXw,98,easy,1,14303,Cross-Validation
aeQlX5jbZHXw,99,easy,1,14303,Cross-Validation
aeQlX5jbZHXw,100,easy,1,13378,Decision Trees
aeQlX5jbZHXw,101,easy,1,14303,Decision Trees
aeQlX5jbZHXw,102,easy,1,15725,Decision Trees
aeQlX5jbZHXw,103,hard,0,19040,K-means Clustering
aeQlX5jbZHXw,104,easy,1,13378,Overfitting & Regularization
aeQlX5jbZHXw,105,easy,1,16644,Overfitting & Regularization
aeQlX5jbZHXw,106,easy,1,14189,Overfitting & Regularization
aeQlX5jbZHXw,107,medium,1,34130,Classification
aeQlX5jbZHXw,108,medium,0,35135,Decision Trees
aeQlX5jbZHXw,109,medium,0,31798,Model Evaluation
aeQlX5jbZHXw,110,easy,1,15725,Decision Trees
aeQlX5jbZHXw,111,medium,1,32647,Decision Trees
aeQlX5jbZHXw,112,easy,1,30387,Classification
aeQlX5jbZHXw,113,easy,1,17714,Decision Trees
aeQlX5jbZHXw,114,easy,1,27248,Decision Trees
aeQlX5jbZHXw,115,easy,1,15725,Decision Trees
aeQlX5jbZHXw,116,easy,1,18042,Decision Trees
aeQlX5jbZHXw,117,easy,1,14303,Decision Trees
aeQlX5jbZHXw,118,hard,0,21729,Classification
aeQlX5jbZHXw,119,hard,0,31161,Decision Trees
aeQlX5jbZHXw,120,easy,1,15667,Decision Trees
BJE8NOUNFGYz,91,easy,1,15478,Classification
BJE8NOUNFGYz,92,easy,1,11699,Overfitting & Regularization
BJE8NOUNFGYz,93,easy,1,11699,Model Evaluation
BJE8NOUNFGYz,94,easy,1,11699,Decision Trees
BJE8NOUNFGYz,95,easy,1,13411,Decision Trees
BJE8NOUNFGYz,96,easy,1,11219,Decision Trees
BJE8NOUNFGYz,97,easy,1,13622,Cross-Validation
BJE8NOUNFGYz,98,easy,1,11219,Cross-Validation
BJE8NOUNFGYz,99,easy,1,11219,Cross-Validation
BJE8NOUNFGYz,100,easy,1,11200,Decision Trees
BJE8NOUNFGYz,101,easy,1,11219,Decision Trees
BJE8NOUNFGYz,102,easy,1,13509,Decision Trees
BJE8NOUNFGYz,103,hard,1,19708,K-means Clustering
BJE8NOUNFGYz,104,easy,1,11200,Overfitting & Regularization
BJE8NOUNFGYz,105,easy,1,14424,Overfitting & Regularization
BJE8NOUNFGYz,106,easy,1,11129,Overfitting & Regularization
BJE8NOUNFGYz,107,medium,1,27752,Classification
BJE8NOUNFGYz,108,medium,1,21589,Decision Trees
BJE8NOUNFGYz,109,medium,0,26529,Model Evaluation
BJE8NOUNFGYz,110,easy,1,13509,Decision Trees
BJE8NOUNFGYz,111,medium,1,25172,Decision Trees
BJE8NOUNFGYz,112,easy,0,27013,Classification
BJE8NOUNFGYz,113,easy,1,15478,Decision Trees
BJE8NOUNFGYz,114,easy,1,21271,Decision Trees
BJE8NOUNFGYz,115,easy,1,13509,Decision Trees
BJE8NOUNFGYz,116,easy,0,19941,Decision Trees
BJE8NOUNFGYz,117,easy,1,11219,Decision Trees
BJE8NOUNFGYz,118,hard,0,22347,Classification
BJE8NOUNFGYz,119,hard,0,25998,Decision Trees
BJE8NOUNFGYz,120,easy,1,13622,Decision Trees
ROaS3EN46XLy,91,easy,1,13843,Classification
ROaS3EN46XLy,92,easy,1,12670,Overfitting & Regularization
ROaS3EN46XLy,93,easy,1,12670,Model Evaluation
ROaS3EN46XLy,94,easy,1,12670,Decision Trees
ROaS3EN46XLy,95,easy,1,12555,Decision Trees
ROaS3EN46XLy,96,easy,1,11375,Decision Trees
ROaS3EN46XLy,97,easy,1,12508,Cross-Validation
ROaS3EN46XLy,98,easy,1,11375,Cross-Validation
ROaS3EN46XLy,99,easy,1,11375,Cross-Validation
ROaS3EN46XLy,100,easy,1,10682,Decision Trees
ROaS3EN46XLy,101,easy,1,11375,Decision Trees
ROaS3EN46XLy,102,easy,1,12381,Decision Trees
ROaS3EN46XLy,103,hard,0,16624,K-means Clustering
ROaS3EN46XLy,104,easy,1,10682,Overfitting & Regularization
ROaS3EN46XLy,105,easy,1,13105,Overfitting & Regularization
ROaS3EN46XLy,106,easy,0,16778,Overfitting & Regularization
ROaS3EN46XLy,107,medium,0,24613,Classification
ROaS3EN46XLy,108,medium,1,17875,Decision Trees
ROaS3EN46XLy,109,medium,0,23064,Model Evaluation
ROaS3EN46XLy,110,easy,1,12381,Decision Trees
ROaS3EN46XLy,111,medium,1,21043,Decision Trees
ROaS3EN46XLy,112,easy,1,20469,Classification
ROaS3EN46XLy,113,easy,1,13843,Decision Trees
ROaS3EN46XLy,114,easy,0,20309,Decision Trees
ROaS3EN46XLy,115,easy,1,12381,Decision Trees
ROaS3EN46XLy,116,easy,1,14099,Decision Trees
ROaS3EN46XLy,117,easy,1,11375,Decision Trees
ROaS3EN46XLy,118,hard,0,18972,Classification
ROaS3EN46XLy,119,hard,0,22067,Decision Trees
ROaS3EN46XLy,120,easy,1,12508,Decision Trees
zeQInY6w8eBY,91,easy,1,17051,Classification
zeQInY6w8eBY,92,easy,1,14711,Overfitting & Regularization
zeQInY6w8eBY,93,easy,1,14711,Model Evaluation
zeQInY6w8eBY,94,easy,1,14711,Decision Trees
zeQInY6w8eBY,95,easy,1,15502,Decision Trees
zeQInY6w8eBY,96,easy,1,14044,Decision Trees
zeQInY6w8eBY,97,easy,1,15407,Cross-Validation
zeQInY6w8eBY,98,easy,1,14044,Cross-Validation
zeQInY6w8eBY,99,easy,1,14044,Cross-Validation
zeQInY6w8eBY,100,easy,1,13189,Decision Trees
zeQInY6w8eBY,101,easy,1,14044,Decision Trees
zeQInY6w8eBY,102,easy,1,15250,Decision Trees
zeQInY6w8eBY,103,hard,0,21637,K-means Clustering
zeQInY6w8eBY,104,easy,1,13189,Overfitting & Regularization
zeQInY6w8eBY,105,easy,1,16142,Overfitting & Regularization
zeQInY6w8eBY,106,easy,1,13932,Overfitting & Regularization
zeQInY6w8eBY,107,medium,0,33742,Classification
zeQInY6w8eBY,108,medium,1,23251,Decision Trees
zeQInY6w8eBY,109,medium,0,28655,Model Evaluation
zeQInY6w8eBY,110,easy,1,15250,Decision Trees
zeQInY6w8eBY,111,medium,1,27448,Decision Trees
zeQInY6w8eBY,112,easy,1,26141,Classification
zeQInY6w8eBY,113,easy,1,17051,Decision Trees
zeQInY6w8eBY,114,easy,0,28063,Decision Trees
zeQInY6w8eBY,115,easy,1,15250,Decision Trees
zeQInY6w8eBY,116,easy,1,17366,Decision Trees
zeQInY6w8eBY,117,easy,1,14044,Decision Trees
zeQInY6w8eBY,118,hard,0,24692,Classification
zeQInY6w8eBY,119,hard,0,28783,Decision Trees
zeQInY6w8eBY,120,easy,1,15407,Decision Trees
oXHAAQD8R9lF,91,easy,1,17884,Classification
oXHAAQD8R9lF,92,easy,1,15145,Overfitting & Regularization
oXHAAQD8R9lF,93,easy,1,15145,Model Evaluation
oXHAAQD8R9lF,94,easy,1,15145,Decision Trees
oXHAAQD8R9lF,95,easy,1,18450,Decision Trees
oXHAAQD8R9lF,96,easy,1,14694,Decision Trees
oXHAAQD8R9lF,97,easy,1,18740,Cross-Validation
oXHAAQD8R9lF,98,easy,1,14694,Cross-Validation
oXHAAQD8R9lF,99,easy,1,14694,Cross-Validation
oXHAAQD8R9lF,100,easy,1,15355,Decision Trees
oXHAAQD8R9lF,101,easy,1,14694,Decision Trees
oXHAAQD8R9lF,102,easy,1,18584,Decision Trees
oXHAAQD8R9lF,103,hard,0,19950,K-means Clustering
oXHAAQD8R9lF,104,easy,1,15355,Overfitting & Regularization
oXHAAQD8R9lF,105,easy,0,19514,Overfitting & Regularization
oXHAAQD8R9lF,106,easy,1,14576,Overfitting & Regularization
oXHAAQD8R9lF,107,medium,0,28901,Classification
oXHAAQD8R9lF,108,medium,1,22952,Decision Trees
oXHAAQD8R9lF,109,medium,0,25986,Model Evaluation
oXHAAQD8R9lF,110,easy,1,18584,Decision Trees
oXHAAQD8R9lF,111,medium,1,26504,Decision Trees
oXHAAQD8R9lF,112,easy,1,25569,Classification
oXHAAQD8R9lF,113,easy,0,20440,Decision Trees
oXHAAQD8R9lF,114,easy,0,24100,Decision Trees
oXHAAQD8R9lF,115,easy,1,18584,Decision Trees
oXHAAQD8R9lF,116,easy,1,18250,Decision Trees
oXHAAQD8R9lF,117,easy,1,14694,Decision Trees
oXHAAQD8R9lF,118,hard,0,20751,Classification
oXHAAQD8R9lF,119,hard,0,25466,Decision Trees
oXHAAQD8R9lF,120,easy,1,18740,Decision Trees
QJyEL3O7YA2f,91,easy,1,18300,Classification
QJyEL3O7YA2f,92,easy,1,15659,Overfitting & Regularization
QJyEL3O7YA2f,93,easy,1,15659,Model Evaluation
QJyEL3O7YA2f,94,easy,1,15659,Decision Trees
QJyEL3O7YA2f,95,easy,1,16485,Decision Trees
QJyEL3O7YA2f,96,easy,1,15115,Decision Trees
QJyEL3O7YA2f,97,easy,1,16384,Cross-Validation
QJyEL3O7YA2f,98,easy,1,15115,Cross-Validation
QJyEL3O7YA2f,99,easy,1,15115,Cross-Validation
QJyEL3O7YA2f,100,easy,1,13990,Decision Trees
QJyEL3O7YA2f,101,easy,1,15115,Decision Trees
QJyEL3O7YA2f,102,easy,1,16245,Decision Trees
QJyEL3O7YA2f,103,hard,0,22801,K-means Clustering
QJyEL3O7YA2f,104,easy,1,13990,Overfitting & Regularization
QJyEL3O7YA2f,105,easy,1,17195,Overfitting & Regularization
QJyEL3O7YA2f,106,easy,1,14994,Overfitting & Regularization
QJyEL3O7YA2f,107,medium,0,38346,Classification
QJyEL3O7YA2f,108,medium,1,25949,Decision Trees
QJyEL3O7YA2f,109,medium,0,31156,Model Evaluation
QJyEL3O7YA2f,110,easy,1,16245,Decision Trees
QJyEL3O7YA2f,111,medium,1,30632,Decision Trees
QJyEL3O7YA2f,112,easy,1,28512,Classification
QJyEL3O7YA2f,113,easy,1,18300,Decision Trees
QJyEL3O7YA2f,114,easy,0,31891,Decision Trees
QJyEL3O7YA2f,115,easy,1,16245,Decision Trees
QJyEL3O7YA2f,116,easy,1,18639,Decision Trees
QJyEL3O7YA2f,117,easy,1,15115,Decision Trees
QJyEL3O7YA2f,118,hard,0,26021,Classification
QJyEL3O7YA2f,119,hard,0,30533,Decision Trees
QJyEL3O7YA2f,120,easy,1,16384,Decision Trees
sg62FVLFX6BW,91,easy,0,21420,Classification
sg62FVLFX6BW,92,easy,1,12552,Overfitting & Regularization
sg62FVLFX6BW,93,easy,1,12552,Model Evaluation
sg62FVLFX6BW,94,easy,1,12552,Decision Trees
sg62FVLFX6BW,95,easy,1,14478,Decision Trees
sg62FVLFX6BW,96,easy,1,12037,Decision Trees
sg62FVLFX6BW,97,easy,1,14706,Cross-Validation
sg62FVLFX6BW,98,easy,1,12037,Cross-Validation
sg62FVLFX6BW,99,easy,1,12037,Cross-Validation
sg62FVLFX6BW,100,easy,1,12172,Decision Trees
sg62FVLFX6BW,101,easy,1,12037,Decision Trees
sg62FVLFX6BW,102,easy,1,14584,Decision Trees
sg62FVLFX6BW,103,hard,0,19256,K-means Clustering
sg62FVLFX6BW,104,easy,0,14360,Overfitting & Regularization
sg62FVLFX6BW,105,easy,1,15713,Overfitting & Regularization
sg62FVLFX6BW,106,easy,1,11941,Overfitting & Regularization
sg62FVLFX6BW,107,medium,1,30016,Classification
sg62FVLFX6BW,108,medium,1,23519,Decision Trees
sg62FVLFX6BW,109,medium,0,28133,Model Evaluation
sg62FVLFX6BW,110,easy,1,14584,Decision Trees
sg62FVLFX6BW,111,medium,0,28991,Decision Trees
sg62FVLFX6BW,112,easy,0,28855,Classification
sg62FVLFX6BW,113,easy,0,21420,Decision Trees
sg62FVLFX6BW,114,easy,0,26244,Decision Trees
sg62FVLFX6BW,115,easy,1,14584,Decision Trees
sg62FVLFX6BW,116,easy,0,21300,Decision Trees
sg62FVLFX6BW,117,easy,1,12037,Decision Trees
sg62FVLFX6BW,118,hard,0,23703,Classification
sg62FVLFX6BW,119,hard,0,27569,Decision Trees
sg62FVLFX6BW,120,easy,1,14706,Decision Trees
KwlNeadgH2OL,91,easy,1,15439,Classification
KwlNeadgH2OL,92,easy,1,13612,Overfitting & Regularization
KwlNeadgH2OL,93,easy,1,13612,Model Evaluation
KwlNeadgH2OL,94,easy,1,13612,Decision Trees
KwlNeadgH2OL,95,easy,1,13947,Decision Trees
KwlNeadgH2OL,96,easy,1,12233,Decision Trees
KwlNeadgH2OL,97,easy,1,13824,Cross-Validation
KwlNeadgH2OL,98,easy,1,12233,Cross-Validation
KwlNeadgH2OL,99,easy,1,12233,Cross-Validation
KwlNeadgH2OL,100,easy,1,11929,Decision Trees
KwlNeadgH2OL,101,easy,1,12233,Decision Trees
KwlNeadgH2OL,102,easy,1,13647,Decision Trees
KwlNeadgH2OL,103,hard,1,22607,K-means Clustering
KwlNeadgH2OL,104,easy,1,11929,Overfitting & Regularization
KwlNeadgH2OL,105,easy,1,14445,Overfitting & Regularization
KwlNeadgH2OL,106,easy,1,12135,Overfitting & Regularization
KwlNeadgH2OL,107,medium,0,33196,Classification
KwlNeadgH2OL,108,medium,1,21292,Decision Trees
KwlNeadgH2OL,109,medium,1,27296,Model Evaluation
KwlNeadgH2OL,110,easy,1,13647,Decision Trees
KwlNeadgH2OL,111,medium,1,25571,Decision Trees
KwlNeadgH2OL,112,easy,1,23650,Classification
KwlNeadgH2OL,113,easy,1,15439,Decision Trees
KwlNeadgH2OL,114,easy,1,20978,Decision Trees
KwlNeadgH2OL,115,easy,1,13647,Decision Trees
KwlNeadgH2OL,116,easy,1,15725,Decision Trees
KwlNeadgH2OL,117,easy,1,12233,Decision Trees
KwlNeadgH2OL,118,hard,0,22548,Classification
KwlNeadgH2OL,119,hard,0,27131,Decision Trees
KwlNeadgH2OL,120,easy,1,13824,Decision Trees
VqXqgB6ructd,91,easy,1,18300,Classification
VqXqgB6ructd,92,easy,1,15659,Overfitting & Regularization
VqXqgB6ructd,93,easy,1,15659,Model Evaluation
VqXqgB6ructd,94,easy,1,15659,Decision Trees
VqXqgB6ructd,95,easy,1,16485,Decision Trees
VqXqgB6ructd,96,easy,1,15115,Decision Trees
VqXqgB6ructd,97,easy,1,16384,Cross-Validation
VqXqgB6ructd,98,easy,1,15115,Cross-Validation
VqXqgB6ructd,99,easy,1,15115,Cross-Validation
VqXqgB6ructd,100,easy,1,13990,Decision Trees
VqXqgB6ructd,101,easy,1,15115,Decision Trees
VqXqgB6ructd,102,easy,1,16245,Decision Trees
VqXqgB6ructd,103,hard,1,26278,K-means Clustering
VqXqgB6ructd,104,easy,1,13990,Overfitting & Regularization
VqXqgB6ructd,105,easy,1,17195,Overfitting & Regularization
VqXqgB6ructd,106,easy,1,14994,Overfitting & Regularization
VqXqgB6ructd,107,medium,0,38346,Classification
VqXqgB6ructd,108,medium,1,25949,Decision Trees
VqXqgB6ructd,109,medium,1,31352,Model Evaluation
VqXqgB6ructd,110,easy,1,16245,Decision Trees
VqXqgB6ructd,111,medium,1,30632,Decision Trees
VqXqgB6ructd,112,easy,0,33646,Classification
VqXqgB6ructd,113,easy,1,18300,Decision Trees
VqXqgB6ructd,114,easy,1,25567,Decision Trees
VqXqgB6ructd,115,easy,1,16245,Decision Trees
VqXqgB6ructd,116,easy,1,18639,Decision Trees
VqXqgB6ructd,117,easy,1,15115,Decision Trees
VqXqgB6ructd,118,hard,0,26021,Classification
VqXqgB6ructd,119,hard,1,31213,Decision Trees
VqXqgB6ructd,120,easy,1,16384,Decision Trees
GiEhMndZmOa5,91,easy,1,16862,Classification
GiEhMndZmOa5,92,easy,1,12552,Overfitting & Regularization
GiEhMndZmOa5,93,easy,1,12552,Model Evaluation
GiEhMndZmOa5,94,easy,1,12552,Decision Trees
GiEhMndZmOa5,95,easy,1,14478,Decision Trees
GiEhMndZmOa5,96,easy,1,12037,Decision Trees
GiEhMndZmOa5,97,easy,1,14706,Cross-Validation
GiEhMndZmOa5,98,easy,0,16058,Cross-Validation
GiEhMndZmOa5,99,easy,1,12037,Cross-Validation
GiEhMndZmOa5,100,easy,1,12172,Decision Trees
GiEhMndZmOa5,101,easy,1,12037,Decision Trees
GiEhMndZmOa5,102,easy,0,17625,Decision Trees
GiEhMndZmOa5,103,hard,1,21319,K-means Clustering
GiEhMndZmOa5,104,easy,1,12172,Overfitting & Regularization
GiEhMndZmOa5,105,easy,1,15713,Overfitting & Regularization
GiEhMndZmOa5,106,easy,1,11941,Overfitting & Regularization
GiEhMndZmOa5,107,medium,1,30016,Classification
GiEhMndZmOa5,108,medium,1,23519,Decision Trees
GiEhMndZmOa5,109,medium,1,27853,Model Evaluation
GiEhMndZmOa5,110,easy,1,14584,Decision Trees
GiEhMndZmOa5,111,medium,1,27423,Decision Trees
GiEhMndZmOa5,112,easy,1,25582,Classification
GiEhMndZmOa5,113,easy,1,16862,Decision Trees
GiEhMndZmOa5,114,easy,1,23173,Decision Trees
GiEhMndZmOa5,115,easy,1,14584,Decision Trees
GiEhMndZmOa5,116,easy,1,17208,Decision Trees
GiEhMndZmOa5,117,easy,1,12037,Decision Trees
GiEhMndZmOa5,118,hard,1,26733,Classification
GiEhMndZmOa5,119,hard,0,27569,Decision Trees
GiEhMndZmOa5,120,easy,0,17889,Decision Trees
32nLuB1xqIO4,91,easy,1,16911,Classification
32nLuB1xqIO4,92,easy,1,14590,Overfitting & Regularization
32nLuB1xqIO4,93,easy,1,14590,Model Evaluation
32nLuB1xqIO4,94,easy,1,14590,Decision Trees
32nLuB1xqIO4,95,easy,1,15374,Decision Trees
32nLuB1xqIO4,96,easy,1,13928,Decision Trees
32nLuB1xqIO4,97,easy,1,15280,Cross-Validation
32nLuB1xqIO4,98,easy,1,13928,Cross-Validation
32nLuB1xqIO4,99,easy,1,13928,Cross-Validation
32nLuB1xqIO4,100,easy,1,13081,Decision Trees
32nLuB1xqIO4,101,easy,1,13928,Decision Trees
32nLuB1xqIO4,102,easy,1,15124,Decision Trees
32nLuB1xqIO4,103,hard,0,22022,K-means Clustering
32nLuB1xqIO4,104,easy,1,13081,Overfitting & Regularization
32nLuB1xqIO4,105,easy,1,16009,Overfitting & Regularization
32nLuB1xqIO4,106,easy,1,13817,Overfitting & Regularization
32nLuB1xqIO4,107,medium,1,30665,Classification
32nLuB1xqIO4,108,medium,1,23732,Decision Trees
32nLuB1xqIO4,109,medium,0,29894,Model Evaluation
32nLuB1xqIO4,110,easy,1,15124,Decision Trees
32nLuB1xqIO4,111,medium,0,32394,Decision Trees
32nLuB1xqIO4,112,easy,1,26274,Classification
32nLuB1xqIO4,113,easy,1,16911,Decision Trees
32nLuB1xqIO4,114,easy,1,23383,Decision Trees
32nLuB1xqIO4,115,easy,1,15124,Decision Trees
32nLuB1xqIO4,116,easy,1,17223,Decision Trees
32nLuB1xqIO4,117,easy,1,13928,Decision Trees
32nLuB1xqIO4,118,hard,0,25132,Classification
32nLuB1xqIO4,119,hard,1,28547,Decision Trees
32nLuB1xqIO4,120,easy,1,15280,Decision Trees
iZblYCxqwouC,91,easy,1,17714,Classification
iZblYCxqwouC,92,easy,1,14818,Overfitting & Regularization
iZblYCxqwouC,93,easy,1,14818,Model Evaluation
iZblYCxqwouC,94,easy,1,14818,Decision Trees
iZblYCxqwouC,95,easy,1,15763,Decision Trees
iZblYCxqwouC,96,easy,1,14303,Decision Trees
iZblYCxqwouC,97,easy,1,15667,Cross-Validation
iZblYCxqwouC,98,easy,1,14303,Cross-Validation
iZblYCxqwouC,99,easy,1,14303,Cross-Validation
iZblYCxqwouC,100,easy,1,13378,Decision Trees
iZblYCxqwouC,101,easy,1,14303,Decision Trees
iZblYCxqwouC,102,easy,1,15725,Decision Trees
iZblYCxqwouC,103,hard,1,21544,K-means Clustering
iZblYCxqwouC,104,easy,1,13378,Overfitting & Regularization
iZblYCxqwouC,105,easy,1,16644,Overfitting & Regularization
iZblYCxqwouC,106,easy,1,14189,Overfitting & Regularization
iZblYCxqwouC,107,medium,0,39755,Classification
iZblYCxqwouC,108,medium,1,27655,Decision Trees
iZblYCxqwouC,109,medium,1,31416,Model Evaluation
iZblYCxqwouC,110,easy,1,15725,Decision Trees
iZblYCxqwouC,111,medium,1,32647,Decision Trees
iZblYCxqwouC,112,easy,1,30387,Classification
iZblYCxqwouC,113,easy,1,17714,Decision Trees
iZblYCxqwouC,114,easy,1,27248,Decision Trees
iZblYCxqwouC,115,easy,1,15725,Decision Trees
iZblYCxqwouC,116,easy,1,18042,Decision Trees
iZblYCxqwouC,117,easy,1,14303,Decision Trees
iZblYCxqwouC,118,hard,0,21729,Classification
iZblYCxqwouC,119,hard,0,31161,Decision Trees
iZblYCxqwouC,120,easy,1,15667,Decision Trees
St7VKJfT2MTq,91,easy,1,16304,Classification
St7VKJfT2MTq,92,easy,1,13036,Overfitting & Regularization
St7VKJfT2MTq,93,easy,1,13036,Model Evaluation
St7VKJfT2MTq,94,easy,1,13036,Decision Trees
St7VKJfT2MTq,95,easy,1,14461,Decision Trees
St7VKJfT2MTq,96,easy,1,12709,Decision Trees
St7VKJfT2MTq,97,easy,1,14454,Cross-Validation
St7VKJfT2MTq,98,easy,1,12709,Cross-Validation
St7VKJfT2MTq,99,easy,1,12709,Cross-Validation
St7VKJfT2MTq,100,easy,0,15872,Decision Trees
St7VKJfT2MTq,101,easy,1,12709,Decision Trees
St7VKJfT2MTq,102,easy,1,14307,Decision Trees
St7VKJfT2MTq,103,hard,0,19306,K-means Clustering
St7VKJfT2MTq,104,easy,1,12143,Overfitting & Regularization
St7VKJfT2MTq,105,easy,1,15298,Overfitting & Regularization
St7VKJfT2MTq,106,easy,1,12607,Overfitting & Regularization
St7VKJfT2MTq,107,medium,0,29284,Classification
St7VKJfT2MTq,108,medium,0,24970,Decision Trees
St7VKJfT2MTq,109,medium,0,26151,Model Evaluation
St7VKJfT2MTq,110,easy,1,14307,Decision Trees
St7VKJfT2MTq,111,medium,1,25491,Decision Trees
St7VKJfT2MTq,112,easy,1,24533,Classification
St7VKJfT2MTq,113,easy,1,16304,Decision Trees
St7VKJfT2MTq,114,easy,1,21334,Decision Trees
St7VKJfT2MTq,115,easy,0,19156,Decision Trees
St7VKJfT2MTq,116,easy,1,16638,Decision Trees
St7VKJfT2MTq,117,easy,1,12709,Decision Trees
St7VKJfT2MTq,118,hard,1,23867,Classification
St7VKJfT2MTq,119,hard,0,25627,Decision Trees
St7VKJfT2MTq,120,easy,0,19480,Decision Trees
9xt9EeOQtcXZ,91,easy,1,16446,Classification
9xt9EeOQtcXZ,92,easy,1,14378,Overfitting & Regularization
9xt9EeOQtcXZ,93,easy,1,14378,Model Evaluation
9xt9EeOQtcXZ,94,easy,1,14378,Decision Trees
9xt9EeOQtcXZ,95,easy,1,15151,Decision Trees
9xt9EeOQtcXZ,96,easy,1,13726,Decision Trees
9xt9EeOQtcXZ,97,easy,1,15094,Cross-Validation
9xt9EeOQtcXZ,98,easy,1,13726,Cross-Validation
9xt9EeOQtcXZ,99,easy,1,13726,Cross-Validation
9xt9EeOQtcXZ,100,easy,1,12891,Decision Trees
9xt9EeOQtcXZ,101,easy,1,13726,Decision Trees
9xt9EeOQtcXZ,102,easy,1,14941,Decision Trees
9xt9EeOQtcXZ,103,hard,1,21598,K-means Clustering
9xt9EeOQtcXZ,104,easy,1,12891,Overfitting & Regularization
9xt9EeOQtcXZ,105,easy,1,15721,Overfitting & Regularization
9xt9EeOQtcXZ,106,easy,1,13616,Overfitting & Regularization
9xt9EeOQtcXZ,107,medium,0,29250,Classification
9xt9EeOQtcXZ,108,medium,1,21628,Decision Trees
9xt9EeOQtcXZ,109,medium,1,25861,Model Evaluation
9xt9EeOQtcXZ,110,easy,1,14941,Decision Trees
9xt9EeOQtcXZ,111,medium,1,25461,Decision Trees
9xt9EeOQtcXZ,112,easy,1,24504,Classification
9xt9EeOQtcXZ,113,easy,1,16446,Decision Trees
9xt9EeOQtcXZ,114,easy,1,21309,Decision Trees
9xt9EeOQtcXZ,115,easy,1,14941,Decision Trees
9xt9EeOQtcXZ,116,easy,1,16750,Decision Trees
9xt9EeOQtcXZ,117,easy,1,13726,Decision Trees
9xt9EeOQtcXZ,118,hard,0,22007,Classification
9xt9EeOQtcXZ,119,hard,0,25597,Decision Trees
9xt9EeOQtcXZ,120,easy,1,15094,Decision Trees
RjR3B2X554Pn,91,easy,1,19135,Classification
RjR3B2X554Pn,92,easy,1,14332,Overfitting & Regularization
RjR3B2X554Pn,93,easy,1,14332,Model Evaluation
RjR3B2X554Pn,94,easy,1,14332,Decision Trees
RjR3B2X554Pn,95,easy,1,16430,Decision Trees
RjR3B2X554Pn,96,easy,1,13745,Decision Trees
RjR3B2X554Pn,97,easy,1,16689,Cross-Validation
RjR3B2X554Pn,98,easy,1,13745,Cross-Validation
RjR3B2X554Pn,99,easy,1,13745,Cross-Validation
RjR3B2X554Pn,100,easy,1,13813,Decision Trees
RjR3B2X554Pn,101,easy,1,13745,Decision Trees
RjR3B2X554Pn,102,easy,0,18561,Decision Trees
RjR3B2X554Pn,103,hard,1,24270,K-means Clustering
RjR3B2X554Pn,104,easy,1,13813,Overfitting & Regularization
RjR3B2X554Pn,105,easy,1,17832,Overfitting & Regularization
RjR3B2X554Pn,106,easy,1,13635,Overfitting & Regularization
RjR3B2X554Pn,107,medium,1,33304,Classification
RjR3B2X554Pn,108,medium,0,27427,Decision Trees
RjR3B2X554Pn,109,medium,0,28968,Model Evaluation
RjR3B2X554Pn,110,easy,1,16550,Decision Trees
RjR3B2X554Pn,111,medium,1,30427,Decision Trees
RjR3B2X554Pn,112,easy,0,29711,Classification
RjR3B2X554Pn,113,easy,0,22558,Decision Trees
RjR3B2X554Pn,114,easy,1,25712,Decision Trees
RjR3B2X554Pn,115,easy,0,18561,Decision Trees
RjR3B2X554Pn,116,easy,1,19528,Decision Trees
RjR3B2X554Pn,117,easy,1,13745,Decision Trees
RjR3B2X554Pn,118,hard,0,25041,Classification
RjR3B2X554Pn,119,hard,1,30767,Decision Trees
RjR3B2X554Pn,120,easy,1,16689,Decision Trees
a9ej6jzpNOPn,91,easy,1,18300,Classification
a9ej6jzpNOPn,92,easy,1,15659,Overfitting & Regularization
a9ej6jzpNOPn,93,easy,1,15659,Model Evaluation
a9ej6jzpNOPn,94,easy,1,15659,Decision Trees
a9ej6jzpNOPn,95,easy,1,16485,Decision Trees
a9ej6jzpNOPn,96,easy,1,15115,Decision Trees
a9ej6jzpNOPn,97,easy,1,16384,Cross-Validation
a9ej6jzpNOPn,98,easy,1,15115,Cross-Validation
a9ej6jzpNOPn,99,easy,1,15115,Cross-Validation
a9ej6jzpNOPn,100,easy,1,13990,Decision Trees
a9ej6jzpNOPn,101,easy,1,15115,Decision Trees
a9ej6jzpNOPn,102,easy,1,16245,Decision Trees
a9ej6jzpNOPn,103,hard,0,22801,K-means Clustering
a9ej6jzpNOPn,104,easy,1,13990,Overfitting & Regularization
a9ej6jzpNOPn,105,easy,1,17195,Overfitting & Regularization
a9ej6jzpNOPn,106,easy,0,22928,Overfitting & Regularization
a9ej6jzpNOPn,107,medium,0,38346,Classification
a9ej6jzpNOPn,108,medium,1,25949,Decision Trees
a9ej6jzpNOPn,109,medium,0,31156,Model Evaluation
a9ej6jzpNOPn,110,easy,1,16245,Decision Trees
a9ej6jzpNOPn,111,medium,1,30632,Decision Trees
a9ej6jzpNOPn,112,easy,1,28512,Classification
a9ej6jzpNOPn,113,easy,0,24657,Decision Trees
a9ej6jzpNOPn,114,easy,0,31891,Decision Trees
a9ej6jzpNOPn,115,easy,1,16245,Decision Trees
a9ej6jzpNOPn,116,easy,1,18639,Decision Trees
a9ej6jzpNOPn,117,easy,1,15115,Decision Trees
a9ej6jzpNOPn,118,hard,0,26021,Classification
a9ej6jzpNOPn,119,hard,0,30533,Decision Trees
a9ej6jzpNOPn,120,easy,1,16384,Decision Trees
vgAkx62M3oPn,91,easy,1,16911,Classification
vgAkx62M3oPn,92,easy,1,14590,Overfitting & Regularization
vgAkx62M3oPn,93,easy,1,14590,Model Evaluation
vgAkx62M3oPn,94,easy,1,14590,Decision Trees
vgAkx62M3oPn,95,easy,1,15374,Decision Trees
vgAkx62M3oPn,96,easy,1,13928,Decision Trees
vgAkx62M3oPn,97,easy,1,15280,Cross-Validation
vgAkx62M3oPn,98,easy,1,13928,Cross-Validation
vgAkx62M3oPn,99,easy,1,13928,Cross-Validation
vgAkx62M3oPn,100,easy,1,13081,Decision Trees
vgAkx62M3oPn,101,easy,1,13928,Decision Trees
vgAkx62M3oPn,102,easy,0,20913,Decision Trees
vgAkx62M3oPn,103,hard,1,23948,K-means Clustering
vgAkx62M3oPn,104,easy,1,13081,Overfitting & Regularization
vgAkx62M3oPn,105,easy,1,16009,Overfitting & Regularization
vgAkx62M3oPn,106,easy,1,13817,Overfitting & Regularization
vgAkx62M3oPn,107,medium,0,35201,Classification
vgAkx62M3oPn,108,medium,1,23732,Decision Trees
vgAkx62M3oPn,109,medium,1,28674,Model Evaluation
vgAkx62M3oPn,110,easy,1,15124,Decision Trees
vgAkx62M3oPn,111,medium,1,28016,Decision Trees
vgAkx62M3oPn,112,easy,0,31121,Classification
vgAkx62M3oPn,113,easy,0,22870,Decision Trees
vgAkx62M3oPn,114,easy,1,23383,Decision Trees
vgAkx62M3oPn,115,easy,1,15124,Decision Trees
vgAkx62M3oPn,116,easy,1,17223,Decision Trees
vgAkx62M3oPn,117,easy,1,13928,Decision Trees
vgAkx62M3oPn,118,hard,0,25132,Classification
vgAkx62M3oPn,119,hard,0,29296,Decision Trees
vgAkx62M3oPn,120,easy,0,21267,Decision Trees
ylh73EEFQ8CD,91,easy,1,15439,Classification
ylh73EEFQ8CD,92,easy,1,13612,Overfitting & Regularization
ylh73EEFQ8CD,93,easy,1,13612,Model Evaluation
ylh73EEFQ8CD,94,easy,1,13612,Decision Trees
ylh73EEFQ8CD,95,easy,1,13947,Decision Trees
ylh73EEFQ8CD,96,easy,1,12233,Decision Trees
ylh73EEFQ8CD,97,easy,1,13824,Cross-Validation
ylh73EEFQ8CD,98,easy,1,12233,Cross-Validation
ylh73EEFQ8CD,99,easy,1,12233,Cross-Validation
ylh73EEFQ8CD,100,easy,1,11929,Decision Trees
ylh73EEFQ8CD,101,easy,1,12233,Decision Trees
ylh73EEFQ8CD,102,easy,1,13647,Decision Trees
ylh73EEFQ8CD,103,hard,0,19758,K-means Clustering
ylh73EEFQ8CD,104,easy,1,11929,Overfitting & Regularization
ylh73EEFQ8CD,105,easy,1,14445,Overfitting & Regularization
ylh73EEFQ8CD,106,easy,1,12135,Overfitting & Regularization
ylh73EEFQ8CD,107,medium,1,27989,Classification
ylh73EEFQ8CD,108,medium,1,21292,Decision Trees
ylh73EEFQ8CD,109,medium,0,27685,Model Evaluation
ylh73EEFQ8CD,110,easy,1,13647,Decision Trees
ylh73EEFQ8CD,111,medium,0,30549,Decision Trees
ylh73EEFQ8CD,112,easy,1,23650,Classification
ylh73EEFQ8CD,113,easy,1,15439,Decision Trees
ylh73EEFQ8CD,114,easy,1,20978,Decision Trees
ylh73EEFQ8CD,115,easy,1,13647,Decision Trees
ylh73EEFQ8CD,116,easy,1,15725,Decision Trees
ylh73EEFQ8CD,117,easy,1,12233,Decision Trees
ylh73EEFQ8CD,118,hard,0,22548,Classification
ylh73EEFQ8CD,119,hard,0,27131,Decision Trees
ylh73EEFQ8CD,120,easy,1,13824,Decision Trees
tmTN8RB25aRn,91,easy,1,16742,Classification
tmTN8RB25aRn,92,easy,1,14428,Overfitting & Regularization
tmTN8RB25aRn,93,easy,1,14428,Model Evaluation
tmTN8RB25aRn,94,easy,1,14428,Decision Trees
tmTN8RB25aRn,95,easy,1,15084,Decision Trees
tmTN8RB25aRn,96,easy,1,13216,Decision Trees
tmTN8RB25aRn,97,easy,1,14951,Cross-Validation
tmTN8RB25aRn,98,easy,1,13216,Cross-Validation
tmTN8RB25aRn,99,easy,1,13216,Cross-Validation
tmTN8RB25aRn,100,easy,1,12888,Decision Trees
tmTN8RB25aRn,101,easy,1,13216,Decision Trees
tmTN8RB25aRn,102,easy,1,14799,Decision Trees
tmTN8RB25aRn,103,hard,0,25844,K-means Clustering
tmTN8RB25aRn,104,easy,1,12888,Overfitting & Regularization
tmTN8RB25aRn,105,easy,1,15664,Overfitting & Regularization
tmTN8RB25aRn,106,easy,1,13110,Overfitting & Regularization
tmTN8RB25aRn,107,medium,0,36192,Classification
tmTN8RB25aRn,108,medium,1,23371,Decision Trees
tmTN8RB25aRn,109,medium,0,33098,Model Evaluation
tmTN8RB25aRn,110,easy,1,14799,Decision Trees
tmTN8RB25aRn,111,medium,1,27947,Decision Trees
tmTN8RB25aRn,112,easy,1,25780,Classification
tmTN8RB25aRn,113,easy,1,16742,Decision Trees
tmTN8RB25aRn,114,easy,0,29782,Decision Trees
tmTN8RB25aRn,115,easy,1,14799,Decision Trees
tmTN8RB25aRn,116,easy,1,17052,Decision Trees
tmTN8RB25aRn,117,easy,1,13216,Decision Trees
tmTN8RB25aRn,118,hard,0,29269,Classification
tmTN8RB25aRn,119,hard,0,32436,Decision Trees
tmTN8RB25aRn,120,easy,1,14951,Decision Trees
nWRIo9XQJBPf,91,easy,1,18300,Classification
nWRIo9XQJBPf,92,easy,1,15659,Overfitting & Regularization
nWRIo9XQJBPf,93,easy,1,15659,Model Evaluation
nWRIo9XQJBPf,94,easy,1,15659,Decision Trees
nWRIo9XQJBPf,95,easy,1,16485,Decision Trees
nWRIo9XQJBPf,96,easy,1,15115,Decision Trees
nWRIo9XQJBPf,97,easy,1,16384,Cross-Validation
nWRIo9XQJBPf,98,easy,1,15115,Cross-Validation
nWRIo9XQJBPf,99,easy,1,15115,Cross-Validation
nWRIo9XQJBPf,100,easy,1,13990,Decision Trees
nWRIo9XQJBPf,101,easy,1,15115,Decision Trees
nWRIo9XQJBPf,102,easy,0,22379,Decision Trees
nWRIo9XQJBPf,103,hard,1,26278,K-means Clustering
nWRIo9XQJBPf,104,easy,1,13990,Overfitting & Regularization
nWRIo9XQJBPf,105,easy,0,23830,Overfitting & Regularization
nWRIo9XQJBPf,106,easy,1,14994,Overfitting & Regularization
nWRIo9XQJBPf,107,medium,1,33529,Classification
nWRIo9XQJBPf,108,medium,0,32368,Decision Trees
nWRIo9XQJBPf,109,medium,0,31156,Model Evaluation
nWRIo9XQJBPf,110,easy,1,16245,Decision Trees
nWRIo9XQJBPf,111,medium,1,30632,Decision Trees
nWRIo9XQJBPf,112,easy,1,28512,Classification
nWRIo9XQJBPf,113,easy,1,18300,Decision Trees
nWRIo9XQJBPf,114,easy,0,31891,Decision Trees
nWRIo9XQJBPf,115,easy,1,16245,Decision Trees
nWRIo9XQJBPf,116,easy,1,18639,Decision Trees
nWRIo9XQJBPf,117,easy,1,15115,Decision Trees
nWRIo9XQJBPf,118,hard,1,30549,Classification
nWRIo9XQJBPf,119,hard,0,30533,Decision Trees
nWRIo9XQJBPf,120,easy,1,16384,Decision Trees
QblvTIly9IZU,91,easy,1,17813,Classification
QblvTIly9IZU,92,easy,1,13342,Overfitting & Regularization
QblvTIly9IZU,93,easy,1,13342,Model Evaluation
QblvTIly9IZU,94,easy,1,13342,Decision Trees
QblvTIly9IZU,95,easy,0,17985,Decision Trees
QblvTIly9IZU,96,easy,1,12795,Decision Trees
QblvTIly9IZU,97,easy,1,15536,Cross-Validation
QblvTIly9IZU,98,easy,1,12795,Cross-Validation
QblvTIly9IZU,99,easy,0,16545,Cross-Validation
QblvTIly9IZU,100,easy,0,14608,Decision Trees
QblvTIly9IZU,101,easy,1,12795,Decision Trees
QblvTIly9IZU,102,easy,0,18049,Decision Trees
QblvTIly9IZU,103,hard,0,19715,K-means Clustering
QblvTIly9IZU,104,easy,1,12774,Overfitting & Regularization
QblvTIly9IZU,105,easy,1,16600,Overfitting & Regularization
QblvTIly9IZU,106,easy,1,12693,Overfitting & Regularization
QblvTIly9IZU,107,medium,0,32093,Classification
QblvTIly9IZU,108,medium,0,27276,Decision Trees
QblvTIly9IZU,109,medium,1,29424,Model Evaluation
QblvTIly9IZU,110,easy,1,15407,Decision Trees
QblvTIly9IZU,111,medium,1,28970,Decision Trees
QblvTIly9IZU,112,easy,0,29548,Classification
QblvTIly9IZU,113,easy,1,17813,Decision Trees
QblvTIly9IZU,114,easy,0,26875,Decision Trees
QblvTIly9IZU,115,easy,0,18049,Decision Trees
QblvTIly9IZU,116,easy,1,18179,Decision Trees
QblvTIly9IZU,117,easy,1,12795,Decision Trees
QblvTIly9IZU,118,hard,1,28236,Classification
QblvTIly9IZU,119,hard,0,28232,Decision Trees
QblvTIly9IZU,120,easy,1,15536,Decision Trees
cn7NB6JfQDTq,91,easy,1,17590,Classification
cn7NB6JfQDTq,92,easy,1,13046,Overfitting & Regularization
cn7NB6JfQDTq,93,easy,1,13046,Model Evaluation
cn7NB6JfQDTq,94,easy,1,13046,Decision Trees
cn7NB6JfQDTq,95,easy,1,15104,Decision Trees
cn7NB6JfQDTq,96,easy,1,12635,Decision Trees
cn7NB6JfQDTq,97,easy,1,15341,Cross-Validation
cn7NB6JfQDTq,98,easy,1,12635,Cross-Validation
cn7NB6JfQDTq,99,easy,1,12635,Cross-Validation
cn7NB6JfQDTq,100,easy,1,12614,Decision Trees
cn7NB6JfQDTq,101,easy,1,12635,Decision Trees
cn7NB6JfQDTq,102,easy,1,15214,Decision Trees
cn7NB6JfQDTq,103,hard,1,22236,K-means Clustering
cn7NB6JfQDTq,104,easy,1,12614,Overfitting & Regularization
cn7NB6JfQDTq,105,easy,1,16392,Overfitting & Regularization
cn7NB6JfQDTq,106,easy,1,12534,Overfitting & Regularization
cn7NB6JfQDTq,107,medium,1,31149,Classification
cn7NB6JfQDTq,108,medium,1,24535,Decision Trees
cn7NB6JfQDTq,109,medium,0,28809,Model Evaluation
cn7NB6JfQDTq,110,easy,1,15214,Decision Trees
cn7NB6JfQDTq,111,medium,0,29688,Decision Trees
cn7NB6JfQDTq,112,easy,0,29548,Classification
cn7NB6JfQDTq,113,easy,1,17590,Decision Trees
cn7NB6JfQDTq,114,easy,1,24174,Decision Trees
cn7NB6JfQDTq,115,easy,1,15214,Decision Trees
cn7NB6JfQDTq,116,easy,1,17951,Decision Trees
cn7NB6JfQDTq,117,easy,1,12635,Decision Trees
cn7NB6JfQDTq,118,hard,0,24268,Classification
cn7NB6JfQDTq,119,hard,0,28232,Decision Trees
cn7NB6JfQDTq,120,easy,1,15341,Decision Trees
AG7urKue7Fzv,91,easy,1,25712,Classification
AG7urKue7Fzv,92,easy,0,26302,Overfitting & Regularization
AG7urKue7Fzv,93,easy,1,22001,Model Evaluation
AG7urKue7Fzv,94,easy,1,22001,Decision Trees
AG7urKue7Fzv,95,easy,1,23161,Decision Trees
AG7urKue7Fzv,96,easy,1,21236,Decision Trees
AG7urKue7Fzv,97,easy,1,23019,Cross-Validation
AG7urKue7Fzv,98,easy,1,21236,Cross-Validation
AG7urKue7Fzv,99,easy,1,21236,Cross-Validation
AG7urKue7Fzv,100,easy,1,19656,Decision Trees
AG7urKue7Fzv,101,easy,1,21236,Decision Trees
AG7urKue7Fzv,102,easy,1,22825,Decision Trees
AG7urKue7Fzv,103,hard,1,33971,K-means Clustering
AG7urKue7Fzv,104,easy,1,19656,Overfitting & Regularization
AG7urKue7Fzv,105,easy,1,24159,Overfitting & Regularization
AG7urKue7Fzv,106,easy,1,21066,Overfitting & Regularization
AG7urKue7Fzv,107,medium,1,42815,Classification
AG7urKue7Fzv,108,medium,0,41094,Decision Trees
AG7urKue7Fzv,109,medium,1,40379,Model Evaluation
AG7urKue7Fzv,110,easy,1,22825,Decision Trees
AG7urKue7Fzv,111,medium,1,39117,Decision Trees
AG7urKue7Fzv,112,easy,1,37870,Classification
AG7urKue7Fzv,113,easy,1,25712,Decision Trees
AG7urKue7Fzv,114,easy,0,40489,Decision Trees
AG7urKue7Fzv,115,easy,1,22825,Decision Trees
AG7urKue7Fzv,116,easy,1,26187,Decision Trees
AG7urKue7Fzv,117,easy,1,21236,Decision Trees
AG7urKue7Fzv,118,hard,0,30738,Classification
AG7urKue7Fzv,119,hard,0,36410,Decision Trees
AG7urKue7Fzv,120,easy,1,23019,Decision Trees
PgdsGKsedBAl,91,easy,1,16003,Classification
PgdsGKsedBAl,92,easy,1,11875,Overfitting & Regularization
PgdsGKsedBAl,93,easy,1,11875,Model Evaluation
PgdsGKsedBAl,94,easy,1,11875,Decision Trees
PgdsGKsedBAl,95,easy,0,17223,Decision Trees
PgdsGKsedBAl,96,easy,1,11424,Decision Trees
PgdsGKsedBAl,97,easy,1,13983,Cross-Validation
PgdsGKsedBAl,98,easy,1,11424,Cross-Validation
PgdsGKsedBAl,99,easy,1,11424,Cross-Validation
PgdsGKsedBAl,100,easy,1,11552,Decision Trees
PgdsGKsedBAl,101,easy,1,11424,Decision Trees
PgdsGKsedBAl,102,easy,1,13841,Decision Trees
PgdsGKsedBAl,103,hard,0,18950,K-means Clustering
PgdsGKsedBAl,104,easy,1,11552,Overfitting & Regularization
PgdsGKsedBAl,105,easy,1,14913,Overfitting & Regularization
PgdsGKsedBAl,106,easy,1,11333,Overfitting & Regularization
PgdsGKsedBAl,107,medium,0,28744,Classification
PgdsGKsedBAl,108,medium,1,21253,Decision Trees
PgdsGKsedBAl,109,medium,1,25413,Model Evaluation
PgdsGKsedBAl,110,easy,0,16977,Decision Trees
PgdsGKsedBAl,111,medium,0,26452,Decision Trees
PgdsGKsedBAl,112,easy,0,27565,Classification
PgdsGKsedBAl,113,easy,1,16003,Decision Trees
PgdsGKsedBAl,114,easy,1,20940,Decision Trees
PgdsGKsedBAl,115,easy,1,13841,Decision Trees
PgdsGKsedBAl,116,easy,1,16332,Decision Trees
PgdsGKsedBAl,117,easy,1,11424,Decision Trees
PgdsGKsedBAl,118,hard,0,21627,Classification
PgdsGKsedBAl,119,hard,1,25300,Decision Trees
PgdsGKsedBAl,120,easy,1,13983,Decision Trees
R8OVhINU7nka,91,easy,1,16911,Classification
R8OVhINU7nka,92,easy,1,14590,Overfitting & Regularization
R8OVhINU7nka,93,easy,1,14590,Model Evaluation
R8OVhINU7nka,94,easy,1,14590,Decision Trees
R8OVhINU7nka,95,easy,1,15374,Decision Trees
R8OVhINU7nka,96,easy,1,13928,Decision Trees
R8OVhINU7nka,97,easy,1,15280,Cross-Validation
R8OVhINU7nka,98,easy,1,13928,Cross-Validation
R8OVhINU7nka,99,easy,1,13928,Cross-Validation
R8OVhINU7nka,100,easy,1,13081,Decision Trees
R8OVhINU7nka,101,easy,1,13928,Decision Trees
R8OVhINU7nka,102,easy,1,15124,Decision Trees
R8OVhINU7nka,103,hard,0,22022,K-means Clustering
R8OVhINU7nka,104,easy,1,13081,Overfitting & Regularization
R8OVhINU7nka,105,easy,1,16009,Overfitting & Regularization
R8OVhINU7nka,106,easy,1,13817,Overfitting & Regularization
R8OVhINU7nka,107,medium,0,35201,Classification
R8OVhINU7nka,108,medium,1,23732,Decision Trees
R8OVhINU7nka,109,medium,1,28674,Model Evaluation
R8OVhINU7nka,110,easy,0,20913,Decision Trees
R8OVhINU7nka,111,medium,0,32394,Decision Trees
R8OVhINU7nka,112,easy,0,31121,Classification
R8OVhINU7nka,113,easy,1,16911,Decision Trees
R8OVhINU7nka,114,easy,1,23383,Decision Trees
R8OVhINU7nka,115,easy,1,15124,Decision Trees
R8OVhINU7nka,116,easy,0,22742,Decision Trees
R8OVhINU7nka,117,easy,1,13928,Decision Trees
R8OVhINU7nka,118,hard,0,25132,Classification
R8OVhINU7nka,119,hard,1,28547,Decision Trees
R8OVhINU7nka,120,easy,1,15280,Decision Trees
BOOMKrcykzvF,91,easy,0,15511,Classification
BOOMKrcykzvF,92,easy,1,10455,Overfitting & Regularization
BOOMKrcykzvF,93,easy,1,10455,Model Evaluation
BOOMKrcykzvF,94,easy,1,10455,Decision Trees
BOOMKrcykzvF,95,easy,0,14164,Decision Trees
BOOMKrcykzvF,96,easy,1,10143,Decision Trees
BOOMKrcykzvF,97,easy,1,13263,Cross-Validation
BOOMKrcykzvF,98,easy,0,12503,Cross-Validation
BOOMKrcykzvF,99,easy,0,12503,Cross-Validation
BOOMKrcykzvF,100,easy,1,10916,Decision Trees
BOOMKrcykzvF,101,easy,1,10143,Decision Trees
BOOMKrcykzvF,102,easy,1,13153,Decision Trees
BOOMKrcykzvF,103,hard,0,15594,K-means Clustering
BOOMKrcykzvF,104,easy,1,10916,Overfitting & Regularization
BOOMKrcykzvF,105,easy,0,14701,Overfitting & Regularization
BOOMKrcykzvF,106,easy,1,10427,Overfitting & Regularization
BOOMKrcykzvF,107,medium,1,25210,Classification
BOOMKrcykzvF,108,medium,1,19784,Decision Trees
BOOMKrcykzvF,109,medium,0,18819,Model Evaluation
BOOMKrcykzvF,110,easy,0,14038,Decision Trees
BOOMKrcykzvF,111,medium,0,19350,Decision Trees
BOOMKrcykzvF,112,easy,1,19044,Classification
BOOMKrcykzvF,113,easy,1,14219,Decision Trees
BOOMKrcykzvF,114,easy,1,19383,Decision Trees
BOOMKrcykzvF,115,easy,0,14038,Decision Trees
BOOMKrcykzvF,116,easy,0,15424,Decision Trees
BOOMKrcykzvF,117,easy,1,10143,Decision Trees
BOOMKrcykzvF,118,hard,0,15332,Classification
BOOMKrcykzvF,119,hard,0,18442,Decision Trees
BOOMKrcykzvF,120,easy,0,14249,Decision Trees
sCNAQlTJzusQ,91,easy,1,16003,Classification
sCNAQlTJzusQ,92,easy,1,11875,Overfitting & Regularization
sCNAQlTJzusQ,93,easy,1,11875,Model Evaluation
sCNAQlTJzusQ,94,easy,1,11875,Decision Trees
sCNAQlTJzusQ,95,easy,1,13990,Decision Trees
sCNAQlTJzusQ,96,easy,1,11424,Decision Trees
sCNAQlTJzusQ,97,easy,1,13983,Cross-Validation
sCNAQlTJzusQ,98,easy,1,11424,Cross-Validation
sCNAQlTJzusQ,99,easy,1,11424,Cross-Validation
sCNAQlTJzusQ,100,easy,1,11552,Decision Trees
sCNAQlTJzusQ,101,easy,1,11424,Decision Trees
sCNAQlTJzusQ,102,easy,1,13841,Decision Trees
sCNAQlTJzusQ,103,hard,0,18950,K-means Clustering
sCNAQlTJzusQ,104,easy,1,11552,Overfitting & Regularization
sCNAQlTJzusQ,105,easy,1,14913,Overfitting & Regularization
sCNAQlTJzusQ,106,easy,1,11333,Overfitting & Regularization
sCNAQlTJzusQ,107,medium,0,28744,Classification
sCNAQlTJzusQ,108,medium,1,21253,Decision Trees
sCNAQlTJzusQ,109,medium,1,25413,Model Evaluation
sCNAQlTJzusQ,110,easy,0,16977,Decision Trees
sCNAQlTJzusQ,111,medium,0,26452,Decision Trees
sCNAQlTJzusQ,112,easy,1,24080,Classification
sCNAQlTJzusQ,113,easy,1,16003,Decision Trees
sCNAQlTJzusQ,114,easy,0,24148,Decision Trees
sCNAQlTJzusQ,115,easy,1,13841,Decision Trees
sCNAQlTJzusQ,116,easy,0,20840,Decision Trees
sCNAQlTJzusQ,117,easy,1,11424,Decision Trees
sCNAQlTJzusQ,118,hard,0,21627,Classification
sCNAQlTJzusQ,119,hard,1,25300,Decision Trees
sCNAQlTJzusQ,120,easy,1,13983,Decision Trees
jkDHRLkdOO06,121,easy,1,14532,Decision Trees
jkDHRLkdOO06,122,hard,0,32490,Association Rules
jkDHRLkdOO06,123,easy,1,14678,Association Rules
jkDHRLkdOO06,124,easy,1,14339,Association Rules
jkDHRLkdOO06,125,easy,1,14532,Apriori Algorithm
jkDHRLkdOO06,126,easy,1,18130,Association Rules
jkDHRLkdOO06,127,medium,1,29208,Association Rules
jkDHRLkdOO06,128,easy,1,19809,Association Rules
jkDHRLkdOO06,129,easy,1,14678,FP-growth
jkDHRLkdOO06,130,easy,1,12991,Apriori Algorithm
jkDHRLkdOO06,131,easy,1,14026,Unsupervised Learning
jkDHRLkdOO06,132,easy,1,20706,Rule Metrics
jkDHRLkdOO06,133,easy,1,20936,Association Rules
jkDHRLkdOO06,134,medium,0,31584,Rule Metrics
jkDHRLkdOO06,135,easy,1,12991,Association Rules
jkDHRLkdOO06,136,easy,1,16983,Association Rules
jkDHRLkdOO06,137,easy,1,14339,Association Rules
jkDHRLkdOO06,138,easy,1,14532,Association Rules
jkDHRLkdOO06,139,easy,1,15298,Association Rules
jkDHRLkdOO06,140,easy,1,12991,Apriori Algorithm
jkDHRLkdOO06,141,easy,1,14532,Data Types
jkDHRLkdOO06,142,easy,1,16983,FP-growth
jkDHRLkdOO06,143,easy,1,15298,Association Rules
jkDHRLkdOO06,144,easy,1,18130,Data Types
jkDHRLkdOO06,145,hard,0,27974,Data Types
jkDHRLkdOO06,146,easy,1,20880,Association Rules
jkDHRLkdOO06,147,medium,1,28904,General
jkDHRLkdOO06,148,medium,1,29208,Rule Metrics
jkDHRLkdOO06,149,easy,1,24033,Association Rules
jkDHRLkdOO06,150,easy,1,16439,Association Rules
cCanr1FJP4WP,121,easy,1,14532,Decision Trees
cCanr1FJP4WP,122,hard,0,32490,Association Rules
cCanr1FJP4WP,123,easy,1,14678,Association Rules
cCanr1FJP4WP,124,easy,1,14339,Association Rules
cCanr1FJP4WP,125,easy,1,14532,Apriori Algorithm
cCanr1FJP4WP,126,easy,1,18130,Association Rules
cCanr1FJP4WP,127,medium,1,29208,Association Rules
cCanr1FJP4WP,128,easy,1,19809,Association Rules
cCanr1FJP4WP,129,easy,1,14678,FP-growth
cCanr1FJP4WP,130,easy,1,12991,Apriori Algorithm
cCanr1FJP4WP,131,easy,1,14026,Unsupervised Learning
cCanr1FJP4WP,132,easy,1,20706,Rule Metrics
cCanr1FJP4WP,133,easy,1,20936,Association Rules
cCanr1FJP4WP,134,medium,0,31584,Rule Metrics
cCanr1FJP4WP,135,easy,1,12991,Association Rules
cCanr1FJP4WP,136,easy,1,16983,Association Rules
cCanr1FJP4WP,137,easy,1,14339,Association Rules
cCanr1FJP4WP,138,easy,1,14532,Association Rules
cCanr1FJP4WP,139,easy,1,15298,Association Rules
cCanr1FJP4WP,140,easy,1,12991,Apriori Algorithm
cCanr1FJP4WP,141,easy,1,14532,Data Types
cCanr1FJP4WP,142,easy,1,16983,FP-growth
cCanr1FJP4WP,143,easy,1,15298,Association Rules
cCanr1FJP4WP,144,easy,1,18130,Data Types
cCanr1FJP4WP,145,hard,0,27974,Data Types
cCanr1FJP4WP,146,easy,1,20880,Association Rules
cCanr1FJP4WP,147,medium,1,28904,General
cCanr1FJP4WP,148,medium,1,29208,Rule Metrics
cCanr1FJP4WP,149,easy,1,24033,Association Rules
cCanr1FJP4WP,150,easy,1,16439,Association Rules
P76XnTmOjZzU,121,easy,1,15659,Decision Trees
P76XnTmOjZzU,122,hard,0,34377,Association Rules
P76XnTmOjZzU,123,easy,1,15817,Association Rules
P76XnTmOjZzU,124,easy,1,15451,Association Rules
P76XnTmOjZzU,125,easy,1,15659,Apriori Algorithm
P76XnTmOjZzU,126,easy,1,19536,Association Rules
P76XnTmOjZzU,127,medium,1,31474,Association Rules
P76XnTmOjZzU,128,easy,1,21346,Association Rules
P76XnTmOjZzU,129,easy,1,15817,FP-growth
P76XnTmOjZzU,130,easy,1,13999,Apriori Algorithm
P76XnTmOjZzU,131,easy,1,15115,Unsupervised Learning
P76XnTmOjZzU,132,easy,1,22313,Rule Metrics
P76XnTmOjZzU,133,easy,1,22560,Association Rules
P76XnTmOjZzU,134,medium,0,33419,Rule Metrics
P76XnTmOjZzU,135,easy,1,13999,Association Rules
P76XnTmOjZzU,136,easy,1,18300,Association Rules
P76XnTmOjZzU,137,easy,1,15451,Association Rules
P76XnTmOjZzU,138,easy,1,15659,Association Rules
P76XnTmOjZzU,139,easy,1,16485,Association Rules
P76XnTmOjZzU,140,easy,1,13999,Apriori Algorithm
P76XnTmOjZzU,141,easy,1,15659,Data Types
P76XnTmOjZzU,142,easy,1,18300,FP-growth
P76XnTmOjZzU,143,easy,1,16485,Association Rules
P76XnTmOjZzU,144,easy,1,19536,Data Types
P76XnTmOjZzU,145,hard,0,29881,Data Types
P76XnTmOjZzU,146,easy,1,22500,Association Rules
P76XnTmOjZzU,147,medium,1,31146,General
P76XnTmOjZzU,148,medium,1,31474,Rule Metrics
P76XnTmOjZzU,149,easy,1,25897,Association Rules
P76XnTmOjZzU,150,easy,1,17714,Association Rules
m7l9wOWJlnvS,121,easy,1,14532,Decision Trees
m7l9wOWJlnvS,122,hard,0,32490,Association Rules
m7l9wOWJlnvS,123,easy,1,14678,Association Rules
m7l9wOWJlnvS,124,easy,1,14339,Association Rules
m7l9wOWJlnvS,125,easy,1,14532,Apriori Algorithm
m7l9wOWJlnvS,126,easy,1,18130,Association Rules
m7l9wOWJlnvS,127,medium,1,29208,Association Rules
m7l9wOWJlnvS,128,easy,1,19809,Association Rules
m7l9wOWJlnvS,129,easy,1,14678,FP-growth
m7l9wOWJlnvS,130,easy,1,12991,Apriori Algorithm
m7l9wOWJlnvS,131,easy,1,14026,Unsupervised Learning
m7l9wOWJlnvS,132,easy,1,20706,Rule Metrics
m7l9wOWJlnvS,133,easy,1,20936,Association Rules
m7l9wOWJlnvS,134,medium,0,31584,Rule Metrics
m7l9wOWJlnvS,135,easy,1,12991,Association Rules
m7l9wOWJlnvS,136,easy,1,16983,Association Rules
m7l9wOWJlnvS,137,easy,1,14339,Association Rules
m7l9wOWJlnvS,138,easy,1,14532,Association Rules
m7l9wOWJlnvS,139,easy,1,15298,Association Rules
m7l9wOWJlnvS,140,easy,1,12991,Apriori Algorithm
m7l9wOWJlnvS,141,easy,1,14532,Data Types
m7l9wOWJlnvS,142,easy,1,16983,FP-growth
m7l9wOWJlnvS,143,easy,1,15298,Association Rules
m7l9wOWJlnvS,144,easy,1,18130,Data Types
m7l9wOWJlnvS,145,hard,0,27974,Data Types
m7l9wOWJlnvS,146,easy,1,20880,Association Rules
m7l9wOWJlnvS,147,medium,1,28904,General
m7l9wOWJlnvS,148,medium,1,29208,Rule Metrics
m7l9wOWJlnvS,149,easy,1,24033,Association Rules
m7l9wOWJlnvS,150,easy,1,16439,Association Rules
d5279GvwAinX,121,easy,1,11845,Decision Trees
d5279GvwAinX,122,hard,0,28304,Association Rules
d5279GvwAinX,123,easy,1,14027,Association Rules
d5279GvwAinX,124,easy,1,13703,Association Rules
d5279GvwAinX,125,easy,1,11845,Apriori Algorithm
d5279GvwAinX,126,easy,1,17839,Association Rules
d5279GvwAinX,127,medium,1,27546,Association Rules
d5279GvwAinX,128,easy,0,20569,Association Rules
d5279GvwAinX,129,easy,0,15575,FP-growth
d5279GvwAinX,130,easy,1,10009,Apriori Algorithm
d5279GvwAinX,131,easy,1,11492,Unsupervised Learning
d5279GvwAinX,132,easy,1,20275,Rule Metrics
d5279GvwAinX,133,easy,0,21936,Association Rules
d5279GvwAinX,134,medium,0,25034,Rule Metrics
d5279GvwAinX,135,easy,1,10009,Association Rules
d5279GvwAinX,136,easy,1,16782,Association Rules
d5279GvwAinX,137,easy,1,13703,Association Rules
d5279GvwAinX,138,easy,1,11845,Association Rules
d5279GvwAinX,139,easy,1,14430,Association Rules
d5279GvwAinX,140,easy,1,10009,Apriori Algorithm
d5279GvwAinX,141,easy,1,11845,Data Types
d5279GvwAinX,142,easy,1,16782,FP-growth
d5279GvwAinX,143,easy,1,14430,Association Rules
d5279GvwAinX,144,easy,0,19476,Data Types
d5279GvwAinX,145,hard,0,21420,Data Types
d5279GvwAinX,146,easy,0,21878,Association Rules
d5279GvwAinX,147,medium,0,26640,General
d5279GvwAinX,148,medium,1,27546,Rule Metrics
d5279GvwAinX,149,easy,1,22622,Association Rules
d5279GvwAinX,150,easy,0,18684,Association Rules
IWu147zvpRWb,121,easy,1,11841,Decision Trees
IWu147zvpRWb,122,hard,1,30885,Association Rules
IWu147zvpRWb,123,easy,1,13643,Association Rules
IWu147zvpRWb,124,easy,1,13327,Association Rules
IWu147zvpRWb,125,easy,1,11841,Apriori Algorithm
IWu147zvpRWb,126,easy,1,18076,Association Rules
IWu147zvpRWb,127,medium,0,30068,Association Rules
IWu147zvpRWb,128,easy,1,19759,Association Rules
IWu147zvpRWb,129,easy,0,15506,FP-growth
IWu147zvpRWb,130,easy,1,10561,Apriori Algorithm
IWu147zvpRWb,131,easy,0,15000,Unsupervised Learning
IWu147zvpRWb,132,easy,1,20653,Rule Metrics
IWu147zvpRWb,133,easy,1,20882,Association Rules
IWu147zvpRWb,134,medium,0,26988,Rule Metrics
IWu147zvpRWb,135,easy,1,10561,Association Rules
IWu147zvpRWb,136,easy,1,16775,Association Rules
IWu147zvpRWb,137,easy,1,13327,Association Rules
IWu147zvpRWb,138,easy,1,11841,Association Rules
IWu147zvpRWb,139,easy,1,14404,Association Rules
IWu147zvpRWb,140,easy,1,10561,Apriori Algorithm
IWu147zvpRWb,141,easy,1,11841,Data Types
IWu147zvpRWb,142,easy,1,16775,FP-growth
IWu147zvpRWb,143,easy,1,14404,Association Rules
IWu147zvpRWb,144,easy,1,18076,Data Types
IWu147zvpRWb,145,hard,0,23923,Data Types
IWu147zvpRWb,146,easy,1,20827,Association Rules
IWu147zvpRWb,147,medium,1,28022,General
IWu147zvpRWb,148,medium,0,30068,Rule Metrics
IWu147zvpRWb,149,easy,1,23830,Association Rules
IWu147zvpRWb,150,easy,1,16214,Association Rules
W0EkQhrkI3an,121,easy,1,10621,Decision Trees
W0EkQhrkI3an,122,hard,0,25076,Association Rules
W0EkQhrkI3an,123,easy,1,11682,Association Rules
W0EkQhrkI3an,124,easy,1,11412,Association Rules
W0EkQhrkI3an,125,easy,1,10621,Apriori Algorithm
W0EkQhrkI3an,126,easy,1,15310,Association Rules
W0EkQhrkI3an,127,medium,0,23916,Association Rules
W0EkQhrkI3an,128,easy,1,16729,Association Rules
W0EkQhrkI3an,129,easy,1,11682,FP-growth
W0EkQhrkI3an,130,easy,1,9393,Apriori Algorithm
W0EkQhrkI3an,131,easy,1,10218,Unsupervised Learning
W0EkQhrkI3an,132,easy,0,20122,Rule Metrics
W0EkQhrkI3an,133,easy,0,20239,Association Rules
W0EkQhrkI3an,134,medium,0,22179,Rule Metrics
W0EkQhrkI3an,135,easy,1,9393,Association Rules
W0EkQhrkI3an,136,easy,1,14398,Association Rules
W0EkQhrkI3an,137,easy,1,11412,Association Rules
W0EkQhrkI3an,138,easy,1,10621,Association Rules
W0EkQhrkI3an,139,easy,1,12156,Association Rules
W0EkQhrkI3an,140,easy,1,9393,Apriori Algorithm
W0EkQhrkI3an,141,easy,1,10621,Data Types
W0EkQhrkI3an,142,easy,1,14398,FP-growth
W0EkQhrkI3an,143,easy,1,12156,Association Rules
W0EkQhrkI3an,144,easy,1,15310,Data Types
W0EkQhrkI3an,145,hard,0,19480,Data Types
W0EkQhrkI3an,146,easy,0,20185,Association Rules
W0EkQhrkI3an,147,medium,0,23641,General
W0EkQhrkI3an,148,medium,1,22622,Rule Metrics
W0EkQhrkI3an,149,easy,0,21722,Association Rules
W0EkQhrkI3an,150,easy,1,13917,Association Rules
w1PmKgj9FomZ,121,easy,1,14796,Decision Trees
w1PmKgj9FomZ,122,hard,0,33085,Association Rules
w1PmKgj9FomZ,123,easy,1,14945,Association Rules
w1PmKgj9FomZ,124,easy,1,14600,Association Rules
w1PmKgj9FomZ,125,easy,1,14796,Apriori Algorithm
w1PmKgj9FomZ,126,easy,1,18460,Association Rules
w1PmKgj9FomZ,127,medium,1,29739,Association Rules
w1PmKgj9FomZ,128,easy,1,20170,Association Rules
w1PmKgj9FomZ,129,easy,1,14945,FP-growth
w1PmKgj9FomZ,130,easy,1,13228,Apriori Algorithm
w1PmKgj9FomZ,131,easy,1,14282,Unsupervised Learning
w1PmKgj9FomZ,132,easy,1,21083,Rule Metrics
w1PmKgj9FomZ,133,easy,0,25622,Association Rules
w1PmKgj9FomZ,134,medium,0,32162,Rule Metrics
w1PmKgj9FomZ,135,easy,1,13228,Association Rules
w1PmKgj9FomZ,136,easy,1,17292,Association Rules
w1PmKgj9FomZ,137,easy,1,14600,Association Rules
w1PmKgj9FomZ,138,easy,1,14796,Association Rules
w1PmKgj9FomZ,139,easy,1,15576,Association Rules
w1PmKgj9FomZ,140,easy,1,13228,Apriori Algorithm
w1PmKgj9FomZ,141,easy,1,14796,Data Types
w1PmKgj9FomZ,142,easy,1,17292,FP-growth
w1PmKgj9FomZ,143,easy,1,15576,Association Rules
w1PmKgj9FomZ,144,easy,1,18460,Data Types
w1PmKgj9FomZ,145,hard,0,28757,Data Types
w1PmKgj9FomZ,146,easy,1,21260,Association Rules
w1PmKgj9FomZ,147,medium,0,34281,General
w1PmKgj9FomZ,148,medium,1,29739,Rule Metrics
w1PmKgj9FomZ,149,easy,1,24470,Association Rules
w1PmKgj9FomZ,150,easy,1,16738,Association Rules
7VLP2mvnxjRS,121,easy,1,13036,Decision Trees
7VLP2mvnxjRS,122,hard,0,28854,Association Rules
7VLP2mvnxjRS,123,easy,1,13729,Association Rules
7VLP2mvnxjRS,124,easy,1,13412,Association Rules
7VLP2mvnxjRS,125,easy,1,13036,Apriori Algorithm
7VLP2mvnxjRS,126,easy,0,21327,Association Rules
7VLP2mvnxjRS,127,medium,0,27689,Association Rules
7VLP2mvnxjRS,128,easy,1,18854,Association Rules
7VLP2mvnxjRS,129,easy,1,13729,FP-growth
7VLP2mvnxjRS,130,easy,1,11771,Apriori Algorithm
7VLP2mvnxjRS,131,easy,1,12709,Unsupervised Learning
7VLP2mvnxjRS,132,easy,1,19708,Rule Metrics
7VLP2mvnxjRS,133,easy,0,22810,Association Rules
7VLP2mvnxjRS,134,medium,1,24918,Rule Metrics
7VLP2mvnxjRS,135,easy,1,11771,Association Rules
7VLP2mvnxjRS,136,easy,1,16304,Association Rules
7VLP2mvnxjRS,137,easy,1,13412,Association Rules
7VLP2mvnxjRS,138,easy,1,13036,Association Rules
7VLP2mvnxjRS,139,easy,1,14461,Association Rules
7VLP2mvnxjRS,140,easy,1,11771,Apriori Algorithm
7VLP2mvnxjRS,141,easy,1,13036,Data Types
7VLP2mvnxjRS,142,easy,1,16304,FP-growth
7VLP2mvnxjRS,143,easy,1,14461,Association Rules
7VLP2mvnxjRS,144,easy,0,21327,Data Types
7VLP2mvnxjRS,145,hard,0,23041,Data Types
7VLP2mvnxjRS,146,easy,0,22749,Association Rules
7VLP2mvnxjRS,147,medium,1,25918,General
7VLP2mvnxjRS,148,medium,1,26191,Rule Metrics
7VLP2mvnxjRS,149,easy,1,21830,Association Rules
7VLP2mvnxjRS,150,easy,1,15759,Association Rules
St7VKJfT2MTq,121,easy,1,13036,Decision Trees
St7VKJfT2MTq,122,hard,1,28567,Association Rules
St7VKJfT2MTq,123,easy,1,13729,Association Rules
St7VKJfT2MTq,124,easy,1,13412,Association Rules
St7VKJfT2MTq,125,easy,1,13036,Apriori Algorithm
St7VKJfT2MTq,126,easy,1,17255,Association Rules
St7VKJfT2MTq,127,medium,0,27689,Association Rules
St7VKJfT2MTq,128,easy,1,18854,Association Rules
St7VKJfT2MTq,129,easy,1,13729,FP-growth
St7VKJfT2MTq,130,easy,1,11771,Apriori Algorithm
St7VKJfT2MTq,131,easy,1,12709,Unsupervised Learning
St7VKJfT2MTq,132,easy,1,19708,Rule Metrics
St7VKJfT2MTq,133,easy,1,19926,Association Rules
St7VKJfT2MTq,134,medium,1,24918,Rule Metrics
St7VKJfT2MTq,135,easy,1,11771,Association Rules
St7VKJfT2MTq,136,easy,0,21351,Association Rules
St7VKJfT2MTq,137,easy,1,13412,Association Rules
St7VKJfT2MTq,138,easy,1,13036,Association Rules
St7VKJfT2MTq,139,easy,1,14461,Association Rules
St7VKJfT2MTq,140,easy,1,11771,Apriori Algorithm
St7VKJfT2MTq,141,easy,1,13036,Data Types
St7VKJfT2MTq,142,easy,1,16304,FP-growth
St7VKJfT2MTq,143,easy,1,14461,Association Rules
St7VKJfT2MTq,144,easy,1,17255,Data Types
St7VKJfT2MTq,145,hard,0,23041,Data Types
St7VKJfT2MTq,146,easy,1,19873,Association Rules
St7VKJfT2MTq,147,medium,1,25918,General
St7VKJfT2MTq,148,medium,0,27689,Rule Metrics
St7VKJfT2MTq,149,easy,1,21830,Association Rules
St7VKJfT2MTq,150,easy,1,15759,Association Rules
BhvtwuIg7wvF,121,easy,1,12670,Decision Trees
BhvtwuIg7wvF,122,hard,1,24599,Association Rules
BhvtwuIg7wvF,123,easy,1,12078,Association Rules
BhvtwuIg7wvF,124,easy,0,15391,Association Rules
BhvtwuIg7wvF,125,easy,1,12670,Apriori Algorithm
BhvtwuIg7wvF,126,easy,1,14397,Association Rules
BhvtwuIg7wvF,127,medium,0,22857,Association Rules
BhvtwuIg7wvF,128,easy,1,15731,Association Rules
BhvtwuIg7wvF,129,easy,1,12078,FP-growth
BhvtwuIg7wvF,130,easy,1,11203,Apriori Algorithm
BhvtwuIg7wvF,131,easy,1,11375,Unsupervised Learning
BhvtwuIg7wvF,132,easy,0,18922,Rule Metrics
BhvtwuIg7wvF,133,easy,0,19032,Association Rules
BhvtwuIg7wvF,134,medium,0,22509,Rule Metrics
BhvtwuIg7wvF,135,easy,1,11203,Association Rules
BhvtwuIg7wvF,136,easy,1,13843,Association Rules
BhvtwuIg7wvF,137,easy,1,11798,Association Rules
BhvtwuIg7wvF,138,easy,1,12670,Association Rules
BhvtwuIg7wvF,139,easy,1,12555,Association Rules
BhvtwuIg7wvF,140,easy,1,11203,Apriori Algorithm
BhvtwuIg7wvF,141,easy,1,12670,Data Types
BhvtwuIg7wvF,142,easy,1,13843,FP-growth
BhvtwuIg7wvF,143,easy,1,12555,Association Rules
BhvtwuIg7wvF,144,easy,1,14397,Data Types
BhvtwuIg7wvF,145,hard,0,19538,Data Types
BhvtwuIg7wvF,146,easy,1,16581,Association Rules
BhvtwuIg7wvF,147,medium,0,22457,General
BhvtwuIg7wvF,148,medium,0,22857,Rule Metrics
BhvtwuIg7wvF,149,easy,0,20782,Association Rules
BhvtwuIg7wvF,150,easy,1,13500,Association Rules
KwlNeadgH2OL,121,easy,1,13612,Decision Trees
KwlNeadgH2OL,122,hard,1,30118,Association Rules
KwlNeadgH2OL,123,easy,1,13487,Association Rules
KwlNeadgH2OL,124,easy,1,13175,Association Rules
KwlNeadgH2OL,125,easy,1,13612,Apriori Algorithm
KwlNeadgH2OL,126,easy,1,16160,Association Rules
KwlNeadgH2OL,127,medium,0,31388,Association Rules
KwlNeadgH2OL,128,easy,1,17706,Association Rules
KwlNeadgH2OL,129,easy,1,13487,FP-growth
KwlNeadgH2OL,130,easy,1,11937,Apriori Algorithm
KwlNeadgH2OL,131,easy,1,12233,Unsupervised Learning
KwlNeadgH2OL,132,easy,1,18457,Rule Metrics
KwlNeadgH2OL,133,easy,0,22842,Association Rules
KwlNeadgH2OL,134,medium,0,29356,Rule Metrics
KwlNeadgH2OL,135,easy,1,11937,Association Rules
KwlNeadgH2OL,136,easy,1,15439,Association Rules
KwlNeadgH2OL,137,easy,1,13175,Association Rules
KwlNeadgH2OL,138,easy,1,13612,Association Rules
KwlNeadgH2OL,139,easy,1,13947,Association Rules
KwlNeadgH2OL,140,easy,1,11937,Apriori Algorithm
KwlNeadgH2OL,141,easy,1,13612,Data Types
KwlNeadgH2OL,142,easy,1,15439,FP-growth
KwlNeadgH2OL,143,easy,1,13947,Association Rules
KwlNeadgH2OL,144,easy,1,16160,Data Types
KwlNeadgH2OL,145,hard,0,26737,Data Types
KwlNeadgH2OL,146,easy,1,18664,Association Rules
KwlNeadgH2OL,147,medium,1,26000,General
KwlNeadgH2OL,148,medium,0,31388,Rule Metrics
KwlNeadgH2OL,149,easy,1,21249,Association Rules
KwlNeadgH2OL,150,easy,1,14945,Association Rules
C6BcTLw4mOKQ,121,easy,1,14796,Decision Trees
C6BcTLw4mOKQ,122,hard,1,32687,Association Rules
C6BcTLw4mOKQ,123,easy,1,14945,Association Rules
C6BcTLw4mOKQ,124,easy,1,14600,Association Rules
C6BcTLw4mOKQ,125,easy,1,14796,Apriori Algorithm
C6BcTLw4mOKQ,126,easy,1,18460,Association Rules
C6BcTLw4mOKQ,127,medium,0,34893,Association Rules
C6BcTLw4mOKQ,128,easy,1,20170,Association Rules
C6BcTLw4mOKQ,129,easy,1,14945,FP-growth
C6BcTLw4mOKQ,130,easy,1,13228,Apriori Algorithm
C6BcTLw4mOKQ,131,easy,1,14282,Unsupervised Learning
C6BcTLw4mOKQ,132,easy,1,21083,Rule Metrics
C6BcTLw4mOKQ,133,easy,0,25622,Association Rules
C6BcTLw4mOKQ,134,medium,0,32162,Rule Metrics
C6BcTLw4mOKQ,135,easy,1,13228,Association Rules
C6BcTLw4mOKQ,136,easy,1,17292,Association Rules
C6BcTLw4mOKQ,137,easy,1,14600,Association Rules
C6BcTLw4mOKQ,138,easy,1,14796,Association Rules
C6BcTLw4mOKQ,139,easy,1,15576,Association Rules
C6BcTLw4mOKQ,140,easy,1,13228,Apriori Algorithm
C6BcTLw4mOKQ,141,easy,1,14796,Data Types
C6BcTLw4mOKQ,142,easy,0,23730,FP-growth
C6BcTLw4mOKQ,143,easy,1,15576,Association Rules
C6BcTLw4mOKQ,144,easy,1,18460,Data Types
C6BcTLw4mOKQ,145,hard,0,28757,Data Types
C6BcTLw4mOKQ,146,easy,1,21260,Association Rules
C6BcTLw4mOKQ,147,medium,1,29430,General
C6BcTLw4mOKQ,148,medium,0,34893,Rule Metrics
C6BcTLw4mOKQ,149,easy,1,24470,Association Rules
C6BcTLw4mOKQ,150,easy,1,16738,Association Rules
k4QQVURTfMls,121,easy,1,11379,Decision Trees
k4QQVURTfMls,122,hard,1,28602,Association Rules
k4QQVURTfMls,123,easy,1,13265,Association Rules
k4QQVURTfMls,124,easy,1,12958,Association Rules
k4QQVURTfMls,125,easy,1,11379,Apriori Algorithm
k4QQVURTfMls,126,easy,1,17767,Association Rules
k4QQVURTfMls,127,medium,1,26570,Association Rules
k4QQVURTfMls,128,easy,1,18804,Association Rules
k4QQVURTfMls,129,easy,0,14488,FP-growth
k4QQVURTfMls,130,easy,1,9615,Apriori Algorithm
k4QQVURTfMls,131,easy,1,11040,Unsupervised Learning
k4QQVURTfMls,132,easy,1,19714,Rule Metrics
k4QQVURTfMls,133,easy,0,19834,Association Rules
k4QQVURTfMls,134,medium,1,25004,Rule Metrics
k4QQVURTfMls,135,easy,1,9615,Association Rules
k4QQVURTfMls,136,easy,1,16281,Association Rules
k4QQVURTfMls,137,easy,1,12958,Association Rules
k4QQVURTfMls,138,easy,1,11379,Association Rules
k4QQVURTfMls,139,easy,1,13942,Association Rules
k4QQVURTfMls,140,easy,1,9615,Apriori Algorithm
k4QQVURTfMls,141,easy,1,11379,Data Types
k4QQVURTfMls,142,easy,1,16281,FP-growth
k4QQVURTfMls,143,easy,1,13942,Association Rules
k4QQVURTfMls,144,easy,0,18627,Data Types
k4QQVURTfMls,145,hard,0,18797,Data Types
k4QQVURTfMls,146,easy,0,19781,Association Rules
k4QQVURTfMls,147,medium,1,26008,General
k4QQVURTfMls,148,medium,0,25071,Rule Metrics
k4QQVURTfMls,149,easy,0,21743,Association Rules
k4QQVURTfMls,150,easy,0,17830,Association Rules
pS17HUA271Nx,121,easy,1,11884,Decision Trees
pS17HUA271Nx,122,hard,0,27581,Association Rules
pS17HUA271Nx,123,easy,1,13071,Association Rules
pS17HUA271Nx,124,easy,1,12769,Association Rules
pS17HUA271Nx,125,easy,1,11884,Apriori Algorithm
pS17HUA271Nx,126,easy,1,16839,Association Rules
pS17HUA271Nx,127,medium,1,24882,Association Rules
pS17HUA271Nx,128,easy,1,18400,Association Rules
pS17HUA271Nx,129,easy,1,13071,FP-growth
pS17HUA271Nx,130,easy,1,10590,Apriori Algorithm
pS17HUA271Nx,131,easy,1,11434,Unsupervised Learning
pS17HUA271Nx,132,easy,1,19233,Rule Metrics
pS17HUA271Nx,133,easy,1,19446,Association Rules
pS17HUA271Nx,134,medium,1,23818,Rule Metrics
pS17HUA271Nx,135,easy,1,10590,Association Rules
pS17HUA271Nx,136,easy,1,16016,Association Rules
pS17HUA271Nx,137,easy,1,12769,Association Rules
pS17HUA271Nx,138,easy,1,11884,Association Rules
pS17HUA271Nx,139,easy,1,13602,Association Rules
pS17HUA271Nx,140,easy,1,10590,Apriori Algorithm
pS17HUA271Nx,141,easy,1,11884,Data Types
pS17HUA271Nx,142,easy,1,16016,FP-growth
pS17HUA271Nx,143,easy,1,13602,Association Rules
pS17HUA271Nx,144,easy,0,20813,Data Types
pS17HUA271Nx,145,hard,0,21728,Data Types
pS17HUA271Nx,146,easy,1,19395,Association Rules
pS17HUA271Nx,147,medium,1,24774,General
pS17HUA271Nx,148,medium,1,24882,Rule Metrics
pS17HUA271Nx,149,easy,1,20718,Association Rules
pS17HUA271Nx,150,easy,1,15481,Association Rules
xPRdKA5UBNGM,121,easy,1,15659,Decision Trees
xPRdKA5UBNGM,122,hard,0,34377,Association Rules
xPRdKA5UBNGM,123,easy,1,15817,Association Rules
xPRdKA5UBNGM,124,easy,1,15451,Association Rules
xPRdKA5UBNGM,125,easy,1,15659,Apriori Algorithm
xPRdKA5UBNGM,126,easy,1,19536,Association Rules
xPRdKA5UBNGM,127,medium,1,31474,Association Rules
xPRdKA5UBNGM,128,easy,1,21346,Association Rules
xPRdKA5UBNGM,129,easy,1,15817,FP-growth
xPRdKA5UBNGM,130,easy,1,13999,Apriori Algorithm
xPRdKA5UBNGM,131,easy,1,15115,Unsupervised Learning
xPRdKA5UBNGM,132,easy,1,22313,Rule Metrics
xPRdKA5UBNGM,133,easy,1,22560,Association Rules
xPRdKA5UBNGM,134,medium,1,29944,Rule Metrics
xPRdKA5UBNGM,135,easy,1,13999,Association Rules
xPRdKA5UBNGM,136,easy,1,18300,Association Rules
xPRdKA5UBNGM,137,easy,1,15451,Association Rules
xPRdKA5UBNGM,138,easy,1,15659,Association Rules
xPRdKA5UBNGM,139,easy,1,16485,Association Rules
xPRdKA5UBNGM,140,easy,1,13999,Apriori Algorithm
xPRdKA5UBNGM,141,easy,1,15659,Data Types
xPRdKA5UBNGM,142,easy,1,18300,FP-growth
xPRdKA5UBNGM,143,easy,1,16485,Association Rules
xPRdKA5UBNGM,144,easy,1,19536,Data Types
xPRdKA5UBNGM,145,hard,1,35573,Data Types
xPRdKA5UBNGM,146,easy,1,22500,Association Rules
xPRdKA5UBNGM,147,medium,0,35621,General
xPRdKA5UBNGM,148,medium,1,31474,Rule Metrics
xPRdKA5UBNGM,149,easy,1,25897,Association Rules
xPRdKA5UBNGM,150,easy,1,17714,Association Rules
OHaSXzUdzChO,121,easy,1,14711,Decision Trees
OHaSXzUdzChO,122,hard,0,32408,Association Rules
OHaSXzUdzChO,123,easy,1,14912,Association Rules
OHaSXzUdzChO,124,easy,1,14567,Association Rules
OHaSXzUdzChO,125,easy,1,14711,Apriori Algorithm
OHaSXzUdzChO,126,easy,1,17911,Association Rules
OHaSXzUdzChO,127,medium,0,31904,Association Rules
OHaSXzUdzChO,128,easy,1,19571,Association Rules
OHaSXzUdzChO,129,easy,1,14912,FP-growth
OHaSXzUdzChO,130,easy,1,13008,Apriori Algorithm
OHaSXzUdzChO,131,easy,1,14044,Unsupervised Learning
OHaSXzUdzChO,132,easy,0,23954,Rule Metrics
OHaSXzUdzChO,133,easy,1,20684,Association Rules
OHaSXzUdzChO,134,medium,1,26831,Rule Metrics
OHaSXzUdzChO,135,easy,1,13008,Association Rules
OHaSXzUdzChO,136,easy,1,17051,Association Rules
OHaSXzUdzChO,137,easy,1,14567,Association Rules
OHaSXzUdzChO,138,easy,1,14711,Association Rules
OHaSXzUdzChO,139,easy,1,15502,Association Rules
OHaSXzUdzChO,140,easy,1,13008,Apriori Algorithm
OHaSXzUdzChO,141,easy,1,14711,Data Types
OHaSXzUdzChO,142,easy,1,17051,FP-growth
OHaSXzUdzChO,143,easy,1,15502,Association Rules
OHaSXzUdzChO,144,easy,1,17911,Data Types
OHaSXzUdzChO,145,hard,0,25429,Data Types
OHaSXzUdzChO,146,easy,1,20629,Association Rules
OHaSXzUdzChO,147,medium,0,31345,General
OHaSXzUdzChO,148,medium,1,28201,Rule Metrics
OHaSXzUdzChO,149,easy,0,28425,Association Rules
OHaSXzUdzChO,150,easy,1,16629,Association Rules
KNvidOVZPDzA,121,easy,1,12552,Decision Trees
KNvidOVZPDzA,122,hard,0,31041,Association Rules
KNvidOVZPDzA,123,easy,1,13762,Association Rules
KNvidOVZPDzA,124,easy,1,13443,Association Rules
KNvidOVZPDzA,125,easy,1,12552,Apriori Algorithm
KNvidOVZPDzA,126,easy,1,17993,Association Rules
KNvidOVZPDzA,127,medium,1,28004,Association Rules
KNvidOVZPDzA,128,easy,1,19661,Association Rules
KNvidOVZPDzA,129,easy,1,13762,FP-growth
KNvidOVZPDzA,130,easy,1,11066,Apriori Algorithm
KNvidOVZPDzA,131,easy,1,12037,Unsupervised Learning
KNvidOVZPDzA,132,easy,1,20551,Rule Metrics
KNvidOVZPDzA,133,easy,1,20779,Association Rules
KNvidOVZPDzA,134,medium,1,26807,Rule Metrics
KNvidOVZPDzA,135,easy,1,11066,Association Rules
KNvidOVZPDzA,136,easy,1,16862,Association Rules
KNvidOVZPDzA,137,easy,1,13443,Association Rules
KNvidOVZPDzA,138,easy,1,12552,Association Rules
KNvidOVZPDzA,139,easy,1,14478,Association Rules
KNvidOVZPDzA,140,easy,1,11066,Apriori Algorithm
KNvidOVZPDzA,141,easy,1,12552,Data Types
KNvidOVZPDzA,142,easy,1,16862,FP-growth
KNvidOVZPDzA,143,easy,1,14478,Association Rules
KNvidOVZPDzA,144,easy,0,21573,Data Types
KNvidOVZPDzA,145,hard,0,24787,Data Types
KNvidOVZPDzA,146,easy,0,23297,Association Rules
KNvidOVZPDzA,147,medium,1,27883,General
KNvidOVZPDzA,148,medium,1,28004,Rule Metrics
KNvidOVZPDzA,149,easy,0,26854,Association Rules
KNvidOVZPDzA,150,easy,1,16298,Association Rules
y9lkze6lHiAa,121,easy,1,8932,Decision Trees
y9lkze6lHiAa,122,hard,0,18481,Association Rules
y9lkze6lHiAa,123,easy,1,12006,Association Rules
y9lkze6lHiAa,124,easy,1,11729,Association Rules
y9lkze6lHiAa,125,easy,1,8932,Apriori Algorithm
y9lkze6lHiAa,126,easy,1,14636,Association Rules
y9lkze6lHiAa,127,medium,1,22126,Association Rules
y9lkze6lHiAa,128,easy,1,16435,Association Rules
y9lkze6lHiAa,129,easy,1,12006,FP-growth
y9lkze6lHiAa,130,easy,1,7547,Apriori Algorithm
y9lkze6lHiAa,131,easy,1,8666,Unsupervised Learning
y9lkze6lHiAa,132,easy,1,16508,Rule Metrics
y9lkze6lHiAa,133,easy,1,16529,Association Rules
y9lkze6lHiAa,134,medium,0,16347,Rule Metrics
y9lkze6lHiAa,135,easy,1,7547,Association Rules
y9lkze6lHiAa,136,easy,1,13631,Association Rules
y9lkze6lHiAa,137,easy,1,11729,Association Rules
y9lkze6lHiAa,138,easy,1,8932,Association Rules
y9lkze6lHiAa,139,easy,1,12727,Association Rules
y9lkze6lHiAa,140,easy,1,7547,Apriori Algorithm
y9lkze6lHiAa,141,easy,1,8932,Data Types
y9lkze6lHiAa,142,easy,0,14190,FP-growth
y9lkze6lHiAa,143,easy,1,12727,Association Rules
y9lkze6lHiAa,144,easy,1,14636,Data Types
y9lkze6lHiAa,145,hard,0,10936,Data Types
y9lkze6lHiAa,146,easy,0,15377,Association Rules
y9lkze6lHiAa,147,medium,1,21826,General
y9lkze6lHiAa,148,medium,1,22126,Rule Metrics
y9lkze6lHiAa,149,easy,0,15789,Association Rules
y9lkze6lHiAa,150,easy,1,12992,Association Rules
CprL2LITeTET,121,easy,1,22001,Decision Trees
CprL2LITeTET,122,hard,0,40995,Association Rules
CprL2LITeTET,123,easy,1,22223,Association Rules
CprL2LITeTET,124,easy,1,21709,Association Rules
CprL2LITeTET,125,easy,1,22001,Apriori Algorithm
CprL2LITeTET,126,easy,1,29400,Association Rules
CprL2LITeTET,127,medium,1,40191,Association Rules
CprL2LITeTET,128,easy,1,28352,Association Rules
CprL2LITeTET,129,easy,1,22223,FP-growth
CprL2LITeTET,130,easy,1,19669,Apriori Algorithm
CprL2LITeTET,131,easy,1,21236,Unsupervised Learning
CprL2LITeTET,132,easy,1,29636,Rule Metrics
CprL2LITeTET,133,easy,1,29965,Association Rules
CprL2LITeTET,134,medium,0,39396,Rule Metrics
CprL2LITeTET,135,easy,1,19669,Association Rules
CprL2LITeTET,136,easy,1,25712,Association Rules
CprL2LITeTET,137,easy,1,21709,Association Rules
CprL2LITeTET,138,easy,1,22001,Association Rules
CprL2LITeTET,139,easy,1,23161,Association Rules
CprL2LITeTET,140,easy,1,19669,Apriori Algorithm
CprL2LITeTET,141,easy,1,22001,Data Types
CprL2LITeTET,142,easy,1,25712,FP-growth
CprL2LITeTET,143,easy,1,23161,Association Rules
CprL2LITeTET,144,easy,1,29400,Data Types
CprL2LITeTET,145,hard,0,35297,Data Types
CprL2LITeTET,146,easy,0,32557,Association Rules
CprL2LITeTET,147,medium,1,39773,General
CprL2LITeTET,148,medium,1,40191,Rule Metrics
CprL2LITeTET,149,easy,0,41012,Association Rules
CprL2LITeTET,150,easy,1,24888,Association Rules
RZdtks4i4HNy,121,easy,1,11553,Decision Trees
RZdtks4i4HNy,122,hard,1,29253,Association Rules
RZdtks4i4HNy,123,easy,1,13482,Association Rules
RZdtks4i4HNy,124,easy,1,13170,Association Rules
RZdtks4i4HNy,125,easy,1,11553,Apriori Algorithm
RZdtks4i4HNy,126,easy,1,17712,Association Rules
RZdtks4i4HNy,127,medium,1,27483,Association Rules
RZdtks4i4HNy,128,easy,1,19218,Association Rules
RZdtks4i4HNy,129,easy,1,13482,FP-growth
RZdtks4i4HNy,130,easy,1,9762,Apriori Algorithm
RZdtks4i4HNy,131,easy,1,11208,Unsupervised Learning
RZdtks4i4HNy,132,easy,1,20130,Rule Metrics
RZdtks4i4HNy,133,easy,0,21228,Association Rules
RZdtks4i4HNy,134,medium,0,24397,Rule Metrics
RZdtks4i4HNy,135,easy,1,9762,Association Rules
RZdtks4i4HNy,136,easy,1,16554,Association Rules
RZdtks4i4HNy,137,easy,1,13170,Association Rules
RZdtks4i4HNy,138,easy,1,11553,Association Rules
RZdtks4i4HNy,139,easy,0,15555,Association Rules
RZdtks4i4HNy,140,easy,1,9762,Apriori Algorithm
RZdtks4i4HNy,141,easy,1,11553,Data Types
RZdtks4i4HNy,142,easy,1,16554,FP-growth
RZdtks4i4HNy,143,easy,1,14234,Association Rules
RZdtks4i4HNy,144,easy,1,17712,Data Types
RZdtks4i4HNy,145,hard,0,20875,Data Types
RZdtks4i4HNy,146,easy,1,20299,Association Rules
RZdtks4i4HNy,147,medium,1,26541,General
RZdtks4i4HNy,148,medium,0,27096,Rule Metrics
RZdtks4i4HNy,149,easy,1,22570,Association Rules
RZdtks4i4HNy,150,easy,0,17964,Association Rules
xlLz8YVMGkvs,121,easy,1,14532,Decision Trees
xlLz8YVMGkvs,122,hard,1,32378,Association Rules
xlLz8YVMGkvs,123,easy,1,14678,Association Rules
xlLz8YVMGkvs,124,easy,1,14339,Association Rules
xlLz8YVMGkvs,125,easy,1,14532,Apriori Algorithm
xlLz8YVMGkvs,126,easy,1,18130,Association Rules
xlLz8YVMGkvs,127,medium,1,29208,Association Rules
xlLz8YVMGkvs,128,easy,1,19809,Association Rules
xlLz8YVMGkvs,129,easy,1,14678,FP-growth
xlLz8YVMGkvs,130,easy,1,12991,Apriori Algorithm
xlLz8YVMGkvs,131,easy,1,14026,Unsupervised Learning
xlLz8YVMGkvs,132,easy,1,20706,Rule Metrics
xlLz8YVMGkvs,133,easy,1,20936,Association Rules
xlLz8YVMGkvs,134,medium,1,27788,Rule Metrics
xlLz8YVMGkvs,135,easy,1,12991,Association Rules
xlLz8YVMGkvs,136,easy,1,16983,Association Rules
xlLz8YVMGkvs,137,easy,1,14339,Association Rules
xlLz8YVMGkvs,138,easy,1,14532,Association Rules
xlLz8YVMGkvs,139,easy,1,15298,Association Rules
xlLz8YVMGkvs,140,easy,1,12991,Apriori Algorithm
xlLz8YVMGkvs,141,easy,1,14532,Data Types
xlLz8YVMGkvs,142,easy,1,16983,FP-growth
xlLz8YVMGkvs,143,easy,1,15298,Association Rules
xlLz8YVMGkvs,144,easy,0,23526,Data Types
xlLz8YVMGkvs,145,hard,0,27974,Data Types
xlLz8YVMGkvs,146,easy,1,20880,Association Rules
xlLz8YVMGkvs,147,medium,1,28904,General
xlLz8YVMGkvs,148,medium,1,29208,Rule Metrics
xlLz8YVMGkvs,149,easy,0,30529,Association Rules
xlLz8YVMGkvs,150,easy,1,16439,Association Rules
By0gyab68WPW,121,easy,1,14332,Decision Trees
By0gyab68WPW,122,hard,1,34099,Association Rules
By0gyab68WPW,123,easy,0,17098,Association Rules
By0gyab68WPW,124,easy,1,15256,Association Rules
By0gyab68WPW,125,easy,1,14332,Apriori Algorithm
By0gyab68WPW,126,easy,1,20419,Association Rules
By0gyab68WPW,127,medium,1,32036,Association Rules
By0gyab68WPW,128,easy,0,22797,Association Rules
By0gyab68WPW,129,easy,1,15617,FP-growth
By0gyab68WPW,130,easy,1,12635,Apriori Algorithm
By0gyab68WPW,131,easy,1,13745,Unsupervised Learning
By0gyab68WPW,132,easy,1,23137,Rule Metrics
By0gyab68WPW,133,easy,1,23055,Association Rules
By0gyab68WPW,134,medium,1,29744,Rule Metrics
By0gyab68WPW,135,easy,1,12635,Association Rules
By0gyab68WPW,136,easy,1,19135,Association Rules
By0gyab68WPW,137,easy,1,15256,Association Rules
By0gyab68WPW,138,easy,1,14332,Association Rules
By0gyab68WPW,139,easy,1,16430,Association Rules
By0gyab68WPW,140,easy,1,12635,Apriori Algorithm
By0gyab68WPW,141,easy,1,14332,Data Types
By0gyab68WPW,142,easy,1,19135,FP-growth
By0gyab68WPW,143,easy,1,16430,Association Rules
By0gyab68WPW,144,easy,1,20419,Data Types
By0gyab68WPW,145,hard,1,31840,Data Types
By0gyab68WPW,146,easy,0,23988,Association Rules
By0gyab68WPW,147,medium,1,30938,General
By0gyab68WPW,148,medium,0,31429,Rule Metrics
By0gyab68WPW,149,easy,0,27652,Association Rules
By0gyab68WPW,150,easy,1,18496,Association Rules
7VpB1pGsv71N,121,easy,1,9940,Decision Trees
7VpB1pGsv71N,122,hard,0,22482,Association Rules
7VpB1pGsv71N,123,easy,1,11971,Association Rules
7VpB1pGsv71N,124,easy,1,11694,Association Rules
7VpB1pGsv71N,125,easy,1,9940,Apriori Algorithm
7VpB1pGsv71N,126,easy,0,16223,Association Rules
7VpB1pGsv71N,127,medium,0,22057,Association Rules
7VpB1pGsv71N,128,easy,1,17331,Association Rules
7VpB1pGsv71N,129,easy,1,11971,FP-growth
7VpB1pGsv71N,130,easy,1,8399,Apriori Algorithm
7VpB1pGsv71N,131,easy,1,9643,Unsupervised Learning
7VpB1pGsv71N,132,easy,1,17560,Rule Metrics
7VpB1pGsv71N,133,easy,0,17633,Association Rules
7VpB1pGsv71N,134,medium,1,22845,Rule Metrics
7VpB1pGsv71N,135,easy,1,8399,Association Rules
7VpB1pGsv71N,136,easy,0,15607,Association Rules
7VpB1pGsv71N,137,easy,1,11694,Association Rules
7VpB1pGsv71N,138,easy,1,9940,Association Rules
7VpB1pGsv71N,139,easy,1,12647,Association Rules
7VpB1pGsv71N,140,easy,1,8399,Apriori Algorithm
7VpB1pGsv71N,141,easy,1,9940,Data Types
7VpB1pGsv71N,142,easy,1,13840,FP-growth
7VpB1pGsv71N,143,easy,1,12647,Association Rules
7VpB1pGsv71N,144,easy,1,15249,Data Types
7VpB1pGsv71N,145,hard,0,16957,Data Types
7VpB1pGsv71N,146,easy,0,17586,Association Rules
7VpB1pGsv71N,147,medium,0,21160,General
7VpB1pGsv71N,148,medium,1,24245,Rule Metrics
7VpB1pGsv71N,149,easy,1,19724,Association Rules
7VpB1pGsv71N,150,easy,0,15073,Association Rules
No1fcFHRlYfg,121,easy,1,14586,Decision Trees
No1fcFHRlYfg,122,hard,1,32148,Association Rules
No1fcFHRlYfg,123,easy,1,14373,Association Rules
No1fcFHRlYfg,124,easy,1,14041,Association Rules
No1fcFHRlYfg,125,easy,1,14586,Apriori Algorithm
No1fcFHRlYfg,126,easy,1,17185,Association Rules
No1fcFHRlYfg,127,medium,1,28011,Association Rules
No1fcFHRlYfg,128,easy,0,22966,Association Rules
No1fcFHRlYfg,129,easy,1,14373,FP-growth
No1fcFHRlYfg,130,easy,1,12721,Apriori Algorithm
No1fcFHRlYfg,131,easy,1,13036,Unsupervised Learning
No1fcFHRlYfg,132,easy,1,19627,Rule Metrics
No1fcFHRlYfg,133,easy,1,19900,Association Rules
No1fcFHRlYfg,134,medium,0,31168,Rule Metrics
No1fcFHRlYfg,135,easy,1,12721,Association Rules
No1fcFHRlYfg,136,easy,1,16332,Association Rules
No1fcFHRlYfg,137,easy,1,14041,Association Rules
No1fcFHRlYfg,138,easy,1,14586,Association Rules
No1fcFHRlYfg,139,easy,1,14715,Association Rules
No1fcFHRlYfg,140,easy,1,12721,Apriori Algorithm
No1fcFHRlYfg,141,easy,1,14586,Data Types
No1fcFHRlYfg,142,easy,1,16332,FP-growth
No1fcFHRlYfg,143,easy,1,14715,Association Rules
No1fcFHRlYfg,144,easy,1,17185,Data Types
No1fcFHRlYfg,145,hard,0,30899,Data Types
No1fcFHRlYfg,146,easy,1,19847,Association Rules
No1fcFHRlYfg,147,medium,0,32797,General
No1fcFHRlYfg,148,medium,0,33383,Rule Metrics
No1fcFHRlYfg,149,easy,0,29428,Association Rules
No1fcFHRlYfg,150,easy,1,15809,Association Rules
nojDz9QSjRLy,121,easy,1,12592,Decision Trees
nojDz9QSjRLy,122,hard,0,31140,Association Rules
nojDz9QSjRLy,123,easy,1,13805,Association Rules
nojDz9QSjRLy,124,easy,1,13486,Association Rules
nojDz9QSjRLy,125,easy,1,12592,Apriori Algorithm
nojDz9QSjRLy,126,easy,1,18050,Association Rules
nojDz9QSjRLy,127,medium,1,28964,Association Rules
nojDz9QSjRLy,128,easy,1,19723,Association Rules
nojDz9QSjRLy,129,easy,1,13805,FP-growth
nojDz9QSjRLy,130,easy,1,11101,Apriori Algorithm
nojDz9QSjRLy,131,easy,1,12076,Unsupervised Learning
nojDz9QSjRLy,132,easy,1,20616,Rule Metrics
nojDz9QSjRLy,133,easy,0,23433,Association Rules
nojDz9QSjRLy,134,medium,0,27543,Rule Metrics
nojDz9QSjRLy,135,easy,1,11101,Association Rules
nojDz9QSjRLy,136,easy,0,21488,Association Rules
nojDz9QSjRLy,137,easy,1,13486,Association Rules
nojDz9QSjRLy,138,easy,1,12592,Association Rules
nojDz9QSjRLy,139,easy,1,14524,Association Rules
nojDz9QSjRLy,140,easy,1,11101,Apriori Algorithm
nojDz9QSjRLy,141,easy,1,12592,Data Types
nojDz9QSjRLy,142,easy,1,16915,FP-growth
nojDz9QSjRLy,143,easy,1,14524,Association Rules
nojDz9QSjRLy,144,easy,0,21642,Data Types
nojDz9QSjRLy,145,hard,0,24865,Data Types
nojDz9QSjRLy,146,easy,0,23371,Association Rules
nojDz9QSjRLy,147,medium,1,27971,General
nojDz9QSjRLy,148,medium,1,28964,Rule Metrics
nojDz9QSjRLy,149,easy,0,26940,Association Rules
nojDz9QSjRLy,150,easy,1,16350,Association Rules
kfwxRJXSzs3o,121,easy,1,11640,Decision Trees
kfwxRJXSzs3o,122,hard,1,29689,Association Rules
kfwxRJXSzs3o,123,easy,1,13583,Association Rules
kfwxRJXSzs3o,124,easy,1,13269,Association Rules
kfwxRJXSzs3o,125,easy,1,11640,Apriori Algorithm
kfwxRJXSzs3o,126,easy,1,17845,Association Rules
kfwxRJXSzs3o,127,medium,0,27410,Association Rules
kfwxRJXSzs3o,128,easy,0,20417,Association Rules
kfwxRJXSzs3o,129,easy,1,13583,FP-growth
kfwxRJXSzs3o,130,easy,0,10556,Apriori Algorithm
kfwxRJXSzs3o,131,easy,1,11293,Unsupervised Learning
kfwxRJXSzs3o,132,easy,0,21397,Rule Metrics
kfwxRJXSzs3o,133,easy,1,20615,Association Rules
kfwxRJXSzs3o,134,medium,1,25897,Rule Metrics
kfwxRJXSzs3o,135,easy,1,9835,Association Rules
kfwxRJXSzs3o,136,easy,1,16679,Association Rules
kfwxRJXSzs3o,137,easy,0,14191,Association Rules
kfwxRJXSzs3o,138,easy,1,11640,Association Rules
kfwxRJXSzs3o,139,easy,1,14341,Association Rules
kfwxRJXSzs3o,140,easy,1,9835,Apriori Algorithm
kfwxRJXSzs3o,141,easy,1,11640,Data Types
kfwxRJXSzs3o,142,easy,1,16679,FP-growth
kfwxRJXSzs3o,143,easy,1,14341,Association Rules
kfwxRJXSzs3o,144,easy,0,18763,Data Types
kfwxRJXSzs3o,145,hard,0,21701,Data Types
kfwxRJXSzs3o,146,easy,1,20560,Association Rules
kfwxRJXSzs3o,147,medium,1,26936,General
kfwxRJXSzs3o,148,medium,0,27410,Rule Metrics
kfwxRJXSzs3o,149,easy,0,24115,Association Rules
kfwxRJXSzs3o,150,easy,1,16121,Association Rules
sCNAQlTJzusQ,121,easy,1,11875,Decision Trees
sCNAQlTJzusQ,122,hard,0,28322,Association Rules
sCNAQlTJzusQ,123,easy,1,13061,Association Rules
sCNAQlTJzusQ,124,easy,1,12759,Association Rules
sCNAQlTJzusQ,125,easy,1,11875,Apriori Algorithm
sCNAQlTJzusQ,126,easy,0,20934,Association Rules
sCNAQlTJzusQ,127,medium,1,25551,Association Rules
sCNAQlTJzusQ,128,easy,1,18506,Association Rules
sCNAQlTJzusQ,129,easy,1,13061,FP-growth
sCNAQlTJzusQ,130,easy,1,10581,Apriori Algorithm
sCNAQlTJzusQ,131,easy,1,11424,Unsupervised Learning
sCNAQlTJzusQ,132,easy,1,19344,Rule Metrics
sCNAQlTJzusQ,133,easy,1,19559,Association Rules
sCNAQlTJzusQ,134,medium,0,25051,Rule Metrics
sCNAQlTJzusQ,135,easy,1,10581,Association Rules
sCNAQlTJzusQ,136,easy,1,16003,Association Rules
sCNAQlTJzusQ,137,easy,1,12759,Association Rules
sCNAQlTJzusQ,138,easy,1,11875,Association Rules
sCNAQlTJzusQ,139,easy,1,13990,Association Rules
sCNAQlTJzusQ,140,easy,1,10581,Apriori Algorithm
sCNAQlTJzusQ,141,easy,1,11875,Data Types
sCNAQlTJzusQ,142,easy,1,16003,FP-growth
sCNAQlTJzusQ,143,easy,1,13990,Association Rules
sCNAQlTJzusQ,144,easy,1,16937,Data Types
sCNAQlTJzusQ,145,hard,0,22616,Data Types
sCNAQlTJzusQ,146,easy,1,19507,Association Rules
sCNAQlTJzusQ,147,medium,1,25440,General
sCNAQlTJzusQ,148,medium,1,25551,Rule Metrics
sCNAQlTJzusQ,149,easy,0,24710,Association Rules
sCNAQlTJzusQ,150,easy,1,15469,Association Rules
bWRj9XHmvXaq,121,easy,1,11875,Decision Trees
bWRj9XHmvXaq,122,hard,0,28322,Association Rules
bWRj9XHmvXaq,123,easy,1,13061,Association Rules
bWRj9XHmvXaq,124,easy,1,12759,Association Rules
bWRj9XHmvXaq,125,easy,1,11875,Apriori Algorithm
bWRj9XHmvXaq,126,easy,1,16937,Association Rules
bWRj9XHmvXaq,127,medium,0,27012,Association Rules
bWRj9XHmvXaq,128,easy,1,18506,Association Rules
bWRj9XHmvXaq,129,easy,1,13061,FP-growth
bWRj9XHmvXaq,130,easy,1,10581,Apriori Algorithm
bWRj9XHmvXaq,131,easy,1,11424,Unsupervised Learning
bWRj9XHmvXaq,132,easy,1,19344,Rule Metrics
bWRj9XHmvXaq,133,easy,1,19559,Association Rules
bWRj9XHmvXaq,134,medium,0,25051,Rule Metrics
bWRj9XHmvXaq,135,easy,1,10581,Association Rules
bWRj9XHmvXaq,136,easy,1,16003,Association Rules
bWRj9XHmvXaq,137,easy,1,12759,Association Rules
bWRj9XHmvXaq,138,easy,1,11875,Association Rules
bWRj9XHmvXaq,139,easy,1,13990,Association Rules
bWRj9XHmvXaq,140,easy,1,10581,Apriori Algorithm
bWRj9XHmvXaq,141,easy,0,13935,Data Types
bWRj9XHmvXaq,142,easy,1,16003,FP-growth
bWRj9XHmvXaq,143,easy,0,17223,Association Rules
bWRj9XHmvXaq,144,easy,1,16937,Data Types
bWRj9XHmvXaq,145,hard,0,22616,Data Types
bWRj9XHmvXaq,146,easy,0,22330,Association Rules
bWRj9XHmvXaq,147,medium,1,25440,General
bWRj9XHmvXaq,148,medium,1,25551,Rule Metrics
bWRj9XHmvXaq,149,easy,1,21428,Association Rules
bWRj9XHmvXaq,150,easy,1,15469,Association Rules
BJE8NOUNFGYz,121,easy,1,11699,Decision Trees
BJE8NOUNFGYz,122,hard,0,29271,Association Rules
BJE8NOUNFGYz,123,easy,1,12747,Association Rules
BJE8NOUNFGYz,124,easy,1,12452,Association Rules
BJE8NOUNFGYz,125,easy,1,11699,Apriori Algorithm
BJE8NOUNFGYz,126,easy,1,16517,Association Rules
BJE8NOUNFGYz,127,medium,1,26503,Association Rules
BJE8NOUNFGYz,128,easy,1,18047,Association Rules
BJE8NOUNFGYz,129,easy,0,15337,FP-growth
BJE8NOUNFGYz,130,easy,1,10313,Apriori Algorithm
BJE8NOUNFGYz,131,easy,1,11219,Unsupervised Learning
BJE8NOUNFGYz,132,easy,1,18864,Rule Metrics
BJE8NOUNFGYz,133,easy,1,19073,Association Rules
BJE8NOUNFGYz,134,medium,0,25890,Rule Metrics
BJE8NOUNFGYz,135,easy,1,10313,Association Rules
BJE8NOUNFGYz,136,easy,1,15478,Association Rules
BJE8NOUNFGYz,137,easy,1,12452,Association Rules
BJE8NOUNFGYz,138,easy,1,11699,Association Rules
BJE8NOUNFGYz,139,easy,0,16592,Association Rules
BJE8NOUNFGYz,140,easy,1,10313,Apriori Algorithm
BJE8NOUNFGYz,141,easy,1,11699,Data Types
BJE8NOUNFGYz,142,easy,0,20053,FP-growth
BJE8NOUNFGYz,143,easy,1,13411,Association Rules
BJE8NOUNFGYz,144,easy,0,20196,Data Types
BJE8NOUNFGYz,145,hard,1,25254,Data Types
BJE8NOUNFGYz,146,easy,0,21810,Association Rules
BJE8NOUNFGYz,147,medium,0,27597,General
BJE8NOUNFGYz,148,medium,0,28575,Rule Metrics
BJE8NOUNFGYz,149,easy,0,25141,Association Rules
BJE8NOUNFGYz,150,easy,1,14961,Association Rules
VTLAbK1PHg7B,121,easy,1,14036,Decision Trees
VTLAbK1PHg7B,122,hard,0,31484,Association Rules
VTLAbK1PHg7B,123,easy,1,14663,Association Rules
VTLAbK1PHg7B,124,easy,1,14324,Association Rules
VTLAbK1PHg7B,125,easy,1,14036,Apriori Algorithm
VTLAbK1PHg7B,126,easy,1,18585,Association Rules
VTLAbK1PHg7B,127,medium,1,29832,Association Rules
VTLAbK1PHg7B,128,easy,1,20314,Association Rules
VTLAbK1PHg7B,129,easy,1,14663,FP-growth
VTLAbK1PHg7B,130,easy,1,12329,Apriori Algorithm
VTLAbK1PHg7B,131,easy,1,13412,Unsupervised Learning
VTLAbK1PHg7B,132,easy,1,21234,Rule Metrics
VTLAbK1PHg7B,133,easy,1,21469,Association Rules
VTLAbK1PHg7B,134,medium,0,27847,Rule Metrics
VTLAbK1PHg7B,135,easy,1,12329,Association Rules
VTLAbK1PHg7B,136,easy,1,17723,Association Rules
VTLAbK1PHg7B,137,easy,1,14324,Association Rules
VTLAbK1PHg7B,138,easy,1,14036,Association Rules
VTLAbK1PHg7B,139,easy,0,18121,Association Rules
VTLAbK1PHg7B,140,easy,1,12329,Apriori Algorithm
VTLAbK1PHg7B,141,easy,1,14036,Data Types
VTLAbK1PHg7B,142,easy,1,17723,FP-growth
VTLAbK1PHg7B,143,easy,1,15218,Association Rules
VTLAbK1PHg7B,144,easy,0,21873,Data Types
VTLAbK1PHg7B,145,hard,1,28893,Data Types
VTLAbK1PHg7B,146,easy,0,23629,Association Rules
VTLAbK1PHg7B,147,medium,0,29683,General
VTLAbK1PHg7B,148,medium,0,30959,Rule Metrics
VTLAbK1PHg7B,149,easy,0,27238,Association Rules
VTLAbK1PHg7B,150,easy,1,17131,Association Rules
wLeCyVvKyFT8,121,easy,1,14378,Decision Trees
wLeCyVvKyFT8,122,hard,0,28821,Association Rules
wLeCyVvKyFT8,123,easy,1,14574,Association Rules
wLeCyVvKyFT8,124,easy,1,14237,Association Rules
wLeCyVvKyFT8,125,easy,1,14378,Apriori Algorithm
wLeCyVvKyFT8,126,easy,0,21302,Association Rules
wLeCyVvKyFT8,127,medium,1,26160,Association Rules
wLeCyVvKyFT8,128,easy,0,21594,Association Rules
wLeCyVvKyFT8,129,easy,1,14574,FP-growth
wLeCyVvKyFT8,130,easy,1,12713,Apriori Algorithm
wLeCyVvKyFT8,131,easy,1,13726,Unsupervised Learning
wLeCyVvKyFT8,132,easy,1,19685,Rule Metrics
wLeCyVvKyFT8,133,easy,1,19903,Association Rules
wLeCyVvKyFT8,134,medium,0,25492,Rule Metrics
wLeCyVvKyFT8,135,easy,1,12713,Association Rules
wLeCyVvKyFT8,136,easy,0,21494,Association Rules
wLeCyVvKyFT8,137,easy,1,14237,Association Rules
wLeCyVvKyFT8,138,easy,1,14378,Association Rules
wLeCyVvKyFT8,139,easy,1,15151,Association Rules
wLeCyVvKyFT8,140,easy,1,12713,Apriori Algorithm
wLeCyVvKyFT8,141,easy,1,14378,Data Types
wLeCyVvKyFT8,142,easy,0,21494,FP-growth
wLeCyVvKyFT8,143,easy,1,15151,Association Rules
wLeCyVvKyFT8,144,easy,1,17235,Data Types
wLeCyVvKyFT8,145,hard,0,23014,Data Types
wLeCyVvKyFT8,146,easy,1,19850,Association Rules
wLeCyVvKyFT8,147,medium,1,25888,General
wLeCyVvKyFT8,148,medium,1,26160,Rule Metrics
wLeCyVvKyFT8,149,easy,1,21805,Association Rules
wLeCyVvKyFT8,150,easy,1,16195,Association Rules
1tnkUsBnGX2u,121,easy,1,14818,Decision Trees
1tnkUsBnGX2u,122,hard,0,35085,Association Rules
1tnkUsBnGX2u,123,easy,1,15125,Association Rules
1tnkUsBnGX2u,124,easy,1,14775,Association Rules
1tnkUsBnGX2u,125,easy,1,14818,Apriori Algorithm
1tnkUsBnGX2u,126,easy,0,27020,Association Rules
1tnkUsBnGX2u,127,medium,1,33543,Association Rules
1tnkUsBnGX2u,128,easy,0,27390,Association Rules
1tnkUsBnGX2u,129,easy,1,15125,FP-growth
1tnkUsBnGX2u,130,easy,1,13247,Apriori Algorithm
1tnkUsBnGX2u,131,easy,1,14303,Unsupervised Learning
1tnkUsBnGX2u,132,easy,1,23780,Rule Metrics
1tnkUsBnGX2u,133,easy,1,24044,Association Rules
1tnkUsBnGX2u,134,medium,0,34107,Rule Metrics
1tnkUsBnGX2u,135,easy,1,13247,Association Rules
1tnkUsBnGX2u,136,easy,0,24309,Association Rules
1tnkUsBnGX2u,137,easy,1,14775,Association Rules
1tnkUsBnGX2u,138,easy,1,14818,Association Rules
1tnkUsBnGX2u,139,easy,1,15763,Association Rules
1tnkUsBnGX2u,140,easy,1,13247,Apriori Algorithm
1tnkUsBnGX2u,141,easy,1,14818,Data Types
1tnkUsBnGX2u,142,easy,0,24309,FP-growth
1tnkUsBnGX2u,143,easy,1,15763,Association Rules
1tnkUsBnGX2u,144,easy,1,20821,Data Types
1tnkUsBnGX2u,145,hard,0,24952,Data Types
1tnkUsBnGX2u,146,easy,1,23980,Association Rules
1tnkUsBnGX2u,147,medium,1,31705,General
1tnkUsBnGX2u,148,medium,1,33543,Rule Metrics
1tnkUsBnGX2u,149,easy,1,27600,Association Rules
1tnkUsBnGX2u,150,easy,1,17147,Association Rules
E9vMd75UB2be,121,easy,1,11640,Decision Trees
E9vMd75UB2be,122,hard,0,27678,Association Rules
E9vMd75UB2be,123,easy,1,13583,Association Rules
E9vMd75UB2be,124,easy,0,14191,Association Rules
E9vMd75UB2be,125,easy,1,11640,Apriori Algorithm
E9vMd75UB2be,126,easy,0,18763,Association Rules
E9vMd75UB2be,127,medium,0,27410,Association Rules
E9vMd75UB2be,128,easy,0,20417,Association Rules
E9vMd75UB2be,129,easy,1,13583,FP-growth
E9vMd75UB2be,130,easy,1,9835,Apriori Algorithm
E9vMd75UB2be,131,easy,1,11293,Unsupervised Learning
E9vMd75UB2be,132,easy,1,20389,Rule Metrics
E9vMd75UB2be,133,easy,1,20615,Association Rules
E9vMd75UB2be,134,medium,0,24481,Rule Metrics
E9vMd75UB2be,135,easy,1,9835,Association Rules
E9vMd75UB2be,136,easy,1,16679,Association Rules
E9vMd75UB2be,137,easy,1,13269,Association Rules
E9vMd75UB2be,138,easy,1,11640,Association Rules
E9vMd75UB2be,139,easy,1,14341,Association Rules
E9vMd75UB2be,140,easy,1,9835,Apriori Algorithm
E9vMd75UB2be,141,easy,1,11640,Data Types
E9vMd75UB2be,142,easy,1,16679,FP-growth
E9vMd75UB2be,143,easy,1,14341,Association Rules
E9vMd75UB2be,144,easy,1,17845,Data Types
E9vMd75UB2be,145,hard,0,21701,Data Types
E9vMd75UB2be,146,easy,0,21485,Association Rules
E9vMd75UB2be,147,medium,1,26936,General
E9vMd75UB2be,148,medium,1,27892,Rule Metrics
E9vMd75UB2be,149,easy,1,22907,Association Rules
E9vMd75UB2be,150,easy,0,17885,Association Rules
Ui0yLwC2YxnT,121,easy,1,10621,Decision Trees
Ui0yLwC2YxnT,122,hard,1,24826,Association Rules
Ui0yLwC2YxnT,123,easy,1,11682,Association Rules
Ui0yLwC2YxnT,124,easy,1,11412,Association Rules
Ui0yLwC2YxnT,125,easy,1,10621,Apriori Algorithm
Ui0yLwC2YxnT,126,easy,1,15310,Association Rules
Ui0yLwC2YxnT,127,medium,0,23916,Association Rules
Ui0yLwC2YxnT,128,easy,0,19182,Association Rules
Ui0yLwC2YxnT,129,easy,1,11682,FP-growth
Ui0yLwC2YxnT,130,easy,1,9393,Apriori Algorithm
Ui0yLwC2YxnT,131,easy,1,10218,Unsupervised Learning
Ui0yLwC2YxnT,132,easy,0,20122,Rule Metrics
Ui0yLwC2YxnT,133,easy,1,17680,Association Rules
Ui0yLwC2YxnT,134,medium,0,22179,Rule Metrics
Ui0yLwC2YxnT,135,easy,1,9393,Association Rules
Ui0yLwC2YxnT,136,easy,1,14398,Association Rules
Ui0yLwC2YxnT,137,easy,0,13664,Association Rules
Ui0yLwC2YxnT,138,easy,1,10621,Association Rules
Ui0yLwC2YxnT,139,easy,1,12156,Association Rules
Ui0yLwC2YxnT,140,easy,1,9393,Apriori Algorithm
Ui0yLwC2YxnT,141,easy,1,10621,Data Types
Ui0yLwC2YxnT,142,easy,1,14398,FP-growth
Ui0yLwC2YxnT,143,easy,1,12156,Association Rules
Ui0yLwC2YxnT,144,easy,1,15310,Data Types
Ui0yLwC2YxnT,145,hard,0,19480,Data Types
Ui0yLwC2YxnT,146,easy,1,17633,Association Rules
Ui0yLwC2YxnT,147,medium,0,23641,General
Ui0yLwC2YxnT,148,medium,0,23916,Rule Metrics
Ui0yLwC2YxnT,149,easy,1,18836,Association Rules
Ui0yLwC2YxnT,150,easy,1,13917,Association Rules
DI3Mqi034afd,121,easy,1,13496,Decision Trees
DI3Mqi034afd,122,hard,0,35399,Association Rules
DI3Mqi034afd,123,easy,1,13851,Association Rules
DI3Mqi034afd,124,easy,1,13531,Association Rules
DI3Mqi034afd,125,easy,1,13496,Apriori Algorithm
DI3Mqi034afd,126,easy,1,17065,Association Rules
DI3Mqi034afd,127,medium,1,27815,Association Rules
DI3Mqi034afd,128,easy,1,18697,Association Rules
DI3Mqi034afd,129,easy,1,13851,FP-growth
DI3Mqi034afd,130,easy,1,12260,Apriori Algorithm
DI3Mqi034afd,131,easy,1,12669,Unsupervised Learning
DI3Mqi034afd,132,easy,1,19490,Rule Metrics
DI3Mqi034afd,133,easy,1,19760,Association Rules
DI3Mqi034afd,134,medium,1,26488,Rule Metrics
DI3Mqi034afd,135,easy,1,12260,Association Rules
DI3Mqi034afd,136,easy,1,16218,Association Rules
DI3Mqi034afd,137,easy,1,13531,Association Rules
DI3Mqi034afd,138,easy,1,13496,Association Rules
DI3Mqi034afd,139,easy,1,14612,Association Rules
DI3Mqi034afd,140,easy,1,12260,Apriori Algorithm
DI3Mqi034afd,141,easy,1,13496,Data Types
DI3Mqi034afd,142,easy,1,16218,FP-growth
DI3Mqi034afd,143,easy,1,14612,Association Rules
DI3Mqi034afd,144,easy,1,17065,Data Types
DI3Mqi034afd,145,hard,0,35149,Data Types
DI3Mqi034afd,146,easy,1,19708,Association Rules
DI3Mqi034afd,147,medium,1,27526,General
DI3Mqi034afd,148,medium,1,27815,Rule Metrics
DI3Mqi034afd,149,easy,1,22594,Association Rules
DI3Mqi034afd,150,easy,1,15699,Association Rules
Q7dfzHYyXvOT,121,easy,1,12378,Decision Trees
Q7dfzHYyXvOT,122,hard,0,33353,Association Rules
Q7dfzHYyXvOT,123,easy,1,12260,Association Rules
Q7dfzHYyXvOT,124,easy,1,11977,Association Rules
Q7dfzHYyXvOT,125,easy,1,12378,Apriori Algorithm
Q7dfzHYyXvOT,126,easy,1,14736,Association Rules
Q7dfzHYyXvOT,127,medium,1,24429,Association Rules
Q7dfzHYyXvOT,128,easy,1,16421,Association Rules
Q7dfzHYyXvOT,129,easy,1,12260,FP-growth
Q7dfzHYyXvOT,130,easy,1,10975,Apriori Algorithm
Q7dfzHYyXvOT,131,easy,1,11341,Unsupervised Learning
Q7dfzHYyXvOT,132,easy,1,16830,Rule Metrics
Q7dfzHYyXvOT,133,easy,1,17064,Association Rules
Q7dfzHYyXvOT,134,medium,1,23847,Rule Metrics
Q7dfzHYyXvOT,135,easy,1,10975,Association Rules
Q7dfzHYyXvOT,136,easy,1,14075,Association Rules
Q7dfzHYyXvOT,137,easy,1,11977,Association Rules
Q7dfzHYyXvOT,138,easy,1,12378,Association Rules
Q7dfzHYyXvOT,139,easy,1,12680,Association Rules
Q7dfzHYyXvOT,140,easy,1,10975,Apriori Algorithm
Q7dfzHYyXvOT,141,easy,1,12378,Data Types
Q7dfzHYyXvOT,142,easy,1,14075,FP-growth
Q7dfzHYyXvOT,143,easy,1,12680,Association Rules
Q7dfzHYyXvOT,144,easy,1,14736,Data Types
Q7dfzHYyXvOT,145,hard,0,34299,Data Types
Q7dfzHYyXvOT,146,easy,1,17018,Association Rules
Q7dfzHYyXvOT,147,medium,1,24175,General
Q7dfzHYyXvOT,148,medium,1,24429,Rule Metrics
Q7dfzHYyXvOT,149,easy,1,19843,Association Rules
Q7dfzHYyXvOT,150,easy,1,13624,Association Rules
Oc5QucHDsmjC,121,easy,1,12773,Decision Trees
Oc5QucHDsmjC,122,hard,0,32920,Association Rules
Oc5QucHDsmjC,123,easy,1,12796,Association Rules
Oc5QucHDsmjC,124,easy,1,12500,Association Rules
Oc5QucHDsmjC,125,easy,1,12773,Apriori Algorithm
Oc5QucHDsmjC,126,easy,1,15765,Association Rules
Oc5QucHDsmjC,127,medium,1,25696,Association Rules
Oc5QucHDsmjC,128,easy,1,17273,Association Rules
Oc5QucHDsmjC,129,easy,1,12796,FP-growth
Oc5QucHDsmjC,130,easy,1,11326,Apriori Algorithm
Oc5QucHDsmjC,131,easy,1,11704,Unsupervised Learning
Oc5QucHDsmjC,132,easy,1,18005,Rule Metrics
Oc5QucHDsmjC,133,easy,1,18255,Association Rules
Oc5QucHDsmjC,134,medium,1,24633,Rule Metrics
Oc5QucHDsmjC,135,easy,1,11326,Association Rules
Oc5QucHDsmjC,136,easy,1,14983,Association Rules
Oc5QucHDsmjC,137,easy,1,12500,Association Rules
Oc5QucHDsmjC,138,easy,1,12773,Association Rules
Oc5QucHDsmjC,139,easy,1,13499,Association Rules
Oc5QucHDsmjC,140,easy,1,11326,Apriori Algorithm
Oc5QucHDsmjC,141,easy,1,12773,Data Types
Oc5QucHDsmjC,142,easy,1,14983,FP-growth
Oc5QucHDsmjC,143,easy,1,13499,Association Rules
Oc5QucHDsmjC,144,easy,1,15765,Data Types
Oc5QucHDsmjC,145,hard,0,32688,Data Types
Oc5QucHDsmjC,146,easy,1,18207,Association Rules
Oc5QucHDsmjC,147,medium,1,25599,General
Oc5QucHDsmjC,148,medium,1,25696,Rule Metrics
Oc5QucHDsmjC,149,easy,1,20873,Association Rules
Oc5QucHDsmjC,150,easy,1,14503,Association Rules
VgoqnXYkjUhL,121,easy,1,12945,Decision Trees
VgoqnXYkjUhL,122,hard,0,30537,Association Rules
VgoqnXYkjUhL,123,easy,1,13449,Association Rules
VgoqnXYkjUhL,124,easy,0,18232,Association Rules
VgoqnXYkjUhL,125,easy,1,12945,Apriori Algorithm
VgoqnXYkjUhL,126,easy,1,16392,Association Rules
VgoqnXYkjUhL,127,medium,1,26650,Association Rules
VgoqnXYkjUhL,128,easy,1,17960,Association Rules
VgoqnXYkjUhL,129,easy,1,13449,FP-growth
VgoqnXYkjUhL,130,easy,1,11903,Apriori Algorithm
VgoqnXYkjUhL,131,easy,1,12198,Unsupervised Learning
VgoqnXYkjUhL,132,easy,1,18722,Rule Metrics
VgoqnXYkjUhL,133,easy,1,18982,Association Rules
VgoqnXYkjUhL,134,medium,0,29346,Rule Metrics
VgoqnXYkjUhL,135,easy,1,11903,Association Rules
VgoqnXYkjUhL,136,easy,1,15661,Association Rules
VgoqnXYkjUhL,137,easy,1,13138,Association Rules
VgoqnXYkjUhL,138,easy,0,17607,Association Rules
VgoqnXYkjUhL,139,easy,1,14147,Association Rules
VgoqnXYkjUhL,140,easy,1,11903,Apriori Algorithm
VgoqnXYkjUhL,141,easy,1,12945,Data Types
VgoqnXYkjUhL,142,easy,1,15661,FP-growth
VgoqnXYkjUhL,143,easy,1,14147,Association Rules
VgoqnXYkjUhL,144,easy,1,16392,Data Types
VgoqnXYkjUhL,145,hard,0,26709,Data Types
VgoqnXYkjUhL,146,easy,1,18931,Association Rules
VgoqnXYkjUhL,147,medium,1,26373,General
VgoqnXYkjUhL,148,medium,1,26650,Rule Metrics
VgoqnXYkjUhL,149,easy,1,21554,Association Rules
VgoqnXYkjUhL,150,easy,1,15159,Association Rules
bUBpyoQOQ4Ov,121,easy,1,14378,Decision Trees
bUBpyoQOQ4Ov,122,hard,0,28821,Association Rules
bUBpyoQOQ4Ov,123,easy,1,14574,Association Rules
bUBpyoQOQ4Ov,124,easy,1,14237,Association Rules
bUBpyoQOQ4Ov,125,easy,1,14378,Apriori Algorithm
bUBpyoQOQ4Ov,126,easy,0,21302,Association Rules
bUBpyoQOQ4Ov,127,medium,1,26160,Association Rules
bUBpyoQOQ4Ov,128,easy,0,21594,Association Rules
bUBpyoQOQ4Ov,129,easy,1,14574,FP-growth
bUBpyoQOQ4Ov,130,easy,1,12713,Apriori Algorithm
bUBpyoQOQ4Ov,131,easy,1,13726,Unsupervised Learning
bUBpyoQOQ4Ov,132,easy,1,19685,Rule Metrics
bUBpyoQOQ4Ov,133,easy,1,19903,Association Rules
bUBpyoQOQ4Ov,134,medium,0,25492,Rule Metrics
bUBpyoQOQ4Ov,135,easy,1,12713,Association Rules
bUBpyoQOQ4Ov,136,easy,0,21494,Association Rules
bUBpyoQOQ4Ov,137,easy,1,14237,Association Rules
bUBpyoQOQ4Ov,138,easy,1,14378,Association Rules
bUBpyoQOQ4Ov,139,easy,1,15151,Association Rules
bUBpyoQOQ4Ov,140,easy,1,12713,Apriori Algorithm
bUBpyoQOQ4Ov,141,easy,1,14378,Data Types
bUBpyoQOQ4Ov,142,easy,0,21494,FP-growth
bUBpyoQOQ4Ov,143,easy,1,15151,Association Rules
bUBpyoQOQ4Ov,144,easy,1,17235,Data Types
bUBpyoQOQ4Ov,145,hard,0,23014,Data Types
bUBpyoQOQ4Ov,146,easy,1,19850,Association Rules
bUBpyoQOQ4Ov,147,medium,1,25888,General
bUBpyoQOQ4Ov,148,medium,1,26160,Rule Metrics
bUBpyoQOQ4Ov,149,easy,1,21805,Association Rules
bUBpyoQOQ4Ov,150,easy,1,16195,Association Rules
I93EMGZEU4vI,121,easy,1,14590,Decision Trees
I93EMGZEU4vI,122,hard,0,32985,Association Rules
I93EMGZEU4vI,123,easy,1,14789,Association Rules
I93EMGZEU4vI,124,easy,1,14447,Association Rules
I93EMGZEU4vI,125,easy,1,14590,Apriori Algorithm
I93EMGZEU4vI,126,easy,1,18003,Association Rules
I93EMGZEU4vI,127,medium,1,28785,Association Rules
I93EMGZEU4vI,128,easy,1,19671,Association Rules
I93EMGZEU4vI,129,easy,1,14789,FP-growth
I93EMGZEU4vI,130,easy,1,12900,Apriori Algorithm
I93EMGZEU4vI,131,easy,1,13928,Unsupervised Learning
I93EMGZEU4vI,132,easy,1,20561,Rule Metrics
I93EMGZEU4vI,133,easy,0,24625,Association Rules
I93EMGZEU4vI,134,medium,0,30678,Rule Metrics
I93EMGZEU4vI,135,easy,1,12900,Association Rules
I93EMGZEU4vI,136,easy,1,16911,Association Rules
I93EMGZEU4vI,137,easy,1,14447,Association Rules
I93EMGZEU4vI,138,easy,1,14590,Association Rules
I93EMGZEU4vI,139,easy,1,15374,Association Rules
I93EMGZEU4vI,140,easy,1,12900,Apriori Algorithm
I93EMGZEU4vI,141,easy,1,14590,Data Types
I93EMGZEU4vI,142,easy,1,16911,FP-growth
I93EMGZEU4vI,143,easy,0,21286,Association Rules
I93EMGZEU4vI,144,easy,1,18003,Data Types
I93EMGZEU4vI,145,hard,0,28860,Data Types
I93EMGZEU4vI,146,easy,1,20734,Association Rules
I93EMGZEU4vI,147,medium,0,32700,General
I93EMGZEU4vI,148,medium,1,28785,Rule Metrics
I93EMGZEU4vI,149,easy,1,23685,Association Rules
I93EMGZEU4vI,150,easy,1,16492,Association Rules
QJccKPT4nu7V,121,easy,1,14590,Decision Trees
QJccKPT4nu7V,122,hard,1,31638,Association Rules
QJccKPT4nu7V,123,easy,1,14789,Association Rules
QJccKPT4nu7V,124,easy,1,14447,Association Rules
QJccKPT4nu7V,125,easy,1,14590,Apriori Algorithm
QJccKPT4nu7V,126,easy,1,18003,Association Rules
QJccKPT4nu7V,127,medium,0,33283,Association Rules
QJccKPT4nu7V,128,easy,0,23339,Association Rules
QJccKPT4nu7V,129,easy,1,14789,FP-growth
QJccKPT4nu7V,130,easy,1,12900,Apriori Algorithm
QJccKPT4nu7V,131,easy,1,13928,Unsupervised Learning
QJccKPT4nu7V,132,easy,1,20561,Rule Metrics
QJccKPT4nu7V,133,easy,0,24625,Association Rules
QJccKPT4nu7V,134,medium,0,30678,Rule Metrics
QJccKPT4nu7V,135,easy,1,12900,Association Rules
QJccKPT4nu7V,136,easy,1,16911,Association Rules
QJccKPT4nu7V,137,easy,0,19454,Association Rules
QJccKPT4nu7V,138,easy,1,14590,Association Rules
QJccKPT4nu7V,139,easy,1,15374,Association Rules
QJccKPT4nu7V,140,easy,1,12900,Apriori Algorithm
QJccKPT4nu7V,141,easy,1,14590,Data Types
QJccKPT4nu7V,142,easy,1,16911,FP-growth
QJccKPT4nu7V,143,easy,1,15374,Association Rules
QJccKPT4nu7V,144,easy,1,18003,Data Types
QJccKPT4nu7V,145,hard,0,28860,Data Types
QJccKPT4nu7V,146,easy,1,20734,Association Rules
QJccKPT4nu7V,147,medium,0,32700,General
QJccKPT4nu7V,148,medium,0,33283,Rule Metrics
QJccKPT4nu7V,149,easy,1,23685,Association Rules
QJccKPT4nu7V,150,easy,1,16492,Association Rules
HDHPHpQGlRLt,121,easy,1,14818,Decision Trees
HDHPHpQGlRLt,122,hard,1,34664,Association Rules
HDHPHpQGlRLt,123,easy,1,15125,Association Rules
HDHPHpQGlRLt,124,easy,1,14775,Association Rules
HDHPHpQGlRLt,125,easy,1,14818,Apriori Algorithm
HDHPHpQGlRLt,126,easy,1,20821,Association Rules
HDHPHpQGlRLt,127,medium,0,39356,Association Rules
HDHPHpQGlRLt,128,easy,1,22750,Association Rules
HDHPHpQGlRLt,129,easy,1,15125,FP-growth
HDHPHpQGlRLt,130,easy,1,13247,Apriori Algorithm
HDHPHpQGlRLt,131,easy,1,14303,Unsupervised Learning
HDHPHpQGlRLt,132,easy,1,23780,Rule Metrics
HDHPHpQGlRLt,133,easy,1,24044,Association Rules
HDHPHpQGlRLt,134,medium,0,34107,Rule Metrics
HDHPHpQGlRLt,135,easy,1,13247,Association Rules
HDHPHpQGlRLt,136,easy,1,17714,Association Rules
HDHPHpQGlRLt,137,easy,1,14775,Association Rules
HDHPHpQGlRLt,138,easy,1,14818,Association Rules
HDHPHpQGlRLt,139,easy,1,15763,Association Rules
HDHPHpQGlRLt,140,easy,1,13247,Apriori Algorithm
HDHPHpQGlRLt,141,easy,1,14818,Data Types
HDHPHpQGlRLt,142,easy,1,17714,FP-growth
HDHPHpQGlRLt,143,easy,1,15763,Association Rules
HDHPHpQGlRLt,144,easy,1,20821,Data Types
HDHPHpQGlRLt,145,hard,0,24952,Data Types
HDHPHpQGlRLt,146,easy,1,23980,Association Rules
HDHPHpQGlRLt,147,medium,0,36931,General
HDHPHpQGlRLt,148,medium,1,33543,Rule Metrics
HDHPHpQGlRLt,149,easy,1,27600,Association Rules
HDHPHpQGlRLt,150,easy,1,17147,Association Rules
0rzpTGhVxVJU,121,easy,1,11553,Decision Trees
0rzpTGhVxVJU,122,hard,0,27753,Association Rules
0rzpTGhVxVJU,123,easy,1,13482,Association Rules
0rzpTGhVxVJU,124,easy,0,14341,Association Rules
0rzpTGhVxVJU,125,easy,1,11553,Apriori Algorithm
0rzpTGhVxVJU,126,easy,0,18963,Association Rules
0rzpTGhVxVJU,127,medium,0,27263,Association Rules
0rzpTGhVxVJU,128,easy,1,19218,Association Rules
0rzpTGhVxVJU,129,easy,0,14681,FP-growth
0rzpTGhVxVJU,130,easy,1,9762,Apriori Algorithm
0rzpTGhVxVJU,131,easy,1,11208,Unsupervised Learning
0rzpTGhVxVJU,132,easy,0,21215,Rule Metrics
0rzpTGhVxVJU,133,easy,0,21359,Association Rules
0rzpTGhVxVJU,134,medium,0,24547,Rule Metrics
0rzpTGhVxVJU,135,easy,1,9762,Association Rules
0rzpTGhVxVJU,136,easy,0,18555,Association Rules
0rzpTGhVxVJU,137,easy,1,13170,Association Rules
0rzpTGhVxVJU,138,easy,1,11553,Association Rules
0rzpTGhVxVJU,139,easy,0,15651,Association Rules
0rzpTGhVxVJU,140,easy,1,9762,Apriori Algorithm
0rzpTGhVxVJU,141,easy,1,11553,Data Types
0rzpTGhVxVJU,142,easy,0,18555,FP-growth
0rzpTGhVxVJU,143,easy,1,14234,Association Rules
0rzpTGhVxVJU,144,easy,0,18963,Data Types
0rzpTGhVxVJU,145,hard,0,21004,Data Types
0rzpTGhVxVJU,146,easy,1,20299,Association Rules
0rzpTGhVxVJU,147,medium,0,26139,General
0rzpTGhVxVJU,148,medium,0,27263,Rule Metrics
0rzpTGhVxVJU,149,easy,0,23655,Association Rules
0rzpTGhVxVJU,150,easy,1,16001,Association Rules
0Hpj01paAdfZ,121,easy,1,11553,Decision Trees
0Hpj01paAdfZ,122,hard,1,29253,Association Rules
0Hpj01paAdfZ,123,easy,1,13482,Association Rules
0Hpj01paAdfZ,124,easy,1,13170,Association Rules
0Hpj01paAdfZ,125,easy,1,11553,Apriori Algorithm
0Hpj01paAdfZ,126,easy,1,17712,Association Rules
0Hpj01paAdfZ,127,medium,1,27483,Association Rules
0Hpj01paAdfZ,128,easy,0,19905,Association Rules
0Hpj01paAdfZ,129,easy,1,13482,FP-growth
0Hpj01paAdfZ,130,easy,1,9762,Apriori Algorithm
0Hpj01paAdfZ,131,easy,1,11208,Unsupervised Learning
0Hpj01paAdfZ,132,easy,1,20130,Rule Metrics
0Hpj01paAdfZ,133,easy,1,20353,Association Rules
0Hpj01paAdfZ,134,medium,1,25516,Rule Metrics
0Hpj01paAdfZ,135,easy,1,9762,Association Rules
0Hpj01paAdfZ,136,easy,1,16554,Association Rules
0Hpj01paAdfZ,137,easy,1,13170,Association Rules
0Hpj01paAdfZ,138,easy,1,11553,Association Rules
0Hpj01paAdfZ,139,easy,1,14234,Association Rules
0Hpj01paAdfZ,140,easy,1,9762,Apriori Algorithm
0Hpj01paAdfZ,141,easy,1,11553,Data Types
0Hpj01paAdfZ,142,easy,1,16554,FP-growth
0Hpj01paAdfZ,143,easy,1,14234,Association Rules
0Hpj01paAdfZ,144,easy,0,18847,Data Types
0Hpj01paAdfZ,145,hard,0,20875,Data Types
0Hpj01paAdfZ,146,easy,1,20299,Association Rules
0Hpj01paAdfZ,147,medium,0,25979,General
0Hpj01paAdfZ,148,medium,0,27096,Rule Metrics
0Hpj01paAdfZ,149,easy,0,23510,Association Rules
0Hpj01paAdfZ,150,easy,1,16001,Association Rules
vgAkx62M3oPn,121,easy,1,14590,Decision Trees
vgAkx62M3oPn,122,hard,0,32985,Association Rules
vgAkx62M3oPn,123,easy,1,14789,Association Rules
vgAkx62M3oPn,124,easy,1,14447,Association Rules
vgAkx62M3oPn,125,easy,1,14590,Apriori Algorithm
vgAkx62M3oPn,126,easy,1,18003,Association Rules
vgAkx62M3oPn,127,medium,1,28785,Association Rules
vgAkx62M3oPn,128,easy,1,19671,Association Rules
vgAkx62M3oPn,129,easy,0,19915,FP-growth
vgAkx62M3oPn,130,easy,1,12900,Apriori Algorithm
vgAkx62M3oPn,131,easy,1,13928,Unsupervised Learning
vgAkx62M3oPn,132,easy,1,20561,Rule Metrics
vgAkx62M3oPn,133,easy,1,20789,Association Rules
vgAkx62M3oPn,134,medium,1,27386,Rule Metrics
vgAkx62M3oPn,135,easy,1,12900,Association Rules
vgAkx62M3oPn,136,easy,1,16911,Association Rules
vgAkx62M3oPn,137,easy,1,14447,Association Rules
vgAkx62M3oPn,138,easy,1,14590,Association Rules
vgAkx62M3oPn,139,easy,1,15374,Association Rules
vgAkx62M3oPn,140,easy,1,12900,Apriori Algorithm
vgAkx62M3oPn,141,easy,1,14590,Data Types
vgAkx62M3oPn,142,easy,0,22870,FP-growth
vgAkx62M3oPn,143,easy,0,21286,Association Rules
vgAkx62M3oPn,144,easy,1,18003,Data Types
vgAkx62M3oPn,145,hard,0,28860,Data Types
vgAkx62M3oPn,146,easy,1,20734,Association Rules
vgAkx62M3oPn,147,medium,0,32700,General
vgAkx62M3oPn,148,medium,1,28785,Rule Metrics
vgAkx62M3oPn,149,easy,1,23685,Association Rules
vgAkx62M3oPn,150,easy,1,16492,Association Rules
VqXqgB6ructd,121,easy,1,15659,Decision Trees
VqXqgB6ructd,122,hard,0,34377,Association Rules
VqXqgB6ructd,123,easy,1,15817,Association Rules
VqXqgB6ructd,124,easy,1,15451,Association Rules
VqXqgB6ructd,125,easy,1,15659,Apriori Algorithm
VqXqgB6ructd,126,easy,1,19536,Association Rules
VqXqgB6ructd,127,medium,1,31474,Association Rules
VqXqgB6ructd,128,easy,1,21346,Association Rules
VqXqgB6ructd,129,easy,1,15817,FP-growth
VqXqgB6ructd,130,easy,1,13999,Apriori Algorithm
VqXqgB6ructd,131,easy,1,15115,Unsupervised Learning
VqXqgB6ructd,132,easy,1,22313,Rule Metrics
VqXqgB6ructd,133,easy,1,22560,Association Rules
VqXqgB6ructd,134,medium,0,33419,Rule Metrics
VqXqgB6ructd,135,easy,1,13999,Association Rules
VqXqgB6ructd,136,easy,1,18300,Association Rules
VqXqgB6ructd,137,easy,1,15451,Association Rules
VqXqgB6ructd,138,easy,1,15659,Association Rules
VqXqgB6ructd,139,easy,1,16485,Association Rules
VqXqgB6ructd,140,easy,1,13999,Apriori Algorithm
VqXqgB6ructd,141,easy,1,15659,Data Types
VqXqgB6ructd,142,easy,1,18300,FP-growth
VqXqgB6ructd,143,easy,0,22739,Association Rules
VqXqgB6ructd,144,easy,1,19536,Data Types
VqXqgB6ructd,145,hard,0,29881,Data Types
VqXqgB6ructd,146,easy,1,22500,Association Rules
VqXqgB6ructd,147,medium,1,31146,General
VqXqgB6ructd,148,medium,1,31474,Rule Metrics
VqXqgB6ructd,149,easy,1,25897,Association Rules
VqXqgB6ructd,150,easy,1,17714,Association Rules
9xt9EeOQtcXZ,121,easy,1,14378,Decision Trees
9xt9EeOQtcXZ,122,hard,0,28821,Association Rules
9xt9EeOQtcXZ,123,easy,1,14574,Association Rules
9xt9EeOQtcXZ,124,easy,1,14237,Association Rules
9xt9EeOQtcXZ,125,easy,1,14378,Apriori Algorithm
9xt9EeOQtcXZ,126,easy,1,17235,Association Rules
9xt9EeOQtcXZ,127,medium,1,26160,Association Rules
9xt9EeOQtcXZ,128,easy,1,18832,Association Rules
9xt9EeOQtcXZ,129,easy,1,14574,FP-growth
9xt9EeOQtcXZ,130,easy,1,12713,Apriori Algorithm
9xt9EeOQtcXZ,131,easy,1,13726,Unsupervised Learning
9xt9EeOQtcXZ,132,easy,1,19685,Rule Metrics
9xt9EeOQtcXZ,133,easy,1,19903,Association Rules
9xt9EeOQtcXZ,134,medium,0,25492,Rule Metrics
9xt9EeOQtcXZ,135,easy,1,12713,Association Rules
9xt9EeOQtcXZ,136,easy,1,16446,Association Rules
9xt9EeOQtcXZ,137,easy,1,14237,Association Rules
9xt9EeOQtcXZ,138,easy,1,14378,Association Rules
9xt9EeOQtcXZ,139,easy,0,20321,Association Rules
9xt9EeOQtcXZ,140,easy,1,12713,Apriori Algorithm
9xt9EeOQtcXZ,141,easy,1,14378,Data Types
9xt9EeOQtcXZ,142,easy,0,21494,FP-growth
9xt9EeOQtcXZ,143,easy,0,20321,Association Rules
9xt9EeOQtcXZ,144,easy,1,17235,Data Types
9xt9EeOQtcXZ,145,hard,0,23014,Data Types
9xt9EeOQtcXZ,146,easy,1,19850,Association Rules
9xt9EeOQtcXZ,147,medium,1,25888,General
9xt9EeOQtcXZ,148,medium,1,26160,Rule Metrics
9xt9EeOQtcXZ,149,easy,1,21805,Association Rules
9xt9EeOQtcXZ,150,easy,1,16195,Association Rules
X0HFePMCkBsP,121,easy,1,12136,Decision Trees
X0HFePMCkBsP,122,hard,1,28329,Association Rules
X0HFePMCkBsP,123,easy,1,13196,Association Rules
X0HFePMCkBsP,124,easy,1,12891,Association Rules
X0HFePMCkBsP,125,easy,1,12136,Apriori Algorithm
X0HFePMCkBsP,126,easy,1,17112,Association Rules
X0HFePMCkBsP,127,medium,0,27458,Association Rules
X0HFePMCkBsP,128,easy,1,18697,Association Rules
X0HFePMCkBsP,129,easy,1,13196,FP-growth
X0HFePMCkBsP,130,easy,1,10690,Apriori Algorithm
X0HFePMCkBsP,131,easy,1,11542,Unsupervised Learning
X0HFePMCkBsP,132,easy,0,22490,Rule Metrics
X0HFePMCkBsP,133,easy,1,19760,Association Rules
X0HFePMCkBsP,134,medium,1,24711,Rule Metrics
X0HFePMCkBsP,135,easy,1,10690,Association Rules
X0HFePMCkBsP,136,easy,1,16169,Association Rules
X0HFePMCkBsP,137,easy,1,12891,Association Rules
X0HFePMCkBsP,138,easy,1,12136,Association Rules
X0HFePMCkBsP,139,easy,1,14135,Association Rules
X0HFePMCkBsP,140,easy,1,10690,Apriori Algorithm
X0HFePMCkBsP,141,easy,1,12136,Data Types
X0HFePMCkBsP,142,easy,1,16169,FP-growth
X0HFePMCkBsP,143,easy,1,14135,Association Rules
X0HFePMCkBsP,144,easy,1,17112,Data Types
X0HFePMCkBsP,145,hard,0,22849,Data Types
X0HFePMCkBsP,146,easy,1,19708,Association Rules
X0HFePMCkBsP,147,medium,0,26977,General
X0HFePMCkBsP,148,medium,0,27458,Rule Metrics
X0HFePMCkBsP,149,easy,0,24965,Association Rules
X0HFePMCkBsP,150,easy,1,15628,Association Rules
32nLuB1xqIO4,121,easy,1,14590,Decision Trees
32nLuB1xqIO4,122,hard,1,31638,Association Rules
32nLuB1xqIO4,123,easy,1,14789,Association Rules
32nLuB1xqIO4,124,easy,1,14447,Association Rules
32nLuB1xqIO4,125,easy,1,14590,Apriori Algorithm
32nLuB1xqIO4,126,easy,1,18003,Association Rules
32nLuB1xqIO4,127,medium,0,33283,Association Rules
32nLuB1xqIO4,128,easy,1,19671,Association Rules
32nLuB1xqIO4,129,easy,1,14789,FP-growth
32nLuB1xqIO4,130,easy,1,12900,Apriori Algorithm
32nLuB1xqIO4,131,easy,1,13928,Unsupervised Learning
32nLuB1xqIO4,132,easy,1,20561,Rule Metrics
32nLuB1xqIO4,133,easy,1,20789,Association Rules
32nLuB1xqIO4,134,medium,0,30678,Rule Metrics
32nLuB1xqIO4,135,easy,1,12900,Association Rules
32nLuB1xqIO4,136,easy,0,22870,Association Rules
32nLuB1xqIO4,137,easy,1,14447,Association Rules
32nLuB1xqIO4,138,easy,1,14590,Association Rules
32nLuB1xqIO4,139,easy,1,15374,Association Rules
32nLuB1xqIO4,140,easy,1,12900,Apriori Algorithm
32nLuB1xqIO4,141,easy,1,14590,Data Types
32nLuB1xqIO4,142,easy,1,16911,FP-growth
32nLuB1xqIO4,143,easy,1,15374,Association Rules
32nLuB1xqIO4,144,easy,0,23024,Data Types
32nLuB1xqIO4,145,hard,0,28860,Data Types
32nLuB1xqIO4,146,easy,1,20734,Association Rules
32nLuB1xqIO4,147,medium,0,32700,General
32nLuB1xqIO4,148,medium,0,33283,Rule Metrics
32nLuB1xqIO4,149,easy,1,23685,Association Rules
32nLuB1xqIO4,150,easy,0,22477,Association Rules
GiEhMndZmOa5,121,easy,1,12552,Decision Trees
GiEhMndZmOa5,122,hard,0,31041,Association Rules
GiEhMndZmOa5,123,easy,0,16235,Association Rules
GiEhMndZmOa5,124,easy,1,13443,Association Rules
GiEhMndZmOa5,125,easy,1,12552,Apriori Algorithm
GiEhMndZmOa5,126,easy,0,21573,Association Rules
GiEhMndZmOa5,127,medium,1,28004,Association Rules
GiEhMndZmOa5,128,easy,0,22139,Association Rules
GiEhMndZmOa5,129,easy,1,13762,FP-growth
GiEhMndZmOa5,130,easy,1,11066,Apriori Algorithm
GiEhMndZmOa5,131,easy,1,12037,Unsupervised Learning
GiEhMndZmOa5,132,easy,1,20551,Rule Metrics
GiEhMndZmOa5,133,easy,1,20779,Association Rules
GiEhMndZmOa5,134,medium,0,27456,Rule Metrics
GiEhMndZmOa5,135,easy,1,11066,Association Rules
GiEhMndZmOa5,136,easy,1,16862,Association Rules
GiEhMndZmOa5,137,easy,1,13443,Association Rules
GiEhMndZmOa5,138,easy,1,12552,Association Rules
GiEhMndZmOa5,139,easy,1,14478,Association Rules
GiEhMndZmOa5,140,easy,1,11066,Apriori Algorithm
GiEhMndZmOa5,141,easy,1,12552,Data Types
GiEhMndZmOa5,142,easy,1,16862,FP-growth
GiEhMndZmOa5,143,easy,1,14478,Association Rules
GiEhMndZmOa5,144,easy,1,17993,Data Types
GiEhMndZmOa5,145,hard,0,24787,Data Types
GiEhMndZmOa5,146,easy,1,20724,Association Rules
GiEhMndZmOa5,147,medium,0,29265,General
GiEhMndZmOa5,148,medium,1,28004,Rule Metrics
GiEhMndZmOa5,149,easy,1,23712,Association Rules
GiEhMndZmOa5,150,easy,1,16298,Association Rules
ylh73EEFQ8CD,121,easy,1,13612,Decision Trees
ylh73EEFQ8CD,122,hard,0,30547,Association Rules
ylh73EEFQ8CD,123,easy,1,13487,Association Rules
ylh73EEFQ8CD,124,easy,1,13175,Association Rules
ylh73EEFQ8CD,125,easy,1,13612,Apriori Algorithm
ylh73EEFQ8CD,126,easy,1,16160,Association Rules
ylh73EEFQ8CD,127,medium,0,31388,Association Rules
ylh73EEFQ8CD,128,easy,1,17706,Association Rules
ylh73EEFQ8CD,129,easy,1,13487,FP-growth
ylh73EEFQ8CD,130,easy,1,11937,Apriori Algorithm
ylh73EEFQ8CD,131,easy,1,12233,Unsupervised Learning
ylh73EEFQ8CD,132,easy,1,18457,Rule Metrics
ylh73EEFQ8CD,133,easy,1,18713,Association Rules
ylh73EEFQ8CD,134,medium,1,25363,Rule Metrics
ylh73EEFQ8CD,135,easy,1,11937,Association Rules
ylh73EEFQ8CD,136,easy,1,15439,Association Rules
ylh73EEFQ8CD,137,easy,1,13175,Association Rules
ylh73EEFQ8CD,138,easy,1,13612,Association Rules
ylh73EEFQ8CD,139,easy,1,13947,Association Rules
ylh73EEFQ8CD,140,easy,1,11937,Apriori Algorithm
ylh73EEFQ8CD,141,easy,1,13612,Data Types
ylh73EEFQ8CD,142,easy,1,15439,FP-growth
ylh73EEFQ8CD,143,easy,1,13947,Association Rules
ylh73EEFQ8CD,144,easy,1,16160,Data Types
ylh73EEFQ8CD,145,hard,0,26737,Data Types
ylh73EEFQ8CD,146,easy,1,18664,Association Rules
ylh73EEFQ8CD,147,medium,0,30838,General
ylh73EEFQ8CD,148,medium,1,26273,Rule Metrics
ylh73EEFQ8CD,149,easy,1,21249,Association Rules
ylh73EEFQ8CD,150,easy,1,14945,Association Rules
OLMmduueQtv7,121,easy,1,14796,Decision Trees
OLMmduueQtv7,122,hard,1,32687,Association Rules
OLMmduueQtv7,123,easy,1,14945,Association Rules
OLMmduueQtv7,124,easy,1,14600,Association Rules
OLMmduueQtv7,125,easy,1,14796,Apriori Algorithm
OLMmduueQtv7,126,easy,1,18460,Association Rules
OLMmduueQtv7,127,medium,0,34893,Association Rules
OLMmduueQtv7,128,easy,1,20170,Association Rules
OLMmduueQtv7,129,easy,1,14945,FP-growth
OLMmduueQtv7,130,easy,1,13228,Apriori Algorithm
OLMmduueQtv7,131,easy,1,14282,Unsupervised Learning
OLMmduueQtv7,132,easy,1,21083,Rule Metrics
OLMmduueQtv7,133,easy,0,25622,Association Rules
OLMmduueQtv7,134,medium,0,32162,Rule Metrics
OLMmduueQtv7,135,easy,1,13228,Association Rules
OLMmduueQtv7,136,easy,1,17292,Association Rules
OLMmduueQtv7,137,easy,1,14600,Association Rules
OLMmduueQtv7,138,easy,1,14796,Association Rules
OLMmduueQtv7,139,easy,1,15576,Association Rules
OLMmduueQtv7,140,easy,1,13228,Apriori Algorithm
OLMmduueQtv7,141,easy,1,14796,Data Types
OLMmduueQtv7,142,easy,1,17292,FP-growth
OLMmduueQtv7,143,easy,1,15576,Association Rules
OLMmduueQtv7,144,easy,1,18460,Data Types
OLMmduueQtv7,145,hard,0,28757,Data Types
OLMmduueQtv7,146,easy,1,21260,Association Rules
OLMmduueQtv7,147,medium,0,34281,General
OLMmduueQtv7,148,medium,0,34893,Rule Metrics
OLMmduueQtv7,149,easy,1,24470,Association Rules
OLMmduueQtv7,150,easy,1,16738,Association Rules
SpXSTCkMzPni,121,easy,1,14796,Decision Trees
SpXSTCkMzPni,122,hard,0,33085,Association Rules
SpXSTCkMzPni,123,easy,1,14945,Association Rules
SpXSTCkMzPni,124,easy,1,14600,Association Rules
SpXSTCkMzPni,125,easy,1,14796,Apriori Algorithm
SpXSTCkMzPni,126,easy,1,18460,Association Rules
SpXSTCkMzPni,127,medium,1,29739,Association Rules
SpXSTCkMzPni,128,easy,1,20170,Association Rules
SpXSTCkMzPni,129,easy,1,14945,FP-growth
SpXSTCkMzPni,130,easy,1,13228,Apriori Algorithm
SpXSTCkMzPni,131,easy,1,14282,Unsupervised Learning
SpXSTCkMzPni,132,easy,1,21083,Rule Metrics
SpXSTCkMzPni,133,easy,0,25622,Association Rules
SpXSTCkMzPni,134,medium,0,32162,Rule Metrics
SpXSTCkMzPni,135,easy,1,13228,Association Rules
SpXSTCkMzPni,136,easy,1,17292,Association Rules
SpXSTCkMzPni,137,easy,1,14600,Association Rules
SpXSTCkMzPni,138,easy,1,14796,Association Rules
SpXSTCkMzPni,139,easy,1,15576,Association Rules
SpXSTCkMzPni,140,easy,1,13228,Apriori Algorithm
SpXSTCkMzPni,141,easy,1,14796,Data Types
SpXSTCkMzPni,142,easy,0,23730,FP-growth
SpXSTCkMzPni,143,easy,1,15576,Association Rules
SpXSTCkMzPni,144,easy,1,18460,Data Types
SpXSTCkMzPni,145,hard,0,28757,Data Types
SpXSTCkMzPni,146,easy,1,21260,Association Rules
SpXSTCkMzPni,147,medium,0,34281,General
SpXSTCkMzPni,148,medium,0,34893,Rule Metrics
SpXSTCkMzPni,149,easy,1,24470,Association Rules
SpXSTCkMzPni,150,easy,1,16738,Association Rules
e35NZ2cItyz9,121,easy,1,14711,Decision Trees
e35NZ2cItyz9,122,hard,0,32408,Association Rules
e35NZ2cItyz9,123,easy,1,14912,Association Rules
e35NZ2cItyz9,124,easy,1,14567,Association Rules
e35NZ2cItyz9,125,easy,1,14711,Apriori Algorithm
e35NZ2cItyz9,126,easy,1,17911,Association Rules
e35NZ2cItyz9,127,medium,0,31904,Association Rules
e35NZ2cItyz9,128,easy,1,19571,Association Rules
e35NZ2cItyz9,129,easy,1,14912,FP-growth
e35NZ2cItyz9,130,easy,1,13008,Apriori Algorithm
e35NZ2cItyz9,131,easy,1,14044,Unsupervised Learning
e35NZ2cItyz9,132,easy,1,20457,Rule Metrics
e35NZ2cItyz9,133,easy,1,20684,Association Rules
e35NZ2cItyz9,134,medium,1,26831,Rule Metrics
e35NZ2cItyz9,135,easy,0,16882,Association Rules
e35NZ2cItyz9,136,easy,1,17051,Association Rules
e35NZ2cItyz9,137,easy,1,14567,Association Rules
e35NZ2cItyz9,138,easy,1,14711,Association Rules
e35NZ2cItyz9,139,easy,1,15502,Association Rules
e35NZ2cItyz9,140,easy,1,13008,Apriori Algorithm
e35NZ2cItyz9,141,easy,1,14711,Data Types
e35NZ2cItyz9,142,easy,1,17051,FP-growth
e35NZ2cItyz9,143,easy,1,15502,Association Rules
e35NZ2cItyz9,144,easy,1,17911,Data Types
e35NZ2cItyz9,145,hard,0,25429,Data Types
e35NZ2cItyz9,146,easy,1,20629,Association Rules
e35NZ2cItyz9,147,medium,0,31345,General
e35NZ2cItyz9,148,medium,0,31904,Rule Metrics
e35NZ2cItyz9,149,easy,1,23205,Association Rules
e35NZ2cItyz9,150,easy,1,16629,Association Rules
sg62FVLFX6BW,121,easy,1,12552,Decision Trees
sg62FVLFX6BW,122,hard,0,31041,Association Rules
sg62FVLFX6BW,123,easy,1,13762,Association Rules
sg62FVLFX6BW,124,easy,0,15860,Association Rules
sg62FVLFX6BW,125,easy,1,12552,Apriori Algorithm
sg62FVLFX6BW,126,easy,1,17993,Association Rules
sg62FVLFX6BW,127,medium,0,29605,Association Rules
sg62FVLFX6BW,128,easy,1,19661,Association Rules
sg62FVLFX6BW,129,easy,1,13762,FP-growth
sg62FVLFX6BW,130,easy,1,11066,Apriori Algorithm
sg62FVLFX6BW,131,easy,1,12037,Unsupervised Learning
sg62FVLFX6BW,132,easy,0,23302,Rule Metrics
sg62FVLFX6BW,133,easy,0,23359,Association Rules
sg62FVLFX6BW,134,medium,0,27456,Rule Metrics
sg62FVLFX6BW,135,easy,1,11066,Association Rules
sg62FVLFX6BW,136,easy,1,16862,Association Rules
sg62FVLFX6BW,137,easy,1,13443,Association Rules
sg62FVLFX6BW,138,easy,1,12552,Association Rules
sg62FVLFX6BW,139,easy,0,17563,Association Rules
sg62FVLFX6BW,140,easy,1,11066,Apriori Algorithm
sg62FVLFX6BW,141,easy,1,12552,Data Types
sg62FVLFX6BW,142,easy,1,16862,FP-growth
sg62FVLFX6BW,143,easy,1,14478,Association Rules
sg62FVLFX6BW,144,easy,0,21573,Data Types
sg62FVLFX6BW,145,hard,0,24787,Data Types
sg62FVLFX6BW,146,easy,1,20724,Association Rules
sg62FVLFX6BW,147,medium,0,29265,General
sg62FVLFX6BW,148,medium,0,29605,Rule Metrics
sg62FVLFX6BW,149,easy,1,23712,Association Rules
sg62FVLFX6BW,150,easy,1,16298,Association Rules
QJyEL3O7YA2f,121,easy,1,15659,Decision Trees
QJyEL3O7YA2f,122,hard,0,34377,Association Rules
QJyEL3O7YA2f,123,easy,1,15817,Association Rules
QJyEL3O7YA2f,124,easy,1,15451,Association Rules
QJyEL3O7YA2f,125,easy,1,15659,Apriori Algorithm
QJyEL3O7YA2f,126,easy,0,24892,Association Rules
QJyEL3O7YA2f,127,medium,1,31474,Association Rules
QJyEL3O7YA2f,128,easy,1,21346,Association Rules
QJyEL3O7YA2f,129,easy,1,15817,FP-growth
QJyEL3O7YA2f,130,easy,1,13999,Apriori Algorithm
QJyEL3O7YA2f,131,easy,1,15115,Unsupervised Learning
QJyEL3O7YA2f,132,easy,1,22313,Rule Metrics
QJyEL3O7YA2f,133,easy,1,22560,Association Rules
QJyEL3O7YA2f,134,medium,1,29944,Rule Metrics
QJyEL3O7YA2f,135,easy,1,13999,Association Rules
QJyEL3O7YA2f,136,easy,1,18300,Association Rules
QJyEL3O7YA2f,137,easy,1,15451,Association Rules
QJyEL3O7YA2f,138,easy,1,15659,Association Rules
QJyEL3O7YA2f,139,easy,1,16485,Association Rules
QJyEL3O7YA2f,140,easy,1,13999,Apriori Algorithm
QJyEL3O7YA2f,141,easy,1,15659,Data Types
QJyEL3O7YA2f,142,easy,1,18300,FP-growth
QJyEL3O7YA2f,143,easy,1,16485,Association Rules
QJyEL3O7YA2f,144,easy,1,19536,Data Types
QJyEL3O7YA2f,145,hard,0,29881,Data Types
QJyEL3O7YA2f,146,easy,1,22500,Association Rules
QJyEL3O7YA2f,147,medium,0,35621,General
QJyEL3O7YA2f,148,medium,0,36256,Rule Metrics
QJyEL3O7YA2f,149,easy,1,25897,Association Rules
QJyEL3O7YA2f,150,easy,1,17714,Association Rules
1ggBjCxnkaT8,121,easy,1,13046,Decision Trees
1ggBjCxnkaT8,122,hard,1,32059,Association Rules
1ggBjCxnkaT8,123,easy,1,14356,Association Rules
1ggBjCxnkaT8,124,easy,1,14024,Association Rules
1ggBjCxnkaT8,125,easy,1,13046,Apriori Algorithm
1ggBjCxnkaT8,126,easy,1,18764,Association Rules
1ggBjCxnkaT8,127,medium,0,31257,Association Rules
1ggBjCxnkaT8,128,easy,0,22672,Association Rules
1ggBjCxnkaT8,129,easy,1,14356,FP-growth
1ggBjCxnkaT8,130,easy,1,11615,Apriori Algorithm
1ggBjCxnkaT8,131,easy,1,12635,Unsupervised Learning
1ggBjCxnkaT8,132,easy,1,21438,Rule Metrics
1ggBjCxnkaT8,133,easy,1,21676,Association Rules
1ggBjCxnkaT8,134,medium,0,28116,Rule Metrics
1ggBjCxnkaT8,135,easy,1,11615,Association Rules
1ggBjCxnkaT8,136,easy,0,21935,Association Rules
1ggBjCxnkaT8,137,easy,1,14024,Association Rules
1ggBjCxnkaT8,138,easy,1,13046,Association Rules
1ggBjCxnkaT8,139,easy,1,15104,Association Rules
1ggBjCxnkaT8,140,easy,1,11615,Apriori Algorithm
1ggBjCxnkaT8,141,easy,1,13046,Data Types
1ggBjCxnkaT8,142,easy,0,21935,FP-growth
1ggBjCxnkaT8,143,easy,1,15104,Association Rules
1ggBjCxnkaT8,144,easy,1,18764,Data Types
1ggBjCxnkaT8,145,hard,1,29171,Data Types
1ggBjCxnkaT8,146,easy,0,23857,Association Rules
1ggBjCxnkaT8,147,medium,1,29087,General
1ggBjCxnkaT8,148,medium,0,31257,Rule Metrics
1ggBjCxnkaT8,149,easy,0,27500,Association Rules
1ggBjCxnkaT8,150,easy,1,17002,Association Rules
9eci54foOGc9,121,easy,1,14796,Decision Trees
9eci54foOGc9,122,hard,1,32687,Association Rules
9eci54foOGc9,123,easy,1,14945,Association Rules
9eci54foOGc9,124,easy,1,14600,Association Rules
9eci54foOGc9,125,easy,1,14796,Apriori Algorithm
9eci54foOGc9,126,easy,0,23956,Association Rules
9eci54foOGc9,127,medium,0,34893,Association Rules
9eci54foOGc9,128,easy,1,20170,Association Rules
9eci54foOGc9,129,easy,1,14945,FP-growth
9eci54foOGc9,130,easy,1,13228,Apriori Algorithm
9eci54foOGc9,131,easy,1,14282,Unsupervised Learning
9eci54foOGc9,132,easy,1,21083,Rule Metrics
9eci54foOGc9,133,easy,1,21317,Association Rules
9eci54foOGc9,134,medium,1,28294,Rule Metrics
9eci54foOGc9,135,easy,1,13228,Association Rules
9eci54foOGc9,136,easy,1,17292,Association Rules
9eci54foOGc9,137,easy,1,14600,Association Rules
9eci54foOGc9,138,easy,1,14796,Association Rules
9eci54foOGc9,139,easy,1,15576,Association Rules
9eci54foOGc9,140,easy,1,13228,Apriori Algorithm
9eci54foOGc9,141,easy,1,14796,Data Types
9eci54foOGc9,142,easy,1,17292,FP-growth
9eci54foOGc9,143,easy,1,15576,Association Rules
9eci54foOGc9,144,easy,0,23956,Data Types
9eci54foOGc9,145,hard,0,28757,Data Types
9eci54foOGc9,146,easy,1,21260,Association Rules
9eci54foOGc9,147,medium,0,34281,General
9eci54foOGc9,148,medium,0,34893,Rule Metrics
9eci54foOGc9,149,easy,0,31088,Association Rules
9eci54foOGc9,150,easy,1,16738,Association Rules
oVyzGGgOFu4f,121,easy,1,15659,Decision Trees
oVyzGGgOFu4f,122,hard,0,34377,Association Rules
oVyzGGgOFu4f,123,easy,1,15817,Association Rules
oVyzGGgOFu4f,124,easy,1,15451,Association Rules
oVyzGGgOFu4f,125,easy,1,15659,Apriori Algorithm
oVyzGGgOFu4f,126,easy,0,24892,Association Rules
oVyzGGgOFu4f,127,medium,0,36256,Association Rules
oVyzGGgOFu4f,128,easy,0,25233,Association Rules
oVyzGGgOFu4f,129,easy,1,15817,FP-growth
oVyzGGgOFu4f,130,easy,1,13999,Apriori Algorithm
oVyzGGgOFu4f,131,easy,1,15115,Unsupervised Learning
oVyzGGgOFu4f,132,easy,1,22313,Rule Metrics
oVyzGGgOFu4f,133,easy,1,22560,Association Rules
oVyzGGgOFu4f,134,medium,0,33419,Rule Metrics
oVyzGGgOFu4f,135,easy,1,13999,Association Rules
oVyzGGgOFu4f,136,easy,0,24657,Association Rules
oVyzGGgOFu4f,137,easy,1,15451,Association Rules
oVyzGGgOFu4f,138,easy,1,15659,Association Rules
oVyzGGgOFu4f,139,easy,1,16485,Association Rules
oVyzGGgOFu4f,140,easy,1,13999,Apriori Algorithm
oVyzGGgOFu4f,141,easy,1,15659,Data Types
oVyzGGgOFu4f,142,easy,0,24657,FP-growth
oVyzGGgOFu4f,143,easy,1,16485,Association Rules
oVyzGGgOFu4f,144,easy,1,19536,Data Types
oVyzGGgOFu4f,145,hard,1,35573,Data Types
oVyzGGgOFu4f,146,easy,1,22500,Association Rules
oVyzGGgOFu4f,147,medium,1,31146,General
oVyzGGgOFu4f,148,medium,1,31474,Rule Metrics
oVyzGGgOFu4f,149,easy,1,25897,Association Rules
oVyzGGgOFu4f,150,easy,1,17714,Association Rules
GiNOB0aoa84q,121,easy,1,14378,Decision Trees
GiNOB0aoa84q,122,hard,1,28534,Association Rules
GiNOB0aoa84q,123,easy,1,14574,Association Rules
GiNOB0aoa84q,124,easy,1,14237,Association Rules
GiNOB0aoa84q,125,easy,1,14378,Apriori Algorithm
GiNOB0aoa84q,126,easy,0,21302,Association Rules
GiNOB0aoa84q,127,medium,0,27657,Association Rules
GiNOB0aoa84q,128,easy,1,18832,Association Rules
GiNOB0aoa84q,129,easy,1,14574,FP-growth
GiNOB0aoa84q,130,easy,1,12713,Apriori Algorithm
GiNOB0aoa84q,131,easy,1,13726,Unsupervised Learning
GiNOB0aoa84q,132,easy,1,19685,Rule Metrics
GiNOB0aoa84q,133,easy,1,19903,Association Rules
GiNOB0aoa84q,134,medium,0,25492,Rule Metrics
GiNOB0aoa84q,135,easy,1,12713,Association Rules
GiNOB0aoa84q,136,easy,1,16446,Association Rules
GiNOB0aoa84q,137,easy,1,14237,Association Rules
GiNOB0aoa84q,138,easy,1,14378,Association Rules
GiNOB0aoa84q,139,easy,0,20321,Association Rules
GiNOB0aoa84q,140,easy,1,12713,Apriori Algorithm
GiNOB0aoa84q,141,easy,1,14378,Data Types
GiNOB0aoa84q,142,easy,1,16446,FP-growth
GiNOB0aoa84q,143,easy,1,15151,Association Rules
GiNOB0aoa84q,144,easy,1,17235,Data Types
GiNOB0aoa84q,145,hard,0,23014,Data Types
GiNOB0aoa84q,146,easy,1,19850,Association Rules
GiNOB0aoa84q,147,medium,1,25888,General
GiNOB0aoa84q,148,medium,1,26160,Rule Metrics
GiNOB0aoa84q,149,easy,1,21805,Association Rules
GiNOB0aoa84q,150,easy,0,21332,Association Rules
pJCSXvZHMyH1,121,easy,1,14796,Decision Trees
pJCSXvZHMyH1,122,hard,0,33085,Association Rules
pJCSXvZHMyH1,123,easy,1,14945,Association Rules
pJCSXvZHMyH1,124,easy,1,14600,Association Rules
pJCSXvZHMyH1,125,easy,1,14796,Apriori Algorithm
pJCSXvZHMyH1,126,easy,1,18460,Association Rules
pJCSXvZHMyH1,127,medium,1,29739,Association Rules
pJCSXvZHMyH1,128,easy,1,20170,Association Rules
pJCSXvZHMyH1,129,easy,1,14945,FP-growth
pJCSXvZHMyH1,130,easy,1,13228,Apriori Algorithm
pJCSXvZHMyH1,131,easy,1,14282,Unsupervised Learning
pJCSXvZHMyH1,132,easy,1,21083,Rule Metrics
pJCSXvZHMyH1,133,easy,1,21317,Association Rules
pJCSXvZHMyH1,134,medium,1,28294,Rule Metrics
pJCSXvZHMyH1,135,easy,1,13228,Association Rules
pJCSXvZHMyH1,136,easy,1,17292,Association Rules
pJCSXvZHMyH1,137,easy,1,14600,Association Rules
pJCSXvZHMyH1,138,easy,1,14796,Association Rules
pJCSXvZHMyH1,139,easy,1,15576,Association Rules
pJCSXvZHMyH1,140,easy,1,13228,Apriori Algorithm
pJCSXvZHMyH1,141,easy,1,14796,Data Types
pJCSXvZHMyH1,142,easy,1,17292,FP-growth
pJCSXvZHMyH1,143,easy,0,21884,Association Rules
pJCSXvZHMyH1,144,easy,1,18460,Data Types
pJCSXvZHMyH1,145,hard,0,28757,Data Types
pJCSXvZHMyH1,146,easy,1,21260,Association Rules
pJCSXvZHMyH1,147,medium,1,29430,General
pJCSXvZHMyH1,148,medium,1,29739,Rule Metrics
pJCSXvZHMyH1,149,easy,1,24470,Association Rules
pJCSXvZHMyH1,150,easy,1,16738,Association Rules
TYE4dgTYGdCn,121,easy,1,14796,Decision Trees
TYE4dgTYGdCn,122,hard,0,33085,Association Rules
TYE4dgTYGdCn,123,easy,1,14945,Association Rules
TYE4dgTYGdCn,124,easy,1,14600,Association Rules
TYE4dgTYGdCn,125,easy,1,14796,Apriori Algorithm
TYE4dgTYGdCn,126,easy,1,18460,Association Rules
TYE4dgTYGdCn,127,medium,1,29739,Association Rules
TYE4dgTYGdCn,128,easy,1,20170,Association Rules
TYE4dgTYGdCn,129,easy,1,14945,FP-growth
TYE4dgTYGdCn,130,easy,1,13228,Apriori Algorithm
TYE4dgTYGdCn,131,easy,1,14282,Unsupervised Learning
TYE4dgTYGdCn,132,easy,1,21083,Rule Metrics
TYE4dgTYGdCn,133,easy,1,21317,Association Rules
TYE4dgTYGdCn,134,medium,1,28294,Rule Metrics
TYE4dgTYGdCn,135,easy,1,13228,Association Rules
TYE4dgTYGdCn,136,easy,1,17292,Association Rules
TYE4dgTYGdCn,137,easy,1,14600,Association Rules
TYE4dgTYGdCn,138,easy,1,14796,Association Rules
TYE4dgTYGdCn,139,easy,1,15576,Association Rules
TYE4dgTYGdCn,140,easy,1,13228,Apriori Algorithm
TYE4dgTYGdCn,141,easy,1,14796,Data Types
TYE4dgTYGdCn,142,easy,1,17292,FP-growth
TYE4dgTYGdCn,143,easy,1,15576,Association Rules
TYE4dgTYGdCn,144,easy,1,18460,Data Types
TYE4dgTYGdCn,145,hard,0,28757,Data Types
TYE4dgTYGdCn,146,easy,1,21260,Association Rules
TYE4dgTYGdCn,147,medium,1,29430,General
TYE4dgTYGdCn,148,medium,1,29739,Rule Metrics
TYE4dgTYGdCn,149,easy,1,24470,Association Rules
TYE4dgTYGdCn,150,easy,1,16738,Association Rules
hpYESXQ1czwb,121,easy,1,14532,Decision Trees
hpYESXQ1czwb,122,hard,0,32490,Association Rules
hpYESXQ1czwb,123,easy,1,14678,Association Rules
hpYESXQ1czwb,124,easy,1,14339,Association Rules
hpYESXQ1czwb,125,easy,1,14532,Apriori Algorithm
hpYESXQ1czwb,126,easy,1,18130,Association Rules
hpYESXQ1czwb,127,medium,1,29208,Association Rules
hpYESXQ1czwb,128,easy,1,19809,Association Rules
hpYESXQ1czwb,129,easy,1,14678,FP-growth
hpYESXQ1czwb,130,easy,1,12991,Apriori Algorithm
hpYESXQ1czwb,131,easy,1,14026,Unsupervised Learning
hpYESXQ1czwb,132,easy,1,20706,Rule Metrics
hpYESXQ1czwb,133,easy,1,20936,Association Rules
hpYESXQ1czwb,134,medium,1,27788,Rule Metrics
hpYESXQ1czwb,135,easy,1,12991,Association Rules
hpYESXQ1czwb,136,easy,1,16983,Association Rules
hpYESXQ1czwb,137,easy,1,14339,Association Rules
hpYESXQ1czwb,138,easy,1,14532,Association Rules
hpYESXQ1czwb,139,easy,1,15298,Association Rules
hpYESXQ1czwb,140,easy,1,12991,Apriori Algorithm
hpYESXQ1czwb,141,easy,1,14532,Data Types
hpYESXQ1czwb,142,easy,1,16983,FP-growth
hpYESXQ1czwb,143,easy,1,15298,Association Rules
hpYESXQ1czwb,144,easy,1,18130,Data Types
hpYESXQ1czwb,145,hard,0,27974,Data Types
hpYESXQ1czwb,146,easy,1,20880,Association Rules
hpYESXQ1czwb,147,medium,1,28904,General
hpYESXQ1czwb,148,medium,1,29208,Rule Metrics
hpYESXQ1czwb,149,easy,1,24033,Association Rules
hpYESXQ1czwb,150,easy,1,16439,Association Rules
CyGywfdJf5VZ,121,easy,1,10621,Decision Trees
CyGywfdJf5VZ,122,hard,0,25076,Association Rules
CyGywfdJf5VZ,123,easy,1,11682,Association Rules
CyGywfdJf5VZ,124,easy,0,13664,Association Rules
CyGywfdJf5VZ,125,easy,1,10621,Apriori Algorithm
CyGywfdJf5VZ,126,easy,1,15310,Association Rules
CyGywfdJf5VZ,127,medium,0,23916,Association Rules
CyGywfdJf5VZ,128,easy,1,16729,Association Rules
CyGywfdJf5VZ,129,easy,1,11682,FP-growth
CyGywfdJf5VZ,130,easy,1,9393,Apriori Algorithm
CyGywfdJf5VZ,131,easy,0,13834,Unsupervised Learning
CyGywfdJf5VZ,132,easy,0,20122,Rule Metrics
CyGywfdJf5VZ,133,easy,1,17680,Association Rules
CyGywfdJf5VZ,134,medium,1,21655,Rule Metrics
CyGywfdJf5VZ,135,easy,1,9393,Association Rules
CyGywfdJf5VZ,136,easy,0,18856,Association Rules
CyGywfdJf5VZ,137,easy,1,11412,Association Rules
CyGywfdJf5VZ,138,easy,1,10621,Association Rules
CyGywfdJf5VZ,139,easy,1,12156,Association Rules
CyGywfdJf5VZ,140,easy,1,9393,Apriori Algorithm
CyGywfdJf5VZ,141,easy,1,10621,Data Types
CyGywfdJf5VZ,142,easy,0,18856,FP-growth
CyGywfdJf5VZ,143,easy,1,12156,Association Rules
CyGywfdJf5VZ,144,easy,1,15310,Data Types
CyGywfdJf5VZ,145,hard,0,19480,Data Types
CyGywfdJf5VZ,146,easy,1,17633,Association Rules
CyGywfdJf5VZ,147,medium,1,22524,General
CyGywfdJf5VZ,148,medium,1,22622,Rule Metrics
CyGywfdJf5VZ,149,easy,1,18836,Association Rules
CyGywfdJf5VZ,150,easy,1,13917,Association Rules
tE1MOwmVibN4,121,easy,1,12592,Decision Trees
tE1MOwmVibN4,122,hard,1,30830,Association Rules
tE1MOwmVibN4,123,easy,1,13805,Association Rules
tE1MOwmVibN4,124,easy,1,13486,Association Rules
tE1MOwmVibN4,125,easy,1,12592,Apriori Algorithm
tE1MOwmVibN4,126,easy,0,21642,Association Rules
tE1MOwmVibN4,127,medium,0,30620,Association Rules
tE1MOwmVibN4,128,easy,1,19723,Association Rules
tE1MOwmVibN4,129,easy,1,13805,FP-growth
tE1MOwmVibN4,130,easy,1,11101,Apriori Algorithm
tE1MOwmVibN4,131,easy,1,12076,Unsupervised Learning
tE1MOwmVibN4,132,easy,1,20616,Rule Metrics
tE1MOwmVibN4,133,easy,1,20845,Association Rules
tE1MOwmVibN4,134,medium,0,27543,Rule Metrics
tE1MOwmVibN4,135,easy,1,11101,Association Rules
tE1MOwmVibN4,136,easy,1,16915,Association Rules
tE1MOwmVibN4,137,easy,1,13486,Association Rules
tE1MOwmVibN4,138,easy,1,12592,Association Rules
tE1MOwmVibN4,139,easy,1,14524,Association Rules
tE1MOwmVibN4,140,easy,1,11101,Apriori Algorithm
tE1MOwmVibN4,141,easy,1,12592,Data Types
tE1MOwmVibN4,142,easy,1,16915,FP-growth
tE1MOwmVibN4,143,easy,1,14524,Association Rules
tE1MOwmVibN4,144,easy,1,18050,Data Types
tE1MOwmVibN4,145,hard,0,24865,Data Types
tE1MOwmVibN4,146,easy,1,20789,Association Rules
tE1MOwmVibN4,147,medium,1,27971,General
tE1MOwmVibN4,148,medium,0,30620,Rule Metrics
tE1MOwmVibN4,149,easy,1,23788,Association Rules
tE1MOwmVibN4,150,easy,0,20932,Association Rules
2AQDG30NeIzY,121,easy,1,14428,Decision Trees
2AQDG30NeIzY,122,hard,1,32954,Association Rules
2AQDG30NeIzY,123,easy,1,14571,Association Rules
2AQDG30NeIzY,124,easy,1,14234,Association Rules
2AQDG30NeIzY,125,easy,1,14428,Apriori Algorithm
2AQDG30NeIzY,126,easy,0,23225,Association Rules
2AQDG30NeIzY,127,medium,0,34220,Association Rules
2AQDG30NeIzY,128,easy,1,19301,Association Rules
2AQDG30NeIzY,129,easy,1,14571,FP-growth
2AQDG30NeIzY,130,easy,1,12896,Apriori Algorithm
2AQDG30NeIzY,131,easy,1,13216,Unsupervised Learning
2AQDG30NeIzY,132,easy,1,20120,Rule Metrics
2AQDG30NeIzY,133,easy,1,20399,Association Rules
2AQDG30NeIzY,134,medium,0,31950,Rule Metrics
2AQDG30NeIzY,135,easy,1,12896,Association Rules
2AQDG30NeIzY,136,easy,1,16742,Association Rules
2AQDG30NeIzY,137,easy,1,14234,Association Rules
2AQDG30NeIzY,138,easy,1,14428,Association Rules
2AQDG30NeIzY,139,easy,1,15084,Association Rules
2AQDG30NeIzY,140,easy,1,12896,Apriori Algorithm
2AQDG30NeIzY,141,easy,1,14428,Data Types
2AQDG30NeIzY,142,easy,1,16742,FP-growth
2AQDG30NeIzY,143,easy,1,15084,Association Rules
2AQDG30NeIzY,144,easy,1,17616,Data Types
2AQDG30NeIzY,145,hard,0,31674,Data Types
2AQDG30NeIzY,146,easy,1,20345,Association Rules
2AQDG30NeIzY,147,medium,1,28415,General
2AQDG30NeIzY,148,medium,1,28714,Rule Metrics
2AQDG30NeIzY,149,easy,1,23324,Association Rules
2AQDG30NeIzY,150,easy,1,16206,Association Rules
o2VbFpgtLwG2,121,easy,1,14332,Decision Trees
o2VbFpgtLwG2,122,hard,0,31963,Association Rules
o2VbFpgtLwG2,123,easy,1,15617,Association Rules
o2VbFpgtLwG2,124,easy,1,15256,Association Rules
o2VbFpgtLwG2,125,easy,1,14332,Apriori Algorithm
o2VbFpgtLwG2,126,easy,1,20419,Association Rules
o2VbFpgtLwG2,127,medium,0,31429,Association Rules
o2VbFpgtLwG2,128,easy,1,21815,Association Rules
o2VbFpgtLwG2,129,easy,1,15617,FP-growth
o2VbFpgtLwG2,130,easy,1,12635,Apriori Algorithm
o2VbFpgtLwG2,131,easy,1,13745,Unsupervised Learning
o2VbFpgtLwG2,132,easy,1,23137,Rule Metrics
o2VbFpgtLwG2,133,easy,1,23055,Association Rules
o2VbFpgtLwG2,134,medium,0,28271,Rule Metrics
o2VbFpgtLwG2,135,easy,1,12635,Association Rules
o2VbFpgtLwG2,136,easy,1,19135,Association Rules
o2VbFpgtLwG2,137,easy,0,16702,Association Rules
o2VbFpgtLwG2,138,easy,1,14332,Association Rules
o2VbFpgtLwG2,139,easy,1,16430,Association Rules
o2VbFpgtLwG2,140,easy,1,12635,Apriori Algorithm
o2VbFpgtLwG2,141,easy,1,14332,Data Types
o2VbFpgtLwG2,142,easy,1,19135,FP-growth
o2VbFpgtLwG2,143,easy,1,16430,Association Rules
o2VbFpgtLwG2,144,easy,1,20419,Data Types
o2VbFpgtLwG2,145,hard,0,26187,Data Types
o2VbFpgtLwG2,146,easy,1,22994,Association Rules
o2VbFpgtLwG2,147,medium,0,30134,General
o2VbFpgtLwG2,148,medium,0,31429,Rule Metrics
o2VbFpgtLwG2,149,easy,0,27652,Association Rules
o2VbFpgtLwG2,150,easy,1,18496,Association Rules
Lo0o6MK08TyI,121,easy,1,14590,Decision Trees
Lo0o6MK08TyI,122,hard,0,32985,Association Rules
Lo0o6MK08TyI,123,easy,1,14789,Association Rules
Lo0o6MK08TyI,124,easy,1,14447,Association Rules
Lo0o6MK08TyI,125,easy,1,14590,Apriori Algorithm
Lo0o6MK08TyI,126,easy,0,23024,Association Rules
Lo0o6MK08TyI,127,medium,1,28785,Association Rules
Lo0o6MK08TyI,128,easy,0,23339,Association Rules
Lo0o6MK08TyI,129,easy,1,14789,FP-growth
Lo0o6MK08TyI,130,easy,1,12900,Apriori Algorithm
Lo0o6MK08TyI,131,easy,1,13928,Unsupervised Learning
Lo0o6MK08TyI,132,easy,1,20561,Rule Metrics
Lo0o6MK08TyI,133,easy,1,20789,Association Rules
Lo0o6MK08TyI,134,medium,1,27386,Rule Metrics
Lo0o6MK08TyI,135,easy,1,12900,Association Rules
Lo0o6MK08TyI,136,easy,1,16911,Association Rules
Lo0o6MK08TyI,137,easy,1,14447,Association Rules
Lo0o6MK08TyI,138,easy,1,14590,Association Rules
Lo0o6MK08TyI,139,easy,1,15374,Association Rules
Lo0o6MK08TyI,140,easy,1,12900,Apriori Algorithm
Lo0o6MK08TyI,141,easy,1,14590,Data Types
Lo0o6MK08TyI,142,easy,0,22870,FP-growth
Lo0o6MK08TyI,143,easy,1,15374,Association Rules
Lo0o6MK08TyI,144,easy,1,18003,Data Types
Lo0o6MK08TyI,145,hard,0,28860,Data Types
Lo0o6MK08TyI,146,easy,1,20734,Association Rules
Lo0o6MK08TyI,147,medium,1,28486,General
Lo0o6MK08TyI,148,medium,1,28785,Rule Metrics
Lo0o6MK08TyI,149,easy,1,23685,Association Rules
Lo0o6MK08TyI,150,easy,0,22477,Association Rules
SOvsRqc7VPKI,121,easy,1,14532,Decision Trees
SOvsRqc7VPKI,122,hard,0,32490,Association Rules
SOvsRqc7VPKI,123,easy,1,14678,Association Rules
SOvsRqc7VPKI,124,easy,1,14339,Association Rules
SOvsRqc7VPKI,125,easy,1,14532,Apriori Algorithm
SOvsRqc7VPKI,126,easy,0,23526,Association Rules
SOvsRqc7VPKI,127,medium,1,29208,Association Rules
SOvsRqc7VPKI,128,easy,0,23847,Association Rules
SOvsRqc7VPKI,129,easy,1,14678,FP-growth
SOvsRqc7VPKI,130,easy,1,12991,Apriori Algorithm
SOvsRqc7VPKI,131,easy,1,14026,Unsupervised Learning
SOvsRqc7VPKI,132,easy,1,20706,Rule Metrics
SOvsRqc7VPKI,133,easy,1,20936,Association Rules
SOvsRqc7VPKI,134,medium,1,27788,Rule Metrics
SOvsRqc7VPKI,135,easy,1,12991,Association Rules
SOvsRqc7VPKI,136,easy,1,16983,Association Rules
SOvsRqc7VPKI,137,easy,1,14339,Association Rules
SOvsRqc7VPKI,138,easy,1,14532,Association Rules
SOvsRqc7VPKI,139,easy,1,15298,Association Rules
SOvsRqc7VPKI,140,easy,1,12991,Apriori Algorithm
SOvsRqc7VPKI,141,easy,1,14532,Data Types
SOvsRqc7VPKI,142,easy,0,23303,FP-growth
SOvsRqc7VPKI,143,easy,1,15298,Association Rules
SOvsRqc7VPKI,144,easy,1,18130,Data Types
SOvsRqc7VPKI,145,hard,0,27974,Data Types
SOvsRqc7VPKI,146,easy,1,20880,Association Rules
SOvsRqc7VPKI,147,medium,1,28904,General
SOvsRqc7VPKI,148,medium,1,29208,Rule Metrics
SOvsRqc7VPKI,149,easy,1,24033,Association Rules
SOvsRqc7VPKI,150,easy,0,22733,Association Rules
6k8WibIW0Img,121,easy,1,14532,Decision Trees
6k8WibIW0Img,122,hard,0,32490,Association Rules
6k8WibIW0Img,123,easy,1,14678,Association Rules
6k8WibIW0Img,124,easy,1,14339,Association Rules
6k8WibIW0Img,125,easy,1,14532,Apriori Algorithm
6k8WibIW0Img,126,easy,0,23526,Association Rules
6k8WibIW0Img,127,medium,1,29208,Association Rules
6k8WibIW0Img,128,easy,0,23847,Association Rules
6k8WibIW0Img,129,easy,1,14678,FP-growth
6k8WibIW0Img,130,easy,1,12991,Apriori Algorithm
6k8WibIW0Img,131,easy,1,14026,Unsupervised Learning
6k8WibIW0Img,132,easy,1,20706,Rule Metrics
6k8WibIW0Img,133,easy,1,20936,Association Rules
6k8WibIW0Img,134,medium,1,27788,Rule Metrics
6k8WibIW0Img,135,easy,1,12991,Association Rules
6k8WibIW0Img,136,easy,1,16983,Association Rules
6k8WibIW0Img,137,easy,1,14339,Association Rules
6k8WibIW0Img,138,easy,1,14532,Association Rules
6k8WibIW0Img,139,easy,1,15298,Association Rules
6k8WibIW0Img,140,easy,1,12991,Apriori Algorithm
6k8WibIW0Img,141,easy,1,14532,Data Types
6k8WibIW0Img,142,easy,0,23303,FP-growth
6k8WibIW0Img,143,easy,1,15298,Association Rules
6k8WibIW0Img,144,easy,1,18130,Data Types
6k8WibIW0Img,145,hard,1,34070,Data Types
6k8WibIW0Img,146,easy,1,20880,Association Rules
6k8WibIW0Img,147,medium,1,28904,General
6k8WibIW0Img,148,medium,1,29208,Rule Metrics
6k8WibIW0Img,149,easy,1,24033,Association Rules
6k8WibIW0Img,150,easy,0,22733,Association Rules
B0dezLVzpGHZ,121,easy,1,10621,Decision Trees
B0dezLVzpGHZ,122,hard,1,24826,Association Rules
B0dezLVzpGHZ,123,easy,0,13987,Association Rules
B0dezLVzpGHZ,124,easy,1,11412,Association Rules
B0dezLVzpGHZ,125,easy,1,10621,Apriori Algorithm
B0dezLVzpGHZ,126,easy,0,18923,Association Rules
B0dezLVzpGHZ,127,medium,0,23916,Association Rules
B0dezLVzpGHZ,128,easy,1,16729,Association Rules
B0dezLVzpGHZ,129,easy,1,11682,FP-growth
B0dezLVzpGHZ,130,easy,1,9393,Apriori Algorithm
B0dezLVzpGHZ,131,easy,1,10218,Unsupervised Learning
B0dezLVzpGHZ,132,easy,1,17486,Rule Metrics
B0dezLVzpGHZ,133,easy,1,17680,Association Rules
B0dezLVzpGHZ,134,medium,1,21655,Rule Metrics
B0dezLVzpGHZ,135,easy,1,9393,Association Rules
B0dezLVzpGHZ,136,easy,0,18856,Association Rules
B0dezLVzpGHZ,137,easy,1,11412,Association Rules
B0dezLVzpGHZ,138,easy,1,10621,Association Rules
B0dezLVzpGHZ,139,easy,1,12156,Association Rules
B0dezLVzpGHZ,140,easy,1,9393,Apriori Algorithm
B0dezLVzpGHZ,141,easy,1,10621,Data Types
B0dezLVzpGHZ,142,easy,1,14398,FP-growth
B0dezLVzpGHZ,143,easy,1,12156,Association Rules
B0dezLVzpGHZ,144,easy,1,15310,Data Types
B0dezLVzpGHZ,145,hard,0,19480,Data Types
B0dezLVzpGHZ,146,easy,1,17633,Association Rules
B0dezLVzpGHZ,147,medium,0,23641,General
B0dezLVzpGHZ,148,medium,1,22622,Rule Metrics
B0dezLVzpGHZ,149,easy,1,18836,Association Rules
B0dezLVzpGHZ,150,easy,1,13917,Association Rules
YA6aMV1xcGv9,121,easy,1,14818,Decision Trees
YA6aMV1xcGv9,122,hard,0,35085,Association Rules
YA6aMV1xcGv9,123,easy,1,15125,Association Rules
YA6aMV1xcGv9,124,easy,1,14775,Association Rules
YA6aMV1xcGv9,125,easy,1,14818,Apriori Algorithm
YA6aMV1xcGv9,126,easy,1,20821,Association Rules
YA6aMV1xcGv9,127,medium,0,39356,Association Rules
YA6aMV1xcGv9,128,easy,1,22750,Association Rules
YA6aMV1xcGv9,129,easy,1,15125,FP-growth
YA6aMV1xcGv9,130,easy,1,13247,Apriori Algorithm
YA6aMV1xcGv9,131,easy,1,14303,Unsupervised Learning
YA6aMV1xcGv9,132,easy,0,28733,Rule Metrics
YA6aMV1xcGv9,133,easy,1,24044,Association Rules
YA6aMV1xcGv9,134,medium,1,30005,Rule Metrics
YA6aMV1xcGv9,135,easy,1,13247,Association Rules
YA6aMV1xcGv9,136,easy,1,17714,Association Rules
YA6aMV1xcGv9,137,easy,1,14775,Association Rules
YA6aMV1xcGv9,138,easy,1,14818,Association Rules
YA6aMV1xcGv9,139,easy,1,15763,Association Rules
YA6aMV1xcGv9,140,easy,1,13247,Apriori Algorithm
YA6aMV1xcGv9,141,easy,1,14818,Data Types
YA6aMV1xcGv9,142,easy,1,17714,FP-growth
YA6aMV1xcGv9,143,easy,1,15763,Association Rules
YA6aMV1xcGv9,144,easy,0,27020,Data Types
YA6aMV1xcGv9,145,hard,0,24952,Data Types
YA6aMV1xcGv9,146,easy,1,23980,Association Rules
YA6aMV1xcGv9,147,medium,0,36931,General
YA6aMV1xcGv9,148,medium,0,39356,Rule Metrics
YA6aMV1xcGv9,149,easy,0,35064,Association Rules
YA6aMV1xcGv9,150,easy,1,17147,Association Rules
nIdSwhLzwJKt,121,easy,1,11845,Decision Trees
nIdSwhLzwJKt,122,hard,0,28304,Association Rules
nIdSwhLzwJKt,123,easy,0,15575,Association Rules
nIdSwhLzwJKt,124,easy,1,13703,Association Rules
nIdSwhLzwJKt,125,easy,1,11845,Apriori Algorithm
nIdSwhLzwJKt,126,easy,1,17839,Association Rules
nIdSwhLzwJKt,127,medium,1,27546,Association Rules
nIdSwhLzwJKt,128,easy,0,20569,Association Rules
nIdSwhLzwJKt,129,easy,0,15575,FP-growth
nIdSwhLzwJKt,130,easy,1,10009,Apriori Algorithm
nIdSwhLzwJKt,131,easy,1,11492,Unsupervised Learning
nIdSwhLzwJKt,132,easy,0,21788,Rule Metrics
nIdSwhLzwJKt,133,easy,1,20500,Association Rules
nIdSwhLzwJKt,134,medium,0,25034,Rule Metrics
nIdSwhLzwJKt,135,easy,1,10009,Association Rules
nIdSwhLzwJKt,136,easy,1,16782,Association Rules
nIdSwhLzwJKt,137,easy,1,13703,Association Rules
nIdSwhLzwJKt,138,easy,1,11845,Association Rules
nIdSwhLzwJKt,139,easy,1,14430,Association Rules
nIdSwhLzwJKt,140,easy,1,10009,Apriori Algorithm
nIdSwhLzwJKt,141,easy,1,11845,Data Types
nIdSwhLzwJKt,142,easy,1,16782,FP-growth
nIdSwhLzwJKt,143,easy,1,14430,Association Rules
nIdSwhLzwJKt,144,easy,1,17839,Data Types
nIdSwhLzwJKt,145,hard,0,21420,Data Types
nIdSwhLzwJKt,146,easy,1,20446,Association Rules
nIdSwhLzwJKt,147,medium,0,26640,General
nIdSwhLzwJKt,148,medium,0,27785,Rule Metrics
nIdSwhLzwJKt,149,easy,0,24108,Association Rules
nIdSwhLzwJKt,150,easy,1,16221,Association Rules
zeQInY6w8eBY,121,easy,1,14711,Decision Trees
zeQInY6w8eBY,122,hard,1,31771,Association Rules
zeQInY6w8eBY,123,easy,1,14912,Association Rules
zeQInY6w8eBY,124,easy,1,14567,Association Rules
zeQInY6w8eBY,125,easy,1,14711,Apriori Algorithm
zeQInY6w8eBY,126,easy,1,17911,Association Rules
zeQInY6w8eBY,127,medium,0,31904,Association Rules
zeQInY6w8eBY,128,easy,1,19571,Association Rules
zeQInY6w8eBY,129,easy,1,14912,FP-growth
zeQInY6w8eBY,130,easy,1,13008,Apriori Algorithm
zeQInY6w8eBY,131,easy,1,14044,Unsupervised Learning
zeQInY6w8eBY,132,easy,1,20457,Rule Metrics
zeQInY6w8eBY,133,easy,1,20684,Association Rules
zeQInY6w8eBY,134,medium,1,26831,Rule Metrics
zeQInY6w8eBY,135,easy,1,13008,Association Rules
zeQInY6w8eBY,136,easy,1,17051,Association Rules
zeQInY6w8eBY,137,easy,1,14567,Association Rules
zeQInY6w8eBY,138,easy,1,14711,Association Rules
zeQInY6w8eBY,139,easy,1,15502,Association Rules
zeQInY6w8eBY,140,easy,1,13008,Apriori Algorithm
zeQInY6w8eBY,141,easy,1,14711,Data Types
zeQInY6w8eBY,142,easy,1,17051,FP-growth
zeQInY6w8eBY,143,easy,1,15502,Association Rules
zeQInY6w8eBY,144,easy,1,17911,Data Types
zeQInY6w8eBY,145,hard,0,25429,Data Types
zeQInY6w8eBY,146,easy,0,24028,Association Rules
zeQInY6w8eBY,147,medium,0,31345,General
zeQInY6w8eBY,148,medium,0,31904,Rule Metrics
zeQInY6w8eBY,149,easy,0,28425,Association Rules
zeQInY6w8eBY,150,easy,1,16629,Association Rules
dF0r7wVjsLSV,121,easy,1,11553,Decision Trees
dF0r7wVjsLSV,122,hard,1,29253,Association Rules
dF0r7wVjsLSV,123,easy,1,13482,Association Rules
dF0r7wVjsLSV,124,easy,0,14341,Association Rules
dF0r7wVjsLSV,125,easy,1,11553,Apriori Algorithm
dF0r7wVjsLSV,126,easy,0,18963,Association Rules
dF0r7wVjsLSV,127,medium,0,27263,Association Rules
dF0r7wVjsLSV,128,easy,1,19218,Association Rules
dF0r7wVjsLSV,129,easy,1,13482,FP-growth
dF0r7wVjsLSV,130,easy,1,9762,Apriori Algorithm
dF0r7wVjsLSV,131,easy,1,11208,Unsupervised Learning
dF0r7wVjsLSV,132,easy,0,21215,Rule Metrics
dF0r7wVjsLSV,133,easy,1,20353,Association Rules
dF0r7wVjsLSV,134,medium,1,25516,Rule Metrics
dF0r7wVjsLSV,135,easy,0,10668,Association Rules
dF0r7wVjsLSV,136,easy,0,18555,Association Rules
dF0r7wVjsLSV,137,easy,0,14341,Association Rules
dF0r7wVjsLSV,138,easy,1,11553,Association Rules
dF0r7wVjsLSV,139,easy,0,15651,Association Rules
dF0r7wVjsLSV,140,easy,0,10668,Apriori Algorithm
dF0r7wVjsLSV,141,easy,1,11553,Data Types
dF0r7wVjsLSV,142,easy,1,16554,FP-growth
dF0r7wVjsLSV,143,easy,1,14234,Association Rules
dF0r7wVjsLSV,144,easy,1,17712,Data Types
dF0r7wVjsLSV,145,hard,0,21004,Data Types
dF0r7wVjsLSV,146,easy,0,21302,Association Rules
dF0r7wVjsLSV,147,medium,0,26139,General
dF0r7wVjsLSV,148,medium,1,27483,Rule Metrics
dF0r7wVjsLSV,149,easy,1,22570,Association Rules
dF0r7wVjsLSV,150,easy,0,18075,Association Rules
QblvTIly9IZU,121,easy,1,13342,Decision Trees
QblvTIly9IZU,122,hard,1,32466,Association Rules
QblvTIly9IZU,123,easy,1,14538,Association Rules
QblvTIly9IZU,124,easy,1,14202,Association Rules
QblvTIly9IZU,125,easy,1,13342,Apriori Algorithm
QblvTIly9IZU,126,easy,1,19002,Association Rules
QblvTIly9IZU,127,medium,1,30501,Association Rules
QblvTIly9IZU,128,easy,1,20770,Association Rules
QblvTIly9IZU,129,easy,1,14538,FP-growth
QblvTIly9IZU,130,easy,1,11762,Apriori Algorithm
QblvTIly9IZU,131,easy,1,12795,Unsupervised Learning
QblvTIly9IZU,132,easy,1,21710,Rule Metrics
QblvTIly9IZU,133,easy,1,21951,Association Rules
QblvTIly9IZU,134,medium,1,28319,Rule Metrics
QblvTIly9IZU,135,easy,1,11762,Association Rules
QblvTIly9IZU,136,easy,1,17813,Association Rules
QblvTIly9IZU,137,easy,1,14202,Association Rules
QblvTIly9IZU,138,easy,1,13342,Association Rules
QblvTIly9IZU,139,easy,1,15295,Association Rules
QblvTIly9IZU,140,easy,1,11762,Apriori Algorithm
QblvTIly9IZU,141,easy,1,13342,Data Types
QblvTIly9IZU,142,easy,1,17813,FP-growth
QblvTIly9IZU,143,easy,0,17985,Association Rules
QblvTIly9IZU,144,easy,1,19002,Data Types
QblvTIly9IZU,145,hard,1,29542,Data Types
QblvTIly9IZU,146,easy,0,23857,Association Rules
QblvTIly9IZU,147,medium,0,29969,General
QblvTIly9IZU,148,medium,1,30501,Rule Metrics
QblvTIly9IZU,149,easy,0,27500,Association Rules
QblvTIly9IZU,150,easy,1,17218,Association Rules
ynjK3wP1cV18,121,easy,1,22001,Decision Trees
ynjK3wP1cV18,122,hard,1,44554,Association Rules
ynjK3wP1cV18,123,easy,1,22223,Association Rules
ynjK3wP1cV18,124,easy,1,21709,Association Rules
ynjK3wP1cV18,125,easy,1,22001,Apriori Algorithm
ynjK3wP1cV18,126,easy,1,29400,Association Rules
ynjK3wP1cV18,127,medium,0,42741,Association Rules
ynjK3wP1cV18,128,easy,0,30939,Association Rules
ynjK3wP1cV18,129,easy,1,22223,FP-growth
ynjK3wP1cV18,130,easy,1,19669,Apriori Algorithm
ynjK3wP1cV18,131,easy,1,21236,Unsupervised Learning
ynjK3wP1cV18,132,easy,1,29636,Rule Metrics
ynjK3wP1cV18,133,easy,1,29965,Association Rules
ynjK3wP1cV18,134,medium,1,38238,Rule Metrics
ynjK3wP1cV18,135,easy,1,19669,Association Rules
ynjK3wP1cV18,136,easy,1,25712,Association Rules
ynjK3wP1cV18,137,easy,1,21709,Association Rules
ynjK3wP1cV18,138,easy,1,22001,Association Rules
ynjK3wP1cV18,139,easy,1,23161,Association Rules
ynjK3wP1cV18,140,easy,1,19669,Apriori Algorithm
ynjK3wP1cV18,141,easy,1,22001,Data Types
ynjK3wP1cV18,142,easy,1,25712,FP-growth
ynjK3wP1cV18,143,easy,1,23161,Association Rules
ynjK3wP1cV18,144,easy,1,29400,Data Types
ynjK3wP1cV18,145,hard,0,35297,Data Types
ynjK3wP1cV18,146,easy,0,32557,Association Rules
ynjK3wP1cV18,147,medium,0,41992,General
ynjK3wP1cV18,148,medium,1,40191,Rule Metrics
ynjK3wP1cV18,149,easy,0,41012,Association Rules
ynjK3wP1cV18,150,easy,1,24888,Association Rules
oF1pjrJTOBWB,121,easy,1,12592,Decision Trees
oF1pjrJTOBWB,122,hard,0,31140,Association Rules
oF1pjrJTOBWB,123,easy,1,13805,Association Rules
oF1pjrJTOBWB,124,easy,1,13486,Association Rules
oF1pjrJTOBWB,125,easy,1,12592,Apriori Algorithm
oF1pjrJTOBWB,126,easy,1,18050,Association Rules
oF1pjrJTOBWB,127,medium,0,30620,Association Rules
oF1pjrJTOBWB,128,easy,1,19723,Association Rules
oF1pjrJTOBWB,129,easy,1,13805,FP-growth
oF1pjrJTOBWB,130,easy,1,11101,Apriori Algorithm
oF1pjrJTOBWB,131,easy,1,12076,Unsupervised Learning
oF1pjrJTOBWB,132,easy,0,23376,Rule Metrics
oF1pjrJTOBWB,133,easy,0,23433,Association Rules
oF1pjrJTOBWB,134,medium,1,26891,Rule Metrics
oF1pjrJTOBWB,135,easy,1,11101,Association Rules
oF1pjrJTOBWB,136,easy,1,16915,Association Rules
oF1pjrJTOBWB,137,easy,1,13486,Association Rules
oF1pjrJTOBWB,138,easy,1,12592,Association Rules
oF1pjrJTOBWB,139,easy,1,14524,Association Rules
oF1pjrJTOBWB,140,easy,1,11101,Apriori Algorithm
oF1pjrJTOBWB,141,easy,1,12592,Data Types
oF1pjrJTOBWB,142,easy,1,16915,FP-growth
oF1pjrJTOBWB,143,easy,1,14524,Association Rules
oF1pjrJTOBWB,144,easy,1,18050,Data Types
oF1pjrJTOBWB,145,hard,0,24865,Data Types
oF1pjrJTOBWB,146,easy,1,20789,Association Rules
oF1pjrJTOBWB,147,medium,0,29358,General
oF1pjrJTOBWB,148,medium,1,28964,Rule Metrics
oF1pjrJTOBWB,149,easy,1,23788,Association Rules
oF1pjrJTOBWB,150,easy,1,16350,Association Rules
m8rfSXHUenxh,121,easy,1,13046,Decision Trees
m8rfSXHUenxh,122,hard,0,31787,Association Rules
m8rfSXHUenxh,123,easy,1,14356,Association Rules
m8rfSXHUenxh,124,easy,1,14024,Association Rules
m8rfSXHUenxh,125,easy,1,13046,Apriori Algorithm
m8rfSXHUenxh,126,easy,1,18764,Association Rules
m8rfSXHUenxh,127,medium,0,31257,Association Rules
m8rfSXHUenxh,128,easy,0,22672,Association Rules
m8rfSXHUenxh,129,easy,1,14356,FP-growth
m8rfSXHUenxh,130,easy,1,11615,Apriori Algorithm
m8rfSXHUenxh,131,easy,0,16545,Unsupervised Learning
m8rfSXHUenxh,132,easy,0,23862,Rule Metrics
m8rfSXHUenxh,133,easy,0,23920,Association Rules
m8rfSXHUenxh,134,medium,1,27964,Rule Metrics
m8rfSXHUenxh,135,easy,1,11615,Association Rules
m8rfSXHUenxh,136,easy,1,17590,Association Rules
m8rfSXHUenxh,137,easy,0,16241,Association Rules
m8rfSXHUenxh,138,easy,1,13046,Association Rules
m8rfSXHUenxh,139,easy,1,15104,Association Rules
m8rfSXHUenxh,140,easy,1,11615,Apriori Algorithm
m8rfSXHUenxh,141,easy,1,13046,Data Types
m8rfSXHUenxh,142,easy,1,17590,FP-growth
m8rfSXHUenxh,143,easy,1,15104,Association Rules
m8rfSXHUenxh,144,easy,1,18764,Data Types
m8rfSXHUenxh,145,hard,0,25378,Data Types
m8rfSXHUenxh,146,easy,1,21618,Association Rules
m8rfSXHUenxh,147,medium,0,29969,General
m8rfSXHUenxh,148,medium,0,31257,Rule Metrics
m8rfSXHUenxh,149,easy,1,24736,Association Rules
m8rfSXHUenxh,150,easy,1,17002,Association Rules
WZiibWz2DWRQ,121,easy,1,14378,Decision Trees
WZiibWz2DWRQ,122,hard,0,28821,Association Rules
WZiibWz2DWRQ,123,easy,1,14574,Association Rules
WZiibWz2DWRQ,124,easy,1,14237,Association Rules
WZiibWz2DWRQ,125,easy,1,14378,Apriori Algorithm
WZiibWz2DWRQ,126,easy,1,17235,Association Rules
WZiibWz2DWRQ,127,medium,0,27657,Association Rules
WZiibWz2DWRQ,128,easy,1,18832,Association Rules
WZiibWz2DWRQ,129,easy,1,14574,FP-growth
WZiibWz2DWRQ,130,easy,1,12713,Apriori Algorithm
WZiibWz2DWRQ,131,easy,1,13726,Unsupervised Learning
WZiibWz2DWRQ,132,easy,1,19685,Rule Metrics
WZiibWz2DWRQ,133,easy,1,19903,Association Rules
WZiibWz2DWRQ,134,medium,0,25492,Rule Metrics
WZiibWz2DWRQ,135,easy,1,12713,Association Rules
WZiibWz2DWRQ,136,easy,1,16446,Association Rules
WZiibWz2DWRQ,137,easy,1,14237,Association Rules
WZiibWz2DWRQ,138,easy,1,14378,Association Rules
WZiibWz2DWRQ,139,easy,1,15151,Association Rules
WZiibWz2DWRQ,140,easy,1,12713,Apriori Algorithm
WZiibWz2DWRQ,141,easy,1,14378,Data Types
WZiibWz2DWRQ,142,easy,1,16446,FP-growth
WZiibWz2DWRQ,143,easy,1,15151,Association Rules
WZiibWz2DWRQ,144,easy,1,17235,Data Types
WZiibWz2DWRQ,145,hard,0,23014,Data Types
WZiibWz2DWRQ,146,easy,1,19850,Association Rules
WZiibWz2DWRQ,147,medium,0,27172,General
WZiibWz2DWRQ,148,medium,0,27657,Rule Metrics
WZiibWz2DWRQ,149,easy,1,21805,Association Rules
WZiibWz2DWRQ,150,easy,0,21332,Association Rules
N0qYmYE8QD78,121,easy,1,15061,Decision Trees
N0qYmYE8QD78,122,hard,1,33272,Association Rules
N0qYmYE8QD78,123,easy,1,15213,Association Rules
N0qYmYE8QD78,124,easy,1,14861,Association Rules
N0qYmYE8QD78,125,easy,1,15061,Apriori Algorithm
N0qYmYE8QD78,126,easy,1,18790,Association Rules
N0qYmYE8QD78,127,medium,1,30272,Association Rules
N0qYmYE8QD78,128,easy,1,20531,Association Rules
N0qYmYE8QD78,129,easy,1,15213,FP-growth
N0qYmYE8QD78,130,easy,1,13465,Apriori Algorithm
N0qYmYE8QD78,131,easy,1,14538,Unsupervised Learning
N0qYmYE8QD78,132,easy,1,21461,Rule Metrics
N0qYmYE8QD78,133,easy,1,21699,Association Rules
N0qYmYE8QD78,134,medium,0,32738,Rule Metrics
N0qYmYE8QD78,135,easy,1,13465,Association Rules
N0qYmYE8QD78,136,easy,0,24155,Association Rules
N0qYmYE8QD78,137,easy,1,14861,Association Rules
N0qYmYE8QD78,138,easy,1,15061,Association Rules
N0qYmYE8QD78,139,easy,1,15855,Association Rules
N0qYmYE8QD78,140,easy,1,13465,Apriori Algorithm
N0qYmYE8QD78,141,easy,1,15061,Data Types
N0qYmYE8QD78,142,easy,1,17602,FP-growth
N0qYmYE8QD78,143,easy,1,15855,Association Rules
N0qYmYE8QD78,144,easy,1,18790,Data Types
N0qYmYE8QD78,145,hard,0,29272,Data Types
N0qYmYE8QD78,146,easy,1,21641,Association Rules
N0qYmYE8QD78,147,medium,1,29957,General
N0qYmYE8QD78,148,medium,1,30272,Rule Metrics
N0qYmYE8QD78,149,easy,1,24908,Association Rules
N0qYmYE8QD78,150,easy,1,17038,Association Rules
oXHAAQD8R9lF,121,easy,1,15145,Decision Trees
oXHAAQD8R9lF,122,hard,0,28673,Association Rules
oXHAAQD8R9lF,123,easy,1,17475,Association Rules
oXHAAQD8R9lF,124,easy,1,17071,Association Rules
oXHAAQD8R9lF,125,easy,1,15145,Apriori Algorithm
oXHAAQD8R9lF,126,easy,1,18072,Association Rules
oXHAAQD8R9lF,127,medium,1,27905,Association Rules
oXHAAQD8R9lF,128,easy,0,20838,Association Rules
oXHAAQD8R9lF,129,easy,1,17475,FP-growth
oXHAAQD8R9lF,130,easy,1,12797,Apriori Algorithm
oXHAAQD8R9lF,131,easy,1,14694,Unsupervised Learning
oXHAAQD8R9lF,132,easy,1,20540,Rule Metrics
oXHAAQD8R9lF,133,easy,0,22223,Association Rules
oXHAAQD8R9lF,134,medium,0,25361,Rule Metrics
oXHAAQD8R9lF,135,easy,1,12797,Association Rules
oXHAAQD8R9lF,136,easy,1,17884,Association Rules
oXHAAQD8R9lF,137,easy,1,17071,Association Rules
oXHAAQD8R9lF,138,easy,1,15145,Association Rules
oXHAAQD8R9lF,139,easy,1,18450,Association Rules
oXHAAQD8R9lF,140,easy,1,12797,Apriori Algorithm
oXHAAQD8R9lF,141,easy,1,15145,Data Types
oXHAAQD8R9lF,142,easy,1,17884,FP-growth
oXHAAQD8R9lF,143,easy,1,18450,Association Rules
oXHAAQD8R9lF,144,easy,0,19730,Data Types
oXHAAQD8R9lF,145,hard,0,21700,Data Types
oXHAAQD8R9lF,146,easy,0,22164,Association Rules
oXHAAQD8R9lF,147,medium,0,26987,General
oXHAAQD8R9lF,148,medium,0,28148,Rule Metrics
oXHAAQD8R9lF,149,easy,0,24422,Association Rules
oXHAAQD8R9lF,150,easy,1,17286,Association Rules
xOKhxIy4WoKi,121,easy,1,15061,Decision Trees
xOKhxIy4WoKi,122,hard,1,33272,Association Rules
xOKhxIy4WoKi,123,easy,1,15213,Association Rules
xOKhxIy4WoKi,124,easy,1,14861,Association Rules
xOKhxIy4WoKi,125,easy,1,15061,Apriori Algorithm
xOKhxIy4WoKi,126,easy,1,18790,Association Rules
xOKhxIy4WoKi,127,medium,0,35518,Association Rules
xOKhxIy4WoKi,128,easy,1,20531,Association Rules
xOKhxIy4WoKi,129,easy,0,20787,FP-growth
xOKhxIy4WoKi,130,easy,1,13465,Apriori Algorithm
xOKhxIy4WoKi,131,easy,1,14538,Unsupervised Learning
xOKhxIy4WoKi,132,easy,1,21461,Rule Metrics
xOKhxIy4WoKi,133,easy,0,26080,Association Rules
xOKhxIy4WoKi,134,medium,0,32738,Rule Metrics
xOKhxIy4WoKi,135,easy,1,13465,Association Rules
xOKhxIy4WoKi,136,easy,1,17602,Association Rules
xOKhxIy4WoKi,137,easy,1,14861,Association Rules
xOKhxIy4WoKi,138,easy,1,15061,Association Rules
xOKhxIy4WoKi,139,easy,1,15855,Association Rules
xOKhxIy4WoKi,140,easy,1,13465,Apriori Algorithm
xOKhxIy4WoKi,141,easy,1,15061,Data Types
xOKhxIy4WoKi,142,easy,1,17602,FP-growth
xOKhxIy4WoKi,143,easy,1,15855,Association Rules
xOKhxIy4WoKi,144,easy,0,24385,Data Types
xOKhxIy4WoKi,145,hard,0,29272,Data Types
xOKhxIy4WoKi,146,easy,0,26011,Association Rules
xOKhxIy4WoKi,147,medium,1,29957,General
xOKhxIy4WoKi,148,medium,1,30272,Rule Metrics
xOKhxIy4WoKi,149,easy,0,31645,Association Rules
xOKhxIy4WoKi,150,easy,1,17038,Association Rules
RM55e8d3Jbjm,121,easy,1,11875,Decision Trees
RM55e8d3Jbjm,122,hard,1,28040,Association Rules
RM55e8d3Jbjm,123,easy,0,15638,Association Rules
RM55e8d3Jbjm,124,easy,1,12759,Association Rules
RM55e8d3Jbjm,125,easy,1,11875,Apriori Algorithm
RM55e8d3Jbjm,126,easy,1,16937,Association Rules
RM55e8d3Jbjm,127,medium,0,27012,Association Rules
RM55e8d3Jbjm,128,easy,1,18506,Association Rules
RM55e8d3Jbjm,129,easy,1,13061,FP-growth
RM55e8d3Jbjm,130,easy,1,10581,Apriori Algorithm
RM55e8d3Jbjm,131,easy,1,11424,Unsupervised Learning
RM55e8d3Jbjm,132,easy,0,22261,Rule Metrics
RM55e8d3Jbjm,133,easy,1,19559,Association Rules
RM55e8d3Jbjm,134,medium,1,24458,Rule Metrics
RM55e8d3Jbjm,135,easy,1,10581,Association Rules
RM55e8d3Jbjm,136,easy,1,16003,Association Rules
RM55e8d3Jbjm,137,easy,1,12759,Association Rules
RM55e8d3Jbjm,138,easy,1,11875,Association Rules
RM55e8d3Jbjm,139,easy,1,13990,Association Rules
RM55e8d3Jbjm,140,easy,1,10581,Apriori Algorithm
RM55e8d3Jbjm,141,easy,1,11875,Data Types
RM55e8d3Jbjm,142,easy,1,16003,FP-growth
RM55e8d3Jbjm,143,easy,1,13990,Association Rules
RM55e8d3Jbjm,144,easy,1,16937,Data Types
RM55e8d3Jbjm,145,hard,0,22616,Data Types
RM55e8d3Jbjm,146,easy,1,19507,Association Rules
RM55e8d3Jbjm,147,medium,0,26702,General
RM55e8d3Jbjm,148,medium,0,27012,Rule Metrics
RM55e8d3Jbjm,149,easy,0,24710,Association Rules
RM55e8d3Jbjm,150,easy,1,15469,Association Rules
tZNKhSZpzqOT,121,easy,1,14711,Decision Trees
tZNKhSZpzqOT,122,hard,0,32408,Association Rules
tZNKhSZpzqOT,123,easy,1,14912,Association Rules
tZNKhSZpzqOT,124,easy,1,14567,Association Rules
tZNKhSZpzqOT,125,easy,1,14711,Apriori Algorithm
tZNKhSZpzqOT,126,easy,1,17911,Association Rules
tZNKhSZpzqOT,127,medium,1,28201,Association Rules
tZNKhSZpzqOT,128,easy,0,22834,Association Rules
tZNKhSZpzqOT,129,easy,1,14912,FP-growth
tZNKhSZpzqOT,130,easy,1,13008,Apriori Algorithm
tZNKhSZpzqOT,131,easy,1,14044,Unsupervised Learning
tZNKhSZpzqOT,132,easy,1,20457,Rule Metrics
tZNKhSZpzqOT,133,easy,1,20684,Association Rules
tZNKhSZpzqOT,134,medium,0,29407,Rule Metrics
tZNKhSZpzqOT,135,easy,1,13008,Association Rules
tZNKhSZpzqOT,136,easy,0,22676,Association Rules
tZNKhSZpzqOT,137,easy,1,14567,Association Rules
tZNKhSZpzqOT,138,easy,1,14711,Association Rules
tZNKhSZpzqOT,139,easy,1,15502,Association Rules
tZNKhSZpzqOT,140,easy,1,13008,Apriori Algorithm
tZNKhSZpzqOT,141,easy,1,14711,Data Types
tZNKhSZpzqOT,142,easy,1,17051,FP-growth
tZNKhSZpzqOT,143,easy,1,15502,Association Rules
tZNKhSZpzqOT,144,easy,1,17911,Data Types
tZNKhSZpzqOT,145,hard,0,25429,Data Types
tZNKhSZpzqOT,146,easy,1,20629,Association Rules
tZNKhSZpzqOT,147,medium,0,31345,General
tZNKhSZpzqOT,148,medium,0,31904,Rule Metrics
tZNKhSZpzqOT,149,easy,1,23205,Association Rules
tZNKhSZpzqOT,150,easy,1,16629,Association Rules
AgiWXtLnmm9y,121,easy,1,10621,Decision Trees
AgiWXtLnmm9y,122,hard,0,25076,Association Rules
AgiWXtLnmm9y,123,easy,1,11682,Association Rules
AgiWXtLnmm9y,124,easy,1,11412,Association Rules
AgiWXtLnmm9y,125,easy,1,10621,Apriori Algorithm
AgiWXtLnmm9y,126,easy,1,15310,Association Rules
AgiWXtLnmm9y,127,medium,1,22622,Association Rules
AgiWXtLnmm9y,128,easy,1,16729,Association Rules
AgiWXtLnmm9y,129,easy,1,11682,FP-growth
AgiWXtLnmm9y,130,easy,1,9393,Apriori Algorithm
AgiWXtLnmm9y,131,easy,1,10218,Unsupervised Learning
AgiWXtLnmm9y,132,easy,0,20122,Rule Metrics
AgiWXtLnmm9y,133,easy,1,17680,Association Rules
AgiWXtLnmm9y,134,medium,1,21655,Rule Metrics
AgiWXtLnmm9y,135,easy,1,9393,Association Rules
AgiWXtLnmm9y,136,easy,1,14398,Association Rules
AgiWXtLnmm9y,137,easy,1,11412,Association Rules
AgiWXtLnmm9y,138,easy,1,10621,Association Rules
AgiWXtLnmm9y,139,easy,1,12156,Association Rules
AgiWXtLnmm9y,140,easy,1,9393,Apriori Algorithm
AgiWXtLnmm9y,141,easy,1,10621,Data Types
AgiWXtLnmm9y,142,easy,1,14398,FP-growth
AgiWXtLnmm9y,143,easy,1,12156,Association Rules
AgiWXtLnmm9y,144,easy,1,15310,Data Types
AgiWXtLnmm9y,145,hard,0,19480,Data Types
AgiWXtLnmm9y,146,easy,1,17633,Association Rules
AgiWXtLnmm9y,147,medium,1,22524,General
AgiWXtLnmm9y,148,medium,1,22622,Rule Metrics
AgiWXtLnmm9y,149,easy,1,18836,Association Rules
AgiWXtLnmm9y,150,easy,1,13917,Association Rules
Za018kn2raFk,121,easy,1,14532,Decision Trees
Za018kn2raFk,122,hard,0,32490,Association Rules
Za018kn2raFk,123,easy,1,14678,Association Rules
Za018kn2raFk,124,easy,1,14339,Association Rules
Za018kn2raFk,125,easy,1,14532,Apriori Algorithm
Za018kn2raFk,126,easy,1,18130,Association Rules
Za018kn2raFk,127,medium,1,29208,Association Rules
Za018kn2raFk,128,easy,1,19809,Association Rules
Za018kn2raFk,129,easy,1,14678,FP-growth
Za018kn2raFk,130,easy,1,12991,Apriori Algorithm
Za018kn2raFk,131,easy,1,14026,Unsupervised Learning
Za018kn2raFk,132,easy,1,20706,Rule Metrics
Za018kn2raFk,133,easy,1,20936,Association Rules
Za018kn2raFk,134,medium,0,31584,Rule Metrics
Za018kn2raFk,135,easy,1,12991,Association Rules
Za018kn2raFk,136,easy,1,16983,Association Rules
Za018kn2raFk,137,easy,1,14339,Association Rules
Za018kn2raFk,138,easy,1,14532,Association Rules
Za018kn2raFk,139,easy,1,15298,Association Rules
Za018kn2raFk,140,easy,1,12991,Apriori Algorithm
Za018kn2raFk,141,easy,1,14532,Data Types
Za018kn2raFk,142,easy,1,16983,FP-growth
Za018kn2raFk,143,easy,0,21491,Association Rules
Za018kn2raFk,144,easy,1,18130,Data Types
Za018kn2raFk,145,hard,0,27974,Data Types
Za018kn2raFk,146,easy,1,20880,Association Rules
Za018kn2raFk,147,medium,1,28904,General
Za018kn2raFk,148,medium,1,29208,Rule Metrics
Za018kn2raFk,149,easy,1,24033,Association Rules
Za018kn2raFk,150,easy,1,16439,Association Rules
jMkOnTydcqm6,121,easy,1,14590,Decision Trees
jMkOnTydcqm6,122,hard,0,32985,Association Rules
jMkOnTydcqm6,123,easy,1,14789,Association Rules
jMkOnTydcqm6,124,easy,1,14447,Association Rules
jMkOnTydcqm6,125,easy,1,14590,Apriori Algorithm
jMkOnTydcqm6,126,easy,1,18003,Association Rules
jMkOnTydcqm6,127,medium,1,28785,Association Rules
jMkOnTydcqm6,128,easy,1,19671,Association Rules
jMkOnTydcqm6,129,easy,1,14789,FP-growth
jMkOnTydcqm6,130,easy,1,12900,Apriori Algorithm
jMkOnTydcqm6,131,easy,1,13928,Unsupervised Learning
jMkOnTydcqm6,132,easy,0,24483,Rule Metrics
jMkOnTydcqm6,133,easy,1,20789,Association Rules
jMkOnTydcqm6,134,medium,1,27386,Rule Metrics
jMkOnTydcqm6,135,easy,1,12900,Association Rules
jMkOnTydcqm6,136,easy,1,16911,Association Rules
jMkOnTydcqm6,137,easy,1,14447,Association Rules
jMkOnTydcqm6,138,easy,1,14590,Association Rules
jMkOnTydcqm6,139,easy,1,15374,Association Rules
jMkOnTydcqm6,140,easy,1,12900,Apriori Algorithm
jMkOnTydcqm6,141,easy,1,14590,Data Types
jMkOnTydcqm6,142,easy,1,16911,FP-growth
jMkOnTydcqm6,143,easy,1,15374,Association Rules
jMkOnTydcqm6,144,easy,1,18003,Data Types
jMkOnTydcqm6,145,hard,0,28860,Data Types
jMkOnTydcqm6,146,easy,1,20734,Association Rules
jMkOnTydcqm6,147,medium,1,28486,General
jMkOnTydcqm6,148,medium,1,28785,Rule Metrics
jMkOnTydcqm6,149,easy,1,23685,Association Rules
jMkOnTydcqm6,150,easy,1,16492,Association Rules
cn7NB6JfQDTq,121,easy,1,13046,Decision Trees
cn7NB6JfQDTq,122,hard,0,31787,Association Rules
cn7NB6JfQDTq,123,easy,1,14356,Association Rules
cn7NB6JfQDTq,124,easy,1,14024,Association Rules
cn7NB6JfQDTq,125,easy,1,13046,Apriori Algorithm
cn7NB6JfQDTq,126,easy,1,18764,Association Rules
cn7NB6JfQDTq,127,medium,0,31257,Association Rules
cn7NB6JfQDTq,128,easy,0,22672,Association Rules
cn7NB6JfQDTq,129,easy,1,14356,FP-growth
cn7NB6JfQDTq,130,easy,1,11615,Apriori Algorithm
cn7NB6JfQDTq,131,easy,1,12635,Unsupervised Learning
cn7NB6JfQDTq,132,easy,0,23862,Rule Metrics
cn7NB6JfQDTq,133,easy,1,21676,Association Rules
cn7NB6JfQDTq,134,medium,0,28116,Rule Metrics
cn7NB6JfQDTq,135,easy,1,11615,Association Rules
cn7NB6JfQDTq,136,easy,1,17590,Association Rules
cn7NB6JfQDTq,137,easy,1,14024,Association Rules
cn7NB6JfQDTq,138,easy,1,13046,Association Rules
cn7NB6JfQDTq,139,easy,1,15104,Association Rules
cn7NB6JfQDTq,140,easy,1,11615,Apriori Algorithm
cn7NB6JfQDTq,141,easy,1,13046,Data Types
cn7NB6JfQDTq,142,easy,1,17590,FP-growth
cn7NB6JfQDTq,143,easy,1,15104,Association Rules
cn7NB6JfQDTq,144,easy,1,18764,Data Types
cn7NB6JfQDTq,145,hard,0,25378,Data Types
cn7NB6JfQDTq,146,easy,0,23857,Association Rules
cn7NB6JfQDTq,147,medium,0,29969,General
cn7NB6JfQDTq,148,medium,0,31257,Rule Metrics
cn7NB6JfQDTq,149,easy,0,27500,Association Rules
cn7NB6JfQDTq,150,easy,1,17002,Association Rules
5WCMaHHFn6WV,121,easy,1,14532,Decision Trees
5WCMaHHFn6WV,122,hard,0,32490,Association Rules
5WCMaHHFn6WV,123,easy,1,14678,Association Rules
5WCMaHHFn6WV,124,easy,1,14339,Association Rules
5WCMaHHFn6WV,125,easy,1,14532,Apriori Algorithm
5WCMaHHFn6WV,126,easy,1,18130,Association Rules
5WCMaHHFn6WV,127,medium,1,29208,Association Rules
5WCMaHHFn6WV,128,easy,0,23847,Association Rules
5WCMaHHFn6WV,129,easy,1,14678,FP-growth
5WCMaHHFn6WV,130,easy,1,12991,Apriori Algorithm
5WCMaHHFn6WV,131,easy,0,21669,Unsupervised Learning
5WCMaHHFn6WV,132,easy,1,20706,Rule Metrics
5WCMaHHFn6WV,133,easy,1,20936,Association Rules
5WCMaHHFn6WV,134,medium,1,27788,Rule Metrics
5WCMaHHFn6WV,135,easy,1,12991,Association Rules
5WCMaHHFn6WV,136,easy,1,16983,Association Rules
5WCMaHHFn6WV,137,easy,1,14339,Association Rules
5WCMaHHFn6WV,138,easy,1,14532,Association Rules
5WCMaHHFn6WV,139,easy,1,15298,Association Rules
5WCMaHHFn6WV,140,easy,1,12991,Apriori Algorithm
5WCMaHHFn6WV,141,easy,1,14532,Data Types
5WCMaHHFn6WV,142,easy,1,16983,FP-growth
5WCMaHHFn6WV,143,easy,1,15298,Association Rules
5WCMaHHFn6WV,144,easy,1,18130,Data Types
5WCMaHHFn6WV,145,hard,0,27974,Data Types
5WCMaHHFn6WV,146,easy,1,20880,Association Rules
5WCMaHHFn6WV,147,medium,0,33665,General
5WCMaHHFn6WV,148,medium,0,34266,Rule Metrics
5WCMaHHFn6WV,149,easy,0,30529,Association Rules
5WCMaHHFn6WV,150,easy,1,16439,Association Rules
aKKO0pyKuBaK,121,easy,0,13935,Decision Trees
aKKO0pyKuBaK,122,hard,0,28322,Association Rules
aKKO0pyKuBaK,123,easy,1,13061,Association Rules
aKKO0pyKuBaK,124,easy,1,12759,Association Rules
aKKO0pyKuBaK,125,easy,1,11875,Apriori Algorithm
aKKO0pyKuBaK,126,easy,1,16937,Association Rules
aKKO0pyKuBaK,127,medium,0,27012,Association Rules
aKKO0pyKuBaK,128,easy,1,18506,Association Rules
aKKO0pyKuBaK,129,easy,1,13061,FP-growth
aKKO0pyKuBaK,130,easy,1,10581,Apriori Algorithm
aKKO0pyKuBaK,131,easy,1,11424,Unsupervised Learning
aKKO0pyKuBaK,132,easy,0,22261,Rule Metrics
aKKO0pyKuBaK,133,easy,1,19559,Association Rules
aKKO0pyKuBaK,134,medium,1,24458,Rule Metrics
aKKO0pyKuBaK,135,easy,1,10581,Association Rules
aKKO0pyKuBaK,136,easy,1,16003,Association Rules
aKKO0pyKuBaK,137,easy,1,12759,Association Rules
aKKO0pyKuBaK,138,easy,1,11875,Association Rules
aKKO0pyKuBaK,139,easy,1,13990,Association Rules
aKKO0pyKuBaK,140,easy,1,10581,Apriori Algorithm
aKKO0pyKuBaK,141,easy,1,11875,Data Types
aKKO0pyKuBaK,142,easy,1,16003,FP-growth
aKKO0pyKuBaK,143,easy,1,13990,Association Rules
aKKO0pyKuBaK,144,easy,1,16937,Data Types
aKKO0pyKuBaK,145,hard,0,22616,Data Types
aKKO0pyKuBaK,146,easy,0,22330,Association Rules
aKKO0pyKuBaK,147,medium,0,26702,General
aKKO0pyKuBaK,148,medium,1,25551,Rule Metrics
aKKO0pyKuBaK,149,easy,0,24710,Association Rules
aKKO0pyKuBaK,150,easy,1,15469,Association Rules
yKhvr1tKGpJF,121,easy,1,14818,Decision Trees
yKhvr1tKGpJF,122,hard,0,35085,Association Rules
yKhvr1tKGpJF,123,easy,1,15125,Association Rules
yKhvr1tKGpJF,124,easy,1,14775,Association Rules
yKhvr1tKGpJF,125,easy,1,14818,Apriori Algorithm
yKhvr1tKGpJF,126,easy,1,20821,Association Rules
yKhvr1tKGpJF,127,medium,0,39356,Association Rules
yKhvr1tKGpJF,128,easy,1,22750,Association Rules
yKhvr1tKGpJF,129,easy,1,15125,FP-growth
yKhvr1tKGpJF,130,easy,1,13247,Apriori Algorithm
yKhvr1tKGpJF,131,easy,1,14303,Unsupervised Learning
yKhvr1tKGpJF,132,easy,1,23780,Rule Metrics
yKhvr1tKGpJF,133,easy,1,24044,Association Rules
yKhvr1tKGpJF,134,medium,0,34107,Rule Metrics
yKhvr1tKGpJF,135,easy,1,13247,Association Rules
yKhvr1tKGpJF,136,easy,1,17714,Association Rules
yKhvr1tKGpJF,137,easy,1,14775,Association Rules
yKhvr1tKGpJF,138,easy,1,14818,Association Rules
yKhvr1tKGpJF,139,easy,1,15763,Association Rules
yKhvr1tKGpJF,140,easy,1,13247,Apriori Algorithm
yKhvr1tKGpJF,141,easy,1,14818,Data Types
yKhvr1tKGpJF,142,easy,1,17714,FP-growth
yKhvr1tKGpJF,143,easy,1,15763,Association Rules
yKhvr1tKGpJF,144,easy,1,20821,Data Types
yKhvr1tKGpJF,145,hard,0,24952,Data Types
yKhvr1tKGpJF,146,easy,1,23980,Association Rules
yKhvr1tKGpJF,147,medium,0,36931,General
yKhvr1tKGpJF,148,medium,1,33543,Rule Metrics
yKhvr1tKGpJF,149,easy,1,27600,Association Rules
yKhvr1tKGpJF,150,easy,1,17147,Association Rules
BOOMKrcykzvF,121,easy,1,10455,Decision Trees
BOOMKrcykzvF,122,hard,0,20765,Association Rules
BOOMKrcykzvF,123,easy,1,12479,Association Rules
BOOMKrcykzvF,124,easy,1,12191,Association Rules
BOOMKrcykzvF,125,easy,0,11171,Apriori Algorithm
BOOMKrcykzvF,126,easy,1,15472,Association Rules
BOOMKrcykzvF,127,medium,1,23864,Association Rules
BOOMKrcykzvF,128,easy,0,16374,Association Rules
BOOMKrcykzvF,129,easy,1,12479,FP-growth
BOOMKrcykzvF,130,easy,1,8834,Apriori Algorithm
BOOMKrcykzvF,131,easy,1,10143,Unsupervised Learning
BOOMKrcykzvF,132,easy,0,16916,Rule Metrics
BOOMKrcykzvF,133,easy,0,16882,Association Rules
BOOMKrcykzvF,134,medium,1,22901,Rule Metrics
BOOMKrcykzvF,135,easy,1,8834,Association Rules
BOOMKrcykzvF,136,easy,1,14219,Association Rules
BOOMKrcykzvF,137,easy,1,12191,Association Rules
BOOMKrcykzvF,138,easy,1,10455,Association Rules
BOOMKrcykzvF,139,easy,1,13184,Association Rules
BOOMKrcykzvF,140,easy,1,8834,Apriori Algorithm
BOOMKrcykzvF,141,easy,1,10455,Data Types
BOOMKrcykzvF,142,easy,0,15511,FP-growth
BOOMKrcykzvF,143,easy,0,14164,Association Rules
BOOMKrcykzvF,144,easy,0,15991,Data Types
BOOMKrcykzvF,145,hard,0,16033,Data Types
BOOMKrcykzvF,146,easy,0,16837,Association Rules
BOOMKrcykzvF,147,medium,1,23541,General
BOOMKrcykzvF,148,medium,0,20372,Rule Metrics
BOOMKrcykzvF,149,easy,1,20081,Association Rules
BOOMKrcykzvF,150,easy,0,14979,Association Rules
r5xiR4T4onQf,121,easy,1,14332,Decision Trees
r5xiR4T4onQf,122,hard,0,31963,Association Rules
r5xiR4T4onQf,123,easy,1,15617,Association Rules
r5xiR4T4onQf,124,easy,1,15256,Association Rules
r5xiR4T4onQf,125,easy,1,14332,Apriori Algorithm
r5xiR4T4onQf,126,easy,1,20419,Association Rules
r5xiR4T4onQf,127,medium,1,32036,Association Rules
r5xiR4T4onQf,128,easy,1,21815,Association Rules
r5xiR4T4onQf,129,easy,1,15617,FP-growth
r5xiR4T4onQf,130,easy,1,12635,Apriori Algorithm
r5xiR4T4onQf,131,easy,1,13745,Unsupervised Learning
r5xiR4T4onQf,132,easy,1,23137,Rule Metrics
r5xiR4T4onQf,133,easy,1,23055,Association Rules
r5xiR4T4onQf,134,medium,0,28271,Rule Metrics
r5xiR4T4onQf,135,easy,1,12635,Association Rules
r5xiR4T4onQf,136,easy,0,22558,Association Rules
r5xiR4T4onQf,137,easy,1,15256,Association Rules
r5xiR4T4onQf,138,easy,1,14332,Association Rules
r5xiR4T4onQf,139,easy,1,16430,Association Rules
r5xiR4T4onQf,140,easy,1,12635,Apriori Algorithm
r5xiR4T4onQf,141,easy,1,14332,Data Types
r5xiR4T4onQf,142,easy,1,19135,FP-growth
r5xiR4T4onQf,143,easy,1,16430,Association Rules
r5xiR4T4onQf,144,easy,1,20419,Data Types
r5xiR4T4onQf,145,hard,0,26187,Data Types
r5xiR4T4onQf,146,easy,0,23988,Association Rules
r5xiR4T4onQf,147,medium,1,30938,General
r5xiR4T4onQf,148,medium,1,32036,Rule Metrics
r5xiR4T4onQf,149,easy,1,26310,Association Rules
r5xiR4T4onQf,150,easy,1,18496,Association Rules
R8OVhINU7nka,121,easy,1,14590,Decision Trees
R8OVhINU7nka,122,hard,0,32985,Association Rules
R8OVhINU7nka,123,easy,1,14789,Association Rules
R8OVhINU7nka,124,easy,1,14447,Association Rules
R8OVhINU7nka,125,easy,1,14590,Apriori Algorithm
R8OVhINU7nka,126,easy,1,18003,Association Rules
R8OVhINU7nka,127,medium,1,28785,Association Rules
R8OVhINU7nka,128,easy,1,19671,Association Rules
R8OVhINU7nka,129,easy,1,14789,FP-growth
R8OVhINU7nka,130,easy,1,12900,Apriori Algorithm
R8OVhINU7nka,131,easy,1,13928,Unsupervised Learning
R8OVhINU7nka,132,easy,0,24483,Rule Metrics
R8OVhINU7nka,133,easy,0,24625,Association Rules
R8OVhINU7nka,134,medium,1,27386,Rule Metrics
R8OVhINU7nka,135,easy,1,12900,Association Rules
R8OVhINU7nka,136,easy,1,16911,Association Rules
R8OVhINU7nka,137,easy,1,14447,Association Rules
R8OVhINU7nka,138,easy,1,14590,Association Rules
R8OVhINU7nka,139,easy,1,15374,Association Rules
R8OVhINU7nka,140,easy,1,12900,Apriori Algorithm
R8OVhINU7nka,141,easy,1,14590,Data Types
R8OVhINU7nka,142,easy,1,16911,FP-growth
R8OVhINU7nka,143,easy,1,15374,Association Rules
R8OVhINU7nka,144,easy,1,18003,Data Types
R8OVhINU7nka,145,hard,1,32420,Data Types
R8OVhINU7nka,146,easy,1,20734,Association Rules
R8OVhINU7nka,147,medium,1,28486,General
R8OVhINU7nka,148,medium,1,28785,Rule Metrics
R8OVhINU7nka,149,easy,1,23685,Association Rules
R8OVhINU7nka,150,easy,1,16492,Association Rules
WNh0afD7QG4d,121,easy,1,12670,Decision Trees
WNh0afD7QG4d,122,hard,0,24846,Association Rules
WNh0afD7QG4d,123,easy,1,12078,Association Rules
WNh0afD7QG4d,124,easy,1,11798,Association Rules
WNh0afD7QG4d,125,easy,1,12670,Apriori Algorithm
WNh0afD7QG4d,126,easy,0,17794,Association Rules
WNh0afD7QG4d,127,medium,1,21621,Association Rules
WNh0afD7QG4d,128,easy,1,15731,Association Rules
WNh0afD7QG4d,129,easy,1,12078,FP-growth
WNh0afD7QG4d,130,easy,1,11203,Apriori Algorithm
WNh0afD7QG4d,131,easy,1,11375,Unsupervised Learning
WNh0afD7QG4d,132,easy,0,18922,Rule Metrics
WNh0afD7QG4d,133,easy,0,19032,Association Rules
WNh0afD7QG4d,134,medium,0,22509,Rule Metrics
WNh0afD7QG4d,135,easy,1,11203,Association Rules
WNh0afD7QG4d,136,easy,1,13843,Association Rules
WNh0afD7QG4d,137,easy,1,11798,Association Rules
WNh0afD7QG4d,138,easy,1,12670,Association Rules
WNh0afD7QG4d,139,easy,1,12555,Association Rules
WNh0afD7QG4d,140,easy,1,11203,Apriori Algorithm
WNh0afD7QG4d,141,easy,1,12670,Data Types
WNh0afD7QG4d,142,easy,1,13843,FP-growth
WNh0afD7QG4d,143,easy,1,12555,Association Rules
WNh0afD7QG4d,144,easy,1,14397,Data Types
WNh0afD7QG4d,145,hard,1,22605,Data Types
WNh0afD7QG4d,146,easy,1,16581,Association Rules
WNh0afD7QG4d,147,medium,1,21396,General
WNh0afD7QG4d,148,medium,1,21621,Rule Metrics
WNh0afD7QG4d,149,easy,1,18021,Association Rules
WNh0afD7QG4d,150,easy,1,13500,Association Rules
PgdsGKsedBAl,121,easy,1,11875,Decision Trees
PgdsGKsedBAl,122,hard,0,28322,Association Rules
PgdsGKsedBAl,123,easy,1,13061,Association Rules
PgdsGKsedBAl,124,easy,1,12759,Association Rules
PgdsGKsedBAl,125,easy,1,11875,Apriori Algorithm
PgdsGKsedBAl,126,easy,1,16937,Association Rules
PgdsGKsedBAl,127,medium,1,25551,Association Rules
PgdsGKsedBAl,128,easy,1,18506,Association Rules
PgdsGKsedBAl,129,easy,1,13061,FP-growth
PgdsGKsedBAl,130,easy,1,10581,Apriori Algorithm
PgdsGKsedBAl,131,easy,1,11424,Unsupervised Learning
PgdsGKsedBAl,132,easy,0,22261,Rule Metrics
PgdsGKsedBAl,133,easy,0,22389,Association Rules
PgdsGKsedBAl,134,medium,1,24458,Rule Metrics
PgdsGKsedBAl,135,easy,1,10581,Association Rules
PgdsGKsedBAl,136,easy,1,16003,Association Rules
PgdsGKsedBAl,137,easy,0,15277,Association Rules
PgdsGKsedBAl,138,easy,1,11875,Association Rules
PgdsGKsedBAl,139,easy,1,13990,Association Rules
PgdsGKsedBAl,140,easy,1,10581,Apriori Algorithm
PgdsGKsedBAl,141,easy,1,11875,Data Types
PgdsGKsedBAl,142,easy,1,16003,FP-growth
PgdsGKsedBAl,143,easy,1,13990,Association Rules
PgdsGKsedBAl,144,easy,1,16937,Data Types
PgdsGKsedBAl,145,hard,1,24510,Data Types
PgdsGKsedBAl,146,easy,1,19507,Association Rules
PgdsGKsedBAl,147,medium,1,25440,General
PgdsGKsedBAl,148,medium,1,25551,Rule Metrics
PgdsGKsedBAl,149,easy,1,21428,Association Rules
PgdsGKsedBAl,150,easy,1,15469,Association Rules
wlfxRfJtBw5L,121,easy,1,11884,Decision Trees
wlfxRfJtBw5L,122,hard,0,27581,Association Rules
wlfxRfJtBw5L,123,easy,1,13071,Association Rules
wlfxRfJtBw5L,124,easy,1,12769,Association Rules
wlfxRfJtBw5L,125,easy,1,11884,Apriori Algorithm
wlfxRfJtBw5L,126,easy,1,16839,Association Rules
wlfxRfJtBw5L,127,medium,1,24882,Association Rules
wlfxRfJtBw5L,128,easy,1,18400,Association Rules
wlfxRfJtBw5L,129,easy,1,13071,FP-growth
wlfxRfJtBw5L,130,easy,1,10590,Apriori Algorithm
wlfxRfJtBw5L,131,easy,1,11434,Unsupervised Learning
wlfxRfJtBw5L,132,easy,1,19233,Rule Metrics
wlfxRfJtBw5L,133,easy,1,19446,Association Rules
wlfxRfJtBw5L,134,medium,0,24395,Rule Metrics
wlfxRfJtBw5L,135,easy,1,10590,Association Rules
wlfxRfJtBw5L,136,easy,1,16016,Association Rules
wlfxRfJtBw5L,137,easy,1,12769,Association Rules
wlfxRfJtBw5L,138,easy,1,11884,Association Rules
wlfxRfJtBw5L,139,easy,1,13602,Association Rules
wlfxRfJtBw5L,140,easy,1,10590,Apriori Algorithm
wlfxRfJtBw5L,141,easy,1,11884,Data Types
wlfxRfJtBw5L,142,easy,1,16016,FP-growth
wlfxRfJtBw5L,143,easy,1,13602,Association Rules
wlfxRfJtBw5L,144,easy,1,16839,Data Types
wlfxRfJtBw5L,145,hard,0,21728,Data Types
wlfxRfJtBw5L,146,easy,1,19395,Association Rules
wlfxRfJtBw5L,147,medium,1,24774,General
wlfxRfJtBw5L,148,medium,1,24882,Rule Metrics
wlfxRfJtBw5L,149,easy,1,20718,Association Rules
wlfxRfJtBw5L,150,easy,1,15481,Association Rules
BSLGp0wdoAqj,121,easy,1,11875,Decision Trees
BSLGp0wdoAqj,122,hard,0,28322,Association Rules
BSLGp0wdoAqj,123,easy,0,15638,Association Rules
BSLGp0wdoAqj,124,easy,1,12759,Association Rules
BSLGp0wdoAqj,125,easy,1,11875,Apriori Algorithm
BSLGp0wdoAqj,126,easy,1,16937,Association Rules
BSLGp0wdoAqj,127,medium,1,25551,Association Rules
BSLGp0wdoAqj,128,easy,1,18506,Association Rules
BSLGp0wdoAqj,129,easy,1,13061,FP-growth
BSLGp0wdoAqj,130,easy,1,10581,Apriori Algorithm
BSLGp0wdoAqj,131,easy,1,11424,Unsupervised Learning
BSLGp0wdoAqj,132,easy,1,19344,Rule Metrics
BSLGp0wdoAqj,133,easy,1,19559,Association Rules
BSLGp0wdoAqj,134,medium,0,25051,Rule Metrics
BSLGp0wdoAqj,135,easy,1,10581,Association Rules
BSLGp0wdoAqj,136,easy,1,16003,Association Rules
BSLGp0wdoAqj,137,easy,1,12759,Association Rules
BSLGp0wdoAqj,138,easy,1,11875,Association Rules
BSLGp0wdoAqj,139,easy,1,13990,Association Rules
BSLGp0wdoAqj,140,easy,0,12418,Apriori Algorithm
BSLGp0wdoAqj,141,easy,1,11875,Data Types
BSLGp0wdoAqj,142,easy,1,16003,FP-growth
BSLGp0wdoAqj,143,easy,1,13990,Association Rules
BSLGp0wdoAqj,144,easy,1,16937,Data Types
BSLGp0wdoAqj,145,hard,0,22616,Data Types
BSLGp0wdoAqj,146,easy,1,19507,Association Rules
BSLGp0wdoAqj,147,medium,1,25440,General
BSLGp0wdoAqj,148,medium,1,25551,Rule Metrics
BSLGp0wdoAqj,149,easy,1,21428,Association Rules
BSLGp0wdoAqj,150,easy,1,15469,Association Rules
jxlFWYs7WyTt,121,easy,1,11875,Decision Trees
jxlFWYs7WyTt,122,hard,0,28322,Association Rules
jxlFWYs7WyTt,123,easy,1,13061,Association Rules
jxlFWYs7WyTt,124,easy,1,12759,Association Rules
jxlFWYs7WyTt,125,easy,1,11875,Apriori Algorithm
jxlFWYs7WyTt,126,easy,1,16937,Association Rules
jxlFWYs7WyTt,127,medium,0,27012,Association Rules
jxlFWYs7WyTt,128,easy,0,21220,Association Rules
jxlFWYs7WyTt,129,easy,1,13061,FP-growth
jxlFWYs7WyTt,130,easy,1,10581,Apriori Algorithm
jxlFWYs7WyTt,131,easy,1,11424,Unsupervised Learning
jxlFWYs7WyTt,132,easy,0,22261,Rule Metrics
jxlFWYs7WyTt,133,easy,1,19559,Association Rules
jxlFWYs7WyTt,134,medium,1,24458,Rule Metrics
jxlFWYs7WyTt,135,easy,1,10581,Association Rules
jxlFWYs7WyTt,136,easy,1,16003,Association Rules
jxlFWYs7WyTt,137,easy,1,12759,Association Rules
jxlFWYs7WyTt,138,easy,1,11875,Association Rules
jxlFWYs7WyTt,139,easy,1,13990,Association Rules
jxlFWYs7WyTt,140,easy,1,10581,Apriori Algorithm
jxlFWYs7WyTt,141,easy,1,11875,Data Types
jxlFWYs7WyTt,142,easy,1,16003,FP-growth
jxlFWYs7WyTt,143,easy,1,13990,Association Rules
jxlFWYs7WyTt,144,easy,1,16937,Data Types
jxlFWYs7WyTt,145,hard,0,22616,Data Types
jxlFWYs7WyTt,146,easy,1,19507,Association Rules
jxlFWYs7WyTt,147,medium,0,26702,General
jxlFWYs7WyTt,148,medium,0,27012,Rule Metrics
jxlFWYs7WyTt,149,easy,1,21428,Association Rules
jxlFWYs7WyTt,150,easy,1,15469,Association Rules
aeQlX5jbZHXw,121,easy,1,14818,Decision Trees
aeQlX5jbZHXw,122,hard,1,34664,Association Rules
aeQlX5jbZHXw,123,easy,1,15125,Association Rules
aeQlX5jbZHXw,124,easy,1,14775,Association Rules
aeQlX5jbZHXw,125,easy,1,14818,Apriori Algorithm
aeQlX5jbZHXw,126,easy,1,20821,Association Rules
aeQlX5jbZHXw,127,medium,1,33543,Association Rules
aeQlX5jbZHXw,128,easy,1,22750,Association Rules
aeQlX5jbZHXw,129,easy,1,15125,FP-growth
aeQlX5jbZHXw,130,easy,1,13247,Apriori Algorithm
aeQlX5jbZHXw,131,easy,1,14303,Unsupervised Learning
aeQlX5jbZHXw,132,easy,1,23780,Rule Metrics
aeQlX5jbZHXw,133,easy,1,24044,Association Rules
aeQlX5jbZHXw,134,medium,0,34107,Rule Metrics
aeQlX5jbZHXw,135,easy,1,13247,Association Rules
aeQlX5jbZHXw,136,easy,1,17714,Association Rules
aeQlX5jbZHXw,137,easy,1,14775,Association Rules
aeQlX5jbZHXw,138,easy,1,14818,Association Rules
aeQlX5jbZHXw,139,easy,1,15763,Association Rules
aeQlX5jbZHXw,140,easy,1,13247,Apriori Algorithm
aeQlX5jbZHXw,141,easy,1,14818,Data Types
aeQlX5jbZHXw,142,easy,1,17714,FP-growth
aeQlX5jbZHXw,143,easy,1,15763,Association Rules
aeQlX5jbZHXw,144,easy,1,20821,Data Types
aeQlX5jbZHXw,145,hard,0,24952,Data Types
aeQlX5jbZHXw,146,easy,1,23980,Association Rules
aeQlX5jbZHXw,147,medium,0,36931,General
aeQlX5jbZHXw,148,medium,0,39356,Rule Metrics
aeQlX5jbZHXw,149,easy,0,35064,Association Rules
aeQlX5jbZHXw,150,easy,1,17147,Association Rules
ROaS3EN46XLy,121,easy,1,12670,Decision Trees
ROaS3EN46XLy,122,hard,0,24846,Association Rules
ROaS3EN46XLy,123,easy,1,12078,Association Rules
ROaS3EN46XLy,124,easy,1,11798,Association Rules
ROaS3EN46XLy,125,easy,1,12670,Apriori Algorithm
ROaS3EN46XLy,126,easy,1,14397,Association Rules
ROaS3EN46XLy,127,medium,1,21621,Association Rules
ROaS3EN46XLy,128,easy,1,15731,Association Rules
ROaS3EN46XLy,129,easy,1,12078,FP-growth
ROaS3EN46XLy,130,easy,1,11203,Apriori Algorithm
ROaS3EN46XLy,131,easy,1,11375,Unsupervised Learning
ROaS3EN46XLy,132,easy,1,16443,Rule Metrics
ROaS3EN46XLy,133,easy,1,16626,Association Rules
ROaS3EN46XLy,134,medium,0,22509,Rule Metrics
ROaS3EN46XLy,135,easy,1,11203,Association Rules
ROaS3EN46XLy,136,easy,1,13843,Association Rules
ROaS3EN46XLy,137,easy,1,11798,Association Rules
ROaS3EN46XLy,138,easy,1,12670,Association Rules
ROaS3EN46XLy,139,easy,1,12555,Association Rules
ROaS3EN46XLy,140,easy,1,11203,Apriori Algorithm
ROaS3EN46XLy,141,easy,1,12670,Data Types
ROaS3EN46XLy,142,easy,1,13843,FP-growth
ROaS3EN46XLy,143,easy,1,12555,Association Rules
ROaS3EN46XLy,144,easy,1,14397,Data Types
ROaS3EN46XLy,145,hard,0,19538,Data Types
ROaS3EN46XLy,146,easy,1,16581,Association Rules
ROaS3EN46XLy,147,medium,0,22457,General
ROaS3EN46XLy,148,medium,1,21621,Rule Metrics
ROaS3EN46XLy,149,easy,0,20782,Association Rules
ROaS3EN46XLy,150,easy,1,13500,Association Rules
xbNryveuRsXc,121,easy,1,14796,Decision Trees
xbNryveuRsXc,122,hard,0,33085,Association Rules
xbNryveuRsXc,123,easy,1,14945,Association Rules
xbNryveuRsXc,124,easy,1,14600,Association Rules
xbNryveuRsXc,125,easy,1,14796,Apriori Algorithm
xbNryveuRsXc,126,easy,1,18460,Association Rules
xbNryveuRsXc,127,medium,1,29739,Association Rules
xbNryveuRsXc,128,easy,1,20170,Association Rules
xbNryveuRsXc,129,easy,1,14945,FP-growth
xbNryveuRsXc,130,easy,1,13228,Apriori Algorithm
xbNryveuRsXc,131,easy,1,14282,Unsupervised Learning
xbNryveuRsXc,132,easy,0,25474,Rule Metrics
xbNryveuRsXc,133,easy,0,25622,Association Rules
xbNryveuRsXc,134,medium,1,28294,Rule Metrics
xbNryveuRsXc,135,easy,1,13228,Association Rules
xbNryveuRsXc,136,easy,1,17292,Association Rules
xbNryveuRsXc,137,easy,1,14600,Association Rules
xbNryveuRsXc,138,easy,1,14796,Association Rules
xbNryveuRsXc,139,easy,1,15576,Association Rules
xbNryveuRsXc,140,easy,1,13228,Apriori Algorithm
xbNryveuRsXc,141,easy,1,14796,Data Types
xbNryveuRsXc,142,easy,1,17292,FP-growth
xbNryveuRsXc,143,easy,1,15576,Association Rules
xbNryveuRsXc,144,easy,1,18460,Data Types
xbNryveuRsXc,145,hard,1,33613,Data Types
xbNryveuRsXc,146,easy,1,21260,Association Rules
xbNryveuRsXc,147,medium,1,29430,General
xbNryveuRsXc,148,medium,1,29739,Rule Metrics
xbNryveuRsXc,149,easy,1,24470,Association Rules
xbNryveuRsXc,150,easy,1,16738,Association Rules
eH9XZKUjDCDF,121,easy,1,15659,Decision Trees
eH9XZKUjDCDF,122,hard,1,34593,Association Rules
eH9XZKUjDCDF,123,easy,1,15817,Association Rules
eH9XZKUjDCDF,124,easy,1,15451,Association Rules
eH9XZKUjDCDF,125,easy,1,15659,Apriori Algorithm
eH9XZKUjDCDF,126,easy,1,19536,Association Rules
eH9XZKUjDCDF,127,medium,1,31474,Association Rules
eH9XZKUjDCDF,128,easy,1,21346,Association Rules
eH9XZKUjDCDF,129,easy,1,15817,FP-growth
eH9XZKUjDCDF,130,easy,1,13999,Apriori Algorithm
eH9XZKUjDCDF,131,easy,1,15115,Unsupervised Learning
eH9XZKUjDCDF,132,easy,1,22313,Rule Metrics
eH9XZKUjDCDF,133,easy,1,22560,Association Rules
eH9XZKUjDCDF,134,medium,0,33419,Rule Metrics
eH9XZKUjDCDF,135,easy,1,13999,Association Rules
eH9XZKUjDCDF,136,easy,1,18300,Association Rules
eH9XZKUjDCDF,137,easy,1,15451,Association Rules
eH9XZKUjDCDF,138,easy,1,15659,Association Rules
eH9XZKUjDCDF,139,easy,1,16485,Association Rules
eH9XZKUjDCDF,140,easy,1,13999,Apriori Algorithm
eH9XZKUjDCDF,141,easy,1,15659,Data Types
eH9XZKUjDCDF,142,easy,1,18300,FP-growth
eH9XZKUjDCDF,143,easy,1,16485,Association Rules
eH9XZKUjDCDF,144,easy,1,19536,Data Types
eH9XZKUjDCDF,145,hard,0,29881,Data Types
eH9XZKUjDCDF,146,easy,1,22500,Association Rules
eH9XZKUjDCDF,147,medium,1,31146,General
eH9XZKUjDCDF,148,medium,1,31474,Rule Metrics
eH9XZKUjDCDF,149,easy,0,32303,Association Rules
eH9XZKUjDCDF,150,easy,1,17714,Association Rules
a9ej6jzpNOPn,121,easy,1,15659,Decision Trees
a9ej6jzpNOPn,122,hard,1,34593,Association Rules
a9ej6jzpNOPn,123,easy,1,15817,Association Rules
a9ej6jzpNOPn,124,easy,1,15451,Association Rules
a9ej6jzpNOPn,125,easy,1,15659,Apriori Algorithm
a9ej6jzpNOPn,126,easy,1,19536,Association Rules
a9ej6jzpNOPn,127,medium,1,31474,Association Rules
a9ej6jzpNOPn,128,easy,1,21346,Association Rules
a9ej6jzpNOPn,129,easy,1,15817,FP-growth
a9ej6jzpNOPn,130,easy,1,13999,Apriori Algorithm
a9ej6jzpNOPn,131,easy,1,15115,Unsupervised Learning
a9ej6jzpNOPn,132,easy,1,22313,Rule Metrics
a9ej6jzpNOPn,133,easy,1,22560,Association Rules
a9ej6jzpNOPn,134,medium,1,29944,Rule Metrics
a9ej6jzpNOPn,135,easy,1,13999,Association Rules
a9ej6jzpNOPn,136,easy,1,18300,Association Rules
a9ej6jzpNOPn,137,easy,1,15451,Association Rules
a9ej6jzpNOPn,138,easy,1,15659,Association Rules
a9ej6jzpNOPn,139,easy,1,16485,Association Rules
a9ej6jzpNOPn,140,easy,1,13999,Apriori Algorithm
a9ej6jzpNOPn,141,easy,1,15659,Data Types
a9ej6jzpNOPn,142,easy,1,18300,FP-growth
a9ej6jzpNOPn,143,easy,1,16485,Association Rules
a9ej6jzpNOPn,144,easy,1,19536,Data Types
a9ej6jzpNOPn,145,hard,0,29881,Data Types
a9ej6jzpNOPn,146,easy,0,26552,Association Rules
a9ej6jzpNOPn,147,medium,0,35621,General
a9ej6jzpNOPn,148,medium,0,36256,Rule Metrics
a9ej6jzpNOPn,149,easy,0,32303,Association Rules
a9ej6jzpNOPn,150,easy,0,24053,Association Rules
RjR3B2X554Pn,121,easy,1,14332,Decision Trees
RjR3B2X554Pn,122,hard,1,34099,Association Rules
RjR3B2X554Pn,123,easy,0,17098,Association Rules
RjR3B2X554Pn,124,easy,1,15256,Association Rules
RjR3B2X554Pn,125,easy,1,14332,Apriori Algorithm
RjR3B2X554Pn,126,easy,1,20419,Association Rules
RjR3B2X554Pn,127,medium,1,32036,Association Rules
RjR3B2X554Pn,128,easy,1,21815,Association Rules
RjR3B2X554Pn,129,easy,1,15617,FP-growth
RjR3B2X554Pn,130,easy,1,12635,Apriori Algorithm
RjR3B2X554Pn,131,easy,1,13745,Unsupervised Learning
RjR3B2X554Pn,132,easy,1,23137,Rule Metrics
RjR3B2X554Pn,133,easy,0,24052,Association Rules
RjR3B2X554Pn,134,medium,0,28271,Rule Metrics
RjR3B2X554Pn,135,easy,1,12635,Association Rules
RjR3B2X554Pn,136,easy,0,22558,Association Rules
RjR3B2X554Pn,137,easy,1,15256,Association Rules
RjR3B2X554Pn,138,easy,1,14332,Association Rules
RjR3B2X554Pn,139,easy,0,18496,Association Rules
RjR3B2X554Pn,140,easy,1,12635,Apriori Algorithm
RjR3B2X554Pn,141,easy,1,14332,Data Types
RjR3B2X554Pn,142,easy,1,19135,FP-growth
RjR3B2X554Pn,143,easy,1,16430,Association Rules
RjR3B2X554Pn,144,easy,1,20419,Data Types
RjR3B2X554Pn,145,hard,0,26187,Data Types
RjR3B2X554Pn,146,easy,1,22994,Association Rules
RjR3B2X554Pn,147,medium,1,30938,General
RjR3B2X554Pn,148,medium,0,31429,Rule Metrics
RjR3B2X554Pn,149,easy,1,26310,Association Rules
RjR3B2X554Pn,150,easy,1,18496,Association Rules
iZblYCxqwouC,121,easy,1,14818,Decision Trees
iZblYCxqwouC,122,hard,1,34664,Association Rules
iZblYCxqwouC,123,easy,1,15125,Association Rules
iZblYCxqwouC,124,easy,1,14775,Association Rules
iZblYCxqwouC,125,easy,1,14818,Apriori Algorithm
iZblYCxqwouC,126,easy,1,20821,Association Rules
iZblYCxqwouC,127,medium,1,33543,Association Rules
iZblYCxqwouC,128,easy,0,27390,Association Rules
iZblYCxqwouC,129,easy,1,15125,FP-growth
iZblYCxqwouC,130,easy,0,17742,Apriori Algorithm
iZblYCxqwouC,131,easy,1,14303,Unsupervised Learning
iZblYCxqwouC,132,easy,1,23780,Rule Metrics
iZblYCxqwouC,133,easy,1,24044,Association Rules
iZblYCxqwouC,134,medium,0,34107,Rule Metrics
iZblYCxqwouC,135,easy,1,13247,Association Rules
iZblYCxqwouC,136,easy,1,17714,Association Rules
iZblYCxqwouC,137,easy,1,14775,Association Rules
iZblYCxqwouC,138,easy,1,14818,Association Rules
iZblYCxqwouC,139,easy,1,15763,Association Rules
iZblYCxqwouC,140,easy,1,13247,Apriori Algorithm
iZblYCxqwouC,141,easy,1,14818,Data Types
iZblYCxqwouC,142,easy,1,17714,FP-growth
iZblYCxqwouC,143,easy,1,15763,Association Rules
iZblYCxqwouC,144,easy,1,20821,Data Types
iZblYCxqwouC,145,hard,0,24952,Data Types
iZblYCxqwouC,146,easy,0,28822,Association Rules
iZblYCxqwouC,147,medium,1,31705,General
iZblYCxqwouC,148,medium,1,33543,Rule Metrics
iZblYCxqwouC,149,easy,1,27600,Association Rules
iZblYCxqwouC,150,easy,0,23714,Association Rules
pMrOo2QfC0Kp,121,easy,1,11875,Decision Trees
pMrOo2QfC0Kp,122,hard,0,28322,Association Rules
pMrOo2QfC0Kp,123,easy,1,13061,Association Rules
pMrOo2QfC0Kp,124,easy,1,12759,Association Rules
pMrOo2QfC0Kp,125,easy,1,11875,Apriori Algorithm
pMrOo2QfC0Kp,126,easy,1,16937,Association Rules
pMrOo2QfC0Kp,127,medium,1,25551,Association Rules
pMrOo2QfC0Kp,128,easy,0,21220,Association Rules
pMrOo2QfC0Kp,129,easy,1,13061,FP-growth
pMrOo2QfC0Kp,130,easy,1,10581,Apriori Algorithm
pMrOo2QfC0Kp,131,easy,1,11424,Unsupervised Learning
pMrOo2QfC0Kp,132,easy,1,19344,Rule Metrics
pMrOo2QfC0Kp,133,easy,1,19559,Association Rules
pMrOo2QfC0Kp,134,medium,1,24458,Rule Metrics
pMrOo2QfC0Kp,135,easy,1,10581,Association Rules
pMrOo2QfC0Kp,136,easy,0,20958,Association Rules
pMrOo2QfC0Kp,137,easy,1,12759,Association Rules
pMrOo2QfC0Kp,138,easy,1,11875,Association Rules
pMrOo2QfC0Kp,139,easy,1,13990,Association Rules
pMrOo2QfC0Kp,140,easy,1,10581,Apriori Algorithm
pMrOo2QfC0Kp,141,easy,1,11875,Data Types
pMrOo2QfC0Kp,142,easy,1,16003,FP-growth
pMrOo2QfC0Kp,143,easy,1,13990,Association Rules
pMrOo2QfC0Kp,144,easy,1,16937,Data Types
pMrOo2QfC0Kp,145,hard,0,22616,Data Types
pMrOo2QfC0Kp,146,easy,1,19507,Association Rules
pMrOo2QfC0Kp,147,medium,1,25440,General
pMrOo2QfC0Kp,148,medium,1,25551,Rule Metrics
pMrOo2QfC0Kp,149,easy,1,21428,Association Rules
pMrOo2QfC0Kp,150,easy,1,15469,Association Rules
8JOElN1piVew,121,easy,1,14378,Decision Trees
8JOElN1piVew,122,hard,0,28821,Association Rules
8JOElN1piVew,123,easy,0,19012,Association Rules
8JOElN1piVew,124,easy,1,14237,Association Rules
8JOElN1piVew,125,easy,1,14378,Apriori Algorithm
8JOElN1piVew,126,easy,1,17235,Association Rules
8JOElN1piVew,127,medium,1,26160,Association Rules
8JOElN1piVew,128,easy,1,18832,Association Rules
8JOElN1piVew,129,easy,1,14574,FP-growth
8JOElN1piVew,130,easy,1,12713,Apriori Algorithm
8JOElN1piVew,131,easy,1,13726,Unsupervised Learning
8JOElN1piVew,132,easy,1,19685,Rule Metrics
8JOElN1piVew,133,easy,1,19903,Association Rules
8JOElN1piVew,134,medium,0,25492,Rule Metrics
8JOElN1piVew,135,easy,1,12713,Association Rules
8JOElN1piVew,136,easy,1,16446,Association Rules
8JOElN1piVew,137,easy,1,14237,Association Rules
8JOElN1piVew,138,easy,1,14378,Association Rules
8JOElN1piVew,139,easy,1,15151,Association Rules
8JOElN1piVew,140,easy,1,12713,Apriori Algorithm
8JOElN1piVew,141,easy,1,14378,Data Types
8JOElN1piVew,142,easy,1,16446,FP-growth
8JOElN1piVew,143,easy,1,15151,Association Rules
8JOElN1piVew,144,easy,1,17235,Data Types
8JOElN1piVew,145,hard,0,23014,Data Types
8JOElN1piVew,146,easy,1,19850,Association Rules
8JOElN1piVew,147,medium,1,25888,General
8JOElN1piVew,148,medium,1,26160,Rule Metrics
8JOElN1piVew,149,easy,1,21805,Association Rules
8JOElN1piVew,150,easy,1,16195,Association Rules
AG7urKue7Fzv,121,easy,1,22001,Decision Trees
AG7urKue7Fzv,122,hard,1,44554,Association Rules
AG7urKue7Fzv,123,easy,1,22223,Association Rules
AG7urKue7Fzv,124,easy,1,21709,Association Rules
AG7urKue7Fzv,125,easy,1,22001,Apriori Algorithm
AG7urKue7Fzv,126,easy,1,29400,Association Rules
AG7urKue7Fzv,127,medium,1,40191,Association Rules
AG7urKue7Fzv,128,easy,1,28352,Association Rules
AG7urKue7Fzv,129,easy,1,22223,FP-growth
AG7urKue7Fzv,130,easy,1,19669,Apriori Algorithm
AG7urKue7Fzv,131,easy,1,21236,Unsupervised Learning
AG7urKue7Fzv,132,easy,1,29636,Rule Metrics
AG7urKue7Fzv,133,easy,0,32644,Association Rules
AG7urKue7Fzv,134,medium,0,39396,Rule Metrics
AG7urKue7Fzv,135,easy,1,19669,Association Rules
AG7urKue7Fzv,136,easy,1,25712,Association Rules
AG7urKue7Fzv,137,easy,1,21709,Association Rules
AG7urKue7Fzv,138,easy,1,22001,Association Rules
AG7urKue7Fzv,139,easy,1,23161,Association Rules
AG7urKue7Fzv,140,easy,1,19669,Apriori Algorithm
AG7urKue7Fzv,141,easy,1,22001,Data Types
AG7urKue7Fzv,142,easy,1,25712,FP-growth
AG7urKue7Fzv,143,easy,1,23161,Association Rules
AG7urKue7Fzv,144,easy,0,34057,Data Types
AG7urKue7Fzv,145,hard,0,35297,Data Types
AG7urKue7Fzv,146,easy,1,29885,Association Rules
AG7urKue7Fzv,147,medium,0,41992,General
AG7urKue7Fzv,148,medium,0,42741,Rule Metrics
AG7urKue7Fzv,149,easy,1,35616,Association Rules
AG7urKue7Fzv,150,easy,1,24888,Association Rules
nWRIo9XQJBPf,121,easy,1,15659,Decision Trees
nWRIo9XQJBPf,122,hard,1,34593,Association Rules
nWRIo9XQJBPf,123,easy,1,15817,Association Rules
nWRIo9XQJBPf,124,easy,1,15451,Association Rules
nWRIo9XQJBPf,125,easy,1,15659,Apriori Algorithm
nWRIo9XQJBPf,126,easy,1,19536,Association Rules
nWRIo9XQJBPf,127,medium,1,31474,Association Rules
nWRIo9XQJBPf,128,easy,0,25233,Association Rules
nWRIo9XQJBPf,129,easy,1,15817,FP-growth
nWRIo9XQJBPf,130,easy,1,13999,Apriori Algorithm
nWRIo9XQJBPf,131,easy,1,15115,Unsupervised Learning
nWRIo9XQJBPf,132,easy,0,26470,Rule Metrics
nWRIo9XQJBPf,133,easy,1,22560,Association Rules
nWRIo9XQJBPf,134,medium,0,33419,Rule Metrics
nWRIo9XQJBPf,135,easy,1,13999,Association Rules
nWRIo9XQJBPf,136,easy,1,18300,Association Rules
nWRIo9XQJBPf,137,easy,1,15451,Association Rules
nWRIo9XQJBPf,138,easy,1,15659,Association Rules
nWRIo9XQJBPf,139,easy,1,16485,Association Rules
nWRIo9XQJBPf,140,easy,1,13999,Apriori Algorithm
nWRIo9XQJBPf,141,easy,1,15659,Data Types
nWRIo9XQJBPf,142,easy,1,18300,FP-growth
nWRIo9XQJBPf,143,easy,1,16485,Association Rules
nWRIo9XQJBPf,144,easy,0,24892,Data Types
nWRIo9XQJBPf,145,hard,0,29881,Data Types
nWRIo9XQJBPf,146,easy,1,22500,Association Rules
nWRIo9XQJBPf,147,medium,0,35621,General
nWRIo9XQJBPf,148,medium,0,36256,Rule Metrics
nWRIo9XQJBPf,149,easy,0,32303,Association Rules
nWRIo9XQJBPf,150,easy,1,17714,Association Rules
