Student ID,Question ID,topic,correct,Response Time
AQklHbi5bt8l,1,,incorrect,
AQklHbi5bt8l,2,,correct,
AQklHbi5bt8l,3,,correct,
AQklHbi5bt8l,4,,correct,
AQklHbi5bt8l,5,,incorrect,
AQklHbi5bt8l,6,,correct,
AQklHbi5bt8l,7,,correct,
AQklHbi5bt8l,8,,correct,
AQklHbi5bt8l,9,,correct,
AQklHbi5bt8l,10,,correct,
AQklHbi5bt8l,11,,correct,
AQklHbi5bt8l,12,,correct,
AQklHbi5bt8l,13,,correct,
AQklHbi5bt8l,14,,incorrect,
AQklHbi5bt8l,15,,incorrect,
AQklHbi5bt8l,16,,incorrect,
AQklHbi5bt8l,17,,incorrect,
AQklHbi5bt8l,18,,incorrect,
AQklHbi5bt8l,19,,correct,
AQklHbi5bt8l,20,,incorrect,
AQklHbi5bt8l,21,,incorrect,
AQklHbi5bt8l,22,,correct,
AQklHbi5bt8l,23,,incorrect,
AQklHbi5bt8l,24,,incorrect,
AQklHbi5bt8l,25,,incorrect,
AQklHbi5bt8l,26,,incorrect,
AQklHbi5bt8l,27,,correct,
AQklHbi5bt8l,28,,incorrect,
AQklHbi5bt8l,29,,correct,
AQklHbi5bt8l,30,,correct,
1ggBjCxnkaT8,1,,incorrect,
1ggBjCxnkaT8,2,,correct,
1ggBjCxnkaT8,3,,correct,
1ggBjCxnkaT8,4,,correct,
1ggBjCxnkaT8,5,,incorrect,
1ggBjCxnkaT8,6,,correct,
1ggBjCxnkaT8,7,,incorrect,
1ggBjCxnkaT8,8,,correct,
1ggBjCxnkaT8,9,,correct,
1ggBjCxnkaT8,10,,correct,
1ggBjCxnkaT8,11,,correct,
1ggBjCxnkaT8,12,,correct,
1ggBjCxnkaT8,13,,correct,
1ggBjCxnkaT8,14,,incorrect,
1ggBjCxnkaT8,15,,incorrect,
1ggBjCxnkaT8,16,,incorrect,
1ggBjCxnkaT8,17,,incorrect,
1ggBjCxnkaT8,18,,incorrect,
1ggBjCxnkaT8,19,,correct,
1ggBjCxnkaT8,20,,incorrect,
1ggBjCxnkaT8,21,,incorrect,
1ggBjCxnkaT8,22,,correct,
1ggBjCxnkaT8,23,,incorrect,
1ggBjCxnkaT8,24,,incorrect,
1ggBjCxnkaT8,25,,incorrect,
1ggBjCxnkaT8,26,,incorrect,
1ggBjCxnkaT8,27,,correct,
1ggBjCxnkaT8,28,,incorrect,
1ggBjCxnkaT8,29,,correct,
1ggBjCxnkaT8,30,,correct,
VqXqgB6ructd,1,,incorrect,
VqXqgB6ructd,2,,correct,
VqXqgB6ructd,3,,correct,
VqXqgB6ructd,4,,correct,
VqXqgB6ructd,5,,incorrect,
VqXqgB6ructd,6,,correct,
VqXqgB6ructd,7,,incorrect,
VqXqgB6ructd,8,,correct,
VqXqgB6ructd,9,,correct,
VqXqgB6ructd,10,,correct,
VqXqgB6ructd,11,,correct,
VqXqgB6ructd,12,,correct,
VqXqgB6ructd,13,,correct,
VqXqgB6ructd,14,,correct,
VqXqgB6ructd,15,,incorrect,
VqXqgB6ructd,16,,correct,
VqXqgB6ructd,17,,correct,
VqXqgB6ructd,18,,incorrect,
VqXqgB6ructd,19,,correct,
VqXqgB6ructd,20,,incorrect,
VqXqgB6ructd,21,,incorrect,
VqXqgB6ructd,22,,correct,
VqXqgB6ructd,23,,incorrect,
VqXqgB6ructd,24,,incorrect,
VqXqgB6ructd,25,,incorrect,
VqXqgB6ructd,26,,incorrect,
VqXqgB6ructd,27,,correct,
VqXqgB6ructd,28,,incorrect,
VqXqgB6ructd,29,,correct,
VqXqgB6ructd,30,,correct,
W0EkQhrkI3an,1,,incorrect,
W0EkQhrkI3an,2,,correct,
W0EkQhrkI3an,3,,correct,
W0EkQhrkI3an,4,,correct,
W0EkQhrkI3an,5,,correct,
W0EkQhrkI3an,6,,correct,
W0EkQhrkI3an,7,,correct,
W0EkQhrkI3an,8,,correct,
W0EkQhrkI3an,9,,correct,
W0EkQhrkI3an,10,,correct,
W0EkQhrkI3an,11,,correct,
W0EkQhrkI3an,12,,correct,
W0EkQhrkI3an,13,,correct,
W0EkQhrkI3an,14,,incorrect,
W0EkQhrkI3an,15,,incorrect,
W0EkQhrkI3an,16,,correct,
W0EkQhrkI3an,17,,incorrect,
W0EkQhrkI3an,18,,incorrect,
W0EkQhrkI3an,19,,correct,
W0EkQhrkI3an,20,,incorrect,
W0EkQhrkI3an,21,,incorrect,
W0EkQhrkI3an,22,,correct,
W0EkQhrkI3an,23,,incorrect,
W0EkQhrkI3an,24,,incorrect,
W0EkQhrkI3an,25,,incorrect,
W0EkQhrkI3an,26,,incorrect,
W0EkQhrkI3an,27,,correct,
W0EkQhrkI3an,28,,incorrect,
W0EkQhrkI3an,29,,correct,
W0EkQhrkI3an,30,,correct,
bWRj9XHmvXaq,1,,incorrect,
bWRj9XHmvXaq,2,,correct,
bWRj9XHmvXaq,3,,incorrect,
bWRj9XHmvXaq,4,,correct,
bWRj9XHmvXaq,5,,correct,
bWRj9XHmvXaq,6,,incorrect,
bWRj9XHmvXaq,7,,incorrect,
bWRj9XHmvXaq,8,,correct,
bWRj9XHmvXaq,9,,correct,
bWRj9XHmvXaq,10,,correct,
bWRj9XHmvXaq,11,,correct,
bWRj9XHmvXaq,12,,correct,
bWRj9XHmvXaq,13,,correct,
bWRj9XHmvXaq,14,,correct,
bWRj9XHmvXaq,15,,incorrect,
bWRj9XHmvXaq,16,,correct,
bWRj9XHmvXaq,17,,correct,
bWRj9XHmvXaq,18,,correct,
bWRj9XHmvXaq,19,,correct,
bWRj9XHmvXaq,20,,correct,
bWRj9XHmvXaq,21,,incorrect,
bWRj9XHmvXaq,22,,correct,
bWRj9XHmvXaq,23,,incorrect,
bWRj9XHmvXaq,24,,incorrect,
bWRj9XHmvXaq,25,,incorrect,
bWRj9XHmvXaq,26,,incorrect,
bWRj9XHmvXaq,27,,correct,
bWRj9XHmvXaq,28,,correct,
bWRj9XHmvXaq,29,,correct,
bWRj9XHmvXaq,30,,correct,
aKKO0pyKuBaK,1,,correct,
aKKO0pyKuBaK,2,,correct,
aKKO0pyKuBaK,3,,correct,
aKKO0pyKuBaK,4,,correct,
aKKO0pyKuBaK,5,,correct,
aKKO0pyKuBaK,6,,correct,
aKKO0pyKuBaK,7,,correct,
aKKO0pyKuBaK,8,,correct,
aKKO0pyKuBaK,9,,correct,
aKKO0pyKuBaK,10,,correct,
aKKO0pyKuBaK,11,,correct,
aKKO0pyKuBaK,12,,correct,
aKKO0pyKuBaK,13,,correct,
aKKO0pyKuBaK,14,,incorrect,
aKKO0pyKuBaK,15,,correct,
aKKO0pyKuBaK,16,,correct,
aKKO0pyKuBaK,17,,incorrect,
aKKO0pyKuBaK,18,,incorrect,
aKKO0pyKuBaK,19,,correct,
aKKO0pyKuBaK,20,,incorrect,
aKKO0pyKuBaK,21,,incorrect,
aKKO0pyKuBaK,22,,correct,
aKKO0pyKuBaK,23,,incorrect,
aKKO0pyKuBaK,24,,incorrect,
aKKO0pyKuBaK,25,,incorrect,
aKKO0pyKuBaK,26,,correct,
aKKO0pyKuBaK,27,,correct,
aKKO0pyKuBaK,28,,correct,
aKKO0pyKuBaK,29,,correct,
aKKO0pyKuBaK,30,,correct,
OHaSXzUdzChO,1,,correct,
OHaSXzUdzChO,2,,correct,
OHaSXzUdzChO,3,,correct,
OHaSXzUdzChO,4,,correct,
OHaSXzUdzChO,5,,correct,
OHaSXzUdzChO,6,,correct,
OHaSXzUdzChO,7,,correct,
OHaSXzUdzChO,8,,correct,
OHaSXzUdzChO,9,,correct,
OHaSXzUdzChO,10,,correct,
OHaSXzUdzChO,11,,correct,
OHaSXzUdzChO,12,,correct,
OHaSXzUdzChO,13,,correct,
OHaSXzUdzChO,14,,incorrect,
OHaSXzUdzChO,15,,correct,
OHaSXzUdzChO,16,,correct,
OHaSXzUdzChO,17,,incorrect,
OHaSXzUdzChO,18,,incorrect,
OHaSXzUdzChO,19,,correct,
OHaSXzUdzChO,20,,incorrect,
OHaSXzUdzChO,21,,incorrect,
OHaSXzUdzChO,22,,correct,
OHaSXzUdzChO,23,,incorrect,
OHaSXzUdzChO,24,,incorrect,
OHaSXzUdzChO,25,,correct,
OHaSXzUdzChO,26,,correct,
OHaSXzUdzChO,27,,correct,
OHaSXzUdzChO,28,,correct,
OHaSXzUdzChO,29,,correct,
OHaSXzUdzChO,30,,correct,
nIdSwhLzwJKt,1,,correct,
nIdSwhLzwJKt,2,,correct,
nIdSwhLzwJKt,3,,correct,
nIdSwhLzwJKt,4,,correct,
nIdSwhLzwJKt,5,,correct,
nIdSwhLzwJKt,6,,incorrect,
nIdSwhLzwJKt,7,,correct,
nIdSwhLzwJKt,8,,correct,
nIdSwhLzwJKt,9,,correct,
nIdSwhLzwJKt,10,,correct,
nIdSwhLzwJKt,11,,correct,
nIdSwhLzwJKt,12,,correct,
nIdSwhLzwJKt,13,,incorrect,
nIdSwhLzwJKt,14,,correct,
nIdSwhLzwJKt,15,,correct,
nIdSwhLzwJKt,16,,correct,
nIdSwhLzwJKt,17,,correct,
nIdSwhLzwJKt,18,,incorrect,
nIdSwhLzwJKt,19,,incorrect,
nIdSwhLzwJKt,20,,incorrect,
nIdSwhLzwJKt,21,,incorrect,
nIdSwhLzwJKt,22,,correct,
nIdSwhLzwJKt,23,,incorrect,
nIdSwhLzwJKt,24,,incorrect,
nIdSwhLzwJKt,25,,incorrect,
nIdSwhLzwJKt,26,,incorrect,
nIdSwhLzwJKt,27,,correct,
nIdSwhLzwJKt,28,,correct,
nIdSwhLzwJKt,29,,incorrect,
nIdSwhLzwJKt,30,,correct,
QJccKPT4nu7V,1,,correct,
QJccKPT4nu7V,2,,correct,
QJccKPT4nu7V,3,,correct,
QJccKPT4nu7V,4,,correct,
QJccKPT4nu7V,5,,incorrect,
QJccKPT4nu7V,6,,incorrect,
QJccKPT4nu7V,7,,correct,
QJccKPT4nu7V,8,,correct,
QJccKPT4nu7V,9,,correct,
QJccKPT4nu7V,10,,correct,
QJccKPT4nu7V,11,,correct,
QJccKPT4nu7V,12,,correct,
QJccKPT4nu7V,13,,incorrect,
QJccKPT4nu7V,14,,correct,
QJccKPT4nu7V,15,,correct,
QJccKPT4nu7V,16,,correct,
QJccKPT4nu7V,17,,correct,
QJccKPT4nu7V,18,,incorrect,
QJccKPT4nu7V,19,,correct,
QJccKPT4nu7V,20,,correct,
QJccKPT4nu7V,21,,incorrect,
QJccKPT4nu7V,22,,correct,
QJccKPT4nu7V,23,,correct,
QJccKPT4nu7V,24,,incorrect,
QJccKPT4nu7V,25,,correct,
QJccKPT4nu7V,26,,incorrect,
QJccKPT4nu7V,27,,correct,
QJccKPT4nu7V,28,,correct,
QJccKPT4nu7V,29,,correct,
QJccKPT4nu7V,30,,correct,
xbNryveuRsXc,1,,correct,
xbNryveuRsXc,2,,correct,
xbNryveuRsXc,3,,correct,
xbNryveuRsXc,4,,correct,
xbNryveuRsXc,5,,correct,
xbNryveuRsXc,6,,correct,
xbNryveuRsXc,7,,correct,
xbNryveuRsXc,8,,correct,
xbNryveuRsXc,9,,correct,
xbNryveuRsXc,10,,correct,
xbNryveuRsXc,11,,correct,
xbNryveuRsXc,12,,correct,
xbNryveuRsXc,13,,correct,
xbNryveuRsXc,14,,correct,
xbNryveuRsXc,15,,correct,
xbNryveuRsXc,16,,correct,
xbNryveuRsXc,17,,incorrect,
xbNryveuRsXc,18,,incorrect,
xbNryveuRsXc,19,,correct,
xbNryveuRsXc,20,,incorrect,
xbNryveuRsXc,21,,incorrect,
xbNryveuRsXc,22,,correct,
xbNryveuRsXc,23,,incorrect,
xbNryveuRsXc,24,,incorrect,
xbNryveuRsXc,25,,incorrect,
xbNryveuRsXc,26,,incorrect,
xbNryveuRsXc,27,,correct,
xbNryveuRsXc,28,,correct,
xbNryveuRsXc,29,,correct,
xbNryveuRsXc,30,,correct,
w1PmKgj9FomZ,1,,correct,
w1PmKgj9FomZ,2,,correct,
w1PmKgj9FomZ,3,,correct,
w1PmKgj9FomZ,4,,correct,
w1PmKgj9FomZ,5,,correct,
w1PmKgj9FomZ,6,,correct,
w1PmKgj9FomZ,7,,correct,
w1PmKgj9FomZ,8,,correct,
w1PmKgj9FomZ,9,,correct,
w1PmKgj9FomZ,10,,correct,
w1PmKgj9FomZ,11,,correct,
w1PmKgj9FomZ,12,,correct,
w1PmKgj9FomZ,13,,correct,
w1PmKgj9FomZ,14,,incorrect,
w1PmKgj9FomZ,15,,correct,
w1PmKgj9FomZ,16,,correct,
w1PmKgj9FomZ,17,,incorrect,
w1PmKgj9FomZ,18,,incorrect,
w1PmKgj9FomZ,19,,correct,
w1PmKgj9FomZ,20,,correct,
w1PmKgj9FomZ,21,,incorrect,
w1PmKgj9FomZ,22,,correct,
w1PmKgj9FomZ,23,,incorrect,
w1PmKgj9FomZ,24,,incorrect,
w1PmKgj9FomZ,25,,correct,
w1PmKgj9FomZ,26,,correct,
w1PmKgj9FomZ,27,,correct,
w1PmKgj9FomZ,28,,correct,
w1PmKgj9FomZ,29,,correct,
w1PmKgj9FomZ,30,,correct,
KNvidOVZPDzA,1,,incorrect,
KNvidOVZPDzA,2,,correct,
KNvidOVZPDzA,3,,correct,
KNvidOVZPDzA,4,,correct,
KNvidOVZPDzA,5,,correct,
KNvidOVZPDzA,6,,correct,
KNvidOVZPDzA,7,,correct,
KNvidOVZPDzA,8,,correct,
KNvidOVZPDzA,9,,correct,
KNvidOVZPDzA,10,,correct,
KNvidOVZPDzA,11,,correct,
KNvidOVZPDzA,12,,correct,
KNvidOVZPDzA,13,,incorrect,
KNvidOVZPDzA,14,,correct,
KNvidOVZPDzA,15,,incorrect,
KNvidOVZPDzA,16,,correct,
KNvidOVZPDzA,17,,correct,
KNvidOVZPDzA,18,,incorrect,
KNvidOVZPDzA,19,,correct,
KNvidOVZPDzA,20,,incorrect,
KNvidOVZPDzA,21,,incorrect,
KNvidOVZPDzA,22,,correct,
KNvidOVZPDzA,23,,incorrect,
KNvidOVZPDzA,24,,incorrect,
KNvidOVZPDzA,25,,incorrect,
KNvidOVZPDzA,26,,incorrect,
KNvidOVZPDzA,27,,correct,
KNvidOVZPDzA,28,,incorrect,
KNvidOVZPDzA,29,,correct,
KNvidOVZPDzA,30,,correct,
7VpB1pGsv71N,1,,incorrect,
7VpB1pGsv71N,2,,correct,
7VpB1pGsv71N,3,,incorrect,
7VpB1pGsv71N,4,,correct,
7VpB1pGsv71N,5,,correct,
7VpB1pGsv71N,6,,incorrect,
7VpB1pGsv71N,7,,correct,
7VpB1pGsv71N,8,,correct,
7VpB1pGsv71N,9,,correct,
7VpB1pGsv71N,10,,correct,
7VpB1pGsv71N,11,,correct,
7VpB1pGsv71N,12,,correct,
7VpB1pGsv71N,13,,correct,
7VpB1pGsv71N,14,,correct,
7VpB1pGsv71N,15,,correct,
7VpB1pGsv71N,16,,correct,
7VpB1pGsv71N,17,,correct,
7VpB1pGsv71N,18,,incorrect,
7VpB1pGsv71N,19,,correct,
7VpB1pGsv71N,20,,incorrect,
7VpB1pGsv71N,21,,incorrect,
7VpB1pGsv71N,22,,correct,
7VpB1pGsv71N,23,,incorrect,
7VpB1pGsv71N,24,,incorrect,
7VpB1pGsv71N,25,,correct,
7VpB1pGsv71N,26,,correct,
7VpB1pGsv71N,27,,correct,
7VpB1pGsv71N,28,,incorrect,
7VpB1pGsv71N,29,,correct,
7VpB1pGsv71N,30,,correct,
R8OVhINU7nka,1,,incorrect,
R8OVhINU7nka,2,,correct,
R8OVhINU7nka,3,,correct,
R8OVhINU7nka,4,,correct,
R8OVhINU7nka,5,,incorrect,
R8OVhINU7nka,6,,correct,
R8OVhINU7nka,7,,correct,
R8OVhINU7nka,8,,correct,
R8OVhINU7nka,9,,correct,
R8OVhINU7nka,10,,correct,
R8OVhINU7nka,11,,correct,
R8OVhINU7nka,12,,correct,
R8OVhINU7nka,13,,correct,
R8OVhINU7nka,14,,incorrect,
R8OVhINU7nka,15,,incorrect,
R8OVhINU7nka,16,,correct,
R8OVhINU7nka,17,,incorrect,
R8OVhINU7nka,18,,incorrect,
R8OVhINU7nka,19,,correct,
R8OVhINU7nka,20,,incorrect,
R8OVhINU7nka,21,,incorrect,
R8OVhINU7nka,22,,correct,
R8OVhINU7nka,23,,correct,
R8OVhINU7nka,24,,correct,
R8OVhINU7nka,25,,correct,
R8OVhINU7nka,26,,incorrect,
R8OVhINU7nka,27,,correct,
R8OVhINU7nka,28,,correct,
R8OVhINU7nka,29,,correct,
R8OVhINU7nka,30,,correct,
Za018kn2raFk,1,,correct,
Za018kn2raFk,2,,correct,
Za018kn2raFk,3,,correct,
Za018kn2raFk,4,,correct,
Za018kn2raFk,5,,incorrect,
Za018kn2raFk,6,,correct,
Za018kn2raFk,7,,correct,
Za018kn2raFk,8,,correct,
Za018kn2raFk,9,,correct,
Za018kn2raFk,10,,correct,
Za018kn2raFk,11,,correct,
Za018kn2raFk,12,,correct,
Za018kn2raFk,13,,incorrect,
Za018kn2raFk,14,,incorrect,
Za018kn2raFk,15,,incorrect,
Za018kn2raFk,16,,incorrect,
Za018kn2raFk,17,,incorrect,
Za018kn2raFk,18,,incorrect,
Za018kn2raFk,19,,correct,
Za018kn2raFk,20,,incorrect,
Za018kn2raFk,21,,incorrect,
Za018kn2raFk,22,,correct,
Za018kn2raFk,23,,correct,
Za018kn2raFk,24,,incorrect,
Za018kn2raFk,25,,incorrect,
Za018kn2raFk,26,,correct,
Za018kn2raFk,27,,correct,
Za018kn2raFk,28,,incorrect,
Za018kn2raFk,29,,correct,
Za018kn2raFk,30,,correct,
IWu147zvpRWb,1,,correct,
IWu147zvpRWb,2,,correct,
IWu147zvpRWb,3,,correct,
IWu147zvpRWb,4,,correct,
IWu147zvpRWb,5,,incorrect,
IWu147zvpRWb,6,,correct,
IWu147zvpRWb,7,,incorrect,
IWu147zvpRWb,8,,correct,
IWu147zvpRWb,9,,correct,
IWu147zvpRWb,10,,correct,
IWu147zvpRWb,11,,correct,
IWu147zvpRWb,12,,correct,
IWu147zvpRWb,13,,correct,
IWu147zvpRWb,14,,incorrect,
IWu147zvpRWb,15,,incorrect,
IWu147zvpRWb,16,,incorrect,
IWu147zvpRWb,17,,incorrect,
IWu147zvpRWb,18,,incorrect,
IWu147zvpRWb,19,,correct,
IWu147zvpRWb,20,,incorrect,
IWu147zvpRWb,21,,incorrect,
IWu147zvpRWb,22,,correct,
IWu147zvpRWb,23,,incorrect,
IWu147zvpRWb,24,,incorrect,
IWu147zvpRWb,25,,incorrect,
IWu147zvpRWb,26,,incorrect,
IWu147zvpRWb,27,,correct,
IWu147zvpRWb,28,,incorrect,
IWu147zvpRWb,29,,correct,
IWu147zvpRWb,30,,correct,
d5279GvwAinX,1,,correct,
d5279GvwAinX,2,,correct,
d5279GvwAinX,3,,correct,
d5279GvwAinX,4,,correct,
d5279GvwAinX,5,,correct,
d5279GvwAinX,6,,incorrect,
d5279GvwAinX,7,,correct,
d5279GvwAinX,8,,correct,
d5279GvwAinX,9,,correct,
d5279GvwAinX,10,,correct,
d5279GvwAinX,11,,correct,
d5279GvwAinX,12,,correct,
d5279GvwAinX,13,,correct,
d5279GvwAinX,14,,correct,
d5279GvwAinX,15,,incorrect,
d5279GvwAinX,16,,incorrect,
d5279GvwAinX,17,,correct,
d5279GvwAinX,18,,incorrect,
d5279GvwAinX,19,,correct,
d5279GvwAinX,20,,incorrect,
d5279GvwAinX,21,,incorrect,
d5279GvwAinX,22,,correct,
d5279GvwAinX,23,,incorrect,
d5279GvwAinX,24,,incorrect,
d5279GvwAinX,25,,incorrect,
d5279GvwAinX,26,,incorrect,
d5279GvwAinX,27,,correct,
d5279GvwAinX,28,,correct,
d5279GvwAinX,29,,correct,
d5279GvwAinX,30,,correct,
SOvsRqc7VPKI,1,,correct,
SOvsRqc7VPKI,2,,correct,
SOvsRqc7VPKI,3,,correct,
SOvsRqc7VPKI,4,,correct,
SOvsRqc7VPKI,5,,correct,
SOvsRqc7VPKI,6,,correct,
SOvsRqc7VPKI,7,,correct,
SOvsRqc7VPKI,8,,correct,
SOvsRqc7VPKI,9,,correct,
SOvsRqc7VPKI,10,,correct,
SOvsRqc7VPKI,11,,correct,
SOvsRqc7VPKI,12,,correct,
SOvsRqc7VPKI,13,,correct,
SOvsRqc7VPKI,14,,correct,
SOvsRqc7VPKI,15,,correct,
SOvsRqc7VPKI,16,,correct,
SOvsRqc7VPKI,17,,correct,
SOvsRqc7VPKI,18,,incorrect,
SOvsRqc7VPKI,19,,correct,
SOvsRqc7VPKI,20,,incorrect,
SOvsRqc7VPKI,21,,incorrect,
SOvsRqc7VPKI,22,,correct,
SOvsRqc7VPKI,23,,incorrect,
SOvsRqc7VPKI,24,,incorrect,
SOvsRqc7VPKI,25,,correct,
SOvsRqc7VPKI,26,,incorrect,
SOvsRqc7VPKI,27,,correct,
SOvsRqc7VPKI,28,,incorrect,
SOvsRqc7VPKI,29,,correct,
SOvsRqc7VPKI,30,,correct,
WZiibWz2DWRQ,1,,correct,
WZiibWz2DWRQ,2,,correct,
WZiibWz2DWRQ,3,,correct,
WZiibWz2DWRQ,4,,correct,
WZiibWz2DWRQ,5,,correct,
WZiibWz2DWRQ,6,,correct,
WZiibWz2DWRQ,7,,correct,
WZiibWz2DWRQ,8,,correct,
WZiibWz2DWRQ,9,,correct,
WZiibWz2DWRQ,10,,correct,
WZiibWz2DWRQ,11,,correct,
WZiibWz2DWRQ,12,,correct,
WZiibWz2DWRQ,13,,correct,
WZiibWz2DWRQ,14,,correct,
WZiibWz2DWRQ,15,,correct,
WZiibWz2DWRQ,16,,correct,
WZiibWz2DWRQ,17,,correct,
WZiibWz2DWRQ,18,,incorrect,
WZiibWz2DWRQ,19,,correct,
WZiibWz2DWRQ,20,,incorrect,
WZiibWz2DWRQ,21,,incorrect,
WZiibWz2DWRQ,22,,correct,
WZiibWz2DWRQ,23,,incorrect,
WZiibWz2DWRQ,24,,incorrect,
WZiibWz2DWRQ,25,,correct,
WZiibWz2DWRQ,26,,incorrect,
WZiibWz2DWRQ,27,,correct,
WZiibWz2DWRQ,28,,incorrect,
WZiibWz2DWRQ,29,,correct,
WZiibWz2DWRQ,30,,correct,
6k8WibIW0Img,1,,correct,
6k8WibIW0Img,2,,correct,
6k8WibIW0Img,3,,correct,
6k8WibIW0Img,4,,correct,
6k8WibIW0Img,5,,correct,
6k8WibIW0Img,6,,correct,
6k8WibIW0Img,7,,correct,
6k8WibIW0Img,8,,correct,
6k8WibIW0Img,9,,correct,
6k8WibIW0Img,10,,correct,
6k8WibIW0Img,11,,correct,
6k8WibIW0Img,12,,correct,
6k8WibIW0Img,13,,correct,
6k8WibIW0Img,14,,correct,
6k8WibIW0Img,15,,correct,
6k8WibIW0Img,16,,correct,
6k8WibIW0Img,17,,correct,
6k8WibIW0Img,18,,incorrect,
6k8WibIW0Img,19,,correct,
6k8WibIW0Img,20,,incorrect,
6k8WibIW0Img,21,,incorrect,
6k8WibIW0Img,22,,correct,
6k8WibIW0Img,23,,incorrect,
6k8WibIW0Img,24,,incorrect,
6k8WibIW0Img,25,,correct,
6k8WibIW0Img,26,,incorrect,
6k8WibIW0Img,27,,correct,
6k8WibIW0Img,28,,incorrect,
6k8WibIW0Img,29,,correct,
6k8WibIW0Img,30,,correct,
BhvtwuIg7wvF,1,,correct,
BhvtwuIg7wvF,2,,correct,
BhvtwuIg7wvF,3,,incorrect,
BhvtwuIg7wvF,4,,correct,
BhvtwuIg7wvF,5,,correct,
BhvtwuIg7wvF,6,,incorrect,
BhvtwuIg7wvF,7,,incorrect,
BhvtwuIg7wvF,8,,correct,
BhvtwuIg7wvF,9,,correct,
BhvtwuIg7wvF,10,,correct,
BhvtwuIg7wvF,11,,correct,
BhvtwuIg7wvF,12,,correct,
BhvtwuIg7wvF,13,,correct,
BhvtwuIg7wvF,14,,incorrect,
BhvtwuIg7wvF,15,,incorrect,
BhvtwuIg7wvF,16,,incorrect,
BhvtwuIg7wvF,17,,incorrect,
BhvtwuIg7wvF,18,,incorrect,
BhvtwuIg7wvF,19,,correct,
BhvtwuIg7wvF,20,,incorrect,
BhvtwuIg7wvF,21,,incorrect,
BhvtwuIg7wvF,22,,correct,
BhvtwuIg7wvF,23,,incorrect,
BhvtwuIg7wvF,24,,incorrect,
BhvtwuIg7wvF,25,,correct,
BhvtwuIg7wvF,26,,incorrect,
BhvtwuIg7wvF,27,,correct,
BhvtwuIg7wvF,28,,correct,
BhvtwuIg7wvF,29,,correct,
BhvtwuIg7wvF,30,,correct,
ynjK3wP1cV18,1,,correct,
ynjK3wP1cV18,2,,correct,
ynjK3wP1cV18,3,,correct,
ynjK3wP1cV18,4,,correct,
ynjK3wP1cV18,5,,correct,
ynjK3wP1cV18,6,,correct,
ynjK3wP1cV18,7,,correct,
ynjK3wP1cV18,8,,correct,
ynjK3wP1cV18,9,,correct,
ynjK3wP1cV18,10,,correct,
ynjK3wP1cV18,11,,correct,
ynjK3wP1cV18,12,,correct,
ynjK3wP1cV18,13,,correct,
ynjK3wP1cV18,14,,correct,
ynjK3wP1cV18,15,,correct,
ynjK3wP1cV18,16,,correct,
ynjK3wP1cV18,17,,correct,
ynjK3wP1cV18,18,,incorrect,
ynjK3wP1cV18,19,,correct,
ynjK3wP1cV18,20,,correct,
ynjK3wP1cV18,21,,incorrect,
ynjK3wP1cV18,22,,correct,
ynjK3wP1cV18,23,,incorrect,
ynjK3wP1cV18,24,,incorrect,
ynjK3wP1cV18,25,,correct,
ynjK3wP1cV18,26,,incorrect,
ynjK3wP1cV18,27,,correct,
ynjK3wP1cV18,28,,correct,
ynjK3wP1cV18,29,,correct,
ynjK3wP1cV18,30,,correct,
No1fcFHRlYfg,1,,correct,
No1fcFHRlYfg,2,,correct,
No1fcFHRlYfg,3,,correct,
No1fcFHRlYfg,4,,correct,
No1fcFHRlYfg,5,,correct,
No1fcFHRlYfg,6,,correct,
No1fcFHRlYfg,7,,correct,
No1fcFHRlYfg,8,,correct,
No1fcFHRlYfg,9,,correct,
No1fcFHRlYfg,10,,correct,
No1fcFHRlYfg,11,,correct,
No1fcFHRlYfg,12,,correct,
No1fcFHRlYfg,13,,correct,
No1fcFHRlYfg,14,,correct,
No1fcFHRlYfg,15,,correct,
No1fcFHRlYfg,16,,correct,
No1fcFHRlYfg,17,,correct,
No1fcFHRlYfg,18,,incorrect,
No1fcFHRlYfg,19,,correct,
No1fcFHRlYfg,20,,correct,
No1fcFHRlYfg,21,,incorrect,
No1fcFHRlYfg,22,,correct,
No1fcFHRlYfg,23,,incorrect,
No1fcFHRlYfg,24,,incorrect,
No1fcFHRlYfg,25,,correct,
No1fcFHRlYfg,26,,incorrect,
No1fcFHRlYfg,27,,correct,
No1fcFHRlYfg,28,,correct,
No1fcFHRlYfg,29,,correct,
No1fcFHRlYfg,30,,correct,
Q7dfzHYyXvOT,1,,correct,
Q7dfzHYyXvOT,2,,correct,
Q7dfzHYyXvOT,3,,correct,
Q7dfzHYyXvOT,4,,correct,
Q7dfzHYyXvOT,5,,correct,
Q7dfzHYyXvOT,6,,correct,
Q7dfzHYyXvOT,7,,correct,
Q7dfzHYyXvOT,8,,correct,
Q7dfzHYyXvOT,9,,correct,
Q7dfzHYyXvOT,10,,correct,
Q7dfzHYyXvOT,11,,correct,
Q7dfzHYyXvOT,12,,correct,
Q7dfzHYyXvOT,13,,correct,
Q7dfzHYyXvOT,14,,correct,
Q7dfzHYyXvOT,15,,correct,
Q7dfzHYyXvOT,16,,correct,
Q7dfzHYyXvOT,17,,correct,
Q7dfzHYyXvOT,18,,incorrect,
Q7dfzHYyXvOT,19,,correct,
Q7dfzHYyXvOT,20,,correct,
Q7dfzHYyXvOT,21,,incorrect,
Q7dfzHYyXvOT,22,,correct,
Q7dfzHYyXvOT,23,,incorrect,
Q7dfzHYyXvOT,24,,incorrect,
Q7dfzHYyXvOT,25,,correct,
Q7dfzHYyXvOT,26,,incorrect,
Q7dfzHYyXvOT,27,,correct,
Q7dfzHYyXvOT,28,,correct,
Q7dfzHYyXvOT,29,,correct,
Q7dfzHYyXvOT,30,,correct,
E9vMd75UB2be,1,,incorrect,
E9vMd75UB2be,2,,correct,
E9vMd75UB2be,3,,correct,
E9vMd75UB2be,4,,correct,
E9vMd75UB2be,5,,correct,
E9vMd75UB2be,6,,incorrect,
E9vMd75UB2be,7,,correct,
E9vMd75UB2be,8,,correct,
E9vMd75UB2be,9,,correct,
E9vMd75UB2be,10,,correct,
E9vMd75UB2be,11,,correct,
E9vMd75UB2be,12,,correct,
E9vMd75UB2be,13,,correct,
E9vMd75UB2be,14,,incorrect,
E9vMd75UB2be,15,,correct,
E9vMd75UB2be,16,,correct,
E9vMd75UB2be,17,,incorrect,
E9vMd75UB2be,18,,correct,
E9vMd75UB2be,19,,correct,
E9vMd75UB2be,20,,incorrect,
E9vMd75UB2be,21,,incorrect,
E9vMd75UB2be,22,,correct,
E9vMd75UB2be,23,,correct,
E9vMd75UB2be,24,,incorrect,
E9vMd75UB2be,25,,incorrect,
E9vMd75UB2be,26,,incorrect,
E9vMd75UB2be,27,,correct,
E9vMd75UB2be,28,,correct,
E9vMd75UB2be,29,,correct,
E9vMd75UB2be,30,,correct,
dF0r7wVjsLSV,1,,incorrect,
dF0r7wVjsLSV,2,,correct,
dF0r7wVjsLSV,3,,correct,
dF0r7wVjsLSV,4,,correct,
dF0r7wVjsLSV,5,,incorrect,
dF0r7wVjsLSV,6,,correct,
dF0r7wVjsLSV,7,,correct,
dF0r7wVjsLSV,8,,correct,
dF0r7wVjsLSV,9,,correct,
dF0r7wVjsLSV,10,,correct,
dF0r7wVjsLSV,11,,correct,
dF0r7wVjsLSV,12,,correct,
dF0r7wVjsLSV,13,,correct,
dF0r7wVjsLSV,14,,incorrect,
dF0r7wVjsLSV,15,,incorrect,
dF0r7wVjsLSV,16,,incorrect,
dF0r7wVjsLSV,17,,incorrect,
dF0r7wVjsLSV,18,,incorrect,
dF0r7wVjsLSV,19,,incorrect,
dF0r7wVjsLSV,20,,incorrect,
dF0r7wVjsLSV,21,,incorrect,
dF0r7wVjsLSV,22,,correct,
dF0r7wVjsLSV,23,,incorrect,
dF0r7wVjsLSV,24,,incorrect,
dF0r7wVjsLSV,25,,incorrect,
dF0r7wVjsLSV,26,,incorrect,
dF0r7wVjsLSV,27,,incorrect,
dF0r7wVjsLSV,28,,correct,
dF0r7wVjsLSV,29,,correct,
dF0r7wVjsLSV,30,,correct,
0Hpj01paAdfZ,1,,incorrect,
0Hpj01paAdfZ,2,,correct,
0Hpj01paAdfZ,3,,incorrect,
0Hpj01paAdfZ,4,,correct,
0Hpj01paAdfZ,5,,incorrect,
0Hpj01paAdfZ,6,,incorrect,
0Hpj01paAdfZ,7,,incorrect,
0Hpj01paAdfZ,8,,correct,
0Hpj01paAdfZ,9,,correct,
0Hpj01paAdfZ,10,,correct,
0Hpj01paAdfZ,11,,correct,
0Hpj01paAdfZ,12,,correct,
0Hpj01paAdfZ,13,,correct,
0Hpj01paAdfZ,14,,correct,
0Hpj01paAdfZ,15,,incorrect,
0Hpj01paAdfZ,16,,incorrect,
0Hpj01paAdfZ,17,,correct,
0Hpj01paAdfZ,18,,incorrect,
0Hpj01paAdfZ,19,,incorrect,
0Hpj01paAdfZ,20,,incorrect,
0Hpj01paAdfZ,21,,incorrect,
0Hpj01paAdfZ,22,,correct,
0Hpj01paAdfZ,23,,incorrect,
0Hpj01paAdfZ,24,,incorrect,
0Hpj01paAdfZ,25,,incorrect,
0Hpj01paAdfZ,26,,incorrect,
0Hpj01paAdfZ,27,,incorrect,
0Hpj01paAdfZ,28,,correct,
0Hpj01paAdfZ,29,,correct,
0Hpj01paAdfZ,30,,correct,
yKhvr1tKGpJF,1,,correct,
yKhvr1tKGpJF,2,,correct,
yKhvr1tKGpJF,3,,correct,
yKhvr1tKGpJF,4,,correct,
yKhvr1tKGpJF,5,,correct,
yKhvr1tKGpJF,6,,incorrect,
yKhvr1tKGpJF,7,,correct,
yKhvr1tKGpJF,8,,correct,
yKhvr1tKGpJF,9,,correct,
yKhvr1tKGpJF,10,,correct,
yKhvr1tKGpJF,11,,correct,
yKhvr1tKGpJF,12,,correct,
yKhvr1tKGpJF,13,,correct,
yKhvr1tKGpJF,14,,incorrect,
yKhvr1tKGpJF,15,,correct,
yKhvr1tKGpJF,16,,correct,
yKhvr1tKGpJF,17,,incorrect,
yKhvr1tKGpJF,18,,incorrect,
yKhvr1tKGpJF,19,,incorrect,
yKhvr1tKGpJF,20,,incorrect,
yKhvr1tKGpJF,21,,incorrect,
yKhvr1tKGpJF,22,,correct,
yKhvr1tKGpJF,23,,incorrect,
yKhvr1tKGpJF,24,,incorrect,
yKhvr1tKGpJF,25,,incorrect,
yKhvr1tKGpJF,26,,incorrect,
yKhvr1tKGpJF,27,,correct,
yKhvr1tKGpJF,28,,incorrect,
yKhvr1tKGpJF,29,,correct,
yKhvr1tKGpJF,30,,correct,
5WCMaHHFn6WV,1,,incorrect,
5WCMaHHFn6WV,2,,correct,
5WCMaHHFn6WV,3,,correct,
5WCMaHHFn6WV,4,,correct,
5WCMaHHFn6WV,5,,correct,
5WCMaHHFn6WV,6,,correct,
5WCMaHHFn6WV,7,,correct,
5WCMaHHFn6WV,8,,correct,
5WCMaHHFn6WV,9,,correct,
5WCMaHHFn6WV,10,,correct,
5WCMaHHFn6WV,11,,correct,
5WCMaHHFn6WV,12,,correct,
5WCMaHHFn6WV,13,,correct,
5WCMaHHFn6WV,14,,correct,
5WCMaHHFn6WV,15,,correct,
5WCMaHHFn6WV,16,,correct,
5WCMaHHFn6WV,17,,correct,
5WCMaHHFn6WV,18,,incorrect,
5WCMaHHFn6WV,19,,correct,
5WCMaHHFn6WV,20,,correct,
5WCMaHHFn6WV,21,,incorrect,
5WCMaHHFn6WV,22,,correct,
5WCMaHHFn6WV,23,,incorrect,
5WCMaHHFn6WV,24,,incorrect,
5WCMaHHFn6WV,25,,correct,
5WCMaHHFn6WV,26,,incorrect,
5WCMaHHFn6WV,27,,correct,
5WCMaHHFn6WV,28,,correct,
5WCMaHHFn6WV,29,,correct,
5WCMaHHFn6WV,30,,correct,
RZdtks4i4HNy,1,,correct,
RZdtks4i4HNy,2,,correct,
RZdtks4i4HNy,3,,correct,
RZdtks4i4HNy,4,,correct,
RZdtks4i4HNy,5,,correct,
RZdtks4i4HNy,6,,correct,
RZdtks4i4HNy,7,,correct,
RZdtks4i4HNy,8,,correct,
RZdtks4i4HNy,9,,correct,
RZdtks4i4HNy,10,,correct,
RZdtks4i4HNy,11,,correct,
RZdtks4i4HNy,12,,correct,
RZdtks4i4HNy,13,,incorrect,
RZdtks4i4HNy,14,,incorrect,
RZdtks4i4HNy,15,,incorrect,
RZdtks4i4HNy,16,,incorrect,
RZdtks4i4HNy,17,,correct,
RZdtks4i4HNy,18,,incorrect,
RZdtks4i4HNy,19,,correct,
RZdtks4i4HNy,20,,incorrect,
RZdtks4i4HNy,21,,incorrect,
RZdtks4i4HNy,22,,correct,
RZdtks4i4HNy,23,,incorrect,
RZdtks4i4HNy,24,,incorrect,
RZdtks4i4HNy,25,,incorrect,
RZdtks4i4HNy,26,,incorrect,
RZdtks4i4HNy,27,,correct,
RZdtks4i4HNy,28,,incorrect,
RZdtks4i4HNy,29,,correct,
RZdtks4i4HNy,30,,correct,
St7VKJfT2MTq,1,,incorrect,
St7VKJfT2MTq,2,,correct,
St7VKJfT2MTq,3,,correct,
St7VKJfT2MTq,4,,correct,
St7VKJfT2MTq,5,,correct,
St7VKJfT2MTq,6,,incorrect,
St7VKJfT2MTq,7,,correct,
St7VKJfT2MTq,8,,correct,
St7VKJfT2MTq,9,,correct,
St7VKJfT2MTq,10,,correct,
St7VKJfT2MTq,11,,correct,
St7VKJfT2MTq,12,,correct,
St7VKJfT2MTq,13,,correct,
St7VKJfT2MTq,14,,incorrect,
St7VKJfT2MTq,15,,correct,
St7VKJfT2MTq,16,,correct,
St7VKJfT2MTq,17,,incorrect,
St7VKJfT2MTq,18,,incorrect,
St7VKJfT2MTq,19,,correct,
St7VKJfT2MTq,20,,incorrect,
St7VKJfT2MTq,21,,incorrect,
St7VKJfT2MTq,22,,correct,
St7VKJfT2MTq,23,,correct,
St7VKJfT2MTq,24,,incorrect,
St7VKJfT2MTq,25,,incorrect,
St7VKJfT2MTq,26,,incorrect,
St7VKJfT2MTq,27,,correct,
St7VKJfT2MTq,28,,correct,
St7VKJfT2MTq,29,,correct,
St7VKJfT2MTq,30,,correct,
jkDHRLkdOO06,1,,incorrect,
jkDHRLkdOO06,2,,correct,
jkDHRLkdOO06,3,,correct,
jkDHRLkdOO06,4,,correct,
jkDHRLkdOO06,5,,correct,
jkDHRLkdOO06,6,,correct,
jkDHRLkdOO06,7,,correct,
jkDHRLkdOO06,8,,correct,
jkDHRLkdOO06,9,,incorrect,
jkDHRLkdOO06,10,,correct,
jkDHRLkdOO06,11,,correct,
jkDHRLkdOO06,12,,correct,
jkDHRLkdOO06,13,,correct,
jkDHRLkdOO06,14,,incorrect,
jkDHRLkdOO06,15,,incorrect,
jkDHRLkdOO06,16,,correct,
jkDHRLkdOO06,17,,incorrect,
jkDHRLkdOO06,18,,incorrect,
jkDHRLkdOO06,19,,correct,
jkDHRLkdOO06,20,,incorrect,
jkDHRLkdOO06,21,,incorrect,
jkDHRLkdOO06,22,,correct,
jkDHRLkdOO06,23,,incorrect,
jkDHRLkdOO06,24,,incorrect,
jkDHRLkdOO06,25,,incorrect,
jkDHRLkdOO06,26,,incorrect,
jkDHRLkdOO06,27,,correct,
jkDHRLkdOO06,28,,correct,
jkDHRLkdOO06,29,,correct,
jkDHRLkdOO06,30,,correct,
P76XnTmOjZzU,1,,incorrect,
P76XnTmOjZzU,2,,correct,
P76XnTmOjZzU,3,,correct,
P76XnTmOjZzU,4,,correct,
P76XnTmOjZzU,5,,correct,
P76XnTmOjZzU,6,,correct,
P76XnTmOjZzU,7,,correct,
P76XnTmOjZzU,8,,correct,
P76XnTmOjZzU,9,,incorrect,
P76XnTmOjZzU,10,,correct,
P76XnTmOjZzU,11,,correct,
P76XnTmOjZzU,12,,correct,
P76XnTmOjZzU,13,,correct,
P76XnTmOjZzU,14,,incorrect,
P76XnTmOjZzU,15,,incorrect,
P76XnTmOjZzU,16,,correct,
P76XnTmOjZzU,17,,incorrect,
P76XnTmOjZzU,18,,incorrect,
P76XnTmOjZzU,19,,correct,
P76XnTmOjZzU,20,,incorrect,
P76XnTmOjZzU,21,,incorrect,
P76XnTmOjZzU,22,,correct,
P76XnTmOjZzU,23,,incorrect,
P76XnTmOjZzU,24,,incorrect,
P76XnTmOjZzU,25,,incorrect,
P76XnTmOjZzU,26,,incorrect,
P76XnTmOjZzU,27,,correct,
P76XnTmOjZzU,28,,correct,
P76XnTmOjZzU,29,,correct,
P76XnTmOjZzU,30,,correct,
SpXSTCkMzPni,1,,correct,
SpXSTCkMzPni,2,,correct,
SpXSTCkMzPni,3,,correct,
SpXSTCkMzPni,4,,correct,
SpXSTCkMzPni,5,,correct,
SpXSTCkMzPni,6,,correct,
SpXSTCkMzPni,7,,correct,
SpXSTCkMzPni,8,,correct,
SpXSTCkMzPni,9,,correct,
SpXSTCkMzPni,10,,correct,
SpXSTCkMzPni,11,,correct,
SpXSTCkMzPni,12,,correct,
SpXSTCkMzPni,13,,correct,
SpXSTCkMzPni,14,,correct,
SpXSTCkMzPni,15,,correct,
SpXSTCkMzPni,16,,correct,
SpXSTCkMzPni,17,,correct,
SpXSTCkMzPni,18,,incorrect,
SpXSTCkMzPni,19,,correct,
SpXSTCkMzPni,20,,incorrect,
SpXSTCkMzPni,21,,incorrect,
SpXSTCkMzPni,22,,correct,
SpXSTCkMzPni,23,,incorrect,
SpXSTCkMzPni,24,,incorrect,
SpXSTCkMzPni,25,,correct,
SpXSTCkMzPni,26,,correct,
SpXSTCkMzPni,27,,correct,
SpXSTCkMzPni,28,,correct,
SpXSTCkMzPni,29,,correct,
SpXSTCkMzPni,30,,correct,
VTLAbK1PHg7B,1,,incorrect,
VTLAbK1PHg7B,2,,correct,
VTLAbK1PHg7B,3,,correct,
VTLAbK1PHg7B,4,,correct,
VTLAbK1PHg7B,5,,incorrect,
VTLAbK1PHg7B,6,,correct,
VTLAbK1PHg7B,7,,incorrect,
VTLAbK1PHg7B,8,,correct,
VTLAbK1PHg7B,9,,correct,
VTLAbK1PHg7B,10,,correct,
VTLAbK1PHg7B,11,,correct,
VTLAbK1PHg7B,12,,correct,
VTLAbK1PHg7B,13,,correct,
VTLAbK1PHg7B,14,,correct,
VTLAbK1PHg7B,15,,incorrect,
VTLAbK1PHg7B,16,,correct,
VTLAbK1PHg7B,17,,correct,
VTLAbK1PHg7B,18,,incorrect,
VTLAbK1PHg7B,19,,correct,
VTLAbK1PHg7B,20,,incorrect,
VTLAbK1PHg7B,21,,incorrect,
VTLAbK1PHg7B,22,,correct,
VTLAbK1PHg7B,23,,incorrect,
VTLAbK1PHg7B,24,,incorrect,
VTLAbK1PHg7B,25,,incorrect,
VTLAbK1PHg7B,26,,incorrect,
VTLAbK1PHg7B,27,,correct,
VTLAbK1PHg7B,28,,correct,
VTLAbK1PHg7B,29,,correct,
VTLAbK1PHg7B,30,,correct,
B0dezLVzpGHZ,1,,correct,
B0dezLVzpGHZ,2,,correct,
B0dezLVzpGHZ,3,,incorrect,
B0dezLVzpGHZ,4,,correct,
B0dezLVzpGHZ,5,,correct,
B0dezLVzpGHZ,6,,correct,
B0dezLVzpGHZ,7,,correct,
B0dezLVzpGHZ,8,,correct,
B0dezLVzpGHZ,9,,correct,
B0dezLVzpGHZ,10,,correct,
B0dezLVzpGHZ,11,,correct,
B0dezLVzpGHZ,12,,correct,
B0dezLVzpGHZ,13,,correct,
B0dezLVzpGHZ,14,,incorrect,
B0dezLVzpGHZ,15,,correct,
B0dezLVzpGHZ,16,,correct,
B0dezLVzpGHZ,17,,correct,
B0dezLVzpGHZ,18,,incorrect,
B0dezLVzpGHZ,19,,correct,
B0dezLVzpGHZ,20,,incorrect,
B0dezLVzpGHZ,21,,incorrect,
B0dezLVzpGHZ,22,,correct,
B0dezLVzpGHZ,23,,correct,
B0dezLVzpGHZ,24,,incorrect,
B0dezLVzpGHZ,25,,correct,
B0dezLVzpGHZ,26,,incorrect,
B0dezLVzpGHZ,27,,correct,
B0dezLVzpGHZ,28,,correct,
B0dezLVzpGHZ,29,,correct,
B0dezLVzpGHZ,30,,correct,
cCanr1FJP4WP,1,,incorrect,
cCanr1FJP4WP,2,,correct,
cCanr1FJP4WP,3,,correct,
cCanr1FJP4WP,4,,correct,
cCanr1FJP4WP,5,,correct,
cCanr1FJP4WP,6,,correct,
cCanr1FJP4WP,7,,correct,
cCanr1FJP4WP,8,,correct,
cCanr1FJP4WP,9,,incorrect,
cCanr1FJP4WP,10,,correct,
cCanr1FJP4WP,11,,correct,
cCanr1FJP4WP,12,,correct,
cCanr1FJP4WP,13,,correct,
cCanr1FJP4WP,14,,incorrect,
cCanr1FJP4WP,15,,incorrect,
cCanr1FJP4WP,16,,correct,
cCanr1FJP4WP,17,,incorrect,
cCanr1FJP4WP,18,,incorrect,
cCanr1FJP4WP,19,,correct,
cCanr1FJP4WP,20,,incorrect,
cCanr1FJP4WP,21,,incorrect,
cCanr1FJP4WP,22,,correct,
cCanr1FJP4WP,23,,incorrect,
cCanr1FJP4WP,24,,incorrect,
cCanr1FJP4WP,25,,incorrect,
cCanr1FJP4WP,26,,incorrect,
cCanr1FJP4WP,27,,correct,
cCanr1FJP4WP,28,,correct,
cCanr1FJP4WP,29,,correct,
cCanr1FJP4WP,30,,correct,
0rzpTGhVxVJU,1,,incorrect,
0rzpTGhVxVJU,2,,correct,
0rzpTGhVxVJU,3,,correct,
0rzpTGhVxVJU,4,,correct,
0rzpTGhVxVJU,5,,correct,
0rzpTGhVxVJU,6,,correct,
0rzpTGhVxVJU,7,,incorrect,
0rzpTGhVxVJU,8,,correct,
0rzpTGhVxVJU,9,,incorrect,
0rzpTGhVxVJU,10,,correct,
0rzpTGhVxVJU,11,,correct,
0rzpTGhVxVJU,12,,correct,
0rzpTGhVxVJU,13,,correct,
0rzpTGhVxVJU,14,,correct,
0rzpTGhVxVJU,15,,incorrect,
0rzpTGhVxVJU,16,,correct,
0rzpTGhVxVJU,17,,correct,
0rzpTGhVxVJU,18,,incorrect,
0rzpTGhVxVJU,19,,correct,
0rzpTGhVxVJU,20,,incorrect,
0rzpTGhVxVJU,21,,incorrect,
0rzpTGhVxVJU,22,,correct,
0rzpTGhVxVJU,23,,incorrect,
0rzpTGhVxVJU,24,,correct,
0rzpTGhVxVJU,25,,incorrect,
0rzpTGhVxVJU,26,,correct,
0rzpTGhVxVJU,27,,correct,
0rzpTGhVxVJU,28,,correct,
0rzpTGhVxVJU,29,,correct,
0rzpTGhVxVJU,30,,correct,
oXHAAQD8R9lF,1,,incorrect,
oXHAAQD8R9lF,2,,correct,
oXHAAQD8R9lF,3,,correct,
oXHAAQD8R9lF,4,,correct,
oXHAAQD8R9lF,5,,correct,
oXHAAQD8R9lF,6,,incorrect,
oXHAAQD8R9lF,7,,correct,
oXHAAQD8R9lF,8,,correct,
oXHAAQD8R9lF,9,,correct,
oXHAAQD8R9lF,10,,correct,
oXHAAQD8R9lF,11,,correct,
oXHAAQD8R9lF,12,,correct,
oXHAAQD8R9lF,13,,correct,
oXHAAQD8R9lF,14,,correct,
oXHAAQD8R9lF,15,,incorrect,
oXHAAQD8R9lF,16,,correct,
oXHAAQD8R9lF,17,,correct,
oXHAAQD8R9lF,18,,incorrect,
oXHAAQD8R9lF,19,,correct,
oXHAAQD8R9lF,20,,incorrect,
oXHAAQD8R9lF,21,,incorrect,
oXHAAQD8R9lF,22,,correct,
oXHAAQD8R9lF,23,,incorrect,
oXHAAQD8R9lF,24,,incorrect,
oXHAAQD8R9lF,25,,incorrect,
oXHAAQD8R9lF,26,,incorrect,
oXHAAQD8R9lF,27,,correct,
oXHAAQD8R9lF,28,,incorrect,
oXHAAQD8R9lF,29,,correct,
oXHAAQD8R9lF,30,,correct,
AgiWXtLnmm9y,1,,incorrect,
AgiWXtLnmm9y,2,,correct,
AgiWXtLnmm9y,3,,correct,
AgiWXtLnmm9y,4,,correct,
AgiWXtLnmm9y,5,,incorrect,
AgiWXtLnmm9y,6,,correct,
AgiWXtLnmm9y,7,,correct,
AgiWXtLnmm9y,8,,correct,
AgiWXtLnmm9y,9,,correct,
AgiWXtLnmm9y,10,,correct,
AgiWXtLnmm9y,11,,correct,
AgiWXtLnmm9y,12,,correct,
AgiWXtLnmm9y,13,,correct,
AgiWXtLnmm9y,14,,incorrect,
AgiWXtLnmm9y,15,,correct,
AgiWXtLnmm9y,16,,correct,
AgiWXtLnmm9y,17,,correct,
AgiWXtLnmm9y,18,,incorrect,
AgiWXtLnmm9y,19,,correct,
AgiWXtLnmm9y,20,,incorrect,
AgiWXtLnmm9y,21,,incorrect,
AgiWXtLnmm9y,22,,correct,
AgiWXtLnmm9y,23,,incorrect,
AgiWXtLnmm9y,24,,incorrect,
AgiWXtLnmm9y,25,,incorrect,
AgiWXtLnmm9y,26,,incorrect,
AgiWXtLnmm9y,27,,correct,
AgiWXtLnmm9y,28,,correct,
AgiWXtLnmm9y,29,,correct,
AgiWXtLnmm9y,30,,correct,
pMrOo2QfC0Kp,1,,incorrect,
pMrOo2QfC0Kp,2,,correct,
pMrOo2QfC0Kp,3,,correct,
pMrOo2QfC0Kp,4,,correct,
pMrOo2QfC0Kp,5,,incorrect,
pMrOo2QfC0Kp,6,,correct,
pMrOo2QfC0Kp,7,,correct,
pMrOo2QfC0Kp,8,,correct,
pMrOo2QfC0Kp,9,,correct,
pMrOo2QfC0Kp,10,,correct,
pMrOo2QfC0Kp,11,,correct,
pMrOo2QfC0Kp,12,,correct,
pMrOo2QfC0Kp,13,,correct,
pMrOo2QfC0Kp,14,,incorrect,
pMrOo2QfC0Kp,15,,correct,
pMrOo2QfC0Kp,16,,correct,
pMrOo2QfC0Kp,17,,correct,
pMrOo2QfC0Kp,18,,incorrect,
pMrOo2QfC0Kp,19,,correct,
pMrOo2QfC0Kp,20,,incorrect,
pMrOo2QfC0Kp,21,,incorrect,
pMrOo2QfC0Kp,22,,correct,
pMrOo2QfC0Kp,23,,incorrect,
pMrOo2QfC0Kp,24,,incorrect,
pMrOo2QfC0Kp,25,,correct,
pMrOo2QfC0Kp,26,,incorrect,
pMrOo2QfC0Kp,27,,correct,
pMrOo2QfC0Kp,28,,correct,
pMrOo2QfC0Kp,29,,correct,
pMrOo2QfC0Kp,30,,correct,
9eci54foOGc9,1,,incorrect,
9eci54foOGc9,2,,correct,
9eci54foOGc9,3,,correct,
9eci54foOGc9,4,,correct,
9eci54foOGc9,5,,correct,
9eci54foOGc9,6,,correct,
9eci54foOGc9,7,,incorrect,
9eci54foOGc9,8,,correct,
9eci54foOGc9,9,,incorrect,
9eci54foOGc9,10,,correct,
9eci54foOGc9,11,,correct,
9eci54foOGc9,12,,correct,
9eci54foOGc9,13,,correct,
9eci54foOGc9,14,,correct,
9eci54foOGc9,15,,incorrect,
9eci54foOGc9,16,,correct,
9eci54foOGc9,17,,correct,
9eci54foOGc9,18,,incorrect,
9eci54foOGc9,19,,correct,
9eci54foOGc9,20,,correct,
9eci54foOGc9,21,,incorrect,
9eci54foOGc9,22,,correct,
9eci54foOGc9,23,,correct,
9eci54foOGc9,24,,correct,
9eci54foOGc9,25,,incorrect,
9eci54foOGc9,26,,correct,
9eci54foOGc9,27,,correct,
9eci54foOGc9,28,,correct,
9eci54foOGc9,29,,correct,
9eci54foOGc9,30,,correct,
OLMmduueQtv7,1,,incorrect,
OLMmduueQtv7,2,,correct,
OLMmduueQtv7,3,,correct,
OLMmduueQtv7,4,,correct,
OLMmduueQtv7,5,,correct,
OLMmduueQtv7,6,,correct,
OLMmduueQtv7,7,,incorrect,
OLMmduueQtv7,8,,correct,
OLMmduueQtv7,9,,incorrect,
OLMmduueQtv7,10,,correct,
OLMmduueQtv7,11,,correct,
OLMmduueQtv7,12,,correct,
OLMmduueQtv7,13,,correct,
OLMmduueQtv7,14,,correct,
OLMmduueQtv7,15,,incorrect,
OLMmduueQtv7,16,,correct,
OLMmduueQtv7,17,,incorrect,
OLMmduueQtv7,18,,incorrect,
OLMmduueQtv7,19,,correct,
OLMmduueQtv7,20,,correct,
OLMmduueQtv7,21,,incorrect,
OLMmduueQtv7,22,,correct,
OLMmduueQtv7,23,,correct,
OLMmduueQtv7,24,,correct,
OLMmduueQtv7,25,,incorrect,
OLMmduueQtv7,26,,correct,
OLMmduueQtv7,27,,correct,
OLMmduueQtv7,28,,correct,
OLMmduueQtv7,29,,correct,
OLMmduueQtv7,30,,correct,
2AQDG30NeIzY,1,,correct,
2AQDG30NeIzY,2,,correct,
2AQDG30NeIzY,3,,correct,
2AQDG30NeIzY,4,,correct,
2AQDG30NeIzY,5,,correct,
2AQDG30NeIzY,6,,correct,
2AQDG30NeIzY,7,,correct,
2AQDG30NeIzY,8,,correct,
2AQDG30NeIzY,9,,correct,
2AQDG30NeIzY,10,,correct,
2AQDG30NeIzY,11,,correct,
2AQDG30NeIzY,12,,correct,
2AQDG30NeIzY,13,,correct,
2AQDG30NeIzY,14,,correct,
2AQDG30NeIzY,15,,correct,
2AQDG30NeIzY,16,,correct,
2AQDG30NeIzY,17,,correct,
2AQDG30NeIzY,18,,incorrect,
2AQDG30NeIzY,19,,correct,
2AQDG30NeIzY,20,,incorrect,
2AQDG30NeIzY,21,,incorrect,
2AQDG30NeIzY,22,,correct,
2AQDG30NeIzY,23,,incorrect,
2AQDG30NeIzY,24,,incorrect,
2AQDG30NeIzY,25,,incorrect,
2AQDG30NeIzY,26,,incorrect,
2AQDG30NeIzY,27,,correct,
2AQDG30NeIzY,28,,correct,
2AQDG30NeIzY,29,,correct,
2AQDG30NeIzY,30,,correct,
Lo0o6MK08TyI,1,,correct,
Lo0o6MK08TyI,2,,correct,
Lo0o6MK08TyI,3,,correct,
Lo0o6MK08TyI,4,,correct,
Lo0o6MK08TyI,5,,incorrect,
Lo0o6MK08TyI,6,,correct,
Lo0o6MK08TyI,7,,correct,
Lo0o6MK08TyI,8,,correct,
Lo0o6MK08TyI,9,,incorrect,
Lo0o6MK08TyI,10,,correct,
Lo0o6MK08TyI,11,,correct,
Lo0o6MK08TyI,12,,correct,
Lo0o6MK08TyI,13,,correct,
Lo0o6MK08TyI,14,,correct,
Lo0o6MK08TyI,15,,correct,
Lo0o6MK08TyI,16,,correct,
Lo0o6MK08TyI,17,,correct,
Lo0o6MK08TyI,18,,incorrect,
Lo0o6MK08TyI,19,,correct,
Lo0o6MK08TyI,20,,incorrect,
Lo0o6MK08TyI,21,,incorrect,
Lo0o6MK08TyI,22,,correct,
Lo0o6MK08TyI,23,,incorrect,
Lo0o6MK08TyI,24,,incorrect,
Lo0o6MK08TyI,25,,incorrect,
Lo0o6MK08TyI,26,,incorrect,
Lo0o6MK08TyI,27,,incorrect,
Lo0o6MK08TyI,28,,incorrect,
Lo0o6MK08TyI,29,,correct,
Lo0o6MK08TyI,30,,correct,
RjR3B2X554Pn,1,,incorrect,
RjR3B2X554Pn,2,,correct,
RjR3B2X554Pn,3,,correct,
RjR3B2X554Pn,4,,correct,
RjR3B2X554Pn,5,,correct,
RjR3B2X554Pn,6,,incorrect,
RjR3B2X554Pn,7,,correct,
RjR3B2X554Pn,8,,correct,
RjR3B2X554Pn,9,,correct,
RjR3B2X554Pn,10,,correct,
RjR3B2X554Pn,11,,correct,
RjR3B2X554Pn,12,,correct,
RjR3B2X554Pn,13,,incorrect,
RjR3B2X554Pn,14,,incorrect,
RjR3B2X554Pn,15,,incorrect,
RjR3B2X554Pn,16,,incorrect,
RjR3B2X554Pn,17,,incorrect,
RjR3B2X554Pn,18,,incorrect,
RjR3B2X554Pn,19,,incorrect,
RjR3B2X554Pn,20,,incorrect,
RjR3B2X554Pn,21,,incorrect,
RjR3B2X554Pn,22,,correct,
RjR3B2X554Pn,23,,incorrect,
RjR3B2X554Pn,24,,incorrect,
RjR3B2X554Pn,25,,incorrect,
RjR3B2X554Pn,26,,incorrect,
RjR3B2X554Pn,27,,correct,
RjR3B2X554Pn,28,,incorrect,
RjR3B2X554Pn,29,,correct,
RjR3B2X554Pn,30,,correct,
tE1MOwmVibN4,1,,incorrect,
tE1MOwmVibN4,2,,correct,
tE1MOwmVibN4,3,,correct,
tE1MOwmVibN4,4,,correct,
tE1MOwmVibN4,5,,incorrect,
tE1MOwmVibN4,6,,correct,
tE1MOwmVibN4,7,,incorrect,
tE1MOwmVibN4,8,,correct,
tE1MOwmVibN4,9,,correct,
tE1MOwmVibN4,10,,correct,
tE1MOwmVibN4,11,,correct,
tE1MOwmVibN4,12,,correct,
tE1MOwmVibN4,13,,correct,
tE1MOwmVibN4,14,,correct,
tE1MOwmVibN4,15,,incorrect,
tE1MOwmVibN4,16,,incorrect,
tE1MOwmVibN4,17,,correct,
tE1MOwmVibN4,18,,incorrect,
tE1MOwmVibN4,19,,correct,
tE1MOwmVibN4,20,,incorrect,
tE1MOwmVibN4,21,,incorrect,
tE1MOwmVibN4,22,,correct,
tE1MOwmVibN4,23,,incorrect,
tE1MOwmVibN4,24,,incorrect,
tE1MOwmVibN4,25,,incorrect,
tE1MOwmVibN4,26,,incorrect,
tE1MOwmVibN4,27,,correct,
tE1MOwmVibN4,28,,incorrect,
tE1MOwmVibN4,29,,correct,
tE1MOwmVibN4,30,,correct,
oVyzGGgOFu4f,1,,incorrect,
oVyzGGgOFu4f,2,,correct,
oVyzGGgOFu4f,3,,correct,
oVyzGGgOFu4f,4,,correct,
oVyzGGgOFu4f,5,,correct,
oVyzGGgOFu4f,6,,correct,
oVyzGGgOFu4f,7,,correct,
oVyzGGgOFu4f,8,,correct,
oVyzGGgOFu4f,9,,correct,
oVyzGGgOFu4f,10,,correct,
oVyzGGgOFu4f,11,,correct,
oVyzGGgOFu4f,12,,correct,
oVyzGGgOFu4f,13,,correct,
oVyzGGgOFu4f,14,,correct,
oVyzGGgOFu4f,15,,correct,
oVyzGGgOFu4f,16,,correct,
oVyzGGgOFu4f,17,,correct,
oVyzGGgOFu4f,18,,incorrect,
oVyzGGgOFu4f,19,,correct,
oVyzGGgOFu4f,20,,incorrect,
oVyzGGgOFu4f,21,,incorrect,
oVyzGGgOFu4f,22,,correct,
oVyzGGgOFu4f,23,,correct,
oVyzGGgOFu4f,24,,incorrect,
oVyzGGgOFu4f,25,,correct,
oVyzGGgOFu4f,26,,correct,
oVyzGGgOFu4f,27,,correct,
oVyzGGgOFu4f,28,,correct,
oVyzGGgOFu4f,29,,correct,
oVyzGGgOFu4f,30,,correct,
k4QQVURTfMls,1,,incorrect,
k4QQVURTfMls,2,,correct,
k4QQVURTfMls,3,,correct,
k4QQVURTfMls,4,,correct,
k4QQVURTfMls,5,,incorrect,
k4QQVURTfMls,6,,incorrect,
k4QQVURTfMls,7,,correct,
k4QQVURTfMls,8,,correct,
k4QQVURTfMls,9,,correct,
k4QQVURTfMls,10,,correct,
k4QQVURTfMls,11,,correct,
k4QQVURTfMls,12,,correct,
k4QQVURTfMls,13,,correct,
k4QQVURTfMls,14,,correct,
k4QQVURTfMls,15,,incorrect,
k4QQVURTfMls,16,,incorrect,
k4QQVURTfMls,17,,correct,
k4QQVURTfMls,18,,incorrect,
k4QQVURTfMls,19,,correct,
k4QQVURTfMls,20,,incorrect,
k4QQVURTfMls,21,,incorrect,
k4QQVURTfMls,22,,correct,
k4QQVURTfMls,23,,incorrect,
k4QQVURTfMls,24,,incorrect,
k4QQVURTfMls,25,,incorrect,
k4QQVURTfMls,26,,incorrect,
k4QQVURTfMls,27,,correct,
k4QQVURTfMls,28,,incorrect,
k4QQVURTfMls,29,,correct,
k4QQVURTfMls,30,,correct,
HDHPHpQGlRLt,1,,incorrect,
HDHPHpQGlRLt,2,,correct,
HDHPHpQGlRLt,3,,correct,
HDHPHpQGlRLt,4,,correct,
HDHPHpQGlRLt,5,,correct,
HDHPHpQGlRLt,6,,correct,
HDHPHpQGlRLt,7,,correct,
HDHPHpQGlRLt,8,,correct,
HDHPHpQGlRLt,9,,incorrect,
HDHPHpQGlRLt,10,,correct,
HDHPHpQGlRLt,11,,correct,
HDHPHpQGlRLt,12,,correct,
HDHPHpQGlRLt,13,,correct,
HDHPHpQGlRLt,14,,correct,
HDHPHpQGlRLt,15,,incorrect,
HDHPHpQGlRLt,16,,correct,
HDHPHpQGlRLt,17,,correct,
HDHPHpQGlRLt,18,,incorrect,
HDHPHpQGlRLt,19,,correct,
HDHPHpQGlRLt,20,,incorrect,
HDHPHpQGlRLt,21,,incorrect,
HDHPHpQGlRLt,22,,incorrect,
HDHPHpQGlRLt,23,,incorrect,
HDHPHpQGlRLt,24,,incorrect,
HDHPHpQGlRLt,25,,incorrect,
HDHPHpQGlRLt,26,,incorrect,
HDHPHpQGlRLt,27,,correct,
HDHPHpQGlRLt,28,,incorrect,
HDHPHpQGlRLt,29,,correct,
HDHPHpQGlRLt,30,,correct,
X0HFePMCkBsP,1,,incorrect,
X0HFePMCkBsP,2,,correct,
X0HFePMCkBsP,3,,incorrect,
X0HFePMCkBsP,4,,correct,
X0HFePMCkBsP,5,,incorrect,
X0HFePMCkBsP,6,,correct,
X0HFePMCkBsP,7,,correct,
X0HFePMCkBsP,8,,correct,
X0HFePMCkBsP,9,,correct,
X0HFePMCkBsP,10,,correct,
X0HFePMCkBsP,11,,correct,
X0HFePMCkBsP,12,,correct,
X0HFePMCkBsP,13,,correct,
X0HFePMCkBsP,14,,correct,
X0HFePMCkBsP,15,,correct,
X0HFePMCkBsP,16,,correct,
X0HFePMCkBsP,17,,correct,
X0HFePMCkBsP,18,,incorrect,
X0HFePMCkBsP,19,,incorrect,
X0HFePMCkBsP,20,,incorrect,
X0HFePMCkBsP,21,,incorrect,
X0HFePMCkBsP,22,,correct,
X0HFePMCkBsP,23,,incorrect,
X0HFePMCkBsP,24,,incorrect,
X0HFePMCkBsP,25,,incorrect,
X0HFePMCkBsP,26,,incorrect,
X0HFePMCkBsP,27,,correct,
X0HFePMCkBsP,28,,correct,
X0HFePMCkBsP,29,,correct,
X0HFePMCkBsP,30,,correct,
AG7urKue7Fzv,1,,incorrect,
AG7urKue7Fzv,2,,correct,
AG7urKue7Fzv,3,,correct,
AG7urKue7Fzv,4,,correct,
AG7urKue7Fzv,5,,incorrect,
AG7urKue7Fzv,6,,correct,
AG7urKue7Fzv,7,,correct,
AG7urKue7Fzv,8,,correct,
AG7urKue7Fzv,9,,correct,
AG7urKue7Fzv,10,,correct,
AG7urKue7Fzv,11,,correct,
AG7urKue7Fzv,12,,correct,
AG7urKue7Fzv,13,,correct,
AG7urKue7Fzv,14,,correct,
AG7urKue7Fzv,15,,correct,
AG7urKue7Fzv,16,,correct,
AG7urKue7Fzv,17,,correct,
AG7urKue7Fzv,18,,incorrect,
AG7urKue7Fzv,19,,correct,
AG7urKue7Fzv,20,,incorrect,
AG7urKue7Fzv,21,,incorrect,
AG7urKue7Fzv,22,,correct,
AG7urKue7Fzv,23,,incorrect,
AG7urKue7Fzv,24,,incorrect,
AG7urKue7Fzv,25,,correct,
AG7urKue7Fzv,26,,incorrect,
AG7urKue7Fzv,27,,correct,
AG7urKue7Fzv,28,,incorrect,
AG7urKue7Fzv,29,,correct,
AG7urKue7Fzv,30,,correct,
CyGywfdJf5VZ,1,,incorrect,
CyGywfdJf5VZ,2,,correct,
CyGywfdJf5VZ,3,,correct,
CyGywfdJf5VZ,4,,correct,
CyGywfdJf5VZ,5,,incorrect,
CyGywfdJf5VZ,6,,correct,
CyGywfdJf5VZ,7,,correct,
CyGywfdJf5VZ,8,,correct,
CyGywfdJf5VZ,9,,correct,
CyGywfdJf5VZ,10,,correct,
CyGywfdJf5VZ,11,,correct,
CyGywfdJf5VZ,12,,correct,
CyGywfdJf5VZ,13,,correct,
CyGywfdJf5VZ,14,,correct,
CyGywfdJf5VZ,15,,incorrect,
CyGywfdJf5VZ,16,,incorrect,
CyGywfdJf5VZ,17,,correct,
CyGywfdJf5VZ,18,,incorrect,
CyGywfdJf5VZ,19,,correct,
CyGywfdJf5VZ,20,,incorrect,
CyGywfdJf5VZ,21,,incorrect,
CyGywfdJf5VZ,22,,correct,
CyGywfdJf5VZ,23,,incorrect,
CyGywfdJf5VZ,24,,incorrect,
CyGywfdJf5VZ,25,,incorrect,
CyGywfdJf5VZ,26,,incorrect,
CyGywfdJf5VZ,27,,incorrect,
CyGywfdJf5VZ,28,,incorrect,
CyGywfdJf5VZ,29,,correct,
CyGywfdJf5VZ,30,,correct,
kfwxRJXSzs3o,1,,incorrect,
kfwxRJXSzs3o,2,,correct,
kfwxRJXSzs3o,3,,correct,
kfwxRJXSzs3o,4,,correct,
kfwxRJXSzs3o,5,,incorrect,
kfwxRJXSzs3o,6,,incorrect,
kfwxRJXSzs3o,7,,correct,
kfwxRJXSzs3o,8,,correct,
kfwxRJXSzs3o,9,,correct,
kfwxRJXSzs3o,10,,correct,
kfwxRJXSzs3o,11,,correct,
kfwxRJXSzs3o,12,,correct,
kfwxRJXSzs3o,13,,correct,
kfwxRJXSzs3o,14,,incorrect,
kfwxRJXSzs3o,15,,correct,
kfwxRJXSzs3o,16,,incorrect,
kfwxRJXSzs3o,17,,incorrect,
kfwxRJXSzs3o,18,,incorrect,
kfwxRJXSzs3o,19,,incorrect,
kfwxRJXSzs3o,20,,incorrect,
kfwxRJXSzs3o,21,,incorrect,
kfwxRJXSzs3o,22,,correct,
kfwxRJXSzs3o,23,,incorrect,
kfwxRJXSzs3o,24,,incorrect,
kfwxRJXSzs3o,25,,incorrect,
kfwxRJXSzs3o,26,,incorrect,
kfwxRJXSzs3o,27,,correct,
kfwxRJXSzs3o,28,,correct,
kfwxRJXSzs3o,29,,correct,
kfwxRJXSzs3o,30,,correct,
xlLz8YVMGkvs,1,,correct,
xlLz8YVMGkvs,2,,correct,
xlLz8YVMGkvs,3,,correct,
xlLz8YVMGkvs,4,,correct,
xlLz8YVMGkvs,5,,correct,
xlLz8YVMGkvs,6,,correct,
xlLz8YVMGkvs,7,,correct,
xlLz8YVMGkvs,8,,correct,
xlLz8YVMGkvs,9,,correct,
xlLz8YVMGkvs,10,,correct,
xlLz8YVMGkvs,11,,correct,
xlLz8YVMGkvs,12,,correct,
xlLz8YVMGkvs,13,,correct,
xlLz8YVMGkvs,14,,correct,
xlLz8YVMGkvs,15,,correct,
xlLz8YVMGkvs,16,,correct,
xlLz8YVMGkvs,17,,correct,
xlLz8YVMGkvs,18,,incorrect,
xlLz8YVMGkvs,19,,correct,
xlLz8YVMGkvs,20,,incorrect,
xlLz8YVMGkvs,21,,incorrect,
xlLz8YVMGkvs,22,,correct,
xlLz8YVMGkvs,23,,incorrect,
xlLz8YVMGkvs,24,,incorrect,
xlLz8YVMGkvs,25,,incorrect,
xlLz8YVMGkvs,26,,correct,
xlLz8YVMGkvs,27,,correct,
xlLz8YVMGkvs,28,,correct,
xlLz8YVMGkvs,29,,correct,
xlLz8YVMGkvs,30,,correct,
o2VbFpgtLwG2,1,,correct,
o2VbFpgtLwG2,2,,correct,
o2VbFpgtLwG2,3,,correct,
o2VbFpgtLwG2,4,,correct,
o2VbFpgtLwG2,5,,correct,
o2VbFpgtLwG2,6,,correct,
o2VbFpgtLwG2,7,,correct,
o2VbFpgtLwG2,8,,correct,
o2VbFpgtLwG2,9,,correct,
o2VbFpgtLwG2,10,,correct,
o2VbFpgtLwG2,11,,correct,
o2VbFpgtLwG2,12,,correct,
o2VbFpgtLwG2,13,,correct,
o2VbFpgtLwG2,14,,correct,
o2VbFpgtLwG2,15,,correct,
o2VbFpgtLwG2,16,,correct,
o2VbFpgtLwG2,17,,correct,
o2VbFpgtLwG2,18,,incorrect,
o2VbFpgtLwG2,19,,correct,
o2VbFpgtLwG2,20,,incorrect,
o2VbFpgtLwG2,21,,incorrect,
o2VbFpgtLwG2,22,,correct,
o2VbFpgtLwG2,23,,incorrect,
o2VbFpgtLwG2,24,,incorrect,
o2VbFpgtLwG2,25,,incorrect,
o2VbFpgtLwG2,26,,correct,
o2VbFpgtLwG2,27,,correct,
o2VbFpgtLwG2,28,,incorrect,
o2VbFpgtLwG2,29,,correct,
o2VbFpgtLwG2,30,,correct,
RM55e8d3Jbjm,1,,incorrect,
RM55e8d3Jbjm,2,,correct,
RM55e8d3Jbjm,3,,correct,
RM55e8d3Jbjm,4,,correct,
RM55e8d3Jbjm,5,,correct,
RM55e8d3Jbjm,6,,correct,
RM55e8d3Jbjm,7,,incorrect,
RM55e8d3Jbjm,8,,correct,
RM55e8d3Jbjm,9,,incorrect,
RM55e8d3Jbjm,10,,correct,
RM55e8d3Jbjm,11,,correct,
RM55e8d3Jbjm,12,,correct,
RM55e8d3Jbjm,13,,correct,
RM55e8d3Jbjm,14,,incorrect,
RM55e8d3Jbjm,15,,incorrect,
RM55e8d3Jbjm,16,,correct,
RM55e8d3Jbjm,17,,correct,
RM55e8d3Jbjm,18,,incorrect,
RM55e8d3Jbjm,19,,correct,
RM55e8d3Jbjm,20,,incorrect,
RM55e8d3Jbjm,21,,incorrect,
RM55e8d3Jbjm,22,,correct,
RM55e8d3Jbjm,23,,correct,
RM55e8d3Jbjm,24,,incorrect,
RM55e8d3Jbjm,25,,incorrect,
RM55e8d3Jbjm,26,,correct,
RM55e8d3Jbjm,27,,correct,
RM55e8d3Jbjm,28,,correct,
RM55e8d3Jbjm,29,,correct,
RM55e8d3Jbjm,30,,correct,
tZNKhSZpzqOT,1,,incorrect,
tZNKhSZpzqOT,2,,correct,
tZNKhSZpzqOT,3,,correct,
tZNKhSZpzqOT,4,,correct,
tZNKhSZpzqOT,5,,correct,
tZNKhSZpzqOT,6,,incorrect,
tZNKhSZpzqOT,7,,correct,
tZNKhSZpzqOT,8,,correct,
tZNKhSZpzqOT,9,,correct,
tZNKhSZpzqOT,10,,correct,
tZNKhSZpzqOT,11,,correct,
tZNKhSZpzqOT,12,,correct,
tZNKhSZpzqOT,13,,correct,
tZNKhSZpzqOT,14,,incorrect,
tZNKhSZpzqOT,15,,correct,
tZNKhSZpzqOT,16,,correct,
tZNKhSZpzqOT,17,,correct,
tZNKhSZpzqOT,18,,incorrect,
tZNKhSZpzqOT,19,,correct,
tZNKhSZpzqOT,20,,incorrect,
tZNKhSZpzqOT,21,,incorrect,
tZNKhSZpzqOT,22,,correct,
tZNKhSZpzqOT,23,,incorrect,
tZNKhSZpzqOT,24,,correct,
tZNKhSZpzqOT,25,,incorrect,
tZNKhSZpzqOT,26,,incorrect,
tZNKhSZpzqOT,27,,correct,
tZNKhSZpzqOT,28,,correct,
tZNKhSZpzqOT,29,,correct,
tZNKhSZpzqOT,30,,correct,
jMkOnTydcqm6,1,,incorrect,
jMkOnTydcqm6,2,,correct,
jMkOnTydcqm6,3,,correct,
jMkOnTydcqm6,4,,correct,
jMkOnTydcqm6,5,,incorrect,
jMkOnTydcqm6,6,,correct,
jMkOnTydcqm6,7,,correct,
jMkOnTydcqm6,8,,correct,
jMkOnTydcqm6,9,,correct,
jMkOnTydcqm6,10,,correct,
jMkOnTydcqm6,11,,correct,
jMkOnTydcqm6,12,,correct,
jMkOnTydcqm6,13,,correct,
jMkOnTydcqm6,14,,incorrect,
jMkOnTydcqm6,15,,correct,
jMkOnTydcqm6,16,,correct,
jMkOnTydcqm6,17,,correct,
jMkOnTydcqm6,18,,correct,
jMkOnTydcqm6,19,,correct,
jMkOnTydcqm6,20,,incorrect,
jMkOnTydcqm6,21,,incorrect,
jMkOnTydcqm6,22,,correct,
jMkOnTydcqm6,23,,incorrect,
jMkOnTydcqm6,24,,incorrect,
jMkOnTydcqm6,25,,correct,
jMkOnTydcqm6,26,,incorrect,
jMkOnTydcqm6,27,,correct,
jMkOnTydcqm6,28,,correct,
jMkOnTydcqm6,29,,correct,
jMkOnTydcqm6,30,,correct,
By0gyab68WPW,1,,incorrect,
By0gyab68WPW,2,,incorrect,
By0gyab68WPW,3,,correct,
By0gyab68WPW,4,,correct,
By0gyab68WPW,5,,incorrect,
By0gyab68WPW,6,,incorrect,
By0gyab68WPW,7,,correct,
By0gyab68WPW,8,,correct,
By0gyab68WPW,9,,incorrect,
By0gyab68WPW,10,,correct,
By0gyab68WPW,11,,correct,
By0gyab68WPW,12,,correct,
By0gyab68WPW,13,,correct,
By0gyab68WPW,14,,correct,
By0gyab68WPW,15,,correct,
By0gyab68WPW,16,,correct,
By0gyab68WPW,17,,correct,
By0gyab68WPW,18,,incorrect,
By0gyab68WPW,19,,correct,
By0gyab68WPW,20,,incorrect,
By0gyab68WPW,21,,incorrect,
By0gyab68WPW,22,,correct,
By0gyab68WPW,23,,incorrect,
By0gyab68WPW,24,,incorrect,
By0gyab68WPW,25,,incorrect,
By0gyab68WPW,26,,incorrect,
By0gyab68WPW,27,,correct,
By0gyab68WPW,28,,correct,
By0gyab68WPW,29,,correct,
By0gyab68WPW,30,,correct,
sg62FVLFX6BW,1,,correct,
sg62FVLFX6BW,2,,correct,
sg62FVLFX6BW,3,,correct,
sg62FVLFX6BW,4,,correct,
sg62FVLFX6BW,5,,incorrect,
sg62FVLFX6BW,6,,correct,
sg62FVLFX6BW,7,,incorrect,
sg62FVLFX6BW,8,,correct,
sg62FVLFX6BW,9,,correct,
sg62FVLFX6BW,10,,correct,
sg62FVLFX6BW,11,,correct,
sg62FVLFX6BW,12,,correct,
sg62FVLFX6BW,13,,correct,
sg62FVLFX6BW,14,,correct,
sg62FVLFX6BW,15,,correct,
sg62FVLFX6BW,16,,correct,
sg62FVLFX6BW,17,,correct,
sg62FVLFX6BW,18,,incorrect,
sg62FVLFX6BW,19,,correct,
sg62FVLFX6BW,20,,correct,
sg62FVLFX6BW,21,,incorrect,
sg62FVLFX6BW,22,,correct,
sg62FVLFX6BW,23,,incorrect,
sg62FVLFX6BW,24,,incorrect,
sg62FVLFX6BW,25,,correct,
sg62FVLFX6BW,26,,incorrect,
sg62FVLFX6BW,27,,correct,
sg62FVLFX6BW,28,,correct,
sg62FVLFX6BW,29,,correct,
sg62FVLFX6BW,30,,correct,
C6BcTLw4mOKQ,1,,correct,
C6BcTLw4mOKQ,2,,correct,
C6BcTLw4mOKQ,3,,correct,
C6BcTLw4mOKQ,4,,correct,
C6BcTLw4mOKQ,5,,correct,
C6BcTLw4mOKQ,6,,correct,
C6BcTLw4mOKQ,7,,correct,
C6BcTLw4mOKQ,8,,correct,
C6BcTLw4mOKQ,9,,correct,
C6BcTLw4mOKQ,10,,correct,
C6BcTLw4mOKQ,11,,correct,
C6BcTLw4mOKQ,12,,correct,
C6BcTLw4mOKQ,13,,correct,
C6BcTLw4mOKQ,14,,correct,
C6BcTLw4mOKQ,15,,incorrect,
C6BcTLw4mOKQ,16,,correct,
C6BcTLw4mOKQ,17,,correct,
C6BcTLw4mOKQ,18,,correct,
C6BcTLw4mOKQ,19,,correct,
C6BcTLw4mOKQ,20,,incorrect,
C6BcTLw4mOKQ,21,,incorrect,
C6BcTLw4mOKQ,22,,correct,
C6BcTLw4mOKQ,23,,incorrect,
C6BcTLw4mOKQ,24,,incorrect,
C6BcTLw4mOKQ,25,,correct,
C6BcTLw4mOKQ,26,,incorrect,
C6BcTLw4mOKQ,27,,correct,
C6BcTLw4mOKQ,28,,correct,
C6BcTLw4mOKQ,29,,correct,
C6BcTLw4mOKQ,30,,correct,
KwlNeadgH2OL,1,,correct,
KwlNeadgH2OL,2,,correct,
KwlNeadgH2OL,3,,correct,
KwlNeadgH2OL,4,,correct,
KwlNeadgH2OL,5,,correct,
KwlNeadgH2OL,6,,correct,
KwlNeadgH2OL,7,,correct,
KwlNeadgH2OL,8,,correct,
KwlNeadgH2OL,9,,correct,
KwlNeadgH2OL,10,,correct,
KwlNeadgH2OL,11,,correct,
KwlNeadgH2OL,12,,correct,
KwlNeadgH2OL,13,,correct,
KwlNeadgH2OL,14,,correct,
KwlNeadgH2OL,15,,correct,
KwlNeadgH2OL,16,,correct,
KwlNeadgH2OL,17,,correct,
KwlNeadgH2OL,18,,incorrect,
KwlNeadgH2OL,19,,correct,
KwlNeadgH2OL,20,,incorrect,
KwlNeadgH2OL,21,,incorrect,
KwlNeadgH2OL,22,,correct,
KwlNeadgH2OL,23,,incorrect,
KwlNeadgH2OL,24,,incorrect,
KwlNeadgH2OL,25,,incorrect,
KwlNeadgH2OL,26,,incorrect,
KwlNeadgH2OL,27,,correct,
KwlNeadgH2OL,28,,correct,
KwlNeadgH2OL,29,,correct,
KwlNeadgH2OL,30,,correct,
pJCSXvZHMyH1,1,,incorrect,
pJCSXvZHMyH1,2,,correct,
pJCSXvZHMyH1,3,,correct,
pJCSXvZHMyH1,4,,correct,
pJCSXvZHMyH1,5,,incorrect,
pJCSXvZHMyH1,6,,incorrect,
pJCSXvZHMyH1,7,,correct,
pJCSXvZHMyH1,8,,correct,
pJCSXvZHMyH1,9,,correct,
pJCSXvZHMyH1,10,,correct,
pJCSXvZHMyH1,11,,correct,
pJCSXvZHMyH1,12,,correct,
pJCSXvZHMyH1,13,,correct,
pJCSXvZHMyH1,14,,correct,
pJCSXvZHMyH1,15,,incorrect,
pJCSXvZHMyH1,16,,correct,
pJCSXvZHMyH1,17,,correct,
pJCSXvZHMyH1,18,,incorrect,
pJCSXvZHMyH1,19,,correct,
pJCSXvZHMyH1,20,,incorrect,
pJCSXvZHMyH1,21,,incorrect,
pJCSXvZHMyH1,22,,correct,
pJCSXvZHMyH1,23,,incorrect,
pJCSXvZHMyH1,24,,incorrect,
pJCSXvZHMyH1,25,,incorrect,
pJCSXvZHMyH1,26,,correct,
pJCSXvZHMyH1,27,,correct,
pJCSXvZHMyH1,28,,correct,
pJCSXvZHMyH1,29,,correct,
pJCSXvZHMyH1,30,,correct,
ylh73EEFQ8CD,1,,incorrect,
ylh73EEFQ8CD,2,,correct,
ylh73EEFQ8CD,3,,correct,
ylh73EEFQ8CD,4,,correct,
ylh73EEFQ8CD,5,,correct,
ylh73EEFQ8CD,6,,correct,
ylh73EEFQ8CD,7,,correct,
ylh73EEFQ8CD,8,,correct,
ylh73EEFQ8CD,9,,correct,
ylh73EEFQ8CD,10,,correct,
ylh73EEFQ8CD,11,,correct,
ylh73EEFQ8CD,12,,correct,
ylh73EEFQ8CD,13,,correct,
ylh73EEFQ8CD,14,,correct,
ylh73EEFQ8CD,15,,correct,
ylh73EEFQ8CD,16,,correct,
ylh73EEFQ8CD,17,,correct,
ylh73EEFQ8CD,18,,incorrect,
ylh73EEFQ8CD,19,,correct,
ylh73EEFQ8CD,20,,incorrect,
ylh73EEFQ8CD,21,,incorrect,
ylh73EEFQ8CD,22,,correct,
ylh73EEFQ8CD,23,,correct,
ylh73EEFQ8CD,24,,incorrect,
ylh73EEFQ8CD,25,,incorrect,
ylh73EEFQ8CD,26,,correct,
ylh73EEFQ8CD,27,,correct,
ylh73EEFQ8CD,28,,correct,
ylh73EEFQ8CD,29,,correct,
ylh73EEFQ8CD,30,,correct,
TYE4dgTYGdCn,1,,incorrect,
TYE4dgTYGdCn,2,,correct,
TYE4dgTYGdCn,3,,correct,
TYE4dgTYGdCn,4,,correct,
TYE4dgTYGdCn,5,,incorrect,
TYE4dgTYGdCn,6,,incorrect,
TYE4dgTYGdCn,7,,correct,
TYE4dgTYGdCn,8,,correct,
TYE4dgTYGdCn,9,,correct,
TYE4dgTYGdCn,10,,correct,
TYE4dgTYGdCn,11,,correct,
TYE4dgTYGdCn,12,,correct,
TYE4dgTYGdCn,13,,correct,
TYE4dgTYGdCn,14,,correct,
TYE4dgTYGdCn,15,,incorrect,
TYE4dgTYGdCn,16,,correct,
TYE4dgTYGdCn,17,,correct,
TYE4dgTYGdCn,18,,incorrect,
TYE4dgTYGdCn,19,,correct,
TYE4dgTYGdCn,20,,incorrect,
TYE4dgTYGdCn,21,,incorrect,
TYE4dgTYGdCn,22,,correct,
TYE4dgTYGdCn,23,,incorrect,
TYE4dgTYGdCn,24,,incorrect,
TYE4dgTYGdCn,25,,incorrect,
TYE4dgTYGdCn,26,,correct,
TYE4dgTYGdCn,27,,correct,
TYE4dgTYGdCn,28,,correct,
TYE4dgTYGdCn,29,,correct,
TYE4dgTYGdCn,30,,correct,
I93EMGZEU4vI,1,,incorrect,
I93EMGZEU4vI,2,,correct,
I93EMGZEU4vI,3,,correct,
I93EMGZEU4vI,4,,correct,
I93EMGZEU4vI,5,,correct,
I93EMGZEU4vI,6,,correct,
I93EMGZEU4vI,7,,correct,
I93EMGZEU4vI,8,,correct,
I93EMGZEU4vI,9,,correct,
I93EMGZEU4vI,10,,correct,
I93EMGZEU4vI,11,,correct,
I93EMGZEU4vI,12,,correct,
I93EMGZEU4vI,13,,correct,
I93EMGZEU4vI,14,,correct,
I93EMGZEU4vI,15,,correct,
I93EMGZEU4vI,16,,correct,
I93EMGZEU4vI,17,,correct,
I93EMGZEU4vI,18,,incorrect,
I93EMGZEU4vI,19,,correct,
I93EMGZEU4vI,20,,incorrect,
I93EMGZEU4vI,21,,incorrect,
I93EMGZEU4vI,22,,correct,
I93EMGZEU4vI,23,,correct,
I93EMGZEU4vI,24,,incorrect,
I93EMGZEU4vI,25,,incorrect,
I93EMGZEU4vI,26,,correct,
I93EMGZEU4vI,27,,correct,
I93EMGZEU4vI,28,,correct,
I93EMGZEU4vI,29,,correct,
I93EMGZEU4vI,30,,correct,
e35NZ2cItyz9,1,,incorrect,
e35NZ2cItyz9,2,,correct,
e35NZ2cItyz9,3,,correct,
e35NZ2cItyz9,4,,correct,
e35NZ2cItyz9,5,,correct,
e35NZ2cItyz9,6,,correct,
e35NZ2cItyz9,7,,correct,
e35NZ2cItyz9,8,,correct,
e35NZ2cItyz9,9,,correct,
e35NZ2cItyz9,10,,correct,
e35NZ2cItyz9,11,,correct,
e35NZ2cItyz9,12,,correct,
e35NZ2cItyz9,13,,correct,
e35NZ2cItyz9,14,,correct,
e35NZ2cItyz9,15,,correct,
e35NZ2cItyz9,16,,incorrect,
e35NZ2cItyz9,17,,correct,
e35NZ2cItyz9,18,,incorrect,
e35NZ2cItyz9,19,,correct,
e35NZ2cItyz9,20,,incorrect,
e35NZ2cItyz9,21,,incorrect,
e35NZ2cItyz9,22,,correct,
e35NZ2cItyz9,23,,correct,
e35NZ2cItyz9,24,,incorrect,
e35NZ2cItyz9,25,,incorrect,
e35NZ2cItyz9,26,,correct,
e35NZ2cItyz9,27,,correct,
e35NZ2cItyz9,28,,correct,
e35NZ2cItyz9,29,,correct,
e35NZ2cItyz9,30,,correct,
pS17HUA271Nx,1,,incorrect,
pS17HUA271Nx,2,,correct,
pS17HUA271Nx,3,,correct,
pS17HUA271Nx,4,,correct,
pS17HUA271Nx,5,,correct,
pS17HUA271Nx,6,,incorrect,
pS17HUA271Nx,7,,correct,
pS17HUA271Nx,8,,correct,
pS17HUA271Nx,9,,correct,
pS17HUA271Nx,10,,correct,
pS17HUA271Nx,11,,correct,
pS17HUA271Nx,12,,correct,
pS17HUA271Nx,13,,correct,
pS17HUA271Nx,14,,correct,
pS17HUA271Nx,15,,incorrect,
pS17HUA271Nx,16,,correct,
pS17HUA271Nx,17,,correct,
pS17HUA271Nx,18,,incorrect,
pS17HUA271Nx,19,,correct,
pS17HUA271Nx,20,,incorrect,
pS17HUA271Nx,21,,incorrect,
pS17HUA271Nx,22,,correct,
pS17HUA271Nx,23,,incorrect,
pS17HUA271Nx,24,,correct,
pS17HUA271Nx,25,,incorrect,
pS17HUA271Nx,26,,incorrect,
pS17HUA271Nx,27,,correct,
pS17HUA271Nx,28,,incorrect,
pS17HUA271Nx,29,,correct,
pS17HUA271Nx,30,,correct,
7VLP2mvnxjRS,1,,correct,
7VLP2mvnxjRS,2,,correct,
7VLP2mvnxjRS,3,,correct,
7VLP2mvnxjRS,4,,correct,
7VLP2mvnxjRS,5,,correct,
7VLP2mvnxjRS,6,,incorrect,
7VLP2mvnxjRS,7,,correct,
7VLP2mvnxjRS,8,,correct,
7VLP2mvnxjRS,9,,correct,
7VLP2mvnxjRS,10,,correct,
7VLP2mvnxjRS,11,,correct,
7VLP2mvnxjRS,12,,correct,
7VLP2mvnxjRS,13,,correct,
7VLP2mvnxjRS,14,,correct,
7VLP2mvnxjRS,15,,correct,
7VLP2mvnxjRS,16,,incorrect,
7VLP2mvnxjRS,17,,correct,
7VLP2mvnxjRS,18,,incorrect,
7VLP2mvnxjRS,19,,correct,
7VLP2mvnxjRS,20,,incorrect,
7VLP2mvnxjRS,21,,incorrect,
7VLP2mvnxjRS,22,,correct,
7VLP2mvnxjRS,23,,incorrect,
7VLP2mvnxjRS,24,,correct,
7VLP2mvnxjRS,25,,incorrect,
7VLP2mvnxjRS,26,,incorrect,
7VLP2mvnxjRS,27,,correct,
7VLP2mvnxjRS,28,,correct,
7VLP2mvnxjRS,29,,correct,
7VLP2mvnxjRS,30,,correct,
BSLGp0wdoAqj,1,,incorrect,
BSLGp0wdoAqj,2,,correct,
BSLGp0wdoAqj,3,,correct,
BSLGp0wdoAqj,4,,correct,
BSLGp0wdoAqj,5,,incorrect,
BSLGp0wdoAqj,6,,correct,
BSLGp0wdoAqj,7,,correct,
BSLGp0wdoAqj,8,,correct,
BSLGp0wdoAqj,9,,correct,
BSLGp0wdoAqj,10,,correct,
BSLGp0wdoAqj,11,,correct,
BSLGp0wdoAqj,12,,correct,
BSLGp0wdoAqj,13,,correct,
BSLGp0wdoAqj,14,,incorrect,
BSLGp0wdoAqj,15,,correct,
BSLGp0wdoAqj,16,,correct,
BSLGp0wdoAqj,17,,correct,
BSLGp0wdoAqj,18,,correct,
BSLGp0wdoAqj,19,,correct,
BSLGp0wdoAqj,20,,incorrect,
BSLGp0wdoAqj,21,,incorrect,
BSLGp0wdoAqj,22,,correct,
BSLGp0wdoAqj,23,,incorrect,
BSLGp0wdoAqj,24,,incorrect,
BSLGp0wdoAqj,25,,correct,
BSLGp0wdoAqj,26,,incorrect,
BSLGp0wdoAqj,27,,correct,
BSLGp0wdoAqj,28,,correct,
BSLGp0wdoAqj,29,,correct,
BSLGp0wdoAqj,30,,correct,
iZblYCxqwouC,1,,incorrect,
iZblYCxqwouC,2,,correct,
iZblYCxqwouC,3,,correct,
iZblYCxqwouC,4,,correct,
iZblYCxqwouC,5,,incorrect,
iZblYCxqwouC,6,,correct,
iZblYCxqwouC,7,,correct,
iZblYCxqwouC,8,,correct,
iZblYCxqwouC,9,,correct,
iZblYCxqwouC,10,,correct,
iZblYCxqwouC,11,,correct,
iZblYCxqwouC,12,,correct,
iZblYCxqwouC,13,,correct,
iZblYCxqwouC,14,,correct,
iZblYCxqwouC,15,,incorrect,
iZblYCxqwouC,16,,correct,
iZblYCxqwouC,17,,correct,
iZblYCxqwouC,18,,incorrect,
iZblYCxqwouC,19,,correct,
iZblYCxqwouC,20,,incorrect,
iZblYCxqwouC,21,,incorrect,
iZblYCxqwouC,22,,correct,
iZblYCxqwouC,23,,incorrect,
iZblYCxqwouC,24,,incorrect,
iZblYCxqwouC,25,,correct,
iZblYCxqwouC,26,,incorrect,
iZblYCxqwouC,27,,correct,
iZblYCxqwouC,28,,incorrect,
iZblYCxqwouC,29,,correct,
iZblYCxqwouC,30,,correct,
m7l9wOWJlnvS,1,,correct,
m7l9wOWJlnvS,2,,incorrect,
m7l9wOWJlnvS,3,,correct,
m7l9wOWJlnvS,4,,correct,
m7l9wOWJlnvS,5,,correct,
m7l9wOWJlnvS,6,,correct,
m7l9wOWJlnvS,7,,correct,
m7l9wOWJlnvS,8,,correct,
m7l9wOWJlnvS,9,,correct,
m7l9wOWJlnvS,10,,correct,
m7l9wOWJlnvS,11,,correct,
m7l9wOWJlnvS,12,,correct,
m7l9wOWJlnvS,13,,correct,
m7l9wOWJlnvS,14,,incorrect,
m7l9wOWJlnvS,15,,correct,
m7l9wOWJlnvS,16,,correct,
m7l9wOWJlnvS,17,,incorrect,
m7l9wOWJlnvS,18,,incorrect,
m7l9wOWJlnvS,19,,correct,
m7l9wOWJlnvS,20,,incorrect,
m7l9wOWJlnvS,21,,incorrect,
m7l9wOWJlnvS,22,,correct,
m7l9wOWJlnvS,23,,incorrect,
m7l9wOWJlnvS,24,,incorrect,
m7l9wOWJlnvS,25,,incorrect,
m7l9wOWJlnvS,26,,incorrect,
m7l9wOWJlnvS,27,,correct,
m7l9wOWJlnvS,28,,correct,
m7l9wOWJlnvS,29,,correct,
m7l9wOWJlnvS,30,,correct,
CprL2LITeTET,1,,correct,
CprL2LITeTET,2,,incorrect,
CprL2LITeTET,3,,correct,
CprL2LITeTET,4,,correct,
CprL2LITeTET,5,,correct,
CprL2LITeTET,6,,correct,
CprL2LITeTET,7,,correct,
CprL2LITeTET,8,,correct,
CprL2LITeTET,9,,correct,
CprL2LITeTET,10,,correct,
CprL2LITeTET,11,,correct,
CprL2LITeTET,12,,correct,
CprL2LITeTET,13,,correct,
CprL2LITeTET,14,,incorrect,
CprL2LITeTET,15,,correct,
CprL2LITeTET,16,,correct,
CprL2LITeTET,17,,incorrect,
CprL2LITeTET,18,,incorrect,
CprL2LITeTET,19,,correct,
CprL2LITeTET,20,,incorrect,
CprL2LITeTET,21,,incorrect,
CprL2LITeTET,22,,correct,
CprL2LITeTET,23,,incorrect,
CprL2LITeTET,24,,incorrect,
CprL2LITeTET,25,,correct,
CprL2LITeTET,26,,incorrect,
CprL2LITeTET,27,,correct,
CprL2LITeTET,28,,correct,
CprL2LITeTET,29,,correct,
CprL2LITeTET,30,,correct,
bUBpyoQOQ4Ov,1,,incorrect,
bUBpyoQOQ4Ov,2,,correct,
bUBpyoQOQ4Ov,3,,correct,
bUBpyoQOQ4Ov,4,,correct,
bUBpyoQOQ4Ov,5,,correct,
bUBpyoQOQ4Ov,6,,incorrect,
bUBpyoQOQ4Ov,7,,correct,
bUBpyoQOQ4Ov,8,,correct,
bUBpyoQOQ4Ov,9,,correct,
bUBpyoQOQ4Ov,10,,correct,
bUBpyoQOQ4Ov,11,,correct,
bUBpyoQOQ4Ov,12,,correct,
bUBpyoQOQ4Ov,13,,correct,
bUBpyoQOQ4Ov,14,,correct,
bUBpyoQOQ4Ov,15,,incorrect,
bUBpyoQOQ4Ov,16,,correct,
bUBpyoQOQ4Ov,17,,correct,
bUBpyoQOQ4Ov,18,,incorrect,
bUBpyoQOQ4Ov,19,,correct,
bUBpyoQOQ4Ov,20,,incorrect,
bUBpyoQOQ4Ov,21,,incorrect,
bUBpyoQOQ4Ov,22,,correct,
bUBpyoQOQ4Ov,23,,incorrect,
bUBpyoQOQ4Ov,24,,incorrect,
bUBpyoQOQ4Ov,25,,incorrect,
bUBpyoQOQ4Ov,26,,incorrect,
bUBpyoQOQ4Ov,27,,correct,
bUBpyoQOQ4Ov,28,,incorrect,
bUBpyoQOQ4Ov,29,,correct,
bUBpyoQOQ4Ov,30,,correct,
YA6aMV1xcGv9,1,,incorrect,
YA6aMV1xcGv9,2,,correct,
YA6aMV1xcGv9,3,,correct,
YA6aMV1xcGv9,4,,correct,
YA6aMV1xcGv9,5,,correct,
YA6aMV1xcGv9,6,,correct,
YA6aMV1xcGv9,7,,correct,
YA6aMV1xcGv9,8,,correct,
YA6aMV1xcGv9,9,,correct,
YA6aMV1xcGv9,10,,correct,
YA6aMV1xcGv9,11,,correct,
YA6aMV1xcGv9,12,,correct,
YA6aMV1xcGv9,13,,correct,
YA6aMV1xcGv9,14,,incorrect,
YA6aMV1xcGv9,15,,correct,
YA6aMV1xcGv9,16,,correct,
YA6aMV1xcGv9,17,,correct,
YA6aMV1xcGv9,18,,correct,
YA6aMV1xcGv9,19,,correct,
YA6aMV1xcGv9,20,,incorrect,
YA6aMV1xcGv9,21,,incorrect,
YA6aMV1xcGv9,22,,correct,
YA6aMV1xcGv9,23,,incorrect,
YA6aMV1xcGv9,24,,correct,
YA6aMV1xcGv9,25,,correct,
YA6aMV1xcGv9,26,,incorrect,
YA6aMV1xcGv9,27,,correct,
YA6aMV1xcGv9,28,,correct,
YA6aMV1xcGv9,29,,correct,
YA6aMV1xcGv9,30,,correct,
xPRdKA5UBNGM,1,,incorrect,
xPRdKA5UBNGM,2,,correct,
xPRdKA5UBNGM,3,,correct,
xPRdKA5UBNGM,4,,correct,
xPRdKA5UBNGM,5,,correct,
xPRdKA5UBNGM,6,,correct,
xPRdKA5UBNGM,7,,incorrect,
xPRdKA5UBNGM,8,,correct,
xPRdKA5UBNGM,9,,correct,
xPRdKA5UBNGM,10,,correct,
xPRdKA5UBNGM,11,,correct,
xPRdKA5UBNGM,12,,correct,
xPRdKA5UBNGM,13,,correct,
xPRdKA5UBNGM,14,,correct,
xPRdKA5UBNGM,15,,correct,
xPRdKA5UBNGM,16,,correct,
xPRdKA5UBNGM,17,,correct,
xPRdKA5UBNGM,18,,incorrect,
xPRdKA5UBNGM,19,,correct,
xPRdKA5UBNGM,20,,incorrect,
xPRdKA5UBNGM,21,,incorrect,
xPRdKA5UBNGM,22,,correct,
xPRdKA5UBNGM,23,,correct,
xPRdKA5UBNGM,24,,incorrect,
xPRdKA5UBNGM,25,,incorrect,
xPRdKA5UBNGM,26,,correct,
xPRdKA5UBNGM,27,,correct,
xPRdKA5UBNGM,28,,correct,
xPRdKA5UBNGM,29,,correct,
xPRdKA5UBNGM,30,,correct,
vqNkppoZuHFA,1,,incorrect,
vqNkppoZuHFA,2,,correct,
vqNkppoZuHFA,3,,correct,
vqNkppoZuHFA,4,,correct,
vqNkppoZuHFA,5,,incorrect,
vqNkppoZuHFA,6,,incorrect,
vqNkppoZuHFA,7,,correct,
vqNkppoZuHFA,8,,correct,
vqNkppoZuHFA,9,,correct,
vqNkppoZuHFA,10,,correct,
vqNkppoZuHFA,11,,correct,
vqNkppoZuHFA,12,,correct,
vqNkppoZuHFA,13,,correct,
vqNkppoZuHFA,14,,correct,
vqNkppoZuHFA,15,,incorrect,
vqNkppoZuHFA,16,,correct,
vqNkppoZuHFA,17,,correct,
vqNkppoZuHFA,18,,incorrect,
vqNkppoZuHFA,19,,correct,
vqNkppoZuHFA,20,,incorrect,
vqNkppoZuHFA,21,,incorrect,
vqNkppoZuHFA,22,,correct,
vqNkppoZuHFA,23,,incorrect,
vqNkppoZuHFA,24,,incorrect,
vqNkppoZuHFA,25,,incorrect,
vqNkppoZuHFA,26,,incorrect,
vqNkppoZuHFA,27,,correct,
vqNkppoZuHFA,28,,correct,
vqNkppoZuHFA,29,,correct,
vqNkppoZuHFA,30,,correct,
hpYESXQ1czwb,1,,incorrect,
hpYESXQ1czwb,2,,correct,
hpYESXQ1czwb,3,,correct,
hpYESXQ1czwb,4,,correct,
hpYESXQ1czwb,5,,incorrect,
hpYESXQ1czwb,6,,incorrect,
hpYESXQ1czwb,7,,correct,
hpYESXQ1czwb,8,,correct,
hpYESXQ1czwb,9,,correct,
hpYESXQ1czwb,10,,correct,
hpYESXQ1czwb,11,,correct,
hpYESXQ1czwb,12,,correct,
hpYESXQ1czwb,13,,correct,
hpYESXQ1czwb,14,,correct,
hpYESXQ1czwb,15,,incorrect,
hpYESXQ1czwb,16,,correct,
hpYESXQ1czwb,17,,correct,
hpYESXQ1czwb,18,,incorrect,
hpYESXQ1czwb,19,,correct,
hpYESXQ1czwb,20,,incorrect,
hpYESXQ1czwb,21,,incorrect,
hpYESXQ1czwb,22,,correct,
hpYESXQ1czwb,23,,incorrect,
hpYESXQ1czwb,24,,incorrect,
hpYESXQ1czwb,25,,incorrect,
hpYESXQ1czwb,26,,correct,
hpYESXQ1czwb,27,,correct,
hpYESXQ1czwb,28,,correct,
hpYESXQ1czwb,29,,correct,
hpYESXQ1czwb,30,,correct,
8JOElN1piVew,1,,incorrect,
8JOElN1piVew,2,,correct,
8JOElN1piVew,3,,correct,
8JOElN1piVew,4,,correct,
8JOElN1piVew,5,,correct,
8JOElN1piVew,6,,correct,
8JOElN1piVew,7,,correct,
8JOElN1piVew,8,,correct,
8JOElN1piVew,9,,correct,
8JOElN1piVew,10,,correct,
8JOElN1piVew,11,,correct,
8JOElN1piVew,12,,correct,
8JOElN1piVew,13,,correct,
8JOElN1piVew,14,,incorrect,
8JOElN1piVew,15,,incorrect,
8JOElN1piVew,16,,correct,
8JOElN1piVew,17,,correct,
8JOElN1piVew,18,,incorrect,
8JOElN1piVew,19,,correct,
8JOElN1piVew,20,,incorrect,
8JOElN1piVew,21,,incorrect,
8JOElN1piVew,22,,correct,
8JOElN1piVew,23,,incorrect,
8JOElN1piVew,24,,incorrect,
8JOElN1piVew,25,,correct,
8JOElN1piVew,26,,incorrect,
8JOElN1piVew,27,,correct,
8JOElN1piVew,28,,correct,
8JOElN1piVew,29,,correct,
8JOElN1piVew,30,,correct,
y9lkze6lHiAa,1,,incorrect,
y9lkze6lHiAa,2,,correct,
y9lkze6lHiAa,3,,correct,
y9lkze6lHiAa,4,,correct,
y9lkze6lHiAa,5,,incorrect,
y9lkze6lHiAa,6,,incorrect,
y9lkze6lHiAa,7,,incorrect,
y9lkze6lHiAa,8,,correct,
y9lkze6lHiAa,9,,incorrect,
y9lkze6lHiAa,10,,correct,
y9lkze6lHiAa,11,,correct,
y9lkze6lHiAa,12,,correct,
y9lkze6lHiAa,13,,correct,
y9lkze6lHiAa,14,,incorrect,
y9lkze6lHiAa,15,,incorrect,
y9lkze6lHiAa,16,,incorrect,
y9lkze6lHiAa,17,,incorrect,
y9lkze6lHiAa,18,,incorrect,
y9lkze6lHiAa,19,,incorrect,
y9lkze6lHiAa,20,,incorrect,
y9lkze6lHiAa,21,,incorrect,
y9lkze6lHiAa,22,,correct,
y9lkze6lHiAa,23,,incorrect,
y9lkze6lHiAa,24,,incorrect,
y9lkze6lHiAa,25,,incorrect,
y9lkze6lHiAa,26,,incorrect,
y9lkze6lHiAa,27,,incorrect,
y9lkze6lHiAa,28,,correct,
y9lkze6lHiAa,29,,correct,
y9lkze6lHiAa,30,,correct,
cn7NB6JfQDTq,1,,correct,
cn7NB6JfQDTq,2,,correct,
cn7NB6JfQDTq,3,,correct,
cn7NB6JfQDTq,4,,incorrect,
cn7NB6JfQDTq,5,,incorrect,
cn7NB6JfQDTq,6,,correct,
cn7NB6JfQDTq,7,,incorrect,
cn7NB6JfQDTq,8,,correct,
cn7NB6JfQDTq,9,,correct,
cn7NB6JfQDTq,10,,correct,
cn7NB6JfQDTq,11,,correct,
cn7NB6JfQDTq,12,,correct,
cn7NB6JfQDTq,13,,correct,
cn7NB6JfQDTq,14,,incorrect,
cn7NB6JfQDTq,15,,incorrect,
cn7NB6JfQDTq,16,,correct,
cn7NB6JfQDTq,17,,correct,
cn7NB6JfQDTq,18,,incorrect,
cn7NB6JfQDTq,19,,correct,
cn7NB6JfQDTq,20,,incorrect,
cn7NB6JfQDTq,21,,incorrect,
cn7NB6JfQDTq,22,,correct,
cn7NB6JfQDTq,23,,correct,
cn7NB6JfQDTq,24,,incorrect,
cn7NB6JfQDTq,25,,correct,
cn7NB6JfQDTq,26,,incorrect,
cn7NB6JfQDTq,27,,correct,
cn7NB6JfQDTq,28,,correct,
cn7NB6JfQDTq,29,,correct,
cn7NB6JfQDTq,30,,correct,
AwYMPKmPfMTD,1,,incorrect,
AwYMPKmPfMTD,2,,correct,
AwYMPKmPfMTD,3,,correct,
AwYMPKmPfMTD,4,,correct,
AwYMPKmPfMTD,5,,incorrect,
AwYMPKmPfMTD,6,,correct,
AwYMPKmPfMTD,7,,correct,
AwYMPKmPfMTD,8,,correct,
AwYMPKmPfMTD,9,,correct,
AwYMPKmPfMTD,10,,correct,
AwYMPKmPfMTD,11,,correct,
AwYMPKmPfMTD,12,,correct,
AwYMPKmPfMTD,13,,correct,
AwYMPKmPfMTD,14,,incorrect,
AwYMPKmPfMTD,15,,correct,
AwYMPKmPfMTD,16,,correct,
AwYMPKmPfMTD,17,,incorrect,
AwYMPKmPfMTD,18,,incorrect,
AwYMPKmPfMTD,19,,correct,
AwYMPKmPfMTD,20,,incorrect,
AwYMPKmPfMTD,21,,incorrect,
AwYMPKmPfMTD,22,,correct,
AwYMPKmPfMTD,23,,incorrect,
AwYMPKmPfMTD,24,,incorrect,
AwYMPKmPfMTD,25,,correct,
AwYMPKmPfMTD,26,,incorrect,
AwYMPKmPfMTD,27,,correct,
AwYMPKmPfMTD,28,,correct,
AwYMPKmPfMTD,29,,correct,
AwYMPKmPfMTD,30,,correct,
wlfxRfJtBw5L,1,,incorrect,
wlfxRfJtBw5L,2,,correct,
wlfxRfJtBw5L,3,,correct,
wlfxRfJtBw5L,4,,correct,
wlfxRfJtBw5L,5,,incorrect,
wlfxRfJtBw5L,6,,correct,
wlfxRfJtBw5L,7,,incorrect,
wlfxRfJtBw5L,8,,correct,
wlfxRfJtBw5L,9,,correct,
wlfxRfJtBw5L,10,,correct,
wlfxRfJtBw5L,11,,correct,
wlfxRfJtBw5L,12,,correct,
wlfxRfJtBw5L,13,,correct,
wlfxRfJtBw5L,14,,incorrect,
wlfxRfJtBw5L,15,,incorrect,
wlfxRfJtBw5L,16,,correct,
wlfxRfJtBw5L,17,,correct,
wlfxRfJtBw5L,18,,incorrect,
wlfxRfJtBw5L,19,,correct,
wlfxRfJtBw5L,20,,incorrect,
wlfxRfJtBw5L,21,,incorrect,
wlfxRfJtBw5L,22,,correct,
wlfxRfJtBw5L,23,,incorrect,
wlfxRfJtBw5L,24,,incorrect,
wlfxRfJtBw5L,25,,correct,
wlfxRfJtBw5L,26,,incorrect,
wlfxRfJtBw5L,27,,correct,
wlfxRfJtBw5L,28,,correct,
wlfxRfJtBw5L,29,,correct,
wlfxRfJtBw5L,30,,correct,
wLeCyVvKyFT8,1,,incorrect,
wLeCyVvKyFT8,2,,correct,
wLeCyVvKyFT8,3,,correct,
wLeCyVvKyFT8,4,,correct,
wLeCyVvKyFT8,5,,correct,
wLeCyVvKyFT8,6,,correct,
wLeCyVvKyFT8,7,,correct,
wLeCyVvKyFT8,8,,correct,
wLeCyVvKyFT8,9,,correct,
wLeCyVvKyFT8,10,,correct,
wLeCyVvKyFT8,11,,correct,
wLeCyVvKyFT8,12,,correct,
wLeCyVvKyFT8,13,,correct,
wLeCyVvKyFT8,14,,incorrect,
wLeCyVvKyFT8,15,,incorrect,
wLeCyVvKyFT8,16,,incorrect,
wLeCyVvKyFT8,17,,correct,
wLeCyVvKyFT8,18,,incorrect,
wLeCyVvKyFT8,19,,correct,
wLeCyVvKyFT8,20,,incorrect,
wLeCyVvKyFT8,21,,incorrect,
wLeCyVvKyFT8,22,,correct,
wLeCyVvKyFT8,23,,incorrect,
wLeCyVvKyFT8,24,,incorrect,
wLeCyVvKyFT8,25,,incorrect,
wLeCyVvKyFT8,26,,correct,
wLeCyVvKyFT8,27,,correct,
wLeCyVvKyFT8,28,,incorrect,
wLeCyVvKyFT8,29,,correct,
wLeCyVvKyFT8,30,,correct,
QJyEL3O7YA2f,1,,incorrect,
QJyEL3O7YA2f,2,,correct,
QJyEL3O7YA2f,3,,correct,
QJyEL3O7YA2f,4,,correct,
QJyEL3O7YA2f,5,,correct,
QJyEL3O7YA2f,6,,correct,
QJyEL3O7YA2f,7,,incorrect,
QJyEL3O7YA2f,8,,correct,
QJyEL3O7YA2f,9,,incorrect,
QJyEL3O7YA2f,10,,correct,
QJyEL3O7YA2f,11,,correct,
QJyEL3O7YA2f,12,,correct,
QJyEL3O7YA2f,13,,correct,
QJyEL3O7YA2f,14,,incorrect,
QJyEL3O7YA2f,15,,incorrect,
QJyEL3O7YA2f,16,,correct,
QJyEL3O7YA2f,17,,correct,
QJyEL3O7YA2f,18,,incorrect,
QJyEL3O7YA2f,19,,correct,
QJyEL3O7YA2f,20,,incorrect,
QJyEL3O7YA2f,21,,incorrect,
QJyEL3O7YA2f,22,,correct,
QJyEL3O7YA2f,23,,correct,
QJyEL3O7YA2f,24,,incorrect,
QJyEL3O7YA2f,25,,incorrect,
QJyEL3O7YA2f,26,,correct,
QJyEL3O7YA2f,27,,correct,
QJyEL3O7YA2f,28,,correct,
QJyEL3O7YA2f,29,,correct,
QJyEL3O7YA2f,30,,correct,
xOKhxIy4WoKi,1,,correct,
xOKhxIy4WoKi,2,,correct,
xOKhxIy4WoKi,3,,correct,
xOKhxIy4WoKi,4,,correct,
xOKhxIy4WoKi,5,,correct,
xOKhxIy4WoKi,6,,correct,
xOKhxIy4WoKi,7,,correct,
xOKhxIy4WoKi,8,,correct,
xOKhxIy4WoKi,9,,correct,
xOKhxIy4WoKi,10,,correct,
xOKhxIy4WoKi,11,,correct,
xOKhxIy4WoKi,12,,correct,
xOKhxIy4WoKi,13,,correct,
xOKhxIy4WoKi,14,,correct,
xOKhxIy4WoKi,15,,correct,
xOKhxIy4WoKi,16,,correct,
xOKhxIy4WoKi,17,,correct,
xOKhxIy4WoKi,18,,incorrect,
xOKhxIy4WoKi,19,,correct,
xOKhxIy4WoKi,20,,incorrect,
xOKhxIy4WoKi,21,,incorrect,
xOKhxIy4WoKi,22,,correct,
xOKhxIy4WoKi,23,,incorrect,
xOKhxIy4WoKi,24,,incorrect,
xOKhxIy4WoKi,25,,correct,
xOKhxIy4WoKi,26,,incorrect,
xOKhxIy4WoKi,27,,correct,
xOKhxIy4WoKi,28,,correct,
xOKhxIy4WoKi,29,,correct,
xOKhxIy4WoKi,30,,correct,
nojDz9QSjRLy,1,,incorrect,
nojDz9QSjRLy,2,,correct,
nojDz9QSjRLy,3,,correct,
nojDz9QSjRLy,4,,correct,
nojDz9QSjRLy,5,,incorrect,
nojDz9QSjRLy,6,,correct,
nojDz9QSjRLy,7,,correct,
nojDz9QSjRLy,8,,correct,
nojDz9QSjRLy,9,,correct,
nojDz9QSjRLy,10,,correct,
nojDz9QSjRLy,11,,correct,
nojDz9QSjRLy,12,,correct,
nojDz9QSjRLy,13,,correct,
nojDz9QSjRLy,14,,incorrect,
nojDz9QSjRLy,15,,incorrect,
nojDz9QSjRLy,16,,incorrect,
nojDz9QSjRLy,17,,incorrect,
nojDz9QSjRLy,18,,incorrect,
nojDz9QSjRLy,19,,correct,
nojDz9QSjRLy,20,,incorrect,
nojDz9QSjRLy,21,,incorrect,
nojDz9QSjRLy,22,,correct,
nojDz9QSjRLy,23,,correct,
nojDz9QSjRLy,24,,correct,
nojDz9QSjRLy,25,,incorrect,
nojDz9QSjRLy,26,,incorrect,
nojDz9QSjRLy,27,,correct,
nojDz9QSjRLy,28,,correct,
nojDz9QSjRLy,29,,correct,
nojDz9QSjRLy,30,,correct,
GiEhMndZmOa5,1,,correct,
GiEhMndZmOa5,2,,correct,
GiEhMndZmOa5,3,,correct,
GiEhMndZmOa5,4,,correct,
GiEhMndZmOa5,5,,correct,
GiEhMndZmOa5,6,,correct,
GiEhMndZmOa5,7,,correct,
GiEhMndZmOa5,8,,correct,
GiEhMndZmOa5,9,,incorrect,
GiEhMndZmOa5,10,,correct,
GiEhMndZmOa5,11,,correct,
GiEhMndZmOa5,12,,incorrect,
GiEhMndZmOa5,13,,correct,
GiEhMndZmOa5,14,,incorrect,
GiEhMndZmOa5,15,,incorrect,
GiEhMndZmOa5,16,,incorrect,
GiEhMndZmOa5,17,,incorrect,
GiEhMndZmOa5,18,,incorrect,
GiEhMndZmOa5,19,,correct,
GiEhMndZmOa5,20,,incorrect,
GiEhMndZmOa5,21,,incorrect,
GiEhMndZmOa5,22,,correct,
GiEhMndZmOa5,23,,incorrect,
GiEhMndZmOa5,24,,incorrect,
GiEhMndZmOa5,25,,incorrect,
GiEhMndZmOa5,26,,incorrect,
GiEhMndZmOa5,27,,correct,
GiEhMndZmOa5,28,,correct,
GiEhMndZmOa5,29,,correct,
GiEhMndZmOa5,30,,correct,
oF1pjrJTOBWB,1,,incorrect,
oF1pjrJTOBWB,2,,correct,
oF1pjrJTOBWB,3,,correct,
oF1pjrJTOBWB,4,,correct,
oF1pjrJTOBWB,5,,correct,
oF1pjrJTOBWB,6,,correct,
oF1pjrJTOBWB,7,,correct,
oF1pjrJTOBWB,8,,correct,
oF1pjrJTOBWB,9,,correct,
oF1pjrJTOBWB,10,,correct,
oF1pjrJTOBWB,11,,correct,
oF1pjrJTOBWB,12,,correct,
oF1pjrJTOBWB,13,,correct,
oF1pjrJTOBWB,14,,incorrect,
oF1pjrJTOBWB,15,,incorrect,
oF1pjrJTOBWB,16,,incorrect,
oF1pjrJTOBWB,17,,incorrect,
oF1pjrJTOBWB,18,,incorrect,
oF1pjrJTOBWB,19,,correct,
oF1pjrJTOBWB,20,,incorrect,
oF1pjrJTOBWB,21,,incorrect,
oF1pjrJTOBWB,22,,correct,
oF1pjrJTOBWB,23,,incorrect,
oF1pjrJTOBWB,24,,incorrect,
oF1pjrJTOBWB,25,,incorrect,
oF1pjrJTOBWB,26,,incorrect,
oF1pjrJTOBWB,27,,correct,
oF1pjrJTOBWB,28,,incorrect,
oF1pjrJTOBWB,29,,correct,
oF1pjrJTOBWB,30,,correct,
VgoqnXYkjUhL,1,,incorrect,
VgoqnXYkjUhL,2,,correct,
VgoqnXYkjUhL,3,,correct,
VgoqnXYkjUhL,4,,correct,
VgoqnXYkjUhL,5,,correct,
VgoqnXYkjUhL,6,,incorrect,
VgoqnXYkjUhL,7,,correct,
VgoqnXYkjUhL,8,,correct,
VgoqnXYkjUhL,9,,correct,
VgoqnXYkjUhL,10,,correct,
VgoqnXYkjUhL,11,,correct,
VgoqnXYkjUhL,12,,correct,
VgoqnXYkjUhL,13,,correct,
VgoqnXYkjUhL,14,,incorrect,
VgoqnXYkjUhL,15,,correct,
VgoqnXYkjUhL,16,,correct,
VgoqnXYkjUhL,17,,correct,
VgoqnXYkjUhL,18,,incorrect,
VgoqnXYkjUhL,19,,correct,
VgoqnXYkjUhL,20,,incorrect,
VgoqnXYkjUhL,21,,incorrect,
VgoqnXYkjUhL,22,,correct,
VgoqnXYkjUhL,23,,incorrect,
VgoqnXYkjUhL,24,,correct,
VgoqnXYkjUhL,25,,correct,
VgoqnXYkjUhL,26,,incorrect,
VgoqnXYkjUhL,27,,correct,
VgoqnXYkjUhL,28,,correct,
VgoqnXYkjUhL,29,,correct,
VgoqnXYkjUhL,30,,correct,
Mcvs7l2qNfTq,1,,incorrect,
Mcvs7l2qNfTq,2,,correct,
Mcvs7l2qNfTq,3,,correct,
Mcvs7l2qNfTq,4,,correct,
Mcvs7l2qNfTq,5,,correct,
Mcvs7l2qNfTq,6,,correct,
Mcvs7l2qNfTq,7,,correct,
Mcvs7l2qNfTq,8,,correct,
Mcvs7l2qNfTq,9,,correct,
Mcvs7l2qNfTq,10,,correct,
Mcvs7l2qNfTq,11,,correct,
Mcvs7l2qNfTq,12,,correct,
Mcvs7l2qNfTq,13,,correct,
Mcvs7l2qNfTq,14,,incorrect,
Mcvs7l2qNfTq,15,,incorrect,
Mcvs7l2qNfTq,16,,incorrect,
Mcvs7l2qNfTq,17,,correct,
Mcvs7l2qNfTq,18,,incorrect,
Mcvs7l2qNfTq,19,,correct,
Mcvs7l2qNfTq,20,,incorrect,
Mcvs7l2qNfTq,21,,incorrect,
Mcvs7l2qNfTq,22,,correct,
Mcvs7l2qNfTq,23,,incorrect,
Mcvs7l2qNfTq,24,,incorrect,
Mcvs7l2qNfTq,25,,incorrect,
Mcvs7l2qNfTq,26,,incorrect,
Mcvs7l2qNfTq,27,,correct,
Mcvs7l2qNfTq,28,,incorrect,
Mcvs7l2qNfTq,29,,correct,
Mcvs7l2qNfTq,30,,correct,
vgAkx62M3oPn,1,,correct,
vgAkx62M3oPn,2,,correct,
vgAkx62M3oPn,3,,correct,
vgAkx62M3oPn,4,,correct,
vgAkx62M3oPn,5,,correct,
vgAkx62M3oPn,6,,correct,
vgAkx62M3oPn,7,,correct,
vgAkx62M3oPn,8,,correct,
vgAkx62M3oPn,9,,correct,
vgAkx62M3oPn,10,,correct,
vgAkx62M3oPn,11,,correct,
vgAkx62M3oPn,12,,correct,
vgAkx62M3oPn,13,,correct,
vgAkx62M3oPn,14,,incorrect,
vgAkx62M3oPn,15,,correct,
vgAkx62M3oPn,16,,correct,
vgAkx62M3oPn,17,,incorrect,
vgAkx62M3oPn,18,,incorrect,
vgAkx62M3oPn,19,,correct,
vgAkx62M3oPn,20,,incorrect,
vgAkx62M3oPn,21,,incorrect,
vgAkx62M3oPn,22,,correct,
vgAkx62M3oPn,23,,correct,
vgAkx62M3oPn,24,,incorrect,
vgAkx62M3oPn,25,,incorrect,
vgAkx62M3oPn,26,,incorrect,
vgAkx62M3oPn,27,,correct,
vgAkx62M3oPn,28,,incorrect,
vgAkx62M3oPn,29,,correct,
vgAkx62M3oPn,30,,correct,
9xt9EeOQtcXZ,1,,incorrect,
9xt9EeOQtcXZ,2,,correct,
9xt9EeOQtcXZ,3,,correct,
9xt9EeOQtcXZ,4,,correct,
9xt9EeOQtcXZ,5,,correct,
9xt9EeOQtcXZ,6,,correct,
9xt9EeOQtcXZ,7,,correct,
9xt9EeOQtcXZ,8,,correct,
9xt9EeOQtcXZ,9,,correct,
9xt9EeOQtcXZ,10,,correct,
9xt9EeOQtcXZ,11,,correct,
9xt9EeOQtcXZ,12,,correct,
9xt9EeOQtcXZ,13,,correct,
9xt9EeOQtcXZ,14,,correct,
9xt9EeOQtcXZ,15,,incorrect,
9xt9EeOQtcXZ,16,,incorrect,
9xt9EeOQtcXZ,17,,correct,
9xt9EeOQtcXZ,18,,correct,
9xt9EeOQtcXZ,19,,correct,
9xt9EeOQtcXZ,20,,incorrect,
9xt9EeOQtcXZ,21,,incorrect,
9xt9EeOQtcXZ,22,,correct,
9xt9EeOQtcXZ,23,,incorrect,
9xt9EeOQtcXZ,24,,incorrect,
9xt9EeOQtcXZ,25,,incorrect,
9xt9EeOQtcXZ,26,,incorrect,
9xt9EeOQtcXZ,27,,correct,
9xt9EeOQtcXZ,28,,correct,
9xt9EeOQtcXZ,29,,correct,
9xt9EeOQtcXZ,30,,correct,
GiNOB0aoa84q,1,,incorrect,
GiNOB0aoa84q,2,,correct,
GiNOB0aoa84q,3,,correct,
GiNOB0aoa84q,4,,correct,
GiNOB0aoa84q,5,,incorrect,
GiNOB0aoa84q,6,,correct,
GiNOB0aoa84q,7,,correct,
GiNOB0aoa84q,8,,correct,
GiNOB0aoa84q,9,,correct,
GiNOB0aoa84q,10,,correct,
GiNOB0aoa84q,11,,correct,
GiNOB0aoa84q,12,,correct,
GiNOB0aoa84q,13,,correct,
GiNOB0aoa84q,14,,incorrect,
GiNOB0aoa84q,15,,incorrect,
GiNOB0aoa84q,16,,incorrect,
GiNOB0aoa84q,17,,incorrect,
GiNOB0aoa84q,18,,incorrect,
GiNOB0aoa84q,19,,correct,
GiNOB0aoa84q,20,,incorrect,
GiNOB0aoa84q,21,,incorrect,
GiNOB0aoa84q,22,,correct,
GiNOB0aoa84q,23,,incorrect,
GiNOB0aoa84q,24,,incorrect,
GiNOB0aoa84q,25,,incorrect,
GiNOB0aoa84q,26,,incorrect,
GiNOB0aoa84q,27,,correct,
GiNOB0aoa84q,28,,incorrect,
GiNOB0aoa84q,29,,correct,
GiNOB0aoa84q,30,,correct,
DI3Mqi034afd,1,,incorrect,
DI3Mqi034afd,2,,correct,
DI3Mqi034afd,3,,correct,
DI3Mqi034afd,4,,correct,
DI3Mqi034afd,5,,correct,
DI3Mqi034afd,6,,correct,
DI3Mqi034afd,7,,correct,
DI3Mqi034afd,8,,correct,
DI3Mqi034afd,9,,correct,
DI3Mqi034afd,10,,correct,
DI3Mqi034afd,11,,correct,
DI3Mqi034afd,12,,correct,
DI3Mqi034afd,13,,correct,
DI3Mqi034afd,14,,correct,
DI3Mqi034afd,15,,correct,
DI3Mqi034afd,16,,correct,
DI3Mqi034afd,17,,correct,
DI3Mqi034afd,18,,incorrect,
DI3Mqi034afd,19,,correct,
DI3Mqi034afd,20,,incorrect,
DI3Mqi034afd,21,,incorrect,
DI3Mqi034afd,22,,correct,
DI3Mqi034afd,23,,correct,
DI3Mqi034afd,24,,incorrect,
DI3Mqi034afd,25,,correct,
DI3Mqi034afd,26,,correct,
DI3Mqi034afd,27,,correct,
DI3Mqi034afd,28,,correct,
DI3Mqi034afd,29,,correct,
DI3Mqi034afd,30,,correct,
Mr0bz3y2IHmW,1,,incorrect,
Mr0bz3y2IHmW,2,,correct,
Mr0bz3y2IHmW,3,,correct,
Mr0bz3y2IHmW,4,,correct,
Mr0bz3y2IHmW,5,,incorrect,
Mr0bz3y2IHmW,6,,correct,
Mr0bz3y2IHmW,7,,correct,
Mr0bz3y2IHmW,8,,correct,
Mr0bz3y2IHmW,9,,correct,
Mr0bz3y2IHmW,10,,correct,
Mr0bz3y2IHmW,11,,correct,
Mr0bz3y2IHmW,12,,correct,
Mr0bz3y2IHmW,13,,correct,
Mr0bz3y2IHmW,14,,incorrect,
Mr0bz3y2IHmW,15,,incorrect,
Mr0bz3y2IHmW,16,,incorrect,
Mr0bz3y2IHmW,17,,incorrect,
Mr0bz3y2IHmW,18,,incorrect,
Mr0bz3y2IHmW,19,,correct,
Mr0bz3y2IHmW,20,,incorrect,
Mr0bz3y2IHmW,21,,incorrect,
Mr0bz3y2IHmW,22,,correct,
Mr0bz3y2IHmW,23,,incorrect,
Mr0bz3y2IHmW,24,,incorrect,
Mr0bz3y2IHmW,25,,incorrect,
Mr0bz3y2IHmW,26,,correct,
Mr0bz3y2IHmW,27,,correct,
Mr0bz3y2IHmW,28,,incorrect,
Mr0bz3y2IHmW,29,,correct,
Mr0bz3y2IHmW,30,,correct,
BJE8NOUNFGYz,1,,incorrect,
BJE8NOUNFGYz,2,,correct,
BJE8NOUNFGYz,3,,correct,
BJE8NOUNFGYz,4,,correct,
BJE8NOUNFGYz,5,,incorrect,
BJE8NOUNFGYz,6,,correct,
BJE8NOUNFGYz,7,,correct,
BJE8NOUNFGYz,8,,correct,
BJE8NOUNFGYz,9,,correct,
BJE8NOUNFGYz,10,,correct,
BJE8NOUNFGYz,11,,correct,
BJE8NOUNFGYz,12,,correct,
BJE8NOUNFGYz,13,,correct,
BJE8NOUNFGYz,14,,incorrect,
BJE8NOUNFGYz,15,,incorrect,
BJE8NOUNFGYz,16,,correct,
BJE8NOUNFGYz,17,,correct,
BJE8NOUNFGYz,18,,incorrect,
BJE8NOUNFGYz,19,,correct,
BJE8NOUNFGYz,20,,incorrect,
BJE8NOUNFGYz,21,,incorrect,
BJE8NOUNFGYz,22,,correct,
BJE8NOUNFGYz,23,,incorrect,
BJE8NOUNFGYz,24,,incorrect,
BJE8NOUNFGYz,25,,incorrect,
BJE8NOUNFGYz,26,,incorrect,
BJE8NOUNFGYz,27,,correct,
BJE8NOUNFGYz,28,,incorrect,
BJE8NOUNFGYz,29,,correct,
BJE8NOUNFGYz,30,,correct,
Oc5QucHDsmjC,1,,incorrect,
Oc5QucHDsmjC,2,,correct,
Oc5QucHDsmjC,3,,correct,
Oc5QucHDsmjC,4,,correct,
Oc5QucHDsmjC,5,,correct,
Oc5QucHDsmjC,6,,correct,
Oc5QucHDsmjC,7,,correct,
Oc5QucHDsmjC,8,,correct,
Oc5QucHDsmjC,9,,correct,
Oc5QucHDsmjC,10,,correct,
Oc5QucHDsmjC,11,,correct,
Oc5QucHDsmjC,12,,correct,
Oc5QucHDsmjC,13,,correct,
Oc5QucHDsmjC,14,,correct,
Oc5QucHDsmjC,15,,correct,
Oc5QucHDsmjC,16,,correct,
Oc5QucHDsmjC,17,,correct,
Oc5QucHDsmjC,18,,incorrect,
Oc5QucHDsmjC,19,,correct,
Oc5QucHDsmjC,20,,correct,
Oc5QucHDsmjC,21,,incorrect,
Oc5QucHDsmjC,22,,correct,
Oc5QucHDsmjC,23,,correct,
Oc5QucHDsmjC,24,,incorrect,
Oc5QucHDsmjC,25,,correct,
Oc5QucHDsmjC,26,,correct,
Oc5QucHDsmjC,27,,correct,
Oc5QucHDsmjC,28,,correct,
Oc5QucHDsmjC,29,,correct,
Oc5QucHDsmjC,30,,correct,
zeQInY6w8eBY,1,,incorrect,
zeQInY6w8eBY,2,,correct,
zeQInY6w8eBY,3,,correct,
zeQInY6w8eBY,4,,correct,
zeQInY6w8eBY,5,,incorrect,
zeQInY6w8eBY,6,,correct,
zeQInY6w8eBY,7,,correct,
zeQInY6w8eBY,8,,correct,
zeQInY6w8eBY,9,,incorrect,
zeQInY6w8eBY,10,,correct,
zeQInY6w8eBY,11,,correct,
zeQInY6w8eBY,12,,correct,
zeQInY6w8eBY,13,,correct,
zeQInY6w8eBY,14,,incorrect,
zeQInY6w8eBY,15,,incorrect,
zeQInY6w8eBY,16,,correct,
zeQInY6w8eBY,17,,incorrect,
zeQInY6w8eBY,18,,incorrect,
zeQInY6w8eBY,19,,correct,
zeQInY6w8eBY,20,,incorrect,
zeQInY6w8eBY,21,,incorrect,
zeQInY6w8eBY,22,,correct,
zeQInY6w8eBY,23,,correct,
zeQInY6w8eBY,24,,incorrect,
zeQInY6w8eBY,25,,incorrect,
zeQInY6w8eBY,26,,correct,
zeQInY6w8eBY,27,,correct,
zeQInY6w8eBY,28,,incorrect,
zeQInY6w8eBY,29,,correct,
zeQInY6w8eBY,30,,correct,
lOuE9tkR89Pk,1,,incorrect,
lOuE9tkR89Pk,2,,correct,
lOuE9tkR89Pk,3,,correct,
lOuE9tkR89Pk,4,,correct,
lOuE9tkR89Pk,5,,incorrect,
lOuE9tkR89Pk,6,,correct,
lOuE9tkR89Pk,7,,incorrect,
lOuE9tkR89Pk,8,,correct,
lOuE9tkR89Pk,9,,correct,
lOuE9tkR89Pk,10,,correct,
lOuE9tkR89Pk,11,,correct,
lOuE9tkR89Pk,12,,correct,
lOuE9tkR89Pk,13,,correct,
lOuE9tkR89Pk,14,,correct,
lOuE9tkR89Pk,15,,incorrect,
lOuE9tkR89Pk,16,,correct,
lOuE9tkR89Pk,17,,correct,
lOuE9tkR89Pk,18,,incorrect,
lOuE9tkR89Pk,19,,correct,
lOuE9tkR89Pk,20,,incorrect,
lOuE9tkR89Pk,21,,incorrect,
lOuE9tkR89Pk,22,,correct,
lOuE9tkR89Pk,23,,incorrect,
lOuE9tkR89Pk,24,,incorrect,
lOuE9tkR89Pk,25,,incorrect,
lOuE9tkR89Pk,26,,incorrect,
lOuE9tkR89Pk,27,,correct,
lOuE9tkR89Pk,28,,incorrect,
lOuE9tkR89Pk,29,,correct,
lOuE9tkR89Pk,30,,correct,
Kji96af6kzzA,1,,incorrect,
Kji96af6kzzA,2,,correct,
Kji96af6kzzA,3,,correct,
Kji96af6kzzA,4,,correct,
Kji96af6kzzA,5,,incorrect,
Kji96af6kzzA,6,,correct,
Kji96af6kzzA,7,,incorrect,
Kji96af6kzzA,8,,correct,
Kji96af6kzzA,9,,correct,
Kji96af6kzzA,10,,correct,
Kji96af6kzzA,11,,correct,
Kji96af6kzzA,12,,correct,
Kji96af6kzzA,13,,correct,
Kji96af6kzzA,14,,correct,
Kji96af6kzzA,15,,incorrect,
Kji96af6kzzA,16,,correct,
Kji96af6kzzA,17,,correct,
Kji96af6kzzA,18,,incorrect,
Kji96af6kzzA,19,,correct,
Kji96af6kzzA,20,,incorrect,
Kji96af6kzzA,21,,incorrect,
Kji96af6kzzA,22,,correct,
Kji96af6kzzA,23,,incorrect,
Kji96af6kzzA,24,,incorrect,
Kji96af6kzzA,25,,incorrect,
Kji96af6kzzA,26,,incorrect,
Kji96af6kzzA,27,,correct,
Kji96af6kzzA,28,,incorrect,
Kji96af6kzzA,29,,correct,
Kji96af6kzzA,30,,correct,
32nLuB1xqIO4,1,,incorrect,
32nLuB1xqIO4,2,,correct,
32nLuB1xqIO4,3,,correct,
32nLuB1xqIO4,4,,correct,
32nLuB1xqIO4,5,,correct,
32nLuB1xqIO4,6,,correct,
32nLuB1xqIO4,7,,correct,
32nLuB1xqIO4,8,,correct,
32nLuB1xqIO4,9,,correct,
32nLuB1xqIO4,10,,correct,
32nLuB1xqIO4,11,,correct,
32nLuB1xqIO4,12,,correct,
32nLuB1xqIO4,13,,correct,
32nLuB1xqIO4,14,,correct,
32nLuB1xqIO4,15,,incorrect,
32nLuB1xqIO4,16,,correct,
32nLuB1xqIO4,17,,correct,
32nLuB1xqIO4,18,,incorrect,
32nLuB1xqIO4,19,,correct,
32nLuB1xqIO4,20,,incorrect,
32nLuB1xqIO4,21,,incorrect,
32nLuB1xqIO4,22,,correct,
32nLuB1xqIO4,23,,correct,
32nLuB1xqIO4,24,,incorrect,
32nLuB1xqIO4,25,,incorrect,
32nLuB1xqIO4,26,,incorrect,
32nLuB1xqIO4,27,,correct,
32nLuB1xqIO4,28,,correct,
32nLuB1xqIO4,29,,correct,
32nLuB1xqIO4,30,,correct,
m8rfSXHUenxh,1,,incorrect,
m8rfSXHUenxh,2,,correct,
m8rfSXHUenxh,3,,correct,
m8rfSXHUenxh,4,,correct,
m8rfSXHUenxh,5,,incorrect,
m8rfSXHUenxh,6,,incorrect,
m8rfSXHUenxh,7,,correct,
m8rfSXHUenxh,8,,correct,
m8rfSXHUenxh,9,,correct,
m8rfSXHUenxh,10,,correct,
m8rfSXHUenxh,11,,correct,
m8rfSXHUenxh,12,,correct,
m8rfSXHUenxh,13,,correct,
m8rfSXHUenxh,14,,correct,
m8rfSXHUenxh,15,,incorrect,
m8rfSXHUenxh,16,,incorrect,
m8rfSXHUenxh,17,,correct,
m8rfSXHUenxh,18,,incorrect,
m8rfSXHUenxh,19,,correct,
m8rfSXHUenxh,20,,incorrect,
m8rfSXHUenxh,21,,incorrect,
m8rfSXHUenxh,22,,correct,
m8rfSXHUenxh,23,,incorrect,
m8rfSXHUenxh,24,,incorrect,
m8rfSXHUenxh,25,,correct,
m8rfSXHUenxh,26,,correct,
m8rfSXHUenxh,27,,correct,
m8rfSXHUenxh,28,,incorrect,
m8rfSXHUenxh,29,,correct,
m8rfSXHUenxh,30,,incorrect,
r5xiR4T4onQf,1,,incorrect,
r5xiR4T4onQf,2,,correct,
r5xiR4T4onQf,3,,correct,
r5xiR4T4onQf,4,,correct,
r5xiR4T4onQf,5,,correct,
r5xiR4T4onQf,6,,correct,
r5xiR4T4onQf,7,,correct,
r5xiR4T4onQf,8,,correct,
r5xiR4T4onQf,9,,correct,
r5xiR4T4onQf,10,,correct,
r5xiR4T4onQf,11,,correct,
r5xiR4T4onQf,12,,correct,
r5xiR4T4onQf,13,,correct,
r5xiR4T4onQf,14,,correct,
r5xiR4T4onQf,15,,correct,
r5xiR4T4onQf,16,,correct,
r5xiR4T4onQf,17,,correct,
r5xiR4T4onQf,18,,incorrect,
r5xiR4T4onQf,19,,incorrect,
r5xiR4T4onQf,20,,incorrect,
r5xiR4T4onQf,21,,incorrect,
r5xiR4T4onQf,22,,correct,
r5xiR4T4onQf,23,,correct,
r5xiR4T4onQf,24,,incorrect,
r5xiR4T4onQf,25,,incorrect,
r5xiR4T4onQf,26,,incorrect,
r5xiR4T4onQf,27,,correct,
r5xiR4T4onQf,28,,correct,
r5xiR4T4onQf,29,,correct,
r5xiR4T4onQf,30,,correct,
PgdsGKsedBAl,1,,incorrect,
PgdsGKsedBAl,2,,correct,
PgdsGKsedBAl,3,,correct,
PgdsGKsedBAl,4,,correct,
PgdsGKsedBAl,5,,incorrect,
PgdsGKsedBAl,6,,correct,
PgdsGKsedBAl,7,,correct,
PgdsGKsedBAl,8,,correct,
PgdsGKsedBAl,9,,correct,
PgdsGKsedBAl,10,,correct,
PgdsGKsedBAl,11,,correct,
PgdsGKsedBAl,12,,correct,
PgdsGKsedBAl,13,,correct,
PgdsGKsedBAl,14,,correct,
PgdsGKsedBAl,15,,incorrect,
PgdsGKsedBAl,16,,correct,
PgdsGKsedBAl,17,,correct,
PgdsGKsedBAl,18,,incorrect,
PgdsGKsedBAl,19,,correct,
PgdsGKsedBAl,20,,incorrect,
PgdsGKsedBAl,21,,incorrect,
PgdsGKsedBAl,22,,correct,
PgdsGKsedBAl,23,,incorrect,
PgdsGKsedBAl,24,,incorrect,
PgdsGKsedBAl,25,,incorrect,
PgdsGKsedBAl,26,,incorrect,
PgdsGKsedBAl,27,,correct,
PgdsGKsedBAl,28,,correct,
PgdsGKsedBAl,29,,correct,
PgdsGKsedBAl,30,,correct,
1tnkUsBnGX2u,1,,incorrect,
1tnkUsBnGX2u,2,,correct,
1tnkUsBnGX2u,3,,correct,
1tnkUsBnGX2u,4,,correct,
1tnkUsBnGX2u,5,,incorrect,
1tnkUsBnGX2u,6,,correct,
1tnkUsBnGX2u,7,,correct,
1tnkUsBnGX2u,8,,correct,
1tnkUsBnGX2u,9,,correct,
1tnkUsBnGX2u,10,,correct,
1tnkUsBnGX2u,11,,correct,
1tnkUsBnGX2u,12,,correct,
1tnkUsBnGX2u,13,,correct,
1tnkUsBnGX2u,14,,correct,
1tnkUsBnGX2u,15,,incorrect,
1tnkUsBnGX2u,16,,correct,
1tnkUsBnGX2u,17,,correct,
1tnkUsBnGX2u,18,,incorrect,
1tnkUsBnGX2u,19,,correct,
1tnkUsBnGX2u,20,,incorrect,
1tnkUsBnGX2u,21,,incorrect,
1tnkUsBnGX2u,22,,correct,
1tnkUsBnGX2u,23,,incorrect,
1tnkUsBnGX2u,24,,incorrect,
1tnkUsBnGX2u,25,,incorrect,
1tnkUsBnGX2u,26,,incorrect,
1tnkUsBnGX2u,27,,correct,
1tnkUsBnGX2u,28,,incorrect,
1tnkUsBnGX2u,29,,correct,
1tnkUsBnGX2u,30,,correct,
QblvTIly9IZU,1,,correct,
QblvTIly9IZU,2,,correct,
QblvTIly9IZU,3,,correct,
QblvTIly9IZU,4,,correct,
QblvTIly9IZU,5,,correct,
QblvTIly9IZU,6,,correct,
QblvTIly9IZU,7,,correct,
QblvTIly9IZU,8,,correct,
QblvTIly9IZU,9,,correct,
QblvTIly9IZU,10,,correct,
QblvTIly9IZU,11,,correct,
QblvTIly9IZU,12,,correct,
QblvTIly9IZU,13,,correct,
QblvTIly9IZU,14,,incorrect,
QblvTIly9IZU,15,,incorrect,
QblvTIly9IZU,16,,incorrect,
QblvTIly9IZU,17,,incorrect,
QblvTIly9IZU,18,,incorrect,
QblvTIly9IZU,19,,correct,
QblvTIly9IZU,20,,incorrect,
QblvTIly9IZU,21,,incorrect,
QblvTIly9IZU,22,,correct,
QblvTIly9IZU,23,,incorrect,
QblvTIly9IZU,24,,incorrect,
QblvTIly9IZU,25,,incorrect,
QblvTIly9IZU,26,,incorrect,
QblvTIly9IZU,27,,correct,
QblvTIly9IZU,28,,correct,
QblvTIly9IZU,29,,correct,
QblvTIly9IZU,30,,correct,
jxlFWYs7WyTt,1,,correct,
jxlFWYs7WyTt,2,,correct,
jxlFWYs7WyTt,3,,correct,
jxlFWYs7WyTt,4,,correct,
jxlFWYs7WyTt,5,,incorrect,
jxlFWYs7WyTt,6,,correct,
jxlFWYs7WyTt,7,,correct,
jxlFWYs7WyTt,8,,correct,
jxlFWYs7WyTt,9,,incorrect,
jxlFWYs7WyTt,10,,correct,
jxlFWYs7WyTt,11,,correct,
jxlFWYs7WyTt,12,,correct,
jxlFWYs7WyTt,13,,correct,
jxlFWYs7WyTt,14,,correct,
jxlFWYs7WyTt,15,,correct,
jxlFWYs7WyTt,16,,correct,
jxlFWYs7WyTt,17,,correct,
jxlFWYs7WyTt,18,,incorrect,
jxlFWYs7WyTt,19,,correct,
jxlFWYs7WyTt,20,,incorrect,
jxlFWYs7WyTt,21,,incorrect,
jxlFWYs7WyTt,22,,correct,
jxlFWYs7WyTt,23,,incorrect,
jxlFWYs7WyTt,24,,incorrect,
jxlFWYs7WyTt,25,,incorrect,
jxlFWYs7WyTt,26,,incorrect,
jxlFWYs7WyTt,27,,incorrect,
jxlFWYs7WyTt,28,,incorrect,
jxlFWYs7WyTt,29,,correct,
jxlFWYs7WyTt,30,,correct,
tmTN8RB25aRn,1,,correct,
tmTN8RB25aRn,2,,correct,
tmTN8RB25aRn,3,,correct,
tmTN8RB25aRn,4,,correct,
tmTN8RB25aRn,5,,correct,
tmTN8RB25aRn,6,,correct,
tmTN8RB25aRn,7,,correct,
tmTN8RB25aRn,8,,correct,
tmTN8RB25aRn,9,,correct,
tmTN8RB25aRn,10,,correct,
tmTN8RB25aRn,11,,correct,
tmTN8RB25aRn,12,,correct,
tmTN8RB25aRn,13,,correct,
tmTN8RB25aRn,14,,correct,
tmTN8RB25aRn,15,,incorrect,
tmTN8RB25aRn,16,,correct,
tmTN8RB25aRn,17,,correct,
tmTN8RB25aRn,18,,correct,
tmTN8RB25aRn,19,,correct,
tmTN8RB25aRn,20,,correct,
tmTN8RB25aRn,21,,incorrect,
tmTN8RB25aRn,22,,correct,
tmTN8RB25aRn,23,,incorrect,
tmTN8RB25aRn,24,,incorrect,
tmTN8RB25aRn,25,,correct,
tmTN8RB25aRn,26,,correct,
tmTN8RB25aRn,27,,correct,
tmTN8RB25aRn,28,,correct,
tmTN8RB25aRn,29,,correct,
tmTN8RB25aRn,30,,correct,
WNh0afD7QG4d,1,,correct,
WNh0afD7QG4d,2,,correct,
WNh0afD7QG4d,3,,correct,
WNh0afD7QG4d,4,,correct,
WNh0afD7QG4d,5,,correct,
WNh0afD7QG4d,6,,correct,
WNh0afD7QG4d,7,,correct,
WNh0afD7QG4d,8,,correct,
WNh0afD7QG4d,9,,incorrect,
WNh0afD7QG4d,10,,correct,
WNh0afD7QG4d,11,,correct,
WNh0afD7QG4d,12,,correct,
WNh0afD7QG4d,13,,correct,
WNh0afD7QG4d,14,,correct,
WNh0afD7QG4d,15,,correct,
WNh0afD7QG4d,16,,correct,
WNh0afD7QG4d,17,,correct,
WNh0afD7QG4d,18,,incorrect,
WNh0afD7QG4d,19,,correct,
WNh0afD7QG4d,20,,incorrect,
WNh0afD7QG4d,21,,incorrect,
WNh0afD7QG4d,22,,correct,
WNh0afD7QG4d,23,,incorrect,
WNh0afD7QG4d,24,,incorrect,
WNh0afD7QG4d,25,,incorrect,
WNh0afD7QG4d,26,,incorrect,
WNh0afD7QG4d,27,,incorrect,
WNh0afD7QG4d,28,,incorrect,
WNh0afD7QG4d,29,,correct,
WNh0afD7QG4d,30,,correct,
sCNAQlTJzusQ,1,,incorrect,
sCNAQlTJzusQ,2,,correct,
sCNAQlTJzusQ,3,,correct,
sCNAQlTJzusQ,4,,correct,
sCNAQlTJzusQ,5,,correct,
sCNAQlTJzusQ,6,,incorrect,
sCNAQlTJzusQ,7,,correct,
sCNAQlTJzusQ,8,,correct,
sCNAQlTJzusQ,9,,correct,
sCNAQlTJzusQ,10,,correct,
sCNAQlTJzusQ,11,,correct,
sCNAQlTJzusQ,12,,correct,
sCNAQlTJzusQ,13,,correct,
sCNAQlTJzusQ,14,,incorrect,
sCNAQlTJzusQ,15,,correct,
sCNAQlTJzusQ,16,,incorrect,
sCNAQlTJzusQ,17,,incorrect,
sCNAQlTJzusQ,18,,incorrect,
sCNAQlTJzusQ,19,,correct,
sCNAQlTJzusQ,20,,incorrect,
sCNAQlTJzusQ,21,,incorrect,
sCNAQlTJzusQ,22,,correct,
sCNAQlTJzusQ,23,,correct,
sCNAQlTJzusQ,24,,incorrect,
sCNAQlTJzusQ,25,,incorrect,
sCNAQlTJzusQ,26,,incorrect,
sCNAQlTJzusQ,27,,correct,
sCNAQlTJzusQ,28,,incorrect,
sCNAQlTJzusQ,29,,correct,
sCNAQlTJzusQ,30,,incorrect,
aeQlX5jbZHXw,1,,incorrect,
aeQlX5jbZHXw,2,,correct,
aeQlX5jbZHXw,3,,correct,
aeQlX5jbZHXw,4,,correct,
aeQlX5jbZHXw,5,,correct,
aeQlX5jbZHXw,6,,correct,
aeQlX5jbZHXw,7,,correct,
aeQlX5jbZHXw,8,,correct,
aeQlX5jbZHXw,9,,correct,
aeQlX5jbZHXw,10,,correct,
aeQlX5jbZHXw,11,,correct,
aeQlX5jbZHXw,12,,correct,
aeQlX5jbZHXw,13,,correct,
aeQlX5jbZHXw,14,,correct,
aeQlX5jbZHXw,15,,incorrect,
aeQlX5jbZHXw,16,,correct,
aeQlX5jbZHXw,17,,correct,
aeQlX5jbZHXw,18,,incorrect,
aeQlX5jbZHXw,19,,correct,
aeQlX5jbZHXw,20,,incorrect,
aeQlX5jbZHXw,21,,incorrect,
aeQlX5jbZHXw,22,,correct,
aeQlX5jbZHXw,23,,incorrect,
aeQlX5jbZHXw,24,,incorrect,
aeQlX5jbZHXw,25,,incorrect,
aeQlX5jbZHXw,26,,correct,
aeQlX5jbZHXw,27,,correct,
aeQlX5jbZHXw,28,,correct,
aeQlX5jbZHXw,29,,correct,
aeQlX5jbZHXw,30,,correct,
eH9XZKUjDCDF,1,,incorrect,
eH9XZKUjDCDF,2,,correct,
eH9XZKUjDCDF,3,,correct,
eH9XZKUjDCDF,4,,correct,
eH9XZKUjDCDF,5,,correct,
eH9XZKUjDCDF,6,,correct,
eH9XZKUjDCDF,7,,correct,
eH9XZKUjDCDF,8,,correct,
eH9XZKUjDCDF,9,,correct,
eH9XZKUjDCDF,10,,correct,
eH9XZKUjDCDF,11,,correct,
eH9XZKUjDCDF,12,,correct,
eH9XZKUjDCDF,13,,correct,
eH9XZKUjDCDF,14,,correct,
eH9XZKUjDCDF,15,,incorrect,
eH9XZKUjDCDF,16,,correct,
eH9XZKUjDCDF,17,,correct,
eH9XZKUjDCDF,18,,incorrect,
eH9XZKUjDCDF,19,,correct,
eH9XZKUjDCDF,20,,incorrect,
eH9XZKUjDCDF,21,,incorrect,
eH9XZKUjDCDF,22,,correct,
eH9XZKUjDCDF,23,,incorrect,
eH9XZKUjDCDF,24,,incorrect,
eH9XZKUjDCDF,25,,incorrect,
eH9XZKUjDCDF,26,,correct,
eH9XZKUjDCDF,27,,correct,
eH9XZKUjDCDF,28,,correct,
eH9XZKUjDCDF,29,,correct,
eH9XZKUjDCDF,30,,correct,
ROaS3EN46XLy,1,,incorrect,
ROaS3EN46XLy,2,,correct,
ROaS3EN46XLy,3,,correct,
ROaS3EN46XLy,4,,correct,
ROaS3EN46XLy,5,,correct,
ROaS3EN46XLy,6,,correct,
ROaS3EN46XLy,7,,correct,
ROaS3EN46XLy,8,,correct,
ROaS3EN46XLy,9,,correct,
ROaS3EN46XLy,10,,correct,
ROaS3EN46XLy,11,,correct,
ROaS3EN46XLy,12,,correct,
ROaS3EN46XLy,13,,correct,
ROaS3EN46XLy,14,,correct,
ROaS3EN46XLy,15,,incorrect,
ROaS3EN46XLy,16,,correct,
ROaS3EN46XLy,17,,correct,
ROaS3EN46XLy,18,,incorrect,
ROaS3EN46XLy,19,,correct,
ROaS3EN46XLy,20,,incorrect,
ROaS3EN46XLy,21,,incorrect,
ROaS3EN46XLy,22,,correct,
ROaS3EN46XLy,23,,incorrect,
ROaS3EN46XLy,24,,incorrect,
ROaS3EN46XLy,25,,incorrect,
ROaS3EN46XLy,26,,correct,
ROaS3EN46XLy,27,,correct,
ROaS3EN46XLy,28,,correct,
ROaS3EN46XLy,29,,correct,
ROaS3EN46XLy,30,,correct,
Ui0yLwC2YxnT,1,,incorrect,
Ui0yLwC2YxnT,2,,correct,
Ui0yLwC2YxnT,3,,correct,
Ui0yLwC2YxnT,4,,correct,
Ui0yLwC2YxnT,5,,correct,
Ui0yLwC2YxnT,6,,correct,
Ui0yLwC2YxnT,7,,correct,
Ui0yLwC2YxnT,8,,correct,
Ui0yLwC2YxnT,9,,correct,
Ui0yLwC2YxnT,10,,correct,
Ui0yLwC2YxnT,11,,correct,
Ui0yLwC2YxnT,12,,correct,
Ui0yLwC2YxnT,13,,correct,
Ui0yLwC2YxnT,14,,correct,
Ui0yLwC2YxnT,15,,incorrect,
Ui0yLwC2YxnT,16,,correct,
Ui0yLwC2YxnT,17,,correct,
Ui0yLwC2YxnT,18,,incorrect,
Ui0yLwC2YxnT,19,,incorrect,
Ui0yLwC2YxnT,20,,incorrect,
Ui0yLwC2YxnT,21,,incorrect,
Ui0yLwC2YxnT,22,,correct,
Ui0yLwC2YxnT,23,,correct,
Ui0yLwC2YxnT,24,,incorrect,
Ui0yLwC2YxnT,25,,incorrect,
Ui0yLwC2YxnT,26,,incorrect,
Ui0yLwC2YxnT,27,,correct,
Ui0yLwC2YxnT,28,,correct,
Ui0yLwC2YxnT,29,,correct,
Ui0yLwC2YxnT,30,,correct,
nWRIo9XQJBPf,1,,correct,
nWRIo9XQJBPf,2,,correct,
nWRIo9XQJBPf,3,,correct,
nWRIo9XQJBPf,4,,correct,
nWRIo9XQJBPf,5,,correct,
nWRIo9XQJBPf,6,,correct,
nWRIo9XQJBPf,7,,correct,
nWRIo9XQJBPf,8,,correct,
nWRIo9XQJBPf,9,,correct,
nWRIo9XQJBPf,10,,correct,
nWRIo9XQJBPf,11,,correct,
nWRIo9XQJBPf,12,,correct,
nWRIo9XQJBPf,13,,correct,
nWRIo9XQJBPf,14,,correct,
nWRIo9XQJBPf,15,,correct,
nWRIo9XQJBPf,16,,correct,
nWRIo9XQJBPf,17,,correct,
nWRIo9XQJBPf,18,,correct,
nWRIo9XQJBPf,19,,correct,
nWRIo9XQJBPf,20,,incorrect,
nWRIo9XQJBPf,21,,incorrect,
nWRIo9XQJBPf,22,,correct,
nWRIo9XQJBPf,23,,correct,
nWRIo9XQJBPf,24,,correct,
nWRIo9XQJBPf,25,,incorrect,
nWRIo9XQJBPf,26,,correct,
nWRIo9XQJBPf,27,,correct,
nWRIo9XQJBPf,28,,incorrect,
nWRIo9XQJBPf,29,,correct,
nWRIo9XQJBPf,30,,correct,
9eci54foOGc9,31,,correct,
9eci54foOGc9,32,,correct,
9eci54foOGc9,33,,correct,
9eci54foOGc9,34,,correct,
9eci54foOGc9,35,,correct,
9eci54foOGc9,36,,correct,
9eci54foOGc9,37,,correct,
9eci54foOGc9,38,,correct,
9eci54foOGc9,39,,correct,
9eci54foOGc9,40,,correct,
9eci54foOGc9,41,,incorrect,
9eci54foOGc9,42,,correct,
9eci54foOGc9,43,,correct,
9eci54foOGc9,44,,correct,
9eci54foOGc9,45,,incorrect,
9eci54foOGc9,46,,correct,
9eci54foOGc9,47,,incorrect,
9eci54foOGc9,48,,correct,
9eci54foOGc9,49,,incorrect,
9eci54foOGc9,50,,correct,
9eci54foOGc9,51,,correct,
9eci54foOGc9,52,,correct,
9eci54foOGc9,53,,correct,
9eci54foOGc9,54,,correct,
9eci54foOGc9,55,,correct,
9eci54foOGc9,56,,incorrect,
9eci54foOGc9,57,,correct,
9eci54foOGc9,58,,correct,
9eci54foOGc9,59,,correct,
9eci54foOGc9,60,,correct,
dF0r7wVjsLSV,31,,correct,
dF0r7wVjsLSV,32,,correct,
dF0r7wVjsLSV,33,,correct,
dF0r7wVjsLSV,34,,correct,
dF0r7wVjsLSV,35,,correct,
dF0r7wVjsLSV,36,,correct,
dF0r7wVjsLSV,37,,correct,
dF0r7wVjsLSV,38,,correct,
dF0r7wVjsLSV,39,,correct,
dF0r7wVjsLSV,40,,correct,
dF0r7wVjsLSV,41,,correct,
dF0r7wVjsLSV,42,,correct,
dF0r7wVjsLSV,43,,correct,
dF0r7wVjsLSV,44,,incorrect,
dF0r7wVjsLSV,45,,incorrect,
dF0r7wVjsLSV,46,,correct,
dF0r7wVjsLSV,47,,incorrect,
dF0r7wVjsLSV,48,,correct,
dF0r7wVjsLSV,49,,incorrect,
dF0r7wVjsLSV,50,,correct,
dF0r7wVjsLSV,51,,correct,
dF0r7wVjsLSV,52,,correct,
dF0r7wVjsLSV,53,,correct,
dF0r7wVjsLSV,54,,correct,
dF0r7wVjsLSV,55,,correct,
dF0r7wVjsLSV,56,,incorrect,
dF0r7wVjsLSV,57,,correct,
dF0r7wVjsLSV,58,,correct,
dF0r7wVjsLSV,59,,correct,
dF0r7wVjsLSV,60,,correct,
BhvtwuIg7wvF,31,,correct,
BhvtwuIg7wvF,32,,correct,
BhvtwuIg7wvF,33,,correct,
BhvtwuIg7wvF,34,,correct,
BhvtwuIg7wvF,35,,correct,
BhvtwuIg7wvF,36,,correct,
BhvtwuIg7wvF,37,,correct,
BhvtwuIg7wvF,38,,incorrect,
BhvtwuIg7wvF,39,,correct,
BhvtwuIg7wvF,40,,correct,
BhvtwuIg7wvF,41,,correct,
BhvtwuIg7wvF,42,,correct,
BhvtwuIg7wvF,43,,correct,
BhvtwuIg7wvF,44,,correct,
BhvtwuIg7wvF,45,,incorrect,
BhvtwuIg7wvF,46,,correct,
BhvtwuIg7wvF,47,,incorrect,
BhvtwuIg7wvF,48,,correct,
BhvtwuIg7wvF,49,,incorrect,
BhvtwuIg7wvF,50,,correct,
BhvtwuIg7wvF,51,,correct,
BhvtwuIg7wvF,52,,correct,
BhvtwuIg7wvF,53,,correct,
BhvtwuIg7wvF,54,,correct,
BhvtwuIg7wvF,55,,correct,
BhvtwuIg7wvF,56,,incorrect,
BhvtwuIg7wvF,57,,correct,
BhvtwuIg7wvF,58,,correct,
BhvtwuIg7wvF,59,,correct,
BhvtwuIg7wvF,60,,correct,
ynjK3wP1cV18,31,,correct,
ynjK3wP1cV18,32,,correct,
ynjK3wP1cV18,33,,correct,
ynjK3wP1cV18,34,,correct,
ynjK3wP1cV18,35,,correct,
ynjK3wP1cV18,36,,correct,
ynjK3wP1cV18,37,,correct,
ynjK3wP1cV18,38,,incorrect,
ynjK3wP1cV18,39,,correct,
ynjK3wP1cV18,40,,correct,
ynjK3wP1cV18,41,,correct,
ynjK3wP1cV18,42,,correct,
ynjK3wP1cV18,43,,correct,
ynjK3wP1cV18,44,,correct,
ynjK3wP1cV18,45,,incorrect,
ynjK3wP1cV18,46,,correct,
ynjK3wP1cV18,47,,incorrect,
ynjK3wP1cV18,48,,correct,
ynjK3wP1cV18,49,,incorrect,
ynjK3wP1cV18,50,,correct,
ynjK3wP1cV18,51,,incorrect,
ynjK3wP1cV18,52,,correct,
ynjK3wP1cV18,53,,correct,
ynjK3wP1cV18,54,,correct,
ynjK3wP1cV18,55,,correct,
ynjK3wP1cV18,56,,incorrect,
ynjK3wP1cV18,57,,correct,
ynjK3wP1cV18,58,,correct,
ynjK3wP1cV18,59,,correct,
ynjK3wP1cV18,60,,correct,
No1fcFHRlYfg,31,,correct,
No1fcFHRlYfg,32,,correct,
No1fcFHRlYfg,33,,correct,
No1fcFHRlYfg,34,,correct,
No1fcFHRlYfg,35,,correct,
No1fcFHRlYfg,36,,correct,
No1fcFHRlYfg,37,,correct,
No1fcFHRlYfg,38,,incorrect,
No1fcFHRlYfg,39,,correct,
No1fcFHRlYfg,40,,correct,
No1fcFHRlYfg,41,,correct,
No1fcFHRlYfg,42,,correct,
No1fcFHRlYfg,43,,correct,
No1fcFHRlYfg,44,,correct,
No1fcFHRlYfg,45,,incorrect,
No1fcFHRlYfg,46,,correct,
No1fcFHRlYfg,47,,incorrect,
No1fcFHRlYfg,48,,correct,
No1fcFHRlYfg,49,,incorrect,
No1fcFHRlYfg,50,,correct,
No1fcFHRlYfg,51,,incorrect,
No1fcFHRlYfg,52,,correct,
No1fcFHRlYfg,53,,correct,
No1fcFHRlYfg,54,,correct,
No1fcFHRlYfg,55,,correct,
No1fcFHRlYfg,56,,incorrect,
No1fcFHRlYfg,57,,correct,
No1fcFHRlYfg,58,,correct,
No1fcFHRlYfg,59,,correct,
No1fcFHRlYfg,60,,correct,
Q7dfzHYyXvOT,31,,correct,
Q7dfzHYyXvOT,32,,correct,
Q7dfzHYyXvOT,33,,correct,
Q7dfzHYyXvOT,34,,correct,
Q7dfzHYyXvOT,35,,correct,
Q7dfzHYyXvOT,36,,correct,
Q7dfzHYyXvOT,37,,correct,
Q7dfzHYyXvOT,38,,incorrect,
Q7dfzHYyXvOT,39,,correct,
Q7dfzHYyXvOT,40,,correct,
Q7dfzHYyXvOT,41,,correct,
Q7dfzHYyXvOT,42,,correct,
Q7dfzHYyXvOT,43,,correct,
Q7dfzHYyXvOT,44,,correct,
Q7dfzHYyXvOT,45,,incorrect,
Q7dfzHYyXvOT,46,,correct,
Q7dfzHYyXvOT,47,,incorrect,
Q7dfzHYyXvOT,48,,correct,
Q7dfzHYyXvOT,49,,incorrect,
Q7dfzHYyXvOT,50,,correct,
Q7dfzHYyXvOT,51,,incorrect,
Q7dfzHYyXvOT,52,,correct,
Q7dfzHYyXvOT,53,,correct,
Q7dfzHYyXvOT,54,,correct,
Q7dfzHYyXvOT,55,,correct,
Q7dfzHYyXvOT,56,,incorrect,
Q7dfzHYyXvOT,57,,correct,
Q7dfzHYyXvOT,58,,correct,
Q7dfzHYyXvOT,59,,correct,
Q7dfzHYyXvOT,60,,correct,
VqXqgB6ructd,31,,correct,
VqXqgB6ructd,32,,correct,
VqXqgB6ructd,33,,correct,
VqXqgB6ructd,34,,correct,
VqXqgB6ructd,35,,correct,
VqXqgB6ructd,36,,correct,
VqXqgB6ructd,37,,correct,
VqXqgB6ructd,38,,correct,
VqXqgB6ructd,39,,correct,
VqXqgB6ructd,40,,correct,
VqXqgB6ructd,41,,incorrect,
VqXqgB6ructd,42,,correct,
VqXqgB6ructd,43,,correct,
VqXqgB6ructd,44,,incorrect,
VqXqgB6ructd,45,,incorrect,
VqXqgB6ructd,46,,correct,
VqXqgB6ructd,47,,incorrect,
VqXqgB6ructd,48,,correct,
VqXqgB6ructd,49,,incorrect,
VqXqgB6ructd,50,,correct,
VqXqgB6ructd,51,,correct,
VqXqgB6ructd,52,,correct,
VqXqgB6ructd,53,,correct,
VqXqgB6ructd,54,,correct,
VqXqgB6ructd,55,,correct,
VqXqgB6ructd,56,,incorrect,
VqXqgB6ructd,57,,correct,
VqXqgB6ructd,58,,correct,
VqXqgB6ructd,59,,correct,
VqXqgB6ructd,60,,correct,
vqNkppoZuHFA,31,,correct,
vqNkppoZuHFA,32,,correct,
vqNkppoZuHFA,33,,correct,
vqNkppoZuHFA,34,,correct,
vqNkppoZuHFA,35,,correct,
vqNkppoZuHFA,36,,correct,
vqNkppoZuHFA,37,,correct,
vqNkppoZuHFA,38,,correct,
vqNkppoZuHFA,39,,correct,
vqNkppoZuHFA,40,,correct,
vqNkppoZuHFA,41,,incorrect,
vqNkppoZuHFA,42,,correct,
vqNkppoZuHFA,43,,correct,
vqNkppoZuHFA,44,,incorrect,
vqNkppoZuHFA,45,,incorrect,
vqNkppoZuHFA,46,,correct,
vqNkppoZuHFA,47,,incorrect,
vqNkppoZuHFA,48,,correct,
vqNkppoZuHFA,49,,incorrect,
vqNkppoZuHFA,50,,correct,
vqNkppoZuHFA,51,,correct,
vqNkppoZuHFA,52,,correct,
vqNkppoZuHFA,53,,correct,
vqNkppoZuHFA,54,,correct,
vqNkppoZuHFA,55,,correct,
vqNkppoZuHFA,56,,incorrect,
vqNkppoZuHFA,57,,correct,
vqNkppoZuHFA,58,,correct,
vqNkppoZuHFA,59,,correct,
vqNkppoZuHFA,60,,correct,
hpYESXQ1czwb,31,,correct,
hpYESXQ1czwb,32,,correct,
hpYESXQ1czwb,33,,correct,
hpYESXQ1czwb,34,,correct,
hpYESXQ1czwb,35,,correct,
hpYESXQ1czwb,36,,correct,
hpYESXQ1czwb,37,,correct,
hpYESXQ1czwb,38,,correct,
hpYESXQ1czwb,39,,correct,
hpYESXQ1czwb,40,,correct,
hpYESXQ1czwb,41,,incorrect,
hpYESXQ1czwb,42,,correct,
hpYESXQ1czwb,43,,correct,
hpYESXQ1czwb,44,,incorrect,
hpYESXQ1czwb,45,,incorrect,
hpYESXQ1czwb,46,,correct,
hpYESXQ1czwb,47,,incorrect,
hpYESXQ1czwb,48,,correct,
hpYESXQ1czwb,49,,incorrect,
hpYESXQ1czwb,50,,correct,
hpYESXQ1czwb,51,,correct,
hpYESXQ1czwb,52,,correct,
hpYESXQ1czwb,53,,correct,
hpYESXQ1czwb,54,,correct,
hpYESXQ1czwb,55,,correct,
hpYESXQ1czwb,56,,incorrect,
hpYESXQ1czwb,57,,correct,
hpYESXQ1czwb,58,,correct,
hpYESXQ1czwb,59,,correct,
hpYESXQ1czwb,60,,correct,
pJCSXvZHMyH1,31,,correct,
pJCSXvZHMyH1,32,,correct,
pJCSXvZHMyH1,33,,correct,
pJCSXvZHMyH1,34,,correct,
pJCSXvZHMyH1,35,,correct,
pJCSXvZHMyH1,36,,correct,
pJCSXvZHMyH1,37,,correct,
pJCSXvZHMyH1,38,,correct,
pJCSXvZHMyH1,39,,correct,
pJCSXvZHMyH1,40,,correct,
pJCSXvZHMyH1,41,,incorrect,
pJCSXvZHMyH1,42,,correct,
pJCSXvZHMyH1,43,,correct,
pJCSXvZHMyH1,44,,incorrect,
pJCSXvZHMyH1,45,,incorrect,
pJCSXvZHMyH1,46,,correct,
pJCSXvZHMyH1,47,,incorrect,
pJCSXvZHMyH1,48,,correct,
pJCSXvZHMyH1,49,,incorrect,
pJCSXvZHMyH1,50,,correct,
pJCSXvZHMyH1,51,,correct,
pJCSXvZHMyH1,52,,correct,
pJCSXvZHMyH1,53,,correct,
pJCSXvZHMyH1,54,,correct,
pJCSXvZHMyH1,55,,correct,
pJCSXvZHMyH1,56,,incorrect,
pJCSXvZHMyH1,57,,correct,
pJCSXvZHMyH1,58,,correct,
pJCSXvZHMyH1,59,,correct,
pJCSXvZHMyH1,60,,correct,
Mr0bz3y2IHmW,31,,correct,
Mr0bz3y2IHmW,32,,correct,
Mr0bz3y2IHmW,33,,correct,
Mr0bz3y2IHmW,34,,correct,
Mr0bz3y2IHmW,35,,correct,
Mr0bz3y2IHmW,36,,correct,
Mr0bz3y2IHmW,37,,incorrect,
Mr0bz3y2IHmW,38,,correct,
Mr0bz3y2IHmW,39,,correct,
Mr0bz3y2IHmW,40,,correct,
Mr0bz3y2IHmW,41,,correct,
Mr0bz3y2IHmW,42,,correct,
Mr0bz3y2IHmW,43,,correct,
Mr0bz3y2IHmW,44,,incorrect,
Mr0bz3y2IHmW,45,,incorrect,
Mr0bz3y2IHmW,46,,correct,
Mr0bz3y2IHmW,47,,incorrect,
Mr0bz3y2IHmW,48,,correct,
Mr0bz3y2IHmW,49,,incorrect,
Mr0bz3y2IHmW,50,,correct,
Mr0bz3y2IHmW,51,,correct,
Mr0bz3y2IHmW,52,,correct,
Mr0bz3y2IHmW,53,,correct,
Mr0bz3y2IHmW,54,,correct,
Mr0bz3y2IHmW,55,,correct,
Mr0bz3y2IHmW,56,,incorrect,
Mr0bz3y2IHmW,57,,correct,
Mr0bz3y2IHmW,58,,correct,
Mr0bz3y2IHmW,59,,correct,
Mr0bz3y2IHmW,60,,correct,
1ggBjCxnkaT8,31,,correct,
1ggBjCxnkaT8,32,,incorrect,
1ggBjCxnkaT8,33,,correct,
1ggBjCxnkaT8,34,,correct,
1ggBjCxnkaT8,35,,correct,
1ggBjCxnkaT8,36,,correct,
1ggBjCxnkaT8,37,,correct,
1ggBjCxnkaT8,38,,correct,
1ggBjCxnkaT8,39,,correct,
1ggBjCxnkaT8,40,,correct,
1ggBjCxnkaT8,41,,correct,
1ggBjCxnkaT8,42,,correct,
1ggBjCxnkaT8,43,,correct,
1ggBjCxnkaT8,44,,correct,
1ggBjCxnkaT8,45,,incorrect,
1ggBjCxnkaT8,46,,correct,
1ggBjCxnkaT8,47,,incorrect,
1ggBjCxnkaT8,48,,correct,
1ggBjCxnkaT8,49,,incorrect,
1ggBjCxnkaT8,50,,correct,
1ggBjCxnkaT8,51,,incorrect,
1ggBjCxnkaT8,52,,correct,
1ggBjCxnkaT8,53,,correct,
1ggBjCxnkaT8,54,,correct,
1ggBjCxnkaT8,55,,correct,
1ggBjCxnkaT8,56,,incorrect,
1ggBjCxnkaT8,57,,correct,
1ggBjCxnkaT8,58,,correct,
1ggBjCxnkaT8,59,,correct,
1ggBjCxnkaT8,60,,correct,
2AQDG30NeIzY,31,,correct,
2AQDG30NeIzY,32,,incorrect,
2AQDG30NeIzY,33,,correct,
2AQDG30NeIzY,34,,correct,
2AQDG30NeIzY,35,,correct,
2AQDG30NeIzY,36,,correct,
2AQDG30NeIzY,37,,correct,
2AQDG30NeIzY,38,,correct,
2AQDG30NeIzY,39,,correct,
2AQDG30NeIzY,40,,correct,
2AQDG30NeIzY,41,,correct,
2AQDG30NeIzY,42,,correct,
2AQDG30NeIzY,43,,correct,
2AQDG30NeIzY,44,,correct,
2AQDG30NeIzY,45,,incorrect,
2AQDG30NeIzY,46,,correct,
2AQDG30NeIzY,47,,incorrect,
2AQDG30NeIzY,48,,correct,
2AQDG30NeIzY,49,,incorrect,
2AQDG30NeIzY,50,,correct,
2AQDG30NeIzY,51,,correct,
2AQDG30NeIzY,52,,correct,
2AQDG30NeIzY,53,,correct,
2AQDG30NeIzY,54,,correct,
2AQDG30NeIzY,55,,correct,
2AQDG30NeIzY,56,,incorrect,
2AQDG30NeIzY,57,,correct,
2AQDG30NeIzY,58,,correct,
2AQDG30NeIzY,59,,correct,
2AQDG30NeIzY,60,,correct,
5WCMaHHFn6WV,31,,correct,
5WCMaHHFn6WV,32,,incorrect,
5WCMaHHFn6WV,33,,correct,
5WCMaHHFn6WV,34,,correct,
5WCMaHHFn6WV,35,,correct,
5WCMaHHFn6WV,36,,correct,
5WCMaHHFn6WV,37,,correct,
5WCMaHHFn6WV,38,,incorrect,
5WCMaHHFn6WV,39,,correct,
5WCMaHHFn6WV,40,,correct,
5WCMaHHFn6WV,41,,correct,
5WCMaHHFn6WV,42,,correct,
5WCMaHHFn6WV,43,,correct,
5WCMaHHFn6WV,44,,correct,
5WCMaHHFn6WV,45,,incorrect,
5WCMaHHFn6WV,46,,correct,
5WCMaHHFn6WV,47,,incorrect,
5WCMaHHFn6WV,48,,correct,
5WCMaHHFn6WV,49,,incorrect,
5WCMaHHFn6WV,50,,correct,
5WCMaHHFn6WV,51,,correct,
5WCMaHHFn6WV,52,,correct,
5WCMaHHFn6WV,53,,correct,
5WCMaHHFn6WV,54,,correct,
5WCMaHHFn6WV,55,,correct,
5WCMaHHFn6WV,56,,incorrect,
5WCMaHHFn6WV,57,,correct,
5WCMaHHFn6WV,58,,correct,
5WCMaHHFn6WV,59,,correct,
5WCMaHHFn6WV,60,,correct,
TYE4dgTYGdCn,31,,incorrect,
TYE4dgTYGdCn,32,,correct,
TYE4dgTYGdCn,33,,correct,
TYE4dgTYGdCn,34,,correct,
TYE4dgTYGdCn,35,,correct,
TYE4dgTYGdCn,36,,correct,
TYE4dgTYGdCn,37,,correct,
TYE4dgTYGdCn,38,,correct,
TYE4dgTYGdCn,39,,correct,
TYE4dgTYGdCn,40,,correct,
TYE4dgTYGdCn,41,,incorrect,
TYE4dgTYGdCn,42,,correct,
TYE4dgTYGdCn,43,,correct,
TYE4dgTYGdCn,44,,incorrect,
TYE4dgTYGdCn,45,,incorrect,
TYE4dgTYGdCn,46,,correct,
TYE4dgTYGdCn,47,,incorrect,
TYE4dgTYGdCn,48,,correct,
TYE4dgTYGdCn,49,,incorrect,
TYE4dgTYGdCn,50,,correct,
TYE4dgTYGdCn,51,,correct,
TYE4dgTYGdCn,52,,correct,
TYE4dgTYGdCn,53,,correct,
TYE4dgTYGdCn,54,,correct,
TYE4dgTYGdCn,55,,correct,
TYE4dgTYGdCn,56,,incorrect,
TYE4dgTYGdCn,57,,correct,
TYE4dgTYGdCn,58,,correct,
TYE4dgTYGdCn,59,,correct,
TYE4dgTYGdCn,60,,correct,
VgoqnXYkjUhL,31,,correct,
VgoqnXYkjUhL,32,,correct,
VgoqnXYkjUhL,33,,correct,
VgoqnXYkjUhL,34,,correct,
VgoqnXYkjUhL,35,,correct,
VgoqnXYkjUhL,36,,correct,
VgoqnXYkjUhL,37,,correct,
VgoqnXYkjUhL,38,,incorrect,
VgoqnXYkjUhL,39,,correct,
VgoqnXYkjUhL,40,,correct,
VgoqnXYkjUhL,41,,incorrect,
VgoqnXYkjUhL,42,,correct,
VgoqnXYkjUhL,43,,correct,
VgoqnXYkjUhL,44,,incorrect,
VgoqnXYkjUhL,45,,incorrect,
VgoqnXYkjUhL,46,,correct,
VgoqnXYkjUhL,47,,incorrect,
VgoqnXYkjUhL,48,,correct,
VgoqnXYkjUhL,49,,incorrect,
VgoqnXYkjUhL,50,,correct,
VgoqnXYkjUhL,51,,correct,
VgoqnXYkjUhL,52,,correct,
VgoqnXYkjUhL,53,,correct,
VgoqnXYkjUhL,54,,correct,
VgoqnXYkjUhL,55,,correct,
VgoqnXYkjUhL,56,,incorrect,
VgoqnXYkjUhL,57,,correct,
VgoqnXYkjUhL,58,,correct,
VgoqnXYkjUhL,59,,correct,
VgoqnXYkjUhL,60,,correct,
DI3Mqi034afd,31,,correct,
DI3Mqi034afd,32,,correct,
DI3Mqi034afd,33,,correct,
DI3Mqi034afd,34,,correct,
DI3Mqi034afd,35,,correct,
DI3Mqi034afd,36,,correct,
DI3Mqi034afd,37,,correct,
DI3Mqi034afd,38,,incorrect,
DI3Mqi034afd,39,,correct,
DI3Mqi034afd,40,,correct,
DI3Mqi034afd,41,,incorrect,
DI3Mqi034afd,42,,correct,
DI3Mqi034afd,43,,correct,
DI3Mqi034afd,44,,incorrect,
DI3Mqi034afd,45,,incorrect,
DI3Mqi034afd,46,,correct,
DI3Mqi034afd,47,,incorrect,
DI3Mqi034afd,48,,correct,
DI3Mqi034afd,49,,incorrect,
DI3Mqi034afd,50,,correct,
DI3Mqi034afd,51,,correct,
DI3Mqi034afd,52,,correct,
DI3Mqi034afd,53,,correct,
DI3Mqi034afd,54,,correct,
DI3Mqi034afd,55,,correct,
DI3Mqi034afd,56,,incorrect,
DI3Mqi034afd,57,,correct,
DI3Mqi034afd,58,,correct,
DI3Mqi034afd,59,,correct,
DI3Mqi034afd,60,,correct,
Oc5QucHDsmjC,31,,correct,
Oc5QucHDsmjC,32,,correct,
Oc5QucHDsmjC,33,,correct,
Oc5QucHDsmjC,34,,correct,
Oc5QucHDsmjC,35,,correct,
Oc5QucHDsmjC,36,,correct,
Oc5QucHDsmjC,37,,correct,
Oc5QucHDsmjC,38,,incorrect,
Oc5QucHDsmjC,39,,correct,
Oc5QucHDsmjC,40,,correct,
Oc5QucHDsmjC,41,,incorrect,
Oc5QucHDsmjC,42,,correct,
Oc5QucHDsmjC,43,,correct,
Oc5QucHDsmjC,44,,incorrect,
Oc5QucHDsmjC,45,,incorrect,
Oc5QucHDsmjC,46,,correct,
Oc5QucHDsmjC,47,,incorrect,
Oc5QucHDsmjC,48,,correct,
Oc5QucHDsmjC,49,,incorrect,
Oc5QucHDsmjC,50,,correct,
Oc5QucHDsmjC,51,,correct,
Oc5QucHDsmjC,52,,correct,
Oc5QucHDsmjC,53,,correct,
Oc5QucHDsmjC,54,,correct,
Oc5QucHDsmjC,55,,correct,
Oc5QucHDsmjC,56,,incorrect,
Oc5QucHDsmjC,57,,correct,
Oc5QucHDsmjC,58,,correct,
Oc5QucHDsmjC,59,,correct,
Oc5QucHDsmjC,60,,correct,
vgAkx62M3oPn,31,,correct,
vgAkx62M3oPn,32,,incorrect,
vgAkx62M3oPn,33,,correct,
vgAkx62M3oPn,34,,correct,
vgAkx62M3oPn,35,,correct,
vgAkx62M3oPn,36,,incorrect,
vgAkx62M3oPn,37,,correct,
vgAkx62M3oPn,38,,incorrect,
vgAkx62M3oPn,39,,correct,
vgAkx62M3oPn,40,,correct,
vgAkx62M3oPn,41,,correct,
vgAkx62M3oPn,42,,correct,
vgAkx62M3oPn,43,,correct,
vgAkx62M3oPn,44,,correct,
vgAkx62M3oPn,45,,incorrect,
vgAkx62M3oPn,46,,correct,
vgAkx62M3oPn,47,,correct,
vgAkx62M3oPn,48,,correct,
vgAkx62M3oPn,49,,incorrect,
vgAkx62M3oPn,50,,correct,
vgAkx62M3oPn,51,,correct,
vgAkx62M3oPn,52,,correct,
vgAkx62M3oPn,53,,correct,
vgAkx62M3oPn,54,,correct,
vgAkx62M3oPn,55,,correct,
vgAkx62M3oPn,56,,incorrect,
vgAkx62M3oPn,57,,correct,
vgAkx62M3oPn,58,,correct,
vgAkx62M3oPn,59,,correct,
vgAkx62M3oPn,60,,correct,
nWRIo9XQJBPf,31,,incorrect,
nWRIo9XQJBPf,32,,correct,
nWRIo9XQJBPf,33,,correct,
nWRIo9XQJBPf,34,,correct,
nWRIo9XQJBPf,35,,correct,
nWRIo9XQJBPf,36,,incorrect,
nWRIo9XQJBPf,37,,correct,
nWRIo9XQJBPf,38,,correct,
nWRIo9XQJBPf,39,,correct,
nWRIo9XQJBPf,40,,correct,
nWRIo9XQJBPf,41,,correct,
nWRIo9XQJBPf,42,,correct,
nWRIo9XQJBPf,43,,correct,
nWRIo9XQJBPf,44,,correct,
nWRIo9XQJBPf,45,,incorrect,
nWRIo9XQJBPf,46,,correct,
nWRIo9XQJBPf,47,,correct,
nWRIo9XQJBPf,48,,incorrect,
nWRIo9XQJBPf,49,,incorrect,
nWRIo9XQJBPf,50,,correct,
nWRIo9XQJBPf,51,,correct,
nWRIo9XQJBPf,52,,correct,
nWRIo9XQJBPf,53,,correct,
nWRIo9XQJBPf,54,,correct,
nWRIo9XQJBPf,55,,correct,
nWRIo9XQJBPf,56,,incorrect,
nWRIo9XQJBPf,57,,correct,
nWRIo9XQJBPf,58,,correct,
nWRIo9XQJBPf,59,,correct,
nWRIo9XQJBPf,60,,correct,
0Hpj01paAdfZ,31,,correct,
0Hpj01paAdfZ,32,,correct,
0Hpj01paAdfZ,33,,correct,
0Hpj01paAdfZ,34,,correct,
0Hpj01paAdfZ,35,,correct,
0Hpj01paAdfZ,36,,correct,
0Hpj01paAdfZ,37,,incorrect,
0Hpj01paAdfZ,38,,correct,
0Hpj01paAdfZ,39,,correct,
0Hpj01paAdfZ,40,,correct,
0Hpj01paAdfZ,41,,incorrect,
0Hpj01paAdfZ,42,,correct,
0Hpj01paAdfZ,43,,incorrect,
0Hpj01paAdfZ,44,,correct,
0Hpj01paAdfZ,45,,incorrect,
0Hpj01paAdfZ,46,,correct,
0Hpj01paAdfZ,47,,incorrect,
0Hpj01paAdfZ,48,,correct,
0Hpj01paAdfZ,49,,incorrect,
0Hpj01paAdfZ,50,,correct,
0Hpj01paAdfZ,51,,correct,
0Hpj01paAdfZ,52,,correct,
0Hpj01paAdfZ,53,,correct,
0Hpj01paAdfZ,54,,correct,
0Hpj01paAdfZ,55,,correct,
0Hpj01paAdfZ,56,,incorrect,
0Hpj01paAdfZ,57,,correct,
0Hpj01paAdfZ,58,,correct,
0Hpj01paAdfZ,59,,incorrect,
0Hpj01paAdfZ,60,,correct,
P76XnTmOjZzU,31,,incorrect,
P76XnTmOjZzU,32,,correct,
P76XnTmOjZzU,33,,correct,
P76XnTmOjZzU,34,,correct,
P76XnTmOjZzU,35,,correct,
P76XnTmOjZzU,36,,correct,
P76XnTmOjZzU,37,,correct,
P76XnTmOjZzU,38,,incorrect,
P76XnTmOjZzU,39,,correct,
P76XnTmOjZzU,40,,correct,
P76XnTmOjZzU,41,,incorrect,
P76XnTmOjZzU,42,,correct,
P76XnTmOjZzU,43,,correct,
P76XnTmOjZzU,44,,correct,
P76XnTmOjZzU,45,,incorrect,
P76XnTmOjZzU,46,,correct,
P76XnTmOjZzU,47,,incorrect,
P76XnTmOjZzU,48,,correct,
P76XnTmOjZzU,49,,incorrect,
P76XnTmOjZzU,50,,correct,
P76XnTmOjZzU,51,,correct,
P76XnTmOjZzU,52,,correct,
P76XnTmOjZzU,53,,correct,
P76XnTmOjZzU,54,,correct,
P76XnTmOjZzU,55,,correct,
P76XnTmOjZzU,56,,incorrect,
P76XnTmOjZzU,57,,correct,
P76XnTmOjZzU,58,,correct,
P76XnTmOjZzU,59,,correct,
P76XnTmOjZzU,60,,correct,
jkDHRLkdOO06,31,,incorrect,
jkDHRLkdOO06,32,,correct,
jkDHRLkdOO06,33,,correct,
jkDHRLkdOO06,34,,correct,
jkDHRLkdOO06,35,,correct,
jkDHRLkdOO06,36,,correct,
jkDHRLkdOO06,37,,correct,
jkDHRLkdOO06,38,,incorrect,
jkDHRLkdOO06,39,,correct,
jkDHRLkdOO06,40,,correct,
jkDHRLkdOO06,41,,incorrect,
jkDHRLkdOO06,42,,correct,
jkDHRLkdOO06,43,,correct,
jkDHRLkdOO06,44,,correct,
jkDHRLkdOO06,45,,incorrect,
jkDHRLkdOO06,46,,correct,
jkDHRLkdOO06,47,,incorrect,
jkDHRLkdOO06,48,,correct,
jkDHRLkdOO06,49,,incorrect,
jkDHRLkdOO06,50,,correct,
jkDHRLkdOO06,51,,correct,
jkDHRLkdOO06,52,,correct,
jkDHRLkdOO06,53,,correct,
jkDHRLkdOO06,54,,correct,
jkDHRLkdOO06,55,,correct,
jkDHRLkdOO06,56,,incorrect,
jkDHRLkdOO06,57,,correct,
jkDHRLkdOO06,58,,correct,
jkDHRLkdOO06,59,,correct,
jkDHRLkdOO06,60,,correct,
cCanr1FJP4WP,31,,incorrect,
cCanr1FJP4WP,32,,correct,
cCanr1FJP4WP,33,,correct,
cCanr1FJP4WP,34,,correct,
cCanr1FJP4WP,35,,correct,
cCanr1FJP4WP,36,,correct,
cCanr1FJP4WP,37,,correct,
cCanr1FJP4WP,38,,incorrect,
cCanr1FJP4WP,39,,correct,
cCanr1FJP4WP,40,,correct,
cCanr1FJP4WP,41,,incorrect,
cCanr1FJP4WP,42,,correct,
cCanr1FJP4WP,43,,correct,
cCanr1FJP4WP,44,,correct,
cCanr1FJP4WP,45,,incorrect,
cCanr1FJP4WP,46,,correct,
cCanr1FJP4WP,47,,incorrect,
cCanr1FJP4WP,48,,correct,
cCanr1FJP4WP,49,,incorrect,
cCanr1FJP4WP,50,,correct,
cCanr1FJP4WP,51,,correct,
cCanr1FJP4WP,52,,correct,
cCanr1FJP4WP,53,,correct,
cCanr1FJP4WP,54,,correct,
cCanr1FJP4WP,55,,correct,
cCanr1FJP4WP,56,,incorrect,
cCanr1FJP4WP,57,,correct,
cCanr1FJP4WP,58,,correct,
cCanr1FJP4WP,59,,correct,
cCanr1FJP4WP,60,,correct,
CprL2LITeTET,31,,incorrect,
CprL2LITeTET,32,,correct,
CprL2LITeTET,33,,correct,
CprL2LITeTET,34,,correct,
CprL2LITeTET,35,,correct,
CprL2LITeTET,36,,correct,
CprL2LITeTET,37,,correct,
CprL2LITeTET,38,,incorrect,
CprL2LITeTET,39,,correct,
CprL2LITeTET,40,,correct,
CprL2LITeTET,41,,incorrect,
CprL2LITeTET,42,,correct,
CprL2LITeTET,43,,correct,
CprL2LITeTET,44,,correct,
CprL2LITeTET,45,,incorrect,
CprL2LITeTET,46,,correct,
CprL2LITeTET,47,,incorrect,
CprL2LITeTET,48,,correct,
CprL2LITeTET,49,,incorrect,
CprL2LITeTET,50,,correct,
CprL2LITeTET,51,,correct,
CprL2LITeTET,52,,correct,
CprL2LITeTET,53,,correct,
CprL2LITeTET,54,,correct,
CprL2LITeTET,55,,correct,
CprL2LITeTET,56,,incorrect,
CprL2LITeTET,57,,correct,
CprL2LITeTET,58,,correct,
CprL2LITeTET,59,,correct,
CprL2LITeTET,60,,correct,
wLeCyVvKyFT8,31,,incorrect,
wLeCyVvKyFT8,32,,incorrect,
wLeCyVvKyFT8,33,,correct,
wLeCyVvKyFT8,34,,correct,
wLeCyVvKyFT8,35,,correct,
wLeCyVvKyFT8,36,,correct,
wLeCyVvKyFT8,37,,correct,
wLeCyVvKyFT8,38,,correct,
wLeCyVvKyFT8,39,,correct,
wLeCyVvKyFT8,40,,correct,
wLeCyVvKyFT8,41,,correct,
wLeCyVvKyFT8,42,,correct,
wLeCyVvKyFT8,43,,incorrect,
wLeCyVvKyFT8,44,,correct,
wLeCyVvKyFT8,45,,incorrect,
wLeCyVvKyFT8,46,,correct,
wLeCyVvKyFT8,47,,incorrect,
wLeCyVvKyFT8,48,,correct,
wLeCyVvKyFT8,49,,incorrect,
wLeCyVvKyFT8,50,,correct,
wLeCyVvKyFT8,51,,correct,
wLeCyVvKyFT8,52,,correct,
wLeCyVvKyFT8,53,,correct,
wLeCyVvKyFT8,54,,correct,
wLeCyVvKyFT8,55,,correct,
wLeCyVvKyFT8,56,,incorrect,
wLeCyVvKyFT8,57,,correct,
wLeCyVvKyFT8,58,,correct,
wLeCyVvKyFT8,59,,correct,
wLeCyVvKyFT8,60,,correct,
w1PmKgj9FomZ,31,,correct,
w1PmKgj9FomZ,32,,incorrect,
w1PmKgj9FomZ,33,,correct,
w1PmKgj9FomZ,34,,correct,
w1PmKgj9FomZ,35,,correct,
w1PmKgj9FomZ,36,,correct,
w1PmKgj9FomZ,37,,correct,
w1PmKgj9FomZ,38,,incorrect,
w1PmKgj9FomZ,39,,correct,
w1PmKgj9FomZ,40,,correct,
w1PmKgj9FomZ,41,,correct,
w1PmKgj9FomZ,42,,correct,
w1PmKgj9FomZ,43,,incorrect,
w1PmKgj9FomZ,44,,correct,
w1PmKgj9FomZ,45,,incorrect,
w1PmKgj9FomZ,46,,correct,
w1PmKgj9FomZ,47,,incorrect,
w1PmKgj9FomZ,48,,correct,
w1PmKgj9FomZ,49,,incorrect,
w1PmKgj9FomZ,50,,correct,
w1PmKgj9FomZ,51,,correct,
w1PmKgj9FomZ,52,,correct,
w1PmKgj9FomZ,53,,correct,
w1PmKgj9FomZ,54,,correct,
w1PmKgj9FomZ,55,,correct,
w1PmKgj9FomZ,56,,incorrect,
w1PmKgj9FomZ,57,,correct,
w1PmKgj9FomZ,58,,correct,
w1PmKgj9FomZ,59,,correct,
w1PmKgj9FomZ,60,,correct,
OHaSXzUdzChO,31,,correct,
OHaSXzUdzChO,32,,incorrect,
OHaSXzUdzChO,33,,correct,
OHaSXzUdzChO,34,,correct,
OHaSXzUdzChO,35,,correct,
OHaSXzUdzChO,36,,correct,
OHaSXzUdzChO,37,,correct,
OHaSXzUdzChO,38,,incorrect,
OHaSXzUdzChO,39,,correct,
OHaSXzUdzChO,40,,correct,
OHaSXzUdzChO,41,,correct,
OHaSXzUdzChO,42,,correct,
OHaSXzUdzChO,43,,incorrect,
OHaSXzUdzChO,44,,correct,
OHaSXzUdzChO,45,,incorrect,
OHaSXzUdzChO,46,,correct,
OHaSXzUdzChO,47,,incorrect,
OHaSXzUdzChO,48,,correct,
OHaSXzUdzChO,49,,incorrect,
OHaSXzUdzChO,50,,correct,
OHaSXzUdzChO,51,,correct,
OHaSXzUdzChO,52,,correct,
OHaSXzUdzChO,53,,correct,
OHaSXzUdzChO,54,,correct,
OHaSXzUdzChO,55,,correct,
OHaSXzUdzChO,56,,incorrect,
OHaSXzUdzChO,57,,correct,
OHaSXzUdzChO,58,,correct,
OHaSXzUdzChO,59,,correct,
OHaSXzUdzChO,60,,correct,
C6BcTLw4mOKQ,31,,correct,
C6BcTLw4mOKQ,32,,incorrect,
C6BcTLw4mOKQ,33,,correct,
C6BcTLw4mOKQ,34,,correct,
C6BcTLw4mOKQ,35,,correct,
C6BcTLw4mOKQ,36,,correct,
C6BcTLw4mOKQ,37,,correct,
C6BcTLw4mOKQ,38,,incorrect,
C6BcTLw4mOKQ,39,,correct,
C6BcTLw4mOKQ,40,,correct,
C6BcTLw4mOKQ,41,,correct,
C6BcTLw4mOKQ,42,,correct,
C6BcTLw4mOKQ,43,,incorrect,
C6BcTLw4mOKQ,44,,correct,
C6BcTLw4mOKQ,45,,incorrect,
C6BcTLw4mOKQ,46,,correct,
C6BcTLw4mOKQ,47,,incorrect,
C6BcTLw4mOKQ,48,,correct,
C6BcTLw4mOKQ,49,,incorrect,
C6BcTLw4mOKQ,50,,correct,
C6BcTLw4mOKQ,51,,correct,
C6BcTLw4mOKQ,52,,correct,
C6BcTLw4mOKQ,53,,correct,
C6BcTLw4mOKQ,54,,correct,
C6BcTLw4mOKQ,55,,correct,
C6BcTLw4mOKQ,56,,incorrect,
C6BcTLw4mOKQ,57,,correct,
C6BcTLw4mOKQ,58,,correct,
C6BcTLw4mOKQ,59,,correct,
C6BcTLw4mOKQ,60,,correct,
tZNKhSZpzqOT,31,,incorrect,
tZNKhSZpzqOT,32,,correct,
tZNKhSZpzqOT,33,,correct,
tZNKhSZpzqOT,34,,incorrect,
tZNKhSZpzqOT,35,,correct,
tZNKhSZpzqOT,36,,correct,
tZNKhSZpzqOT,37,,correct,
tZNKhSZpzqOT,38,,incorrect,
tZNKhSZpzqOT,39,,correct,
tZNKhSZpzqOT,40,,correct,
tZNKhSZpzqOT,41,,correct,
tZNKhSZpzqOT,42,,correct,
tZNKhSZpzqOT,43,,correct,
tZNKhSZpzqOT,44,,correct,
tZNKhSZpzqOT,45,,incorrect,
tZNKhSZpzqOT,46,,correct,
tZNKhSZpzqOT,47,,incorrect,
tZNKhSZpzqOT,48,,correct,
tZNKhSZpzqOT,49,,incorrect,
tZNKhSZpzqOT,50,,correct,
tZNKhSZpzqOT,51,,correct,
tZNKhSZpzqOT,52,,correct,
tZNKhSZpzqOT,53,,correct,
tZNKhSZpzqOT,54,,correct,
tZNKhSZpzqOT,55,,correct,
tZNKhSZpzqOT,56,,incorrect,
tZNKhSZpzqOT,57,,correct,
tZNKhSZpzqOT,58,,correct,
tZNKhSZpzqOT,59,,correct,
tZNKhSZpzqOT,60,,correct,
RM55e8d3Jbjm,31,,correct,
RM55e8d3Jbjm,32,,incorrect,
RM55e8d3Jbjm,33,,correct,
RM55e8d3Jbjm,34,,correct,
RM55e8d3Jbjm,35,,correct,
RM55e8d3Jbjm,36,,correct,
RM55e8d3Jbjm,37,,correct,
RM55e8d3Jbjm,38,,correct,
RM55e8d3Jbjm,39,,correct,
RM55e8d3Jbjm,40,,correct,
RM55e8d3Jbjm,41,,correct,
RM55e8d3Jbjm,42,,correct,
RM55e8d3Jbjm,43,,incorrect,
RM55e8d3Jbjm,44,,correct,
RM55e8d3Jbjm,45,,incorrect,
RM55e8d3Jbjm,46,,correct,
RM55e8d3Jbjm,47,,incorrect,
RM55e8d3Jbjm,48,,correct,
RM55e8d3Jbjm,49,,incorrect,
RM55e8d3Jbjm,50,,correct,
RM55e8d3Jbjm,51,,correct,
RM55e8d3Jbjm,52,,correct,
RM55e8d3Jbjm,53,,correct,
RM55e8d3Jbjm,54,,correct,
RM55e8d3Jbjm,55,,correct,
RM55e8d3Jbjm,56,,incorrect,
RM55e8d3Jbjm,57,,incorrect,
RM55e8d3Jbjm,58,,correct,
RM55e8d3Jbjm,59,,correct,
RM55e8d3Jbjm,60,,correct,
CyGywfdJf5VZ,31,,correct,
CyGywfdJf5VZ,32,,correct,
CyGywfdJf5VZ,33,,correct,
CyGywfdJf5VZ,34,,correct,
CyGywfdJf5VZ,35,,correct,
CyGywfdJf5VZ,36,,correct,
CyGywfdJf5VZ,37,,correct,
CyGywfdJf5VZ,38,,incorrect,
CyGywfdJf5VZ,39,,correct,
CyGywfdJf5VZ,40,,correct,
CyGywfdJf5VZ,41,,correct,
CyGywfdJf5VZ,42,,correct,
CyGywfdJf5VZ,43,,incorrect,
CyGywfdJf5VZ,44,,incorrect,
CyGywfdJf5VZ,45,,incorrect,
CyGywfdJf5VZ,46,,correct,
CyGywfdJf5VZ,47,,incorrect,
CyGywfdJf5VZ,48,,correct,
CyGywfdJf5VZ,49,,incorrect,
CyGywfdJf5VZ,50,,correct,
CyGywfdJf5VZ,51,,correct,
CyGywfdJf5VZ,52,,correct,
CyGywfdJf5VZ,53,,correct,
CyGywfdJf5VZ,54,,correct,
CyGywfdJf5VZ,55,,correct,
CyGywfdJf5VZ,56,,incorrect,
CyGywfdJf5VZ,57,,correct,
CyGywfdJf5VZ,58,,incorrect,
CyGywfdJf5VZ,59,,correct,
CyGywfdJf5VZ,60,,correct,
R8OVhINU7nka,31,,correct,
R8OVhINU7nka,32,,correct,
R8OVhINU7nka,33,,correct,
R8OVhINU7nka,34,,correct,
R8OVhINU7nka,35,,correct,
R8OVhINU7nka,36,,incorrect,
R8OVhINU7nka,37,,incorrect,
R8OVhINU7nka,38,,incorrect,
R8OVhINU7nka,39,,correct,
R8OVhINU7nka,40,,correct,
R8OVhINU7nka,41,,correct,
R8OVhINU7nka,42,,correct,
R8OVhINU7nka,43,,incorrect,
R8OVhINU7nka,44,,correct,
R8OVhINU7nka,45,,incorrect,
R8OVhINU7nka,46,,correct,
R8OVhINU7nka,47,,incorrect,
R8OVhINU7nka,48,,correct,
R8OVhINU7nka,49,,incorrect,
R8OVhINU7nka,50,,correct,
R8OVhINU7nka,51,,correct,
R8OVhINU7nka,52,,correct,
R8OVhINU7nka,53,,correct,
R8OVhINU7nka,54,,correct,
R8OVhINU7nka,55,,correct,
R8OVhINU7nka,56,,incorrect,
R8OVhINU7nka,57,,correct,
R8OVhINU7nka,58,,correct,
R8OVhINU7nka,59,,correct,
R8OVhINU7nka,60,,correct,
6k8WibIW0Img,31,,correct,
6k8WibIW0Img,32,,incorrect,
6k8WibIW0Img,33,,correct,
6k8WibIW0Img,34,,correct,
6k8WibIW0Img,35,,correct,
6k8WibIW0Img,36,,correct,
6k8WibIW0Img,37,,correct,
6k8WibIW0Img,38,,incorrect,
6k8WibIW0Img,39,,correct,
6k8WibIW0Img,40,,correct,
6k8WibIW0Img,41,,correct,
6k8WibIW0Img,42,,correct,
6k8WibIW0Img,43,,correct,
6k8WibIW0Img,44,,correct,
6k8WibIW0Img,45,,incorrect,
6k8WibIW0Img,46,,correct,
6k8WibIW0Img,47,,incorrect,
6k8WibIW0Img,48,,correct,
6k8WibIW0Img,49,,incorrect,
6k8WibIW0Img,50,,correct,
6k8WibIW0Img,51,,incorrect,
6k8WibIW0Img,52,,correct,
6k8WibIW0Img,53,,correct,
6k8WibIW0Img,54,,correct,
6k8WibIW0Img,55,,correct,
6k8WibIW0Img,56,,incorrect,
6k8WibIW0Img,57,,correct,
6k8WibIW0Img,58,,correct,
6k8WibIW0Img,59,,correct,
6k8WibIW0Img,60,,correct,
SOvsRqc7VPKI,31,,correct,
SOvsRqc7VPKI,32,,incorrect,
SOvsRqc7VPKI,33,,correct,
SOvsRqc7VPKI,34,,correct,
SOvsRqc7VPKI,35,,correct,
SOvsRqc7VPKI,36,,correct,
SOvsRqc7VPKI,37,,correct,
SOvsRqc7VPKI,38,,incorrect,
SOvsRqc7VPKI,39,,correct,
SOvsRqc7VPKI,40,,correct,
SOvsRqc7VPKI,41,,correct,
SOvsRqc7VPKI,42,,correct,
SOvsRqc7VPKI,43,,correct,
SOvsRqc7VPKI,44,,correct,
SOvsRqc7VPKI,45,,incorrect,
SOvsRqc7VPKI,46,,correct,
SOvsRqc7VPKI,47,,incorrect,
SOvsRqc7VPKI,48,,correct,
SOvsRqc7VPKI,49,,incorrect,
SOvsRqc7VPKI,50,,correct,
SOvsRqc7VPKI,51,,incorrect,
SOvsRqc7VPKI,52,,correct,
SOvsRqc7VPKI,53,,correct,
SOvsRqc7VPKI,54,,correct,
SOvsRqc7VPKI,55,,correct,
SOvsRqc7VPKI,56,,incorrect,
SOvsRqc7VPKI,57,,correct,
SOvsRqc7VPKI,58,,correct,
SOvsRqc7VPKI,59,,correct,
SOvsRqc7VPKI,60,,correct,
RjR3B2X554Pn,31,,correct,
RjR3B2X554Pn,32,,incorrect,
RjR3B2X554Pn,33,,correct,
RjR3B2X554Pn,34,,correct,
RjR3B2X554Pn,35,,correct,
RjR3B2X554Pn,36,,correct,
RjR3B2X554Pn,37,,incorrect,
RjR3B2X554Pn,38,,incorrect,
RjR3B2X554Pn,39,,correct,
RjR3B2X554Pn,40,,correct,
RjR3B2X554Pn,41,,correct,
RjR3B2X554Pn,42,,correct,
RjR3B2X554Pn,43,,incorrect,
RjR3B2X554Pn,44,,correct,
RjR3B2X554Pn,45,,incorrect,
RjR3B2X554Pn,46,,incorrect,
RjR3B2X554Pn,47,,correct,
RjR3B2X554Pn,48,,correct,
RjR3B2X554Pn,49,,incorrect,
RjR3B2X554Pn,50,,correct,
RjR3B2X554Pn,51,,correct,
RjR3B2X554Pn,52,,correct,
RjR3B2X554Pn,53,,correct,
RjR3B2X554Pn,54,,correct,
RjR3B2X554Pn,55,,correct,
RjR3B2X554Pn,56,,incorrect,
RjR3B2X554Pn,57,,correct,
RjR3B2X554Pn,58,,correct,
RjR3B2X554Pn,59,,correct,
RjR3B2X554Pn,60,,correct,
o2VbFpgtLwG2,31,,correct,
o2VbFpgtLwG2,32,,correct,
o2VbFpgtLwG2,33,,correct,
o2VbFpgtLwG2,34,,correct,
o2VbFpgtLwG2,35,,correct,
o2VbFpgtLwG2,36,,incorrect,
o2VbFpgtLwG2,37,,incorrect,
o2VbFpgtLwG2,38,,incorrect,
o2VbFpgtLwG2,39,,correct,
o2VbFpgtLwG2,40,,correct,
o2VbFpgtLwG2,41,,correct,
o2VbFpgtLwG2,42,,correct,
o2VbFpgtLwG2,43,,correct,
o2VbFpgtLwG2,44,,correct,
o2VbFpgtLwG2,45,,incorrect,
o2VbFpgtLwG2,46,,correct,
o2VbFpgtLwG2,47,,incorrect,
o2VbFpgtLwG2,48,,correct,
o2VbFpgtLwG2,49,,incorrect,
o2VbFpgtLwG2,50,,correct,
o2VbFpgtLwG2,51,,correct,
o2VbFpgtLwG2,52,,correct,
o2VbFpgtLwG2,53,,correct,
o2VbFpgtLwG2,54,,correct,
o2VbFpgtLwG2,55,,correct,
o2VbFpgtLwG2,56,,incorrect,
o2VbFpgtLwG2,57,,correct,
o2VbFpgtLwG2,58,,correct,
o2VbFpgtLwG2,59,,correct,
o2VbFpgtLwG2,60,,correct,
QJyEL3O7YA2f,31,,correct,
QJyEL3O7YA2f,32,,correct,
QJyEL3O7YA2f,33,,correct,
QJyEL3O7YA2f,34,,correct,
QJyEL3O7YA2f,35,,correct,
QJyEL3O7YA2f,36,,correct,
QJyEL3O7YA2f,37,,correct,
QJyEL3O7YA2f,38,,incorrect,
QJyEL3O7YA2f,39,,correct,
QJyEL3O7YA2f,40,,correct,
QJyEL3O7YA2f,41,,correct,
QJyEL3O7YA2f,42,,correct,
QJyEL3O7YA2f,43,,correct,
QJyEL3O7YA2f,44,,correct,
QJyEL3O7YA2f,45,,incorrect,
QJyEL3O7YA2f,46,,correct,
QJyEL3O7YA2f,47,,incorrect,
QJyEL3O7YA2f,48,,correct,
QJyEL3O7YA2f,49,,incorrect,
QJyEL3O7YA2f,50,,correct,
QJyEL3O7YA2f,51,,correct,
QJyEL3O7YA2f,52,,correct,
QJyEL3O7YA2f,53,,correct,
QJyEL3O7YA2f,54,,correct,
QJyEL3O7YA2f,55,,correct,
QJyEL3O7YA2f,56,,incorrect,
QJyEL3O7YA2f,57,,correct,
QJyEL3O7YA2f,58,,correct,
QJyEL3O7YA2f,59,,correct,
QJyEL3O7YA2f,60,,correct,
tmTN8RB25aRn,31,,correct,
tmTN8RB25aRn,32,,incorrect,
tmTN8RB25aRn,33,,correct,
tmTN8RB25aRn,34,,correct,
tmTN8RB25aRn,35,,correct,
tmTN8RB25aRn,36,,correct,
tmTN8RB25aRn,37,,correct,
tmTN8RB25aRn,38,,incorrect,
tmTN8RB25aRn,39,,correct,
tmTN8RB25aRn,40,,correct,
tmTN8RB25aRn,41,,correct,
tmTN8RB25aRn,42,,correct,
tmTN8RB25aRn,43,,incorrect,
tmTN8RB25aRn,44,,correct,
tmTN8RB25aRn,45,,incorrect,
tmTN8RB25aRn,46,,correct,
tmTN8RB25aRn,47,,incorrect,
tmTN8RB25aRn,48,,correct,
tmTN8RB25aRn,49,,incorrect,
tmTN8RB25aRn,50,,correct,
tmTN8RB25aRn,51,,correct,
tmTN8RB25aRn,52,,correct,
tmTN8RB25aRn,53,,correct,
tmTN8RB25aRn,54,,correct,
tmTN8RB25aRn,55,,correct,
tmTN8RB25aRn,56,,incorrect,
tmTN8RB25aRn,57,,correct,
tmTN8RB25aRn,58,,correct,
tmTN8RB25aRn,59,,correct,
tmTN8RB25aRn,60,,correct,
m7l9wOWJlnvS,31,,incorrect,
m7l9wOWJlnvS,32,,correct,
m7l9wOWJlnvS,33,,correct,
m7l9wOWJlnvS,34,,correct,
m7l9wOWJlnvS,35,,correct,
m7l9wOWJlnvS,36,,correct,
m7l9wOWJlnvS,37,,correct,
m7l9wOWJlnvS,38,,incorrect,
m7l9wOWJlnvS,39,,correct,
m7l9wOWJlnvS,40,,correct,
m7l9wOWJlnvS,41,,incorrect,
m7l9wOWJlnvS,42,,correct,
m7l9wOWJlnvS,43,,incorrect,
m7l9wOWJlnvS,44,,correct,
m7l9wOWJlnvS,45,,incorrect,
m7l9wOWJlnvS,46,,correct,
m7l9wOWJlnvS,47,,incorrect,
m7l9wOWJlnvS,48,,correct,
m7l9wOWJlnvS,49,,incorrect,
m7l9wOWJlnvS,50,,correct,
m7l9wOWJlnvS,51,,correct,
m7l9wOWJlnvS,52,,correct,
m7l9wOWJlnvS,53,,correct,
m7l9wOWJlnvS,54,,correct,
m7l9wOWJlnvS,55,,correct,
m7l9wOWJlnvS,56,,incorrect,
m7l9wOWJlnvS,57,,correct,
m7l9wOWJlnvS,58,,correct,
m7l9wOWJlnvS,59,,correct,
m7l9wOWJlnvS,60,,correct,
AQklHbi5bt8l,31,,incorrect,
AQklHbi5bt8l,32,,incorrect,
AQklHbi5bt8l,33,,correct,
AQklHbi5bt8l,34,,correct,
AQklHbi5bt8l,35,,correct,
AQklHbi5bt8l,36,,correct,
AQklHbi5bt8l,37,,correct,
AQklHbi5bt8l,38,,correct,
AQklHbi5bt8l,39,,correct,
AQklHbi5bt8l,40,,correct,
AQklHbi5bt8l,41,,correct,
AQklHbi5bt8l,42,,correct,
AQklHbi5bt8l,43,,incorrect,
AQklHbi5bt8l,44,,correct,
AQklHbi5bt8l,45,,incorrect,
AQklHbi5bt8l,46,,correct,
AQklHbi5bt8l,47,,incorrect,
AQklHbi5bt8l,48,,correct,
AQklHbi5bt8l,49,,incorrect,
AQklHbi5bt8l,50,,correct,
AQklHbi5bt8l,51,,correct,
AQklHbi5bt8l,52,,correct,
AQklHbi5bt8l,53,,correct,
AQklHbi5bt8l,54,,correct,
AQklHbi5bt8l,55,,correct,
AQklHbi5bt8l,56,,incorrect,
AQklHbi5bt8l,57,,correct,
AQklHbi5bt8l,58,,correct,
AQklHbi5bt8l,59,,correct,
AQklHbi5bt8l,60,,correct,
KwlNeadgH2OL,31,,correct,
KwlNeadgH2OL,32,,correct,
KwlNeadgH2OL,33,,correct,
KwlNeadgH2OL,34,,correct,
KwlNeadgH2OL,35,,correct,
KwlNeadgH2OL,36,,incorrect,
KwlNeadgH2OL,37,,correct,
KwlNeadgH2OL,38,,incorrect,
KwlNeadgH2OL,39,,correct,
KwlNeadgH2OL,40,,correct,
KwlNeadgH2OL,41,,correct,
KwlNeadgH2OL,42,,correct,
KwlNeadgH2OL,43,,correct,
KwlNeadgH2OL,44,,incorrect,
KwlNeadgH2OL,45,,incorrect,
KwlNeadgH2OL,46,,correct,
KwlNeadgH2OL,47,,incorrect,
KwlNeadgH2OL,48,,correct,
KwlNeadgH2OL,49,,incorrect,
KwlNeadgH2OL,50,,correct,
KwlNeadgH2OL,51,,correct,
KwlNeadgH2OL,52,,correct,
KwlNeadgH2OL,53,,correct,
KwlNeadgH2OL,54,,correct,
KwlNeadgH2OL,55,,correct,
KwlNeadgH2OL,56,,incorrect,
KwlNeadgH2OL,57,,correct,
KwlNeadgH2OL,58,,correct,
KwlNeadgH2OL,59,,correct,
KwlNeadgH2OL,60,,correct,
OLMmduueQtv7,31,,incorrect,
OLMmduueQtv7,32,,incorrect,
OLMmduueQtv7,33,,correct,
OLMmduueQtv7,34,,correct,
OLMmduueQtv7,35,,correct,
OLMmduueQtv7,36,,correct,
OLMmduueQtv7,37,,correct,
OLMmduueQtv7,38,,incorrect,
OLMmduueQtv7,39,,correct,
OLMmduueQtv7,40,,correct,
OLMmduueQtv7,41,,correct,
OLMmduueQtv7,42,,correct,
OLMmduueQtv7,43,,incorrect,
OLMmduueQtv7,44,,correct,
OLMmduueQtv7,45,,incorrect,
OLMmduueQtv7,46,,incorrect,
OLMmduueQtv7,47,,correct,
OLMmduueQtv7,48,,correct,
OLMmduueQtv7,49,,incorrect,
OLMmduueQtv7,50,,correct,
OLMmduueQtv7,51,,correct,
OLMmduueQtv7,52,,correct,
OLMmduueQtv7,53,,correct,
OLMmduueQtv7,54,,correct,
OLMmduueQtv7,55,,correct,
OLMmduueQtv7,56,,incorrect,
OLMmduueQtv7,57,,correct,
OLMmduueQtv7,58,,correct,
OLMmduueQtv7,59,,correct,
OLMmduueQtv7,60,,correct,
yKhvr1tKGpJF,31,,incorrect,
yKhvr1tKGpJF,32,,incorrect,
yKhvr1tKGpJF,33,,correct,
yKhvr1tKGpJF,34,,correct,
yKhvr1tKGpJF,35,,correct,
yKhvr1tKGpJF,36,,correct,
yKhvr1tKGpJF,37,,correct,
yKhvr1tKGpJF,38,,incorrect,
yKhvr1tKGpJF,39,,correct,
yKhvr1tKGpJF,40,,correct,
yKhvr1tKGpJF,41,,correct,
yKhvr1tKGpJF,42,,correct,
yKhvr1tKGpJF,43,,incorrect,
yKhvr1tKGpJF,44,,correct,
yKhvr1tKGpJF,45,,incorrect,
yKhvr1tKGpJF,46,,correct,
yKhvr1tKGpJF,47,,incorrect,
yKhvr1tKGpJF,48,,correct,
yKhvr1tKGpJF,49,,incorrect,
yKhvr1tKGpJF,50,,correct,
yKhvr1tKGpJF,51,,correct,
yKhvr1tKGpJF,52,,correct,
yKhvr1tKGpJF,53,,correct,
yKhvr1tKGpJF,54,,correct,
yKhvr1tKGpJF,55,,correct,
yKhvr1tKGpJF,56,,incorrect,
yKhvr1tKGpJF,57,,correct,
yKhvr1tKGpJF,58,,correct,
yKhvr1tKGpJF,59,,correct,
yKhvr1tKGpJF,60,,correct,
xPRdKA5UBNGM,31,,incorrect,
xPRdKA5UBNGM,32,,correct,
xPRdKA5UBNGM,33,,correct,
xPRdKA5UBNGM,34,,correct,
xPRdKA5UBNGM,35,,correct,
xPRdKA5UBNGM,36,,correct,
xPRdKA5UBNGM,37,,correct,
xPRdKA5UBNGM,38,,incorrect,
xPRdKA5UBNGM,39,,correct,
xPRdKA5UBNGM,40,,correct,
xPRdKA5UBNGM,41,,incorrect,
xPRdKA5UBNGM,42,,correct,
xPRdKA5UBNGM,43,,correct,
xPRdKA5UBNGM,44,,correct,
xPRdKA5UBNGM,45,,incorrect,
xPRdKA5UBNGM,46,,correct,
xPRdKA5UBNGM,47,,incorrect,
xPRdKA5UBNGM,48,,incorrect,
xPRdKA5UBNGM,49,,incorrect,
xPRdKA5UBNGM,50,,correct,
xPRdKA5UBNGM,51,,correct,
xPRdKA5UBNGM,52,,correct,
xPRdKA5UBNGM,53,,correct,
xPRdKA5UBNGM,54,,correct,
xPRdKA5UBNGM,55,,correct,
xPRdKA5UBNGM,56,,incorrect,
xPRdKA5UBNGM,57,,correct,
xPRdKA5UBNGM,58,,correct,
xPRdKA5UBNGM,59,,correct,
xPRdKA5UBNGM,60,,correct,
7VLP2mvnxjRS,31,,correct,
7VLP2mvnxjRS,32,,correct,
7VLP2mvnxjRS,33,,correct,
7VLP2mvnxjRS,34,,correct,
7VLP2mvnxjRS,35,,correct,
7VLP2mvnxjRS,36,,incorrect,
7VLP2mvnxjRS,37,,correct,
7VLP2mvnxjRS,38,,correct,
7VLP2mvnxjRS,39,,correct,
7VLP2mvnxjRS,40,,correct,
7VLP2mvnxjRS,41,,incorrect,
7VLP2mvnxjRS,42,,correct,
7VLP2mvnxjRS,43,,correct,
7VLP2mvnxjRS,44,,incorrect,
7VLP2mvnxjRS,45,,incorrect,
7VLP2mvnxjRS,46,,correct,
7VLP2mvnxjRS,47,,incorrect,
7VLP2mvnxjRS,48,,correct,
7VLP2mvnxjRS,49,,incorrect,
7VLP2mvnxjRS,50,,correct,
7VLP2mvnxjRS,51,,correct,
7VLP2mvnxjRS,52,,correct,
7VLP2mvnxjRS,53,,correct,
7VLP2mvnxjRS,54,,correct,
7VLP2mvnxjRS,55,,correct,
7VLP2mvnxjRS,56,,incorrect,
7VLP2mvnxjRS,57,,correct,
7VLP2mvnxjRS,58,,correct,
7VLP2mvnxjRS,59,,incorrect,
7VLP2mvnxjRS,60,,correct,
AG7urKue7Fzv,31,,correct,
AG7urKue7Fzv,32,,correct,
AG7urKue7Fzv,33,,correct,
AG7urKue7Fzv,34,,correct,
AG7urKue7Fzv,35,,correct,
AG7urKue7Fzv,36,,incorrect,
AG7urKue7Fzv,37,,correct,
AG7urKue7Fzv,38,,incorrect,
AG7urKue7Fzv,39,,correct,
AG7urKue7Fzv,40,,correct,
AG7urKue7Fzv,41,,correct,
AG7urKue7Fzv,42,,correct,
AG7urKue7Fzv,43,,correct,
AG7urKue7Fzv,44,,correct,
AG7urKue7Fzv,45,,incorrect,
AG7urKue7Fzv,46,,correct,
AG7urKue7Fzv,47,,incorrect,
AG7urKue7Fzv,48,,correct,
AG7urKue7Fzv,49,,incorrect,
AG7urKue7Fzv,50,,correct,
AG7urKue7Fzv,51,,correct,
AG7urKue7Fzv,52,,correct,
AG7urKue7Fzv,53,,correct,
AG7urKue7Fzv,54,,correct,
AG7urKue7Fzv,55,,correct,
AG7urKue7Fzv,56,,incorrect,
AG7urKue7Fzv,57,,correct,
AG7urKue7Fzv,58,,correct,
AG7urKue7Fzv,59,,correct,
AG7urKue7Fzv,60,,correct,
Lo0o6MK08TyI,31,,incorrect,
Lo0o6MK08TyI,32,,incorrect,
Lo0o6MK08TyI,33,,correct,
Lo0o6MK08TyI,34,,correct,
Lo0o6MK08TyI,35,,correct,
Lo0o6MK08TyI,36,,correct,
Lo0o6MK08TyI,37,,correct,
Lo0o6MK08TyI,38,,incorrect,
Lo0o6MK08TyI,39,,correct,
Lo0o6MK08TyI,40,,correct,
Lo0o6MK08TyI,41,,correct,
Lo0o6MK08TyI,42,,correct,
Lo0o6MK08TyI,43,,incorrect,
Lo0o6MK08TyI,44,,correct,
Lo0o6MK08TyI,45,,incorrect,
Lo0o6MK08TyI,46,,correct,
Lo0o6MK08TyI,47,,incorrect,
Lo0o6MK08TyI,48,,correct,
Lo0o6MK08TyI,49,,incorrect,
Lo0o6MK08TyI,50,,correct,
Lo0o6MK08TyI,51,,correct,
Lo0o6MK08TyI,52,,correct,
Lo0o6MK08TyI,53,,correct,
Lo0o6MK08TyI,54,,correct,
Lo0o6MK08TyI,55,,correct,
Lo0o6MK08TyI,56,,incorrect,
Lo0o6MK08TyI,57,,correct,
Lo0o6MK08TyI,58,,correct,
Lo0o6MK08TyI,59,,correct,
Lo0o6MK08TyI,60,,correct,
a9ej6jzpNOPn,31,,incorrect,
a9ej6jzpNOPn,32,,correct,
a9ej6jzpNOPn,33,,correct,
a9ej6jzpNOPn,34,,correct,
a9ej6jzpNOPn,35,,correct,
a9ej6jzpNOPn,36,,correct,
a9ej6jzpNOPn,37,,correct,
a9ej6jzpNOPn,38,,incorrect,
a9ej6jzpNOPn,39,,correct,
a9ej6jzpNOPn,40,,correct,
a9ej6jzpNOPn,41,,correct,
a9ej6jzpNOPn,42,,correct,
a9ej6jzpNOPn,43,,correct,
a9ej6jzpNOPn,44,,correct,
a9ej6jzpNOPn,45,,incorrect,
a9ej6jzpNOPn,46,,correct,
a9ej6jzpNOPn,47,,incorrect,
a9ej6jzpNOPn,48,,correct,
a9ej6jzpNOPn,49,,incorrect,
a9ej6jzpNOPn,50,,correct,
a9ej6jzpNOPn,51,,correct,
a9ej6jzpNOPn,52,,correct,
a9ej6jzpNOPn,53,,correct,
a9ej6jzpNOPn,54,,correct,
a9ej6jzpNOPn,55,,correct,
a9ej6jzpNOPn,56,,incorrect,
a9ej6jzpNOPn,57,,correct,
a9ej6jzpNOPn,58,,correct,
a9ej6jzpNOPn,59,,correct,
a9ej6jzpNOPn,60,,correct,
Za018kn2raFk,31,,correct,
Za018kn2raFk,32,,incorrect,
Za018kn2raFk,33,,correct,
Za018kn2raFk,34,,correct,
Za018kn2raFk,35,,correct,
Za018kn2raFk,36,,correct,
Za018kn2raFk,37,,correct,
Za018kn2raFk,38,,incorrect,
Za018kn2raFk,39,,correct,
Za018kn2raFk,40,,correct,
Za018kn2raFk,41,,correct,
Za018kn2raFk,42,,correct,
Za018kn2raFk,43,,correct,
Za018kn2raFk,44,,correct,
Za018kn2raFk,45,,incorrect,
Za018kn2raFk,46,,correct,
Za018kn2raFk,47,,incorrect,
Za018kn2raFk,48,,correct,
Za018kn2raFk,49,,incorrect,
Za018kn2raFk,50,,correct,
Za018kn2raFk,51,,incorrect,
Za018kn2raFk,52,,correct,
Za018kn2raFk,53,,correct,
Za018kn2raFk,54,,correct,
Za018kn2raFk,55,,correct,
Za018kn2raFk,56,,incorrect,
Za018kn2raFk,57,,correct,
Za018kn2raFk,58,,correct,
Za018kn2raFk,59,,correct,
Za018kn2raFk,60,,correct,
N0qYmYE8QD78,31,,correct,
N0qYmYE8QD78,32,,incorrect,
N0qYmYE8QD78,33,,correct,
N0qYmYE8QD78,34,,correct,
N0qYmYE8QD78,35,,correct,
N0qYmYE8QD78,36,,correct,
N0qYmYE8QD78,37,,incorrect,
N0qYmYE8QD78,38,,correct,
N0qYmYE8QD78,39,,correct,
N0qYmYE8QD78,40,,correct,
N0qYmYE8QD78,41,,incorrect,
N0qYmYE8QD78,42,,correct,
N0qYmYE8QD78,43,,correct,
N0qYmYE8QD78,44,,correct,
N0qYmYE8QD78,45,,incorrect,
N0qYmYE8QD78,46,,correct,
N0qYmYE8QD78,47,,incorrect,
N0qYmYE8QD78,48,,correct,
N0qYmYE8QD78,49,,incorrect,
N0qYmYE8QD78,50,,correct,
N0qYmYE8QD78,51,,correct,
N0qYmYE8QD78,52,,correct,
N0qYmYE8QD78,53,,correct,
N0qYmYE8QD78,54,,incorrect,
N0qYmYE8QD78,55,,correct,
N0qYmYE8QD78,56,,incorrect,
N0qYmYE8QD78,57,,correct,
N0qYmYE8QD78,58,,incorrect,
N0qYmYE8QD78,59,,correct,
N0qYmYE8QD78,60,,correct,
1tnkUsBnGX2u,31,,correct,
1tnkUsBnGX2u,32,,correct,
1tnkUsBnGX2u,33,,correct,
1tnkUsBnGX2u,34,,correct,
1tnkUsBnGX2u,35,,correct,
1tnkUsBnGX2u,36,,correct,
1tnkUsBnGX2u,37,,correct,
1tnkUsBnGX2u,38,,incorrect,
1tnkUsBnGX2u,39,,correct,
1tnkUsBnGX2u,40,,correct,
1tnkUsBnGX2u,41,,correct,
1tnkUsBnGX2u,42,,correct,
1tnkUsBnGX2u,43,,correct,
1tnkUsBnGX2u,44,,correct,
1tnkUsBnGX2u,45,,incorrect,
1tnkUsBnGX2u,46,,correct,
1tnkUsBnGX2u,47,,incorrect,
1tnkUsBnGX2u,48,,correct,
1tnkUsBnGX2u,49,,incorrect,
1tnkUsBnGX2u,50,,correct,
1tnkUsBnGX2u,51,,correct,
1tnkUsBnGX2u,52,,correct,
1tnkUsBnGX2u,53,,correct,
1tnkUsBnGX2u,54,,correct,
1tnkUsBnGX2u,55,,correct,
1tnkUsBnGX2u,56,,incorrect,
1tnkUsBnGX2u,57,,correct,
1tnkUsBnGX2u,58,,incorrect,
1tnkUsBnGX2u,59,,correct,
1tnkUsBnGX2u,60,,correct,
xlLz8YVMGkvs,31,,correct,
xlLz8YVMGkvs,32,,incorrect,
xlLz8YVMGkvs,33,,correct,
xlLz8YVMGkvs,34,,incorrect,
xlLz8YVMGkvs,35,,correct,
xlLz8YVMGkvs,36,,incorrect,
xlLz8YVMGkvs,37,,correct,
xlLz8YVMGkvs,38,,incorrect,
xlLz8YVMGkvs,39,,correct,
xlLz8YVMGkvs,40,,correct,
xlLz8YVMGkvs,41,,correct,
xlLz8YVMGkvs,42,,correct,
xlLz8YVMGkvs,43,,incorrect,
xlLz8YVMGkvs,44,,correct,
xlLz8YVMGkvs,45,,incorrect,
xlLz8YVMGkvs,46,,correct,
xlLz8YVMGkvs,47,,incorrect,
xlLz8YVMGkvs,48,,correct,
xlLz8YVMGkvs,49,,incorrect,
xlLz8YVMGkvs,50,,correct,
xlLz8YVMGkvs,51,,correct,
xlLz8YVMGkvs,52,,correct,
xlLz8YVMGkvs,53,,correct,
xlLz8YVMGkvs,54,,correct,
xlLz8YVMGkvs,55,,correct,
xlLz8YVMGkvs,56,,incorrect,
xlLz8YVMGkvs,57,,correct,
xlLz8YVMGkvs,58,,correct,
xlLz8YVMGkvs,59,,correct,
xlLz8YVMGkvs,60,,correct,
kfwxRJXSzs3o,31,,correct,
kfwxRJXSzs3o,32,,correct,
kfwxRJXSzs3o,33,,correct,
kfwxRJXSzs3o,34,,correct,
kfwxRJXSzs3o,35,,correct,
kfwxRJXSzs3o,36,,correct,
kfwxRJXSzs3o,37,,correct,
kfwxRJXSzs3o,38,,incorrect,
kfwxRJXSzs3o,39,,correct,
kfwxRJXSzs3o,40,,correct,
kfwxRJXSzs3o,41,,correct,
kfwxRJXSzs3o,42,,correct,
kfwxRJXSzs3o,43,,correct,
kfwxRJXSzs3o,44,,correct,
kfwxRJXSzs3o,45,,incorrect,
kfwxRJXSzs3o,46,,correct,
kfwxRJXSzs3o,47,,incorrect,
kfwxRJXSzs3o,48,,correct,
kfwxRJXSzs3o,49,,incorrect,
kfwxRJXSzs3o,50,,correct,
kfwxRJXSzs3o,51,,correct,
kfwxRJXSzs3o,52,,correct,
kfwxRJXSzs3o,53,,correct,
kfwxRJXSzs3o,54,,correct,
kfwxRJXSzs3o,55,,correct,
kfwxRJXSzs3o,56,,incorrect,
kfwxRJXSzs3o,57,,correct,
kfwxRJXSzs3o,58,,correct,
kfwxRJXSzs3o,59,,incorrect,
kfwxRJXSzs3o,60,,correct,
GiNOB0aoa84q,31,,correct,
GiNOB0aoa84q,32,,correct,
GiNOB0aoa84q,33,,correct,
GiNOB0aoa84q,34,,correct,
GiNOB0aoa84q,35,,correct,
GiNOB0aoa84q,36,,incorrect,
GiNOB0aoa84q,37,,correct,
GiNOB0aoa84q,38,,incorrect,
GiNOB0aoa84q,39,,correct,
GiNOB0aoa84q,40,,correct,
GiNOB0aoa84q,41,,correct,
GiNOB0aoa84q,42,,correct,
GiNOB0aoa84q,43,,correct,
GiNOB0aoa84q,44,,correct,
GiNOB0aoa84q,45,,incorrect,
GiNOB0aoa84q,46,,correct,
GiNOB0aoa84q,47,,incorrect,
GiNOB0aoa84q,48,,correct,
GiNOB0aoa84q,49,,incorrect,
GiNOB0aoa84q,50,,incorrect,
GiNOB0aoa84q,51,,correct,
GiNOB0aoa84q,52,,correct,
GiNOB0aoa84q,53,,correct,
GiNOB0aoa84q,54,,correct,
GiNOB0aoa84q,55,,correct,
GiNOB0aoa84q,56,,incorrect,
GiNOB0aoa84q,57,,correct,
GiNOB0aoa84q,58,,correct,
GiNOB0aoa84q,59,,correct,
GiNOB0aoa84q,60,,correct,
sCNAQlTJzusQ,31,,incorrect,
sCNAQlTJzusQ,32,,incorrect,
sCNAQlTJzusQ,33,,correct,
sCNAQlTJzusQ,34,,correct,
sCNAQlTJzusQ,35,,correct,
sCNAQlTJzusQ,36,,correct,
sCNAQlTJzusQ,37,,correct,
sCNAQlTJzusQ,38,,incorrect,
sCNAQlTJzusQ,39,,correct,
sCNAQlTJzusQ,40,,correct,
sCNAQlTJzusQ,41,,correct,
sCNAQlTJzusQ,42,,correct,
sCNAQlTJzusQ,43,,incorrect,
sCNAQlTJzusQ,44,,correct,
sCNAQlTJzusQ,45,,incorrect,
sCNAQlTJzusQ,46,,incorrect,
sCNAQlTJzusQ,47,,correct,
sCNAQlTJzusQ,48,,correct,
sCNAQlTJzusQ,49,,incorrect,
sCNAQlTJzusQ,50,,correct,
sCNAQlTJzusQ,51,,correct,
sCNAQlTJzusQ,52,,correct,
sCNAQlTJzusQ,53,,correct,
sCNAQlTJzusQ,54,,correct,
sCNAQlTJzusQ,55,,correct,
sCNAQlTJzusQ,56,,incorrect,
sCNAQlTJzusQ,57,,correct,
sCNAQlTJzusQ,58,,correct,
sCNAQlTJzusQ,59,,correct,
sCNAQlTJzusQ,60,,correct,
W0EkQhrkI3an,31,,incorrect,
W0EkQhrkI3an,32,,incorrect,
W0EkQhrkI3an,33,,correct,
W0EkQhrkI3an,34,,correct,
W0EkQhrkI3an,35,,correct,
W0EkQhrkI3an,36,,correct,
W0EkQhrkI3an,37,,correct,
W0EkQhrkI3an,38,,incorrect,
W0EkQhrkI3an,39,,correct,
W0EkQhrkI3an,40,,correct,
W0EkQhrkI3an,41,,correct,
W0EkQhrkI3an,42,,correct,
W0EkQhrkI3an,43,,correct,
W0EkQhrkI3an,44,,correct,
W0EkQhrkI3an,45,,incorrect,
W0EkQhrkI3an,46,,incorrect,
W0EkQhrkI3an,47,,incorrect,
W0EkQhrkI3an,48,,correct,
W0EkQhrkI3an,49,,incorrect,
W0EkQhrkI3an,50,,correct,
W0EkQhrkI3an,51,,correct,
W0EkQhrkI3an,52,,correct,
W0EkQhrkI3an,53,,correct,
W0EkQhrkI3an,54,,correct,
W0EkQhrkI3an,55,,correct,
W0EkQhrkI3an,56,,incorrect,
W0EkQhrkI3an,57,,correct,
W0EkQhrkI3an,58,,correct,
W0EkQhrkI3an,59,,correct,
W0EkQhrkI3an,60,,correct,
oVyzGGgOFu4f,31,,correct,
oVyzGGgOFu4f,32,,correct,
oVyzGGgOFu4f,33,,correct,
oVyzGGgOFu4f,34,,correct,
oVyzGGgOFu4f,35,,correct,
oVyzGGgOFu4f,36,,incorrect,
oVyzGGgOFu4f,37,,correct,
oVyzGGgOFu4f,38,,incorrect,
oVyzGGgOFu4f,39,,correct,
oVyzGGgOFu4f,40,,correct,
oVyzGGgOFu4f,41,,correct,
oVyzGGgOFu4f,42,,correct,
oVyzGGgOFu4f,43,,correct,
oVyzGGgOFu4f,44,,incorrect,
oVyzGGgOFu4f,45,,incorrect,
oVyzGGgOFu4f,46,,correct,
oVyzGGgOFu4f,47,,incorrect,
oVyzGGgOFu4f,48,,correct,
oVyzGGgOFu4f,49,,incorrect,
oVyzGGgOFu4f,50,,correct,
oVyzGGgOFu4f,51,,correct,
oVyzGGgOFu4f,52,,incorrect,
oVyzGGgOFu4f,53,,correct,
oVyzGGgOFu4f,54,,correct,
oVyzGGgOFu4f,55,,correct,
oVyzGGgOFu4f,56,,incorrect,
oVyzGGgOFu4f,57,,correct,
oVyzGGgOFu4f,58,,correct,
oVyzGGgOFu4f,59,,correct,
oVyzGGgOFu4f,60,,correct,
I93EMGZEU4vI,31,,incorrect,
I93EMGZEU4vI,32,,incorrect,
I93EMGZEU4vI,33,,correct,
I93EMGZEU4vI,34,,correct,
I93EMGZEU4vI,35,,correct,
I93EMGZEU4vI,36,,correct,
I93EMGZEU4vI,37,,correct,
I93EMGZEU4vI,38,,incorrect,
I93EMGZEU4vI,39,,correct,
I93EMGZEU4vI,40,,correct,
I93EMGZEU4vI,41,,incorrect,
I93EMGZEU4vI,42,,correct,
I93EMGZEU4vI,43,,correct,
I93EMGZEU4vI,44,,correct,
I93EMGZEU4vI,45,,incorrect,
I93EMGZEU4vI,46,,correct,
I93EMGZEU4vI,47,,incorrect,
I93EMGZEU4vI,48,,incorrect,
I93EMGZEU4vI,49,,incorrect,
I93EMGZEU4vI,50,,correct,
I93EMGZEU4vI,51,,correct,
I93EMGZEU4vI,52,,correct,
I93EMGZEU4vI,53,,correct,
I93EMGZEU4vI,54,,correct,
I93EMGZEU4vI,55,,correct,
I93EMGZEU4vI,56,,incorrect,
I93EMGZEU4vI,57,,correct,
I93EMGZEU4vI,58,,correct,
I93EMGZEU4vI,59,,correct,
I93EMGZEU4vI,60,,correct,
e35NZ2cItyz9,31,,incorrect,
e35NZ2cItyz9,32,,incorrect,
e35NZ2cItyz9,33,,correct,
e35NZ2cItyz9,34,,correct,
e35NZ2cItyz9,35,,correct,
e35NZ2cItyz9,36,,correct,
e35NZ2cItyz9,37,,correct,
e35NZ2cItyz9,38,,incorrect,
e35NZ2cItyz9,39,,correct,
e35NZ2cItyz9,40,,correct,
e35NZ2cItyz9,41,,incorrect,
e35NZ2cItyz9,42,,correct,
e35NZ2cItyz9,43,,correct,
e35NZ2cItyz9,44,,correct,
e35NZ2cItyz9,45,,incorrect,
e35NZ2cItyz9,46,,correct,
e35NZ2cItyz9,47,,incorrect,
e35NZ2cItyz9,48,,incorrect,
e35NZ2cItyz9,49,,incorrect,
e35NZ2cItyz9,50,,correct,
e35NZ2cItyz9,51,,correct,
e35NZ2cItyz9,52,,correct,
e35NZ2cItyz9,53,,correct,
e35NZ2cItyz9,54,,correct,
e35NZ2cItyz9,55,,correct,
e35NZ2cItyz9,56,,incorrect,
e35NZ2cItyz9,57,,correct,
e35NZ2cItyz9,58,,correct,
e35NZ2cItyz9,59,,correct,
e35NZ2cItyz9,60,,correct,
ylh73EEFQ8CD,31,,incorrect,
ylh73EEFQ8CD,32,,incorrect,
ylh73EEFQ8CD,33,,correct,
ylh73EEFQ8CD,34,,correct,
ylh73EEFQ8CD,35,,correct,
ylh73EEFQ8CD,36,,correct,
ylh73EEFQ8CD,37,,correct,
ylh73EEFQ8CD,38,,incorrect,
ylh73EEFQ8CD,39,,correct,
ylh73EEFQ8CD,40,,correct,
ylh73EEFQ8CD,41,,incorrect,
ylh73EEFQ8CD,42,,correct,
ylh73EEFQ8CD,43,,correct,
ylh73EEFQ8CD,44,,correct,
ylh73EEFQ8CD,45,,incorrect,
ylh73EEFQ8CD,46,,correct,
ylh73EEFQ8CD,47,,incorrect,
ylh73EEFQ8CD,48,,incorrect,
ylh73EEFQ8CD,49,,incorrect,
ylh73EEFQ8CD,50,,correct,
ylh73EEFQ8CD,51,,correct,
ylh73EEFQ8CD,52,,correct,
ylh73EEFQ8CD,53,,correct,
ylh73EEFQ8CD,54,,correct,
ylh73EEFQ8CD,55,,correct,
ylh73EEFQ8CD,56,,incorrect,
ylh73EEFQ8CD,57,,correct,
ylh73EEFQ8CD,58,,correct,
ylh73EEFQ8CD,59,,correct,
ylh73EEFQ8CD,60,,correct,
St7VKJfT2MTq,31,,correct,
St7VKJfT2MTq,32,,correct,
St7VKJfT2MTq,33,,correct,
St7VKJfT2MTq,34,,correct,
St7VKJfT2MTq,35,,correct,
St7VKJfT2MTq,36,,incorrect,
St7VKJfT2MTq,37,,correct,
St7VKJfT2MTq,38,,correct,
St7VKJfT2MTq,39,,correct,
St7VKJfT2MTq,40,,correct,
St7VKJfT2MTq,41,,incorrect,
St7VKJfT2MTq,42,,correct,
St7VKJfT2MTq,43,,incorrect,
St7VKJfT2MTq,44,,incorrect,
St7VKJfT2MTq,45,,incorrect,
St7VKJfT2MTq,46,,correct,
St7VKJfT2MTq,47,,incorrect,
St7VKJfT2MTq,48,,correct,
St7VKJfT2MTq,49,,incorrect,
St7VKJfT2MTq,50,,correct,
St7VKJfT2MTq,51,,correct,
St7VKJfT2MTq,52,,correct,
St7VKJfT2MTq,53,,correct,
St7VKJfT2MTq,54,,correct,
St7VKJfT2MTq,55,,correct,
St7VKJfT2MTq,56,,incorrect,
St7VKJfT2MTq,57,,correct,
St7VKJfT2MTq,58,,correct,
St7VKJfT2MTq,59,,incorrect,
St7VKJfT2MTq,60,,correct,
RZdtks4i4HNy,31,,incorrect,
RZdtks4i4HNy,32,,incorrect,
RZdtks4i4HNy,33,,correct,
RZdtks4i4HNy,34,,correct,
RZdtks4i4HNy,35,,correct,
RZdtks4i4HNy,36,,correct,
RZdtks4i4HNy,37,,incorrect,
RZdtks4i4HNy,38,,correct,
RZdtks4i4HNy,39,,correct,
RZdtks4i4HNy,40,,correct,
RZdtks4i4HNy,41,,correct,
RZdtks4i4HNy,42,,correct,
RZdtks4i4HNy,43,,incorrect,
RZdtks4i4HNy,44,,correct,
RZdtks4i4HNy,45,,incorrect,
RZdtks4i4HNy,46,,incorrect,
RZdtks4i4HNy,47,,incorrect,
RZdtks4i4HNy,48,,incorrect,
RZdtks4i4HNy,49,,incorrect,
RZdtks4i4HNy,50,,correct,
RZdtks4i4HNy,51,,correct,
RZdtks4i4HNy,52,,correct,
RZdtks4i4HNy,53,,correct,
RZdtks4i4HNy,54,,correct,
RZdtks4i4HNy,55,,correct,
RZdtks4i4HNy,56,,incorrect,
RZdtks4i4HNy,57,,correct,
RZdtks4i4HNy,58,,correct,
RZdtks4i4HNy,59,,correct,
RZdtks4i4HNy,60,,correct,
oF1pjrJTOBWB,31,,correct,
oF1pjrJTOBWB,32,,correct,
oF1pjrJTOBWB,33,,correct,
oF1pjrJTOBWB,34,,correct,
oF1pjrJTOBWB,35,,correct,
oF1pjrJTOBWB,36,,incorrect,
oF1pjrJTOBWB,37,,correct,
oF1pjrJTOBWB,38,,correct,
oF1pjrJTOBWB,39,,correct,
oF1pjrJTOBWB,40,,correct,
oF1pjrJTOBWB,41,,correct,
oF1pjrJTOBWB,42,,correct,
oF1pjrJTOBWB,43,,incorrect,
oF1pjrJTOBWB,44,,correct,
oF1pjrJTOBWB,45,,incorrect,
oF1pjrJTOBWB,46,,incorrect,
oF1pjrJTOBWB,47,,incorrect,
oF1pjrJTOBWB,48,,correct,
oF1pjrJTOBWB,49,,incorrect,
oF1pjrJTOBWB,50,,correct,
oF1pjrJTOBWB,51,,correct,
oF1pjrJTOBWB,52,,correct,
oF1pjrJTOBWB,53,,correct,
oF1pjrJTOBWB,54,,correct,
oF1pjrJTOBWB,55,,correct,
oF1pjrJTOBWB,56,,incorrect,
oF1pjrJTOBWB,57,,correct,
oF1pjrJTOBWB,58,,correct,
oF1pjrJTOBWB,59,,correct,
oF1pjrJTOBWB,60,,correct,
pS17HUA271Nx,31,,incorrect,
pS17HUA271Nx,32,,incorrect,
pS17HUA271Nx,33,,correct,
pS17HUA271Nx,34,,correct,
pS17HUA271Nx,35,,correct,
pS17HUA271Nx,36,,correct,
pS17HUA271Nx,37,,correct,
pS17HUA271Nx,38,,incorrect,
pS17HUA271Nx,39,,correct,
pS17HUA271Nx,40,,correct,
pS17HUA271Nx,41,,correct,
pS17HUA271Nx,42,,correct,
pS17HUA271Nx,43,,incorrect,
pS17HUA271Nx,44,,correct,
pS17HUA271Nx,45,,incorrect,
pS17HUA271Nx,46,,correct,
pS17HUA271Nx,47,,incorrect,
pS17HUA271Nx,48,,correct,
pS17HUA271Nx,49,,incorrect,
pS17HUA271Nx,50,,correct,
pS17HUA271Nx,51,,correct,
pS17HUA271Nx,52,,correct,
pS17HUA271Nx,53,,correct,
pS17HUA271Nx,54,,correct,
pS17HUA271Nx,55,,correct,
pS17HUA271Nx,56,,incorrect,
pS17HUA271Nx,57,,correct,
pS17HUA271Nx,58,,correct,
pS17HUA271Nx,59,,correct,
pS17HUA271Nx,60,,correct,
tE1MOwmVibN4,31,,correct,
tE1MOwmVibN4,32,,correct,
tE1MOwmVibN4,33,,correct,
tE1MOwmVibN4,34,,correct,
tE1MOwmVibN4,35,,incorrect,
tE1MOwmVibN4,36,,incorrect,
tE1MOwmVibN4,37,,correct,
tE1MOwmVibN4,38,,incorrect,
tE1MOwmVibN4,39,,correct,
tE1MOwmVibN4,40,,correct,
tE1MOwmVibN4,41,,correct,
tE1MOwmVibN4,42,,correct,
tE1MOwmVibN4,43,,incorrect,
tE1MOwmVibN4,44,,correct,
tE1MOwmVibN4,45,,incorrect,
tE1MOwmVibN4,46,,correct,
tE1MOwmVibN4,47,,incorrect,
tE1MOwmVibN4,48,,correct,
tE1MOwmVibN4,49,,incorrect,
tE1MOwmVibN4,50,,correct,
tE1MOwmVibN4,51,,correct,
tE1MOwmVibN4,52,,correct,
tE1MOwmVibN4,53,,correct,
tE1MOwmVibN4,54,,correct,
tE1MOwmVibN4,55,,correct,
tE1MOwmVibN4,56,,incorrect,
tE1MOwmVibN4,57,,correct,
tE1MOwmVibN4,58,,incorrect,
tE1MOwmVibN4,59,,correct,
tE1MOwmVibN4,60,,correct,
nojDz9QSjRLy,31,,correct,
nojDz9QSjRLy,32,,correct,
nojDz9QSjRLy,33,,correct,
nojDz9QSjRLy,34,,correct,
nojDz9QSjRLy,35,,correct,
nojDz9QSjRLy,36,,correct,
nojDz9QSjRLy,37,,incorrect,
nojDz9QSjRLy,38,,incorrect,
nojDz9QSjRLy,39,,correct,
nojDz9QSjRLy,40,,correct,
nojDz9QSjRLy,41,,correct,
nojDz9QSjRLy,42,,correct,
nojDz9QSjRLy,43,,incorrect,
nojDz9QSjRLy,44,,correct,
nojDz9QSjRLy,45,,incorrect,
nojDz9QSjRLy,46,,correct,
nojDz9QSjRLy,47,,incorrect,
nojDz9QSjRLy,48,,correct,
nojDz9QSjRLy,49,,incorrect,
nojDz9QSjRLy,50,,incorrect,
nojDz9QSjRLy,51,,incorrect,
nojDz9QSjRLy,52,,correct,
nojDz9QSjRLy,53,,correct,
nojDz9QSjRLy,54,,correct,
nojDz9QSjRLy,55,,correct,
nojDz9QSjRLy,56,,incorrect,
nojDz9QSjRLy,57,,correct,
nojDz9QSjRLy,58,,correct,
nojDz9QSjRLy,59,,correct,
nojDz9QSjRLy,60,,correct,
xbNryveuRsXc,31,,correct,
xbNryveuRsXc,32,,correct,
xbNryveuRsXc,33,,correct,
xbNryveuRsXc,34,,incorrect,
xbNryveuRsXc,35,,correct,
xbNryveuRsXc,36,,correct,
xbNryveuRsXc,37,,incorrect,
xbNryveuRsXc,38,,incorrect,
xbNryveuRsXc,39,,correct,
xbNryveuRsXc,40,,correct,
xbNryveuRsXc,41,,incorrect,
xbNryveuRsXc,42,,correct,
xbNryveuRsXc,43,,correct,
xbNryveuRsXc,44,,incorrect,
xbNryveuRsXc,45,,incorrect,
xbNryveuRsXc,46,,correct,
xbNryveuRsXc,47,,correct,
xbNryveuRsXc,48,,incorrect,
xbNryveuRsXc,49,,incorrect,
xbNryveuRsXc,50,,correct,
xbNryveuRsXc,51,,correct,
xbNryveuRsXc,52,,correct,
xbNryveuRsXc,53,,correct,
xbNryveuRsXc,54,,correct,
xbNryveuRsXc,55,,correct,
xbNryveuRsXc,56,,incorrect,
xbNryveuRsXc,57,,correct,
xbNryveuRsXc,58,,correct,
xbNryveuRsXc,59,,correct,
xbNryveuRsXc,60,,correct,
iZblYCxqwouC,31,,correct,
iZblYCxqwouC,32,,correct,
iZblYCxqwouC,33,,correct,
iZblYCxqwouC,34,,correct,
iZblYCxqwouC,35,,correct,
iZblYCxqwouC,36,,correct,
iZblYCxqwouC,37,,correct,
iZblYCxqwouC,38,,incorrect,
iZblYCxqwouC,39,,correct,
iZblYCxqwouC,40,,correct,
iZblYCxqwouC,41,,correct,
iZblYCxqwouC,42,,correct,
iZblYCxqwouC,43,,correct,
iZblYCxqwouC,44,,correct,
iZblYCxqwouC,45,,incorrect,
iZblYCxqwouC,46,,correct,
iZblYCxqwouC,47,,incorrect,
iZblYCxqwouC,48,,correct,
iZblYCxqwouC,49,,incorrect,
iZblYCxqwouC,50,,incorrect,
iZblYCxqwouC,51,,correct,
iZblYCxqwouC,52,,incorrect,
iZblYCxqwouC,53,,correct,
iZblYCxqwouC,54,,correct,
iZblYCxqwouC,55,,correct,
iZblYCxqwouC,56,,incorrect,
iZblYCxqwouC,57,,correct,
iZblYCxqwouC,58,,correct,
iZblYCxqwouC,59,,correct,
iZblYCxqwouC,60,,incorrect,
BSLGp0wdoAqj,31,,correct,
BSLGp0wdoAqj,32,,incorrect,
BSLGp0wdoAqj,33,,correct,
BSLGp0wdoAqj,34,,correct,
BSLGp0wdoAqj,35,,correct,
BSLGp0wdoAqj,36,,incorrect,
BSLGp0wdoAqj,37,,incorrect,
BSLGp0wdoAqj,38,,correct,
BSLGp0wdoAqj,39,,correct,
BSLGp0wdoAqj,40,,correct,
BSLGp0wdoAqj,41,,incorrect,
BSLGp0wdoAqj,42,,correct,
BSLGp0wdoAqj,43,,correct,
BSLGp0wdoAqj,44,,correct,
BSLGp0wdoAqj,45,,incorrect,
BSLGp0wdoAqj,46,,correct,
BSLGp0wdoAqj,47,,incorrect,
BSLGp0wdoAqj,48,,correct,
BSLGp0wdoAqj,49,,incorrect,
BSLGp0wdoAqj,50,,correct,
BSLGp0wdoAqj,51,,correct,
BSLGp0wdoAqj,52,,correct,
BSLGp0wdoAqj,53,,correct,
BSLGp0wdoAqj,54,,incorrect,
BSLGp0wdoAqj,55,,correct,
BSLGp0wdoAqj,56,,incorrect,
BSLGp0wdoAqj,57,,correct,
BSLGp0wdoAqj,58,,incorrect,
BSLGp0wdoAqj,59,,correct,
BSLGp0wdoAqj,60,,correct,
jMkOnTydcqm6,31,,correct,
jMkOnTydcqm6,32,,incorrect,
jMkOnTydcqm6,33,,correct,
jMkOnTydcqm6,34,,correct,
jMkOnTydcqm6,35,,correct,
jMkOnTydcqm6,36,,incorrect,
jMkOnTydcqm6,37,,incorrect,
jMkOnTydcqm6,38,,correct,
jMkOnTydcqm6,39,,correct,
jMkOnTydcqm6,40,,correct,
jMkOnTydcqm6,41,,incorrect,
jMkOnTydcqm6,42,,correct,
jMkOnTydcqm6,43,,correct,
jMkOnTydcqm6,44,,correct,
jMkOnTydcqm6,45,,incorrect,
jMkOnTydcqm6,46,,correct,
jMkOnTydcqm6,47,,incorrect,
jMkOnTydcqm6,48,,correct,
jMkOnTydcqm6,49,,incorrect,
jMkOnTydcqm6,50,,correct,
jMkOnTydcqm6,51,,correct,
jMkOnTydcqm6,52,,correct,
jMkOnTydcqm6,53,,correct,
jMkOnTydcqm6,54,,incorrect,
jMkOnTydcqm6,55,,correct,
jMkOnTydcqm6,56,,incorrect,
jMkOnTydcqm6,57,,correct,
jMkOnTydcqm6,58,,incorrect,
jMkOnTydcqm6,59,,correct,
jMkOnTydcqm6,60,,correct,
32nLuB1xqIO4,31,,incorrect,
32nLuB1xqIO4,32,,incorrect,
32nLuB1xqIO4,33,,incorrect,
32nLuB1xqIO4,34,,correct,
32nLuB1xqIO4,35,,correct,
32nLuB1xqIO4,36,,correct,
32nLuB1xqIO4,37,,correct,
32nLuB1xqIO4,38,,incorrect,
32nLuB1xqIO4,39,,correct,
32nLuB1xqIO4,40,,correct,
32nLuB1xqIO4,41,,correct,
32nLuB1xqIO4,42,,correct,
32nLuB1xqIO4,43,,incorrect,
32nLuB1xqIO4,44,,correct,
32nLuB1xqIO4,45,,incorrect,
32nLuB1xqIO4,46,,correct,
32nLuB1xqIO4,47,,incorrect,
32nLuB1xqIO4,48,,correct,
32nLuB1xqIO4,49,,incorrect,
32nLuB1xqIO4,50,,correct,
32nLuB1xqIO4,51,,correct,
32nLuB1xqIO4,52,,correct,
32nLuB1xqIO4,53,,correct,
32nLuB1xqIO4,54,,correct,
32nLuB1xqIO4,55,,correct,
32nLuB1xqIO4,56,,incorrect,
32nLuB1xqIO4,57,,correct,
32nLuB1xqIO4,58,,correct,
32nLuB1xqIO4,59,,correct,
32nLuB1xqIO4,60,,correct,
X0HFePMCkBsP,31,,incorrect,
X0HFePMCkBsP,32,,correct,
X0HFePMCkBsP,33,,correct,
X0HFePMCkBsP,34,,correct,
X0HFePMCkBsP,35,,correct,
X0HFePMCkBsP,36,,incorrect,
X0HFePMCkBsP,37,,correct,
X0HFePMCkBsP,38,,correct,
X0HFePMCkBsP,39,,correct,
X0HFePMCkBsP,40,,correct,
X0HFePMCkBsP,41,,correct,
X0HFePMCkBsP,42,,correct,
X0HFePMCkBsP,43,,incorrect,
X0HFePMCkBsP,44,,correct,
X0HFePMCkBsP,45,,incorrect,
X0HFePMCkBsP,46,,correct,
X0HFePMCkBsP,47,,incorrect,
X0HFePMCkBsP,48,,incorrect,
X0HFePMCkBsP,49,,incorrect,
X0HFePMCkBsP,50,,correct,
X0HFePMCkBsP,51,,incorrect,
X0HFePMCkBsP,52,,correct,
X0HFePMCkBsP,53,,correct,
X0HFePMCkBsP,54,,correct,
X0HFePMCkBsP,55,,correct,
X0HFePMCkBsP,56,,incorrect,
X0HFePMCkBsP,57,,correct,
X0HFePMCkBsP,58,,correct,
X0HFePMCkBsP,59,,correct,
X0HFePMCkBsP,60,,correct,
zeQInY6w8eBY,31,,incorrect,
zeQInY6w8eBY,32,,correct,
zeQInY6w8eBY,33,,correct,
zeQInY6w8eBY,34,,correct,
zeQInY6w8eBY,35,,correct,
zeQInY6w8eBY,36,,incorrect,
zeQInY6w8eBY,37,,correct,
zeQInY6w8eBY,38,,incorrect,
zeQInY6w8eBY,39,,correct,
zeQInY6w8eBY,40,,correct,
zeQInY6w8eBY,41,,correct,
zeQInY6w8eBY,42,,correct,
zeQInY6w8eBY,43,,correct,
zeQInY6w8eBY,44,,correct,
zeQInY6w8eBY,45,,incorrect,
zeQInY6w8eBY,46,,correct,
zeQInY6w8eBY,47,,incorrect,
zeQInY6w8eBY,48,,correct,
zeQInY6w8eBY,49,,incorrect,
zeQInY6w8eBY,50,,correct,
zeQInY6w8eBY,51,,correct,
zeQInY6w8eBY,52,,correct,
zeQInY6w8eBY,53,,correct,
zeQInY6w8eBY,54,,correct,
zeQInY6w8eBY,55,,correct,
zeQInY6w8eBY,56,,incorrect,
zeQInY6w8eBY,57,,correct,
zeQInY6w8eBY,58,,correct,
zeQInY6w8eBY,59,,correct,
zeQInY6w8eBY,60,,correct,
jxlFWYs7WyTt,31,,correct,
jxlFWYs7WyTt,32,,incorrect,
jxlFWYs7WyTt,33,,correct,
jxlFWYs7WyTt,34,,correct,
jxlFWYs7WyTt,35,,correct,
jxlFWYs7WyTt,36,,incorrect,
jxlFWYs7WyTt,37,,incorrect,
jxlFWYs7WyTt,38,,correct,
jxlFWYs7WyTt,39,,correct,
jxlFWYs7WyTt,40,,correct,
jxlFWYs7WyTt,41,,incorrect,
jxlFWYs7WyTt,42,,correct,
jxlFWYs7WyTt,43,,correct,
jxlFWYs7WyTt,44,,correct,
jxlFWYs7WyTt,45,,incorrect,
jxlFWYs7WyTt,46,,correct,
jxlFWYs7WyTt,47,,incorrect,
jxlFWYs7WyTt,48,,correct,
jxlFWYs7WyTt,49,,incorrect,
jxlFWYs7WyTt,50,,correct,
jxlFWYs7WyTt,51,,correct,
jxlFWYs7WyTt,52,,correct,
jxlFWYs7WyTt,53,,correct,
jxlFWYs7WyTt,54,,incorrect,
jxlFWYs7WyTt,55,,correct,
jxlFWYs7WyTt,56,,incorrect,
jxlFWYs7WyTt,57,,correct,
jxlFWYs7WyTt,58,,incorrect,
jxlFWYs7WyTt,59,,correct,
jxlFWYs7WyTt,60,,correct,
BJE8NOUNFGYz,31,,correct,
BJE8NOUNFGYz,32,,correct,
BJE8NOUNFGYz,33,,correct,
BJE8NOUNFGYz,34,,correct,
BJE8NOUNFGYz,35,,correct,
BJE8NOUNFGYz,36,,incorrect,
BJE8NOUNFGYz,37,,correct,
BJE8NOUNFGYz,38,,correct,
BJE8NOUNFGYz,39,,correct,
BJE8NOUNFGYz,40,,correct,
BJE8NOUNFGYz,41,,correct,
BJE8NOUNFGYz,42,,correct,
BJE8NOUNFGYz,43,,correct,
BJE8NOUNFGYz,44,,correct,
BJE8NOUNFGYz,45,,incorrect,
BJE8NOUNFGYz,46,,correct,
BJE8NOUNFGYz,47,,incorrect,
BJE8NOUNFGYz,48,,incorrect,
BJE8NOUNFGYz,49,,incorrect,
BJE8NOUNFGYz,50,,incorrect,
BJE8NOUNFGYz,51,,incorrect,
BJE8NOUNFGYz,52,,correct,
BJE8NOUNFGYz,53,,correct,
BJE8NOUNFGYz,54,,correct,
BJE8NOUNFGYz,55,,correct,
BJE8NOUNFGYz,56,,incorrect,
BJE8NOUNFGYz,57,,correct,
BJE8NOUNFGYz,58,,correct,
BJE8NOUNFGYz,59,,correct,
BJE8NOUNFGYz,60,,correct,
aKKO0pyKuBaK,31,,correct,
aKKO0pyKuBaK,32,,incorrect,
aKKO0pyKuBaK,33,,correct,
aKKO0pyKuBaK,34,,correct,
aKKO0pyKuBaK,35,,correct,
aKKO0pyKuBaK,36,,correct,
aKKO0pyKuBaK,37,,correct,
aKKO0pyKuBaK,38,,incorrect,
aKKO0pyKuBaK,39,,correct,
aKKO0pyKuBaK,40,,correct,
aKKO0pyKuBaK,41,,correct,
aKKO0pyKuBaK,42,,correct,
aKKO0pyKuBaK,43,,incorrect,
aKKO0pyKuBaK,44,,incorrect,
aKKO0pyKuBaK,45,,incorrect,
aKKO0pyKuBaK,46,,correct,
aKKO0pyKuBaK,47,,incorrect,
aKKO0pyKuBaK,48,,correct,
aKKO0pyKuBaK,49,,incorrect,
aKKO0pyKuBaK,50,,correct,
aKKO0pyKuBaK,51,,incorrect,
aKKO0pyKuBaK,52,,correct,
aKKO0pyKuBaK,53,,correct,
aKKO0pyKuBaK,54,,correct,
aKKO0pyKuBaK,55,,correct,
aKKO0pyKuBaK,56,,incorrect,
aKKO0pyKuBaK,57,,correct,
aKKO0pyKuBaK,58,,correct,
aKKO0pyKuBaK,59,,correct,
aKKO0pyKuBaK,60,,correct,
0rzpTGhVxVJU,31,,correct,
0rzpTGhVxVJU,32,,incorrect,
0rzpTGhVxVJU,33,,correct,
0rzpTGhVxVJU,34,,correct,
0rzpTGhVxVJU,35,,correct,
0rzpTGhVxVJU,36,,correct,
0rzpTGhVxVJU,37,,correct,
0rzpTGhVxVJU,38,,incorrect,
0rzpTGhVxVJU,39,,correct,
0rzpTGhVxVJU,40,,correct,
0rzpTGhVxVJU,41,,correct,
0rzpTGhVxVJU,42,,correct,
0rzpTGhVxVJU,43,,correct,
0rzpTGhVxVJU,44,,correct,
0rzpTGhVxVJU,45,,incorrect,
0rzpTGhVxVJU,46,,incorrect,
0rzpTGhVxVJU,47,,incorrect,
0rzpTGhVxVJU,48,,correct,
0rzpTGhVxVJU,49,,incorrect,
0rzpTGhVxVJU,50,,incorrect,
0rzpTGhVxVJU,51,,correct,
0rzpTGhVxVJU,52,,correct,
0rzpTGhVxVJU,53,,correct,
0rzpTGhVxVJU,54,,correct,
0rzpTGhVxVJU,55,,correct,
0rzpTGhVxVJU,56,,incorrect,
0rzpTGhVxVJU,57,,correct,
0rzpTGhVxVJU,58,,correct,
0rzpTGhVxVJU,59,,correct,
0rzpTGhVxVJU,60,,correct,
Kji96af6kzzA,31,,incorrect,
Kji96af6kzzA,32,,incorrect,
Kji96af6kzzA,33,,correct,
Kji96af6kzzA,34,,correct,
Kji96af6kzzA,35,,correct,
Kji96af6kzzA,36,,correct,
Kji96af6kzzA,37,,correct,
Kji96af6kzzA,38,,incorrect,
Kji96af6kzzA,39,,correct,
Kji96af6kzzA,40,,correct,
Kji96af6kzzA,41,,correct,
Kji96af6kzzA,42,,correct,
Kji96af6kzzA,43,,incorrect,
Kji96af6kzzA,44,,correct,
Kji96af6kzzA,45,,incorrect,
Kji96af6kzzA,46,,correct,
Kji96af6kzzA,47,,incorrect,
Kji96af6kzzA,48,,incorrect,
Kji96af6kzzA,49,,incorrect,
Kji96af6kzzA,50,,correct,
Kji96af6kzzA,51,,correct,
Kji96af6kzzA,52,,correct,
Kji96af6kzzA,53,,correct,
Kji96af6kzzA,54,,correct,
Kji96af6kzzA,55,,correct,
Kji96af6kzzA,56,,incorrect,
Kji96af6kzzA,57,,correct,
Kji96af6kzzA,58,,correct,
Kji96af6kzzA,59,,correct,
Kji96af6kzzA,60,,correct,
lOuE9tkR89Pk,31,,incorrect,
lOuE9tkR89Pk,32,,incorrect,
lOuE9tkR89Pk,33,,correct,
lOuE9tkR89Pk,34,,correct,
lOuE9tkR89Pk,35,,correct,
lOuE9tkR89Pk,36,,correct,
lOuE9tkR89Pk,37,,correct,
lOuE9tkR89Pk,38,,incorrect,
lOuE9tkR89Pk,39,,correct,
lOuE9tkR89Pk,40,,correct,
lOuE9tkR89Pk,41,,correct,
lOuE9tkR89Pk,42,,correct,
lOuE9tkR89Pk,43,,incorrect,
lOuE9tkR89Pk,44,,correct,
lOuE9tkR89Pk,45,,incorrect,
lOuE9tkR89Pk,46,,correct,
lOuE9tkR89Pk,47,,incorrect,
lOuE9tkR89Pk,48,,incorrect,
lOuE9tkR89Pk,49,,incorrect,
lOuE9tkR89Pk,50,,correct,
lOuE9tkR89Pk,51,,correct,
lOuE9tkR89Pk,52,,correct,
lOuE9tkR89Pk,53,,correct,
lOuE9tkR89Pk,54,,correct,
lOuE9tkR89Pk,55,,correct,
lOuE9tkR89Pk,56,,incorrect,
lOuE9tkR89Pk,57,,correct,
lOuE9tkR89Pk,58,,correct,
lOuE9tkR89Pk,59,,correct,
lOuE9tkR89Pk,60,,correct,
QblvTIly9IZU,31,,correct,
QblvTIly9IZU,32,,correct,
QblvTIly9IZU,33,,correct,
QblvTIly9IZU,34,,correct,
QblvTIly9IZU,35,,correct,
QblvTIly9IZU,36,,correct,
QblvTIly9IZU,37,,correct,
QblvTIly9IZU,38,,correct,
QblvTIly9IZU,39,,correct,
QblvTIly9IZU,40,,correct,
QblvTIly9IZU,41,,correct,
QblvTIly9IZU,42,,correct,
QblvTIly9IZU,43,,correct,
QblvTIly9IZU,44,,incorrect,
QblvTIly9IZU,45,,incorrect,
QblvTIly9IZU,46,,incorrect,
QblvTIly9IZU,47,,incorrect,
QblvTIly9IZU,48,,incorrect,
QblvTIly9IZU,49,,incorrect,
QblvTIly9IZU,50,,correct,
QblvTIly9IZU,51,,correct,
QblvTIly9IZU,52,,correct,
QblvTIly9IZU,53,,incorrect,
QblvTIly9IZU,54,,correct,
QblvTIly9IZU,55,,correct,
QblvTIly9IZU,56,,incorrect,
QblvTIly9IZU,57,,correct,
QblvTIly9IZU,58,,incorrect,
QblvTIly9IZU,59,,correct,
QblvTIly9IZU,60,,correct,
SpXSTCkMzPni,31,,incorrect,
SpXSTCkMzPni,32,,incorrect,
SpXSTCkMzPni,33,,correct,
SpXSTCkMzPni,34,,correct,
SpXSTCkMzPni,35,,correct,
SpXSTCkMzPni,36,,correct,
SpXSTCkMzPni,37,,correct,
SpXSTCkMzPni,38,,incorrect,
SpXSTCkMzPni,39,,incorrect,
SpXSTCkMzPni,40,,correct,
SpXSTCkMzPni,41,,incorrect,
SpXSTCkMzPni,42,,correct,
SpXSTCkMzPni,43,,correct,
SpXSTCkMzPni,44,,correct,
SpXSTCkMzPni,45,,incorrect,
SpXSTCkMzPni,46,,correct,
SpXSTCkMzPni,47,,incorrect,
SpXSTCkMzPni,48,,incorrect,
SpXSTCkMzPni,49,,incorrect,
SpXSTCkMzPni,50,,correct,
SpXSTCkMzPni,51,,correct,
SpXSTCkMzPni,52,,correct,
SpXSTCkMzPni,53,,correct,
SpXSTCkMzPni,54,,correct,
SpXSTCkMzPni,55,,correct,
SpXSTCkMzPni,56,,incorrect,
SpXSTCkMzPni,57,,correct,
SpXSTCkMzPni,58,,correct,
SpXSTCkMzPni,59,,correct,
SpXSTCkMzPni,60,,correct,
QJccKPT4nu7V,31,,incorrect,
QJccKPT4nu7V,32,,correct,
QJccKPT4nu7V,33,,incorrect,
QJccKPT4nu7V,34,,correct,
QJccKPT4nu7V,35,,correct,
QJccKPT4nu7V,36,,correct,
QJccKPT4nu7V,37,,incorrect,
QJccKPT4nu7V,38,,correct,
QJccKPT4nu7V,39,,correct,
QJccKPT4nu7V,40,,correct,
QJccKPT4nu7V,41,,correct,
QJccKPT4nu7V,42,,correct,
QJccKPT4nu7V,43,,correct,
QJccKPT4nu7V,44,,correct,
QJccKPT4nu7V,45,,incorrect,
QJccKPT4nu7V,46,,correct,
QJccKPT4nu7V,47,,incorrect,
QJccKPT4nu7V,48,,correct,
QJccKPT4nu7V,49,,incorrect,
QJccKPT4nu7V,50,,correct,
QJccKPT4nu7V,51,,correct,
QJccKPT4nu7V,52,,correct,
QJccKPT4nu7V,53,,correct,
QJccKPT4nu7V,54,,correct,
QJccKPT4nu7V,55,,correct,
QJccKPT4nu7V,56,,incorrect,
QJccKPT4nu7V,57,,incorrect,
QJccKPT4nu7V,58,,correct,
QJccKPT4nu7V,59,,correct,
QJccKPT4nu7V,60,,incorrect,
bWRj9XHmvXaq,31,,correct,
bWRj9XHmvXaq,32,,correct,
bWRj9XHmvXaq,33,,correct,
bWRj9XHmvXaq,34,,correct,
bWRj9XHmvXaq,35,,correct,
bWRj9XHmvXaq,36,,incorrect,
bWRj9XHmvXaq,37,,correct,
bWRj9XHmvXaq,38,,incorrect,
bWRj9XHmvXaq,39,,correct,
bWRj9XHmvXaq,40,,correct,
bWRj9XHmvXaq,41,,incorrect,
bWRj9XHmvXaq,42,,correct,
bWRj9XHmvXaq,43,,incorrect,
bWRj9XHmvXaq,44,,correct,
bWRj9XHmvXaq,45,,incorrect,
bWRj9XHmvXaq,46,,correct,
bWRj9XHmvXaq,47,,incorrect,
bWRj9XHmvXaq,48,,correct,
bWRj9XHmvXaq,49,,incorrect,
bWRj9XHmvXaq,50,,correct,
bWRj9XHmvXaq,51,,correct,
bWRj9XHmvXaq,52,,correct,
bWRj9XHmvXaq,53,,correct,
bWRj9XHmvXaq,54,,correct,
bWRj9XHmvXaq,55,,incorrect,
bWRj9XHmvXaq,56,,incorrect,
bWRj9XHmvXaq,57,,correct,
bWRj9XHmvXaq,58,,correct,
bWRj9XHmvXaq,59,,correct,
bWRj9XHmvXaq,60,,correct,
oXHAAQD8R9lF,31,,incorrect,
oXHAAQD8R9lF,32,,incorrect,
oXHAAQD8R9lF,33,,correct,
oXHAAQD8R9lF,34,,correct,
oXHAAQD8R9lF,35,,correct,
oXHAAQD8R9lF,36,,correct,
oXHAAQD8R9lF,37,,correct,
oXHAAQD8R9lF,38,,incorrect,
oXHAAQD8R9lF,39,,correct,
oXHAAQD8R9lF,40,,correct,
oXHAAQD8R9lF,41,,correct,
oXHAAQD8R9lF,42,,correct,
oXHAAQD8R9lF,43,,incorrect,
oXHAAQD8R9lF,44,,correct,
oXHAAQD8R9lF,45,,incorrect,
oXHAAQD8R9lF,46,,correct,
oXHAAQD8R9lF,47,,incorrect,
oXHAAQD8R9lF,48,,correct,
oXHAAQD8R9lF,49,,incorrect,
oXHAAQD8R9lF,50,,incorrect,
oXHAAQD8R9lF,51,,correct,
oXHAAQD8R9lF,52,,incorrect,
oXHAAQD8R9lF,53,,correct,
oXHAAQD8R9lF,54,,correct,
oXHAAQD8R9lF,55,,correct,
oXHAAQD8R9lF,56,,incorrect,
oXHAAQD8R9lF,57,,correct,
oXHAAQD8R9lF,58,,correct,
oXHAAQD8R9lF,59,,correct,
oXHAAQD8R9lF,60,,correct,
HDHPHpQGlRLt,31,,correct,
HDHPHpQGlRLt,32,,correct,
HDHPHpQGlRLt,33,,correct,
HDHPHpQGlRLt,34,,correct,
HDHPHpQGlRLt,35,,correct,
HDHPHpQGlRLt,36,,incorrect,
HDHPHpQGlRLt,37,,correct,
HDHPHpQGlRLt,38,,incorrect,
HDHPHpQGlRLt,39,,incorrect,
HDHPHpQGlRLt,40,,correct,
HDHPHpQGlRLt,41,,incorrect,
HDHPHpQGlRLt,42,,correct,
HDHPHpQGlRLt,43,,correct,
HDHPHpQGlRLt,44,,incorrect,
HDHPHpQGlRLt,45,,incorrect,
HDHPHpQGlRLt,46,,correct,
HDHPHpQGlRLt,47,,incorrect,
HDHPHpQGlRLt,48,,correct,
HDHPHpQGlRLt,49,,incorrect,
HDHPHpQGlRLt,50,,correct,
HDHPHpQGlRLt,51,,correct,
HDHPHpQGlRLt,52,,correct,
HDHPHpQGlRLt,53,,correct,
HDHPHpQGlRLt,54,,correct,
HDHPHpQGlRLt,55,,correct,
HDHPHpQGlRLt,56,,incorrect,
HDHPHpQGlRLt,57,,correct,
HDHPHpQGlRLt,58,,correct,
HDHPHpQGlRLt,59,,correct,
HDHPHpQGlRLt,60,,correct,
WZiibWz2DWRQ,31,,correct,
WZiibWz2DWRQ,32,,incorrect,
WZiibWz2DWRQ,33,,correct,
WZiibWz2DWRQ,34,,correct,
WZiibWz2DWRQ,35,,correct,
WZiibWz2DWRQ,36,,incorrect,
WZiibWz2DWRQ,37,,correct,
WZiibWz2DWRQ,38,,incorrect,
WZiibWz2DWRQ,39,,correct,
WZiibWz2DWRQ,40,,correct,
WZiibWz2DWRQ,41,,correct,
WZiibWz2DWRQ,42,,incorrect,
WZiibWz2DWRQ,43,,correct,
WZiibWz2DWRQ,44,,correct,
WZiibWz2DWRQ,45,,incorrect,
WZiibWz2DWRQ,46,,correct,
WZiibWz2DWRQ,47,,incorrect,
WZiibWz2DWRQ,48,,correct,
WZiibWz2DWRQ,49,,incorrect,
WZiibWz2DWRQ,50,,incorrect,
WZiibWz2DWRQ,51,,incorrect,
WZiibWz2DWRQ,52,,correct,
WZiibWz2DWRQ,53,,correct,
WZiibWz2DWRQ,54,,correct,
WZiibWz2DWRQ,55,,correct,
WZiibWz2DWRQ,56,,incorrect,
WZiibWz2DWRQ,57,,correct,
WZiibWz2DWRQ,58,,correct,
WZiibWz2DWRQ,59,,correct,
WZiibWz2DWRQ,60,,correct,
AwYMPKmPfMTD,31,,incorrect,
AwYMPKmPfMTD,32,,incorrect,
AwYMPKmPfMTD,33,,correct,
AwYMPKmPfMTD,34,,correct,
AwYMPKmPfMTD,35,,correct,
AwYMPKmPfMTD,36,,incorrect,
AwYMPKmPfMTD,37,,incorrect,
AwYMPKmPfMTD,38,,correct,
AwYMPKmPfMTD,39,,correct,
AwYMPKmPfMTD,40,,correct,
AwYMPKmPfMTD,41,,incorrect,
AwYMPKmPfMTD,42,,correct,
AwYMPKmPfMTD,43,,correct,
AwYMPKmPfMTD,44,,correct,
AwYMPKmPfMTD,45,,incorrect,
AwYMPKmPfMTD,46,,correct,
AwYMPKmPfMTD,47,,incorrect,
AwYMPKmPfMTD,48,,correct,
AwYMPKmPfMTD,49,,incorrect,
AwYMPKmPfMTD,50,,correct,
AwYMPKmPfMTD,51,,correct,
AwYMPKmPfMTD,52,,correct,
AwYMPKmPfMTD,53,,correct,
AwYMPKmPfMTD,54,,incorrect,
AwYMPKmPfMTD,55,,correct,
AwYMPKmPfMTD,56,,incorrect,
AwYMPKmPfMTD,57,,correct,
AwYMPKmPfMTD,58,,incorrect,
AwYMPKmPfMTD,59,,correct,
AwYMPKmPfMTD,60,,correct,
8JOElN1piVew,31,,correct,
8JOElN1piVew,32,,incorrect,
8JOElN1piVew,33,,correct,
8JOElN1piVew,34,,correct,
8JOElN1piVew,35,,correct,
8JOElN1piVew,36,,incorrect,
8JOElN1piVew,37,,incorrect,
8JOElN1piVew,38,,correct,
8JOElN1piVew,39,,incorrect,
8JOElN1piVew,40,,correct,
8JOElN1piVew,41,,incorrect,
8JOElN1piVew,42,,correct,
8JOElN1piVew,43,,correct,
8JOElN1piVew,44,,correct,
8JOElN1piVew,45,,incorrect,
8JOElN1piVew,46,,correct,
8JOElN1piVew,47,,incorrect,
8JOElN1piVew,48,,correct,
8JOElN1piVew,49,,incorrect,
8JOElN1piVew,50,,correct,
8JOElN1piVew,51,,correct,
8JOElN1piVew,52,,correct,
8JOElN1piVew,53,,correct,
8JOElN1piVew,54,,incorrect,
8JOElN1piVew,55,,correct,
8JOElN1piVew,56,,incorrect,
8JOElN1piVew,57,,correct,
8JOElN1piVew,58,,incorrect,
8JOElN1piVew,59,,correct,
8JOElN1piVew,60,,correct,
sg62FVLFX6BW,31,,correct,
sg62FVLFX6BW,32,,incorrect,
sg62FVLFX6BW,33,,correct,
sg62FVLFX6BW,34,,correct,
sg62FVLFX6BW,35,,correct,
sg62FVLFX6BW,36,,incorrect,
sg62FVLFX6BW,37,,correct,
sg62FVLFX6BW,38,,incorrect,
sg62FVLFX6BW,39,,correct,
sg62FVLFX6BW,40,,correct,
sg62FVLFX6BW,41,,correct,
sg62FVLFX6BW,42,,correct,
sg62FVLFX6BW,43,,correct,
sg62FVLFX6BW,44,,correct,
sg62FVLFX6BW,45,,incorrect,
sg62FVLFX6BW,46,,correct,
sg62FVLFX6BW,47,,incorrect,
sg62FVLFX6BW,48,,correct,
sg62FVLFX6BW,49,,incorrect,
sg62FVLFX6BW,50,,correct,
sg62FVLFX6BW,51,,correct,
sg62FVLFX6BW,52,,correct,
sg62FVLFX6BW,53,,correct,
sg62FVLFX6BW,54,,correct,
sg62FVLFX6BW,55,,correct,
sg62FVLFX6BW,56,,incorrect,
sg62FVLFX6BW,57,,correct,
sg62FVLFX6BW,58,,incorrect,
sg62FVLFX6BW,59,,correct,
sg62FVLFX6BW,60,,correct,
k4QQVURTfMls,31,,incorrect,
k4QQVURTfMls,32,,incorrect,
k4QQVURTfMls,33,,correct,
k4QQVURTfMls,34,,correct,
k4QQVURTfMls,35,,correct,
k4QQVURTfMls,36,,correct,
k4QQVURTfMls,37,,incorrect,
k4QQVURTfMls,38,,correct,
k4QQVURTfMls,39,,correct,
k4QQVURTfMls,40,,correct,
k4QQVURTfMls,41,,correct,
k4QQVURTfMls,42,,correct,
k4QQVURTfMls,43,,incorrect,
k4QQVURTfMls,44,,correct,
k4QQVURTfMls,45,,incorrect,
k4QQVURTfMls,46,,correct,
k4QQVURTfMls,47,,incorrect,
k4QQVURTfMls,48,,incorrect,
k4QQVURTfMls,49,,incorrect,
k4QQVURTfMls,50,,correct,
k4QQVURTfMls,51,,correct,
k4QQVURTfMls,52,,incorrect,
k4QQVURTfMls,53,,correct,
k4QQVURTfMls,54,,correct,
k4QQVURTfMls,55,,incorrect,
k4QQVURTfMls,56,,incorrect,
k4QQVURTfMls,57,,correct,
k4QQVURTfMls,58,,correct,
k4QQVURTfMls,59,,correct,
k4QQVURTfMls,60,,correct,
AgiWXtLnmm9y,31,,correct,
AgiWXtLnmm9y,32,,incorrect,
AgiWXtLnmm9y,33,,correct,
AgiWXtLnmm9y,34,,correct,
AgiWXtLnmm9y,35,,correct,
AgiWXtLnmm9y,36,,incorrect,
AgiWXtLnmm9y,37,,correct,
AgiWXtLnmm9y,38,,incorrect,
AgiWXtLnmm9y,39,,incorrect,
AgiWXtLnmm9y,40,,correct,
AgiWXtLnmm9y,41,,incorrect,
AgiWXtLnmm9y,42,,correct,
AgiWXtLnmm9y,43,,correct,
AgiWXtLnmm9y,44,,incorrect,
AgiWXtLnmm9y,45,,incorrect,
AgiWXtLnmm9y,46,,correct,
AgiWXtLnmm9y,47,,incorrect,
AgiWXtLnmm9y,48,,incorrect,
AgiWXtLnmm9y,49,,incorrect,
AgiWXtLnmm9y,50,,correct,
AgiWXtLnmm9y,51,,correct,
AgiWXtLnmm9y,52,,correct,
AgiWXtLnmm9y,53,,correct,
AgiWXtLnmm9y,54,,correct,
AgiWXtLnmm9y,55,,correct,
AgiWXtLnmm9y,56,,incorrect,
AgiWXtLnmm9y,57,,correct,
AgiWXtLnmm9y,58,,correct,
AgiWXtLnmm9y,59,,correct,
AgiWXtLnmm9y,60,,incorrect,
pMrOo2QfC0Kp,31,,correct,
pMrOo2QfC0Kp,32,,incorrect,
pMrOo2QfC0Kp,33,,correct,
pMrOo2QfC0Kp,34,,correct,
pMrOo2QfC0Kp,35,,incorrect,
pMrOo2QfC0Kp,36,,incorrect,
pMrOo2QfC0Kp,37,,correct,
pMrOo2QfC0Kp,38,,incorrect,
pMrOo2QfC0Kp,39,,incorrect,
pMrOo2QfC0Kp,40,,correct,
pMrOo2QfC0Kp,41,,incorrect,
pMrOo2QfC0Kp,42,,correct,
pMrOo2QfC0Kp,43,,correct,
pMrOo2QfC0Kp,44,,incorrect,
pMrOo2QfC0Kp,45,,incorrect,
pMrOo2QfC0Kp,46,,correct,
pMrOo2QfC0Kp,47,,incorrect,
pMrOo2QfC0Kp,48,,incorrect,
pMrOo2QfC0Kp,49,,incorrect,
pMrOo2QfC0Kp,50,,correct,
pMrOo2QfC0Kp,51,,correct,
pMrOo2QfC0Kp,52,,correct,
pMrOo2QfC0Kp,53,,correct,
pMrOo2QfC0Kp,54,,correct,
pMrOo2QfC0Kp,55,,correct,
pMrOo2QfC0Kp,56,,incorrect,
pMrOo2QfC0Kp,57,,correct,
pMrOo2QfC0Kp,58,,correct,
pMrOo2QfC0Kp,59,,correct,
pMrOo2QfC0Kp,60,,correct,
By0gyab68WPW,31,,correct,
By0gyab68WPW,32,,correct,
By0gyab68WPW,33,,incorrect,
By0gyab68WPW,34,,correct,
By0gyab68WPW,35,,correct,
By0gyab68WPW,36,,incorrect,
By0gyab68WPW,37,,correct,
By0gyab68WPW,38,,incorrect,
By0gyab68WPW,39,,correct,
By0gyab68WPW,40,,correct,
By0gyab68WPW,41,,correct,
By0gyab68WPW,42,,correct,
By0gyab68WPW,43,,incorrect,
By0gyab68WPW,44,,incorrect,
By0gyab68WPW,45,,incorrect,
By0gyab68WPW,46,,correct,
By0gyab68WPW,47,,incorrect,
By0gyab68WPW,48,,incorrect,
By0gyab68WPW,49,,incorrect,
By0gyab68WPW,50,,correct,
By0gyab68WPW,51,,correct,
By0gyab68WPW,52,,correct,
By0gyab68WPW,53,,correct,
By0gyab68WPW,54,,correct,
By0gyab68WPW,55,,correct,
By0gyab68WPW,56,,incorrect,
By0gyab68WPW,57,,correct,
By0gyab68WPW,58,,correct,
By0gyab68WPW,59,,correct,
By0gyab68WPW,60,,correct,
YA6aMV1xcGv9,31,,correct,
YA6aMV1xcGv9,32,,correct,
YA6aMV1xcGv9,33,,correct,
YA6aMV1xcGv9,34,,correct,
YA6aMV1xcGv9,35,,incorrect,
YA6aMV1xcGv9,36,,incorrect,
YA6aMV1xcGv9,37,,correct,
YA6aMV1xcGv9,38,,incorrect,
YA6aMV1xcGv9,39,,correct,
YA6aMV1xcGv9,40,,correct,
YA6aMV1xcGv9,41,,correct,
YA6aMV1xcGv9,42,,correct,
YA6aMV1xcGv9,43,,correct,
YA6aMV1xcGv9,44,,correct,
YA6aMV1xcGv9,45,,incorrect,
YA6aMV1xcGv9,46,,correct,
YA6aMV1xcGv9,47,,incorrect,
YA6aMV1xcGv9,48,,correct,
YA6aMV1xcGv9,49,,incorrect,
YA6aMV1xcGv9,50,,incorrect,
YA6aMV1xcGv9,51,,correct,
YA6aMV1xcGv9,52,,correct,
YA6aMV1xcGv9,53,,correct,
YA6aMV1xcGv9,54,,correct,
YA6aMV1xcGv9,55,,correct,
YA6aMV1xcGv9,56,,incorrect,
YA6aMV1xcGv9,57,,correct,
YA6aMV1xcGv9,58,,correct,
YA6aMV1xcGv9,59,,correct,
YA6aMV1xcGv9,60,,incorrect,
eH9XZKUjDCDF,31,,incorrect,
eH9XZKUjDCDF,32,,incorrect,
eH9XZKUjDCDF,33,,correct,
eH9XZKUjDCDF,34,,correct,
eH9XZKUjDCDF,35,,correct,
eH9XZKUjDCDF,36,,correct,
eH9XZKUjDCDF,37,,correct,
eH9XZKUjDCDF,38,,incorrect,
eH9XZKUjDCDF,39,,correct,
eH9XZKUjDCDF,40,,correct,
eH9XZKUjDCDF,41,,correct,
eH9XZKUjDCDF,42,,correct,
eH9XZKUjDCDF,43,,incorrect,
eH9XZKUjDCDF,44,,correct,
eH9XZKUjDCDF,45,,incorrect,
eH9XZKUjDCDF,46,,correct,
eH9XZKUjDCDF,47,,incorrect,
eH9XZKUjDCDF,48,,correct,
eH9XZKUjDCDF,49,,incorrect,
eH9XZKUjDCDF,50,,incorrect,
eH9XZKUjDCDF,51,,correct,
eH9XZKUjDCDF,52,,incorrect,
eH9XZKUjDCDF,53,,correct,
eH9XZKUjDCDF,54,,correct,
eH9XZKUjDCDF,55,,correct,
eH9XZKUjDCDF,56,,incorrect,
eH9XZKUjDCDF,57,,correct,
eH9XZKUjDCDF,58,,correct,
eH9XZKUjDCDF,59,,correct,
eH9XZKUjDCDF,60,,correct,
ROaS3EN46XLy,31,,incorrect,
ROaS3EN46XLy,32,,incorrect,
ROaS3EN46XLy,33,,correct,
ROaS3EN46XLy,34,,correct,
ROaS3EN46XLy,35,,correct,
ROaS3EN46XLy,36,,correct,
ROaS3EN46XLy,37,,correct,
ROaS3EN46XLy,38,,incorrect,
ROaS3EN46XLy,39,,correct,
ROaS3EN46XLy,40,,correct,
ROaS3EN46XLy,41,,correct,
ROaS3EN46XLy,42,,correct,
ROaS3EN46XLy,43,,incorrect,
ROaS3EN46XLy,44,,correct,
ROaS3EN46XLy,45,,incorrect,
ROaS3EN46XLy,46,,correct,
ROaS3EN46XLy,47,,incorrect,
ROaS3EN46XLy,48,,correct,
ROaS3EN46XLy,49,,incorrect,
ROaS3EN46XLy,50,,incorrect,
ROaS3EN46XLy,51,,correct,
ROaS3EN46XLy,52,,incorrect,
ROaS3EN46XLy,53,,correct,
ROaS3EN46XLy,54,,correct,
ROaS3EN46XLy,55,,correct,
ROaS3EN46XLy,56,,incorrect,
ROaS3EN46XLy,57,,correct,
ROaS3EN46XLy,58,,correct,
ROaS3EN46XLy,59,,correct,
ROaS3EN46XLy,60,,correct,
aeQlX5jbZHXw,31,,incorrect,
aeQlX5jbZHXw,32,,incorrect,
aeQlX5jbZHXw,33,,correct,
aeQlX5jbZHXw,34,,correct,
aeQlX5jbZHXw,35,,correct,
aeQlX5jbZHXw,36,,correct,
aeQlX5jbZHXw,37,,correct,
aeQlX5jbZHXw,38,,incorrect,
aeQlX5jbZHXw,39,,correct,
aeQlX5jbZHXw,40,,correct,
aeQlX5jbZHXw,41,,correct,
aeQlX5jbZHXw,42,,correct,
aeQlX5jbZHXw,43,,incorrect,
aeQlX5jbZHXw,44,,correct,
aeQlX5jbZHXw,45,,incorrect,
aeQlX5jbZHXw,46,,correct,
aeQlX5jbZHXw,47,,incorrect,
aeQlX5jbZHXw,48,,correct,
aeQlX5jbZHXw,49,,incorrect,
aeQlX5jbZHXw,50,,incorrect,
aeQlX5jbZHXw,51,,correct,
aeQlX5jbZHXw,52,,incorrect,
aeQlX5jbZHXw,53,,correct,
aeQlX5jbZHXw,54,,correct,
aeQlX5jbZHXw,55,,correct,
aeQlX5jbZHXw,56,,incorrect,
aeQlX5jbZHXw,57,,correct,
aeQlX5jbZHXw,58,,correct,
aeQlX5jbZHXw,59,,correct,
aeQlX5jbZHXw,60,,correct,
wlfxRfJtBw5L,31,,correct,
wlfxRfJtBw5L,32,,incorrect,
wlfxRfJtBw5L,33,,correct,
wlfxRfJtBw5L,34,,correct,
wlfxRfJtBw5L,35,,correct,
wlfxRfJtBw5L,36,,incorrect,
wlfxRfJtBw5L,37,,incorrect,
wlfxRfJtBw5L,38,,correct,
wlfxRfJtBw5L,39,,incorrect,
wlfxRfJtBw5L,40,,correct,
wlfxRfJtBw5L,41,,incorrect,
wlfxRfJtBw5L,42,,correct,
wlfxRfJtBw5L,43,,correct,
wlfxRfJtBw5L,44,,correct,
wlfxRfJtBw5L,45,,incorrect,
wlfxRfJtBw5L,46,,correct,
wlfxRfJtBw5L,47,,incorrect,
wlfxRfJtBw5L,48,,correct,
wlfxRfJtBw5L,49,,incorrect,
wlfxRfJtBw5L,50,,correct,
wlfxRfJtBw5L,51,,correct,
wlfxRfJtBw5L,52,,correct,
wlfxRfJtBw5L,53,,correct,
wlfxRfJtBw5L,54,,incorrect,
wlfxRfJtBw5L,55,,correct,
wlfxRfJtBw5L,56,,incorrect,
wlfxRfJtBw5L,57,,correct,
wlfxRfJtBw5L,58,,incorrect,
wlfxRfJtBw5L,59,,correct,
wlfxRfJtBw5L,60,,correct,
Mcvs7l2qNfTq,31,,incorrect,
Mcvs7l2qNfTq,32,,incorrect,
Mcvs7l2qNfTq,33,,correct,
Mcvs7l2qNfTq,34,,correct,
Mcvs7l2qNfTq,35,,correct,
Mcvs7l2qNfTq,36,,correct,
Mcvs7l2qNfTq,37,,correct,
Mcvs7l2qNfTq,38,,incorrect,
Mcvs7l2qNfTq,39,,correct,
Mcvs7l2qNfTq,40,,correct,
Mcvs7l2qNfTq,41,,correct,
Mcvs7l2qNfTq,42,,correct,
Mcvs7l2qNfTq,43,,incorrect,
Mcvs7l2qNfTq,44,,correct,
Mcvs7l2qNfTq,45,,incorrect,
Mcvs7l2qNfTq,46,,correct,
Mcvs7l2qNfTq,47,,incorrect,
Mcvs7l2qNfTq,48,,correct,
Mcvs7l2qNfTq,49,,incorrect,
Mcvs7l2qNfTq,50,,incorrect,
Mcvs7l2qNfTq,51,,correct,
Mcvs7l2qNfTq,52,,incorrect,
Mcvs7l2qNfTq,53,,correct,
Mcvs7l2qNfTq,54,,correct,
Mcvs7l2qNfTq,55,,correct,
Mcvs7l2qNfTq,56,,incorrect,
Mcvs7l2qNfTq,57,,correct,
Mcvs7l2qNfTq,58,,correct,
Mcvs7l2qNfTq,59,,correct,
Mcvs7l2qNfTq,60,,correct,
IWu147zvpRWb,31,,correct,
IWu147zvpRWb,32,,correct,
IWu147zvpRWb,33,,correct,
IWu147zvpRWb,34,,correct,
IWu147zvpRWb,35,,incorrect,
IWu147zvpRWb,36,,incorrect,
IWu147zvpRWb,37,,incorrect,
IWu147zvpRWb,38,,correct,
IWu147zvpRWb,39,,correct,
IWu147zvpRWb,40,,correct,
IWu147zvpRWb,41,,correct,
IWu147zvpRWb,42,,correct,
IWu147zvpRWb,43,,incorrect,
IWu147zvpRWb,44,,incorrect,
IWu147zvpRWb,45,,incorrect,
IWu147zvpRWb,46,,incorrect,
IWu147zvpRWb,47,,incorrect,
IWu147zvpRWb,48,,correct,
IWu147zvpRWb,49,,incorrect,
IWu147zvpRWb,50,,correct,
IWu147zvpRWb,51,,correct,
IWu147zvpRWb,52,,correct,
IWu147zvpRWb,53,,correct,
IWu147zvpRWb,54,,correct,
IWu147zvpRWb,55,,correct,
IWu147zvpRWb,56,,incorrect,
IWu147zvpRWb,57,,correct,
IWu147zvpRWb,58,,correct,
IWu147zvpRWb,59,,correct,
IWu147zvpRWb,60,,correct,
bUBpyoQOQ4Ov,31,,correct,
bUBpyoQOQ4Ov,32,,correct,
bUBpyoQOQ4Ov,33,,correct,
bUBpyoQOQ4Ov,34,,correct,
bUBpyoQOQ4Ov,35,,correct,
bUBpyoQOQ4Ov,36,,incorrect,
bUBpyoQOQ4Ov,37,,incorrect,
bUBpyoQOQ4Ov,38,,incorrect,
bUBpyoQOQ4Ov,39,,correct,
bUBpyoQOQ4Ov,40,,correct,
bUBpyoQOQ4Ov,41,,correct,
bUBpyoQOQ4Ov,42,,correct,
bUBpyoQOQ4Ov,43,,correct,
bUBpyoQOQ4Ov,44,,incorrect,
bUBpyoQOQ4Ov,45,,incorrect,
bUBpyoQOQ4Ov,46,,correct,
bUBpyoQOQ4Ov,47,,incorrect,
bUBpyoQOQ4Ov,48,,correct,
bUBpyoQOQ4Ov,49,,incorrect,
bUBpyoQOQ4Ov,50,,correct,
bUBpyoQOQ4Ov,51,,correct,
bUBpyoQOQ4Ov,52,,correct,
bUBpyoQOQ4Ov,53,,correct,
bUBpyoQOQ4Ov,54,,correct,
bUBpyoQOQ4Ov,55,,correct,
bUBpyoQOQ4Ov,56,,incorrect,
bUBpyoQOQ4Ov,57,,correct,
bUBpyoQOQ4Ov,58,,incorrect,
bUBpyoQOQ4Ov,59,,correct,
bUBpyoQOQ4Ov,60,,correct,
VTLAbK1PHg7B,31,,correct,
VTLAbK1PHg7B,32,,correct,
VTLAbK1PHg7B,33,,correct,
VTLAbK1PHg7B,34,,correct,
VTLAbK1PHg7B,35,,incorrect,
VTLAbK1PHg7B,36,,incorrect,
VTLAbK1PHg7B,37,,correct,
VTLAbK1PHg7B,38,,correct,
VTLAbK1PHg7B,39,,correct,
VTLAbK1PHg7B,40,,correct,
VTLAbK1PHg7B,41,,correct,
VTLAbK1PHg7B,42,,correct,
VTLAbK1PHg7B,43,,correct,
VTLAbK1PHg7B,44,,correct,
VTLAbK1PHg7B,45,,incorrect,
VTLAbK1PHg7B,46,,correct,
VTLAbK1PHg7B,47,,incorrect,
VTLAbK1PHg7B,48,,correct,
VTLAbK1PHg7B,49,,incorrect,
VTLAbK1PHg7B,50,,incorrect,
VTLAbK1PHg7B,51,,correct,
VTLAbK1PHg7B,52,,incorrect,
VTLAbK1PHg7B,53,,correct,
VTLAbK1PHg7B,54,,correct,
VTLAbK1PHg7B,55,,incorrect,
VTLAbK1PHg7B,56,,incorrect,
VTLAbK1PHg7B,57,,correct,
VTLAbK1PHg7B,58,,correct,
VTLAbK1PHg7B,59,,correct,
VTLAbK1PHg7B,60,,incorrect,
E9vMd75UB2be,31,,incorrect,
E9vMd75UB2be,32,,incorrect,
E9vMd75UB2be,33,,correct,
E9vMd75UB2be,34,,correct,
E9vMd75UB2be,35,,correct,
E9vMd75UB2be,36,,incorrect,
E9vMd75UB2be,37,,incorrect,
E9vMd75UB2be,38,,correct,
E9vMd75UB2be,39,,correct,
E9vMd75UB2be,40,,correct,
E9vMd75UB2be,41,,correct,
E9vMd75UB2be,42,,correct,
E9vMd75UB2be,43,,correct,
E9vMd75UB2be,44,,correct,
E9vMd75UB2be,45,,incorrect,
E9vMd75UB2be,46,,incorrect,
E9vMd75UB2be,47,,incorrect,
E9vMd75UB2be,48,,incorrect,
E9vMd75UB2be,49,,incorrect,
E9vMd75UB2be,50,,correct,
E9vMd75UB2be,51,,correct,
E9vMd75UB2be,52,,correct,
E9vMd75UB2be,53,,correct,
E9vMd75UB2be,54,,correct,
E9vMd75UB2be,55,,correct,
E9vMd75UB2be,56,,incorrect,
E9vMd75UB2be,57,,correct,
E9vMd75UB2be,58,,incorrect,
E9vMd75UB2be,59,,correct,
E9vMd75UB2be,60,,correct,
r5xiR4T4onQf,31,,correct,
r5xiR4T4onQf,32,,correct,
r5xiR4T4onQf,33,,correct,
r5xiR4T4onQf,34,,correct,
r5xiR4T4onQf,35,,incorrect,
r5xiR4T4onQf,36,,incorrect,
r5xiR4T4onQf,37,,correct,
r5xiR4T4onQf,38,,incorrect,
r5xiR4T4onQf,39,,incorrect,
r5xiR4T4onQf,40,,correct,
r5xiR4T4onQf,41,,correct,
r5xiR4T4onQf,42,,correct,
r5xiR4T4onQf,43,,incorrect,
r5xiR4T4onQf,44,,correct,
r5xiR4T4onQf,45,,incorrect,
r5xiR4T4onQf,46,,correct,
r5xiR4T4onQf,47,,incorrect,
r5xiR4T4onQf,48,,incorrect,
r5xiR4T4onQf,49,,incorrect,
r5xiR4T4onQf,50,,correct,
r5xiR4T4onQf,51,,correct,
r5xiR4T4onQf,52,,incorrect,
r5xiR4T4onQf,53,,correct,
r5xiR4T4onQf,54,,correct,
r5xiR4T4onQf,55,,correct,
r5xiR4T4onQf,56,,incorrect,
r5xiR4T4onQf,57,,correct,
r5xiR4T4onQf,58,,correct,
r5xiR4T4onQf,59,,correct,
r5xiR4T4onQf,60,,correct,
WNh0afD7QG4d,31,,correct,
WNh0afD7QG4d,32,,incorrect,
WNh0afD7QG4d,33,,correct,
WNh0afD7QG4d,34,,correct,
WNh0afD7QG4d,35,,incorrect,
WNh0afD7QG4d,36,,incorrect,
WNh0afD7QG4d,37,,incorrect,
WNh0afD7QG4d,38,,incorrect,
WNh0afD7QG4d,39,,incorrect,
WNh0afD7QG4d,40,,correct,
WNh0afD7QG4d,41,,incorrect,
WNh0afD7QG4d,42,,correct,
WNh0afD7QG4d,43,,correct,
WNh0afD7QG4d,44,,incorrect,
WNh0afD7QG4d,45,,incorrect,
WNh0afD7QG4d,46,,correct,
WNh0afD7QG4d,47,,incorrect,
WNh0afD7QG4d,48,,incorrect,
WNh0afD7QG4d,49,,incorrect,
WNh0afD7QG4d,50,,correct,
WNh0afD7QG4d,51,,correct,
WNh0afD7QG4d,52,,correct,
WNh0afD7QG4d,53,,correct,
WNh0afD7QG4d,54,,correct,
WNh0afD7QG4d,55,,correct,
WNh0afD7QG4d,56,,incorrect,
WNh0afD7QG4d,57,,correct,
WNh0afD7QG4d,58,,correct,
WNh0afD7QG4d,59,,correct,
WNh0afD7QG4d,60,,correct,
m8rfSXHUenxh,31,,correct,
m8rfSXHUenxh,32,,correct,
m8rfSXHUenxh,33,,correct,
m8rfSXHUenxh,34,,correct,
m8rfSXHUenxh,35,,correct,
m8rfSXHUenxh,36,,incorrect,
m8rfSXHUenxh,37,,correct,
m8rfSXHUenxh,38,,incorrect,
m8rfSXHUenxh,39,,incorrect,
m8rfSXHUenxh,40,,correct,
m8rfSXHUenxh,41,,incorrect,
m8rfSXHUenxh,42,,correct,
m8rfSXHUenxh,43,,correct,
m8rfSXHUenxh,44,,incorrect,
m8rfSXHUenxh,45,,incorrect,
m8rfSXHUenxh,46,,correct,
m8rfSXHUenxh,47,,incorrect,
m8rfSXHUenxh,48,,correct,
m8rfSXHUenxh,49,,incorrect,
m8rfSXHUenxh,50,,correct,
m8rfSXHUenxh,51,,incorrect,
m8rfSXHUenxh,52,,correct,
m8rfSXHUenxh,53,,incorrect,
m8rfSXHUenxh,54,,correct,
m8rfSXHUenxh,55,,correct,
m8rfSXHUenxh,56,,incorrect,
m8rfSXHUenxh,57,,correct,
m8rfSXHUenxh,58,,correct,
m8rfSXHUenxh,59,,correct,
m8rfSXHUenxh,60,,correct,
cn7NB6JfQDTq,31,,incorrect,
cn7NB6JfQDTq,32,,incorrect,
cn7NB6JfQDTq,33,,incorrect,
cn7NB6JfQDTq,34,,incorrect,
cn7NB6JfQDTq,35,,correct,
cn7NB6JfQDTq,36,,correct,
cn7NB6JfQDTq,37,,correct,
cn7NB6JfQDTq,38,,correct,
cn7NB6JfQDTq,39,,correct,
cn7NB6JfQDTq,40,,correct,
cn7NB6JfQDTq,41,,correct,
cn7NB6JfQDTq,42,,correct,
cn7NB6JfQDTq,43,,incorrect,
cn7NB6JfQDTq,44,,incorrect,
cn7NB6JfQDTq,45,,incorrect,
cn7NB6JfQDTq,46,,correct,
cn7NB6JfQDTq,47,,incorrect,
cn7NB6JfQDTq,48,,correct,
cn7NB6JfQDTq,49,,incorrect,
cn7NB6JfQDTq,50,,incorrect,
cn7NB6JfQDTq,51,,correct,
cn7NB6JfQDTq,52,,incorrect,
cn7NB6JfQDTq,53,,correct,
cn7NB6JfQDTq,54,,correct,
cn7NB6JfQDTq,55,,correct,
cn7NB6JfQDTq,56,,incorrect,
cn7NB6JfQDTq,57,,correct,
cn7NB6JfQDTq,58,,correct,
cn7NB6JfQDTq,59,,incorrect,
cn7NB6JfQDTq,60,,correct,
KNvidOVZPDzA,31,,incorrect,
KNvidOVZPDzA,32,,incorrect,
KNvidOVZPDzA,33,,correct,
KNvidOVZPDzA,34,,correct,
KNvidOVZPDzA,35,,correct,
KNvidOVZPDzA,36,,correct,
KNvidOVZPDzA,37,,incorrect,
KNvidOVZPDzA,38,,incorrect,
KNvidOVZPDzA,39,,correct,
KNvidOVZPDzA,40,,incorrect,
KNvidOVZPDzA,41,,correct,
KNvidOVZPDzA,42,,correct,
KNvidOVZPDzA,43,,incorrect,
KNvidOVZPDzA,44,,correct,
KNvidOVZPDzA,45,,incorrect,
KNvidOVZPDzA,46,,correct,
KNvidOVZPDzA,47,,incorrect,
KNvidOVZPDzA,48,,correct,
KNvidOVZPDzA,49,,incorrect,
KNvidOVZPDzA,50,,correct,
KNvidOVZPDzA,51,,incorrect,
KNvidOVZPDzA,52,,incorrect,
KNvidOVZPDzA,53,,correct,
KNvidOVZPDzA,54,,correct,
KNvidOVZPDzA,55,,correct,
KNvidOVZPDzA,56,,incorrect,
KNvidOVZPDzA,57,,correct,
KNvidOVZPDzA,58,,correct,
KNvidOVZPDzA,59,,correct,
KNvidOVZPDzA,60,,correct,
GiEhMndZmOa5,31,,correct,
GiEhMndZmOa5,32,,correct,
GiEhMndZmOa5,33,,correct,
GiEhMndZmOa5,34,,correct,
GiEhMndZmOa5,35,,correct,
GiEhMndZmOa5,36,,incorrect,
GiEhMndZmOa5,37,,correct,
GiEhMndZmOa5,38,,correct,
GiEhMndZmOa5,39,,correct,
GiEhMndZmOa5,40,,correct,
GiEhMndZmOa5,41,,incorrect,
GiEhMndZmOa5,42,,correct,
GiEhMndZmOa5,43,,correct,
GiEhMndZmOa5,44,,incorrect,
GiEhMndZmOa5,45,,incorrect,
GiEhMndZmOa5,46,,correct,
GiEhMndZmOa5,47,,incorrect,
GiEhMndZmOa5,48,,incorrect,
GiEhMndZmOa5,49,,incorrect,
GiEhMndZmOa5,50,,correct,
GiEhMndZmOa5,51,,incorrect,
GiEhMndZmOa5,52,,correct,
GiEhMndZmOa5,53,,correct,
GiEhMndZmOa5,54,,incorrect,
GiEhMndZmOa5,55,,correct,
GiEhMndZmOa5,56,,incorrect,
GiEhMndZmOa5,57,,correct,
GiEhMndZmOa5,58,,incorrect,
GiEhMndZmOa5,59,,incorrect,
GiEhMndZmOa5,60,,incorrect,
9xt9EeOQtcXZ,31,,incorrect,
9xt9EeOQtcXZ,32,,incorrect,
9xt9EeOQtcXZ,33,,correct,
9xt9EeOQtcXZ,34,,incorrect,
9xt9EeOQtcXZ,35,,correct,
9xt9EeOQtcXZ,36,,correct,
9xt9EeOQtcXZ,37,,incorrect,
9xt9EeOQtcXZ,38,,correct,
9xt9EeOQtcXZ,39,,correct,
9xt9EeOQtcXZ,40,,correct,
9xt9EeOQtcXZ,41,,correct,
9xt9EeOQtcXZ,42,,correct,
9xt9EeOQtcXZ,43,,incorrect,
9xt9EeOQtcXZ,44,,incorrect,
9xt9EeOQtcXZ,45,,incorrect,
9xt9EeOQtcXZ,46,,correct,
9xt9EeOQtcXZ,47,,incorrect,
9xt9EeOQtcXZ,48,,incorrect,
9xt9EeOQtcXZ,49,,incorrect,
9xt9EeOQtcXZ,50,,correct,
9xt9EeOQtcXZ,51,,correct,
9xt9EeOQtcXZ,52,,correct,
9xt9EeOQtcXZ,53,,correct,
9xt9EeOQtcXZ,54,,correct,
9xt9EeOQtcXZ,55,,correct,
9xt9EeOQtcXZ,56,,incorrect,
9xt9EeOQtcXZ,57,,correct,
9xt9EeOQtcXZ,58,,incorrect,
9xt9EeOQtcXZ,59,,correct,
9xt9EeOQtcXZ,60,,correct,
B0dezLVzpGHZ,31,,incorrect,
B0dezLVzpGHZ,32,,incorrect,
B0dezLVzpGHZ,33,,correct,
B0dezLVzpGHZ,34,,correct,
B0dezLVzpGHZ,35,,correct,
B0dezLVzpGHZ,36,,incorrect,
B0dezLVzpGHZ,37,,incorrect,
B0dezLVzpGHZ,38,,incorrect,
B0dezLVzpGHZ,39,,incorrect,
B0dezLVzpGHZ,40,,correct,
B0dezLVzpGHZ,41,,correct,
B0dezLVzpGHZ,42,,correct,
B0dezLVzpGHZ,43,,incorrect,
B0dezLVzpGHZ,44,,correct,
B0dezLVzpGHZ,45,,incorrect,
B0dezLVzpGHZ,46,,correct,
B0dezLVzpGHZ,47,,incorrect,
B0dezLVzpGHZ,48,,correct,
B0dezLVzpGHZ,49,,incorrect,
B0dezLVzpGHZ,50,,incorrect,
B0dezLVzpGHZ,51,,incorrect,
B0dezLVzpGHZ,52,,correct,
B0dezLVzpGHZ,53,,correct,
B0dezLVzpGHZ,54,,correct,
B0dezLVzpGHZ,55,,correct,
B0dezLVzpGHZ,56,,incorrect,
B0dezLVzpGHZ,57,,correct,
B0dezLVzpGHZ,58,,incorrect,
B0dezLVzpGHZ,59,,correct,
B0dezLVzpGHZ,60,,correct,
PgdsGKsedBAl,31,,correct,
PgdsGKsedBAl,32,,incorrect,
PgdsGKsedBAl,33,,incorrect,
PgdsGKsedBAl,34,,incorrect,
PgdsGKsedBAl,35,,correct,
PgdsGKsedBAl,36,,correct,
PgdsGKsedBAl,37,,correct,
PgdsGKsedBAl,38,,correct,
PgdsGKsedBAl,39,,correct,
PgdsGKsedBAl,40,,correct,
PgdsGKsedBAl,41,,correct,
PgdsGKsedBAl,42,,correct,
PgdsGKsedBAl,43,,correct,
PgdsGKsedBAl,44,,correct,
PgdsGKsedBAl,45,,incorrect,
PgdsGKsedBAl,46,,correct,
PgdsGKsedBAl,47,,incorrect,
PgdsGKsedBAl,48,,incorrect,
PgdsGKsedBAl,49,,incorrect,
PgdsGKsedBAl,50,,incorrect,
PgdsGKsedBAl,51,,incorrect,
PgdsGKsedBAl,52,,incorrect,
PgdsGKsedBAl,53,,correct,
PgdsGKsedBAl,54,,correct,
PgdsGKsedBAl,55,,correct,
PgdsGKsedBAl,56,,incorrect,
PgdsGKsedBAl,57,,correct,
PgdsGKsedBAl,58,,incorrect,
PgdsGKsedBAl,59,,correct,
PgdsGKsedBAl,60,,incorrect,
Ui0yLwC2YxnT,31,,correct,
Ui0yLwC2YxnT,32,,incorrect,
Ui0yLwC2YxnT,33,,correct,
Ui0yLwC2YxnT,34,,incorrect,
Ui0yLwC2YxnT,35,,correct,
Ui0yLwC2YxnT,36,,incorrect,
Ui0yLwC2YxnT,37,,incorrect,
Ui0yLwC2YxnT,38,,correct,
Ui0yLwC2YxnT,39,,correct,
Ui0yLwC2YxnT,40,,incorrect,
Ui0yLwC2YxnT,41,,correct,
Ui0yLwC2YxnT,42,,correct,
Ui0yLwC2YxnT,43,,incorrect,
Ui0yLwC2YxnT,44,,correct,
Ui0yLwC2YxnT,45,,incorrect,
Ui0yLwC2YxnT,46,,incorrect,
Ui0yLwC2YxnT,47,,incorrect,
Ui0yLwC2YxnT,48,,correct,
Ui0yLwC2YxnT,49,,incorrect,
Ui0yLwC2YxnT,50,,correct,
Ui0yLwC2YxnT,51,,correct,
Ui0yLwC2YxnT,52,,incorrect,
Ui0yLwC2YxnT,53,,correct,
Ui0yLwC2YxnT,54,,correct,
Ui0yLwC2YxnT,55,,correct,
Ui0yLwC2YxnT,56,,incorrect,
Ui0yLwC2YxnT,57,,correct,
Ui0yLwC2YxnT,58,,incorrect,
Ui0yLwC2YxnT,59,,incorrect,
Ui0yLwC2YxnT,60,,incorrect,
y9lkze6lHiAa,31,,correct,
y9lkze6lHiAa,32,,incorrect,
y9lkze6lHiAa,33,,correct,
y9lkze6lHiAa,34,,correct,
y9lkze6lHiAa,35,,correct,
y9lkze6lHiAa,36,,incorrect,
y9lkze6lHiAa,37,,incorrect,
y9lkze6lHiAa,38,,incorrect,
y9lkze6lHiAa,39,,incorrect,
y9lkze6lHiAa,40,,correct,
y9lkze6lHiAa,41,,correct,
y9lkze6lHiAa,42,,correct,
y9lkze6lHiAa,43,,incorrect,
y9lkze6lHiAa,44,,incorrect,
y9lkze6lHiAa,45,,incorrect,
y9lkze6lHiAa,46,,correct,
y9lkze6lHiAa,47,,incorrect,
y9lkze6lHiAa,48,,incorrect,
y9lkze6lHiAa,49,,incorrect,
y9lkze6lHiAa,50,,incorrect,
y9lkze6lHiAa,51,,correct,
y9lkze6lHiAa,52,,correct,
y9lkze6lHiAa,53,,incorrect,
y9lkze6lHiAa,54,,incorrect,
y9lkze6lHiAa,55,,correct,
y9lkze6lHiAa,56,,incorrect,
y9lkze6lHiAa,57,,correct,
y9lkze6lHiAa,58,,correct,
y9lkze6lHiAa,59,,correct,
y9lkze6lHiAa,60,,correct,
nIdSwhLzwJKt,31,,correct,
nIdSwhLzwJKt,32,,incorrect,
nIdSwhLzwJKt,33,,correct,
nIdSwhLzwJKt,34,,correct,
nIdSwhLzwJKt,35,,correct,
nIdSwhLzwJKt,36,,incorrect,
nIdSwhLzwJKt,37,,correct,
nIdSwhLzwJKt,38,,incorrect,
nIdSwhLzwJKt,39,,correct,
nIdSwhLzwJKt,40,,correct,
nIdSwhLzwJKt,41,,correct,
nIdSwhLzwJKt,42,,correct,
nIdSwhLzwJKt,43,,incorrect,
nIdSwhLzwJKt,44,,incorrect,
nIdSwhLzwJKt,45,,incorrect,
nIdSwhLzwJKt,46,,incorrect,
nIdSwhLzwJKt,47,,incorrect,
nIdSwhLzwJKt,48,,incorrect,
nIdSwhLzwJKt,49,,incorrect,
nIdSwhLzwJKt,50,,incorrect,
nIdSwhLzwJKt,51,,incorrect,
nIdSwhLzwJKt,52,,correct,
nIdSwhLzwJKt,53,,incorrect,
nIdSwhLzwJKt,54,,correct,
nIdSwhLzwJKt,55,,correct,
nIdSwhLzwJKt,56,,incorrect,
nIdSwhLzwJKt,57,,correct,
nIdSwhLzwJKt,58,,incorrect,
nIdSwhLzwJKt,59,,incorrect,
nIdSwhLzwJKt,60,,correct,
d5279GvwAinX,31,,correct,
d5279GvwAinX,32,,correct,
d5279GvwAinX,33,,correct,
d5279GvwAinX,34,,incorrect,
d5279GvwAinX,35,,incorrect,
d5279GvwAinX,36,,incorrect,
d5279GvwAinX,37,,incorrect,
d5279GvwAinX,38,,correct,
d5279GvwAinX,39,,incorrect,
d5279GvwAinX,40,,correct,
d5279GvwAinX,41,,correct,
d5279GvwAinX,42,,incorrect,
d5279GvwAinX,43,,incorrect,
d5279GvwAinX,44,,incorrect,
d5279GvwAinX,45,,incorrect,
d5279GvwAinX,46,,correct,
d5279GvwAinX,47,,correct,
d5279GvwAinX,48,,incorrect,
d5279GvwAinX,49,,incorrect,
d5279GvwAinX,50,,incorrect,
d5279GvwAinX,51,,incorrect,
d5279GvwAinX,52,,correct,
d5279GvwAinX,53,,correct,
d5279GvwAinX,54,,correct,
d5279GvwAinX,55,,correct,
d5279GvwAinX,56,,incorrect,
d5279GvwAinX,57,,correct,
d5279GvwAinX,58,,incorrect,
d5279GvwAinX,59,,incorrect,
d5279GvwAinX,60,,incorrect,
7VpB1pGsv71N,31,,incorrect,
7VpB1pGsv71N,32,,correct,
7VpB1pGsv71N,33,,incorrect,
7VpB1pGsv71N,34,,incorrect,
7VpB1pGsv71N,35,,incorrect,
7VpB1pGsv71N,36,,correct,
7VpB1pGsv71N,37,,incorrect,
7VpB1pGsv71N,38,,incorrect,
7VpB1pGsv71N,39,,incorrect,
7VpB1pGsv71N,40,,correct,
7VpB1pGsv71N,41,,incorrect,
7VpB1pGsv71N,42,,incorrect,
7VpB1pGsv71N,43,,incorrect,
7VpB1pGsv71N,44,,incorrect,
7VpB1pGsv71N,45,,incorrect,
7VpB1pGsv71N,46,,correct,
7VpB1pGsv71N,47,,incorrect,
7VpB1pGsv71N,48,,incorrect,
7VpB1pGsv71N,49,,incorrect,
7VpB1pGsv71N,50,,correct,
7VpB1pGsv71N,51,,correct,
7VpB1pGsv71N,52,,correct,
7VpB1pGsv71N,53,,correct,
7VpB1pGsv71N,54,,incorrect,
7VpB1pGsv71N,55,,incorrect,
7VpB1pGsv71N,56,,incorrect,
7VpB1pGsv71N,57,,correct,
7VpB1pGsv71N,58,,correct,
7VpB1pGsv71N,59,,correct,
7VpB1pGsv71N,60,,incorrect,
BOOMKrcykzvF,31,,incorrect,
BOOMKrcykzvF,32,,incorrect,
BOOMKrcykzvF,33,,incorrect,
BOOMKrcykzvF,34,,incorrect,
BOOMKrcykzvF,35,,incorrect,
BOOMKrcykzvF,36,,incorrect,
BOOMKrcykzvF,37,,incorrect,
BOOMKrcykzvF,38,,incorrect,
BOOMKrcykzvF,39,,correct,
BOOMKrcykzvF,40,,correct,
BOOMKrcykzvF,41,,correct,
BOOMKrcykzvF,42,,correct,
BOOMKrcykzvF,43,,incorrect,
BOOMKrcykzvF,44,,incorrect,
BOOMKrcykzvF,45,,incorrect,
BOOMKrcykzvF,46,,correct,
BOOMKrcykzvF,47,,incorrect,
BOOMKrcykzvF,48,,incorrect,
BOOMKrcykzvF,49,,incorrect,
BOOMKrcykzvF,50,,correct,
BOOMKrcykzvF,51,,correct,
BOOMKrcykzvF,52,,incorrect,
BOOMKrcykzvF,53,,incorrect,
BOOMKrcykzvF,54,,incorrect,
BOOMKrcykzvF,55,,correct,
BOOMKrcykzvF,56,,incorrect,
BOOMKrcykzvF,57,,incorrect,
BOOMKrcykzvF,58,,correct,
BOOMKrcykzvF,59,,correct,
BOOMKrcykzvF,60,,incorrect,
KwlNeadgH2OL,61,,correct,
KwlNeadgH2OL,62,,correct,
KwlNeadgH2OL,63,,correct,
KwlNeadgH2OL,64,,correct,
KwlNeadgH2OL,65,,correct,
KwlNeadgH2OL,66,,correct,
KwlNeadgH2OL,67,,correct,
KwlNeadgH2OL,68,,correct,
KwlNeadgH2OL,69,,correct,
KwlNeadgH2OL,70,,correct,
KwlNeadgH2OL,71,,correct,
KwlNeadgH2OL,72,,incorrect,
KwlNeadgH2OL,73,,incorrect,
KwlNeadgH2OL,74,,correct,
KwlNeadgH2OL,75,,incorrect,
KwlNeadgH2OL,76,,correct,
KwlNeadgH2OL,77,,correct,
KwlNeadgH2OL,78,,correct,
KwlNeadgH2OL,79,,correct,
KwlNeadgH2OL,80,,correct,
KwlNeadgH2OL,81,,correct,
KwlNeadgH2OL,82,,correct,
KwlNeadgH2OL,83,,correct,
KwlNeadgH2OL,84,,correct,
KwlNeadgH2OL,85,,incorrect,
KwlNeadgH2OL,86,,correct,
KwlNeadgH2OL,87,,correct,
KwlNeadgH2OL,88,,correct,
KwlNeadgH2OL,89,,correct,
KwlNeadgH2OL,90,,incorrect,
AQklHbi5bt8l,61,,correct,
AQklHbi5bt8l,62,,correct,
AQklHbi5bt8l,63,,correct,
AQklHbi5bt8l,64,,correct,
AQklHbi5bt8l,65,,correct,
AQklHbi5bt8l,66,,correct,
AQklHbi5bt8l,67,,correct,
AQklHbi5bt8l,68,,correct,
AQklHbi5bt8l,69,,correct,
AQklHbi5bt8l,70,,correct,
AQklHbi5bt8l,71,,correct,
AQklHbi5bt8l,72,,correct,
AQklHbi5bt8l,73,,correct,
AQklHbi5bt8l,74,,correct,
AQklHbi5bt8l,75,,incorrect,
AQklHbi5bt8l,76,,incorrect,
AQklHbi5bt8l,77,,correct,
AQklHbi5bt8l,78,,correct,
AQklHbi5bt8l,79,,correct,
AQklHbi5bt8l,80,,correct,
AQklHbi5bt8l,81,,incorrect,
AQklHbi5bt8l,82,,correct,
AQklHbi5bt8l,83,,correct,
AQklHbi5bt8l,84,,correct,
AQklHbi5bt8l,85,,incorrect,
AQklHbi5bt8l,86,,correct,
AQklHbi5bt8l,87,,correct,
AQklHbi5bt8l,88,,correct,
AQklHbi5bt8l,89,,correct,
AQklHbi5bt8l,90,,incorrect,
X0HFePMCkBsP,61,,correct,
X0HFePMCkBsP,62,,correct,
X0HFePMCkBsP,63,,correct,
X0HFePMCkBsP,64,,correct,
X0HFePMCkBsP,65,,correct,
X0HFePMCkBsP,66,,correct,
X0HFePMCkBsP,67,,correct,
X0HFePMCkBsP,68,,correct,
X0HFePMCkBsP,69,,correct,
X0HFePMCkBsP,70,,correct,
X0HFePMCkBsP,71,,correct,
X0HFePMCkBsP,72,,correct,
X0HFePMCkBsP,73,,correct,
X0HFePMCkBsP,74,,correct,
X0HFePMCkBsP,75,,incorrect,
X0HFePMCkBsP,76,,correct,
X0HFePMCkBsP,77,,incorrect,
X0HFePMCkBsP,78,,correct,
X0HFePMCkBsP,79,,correct,
X0HFePMCkBsP,80,,correct,
X0HFePMCkBsP,81,,incorrect,
X0HFePMCkBsP,82,,correct,
X0HFePMCkBsP,83,,correct,
X0HFePMCkBsP,84,,correct,
X0HFePMCkBsP,85,,correct,
X0HFePMCkBsP,86,,correct,
X0HFePMCkBsP,87,,correct,
X0HFePMCkBsP,88,,correct,
X0HFePMCkBsP,89,,correct,
X0HFePMCkBsP,90,,incorrect,
QJccKPT4nu7V,61,,correct,
QJccKPT4nu7V,62,,correct,
QJccKPT4nu7V,63,,correct,
QJccKPT4nu7V,64,,correct,
QJccKPT4nu7V,65,,correct,
QJccKPT4nu7V,66,,correct,
QJccKPT4nu7V,67,,correct,
QJccKPT4nu7V,68,,correct,
QJccKPT4nu7V,69,,correct,
QJccKPT4nu7V,70,,correct,
QJccKPT4nu7V,71,,correct,
QJccKPT4nu7V,72,,correct,
QJccKPT4nu7V,73,,correct,
QJccKPT4nu7V,74,,correct,
QJccKPT4nu7V,75,,incorrect,
QJccKPT4nu7V,76,,correct,
QJccKPT4nu7V,77,,incorrect,
QJccKPT4nu7V,78,,correct,
QJccKPT4nu7V,79,,correct,
QJccKPT4nu7V,80,,correct,
QJccKPT4nu7V,81,,incorrect,
QJccKPT4nu7V,82,,correct,
QJccKPT4nu7V,83,,correct,
QJccKPT4nu7V,84,,correct,
QJccKPT4nu7V,85,,correct,
QJccKPT4nu7V,86,,correct,
QJccKPT4nu7V,87,,correct,
QJccKPT4nu7V,88,,correct,
QJccKPT4nu7V,89,,correct,
QJccKPT4nu7V,90,,incorrect,
W0EkQhrkI3an,61,,correct,
W0EkQhrkI3an,62,,correct,
W0EkQhrkI3an,63,,correct,
W0EkQhrkI3an,64,,correct,
W0EkQhrkI3an,65,,correct,
W0EkQhrkI3an,66,,correct,
W0EkQhrkI3an,67,,incorrect,
W0EkQhrkI3an,68,,correct,
W0EkQhrkI3an,69,,correct,
W0EkQhrkI3an,70,,correct,
W0EkQhrkI3an,71,,correct,
W0EkQhrkI3an,72,,correct,
W0EkQhrkI3an,73,,correct,
W0EkQhrkI3an,74,,correct,
W0EkQhrkI3an,75,,correct,
W0EkQhrkI3an,76,,correct,
W0EkQhrkI3an,77,,incorrect,
W0EkQhrkI3an,78,,correct,
W0EkQhrkI3an,79,,correct,
W0EkQhrkI3an,80,,incorrect,
W0EkQhrkI3an,81,,correct,
W0EkQhrkI3an,82,,correct,
W0EkQhrkI3an,83,,correct,
W0EkQhrkI3an,84,,correct,
W0EkQhrkI3an,85,,incorrect,
W0EkQhrkI3an,86,,correct,
W0EkQhrkI3an,87,,correct,
W0EkQhrkI3an,88,,correct,
W0EkQhrkI3an,89,,correct,
W0EkQhrkI3an,90,,incorrect,
9eci54foOGc9,61,,correct,
9eci54foOGc9,62,,correct,
9eci54foOGc9,63,,correct,
9eci54foOGc9,64,,correct,
9eci54foOGc9,65,,correct,
9eci54foOGc9,66,,correct,
9eci54foOGc9,67,,correct,
9eci54foOGc9,68,,correct,
9eci54foOGc9,69,,correct,
9eci54foOGc9,70,,correct,
9eci54foOGc9,71,,correct,
9eci54foOGc9,72,,correct,
9eci54foOGc9,73,,correct,
9eci54foOGc9,74,,correct,
9eci54foOGc9,75,,correct,
9eci54foOGc9,76,,correct,
9eci54foOGc9,77,,correct,
9eci54foOGc9,78,,correct,
9eci54foOGc9,79,,incorrect,
9eci54foOGc9,80,,correct,
9eci54foOGc9,81,,correct,
9eci54foOGc9,82,,correct,
9eci54foOGc9,83,,correct,
9eci54foOGc9,84,,correct,
9eci54foOGc9,85,,incorrect,
9eci54foOGc9,86,,correct,
9eci54foOGc9,87,,correct,
9eci54foOGc9,88,,correct,
9eci54foOGc9,89,,correct,
9eci54foOGc9,90,,incorrect,
HDHPHpQGlRLt,61,,correct,
HDHPHpQGlRLt,62,,correct,
HDHPHpQGlRLt,63,,correct,
HDHPHpQGlRLt,64,,correct,
HDHPHpQGlRLt,65,,correct,
HDHPHpQGlRLt,66,,correct,
HDHPHpQGlRLt,67,,incorrect,
HDHPHpQGlRLt,68,,correct,
HDHPHpQGlRLt,69,,correct,
HDHPHpQGlRLt,70,,correct,
HDHPHpQGlRLt,71,,correct,
HDHPHpQGlRLt,72,,correct,
HDHPHpQGlRLt,73,,correct,
HDHPHpQGlRLt,74,,correct,
HDHPHpQGlRLt,75,,correct,
HDHPHpQGlRLt,76,,correct,
HDHPHpQGlRLt,77,,correct,
HDHPHpQGlRLt,78,,correct,
HDHPHpQGlRLt,79,,correct,
HDHPHpQGlRLt,80,,correct,
HDHPHpQGlRLt,81,,correct,
HDHPHpQGlRLt,82,,correct,
HDHPHpQGlRLt,83,,correct,
HDHPHpQGlRLt,84,,correct,
HDHPHpQGlRLt,85,,correct,
HDHPHpQGlRLt,86,,correct,
HDHPHpQGlRLt,87,,incorrect,
HDHPHpQGlRLt,88,,correct,
HDHPHpQGlRLt,89,,correct,
HDHPHpQGlRLt,90,,incorrect,
y9lkze6lHiAa,61,,correct,
y9lkze6lHiAa,62,,correct,
y9lkze6lHiAa,63,,correct,
y9lkze6lHiAa,64,,correct,
y9lkze6lHiAa,65,,incorrect,
y9lkze6lHiAa,66,,correct,
y9lkze6lHiAa,67,,incorrect,
y9lkze6lHiAa,68,,incorrect,
y9lkze6lHiAa,69,,incorrect,
y9lkze6lHiAa,70,,correct,
y9lkze6lHiAa,71,,correct,
y9lkze6lHiAa,72,,incorrect,
y9lkze6lHiAa,73,,incorrect,
y9lkze6lHiAa,74,,correct,
y9lkze6lHiAa,75,,incorrect,
y9lkze6lHiAa,76,,correct,
y9lkze6lHiAa,77,,incorrect,
y9lkze6lHiAa,78,,incorrect,
y9lkze6lHiAa,79,,incorrect,
y9lkze6lHiAa,80,,incorrect,
y9lkze6lHiAa,81,,correct,
y9lkze6lHiAa,82,,incorrect,
y9lkze6lHiAa,83,,incorrect,
y9lkze6lHiAa,84,,incorrect,
y9lkze6lHiAa,85,,incorrect,
y9lkze6lHiAa,86,,correct,
y9lkze6lHiAa,87,,correct,
y9lkze6lHiAa,88,,correct,
y9lkze6lHiAa,89,,incorrect,
y9lkze6lHiAa,90,,correct,
B0dezLVzpGHZ,61,,correct,
B0dezLVzpGHZ,62,,correct,
B0dezLVzpGHZ,63,,correct,
B0dezLVzpGHZ,64,,correct,
B0dezLVzpGHZ,65,,correct,
B0dezLVzpGHZ,66,,correct,
B0dezLVzpGHZ,67,,correct,
B0dezLVzpGHZ,68,,correct,
B0dezLVzpGHZ,69,,correct,
B0dezLVzpGHZ,70,,correct,
B0dezLVzpGHZ,71,,correct,
B0dezLVzpGHZ,72,,incorrect,
B0dezLVzpGHZ,73,,correct,
B0dezLVzpGHZ,74,,correct,
B0dezLVzpGHZ,75,,incorrect,
B0dezLVzpGHZ,76,,incorrect,
B0dezLVzpGHZ,77,,incorrect,
B0dezLVzpGHZ,78,,correct,
B0dezLVzpGHZ,79,,incorrect,
B0dezLVzpGHZ,80,,correct,
B0dezLVzpGHZ,81,,correct,
B0dezLVzpGHZ,82,,correct,
B0dezLVzpGHZ,83,,correct,
B0dezLVzpGHZ,84,,correct,
B0dezLVzpGHZ,85,,correct,
B0dezLVzpGHZ,86,,correct,
B0dezLVzpGHZ,87,,correct,
B0dezLVzpGHZ,88,,incorrect,
B0dezLVzpGHZ,89,,incorrect,
B0dezLVzpGHZ,90,,incorrect,
xPRdKA5UBNGM,61,,correct,
xPRdKA5UBNGM,62,,correct,
xPRdKA5UBNGM,63,,correct,
xPRdKA5UBNGM,64,,correct,
xPRdKA5UBNGM,65,,correct,
xPRdKA5UBNGM,66,,correct,
xPRdKA5UBNGM,67,,incorrect,
xPRdKA5UBNGM,68,,correct,
xPRdKA5UBNGM,69,,correct,
xPRdKA5UBNGM,70,,correct,
xPRdKA5UBNGM,71,,correct,
xPRdKA5UBNGM,72,,correct,
xPRdKA5UBNGM,73,,correct,
xPRdKA5UBNGM,74,,correct,
xPRdKA5UBNGM,75,,correct,
xPRdKA5UBNGM,76,,incorrect,
xPRdKA5UBNGM,77,,correct,
xPRdKA5UBNGM,78,,correct,
xPRdKA5UBNGM,79,,correct,
xPRdKA5UBNGM,80,,correct,
xPRdKA5UBNGM,81,,correct,
xPRdKA5UBNGM,82,,correct,
xPRdKA5UBNGM,83,,correct,
xPRdKA5UBNGM,84,,correct,
xPRdKA5UBNGM,85,,incorrect,
xPRdKA5UBNGM,86,,correct,
xPRdKA5UBNGM,87,,correct,
xPRdKA5UBNGM,88,,correct,
xPRdKA5UBNGM,89,,incorrect,
xPRdKA5UBNGM,90,,incorrect,
P76XnTmOjZzU,61,,correct,
P76XnTmOjZzU,62,,correct,
P76XnTmOjZzU,63,,correct,
P76XnTmOjZzU,64,,correct,
P76XnTmOjZzU,65,,correct,
P76XnTmOjZzU,66,,correct,
P76XnTmOjZzU,67,,incorrect,
P76XnTmOjZzU,68,,correct,
P76XnTmOjZzU,69,,correct,
P76XnTmOjZzU,70,,correct,
P76XnTmOjZzU,71,,correct,
P76XnTmOjZzU,72,,incorrect,
P76XnTmOjZzU,73,,correct,
P76XnTmOjZzU,74,,correct,
P76XnTmOjZzU,75,,correct,
P76XnTmOjZzU,76,,incorrect,
P76XnTmOjZzU,77,,correct,
P76XnTmOjZzU,78,,incorrect,
P76XnTmOjZzU,79,,correct,
P76XnTmOjZzU,80,,correct,
P76XnTmOjZzU,81,,correct,
P76XnTmOjZzU,82,,correct,
P76XnTmOjZzU,83,,correct,
P76XnTmOjZzU,84,,correct,
P76XnTmOjZzU,85,,correct,
P76XnTmOjZzU,86,,correct,
P76XnTmOjZzU,87,,correct,
P76XnTmOjZzU,88,,correct,
P76XnTmOjZzU,89,,correct,
P76XnTmOjZzU,90,,incorrect,
jkDHRLkdOO06,61,,correct,
jkDHRLkdOO06,62,,correct,
jkDHRLkdOO06,63,,correct,
jkDHRLkdOO06,64,,correct,
jkDHRLkdOO06,65,,correct,
jkDHRLkdOO06,66,,correct,
jkDHRLkdOO06,67,,incorrect,
jkDHRLkdOO06,68,,correct,
jkDHRLkdOO06,69,,correct,
jkDHRLkdOO06,70,,correct,
jkDHRLkdOO06,71,,correct,
jkDHRLkdOO06,72,,incorrect,
jkDHRLkdOO06,73,,correct,
jkDHRLkdOO06,74,,correct,
jkDHRLkdOO06,75,,correct,
jkDHRLkdOO06,76,,incorrect,
jkDHRLkdOO06,77,,correct,
jkDHRLkdOO06,78,,incorrect,
jkDHRLkdOO06,79,,correct,
jkDHRLkdOO06,80,,correct,
jkDHRLkdOO06,81,,correct,
jkDHRLkdOO06,82,,correct,
jkDHRLkdOO06,83,,correct,
jkDHRLkdOO06,84,,correct,
jkDHRLkdOO06,85,,correct,
jkDHRLkdOO06,86,,correct,
jkDHRLkdOO06,87,,correct,
jkDHRLkdOO06,88,,correct,
jkDHRLkdOO06,89,,correct,
jkDHRLkdOO06,90,,incorrect,
cCanr1FJP4WP,61,,correct,
cCanr1FJP4WP,62,,correct,
cCanr1FJP4WP,63,,correct,
cCanr1FJP4WP,64,,correct,
cCanr1FJP4WP,65,,correct,
cCanr1FJP4WP,66,,correct,
cCanr1FJP4WP,67,,incorrect,
cCanr1FJP4WP,68,,correct,
cCanr1FJP4WP,69,,correct,
cCanr1FJP4WP,70,,correct,
cCanr1FJP4WP,71,,correct,
cCanr1FJP4WP,72,,incorrect,
cCanr1FJP4WP,73,,correct,
cCanr1FJP4WP,74,,correct,
cCanr1FJP4WP,75,,correct,
cCanr1FJP4WP,76,,incorrect,
cCanr1FJP4WP,77,,correct,
cCanr1FJP4WP,78,,incorrect,
cCanr1FJP4WP,79,,correct,
cCanr1FJP4WP,80,,correct,
cCanr1FJP4WP,81,,correct,
cCanr1FJP4WP,82,,correct,
cCanr1FJP4WP,83,,correct,
cCanr1FJP4WP,84,,correct,
cCanr1FJP4WP,85,,correct,
cCanr1FJP4WP,86,,correct,
cCanr1FJP4WP,87,,correct,
cCanr1FJP4WP,88,,correct,
cCanr1FJP4WP,89,,correct,
cCanr1FJP4WP,90,,incorrect,
m7l9wOWJlnvS,61,,correct,
m7l9wOWJlnvS,62,,correct,
m7l9wOWJlnvS,63,,correct,
m7l9wOWJlnvS,64,,correct,
m7l9wOWJlnvS,65,,correct,
m7l9wOWJlnvS,66,,correct,
m7l9wOWJlnvS,67,,incorrect,
m7l9wOWJlnvS,68,,correct,
m7l9wOWJlnvS,69,,correct,
m7l9wOWJlnvS,70,,correct,
m7l9wOWJlnvS,71,,correct,
m7l9wOWJlnvS,72,,incorrect,
m7l9wOWJlnvS,73,,correct,
m7l9wOWJlnvS,74,,correct,
m7l9wOWJlnvS,75,,correct,
m7l9wOWJlnvS,76,,incorrect,
m7l9wOWJlnvS,77,,correct,
m7l9wOWJlnvS,78,,incorrect,
m7l9wOWJlnvS,79,,correct,
m7l9wOWJlnvS,80,,correct,
m7l9wOWJlnvS,81,,correct,
m7l9wOWJlnvS,82,,correct,
m7l9wOWJlnvS,83,,correct,
m7l9wOWJlnvS,84,,correct,
m7l9wOWJlnvS,85,,correct,
m7l9wOWJlnvS,86,,correct,
m7l9wOWJlnvS,87,,correct,
m7l9wOWJlnvS,88,,correct,
m7l9wOWJlnvS,89,,correct,
m7l9wOWJlnvS,90,,incorrect,
oVyzGGgOFu4f,61,,correct,
oVyzGGgOFu4f,62,,incorrect,
oVyzGGgOFu4f,63,,correct,
oVyzGGgOFu4f,64,,correct,
oVyzGGgOFu4f,65,,correct,
oVyzGGgOFu4f,66,,correct,
oVyzGGgOFu4f,67,,correct,
oVyzGGgOFu4f,68,,correct,
oVyzGGgOFu4f,69,,correct,
oVyzGGgOFu4f,70,,correct,
oVyzGGgOFu4f,71,,correct,
oVyzGGgOFu4f,72,,correct,
oVyzGGgOFu4f,73,,correct,
oVyzGGgOFu4f,74,,correct,
oVyzGGgOFu4f,75,,correct,
oVyzGGgOFu4f,76,,correct,
oVyzGGgOFu4f,77,,incorrect,
oVyzGGgOFu4f,78,,correct,
oVyzGGgOFu4f,79,,correct,
oVyzGGgOFu4f,80,,correct,
oVyzGGgOFu4f,81,,correct,
oVyzGGgOFu4f,82,,correct,
oVyzGGgOFu4f,83,,correct,
oVyzGGgOFu4f,84,,correct,
oVyzGGgOFu4f,85,,correct,
oVyzGGgOFu4f,86,,incorrect,
oVyzGGgOFu4f,87,,incorrect,
oVyzGGgOFu4f,88,,correct,
oVyzGGgOFu4f,89,,correct,
oVyzGGgOFu4f,90,,incorrect,
w1PmKgj9FomZ,61,,correct,
w1PmKgj9FomZ,62,,correct,
w1PmKgj9FomZ,63,,correct,
w1PmKgj9FomZ,64,,correct,
w1PmKgj9FomZ,65,,correct,
w1PmKgj9FomZ,66,,correct,
w1PmKgj9FomZ,67,,correct,
w1PmKgj9FomZ,68,,correct,
w1PmKgj9FomZ,69,,incorrect,
w1PmKgj9FomZ,70,,correct,
w1PmKgj9FomZ,71,,correct,
w1PmKgj9FomZ,72,,incorrect,
w1PmKgj9FomZ,73,,correct,
w1PmKgj9FomZ,74,,correct,
w1PmKgj9FomZ,75,,incorrect,
w1PmKgj9FomZ,76,,correct,
w1PmKgj9FomZ,77,,incorrect,
w1PmKgj9FomZ,78,,incorrect,
w1PmKgj9FomZ,79,,incorrect,
w1PmKgj9FomZ,80,,correct,
w1PmKgj9FomZ,81,,correct,
w1PmKgj9FomZ,82,,incorrect,
w1PmKgj9FomZ,83,,correct,
w1PmKgj9FomZ,84,,correct,
w1PmKgj9FomZ,85,,incorrect,
w1PmKgj9FomZ,86,,correct,
w1PmKgj9FomZ,87,,correct,
w1PmKgj9FomZ,88,,correct,
w1PmKgj9FomZ,89,,incorrect,
w1PmKgj9FomZ,90,,incorrect,
Mr0bz3y2IHmW,61,,correct,
Mr0bz3y2IHmW,62,,correct,
Mr0bz3y2IHmW,63,,correct,
Mr0bz3y2IHmW,64,,correct,
Mr0bz3y2IHmW,65,,correct,
Mr0bz3y2IHmW,66,,correct,
Mr0bz3y2IHmW,67,,incorrect,
Mr0bz3y2IHmW,68,,correct,
Mr0bz3y2IHmW,69,,correct,
Mr0bz3y2IHmW,70,,correct,
Mr0bz3y2IHmW,71,,correct,
Mr0bz3y2IHmW,72,,correct,
Mr0bz3y2IHmW,73,,correct,
Mr0bz3y2IHmW,74,,correct,
Mr0bz3y2IHmW,75,,correct,
Mr0bz3y2IHmW,76,,correct,
Mr0bz3y2IHmW,77,,correct,
Mr0bz3y2IHmW,78,,correct,
Mr0bz3y2IHmW,79,,incorrect,
Mr0bz3y2IHmW,80,,correct,
Mr0bz3y2IHmW,81,,correct,
Mr0bz3y2IHmW,82,,correct,
Mr0bz3y2IHmW,83,,correct,
Mr0bz3y2IHmW,84,,correct,
Mr0bz3y2IHmW,85,,correct,
Mr0bz3y2IHmW,86,,correct,
Mr0bz3y2IHmW,87,,correct,
Mr0bz3y2IHmW,88,,correct,
Mr0bz3y2IHmW,89,,incorrect,
Mr0bz3y2IHmW,90,,incorrect,
aKKO0pyKuBaK,61,,correct,
aKKO0pyKuBaK,62,,correct,
aKKO0pyKuBaK,63,,correct,
aKKO0pyKuBaK,64,,correct,
aKKO0pyKuBaK,65,,correct,
aKKO0pyKuBaK,66,,correct,
aKKO0pyKuBaK,67,,correct,
aKKO0pyKuBaK,68,,correct,
aKKO0pyKuBaK,69,,incorrect,
aKKO0pyKuBaK,70,,correct,
aKKO0pyKuBaK,71,,correct,
aKKO0pyKuBaK,72,,incorrect,
aKKO0pyKuBaK,73,,correct,
aKKO0pyKuBaK,74,,correct,
aKKO0pyKuBaK,75,,incorrect,
aKKO0pyKuBaK,76,,correct,
aKKO0pyKuBaK,77,,incorrect,
aKKO0pyKuBaK,78,,incorrect,
aKKO0pyKuBaK,79,,incorrect,
aKKO0pyKuBaK,80,,correct,
aKKO0pyKuBaK,81,,correct,
aKKO0pyKuBaK,82,,incorrect,
aKKO0pyKuBaK,83,,correct,
aKKO0pyKuBaK,84,,correct,
aKKO0pyKuBaK,85,,incorrect,
aKKO0pyKuBaK,86,,correct,
aKKO0pyKuBaK,87,,correct,
aKKO0pyKuBaK,88,,correct,
aKKO0pyKuBaK,89,,incorrect,
aKKO0pyKuBaK,90,,incorrect,
OHaSXzUdzChO,61,,correct,
OHaSXzUdzChO,62,,correct,
OHaSXzUdzChO,63,,correct,
OHaSXzUdzChO,64,,correct,
OHaSXzUdzChO,65,,correct,
OHaSXzUdzChO,66,,correct,
OHaSXzUdzChO,67,,correct,
OHaSXzUdzChO,68,,correct,
OHaSXzUdzChO,69,,incorrect,
OHaSXzUdzChO,70,,correct,
OHaSXzUdzChO,71,,correct,
OHaSXzUdzChO,72,,incorrect,
OHaSXzUdzChO,73,,correct,
OHaSXzUdzChO,74,,correct,
OHaSXzUdzChO,75,,incorrect,
OHaSXzUdzChO,76,,correct,
OHaSXzUdzChO,77,,incorrect,
OHaSXzUdzChO,78,,incorrect,
OHaSXzUdzChO,79,,incorrect,
OHaSXzUdzChO,80,,correct,
OHaSXzUdzChO,81,,correct,
OHaSXzUdzChO,82,,incorrect,
OHaSXzUdzChO,83,,correct,
OHaSXzUdzChO,84,,correct,
OHaSXzUdzChO,85,,incorrect,
OHaSXzUdzChO,86,,correct,
OHaSXzUdzChO,87,,correct,
OHaSXzUdzChO,88,,correct,
OHaSXzUdzChO,89,,incorrect,
OHaSXzUdzChO,90,,incorrect,
e35NZ2cItyz9,61,,correct,
e35NZ2cItyz9,62,,correct,
e35NZ2cItyz9,63,,correct,
e35NZ2cItyz9,64,,correct,
e35NZ2cItyz9,65,,correct,
e35NZ2cItyz9,66,,correct,
e35NZ2cItyz9,67,,incorrect,
e35NZ2cItyz9,68,,correct,
e35NZ2cItyz9,69,,correct,
e35NZ2cItyz9,70,,correct,
e35NZ2cItyz9,71,,correct,
e35NZ2cItyz9,72,,correct,
e35NZ2cItyz9,73,,correct,
e35NZ2cItyz9,74,,correct,
e35NZ2cItyz9,75,,correct,
e35NZ2cItyz9,76,,correct,
e35NZ2cItyz9,77,,incorrect,
e35NZ2cItyz9,78,,correct,
e35NZ2cItyz9,79,,correct,
e35NZ2cItyz9,80,,correct,
e35NZ2cItyz9,81,,correct,
e35NZ2cItyz9,82,,correct,
e35NZ2cItyz9,83,,correct,
e35NZ2cItyz9,84,,correct,
e35NZ2cItyz9,85,,incorrect,
e35NZ2cItyz9,86,,correct,
e35NZ2cItyz9,87,,correct,
e35NZ2cItyz9,88,,correct,
e35NZ2cItyz9,89,,correct,
e35NZ2cItyz9,90,,incorrect,
C6BcTLw4mOKQ,61,,correct,
C6BcTLw4mOKQ,62,,correct,
C6BcTLw4mOKQ,63,,correct,
C6BcTLw4mOKQ,64,,correct,
C6BcTLw4mOKQ,65,,correct,
C6BcTLw4mOKQ,66,,correct,
C6BcTLw4mOKQ,67,,incorrect,
C6BcTLw4mOKQ,68,,correct,
C6BcTLw4mOKQ,69,,correct,
C6BcTLw4mOKQ,70,,correct,
C6BcTLw4mOKQ,71,,correct,
C6BcTLw4mOKQ,72,,correct,
C6BcTLw4mOKQ,73,,correct,
C6BcTLw4mOKQ,74,,correct,
C6BcTLw4mOKQ,75,,correct,
C6BcTLw4mOKQ,76,,incorrect,
C6BcTLw4mOKQ,77,,correct,
C6BcTLw4mOKQ,78,,correct,
C6BcTLw4mOKQ,79,,incorrect,
C6BcTLw4mOKQ,80,,correct,
C6BcTLw4mOKQ,81,,correct,
C6BcTLw4mOKQ,82,,correct,
C6BcTLw4mOKQ,83,,correct,
C6BcTLw4mOKQ,84,,correct,
C6BcTLw4mOKQ,85,,incorrect,
C6BcTLw4mOKQ,86,,correct,
C6BcTLw4mOKQ,87,,correct,
C6BcTLw4mOKQ,88,,correct,
C6BcTLw4mOKQ,89,,correct,
C6BcTLw4mOKQ,90,,incorrect,
1ggBjCxnkaT8,61,,correct,
1ggBjCxnkaT8,62,,correct,
1ggBjCxnkaT8,63,,correct,
1ggBjCxnkaT8,64,,correct,
1ggBjCxnkaT8,65,,correct,
1ggBjCxnkaT8,66,,correct,
1ggBjCxnkaT8,67,,incorrect,
1ggBjCxnkaT8,68,,correct,
1ggBjCxnkaT8,69,,correct,
1ggBjCxnkaT8,70,,correct,
1ggBjCxnkaT8,71,,correct,
1ggBjCxnkaT8,72,,correct,
1ggBjCxnkaT8,73,,correct,
1ggBjCxnkaT8,74,,correct,
1ggBjCxnkaT8,75,,correct,
1ggBjCxnkaT8,76,,correct,
1ggBjCxnkaT8,77,,incorrect,
1ggBjCxnkaT8,78,,correct,
1ggBjCxnkaT8,79,,correct,
1ggBjCxnkaT8,80,,incorrect,
1ggBjCxnkaT8,81,,correct,
1ggBjCxnkaT8,82,,correct,
1ggBjCxnkaT8,83,,correct,
1ggBjCxnkaT8,84,,correct,
1ggBjCxnkaT8,85,,incorrect,
1ggBjCxnkaT8,86,,correct,
1ggBjCxnkaT8,87,,correct,
1ggBjCxnkaT8,88,,incorrect,
1ggBjCxnkaT8,89,,correct,
1ggBjCxnkaT8,90,,incorrect,
6k8WibIW0Img,61,,correct,
6k8WibIW0Img,62,,correct,
6k8WibIW0Img,63,,correct,
6k8WibIW0Img,64,,correct,
6k8WibIW0Img,65,,correct,
6k8WibIW0Img,66,,correct,
6k8WibIW0Img,67,,incorrect,
6k8WibIW0Img,68,,correct,
6k8WibIW0Img,69,,correct,
6k8WibIW0Img,70,,correct,
6k8WibIW0Img,71,,correct,
6k8WibIW0Img,72,,incorrect,
6k8WibIW0Img,73,,correct,
6k8WibIW0Img,74,,correct,
6k8WibIW0Img,75,,correct,
6k8WibIW0Img,76,,correct,
6k8WibIW0Img,77,,correct,
6k8WibIW0Img,78,,correct,
6k8WibIW0Img,79,,correct,
6k8WibIW0Img,80,,correct,
6k8WibIW0Img,81,,correct,
6k8WibIW0Img,82,,correct,
6k8WibIW0Img,83,,correct,
6k8WibIW0Img,84,,correct,
6k8WibIW0Img,85,,correct,
6k8WibIW0Img,86,,correct,
6k8WibIW0Img,87,,correct,
6k8WibIW0Img,88,,correct,
6k8WibIW0Img,89,,correct,
6k8WibIW0Img,90,,incorrect,
SOvsRqc7VPKI,61,,correct,
SOvsRqc7VPKI,62,,correct,
SOvsRqc7VPKI,63,,correct,
SOvsRqc7VPKI,64,,correct,
SOvsRqc7VPKI,65,,correct,
SOvsRqc7VPKI,66,,correct,
SOvsRqc7VPKI,67,,correct,
SOvsRqc7VPKI,68,,correct,
SOvsRqc7VPKI,69,,correct,
SOvsRqc7VPKI,70,,correct,
SOvsRqc7VPKI,71,,correct,
SOvsRqc7VPKI,72,,incorrect,
SOvsRqc7VPKI,73,,correct,
SOvsRqc7VPKI,74,,correct,
SOvsRqc7VPKI,75,,correct,
SOvsRqc7VPKI,76,,correct,
SOvsRqc7VPKI,77,,correct,
SOvsRqc7VPKI,78,,correct,
SOvsRqc7VPKI,79,,correct,
SOvsRqc7VPKI,80,,correct,
SOvsRqc7VPKI,81,,correct,
SOvsRqc7VPKI,82,,correct,
SOvsRqc7VPKI,83,,correct,
SOvsRqc7VPKI,84,,correct,
SOvsRqc7VPKI,85,,correct,
SOvsRqc7VPKI,86,,correct,
SOvsRqc7VPKI,87,,correct,
SOvsRqc7VPKI,88,,correct,
SOvsRqc7VPKI,89,,correct,
SOvsRqc7VPKI,90,,incorrect,
o2VbFpgtLwG2,61,,correct,
o2VbFpgtLwG2,62,,incorrect,
o2VbFpgtLwG2,63,,correct,
o2VbFpgtLwG2,64,,correct,
o2VbFpgtLwG2,65,,correct,
o2VbFpgtLwG2,66,,correct,
o2VbFpgtLwG2,67,,incorrect,
o2VbFpgtLwG2,68,,correct,
o2VbFpgtLwG2,69,,correct,
o2VbFpgtLwG2,70,,correct,
o2VbFpgtLwG2,71,,correct,
o2VbFpgtLwG2,72,,incorrect,
o2VbFpgtLwG2,73,,correct,
o2VbFpgtLwG2,74,,correct,
o2VbFpgtLwG2,75,,correct,
o2VbFpgtLwG2,76,,correct,
o2VbFpgtLwG2,77,,incorrect,
o2VbFpgtLwG2,78,,correct,
o2VbFpgtLwG2,79,,correct,
o2VbFpgtLwG2,80,,incorrect,
o2VbFpgtLwG2,81,,correct,
o2VbFpgtLwG2,82,,correct,
o2VbFpgtLwG2,83,,correct,
o2VbFpgtLwG2,84,,correct,
o2VbFpgtLwG2,85,,incorrect,
o2VbFpgtLwG2,86,,correct,
o2VbFpgtLwG2,87,,incorrect,
o2VbFpgtLwG2,88,,correct,
o2VbFpgtLwG2,89,,incorrect,
o2VbFpgtLwG2,90,,incorrect,
ylh73EEFQ8CD,61,,correct,
ylh73EEFQ8CD,62,,correct,
ylh73EEFQ8CD,63,,correct,
ylh73EEFQ8CD,64,,correct,
ylh73EEFQ8CD,65,,correct,
ylh73EEFQ8CD,66,,correct,
ylh73EEFQ8CD,67,,incorrect,
ylh73EEFQ8CD,68,,correct,
ylh73EEFQ8CD,69,,correct,
ylh73EEFQ8CD,70,,correct,
ylh73EEFQ8CD,71,,correct,
ylh73EEFQ8CD,72,,correct,
ylh73EEFQ8CD,73,,correct,
ylh73EEFQ8CD,74,,correct,
ylh73EEFQ8CD,75,,incorrect,
ylh73EEFQ8CD,76,,correct,
ylh73EEFQ8CD,77,,correct,
ylh73EEFQ8CD,78,,correct,
ylh73EEFQ8CD,79,,correct,
ylh73EEFQ8CD,80,,correct,
ylh73EEFQ8CD,81,,correct,
ylh73EEFQ8CD,82,,correct,
ylh73EEFQ8CD,83,,correct,
ylh73EEFQ8CD,84,,correct,
ylh73EEFQ8CD,85,,incorrect,
ylh73EEFQ8CD,86,,correct,
ylh73EEFQ8CD,87,,correct,
ylh73EEFQ8CD,88,,correct,
ylh73EEFQ8CD,89,,correct,
ylh73EEFQ8CD,90,,correct,
WZiibWz2DWRQ,61,,correct,
WZiibWz2DWRQ,62,,correct,
WZiibWz2DWRQ,63,,correct,
WZiibWz2DWRQ,64,,correct,
WZiibWz2DWRQ,65,,correct,
WZiibWz2DWRQ,66,,correct,
WZiibWz2DWRQ,67,,incorrect,
WZiibWz2DWRQ,68,,correct,
WZiibWz2DWRQ,69,,correct,
WZiibWz2DWRQ,70,,correct,
WZiibWz2DWRQ,71,,correct,
WZiibWz2DWRQ,72,,incorrect,
WZiibWz2DWRQ,73,,correct,
WZiibWz2DWRQ,74,,correct,
WZiibWz2DWRQ,75,,correct,
WZiibWz2DWRQ,76,,incorrect,
WZiibWz2DWRQ,77,,correct,
WZiibWz2DWRQ,78,,correct,
WZiibWz2DWRQ,79,,correct,
WZiibWz2DWRQ,80,,correct,
WZiibWz2DWRQ,81,,correct,
WZiibWz2DWRQ,82,,correct,
WZiibWz2DWRQ,83,,correct,
WZiibWz2DWRQ,84,,correct,
WZiibWz2DWRQ,85,,incorrect,
WZiibWz2DWRQ,86,,correct,
WZiibWz2DWRQ,87,,correct,
WZiibWz2DWRQ,88,,correct,
WZiibWz2DWRQ,89,,correct,
WZiibWz2DWRQ,90,,incorrect,
SpXSTCkMzPni,61,,correct,
SpXSTCkMzPni,62,,correct,
SpXSTCkMzPni,63,,correct,
SpXSTCkMzPni,64,,correct,
SpXSTCkMzPni,65,,correct,
SpXSTCkMzPni,66,,correct,
SpXSTCkMzPni,67,,incorrect,
SpXSTCkMzPni,68,,correct,
SpXSTCkMzPni,69,,correct,
SpXSTCkMzPni,70,,correct,
SpXSTCkMzPni,71,,correct,
SpXSTCkMzPni,72,,correct,
SpXSTCkMzPni,73,,correct,
SpXSTCkMzPni,74,,correct,
SpXSTCkMzPni,75,,incorrect,
SpXSTCkMzPni,76,,correct,
SpXSTCkMzPni,77,,correct,
SpXSTCkMzPni,78,,correct,
SpXSTCkMzPni,79,,correct,
SpXSTCkMzPni,80,,correct,
SpXSTCkMzPni,81,,correct,
SpXSTCkMzPni,82,,correct,
SpXSTCkMzPni,83,,correct,
SpXSTCkMzPni,84,,correct,
SpXSTCkMzPni,85,,incorrect,
SpXSTCkMzPni,86,,correct,
SpXSTCkMzPni,87,,correct,
SpXSTCkMzPni,88,,correct,
SpXSTCkMzPni,89,,correct,
SpXSTCkMzPni,90,,correct,
I93EMGZEU4vI,61,,correct,
I93EMGZEU4vI,62,,correct,
I93EMGZEU4vI,63,,correct,
I93EMGZEU4vI,64,,correct,
I93EMGZEU4vI,65,,correct,
I93EMGZEU4vI,66,,correct,
I93EMGZEU4vI,67,,incorrect,
I93EMGZEU4vI,68,,correct,
I93EMGZEU4vI,69,,correct,
I93EMGZEU4vI,70,,correct,
I93EMGZEU4vI,71,,correct,
I93EMGZEU4vI,72,,incorrect,
I93EMGZEU4vI,73,,correct,
I93EMGZEU4vI,74,,correct,
I93EMGZEU4vI,75,,incorrect,
I93EMGZEU4vI,76,,correct,
I93EMGZEU4vI,77,,correct,
I93EMGZEU4vI,78,,correct,
I93EMGZEU4vI,79,,correct,
I93EMGZEU4vI,80,,correct,
I93EMGZEU4vI,81,,correct,
I93EMGZEU4vI,82,,correct,
I93EMGZEU4vI,83,,correct,
I93EMGZEU4vI,84,,correct,
I93EMGZEU4vI,85,,incorrect,
I93EMGZEU4vI,86,,correct,
I93EMGZEU4vI,87,,correct,
I93EMGZEU4vI,88,,correct,
I93EMGZEU4vI,89,,correct,
I93EMGZEU4vI,90,,correct,
N0qYmYE8QD78,61,,correct,
N0qYmYE8QD78,62,,correct,
N0qYmYE8QD78,63,,correct,
N0qYmYE8QD78,64,,correct,
N0qYmYE8QD78,65,,correct,
N0qYmYE8QD78,66,,correct,
N0qYmYE8QD78,67,,correct,
N0qYmYE8QD78,68,,correct,
N0qYmYE8QD78,69,,correct,
N0qYmYE8QD78,70,,correct,
N0qYmYE8QD78,71,,correct,
N0qYmYE8QD78,72,,incorrect,
N0qYmYE8QD78,73,,correct,
N0qYmYE8QD78,74,,incorrect,
N0qYmYE8QD78,75,,incorrect,
N0qYmYE8QD78,76,,correct,
N0qYmYE8QD78,77,,incorrect,
N0qYmYE8QD78,78,,incorrect,
N0qYmYE8QD78,79,,correct,
N0qYmYE8QD78,80,,correct,
N0qYmYE8QD78,81,,correct,
N0qYmYE8QD78,82,,correct,
N0qYmYE8QD78,83,,correct,
N0qYmYE8QD78,84,,correct,
N0qYmYE8QD78,85,,incorrect,
N0qYmYE8QD78,86,,correct,
N0qYmYE8QD78,87,,correct,
N0qYmYE8QD78,88,,correct,
N0qYmYE8QD78,89,,correct,
N0qYmYE8QD78,90,,incorrect,
k4QQVURTfMls,61,,correct,
k4QQVURTfMls,62,,correct,
k4QQVURTfMls,63,,correct,
k4QQVURTfMls,64,,correct,
k4QQVURTfMls,65,,correct,
k4QQVURTfMls,66,,correct,
k4QQVURTfMls,67,,incorrect,
k4QQVURTfMls,68,,correct,
k4QQVURTfMls,69,,correct,
k4QQVURTfMls,70,,incorrect,
k4QQVURTfMls,71,,correct,
k4QQVURTfMls,72,,correct,
k4QQVURTfMls,73,,correct,
k4QQVURTfMls,74,,correct,
k4QQVURTfMls,75,,incorrect,
k4QQVURTfMls,76,,correct,
k4QQVURTfMls,77,,correct,
k4QQVURTfMls,78,,incorrect,
k4QQVURTfMls,79,,incorrect,
k4QQVURTfMls,80,,incorrect,
k4QQVURTfMls,81,,correct,
k4QQVURTfMls,82,,incorrect,
k4QQVURTfMls,83,,correct,
k4QQVURTfMls,84,,incorrect,
k4QQVURTfMls,85,,incorrect,
k4QQVURTfMls,86,,incorrect,
k4QQVURTfMls,87,,incorrect,
k4QQVURTfMls,88,,correct,
k4QQVURTfMls,89,,incorrect,
k4QQVURTfMls,90,,incorrect,
ynjK3wP1cV18,61,,correct,
ynjK3wP1cV18,62,,correct,
ynjK3wP1cV18,63,,correct,
ynjK3wP1cV18,64,,correct,
ynjK3wP1cV18,65,,correct,
ynjK3wP1cV18,66,,correct,
ynjK3wP1cV18,67,,incorrect,
ynjK3wP1cV18,68,,correct,
ynjK3wP1cV18,69,,correct,
ynjK3wP1cV18,70,,correct,
ynjK3wP1cV18,71,,correct,
ynjK3wP1cV18,72,,incorrect,
ynjK3wP1cV18,73,,correct,
ynjK3wP1cV18,74,,correct,
ynjK3wP1cV18,75,,correct,
ynjK3wP1cV18,76,,correct,
ynjK3wP1cV18,77,,correct,
ynjK3wP1cV18,78,,correct,
ynjK3wP1cV18,79,,correct,
ynjK3wP1cV18,80,,correct,
ynjK3wP1cV18,81,,correct,
ynjK3wP1cV18,82,,correct,
ynjK3wP1cV18,83,,correct,
ynjK3wP1cV18,84,,correct,
ynjK3wP1cV18,85,,incorrect,
ynjK3wP1cV18,86,,correct,
ynjK3wP1cV18,87,,correct,
ynjK3wP1cV18,88,,correct,
ynjK3wP1cV18,89,,correct,
ynjK3wP1cV18,90,,incorrect,
YA6aMV1xcGv9,61,,correct,
YA6aMV1xcGv9,62,,correct,
YA6aMV1xcGv9,63,,correct,
YA6aMV1xcGv9,64,,correct,
YA6aMV1xcGv9,65,,correct,
YA6aMV1xcGv9,66,,correct,
YA6aMV1xcGv9,67,,incorrect,
YA6aMV1xcGv9,68,,correct,
YA6aMV1xcGv9,69,,correct,
YA6aMV1xcGv9,70,,correct,
YA6aMV1xcGv9,71,,correct,
YA6aMV1xcGv9,72,,correct,
YA6aMV1xcGv9,73,,correct,
YA6aMV1xcGv9,74,,correct,
YA6aMV1xcGv9,75,,incorrect,
YA6aMV1xcGv9,76,,correct,
YA6aMV1xcGv9,77,,incorrect,
YA6aMV1xcGv9,78,,incorrect,
YA6aMV1xcGv9,79,,correct,
YA6aMV1xcGv9,80,,correct,
YA6aMV1xcGv9,81,,correct,
YA6aMV1xcGv9,82,,correct,
YA6aMV1xcGv9,83,,correct,
YA6aMV1xcGv9,84,,correct,
YA6aMV1xcGv9,85,,correct,
YA6aMV1xcGv9,86,,correct,
YA6aMV1xcGv9,87,,correct,
YA6aMV1xcGv9,88,,correct,
YA6aMV1xcGv9,89,,correct,
YA6aMV1xcGv9,90,,incorrect,
Q7dfzHYyXvOT,61,,correct,
Q7dfzHYyXvOT,62,,correct,
Q7dfzHYyXvOT,63,,correct,
Q7dfzHYyXvOT,64,,correct,
Q7dfzHYyXvOT,65,,correct,
Q7dfzHYyXvOT,66,,correct,
Q7dfzHYyXvOT,67,,incorrect,
Q7dfzHYyXvOT,68,,correct,
Q7dfzHYyXvOT,69,,correct,
Q7dfzHYyXvOT,70,,correct,
Q7dfzHYyXvOT,71,,correct,
Q7dfzHYyXvOT,72,,correct,
Q7dfzHYyXvOT,73,,correct,
Q7dfzHYyXvOT,74,,correct,
Q7dfzHYyXvOT,75,,correct,
Q7dfzHYyXvOT,76,,correct,
Q7dfzHYyXvOT,77,,correct,
Q7dfzHYyXvOT,78,,incorrect,
Q7dfzHYyXvOT,79,,correct,
Q7dfzHYyXvOT,80,,correct,
Q7dfzHYyXvOT,81,,correct,
Q7dfzHYyXvOT,82,,correct,
Q7dfzHYyXvOT,83,,correct,
Q7dfzHYyXvOT,84,,correct,
Q7dfzHYyXvOT,85,,correct,
Q7dfzHYyXvOT,86,,correct,
Q7dfzHYyXvOT,87,,correct,
Q7dfzHYyXvOT,88,,correct,
Q7dfzHYyXvOT,89,,correct,
Q7dfzHYyXvOT,90,,correct,
nIdSwhLzwJKt,61,,correct,
nIdSwhLzwJKt,62,,correct,
nIdSwhLzwJKt,63,,correct,
nIdSwhLzwJKt,64,,correct,
nIdSwhLzwJKt,65,,correct,
nIdSwhLzwJKt,66,,incorrect,
nIdSwhLzwJKt,67,,correct,
nIdSwhLzwJKt,68,,correct,
nIdSwhLzwJKt,69,,correct,
nIdSwhLzwJKt,70,,correct,
nIdSwhLzwJKt,71,,correct,
nIdSwhLzwJKt,72,,incorrect,
nIdSwhLzwJKt,73,,incorrect,
nIdSwhLzwJKt,74,,correct,
nIdSwhLzwJKt,75,,incorrect,
nIdSwhLzwJKt,76,,correct,
nIdSwhLzwJKt,77,,incorrect,
nIdSwhLzwJKt,78,,incorrect,
nIdSwhLzwJKt,79,,incorrect,
nIdSwhLzwJKt,80,,correct,
nIdSwhLzwJKt,81,,incorrect,
nIdSwhLzwJKt,82,,correct,
nIdSwhLzwJKt,83,,correct,
nIdSwhLzwJKt,84,,correct,
nIdSwhLzwJKt,85,,correct,
nIdSwhLzwJKt,86,,correct,
nIdSwhLzwJKt,87,,correct,
nIdSwhLzwJKt,88,,incorrect,
nIdSwhLzwJKt,89,,incorrect,
nIdSwhLzwJKt,90,,incorrect,
No1fcFHRlYfg,61,,correct,
No1fcFHRlYfg,62,,correct,
No1fcFHRlYfg,63,,correct,
No1fcFHRlYfg,64,,correct,
No1fcFHRlYfg,65,,correct,
No1fcFHRlYfg,66,,correct,
No1fcFHRlYfg,67,,incorrect,
No1fcFHRlYfg,68,,correct,
No1fcFHRlYfg,69,,correct,
No1fcFHRlYfg,70,,correct,
No1fcFHRlYfg,71,,correct,
No1fcFHRlYfg,72,,correct,
No1fcFHRlYfg,73,,correct,
No1fcFHRlYfg,74,,correct,
No1fcFHRlYfg,75,,correct,
No1fcFHRlYfg,76,,correct,
No1fcFHRlYfg,77,,correct,
No1fcFHRlYfg,78,,incorrect,
No1fcFHRlYfg,79,,correct,
No1fcFHRlYfg,80,,correct,
No1fcFHRlYfg,81,,correct,
No1fcFHRlYfg,82,,correct,
No1fcFHRlYfg,83,,correct,
No1fcFHRlYfg,84,,correct,
No1fcFHRlYfg,85,,correct,
No1fcFHRlYfg,86,,correct,
No1fcFHRlYfg,87,,correct,
No1fcFHRlYfg,88,,correct,
No1fcFHRlYfg,89,,correct,
No1fcFHRlYfg,90,,correct,
E9vMd75UB2be,61,,correct,
E9vMd75UB2be,62,,correct,
E9vMd75UB2be,63,,incorrect,
E9vMd75UB2be,64,,correct,
E9vMd75UB2be,65,,correct,
E9vMd75UB2be,66,,correct,
E9vMd75UB2be,67,,correct,
E9vMd75UB2be,68,,correct,
E9vMd75UB2be,69,,correct,
E9vMd75UB2be,70,,incorrect,
E9vMd75UB2be,71,,incorrect,
E9vMd75UB2be,72,,incorrect,
E9vMd75UB2be,73,,correct,
E9vMd75UB2be,74,,correct,
E9vMd75UB2be,75,,incorrect,
E9vMd75UB2be,76,,correct,
E9vMd75UB2be,77,,correct,
E9vMd75UB2be,78,,incorrect,
E9vMd75UB2be,79,,correct,
E9vMd75UB2be,80,,correct,
E9vMd75UB2be,81,,correct,
E9vMd75UB2be,82,,incorrect,
E9vMd75UB2be,83,,correct,
E9vMd75UB2be,84,,correct,
E9vMd75UB2be,85,,correct,
E9vMd75UB2be,86,,correct,
E9vMd75UB2be,87,,correct,
E9vMd75UB2be,88,,incorrect,
E9vMd75UB2be,89,,correct,
E9vMd75UB2be,90,,incorrect,
wLeCyVvKyFT8,61,,correct,
wLeCyVvKyFT8,62,,correct,
wLeCyVvKyFT8,63,,correct,
wLeCyVvKyFT8,64,,correct,
wLeCyVvKyFT8,65,,correct,
wLeCyVvKyFT8,66,,correct,
wLeCyVvKyFT8,67,,incorrect,
wLeCyVvKyFT8,68,,correct,
wLeCyVvKyFT8,69,,correct,
wLeCyVvKyFT8,70,,correct,
wLeCyVvKyFT8,71,,correct,
wLeCyVvKyFT8,72,,correct,
wLeCyVvKyFT8,73,,correct,
wLeCyVvKyFT8,74,,correct,
wLeCyVvKyFT8,75,,incorrect,
wLeCyVvKyFT8,76,,correct,
wLeCyVvKyFT8,77,,correct,
wLeCyVvKyFT8,78,,correct,
wLeCyVvKyFT8,79,,incorrect,
wLeCyVvKyFT8,80,,correct,
wLeCyVvKyFT8,81,,correct,
wLeCyVvKyFT8,82,,correct,
wLeCyVvKyFT8,83,,correct,
wLeCyVvKyFT8,84,,correct,
wLeCyVvKyFT8,85,,incorrect,
wLeCyVvKyFT8,86,,correct,
wLeCyVvKyFT8,87,,correct,
wLeCyVvKyFT8,88,,correct,
wLeCyVvKyFT8,89,,incorrect,
wLeCyVvKyFT8,90,,incorrect,
32nLuB1xqIO4,61,,correct,
32nLuB1xqIO4,62,,correct,
32nLuB1xqIO4,63,,correct,
32nLuB1xqIO4,64,,correct,
32nLuB1xqIO4,65,,correct,
32nLuB1xqIO4,66,,correct,
32nLuB1xqIO4,67,,incorrect,
32nLuB1xqIO4,68,,correct,
32nLuB1xqIO4,69,,correct,
32nLuB1xqIO4,70,,correct,
32nLuB1xqIO4,71,,correct,
32nLuB1xqIO4,72,,correct,
32nLuB1xqIO4,73,,correct,
32nLuB1xqIO4,74,,correct,
32nLuB1xqIO4,75,,correct,
32nLuB1xqIO4,76,,incorrect,
32nLuB1xqIO4,77,,incorrect,
32nLuB1xqIO4,78,,correct,
32nLuB1xqIO4,79,,incorrect,
32nLuB1xqIO4,80,,correct,
32nLuB1xqIO4,81,,correct,
32nLuB1xqIO4,82,,correct,
32nLuB1xqIO4,83,,correct,
32nLuB1xqIO4,84,,correct,
32nLuB1xqIO4,85,,correct,
32nLuB1xqIO4,86,,correct,
32nLuB1xqIO4,87,,correct,
32nLuB1xqIO4,88,,correct,
32nLuB1xqIO4,89,,correct,
32nLuB1xqIO4,90,,correct,
AG7urKue7Fzv,61,,correct,
AG7urKue7Fzv,62,,correct,
AG7urKue7Fzv,63,,correct,
AG7urKue7Fzv,64,,correct,
AG7urKue7Fzv,65,,correct,
AG7urKue7Fzv,66,,correct,
AG7urKue7Fzv,67,,incorrect,
AG7urKue7Fzv,68,,correct,
AG7urKue7Fzv,69,,correct,
AG7urKue7Fzv,70,,correct,
AG7urKue7Fzv,71,,correct,
AG7urKue7Fzv,72,,correct,
AG7urKue7Fzv,73,,correct,
AG7urKue7Fzv,74,,correct,
AG7urKue7Fzv,75,,correct,
AG7urKue7Fzv,76,,correct,
AG7urKue7Fzv,77,,incorrect,
AG7urKue7Fzv,78,,correct,
AG7urKue7Fzv,79,,correct,
AG7urKue7Fzv,80,,correct,
AG7urKue7Fzv,81,,correct,
AG7urKue7Fzv,82,,correct,
AG7urKue7Fzv,83,,correct,
AG7urKue7Fzv,84,,correct,
AG7urKue7Fzv,85,,correct,
AG7urKue7Fzv,86,,correct,
AG7urKue7Fzv,87,,correct,
AG7urKue7Fzv,88,,correct,
AG7urKue7Fzv,89,,correct,
AG7urKue7Fzv,90,,correct,
By0gyab68WPW,61,,correct,
By0gyab68WPW,62,,correct,
By0gyab68WPW,63,,correct,
By0gyab68WPW,64,,correct,
By0gyab68WPW,65,,correct,
By0gyab68WPW,66,,correct,
By0gyab68WPW,67,,incorrect,
By0gyab68WPW,68,,correct,
By0gyab68WPW,69,,correct,
By0gyab68WPW,70,,correct,
By0gyab68WPW,71,,correct,
By0gyab68WPW,72,,incorrect,
By0gyab68WPW,73,,correct,
By0gyab68WPW,74,,correct,
By0gyab68WPW,75,,incorrect,
By0gyab68WPW,76,,correct,
By0gyab68WPW,77,,incorrect,
By0gyab68WPW,78,,incorrect,
By0gyab68WPW,79,,incorrect,
By0gyab68WPW,80,,correct,
By0gyab68WPW,81,,correct,
By0gyab68WPW,82,,incorrect,
By0gyab68WPW,83,,correct,
By0gyab68WPW,84,,incorrect,
By0gyab68WPW,85,,correct,
By0gyab68WPW,86,,correct,
By0gyab68WPW,87,,correct,
By0gyab68WPW,88,,correct,
By0gyab68WPW,89,,incorrect,
By0gyab68WPW,90,,incorrect,
xbNryveuRsXc,61,,correct,
xbNryveuRsXc,62,,correct,
xbNryveuRsXc,63,,correct,
xbNryveuRsXc,64,,correct,
xbNryveuRsXc,65,,correct,
xbNryveuRsXc,66,,correct,
xbNryveuRsXc,67,,correct,
xbNryveuRsXc,68,,incorrect,
xbNryveuRsXc,69,,correct,
xbNryveuRsXc,70,,correct,
xbNryveuRsXc,71,,correct,
xbNryveuRsXc,72,,incorrect,
xbNryveuRsXc,73,,correct,
xbNryveuRsXc,74,,correct,
xbNryveuRsXc,75,,correct,
xbNryveuRsXc,76,,correct,
xbNryveuRsXc,77,,incorrect,
xbNryveuRsXc,78,,correct,
xbNryveuRsXc,79,,incorrect,
xbNryveuRsXc,80,,correct,
xbNryveuRsXc,81,,correct,
xbNryveuRsXc,82,,correct,
xbNryveuRsXc,83,,correct,
xbNryveuRsXc,84,,correct,
xbNryveuRsXc,85,,correct,
xbNryveuRsXc,86,,correct,
xbNryveuRsXc,87,,correct,
xbNryveuRsXc,88,,correct,
xbNryveuRsXc,89,,correct,
xbNryveuRsXc,90,,correct,
d5279GvwAinX,61,,correct,
d5279GvwAinX,62,,correct,
d5279GvwAinX,63,,correct,
d5279GvwAinX,64,,correct,
d5279GvwAinX,65,,correct,
d5279GvwAinX,66,,correct,
d5279GvwAinX,67,,correct,
d5279GvwAinX,68,,correct,
d5279GvwAinX,69,,correct,
d5279GvwAinX,70,,correct,
d5279GvwAinX,71,,correct,
d5279GvwAinX,72,,incorrect,
d5279GvwAinX,73,,correct,
d5279GvwAinX,74,,correct,
d5279GvwAinX,75,,correct,
d5279GvwAinX,76,,correct,
d5279GvwAinX,77,,correct,
d5279GvwAinX,78,,incorrect,
d5279GvwAinX,79,,incorrect,
d5279GvwAinX,80,,correct,
d5279GvwAinX,81,,correct,
d5279GvwAinX,82,,correct,
d5279GvwAinX,83,,correct,
d5279GvwAinX,84,,incorrect,
d5279GvwAinX,85,,incorrect,
d5279GvwAinX,86,,incorrect,
d5279GvwAinX,87,,correct,
d5279GvwAinX,88,,correct,
d5279GvwAinX,89,,correct,
d5279GvwAinX,90,,correct,
AgiWXtLnmm9y,61,,correct,
AgiWXtLnmm9y,62,,correct,
AgiWXtLnmm9y,63,,correct,
AgiWXtLnmm9y,64,,correct,
AgiWXtLnmm9y,65,,correct,
AgiWXtLnmm9y,66,,correct,
AgiWXtLnmm9y,67,,incorrect,
AgiWXtLnmm9y,68,,correct,
AgiWXtLnmm9y,69,,correct,
AgiWXtLnmm9y,70,,correct,
AgiWXtLnmm9y,71,,correct,
AgiWXtLnmm9y,72,,correct,
AgiWXtLnmm9y,73,,correct,
AgiWXtLnmm9y,74,,correct,
AgiWXtLnmm9y,75,,incorrect,
AgiWXtLnmm9y,76,,correct,
AgiWXtLnmm9y,77,,incorrect,
AgiWXtLnmm9y,78,,incorrect,
AgiWXtLnmm9y,79,,correct,
AgiWXtLnmm9y,80,,correct,
AgiWXtLnmm9y,81,,incorrect,
AgiWXtLnmm9y,82,,incorrect,
AgiWXtLnmm9y,83,,correct,
AgiWXtLnmm9y,84,,correct,
AgiWXtLnmm9y,85,,correct,
AgiWXtLnmm9y,86,,correct,
AgiWXtLnmm9y,87,,correct,
AgiWXtLnmm9y,88,,correct,
AgiWXtLnmm9y,89,,correct,
AgiWXtLnmm9y,90,,incorrect,
pMrOo2QfC0Kp,61,,correct,
pMrOo2QfC0Kp,62,,correct,
pMrOo2QfC0Kp,63,,correct,
pMrOo2QfC0Kp,64,,correct,
pMrOo2QfC0Kp,65,,correct,
pMrOo2QfC0Kp,66,,correct,
pMrOo2QfC0Kp,67,,incorrect,
pMrOo2QfC0Kp,68,,correct,
pMrOo2QfC0Kp,69,,correct,
pMrOo2QfC0Kp,70,,correct,
pMrOo2QfC0Kp,71,,correct,
pMrOo2QfC0Kp,72,,correct,
pMrOo2QfC0Kp,73,,correct,
pMrOo2QfC0Kp,74,,correct,
pMrOo2QfC0Kp,75,,incorrect,
pMrOo2QfC0Kp,76,,correct,
pMrOo2QfC0Kp,77,,incorrect,
pMrOo2QfC0Kp,78,,incorrect,
pMrOo2QfC0Kp,79,,correct,
pMrOo2QfC0Kp,80,,incorrect,
pMrOo2QfC0Kp,81,,incorrect,
pMrOo2QfC0Kp,82,,incorrect,
pMrOo2QfC0Kp,83,,correct,
pMrOo2QfC0Kp,84,,correct,
pMrOo2QfC0Kp,85,,correct,
pMrOo2QfC0Kp,86,,correct,
pMrOo2QfC0Kp,87,,correct,
pMrOo2QfC0Kp,88,,correct,
pMrOo2QfC0Kp,89,,correct,
pMrOo2QfC0Kp,90,,incorrect,
OLMmduueQtv7,61,,correct,
OLMmduueQtv7,62,,correct,
OLMmduueQtv7,63,,correct,
OLMmduueQtv7,64,,correct,
OLMmduueQtv7,65,,correct,
OLMmduueQtv7,66,,correct,
OLMmduueQtv7,67,,incorrect,
OLMmduueQtv7,68,,correct,
OLMmduueQtv7,69,,correct,
OLMmduueQtv7,70,,correct,
OLMmduueQtv7,71,,correct,
OLMmduueQtv7,72,,incorrect,
OLMmduueQtv7,73,,correct,
OLMmduueQtv7,74,,correct,
OLMmduueQtv7,75,,correct,
OLMmduueQtv7,76,,correct,
OLMmduueQtv7,77,,incorrect,
OLMmduueQtv7,78,,incorrect,
OLMmduueQtv7,79,,correct,
OLMmduueQtv7,80,,correct,
OLMmduueQtv7,81,,correct,
OLMmduueQtv7,82,,correct,
OLMmduueQtv7,83,,correct,
OLMmduueQtv7,84,,correct,
OLMmduueQtv7,85,,incorrect,
OLMmduueQtv7,86,,correct,
OLMmduueQtv7,87,,correct,
OLMmduueQtv7,88,,correct,
OLMmduueQtv7,89,,correct,
OLMmduueQtv7,90,,correct,
Za018kn2raFk,61,,correct,
Za018kn2raFk,62,,correct,
Za018kn2raFk,63,,correct,
Za018kn2raFk,64,,correct,
Za018kn2raFk,65,,correct,
Za018kn2raFk,66,,correct,
Za018kn2raFk,67,,incorrect,
Za018kn2raFk,68,,correct,
Za018kn2raFk,69,,correct,
Za018kn2raFk,70,,correct,
Za018kn2raFk,71,,correct,
Za018kn2raFk,72,,correct,
Za018kn2raFk,73,,correct,
Za018kn2raFk,74,,correct,
Za018kn2raFk,75,,incorrect,
Za018kn2raFk,76,,correct,
Za018kn2raFk,77,,correct,
Za018kn2raFk,78,,correct,
Za018kn2raFk,79,,correct,
Za018kn2raFk,80,,correct,
Za018kn2raFk,81,,correct,
Za018kn2raFk,82,,correct,
Za018kn2raFk,83,,correct,
Za018kn2raFk,84,,correct,
Za018kn2raFk,85,,correct,
Za018kn2raFk,86,,correct,
Za018kn2raFk,87,,correct,
Za018kn2raFk,88,,correct,
Za018kn2raFk,89,,correct,
Za018kn2raFk,90,,correct,
m8rfSXHUenxh,61,,correct,
m8rfSXHUenxh,62,,correct,
m8rfSXHUenxh,63,,correct,
m8rfSXHUenxh,64,,correct,
m8rfSXHUenxh,65,,correct,
m8rfSXHUenxh,66,,correct,
m8rfSXHUenxh,67,,incorrect,
m8rfSXHUenxh,68,,correct,
m8rfSXHUenxh,69,,correct,
m8rfSXHUenxh,70,,correct,
m8rfSXHUenxh,71,,correct,
m8rfSXHUenxh,72,,correct,
m8rfSXHUenxh,73,,correct,
m8rfSXHUenxh,74,,correct,
m8rfSXHUenxh,75,,correct,
m8rfSXHUenxh,76,,correct,
m8rfSXHUenxh,77,,correct,
m8rfSXHUenxh,78,,incorrect,
m8rfSXHUenxh,79,,correct,
m8rfSXHUenxh,80,,correct,
m8rfSXHUenxh,81,,correct,
m8rfSXHUenxh,82,,correct,
m8rfSXHUenxh,83,,correct,
m8rfSXHUenxh,84,,correct,
m8rfSXHUenxh,85,,incorrect,
m8rfSXHUenxh,86,,correct,
m8rfSXHUenxh,87,,incorrect,
m8rfSXHUenxh,88,,incorrect,
m8rfSXHUenxh,89,,correct,
m8rfSXHUenxh,90,,incorrect,
oXHAAQD8R9lF,61,,incorrect,
oXHAAQD8R9lF,62,,correct,
oXHAAQD8R9lF,63,,incorrect,
oXHAAQD8R9lF,64,,incorrect,
oXHAAQD8R9lF,65,,correct,
oXHAAQD8R9lF,66,,incorrect,
oXHAAQD8R9lF,67,,incorrect,
oXHAAQD8R9lF,68,,correct,
oXHAAQD8R9lF,69,,correct,
oXHAAQD8R9lF,70,,correct,
oXHAAQD8R9lF,71,,incorrect,
oXHAAQD8R9lF,72,,incorrect,
oXHAAQD8R9lF,73,,incorrect,
oXHAAQD8R9lF,74,,correct,
oXHAAQD8R9lF,75,,correct,
oXHAAQD8R9lF,76,,correct,
oXHAAQD8R9lF,77,,correct,
oXHAAQD8R9lF,78,,incorrect,
oXHAAQD8R9lF,79,,incorrect,
oXHAAQD8R9lF,80,,correct,
oXHAAQD8R9lF,81,,correct,
oXHAAQD8R9lF,82,,correct,
oXHAAQD8R9lF,83,,correct,
oXHAAQD8R9lF,84,,correct,
oXHAAQD8R9lF,85,,incorrect,
oXHAAQD8R9lF,86,,correct,
oXHAAQD8R9lF,87,,correct,
oXHAAQD8R9lF,88,,correct,
oXHAAQD8R9lF,89,,correct,
oXHAAQD8R9lF,90,,incorrect,
dF0r7wVjsLSV,61,,correct,
dF0r7wVjsLSV,62,,incorrect,
dF0r7wVjsLSV,63,,correct,
dF0r7wVjsLSV,64,,correct,
dF0r7wVjsLSV,65,,correct,
dF0r7wVjsLSV,66,,incorrect,
dF0r7wVjsLSV,67,,incorrect,
dF0r7wVjsLSV,68,,correct,
dF0r7wVjsLSV,69,,incorrect,
dF0r7wVjsLSV,70,,correct,
dF0r7wVjsLSV,71,,correct,
dF0r7wVjsLSV,72,,correct,
dF0r7wVjsLSV,73,,correct,
dF0r7wVjsLSV,74,,correct,
dF0r7wVjsLSV,75,,incorrect,
dF0r7wVjsLSV,76,,correct,
dF0r7wVjsLSV,77,,correct,
dF0r7wVjsLSV,78,,incorrect,
dF0r7wVjsLSV,79,,correct,
dF0r7wVjsLSV,80,,correct,
dF0r7wVjsLSV,81,,correct,
dF0r7wVjsLSV,82,,correct,
dF0r7wVjsLSV,83,,correct,
dF0r7wVjsLSV,84,,incorrect,
dF0r7wVjsLSV,85,,incorrect,
dF0r7wVjsLSV,86,,correct,
dF0r7wVjsLSV,87,,correct,
dF0r7wVjsLSV,88,,correct,
dF0r7wVjsLSV,89,,correct,
dF0r7wVjsLSV,90,,correct,
vqNkppoZuHFA,61,,correct,
vqNkppoZuHFA,62,,correct,
vqNkppoZuHFA,63,,correct,
vqNkppoZuHFA,64,,correct,
vqNkppoZuHFA,65,,correct,
vqNkppoZuHFA,66,,correct,
vqNkppoZuHFA,67,,incorrect,
vqNkppoZuHFA,68,,correct,
vqNkppoZuHFA,69,,correct,
vqNkppoZuHFA,70,,correct,
vqNkppoZuHFA,71,,correct,
vqNkppoZuHFA,72,,correct,
vqNkppoZuHFA,73,,correct,
vqNkppoZuHFA,74,,correct,
vqNkppoZuHFA,75,,correct,
vqNkppoZuHFA,76,,correct,
vqNkppoZuHFA,77,,incorrect,
vqNkppoZuHFA,78,,incorrect,
vqNkppoZuHFA,79,,incorrect,
vqNkppoZuHFA,80,,correct,
vqNkppoZuHFA,81,,correct,
vqNkppoZuHFA,82,,correct,
vqNkppoZuHFA,83,,incorrect,
vqNkppoZuHFA,84,,correct,
vqNkppoZuHFA,85,,correct,
vqNkppoZuHFA,86,,correct,
vqNkppoZuHFA,87,,incorrect,
vqNkppoZuHFA,88,,correct,
vqNkppoZuHFA,89,,correct,
vqNkppoZuHFA,90,,correct,
R8OVhINU7nka,61,,correct,
R8OVhINU7nka,62,,correct,
R8OVhINU7nka,63,,correct,
R8OVhINU7nka,64,,correct,
R8OVhINU7nka,65,,correct,
R8OVhINU7nka,66,,correct,
R8OVhINU7nka,67,,incorrect,
R8OVhINU7nka,68,,correct,
R8OVhINU7nka,69,,correct,
R8OVhINU7nka,70,,correct,
R8OVhINU7nka,71,,correct,
R8OVhINU7nka,72,,incorrect,
R8OVhINU7nka,73,,correct,
R8OVhINU7nka,74,,correct,
R8OVhINU7nka,75,,incorrect,
R8OVhINU7nka,76,,correct,
R8OVhINU7nka,77,,correct,
R8OVhINU7nka,78,,correct,
R8OVhINU7nka,79,,correct,
R8OVhINU7nka,80,,correct,
R8OVhINU7nka,81,,correct,
R8OVhINU7nka,82,,correct,
R8OVhINU7nka,83,,correct,
R8OVhINU7nka,84,,correct,
R8OVhINU7nka,85,,incorrect,
R8OVhINU7nka,86,,correct,
R8OVhINU7nka,87,,incorrect,
R8OVhINU7nka,88,,correct,
R8OVhINU7nka,89,,incorrect,
R8OVhINU7nka,90,,correct,
vgAkx62M3oPn,61,,correct,
vgAkx62M3oPn,62,,correct,
vgAkx62M3oPn,63,,correct,
vgAkx62M3oPn,64,,correct,
vgAkx62M3oPn,65,,correct,
vgAkx62M3oPn,66,,correct,
vgAkx62M3oPn,67,,correct,
vgAkx62M3oPn,68,,correct,
vgAkx62M3oPn,69,,correct,
vgAkx62M3oPn,70,,correct,
vgAkx62M3oPn,71,,correct,
vgAkx62M3oPn,72,,incorrect,
vgAkx62M3oPn,73,,correct,
vgAkx62M3oPn,74,,correct,
vgAkx62M3oPn,75,,correct,
vgAkx62M3oPn,76,,correct,
vgAkx62M3oPn,77,,incorrect,
vgAkx62M3oPn,78,,incorrect,
vgAkx62M3oPn,79,,correct,
vgAkx62M3oPn,80,,correct,
vgAkx62M3oPn,81,,correct,
vgAkx62M3oPn,82,,correct,
vgAkx62M3oPn,83,,correct,
vgAkx62M3oPn,84,,incorrect,
vgAkx62M3oPn,85,,incorrect,
vgAkx62M3oPn,86,,correct,
vgAkx62M3oPn,87,,correct,
vgAkx62M3oPn,88,,correct,
vgAkx62M3oPn,89,,correct,
vgAkx62M3oPn,90,,correct,
KNvidOVZPDzA,61,,correct,
KNvidOVZPDzA,62,,correct,
KNvidOVZPDzA,63,,incorrect,
KNvidOVZPDzA,64,,correct,
KNvidOVZPDzA,65,,correct,
KNvidOVZPDzA,66,,correct,
KNvidOVZPDzA,67,,incorrect,
KNvidOVZPDzA,68,,correct,
KNvidOVZPDzA,69,,correct,
KNvidOVZPDzA,70,,correct,
KNvidOVZPDzA,71,,correct,
KNvidOVZPDzA,72,,correct,
KNvidOVZPDzA,73,,correct,
KNvidOVZPDzA,74,,correct,
KNvidOVZPDzA,75,,correct,
KNvidOVZPDzA,76,,correct,
KNvidOVZPDzA,77,,correct,
KNvidOVZPDzA,78,,correct,
KNvidOVZPDzA,79,,incorrect,
KNvidOVZPDzA,80,,correct,
KNvidOVZPDzA,81,,correct,
KNvidOVZPDzA,82,,correct,
KNvidOVZPDzA,83,,incorrect,
KNvidOVZPDzA,84,,correct,
KNvidOVZPDzA,85,,incorrect,
KNvidOVZPDzA,86,,correct,
KNvidOVZPDzA,87,,incorrect,
KNvidOVZPDzA,88,,correct,
KNvidOVZPDzA,89,,correct,
KNvidOVZPDzA,90,,incorrect,
VTLAbK1PHg7B,61,,correct,
VTLAbK1PHg7B,62,,correct,
VTLAbK1PHg7B,63,,correct,
VTLAbK1PHg7B,64,,correct,
VTLAbK1PHg7B,65,,correct,
VTLAbK1PHg7B,66,,correct,
VTLAbK1PHg7B,67,,incorrect,
VTLAbK1PHg7B,68,,correct,
VTLAbK1PHg7B,69,,correct,
VTLAbK1PHg7B,70,,correct,
VTLAbK1PHg7B,71,,correct,
VTLAbK1PHg7B,72,,correct,
VTLAbK1PHg7B,73,,correct,
VTLAbK1PHg7B,74,,correct,
VTLAbK1PHg7B,75,,incorrect,
VTLAbK1PHg7B,76,,correct,
VTLAbK1PHg7B,77,,incorrect,
VTLAbK1PHg7B,78,,incorrect,
VTLAbK1PHg7B,79,,correct,
VTLAbK1PHg7B,80,,incorrect,
VTLAbK1PHg7B,81,,incorrect,
VTLAbK1PHg7B,82,,incorrect,
VTLAbK1PHg7B,83,,correct,
VTLAbK1PHg7B,84,,correct,
VTLAbK1PHg7B,85,,correct,
VTLAbK1PHg7B,86,,correct,
VTLAbK1PHg7B,87,,correct,
VTLAbK1PHg7B,88,,correct,
VTLAbK1PHg7B,89,,correct,
VTLAbK1PHg7B,90,,incorrect,
7VpB1pGsv71N,61,,correct,
7VpB1pGsv71N,62,,correct,
7VpB1pGsv71N,63,,correct,
7VpB1pGsv71N,64,,correct,
7VpB1pGsv71N,65,,correct,
7VpB1pGsv71N,66,,correct,
7VpB1pGsv71N,67,,correct,
7VpB1pGsv71N,68,,correct,
7VpB1pGsv71N,69,,incorrect,
7VpB1pGsv71N,70,,correct,
7VpB1pGsv71N,71,,incorrect,
7VpB1pGsv71N,72,,correct,
7VpB1pGsv71N,73,,correct,
7VpB1pGsv71N,74,,correct,
7VpB1pGsv71N,75,,correct,
7VpB1pGsv71N,76,,correct,
7VpB1pGsv71N,77,,correct,
7VpB1pGsv71N,78,,incorrect,
7VpB1pGsv71N,79,,correct,
7VpB1pGsv71N,80,,correct,
7VpB1pGsv71N,81,,incorrect,
7VpB1pGsv71N,82,,correct,
7VpB1pGsv71N,83,,incorrect,
7VpB1pGsv71N,84,,incorrect,
7VpB1pGsv71N,85,,incorrect,
7VpB1pGsv71N,86,,correct,
7VpB1pGsv71N,87,,correct,
7VpB1pGsv71N,88,,incorrect,
7VpB1pGsv71N,89,,incorrect,
7VpB1pGsv71N,90,,incorrect,
1tnkUsBnGX2u,61,,correct,
1tnkUsBnGX2u,62,,correct,
1tnkUsBnGX2u,63,,correct,
1tnkUsBnGX2u,64,,correct,
1tnkUsBnGX2u,65,,correct,
1tnkUsBnGX2u,66,,correct,
1tnkUsBnGX2u,67,,correct,
1tnkUsBnGX2u,68,,correct,
1tnkUsBnGX2u,69,,incorrect,
1tnkUsBnGX2u,70,,correct,
1tnkUsBnGX2u,71,,correct,
1tnkUsBnGX2u,72,,correct,
1tnkUsBnGX2u,73,,correct,
1tnkUsBnGX2u,74,,correct,
1tnkUsBnGX2u,75,,correct,
1tnkUsBnGX2u,76,,incorrect,
1tnkUsBnGX2u,77,,correct,
1tnkUsBnGX2u,78,,correct,
1tnkUsBnGX2u,79,,correct,
1tnkUsBnGX2u,80,,correct,
1tnkUsBnGX2u,81,,correct,
1tnkUsBnGX2u,82,,correct,
1tnkUsBnGX2u,83,,correct,
1tnkUsBnGX2u,84,,correct,
1tnkUsBnGX2u,85,,incorrect,
1tnkUsBnGX2u,86,,correct,
1tnkUsBnGX2u,87,,correct,
1tnkUsBnGX2u,88,,correct,
1tnkUsBnGX2u,89,,correct,
1tnkUsBnGX2u,90,,correct,
bUBpyoQOQ4Ov,61,,correct,
bUBpyoQOQ4Ov,62,,correct,
bUBpyoQOQ4Ov,63,,correct,
bUBpyoQOQ4Ov,64,,correct,
bUBpyoQOQ4Ov,65,,correct,
bUBpyoQOQ4Ov,66,,correct,
bUBpyoQOQ4Ov,67,,correct,
bUBpyoQOQ4Ov,68,,incorrect,
bUBpyoQOQ4Ov,69,,incorrect,
bUBpyoQOQ4Ov,70,,correct,
bUBpyoQOQ4Ov,71,,correct,
bUBpyoQOQ4Ov,72,,correct,
bUBpyoQOQ4Ov,73,,correct,
bUBpyoQOQ4Ov,74,,correct,
bUBpyoQOQ4Ov,75,,correct,
bUBpyoQOQ4Ov,76,,incorrect,
bUBpyoQOQ4Ov,77,,correct,
bUBpyoQOQ4Ov,78,,correct,
bUBpyoQOQ4Ov,79,,correct,
bUBpyoQOQ4Ov,80,,correct,
bUBpyoQOQ4Ov,81,,correct,
bUBpyoQOQ4Ov,82,,correct,
bUBpyoQOQ4Ov,83,,correct,
bUBpyoQOQ4Ov,84,,correct,
bUBpyoQOQ4Ov,85,,incorrect,
bUBpyoQOQ4Ov,86,,correct,
bUBpyoQOQ4Ov,87,,correct,
bUBpyoQOQ4Ov,88,,correct,
bUBpyoQOQ4Ov,89,,correct,
bUBpyoQOQ4Ov,90,,correct,
CprL2LITeTET,61,,correct,
CprL2LITeTET,62,,correct,
CprL2LITeTET,63,,correct,
CprL2LITeTET,64,,correct,
CprL2LITeTET,65,,correct,
CprL2LITeTET,66,,correct,
CprL2LITeTET,67,,incorrect,
CprL2LITeTET,68,,correct,
CprL2LITeTET,69,,correct,
CprL2LITeTET,70,,correct,
CprL2LITeTET,71,,correct,
CprL2LITeTET,72,,incorrect,
CprL2LITeTET,73,,correct,
CprL2LITeTET,74,,correct,
CprL2LITeTET,75,,correct,
CprL2LITeTET,76,,incorrect,
CprL2LITeTET,77,,correct,
CprL2LITeTET,78,,incorrect,
CprL2LITeTET,79,,correct,
CprL2LITeTET,80,,correct,
CprL2LITeTET,81,,correct,
CprL2LITeTET,82,,correct,
CprL2LITeTET,83,,correct,
CprL2LITeTET,84,,correct,
CprL2LITeTET,85,,correct,
CprL2LITeTET,86,,correct,
CprL2LITeTET,87,,correct,
CprL2LITeTET,88,,correct,
CprL2LITeTET,89,,correct,
CprL2LITeTET,90,,incorrect,
oF1pjrJTOBWB,61,,correct,
oF1pjrJTOBWB,62,,correct,
oF1pjrJTOBWB,63,,correct,
oF1pjrJTOBWB,64,,correct,
oF1pjrJTOBWB,65,,correct,
oF1pjrJTOBWB,66,,correct,
oF1pjrJTOBWB,67,,incorrect,
oF1pjrJTOBWB,68,,correct,
oF1pjrJTOBWB,69,,correct,
oF1pjrJTOBWB,70,,correct,
oF1pjrJTOBWB,71,,correct,
oF1pjrJTOBWB,72,,incorrect,
oF1pjrJTOBWB,73,,correct,
oF1pjrJTOBWB,74,,correct,
oF1pjrJTOBWB,75,,incorrect,
oF1pjrJTOBWB,76,,correct,
oF1pjrJTOBWB,77,,correct,
oF1pjrJTOBWB,78,,incorrect,
oF1pjrJTOBWB,79,,correct,
oF1pjrJTOBWB,80,,correct,
oF1pjrJTOBWB,81,,correct,
oF1pjrJTOBWB,82,,correct,
oF1pjrJTOBWB,83,,correct,
oF1pjrJTOBWB,84,,incorrect,
oF1pjrJTOBWB,85,,incorrect,
oF1pjrJTOBWB,86,,correct,
oF1pjrJTOBWB,87,,correct,
oF1pjrJTOBWB,88,,correct,
oF1pjrJTOBWB,89,,correct,
oF1pjrJTOBWB,90,,incorrect,
VqXqgB6ructd,61,,correct,
VqXqgB6ructd,62,,correct,
VqXqgB6ructd,63,,correct,
VqXqgB6ructd,64,,correct,
VqXqgB6ructd,65,,correct,
VqXqgB6ructd,66,,correct,
VqXqgB6ructd,67,,correct,
VqXqgB6ructd,68,,correct,
VqXqgB6ructd,69,,correct,
VqXqgB6ructd,70,,correct,
VqXqgB6ructd,71,,incorrect,
VqXqgB6ructd,72,,incorrect,
VqXqgB6ructd,73,,correct,
VqXqgB6ructd,74,,correct,
VqXqgB6ructd,75,,incorrect,
VqXqgB6ructd,76,,correct,
VqXqgB6ructd,77,,correct,
VqXqgB6ructd,78,,incorrect,
VqXqgB6ructd,79,,correct,
VqXqgB6ructd,80,,correct,
VqXqgB6ructd,81,,correct,
VqXqgB6ructd,82,,correct,
VqXqgB6ructd,83,,correct,
VqXqgB6ructd,84,,correct,
VqXqgB6ructd,85,,correct,
VqXqgB6ructd,86,,correct,
VqXqgB6ructd,87,,correct,
VqXqgB6ructd,88,,correct,
VqXqgB6ructd,89,,correct,
VqXqgB6ructd,90,,incorrect,
Lo0o6MK08TyI,61,,correct,
Lo0o6MK08TyI,62,,correct,
Lo0o6MK08TyI,63,,correct,
Lo0o6MK08TyI,64,,correct,
Lo0o6MK08TyI,65,,correct,
Lo0o6MK08TyI,66,,correct,
Lo0o6MK08TyI,67,,correct,
Lo0o6MK08TyI,68,,correct,
Lo0o6MK08TyI,69,,correct,
Lo0o6MK08TyI,70,,correct,
Lo0o6MK08TyI,71,,correct,
Lo0o6MK08TyI,72,,incorrect,
Lo0o6MK08TyI,73,,correct,
Lo0o6MK08TyI,74,,correct,
Lo0o6MK08TyI,75,,correct,
Lo0o6MK08TyI,76,,incorrect,
Lo0o6MK08TyI,77,,correct,
Lo0o6MK08TyI,78,,correct,
Lo0o6MK08TyI,79,,correct,
Lo0o6MK08TyI,80,,correct,
Lo0o6MK08TyI,81,,correct,
Lo0o6MK08TyI,82,,incorrect,
Lo0o6MK08TyI,83,,correct,
Lo0o6MK08TyI,84,,correct,
Lo0o6MK08TyI,85,,incorrect,
Lo0o6MK08TyI,86,,correct,
Lo0o6MK08TyI,87,,correct,
Lo0o6MK08TyI,88,,correct,
Lo0o6MK08TyI,89,,correct,
Lo0o6MK08TyI,90,,correct,
Ui0yLwC2YxnT,61,,correct,
Ui0yLwC2YxnT,62,,correct,
Ui0yLwC2YxnT,63,,correct,
Ui0yLwC2YxnT,64,,correct,
Ui0yLwC2YxnT,65,,correct,
Ui0yLwC2YxnT,66,,correct,
Ui0yLwC2YxnT,67,,incorrect,
Ui0yLwC2YxnT,68,,correct,
Ui0yLwC2YxnT,69,,correct,
Ui0yLwC2YxnT,70,,correct,
Ui0yLwC2YxnT,71,,correct,
Ui0yLwC2YxnT,72,,correct,
Ui0yLwC2YxnT,73,,correct,
Ui0yLwC2YxnT,74,,correct,
Ui0yLwC2YxnT,75,,correct,
Ui0yLwC2YxnT,76,,correct,
Ui0yLwC2YxnT,77,,correct,
Ui0yLwC2YxnT,78,,correct,
Ui0yLwC2YxnT,79,,correct,
Ui0yLwC2YxnT,80,,correct,
Ui0yLwC2YxnT,81,,correct,
Ui0yLwC2YxnT,82,,correct,
Ui0yLwC2YxnT,83,,correct,
Ui0yLwC2YxnT,84,,correct,
Ui0yLwC2YxnT,85,,correct,
Ui0yLwC2YxnT,86,,correct,
Ui0yLwC2YxnT,87,,correct,
Ui0yLwC2YxnT,88,,correct,
Ui0yLwC2YxnT,89,,correct,
Ui0yLwC2YxnT,90,,incorrect,
WNh0afD7QG4d,61,,correct,
WNh0afD7QG4d,62,,correct,
WNh0afD7QG4d,63,,correct,
WNh0afD7QG4d,64,,correct,
WNh0afD7QG4d,65,,correct,
WNh0afD7QG4d,66,,correct,
WNh0afD7QG4d,67,,correct,
WNh0afD7QG4d,68,,correct,
WNh0afD7QG4d,69,,correct,
WNh0afD7QG4d,70,,correct,
WNh0afD7QG4d,71,,correct,
WNh0afD7QG4d,72,,correct,
WNh0afD7QG4d,73,,correct,
WNh0afD7QG4d,74,,correct,
WNh0afD7QG4d,75,,incorrect,
WNh0afD7QG4d,76,,correct,
WNh0afD7QG4d,77,,correct,
WNh0afD7QG4d,78,,correct,
WNh0afD7QG4d,79,,correct,
WNh0afD7QG4d,80,,correct,
WNh0afD7QG4d,81,,correct,
WNh0afD7QG4d,82,,correct,
WNh0afD7QG4d,83,,correct,
WNh0afD7QG4d,84,,correct,
WNh0afD7QG4d,85,,incorrect,
WNh0afD7QG4d,86,,correct,
WNh0afD7QG4d,87,,correct,
WNh0afD7QG4d,88,,correct,
WNh0afD7QG4d,89,,correct,
WNh0afD7QG4d,90,,correct,
nojDz9QSjRLy,61,,correct,
nojDz9QSjRLy,62,,correct,
nojDz9QSjRLy,63,,correct,
nojDz9QSjRLy,64,,correct,
nojDz9QSjRLy,65,,correct,
nojDz9QSjRLy,66,,correct,
nojDz9QSjRLy,67,,incorrect,
nojDz9QSjRLy,68,,correct,
nojDz9QSjRLy,69,,correct,
nojDz9QSjRLy,70,,correct,
nojDz9QSjRLy,71,,correct,
nojDz9QSjRLy,72,,incorrect,
nojDz9QSjRLy,73,,incorrect,
nojDz9QSjRLy,74,,correct,
nojDz9QSjRLy,75,,incorrect,
nojDz9QSjRLy,76,,incorrect,
nojDz9QSjRLy,77,,correct,
nojDz9QSjRLy,78,,correct,
nojDz9QSjRLy,79,,correct,
nojDz9QSjRLy,80,,correct,
nojDz9QSjRLy,81,,correct,
nojDz9QSjRLy,82,,correct,
nojDz9QSjRLy,83,,correct,
nojDz9QSjRLy,84,,correct,
nojDz9QSjRLy,85,,incorrect,
nojDz9QSjRLy,86,,correct,
nojDz9QSjRLy,87,,incorrect,
nojDz9QSjRLy,88,,correct,
nojDz9QSjRLy,89,,incorrect,
nojDz9QSjRLy,90,,correct,
bWRj9XHmvXaq,61,,correct,
bWRj9XHmvXaq,62,,correct,
bWRj9XHmvXaq,63,,correct,
bWRj9XHmvXaq,64,,correct,
bWRj9XHmvXaq,65,,correct,
bWRj9XHmvXaq,66,,correct,
bWRj9XHmvXaq,67,,correct,
bWRj9XHmvXaq,68,,correct,
bWRj9XHmvXaq,69,,correct,
bWRj9XHmvXaq,70,,correct,
bWRj9XHmvXaq,71,,correct,
bWRj9XHmvXaq,72,,incorrect,
bWRj9XHmvXaq,73,,correct,
bWRj9XHmvXaq,74,,correct,
bWRj9XHmvXaq,75,,incorrect,
bWRj9XHmvXaq,76,,incorrect,
bWRj9XHmvXaq,77,,incorrect,
bWRj9XHmvXaq,78,,incorrect,
bWRj9XHmvXaq,79,,correct,
bWRj9XHmvXaq,80,,correct,
bWRj9XHmvXaq,81,,correct,
bWRj9XHmvXaq,82,,correct,
bWRj9XHmvXaq,83,,correct,
bWRj9XHmvXaq,84,,correct,
bWRj9XHmvXaq,85,,correct,
bWRj9XHmvXaq,86,,correct,
bWRj9XHmvXaq,87,,correct,
bWRj9XHmvXaq,88,,incorrect,
bWRj9XHmvXaq,89,,correct,
bWRj9XHmvXaq,90,,correct,
xOKhxIy4WoKi,61,,correct,
xOKhxIy4WoKi,62,,correct,
xOKhxIy4WoKi,63,,correct,
xOKhxIy4WoKi,64,,correct,
xOKhxIy4WoKi,65,,correct,
xOKhxIy4WoKi,66,,correct,
xOKhxIy4WoKi,67,,correct,
xOKhxIy4WoKi,68,,correct,
xOKhxIy4WoKi,69,,correct,
xOKhxIy4WoKi,70,,correct,
xOKhxIy4WoKi,71,,correct,
xOKhxIy4WoKi,72,,incorrect,
xOKhxIy4WoKi,73,,correct,
xOKhxIy4WoKi,74,,correct,
xOKhxIy4WoKi,75,,incorrect,
xOKhxIy4WoKi,76,,correct,
xOKhxIy4WoKi,77,,correct,
xOKhxIy4WoKi,78,,correct,
xOKhxIy4WoKi,79,,incorrect,
xOKhxIy4WoKi,80,,correct,
xOKhxIy4WoKi,81,,correct,
xOKhxIy4WoKi,82,,correct,
xOKhxIy4WoKi,83,,incorrect,
xOKhxIy4WoKi,84,,correct,
xOKhxIy4WoKi,85,,incorrect,
xOKhxIy4WoKi,86,,correct,
xOKhxIy4WoKi,87,,correct,
xOKhxIy4WoKi,88,,correct,
xOKhxIy4WoKi,89,,correct,
xOKhxIy4WoKi,90,,incorrect,
7VLP2mvnxjRS,61,,correct,
7VLP2mvnxjRS,62,,correct,
7VLP2mvnxjRS,63,,correct,
7VLP2mvnxjRS,64,,correct,
7VLP2mvnxjRS,65,,correct,
7VLP2mvnxjRS,66,,correct,
7VLP2mvnxjRS,67,,correct,
7VLP2mvnxjRS,68,,incorrect,
7VLP2mvnxjRS,69,,correct,
7VLP2mvnxjRS,70,,correct,
7VLP2mvnxjRS,71,,correct,
7VLP2mvnxjRS,72,,correct,
7VLP2mvnxjRS,73,,correct,
7VLP2mvnxjRS,74,,correct,
7VLP2mvnxjRS,75,,incorrect,
7VLP2mvnxjRS,76,,incorrect,
7VLP2mvnxjRS,77,,correct,
7VLP2mvnxjRS,78,,incorrect,
7VLP2mvnxjRS,79,,correct,
7VLP2mvnxjRS,80,,correct,
7VLP2mvnxjRS,81,,correct,
7VLP2mvnxjRS,82,,correct,
7VLP2mvnxjRS,83,,correct,
7VLP2mvnxjRS,84,,incorrect,
7VLP2mvnxjRS,85,,correct,
7VLP2mvnxjRS,86,,incorrect,
7VLP2mvnxjRS,87,,correct,
7VLP2mvnxjRS,88,,incorrect,
7VLP2mvnxjRS,89,,correct,
7VLP2mvnxjRS,90,,correct,
BhvtwuIg7wvF,61,,correct,
BhvtwuIg7wvF,62,,correct,
BhvtwuIg7wvF,63,,correct,
BhvtwuIg7wvF,64,,correct,
BhvtwuIg7wvF,65,,correct,
BhvtwuIg7wvF,66,,correct,
BhvtwuIg7wvF,67,,incorrect,
BhvtwuIg7wvF,68,,correct,
BhvtwuIg7wvF,69,,correct,
BhvtwuIg7wvF,70,,correct,
BhvtwuIg7wvF,71,,correct,
BhvtwuIg7wvF,72,,correct,
BhvtwuIg7wvF,73,,correct,
BhvtwuIg7wvF,74,,correct,
BhvtwuIg7wvF,75,,correct,
BhvtwuIg7wvF,76,,correct,
BhvtwuIg7wvF,77,,incorrect,
BhvtwuIg7wvF,78,,correct,
BhvtwuIg7wvF,79,,correct,
BhvtwuIg7wvF,80,,correct,
BhvtwuIg7wvF,81,,correct,
BhvtwuIg7wvF,82,,correct,
BhvtwuIg7wvF,83,,correct,
BhvtwuIg7wvF,84,,correct,
BhvtwuIg7wvF,85,,correct,
BhvtwuIg7wvF,86,,correct,
BhvtwuIg7wvF,87,,correct,
BhvtwuIg7wvF,88,,correct,
BhvtwuIg7wvF,89,,correct,
BhvtwuIg7wvF,90,,incorrect,
RM55e8d3Jbjm,61,,correct,
RM55e8d3Jbjm,62,,incorrect,
RM55e8d3Jbjm,63,,correct,
RM55e8d3Jbjm,64,,correct,
RM55e8d3Jbjm,65,,correct,
RM55e8d3Jbjm,66,,correct,
RM55e8d3Jbjm,67,,incorrect,
RM55e8d3Jbjm,68,,correct,
RM55e8d3Jbjm,69,,correct,
RM55e8d3Jbjm,70,,correct,
RM55e8d3Jbjm,71,,correct,
RM55e8d3Jbjm,72,,correct,
RM55e8d3Jbjm,73,,correct,
RM55e8d3Jbjm,74,,correct,
RM55e8d3Jbjm,75,,correct,
RM55e8d3Jbjm,76,,correct,
RM55e8d3Jbjm,77,,incorrect,
RM55e8d3Jbjm,78,,correct,
RM55e8d3Jbjm,79,,correct,
RM55e8d3Jbjm,80,,correct,
RM55e8d3Jbjm,81,,correct,
RM55e8d3Jbjm,82,,correct,
RM55e8d3Jbjm,83,,correct,
RM55e8d3Jbjm,84,,correct,
RM55e8d3Jbjm,85,,incorrect,
RM55e8d3Jbjm,86,,correct,
RM55e8d3Jbjm,87,,correct,
RM55e8d3Jbjm,88,,correct,
RM55e8d3Jbjm,89,,correct,
RM55e8d3Jbjm,90,,incorrect,
r5xiR4T4onQf,61,,correct,
r5xiR4T4onQf,62,,correct,
r5xiR4T4onQf,63,,correct,
r5xiR4T4onQf,64,,correct,
r5xiR4T4onQf,65,,correct,
r5xiR4T4onQf,66,,correct,
r5xiR4T4onQf,67,,incorrect,
r5xiR4T4onQf,68,,correct,
r5xiR4T4onQf,69,,correct,
r5xiR4T4onQf,70,,correct,
r5xiR4T4onQf,71,,correct,
r5xiR4T4onQf,72,,correct,
r5xiR4T4onQf,73,,correct,
r5xiR4T4onQf,74,,correct,
r5xiR4T4onQf,75,,correct,
r5xiR4T4onQf,76,,incorrect,
r5xiR4T4onQf,77,,incorrect,
r5xiR4T4onQf,78,,correct,
r5xiR4T4onQf,79,,incorrect,
r5xiR4T4onQf,80,,correct,
r5xiR4T4onQf,81,,correct,
r5xiR4T4onQf,82,,correct,
r5xiR4T4onQf,83,,correct,
r5xiR4T4onQf,84,,incorrect,
r5xiR4T4onQf,85,,incorrect,
r5xiR4T4onQf,86,,correct,
r5xiR4T4onQf,87,,correct,
r5xiR4T4onQf,88,,correct,
r5xiR4T4onQf,89,,correct,
r5xiR4T4onQf,90,,correct,
2AQDG30NeIzY,61,,correct,
2AQDG30NeIzY,62,,correct,
2AQDG30NeIzY,63,,correct,
2AQDG30NeIzY,64,,correct,
2AQDG30NeIzY,65,,correct,
2AQDG30NeIzY,66,,correct,
2AQDG30NeIzY,67,,incorrect,
2AQDG30NeIzY,68,,correct,
2AQDG30NeIzY,69,,correct,
2AQDG30NeIzY,70,,correct,
2AQDG30NeIzY,71,,correct,
2AQDG30NeIzY,72,,correct,
2AQDG30NeIzY,73,,correct,
2AQDG30NeIzY,74,,correct,
2AQDG30NeIzY,75,,correct,
2AQDG30NeIzY,76,,correct,
2AQDG30NeIzY,77,,incorrect,
2AQDG30NeIzY,78,,correct,
2AQDG30NeIzY,79,,correct,
2AQDG30NeIzY,80,,correct,
2AQDG30NeIzY,81,,correct,
2AQDG30NeIzY,82,,correct,
2AQDG30NeIzY,83,,correct,
2AQDG30NeIzY,84,,correct,
2AQDG30NeIzY,85,,correct,
2AQDG30NeIzY,86,,incorrect,
2AQDG30NeIzY,87,,correct,
2AQDG30NeIzY,88,,correct,
2AQDG30NeIzY,89,,correct,
2AQDG30NeIzY,90,,incorrect,
sCNAQlTJzusQ,61,,correct,
sCNAQlTJzusQ,62,,correct,
sCNAQlTJzusQ,63,,correct,
sCNAQlTJzusQ,64,,correct,
sCNAQlTJzusQ,65,,correct,
sCNAQlTJzusQ,66,,correct,
sCNAQlTJzusQ,67,,correct,
sCNAQlTJzusQ,68,,correct,
sCNAQlTJzusQ,69,,correct,
sCNAQlTJzusQ,70,,correct,
sCNAQlTJzusQ,71,,incorrect,
sCNAQlTJzusQ,72,,correct,
sCNAQlTJzusQ,73,,correct,
sCNAQlTJzusQ,74,,correct,
sCNAQlTJzusQ,75,,incorrect,
sCNAQlTJzusQ,76,,incorrect,
sCNAQlTJzusQ,77,,incorrect,
sCNAQlTJzusQ,78,,incorrect,
sCNAQlTJzusQ,79,,correct,
sCNAQlTJzusQ,80,,correct,
sCNAQlTJzusQ,81,,correct,
sCNAQlTJzusQ,82,,correct,
sCNAQlTJzusQ,83,,correct,
sCNAQlTJzusQ,84,,correct,
sCNAQlTJzusQ,85,,correct,
sCNAQlTJzusQ,86,,correct,
sCNAQlTJzusQ,87,,correct,
sCNAQlTJzusQ,88,,correct,
sCNAQlTJzusQ,89,,correct,
sCNAQlTJzusQ,90,,correct,
yKhvr1tKGpJF,61,,correct,
yKhvr1tKGpJF,62,,correct,
yKhvr1tKGpJF,63,,correct,
yKhvr1tKGpJF,64,,correct,
yKhvr1tKGpJF,65,,correct,
yKhvr1tKGpJF,66,,correct,
yKhvr1tKGpJF,67,,incorrect,
yKhvr1tKGpJF,68,,correct,
yKhvr1tKGpJF,69,,correct,
yKhvr1tKGpJF,70,,correct,
yKhvr1tKGpJF,71,,correct,
yKhvr1tKGpJF,72,,correct,
yKhvr1tKGpJF,73,,correct,
yKhvr1tKGpJF,74,,correct,
yKhvr1tKGpJF,75,,correct,
yKhvr1tKGpJF,76,,correct,
yKhvr1tKGpJF,77,,incorrect,
yKhvr1tKGpJF,78,,correct,
yKhvr1tKGpJF,79,,correct,
yKhvr1tKGpJF,80,,incorrect,
yKhvr1tKGpJF,81,,correct,
yKhvr1tKGpJF,82,,correct,
yKhvr1tKGpJF,83,,correct,
yKhvr1tKGpJF,84,,correct,
yKhvr1tKGpJF,85,,incorrect,
yKhvr1tKGpJF,86,,correct,
yKhvr1tKGpJF,87,,correct,
yKhvr1tKGpJF,88,,correct,
yKhvr1tKGpJF,89,,correct,
yKhvr1tKGpJF,90,,incorrect,
IWu147zvpRWb,61,,correct,
IWu147zvpRWb,62,,incorrect,
IWu147zvpRWb,63,,correct,
IWu147zvpRWb,64,,correct,
IWu147zvpRWb,65,,correct,
IWu147zvpRWb,66,,correct,
IWu147zvpRWb,67,,correct,
IWu147zvpRWb,68,,correct,
IWu147zvpRWb,69,,correct,
IWu147zvpRWb,70,,correct,
IWu147zvpRWb,71,,correct,
IWu147zvpRWb,72,,incorrect,
IWu147zvpRWb,73,,correct,
IWu147zvpRWb,74,,correct,
IWu147zvpRWb,75,,incorrect,
IWu147zvpRWb,76,,incorrect,
IWu147zvpRWb,77,,correct,
IWu147zvpRWb,78,,incorrect,
IWu147zvpRWb,79,,correct,
IWu147zvpRWb,80,,correct,
IWu147zvpRWb,81,,incorrect,
IWu147zvpRWb,82,,correct,
IWu147zvpRWb,83,,correct,
IWu147zvpRWb,84,,incorrect,
IWu147zvpRWb,85,,incorrect,
IWu147zvpRWb,86,,correct,
IWu147zvpRWb,87,,correct,
IWu147zvpRWb,88,,incorrect,
IWu147zvpRWb,89,,correct,
IWu147zvpRWb,90,,correct,
9znYM6tmzKLF,61,,correct,
9znYM6tmzKLF,62,,correct,
9znYM6tmzKLF,63,,correct,
9znYM6tmzKLF,64,,correct,
9znYM6tmzKLF,65,,correct,
9znYM6tmzKLF,66,,correct,
9znYM6tmzKLF,67,,correct,
9znYM6tmzKLF,68,,incorrect,
9znYM6tmzKLF,69,,correct,
9znYM6tmzKLF,70,,correct,
9znYM6tmzKLF,71,,correct,
9znYM6tmzKLF,72,,incorrect,
9znYM6tmzKLF,73,,correct,
9znYM6tmzKLF,74,,correct,
9znYM6tmzKLF,75,,incorrect,
9znYM6tmzKLF,76,,correct,
9znYM6tmzKLF,77,,correct,
9znYM6tmzKLF,78,,incorrect,
9znYM6tmzKLF,79,,incorrect,
9znYM6tmzKLF,80,,correct,
9znYM6tmzKLF,81,,correct,
9znYM6tmzKLF,82,,correct,
9znYM6tmzKLF,83,,correct,
9znYM6tmzKLF,84,,correct,
9znYM6tmzKLF,85,,correct,
9znYM6tmzKLF,86,,correct,
9znYM6tmzKLF,87,,correct,
9znYM6tmzKLF,88,,incorrect,
9znYM6tmzKLF,89,,correct,
9znYM6tmzKLF,90,,correct,
9xt9EeOQtcXZ,61,,correct,
9xt9EeOQtcXZ,62,,correct,
9xt9EeOQtcXZ,63,,correct,
9xt9EeOQtcXZ,64,,correct,
9xt9EeOQtcXZ,65,,correct,
9xt9EeOQtcXZ,66,,correct,
9xt9EeOQtcXZ,67,,correct,
9xt9EeOQtcXZ,68,,correct,
9xt9EeOQtcXZ,69,,correct,
9xt9EeOQtcXZ,70,,correct,
9xt9EeOQtcXZ,71,,incorrect,
9xt9EeOQtcXZ,72,,correct,
9xt9EeOQtcXZ,73,,correct,
9xt9EeOQtcXZ,74,,correct,
9xt9EeOQtcXZ,75,,incorrect,
9xt9EeOQtcXZ,76,,incorrect,
9xt9EeOQtcXZ,77,,incorrect,
9xt9EeOQtcXZ,78,,incorrect,
9xt9EeOQtcXZ,79,,correct,
9xt9EeOQtcXZ,80,,correct,
9xt9EeOQtcXZ,81,,correct,
9xt9EeOQtcXZ,82,,correct,
9xt9EeOQtcXZ,83,,incorrect,
9xt9EeOQtcXZ,84,,correct,
9xt9EeOQtcXZ,85,,correct,
9xt9EeOQtcXZ,86,,correct,
9xt9EeOQtcXZ,87,,correct,
9xt9EeOQtcXZ,88,,correct,
9xt9EeOQtcXZ,89,,correct,
9xt9EeOQtcXZ,90,,correct,
pJCSXvZHMyH1,61,,correct,
pJCSXvZHMyH1,62,,correct,
pJCSXvZHMyH1,63,,correct,
pJCSXvZHMyH1,64,,correct,
pJCSXvZHMyH1,65,,correct,
pJCSXvZHMyH1,66,,correct,
pJCSXvZHMyH1,67,,correct,
pJCSXvZHMyH1,68,,correct,
pJCSXvZHMyH1,69,,correct,
pJCSXvZHMyH1,70,,correct,
pJCSXvZHMyH1,71,,correct,
pJCSXvZHMyH1,72,,correct,
pJCSXvZHMyH1,73,,correct,
pJCSXvZHMyH1,74,,correct,
pJCSXvZHMyH1,75,,correct,
pJCSXvZHMyH1,76,,incorrect,
pJCSXvZHMyH1,77,,correct,
pJCSXvZHMyH1,78,,correct,
pJCSXvZHMyH1,79,,correct,
pJCSXvZHMyH1,80,,correct,
pJCSXvZHMyH1,81,,incorrect,
pJCSXvZHMyH1,82,,correct,
pJCSXvZHMyH1,83,,correct,
pJCSXvZHMyH1,84,,correct,
pJCSXvZHMyH1,85,,incorrect,
pJCSXvZHMyH1,86,,correct,
pJCSXvZHMyH1,87,,correct,
pJCSXvZHMyH1,88,,correct,
pJCSXvZHMyH1,89,,correct,
pJCSXvZHMyH1,90,,incorrect,
TYE4dgTYGdCn,61,,correct,
TYE4dgTYGdCn,62,,correct,
TYE4dgTYGdCn,63,,correct,
TYE4dgTYGdCn,64,,correct,
TYE4dgTYGdCn,65,,correct,
TYE4dgTYGdCn,66,,correct,
TYE4dgTYGdCn,67,,correct,
TYE4dgTYGdCn,68,,correct,
TYE4dgTYGdCn,69,,correct,
TYE4dgTYGdCn,70,,correct,
TYE4dgTYGdCn,71,,correct,
TYE4dgTYGdCn,72,,correct,
TYE4dgTYGdCn,73,,correct,
TYE4dgTYGdCn,74,,correct,
TYE4dgTYGdCn,75,,correct,
TYE4dgTYGdCn,76,,incorrect,
TYE4dgTYGdCn,77,,correct,
TYE4dgTYGdCn,78,,correct,
TYE4dgTYGdCn,79,,correct,
TYE4dgTYGdCn,80,,correct,
TYE4dgTYGdCn,81,,incorrect,
TYE4dgTYGdCn,82,,correct,
TYE4dgTYGdCn,83,,correct,
TYE4dgTYGdCn,84,,correct,
TYE4dgTYGdCn,85,,incorrect,
TYE4dgTYGdCn,86,,correct,
TYE4dgTYGdCn,87,,correct,
TYE4dgTYGdCn,88,,correct,
TYE4dgTYGdCn,89,,correct,
TYE4dgTYGdCn,90,,incorrect,
Oc5QucHDsmjC,61,,correct,
Oc5QucHDsmjC,62,,correct,
Oc5QucHDsmjC,63,,correct,
Oc5QucHDsmjC,64,,correct,
Oc5QucHDsmjC,65,,correct,
Oc5QucHDsmjC,66,,correct,
Oc5QucHDsmjC,67,,incorrect,
Oc5QucHDsmjC,68,,correct,
Oc5QucHDsmjC,69,,correct,
Oc5QucHDsmjC,70,,correct,
Oc5QucHDsmjC,71,,correct,
Oc5QucHDsmjC,72,,correct,
Oc5QucHDsmjC,73,,correct,
Oc5QucHDsmjC,74,,correct,
Oc5QucHDsmjC,75,,correct,
Oc5QucHDsmjC,76,,correct,
Oc5QucHDsmjC,77,,incorrect,
Oc5QucHDsmjC,78,,incorrect,
Oc5QucHDsmjC,79,,correct,
Oc5QucHDsmjC,80,,correct,
Oc5QucHDsmjC,81,,correct,
Oc5QucHDsmjC,82,,correct,
Oc5QucHDsmjC,83,,correct,
Oc5QucHDsmjC,84,,correct,
Oc5QucHDsmjC,85,,correct,
Oc5QucHDsmjC,86,,correct,
Oc5QucHDsmjC,87,,correct,
Oc5QucHDsmjC,88,,correct,
Oc5QucHDsmjC,89,,correct,
Oc5QucHDsmjC,90,,correct,
hpYESXQ1czwb,61,,correct,
hpYESXQ1czwb,62,,correct,
hpYESXQ1czwb,63,,correct,
hpYESXQ1czwb,64,,correct,
hpYESXQ1czwb,65,,correct,
hpYESXQ1czwb,66,,correct,
hpYESXQ1czwb,67,,correct,
hpYESXQ1czwb,68,,correct,
hpYESXQ1czwb,69,,correct,
hpYESXQ1czwb,70,,correct,
hpYESXQ1czwb,71,,correct,
hpYESXQ1czwb,72,,correct,
hpYESXQ1czwb,73,,correct,
hpYESXQ1czwb,74,,correct,
hpYESXQ1czwb,75,,correct,
hpYESXQ1czwb,76,,incorrect,
hpYESXQ1czwb,77,,correct,
hpYESXQ1czwb,78,,correct,
hpYESXQ1czwb,79,,correct,
hpYESXQ1czwb,80,,correct,
hpYESXQ1czwb,81,,correct,
hpYESXQ1czwb,82,,correct,
hpYESXQ1czwb,83,,correct,
hpYESXQ1czwb,84,,correct,
hpYESXQ1czwb,85,,incorrect,
hpYESXQ1czwb,86,,correct,
hpYESXQ1czwb,87,,correct,
hpYESXQ1czwb,88,,correct,
hpYESXQ1czwb,89,,correct,
hpYESXQ1czwb,90,,incorrect,
St7VKJfT2MTq,61,,correct,
St7VKJfT2MTq,62,,correct,
St7VKJfT2MTq,63,,correct,
St7VKJfT2MTq,64,,correct,
St7VKJfT2MTq,65,,correct,
St7VKJfT2MTq,66,,correct,
St7VKJfT2MTq,67,,correct,
St7VKJfT2MTq,68,,incorrect,
St7VKJfT2MTq,69,,correct,
St7VKJfT2MTq,70,,correct,
St7VKJfT2MTq,71,,correct,
St7VKJfT2MTq,72,,incorrect,
St7VKJfT2MTq,73,,correct,
St7VKJfT2MTq,74,,correct,
St7VKJfT2MTq,75,,incorrect,
St7VKJfT2MTq,76,,incorrect,
St7VKJfT2MTq,77,,incorrect,
St7VKJfT2MTq,78,,incorrect,
St7VKJfT2MTq,79,,correct,
St7VKJfT2MTq,80,,correct,
St7VKJfT2MTq,81,,correct,
St7VKJfT2MTq,82,,correct,
St7VKJfT2MTq,83,,correct,
St7VKJfT2MTq,84,,correct,
St7VKJfT2MTq,85,,correct,
St7VKJfT2MTq,86,,correct,
St7VKJfT2MTq,87,,correct,
St7VKJfT2MTq,88,,correct,
St7VKJfT2MTq,89,,correct,
St7VKJfT2MTq,90,,correct,
VgoqnXYkjUhL,61,,correct,
VgoqnXYkjUhL,62,,correct,
VgoqnXYkjUhL,63,,correct,
VgoqnXYkjUhL,64,,correct,
VgoqnXYkjUhL,65,,correct,
VgoqnXYkjUhL,66,,correct,
VgoqnXYkjUhL,67,,incorrect,
VgoqnXYkjUhL,68,,correct,
VgoqnXYkjUhL,69,,correct,
VgoqnXYkjUhL,70,,correct,
VgoqnXYkjUhL,71,,correct,
VgoqnXYkjUhL,72,,correct,
VgoqnXYkjUhL,73,,correct,
VgoqnXYkjUhL,74,,correct,
VgoqnXYkjUhL,75,,correct,
VgoqnXYkjUhL,76,,correct,
VgoqnXYkjUhL,77,,incorrect,
VgoqnXYkjUhL,78,,incorrect,
VgoqnXYkjUhL,79,,correct,
VgoqnXYkjUhL,80,,correct,
VgoqnXYkjUhL,81,,correct,
VgoqnXYkjUhL,82,,correct,
VgoqnXYkjUhL,83,,correct,
VgoqnXYkjUhL,84,,correct,
VgoqnXYkjUhL,85,,correct,
VgoqnXYkjUhL,86,,correct,
VgoqnXYkjUhL,87,,correct,
VgoqnXYkjUhL,88,,correct,
VgoqnXYkjUhL,89,,correct,
VgoqnXYkjUhL,90,,correct,
DI3Mqi034afd,61,,correct,
DI3Mqi034afd,62,,correct,
DI3Mqi034afd,63,,correct,
DI3Mqi034afd,64,,correct,
DI3Mqi034afd,65,,correct,
DI3Mqi034afd,66,,correct,
DI3Mqi034afd,67,,incorrect,
DI3Mqi034afd,68,,correct,
DI3Mqi034afd,69,,correct,
DI3Mqi034afd,70,,correct,
DI3Mqi034afd,71,,correct,
DI3Mqi034afd,72,,correct,
DI3Mqi034afd,73,,correct,
DI3Mqi034afd,74,,correct,
DI3Mqi034afd,75,,correct,
DI3Mqi034afd,76,,correct,
DI3Mqi034afd,77,,incorrect,
DI3Mqi034afd,78,,incorrect,
DI3Mqi034afd,79,,correct,
DI3Mqi034afd,80,,correct,
DI3Mqi034afd,81,,correct,
DI3Mqi034afd,82,,correct,
DI3Mqi034afd,83,,correct,
DI3Mqi034afd,84,,correct,
DI3Mqi034afd,85,,correct,
DI3Mqi034afd,86,,correct,
DI3Mqi034afd,87,,correct,
DI3Mqi034afd,88,,correct,
DI3Mqi034afd,89,,correct,
DI3Mqi034afd,90,,correct,
tZNKhSZpzqOT,61,,correct,
tZNKhSZpzqOT,62,,correct,
tZNKhSZpzqOT,63,,correct,
tZNKhSZpzqOT,64,,correct,
tZNKhSZpzqOT,65,,correct,
tZNKhSZpzqOT,66,,correct,
tZNKhSZpzqOT,67,,incorrect,
tZNKhSZpzqOT,68,,correct,
tZNKhSZpzqOT,69,,correct,
tZNKhSZpzqOT,70,,correct,
tZNKhSZpzqOT,71,,correct,
tZNKhSZpzqOT,72,,correct,
tZNKhSZpzqOT,73,,correct,
tZNKhSZpzqOT,74,,correct,
tZNKhSZpzqOT,75,,correct,
tZNKhSZpzqOT,76,,correct,
tZNKhSZpzqOT,77,,correct,
tZNKhSZpzqOT,78,,correct,
tZNKhSZpzqOT,79,,correct,
tZNKhSZpzqOT,80,,incorrect,
tZNKhSZpzqOT,81,,correct,
tZNKhSZpzqOT,82,,correct,
tZNKhSZpzqOT,83,,correct,
tZNKhSZpzqOT,84,,correct,
tZNKhSZpzqOT,85,,incorrect,
tZNKhSZpzqOT,86,,correct,
tZNKhSZpzqOT,87,,correct,
tZNKhSZpzqOT,88,,correct,
tZNKhSZpzqOT,89,,correct,
tZNKhSZpzqOT,90,,incorrect,
xlLz8YVMGkvs,61,,correct,
xlLz8YVMGkvs,62,,correct,
xlLz8YVMGkvs,63,,correct,
xlLz8YVMGkvs,64,,incorrect,
xlLz8YVMGkvs,65,,correct,
xlLz8YVMGkvs,66,,correct,
xlLz8YVMGkvs,67,,incorrect,
xlLz8YVMGkvs,68,,correct,
xlLz8YVMGkvs,69,,correct,
xlLz8YVMGkvs,70,,correct,
xlLz8YVMGkvs,71,,correct,
xlLz8YVMGkvs,72,,incorrect,
xlLz8YVMGkvs,73,,correct,
xlLz8YVMGkvs,74,,correct,
xlLz8YVMGkvs,75,,incorrect,
xlLz8YVMGkvs,76,,incorrect,
xlLz8YVMGkvs,77,,correct,
xlLz8YVMGkvs,78,,correct,
xlLz8YVMGkvs,79,,correct,
xlLz8YVMGkvs,80,,correct,
xlLz8YVMGkvs,81,,correct,
xlLz8YVMGkvs,82,,correct,
xlLz8YVMGkvs,83,,correct,
xlLz8YVMGkvs,84,,correct,
xlLz8YVMGkvs,85,,correct,
xlLz8YVMGkvs,86,,correct,
xlLz8YVMGkvs,87,,correct,
xlLz8YVMGkvs,88,,correct,
xlLz8YVMGkvs,89,,correct,
xlLz8YVMGkvs,90,,incorrect,
8JOElN1piVew,61,,correct,
8JOElN1piVew,62,,correct,
8JOElN1piVew,63,,correct,
8JOElN1piVew,64,,correct,
8JOElN1piVew,65,,correct,
8JOElN1piVew,66,,correct,
8JOElN1piVew,67,,correct,
8JOElN1piVew,68,,correct,
8JOElN1piVew,69,,correct,
8JOElN1piVew,70,,correct,
8JOElN1piVew,71,,incorrect,
8JOElN1piVew,72,,incorrect,
8JOElN1piVew,73,,correct,
8JOElN1piVew,74,,correct,
8JOElN1piVew,75,,incorrect,
8JOElN1piVew,76,,correct,
8JOElN1piVew,77,,correct,
8JOElN1piVew,78,,incorrect,
8JOElN1piVew,79,,correct,
8JOElN1piVew,80,,correct,
8JOElN1piVew,81,,correct,
8JOElN1piVew,82,,correct,
8JOElN1piVew,83,,correct,
8JOElN1piVew,84,,correct,
8JOElN1piVew,85,,correct,
8JOElN1piVew,86,,correct,
8JOElN1piVew,87,,correct,
8JOElN1piVew,88,,correct,
8JOElN1piVew,89,,correct,
8JOElN1piVew,90,,incorrect,
0rzpTGhVxVJU,61,,correct,
0rzpTGhVxVJU,62,,correct,
0rzpTGhVxVJU,63,,correct,
0rzpTGhVxVJU,64,,correct,
0rzpTGhVxVJU,65,,correct,
0rzpTGhVxVJU,66,,correct,
0rzpTGhVxVJU,67,,incorrect,
0rzpTGhVxVJU,68,,correct,
0rzpTGhVxVJU,69,,incorrect,
0rzpTGhVxVJU,70,,correct,
0rzpTGhVxVJU,71,,incorrect,
0rzpTGhVxVJU,72,,correct,
0rzpTGhVxVJU,73,,correct,
0rzpTGhVxVJU,74,,correct,
0rzpTGhVxVJU,75,,incorrect,
0rzpTGhVxVJU,76,,correct,
0rzpTGhVxVJU,77,,incorrect,
0rzpTGhVxVJU,78,,incorrect,
0rzpTGhVxVJU,79,,correct,
0rzpTGhVxVJU,80,,correct,
0rzpTGhVxVJU,81,,incorrect,
0rzpTGhVxVJU,82,,incorrect,
0rzpTGhVxVJU,83,,correct,
0rzpTGhVxVJU,84,,correct,
0rzpTGhVxVJU,85,,correct,
0rzpTGhVxVJU,86,,correct,
0rzpTGhVxVJU,87,,correct,
0rzpTGhVxVJU,88,,correct,
0rzpTGhVxVJU,89,,correct,
0rzpTGhVxVJU,90,,incorrect,
iZblYCxqwouC,61,,correct,
iZblYCxqwouC,62,,correct,
iZblYCxqwouC,63,,incorrect,
iZblYCxqwouC,64,,correct,
iZblYCxqwouC,65,,correct,
iZblYCxqwouC,66,,correct,
iZblYCxqwouC,67,,incorrect,
iZblYCxqwouC,68,,correct,
iZblYCxqwouC,69,,correct,
iZblYCxqwouC,70,,correct,
iZblYCxqwouC,71,,correct,
iZblYCxqwouC,72,,correct,
iZblYCxqwouC,73,,correct,
iZblYCxqwouC,74,,correct,
iZblYCxqwouC,75,,incorrect,
iZblYCxqwouC,76,,correct,
iZblYCxqwouC,77,,correct,
iZblYCxqwouC,78,,correct,
iZblYCxqwouC,79,,correct,
iZblYCxqwouC,80,,correct,
iZblYCxqwouC,81,,correct,
iZblYCxqwouC,82,,correct,
iZblYCxqwouC,83,,correct,
iZblYCxqwouC,84,,correct,
iZblYCxqwouC,85,,correct,
iZblYCxqwouC,86,,incorrect,
iZblYCxqwouC,87,,incorrect,
iZblYCxqwouC,88,,correct,
iZblYCxqwouC,89,,correct,
iZblYCxqwouC,90,,correct,
sg62FVLFX6BW,61,,correct,
sg62FVLFX6BW,62,,correct,
sg62FVLFX6BW,63,,correct,
sg62FVLFX6BW,64,,correct,
sg62FVLFX6BW,65,,correct,
sg62FVLFX6BW,66,,correct,
sg62FVLFX6BW,67,,incorrect,
sg62FVLFX6BW,68,,correct,
sg62FVLFX6BW,69,,correct,
sg62FVLFX6BW,70,,correct,
sg62FVLFX6BW,71,,correct,
sg62FVLFX6BW,72,,correct,
sg62FVLFX6BW,73,,correct,
sg62FVLFX6BW,74,,correct,
sg62FVLFX6BW,75,,incorrect,
sg62FVLFX6BW,76,,correct,
sg62FVLFX6BW,77,,correct,
sg62FVLFX6BW,78,,correct,
sg62FVLFX6BW,79,,incorrect,
sg62FVLFX6BW,80,,correct,
sg62FVLFX6BW,81,,correct,
sg62FVLFX6BW,82,,correct,
sg62FVLFX6BW,83,,correct,
sg62FVLFX6BW,84,,correct,
sg62FVLFX6BW,85,,correct,
sg62FVLFX6BW,86,,correct,
sg62FVLFX6BW,87,,correct,
sg62FVLFX6BW,88,,correct,
sg62FVLFX6BW,89,,correct,
sg62FVLFX6BW,90,,correct,
zeQInY6w8eBY,61,,correct,
zeQInY6w8eBY,62,,correct,
zeQInY6w8eBY,63,,correct,
zeQInY6w8eBY,64,,correct,
zeQInY6w8eBY,65,,correct,
zeQInY6w8eBY,66,,correct,
zeQInY6w8eBY,67,,incorrect,
zeQInY6w8eBY,68,,correct,
zeQInY6w8eBY,69,,correct,
zeQInY6w8eBY,70,,correct,
zeQInY6w8eBY,71,,correct,
zeQInY6w8eBY,72,,correct,
zeQInY6w8eBY,73,,correct,
zeQInY6w8eBY,74,,correct,
zeQInY6w8eBY,75,,correct,
zeQInY6w8eBY,76,,correct,
zeQInY6w8eBY,77,,correct,
zeQInY6w8eBY,78,,incorrect,
zeQInY6w8eBY,79,,correct,
zeQInY6w8eBY,80,,correct,
zeQInY6w8eBY,81,,correct,
zeQInY6w8eBY,82,,correct,
zeQInY6w8eBY,83,,correct,
zeQInY6w8eBY,84,,correct,
zeQInY6w8eBY,85,,correct,
zeQInY6w8eBY,86,,correct,
zeQInY6w8eBY,87,,correct,
zeQInY6w8eBY,88,,correct,
zeQInY6w8eBY,89,,correct,
zeQInY6w8eBY,90,,incorrect,
5WCMaHHFn6WV,61,,correct,
5WCMaHHFn6WV,62,,correct,
5WCMaHHFn6WV,63,,correct,
5WCMaHHFn6WV,64,,correct,
5WCMaHHFn6WV,65,,correct,
5WCMaHHFn6WV,66,,correct,
5WCMaHHFn6WV,67,,incorrect,
5WCMaHHFn6WV,68,,correct,
5WCMaHHFn6WV,69,,correct,
5WCMaHHFn6WV,70,,correct,
5WCMaHHFn6WV,71,,correct,
5WCMaHHFn6WV,72,,correct,
5WCMaHHFn6WV,73,,incorrect,
5WCMaHHFn6WV,74,,correct,
5WCMaHHFn6WV,75,,correct,
5WCMaHHFn6WV,76,,correct,
5WCMaHHFn6WV,77,,correct,
5WCMaHHFn6WV,78,,correct,
5WCMaHHFn6WV,79,,correct,
5WCMaHHFn6WV,80,,correct,
5WCMaHHFn6WV,81,,correct,
5WCMaHHFn6WV,82,,correct,
5WCMaHHFn6WV,83,,correct,
5WCMaHHFn6WV,84,,correct,
5WCMaHHFn6WV,85,,incorrect,
5WCMaHHFn6WV,86,,correct,
5WCMaHHFn6WV,87,,correct,
5WCMaHHFn6WV,88,,correct,
5WCMaHHFn6WV,89,,correct,
5WCMaHHFn6WV,90,,incorrect,
RjR3B2X554Pn,61,,correct,
RjR3B2X554Pn,62,,correct,
RjR3B2X554Pn,63,,correct,
RjR3B2X554Pn,64,,correct,
RjR3B2X554Pn,65,,correct,
RjR3B2X554Pn,66,,correct,
RjR3B2X554Pn,67,,correct,
RjR3B2X554Pn,68,,correct,
RjR3B2X554Pn,69,,correct,
RjR3B2X554Pn,70,,correct,
RjR3B2X554Pn,71,,correct,
RjR3B2X554Pn,72,,incorrect,
RjR3B2X554Pn,73,,correct,
RjR3B2X554Pn,74,,correct,
RjR3B2X554Pn,75,,incorrect,
RjR3B2X554Pn,76,,incorrect,
RjR3B2X554Pn,77,,incorrect,
RjR3B2X554Pn,78,,correct,
RjR3B2X554Pn,79,,correct,
RjR3B2X554Pn,80,,correct,
RjR3B2X554Pn,81,,correct,
RjR3B2X554Pn,82,,correct,
RjR3B2X554Pn,83,,correct,
RjR3B2X554Pn,84,,correct,
RjR3B2X554Pn,85,,correct,
RjR3B2X554Pn,86,,correct,
RjR3B2X554Pn,87,,correct,
RjR3B2X554Pn,88,,correct,
RjR3B2X554Pn,89,,correct,
RjR3B2X554Pn,90,,correct,
aeQlX5jbZHXw,61,,correct,
aeQlX5jbZHXw,62,,correct,
aeQlX5jbZHXw,63,,correct,
aeQlX5jbZHXw,64,,correct,
aeQlX5jbZHXw,65,,correct,
aeQlX5jbZHXw,66,,correct,
aeQlX5jbZHXw,67,,incorrect,
aeQlX5jbZHXw,68,,correct,
aeQlX5jbZHXw,69,,correct,
aeQlX5jbZHXw,70,,correct,
aeQlX5jbZHXw,71,,correct,
aeQlX5jbZHXw,72,,correct,
aeQlX5jbZHXw,73,,correct,
aeQlX5jbZHXw,74,,correct,
aeQlX5jbZHXw,75,,incorrect,
aeQlX5jbZHXw,76,,correct,
aeQlX5jbZHXw,77,,correct,
aeQlX5jbZHXw,78,,correct,
aeQlX5jbZHXw,79,,correct,
aeQlX5jbZHXw,80,,correct,
aeQlX5jbZHXw,81,,correct,
aeQlX5jbZHXw,82,,correct,
aeQlX5jbZHXw,83,,correct,
aeQlX5jbZHXw,84,,correct,
aeQlX5jbZHXw,85,,correct,
aeQlX5jbZHXw,86,,incorrect,
aeQlX5jbZHXw,87,,incorrect,
aeQlX5jbZHXw,88,,correct,
aeQlX5jbZHXw,89,,correct,
aeQlX5jbZHXw,90,,correct,
ROaS3EN46XLy,61,,correct,
ROaS3EN46XLy,62,,correct,
ROaS3EN46XLy,63,,correct,
ROaS3EN46XLy,64,,correct,
ROaS3EN46XLy,65,,correct,
ROaS3EN46XLy,66,,correct,
ROaS3EN46XLy,67,,incorrect,
ROaS3EN46XLy,68,,correct,
ROaS3EN46XLy,69,,correct,
ROaS3EN46XLy,70,,correct,
ROaS3EN46XLy,71,,correct,
ROaS3EN46XLy,72,,correct,
ROaS3EN46XLy,73,,correct,
ROaS3EN46XLy,74,,correct,
ROaS3EN46XLy,75,,incorrect,
ROaS3EN46XLy,76,,correct,
ROaS3EN46XLy,77,,correct,
ROaS3EN46XLy,78,,correct,
ROaS3EN46XLy,79,,correct,
ROaS3EN46XLy,80,,correct,
ROaS3EN46XLy,81,,incorrect,
ROaS3EN46XLy,82,,correct,
ROaS3EN46XLy,83,,correct,
ROaS3EN46XLy,84,,correct,
ROaS3EN46XLy,85,,correct,
ROaS3EN46XLy,86,,incorrect,
ROaS3EN46XLy,87,,incorrect,
ROaS3EN46XLy,88,,correct,
ROaS3EN46XLy,89,,correct,
ROaS3EN46XLy,90,,correct,
lOuE9tkR89Pk,61,,correct,
lOuE9tkR89Pk,62,,correct,
lOuE9tkR89Pk,63,,correct,
lOuE9tkR89Pk,64,,correct,
lOuE9tkR89Pk,65,,correct,
lOuE9tkR89Pk,66,,correct,
lOuE9tkR89Pk,67,,correct,
lOuE9tkR89Pk,68,,correct,
lOuE9tkR89Pk,69,,incorrect,
lOuE9tkR89Pk,70,,correct,
lOuE9tkR89Pk,71,,incorrect,
lOuE9tkR89Pk,72,,incorrect,
lOuE9tkR89Pk,73,,correct,
lOuE9tkR89Pk,74,,incorrect,
lOuE9tkR89Pk,75,,incorrect,
lOuE9tkR89Pk,76,,correct,
lOuE9tkR89Pk,77,,correct,
lOuE9tkR89Pk,78,,correct,
lOuE9tkR89Pk,79,,correct,
lOuE9tkR89Pk,80,,correct,
lOuE9tkR89Pk,81,,correct,
lOuE9tkR89Pk,82,,correct,
lOuE9tkR89Pk,83,,correct,
lOuE9tkR89Pk,84,,correct,
lOuE9tkR89Pk,85,,correct,
lOuE9tkR89Pk,86,,correct,
lOuE9tkR89Pk,87,,correct,
lOuE9tkR89Pk,88,,correct,
lOuE9tkR89Pk,89,,correct,
lOuE9tkR89Pk,90,,incorrect,
Kji96af6kzzA,61,,correct,
Kji96af6kzzA,62,,correct,
Kji96af6kzzA,63,,correct,
Kji96af6kzzA,64,,correct,
Kji96af6kzzA,65,,correct,
Kji96af6kzzA,66,,correct,
Kji96af6kzzA,67,,correct,
Kji96af6kzzA,68,,correct,
Kji96af6kzzA,69,,incorrect,
Kji96af6kzzA,70,,correct,
Kji96af6kzzA,71,,incorrect,
Kji96af6kzzA,72,,incorrect,
Kji96af6kzzA,73,,correct,
Kji96af6kzzA,74,,incorrect,
Kji96af6kzzA,75,,incorrect,
Kji96af6kzzA,76,,correct,
Kji96af6kzzA,77,,correct,
Kji96af6kzzA,78,,correct,
Kji96af6kzzA,79,,correct,
Kji96af6kzzA,80,,correct,
Kji96af6kzzA,81,,correct,
Kji96af6kzzA,82,,correct,
Kji96af6kzzA,83,,correct,
Kji96af6kzzA,84,,correct,
Kji96af6kzzA,85,,correct,
Kji96af6kzzA,86,,correct,
Kji96af6kzzA,87,,correct,
Kji96af6kzzA,88,,correct,
Kji96af6kzzA,89,,correct,
Kji96af6kzzA,90,,incorrect,
QJyEL3O7YA2f,61,,correct,
QJyEL3O7YA2f,62,,correct,
QJyEL3O7YA2f,63,,correct,
QJyEL3O7YA2f,64,,correct,
QJyEL3O7YA2f,65,,correct,
QJyEL3O7YA2f,66,,correct,
QJyEL3O7YA2f,67,,incorrect,
QJyEL3O7YA2f,68,,correct,
QJyEL3O7YA2f,69,,correct,
QJyEL3O7YA2f,70,,correct,
QJyEL3O7YA2f,71,,correct,
QJyEL3O7YA2f,72,,correct,
QJyEL3O7YA2f,73,,correct,
QJyEL3O7YA2f,74,,correct,
QJyEL3O7YA2f,75,,correct,
QJyEL3O7YA2f,76,,correct,
QJyEL3O7YA2f,77,,correct,
QJyEL3O7YA2f,78,,incorrect,
QJyEL3O7YA2f,79,,correct,
QJyEL3O7YA2f,80,,correct,
QJyEL3O7YA2f,81,,incorrect,
QJyEL3O7YA2f,82,,correct,
QJyEL3O7YA2f,83,,correct,
QJyEL3O7YA2f,84,,correct,
QJyEL3O7YA2f,85,,correct,
QJyEL3O7YA2f,86,,correct,
QJyEL3O7YA2f,87,,correct,
QJyEL3O7YA2f,88,,correct,
QJyEL3O7YA2f,89,,correct,
QJyEL3O7YA2f,90,,incorrect,
GiNOB0aoa84q,61,,correct,
GiNOB0aoa84q,62,,correct,
GiNOB0aoa84q,63,,correct,
GiNOB0aoa84q,64,,incorrect,
GiNOB0aoa84q,65,,correct,
GiNOB0aoa84q,66,,correct,
GiNOB0aoa84q,67,,incorrect,
GiNOB0aoa84q,68,,correct,
GiNOB0aoa84q,69,,correct,
GiNOB0aoa84q,70,,correct,
GiNOB0aoa84q,71,,correct,
GiNOB0aoa84q,72,,correct,
GiNOB0aoa84q,73,,correct,
GiNOB0aoa84q,74,,correct,
GiNOB0aoa84q,75,,incorrect,
GiNOB0aoa84q,76,,correct,
GiNOB0aoa84q,77,,correct,
GiNOB0aoa84q,78,,correct,
GiNOB0aoa84q,79,,correct,
GiNOB0aoa84q,80,,correct,
GiNOB0aoa84q,81,,correct,
GiNOB0aoa84q,82,,correct,
GiNOB0aoa84q,83,,correct,
GiNOB0aoa84q,84,,correct,
GiNOB0aoa84q,85,,incorrect,
GiNOB0aoa84q,86,,correct,
GiNOB0aoa84q,87,,correct,
GiNOB0aoa84q,88,,correct,
GiNOB0aoa84q,89,,incorrect,
GiNOB0aoa84q,90,,correct,
PgdsGKsedBAl,61,,correct,
PgdsGKsedBAl,62,,correct,
PgdsGKsedBAl,63,,correct,
PgdsGKsedBAl,64,,correct,
PgdsGKsedBAl,65,,correct,
PgdsGKsedBAl,66,,correct,
PgdsGKsedBAl,67,,correct,
PgdsGKsedBAl,68,,correct,
PgdsGKsedBAl,69,,correct,
PgdsGKsedBAl,70,,correct,
PgdsGKsedBAl,71,,correct,
PgdsGKsedBAl,72,,correct,
PgdsGKsedBAl,73,,correct,
PgdsGKsedBAl,74,,correct,
PgdsGKsedBAl,75,,incorrect,
PgdsGKsedBAl,76,,correct,
PgdsGKsedBAl,77,,incorrect,
PgdsGKsedBAl,78,,incorrect,
PgdsGKsedBAl,79,,correct,
PgdsGKsedBAl,80,,correct,
PgdsGKsedBAl,81,,correct,
PgdsGKsedBAl,82,,correct,
PgdsGKsedBAl,83,,correct,
PgdsGKsedBAl,84,,correct,
PgdsGKsedBAl,85,,correct,
PgdsGKsedBAl,86,,correct,
PgdsGKsedBAl,87,,correct,
PgdsGKsedBAl,88,,correct,
PgdsGKsedBAl,89,,correct,
PgdsGKsedBAl,90,,incorrect,
AwYMPKmPfMTD,61,,correct,
AwYMPKmPfMTD,62,,correct,
AwYMPKmPfMTD,63,,correct,
AwYMPKmPfMTD,64,,correct,
AwYMPKmPfMTD,65,,correct,
AwYMPKmPfMTD,66,,correct,
AwYMPKmPfMTD,67,,correct,
AwYMPKmPfMTD,68,,correct,
AwYMPKmPfMTD,69,,correct,
AwYMPKmPfMTD,70,,correct,
AwYMPKmPfMTD,71,,incorrect,
AwYMPKmPfMTD,72,,incorrect,
AwYMPKmPfMTD,73,,correct,
AwYMPKmPfMTD,74,,correct,
AwYMPKmPfMTD,75,,incorrect,
AwYMPKmPfMTD,76,,correct,
AwYMPKmPfMTD,77,,correct,
AwYMPKmPfMTD,78,,incorrect,
AwYMPKmPfMTD,79,,correct,
AwYMPKmPfMTD,80,,correct,
AwYMPKmPfMTD,81,,incorrect,
AwYMPKmPfMTD,82,,correct,
AwYMPKmPfMTD,83,,correct,
AwYMPKmPfMTD,84,,correct,
AwYMPKmPfMTD,85,,correct,
AwYMPKmPfMTD,86,,correct,
AwYMPKmPfMTD,87,,correct,
AwYMPKmPfMTD,88,,correct,
AwYMPKmPfMTD,89,,correct,
AwYMPKmPfMTD,90,,incorrect,
jxlFWYs7WyTt,61,,correct,
jxlFWYs7WyTt,62,,correct,
jxlFWYs7WyTt,63,,correct,
jxlFWYs7WyTt,64,,correct,
jxlFWYs7WyTt,65,,correct,
jxlFWYs7WyTt,66,,correct,
jxlFWYs7WyTt,67,,correct,
jxlFWYs7WyTt,68,,correct,
jxlFWYs7WyTt,69,,correct,
jxlFWYs7WyTt,70,,correct,
jxlFWYs7WyTt,71,,incorrect,
jxlFWYs7WyTt,72,,incorrect,
jxlFWYs7WyTt,73,,correct,
jxlFWYs7WyTt,74,,correct,
jxlFWYs7WyTt,75,,incorrect,
jxlFWYs7WyTt,76,,correct,
jxlFWYs7WyTt,77,,correct,
jxlFWYs7WyTt,78,,incorrect,
jxlFWYs7WyTt,79,,correct,
jxlFWYs7WyTt,80,,correct,
jxlFWYs7WyTt,81,,correct,
jxlFWYs7WyTt,82,,correct,
jxlFWYs7WyTt,83,,correct,
jxlFWYs7WyTt,84,,correct,
jxlFWYs7WyTt,85,,correct,
jxlFWYs7WyTt,86,,correct,
jxlFWYs7WyTt,87,,correct,
jxlFWYs7WyTt,88,,correct,
jxlFWYs7WyTt,89,,correct,
jxlFWYs7WyTt,90,,incorrect,
wlfxRfJtBw5L,61,,correct,
wlfxRfJtBw5L,62,,correct,
wlfxRfJtBw5L,63,,incorrect,
wlfxRfJtBw5L,64,,correct,
wlfxRfJtBw5L,65,,correct,
wlfxRfJtBw5L,66,,correct,
wlfxRfJtBw5L,67,,correct,
wlfxRfJtBw5L,68,,correct,
wlfxRfJtBw5L,69,,correct,
wlfxRfJtBw5L,70,,correct,
wlfxRfJtBw5L,71,,correct,
wlfxRfJtBw5L,72,,incorrect,
wlfxRfJtBw5L,73,,correct,
wlfxRfJtBw5L,74,,correct,
wlfxRfJtBw5L,75,,correct,
wlfxRfJtBw5L,76,,incorrect,
wlfxRfJtBw5L,77,,correct,
wlfxRfJtBw5L,78,,correct,
wlfxRfJtBw5L,79,,incorrect,
wlfxRfJtBw5L,80,,correct,
wlfxRfJtBw5L,81,,correct,
wlfxRfJtBw5L,82,,correct,
wlfxRfJtBw5L,83,,correct,
wlfxRfJtBw5L,84,,correct,
wlfxRfJtBw5L,85,,incorrect,
wlfxRfJtBw5L,86,,correct,
wlfxRfJtBw5L,87,,correct,
wlfxRfJtBw5L,88,,correct,
wlfxRfJtBw5L,89,,correct,
wlfxRfJtBw5L,90,,incorrect,
jMkOnTydcqm6,61,,correct,
jMkOnTydcqm6,62,,correct,
jMkOnTydcqm6,63,,incorrect,
jMkOnTydcqm6,64,,correct,
jMkOnTydcqm6,65,,correct,
jMkOnTydcqm6,66,,correct,
jMkOnTydcqm6,67,,correct,
jMkOnTydcqm6,68,,correct,
jMkOnTydcqm6,69,,correct,
jMkOnTydcqm6,70,,correct,
jMkOnTydcqm6,71,,correct,
jMkOnTydcqm6,72,,correct,
jMkOnTydcqm6,73,,correct,
jMkOnTydcqm6,74,,correct,
jMkOnTydcqm6,75,,correct,
jMkOnTydcqm6,76,,incorrect,
jMkOnTydcqm6,77,,correct,
jMkOnTydcqm6,78,,correct,
jMkOnTydcqm6,79,,incorrect,
jMkOnTydcqm6,80,,correct,
jMkOnTydcqm6,81,,correct,
jMkOnTydcqm6,82,,correct,
jMkOnTydcqm6,83,,correct,
jMkOnTydcqm6,84,,correct,
jMkOnTydcqm6,85,,incorrect,
jMkOnTydcqm6,86,,correct,
jMkOnTydcqm6,87,,correct,
jMkOnTydcqm6,88,,correct,
jMkOnTydcqm6,89,,correct,
jMkOnTydcqm6,90,,incorrect,
BSLGp0wdoAqj,61,,correct,
BSLGp0wdoAqj,62,,correct,
BSLGp0wdoAqj,63,,incorrect,
BSLGp0wdoAqj,64,,correct,
BSLGp0wdoAqj,65,,correct,
BSLGp0wdoAqj,66,,correct,
BSLGp0wdoAqj,67,,correct,
BSLGp0wdoAqj,68,,correct,
BSLGp0wdoAqj,69,,correct,
BSLGp0wdoAqj,70,,correct,
BSLGp0wdoAqj,71,,correct,
BSLGp0wdoAqj,72,,incorrect,
BSLGp0wdoAqj,73,,correct,
BSLGp0wdoAqj,74,,correct,
BSLGp0wdoAqj,75,,correct,
BSLGp0wdoAqj,76,,incorrect,
BSLGp0wdoAqj,77,,correct,
BSLGp0wdoAqj,78,,correct,
BSLGp0wdoAqj,79,,incorrect,
BSLGp0wdoAqj,80,,correct,
BSLGp0wdoAqj,81,,incorrect,
BSLGp0wdoAqj,82,,incorrect,
BSLGp0wdoAqj,83,,correct,
BSLGp0wdoAqj,84,,correct,
BSLGp0wdoAqj,85,,incorrect,
BSLGp0wdoAqj,86,,correct,
BSLGp0wdoAqj,87,,correct,
BSLGp0wdoAqj,88,,correct,
BSLGp0wdoAqj,89,,correct,
BSLGp0wdoAqj,90,,incorrect,
a9ej6jzpNOPn,61,,correct,
a9ej6jzpNOPn,62,,correct,
a9ej6jzpNOPn,63,,correct,
a9ej6jzpNOPn,64,,correct,
a9ej6jzpNOPn,65,,correct,
a9ej6jzpNOPn,66,,correct,
a9ej6jzpNOPn,67,,correct,
a9ej6jzpNOPn,68,,correct,
a9ej6jzpNOPn,69,,correct,
a9ej6jzpNOPn,70,,correct,
a9ej6jzpNOPn,71,,correct,
a9ej6jzpNOPn,72,,correct,
a9ej6jzpNOPn,73,,correct,
a9ej6jzpNOPn,74,,correct,
a9ej6jzpNOPn,75,,incorrect,
a9ej6jzpNOPn,76,,correct,
a9ej6jzpNOPn,77,,incorrect,
a9ej6jzpNOPn,78,,correct,
a9ej6jzpNOPn,79,,correct,
a9ej6jzpNOPn,80,,correct,
a9ej6jzpNOPn,81,,incorrect,
a9ej6jzpNOPn,82,,correct,
a9ej6jzpNOPn,83,,correct,
a9ej6jzpNOPn,84,,correct,
a9ej6jzpNOPn,85,,correct,
a9ej6jzpNOPn,86,,correct,
a9ej6jzpNOPn,87,,correct,
a9ej6jzpNOPn,88,,correct,
a9ej6jzpNOPn,89,,correct,
a9ej6jzpNOPn,90,,incorrect,
eH9XZKUjDCDF,61,,correct,
eH9XZKUjDCDF,62,,correct,
eH9XZKUjDCDF,63,,correct,
eH9XZKUjDCDF,64,,correct,
eH9XZKUjDCDF,65,,correct,
eH9XZKUjDCDF,66,,correct,
eH9XZKUjDCDF,67,,correct,
eH9XZKUjDCDF,68,,correct,
eH9XZKUjDCDF,69,,correct,
eH9XZKUjDCDF,70,,correct,
eH9XZKUjDCDF,71,,correct,
eH9XZKUjDCDF,72,,correct,
eH9XZKUjDCDF,73,,incorrect,
eH9XZKUjDCDF,74,,correct,
eH9XZKUjDCDF,75,,incorrect,
eH9XZKUjDCDF,76,,correct,
eH9XZKUjDCDF,77,,correct,
eH9XZKUjDCDF,78,,correct,
eH9XZKUjDCDF,79,,correct,
eH9XZKUjDCDF,80,,correct,
eH9XZKUjDCDF,81,,correct,
eH9XZKUjDCDF,82,,correct,
eH9XZKUjDCDF,83,,correct,
eH9XZKUjDCDF,84,,correct,
eH9XZKUjDCDF,85,,correct,
eH9XZKUjDCDF,86,,correct,
eH9XZKUjDCDF,87,,correct,
eH9XZKUjDCDF,88,,correct,
eH9XZKUjDCDF,89,,correct,
eH9XZKUjDCDF,90,,incorrect,
RZdtks4i4HNy,61,,correct,
RZdtks4i4HNy,62,,incorrect,
RZdtks4i4HNy,63,,correct,
RZdtks4i4HNy,64,,correct,
RZdtks4i4HNy,65,,correct,
RZdtks4i4HNy,66,,correct,
RZdtks4i4HNy,67,,correct,
RZdtks4i4HNy,68,,incorrect,
RZdtks4i4HNy,69,,incorrect,
RZdtks4i4HNy,70,,correct,
RZdtks4i4HNy,71,,incorrect,
RZdtks4i4HNy,72,,incorrect,
RZdtks4i4HNy,73,,incorrect,
RZdtks4i4HNy,74,,correct,
RZdtks4i4HNy,75,,incorrect,
RZdtks4i4HNy,76,,correct,
RZdtks4i4HNy,77,,correct,
RZdtks4i4HNy,78,,correct,
RZdtks4i4HNy,79,,correct,
RZdtks4i4HNy,80,,correct,
RZdtks4i4HNy,81,,correct,
RZdtks4i4HNy,82,,correct,
RZdtks4i4HNy,83,,correct,
RZdtks4i4HNy,84,,incorrect,
RZdtks4i4HNy,85,,incorrect,
RZdtks4i4HNy,86,,correct,
RZdtks4i4HNy,87,,incorrect,
RZdtks4i4HNy,88,,correct,
RZdtks4i4HNy,89,,correct,
RZdtks4i4HNy,90,,incorrect,
cn7NB6JfQDTq,61,,correct,
cn7NB6JfQDTq,62,,correct,
cn7NB6JfQDTq,63,,correct,
cn7NB6JfQDTq,64,,correct,
cn7NB6JfQDTq,65,,correct,
cn7NB6JfQDTq,66,,correct,
cn7NB6JfQDTq,67,,incorrect,
cn7NB6JfQDTq,68,,correct,
cn7NB6JfQDTq,69,,correct,
cn7NB6JfQDTq,70,,correct,
cn7NB6JfQDTq,71,,correct,
cn7NB6JfQDTq,72,,correct,
cn7NB6JfQDTq,73,,correct,
cn7NB6JfQDTq,74,,correct,
cn7NB6JfQDTq,75,,correct,
cn7NB6JfQDTq,76,,correct,
cn7NB6JfQDTq,77,,incorrect,
cn7NB6JfQDTq,78,,correct,
cn7NB6JfQDTq,79,,correct,
cn7NB6JfQDTq,80,,correct,
cn7NB6JfQDTq,81,,correct,
cn7NB6JfQDTq,82,,correct,
cn7NB6JfQDTq,83,,correct,
cn7NB6JfQDTq,84,,correct,
cn7NB6JfQDTq,85,,incorrect,
cn7NB6JfQDTq,86,,correct,
cn7NB6JfQDTq,87,,incorrect,
cn7NB6JfQDTq,88,,correct,
cn7NB6JfQDTq,89,,incorrect,
cn7NB6JfQDTq,90,,incorrect,
tE1MOwmVibN4,61,,correct,
tE1MOwmVibN4,62,,correct,
tE1MOwmVibN4,63,,correct,
tE1MOwmVibN4,64,,correct,
tE1MOwmVibN4,65,,correct,
tE1MOwmVibN4,66,,correct,
tE1MOwmVibN4,67,,correct,
tE1MOwmVibN4,68,,correct,
tE1MOwmVibN4,69,,correct,
tE1MOwmVibN4,70,,correct,
tE1MOwmVibN4,71,,correct,
tE1MOwmVibN4,72,,incorrect,
tE1MOwmVibN4,73,,correct,
tE1MOwmVibN4,74,,correct,
tE1MOwmVibN4,75,,incorrect,
tE1MOwmVibN4,76,,correct,
tE1MOwmVibN4,77,,incorrect,
tE1MOwmVibN4,78,,correct,
tE1MOwmVibN4,79,,incorrect,
tE1MOwmVibN4,80,,correct,
tE1MOwmVibN4,81,,incorrect,
tE1MOwmVibN4,82,,correct,
tE1MOwmVibN4,83,,correct,
tE1MOwmVibN4,84,,correct,
tE1MOwmVibN4,85,,correct,
tE1MOwmVibN4,86,,correct,
tE1MOwmVibN4,87,,correct,
tE1MOwmVibN4,88,,correct,
tE1MOwmVibN4,89,,incorrect,
tE1MOwmVibN4,90,,correct,
CyGywfdJf5VZ,61,,correct,
CyGywfdJf5VZ,62,,correct,
CyGywfdJf5VZ,63,,correct,
CyGywfdJf5VZ,64,,correct,
CyGywfdJf5VZ,65,,correct,
CyGywfdJf5VZ,66,,correct,
CyGywfdJf5VZ,67,,correct,
CyGywfdJf5VZ,68,,correct,
CyGywfdJf5VZ,69,,correct,
CyGywfdJf5VZ,70,,correct,
CyGywfdJf5VZ,71,,correct,
CyGywfdJf5VZ,72,,incorrect,
CyGywfdJf5VZ,73,,correct,
CyGywfdJf5VZ,74,,correct,
CyGywfdJf5VZ,75,,correct,
CyGywfdJf5VZ,76,,correct,
CyGywfdJf5VZ,77,,incorrect,
CyGywfdJf5VZ,78,,correct,
CyGywfdJf5VZ,79,,incorrect,
CyGywfdJf5VZ,80,,correct,
CyGywfdJf5VZ,81,,correct,
CyGywfdJf5VZ,82,,correct,
CyGywfdJf5VZ,83,,correct,
CyGywfdJf5VZ,84,,correct,
CyGywfdJf5VZ,85,,correct,
CyGywfdJf5VZ,86,,correct,
CyGywfdJf5VZ,87,,correct,
CyGywfdJf5VZ,88,,correct,
CyGywfdJf5VZ,89,,correct,
CyGywfdJf5VZ,90,,correct,
nWRIo9XQJBPf,61,,correct,
nWRIo9XQJBPf,62,,correct,
nWRIo9XQJBPf,63,,correct,
nWRIo9XQJBPf,64,,correct,
nWRIo9XQJBPf,65,,correct,
nWRIo9XQJBPf,66,,correct,
nWRIo9XQJBPf,67,,correct,
nWRIo9XQJBPf,68,,correct,
nWRIo9XQJBPf,69,,correct,
nWRIo9XQJBPf,70,,correct,
nWRIo9XQJBPf,71,,incorrect,
nWRIo9XQJBPf,72,,incorrect,
nWRIo9XQJBPf,73,,correct,
nWRIo9XQJBPf,74,,correct,
nWRIo9XQJBPf,75,,correct,
nWRIo9XQJBPf,76,,incorrect,
nWRIo9XQJBPf,77,,incorrect,
nWRIo9XQJBPf,78,,incorrect,
nWRIo9XQJBPf,79,,correct,
nWRIo9XQJBPf,80,,correct,
nWRIo9XQJBPf,81,,correct,
nWRIo9XQJBPf,82,,correct,
nWRIo9XQJBPf,83,,correct,
nWRIo9XQJBPf,84,,correct,
nWRIo9XQJBPf,85,,correct,
nWRIo9XQJBPf,86,,correct,
nWRIo9XQJBPf,87,,correct,
nWRIo9XQJBPf,88,,correct,
nWRIo9XQJBPf,89,,correct,
nWRIo9XQJBPf,90,,incorrect,
BOOMKrcykzvF,61,,correct,
BOOMKrcykzvF,62,,correct,
BOOMKrcykzvF,63,,correct,
BOOMKrcykzvF,64,,correct,
BOOMKrcykzvF,65,,correct,
BOOMKrcykzvF,66,,correct,
BOOMKrcykzvF,67,,correct,
BOOMKrcykzvF,68,,correct,
BOOMKrcykzvF,69,,correct,
BOOMKrcykzvF,70,,incorrect,
BOOMKrcykzvF,71,,correct,
BOOMKrcykzvF,72,,incorrect,
BOOMKrcykzvF,73,,correct,
BOOMKrcykzvF,74,,correct,
BOOMKrcykzvF,75,,incorrect,
BOOMKrcykzvF,76,,correct,
BOOMKrcykzvF,77,,correct,
BOOMKrcykzvF,78,,correct,
BOOMKrcykzvF,79,,incorrect,
BOOMKrcykzvF,80,,correct,
BOOMKrcykzvF,81,,correct,
BOOMKrcykzvF,82,,incorrect,
BOOMKrcykzvF,83,,correct,
BOOMKrcykzvF,84,,correct,
BOOMKrcykzvF,85,,correct,
BOOMKrcykzvF,86,,correct,
BOOMKrcykzvF,87,,incorrect,
BOOMKrcykzvF,88,,incorrect,
BOOMKrcykzvF,89,,incorrect,
BOOMKrcykzvF,90,,incorrect,
tmTN8RB25aRn,61,,correct,
tmTN8RB25aRn,62,,correct,
tmTN8RB25aRn,63,,correct,
tmTN8RB25aRn,64,,correct,
tmTN8RB25aRn,65,,correct,
tmTN8RB25aRn,66,,correct,
tmTN8RB25aRn,67,,incorrect,
tmTN8RB25aRn,68,,correct,
tmTN8RB25aRn,69,,correct,
tmTN8RB25aRn,70,,correct,
tmTN8RB25aRn,71,,correct,
tmTN8RB25aRn,72,,correct,
tmTN8RB25aRn,73,,correct,
tmTN8RB25aRn,74,,correct,
tmTN8RB25aRn,75,,correct,
tmTN8RB25aRn,76,,correct,
tmTN8RB25aRn,77,,correct,
tmTN8RB25aRn,78,,incorrect,
tmTN8RB25aRn,79,,correct,
tmTN8RB25aRn,80,,correct,
tmTN8RB25aRn,81,,correct,
tmTN8RB25aRn,82,,correct,
tmTN8RB25aRn,83,,correct,
tmTN8RB25aRn,84,,correct,
tmTN8RB25aRn,85,,correct,
tmTN8RB25aRn,86,,correct,
tmTN8RB25aRn,87,,correct,
tmTN8RB25aRn,88,,correct,
tmTN8RB25aRn,89,,correct,
tmTN8RB25aRn,90,,incorrect,
kfwxRJXSzs3o,61,,correct,
kfwxRJXSzs3o,62,,correct,
kfwxRJXSzs3o,63,,correct,
kfwxRJXSzs3o,64,,correct,
kfwxRJXSzs3o,65,,correct,
kfwxRJXSzs3o,66,,correct,
kfwxRJXSzs3o,67,,correct,
kfwxRJXSzs3o,68,,correct,
kfwxRJXSzs3o,69,,correct,
kfwxRJXSzs3o,70,,correct,
kfwxRJXSzs3o,71,,correct,
kfwxRJXSzs3o,72,,incorrect,
kfwxRJXSzs3o,73,,correct,
kfwxRJXSzs3o,74,,correct,
kfwxRJXSzs3o,75,,correct,
kfwxRJXSzs3o,76,,incorrect,
kfwxRJXSzs3o,77,,correct,
kfwxRJXSzs3o,78,,correct,
kfwxRJXSzs3o,79,,incorrect,
kfwxRJXSzs3o,80,,correct,
kfwxRJXSzs3o,81,,correct,
kfwxRJXSzs3o,82,,incorrect,
kfwxRJXSzs3o,83,,correct,
kfwxRJXSzs3o,84,,correct,
kfwxRJXSzs3o,85,,incorrect,
kfwxRJXSzs3o,86,,correct,
kfwxRJXSzs3o,87,,correct,
kfwxRJXSzs3o,88,,correct,
kfwxRJXSzs3o,89,,correct,
kfwxRJXSzs3o,90,,incorrect,
BJE8NOUNFGYz,61,,correct,
BJE8NOUNFGYz,62,,correct,
BJE8NOUNFGYz,63,,correct,
BJE8NOUNFGYz,64,,correct,
BJE8NOUNFGYz,65,,correct,
BJE8NOUNFGYz,66,,correct,
BJE8NOUNFGYz,67,,incorrect,
BJE8NOUNFGYz,68,,correct,
BJE8NOUNFGYz,69,,correct,
BJE8NOUNFGYz,70,,correct,
BJE8NOUNFGYz,71,,incorrect,
BJE8NOUNFGYz,72,,correct,
BJE8NOUNFGYz,73,,correct,
BJE8NOUNFGYz,74,,correct,
BJE8NOUNFGYz,75,,incorrect,
BJE8NOUNFGYz,76,,correct,
BJE8NOUNFGYz,77,,correct,
BJE8NOUNFGYz,78,,incorrect,
BJE8NOUNFGYz,79,,correct,
BJE8NOUNFGYz,80,,correct,
BJE8NOUNFGYz,81,,incorrect,
BJE8NOUNFGYz,82,,incorrect,
BJE8NOUNFGYz,83,,correct,
BJE8NOUNFGYz,84,,correct,
BJE8NOUNFGYz,85,,incorrect,
BJE8NOUNFGYz,86,,correct,
BJE8NOUNFGYz,87,,correct,
BJE8NOUNFGYz,88,,correct,
BJE8NOUNFGYz,89,,correct,
BJE8NOUNFGYz,90,,incorrect,
GiEhMndZmOa5,61,,correct,
GiEhMndZmOa5,62,,correct,
GiEhMndZmOa5,63,,correct,
GiEhMndZmOa5,64,,correct,
GiEhMndZmOa5,65,,correct,
GiEhMndZmOa5,66,,correct,
GiEhMndZmOa5,67,,correct,
GiEhMndZmOa5,68,,correct,
GiEhMndZmOa5,69,,correct,
GiEhMndZmOa5,70,,correct,
GiEhMndZmOa5,71,,correct,
GiEhMndZmOa5,72,,incorrect,
GiEhMndZmOa5,73,,correct,
GiEhMndZmOa5,74,,correct,
GiEhMndZmOa5,75,,correct,
GiEhMndZmOa5,76,,correct,
GiEhMndZmOa5,77,,correct,
GiEhMndZmOa5,78,,incorrect,
GiEhMndZmOa5,79,,correct,
GiEhMndZmOa5,80,,correct,
GiEhMndZmOa5,81,,correct,
GiEhMndZmOa5,82,,correct,
GiEhMndZmOa5,83,,correct,
GiEhMndZmOa5,84,,correct,
GiEhMndZmOa5,85,,correct,
GiEhMndZmOa5,86,,correct,
GiEhMndZmOa5,87,,correct,
GiEhMndZmOa5,88,,correct,
GiEhMndZmOa5,89,,correct,
GiEhMndZmOa5,90,,incorrect,
dF0r7wVjsLSV,91,,correct,
dF0r7wVjsLSV,92,,correct,
dF0r7wVjsLSV,93,,correct,
dF0r7wVjsLSV,94,,correct,
dF0r7wVjsLSV,95,,correct,
dF0r7wVjsLSV,96,,correct,
dF0r7wVjsLSV,97,,correct,
dF0r7wVjsLSV,98,,correct,
dF0r7wVjsLSV,99,,correct,
dF0r7wVjsLSV,100,,correct,
dF0r7wVjsLSV,101,,correct,
dF0r7wVjsLSV,102,,incorrect,
dF0r7wVjsLSV,103,,incorrect,
dF0r7wVjsLSV,104,,correct,
dF0r7wVjsLSV,105,,correct,
dF0r7wVjsLSV,106,,incorrect,
dF0r7wVjsLSV,107,,incorrect,
dF0r7wVjsLSV,108,,incorrect,
dF0r7wVjsLSV,109,,incorrect,
dF0r7wVjsLSV,110,,correct,
dF0r7wVjsLSV,111,,incorrect,
dF0r7wVjsLSV,112,,correct,
dF0r7wVjsLSV,113,,correct,
dF0r7wVjsLSV,114,,correct,
dF0r7wVjsLSV,115,,correct,
dF0r7wVjsLSV,116,,correct,
dF0r7wVjsLSV,117,,correct,
dF0r7wVjsLSV,118,,incorrect,
dF0r7wVjsLSV,119,,correct,
dF0r7wVjsLSV,120,,correct,
W0EkQhrkI3an,91,,correct,
W0EkQhrkI3an,92,,correct,
W0EkQhrkI3an,93,,correct,
W0EkQhrkI3an,94,,correct,
W0EkQhrkI3an,95,,correct,
W0EkQhrkI3an,96,,correct,
W0EkQhrkI3an,97,,correct,
W0EkQhrkI3an,98,,correct,
W0EkQhrkI3an,99,,correct,
W0EkQhrkI3an,100,,correct,
W0EkQhrkI3an,101,,correct,
W0EkQhrkI3an,102,,correct,
W0EkQhrkI3an,103,,incorrect,
W0EkQhrkI3an,104,,correct,
W0EkQhrkI3an,105,,correct,
W0EkQhrkI3an,106,,correct,
W0EkQhrkI3an,107,,correct,
W0EkQhrkI3an,108,,incorrect,
W0EkQhrkI3an,109,,incorrect,
W0EkQhrkI3an,110,,correct,
W0EkQhrkI3an,111,,incorrect,
W0EkQhrkI3an,112,,correct,
W0EkQhrkI3an,113,,correct,
W0EkQhrkI3an,114,,correct,
W0EkQhrkI3an,115,,correct,
W0EkQhrkI3an,116,,correct,
W0EkQhrkI3an,117,,correct,
W0EkQhrkI3an,118,,incorrect,
W0EkQhrkI3an,119,,correct,
W0EkQhrkI3an,120,,correct,
d5279GvwAinX,91,,correct,
d5279GvwAinX,92,,correct,
d5279GvwAinX,93,,correct,
d5279GvwAinX,94,,correct,
d5279GvwAinX,95,,correct,
d5279GvwAinX,96,,incorrect,
d5279GvwAinX,97,,correct,
d5279GvwAinX,98,,correct,
d5279GvwAinX,99,,correct,
d5279GvwAinX,100,,incorrect,
d5279GvwAinX,101,,correct,
d5279GvwAinX,102,,incorrect,
d5279GvwAinX,103,,incorrect,
d5279GvwAinX,104,,correct,
d5279GvwAinX,105,,correct,
d5279GvwAinX,106,,incorrect,
d5279GvwAinX,107,,correct,
d5279GvwAinX,108,,correct,
d5279GvwAinX,109,,correct,
d5279GvwAinX,110,,correct,
d5279GvwAinX,111,,correct,
d5279GvwAinX,112,,incorrect,
d5279GvwAinX,113,,correct,
d5279GvwAinX,114,,incorrect,
d5279GvwAinX,115,,correct,
d5279GvwAinX,116,,correct,
d5279GvwAinX,117,,correct,
d5279GvwAinX,118,,incorrect,
d5279GvwAinX,119,,incorrect,
d5279GvwAinX,120,,correct,
AQklHbi5bt8l,91,,correct,
AQklHbi5bt8l,92,,correct,
AQklHbi5bt8l,93,,correct,
AQklHbi5bt8l,94,,correct,
AQklHbi5bt8l,95,,correct,
AQklHbi5bt8l,96,,correct,
AQklHbi5bt8l,97,,correct,
AQklHbi5bt8l,98,,correct,
AQklHbi5bt8l,99,,correct,
AQklHbi5bt8l,100,,correct,
AQklHbi5bt8l,101,,correct,
AQklHbi5bt8l,102,,correct,
AQklHbi5bt8l,103,,incorrect,
AQklHbi5bt8l,104,,correct,
AQklHbi5bt8l,105,,incorrect,
AQklHbi5bt8l,106,,correct,
AQklHbi5bt8l,107,,correct,
AQklHbi5bt8l,108,,correct,
AQklHbi5bt8l,109,,incorrect,
AQklHbi5bt8l,110,,correct,
AQklHbi5bt8l,111,,incorrect,
AQklHbi5bt8l,112,,correct,
AQklHbi5bt8l,113,,correct,
AQklHbi5bt8l,114,,correct,
AQklHbi5bt8l,115,,incorrect,
AQklHbi5bt8l,116,,incorrect,
AQklHbi5bt8l,117,,correct,
AQklHbi5bt8l,118,,incorrect,
AQklHbi5bt8l,119,,incorrect,
AQklHbi5bt8l,120,,correct,
B0dezLVzpGHZ,91,,correct,
B0dezLVzpGHZ,92,,correct,
B0dezLVzpGHZ,93,,correct,
B0dezLVzpGHZ,94,,correct,
B0dezLVzpGHZ,95,,correct,
B0dezLVzpGHZ,96,,correct,
B0dezLVzpGHZ,97,,correct,
B0dezLVzpGHZ,98,,correct,
B0dezLVzpGHZ,99,,correct,
B0dezLVzpGHZ,100,,correct,
B0dezLVzpGHZ,101,,correct,
B0dezLVzpGHZ,102,,correct,
B0dezLVzpGHZ,103,,correct,
B0dezLVzpGHZ,104,,correct,
B0dezLVzpGHZ,105,,correct,
B0dezLVzpGHZ,106,,correct,
B0dezLVzpGHZ,107,,correct,
B0dezLVzpGHZ,108,,correct,
B0dezLVzpGHZ,109,,incorrect,
B0dezLVzpGHZ,110,,correct,
B0dezLVzpGHZ,111,,incorrect,
B0dezLVzpGHZ,112,,correct,
B0dezLVzpGHZ,113,,correct,
B0dezLVzpGHZ,114,,incorrect,
B0dezLVzpGHZ,115,,correct,
B0dezLVzpGHZ,116,,correct,
B0dezLVzpGHZ,117,,correct,
B0dezLVzpGHZ,118,,correct,
B0dezLVzpGHZ,119,,incorrect,
B0dezLVzpGHZ,120,,correct,
jkDHRLkdOO06,91,,correct,
jkDHRLkdOO06,92,,correct,
jkDHRLkdOO06,93,,correct,
jkDHRLkdOO06,94,,correct,
jkDHRLkdOO06,95,,correct,
jkDHRLkdOO06,96,,correct,
jkDHRLkdOO06,97,,correct,
jkDHRLkdOO06,98,,correct,
jkDHRLkdOO06,99,,correct,
jkDHRLkdOO06,100,,correct,
jkDHRLkdOO06,101,,correct,
jkDHRLkdOO06,102,,correct,
jkDHRLkdOO06,103,,incorrect,
jkDHRLkdOO06,104,,correct,
jkDHRLkdOO06,105,,correct,
jkDHRLkdOO06,106,,correct,
jkDHRLkdOO06,107,,correct,
jkDHRLkdOO06,108,,correct,
jkDHRLkdOO06,109,,correct,
jkDHRLkdOO06,110,,correct,
jkDHRLkdOO06,111,,correct,
jkDHRLkdOO06,112,,correct,
jkDHRLkdOO06,113,,correct,
jkDHRLkdOO06,114,,correct,
jkDHRLkdOO06,115,,correct,
jkDHRLkdOO06,116,,correct,
jkDHRLkdOO06,117,,correct,
jkDHRLkdOO06,118,,incorrect,
jkDHRLkdOO06,119,,correct,
jkDHRLkdOO06,120,,correct,
P76XnTmOjZzU,91,,correct,
P76XnTmOjZzU,92,,correct,
P76XnTmOjZzU,93,,correct,
P76XnTmOjZzU,94,,correct,
P76XnTmOjZzU,95,,correct,
P76XnTmOjZzU,96,,correct,
P76XnTmOjZzU,97,,correct,
P76XnTmOjZzU,98,,correct,
P76XnTmOjZzU,99,,correct,
P76XnTmOjZzU,100,,correct,
P76XnTmOjZzU,101,,correct,
P76XnTmOjZzU,102,,correct,
P76XnTmOjZzU,103,,incorrect,
P76XnTmOjZzU,104,,correct,
P76XnTmOjZzU,105,,correct,
P76XnTmOjZzU,106,,correct,
P76XnTmOjZzU,107,,correct,
P76XnTmOjZzU,108,,correct,
P76XnTmOjZzU,109,,correct,
P76XnTmOjZzU,110,,correct,
P76XnTmOjZzU,111,,correct,
P76XnTmOjZzU,112,,correct,
P76XnTmOjZzU,113,,correct,
P76XnTmOjZzU,114,,correct,
P76XnTmOjZzU,115,,correct,
P76XnTmOjZzU,116,,correct,
P76XnTmOjZzU,117,,correct,
P76XnTmOjZzU,118,,incorrect,
P76XnTmOjZzU,119,,correct,
P76XnTmOjZzU,120,,incorrect,
cCanr1FJP4WP,91,,correct,
cCanr1FJP4WP,92,,correct,
cCanr1FJP4WP,93,,correct,
cCanr1FJP4WP,94,,correct,
cCanr1FJP4WP,95,,correct,
cCanr1FJP4WP,96,,correct,
cCanr1FJP4WP,97,,correct,
cCanr1FJP4WP,98,,correct,
cCanr1FJP4WP,99,,correct,
cCanr1FJP4WP,100,,correct,
cCanr1FJP4WP,101,,correct,
cCanr1FJP4WP,102,,correct,
cCanr1FJP4WP,103,,incorrect,
cCanr1FJP4WP,104,,correct,
cCanr1FJP4WP,105,,correct,
cCanr1FJP4WP,106,,correct,
cCanr1FJP4WP,107,,correct,
cCanr1FJP4WP,108,,correct,
cCanr1FJP4WP,109,,correct,
cCanr1FJP4WP,110,,correct,
cCanr1FJP4WP,111,,correct,
cCanr1FJP4WP,112,,correct,
cCanr1FJP4WP,113,,correct,
cCanr1FJP4WP,114,,correct,
cCanr1FJP4WP,115,,correct,
cCanr1FJP4WP,116,,correct,
cCanr1FJP4WP,117,,correct,
cCanr1FJP4WP,118,,incorrect,
cCanr1FJP4WP,119,,correct,
cCanr1FJP4WP,120,,correct,
k4QQVURTfMls,91,,correct,
k4QQVURTfMls,92,,correct,
k4QQVURTfMls,93,,correct,
k4QQVURTfMls,94,,correct,
k4QQVURTfMls,95,,correct,
k4QQVURTfMls,96,,incorrect,
k4QQVURTfMls,97,,correct,
k4QQVURTfMls,98,,incorrect,
k4QQVURTfMls,99,,correct,
k4QQVURTfMls,100,,correct,
k4QQVURTfMls,101,,correct,
k4QQVURTfMls,102,,correct,
k4QQVURTfMls,103,,incorrect,
k4QQVURTfMls,104,,correct,
k4QQVURTfMls,105,,incorrect,
k4QQVURTfMls,106,,correct,
k4QQVURTfMls,107,,correct,
k4QQVURTfMls,108,,incorrect,
k4QQVURTfMls,109,,incorrect,
k4QQVURTfMls,110,,incorrect,
k4QQVURTfMls,111,,correct,
k4QQVURTfMls,112,,incorrect,
k4QQVURTfMls,113,,correct,
k4QQVURTfMls,114,,correct,
k4QQVURTfMls,115,,correct,
k4QQVURTfMls,116,,incorrect,
k4QQVURTfMls,117,,correct,
k4QQVURTfMls,118,,incorrect,
k4QQVURTfMls,119,,incorrect,
k4QQVURTfMls,120,,correct,
m7l9wOWJlnvS,91,,correct,
m7l9wOWJlnvS,92,,correct,
m7l9wOWJlnvS,93,,correct,
m7l9wOWJlnvS,94,,correct,
m7l9wOWJlnvS,95,,correct,
m7l9wOWJlnvS,96,,correct,
m7l9wOWJlnvS,97,,correct,
m7l9wOWJlnvS,98,,correct,
m7l9wOWJlnvS,99,,correct,
m7l9wOWJlnvS,100,,correct,
m7l9wOWJlnvS,101,,correct,
m7l9wOWJlnvS,102,,correct,
m7l9wOWJlnvS,103,,incorrect,
m7l9wOWJlnvS,104,,correct,
m7l9wOWJlnvS,105,,correct,
m7l9wOWJlnvS,106,,correct,
m7l9wOWJlnvS,107,,correct,
m7l9wOWJlnvS,108,,correct,
m7l9wOWJlnvS,109,,incorrect,
m7l9wOWJlnvS,110,,correct,
m7l9wOWJlnvS,111,,correct,
m7l9wOWJlnvS,112,,correct,
m7l9wOWJlnvS,113,,correct,
m7l9wOWJlnvS,114,,correct,
m7l9wOWJlnvS,115,,correct,
m7l9wOWJlnvS,116,,correct,
m7l9wOWJlnvS,117,,correct,
m7l9wOWJlnvS,118,,incorrect,
m7l9wOWJlnvS,119,,correct,
m7l9wOWJlnvS,120,,correct,
kfwxRJXSzs3o,91,,correct,
kfwxRJXSzs3o,92,,correct,
kfwxRJXSzs3o,93,,correct,
kfwxRJXSzs3o,94,,correct,
kfwxRJXSzs3o,95,,correct,
kfwxRJXSzs3o,96,,correct,
kfwxRJXSzs3o,97,,incorrect,
kfwxRJXSzs3o,98,,correct,
kfwxRJXSzs3o,99,,correct,
kfwxRJXSzs3o,100,,incorrect,
kfwxRJXSzs3o,101,,correct,
kfwxRJXSzs3o,102,,correct,
kfwxRJXSzs3o,103,,incorrect,
kfwxRJXSzs3o,104,,incorrect,
kfwxRJXSzs3o,105,,incorrect,
kfwxRJXSzs3o,106,,correct,
kfwxRJXSzs3o,107,,incorrect,
kfwxRJXSzs3o,108,,incorrect,
kfwxRJXSzs3o,109,,incorrect,
kfwxRJXSzs3o,110,,incorrect,
kfwxRJXSzs3o,111,,incorrect,
kfwxRJXSzs3o,112,,correct,
kfwxRJXSzs3o,113,,incorrect,
kfwxRJXSzs3o,114,,correct,
kfwxRJXSzs3o,115,,correct,
kfwxRJXSzs3o,116,,correct,
kfwxRJXSzs3o,117,,correct,
kfwxRJXSzs3o,118,,incorrect,
kfwxRJXSzs3o,119,,correct,
kfwxRJXSzs3o,120,,correct,
0Hpj01paAdfZ,91,,correct,
0Hpj01paAdfZ,92,,correct,
0Hpj01paAdfZ,93,,correct,
0Hpj01paAdfZ,94,,correct,
0Hpj01paAdfZ,95,,correct,
0Hpj01paAdfZ,96,,correct,
0Hpj01paAdfZ,97,,correct,
0Hpj01paAdfZ,98,,correct,
0Hpj01paAdfZ,99,,correct,
0Hpj01paAdfZ,100,,correct,
0Hpj01paAdfZ,101,,correct,
0Hpj01paAdfZ,102,,incorrect,
0Hpj01paAdfZ,103,,incorrect,
0Hpj01paAdfZ,104,,correct,
0Hpj01paAdfZ,105,,correct,
0Hpj01paAdfZ,106,,correct,
0Hpj01paAdfZ,107,,incorrect,
0Hpj01paAdfZ,108,,incorrect,
0Hpj01paAdfZ,109,,incorrect,
0Hpj01paAdfZ,110,,correct,
0Hpj01paAdfZ,111,,incorrect,
0Hpj01paAdfZ,112,,incorrect,
0Hpj01paAdfZ,113,,correct,
0Hpj01paAdfZ,114,,correct,
0Hpj01paAdfZ,115,,correct,
0Hpj01paAdfZ,116,,correct,
0Hpj01paAdfZ,117,,correct,
0Hpj01paAdfZ,118,,incorrect,
0Hpj01paAdfZ,119,,incorrect,
0Hpj01paAdfZ,120,,correct,
CprL2LITeTET,91,,correct,
CprL2LITeTET,92,,correct,
CprL2LITeTET,93,,correct,
CprL2LITeTET,94,,correct,
CprL2LITeTET,95,,correct,
CprL2LITeTET,96,,correct,
CprL2LITeTET,97,,correct,
CprL2LITeTET,98,,correct,
CprL2LITeTET,99,,correct,
CprL2LITeTET,100,,correct,
CprL2LITeTET,101,,correct,
CprL2LITeTET,102,,correct,
CprL2LITeTET,103,,correct,
CprL2LITeTET,104,,correct,
CprL2LITeTET,105,,correct,
CprL2LITeTET,106,,correct,
CprL2LITeTET,107,,incorrect,
CprL2LITeTET,108,,correct,
CprL2LITeTET,109,,correct,
CprL2LITeTET,110,,correct,
CprL2LITeTET,111,,correct,
CprL2LITeTET,112,,correct,
CprL2LITeTET,113,,correct,
CprL2LITeTET,114,,correct,
CprL2LITeTET,115,,correct,
CprL2LITeTET,116,,correct,
CprL2LITeTET,117,,correct,
CprL2LITeTET,118,,incorrect,
CprL2LITeTET,119,,correct,
CprL2LITeTET,120,,correct,
BhvtwuIg7wvF,91,,correct,
BhvtwuIg7wvF,92,,correct,
BhvtwuIg7wvF,93,,correct,
BhvtwuIg7wvF,94,,correct,
BhvtwuIg7wvF,95,,correct,
BhvtwuIg7wvF,96,,correct,
BhvtwuIg7wvF,97,,correct,
BhvtwuIg7wvF,98,,correct,
BhvtwuIg7wvF,99,,correct,
BhvtwuIg7wvF,100,,correct,
BhvtwuIg7wvF,101,,correct,
BhvtwuIg7wvF,102,,correct,
BhvtwuIg7wvF,103,,correct,
BhvtwuIg7wvF,104,,correct,
BhvtwuIg7wvF,105,,correct,
BhvtwuIg7wvF,106,,correct,
BhvtwuIg7wvF,107,,correct,
BhvtwuIg7wvF,108,,incorrect,
BhvtwuIg7wvF,109,,incorrect,
BhvtwuIg7wvF,110,,correct,
BhvtwuIg7wvF,111,,correct,
BhvtwuIg7wvF,112,,correct,
BhvtwuIg7wvF,113,,incorrect,
BhvtwuIg7wvF,114,,incorrect,
BhvtwuIg7wvF,115,,correct,
BhvtwuIg7wvF,116,,correct,
BhvtwuIg7wvF,117,,correct,
BhvtwuIg7wvF,118,,correct,
BhvtwuIg7wvF,119,,incorrect,
BhvtwuIg7wvF,120,,correct,
e35NZ2cItyz9,91,,correct,
e35NZ2cItyz9,92,,correct,
e35NZ2cItyz9,93,,correct,
e35NZ2cItyz9,94,,correct,
e35NZ2cItyz9,95,,correct,
e35NZ2cItyz9,96,,correct,
e35NZ2cItyz9,97,,correct,
e35NZ2cItyz9,98,,correct,
e35NZ2cItyz9,99,,correct,
e35NZ2cItyz9,100,,correct,
e35NZ2cItyz9,101,,correct,
e35NZ2cItyz9,102,,correct,
e35NZ2cItyz9,103,,incorrect,
e35NZ2cItyz9,104,,correct,
e35NZ2cItyz9,105,,correct,
e35NZ2cItyz9,106,,correct,
e35NZ2cItyz9,107,,incorrect,
e35NZ2cItyz9,108,,correct,
e35NZ2cItyz9,109,,incorrect,
e35NZ2cItyz9,110,,correct,
e35NZ2cItyz9,111,,incorrect,
e35NZ2cItyz9,112,,incorrect,
e35NZ2cItyz9,113,,correct,
e35NZ2cItyz9,114,,incorrect,
e35NZ2cItyz9,115,,correct,
e35NZ2cItyz9,116,,correct,
e35NZ2cItyz9,117,,correct,
e35NZ2cItyz9,118,,incorrect,
e35NZ2cItyz9,119,,incorrect,
e35NZ2cItyz9,120,,correct,
Za018kn2raFk,91,,correct,
Za018kn2raFk,92,,correct,
Za018kn2raFk,93,,correct,
Za018kn2raFk,94,,correct,
Za018kn2raFk,95,,correct,
Za018kn2raFk,96,,correct,
Za018kn2raFk,97,,correct,
Za018kn2raFk,98,,correct,
Za018kn2raFk,99,,correct,
Za018kn2raFk,100,,correct,
Za018kn2raFk,101,,correct,
Za018kn2raFk,102,,correct,
Za018kn2raFk,103,,correct,
Za018kn2raFk,104,,correct,
Za018kn2raFk,105,,correct,
Za018kn2raFk,106,,correct,
Za018kn2raFk,107,,incorrect,
Za018kn2raFk,108,,incorrect,
Za018kn2raFk,109,,correct,
Za018kn2raFk,110,,correct,
Za018kn2raFk,111,,correct,
Za018kn2raFk,112,,correct,
Za018kn2raFk,113,,correct,
Za018kn2raFk,114,,correct,
Za018kn2raFk,115,,correct,
Za018kn2raFk,116,,correct,
Za018kn2raFk,117,,correct,
Za018kn2raFk,118,,incorrect,
Za018kn2raFk,119,,incorrect,
Za018kn2raFk,120,,correct,
I93EMGZEU4vI,91,,correct,
I93EMGZEU4vI,92,,correct,
I93EMGZEU4vI,93,,correct,
I93EMGZEU4vI,94,,correct,
I93EMGZEU4vI,95,,correct,
I93EMGZEU4vI,96,,correct,
I93EMGZEU4vI,97,,correct,
I93EMGZEU4vI,98,,correct,
I93EMGZEU4vI,99,,correct,
I93EMGZEU4vI,100,,correct,
I93EMGZEU4vI,101,,correct,
I93EMGZEU4vI,102,,correct,
I93EMGZEU4vI,103,,incorrect,
I93EMGZEU4vI,104,,correct,
I93EMGZEU4vI,105,,correct,
I93EMGZEU4vI,106,,correct,
I93EMGZEU4vI,107,,incorrect,
I93EMGZEU4vI,108,,correct,
I93EMGZEU4vI,109,,incorrect,
I93EMGZEU4vI,110,,correct,
I93EMGZEU4vI,111,,incorrect,
I93EMGZEU4vI,112,,incorrect,
I93EMGZEU4vI,113,,correct,
I93EMGZEU4vI,114,,incorrect,
I93EMGZEU4vI,115,,correct,
I93EMGZEU4vI,116,,correct,
I93EMGZEU4vI,117,,correct,
I93EMGZEU4vI,118,,incorrect,
I93EMGZEU4vI,119,,incorrect,
I93EMGZEU4vI,120,,correct,
xOKhxIy4WoKi,91,,correct,
xOKhxIy4WoKi,92,,correct,
xOKhxIy4WoKi,93,,correct,
xOKhxIy4WoKi,94,,correct,
xOKhxIy4WoKi,95,,correct,
xOKhxIy4WoKi,96,,correct,
xOKhxIy4WoKi,97,,correct,
xOKhxIy4WoKi,98,,correct,
xOKhxIy4WoKi,99,,correct,
xOKhxIy4WoKi,100,,correct,
xOKhxIy4WoKi,101,,correct,
xOKhxIy4WoKi,102,,correct,
xOKhxIy4WoKi,103,,incorrect,
xOKhxIy4WoKi,104,,correct,
xOKhxIy4WoKi,105,,correct,
xOKhxIy4WoKi,106,,correct,
xOKhxIy4WoKi,107,,incorrect,
xOKhxIy4WoKi,108,,correct,
xOKhxIy4WoKi,109,,incorrect,
xOKhxIy4WoKi,110,,correct,
xOKhxIy4WoKi,111,,incorrect,
xOKhxIy4WoKi,112,,correct,
xOKhxIy4WoKi,113,,correct,
xOKhxIy4WoKi,114,,correct,
xOKhxIy4WoKi,115,,correct,
xOKhxIy4WoKi,116,,correct,
xOKhxIy4WoKi,117,,correct,
xOKhxIy4WoKi,118,,incorrect,
xOKhxIy4WoKi,119,,correct,
xOKhxIy4WoKi,120,,correct,
xPRdKA5UBNGM,91,,correct,
xPRdKA5UBNGM,92,,correct,
xPRdKA5UBNGM,93,,correct,
xPRdKA5UBNGM,94,,correct,
xPRdKA5UBNGM,95,,correct,
xPRdKA5UBNGM,96,,correct,
xPRdKA5UBNGM,97,,correct,
xPRdKA5UBNGM,98,,correct,
xPRdKA5UBNGM,99,,correct,
xPRdKA5UBNGM,100,,correct,
xPRdKA5UBNGM,101,,correct,
xPRdKA5UBNGM,102,,correct,
xPRdKA5UBNGM,103,,incorrect,
xPRdKA5UBNGM,104,,correct,
xPRdKA5UBNGM,105,,correct,
xPRdKA5UBNGM,106,,correct,
xPRdKA5UBNGM,107,,incorrect,
xPRdKA5UBNGM,108,,correct,
xPRdKA5UBNGM,109,,incorrect,
xPRdKA5UBNGM,110,,correct,
xPRdKA5UBNGM,111,,incorrect,
xPRdKA5UBNGM,112,,incorrect,
xPRdKA5UBNGM,113,,correct,
xPRdKA5UBNGM,114,,incorrect,
xPRdKA5UBNGM,115,,correct,
xPRdKA5UBNGM,116,,correct,
xPRdKA5UBNGM,117,,correct,
xPRdKA5UBNGM,118,,incorrect,
xPRdKA5UBNGM,119,,incorrect,
xPRdKA5UBNGM,120,,correct,
QJccKPT4nu7V,91,,incorrect,
QJccKPT4nu7V,92,,correct,
QJccKPT4nu7V,93,,correct,
QJccKPT4nu7V,94,,correct,
QJccKPT4nu7V,95,,correct,
QJccKPT4nu7V,96,,correct,
QJccKPT4nu7V,97,,correct,
QJccKPT4nu7V,98,,correct,
QJccKPT4nu7V,99,,correct,
QJccKPT4nu7V,100,,correct,
QJccKPT4nu7V,101,,correct,
QJccKPT4nu7V,102,,correct,
QJccKPT4nu7V,103,,incorrect,
QJccKPT4nu7V,104,,correct,
QJccKPT4nu7V,105,,correct,
QJccKPT4nu7V,106,,correct,
QJccKPT4nu7V,107,,correct,
QJccKPT4nu7V,108,,incorrect,
QJccKPT4nu7V,109,,incorrect,
QJccKPT4nu7V,110,,correct,
QJccKPT4nu7V,111,,correct,
QJccKPT4nu7V,112,,correct,
QJccKPT4nu7V,113,,correct,
QJccKPT4nu7V,114,,correct,
QJccKPT4nu7V,115,,correct,
QJccKPT4nu7V,116,,correct,
QJccKPT4nu7V,117,,correct,
QJccKPT4nu7V,118,,correct,
QJccKPT4nu7V,119,,incorrect,
QJccKPT4nu7V,120,,correct,
Mr0bz3y2IHmW,91,,correct,
Mr0bz3y2IHmW,92,,correct,
Mr0bz3y2IHmW,93,,correct,
Mr0bz3y2IHmW,94,,correct,
Mr0bz3y2IHmW,95,,correct,
Mr0bz3y2IHmW,96,,incorrect,
Mr0bz3y2IHmW,97,,correct,
Mr0bz3y2IHmW,98,,correct,
Mr0bz3y2IHmW,99,,correct,
Mr0bz3y2IHmW,100,,correct,
Mr0bz3y2IHmW,101,,correct,
Mr0bz3y2IHmW,102,,correct,
Mr0bz3y2IHmW,103,,incorrect,
Mr0bz3y2IHmW,104,,correct,
Mr0bz3y2IHmW,105,,correct,
Mr0bz3y2IHmW,106,,correct,
Mr0bz3y2IHmW,107,,correct,
Mr0bz3y2IHmW,108,,correct,
Mr0bz3y2IHmW,109,,incorrect,
Mr0bz3y2IHmW,110,,correct,
Mr0bz3y2IHmW,111,,incorrect,
Mr0bz3y2IHmW,112,,incorrect,
Mr0bz3y2IHmW,113,,correct,
Mr0bz3y2IHmW,114,,correct,
Mr0bz3y2IHmW,115,,correct,
Mr0bz3y2IHmW,116,,incorrect,
Mr0bz3y2IHmW,117,,correct,
Mr0bz3y2IHmW,118,,correct,
Mr0bz3y2IHmW,119,,incorrect,
Mr0bz3y2IHmW,120,,correct,
HDHPHpQGlRLt,91,,incorrect,
HDHPHpQGlRLt,92,,correct,
HDHPHpQGlRLt,93,,correct,
HDHPHpQGlRLt,94,,correct,
HDHPHpQGlRLt,95,,correct,
HDHPHpQGlRLt,96,,correct,
HDHPHpQGlRLt,97,,correct,
HDHPHpQGlRLt,98,,correct,
HDHPHpQGlRLt,99,,correct,
HDHPHpQGlRLt,100,,correct,
HDHPHpQGlRLt,101,,correct,
HDHPHpQGlRLt,102,,correct,
HDHPHpQGlRLt,103,,incorrect,
HDHPHpQGlRLt,104,,correct,
HDHPHpQGlRLt,105,,correct,
HDHPHpQGlRLt,106,,correct,
HDHPHpQGlRLt,107,,correct,
HDHPHpQGlRLt,108,,correct,
HDHPHpQGlRLt,109,,incorrect,
HDHPHpQGlRLt,110,,correct,
HDHPHpQGlRLt,111,,correct,
HDHPHpQGlRLt,112,,correct,
HDHPHpQGlRLt,113,,correct,
HDHPHpQGlRLt,114,,correct,
HDHPHpQGlRLt,115,,correct,
HDHPHpQGlRLt,116,,correct,
HDHPHpQGlRLt,117,,correct,
HDHPHpQGlRLt,118,,correct,
HDHPHpQGlRLt,119,,incorrect,
HDHPHpQGlRLt,120,,correct,
nojDz9QSjRLy,91,,correct,
nojDz9QSjRLy,92,,correct,
nojDz9QSjRLy,93,,correct,
nojDz9QSjRLy,94,,correct,
nojDz9QSjRLy,95,,correct,
nojDz9QSjRLy,96,,correct,
nojDz9QSjRLy,97,,correct,
nojDz9QSjRLy,98,,correct,
nojDz9QSjRLy,99,,correct,
nojDz9QSjRLy,100,,correct,
nojDz9QSjRLy,101,,correct,
nojDz9QSjRLy,102,,correct,
nojDz9QSjRLy,103,,incorrect,
nojDz9QSjRLy,104,,correct,
nojDz9QSjRLy,105,,correct,
nojDz9QSjRLy,106,,correct,
nojDz9QSjRLy,107,,correct,
nojDz9QSjRLy,108,,correct,
nojDz9QSjRLy,109,,incorrect,
nojDz9QSjRLy,110,,correct,
nojDz9QSjRLy,111,,correct,
nojDz9QSjRLy,112,,incorrect,
nojDz9QSjRLy,113,,incorrect,
nojDz9QSjRLy,114,,correct,
nojDz9QSjRLy,115,,correct,
nojDz9QSjRLy,116,,correct,
nojDz9QSjRLy,117,,correct,
nojDz9QSjRLy,118,,incorrect,
nojDz9QSjRLy,119,,correct,
nojDz9QSjRLy,120,,correct,
7VLP2mvnxjRS,91,,incorrect,
7VLP2mvnxjRS,92,,correct,
7VLP2mvnxjRS,93,,correct,
7VLP2mvnxjRS,94,,correct,
7VLP2mvnxjRS,95,,correct,
7VLP2mvnxjRS,96,,correct,
7VLP2mvnxjRS,97,,correct,
7VLP2mvnxjRS,98,,correct,
7VLP2mvnxjRS,99,,correct,
7VLP2mvnxjRS,100,,correct,
7VLP2mvnxjRS,101,,correct,
7VLP2mvnxjRS,102,,correct,
7VLP2mvnxjRS,103,,correct,
7VLP2mvnxjRS,104,,correct,
7VLP2mvnxjRS,105,,incorrect,
7VLP2mvnxjRS,106,,correct,
7VLP2mvnxjRS,107,,incorrect,
7VLP2mvnxjRS,108,,correct,
7VLP2mvnxjRS,109,,incorrect,
7VLP2mvnxjRS,110,,correct,
7VLP2mvnxjRS,111,,incorrect,
7VLP2mvnxjRS,112,,incorrect,
7VLP2mvnxjRS,113,,correct,
7VLP2mvnxjRS,114,,correct,
7VLP2mvnxjRS,115,,correct,
7VLP2mvnxjRS,116,,correct,
7VLP2mvnxjRS,117,,correct,
7VLP2mvnxjRS,118,,incorrect,
7VLP2mvnxjRS,119,,correct,
7VLP2mvnxjRS,120,,correct,
WZiibWz2DWRQ,91,,correct,
WZiibWz2DWRQ,92,,correct,
WZiibWz2DWRQ,93,,correct,
WZiibWz2DWRQ,94,,correct,
WZiibWz2DWRQ,95,,correct,
WZiibWz2DWRQ,96,,correct,
WZiibWz2DWRQ,97,,correct,
WZiibWz2DWRQ,98,,correct,
WZiibWz2DWRQ,99,,correct,
WZiibWz2DWRQ,100,,correct,
WZiibWz2DWRQ,101,,correct,
WZiibWz2DWRQ,102,,correct,
WZiibWz2DWRQ,103,,incorrect,
WZiibWz2DWRQ,104,,correct,
WZiibWz2DWRQ,105,,correct,
WZiibWz2DWRQ,106,,correct,
WZiibWz2DWRQ,107,,correct,
WZiibWz2DWRQ,108,,incorrect,
WZiibWz2DWRQ,109,,incorrect,
WZiibWz2DWRQ,110,,correct,
WZiibWz2DWRQ,111,,incorrect,
WZiibWz2DWRQ,112,,correct,
WZiibWz2DWRQ,113,,correct,
WZiibWz2DWRQ,114,,incorrect,
WZiibWz2DWRQ,115,,correct,
WZiibWz2DWRQ,116,,correct,
WZiibWz2DWRQ,117,,correct,
WZiibWz2DWRQ,118,,incorrect,
WZiibWz2DWRQ,119,,incorrect,
WZiibWz2DWRQ,120,,correct,
6k8WibIW0Img,91,,correct,
6k8WibIW0Img,92,,correct,
6k8WibIW0Img,93,,correct,
6k8WibIW0Img,94,,correct,
6k8WibIW0Img,95,,correct,
6k8WibIW0Img,96,,correct,
6k8WibIW0Img,97,,correct,
6k8WibIW0Img,98,,correct,
6k8WibIW0Img,99,,correct,
6k8WibIW0Img,100,,correct,
6k8WibIW0Img,101,,correct,
6k8WibIW0Img,102,,correct,
6k8WibIW0Img,103,,incorrect,
6k8WibIW0Img,104,,correct,
6k8WibIW0Img,105,,correct,
6k8WibIW0Img,106,,correct,
6k8WibIW0Img,107,,correct,
6k8WibIW0Img,108,,incorrect,
6k8WibIW0Img,109,,incorrect,
6k8WibIW0Img,110,,correct,
6k8WibIW0Img,111,,incorrect,
6k8WibIW0Img,112,,correct,
6k8WibIW0Img,113,,correct,
6k8WibIW0Img,114,,incorrect,
6k8WibIW0Img,115,,correct,
6k8WibIW0Img,116,,correct,
6k8WibIW0Img,117,,correct,
6k8WibIW0Img,118,,incorrect,
6k8WibIW0Img,119,,incorrect,
6k8WibIW0Img,120,,correct,
C6BcTLw4mOKQ,91,,incorrect,
C6BcTLw4mOKQ,92,,correct,
C6BcTLw4mOKQ,93,,correct,
C6BcTLw4mOKQ,94,,correct,
C6BcTLw4mOKQ,95,,correct,
C6BcTLw4mOKQ,96,,correct,
C6BcTLw4mOKQ,97,,correct,
C6BcTLw4mOKQ,98,,correct,
C6BcTLw4mOKQ,99,,correct,
C6BcTLw4mOKQ,100,,correct,
C6BcTLw4mOKQ,101,,correct,
C6BcTLw4mOKQ,102,,correct,
C6BcTLw4mOKQ,103,,correct,
C6BcTLw4mOKQ,104,,correct,
C6BcTLw4mOKQ,105,,correct,
C6BcTLw4mOKQ,106,,correct,
C6BcTLw4mOKQ,107,,correct,
C6BcTLw4mOKQ,108,,correct,
C6BcTLw4mOKQ,109,,correct,
C6BcTLw4mOKQ,110,,incorrect,
C6BcTLw4mOKQ,111,,incorrect,
C6BcTLw4mOKQ,112,,incorrect,
C6BcTLw4mOKQ,113,,correct,
C6BcTLw4mOKQ,114,,incorrect,
C6BcTLw4mOKQ,115,,correct,
C6BcTLw4mOKQ,116,,correct,
C6BcTLw4mOKQ,117,,correct,
C6BcTLw4mOKQ,118,,incorrect,
C6BcTLw4mOKQ,119,,incorrect,
C6BcTLw4mOKQ,120,,correct,
7VpB1pGsv71N,91,,incorrect,
7VpB1pGsv71N,92,,correct,
7VpB1pGsv71N,93,,correct,
7VpB1pGsv71N,94,,correct,
7VpB1pGsv71N,95,,correct,
7VpB1pGsv71N,96,,correct,
7VpB1pGsv71N,97,,correct,
7VpB1pGsv71N,98,,correct,
7VpB1pGsv71N,99,,correct,
7VpB1pGsv71N,100,,incorrect,
7VpB1pGsv71N,101,,incorrect,
7VpB1pGsv71N,102,,correct,
7VpB1pGsv71N,103,,incorrect,
7VpB1pGsv71N,104,,incorrect,
7VpB1pGsv71N,105,,incorrect,
7VpB1pGsv71N,106,,correct,
7VpB1pGsv71N,107,,incorrect,
7VpB1pGsv71N,108,,correct,
7VpB1pGsv71N,109,,correct,
7VpB1pGsv71N,110,,incorrect,
7VpB1pGsv71N,111,,incorrect,
7VpB1pGsv71N,112,,correct,
7VpB1pGsv71N,113,,incorrect,
7VpB1pGsv71N,114,,incorrect,
7VpB1pGsv71N,115,,incorrect,
7VpB1pGsv71N,116,,incorrect,
7VpB1pGsv71N,117,,correct,
7VpB1pGsv71N,118,,correct,
7VpB1pGsv71N,119,,incorrect,
7VpB1pGsv71N,120,,incorrect,
o2VbFpgtLwG2,91,,correct,
o2VbFpgtLwG2,92,,correct,
o2VbFpgtLwG2,93,,correct,
o2VbFpgtLwG2,94,,correct,
o2VbFpgtLwG2,95,,correct,
o2VbFpgtLwG2,96,,correct,
o2VbFpgtLwG2,97,,incorrect,
o2VbFpgtLwG2,98,,correct,
o2VbFpgtLwG2,99,,correct,
o2VbFpgtLwG2,100,,correct,
o2VbFpgtLwG2,101,,correct,
o2VbFpgtLwG2,102,,correct,
o2VbFpgtLwG2,103,,incorrect,
o2VbFpgtLwG2,104,,correct,
o2VbFpgtLwG2,105,,incorrect,
o2VbFpgtLwG2,106,,correct,
o2VbFpgtLwG2,107,,incorrect,
o2VbFpgtLwG2,108,,correct,
o2VbFpgtLwG2,109,,incorrect,
o2VbFpgtLwG2,110,,correct,
o2VbFpgtLwG2,111,,incorrect,
o2VbFpgtLwG2,112,,correct,
o2VbFpgtLwG2,113,,incorrect,
o2VbFpgtLwG2,114,,incorrect,
o2VbFpgtLwG2,115,,correct,
o2VbFpgtLwG2,116,,correct,
o2VbFpgtLwG2,117,,incorrect,
o2VbFpgtLwG2,118,,incorrect,
o2VbFpgtLwG2,119,,incorrect,
o2VbFpgtLwG2,120,,correct,
BSLGp0wdoAqj,91,,correct,
BSLGp0wdoAqj,92,,correct,
BSLGp0wdoAqj,93,,correct,
BSLGp0wdoAqj,94,,correct,
BSLGp0wdoAqj,95,,correct,
BSLGp0wdoAqj,96,,correct,
BSLGp0wdoAqj,97,,correct,
BSLGp0wdoAqj,98,,correct,
BSLGp0wdoAqj,99,,correct,
BSLGp0wdoAqj,100,,correct,
BSLGp0wdoAqj,101,,correct,
BSLGp0wdoAqj,102,,correct,
BSLGp0wdoAqj,103,,incorrect,
BSLGp0wdoAqj,104,,incorrect,
BSLGp0wdoAqj,105,,correct,
BSLGp0wdoAqj,106,,correct,
BSLGp0wdoAqj,107,,incorrect,
BSLGp0wdoAqj,108,,correct,
BSLGp0wdoAqj,109,,correct,
BSLGp0wdoAqj,110,,correct,
BSLGp0wdoAqj,111,,incorrect,
BSLGp0wdoAqj,112,,correct,
BSLGp0wdoAqj,113,,correct,
BSLGp0wdoAqj,114,,incorrect,
BSLGp0wdoAqj,115,,correct,
BSLGp0wdoAqj,116,,correct,
BSLGp0wdoAqj,117,,correct,
BSLGp0wdoAqj,118,,incorrect,
BSLGp0wdoAqj,119,,incorrect,
BSLGp0wdoAqj,120,,correct,
1ggBjCxnkaT8,91,,correct,
1ggBjCxnkaT8,92,,correct,
1ggBjCxnkaT8,93,,correct,
1ggBjCxnkaT8,94,,correct,
1ggBjCxnkaT8,95,,incorrect,
1ggBjCxnkaT8,96,,correct,
1ggBjCxnkaT8,97,,correct,
1ggBjCxnkaT8,98,,correct,
1ggBjCxnkaT8,99,,correct,
1ggBjCxnkaT8,100,,correct,
1ggBjCxnkaT8,101,,correct,
1ggBjCxnkaT8,102,,correct,
1ggBjCxnkaT8,103,,incorrect,
1ggBjCxnkaT8,104,,correct,
1ggBjCxnkaT8,105,,correct,
1ggBjCxnkaT8,106,,correct,
1ggBjCxnkaT8,107,,incorrect,
1ggBjCxnkaT8,108,,incorrect,
1ggBjCxnkaT8,109,,incorrect,
1ggBjCxnkaT8,110,,correct,
1ggBjCxnkaT8,111,,incorrect,
1ggBjCxnkaT8,112,,correct,
1ggBjCxnkaT8,113,,correct,
1ggBjCxnkaT8,114,,correct,
1ggBjCxnkaT8,115,,incorrect,
1ggBjCxnkaT8,116,,correct,
1ggBjCxnkaT8,117,,correct,
1ggBjCxnkaT8,118,,incorrect,
1ggBjCxnkaT8,119,,incorrect,
1ggBjCxnkaT8,120,,correct,
jMkOnTydcqm6,91,,correct,
jMkOnTydcqm6,92,,correct,
jMkOnTydcqm6,93,,correct,
jMkOnTydcqm6,94,,correct,
jMkOnTydcqm6,95,,correct,
jMkOnTydcqm6,96,,correct,
jMkOnTydcqm6,97,,correct,
jMkOnTydcqm6,98,,correct,
jMkOnTydcqm6,99,,correct,
jMkOnTydcqm6,100,,correct,
jMkOnTydcqm6,101,,correct,
jMkOnTydcqm6,102,,correct,
jMkOnTydcqm6,103,,incorrect,
jMkOnTydcqm6,104,,correct,
jMkOnTydcqm6,105,,correct,
jMkOnTydcqm6,106,,correct,
jMkOnTydcqm6,107,,correct,
jMkOnTydcqm6,108,,correct,
jMkOnTydcqm6,109,,correct,
jMkOnTydcqm6,110,,correct,
jMkOnTydcqm6,111,,incorrect,
jMkOnTydcqm6,112,,correct,
jMkOnTydcqm6,113,,incorrect,
jMkOnTydcqm6,114,,incorrect,
jMkOnTydcqm6,115,,correct,
jMkOnTydcqm6,116,,incorrect,
jMkOnTydcqm6,117,,correct,
jMkOnTydcqm6,118,,incorrect,
jMkOnTydcqm6,119,,incorrect,
jMkOnTydcqm6,120,,correct,
lOuE9tkR89Pk,91,,correct,
lOuE9tkR89Pk,92,,correct,
lOuE9tkR89Pk,93,,correct,
lOuE9tkR89Pk,94,,correct,
lOuE9tkR89Pk,95,,correct,
lOuE9tkR89Pk,96,,correct,
lOuE9tkR89Pk,97,,correct,
lOuE9tkR89Pk,98,,correct,
lOuE9tkR89Pk,99,,correct,
lOuE9tkR89Pk,100,,correct,
lOuE9tkR89Pk,101,,correct,
lOuE9tkR89Pk,102,,correct,
lOuE9tkR89Pk,103,,incorrect,
lOuE9tkR89Pk,104,,correct,
lOuE9tkR89Pk,105,,correct,
lOuE9tkR89Pk,106,,correct,
lOuE9tkR89Pk,107,,correct,
lOuE9tkR89Pk,108,,correct,
lOuE9tkR89Pk,109,,incorrect,
lOuE9tkR89Pk,110,,correct,
lOuE9tkR89Pk,111,,incorrect,
lOuE9tkR89Pk,112,,correct,
lOuE9tkR89Pk,113,,correct,
lOuE9tkR89Pk,114,,correct,
lOuE9tkR89Pk,115,,correct,
lOuE9tkR89Pk,116,,correct,
lOuE9tkR89Pk,117,,correct,
lOuE9tkR89Pk,118,,incorrect,
lOuE9tkR89Pk,119,,correct,
lOuE9tkR89Pk,120,,correct,
KNvidOVZPDzA,91,,correct,
KNvidOVZPDzA,92,,correct,
KNvidOVZPDzA,93,,correct,
KNvidOVZPDzA,94,,correct,
KNvidOVZPDzA,95,,correct,
KNvidOVZPDzA,96,,incorrect,
KNvidOVZPDzA,97,,correct,
KNvidOVZPDzA,98,,correct,
KNvidOVZPDzA,99,,correct,
KNvidOVZPDzA,100,,correct,
KNvidOVZPDzA,101,,correct,
KNvidOVZPDzA,102,,correct,
KNvidOVZPDzA,103,,incorrect,
KNvidOVZPDzA,104,,correct,
KNvidOVZPDzA,105,,correct,
KNvidOVZPDzA,106,,correct,
KNvidOVZPDzA,107,,correct,
KNvidOVZPDzA,108,,correct,
KNvidOVZPDzA,109,,correct,
KNvidOVZPDzA,110,,correct,
KNvidOVZPDzA,111,,incorrect,
KNvidOVZPDzA,112,,correct,
KNvidOVZPDzA,113,,correct,
KNvidOVZPDzA,114,,correct,
KNvidOVZPDzA,115,,correct,
KNvidOVZPDzA,116,,incorrect,
KNvidOVZPDzA,117,,correct,
KNvidOVZPDzA,118,,incorrect,
KNvidOVZPDzA,119,,correct,
KNvidOVZPDzA,120,,correct,
IWu147zvpRWb,91,,incorrect,
IWu147zvpRWb,92,,correct,
IWu147zvpRWb,93,,correct,
IWu147zvpRWb,94,,correct,
IWu147zvpRWb,95,,correct,
IWu147zvpRWb,96,,correct,
IWu147zvpRWb,97,,correct,
IWu147zvpRWb,98,,correct,
IWu147zvpRWb,99,,correct,
IWu147zvpRWb,100,,correct,
IWu147zvpRWb,101,,correct,
IWu147zvpRWb,102,,correct,
IWu147zvpRWb,103,,incorrect,
IWu147zvpRWb,104,,correct,
IWu147zvpRWb,105,,correct,
IWu147zvpRWb,106,,correct,
IWu147zvpRWb,107,,correct,
IWu147zvpRWb,108,,incorrect,
IWu147zvpRWb,109,,incorrect,
IWu147zvpRWb,110,,correct,
IWu147zvpRWb,111,,incorrect,
IWu147zvpRWb,112,,correct,
IWu147zvpRWb,113,,correct,
IWu147zvpRWb,114,,incorrect,
IWu147zvpRWb,115,,correct,
IWu147zvpRWb,116,,correct,
IWu147zvpRWb,117,,correct,
IWu147zvpRWb,118,,correct,
IWu147zvpRWb,119,,incorrect,
IWu147zvpRWb,120,,correct,
SOvsRqc7VPKI,91,,correct,
SOvsRqc7VPKI,92,,correct,
SOvsRqc7VPKI,93,,correct,
SOvsRqc7VPKI,94,,correct,
SOvsRqc7VPKI,95,,correct,
SOvsRqc7VPKI,96,,correct,
SOvsRqc7VPKI,97,,correct,
SOvsRqc7VPKI,98,,correct,
SOvsRqc7VPKI,99,,correct,
SOvsRqc7VPKI,100,,correct,
SOvsRqc7VPKI,101,,correct,
SOvsRqc7VPKI,102,,correct,
SOvsRqc7VPKI,103,,incorrect,
SOvsRqc7VPKI,104,,correct,
SOvsRqc7VPKI,105,,correct,
SOvsRqc7VPKI,106,,correct,
SOvsRqc7VPKI,107,,correct,
SOvsRqc7VPKI,108,,incorrect,
SOvsRqc7VPKI,109,,incorrect,
SOvsRqc7VPKI,110,,correct,
SOvsRqc7VPKI,111,,incorrect,
SOvsRqc7VPKI,112,,correct,
SOvsRqc7VPKI,113,,correct,
SOvsRqc7VPKI,114,,incorrect,
SOvsRqc7VPKI,115,,correct,
SOvsRqc7VPKI,116,,correct,
SOvsRqc7VPKI,117,,correct,
SOvsRqc7VPKI,118,,incorrect,
SOvsRqc7VPKI,119,,incorrect,
SOvsRqc7VPKI,120,,correct,
vqNkppoZuHFA,91,,correct,
vqNkppoZuHFA,92,,correct,
vqNkppoZuHFA,93,,correct,
vqNkppoZuHFA,94,,correct,
vqNkppoZuHFA,95,,correct,
vqNkppoZuHFA,96,,correct,
vqNkppoZuHFA,97,,correct,
vqNkppoZuHFA,98,,correct,
vqNkppoZuHFA,99,,correct,
vqNkppoZuHFA,100,,correct,
vqNkppoZuHFA,101,,correct,
vqNkppoZuHFA,102,,correct,
vqNkppoZuHFA,103,,incorrect,
vqNkppoZuHFA,104,,correct,
vqNkppoZuHFA,105,,correct,
vqNkppoZuHFA,106,,correct,
vqNkppoZuHFA,107,,incorrect,
vqNkppoZuHFA,108,,incorrect,
vqNkppoZuHFA,109,,incorrect,
vqNkppoZuHFA,110,,correct,
vqNkppoZuHFA,111,,correct,
vqNkppoZuHFA,112,,correct,
vqNkppoZuHFA,113,,correct,
vqNkppoZuHFA,114,,correct,
vqNkppoZuHFA,115,,correct,
vqNkppoZuHFA,116,,correct,
vqNkppoZuHFA,117,,correct,
vqNkppoZuHFA,118,,incorrect,
vqNkppoZuHFA,119,,incorrect,
vqNkppoZuHFA,120,,correct,
bWRj9XHmvXaq,91,,correct,
bWRj9XHmvXaq,92,,correct,
bWRj9XHmvXaq,93,,correct,
bWRj9XHmvXaq,94,,correct,
bWRj9XHmvXaq,95,,correct,
bWRj9XHmvXaq,96,,correct,
bWRj9XHmvXaq,97,,correct,
bWRj9XHmvXaq,98,,correct,
bWRj9XHmvXaq,99,,correct,
bWRj9XHmvXaq,100,,correct,
bWRj9XHmvXaq,101,,correct,
bWRj9XHmvXaq,102,,correct,
bWRj9XHmvXaq,103,,incorrect,
bWRj9XHmvXaq,104,,correct,
bWRj9XHmvXaq,105,,correct,
bWRj9XHmvXaq,106,,correct,
bWRj9XHmvXaq,107,,incorrect,
bWRj9XHmvXaq,108,,correct,
bWRj9XHmvXaq,109,,incorrect,
bWRj9XHmvXaq,110,,correct,
bWRj9XHmvXaq,111,,correct,
bWRj9XHmvXaq,112,,correct,
bWRj9XHmvXaq,113,,correct,
bWRj9XHmvXaq,114,,correct,
bWRj9XHmvXaq,115,,incorrect,
bWRj9XHmvXaq,116,,incorrect,
bWRj9XHmvXaq,117,,correct,
bWRj9XHmvXaq,118,,incorrect,
bWRj9XHmvXaq,119,,correct,
bWRj9XHmvXaq,120,,correct,
SpXSTCkMzPni,91,,correct,
SpXSTCkMzPni,92,,correct,
SpXSTCkMzPni,93,,correct,
SpXSTCkMzPni,94,,correct,
SpXSTCkMzPni,95,,correct,
SpXSTCkMzPni,96,,correct,
SpXSTCkMzPni,97,,correct,
SpXSTCkMzPni,98,,correct,
SpXSTCkMzPni,99,,correct,
SpXSTCkMzPni,100,,correct,
SpXSTCkMzPni,101,,correct,
SpXSTCkMzPni,102,,incorrect,
SpXSTCkMzPni,103,,incorrect,
SpXSTCkMzPni,104,,correct,
SpXSTCkMzPni,105,,correct,
SpXSTCkMzPni,106,,correct,
SpXSTCkMzPni,107,,correct,
SpXSTCkMzPni,108,,correct,
SpXSTCkMzPni,109,,incorrect,
SpXSTCkMzPni,110,,incorrect,
SpXSTCkMzPni,111,,correct,
SpXSTCkMzPni,112,,correct,
SpXSTCkMzPni,113,,correct,
SpXSTCkMzPni,114,,correct,
SpXSTCkMzPni,115,,correct,
SpXSTCkMzPni,116,,correct,
SpXSTCkMzPni,117,,correct,
SpXSTCkMzPni,118,,incorrect,
SpXSTCkMzPni,119,,incorrect,
SpXSTCkMzPni,120,,correct,
pMrOo2QfC0Kp,91,,incorrect,
pMrOo2QfC0Kp,92,,correct,
pMrOo2QfC0Kp,93,,correct,
pMrOo2QfC0Kp,94,,correct,
pMrOo2QfC0Kp,95,,correct,
pMrOo2QfC0Kp,96,,correct,
pMrOo2QfC0Kp,97,,correct,
pMrOo2QfC0Kp,98,,correct,
pMrOo2QfC0Kp,99,,correct,
pMrOo2QfC0Kp,100,,correct,
pMrOo2QfC0Kp,101,,correct,
pMrOo2QfC0Kp,102,,correct,
pMrOo2QfC0Kp,103,,incorrect,
pMrOo2QfC0Kp,104,,correct,
pMrOo2QfC0Kp,105,,correct,
pMrOo2QfC0Kp,106,,correct,
pMrOo2QfC0Kp,107,,correct,
pMrOo2QfC0Kp,108,,incorrect,
pMrOo2QfC0Kp,109,,incorrect,
pMrOo2QfC0Kp,110,,correct,
pMrOo2QfC0Kp,111,,correct,
pMrOo2QfC0Kp,112,,correct,
pMrOo2QfC0Kp,113,,correct,
pMrOo2QfC0Kp,114,,correct,
pMrOo2QfC0Kp,115,,correct,
pMrOo2QfC0Kp,116,,correct,
pMrOo2QfC0Kp,117,,correct,
pMrOo2QfC0Kp,118,,correct,
pMrOo2QfC0Kp,119,,incorrect,
pMrOo2QfC0Kp,120,,correct,
WNh0afD7QG4d,91,,incorrect,
WNh0afD7QG4d,92,,correct,
WNh0afD7QG4d,93,,correct,
WNh0afD7QG4d,94,,correct,
WNh0afD7QG4d,95,,correct,
WNh0afD7QG4d,96,,correct,
WNh0afD7QG4d,97,,correct,
WNh0afD7QG4d,98,,correct,
WNh0afD7QG4d,99,,correct,
WNh0afD7QG4d,100,,correct,
WNh0afD7QG4d,101,,correct,
WNh0afD7QG4d,102,,correct,
WNh0afD7QG4d,103,,incorrect,
WNh0afD7QG4d,104,,correct,
WNh0afD7QG4d,105,,correct,
WNh0afD7QG4d,106,,correct,
WNh0afD7QG4d,107,,correct,
WNh0afD7QG4d,108,,incorrect,
WNh0afD7QG4d,109,,incorrect,
WNh0afD7QG4d,110,,correct,
WNh0afD7QG4d,111,,correct,
WNh0afD7QG4d,112,,correct,
WNh0afD7QG4d,113,,correct,
WNh0afD7QG4d,114,,correct,
WNh0afD7QG4d,115,,correct,
WNh0afD7QG4d,116,,correct,
WNh0afD7QG4d,117,,correct,
WNh0afD7QG4d,118,,correct,
WNh0afD7QG4d,119,,incorrect,
WNh0afD7QG4d,120,,correct,
aKKO0pyKuBaK,91,,correct,
aKKO0pyKuBaK,92,,correct,
aKKO0pyKuBaK,93,,correct,
aKKO0pyKuBaK,94,,correct,
aKKO0pyKuBaK,95,,correct,
aKKO0pyKuBaK,96,,correct,
aKKO0pyKuBaK,97,,correct,
aKKO0pyKuBaK,98,,correct,
aKKO0pyKuBaK,99,,correct,
aKKO0pyKuBaK,100,,correct,
aKKO0pyKuBaK,101,,correct,
aKKO0pyKuBaK,102,,correct,
aKKO0pyKuBaK,103,,incorrect,
aKKO0pyKuBaK,104,,correct,
aKKO0pyKuBaK,105,,correct,
aKKO0pyKuBaK,106,,correct,
aKKO0pyKuBaK,107,,correct,
aKKO0pyKuBaK,108,,correct,
aKKO0pyKuBaK,109,,correct,
aKKO0pyKuBaK,110,,correct,
aKKO0pyKuBaK,111,,correct,
aKKO0pyKuBaK,112,,correct,
aKKO0pyKuBaK,113,,correct,
aKKO0pyKuBaK,114,,correct,
aKKO0pyKuBaK,115,,correct,
aKKO0pyKuBaK,116,,correct,
aKKO0pyKuBaK,117,,correct,
aKKO0pyKuBaK,118,,incorrect,
aKKO0pyKuBaK,119,,incorrect,
aKKO0pyKuBaK,120,,correct,
w1PmKgj9FomZ,91,,correct,
w1PmKgj9FomZ,92,,correct,
w1PmKgj9FomZ,93,,correct,
w1PmKgj9FomZ,94,,correct,
w1PmKgj9FomZ,95,,correct,
w1PmKgj9FomZ,96,,correct,
w1PmKgj9FomZ,97,,correct,
w1PmKgj9FomZ,98,,correct,
w1PmKgj9FomZ,99,,correct,
w1PmKgj9FomZ,100,,correct,
w1PmKgj9FomZ,101,,correct,
w1PmKgj9FomZ,102,,correct,
w1PmKgj9FomZ,103,,incorrect,
w1PmKgj9FomZ,104,,correct,
w1PmKgj9FomZ,105,,correct,
w1PmKgj9FomZ,106,,correct,
w1PmKgj9FomZ,107,,correct,
w1PmKgj9FomZ,108,,correct,
w1PmKgj9FomZ,109,,correct,
w1PmKgj9FomZ,110,,correct,
w1PmKgj9FomZ,111,,correct,
w1PmKgj9FomZ,112,,correct,
w1PmKgj9FomZ,113,,correct,
w1PmKgj9FomZ,114,,correct,
w1PmKgj9FomZ,115,,correct,
w1PmKgj9FomZ,116,,correct,
w1PmKgj9FomZ,117,,correct,
w1PmKgj9FomZ,118,,incorrect,
w1PmKgj9FomZ,119,,incorrect,
w1PmKgj9FomZ,120,,correct,
No1fcFHRlYfg,91,,correct,
No1fcFHRlYfg,92,,correct,
No1fcFHRlYfg,93,,correct,
No1fcFHRlYfg,94,,correct,
No1fcFHRlYfg,95,,correct,
No1fcFHRlYfg,96,,correct,
No1fcFHRlYfg,97,,correct,
No1fcFHRlYfg,98,,correct,
No1fcFHRlYfg,99,,correct,
No1fcFHRlYfg,100,,correct,
No1fcFHRlYfg,101,,correct,
No1fcFHRlYfg,102,,correct,
No1fcFHRlYfg,103,,incorrect,
No1fcFHRlYfg,104,,correct,
No1fcFHRlYfg,105,,incorrect,
No1fcFHRlYfg,106,,correct,
No1fcFHRlYfg,107,,incorrect,
No1fcFHRlYfg,108,,correct,
No1fcFHRlYfg,109,,correct,
No1fcFHRlYfg,110,,correct,
No1fcFHRlYfg,111,,correct,
No1fcFHRlYfg,112,,correct,
No1fcFHRlYfg,113,,correct,
No1fcFHRlYfg,114,,correct,
No1fcFHRlYfg,115,,correct,
No1fcFHRlYfg,116,,correct,
No1fcFHRlYfg,117,,correct,
No1fcFHRlYfg,118,,incorrect,
No1fcFHRlYfg,119,,correct,
No1fcFHRlYfg,120,,correct,
Q7dfzHYyXvOT,91,,correct,
Q7dfzHYyXvOT,92,,correct,
Q7dfzHYyXvOT,93,,correct,
Q7dfzHYyXvOT,94,,correct,
Q7dfzHYyXvOT,95,,correct,
Q7dfzHYyXvOT,96,,correct,
Q7dfzHYyXvOT,97,,correct,
Q7dfzHYyXvOT,98,,correct,
Q7dfzHYyXvOT,99,,correct,
Q7dfzHYyXvOT,100,,correct,
Q7dfzHYyXvOT,101,,correct,
Q7dfzHYyXvOT,102,,correct,
Q7dfzHYyXvOT,103,,incorrect,
Q7dfzHYyXvOT,104,,correct,
Q7dfzHYyXvOT,105,,correct,
Q7dfzHYyXvOT,106,,correct,
Q7dfzHYyXvOT,107,,correct,
Q7dfzHYyXvOT,108,,correct,
Q7dfzHYyXvOT,109,,correct,
Q7dfzHYyXvOT,110,,correct,
Q7dfzHYyXvOT,111,,correct,
Q7dfzHYyXvOT,112,,correct,
Q7dfzHYyXvOT,113,,correct,
Q7dfzHYyXvOT,114,,correct,
Q7dfzHYyXvOT,115,,correct,
Q7dfzHYyXvOT,116,,correct,
Q7dfzHYyXvOT,117,,correct,
Q7dfzHYyXvOT,118,,incorrect,
Q7dfzHYyXvOT,119,,correct,
Q7dfzHYyXvOT,120,,correct,
tZNKhSZpzqOT,91,,correct,
tZNKhSZpzqOT,92,,correct,
tZNKhSZpzqOT,93,,correct,
tZNKhSZpzqOT,94,,correct,
tZNKhSZpzqOT,95,,correct,
tZNKhSZpzqOT,96,,correct,
tZNKhSZpzqOT,97,,correct,
tZNKhSZpzqOT,98,,correct,
tZNKhSZpzqOT,99,,correct,
tZNKhSZpzqOT,100,,correct,
tZNKhSZpzqOT,101,,correct,
tZNKhSZpzqOT,102,,incorrect,
tZNKhSZpzqOT,103,,incorrect,
tZNKhSZpzqOT,104,,correct,
tZNKhSZpzqOT,105,,correct,
tZNKhSZpzqOT,106,,correct,
tZNKhSZpzqOT,107,,incorrect,
tZNKhSZpzqOT,108,,incorrect,
tZNKhSZpzqOT,109,,correct,
tZNKhSZpzqOT,110,,correct,
tZNKhSZpzqOT,111,,correct,
tZNKhSZpzqOT,112,,correct,
tZNKhSZpzqOT,113,,correct,
tZNKhSZpzqOT,114,,incorrect,
tZNKhSZpzqOT,115,,correct,
tZNKhSZpzqOT,116,,correct,
tZNKhSZpzqOT,117,,correct,
tZNKhSZpzqOT,118,,incorrect,
tZNKhSZpzqOT,119,,incorrect,
tZNKhSZpzqOT,120,,correct,
xlLz8YVMGkvs,91,,correct,
xlLz8YVMGkvs,92,,correct,
xlLz8YVMGkvs,93,,correct,
xlLz8YVMGkvs,94,,correct,
xlLz8YVMGkvs,95,,correct,
xlLz8YVMGkvs,96,,correct,
xlLz8YVMGkvs,97,,correct,
xlLz8YVMGkvs,98,,correct,
xlLz8YVMGkvs,99,,correct,
xlLz8YVMGkvs,100,,correct,
xlLz8YVMGkvs,101,,correct,
xlLz8YVMGkvs,102,,correct,
xlLz8YVMGkvs,103,,correct,
xlLz8YVMGkvs,104,,correct,
xlLz8YVMGkvs,105,,correct,
xlLz8YVMGkvs,106,,correct,
xlLz8YVMGkvs,107,,correct,
xlLz8YVMGkvs,108,,correct,
xlLz8YVMGkvs,109,,incorrect,
xlLz8YVMGkvs,110,,correct,
xlLz8YVMGkvs,111,,incorrect,
xlLz8YVMGkvs,112,,correct,
xlLz8YVMGkvs,113,,correct,
xlLz8YVMGkvs,114,,incorrect,
xlLz8YVMGkvs,115,,correct,
xlLz8YVMGkvs,116,,correct,
xlLz8YVMGkvs,117,,correct,
xlLz8YVMGkvs,118,,incorrect,
xlLz8YVMGkvs,119,,incorrect,
xlLz8YVMGkvs,120,,correct,
xbNryveuRsXc,91,,incorrect,
xbNryveuRsXc,92,,correct,
xbNryveuRsXc,93,,correct,
xbNryveuRsXc,94,,correct,
xbNryveuRsXc,95,,correct,
xbNryveuRsXc,96,,correct,
xbNryveuRsXc,97,,correct,
xbNryveuRsXc,98,,correct,
xbNryveuRsXc,99,,correct,
xbNryveuRsXc,100,,correct,
xbNryveuRsXc,101,,correct,
xbNryveuRsXc,102,,correct,
xbNryveuRsXc,103,,incorrect,
xbNryveuRsXc,104,,correct,
xbNryveuRsXc,105,,correct,
xbNryveuRsXc,106,,correct,
xbNryveuRsXc,107,,correct,
xbNryveuRsXc,108,,correct,
xbNryveuRsXc,109,,incorrect,
xbNryveuRsXc,110,,correct,
xbNryveuRsXc,111,,correct,
xbNryveuRsXc,112,,correct,
xbNryveuRsXc,113,,incorrect,
xbNryveuRsXc,114,,correct,
xbNryveuRsXc,115,,incorrect,
xbNryveuRsXc,116,,correct,
xbNryveuRsXc,117,,correct,
xbNryveuRsXc,118,,incorrect,
xbNryveuRsXc,119,,incorrect,
xbNryveuRsXc,120,,correct,
VTLAbK1PHg7B,91,,correct,
VTLAbK1PHg7B,92,,correct,
VTLAbK1PHg7B,93,,correct,
VTLAbK1PHg7B,94,,correct,
VTLAbK1PHg7B,95,,correct,
VTLAbK1PHg7B,96,,correct,
VTLAbK1PHg7B,97,,incorrect,
VTLAbK1PHg7B,98,,correct,
VTLAbK1PHg7B,99,,correct,
VTLAbK1PHg7B,100,,correct,
VTLAbK1PHg7B,101,,correct,
VTLAbK1PHg7B,102,,correct,
VTLAbK1PHg7B,103,,incorrect,
VTLAbK1PHg7B,104,,correct,
VTLAbK1PHg7B,105,,correct,
VTLAbK1PHg7B,106,,correct,
VTLAbK1PHg7B,107,,incorrect,
VTLAbK1PHg7B,108,,correct,
VTLAbK1PHg7B,109,,incorrect,
VTLAbK1PHg7B,110,,correct,
VTLAbK1PHg7B,111,,correct,
VTLAbK1PHg7B,112,,incorrect,
VTLAbK1PHg7B,113,,correct,
VTLAbK1PHg7B,114,,correct,
VTLAbK1PHg7B,115,,incorrect,
VTLAbK1PHg7B,116,,correct,
VTLAbK1PHg7B,117,,correct,
VTLAbK1PHg7B,118,,incorrect,
VTLAbK1PHg7B,119,,incorrect,
VTLAbK1PHg7B,120,,correct,
ynjK3wP1cV18,91,,correct,
ynjK3wP1cV18,92,,correct,
ynjK3wP1cV18,93,,correct,
ynjK3wP1cV18,94,,correct,
ynjK3wP1cV18,95,,correct,
ynjK3wP1cV18,96,,correct,
ynjK3wP1cV18,97,,incorrect,
ynjK3wP1cV18,98,,correct,
ynjK3wP1cV18,99,,correct,
ynjK3wP1cV18,100,,correct,
ynjK3wP1cV18,101,,correct,
ynjK3wP1cV18,102,,correct,
ynjK3wP1cV18,103,,incorrect,
ynjK3wP1cV18,104,,correct,
ynjK3wP1cV18,105,,correct,
ynjK3wP1cV18,106,,correct,
ynjK3wP1cV18,107,,correct,
ynjK3wP1cV18,108,,incorrect,
ynjK3wP1cV18,109,,incorrect,
ynjK3wP1cV18,110,,correct,
ynjK3wP1cV18,111,,incorrect,
ynjK3wP1cV18,112,,correct,
ynjK3wP1cV18,113,,correct,
ynjK3wP1cV18,114,,incorrect,
ynjK3wP1cV18,115,,correct,
ynjK3wP1cV18,116,,correct,
ynjK3wP1cV18,117,,correct,
ynjK3wP1cV18,118,,incorrect,
ynjK3wP1cV18,119,,correct,
ynjK3wP1cV18,120,,correct,
By0gyab68WPW,91,,correct,
By0gyab68WPW,92,,correct,
By0gyab68WPW,93,,correct,
By0gyab68WPW,94,,correct,
By0gyab68WPW,95,,correct,
By0gyab68WPW,96,,correct,
By0gyab68WPW,97,,correct,
By0gyab68WPW,98,,correct,
By0gyab68WPW,99,,correct,
By0gyab68WPW,100,,correct,
By0gyab68WPW,101,,correct,
By0gyab68WPW,102,,correct,
By0gyab68WPW,103,,incorrect,
By0gyab68WPW,104,,correct,
By0gyab68WPW,105,,correct,
By0gyab68WPW,106,,correct,
By0gyab68WPW,107,,correct,
By0gyab68WPW,108,,correct,
By0gyab68WPW,109,,incorrect,
By0gyab68WPW,110,,correct,
By0gyab68WPW,111,,incorrect,
By0gyab68WPW,112,,incorrect,
By0gyab68WPW,113,,correct,
By0gyab68WPW,114,,correct,
By0gyab68WPW,115,,correct,
By0gyab68WPW,116,,correct,
By0gyab68WPW,117,,correct,
By0gyab68WPW,118,,correct,
By0gyab68WPW,119,,incorrect,
By0gyab68WPW,120,,correct,
Kji96af6kzzA,91,,correct,
Kji96af6kzzA,92,,correct,
Kji96af6kzzA,93,,correct,
Kji96af6kzzA,94,,correct,
Kji96af6kzzA,95,,correct,
Kji96af6kzzA,96,,correct,
Kji96af6kzzA,97,,correct,
Kji96af6kzzA,98,,correct,
Kji96af6kzzA,99,,correct,
Kji96af6kzzA,100,,correct,
Kji96af6kzzA,101,,correct,
Kji96af6kzzA,102,,correct,
Kji96af6kzzA,103,,incorrect,
Kji96af6kzzA,104,,correct,
Kji96af6kzzA,105,,correct,
Kji96af6kzzA,106,,correct,
Kji96af6kzzA,107,,correct,
Kji96af6kzzA,108,,correct,
Kji96af6kzzA,109,,incorrect,
Kji96af6kzzA,110,,correct,
Kji96af6kzzA,111,,correct,
Kji96af6kzzA,112,,incorrect,
Kji96af6kzzA,113,,incorrect,
Kji96af6kzzA,114,,correct,
Kji96af6kzzA,115,,correct,
Kji96af6kzzA,116,,correct,
Kji96af6kzzA,117,,correct,
Kji96af6kzzA,118,,incorrect,
Kji96af6kzzA,119,,correct,
Kji96af6kzzA,120,,correct,
YA6aMV1xcGv9,91,,incorrect,
YA6aMV1xcGv9,92,,correct,
YA6aMV1xcGv9,93,,correct,
YA6aMV1xcGv9,94,,correct,
YA6aMV1xcGv9,95,,correct,
YA6aMV1xcGv9,96,,correct,
YA6aMV1xcGv9,97,,correct,
YA6aMV1xcGv9,98,,correct,
YA6aMV1xcGv9,99,,correct,
YA6aMV1xcGv9,100,,correct,
YA6aMV1xcGv9,101,,correct,
YA6aMV1xcGv9,102,,correct,
YA6aMV1xcGv9,103,,incorrect,
YA6aMV1xcGv9,104,,correct,
YA6aMV1xcGv9,105,,correct,
YA6aMV1xcGv9,106,,correct,
YA6aMV1xcGv9,107,,correct,
YA6aMV1xcGv9,108,,correct,
YA6aMV1xcGv9,109,,correct,
YA6aMV1xcGv9,110,,correct,
YA6aMV1xcGv9,111,,correct,
YA6aMV1xcGv9,112,,correct,
YA6aMV1xcGv9,113,,correct,
YA6aMV1xcGv9,114,,correct,
YA6aMV1xcGv9,115,,correct,
YA6aMV1xcGv9,116,,correct,
YA6aMV1xcGv9,117,,correct,
YA6aMV1xcGv9,118,,incorrect,
YA6aMV1xcGv9,119,,incorrect,
YA6aMV1xcGv9,120,,correct,
RM55e8d3Jbjm,91,,incorrect,
RM55e8d3Jbjm,92,,correct,
RM55e8d3Jbjm,93,,correct,
RM55e8d3Jbjm,94,,correct,
RM55e8d3Jbjm,95,,correct,
RM55e8d3Jbjm,96,,correct,
RM55e8d3Jbjm,97,,incorrect,
RM55e8d3Jbjm,98,,correct,
RM55e8d3Jbjm,99,,correct,
RM55e8d3Jbjm,100,,incorrect,
RM55e8d3Jbjm,101,,incorrect,
RM55e8d3Jbjm,102,,correct,
RM55e8d3Jbjm,103,,correct,
RM55e8d3Jbjm,104,,correct,
RM55e8d3Jbjm,105,,correct,
RM55e8d3Jbjm,106,,correct,
RM55e8d3Jbjm,107,,incorrect,
RM55e8d3Jbjm,108,,incorrect,
RM55e8d3Jbjm,109,,incorrect,
RM55e8d3Jbjm,110,,correct,
RM55e8d3Jbjm,111,,correct,
RM55e8d3Jbjm,112,,correct,
RM55e8d3Jbjm,113,,correct,
RM55e8d3Jbjm,114,,incorrect,
RM55e8d3Jbjm,115,,correct,
RM55e8d3Jbjm,116,,correct,
RM55e8d3Jbjm,117,,correct,
RM55e8d3Jbjm,118,,correct,
RM55e8d3Jbjm,119,,incorrect,
RM55e8d3Jbjm,120,,correct,
AgiWXtLnmm9y,91,,incorrect,
AgiWXtLnmm9y,92,,correct,
AgiWXtLnmm9y,93,,correct,
AgiWXtLnmm9y,94,,correct,
AgiWXtLnmm9y,95,,incorrect,
AgiWXtLnmm9y,96,,correct,
AgiWXtLnmm9y,97,,correct,
AgiWXtLnmm9y,98,,correct,
AgiWXtLnmm9y,99,,correct,
AgiWXtLnmm9y,100,,correct,
AgiWXtLnmm9y,101,,correct,
AgiWXtLnmm9y,102,,correct,
AgiWXtLnmm9y,103,,incorrect,
AgiWXtLnmm9y,104,,correct,
AgiWXtLnmm9y,105,,correct,
AgiWXtLnmm9y,106,,correct,
AgiWXtLnmm9y,107,,incorrect,
AgiWXtLnmm9y,108,,incorrect,
AgiWXtLnmm9y,109,,incorrect,
AgiWXtLnmm9y,110,,correct,
AgiWXtLnmm9y,111,,incorrect,
AgiWXtLnmm9y,112,,correct,
AgiWXtLnmm9y,113,,correct,
AgiWXtLnmm9y,114,,correct,
AgiWXtLnmm9y,115,,correct,
AgiWXtLnmm9y,116,,correct,
AgiWXtLnmm9y,117,,correct,
AgiWXtLnmm9y,118,,correct,
AgiWXtLnmm9y,119,,correct,
AgiWXtLnmm9y,120,,correct,
9eci54foOGc9,91,,incorrect,
9eci54foOGc9,92,,correct,
9eci54foOGc9,93,,correct,
9eci54foOGc9,94,,correct,
9eci54foOGc9,95,,correct,
9eci54foOGc9,96,,correct,
9eci54foOGc9,97,,correct,
9eci54foOGc9,98,,correct,
9eci54foOGc9,99,,correct,
9eci54foOGc9,100,,correct,
9eci54foOGc9,101,,correct,
9eci54foOGc9,102,,correct,
9eci54foOGc9,103,,incorrect,
9eci54foOGc9,104,,incorrect,
9eci54foOGc9,105,,correct,
9eci54foOGc9,106,,correct,
9eci54foOGc9,107,,correct,
9eci54foOGc9,108,,incorrect,
9eci54foOGc9,109,,incorrect,
9eci54foOGc9,110,,correct,
9eci54foOGc9,111,,incorrect,
9eci54foOGc9,112,,correct,
9eci54foOGc9,113,,correct,
9eci54foOGc9,114,,correct,
9eci54foOGc9,115,,correct,
9eci54foOGc9,116,,incorrect,
9eci54foOGc9,117,,correct,
9eci54foOGc9,118,,incorrect,
9eci54foOGc9,119,,incorrect,
9eci54foOGc9,120,,correct,
jxlFWYs7WyTt,91,,incorrect,
jxlFWYs7WyTt,92,,correct,
jxlFWYs7WyTt,93,,correct,
jxlFWYs7WyTt,94,,correct,
jxlFWYs7WyTt,95,,correct,
jxlFWYs7WyTt,96,,correct,
jxlFWYs7WyTt,97,,correct,
jxlFWYs7WyTt,98,,correct,
jxlFWYs7WyTt,99,,correct,
jxlFWYs7WyTt,100,,correct,
jxlFWYs7WyTt,101,,correct,
jxlFWYs7WyTt,102,,correct,
jxlFWYs7WyTt,103,,incorrect,
jxlFWYs7WyTt,104,,correct,
jxlFWYs7WyTt,105,,correct,
jxlFWYs7WyTt,106,,correct,
jxlFWYs7WyTt,107,,correct,
jxlFWYs7WyTt,108,,incorrect,
jxlFWYs7WyTt,109,,incorrect,
jxlFWYs7WyTt,110,,correct,
jxlFWYs7WyTt,111,,correct,
jxlFWYs7WyTt,112,,correct,
jxlFWYs7WyTt,113,,correct,
jxlFWYs7WyTt,114,,correct,
jxlFWYs7WyTt,115,,correct,
jxlFWYs7WyTt,116,,correct,
jxlFWYs7WyTt,117,,correct,
jxlFWYs7WyTt,118,,correct,
jxlFWYs7WyTt,119,,incorrect,
jxlFWYs7WyTt,120,,correct,
1tnkUsBnGX2u,91,,correct,
1tnkUsBnGX2u,92,,correct,
1tnkUsBnGX2u,93,,correct,
1tnkUsBnGX2u,94,,correct,
1tnkUsBnGX2u,95,,correct,
1tnkUsBnGX2u,96,,correct,
1tnkUsBnGX2u,97,,correct,
1tnkUsBnGX2u,98,,correct,
1tnkUsBnGX2u,99,,correct,
1tnkUsBnGX2u,100,,correct,
1tnkUsBnGX2u,101,,correct,
1tnkUsBnGX2u,102,,correct,
1tnkUsBnGX2u,103,,incorrect,
1tnkUsBnGX2u,104,,correct,
1tnkUsBnGX2u,105,,correct,
1tnkUsBnGX2u,106,,correct,
1tnkUsBnGX2u,107,,incorrect,
1tnkUsBnGX2u,108,,incorrect,
1tnkUsBnGX2u,109,,correct,
1tnkUsBnGX2u,110,,correct,
1tnkUsBnGX2u,111,,correct,
1tnkUsBnGX2u,112,,correct,
1tnkUsBnGX2u,113,,correct,
1tnkUsBnGX2u,114,,correct,
1tnkUsBnGX2u,115,,correct,
1tnkUsBnGX2u,116,,correct,
1tnkUsBnGX2u,117,,correct,
1tnkUsBnGX2u,118,,incorrect,
1tnkUsBnGX2u,119,,incorrect,
1tnkUsBnGX2u,120,,correct,
E9vMd75UB2be,91,,correct,
E9vMd75UB2be,92,,correct,
E9vMd75UB2be,93,,correct,
E9vMd75UB2be,94,,correct,
E9vMd75UB2be,95,,incorrect,
E9vMd75UB2be,96,,correct,
E9vMd75UB2be,97,,correct,
E9vMd75UB2be,98,,correct,
E9vMd75UB2be,99,,correct,
E9vMd75UB2be,100,,correct,
E9vMd75UB2be,101,,correct,
E9vMd75UB2be,102,,correct,
E9vMd75UB2be,103,,incorrect,
E9vMd75UB2be,104,,correct,
E9vMd75UB2be,105,,correct,
E9vMd75UB2be,106,,correct,
E9vMd75UB2be,107,,incorrect,
E9vMd75UB2be,108,,correct,
E9vMd75UB2be,109,,correct,
E9vMd75UB2be,110,,incorrect,
E9vMd75UB2be,111,,incorrect,
E9vMd75UB2be,112,,incorrect,
E9vMd75UB2be,113,,correct,
E9vMd75UB2be,114,,incorrect,
E9vMd75UB2be,115,,correct,
E9vMd75UB2be,116,,incorrect,
E9vMd75UB2be,117,,correct,
E9vMd75UB2be,118,,incorrect,
E9vMd75UB2be,119,,correct,
E9vMd75UB2be,120,,correct,
oVyzGGgOFu4f,91,,correct,
oVyzGGgOFu4f,92,,correct,
oVyzGGgOFu4f,93,,correct,
oVyzGGgOFu4f,94,,correct,
oVyzGGgOFu4f,95,,correct,
oVyzGGgOFu4f,96,,correct,
oVyzGGgOFu4f,97,,correct,
oVyzGGgOFu4f,98,,correct,
oVyzGGgOFu4f,99,,correct,
oVyzGGgOFu4f,100,,correct,
oVyzGGgOFu4f,101,,correct,
oVyzGGgOFu4f,102,,correct,
oVyzGGgOFu4f,103,,incorrect,
oVyzGGgOFu4f,104,,correct,
oVyzGGgOFu4f,105,,correct,
oVyzGGgOFu4f,106,,correct,
oVyzGGgOFu4f,107,,incorrect,
oVyzGGgOFu4f,108,,incorrect,
oVyzGGgOFu4f,109,,correct,
oVyzGGgOFu4f,110,,correct,
oVyzGGgOFu4f,111,,correct,
oVyzGGgOFu4f,112,,correct,
oVyzGGgOFu4f,113,,correct,
oVyzGGgOFu4f,114,,correct,
oVyzGGgOFu4f,115,,correct,
oVyzGGgOFu4f,116,,correct,
oVyzGGgOFu4f,117,,correct,
oVyzGGgOFu4f,118,,incorrect,
oVyzGGgOFu4f,119,,incorrect,
oVyzGGgOFu4f,120,,correct,
bUBpyoQOQ4Ov,91,,correct,
bUBpyoQOQ4Ov,92,,correct,
bUBpyoQOQ4Ov,93,,correct,
bUBpyoQOQ4Ov,94,,correct,
bUBpyoQOQ4Ov,95,,correct,
bUBpyoQOQ4Ov,96,,correct,
bUBpyoQOQ4Ov,97,,correct,
bUBpyoQOQ4Ov,98,,correct,
bUBpyoQOQ4Ov,99,,correct,
bUBpyoQOQ4Ov,100,,correct,
bUBpyoQOQ4Ov,101,,correct,
bUBpyoQOQ4Ov,102,,correct,
bUBpyoQOQ4Ov,103,,incorrect,
bUBpyoQOQ4Ov,104,,correct,
bUBpyoQOQ4Ov,105,,correct,
bUBpyoQOQ4Ov,106,,correct,
bUBpyoQOQ4Ov,107,,incorrect,
bUBpyoQOQ4Ov,108,,incorrect,
bUBpyoQOQ4Ov,109,,correct,
bUBpyoQOQ4Ov,110,,correct,
bUBpyoQOQ4Ov,111,,correct,
bUBpyoQOQ4Ov,112,,correct,
bUBpyoQOQ4Ov,113,,correct,
bUBpyoQOQ4Ov,114,,correct,
bUBpyoQOQ4Ov,115,,correct,
bUBpyoQOQ4Ov,116,,correct,
bUBpyoQOQ4Ov,117,,correct,
bUBpyoQOQ4Ov,118,,incorrect,
bUBpyoQOQ4Ov,119,,incorrect,
bUBpyoQOQ4Ov,120,,correct,
N0qYmYE8QD78,91,,incorrect,
N0qYmYE8QD78,92,,correct,
N0qYmYE8QD78,93,,correct,
N0qYmYE8QD78,94,,correct,
N0qYmYE8QD78,95,,correct,
N0qYmYE8QD78,96,,correct,
N0qYmYE8QD78,97,,correct,
N0qYmYE8QD78,98,,correct,
N0qYmYE8QD78,99,,correct,
N0qYmYE8QD78,100,,correct,
N0qYmYE8QD78,101,,correct,
N0qYmYE8QD78,102,,correct,
N0qYmYE8QD78,103,,correct,
N0qYmYE8QD78,104,,correct,
N0qYmYE8QD78,105,,correct,
N0qYmYE8QD78,106,,correct,
N0qYmYE8QD78,107,,incorrect,
N0qYmYE8QD78,108,,incorrect,
N0qYmYE8QD78,109,,correct,
N0qYmYE8QD78,110,,correct,
N0qYmYE8QD78,111,,correct,
N0qYmYE8QD78,112,,correct,
N0qYmYE8QD78,113,,correct,
N0qYmYE8QD78,114,,correct,
N0qYmYE8QD78,115,,incorrect,
N0qYmYE8QD78,116,,correct,
N0qYmYE8QD78,117,,correct,
N0qYmYE8QD78,118,,incorrect,
N0qYmYE8QD78,119,,incorrect,
N0qYmYE8QD78,120,,correct,
r5xiR4T4onQf,91,,correct,
r5xiR4T4onQf,92,,correct,
r5xiR4T4onQf,93,,correct,
r5xiR4T4onQf,94,,correct,
r5xiR4T4onQf,95,,correct,
r5xiR4T4onQf,96,,correct,
r5xiR4T4onQf,97,,incorrect,
r5xiR4T4onQf,98,,correct,
r5xiR4T4onQf,99,,correct,
r5xiR4T4onQf,100,,correct,
r5xiR4T4onQf,101,,incorrect,
r5xiR4T4onQf,102,,incorrect,
r5xiR4T4onQf,103,,incorrect,
r5xiR4T4onQf,104,,correct,
r5xiR4T4onQf,105,,correct,
r5xiR4T4onQf,106,,correct,
r5xiR4T4onQf,107,,incorrect,
r5xiR4T4onQf,108,,incorrect,
r5xiR4T4onQf,109,,incorrect,
r5xiR4T4onQf,110,,incorrect,
r5xiR4T4onQf,111,,correct,
r5xiR4T4onQf,112,,correct,
r5xiR4T4onQf,113,,incorrect,
r5xiR4T4onQf,114,,correct,
r5xiR4T4onQf,115,,correct,
r5xiR4T4onQf,116,,correct,
r5xiR4T4onQf,117,,incorrect,
r5xiR4T4onQf,118,,incorrect,
r5xiR4T4onQf,119,,incorrect,
r5xiR4T4onQf,120,,correct,
pS17HUA271Nx,91,,correct,
pS17HUA271Nx,92,,correct,
pS17HUA271Nx,93,,correct,
pS17HUA271Nx,94,,correct,
pS17HUA271Nx,95,,incorrect,
pS17HUA271Nx,96,,correct,
pS17HUA271Nx,97,,correct,
pS17HUA271Nx,98,,correct,
pS17HUA271Nx,99,,incorrect,
pS17HUA271Nx,100,,correct,
pS17HUA271Nx,101,,correct,
pS17HUA271Nx,102,,correct,
pS17HUA271Nx,103,,incorrect,
pS17HUA271Nx,104,,correct,
pS17HUA271Nx,105,,correct,
pS17HUA271Nx,106,,correct,
pS17HUA271Nx,107,,incorrect,
pS17HUA271Nx,108,,correct,
pS17HUA271Nx,109,,correct,
pS17HUA271Nx,110,,incorrect,
pS17HUA271Nx,111,,incorrect,
pS17HUA271Nx,112,,incorrect,
pS17HUA271Nx,113,,correct,
pS17HUA271Nx,114,,incorrect,
pS17HUA271Nx,115,,correct,
pS17HUA271Nx,116,,incorrect,
pS17HUA271Nx,117,,correct,
pS17HUA271Nx,118,,incorrect,
pS17HUA271Nx,119,,correct,
pS17HUA271Nx,120,,correct,
Lo0o6MK08TyI,91,,correct,
Lo0o6MK08TyI,92,,correct,
Lo0o6MK08TyI,93,,correct,
Lo0o6MK08TyI,94,,correct,
Lo0o6MK08TyI,95,,correct,
Lo0o6MK08TyI,96,,correct,
Lo0o6MK08TyI,97,,correct,
Lo0o6MK08TyI,98,,correct,
Lo0o6MK08TyI,99,,correct,
Lo0o6MK08TyI,100,,correct,
Lo0o6MK08TyI,101,,correct,
Lo0o6MK08TyI,102,,correct,
Lo0o6MK08TyI,103,,incorrect,
Lo0o6MK08TyI,104,,correct,
Lo0o6MK08TyI,105,,correct,
Lo0o6MK08TyI,106,,correct,
Lo0o6MK08TyI,107,,correct,
Lo0o6MK08TyI,108,,incorrect,
Lo0o6MK08TyI,109,,correct,
Lo0o6MK08TyI,110,,correct,
Lo0o6MK08TyI,111,,correct,
Lo0o6MK08TyI,112,,correct,
Lo0o6MK08TyI,113,,correct,
Lo0o6MK08TyI,114,,correct,
Lo0o6MK08TyI,115,,correct,
Lo0o6MK08TyI,116,,correct,
Lo0o6MK08TyI,117,,correct,
Lo0o6MK08TyI,118,,incorrect,
Lo0o6MK08TyI,119,,incorrect,
Lo0o6MK08TyI,120,,correct,
OHaSXzUdzChO,91,,correct,
OHaSXzUdzChO,92,,correct,
OHaSXzUdzChO,93,,correct,
OHaSXzUdzChO,94,,correct,
OHaSXzUdzChO,95,,correct,
OHaSXzUdzChO,96,,correct,
OHaSXzUdzChO,97,,correct,
OHaSXzUdzChO,98,,correct,
OHaSXzUdzChO,99,,correct,
OHaSXzUdzChO,100,,correct,
OHaSXzUdzChO,101,,correct,
OHaSXzUdzChO,102,,correct,
OHaSXzUdzChO,103,,incorrect,
OHaSXzUdzChO,104,,correct,
OHaSXzUdzChO,105,,correct,
OHaSXzUdzChO,106,,correct,
OHaSXzUdzChO,107,,correct,
OHaSXzUdzChO,108,,correct,
OHaSXzUdzChO,109,,incorrect,
OHaSXzUdzChO,110,,correct,
OHaSXzUdzChO,111,,correct,
OHaSXzUdzChO,112,,correct,
OHaSXzUdzChO,113,,correct,
OHaSXzUdzChO,114,,correct,
OHaSXzUdzChO,115,,correct,
OHaSXzUdzChO,116,,correct,
OHaSXzUdzChO,117,,correct,
OHaSXzUdzChO,118,,incorrect,
OHaSXzUdzChO,119,,incorrect,
OHaSXzUdzChO,120,,correct,
0rzpTGhVxVJU,91,,correct,
0rzpTGhVxVJU,92,,correct,
0rzpTGhVxVJU,93,,correct,
0rzpTGhVxVJU,94,,correct,
0rzpTGhVxVJU,95,,correct,
0rzpTGhVxVJU,96,,correct,
0rzpTGhVxVJU,97,,correct,
0rzpTGhVxVJU,98,,correct,
0rzpTGhVxVJU,99,,correct,
0rzpTGhVxVJU,100,,correct,
0rzpTGhVxVJU,101,,correct,
0rzpTGhVxVJU,102,,correct,
0rzpTGhVxVJU,103,,correct,
0rzpTGhVxVJU,104,,correct,
0rzpTGhVxVJU,105,,incorrect,
0rzpTGhVxVJU,106,,correct,
0rzpTGhVxVJU,107,,correct,
0rzpTGhVxVJU,108,,correct,
0rzpTGhVxVJU,109,,correct,
0rzpTGhVxVJU,110,,correct,
0rzpTGhVxVJU,111,,correct,
0rzpTGhVxVJU,112,,correct,
0rzpTGhVxVJU,113,,incorrect,
0rzpTGhVxVJU,114,,incorrect,
0rzpTGhVxVJU,115,,correct,
0rzpTGhVxVJU,116,,correct,
0rzpTGhVxVJU,117,,incorrect,
0rzpTGhVxVJU,118,,incorrect,
0rzpTGhVxVJU,119,,incorrect,
0rzpTGhVxVJU,120,,incorrect,
Oc5QucHDsmjC,91,,correct,
Oc5QucHDsmjC,92,,correct,
Oc5QucHDsmjC,93,,correct,
Oc5QucHDsmjC,94,,correct,
Oc5QucHDsmjC,95,,correct,
Oc5QucHDsmjC,96,,correct,
Oc5QucHDsmjC,97,,correct,
Oc5QucHDsmjC,98,,correct,
Oc5QucHDsmjC,99,,correct,
Oc5QucHDsmjC,100,,correct,
Oc5QucHDsmjC,101,,correct,
Oc5QucHDsmjC,102,,correct,
Oc5QucHDsmjC,103,,incorrect,
Oc5QucHDsmjC,104,,correct,
Oc5QucHDsmjC,105,,correct,
Oc5QucHDsmjC,106,,correct,
Oc5QucHDsmjC,107,,correct,
Oc5QucHDsmjC,108,,correct,
Oc5QucHDsmjC,109,,incorrect,
Oc5QucHDsmjC,110,,correct,
Oc5QucHDsmjC,111,,correct,
Oc5QucHDsmjC,112,,correct,
Oc5QucHDsmjC,113,,correct,
Oc5QucHDsmjC,114,,correct,
Oc5QucHDsmjC,115,,correct,
Oc5QucHDsmjC,116,,correct,
Oc5QucHDsmjC,117,,correct,
Oc5QucHDsmjC,118,,incorrect,
Oc5QucHDsmjC,119,,correct,
Oc5QucHDsmjC,120,,correct,
GiNOB0aoa84q,91,,correct,
GiNOB0aoa84q,92,,correct,
GiNOB0aoa84q,93,,correct,
GiNOB0aoa84q,94,,correct,
GiNOB0aoa84q,95,,correct,
GiNOB0aoa84q,96,,correct,
GiNOB0aoa84q,97,,correct,
GiNOB0aoa84q,98,,correct,
GiNOB0aoa84q,99,,correct,
GiNOB0aoa84q,100,,correct,
GiNOB0aoa84q,101,,correct,
GiNOB0aoa84q,102,,correct,
GiNOB0aoa84q,103,,correct,
GiNOB0aoa84q,104,,correct,
GiNOB0aoa84q,105,,correct,
GiNOB0aoa84q,106,,correct,
GiNOB0aoa84q,107,,correct,
GiNOB0aoa84q,108,,correct,
GiNOB0aoa84q,109,,incorrect,
GiNOB0aoa84q,110,,correct,
GiNOB0aoa84q,111,,correct,
GiNOB0aoa84q,112,,correct,
GiNOB0aoa84q,113,,correct,
GiNOB0aoa84q,114,,incorrect,
GiNOB0aoa84q,115,,correct,
GiNOB0aoa84q,116,,correct,
GiNOB0aoa84q,117,,correct,
GiNOB0aoa84q,118,,incorrect,
GiNOB0aoa84q,119,,incorrect,
GiNOB0aoa84q,120,,correct,
VgoqnXYkjUhL,91,,correct,
VgoqnXYkjUhL,92,,correct,
VgoqnXYkjUhL,93,,correct,
VgoqnXYkjUhL,94,,correct,
VgoqnXYkjUhL,95,,correct,
VgoqnXYkjUhL,96,,correct,
VgoqnXYkjUhL,97,,correct,
VgoqnXYkjUhL,98,,correct,
VgoqnXYkjUhL,99,,correct,
VgoqnXYkjUhL,100,,correct,
VgoqnXYkjUhL,101,,correct,
VgoqnXYkjUhL,102,,correct,
VgoqnXYkjUhL,103,,incorrect,
VgoqnXYkjUhL,104,,correct,
VgoqnXYkjUhL,105,,correct,
VgoqnXYkjUhL,106,,correct,
VgoqnXYkjUhL,107,,correct,
VgoqnXYkjUhL,108,,correct,
VgoqnXYkjUhL,109,,incorrect,
VgoqnXYkjUhL,110,,correct,
VgoqnXYkjUhL,111,,correct,
VgoqnXYkjUhL,112,,correct,
VgoqnXYkjUhL,113,,correct,
VgoqnXYkjUhL,114,,correct,
VgoqnXYkjUhL,115,,correct,
VgoqnXYkjUhL,116,,correct,
VgoqnXYkjUhL,117,,correct,
VgoqnXYkjUhL,118,,incorrect,
VgoqnXYkjUhL,119,,correct,
VgoqnXYkjUhL,120,,correct,
DI3Mqi034afd,91,,correct,
DI3Mqi034afd,92,,correct,
DI3Mqi034afd,93,,correct,
DI3Mqi034afd,94,,correct,
DI3Mqi034afd,95,,correct,
DI3Mqi034afd,96,,correct,
DI3Mqi034afd,97,,correct,
DI3Mqi034afd,98,,correct,
DI3Mqi034afd,99,,correct,
DI3Mqi034afd,100,,correct,
DI3Mqi034afd,101,,correct,
DI3Mqi034afd,102,,correct,
DI3Mqi034afd,103,,incorrect,
DI3Mqi034afd,104,,correct,
DI3Mqi034afd,105,,correct,
DI3Mqi034afd,106,,correct,
DI3Mqi034afd,107,,correct,
DI3Mqi034afd,108,,correct,
DI3Mqi034afd,109,,incorrect,
DI3Mqi034afd,110,,correct,
DI3Mqi034afd,111,,correct,
DI3Mqi034afd,112,,correct,
DI3Mqi034afd,113,,correct,
DI3Mqi034afd,114,,correct,
DI3Mqi034afd,115,,correct,
DI3Mqi034afd,116,,correct,
DI3Mqi034afd,117,,correct,
DI3Mqi034afd,118,,incorrect,
DI3Mqi034afd,119,,correct,
DI3Mqi034afd,120,,correct,
2AQDG30NeIzY,91,,correct,
2AQDG30NeIzY,92,,correct,
2AQDG30NeIzY,93,,correct,
2AQDG30NeIzY,94,,correct,
2AQDG30NeIzY,95,,correct,
2AQDG30NeIzY,96,,correct,
2AQDG30NeIzY,97,,correct,
2AQDG30NeIzY,98,,correct,
2AQDG30NeIzY,99,,correct,
2AQDG30NeIzY,100,,correct,
2AQDG30NeIzY,101,,correct,
2AQDG30NeIzY,102,,correct,
2AQDG30NeIzY,103,,correct,
2AQDG30NeIzY,104,,correct,
2AQDG30NeIzY,105,,correct,
2AQDG30NeIzY,106,,correct,
2AQDG30NeIzY,107,,correct,
2AQDG30NeIzY,108,,correct,
2AQDG30NeIzY,109,,incorrect,
2AQDG30NeIzY,110,,correct,
2AQDG30NeIzY,111,,correct,
2AQDG30NeIzY,112,,correct,
2AQDG30NeIzY,113,,correct,
2AQDG30NeIzY,114,,incorrect,
2AQDG30NeIzY,115,,correct,
2AQDG30NeIzY,116,,incorrect,
2AQDG30NeIzY,117,,correct,
2AQDG30NeIzY,118,,incorrect,
2AQDG30NeIzY,119,,incorrect,
2AQDG30NeIzY,120,,correct,
y9lkze6lHiAa,91,,correct,
y9lkze6lHiAa,92,,correct,
y9lkze6lHiAa,93,,correct,
y9lkze6lHiAa,94,,correct,
y9lkze6lHiAa,95,,incorrect,
y9lkze6lHiAa,96,,correct,
y9lkze6lHiAa,97,,incorrect,
y9lkze6lHiAa,98,,incorrect,
y9lkze6lHiAa,99,,incorrect,
y9lkze6lHiAa,100,,correct,
y9lkze6lHiAa,101,,incorrect,
y9lkze6lHiAa,102,,incorrect,
y9lkze6lHiAa,103,,incorrect,
y9lkze6lHiAa,104,,incorrect,
y9lkze6lHiAa,105,,correct,
y9lkze6lHiAa,106,,incorrect,
y9lkze6lHiAa,107,,incorrect,
y9lkze6lHiAa,108,,incorrect,
y9lkze6lHiAa,109,,incorrect,
y9lkze6lHiAa,110,,correct,
y9lkze6lHiAa,111,,correct,
y9lkze6lHiAa,112,,incorrect,
y9lkze6lHiAa,113,,correct,
y9lkze6lHiAa,114,,incorrect,
y9lkze6lHiAa,115,,correct,
y9lkze6lHiAa,116,,correct,
y9lkze6lHiAa,117,,incorrect,
y9lkze6lHiAa,118,,incorrect,
y9lkze6lHiAa,119,,incorrect,
y9lkze6lHiAa,120,,incorrect,
TYE4dgTYGdCn,91,,correct,
TYE4dgTYGdCn,92,,correct,
TYE4dgTYGdCn,93,,correct,
TYE4dgTYGdCn,94,,correct,
TYE4dgTYGdCn,95,,correct,
TYE4dgTYGdCn,96,,correct,
TYE4dgTYGdCn,97,,incorrect,
TYE4dgTYGdCn,98,,correct,
TYE4dgTYGdCn,99,,correct,
TYE4dgTYGdCn,100,,correct,
TYE4dgTYGdCn,101,,correct,
TYE4dgTYGdCn,102,,correct,
TYE4dgTYGdCn,103,,incorrect,
TYE4dgTYGdCn,104,,correct,
TYE4dgTYGdCn,105,,incorrect,
TYE4dgTYGdCn,106,,correct,
TYE4dgTYGdCn,107,,incorrect,
TYE4dgTYGdCn,108,,correct,
TYE4dgTYGdCn,109,,incorrect,
TYE4dgTYGdCn,110,,correct,
TYE4dgTYGdCn,111,,correct,
TYE4dgTYGdCn,112,,correct,
TYE4dgTYGdCn,113,,correct,
TYE4dgTYGdCn,114,,incorrect,
TYE4dgTYGdCn,115,,correct,
TYE4dgTYGdCn,116,,incorrect,
TYE4dgTYGdCn,117,,correct,
TYE4dgTYGdCn,118,,incorrect,
TYE4dgTYGdCn,119,,correct,
TYE4dgTYGdCn,120,,correct,
pJCSXvZHMyH1,91,,correct,
pJCSXvZHMyH1,92,,correct,
pJCSXvZHMyH1,93,,correct,
pJCSXvZHMyH1,94,,correct,
pJCSXvZHMyH1,95,,correct,
pJCSXvZHMyH1,96,,correct,
pJCSXvZHMyH1,97,,incorrect,
pJCSXvZHMyH1,98,,correct,
pJCSXvZHMyH1,99,,correct,
pJCSXvZHMyH1,100,,correct,
pJCSXvZHMyH1,101,,correct,
pJCSXvZHMyH1,102,,correct,
pJCSXvZHMyH1,103,,incorrect,
pJCSXvZHMyH1,104,,correct,
pJCSXvZHMyH1,105,,incorrect,
pJCSXvZHMyH1,106,,correct,
pJCSXvZHMyH1,107,,incorrect,
pJCSXvZHMyH1,108,,correct,
pJCSXvZHMyH1,109,,incorrect,
pJCSXvZHMyH1,110,,correct,
pJCSXvZHMyH1,111,,correct,
pJCSXvZHMyH1,112,,correct,
pJCSXvZHMyH1,113,,correct,
pJCSXvZHMyH1,114,,incorrect,
pJCSXvZHMyH1,115,,correct,
pJCSXvZHMyH1,116,,incorrect,
pJCSXvZHMyH1,117,,correct,
pJCSXvZHMyH1,118,,incorrect,
pJCSXvZHMyH1,119,,correct,
pJCSXvZHMyH1,120,,correct,
yKhvr1tKGpJF,91,,correct,
yKhvr1tKGpJF,92,,correct,
yKhvr1tKGpJF,93,,correct,
yKhvr1tKGpJF,94,,correct,
yKhvr1tKGpJF,95,,correct,
yKhvr1tKGpJF,96,,correct,
yKhvr1tKGpJF,97,,correct,
yKhvr1tKGpJF,98,,correct,
yKhvr1tKGpJF,99,,correct,
yKhvr1tKGpJF,100,,correct,
yKhvr1tKGpJF,101,,correct,
yKhvr1tKGpJF,102,,correct,
yKhvr1tKGpJF,103,,incorrect,
yKhvr1tKGpJF,104,,correct,
yKhvr1tKGpJF,105,,correct,
yKhvr1tKGpJF,106,,correct,
yKhvr1tKGpJF,107,,correct,
yKhvr1tKGpJF,108,,correct,
yKhvr1tKGpJF,109,,incorrect,
yKhvr1tKGpJF,110,,correct,
yKhvr1tKGpJF,111,,correct,
yKhvr1tKGpJF,112,,correct,
yKhvr1tKGpJF,113,,correct,
yKhvr1tKGpJF,114,,correct,
yKhvr1tKGpJF,115,,correct,
yKhvr1tKGpJF,116,,correct,
yKhvr1tKGpJF,117,,correct,
yKhvr1tKGpJF,118,,correct,
yKhvr1tKGpJF,119,,correct,
yKhvr1tKGpJF,120,,correct,
hpYESXQ1czwb,91,,correct,
hpYESXQ1czwb,92,,correct,
hpYESXQ1czwb,93,,correct,
hpYESXQ1czwb,94,,correct,
hpYESXQ1czwb,95,,correct,
hpYESXQ1czwb,96,,correct,
hpYESXQ1czwb,97,,incorrect,
hpYESXQ1czwb,98,,correct,
hpYESXQ1czwb,99,,correct,
hpYESXQ1czwb,100,,correct,
hpYESXQ1czwb,101,,correct,
hpYESXQ1czwb,102,,correct,
hpYESXQ1czwb,103,,incorrect,
hpYESXQ1czwb,104,,correct,
hpYESXQ1czwb,105,,incorrect,
hpYESXQ1czwb,106,,correct,
hpYESXQ1czwb,107,,incorrect,
hpYESXQ1czwb,108,,correct,
hpYESXQ1czwb,109,,incorrect,
hpYESXQ1czwb,110,,correct,
hpYESXQ1czwb,111,,correct,
hpYESXQ1czwb,112,,correct,
hpYESXQ1czwb,113,,correct,
hpYESXQ1czwb,114,,incorrect,
hpYESXQ1czwb,115,,correct,
hpYESXQ1czwb,116,,incorrect,
hpYESXQ1czwb,117,,correct,
hpYESXQ1czwb,118,,incorrect,
hpYESXQ1czwb,119,,correct,
hpYESXQ1czwb,120,,correct,
Ui0yLwC2YxnT,91,,correct,
Ui0yLwC2YxnT,92,,correct,
Ui0yLwC2YxnT,93,,correct,
Ui0yLwC2YxnT,94,,correct,
Ui0yLwC2YxnT,95,,correct,
Ui0yLwC2YxnT,96,,correct,
Ui0yLwC2YxnT,97,,correct,
Ui0yLwC2YxnT,98,,correct,
Ui0yLwC2YxnT,99,,correct,
Ui0yLwC2YxnT,100,,correct,
Ui0yLwC2YxnT,101,,correct,
Ui0yLwC2YxnT,102,,correct,
Ui0yLwC2YxnT,103,,incorrect,
Ui0yLwC2YxnT,104,,correct,
Ui0yLwC2YxnT,105,,correct,
Ui0yLwC2YxnT,106,,correct,
Ui0yLwC2YxnT,107,,incorrect,
Ui0yLwC2YxnT,108,,correct,
Ui0yLwC2YxnT,109,,incorrect,
Ui0yLwC2YxnT,110,,correct,
Ui0yLwC2YxnT,111,,incorrect,
Ui0yLwC2YxnT,112,,correct,
Ui0yLwC2YxnT,113,,correct,
Ui0yLwC2YxnT,114,,correct,
Ui0yLwC2YxnT,115,,correct,
Ui0yLwC2YxnT,116,,correct,
Ui0yLwC2YxnT,117,,correct,
Ui0yLwC2YxnT,118,,correct,
Ui0yLwC2YxnT,119,,incorrect,
Ui0yLwC2YxnT,120,,correct,
8JOElN1piVew,91,,incorrect,
8JOElN1piVew,92,,correct,
8JOElN1piVew,93,,correct,
8JOElN1piVew,94,,correct,
8JOElN1piVew,95,,incorrect,
8JOElN1piVew,96,,correct,
8JOElN1piVew,97,,correct,
8JOElN1piVew,98,,correct,
8JOElN1piVew,99,,correct,
8JOElN1piVew,100,,correct,
8JOElN1piVew,101,,correct,
8JOElN1piVew,102,,correct,
8JOElN1piVew,103,,incorrect,
8JOElN1piVew,104,,correct,
8JOElN1piVew,105,,correct,
8JOElN1piVew,106,,correct,
8JOElN1piVew,107,,incorrect,
8JOElN1piVew,108,,incorrect,
8JOElN1piVew,109,,incorrect,
8JOElN1piVew,110,,correct,
8JOElN1piVew,111,,incorrect,
8JOElN1piVew,112,,correct,
8JOElN1piVew,113,,correct,
8JOElN1piVew,114,,correct,
8JOElN1piVew,115,,correct,
8JOElN1piVew,116,,correct,
8JOElN1piVew,117,,correct,
8JOElN1piVew,118,,correct,
8JOElN1piVew,119,,correct,
8JOElN1piVew,120,,correct,
nIdSwhLzwJKt,91,,correct,
nIdSwhLzwJKt,92,,correct,
nIdSwhLzwJKt,93,,correct,
nIdSwhLzwJKt,94,,correct,
nIdSwhLzwJKt,95,,correct,
nIdSwhLzwJKt,96,,correct,
nIdSwhLzwJKt,97,,correct,
nIdSwhLzwJKt,98,,correct,
nIdSwhLzwJKt,99,,correct,
nIdSwhLzwJKt,100,,correct,
nIdSwhLzwJKt,101,,correct,
nIdSwhLzwJKt,102,,correct,
nIdSwhLzwJKt,103,,incorrect,
nIdSwhLzwJKt,104,,correct,
nIdSwhLzwJKt,105,,correct,
nIdSwhLzwJKt,106,,correct,
nIdSwhLzwJKt,107,,correct,
nIdSwhLzwJKt,108,,correct,
nIdSwhLzwJKt,109,,incorrect,
nIdSwhLzwJKt,110,,correct,
nIdSwhLzwJKt,111,,incorrect,
nIdSwhLzwJKt,112,,correct,
nIdSwhLzwJKt,113,,correct,
nIdSwhLzwJKt,114,,correct,
nIdSwhLzwJKt,115,,correct,
nIdSwhLzwJKt,116,,correct,
nIdSwhLzwJKt,117,,correct,
nIdSwhLzwJKt,118,,incorrect,
nIdSwhLzwJKt,119,,correct,
nIdSwhLzwJKt,120,,correct,
m8rfSXHUenxh,91,,correct,
m8rfSXHUenxh,92,,correct,
m8rfSXHUenxh,93,,correct,
m8rfSXHUenxh,94,,correct,
m8rfSXHUenxh,95,,correct,
m8rfSXHUenxh,96,,correct,
m8rfSXHUenxh,97,,correct,
m8rfSXHUenxh,98,,correct,
m8rfSXHUenxh,99,,correct,
m8rfSXHUenxh,100,,correct,
m8rfSXHUenxh,101,,correct,
m8rfSXHUenxh,102,,correct,
m8rfSXHUenxh,103,,incorrect,
m8rfSXHUenxh,104,,correct,
m8rfSXHUenxh,105,,correct,
m8rfSXHUenxh,106,,correct,
m8rfSXHUenxh,107,,correct,
m8rfSXHUenxh,108,,correct,
m8rfSXHUenxh,109,,incorrect,
m8rfSXHUenxh,110,,correct,
m8rfSXHUenxh,111,,correct,
m8rfSXHUenxh,112,,incorrect,
m8rfSXHUenxh,113,,incorrect,
m8rfSXHUenxh,114,,correct,
m8rfSXHUenxh,115,,correct,
m8rfSXHUenxh,116,,correct,
m8rfSXHUenxh,117,,correct,
m8rfSXHUenxh,118,,incorrect,
m8rfSXHUenxh,119,,correct,
m8rfSXHUenxh,120,,correct,
wLeCyVvKyFT8,91,,correct,
wLeCyVvKyFT8,92,,correct,
wLeCyVvKyFT8,93,,correct,
wLeCyVvKyFT8,94,,correct,
wLeCyVvKyFT8,95,,correct,
wLeCyVvKyFT8,96,,correct,
wLeCyVvKyFT8,97,,correct,
wLeCyVvKyFT8,98,,correct,
wLeCyVvKyFT8,99,,correct,
wLeCyVvKyFT8,100,,correct,
wLeCyVvKyFT8,101,,correct,
wLeCyVvKyFT8,102,,correct,
wLeCyVvKyFT8,103,,incorrect,
wLeCyVvKyFT8,104,,correct,
wLeCyVvKyFT8,105,,correct,
wLeCyVvKyFT8,106,,correct,
wLeCyVvKyFT8,107,,incorrect,
wLeCyVvKyFT8,108,,incorrect,
wLeCyVvKyFT8,109,,correct,
wLeCyVvKyFT8,110,,correct,
wLeCyVvKyFT8,111,,correct,
wLeCyVvKyFT8,112,,correct,
wLeCyVvKyFT8,113,,correct,
wLeCyVvKyFT8,114,,correct,
wLeCyVvKyFT8,115,,correct,
wLeCyVvKyFT8,116,,correct,
wLeCyVvKyFT8,117,,correct,
wLeCyVvKyFT8,118,,incorrect,
wLeCyVvKyFT8,119,,incorrect,
wLeCyVvKyFT8,120,,correct,
5WCMaHHFn6WV,91,,correct,
5WCMaHHFn6WV,92,,correct,
5WCMaHHFn6WV,93,,correct,
5WCMaHHFn6WV,94,,correct,
5WCMaHHFn6WV,95,,correct,
5WCMaHHFn6WV,96,,correct,
5WCMaHHFn6WV,97,,correct,
5WCMaHHFn6WV,98,,correct,
5WCMaHHFn6WV,99,,correct,
5WCMaHHFn6WV,100,,correct,
5WCMaHHFn6WV,101,,correct,
5WCMaHHFn6WV,102,,correct,
5WCMaHHFn6WV,103,,correct,
5WCMaHHFn6WV,104,,correct,
5WCMaHHFn6WV,105,,incorrect,
5WCMaHHFn6WV,106,,correct,
5WCMaHHFn6WV,107,,correct,
5WCMaHHFn6WV,108,,correct,
5WCMaHHFn6WV,109,,incorrect,
5WCMaHHFn6WV,110,,correct,
5WCMaHHFn6WV,111,,incorrect,
5WCMaHHFn6WV,112,,incorrect,
5WCMaHHFn6WV,113,,incorrect,
5WCMaHHFn6WV,114,,correct,
5WCMaHHFn6WV,115,,correct,
5WCMaHHFn6WV,116,,correct,
5WCMaHHFn6WV,117,,correct,
5WCMaHHFn6WV,118,,correct,
5WCMaHHFn6WV,119,,incorrect,
5WCMaHHFn6WV,120,,correct,
OLMmduueQtv7,91,,correct,
OLMmduueQtv7,92,,correct,
OLMmduueQtv7,93,,correct,
OLMmduueQtv7,94,,correct,
OLMmduueQtv7,95,,correct,
OLMmduueQtv7,96,,correct,
OLMmduueQtv7,97,,correct,
OLMmduueQtv7,98,,correct,
OLMmduueQtv7,99,,correct,
OLMmduueQtv7,100,,correct,
OLMmduueQtv7,101,,correct,
OLMmduueQtv7,102,,correct,
OLMmduueQtv7,103,,incorrect,
OLMmduueQtv7,104,,correct,
OLMmduueQtv7,105,,correct,
OLMmduueQtv7,106,,correct,
OLMmduueQtv7,107,,incorrect,
OLMmduueQtv7,108,,incorrect,
OLMmduueQtv7,109,,correct,
OLMmduueQtv7,110,,correct,
OLMmduueQtv7,111,,correct,
OLMmduueQtv7,112,,correct,
OLMmduueQtv7,113,,correct,
OLMmduueQtv7,114,,correct,
OLMmduueQtv7,115,,correct,
OLMmduueQtv7,116,,correct,
OLMmduueQtv7,117,,correct,
OLMmduueQtv7,118,,incorrect,
OLMmduueQtv7,119,,correct,
OLMmduueQtv7,120,,correct,
CyGywfdJf5VZ,91,,correct,
CyGywfdJf5VZ,92,,correct,
CyGywfdJf5VZ,93,,correct,
CyGywfdJf5VZ,94,,correct,
CyGywfdJf5VZ,95,,correct,
CyGywfdJf5VZ,96,,correct,
CyGywfdJf5VZ,97,,correct,
CyGywfdJf5VZ,98,,correct,
CyGywfdJf5VZ,99,,correct,
CyGywfdJf5VZ,100,,correct,
CyGywfdJf5VZ,101,,correct,
CyGywfdJf5VZ,102,,correct,
CyGywfdJf5VZ,103,,incorrect,
CyGywfdJf5VZ,104,,correct,
CyGywfdJf5VZ,105,,correct,
CyGywfdJf5VZ,106,,correct,
CyGywfdJf5VZ,107,,incorrect,
CyGywfdJf5VZ,108,,incorrect,
CyGywfdJf5VZ,109,,correct,
CyGywfdJf5VZ,110,,correct,
CyGywfdJf5VZ,111,,incorrect,
CyGywfdJf5VZ,112,,correct,
CyGywfdJf5VZ,113,,correct,
CyGywfdJf5VZ,114,,correct,
CyGywfdJf5VZ,115,,correct,
CyGywfdJf5VZ,116,,correct,
CyGywfdJf5VZ,117,,correct,
CyGywfdJf5VZ,118,,incorrect,
CyGywfdJf5VZ,119,,incorrect,
CyGywfdJf5VZ,120,,incorrect,
tE1MOwmVibN4,91,,correct,
tE1MOwmVibN4,92,,correct,
tE1MOwmVibN4,93,,correct,
tE1MOwmVibN4,94,,correct,
tE1MOwmVibN4,95,,correct,
tE1MOwmVibN4,96,,correct,
tE1MOwmVibN4,97,,correct,
tE1MOwmVibN4,98,,correct,
tE1MOwmVibN4,99,,correct,
tE1MOwmVibN4,100,,correct,
tE1MOwmVibN4,101,,correct,
tE1MOwmVibN4,102,,correct,
tE1MOwmVibN4,103,,incorrect,
tE1MOwmVibN4,104,,correct,
tE1MOwmVibN4,105,,correct,
tE1MOwmVibN4,106,,correct,
tE1MOwmVibN4,107,,incorrect,
tE1MOwmVibN4,108,,incorrect,
tE1MOwmVibN4,109,,correct,
tE1MOwmVibN4,110,,correct,
tE1MOwmVibN4,111,,incorrect,
tE1MOwmVibN4,112,,correct,
tE1MOwmVibN4,113,,correct,
tE1MOwmVibN4,114,,correct,
tE1MOwmVibN4,115,,correct,
tE1MOwmVibN4,116,,correct,
tE1MOwmVibN4,117,,correct,
tE1MOwmVibN4,118,,incorrect,
tE1MOwmVibN4,119,,incorrect,
tE1MOwmVibN4,120,,incorrect,
aeQlX5jbZHXw,91,,correct,
aeQlX5jbZHXw,92,,correct,
aeQlX5jbZHXw,93,,correct,
aeQlX5jbZHXw,94,,correct,
aeQlX5jbZHXw,95,,correct,
aeQlX5jbZHXw,96,,correct,
aeQlX5jbZHXw,97,,correct,
aeQlX5jbZHXw,98,,correct,
aeQlX5jbZHXw,99,,correct,
aeQlX5jbZHXw,100,,correct,
aeQlX5jbZHXw,101,,correct,
aeQlX5jbZHXw,102,,correct,
aeQlX5jbZHXw,103,,incorrect,
aeQlX5jbZHXw,104,,correct,
aeQlX5jbZHXw,105,,correct,
aeQlX5jbZHXw,106,,correct,
aeQlX5jbZHXw,107,,correct,
aeQlX5jbZHXw,108,,incorrect,
aeQlX5jbZHXw,109,,incorrect,
aeQlX5jbZHXw,110,,correct,
aeQlX5jbZHXw,111,,correct,
aeQlX5jbZHXw,112,,correct,
aeQlX5jbZHXw,113,,correct,
aeQlX5jbZHXw,114,,correct,
aeQlX5jbZHXw,115,,correct,
aeQlX5jbZHXw,116,,correct,
aeQlX5jbZHXw,117,,correct,
aeQlX5jbZHXw,118,,incorrect,
aeQlX5jbZHXw,119,,incorrect,
aeQlX5jbZHXw,120,,correct,
BJE8NOUNFGYz,91,,correct,
BJE8NOUNFGYz,92,,correct,
BJE8NOUNFGYz,93,,correct,
BJE8NOUNFGYz,94,,correct,
BJE8NOUNFGYz,95,,correct,
BJE8NOUNFGYz,96,,correct,
BJE8NOUNFGYz,97,,correct,
BJE8NOUNFGYz,98,,correct,
BJE8NOUNFGYz,99,,correct,
BJE8NOUNFGYz,100,,correct,
BJE8NOUNFGYz,101,,correct,
BJE8NOUNFGYz,102,,correct,
BJE8NOUNFGYz,103,,correct,
BJE8NOUNFGYz,104,,correct,
BJE8NOUNFGYz,105,,correct,
BJE8NOUNFGYz,106,,correct,
BJE8NOUNFGYz,107,,correct,
BJE8NOUNFGYz,108,,correct,
BJE8NOUNFGYz,109,,incorrect,
BJE8NOUNFGYz,110,,correct,
BJE8NOUNFGYz,111,,correct,
BJE8NOUNFGYz,112,,incorrect,
BJE8NOUNFGYz,113,,correct,
BJE8NOUNFGYz,114,,correct,
BJE8NOUNFGYz,115,,correct,
BJE8NOUNFGYz,116,,incorrect,
BJE8NOUNFGYz,117,,correct,
BJE8NOUNFGYz,118,,incorrect,
BJE8NOUNFGYz,119,,incorrect,
BJE8NOUNFGYz,120,,correct,
ROaS3EN46XLy,91,,correct,
ROaS3EN46XLy,92,,correct,
ROaS3EN46XLy,93,,correct,
ROaS3EN46XLy,94,,correct,
ROaS3EN46XLy,95,,correct,
ROaS3EN46XLy,96,,correct,
ROaS3EN46XLy,97,,correct,
ROaS3EN46XLy,98,,correct,
ROaS3EN46XLy,99,,correct,
ROaS3EN46XLy,100,,correct,
ROaS3EN46XLy,101,,correct,
ROaS3EN46XLy,102,,correct,
ROaS3EN46XLy,103,,incorrect,
ROaS3EN46XLy,104,,correct,
ROaS3EN46XLy,105,,correct,
ROaS3EN46XLy,106,,incorrect,
ROaS3EN46XLy,107,,incorrect,
ROaS3EN46XLy,108,,correct,
ROaS3EN46XLy,109,,incorrect,
ROaS3EN46XLy,110,,correct,
ROaS3EN46XLy,111,,correct,
ROaS3EN46XLy,112,,correct,
ROaS3EN46XLy,113,,correct,
ROaS3EN46XLy,114,,incorrect,
ROaS3EN46XLy,115,,correct,
ROaS3EN46XLy,116,,correct,
ROaS3EN46XLy,117,,correct,
ROaS3EN46XLy,118,,incorrect,
ROaS3EN46XLy,119,,incorrect,
ROaS3EN46XLy,120,,correct,
zeQInY6w8eBY,91,,correct,
zeQInY6w8eBY,92,,correct,
zeQInY6w8eBY,93,,correct,
zeQInY6w8eBY,94,,correct,
zeQInY6w8eBY,95,,correct,
zeQInY6w8eBY,96,,correct,
zeQInY6w8eBY,97,,correct,
zeQInY6w8eBY,98,,correct,
zeQInY6w8eBY,99,,correct,
zeQInY6w8eBY,100,,correct,
zeQInY6w8eBY,101,,correct,
zeQInY6w8eBY,102,,correct,
zeQInY6w8eBY,103,,incorrect,
zeQInY6w8eBY,104,,correct,
zeQInY6w8eBY,105,,correct,
zeQInY6w8eBY,106,,correct,
zeQInY6w8eBY,107,,incorrect,
zeQInY6w8eBY,108,,correct,
zeQInY6w8eBY,109,,incorrect,
zeQInY6w8eBY,110,,correct,
zeQInY6w8eBY,111,,correct,
zeQInY6w8eBY,112,,correct,
zeQInY6w8eBY,113,,correct,
zeQInY6w8eBY,114,,incorrect,
zeQInY6w8eBY,115,,correct,
zeQInY6w8eBY,116,,correct,
zeQInY6w8eBY,117,,correct,
zeQInY6w8eBY,118,,incorrect,
zeQInY6w8eBY,119,,incorrect,
zeQInY6w8eBY,120,,correct,
oXHAAQD8R9lF,91,,correct,
oXHAAQD8R9lF,92,,correct,
oXHAAQD8R9lF,93,,correct,
oXHAAQD8R9lF,94,,correct,
oXHAAQD8R9lF,95,,correct,
oXHAAQD8R9lF,96,,correct,
oXHAAQD8R9lF,97,,correct,
oXHAAQD8R9lF,98,,correct,
oXHAAQD8R9lF,99,,correct,
oXHAAQD8R9lF,100,,correct,
oXHAAQD8R9lF,101,,correct,
oXHAAQD8R9lF,102,,correct,
oXHAAQD8R9lF,103,,incorrect,
oXHAAQD8R9lF,104,,correct,
oXHAAQD8R9lF,105,,incorrect,
oXHAAQD8R9lF,106,,correct,
oXHAAQD8R9lF,107,,incorrect,
oXHAAQD8R9lF,108,,correct,
oXHAAQD8R9lF,109,,incorrect,
oXHAAQD8R9lF,110,,correct,
oXHAAQD8R9lF,111,,correct,
oXHAAQD8R9lF,112,,correct,
oXHAAQD8R9lF,113,,incorrect,
oXHAAQD8R9lF,114,,incorrect,
oXHAAQD8R9lF,115,,correct,
oXHAAQD8R9lF,116,,correct,
oXHAAQD8R9lF,117,,correct,
oXHAAQD8R9lF,118,,incorrect,
oXHAAQD8R9lF,119,,incorrect,
oXHAAQD8R9lF,120,,correct,
QJyEL3O7YA2f,91,,correct,
QJyEL3O7YA2f,92,,correct,
QJyEL3O7YA2f,93,,correct,
QJyEL3O7YA2f,94,,correct,
QJyEL3O7YA2f,95,,correct,
QJyEL3O7YA2f,96,,correct,
QJyEL3O7YA2f,97,,correct,
QJyEL3O7YA2f,98,,correct,
QJyEL3O7YA2f,99,,correct,
QJyEL3O7YA2f,100,,correct,
QJyEL3O7YA2f,101,,correct,
QJyEL3O7YA2f,102,,correct,
QJyEL3O7YA2f,103,,incorrect,
QJyEL3O7YA2f,104,,correct,
QJyEL3O7YA2f,105,,correct,
QJyEL3O7YA2f,106,,correct,
QJyEL3O7YA2f,107,,incorrect,
QJyEL3O7YA2f,108,,correct,
QJyEL3O7YA2f,109,,incorrect,
QJyEL3O7YA2f,110,,correct,
QJyEL3O7YA2f,111,,correct,
QJyEL3O7YA2f,112,,correct,
QJyEL3O7YA2f,113,,correct,
QJyEL3O7YA2f,114,,incorrect,
QJyEL3O7YA2f,115,,correct,
QJyEL3O7YA2f,116,,correct,
QJyEL3O7YA2f,117,,correct,
QJyEL3O7YA2f,118,,incorrect,
QJyEL3O7YA2f,119,,incorrect,
QJyEL3O7YA2f,120,,correct,
sg62FVLFX6BW,91,,incorrect,
sg62FVLFX6BW,92,,correct,
sg62FVLFX6BW,93,,correct,
sg62FVLFX6BW,94,,correct,
sg62FVLFX6BW,95,,correct,
sg62FVLFX6BW,96,,correct,
sg62FVLFX6BW,97,,correct,
sg62FVLFX6BW,98,,correct,
sg62FVLFX6BW,99,,correct,
sg62FVLFX6BW,100,,correct,
sg62FVLFX6BW,101,,correct,
sg62FVLFX6BW,102,,correct,
sg62FVLFX6BW,103,,incorrect,
sg62FVLFX6BW,104,,incorrect,
sg62FVLFX6BW,105,,correct,
sg62FVLFX6BW,106,,correct,
sg62FVLFX6BW,107,,correct,
sg62FVLFX6BW,108,,correct,
sg62FVLFX6BW,109,,incorrect,
sg62FVLFX6BW,110,,correct,
sg62FVLFX6BW,111,,incorrect,
sg62FVLFX6BW,112,,incorrect,
sg62FVLFX6BW,113,,incorrect,
sg62FVLFX6BW,114,,incorrect,
sg62FVLFX6BW,115,,correct,
sg62FVLFX6BW,116,,incorrect,
sg62FVLFX6BW,117,,correct,
sg62FVLFX6BW,118,,incorrect,
sg62FVLFX6BW,119,,incorrect,
sg62FVLFX6BW,120,,correct,
KwlNeadgH2OL,91,,correct,
KwlNeadgH2OL,92,,correct,
KwlNeadgH2OL,93,,correct,
KwlNeadgH2OL,94,,correct,
KwlNeadgH2OL,95,,correct,
KwlNeadgH2OL,96,,correct,
KwlNeadgH2OL,97,,correct,
KwlNeadgH2OL,98,,correct,
KwlNeadgH2OL,99,,correct,
KwlNeadgH2OL,100,,correct,
KwlNeadgH2OL,101,,correct,
KwlNeadgH2OL,102,,correct,
KwlNeadgH2OL,103,,correct,
KwlNeadgH2OL,104,,correct,
KwlNeadgH2OL,105,,correct,
KwlNeadgH2OL,106,,correct,
KwlNeadgH2OL,107,,incorrect,
KwlNeadgH2OL,108,,correct,
KwlNeadgH2OL,109,,correct,
KwlNeadgH2OL,110,,correct,
KwlNeadgH2OL,111,,correct,
KwlNeadgH2OL,112,,correct,
KwlNeadgH2OL,113,,correct,
KwlNeadgH2OL,114,,correct,
KwlNeadgH2OL,115,,correct,
KwlNeadgH2OL,116,,correct,
KwlNeadgH2OL,117,,correct,
KwlNeadgH2OL,118,,incorrect,
KwlNeadgH2OL,119,,incorrect,
KwlNeadgH2OL,120,,correct,
VqXqgB6ructd,91,,correct,
VqXqgB6ructd,92,,correct,
VqXqgB6ructd,93,,correct,
VqXqgB6ructd,94,,correct,
VqXqgB6ructd,95,,correct,
VqXqgB6ructd,96,,correct,
VqXqgB6ructd,97,,correct,
VqXqgB6ructd,98,,correct,
VqXqgB6ructd,99,,correct,
VqXqgB6ructd,100,,correct,
VqXqgB6ructd,101,,correct,
VqXqgB6ructd,102,,correct,
VqXqgB6ructd,103,,correct,
VqXqgB6ructd,104,,correct,
VqXqgB6ructd,105,,correct,
VqXqgB6ructd,106,,correct,
VqXqgB6ructd,107,,incorrect,
VqXqgB6ructd,108,,correct,
VqXqgB6ructd,109,,correct,
VqXqgB6ructd,110,,correct,
VqXqgB6ructd,111,,correct,
VqXqgB6ructd,112,,incorrect,
VqXqgB6ructd,113,,correct,
VqXqgB6ructd,114,,correct,
VqXqgB6ructd,115,,correct,
VqXqgB6ructd,116,,correct,
VqXqgB6ructd,117,,correct,
VqXqgB6ructd,118,,incorrect,
VqXqgB6ructd,119,,correct,
VqXqgB6ructd,120,,correct,
GiEhMndZmOa5,91,,correct,
GiEhMndZmOa5,92,,correct,
GiEhMndZmOa5,93,,correct,
GiEhMndZmOa5,94,,correct,
GiEhMndZmOa5,95,,correct,
GiEhMndZmOa5,96,,correct,
GiEhMndZmOa5,97,,correct,
GiEhMndZmOa5,98,,incorrect,
GiEhMndZmOa5,99,,correct,
GiEhMndZmOa5,100,,correct,
GiEhMndZmOa5,101,,correct,
GiEhMndZmOa5,102,,incorrect,
GiEhMndZmOa5,103,,correct,
GiEhMndZmOa5,104,,correct,
GiEhMndZmOa5,105,,correct,
GiEhMndZmOa5,106,,correct,
GiEhMndZmOa5,107,,correct,
GiEhMndZmOa5,108,,correct,
GiEhMndZmOa5,109,,correct,
GiEhMndZmOa5,110,,correct,
GiEhMndZmOa5,111,,correct,
GiEhMndZmOa5,112,,correct,
GiEhMndZmOa5,113,,correct,
GiEhMndZmOa5,114,,correct,
GiEhMndZmOa5,115,,correct,
GiEhMndZmOa5,116,,correct,
GiEhMndZmOa5,117,,correct,
GiEhMndZmOa5,118,,correct,
GiEhMndZmOa5,119,,incorrect,
GiEhMndZmOa5,120,,incorrect,
32nLuB1xqIO4,91,,correct,
32nLuB1xqIO4,92,,correct,
32nLuB1xqIO4,93,,correct,
32nLuB1xqIO4,94,,correct,
32nLuB1xqIO4,95,,correct,
32nLuB1xqIO4,96,,correct,
32nLuB1xqIO4,97,,correct,
32nLuB1xqIO4,98,,correct,
32nLuB1xqIO4,99,,correct,
32nLuB1xqIO4,100,,correct,
32nLuB1xqIO4,101,,correct,
32nLuB1xqIO4,102,,correct,
32nLuB1xqIO4,103,,incorrect,
32nLuB1xqIO4,104,,correct,
32nLuB1xqIO4,105,,correct,
32nLuB1xqIO4,106,,correct,
32nLuB1xqIO4,107,,correct,
32nLuB1xqIO4,108,,correct,
32nLuB1xqIO4,109,,incorrect,
32nLuB1xqIO4,110,,correct,
32nLuB1xqIO4,111,,incorrect,
32nLuB1xqIO4,112,,correct,
32nLuB1xqIO4,113,,correct,
32nLuB1xqIO4,114,,correct,
32nLuB1xqIO4,115,,correct,
32nLuB1xqIO4,116,,correct,
32nLuB1xqIO4,117,,correct,
32nLuB1xqIO4,118,,incorrect,
32nLuB1xqIO4,119,,correct,
32nLuB1xqIO4,120,,correct,
iZblYCxqwouC,91,,correct,
iZblYCxqwouC,92,,correct,
iZblYCxqwouC,93,,correct,
iZblYCxqwouC,94,,correct,
iZblYCxqwouC,95,,correct,
iZblYCxqwouC,96,,correct,
iZblYCxqwouC,97,,correct,
iZblYCxqwouC,98,,correct,
iZblYCxqwouC,99,,correct,
iZblYCxqwouC,100,,correct,
iZblYCxqwouC,101,,correct,
iZblYCxqwouC,102,,correct,
iZblYCxqwouC,103,,correct,
iZblYCxqwouC,104,,correct,
iZblYCxqwouC,105,,correct,
iZblYCxqwouC,106,,correct,
iZblYCxqwouC,107,,incorrect,
iZblYCxqwouC,108,,correct,
iZblYCxqwouC,109,,correct,
iZblYCxqwouC,110,,correct,
iZblYCxqwouC,111,,correct,
iZblYCxqwouC,112,,correct,
iZblYCxqwouC,113,,correct,
iZblYCxqwouC,114,,correct,
iZblYCxqwouC,115,,correct,
iZblYCxqwouC,116,,correct,
iZblYCxqwouC,117,,correct,
iZblYCxqwouC,118,,incorrect,
iZblYCxqwouC,119,,incorrect,
iZblYCxqwouC,120,,correct,
St7VKJfT2MTq,91,,correct,
St7VKJfT2MTq,92,,correct,
St7VKJfT2MTq,93,,correct,
St7VKJfT2MTq,94,,correct,
St7VKJfT2MTq,95,,correct,
St7VKJfT2MTq,96,,correct,
St7VKJfT2MTq,97,,correct,
St7VKJfT2MTq,98,,correct,
St7VKJfT2MTq,99,,correct,
St7VKJfT2MTq,100,,incorrect,
St7VKJfT2MTq,101,,correct,
St7VKJfT2MTq,102,,correct,
St7VKJfT2MTq,103,,incorrect,
St7VKJfT2MTq,104,,correct,
St7VKJfT2MTq,105,,correct,
St7VKJfT2MTq,106,,correct,
St7VKJfT2MTq,107,,incorrect,
St7VKJfT2MTq,108,,incorrect,
St7VKJfT2MTq,109,,incorrect,
St7VKJfT2MTq,110,,correct,
St7VKJfT2MTq,111,,correct,
St7VKJfT2MTq,112,,correct,
St7VKJfT2MTq,113,,correct,
St7VKJfT2MTq,114,,correct,
St7VKJfT2MTq,115,,incorrect,
St7VKJfT2MTq,116,,correct,
St7VKJfT2MTq,117,,correct,
St7VKJfT2MTq,118,,correct,
St7VKJfT2MTq,119,,incorrect,
St7VKJfT2MTq,120,,incorrect,
9xt9EeOQtcXZ,91,,correct,
9xt9EeOQtcXZ,92,,correct,
9xt9EeOQtcXZ,93,,correct,
9xt9EeOQtcXZ,94,,correct,
9xt9EeOQtcXZ,95,,correct,
9xt9EeOQtcXZ,96,,correct,
9xt9EeOQtcXZ,97,,correct,
9xt9EeOQtcXZ,98,,correct,
9xt9EeOQtcXZ,99,,correct,
9xt9EeOQtcXZ,100,,correct,
9xt9EeOQtcXZ,101,,correct,
9xt9EeOQtcXZ,102,,correct,
9xt9EeOQtcXZ,103,,correct,
9xt9EeOQtcXZ,104,,correct,
9xt9EeOQtcXZ,105,,correct,
9xt9EeOQtcXZ,106,,correct,
9xt9EeOQtcXZ,107,,incorrect,
9xt9EeOQtcXZ,108,,correct,
9xt9EeOQtcXZ,109,,correct,
9xt9EeOQtcXZ,110,,correct,
9xt9EeOQtcXZ,111,,correct,
9xt9EeOQtcXZ,112,,correct,
9xt9EeOQtcXZ,113,,correct,
9xt9EeOQtcXZ,114,,correct,
9xt9EeOQtcXZ,115,,correct,
9xt9EeOQtcXZ,116,,correct,
9xt9EeOQtcXZ,117,,correct,
9xt9EeOQtcXZ,118,,incorrect,
9xt9EeOQtcXZ,119,,incorrect,
9xt9EeOQtcXZ,120,,correct,
RjR3B2X554Pn,91,,correct,
RjR3B2X554Pn,92,,correct,
RjR3B2X554Pn,93,,correct,
RjR3B2X554Pn,94,,correct,
RjR3B2X554Pn,95,,correct,
RjR3B2X554Pn,96,,correct,
RjR3B2X554Pn,97,,correct,
RjR3B2X554Pn,98,,correct,
RjR3B2X554Pn,99,,correct,
RjR3B2X554Pn,100,,correct,
RjR3B2X554Pn,101,,correct,
RjR3B2X554Pn,102,,incorrect,
RjR3B2X554Pn,103,,correct,
RjR3B2X554Pn,104,,correct,
RjR3B2X554Pn,105,,correct,
RjR3B2X554Pn,106,,correct,
RjR3B2X554Pn,107,,correct,
RjR3B2X554Pn,108,,incorrect,
RjR3B2X554Pn,109,,incorrect,
RjR3B2X554Pn,110,,correct,
RjR3B2X554Pn,111,,correct,
RjR3B2X554Pn,112,,incorrect,
RjR3B2X554Pn,113,,incorrect,
RjR3B2X554Pn,114,,correct,
RjR3B2X554Pn,115,,incorrect,
RjR3B2X554Pn,116,,correct,
RjR3B2X554Pn,117,,correct,
RjR3B2X554Pn,118,,incorrect,
RjR3B2X554Pn,119,,correct,
RjR3B2X554Pn,120,,correct,
a9ej6jzpNOPn,91,,correct,
a9ej6jzpNOPn,92,,correct,
a9ej6jzpNOPn,93,,correct,
a9ej6jzpNOPn,94,,correct,
a9ej6jzpNOPn,95,,correct,
a9ej6jzpNOPn,96,,correct,
a9ej6jzpNOPn,97,,correct,
a9ej6jzpNOPn,98,,correct,
a9ej6jzpNOPn,99,,correct,
a9ej6jzpNOPn,100,,correct,
a9ej6jzpNOPn,101,,correct,
a9ej6jzpNOPn,102,,correct,
a9ej6jzpNOPn,103,,incorrect,
a9ej6jzpNOPn,104,,correct,
a9ej6jzpNOPn,105,,correct,
a9ej6jzpNOPn,106,,incorrect,
a9ej6jzpNOPn,107,,incorrect,
a9ej6jzpNOPn,108,,correct,
a9ej6jzpNOPn,109,,incorrect,
a9ej6jzpNOPn,110,,correct,
a9ej6jzpNOPn,111,,correct,
a9ej6jzpNOPn,112,,correct,
a9ej6jzpNOPn,113,,incorrect,
a9ej6jzpNOPn,114,,incorrect,
a9ej6jzpNOPn,115,,correct,
a9ej6jzpNOPn,116,,correct,
a9ej6jzpNOPn,117,,correct,
a9ej6jzpNOPn,118,,incorrect,
a9ej6jzpNOPn,119,,incorrect,
a9ej6jzpNOPn,120,,correct,
vgAkx62M3oPn,91,,correct,
vgAkx62M3oPn,92,,correct,
vgAkx62M3oPn,93,,correct,
vgAkx62M3oPn,94,,correct,
vgAkx62M3oPn,95,,correct,
vgAkx62M3oPn,96,,correct,
vgAkx62M3oPn,97,,correct,
vgAkx62M3oPn,98,,correct,
vgAkx62M3oPn,99,,correct,
vgAkx62M3oPn,100,,correct,
vgAkx62M3oPn,101,,correct,
vgAkx62M3oPn,102,,incorrect,
vgAkx62M3oPn,103,,correct,
vgAkx62M3oPn,104,,correct,
vgAkx62M3oPn,105,,correct,
vgAkx62M3oPn,106,,correct,
vgAkx62M3oPn,107,,incorrect,
vgAkx62M3oPn,108,,correct,
vgAkx62M3oPn,109,,correct,
vgAkx62M3oPn,110,,correct,
vgAkx62M3oPn,111,,correct,
vgAkx62M3oPn,112,,incorrect,
vgAkx62M3oPn,113,,incorrect,
vgAkx62M3oPn,114,,correct,
vgAkx62M3oPn,115,,correct,
vgAkx62M3oPn,116,,correct,
vgAkx62M3oPn,117,,correct,
vgAkx62M3oPn,118,,incorrect,
vgAkx62M3oPn,119,,incorrect,
vgAkx62M3oPn,120,,incorrect,
ylh73EEFQ8CD,91,,correct,
ylh73EEFQ8CD,92,,correct,
ylh73EEFQ8CD,93,,correct,
ylh73EEFQ8CD,94,,correct,
ylh73EEFQ8CD,95,,correct,
ylh73EEFQ8CD,96,,correct,
ylh73EEFQ8CD,97,,correct,
ylh73EEFQ8CD,98,,correct,
ylh73EEFQ8CD,99,,correct,
ylh73EEFQ8CD,100,,correct,
ylh73EEFQ8CD,101,,correct,
ylh73EEFQ8CD,102,,correct,
ylh73EEFQ8CD,103,,incorrect,
ylh73EEFQ8CD,104,,correct,
ylh73EEFQ8CD,105,,correct,
ylh73EEFQ8CD,106,,correct,
ylh73EEFQ8CD,107,,correct,
ylh73EEFQ8CD,108,,correct,
ylh73EEFQ8CD,109,,incorrect,
ylh73EEFQ8CD,110,,correct,
ylh73EEFQ8CD,111,,incorrect,
ylh73EEFQ8CD,112,,correct,
ylh73EEFQ8CD,113,,correct,
ylh73EEFQ8CD,114,,correct,
ylh73EEFQ8CD,115,,correct,
ylh73EEFQ8CD,116,,correct,
ylh73EEFQ8CD,117,,correct,
ylh73EEFQ8CD,118,,incorrect,
ylh73EEFQ8CD,119,,incorrect,
ylh73EEFQ8CD,120,,correct,
tmTN8RB25aRn,91,,correct,
tmTN8RB25aRn,92,,correct,
tmTN8RB25aRn,93,,correct,
tmTN8RB25aRn,94,,correct,
tmTN8RB25aRn,95,,correct,
tmTN8RB25aRn,96,,correct,
tmTN8RB25aRn,97,,correct,
tmTN8RB25aRn,98,,correct,
tmTN8RB25aRn,99,,correct,
tmTN8RB25aRn,100,,correct,
tmTN8RB25aRn,101,,correct,
tmTN8RB25aRn,102,,correct,
tmTN8RB25aRn,103,,incorrect,
tmTN8RB25aRn,104,,correct,
tmTN8RB25aRn,105,,correct,
tmTN8RB25aRn,106,,correct,
tmTN8RB25aRn,107,,incorrect,
tmTN8RB25aRn,108,,correct,
tmTN8RB25aRn,109,,incorrect,
tmTN8RB25aRn,110,,correct,
tmTN8RB25aRn,111,,correct,
tmTN8RB25aRn,112,,correct,
tmTN8RB25aRn,113,,correct,
tmTN8RB25aRn,114,,incorrect,
tmTN8RB25aRn,115,,correct,
tmTN8RB25aRn,116,,correct,
tmTN8RB25aRn,117,,correct,
tmTN8RB25aRn,118,,incorrect,
tmTN8RB25aRn,119,,incorrect,
tmTN8RB25aRn,120,,correct,
nWRIo9XQJBPf,91,,correct,
nWRIo9XQJBPf,92,,correct,
nWRIo9XQJBPf,93,,correct,
nWRIo9XQJBPf,94,,correct,
nWRIo9XQJBPf,95,,correct,
nWRIo9XQJBPf,96,,correct,
nWRIo9XQJBPf,97,,correct,
nWRIo9XQJBPf,98,,correct,
nWRIo9XQJBPf,99,,correct,
nWRIo9XQJBPf,100,,correct,
nWRIo9XQJBPf,101,,correct,
nWRIo9XQJBPf,102,,incorrect,
nWRIo9XQJBPf,103,,correct,
nWRIo9XQJBPf,104,,correct,
nWRIo9XQJBPf,105,,incorrect,
nWRIo9XQJBPf,106,,correct,
nWRIo9XQJBPf,107,,correct,
nWRIo9XQJBPf,108,,incorrect,
nWRIo9XQJBPf,109,,incorrect,
nWRIo9XQJBPf,110,,correct,
nWRIo9XQJBPf,111,,correct,
nWRIo9XQJBPf,112,,correct,
nWRIo9XQJBPf,113,,correct,
nWRIo9XQJBPf,114,,incorrect,
nWRIo9XQJBPf,115,,correct,
nWRIo9XQJBPf,116,,correct,
nWRIo9XQJBPf,117,,correct,
nWRIo9XQJBPf,118,,correct,
nWRIo9XQJBPf,119,,incorrect,
nWRIo9XQJBPf,120,,correct,
QblvTIly9IZU,91,,correct,
QblvTIly9IZU,92,,correct,
QblvTIly9IZU,93,,correct,
QblvTIly9IZU,94,,correct,
QblvTIly9IZU,95,,incorrect,
QblvTIly9IZU,96,,correct,
QblvTIly9IZU,97,,correct,
QblvTIly9IZU,98,,correct,
QblvTIly9IZU,99,,incorrect,
QblvTIly9IZU,100,,incorrect,
QblvTIly9IZU,101,,correct,
QblvTIly9IZU,102,,incorrect,
QblvTIly9IZU,103,,incorrect,
QblvTIly9IZU,104,,correct,
QblvTIly9IZU,105,,correct,
QblvTIly9IZU,106,,correct,
QblvTIly9IZU,107,,incorrect,
QblvTIly9IZU,108,,incorrect,
QblvTIly9IZU,109,,correct,
QblvTIly9IZU,110,,correct,
QblvTIly9IZU,111,,correct,
QblvTIly9IZU,112,,incorrect,
QblvTIly9IZU,113,,correct,
QblvTIly9IZU,114,,incorrect,
QblvTIly9IZU,115,,incorrect,
QblvTIly9IZU,116,,correct,
QblvTIly9IZU,117,,correct,
QblvTIly9IZU,118,,correct,
QblvTIly9IZU,119,,incorrect,
QblvTIly9IZU,120,,correct,
cn7NB6JfQDTq,91,,correct,
cn7NB6JfQDTq,92,,correct,
cn7NB6JfQDTq,93,,correct,
cn7NB6JfQDTq,94,,correct,
cn7NB6JfQDTq,95,,correct,
cn7NB6JfQDTq,96,,correct,
cn7NB6JfQDTq,97,,correct,
cn7NB6JfQDTq,98,,correct,
cn7NB6JfQDTq,99,,correct,
cn7NB6JfQDTq,100,,correct,
cn7NB6JfQDTq,101,,correct,
cn7NB6JfQDTq,102,,correct,
cn7NB6JfQDTq,103,,correct,
cn7NB6JfQDTq,104,,correct,
cn7NB6JfQDTq,105,,correct,
cn7NB6JfQDTq,106,,correct,
cn7NB6JfQDTq,107,,correct,
cn7NB6JfQDTq,108,,correct,
cn7NB6JfQDTq,109,,incorrect,
cn7NB6JfQDTq,110,,correct,
cn7NB6JfQDTq,111,,incorrect,
cn7NB6JfQDTq,112,,incorrect,
cn7NB6JfQDTq,113,,correct,
cn7NB6JfQDTq,114,,correct,
cn7NB6JfQDTq,115,,correct,
cn7NB6JfQDTq,116,,correct,
cn7NB6JfQDTq,117,,correct,
cn7NB6JfQDTq,118,,incorrect,
cn7NB6JfQDTq,119,,incorrect,
cn7NB6JfQDTq,120,,correct,
AG7urKue7Fzv,91,,correct,
AG7urKue7Fzv,92,,incorrect,
AG7urKue7Fzv,93,,correct,
AG7urKue7Fzv,94,,correct,
AG7urKue7Fzv,95,,correct,
AG7urKue7Fzv,96,,correct,
AG7urKue7Fzv,97,,correct,
AG7urKue7Fzv,98,,correct,
AG7urKue7Fzv,99,,correct,
AG7urKue7Fzv,100,,correct,
AG7urKue7Fzv,101,,correct,
AG7urKue7Fzv,102,,correct,
AG7urKue7Fzv,103,,correct,
AG7urKue7Fzv,104,,correct,
AG7urKue7Fzv,105,,correct,
AG7urKue7Fzv,106,,correct,
AG7urKue7Fzv,107,,correct,
AG7urKue7Fzv,108,,incorrect,
AG7urKue7Fzv,109,,correct,
AG7urKue7Fzv,110,,correct,
AG7urKue7Fzv,111,,correct,
AG7urKue7Fzv,112,,correct,
AG7urKue7Fzv,113,,correct,
AG7urKue7Fzv,114,,incorrect,
AG7urKue7Fzv,115,,correct,
AG7urKue7Fzv,116,,correct,
AG7urKue7Fzv,117,,correct,
AG7urKue7Fzv,118,,incorrect,
AG7urKue7Fzv,119,,incorrect,
AG7urKue7Fzv,120,,correct,
PgdsGKsedBAl,91,,correct,
PgdsGKsedBAl,92,,correct,
PgdsGKsedBAl,93,,correct,
PgdsGKsedBAl,94,,correct,
PgdsGKsedBAl,95,,incorrect,
PgdsGKsedBAl,96,,correct,
PgdsGKsedBAl,97,,correct,
PgdsGKsedBAl,98,,correct,
PgdsGKsedBAl,99,,correct,
PgdsGKsedBAl,100,,correct,
PgdsGKsedBAl,101,,correct,
PgdsGKsedBAl,102,,correct,
PgdsGKsedBAl,103,,incorrect,
PgdsGKsedBAl,104,,correct,
PgdsGKsedBAl,105,,correct,
PgdsGKsedBAl,106,,correct,
PgdsGKsedBAl,107,,incorrect,
PgdsGKsedBAl,108,,correct,
PgdsGKsedBAl,109,,correct,
PgdsGKsedBAl,110,,incorrect,
PgdsGKsedBAl,111,,incorrect,
PgdsGKsedBAl,112,,incorrect,
PgdsGKsedBAl,113,,correct,
PgdsGKsedBAl,114,,correct,
PgdsGKsedBAl,115,,correct,
PgdsGKsedBAl,116,,correct,
PgdsGKsedBAl,117,,correct,
PgdsGKsedBAl,118,,incorrect,
PgdsGKsedBAl,119,,correct,
PgdsGKsedBAl,120,,correct,
R8OVhINU7nka,91,,correct,
R8OVhINU7nka,92,,correct,
R8OVhINU7nka,93,,correct,
R8OVhINU7nka,94,,correct,
R8OVhINU7nka,95,,correct,
R8OVhINU7nka,96,,correct,
R8OVhINU7nka,97,,correct,
R8OVhINU7nka,98,,correct,
R8OVhINU7nka,99,,correct,
R8OVhINU7nka,100,,correct,
R8OVhINU7nka,101,,correct,
R8OVhINU7nka,102,,correct,
R8OVhINU7nka,103,,incorrect,
R8OVhINU7nka,104,,correct,
R8OVhINU7nka,105,,correct,
R8OVhINU7nka,106,,correct,
R8OVhINU7nka,107,,incorrect,
R8OVhINU7nka,108,,correct,
R8OVhINU7nka,109,,correct,
R8OVhINU7nka,110,,incorrect,
R8OVhINU7nka,111,,incorrect,
R8OVhINU7nka,112,,incorrect,
R8OVhINU7nka,113,,correct,
R8OVhINU7nka,114,,correct,
R8OVhINU7nka,115,,correct,
R8OVhINU7nka,116,,incorrect,
R8OVhINU7nka,117,,correct,
R8OVhINU7nka,118,,incorrect,
R8OVhINU7nka,119,,correct,
R8OVhINU7nka,120,,correct,
BOOMKrcykzvF,91,,incorrect,
BOOMKrcykzvF,92,,correct,
BOOMKrcykzvF,93,,correct,
BOOMKrcykzvF,94,,correct,
BOOMKrcykzvF,95,,incorrect,
BOOMKrcykzvF,96,,correct,
BOOMKrcykzvF,97,,correct,
BOOMKrcykzvF,98,,incorrect,
BOOMKrcykzvF,99,,incorrect,
BOOMKrcykzvF,100,,correct,
BOOMKrcykzvF,101,,correct,
BOOMKrcykzvF,102,,correct,
BOOMKrcykzvF,103,,incorrect,
BOOMKrcykzvF,104,,correct,
BOOMKrcykzvF,105,,incorrect,
BOOMKrcykzvF,106,,correct,
BOOMKrcykzvF,107,,correct,
BOOMKrcykzvF,108,,correct,
BOOMKrcykzvF,109,,incorrect,
BOOMKrcykzvF,110,,incorrect,
BOOMKrcykzvF,111,,incorrect,
BOOMKrcykzvF,112,,correct,
BOOMKrcykzvF,113,,correct,
BOOMKrcykzvF,114,,correct,
BOOMKrcykzvF,115,,incorrect,
BOOMKrcykzvF,116,,incorrect,
BOOMKrcykzvF,117,,correct,
BOOMKrcykzvF,118,,incorrect,
BOOMKrcykzvF,119,,incorrect,
BOOMKrcykzvF,120,,incorrect,
sCNAQlTJzusQ,91,,correct,
sCNAQlTJzusQ,92,,correct,
sCNAQlTJzusQ,93,,correct,
sCNAQlTJzusQ,94,,correct,
sCNAQlTJzusQ,95,,correct,
sCNAQlTJzusQ,96,,correct,
sCNAQlTJzusQ,97,,correct,
sCNAQlTJzusQ,98,,correct,
sCNAQlTJzusQ,99,,correct,
sCNAQlTJzusQ,100,,correct,
sCNAQlTJzusQ,101,,correct,
sCNAQlTJzusQ,102,,correct,
sCNAQlTJzusQ,103,,incorrect,
sCNAQlTJzusQ,104,,correct,
sCNAQlTJzusQ,105,,correct,
sCNAQlTJzusQ,106,,correct,
sCNAQlTJzusQ,107,,incorrect,
sCNAQlTJzusQ,108,,correct,
sCNAQlTJzusQ,109,,correct,
sCNAQlTJzusQ,110,,incorrect,
sCNAQlTJzusQ,111,,incorrect,
sCNAQlTJzusQ,112,,correct,
sCNAQlTJzusQ,113,,correct,
sCNAQlTJzusQ,114,,incorrect,
sCNAQlTJzusQ,115,,correct,
sCNAQlTJzusQ,116,,incorrect,
sCNAQlTJzusQ,117,,correct,
sCNAQlTJzusQ,118,,incorrect,
sCNAQlTJzusQ,119,,correct,
sCNAQlTJzusQ,120,,correct,
jkDHRLkdOO06,121,,correct,
jkDHRLkdOO06,122,,incorrect,
jkDHRLkdOO06,123,,correct,
jkDHRLkdOO06,124,,correct,
jkDHRLkdOO06,125,,correct,
jkDHRLkdOO06,126,,correct,
jkDHRLkdOO06,127,,correct,
jkDHRLkdOO06,128,,correct,
jkDHRLkdOO06,129,,correct,
jkDHRLkdOO06,130,,correct,
jkDHRLkdOO06,131,,correct,
jkDHRLkdOO06,132,,correct,
jkDHRLkdOO06,133,,correct,
jkDHRLkdOO06,134,,incorrect,
jkDHRLkdOO06,135,,correct,
jkDHRLkdOO06,136,,correct,
jkDHRLkdOO06,137,,correct,
jkDHRLkdOO06,138,,correct,
jkDHRLkdOO06,139,,correct,
jkDHRLkdOO06,140,,correct,
jkDHRLkdOO06,141,,correct,
jkDHRLkdOO06,142,,correct,
jkDHRLkdOO06,143,,correct,
jkDHRLkdOO06,144,,correct,
jkDHRLkdOO06,145,,incorrect,
jkDHRLkdOO06,146,,correct,
jkDHRLkdOO06,147,,correct,
jkDHRLkdOO06,148,,correct,
jkDHRLkdOO06,149,,correct,
jkDHRLkdOO06,150,,correct,
cCanr1FJP4WP,121,,correct,
cCanr1FJP4WP,122,,incorrect,
cCanr1FJP4WP,123,,correct,
cCanr1FJP4WP,124,,correct,
cCanr1FJP4WP,125,,correct,
cCanr1FJP4WP,126,,correct,
cCanr1FJP4WP,127,,correct,
cCanr1FJP4WP,128,,correct,
cCanr1FJP4WP,129,,correct,
cCanr1FJP4WP,130,,correct,
cCanr1FJP4WP,131,,correct,
cCanr1FJP4WP,132,,correct,
cCanr1FJP4WP,133,,correct,
cCanr1FJP4WP,134,,incorrect,
cCanr1FJP4WP,135,,correct,
cCanr1FJP4WP,136,,correct,
cCanr1FJP4WP,137,,correct,
cCanr1FJP4WP,138,,correct,
cCanr1FJP4WP,139,,correct,
cCanr1FJP4WP,140,,correct,
cCanr1FJP4WP,141,,correct,
cCanr1FJP4WP,142,,correct,
cCanr1FJP4WP,143,,correct,
cCanr1FJP4WP,144,,correct,
cCanr1FJP4WP,145,,incorrect,
cCanr1FJP4WP,146,,correct,
cCanr1FJP4WP,147,,correct,
cCanr1FJP4WP,148,,correct,
cCanr1FJP4WP,149,,correct,
cCanr1FJP4WP,150,,correct,
P76XnTmOjZzU,121,,correct,
P76XnTmOjZzU,122,,incorrect,
P76XnTmOjZzU,123,,correct,
P76XnTmOjZzU,124,,correct,
P76XnTmOjZzU,125,,correct,
P76XnTmOjZzU,126,,correct,
P76XnTmOjZzU,127,,correct,
P76XnTmOjZzU,128,,correct,
P76XnTmOjZzU,129,,correct,
P76XnTmOjZzU,130,,correct,
P76XnTmOjZzU,131,,correct,
P76XnTmOjZzU,132,,correct,
P76XnTmOjZzU,133,,correct,
P76XnTmOjZzU,134,,incorrect,
P76XnTmOjZzU,135,,correct,
P76XnTmOjZzU,136,,correct,
P76XnTmOjZzU,137,,correct,
P76XnTmOjZzU,138,,correct,
P76XnTmOjZzU,139,,correct,
P76XnTmOjZzU,140,,correct,
P76XnTmOjZzU,141,,correct,
P76XnTmOjZzU,142,,correct,
P76XnTmOjZzU,143,,correct,
P76XnTmOjZzU,144,,correct,
P76XnTmOjZzU,145,,incorrect,
P76XnTmOjZzU,146,,correct,
P76XnTmOjZzU,147,,correct,
P76XnTmOjZzU,148,,correct,
P76XnTmOjZzU,149,,correct,
P76XnTmOjZzU,150,,correct,
m7l9wOWJlnvS,121,,correct,
m7l9wOWJlnvS,122,,incorrect,
m7l9wOWJlnvS,123,,correct,
m7l9wOWJlnvS,124,,correct,
m7l9wOWJlnvS,125,,correct,
m7l9wOWJlnvS,126,,correct,
m7l9wOWJlnvS,127,,correct,
m7l9wOWJlnvS,128,,correct,
m7l9wOWJlnvS,129,,correct,
m7l9wOWJlnvS,130,,correct,
m7l9wOWJlnvS,131,,correct,
m7l9wOWJlnvS,132,,correct,
m7l9wOWJlnvS,133,,correct,
m7l9wOWJlnvS,134,,incorrect,
m7l9wOWJlnvS,135,,correct,
m7l9wOWJlnvS,136,,correct,
m7l9wOWJlnvS,137,,correct,
m7l9wOWJlnvS,138,,correct,
m7l9wOWJlnvS,139,,correct,
m7l9wOWJlnvS,140,,correct,
m7l9wOWJlnvS,141,,correct,
m7l9wOWJlnvS,142,,correct,
m7l9wOWJlnvS,143,,correct,
m7l9wOWJlnvS,144,,correct,
m7l9wOWJlnvS,145,,incorrect,
m7l9wOWJlnvS,146,,correct,
m7l9wOWJlnvS,147,,correct,
m7l9wOWJlnvS,148,,correct,
m7l9wOWJlnvS,149,,correct,
m7l9wOWJlnvS,150,,correct,
d5279GvwAinX,121,,correct,
d5279GvwAinX,122,,incorrect,
d5279GvwAinX,123,,correct,
d5279GvwAinX,124,,correct,
d5279GvwAinX,125,,correct,
d5279GvwAinX,126,,correct,
d5279GvwAinX,127,,correct,
d5279GvwAinX,128,,incorrect,
d5279GvwAinX,129,,incorrect,
d5279GvwAinX,130,,correct,
d5279GvwAinX,131,,correct,
d5279GvwAinX,132,,correct,
d5279GvwAinX,133,,incorrect,
d5279GvwAinX,134,,incorrect,
d5279GvwAinX,135,,correct,
d5279GvwAinX,136,,correct,
d5279GvwAinX,137,,correct,
d5279GvwAinX,138,,correct,
d5279GvwAinX,139,,correct,
d5279GvwAinX,140,,correct,
d5279GvwAinX,141,,correct,
d5279GvwAinX,142,,correct,
d5279GvwAinX,143,,correct,
d5279GvwAinX,144,,incorrect,
d5279GvwAinX,145,,incorrect,
d5279GvwAinX,146,,incorrect,
d5279GvwAinX,147,,incorrect,
d5279GvwAinX,148,,correct,
d5279GvwAinX,149,,correct,
d5279GvwAinX,150,,incorrect,
IWu147zvpRWb,121,,correct,
IWu147zvpRWb,122,,correct,
IWu147zvpRWb,123,,correct,
IWu147zvpRWb,124,,correct,
IWu147zvpRWb,125,,correct,
IWu147zvpRWb,126,,correct,
IWu147zvpRWb,127,,incorrect,
IWu147zvpRWb,128,,correct,
IWu147zvpRWb,129,,incorrect,
IWu147zvpRWb,130,,correct,
IWu147zvpRWb,131,,incorrect,
IWu147zvpRWb,132,,correct,
IWu147zvpRWb,133,,correct,
IWu147zvpRWb,134,,incorrect,
IWu147zvpRWb,135,,correct,
IWu147zvpRWb,136,,correct,
IWu147zvpRWb,137,,correct,
IWu147zvpRWb,138,,correct,
IWu147zvpRWb,139,,correct,
IWu147zvpRWb,140,,correct,
IWu147zvpRWb,141,,correct,
IWu147zvpRWb,142,,correct,
IWu147zvpRWb,143,,correct,
IWu147zvpRWb,144,,correct,
IWu147zvpRWb,145,,incorrect,
IWu147zvpRWb,146,,correct,
IWu147zvpRWb,147,,correct,
IWu147zvpRWb,148,,incorrect,
IWu147zvpRWb,149,,correct,
IWu147zvpRWb,150,,correct,
W0EkQhrkI3an,121,,correct,
W0EkQhrkI3an,122,,incorrect,
W0EkQhrkI3an,123,,correct,
W0EkQhrkI3an,124,,correct,
W0EkQhrkI3an,125,,correct,
W0EkQhrkI3an,126,,correct,
W0EkQhrkI3an,127,,incorrect,
W0EkQhrkI3an,128,,correct,
W0EkQhrkI3an,129,,correct,
W0EkQhrkI3an,130,,correct,
W0EkQhrkI3an,131,,correct,
W0EkQhrkI3an,132,,incorrect,
W0EkQhrkI3an,133,,incorrect,
W0EkQhrkI3an,134,,incorrect,
W0EkQhrkI3an,135,,correct,
W0EkQhrkI3an,136,,correct,
W0EkQhrkI3an,137,,correct,
W0EkQhrkI3an,138,,correct,
W0EkQhrkI3an,139,,correct,
W0EkQhrkI3an,140,,correct,
W0EkQhrkI3an,141,,correct,
W0EkQhrkI3an,142,,correct,
W0EkQhrkI3an,143,,correct,
W0EkQhrkI3an,144,,correct,
W0EkQhrkI3an,145,,incorrect,
W0EkQhrkI3an,146,,incorrect,
W0EkQhrkI3an,147,,incorrect,
W0EkQhrkI3an,148,,correct,
W0EkQhrkI3an,149,,incorrect,
W0EkQhrkI3an,150,,correct,
w1PmKgj9FomZ,121,,correct,
w1PmKgj9FomZ,122,,incorrect,
w1PmKgj9FomZ,123,,correct,
w1PmKgj9FomZ,124,,correct,
w1PmKgj9FomZ,125,,correct,
w1PmKgj9FomZ,126,,correct,
w1PmKgj9FomZ,127,,correct,
w1PmKgj9FomZ,128,,correct,
w1PmKgj9FomZ,129,,correct,
w1PmKgj9FomZ,130,,correct,
w1PmKgj9FomZ,131,,correct,
w1PmKgj9FomZ,132,,correct,
w1PmKgj9FomZ,133,,incorrect,
w1PmKgj9FomZ,134,,incorrect,
w1PmKgj9FomZ,135,,correct,
w1PmKgj9FomZ,136,,correct,
w1PmKgj9FomZ,137,,correct,
w1PmKgj9FomZ,138,,correct,
w1PmKgj9FomZ,139,,correct,
w1PmKgj9FomZ,140,,correct,
w1PmKgj9FomZ,141,,correct,
w1PmKgj9FomZ,142,,correct,
w1PmKgj9FomZ,143,,correct,
w1PmKgj9FomZ,144,,correct,
w1PmKgj9FomZ,145,,incorrect,
w1PmKgj9FomZ,146,,correct,
w1PmKgj9FomZ,147,,incorrect,
w1PmKgj9FomZ,148,,correct,
w1PmKgj9FomZ,149,,correct,
w1PmKgj9FomZ,150,,correct,
7VLP2mvnxjRS,121,,correct,
7VLP2mvnxjRS,122,,incorrect,
7VLP2mvnxjRS,123,,correct,
7VLP2mvnxjRS,124,,correct,
7VLP2mvnxjRS,125,,correct,
7VLP2mvnxjRS,126,,incorrect,
7VLP2mvnxjRS,127,,incorrect,
7VLP2mvnxjRS,128,,correct,
7VLP2mvnxjRS,129,,correct,
7VLP2mvnxjRS,130,,correct,
7VLP2mvnxjRS,131,,correct,
7VLP2mvnxjRS,132,,correct,
7VLP2mvnxjRS,133,,incorrect,
7VLP2mvnxjRS,134,,correct,
7VLP2mvnxjRS,135,,correct,
7VLP2mvnxjRS,136,,correct,
7VLP2mvnxjRS,137,,correct,
7VLP2mvnxjRS,138,,correct,
7VLP2mvnxjRS,139,,correct,
7VLP2mvnxjRS,140,,correct,
7VLP2mvnxjRS,141,,correct,
7VLP2mvnxjRS,142,,correct,
7VLP2mvnxjRS,143,,correct,
7VLP2mvnxjRS,144,,incorrect,
7VLP2mvnxjRS,145,,incorrect,
7VLP2mvnxjRS,146,,incorrect,
7VLP2mvnxjRS,147,,correct,
7VLP2mvnxjRS,148,,correct,
7VLP2mvnxjRS,149,,correct,
7VLP2mvnxjRS,150,,correct,
St7VKJfT2MTq,121,,correct,
St7VKJfT2MTq,122,,correct,
St7VKJfT2MTq,123,,correct,
St7VKJfT2MTq,124,,correct,
St7VKJfT2MTq,125,,correct,
St7VKJfT2MTq,126,,correct,
St7VKJfT2MTq,127,,incorrect,
St7VKJfT2MTq,128,,correct,
St7VKJfT2MTq,129,,correct,
St7VKJfT2MTq,130,,correct,
St7VKJfT2MTq,131,,correct,
St7VKJfT2MTq,132,,correct,
St7VKJfT2MTq,133,,correct,
St7VKJfT2MTq,134,,correct,
St7VKJfT2MTq,135,,correct,
St7VKJfT2MTq,136,,incorrect,
St7VKJfT2MTq,137,,correct,
St7VKJfT2MTq,138,,correct,
St7VKJfT2MTq,139,,correct,
St7VKJfT2MTq,140,,correct,
St7VKJfT2MTq,141,,correct,
St7VKJfT2MTq,142,,correct,
St7VKJfT2MTq,143,,correct,
St7VKJfT2MTq,144,,correct,
St7VKJfT2MTq,145,,incorrect,
St7VKJfT2MTq,146,,correct,
St7VKJfT2MTq,147,,correct,
St7VKJfT2MTq,148,,incorrect,
St7VKJfT2MTq,149,,correct,
St7VKJfT2MTq,150,,correct,
BhvtwuIg7wvF,121,,correct,
BhvtwuIg7wvF,122,,correct,
BhvtwuIg7wvF,123,,correct,
BhvtwuIg7wvF,124,,incorrect,
BhvtwuIg7wvF,125,,correct,
BhvtwuIg7wvF,126,,correct,
BhvtwuIg7wvF,127,,incorrect,
BhvtwuIg7wvF,128,,correct,
BhvtwuIg7wvF,129,,correct,
BhvtwuIg7wvF,130,,correct,
BhvtwuIg7wvF,131,,correct,
BhvtwuIg7wvF,132,,incorrect,
BhvtwuIg7wvF,133,,incorrect,
BhvtwuIg7wvF,134,,incorrect,
BhvtwuIg7wvF,135,,correct,
BhvtwuIg7wvF,136,,correct,
BhvtwuIg7wvF,137,,correct,
BhvtwuIg7wvF,138,,correct,
BhvtwuIg7wvF,139,,correct,
BhvtwuIg7wvF,140,,correct,
BhvtwuIg7wvF,141,,correct,
BhvtwuIg7wvF,142,,correct,
BhvtwuIg7wvF,143,,correct,
BhvtwuIg7wvF,144,,correct,
BhvtwuIg7wvF,145,,incorrect,
BhvtwuIg7wvF,146,,correct,
BhvtwuIg7wvF,147,,incorrect,
BhvtwuIg7wvF,148,,incorrect,
BhvtwuIg7wvF,149,,incorrect,
BhvtwuIg7wvF,150,,correct,
KwlNeadgH2OL,121,,correct,
KwlNeadgH2OL,122,,correct,
KwlNeadgH2OL,123,,correct,
KwlNeadgH2OL,124,,correct,
KwlNeadgH2OL,125,,correct,
KwlNeadgH2OL,126,,correct,
KwlNeadgH2OL,127,,incorrect,
KwlNeadgH2OL,128,,correct,
KwlNeadgH2OL,129,,correct,
KwlNeadgH2OL,130,,correct,
KwlNeadgH2OL,131,,correct,
KwlNeadgH2OL,132,,correct,
KwlNeadgH2OL,133,,incorrect,
KwlNeadgH2OL,134,,incorrect,
KwlNeadgH2OL,135,,correct,
KwlNeadgH2OL,136,,correct,
KwlNeadgH2OL,137,,correct,
KwlNeadgH2OL,138,,correct,
KwlNeadgH2OL,139,,correct,
KwlNeadgH2OL,140,,correct,
KwlNeadgH2OL,141,,correct,
KwlNeadgH2OL,142,,correct,
KwlNeadgH2OL,143,,correct,
KwlNeadgH2OL,144,,correct,
KwlNeadgH2OL,145,,incorrect,
KwlNeadgH2OL,146,,correct,
KwlNeadgH2OL,147,,correct,
KwlNeadgH2OL,148,,incorrect,
KwlNeadgH2OL,149,,correct,
KwlNeadgH2OL,150,,correct,
C6BcTLw4mOKQ,121,,correct,
C6BcTLw4mOKQ,122,,correct,
C6BcTLw4mOKQ,123,,correct,
C6BcTLw4mOKQ,124,,correct,
C6BcTLw4mOKQ,125,,correct,
C6BcTLw4mOKQ,126,,correct,
C6BcTLw4mOKQ,127,,incorrect,
C6BcTLw4mOKQ,128,,correct,
C6BcTLw4mOKQ,129,,correct,
C6BcTLw4mOKQ,130,,correct,
C6BcTLw4mOKQ,131,,correct,
C6BcTLw4mOKQ,132,,correct,
C6BcTLw4mOKQ,133,,incorrect,
C6BcTLw4mOKQ,134,,incorrect,
C6BcTLw4mOKQ,135,,correct,
C6BcTLw4mOKQ,136,,correct,
C6BcTLw4mOKQ,137,,correct,
C6BcTLw4mOKQ,138,,correct,
C6BcTLw4mOKQ,139,,correct,
C6BcTLw4mOKQ,140,,correct,
C6BcTLw4mOKQ,141,,correct,
C6BcTLw4mOKQ,142,,incorrect,
C6BcTLw4mOKQ,143,,correct,
C6BcTLw4mOKQ,144,,correct,
C6BcTLw4mOKQ,145,,incorrect,
C6BcTLw4mOKQ,146,,correct,
C6BcTLw4mOKQ,147,,correct,
C6BcTLw4mOKQ,148,,incorrect,
C6BcTLw4mOKQ,149,,correct,
C6BcTLw4mOKQ,150,,correct,
k4QQVURTfMls,121,,correct,
k4QQVURTfMls,122,,correct,
k4QQVURTfMls,123,,correct,
k4QQVURTfMls,124,,correct,
k4QQVURTfMls,125,,correct,
k4QQVURTfMls,126,,correct,
k4QQVURTfMls,127,,correct,
k4QQVURTfMls,128,,correct,
k4QQVURTfMls,129,,incorrect,
k4QQVURTfMls,130,,correct,
k4QQVURTfMls,131,,correct,
k4QQVURTfMls,132,,correct,
k4QQVURTfMls,133,,incorrect,
k4QQVURTfMls,134,,correct,
k4QQVURTfMls,135,,correct,
k4QQVURTfMls,136,,correct,
k4QQVURTfMls,137,,correct,
k4QQVURTfMls,138,,correct,
k4QQVURTfMls,139,,correct,
k4QQVURTfMls,140,,correct,
k4QQVURTfMls,141,,correct,
k4QQVURTfMls,142,,correct,
k4QQVURTfMls,143,,correct,
k4QQVURTfMls,144,,incorrect,
k4QQVURTfMls,145,,incorrect,
k4QQVURTfMls,146,,incorrect,
k4QQVURTfMls,147,,correct,
k4QQVURTfMls,148,,incorrect,
k4QQVURTfMls,149,,incorrect,
k4QQVURTfMls,150,,incorrect,
pS17HUA271Nx,121,,correct,
pS17HUA271Nx,122,,incorrect,
pS17HUA271Nx,123,,correct,
pS17HUA271Nx,124,,correct,
pS17HUA271Nx,125,,correct,
pS17HUA271Nx,126,,correct,
pS17HUA271Nx,127,,correct,
pS17HUA271Nx,128,,correct,
pS17HUA271Nx,129,,correct,
pS17HUA271Nx,130,,correct,
pS17HUA271Nx,131,,correct,
pS17HUA271Nx,132,,correct,
pS17HUA271Nx,133,,correct,
pS17HUA271Nx,134,,correct,
pS17HUA271Nx,135,,correct,
pS17HUA271Nx,136,,correct,
pS17HUA271Nx,137,,correct,
pS17HUA271Nx,138,,correct,
pS17HUA271Nx,139,,correct,
pS17HUA271Nx,140,,correct,
pS17HUA271Nx,141,,correct,
pS17HUA271Nx,142,,correct,
pS17HUA271Nx,143,,correct,
pS17HUA271Nx,144,,incorrect,
pS17HUA271Nx,145,,incorrect,
pS17HUA271Nx,146,,correct,
pS17HUA271Nx,147,,correct,
pS17HUA271Nx,148,,correct,
pS17HUA271Nx,149,,correct,
pS17HUA271Nx,150,,correct,
xPRdKA5UBNGM,121,,correct,
xPRdKA5UBNGM,122,,incorrect,
xPRdKA5UBNGM,123,,correct,
xPRdKA5UBNGM,124,,correct,
xPRdKA5UBNGM,125,,correct,
xPRdKA5UBNGM,126,,correct,
xPRdKA5UBNGM,127,,correct,
xPRdKA5UBNGM,128,,correct,
xPRdKA5UBNGM,129,,correct,
xPRdKA5UBNGM,130,,correct,
xPRdKA5UBNGM,131,,correct,
xPRdKA5UBNGM,132,,correct,
xPRdKA5UBNGM,133,,correct,
xPRdKA5UBNGM,134,,correct,
xPRdKA5UBNGM,135,,correct,
xPRdKA5UBNGM,136,,correct,
xPRdKA5UBNGM,137,,correct,
xPRdKA5UBNGM,138,,correct,
xPRdKA5UBNGM,139,,correct,
xPRdKA5UBNGM,140,,correct,
xPRdKA5UBNGM,141,,correct,
xPRdKA5UBNGM,142,,correct,
xPRdKA5UBNGM,143,,correct,
xPRdKA5UBNGM,144,,correct,
xPRdKA5UBNGM,145,,correct,
xPRdKA5UBNGM,146,,correct,
xPRdKA5UBNGM,147,,incorrect,
xPRdKA5UBNGM,148,,correct,
xPRdKA5UBNGM,149,,correct,
xPRdKA5UBNGM,150,,correct,
OHaSXzUdzChO,121,,correct,
OHaSXzUdzChO,122,,incorrect,
OHaSXzUdzChO,123,,correct,
OHaSXzUdzChO,124,,correct,
OHaSXzUdzChO,125,,correct,
OHaSXzUdzChO,126,,correct,
OHaSXzUdzChO,127,,incorrect,
OHaSXzUdzChO,128,,correct,
OHaSXzUdzChO,129,,correct,
OHaSXzUdzChO,130,,correct,
OHaSXzUdzChO,131,,correct,
OHaSXzUdzChO,132,,incorrect,
OHaSXzUdzChO,133,,correct,
OHaSXzUdzChO,134,,correct,
OHaSXzUdzChO,135,,correct,
OHaSXzUdzChO,136,,correct,
OHaSXzUdzChO,137,,correct,
OHaSXzUdzChO,138,,correct,
OHaSXzUdzChO,139,,correct,
OHaSXzUdzChO,140,,correct,
OHaSXzUdzChO,141,,correct,
OHaSXzUdzChO,142,,correct,
OHaSXzUdzChO,143,,correct,
OHaSXzUdzChO,144,,correct,
OHaSXzUdzChO,145,,incorrect,
OHaSXzUdzChO,146,,correct,
OHaSXzUdzChO,147,,incorrect,
OHaSXzUdzChO,148,,correct,
OHaSXzUdzChO,149,,incorrect,
OHaSXzUdzChO,150,,correct,
KNvidOVZPDzA,121,,correct,
KNvidOVZPDzA,122,,incorrect,
KNvidOVZPDzA,123,,correct,
KNvidOVZPDzA,124,,correct,
KNvidOVZPDzA,125,,correct,
KNvidOVZPDzA,126,,correct,
KNvidOVZPDzA,127,,correct,
KNvidOVZPDzA,128,,correct,
KNvidOVZPDzA,129,,correct,
KNvidOVZPDzA,130,,correct,
KNvidOVZPDzA,131,,correct,
KNvidOVZPDzA,132,,correct,
KNvidOVZPDzA,133,,correct,
KNvidOVZPDzA,134,,correct,
KNvidOVZPDzA,135,,correct,
KNvidOVZPDzA,136,,correct,
KNvidOVZPDzA,137,,correct,
KNvidOVZPDzA,138,,correct,
KNvidOVZPDzA,139,,correct,
KNvidOVZPDzA,140,,correct,
KNvidOVZPDzA,141,,correct,
KNvidOVZPDzA,142,,correct,
KNvidOVZPDzA,143,,correct,
KNvidOVZPDzA,144,,incorrect,
KNvidOVZPDzA,145,,incorrect,
KNvidOVZPDzA,146,,incorrect,
KNvidOVZPDzA,147,,correct,
KNvidOVZPDzA,148,,correct,
KNvidOVZPDzA,149,,incorrect,
KNvidOVZPDzA,150,,correct,
y9lkze6lHiAa,121,,correct,
y9lkze6lHiAa,122,,incorrect,
y9lkze6lHiAa,123,,correct,
y9lkze6lHiAa,124,,correct,
y9lkze6lHiAa,125,,correct,
y9lkze6lHiAa,126,,correct,
y9lkze6lHiAa,127,,correct,
y9lkze6lHiAa,128,,correct,
y9lkze6lHiAa,129,,correct,
y9lkze6lHiAa,130,,correct,
y9lkze6lHiAa,131,,correct,
y9lkze6lHiAa,132,,correct,
y9lkze6lHiAa,133,,correct,
y9lkze6lHiAa,134,,incorrect,
y9lkze6lHiAa,135,,correct,
y9lkze6lHiAa,136,,correct,
y9lkze6lHiAa,137,,correct,
y9lkze6lHiAa,138,,correct,
y9lkze6lHiAa,139,,correct,
y9lkze6lHiAa,140,,correct,
y9lkze6lHiAa,141,,correct,
y9lkze6lHiAa,142,,incorrect,
y9lkze6lHiAa,143,,correct,
y9lkze6lHiAa,144,,correct,
y9lkze6lHiAa,145,,incorrect,
y9lkze6lHiAa,146,,incorrect,
y9lkze6lHiAa,147,,correct,
y9lkze6lHiAa,148,,correct,
y9lkze6lHiAa,149,,incorrect,
y9lkze6lHiAa,150,,correct,
CprL2LITeTET,121,,correct,
CprL2LITeTET,122,,incorrect,
CprL2LITeTET,123,,correct,
CprL2LITeTET,124,,correct,
CprL2LITeTET,125,,correct,
CprL2LITeTET,126,,correct,
CprL2LITeTET,127,,correct,
CprL2LITeTET,128,,correct,
CprL2LITeTET,129,,correct,
CprL2LITeTET,130,,correct,
CprL2LITeTET,131,,correct,
CprL2LITeTET,132,,correct,
CprL2LITeTET,133,,correct,
CprL2LITeTET,134,,incorrect,
CprL2LITeTET,135,,correct,
CprL2LITeTET,136,,correct,
CprL2LITeTET,137,,correct,
CprL2LITeTET,138,,correct,
CprL2LITeTET,139,,correct,
CprL2LITeTET,140,,correct,
CprL2LITeTET,141,,correct,
CprL2LITeTET,142,,correct,
CprL2LITeTET,143,,correct,
CprL2LITeTET,144,,correct,
CprL2LITeTET,145,,incorrect,
CprL2LITeTET,146,,incorrect,
CprL2LITeTET,147,,correct,
CprL2LITeTET,148,,correct,
CprL2LITeTET,149,,incorrect,
CprL2LITeTET,150,,correct,
RZdtks4i4HNy,121,,correct,
RZdtks4i4HNy,122,,correct,
RZdtks4i4HNy,123,,correct,
RZdtks4i4HNy,124,,correct,
RZdtks4i4HNy,125,,correct,
RZdtks4i4HNy,126,,correct,
RZdtks4i4HNy,127,,correct,
RZdtks4i4HNy,128,,correct,
RZdtks4i4HNy,129,,correct,
RZdtks4i4HNy,130,,correct,
RZdtks4i4HNy,131,,correct,
RZdtks4i4HNy,132,,correct,
RZdtks4i4HNy,133,,incorrect,
RZdtks4i4HNy,134,,incorrect,
RZdtks4i4HNy,135,,correct,
RZdtks4i4HNy,136,,correct,
RZdtks4i4HNy,137,,correct,
RZdtks4i4HNy,138,,correct,
RZdtks4i4HNy,139,,incorrect,
RZdtks4i4HNy,140,,correct,
RZdtks4i4HNy,141,,correct,
RZdtks4i4HNy,142,,correct,
RZdtks4i4HNy,143,,correct,
RZdtks4i4HNy,144,,correct,
RZdtks4i4HNy,145,,incorrect,
RZdtks4i4HNy,146,,correct,
RZdtks4i4HNy,147,,correct,
RZdtks4i4HNy,148,,incorrect,
RZdtks4i4HNy,149,,correct,
RZdtks4i4HNy,150,,incorrect,
xlLz8YVMGkvs,121,,correct,
xlLz8YVMGkvs,122,,correct,
xlLz8YVMGkvs,123,,correct,
xlLz8YVMGkvs,124,,correct,
xlLz8YVMGkvs,125,,correct,
xlLz8YVMGkvs,126,,correct,
xlLz8YVMGkvs,127,,correct,
xlLz8YVMGkvs,128,,correct,
xlLz8YVMGkvs,129,,correct,
xlLz8YVMGkvs,130,,correct,
xlLz8YVMGkvs,131,,correct,
xlLz8YVMGkvs,132,,correct,
xlLz8YVMGkvs,133,,correct,
xlLz8YVMGkvs,134,,correct,
xlLz8YVMGkvs,135,,correct,
xlLz8YVMGkvs,136,,correct,
xlLz8YVMGkvs,137,,correct,
xlLz8YVMGkvs,138,,correct,
xlLz8YVMGkvs,139,,correct,
xlLz8YVMGkvs,140,,correct,
xlLz8YVMGkvs,141,,correct,
xlLz8YVMGkvs,142,,correct,
xlLz8YVMGkvs,143,,correct,
xlLz8YVMGkvs,144,,incorrect,
xlLz8YVMGkvs,145,,incorrect,
xlLz8YVMGkvs,146,,correct,
xlLz8YVMGkvs,147,,correct,
xlLz8YVMGkvs,148,,correct,
xlLz8YVMGkvs,149,,incorrect,
xlLz8YVMGkvs,150,,correct,
By0gyab68WPW,121,,correct,
By0gyab68WPW,122,,correct,
By0gyab68WPW,123,,incorrect,
By0gyab68WPW,124,,correct,
By0gyab68WPW,125,,correct,
By0gyab68WPW,126,,correct,
By0gyab68WPW,127,,correct,
By0gyab68WPW,128,,incorrect,
By0gyab68WPW,129,,correct,
By0gyab68WPW,130,,correct,
By0gyab68WPW,131,,correct,
By0gyab68WPW,132,,correct,
By0gyab68WPW,133,,correct,
By0gyab68WPW,134,,correct,
By0gyab68WPW,135,,correct,
By0gyab68WPW,136,,correct,
By0gyab68WPW,137,,correct,
By0gyab68WPW,138,,correct,
By0gyab68WPW,139,,correct,
By0gyab68WPW,140,,correct,
By0gyab68WPW,141,,correct,
By0gyab68WPW,142,,correct,
By0gyab68WPW,143,,correct,
By0gyab68WPW,144,,correct,
By0gyab68WPW,145,,correct,
By0gyab68WPW,146,,incorrect,
By0gyab68WPW,147,,correct,
By0gyab68WPW,148,,incorrect,
By0gyab68WPW,149,,incorrect,
By0gyab68WPW,150,,correct,
7VpB1pGsv71N,121,,correct,
7VpB1pGsv71N,122,,incorrect,
7VpB1pGsv71N,123,,correct,
7VpB1pGsv71N,124,,correct,
7VpB1pGsv71N,125,,correct,
7VpB1pGsv71N,126,,incorrect,
7VpB1pGsv71N,127,,incorrect,
7VpB1pGsv71N,128,,correct,
7VpB1pGsv71N,129,,correct,
7VpB1pGsv71N,130,,correct,
7VpB1pGsv71N,131,,correct,
7VpB1pGsv71N,132,,correct,
7VpB1pGsv71N,133,,incorrect,
7VpB1pGsv71N,134,,correct,
7VpB1pGsv71N,135,,correct,
7VpB1pGsv71N,136,,incorrect,
7VpB1pGsv71N,137,,correct,
7VpB1pGsv71N,138,,correct,
7VpB1pGsv71N,139,,correct,
7VpB1pGsv71N,140,,correct,
7VpB1pGsv71N,141,,correct,
7VpB1pGsv71N,142,,correct,
7VpB1pGsv71N,143,,correct,
7VpB1pGsv71N,144,,correct,
7VpB1pGsv71N,145,,incorrect,
7VpB1pGsv71N,146,,incorrect,
7VpB1pGsv71N,147,,incorrect,
7VpB1pGsv71N,148,,correct,
7VpB1pGsv71N,149,,correct,
7VpB1pGsv71N,150,,incorrect,
No1fcFHRlYfg,121,,correct,
No1fcFHRlYfg,122,,correct,
No1fcFHRlYfg,123,,correct,
No1fcFHRlYfg,124,,correct,
No1fcFHRlYfg,125,,correct,
No1fcFHRlYfg,126,,correct,
No1fcFHRlYfg,127,,correct,
No1fcFHRlYfg,128,,incorrect,
No1fcFHRlYfg,129,,correct,
No1fcFHRlYfg,130,,correct,
No1fcFHRlYfg,131,,correct,
No1fcFHRlYfg,132,,correct,
No1fcFHRlYfg,133,,correct,
No1fcFHRlYfg,134,,incorrect,
No1fcFHRlYfg,135,,correct,
No1fcFHRlYfg,136,,correct,
No1fcFHRlYfg,137,,correct,
No1fcFHRlYfg,138,,correct,
No1fcFHRlYfg,139,,correct,
No1fcFHRlYfg,140,,correct,
No1fcFHRlYfg,141,,correct,
No1fcFHRlYfg,142,,correct,
No1fcFHRlYfg,143,,correct,
No1fcFHRlYfg,144,,correct,
No1fcFHRlYfg,145,,incorrect,
No1fcFHRlYfg,146,,correct,
No1fcFHRlYfg,147,,incorrect,
No1fcFHRlYfg,148,,incorrect,
No1fcFHRlYfg,149,,incorrect,
No1fcFHRlYfg,150,,correct,
nojDz9QSjRLy,121,,correct,
nojDz9QSjRLy,122,,incorrect,
nojDz9QSjRLy,123,,correct,
nojDz9QSjRLy,124,,correct,
nojDz9QSjRLy,125,,correct,
nojDz9QSjRLy,126,,correct,
nojDz9QSjRLy,127,,correct,
nojDz9QSjRLy,128,,correct,
nojDz9QSjRLy,129,,correct,
nojDz9QSjRLy,130,,correct,
nojDz9QSjRLy,131,,correct,
nojDz9QSjRLy,132,,correct,
nojDz9QSjRLy,133,,incorrect,
nojDz9QSjRLy,134,,incorrect,
nojDz9QSjRLy,135,,correct,
nojDz9QSjRLy,136,,incorrect,
nojDz9QSjRLy,137,,correct,
nojDz9QSjRLy,138,,correct,
nojDz9QSjRLy,139,,correct,
nojDz9QSjRLy,140,,correct,
nojDz9QSjRLy,141,,correct,
nojDz9QSjRLy,142,,correct,
nojDz9QSjRLy,143,,correct,
nojDz9QSjRLy,144,,incorrect,
nojDz9QSjRLy,145,,incorrect,
nojDz9QSjRLy,146,,incorrect,
nojDz9QSjRLy,147,,correct,
nojDz9QSjRLy,148,,correct,
nojDz9QSjRLy,149,,incorrect,
nojDz9QSjRLy,150,,correct,
kfwxRJXSzs3o,121,,correct,
kfwxRJXSzs3o,122,,correct,
kfwxRJXSzs3o,123,,correct,
kfwxRJXSzs3o,124,,correct,
kfwxRJXSzs3o,125,,correct,
kfwxRJXSzs3o,126,,correct,
kfwxRJXSzs3o,127,,incorrect,
kfwxRJXSzs3o,128,,incorrect,
kfwxRJXSzs3o,129,,correct,
kfwxRJXSzs3o,130,,incorrect,
kfwxRJXSzs3o,131,,correct,
kfwxRJXSzs3o,132,,incorrect,
kfwxRJXSzs3o,133,,correct,
kfwxRJXSzs3o,134,,correct,
kfwxRJXSzs3o,135,,correct,
kfwxRJXSzs3o,136,,correct,
kfwxRJXSzs3o,137,,incorrect,
kfwxRJXSzs3o,138,,correct,
kfwxRJXSzs3o,139,,correct,
kfwxRJXSzs3o,140,,correct,
kfwxRJXSzs3o,141,,correct,
kfwxRJXSzs3o,142,,correct,
kfwxRJXSzs3o,143,,correct,
kfwxRJXSzs3o,144,,incorrect,
kfwxRJXSzs3o,145,,incorrect,
kfwxRJXSzs3o,146,,correct,
kfwxRJXSzs3o,147,,correct,
kfwxRJXSzs3o,148,,incorrect,
kfwxRJXSzs3o,149,,incorrect,
kfwxRJXSzs3o,150,,correct,
sCNAQlTJzusQ,121,,correct,
sCNAQlTJzusQ,122,,incorrect,
sCNAQlTJzusQ,123,,correct,
sCNAQlTJzusQ,124,,correct,
sCNAQlTJzusQ,125,,correct,
sCNAQlTJzusQ,126,,incorrect,
sCNAQlTJzusQ,127,,correct,
sCNAQlTJzusQ,128,,correct,
sCNAQlTJzusQ,129,,correct,
sCNAQlTJzusQ,130,,correct,
sCNAQlTJzusQ,131,,correct,
sCNAQlTJzusQ,132,,correct,
sCNAQlTJzusQ,133,,correct,
sCNAQlTJzusQ,134,,incorrect,
sCNAQlTJzusQ,135,,correct,
sCNAQlTJzusQ,136,,correct,
sCNAQlTJzusQ,137,,correct,
sCNAQlTJzusQ,138,,correct,
sCNAQlTJzusQ,139,,correct,
sCNAQlTJzusQ,140,,correct,
sCNAQlTJzusQ,141,,correct,
sCNAQlTJzusQ,142,,correct,
sCNAQlTJzusQ,143,,correct,
sCNAQlTJzusQ,144,,correct,
sCNAQlTJzusQ,145,,incorrect,
sCNAQlTJzusQ,146,,correct,
sCNAQlTJzusQ,147,,correct,
sCNAQlTJzusQ,148,,correct,
sCNAQlTJzusQ,149,,incorrect,
sCNAQlTJzusQ,150,,correct,
bWRj9XHmvXaq,121,,correct,
bWRj9XHmvXaq,122,,incorrect,
bWRj9XHmvXaq,123,,correct,
bWRj9XHmvXaq,124,,correct,
bWRj9XHmvXaq,125,,correct,
bWRj9XHmvXaq,126,,correct,
bWRj9XHmvXaq,127,,incorrect,
bWRj9XHmvXaq,128,,correct,
bWRj9XHmvXaq,129,,correct,
bWRj9XHmvXaq,130,,correct,
bWRj9XHmvXaq,131,,correct,
bWRj9XHmvXaq,132,,correct,
bWRj9XHmvXaq,133,,correct,
bWRj9XHmvXaq,134,,incorrect,
bWRj9XHmvXaq,135,,correct,
bWRj9XHmvXaq,136,,correct,
bWRj9XHmvXaq,137,,correct,
bWRj9XHmvXaq,138,,correct,
bWRj9XHmvXaq,139,,correct,
bWRj9XHmvXaq,140,,correct,
bWRj9XHmvXaq,141,,incorrect,
bWRj9XHmvXaq,142,,correct,
bWRj9XHmvXaq,143,,incorrect,
bWRj9XHmvXaq,144,,correct,
bWRj9XHmvXaq,145,,incorrect,
bWRj9XHmvXaq,146,,incorrect,
bWRj9XHmvXaq,147,,correct,
bWRj9XHmvXaq,148,,correct,
bWRj9XHmvXaq,149,,correct,
bWRj9XHmvXaq,150,,correct,
BJE8NOUNFGYz,121,,correct,
BJE8NOUNFGYz,122,,incorrect,
BJE8NOUNFGYz,123,,correct,
BJE8NOUNFGYz,124,,correct,
BJE8NOUNFGYz,125,,correct,
BJE8NOUNFGYz,126,,correct,
BJE8NOUNFGYz,127,,correct,
BJE8NOUNFGYz,128,,correct,
BJE8NOUNFGYz,129,,incorrect,
BJE8NOUNFGYz,130,,correct,
BJE8NOUNFGYz,131,,correct,
BJE8NOUNFGYz,132,,correct,
BJE8NOUNFGYz,133,,correct,
BJE8NOUNFGYz,134,,incorrect,
BJE8NOUNFGYz,135,,correct,
BJE8NOUNFGYz,136,,correct,
BJE8NOUNFGYz,137,,correct,
BJE8NOUNFGYz,138,,correct,
BJE8NOUNFGYz,139,,incorrect,
BJE8NOUNFGYz,140,,correct,
BJE8NOUNFGYz,141,,correct,
BJE8NOUNFGYz,142,,incorrect,
BJE8NOUNFGYz,143,,correct,
BJE8NOUNFGYz,144,,incorrect,
BJE8NOUNFGYz,145,,correct,
BJE8NOUNFGYz,146,,incorrect,
BJE8NOUNFGYz,147,,incorrect,
BJE8NOUNFGYz,148,,incorrect,
BJE8NOUNFGYz,149,,incorrect,
BJE8NOUNFGYz,150,,correct,
VTLAbK1PHg7B,121,,correct,
VTLAbK1PHg7B,122,,incorrect,
VTLAbK1PHg7B,123,,correct,
VTLAbK1PHg7B,124,,correct,
VTLAbK1PHg7B,125,,correct,
VTLAbK1PHg7B,126,,correct,
VTLAbK1PHg7B,127,,correct,
VTLAbK1PHg7B,128,,correct,
VTLAbK1PHg7B,129,,correct,
VTLAbK1PHg7B,130,,correct,
VTLAbK1PHg7B,131,,correct,
VTLAbK1PHg7B,132,,correct,
VTLAbK1PHg7B,133,,correct,
VTLAbK1PHg7B,134,,incorrect,
VTLAbK1PHg7B,135,,correct,
VTLAbK1PHg7B,136,,correct,
VTLAbK1PHg7B,137,,correct,
VTLAbK1PHg7B,138,,correct,
VTLAbK1PHg7B,139,,incorrect,
VTLAbK1PHg7B,140,,correct,
VTLAbK1PHg7B,141,,correct,
VTLAbK1PHg7B,142,,correct,
VTLAbK1PHg7B,143,,correct,
VTLAbK1PHg7B,144,,incorrect,
VTLAbK1PHg7B,145,,correct,
VTLAbK1PHg7B,146,,incorrect,
VTLAbK1PHg7B,147,,incorrect,
VTLAbK1PHg7B,148,,incorrect,
VTLAbK1PHg7B,149,,incorrect,
VTLAbK1PHg7B,150,,correct,
wLeCyVvKyFT8,121,,correct,
wLeCyVvKyFT8,122,,incorrect,
wLeCyVvKyFT8,123,,correct,
wLeCyVvKyFT8,124,,correct,
wLeCyVvKyFT8,125,,correct,
wLeCyVvKyFT8,126,,incorrect,
wLeCyVvKyFT8,127,,correct,
wLeCyVvKyFT8,128,,incorrect,
wLeCyVvKyFT8,129,,correct,
wLeCyVvKyFT8,130,,correct,
wLeCyVvKyFT8,131,,correct,
wLeCyVvKyFT8,132,,correct,
wLeCyVvKyFT8,133,,correct,
wLeCyVvKyFT8,134,,incorrect,
wLeCyVvKyFT8,135,,correct,
wLeCyVvKyFT8,136,,incorrect,
wLeCyVvKyFT8,137,,correct,
wLeCyVvKyFT8,138,,correct,
wLeCyVvKyFT8,139,,correct,
wLeCyVvKyFT8,140,,correct,
wLeCyVvKyFT8,141,,correct,
wLeCyVvKyFT8,142,,incorrect,
wLeCyVvKyFT8,143,,correct,
wLeCyVvKyFT8,144,,correct,
wLeCyVvKyFT8,145,,incorrect,
wLeCyVvKyFT8,146,,correct,
wLeCyVvKyFT8,147,,correct,
wLeCyVvKyFT8,148,,correct,
wLeCyVvKyFT8,149,,correct,
wLeCyVvKyFT8,150,,correct,
1tnkUsBnGX2u,121,,correct,
1tnkUsBnGX2u,122,,incorrect,
1tnkUsBnGX2u,123,,correct,
1tnkUsBnGX2u,124,,correct,
1tnkUsBnGX2u,125,,correct,
1tnkUsBnGX2u,126,,incorrect,
1tnkUsBnGX2u,127,,correct,
1tnkUsBnGX2u,128,,incorrect,
1tnkUsBnGX2u,129,,correct,
1tnkUsBnGX2u,130,,correct,
1tnkUsBnGX2u,131,,correct,
1tnkUsBnGX2u,132,,correct,
1tnkUsBnGX2u,133,,correct,
1tnkUsBnGX2u,134,,incorrect,
1tnkUsBnGX2u,135,,correct,
1tnkUsBnGX2u,136,,incorrect,
1tnkUsBnGX2u,137,,correct,
1tnkUsBnGX2u,138,,correct,
1tnkUsBnGX2u,139,,correct,
1tnkUsBnGX2u,140,,correct,
1tnkUsBnGX2u,141,,correct,
1tnkUsBnGX2u,142,,incorrect,
1tnkUsBnGX2u,143,,correct,
1tnkUsBnGX2u,144,,correct,
1tnkUsBnGX2u,145,,incorrect,
1tnkUsBnGX2u,146,,correct,
1tnkUsBnGX2u,147,,correct,
1tnkUsBnGX2u,148,,correct,
1tnkUsBnGX2u,149,,correct,
1tnkUsBnGX2u,150,,correct,
E9vMd75UB2be,121,,correct,
E9vMd75UB2be,122,,incorrect,
E9vMd75UB2be,123,,correct,
E9vMd75UB2be,124,,incorrect,
E9vMd75UB2be,125,,correct,
E9vMd75UB2be,126,,incorrect,
E9vMd75UB2be,127,,incorrect,
E9vMd75UB2be,128,,incorrect,
E9vMd75UB2be,129,,correct,
E9vMd75UB2be,130,,correct,
E9vMd75UB2be,131,,correct,
E9vMd75UB2be,132,,correct,
E9vMd75UB2be,133,,correct,
E9vMd75UB2be,134,,incorrect,
E9vMd75UB2be,135,,correct,
E9vMd75UB2be,136,,correct,
E9vMd75UB2be,137,,correct,
E9vMd75UB2be,138,,correct,
E9vMd75UB2be,139,,correct,
E9vMd75UB2be,140,,correct,
E9vMd75UB2be,141,,correct,
E9vMd75UB2be,142,,correct,
E9vMd75UB2be,143,,correct,
E9vMd75UB2be,144,,correct,
E9vMd75UB2be,145,,incorrect,
E9vMd75UB2be,146,,incorrect,
E9vMd75UB2be,147,,correct,
E9vMd75UB2be,148,,correct,
E9vMd75UB2be,149,,correct,
E9vMd75UB2be,150,,incorrect,
Ui0yLwC2YxnT,121,,correct,
Ui0yLwC2YxnT,122,,correct,
Ui0yLwC2YxnT,123,,correct,
Ui0yLwC2YxnT,124,,correct,
Ui0yLwC2YxnT,125,,correct,
Ui0yLwC2YxnT,126,,correct,
Ui0yLwC2YxnT,127,,incorrect,
Ui0yLwC2YxnT,128,,incorrect,
Ui0yLwC2YxnT,129,,correct,
Ui0yLwC2YxnT,130,,correct,
Ui0yLwC2YxnT,131,,correct,
Ui0yLwC2YxnT,132,,incorrect,
Ui0yLwC2YxnT,133,,correct,
Ui0yLwC2YxnT,134,,incorrect,
Ui0yLwC2YxnT,135,,correct,
Ui0yLwC2YxnT,136,,correct,
Ui0yLwC2YxnT,137,,incorrect,
Ui0yLwC2YxnT,138,,correct,
Ui0yLwC2YxnT,139,,correct,
Ui0yLwC2YxnT,140,,correct,
Ui0yLwC2YxnT,141,,correct,
Ui0yLwC2YxnT,142,,correct,
Ui0yLwC2YxnT,143,,correct,
Ui0yLwC2YxnT,144,,correct,
Ui0yLwC2YxnT,145,,incorrect,
Ui0yLwC2YxnT,146,,correct,
Ui0yLwC2YxnT,147,,incorrect,
Ui0yLwC2YxnT,148,,incorrect,
Ui0yLwC2YxnT,149,,correct,
Ui0yLwC2YxnT,150,,correct,
DI3Mqi034afd,121,,correct,
DI3Mqi034afd,122,,incorrect,
DI3Mqi034afd,123,,correct,
DI3Mqi034afd,124,,correct,
DI3Mqi034afd,125,,correct,
DI3Mqi034afd,126,,correct,
DI3Mqi034afd,127,,correct,
DI3Mqi034afd,128,,correct,
DI3Mqi034afd,129,,correct,
DI3Mqi034afd,130,,correct,
DI3Mqi034afd,131,,correct,
DI3Mqi034afd,132,,correct,
DI3Mqi034afd,133,,correct,
DI3Mqi034afd,134,,correct,
DI3Mqi034afd,135,,correct,
DI3Mqi034afd,136,,correct,
DI3Mqi034afd,137,,correct,
DI3Mqi034afd,138,,correct,
DI3Mqi034afd,139,,correct,
DI3Mqi034afd,140,,correct,
DI3Mqi034afd,141,,correct,
DI3Mqi034afd,142,,correct,
DI3Mqi034afd,143,,correct,
DI3Mqi034afd,144,,correct,
DI3Mqi034afd,145,,incorrect,
DI3Mqi034afd,146,,correct,
DI3Mqi034afd,147,,correct,
DI3Mqi034afd,148,,correct,
DI3Mqi034afd,149,,correct,
DI3Mqi034afd,150,,correct,
Q7dfzHYyXvOT,121,,correct,
Q7dfzHYyXvOT,122,,incorrect,
Q7dfzHYyXvOT,123,,correct,
Q7dfzHYyXvOT,124,,correct,
Q7dfzHYyXvOT,125,,correct,
Q7dfzHYyXvOT,126,,correct,
Q7dfzHYyXvOT,127,,correct,
Q7dfzHYyXvOT,128,,correct,
Q7dfzHYyXvOT,129,,correct,
Q7dfzHYyXvOT,130,,correct,
Q7dfzHYyXvOT,131,,correct,
Q7dfzHYyXvOT,132,,correct,
Q7dfzHYyXvOT,133,,correct,
Q7dfzHYyXvOT,134,,correct,
Q7dfzHYyXvOT,135,,correct,
Q7dfzHYyXvOT,136,,correct,
Q7dfzHYyXvOT,137,,correct,
Q7dfzHYyXvOT,138,,correct,
Q7dfzHYyXvOT,139,,correct,
Q7dfzHYyXvOT,140,,correct,
Q7dfzHYyXvOT,141,,correct,
Q7dfzHYyXvOT,142,,correct,
Q7dfzHYyXvOT,143,,correct,
Q7dfzHYyXvOT,144,,correct,
Q7dfzHYyXvOT,145,,incorrect,
Q7dfzHYyXvOT,146,,correct,
Q7dfzHYyXvOT,147,,correct,
Q7dfzHYyXvOT,148,,correct,
Q7dfzHYyXvOT,149,,correct,
Q7dfzHYyXvOT,150,,correct,
Oc5QucHDsmjC,121,,correct,
Oc5QucHDsmjC,122,,incorrect,
Oc5QucHDsmjC,123,,correct,
Oc5QucHDsmjC,124,,correct,
Oc5QucHDsmjC,125,,correct,
Oc5QucHDsmjC,126,,correct,
Oc5QucHDsmjC,127,,correct,
Oc5QucHDsmjC,128,,correct,
Oc5QucHDsmjC,129,,correct,
Oc5QucHDsmjC,130,,correct,
Oc5QucHDsmjC,131,,correct,
Oc5QucHDsmjC,132,,correct,
Oc5QucHDsmjC,133,,correct,
Oc5QucHDsmjC,134,,correct,
Oc5QucHDsmjC,135,,correct,
Oc5QucHDsmjC,136,,correct,
Oc5QucHDsmjC,137,,correct,
Oc5QucHDsmjC,138,,correct,
Oc5QucHDsmjC,139,,correct,
Oc5QucHDsmjC,140,,correct,
Oc5QucHDsmjC,141,,correct,
Oc5QucHDsmjC,142,,correct,
Oc5QucHDsmjC,143,,correct,
Oc5QucHDsmjC,144,,correct,
Oc5QucHDsmjC,145,,incorrect,
Oc5QucHDsmjC,146,,correct,
Oc5QucHDsmjC,147,,correct,
Oc5QucHDsmjC,148,,correct,
Oc5QucHDsmjC,149,,correct,
Oc5QucHDsmjC,150,,correct,
VgoqnXYkjUhL,121,,correct,
VgoqnXYkjUhL,122,,incorrect,
VgoqnXYkjUhL,123,,correct,
VgoqnXYkjUhL,124,,incorrect,
VgoqnXYkjUhL,125,,correct,
VgoqnXYkjUhL,126,,correct,
VgoqnXYkjUhL,127,,correct,
VgoqnXYkjUhL,128,,correct,
VgoqnXYkjUhL,129,,correct,
VgoqnXYkjUhL,130,,correct,
VgoqnXYkjUhL,131,,correct,
VgoqnXYkjUhL,132,,correct,
VgoqnXYkjUhL,133,,correct,
VgoqnXYkjUhL,134,,incorrect,
VgoqnXYkjUhL,135,,correct,
VgoqnXYkjUhL,136,,correct,
VgoqnXYkjUhL,137,,correct,
VgoqnXYkjUhL,138,,incorrect,
VgoqnXYkjUhL,139,,correct,
VgoqnXYkjUhL,140,,correct,
VgoqnXYkjUhL,141,,correct,
VgoqnXYkjUhL,142,,correct,
VgoqnXYkjUhL,143,,correct,
VgoqnXYkjUhL,144,,correct,
VgoqnXYkjUhL,145,,incorrect,
VgoqnXYkjUhL,146,,correct,
VgoqnXYkjUhL,147,,correct,
VgoqnXYkjUhL,148,,correct,
VgoqnXYkjUhL,149,,correct,
VgoqnXYkjUhL,150,,correct,
bUBpyoQOQ4Ov,121,,correct,
bUBpyoQOQ4Ov,122,,incorrect,
bUBpyoQOQ4Ov,123,,correct,
bUBpyoQOQ4Ov,124,,correct,
bUBpyoQOQ4Ov,125,,correct,
bUBpyoQOQ4Ov,126,,incorrect,
bUBpyoQOQ4Ov,127,,correct,
bUBpyoQOQ4Ov,128,,incorrect,
bUBpyoQOQ4Ov,129,,correct,
bUBpyoQOQ4Ov,130,,correct,
bUBpyoQOQ4Ov,131,,correct,
bUBpyoQOQ4Ov,132,,correct,
bUBpyoQOQ4Ov,133,,correct,
bUBpyoQOQ4Ov,134,,incorrect,
bUBpyoQOQ4Ov,135,,correct,
bUBpyoQOQ4Ov,136,,incorrect,
bUBpyoQOQ4Ov,137,,correct,
bUBpyoQOQ4Ov,138,,correct,
bUBpyoQOQ4Ov,139,,correct,
bUBpyoQOQ4Ov,140,,correct,
bUBpyoQOQ4Ov,141,,correct,
bUBpyoQOQ4Ov,142,,incorrect,
bUBpyoQOQ4Ov,143,,correct,
bUBpyoQOQ4Ov,144,,correct,
bUBpyoQOQ4Ov,145,,incorrect,
bUBpyoQOQ4Ov,146,,correct,
bUBpyoQOQ4Ov,147,,correct,
bUBpyoQOQ4Ov,148,,correct,
bUBpyoQOQ4Ov,149,,correct,
bUBpyoQOQ4Ov,150,,correct,
I93EMGZEU4vI,121,,correct,
I93EMGZEU4vI,122,,incorrect,
I93EMGZEU4vI,123,,correct,
I93EMGZEU4vI,124,,correct,
I93EMGZEU4vI,125,,correct,
I93EMGZEU4vI,126,,correct,
I93EMGZEU4vI,127,,correct,
I93EMGZEU4vI,128,,correct,
I93EMGZEU4vI,129,,correct,
I93EMGZEU4vI,130,,correct,
I93EMGZEU4vI,131,,correct,
I93EMGZEU4vI,132,,correct,
I93EMGZEU4vI,133,,incorrect,
I93EMGZEU4vI,134,,incorrect,
I93EMGZEU4vI,135,,correct,
I93EMGZEU4vI,136,,correct,
I93EMGZEU4vI,137,,correct,
I93EMGZEU4vI,138,,correct,
I93EMGZEU4vI,139,,correct,
I93EMGZEU4vI,140,,correct,
I93EMGZEU4vI,141,,correct,
I93EMGZEU4vI,142,,correct,
I93EMGZEU4vI,143,,incorrect,
I93EMGZEU4vI,144,,correct,
I93EMGZEU4vI,145,,incorrect,
I93EMGZEU4vI,146,,correct,
I93EMGZEU4vI,147,,incorrect,
I93EMGZEU4vI,148,,correct,
I93EMGZEU4vI,149,,correct,
I93EMGZEU4vI,150,,correct,
QJccKPT4nu7V,121,,correct,
QJccKPT4nu7V,122,,correct,
QJccKPT4nu7V,123,,correct,
QJccKPT4nu7V,124,,correct,
QJccKPT4nu7V,125,,correct,
QJccKPT4nu7V,126,,correct,
QJccKPT4nu7V,127,,incorrect,
QJccKPT4nu7V,128,,incorrect,
QJccKPT4nu7V,129,,correct,
QJccKPT4nu7V,130,,correct,
QJccKPT4nu7V,131,,correct,
QJccKPT4nu7V,132,,correct,
QJccKPT4nu7V,133,,incorrect,
QJccKPT4nu7V,134,,incorrect,
QJccKPT4nu7V,135,,correct,
QJccKPT4nu7V,136,,correct,
QJccKPT4nu7V,137,,incorrect,
QJccKPT4nu7V,138,,correct,
QJccKPT4nu7V,139,,correct,
QJccKPT4nu7V,140,,correct,
QJccKPT4nu7V,141,,correct,
QJccKPT4nu7V,142,,correct,
QJccKPT4nu7V,143,,correct,
QJccKPT4nu7V,144,,correct,
QJccKPT4nu7V,145,,incorrect,
QJccKPT4nu7V,146,,correct,
QJccKPT4nu7V,147,,incorrect,
QJccKPT4nu7V,148,,incorrect,
QJccKPT4nu7V,149,,correct,
QJccKPT4nu7V,150,,correct,
HDHPHpQGlRLt,121,,correct,
HDHPHpQGlRLt,122,,correct,
HDHPHpQGlRLt,123,,correct,
HDHPHpQGlRLt,124,,correct,
HDHPHpQGlRLt,125,,correct,
HDHPHpQGlRLt,126,,correct,
HDHPHpQGlRLt,127,,incorrect,
HDHPHpQGlRLt,128,,correct,
HDHPHpQGlRLt,129,,correct,
HDHPHpQGlRLt,130,,correct,
HDHPHpQGlRLt,131,,correct,
HDHPHpQGlRLt,132,,correct,
HDHPHpQGlRLt,133,,correct,
HDHPHpQGlRLt,134,,incorrect,
HDHPHpQGlRLt,135,,correct,
HDHPHpQGlRLt,136,,correct,
HDHPHpQGlRLt,137,,correct,
HDHPHpQGlRLt,138,,correct,
HDHPHpQGlRLt,139,,correct,
HDHPHpQGlRLt,140,,correct,
HDHPHpQGlRLt,141,,correct,
HDHPHpQGlRLt,142,,correct,
HDHPHpQGlRLt,143,,correct,
HDHPHpQGlRLt,144,,correct,
HDHPHpQGlRLt,145,,incorrect,
HDHPHpQGlRLt,146,,correct,
HDHPHpQGlRLt,147,,incorrect,
HDHPHpQGlRLt,148,,correct,
HDHPHpQGlRLt,149,,correct,
HDHPHpQGlRLt,150,,correct,
0rzpTGhVxVJU,121,,correct,
0rzpTGhVxVJU,122,,incorrect,
0rzpTGhVxVJU,123,,correct,
0rzpTGhVxVJU,124,,incorrect,
0rzpTGhVxVJU,125,,correct,
0rzpTGhVxVJU,126,,incorrect,
0rzpTGhVxVJU,127,,incorrect,
0rzpTGhVxVJU,128,,correct,
0rzpTGhVxVJU,129,,incorrect,
0rzpTGhVxVJU,130,,correct,
0rzpTGhVxVJU,131,,correct,
0rzpTGhVxVJU,132,,incorrect,
0rzpTGhVxVJU,133,,incorrect,
0rzpTGhVxVJU,134,,incorrect,
0rzpTGhVxVJU,135,,correct,
0rzpTGhVxVJU,136,,incorrect,
0rzpTGhVxVJU,137,,correct,
0rzpTGhVxVJU,138,,correct,
0rzpTGhVxVJU,139,,incorrect,
0rzpTGhVxVJU,140,,correct,
0rzpTGhVxVJU,141,,correct,
0rzpTGhVxVJU,142,,incorrect,
0rzpTGhVxVJU,143,,correct,
0rzpTGhVxVJU,144,,incorrect,
0rzpTGhVxVJU,145,,incorrect,
0rzpTGhVxVJU,146,,correct,
0rzpTGhVxVJU,147,,incorrect,
0rzpTGhVxVJU,148,,incorrect,
0rzpTGhVxVJU,149,,incorrect,
0rzpTGhVxVJU,150,,correct,
0Hpj01paAdfZ,121,,correct,
0Hpj01paAdfZ,122,,correct,
0Hpj01paAdfZ,123,,correct,
0Hpj01paAdfZ,124,,correct,
0Hpj01paAdfZ,125,,correct,
0Hpj01paAdfZ,126,,correct,
0Hpj01paAdfZ,127,,correct,
0Hpj01paAdfZ,128,,incorrect,
0Hpj01paAdfZ,129,,correct,
0Hpj01paAdfZ,130,,correct,
0Hpj01paAdfZ,131,,correct,
0Hpj01paAdfZ,132,,correct,
0Hpj01paAdfZ,133,,correct,
0Hpj01paAdfZ,134,,correct,
0Hpj01paAdfZ,135,,correct,
0Hpj01paAdfZ,136,,correct,
0Hpj01paAdfZ,137,,correct,
0Hpj01paAdfZ,138,,correct,
0Hpj01paAdfZ,139,,correct,
0Hpj01paAdfZ,140,,correct,
0Hpj01paAdfZ,141,,correct,
0Hpj01paAdfZ,142,,correct,
0Hpj01paAdfZ,143,,correct,
0Hpj01paAdfZ,144,,incorrect,
0Hpj01paAdfZ,145,,incorrect,
0Hpj01paAdfZ,146,,correct,
0Hpj01paAdfZ,147,,incorrect,
0Hpj01paAdfZ,148,,incorrect,
0Hpj01paAdfZ,149,,incorrect,
0Hpj01paAdfZ,150,,correct,
vgAkx62M3oPn,121,,correct,
vgAkx62M3oPn,122,,incorrect,
vgAkx62M3oPn,123,,correct,
vgAkx62M3oPn,124,,correct,
vgAkx62M3oPn,125,,correct,
vgAkx62M3oPn,126,,correct,
vgAkx62M3oPn,127,,correct,
vgAkx62M3oPn,128,,correct,
vgAkx62M3oPn,129,,incorrect,
vgAkx62M3oPn,130,,correct,
vgAkx62M3oPn,131,,correct,
vgAkx62M3oPn,132,,correct,
vgAkx62M3oPn,133,,correct,
vgAkx62M3oPn,134,,correct,
vgAkx62M3oPn,135,,correct,
vgAkx62M3oPn,136,,correct,
vgAkx62M3oPn,137,,correct,
vgAkx62M3oPn,138,,correct,
vgAkx62M3oPn,139,,correct,
vgAkx62M3oPn,140,,correct,
vgAkx62M3oPn,141,,correct,
vgAkx62M3oPn,142,,incorrect,
vgAkx62M3oPn,143,,incorrect,
vgAkx62M3oPn,144,,correct,
vgAkx62M3oPn,145,,incorrect,
vgAkx62M3oPn,146,,correct,
vgAkx62M3oPn,147,,incorrect,
vgAkx62M3oPn,148,,correct,
vgAkx62M3oPn,149,,correct,
vgAkx62M3oPn,150,,correct,
VqXqgB6ructd,121,,correct,
VqXqgB6ructd,122,,incorrect,
VqXqgB6ructd,123,,correct,
VqXqgB6ructd,124,,correct,
VqXqgB6ructd,125,,correct,
VqXqgB6ructd,126,,correct,
VqXqgB6ructd,127,,correct,
VqXqgB6ructd,128,,correct,
VqXqgB6ructd,129,,correct,
VqXqgB6ructd,130,,correct,
VqXqgB6ructd,131,,correct,
VqXqgB6ructd,132,,correct,
VqXqgB6ructd,133,,correct,
VqXqgB6ructd,134,,incorrect,
VqXqgB6ructd,135,,correct,
VqXqgB6ructd,136,,correct,
VqXqgB6ructd,137,,correct,
VqXqgB6ructd,138,,correct,
VqXqgB6ructd,139,,correct,
VqXqgB6ructd,140,,correct,
VqXqgB6ructd,141,,correct,
VqXqgB6ructd,142,,correct,
VqXqgB6ructd,143,,incorrect,
VqXqgB6ructd,144,,correct,
VqXqgB6ructd,145,,incorrect,
VqXqgB6ructd,146,,correct,
VqXqgB6ructd,147,,correct,
VqXqgB6ructd,148,,correct,
VqXqgB6ructd,149,,correct,
VqXqgB6ructd,150,,correct,
9xt9EeOQtcXZ,121,,correct,
9xt9EeOQtcXZ,122,,incorrect,
9xt9EeOQtcXZ,123,,correct,
9xt9EeOQtcXZ,124,,correct,
9xt9EeOQtcXZ,125,,correct,
9xt9EeOQtcXZ,126,,correct,
9xt9EeOQtcXZ,127,,correct,
9xt9EeOQtcXZ,128,,correct,
9xt9EeOQtcXZ,129,,correct,
9xt9EeOQtcXZ,130,,correct,
9xt9EeOQtcXZ,131,,correct,
9xt9EeOQtcXZ,132,,correct,
9xt9EeOQtcXZ,133,,correct,
9xt9EeOQtcXZ,134,,incorrect,
9xt9EeOQtcXZ,135,,correct,
9xt9EeOQtcXZ,136,,correct,
9xt9EeOQtcXZ,137,,correct,
9xt9EeOQtcXZ,138,,correct,
9xt9EeOQtcXZ,139,,incorrect,
9xt9EeOQtcXZ,140,,correct,
9xt9EeOQtcXZ,141,,correct,
9xt9EeOQtcXZ,142,,incorrect,
9xt9EeOQtcXZ,143,,incorrect,
9xt9EeOQtcXZ,144,,correct,
9xt9EeOQtcXZ,145,,incorrect,
9xt9EeOQtcXZ,146,,correct,
9xt9EeOQtcXZ,147,,correct,
9xt9EeOQtcXZ,148,,correct,
9xt9EeOQtcXZ,149,,correct,
9xt9EeOQtcXZ,150,,correct,
X0HFePMCkBsP,121,,correct,
X0HFePMCkBsP,122,,correct,
X0HFePMCkBsP,123,,correct,
X0HFePMCkBsP,124,,correct,
X0HFePMCkBsP,125,,correct,
X0HFePMCkBsP,126,,correct,
X0HFePMCkBsP,127,,incorrect,
X0HFePMCkBsP,128,,correct,
X0HFePMCkBsP,129,,correct,
X0HFePMCkBsP,130,,correct,
X0HFePMCkBsP,131,,correct,
X0HFePMCkBsP,132,,incorrect,
X0HFePMCkBsP,133,,correct,
X0HFePMCkBsP,134,,correct,
X0HFePMCkBsP,135,,correct,
X0HFePMCkBsP,136,,correct,
X0HFePMCkBsP,137,,correct,
X0HFePMCkBsP,138,,correct,
X0HFePMCkBsP,139,,correct,
X0HFePMCkBsP,140,,correct,
X0HFePMCkBsP,141,,correct,
X0HFePMCkBsP,142,,correct,
X0HFePMCkBsP,143,,correct,
X0HFePMCkBsP,144,,correct,
X0HFePMCkBsP,145,,incorrect,
X0HFePMCkBsP,146,,correct,
X0HFePMCkBsP,147,,incorrect,
X0HFePMCkBsP,148,,incorrect,
X0HFePMCkBsP,149,,incorrect,
X0HFePMCkBsP,150,,correct,
32nLuB1xqIO4,121,,correct,
32nLuB1xqIO4,122,,correct,
32nLuB1xqIO4,123,,correct,
32nLuB1xqIO4,124,,correct,
32nLuB1xqIO4,125,,correct,
32nLuB1xqIO4,126,,correct,
32nLuB1xqIO4,127,,incorrect,
32nLuB1xqIO4,128,,correct,
32nLuB1xqIO4,129,,correct,
32nLuB1xqIO4,130,,correct,
32nLuB1xqIO4,131,,correct,
32nLuB1xqIO4,132,,correct,
32nLuB1xqIO4,133,,correct,
32nLuB1xqIO4,134,,incorrect,
32nLuB1xqIO4,135,,correct,
32nLuB1xqIO4,136,,incorrect,
32nLuB1xqIO4,137,,correct,
32nLuB1xqIO4,138,,correct,
32nLuB1xqIO4,139,,correct,
32nLuB1xqIO4,140,,correct,
32nLuB1xqIO4,141,,correct,
32nLuB1xqIO4,142,,correct,
32nLuB1xqIO4,143,,correct,
32nLuB1xqIO4,144,,incorrect,
32nLuB1xqIO4,145,,incorrect,
32nLuB1xqIO4,146,,correct,
32nLuB1xqIO4,147,,incorrect,
32nLuB1xqIO4,148,,incorrect,
32nLuB1xqIO4,149,,correct,
32nLuB1xqIO4,150,,incorrect,
GiEhMndZmOa5,121,,correct,
GiEhMndZmOa5,122,,incorrect,
GiEhMndZmOa5,123,,incorrect,
GiEhMndZmOa5,124,,correct,
GiEhMndZmOa5,125,,correct,
GiEhMndZmOa5,126,,incorrect,
GiEhMndZmOa5,127,,correct,
GiEhMndZmOa5,128,,incorrect,
GiEhMndZmOa5,129,,correct,
GiEhMndZmOa5,130,,correct,
GiEhMndZmOa5,131,,correct,
GiEhMndZmOa5,132,,correct,
GiEhMndZmOa5,133,,correct,
GiEhMndZmOa5,134,,incorrect,
GiEhMndZmOa5,135,,correct,
GiEhMndZmOa5,136,,correct,
GiEhMndZmOa5,137,,correct,
GiEhMndZmOa5,138,,correct,
GiEhMndZmOa5,139,,correct,
GiEhMndZmOa5,140,,correct,
GiEhMndZmOa5,141,,correct,
GiEhMndZmOa5,142,,correct,
GiEhMndZmOa5,143,,correct,
GiEhMndZmOa5,144,,correct,
GiEhMndZmOa5,145,,incorrect,
GiEhMndZmOa5,146,,correct,
GiEhMndZmOa5,147,,incorrect,
GiEhMndZmOa5,148,,correct,
GiEhMndZmOa5,149,,correct,
GiEhMndZmOa5,150,,correct,
ylh73EEFQ8CD,121,,correct,
ylh73EEFQ8CD,122,,incorrect,
ylh73EEFQ8CD,123,,correct,
ylh73EEFQ8CD,124,,correct,
ylh73EEFQ8CD,125,,correct,
ylh73EEFQ8CD,126,,correct,
ylh73EEFQ8CD,127,,incorrect,
ylh73EEFQ8CD,128,,correct,
ylh73EEFQ8CD,129,,correct,
ylh73EEFQ8CD,130,,correct,
ylh73EEFQ8CD,131,,correct,
ylh73EEFQ8CD,132,,correct,
ylh73EEFQ8CD,133,,correct,
ylh73EEFQ8CD,134,,correct,
ylh73EEFQ8CD,135,,correct,
ylh73EEFQ8CD,136,,correct,
ylh73EEFQ8CD,137,,correct,
ylh73EEFQ8CD,138,,correct,
ylh73EEFQ8CD,139,,correct,
ylh73EEFQ8CD,140,,correct,
ylh73EEFQ8CD,141,,correct,
ylh73EEFQ8CD,142,,correct,
ylh73EEFQ8CD,143,,correct,
ylh73EEFQ8CD,144,,correct,
ylh73EEFQ8CD,145,,incorrect,
ylh73EEFQ8CD,146,,correct,
ylh73EEFQ8CD,147,,incorrect,
ylh73EEFQ8CD,148,,correct,
ylh73EEFQ8CD,149,,correct,
ylh73EEFQ8CD,150,,correct,
OLMmduueQtv7,121,,correct,
OLMmduueQtv7,122,,correct,
OLMmduueQtv7,123,,correct,
OLMmduueQtv7,124,,correct,
OLMmduueQtv7,125,,correct,
OLMmduueQtv7,126,,correct,
OLMmduueQtv7,127,,incorrect,
OLMmduueQtv7,128,,correct,
OLMmduueQtv7,129,,correct,
OLMmduueQtv7,130,,correct,
OLMmduueQtv7,131,,correct,
OLMmduueQtv7,132,,correct,
OLMmduueQtv7,133,,incorrect,
OLMmduueQtv7,134,,incorrect,
OLMmduueQtv7,135,,correct,
OLMmduueQtv7,136,,correct,
OLMmduueQtv7,137,,correct,
OLMmduueQtv7,138,,correct,
OLMmduueQtv7,139,,correct,
OLMmduueQtv7,140,,correct,
OLMmduueQtv7,141,,correct,
OLMmduueQtv7,142,,correct,
OLMmduueQtv7,143,,correct,
OLMmduueQtv7,144,,correct,
OLMmduueQtv7,145,,incorrect,
OLMmduueQtv7,146,,correct,
OLMmduueQtv7,147,,incorrect,
OLMmduueQtv7,148,,incorrect,
OLMmduueQtv7,149,,correct,
OLMmduueQtv7,150,,correct,
SpXSTCkMzPni,121,,correct,
SpXSTCkMzPni,122,,incorrect,
SpXSTCkMzPni,123,,correct,
SpXSTCkMzPni,124,,correct,
SpXSTCkMzPni,125,,correct,
SpXSTCkMzPni,126,,correct,
SpXSTCkMzPni,127,,correct,
SpXSTCkMzPni,128,,correct,
SpXSTCkMzPni,129,,correct,
SpXSTCkMzPni,130,,correct,
SpXSTCkMzPni,131,,correct,
SpXSTCkMzPni,132,,correct,
SpXSTCkMzPni,133,,incorrect,
SpXSTCkMzPni,134,,incorrect,
SpXSTCkMzPni,135,,correct,
SpXSTCkMzPni,136,,correct,
SpXSTCkMzPni,137,,correct,
SpXSTCkMzPni,138,,correct,
SpXSTCkMzPni,139,,correct,
SpXSTCkMzPni,140,,correct,
SpXSTCkMzPni,141,,correct,
SpXSTCkMzPni,142,,incorrect,
SpXSTCkMzPni,143,,correct,
SpXSTCkMzPni,144,,correct,
SpXSTCkMzPni,145,,incorrect,
SpXSTCkMzPni,146,,correct,
SpXSTCkMzPni,147,,incorrect,
SpXSTCkMzPni,148,,incorrect,
SpXSTCkMzPni,149,,correct,
SpXSTCkMzPni,150,,correct,
e35NZ2cItyz9,121,,correct,
e35NZ2cItyz9,122,,incorrect,
e35NZ2cItyz9,123,,correct,
e35NZ2cItyz9,124,,correct,
e35NZ2cItyz9,125,,correct,
e35NZ2cItyz9,126,,correct,
e35NZ2cItyz9,127,,incorrect,
e35NZ2cItyz9,128,,correct,
e35NZ2cItyz9,129,,correct,
e35NZ2cItyz9,130,,correct,
e35NZ2cItyz9,131,,correct,
e35NZ2cItyz9,132,,correct,
e35NZ2cItyz9,133,,correct,
e35NZ2cItyz9,134,,correct,
e35NZ2cItyz9,135,,incorrect,
e35NZ2cItyz9,136,,correct,
e35NZ2cItyz9,137,,correct,
e35NZ2cItyz9,138,,correct,
e35NZ2cItyz9,139,,correct,
e35NZ2cItyz9,140,,correct,
e35NZ2cItyz9,141,,correct,
e35NZ2cItyz9,142,,correct,
e35NZ2cItyz9,143,,correct,
e35NZ2cItyz9,144,,correct,
e35NZ2cItyz9,145,,incorrect,
e35NZ2cItyz9,146,,correct,
e35NZ2cItyz9,147,,incorrect,
e35NZ2cItyz9,148,,incorrect,
e35NZ2cItyz9,149,,correct,
e35NZ2cItyz9,150,,correct,
sg62FVLFX6BW,121,,correct,
sg62FVLFX6BW,122,,incorrect,
sg62FVLFX6BW,123,,correct,
sg62FVLFX6BW,124,,incorrect,
sg62FVLFX6BW,125,,correct,
sg62FVLFX6BW,126,,correct,
sg62FVLFX6BW,127,,incorrect,
sg62FVLFX6BW,128,,correct,
sg62FVLFX6BW,129,,correct,
sg62FVLFX6BW,130,,correct,
sg62FVLFX6BW,131,,correct,
sg62FVLFX6BW,132,,incorrect,
sg62FVLFX6BW,133,,incorrect,
sg62FVLFX6BW,134,,incorrect,
sg62FVLFX6BW,135,,correct,
sg62FVLFX6BW,136,,correct,
sg62FVLFX6BW,137,,correct,
sg62FVLFX6BW,138,,correct,
sg62FVLFX6BW,139,,incorrect,
sg62FVLFX6BW,140,,correct,
sg62FVLFX6BW,141,,correct,
sg62FVLFX6BW,142,,correct,
sg62FVLFX6BW,143,,correct,
sg62FVLFX6BW,144,,incorrect,
sg62FVLFX6BW,145,,incorrect,
sg62FVLFX6BW,146,,correct,
sg62FVLFX6BW,147,,incorrect,
sg62FVLFX6BW,148,,incorrect,
sg62FVLFX6BW,149,,correct,
sg62FVLFX6BW,150,,correct,
QJyEL3O7YA2f,121,,correct,
QJyEL3O7YA2f,122,,incorrect,
QJyEL3O7YA2f,123,,correct,
QJyEL3O7YA2f,124,,correct,
QJyEL3O7YA2f,125,,correct,
QJyEL3O7YA2f,126,,incorrect,
QJyEL3O7YA2f,127,,correct,
QJyEL3O7YA2f,128,,correct,
QJyEL3O7YA2f,129,,correct,
QJyEL3O7YA2f,130,,correct,
QJyEL3O7YA2f,131,,correct,
QJyEL3O7YA2f,132,,correct,
QJyEL3O7YA2f,133,,correct,
QJyEL3O7YA2f,134,,correct,
QJyEL3O7YA2f,135,,correct,
QJyEL3O7YA2f,136,,correct,
QJyEL3O7YA2f,137,,correct,
QJyEL3O7YA2f,138,,correct,
QJyEL3O7YA2f,139,,correct,
QJyEL3O7YA2f,140,,correct,
QJyEL3O7YA2f,141,,correct,
QJyEL3O7YA2f,142,,correct,
QJyEL3O7YA2f,143,,correct,
QJyEL3O7YA2f,144,,correct,
QJyEL3O7YA2f,145,,incorrect,
QJyEL3O7YA2f,146,,correct,
QJyEL3O7YA2f,147,,incorrect,
QJyEL3O7YA2f,148,,incorrect,
QJyEL3O7YA2f,149,,correct,
QJyEL3O7YA2f,150,,correct,
1ggBjCxnkaT8,121,,correct,
1ggBjCxnkaT8,122,,correct,
1ggBjCxnkaT8,123,,correct,
1ggBjCxnkaT8,124,,correct,
1ggBjCxnkaT8,125,,correct,
1ggBjCxnkaT8,126,,correct,
1ggBjCxnkaT8,127,,incorrect,
1ggBjCxnkaT8,128,,incorrect,
1ggBjCxnkaT8,129,,correct,
1ggBjCxnkaT8,130,,correct,
1ggBjCxnkaT8,131,,correct,
1ggBjCxnkaT8,132,,correct,
1ggBjCxnkaT8,133,,correct,
1ggBjCxnkaT8,134,,incorrect,
1ggBjCxnkaT8,135,,correct,
1ggBjCxnkaT8,136,,incorrect,
1ggBjCxnkaT8,137,,correct,
1ggBjCxnkaT8,138,,correct,
1ggBjCxnkaT8,139,,correct,
1ggBjCxnkaT8,140,,correct,
1ggBjCxnkaT8,141,,correct,
1ggBjCxnkaT8,142,,incorrect,
1ggBjCxnkaT8,143,,correct,
1ggBjCxnkaT8,144,,correct,
1ggBjCxnkaT8,145,,correct,
1ggBjCxnkaT8,146,,incorrect,
1ggBjCxnkaT8,147,,correct,
1ggBjCxnkaT8,148,,incorrect,
1ggBjCxnkaT8,149,,incorrect,
1ggBjCxnkaT8,150,,correct,
9eci54foOGc9,121,,correct,
9eci54foOGc9,122,,correct,
9eci54foOGc9,123,,correct,
9eci54foOGc9,124,,correct,
9eci54foOGc9,125,,correct,
9eci54foOGc9,126,,incorrect,
9eci54foOGc9,127,,incorrect,
9eci54foOGc9,128,,correct,
9eci54foOGc9,129,,correct,
9eci54foOGc9,130,,correct,
9eci54foOGc9,131,,correct,
9eci54foOGc9,132,,correct,
9eci54foOGc9,133,,correct,
9eci54foOGc9,134,,correct,
9eci54foOGc9,135,,correct,
9eci54foOGc9,136,,correct,
9eci54foOGc9,137,,correct,
9eci54foOGc9,138,,correct,
9eci54foOGc9,139,,correct,
9eci54foOGc9,140,,correct,
9eci54foOGc9,141,,correct,
9eci54foOGc9,142,,correct,
9eci54foOGc9,143,,correct,
9eci54foOGc9,144,,incorrect,
9eci54foOGc9,145,,incorrect,
9eci54foOGc9,146,,correct,
9eci54foOGc9,147,,incorrect,
9eci54foOGc9,148,,incorrect,
9eci54foOGc9,149,,incorrect,
9eci54foOGc9,150,,correct,
oVyzGGgOFu4f,121,,correct,
oVyzGGgOFu4f,122,,incorrect,
oVyzGGgOFu4f,123,,correct,
oVyzGGgOFu4f,124,,correct,
oVyzGGgOFu4f,125,,correct,
oVyzGGgOFu4f,126,,incorrect,
oVyzGGgOFu4f,127,,incorrect,
oVyzGGgOFu4f,128,,incorrect,
oVyzGGgOFu4f,129,,correct,
oVyzGGgOFu4f,130,,correct,
oVyzGGgOFu4f,131,,correct,
oVyzGGgOFu4f,132,,correct,
oVyzGGgOFu4f,133,,correct,
oVyzGGgOFu4f,134,,incorrect,
oVyzGGgOFu4f,135,,correct,
oVyzGGgOFu4f,136,,incorrect,
oVyzGGgOFu4f,137,,correct,
oVyzGGgOFu4f,138,,correct,
oVyzGGgOFu4f,139,,correct,
oVyzGGgOFu4f,140,,correct,
oVyzGGgOFu4f,141,,correct,
oVyzGGgOFu4f,142,,incorrect,
oVyzGGgOFu4f,143,,correct,
oVyzGGgOFu4f,144,,correct,
oVyzGGgOFu4f,145,,correct,
oVyzGGgOFu4f,146,,correct,
oVyzGGgOFu4f,147,,correct,
oVyzGGgOFu4f,148,,correct,
oVyzGGgOFu4f,149,,correct,
oVyzGGgOFu4f,150,,correct,
GiNOB0aoa84q,121,,correct,
GiNOB0aoa84q,122,,correct,
GiNOB0aoa84q,123,,correct,
GiNOB0aoa84q,124,,correct,
GiNOB0aoa84q,125,,correct,
GiNOB0aoa84q,126,,incorrect,
GiNOB0aoa84q,127,,incorrect,
GiNOB0aoa84q,128,,correct,
GiNOB0aoa84q,129,,correct,
GiNOB0aoa84q,130,,correct,
GiNOB0aoa84q,131,,correct,
GiNOB0aoa84q,132,,correct,
GiNOB0aoa84q,133,,correct,
GiNOB0aoa84q,134,,incorrect,
GiNOB0aoa84q,135,,correct,
GiNOB0aoa84q,136,,correct,
GiNOB0aoa84q,137,,correct,
GiNOB0aoa84q,138,,correct,
GiNOB0aoa84q,139,,incorrect,
GiNOB0aoa84q,140,,correct,
GiNOB0aoa84q,141,,correct,
GiNOB0aoa84q,142,,correct,
GiNOB0aoa84q,143,,correct,
GiNOB0aoa84q,144,,correct,
GiNOB0aoa84q,145,,incorrect,
GiNOB0aoa84q,146,,correct,
GiNOB0aoa84q,147,,correct,
GiNOB0aoa84q,148,,correct,
GiNOB0aoa84q,149,,correct,
GiNOB0aoa84q,150,,incorrect,
pJCSXvZHMyH1,121,,correct,
pJCSXvZHMyH1,122,,incorrect,
pJCSXvZHMyH1,123,,correct,
pJCSXvZHMyH1,124,,correct,
pJCSXvZHMyH1,125,,correct,
pJCSXvZHMyH1,126,,correct,
pJCSXvZHMyH1,127,,correct,
pJCSXvZHMyH1,128,,correct,
pJCSXvZHMyH1,129,,correct,
pJCSXvZHMyH1,130,,correct,
pJCSXvZHMyH1,131,,correct,
pJCSXvZHMyH1,132,,correct,
pJCSXvZHMyH1,133,,correct,
pJCSXvZHMyH1,134,,correct,
pJCSXvZHMyH1,135,,correct,
pJCSXvZHMyH1,136,,correct,
pJCSXvZHMyH1,137,,correct,
pJCSXvZHMyH1,138,,correct,
pJCSXvZHMyH1,139,,correct,
pJCSXvZHMyH1,140,,correct,
pJCSXvZHMyH1,141,,correct,
pJCSXvZHMyH1,142,,correct,
pJCSXvZHMyH1,143,,incorrect,
pJCSXvZHMyH1,144,,correct,
pJCSXvZHMyH1,145,,incorrect,
pJCSXvZHMyH1,146,,correct,
pJCSXvZHMyH1,147,,correct,
pJCSXvZHMyH1,148,,correct,
pJCSXvZHMyH1,149,,correct,
pJCSXvZHMyH1,150,,correct,
TYE4dgTYGdCn,121,,correct,
TYE4dgTYGdCn,122,,incorrect,
TYE4dgTYGdCn,123,,correct,
TYE4dgTYGdCn,124,,correct,
TYE4dgTYGdCn,125,,correct,
TYE4dgTYGdCn,126,,correct,
TYE4dgTYGdCn,127,,correct,
TYE4dgTYGdCn,128,,correct,
TYE4dgTYGdCn,129,,correct,
TYE4dgTYGdCn,130,,correct,
TYE4dgTYGdCn,131,,correct,
TYE4dgTYGdCn,132,,correct,
TYE4dgTYGdCn,133,,correct,
TYE4dgTYGdCn,134,,correct,
TYE4dgTYGdCn,135,,correct,
TYE4dgTYGdCn,136,,correct,
TYE4dgTYGdCn,137,,correct,
TYE4dgTYGdCn,138,,correct,
TYE4dgTYGdCn,139,,correct,
TYE4dgTYGdCn,140,,correct,
TYE4dgTYGdCn,141,,correct,
TYE4dgTYGdCn,142,,correct,
TYE4dgTYGdCn,143,,correct,
TYE4dgTYGdCn,144,,correct,
TYE4dgTYGdCn,145,,incorrect,
TYE4dgTYGdCn,146,,correct,
TYE4dgTYGdCn,147,,correct,
TYE4dgTYGdCn,148,,correct,
TYE4dgTYGdCn,149,,correct,
TYE4dgTYGdCn,150,,correct,
hpYESXQ1czwb,121,,correct,
hpYESXQ1czwb,122,,incorrect,
hpYESXQ1czwb,123,,correct,
hpYESXQ1czwb,124,,correct,
hpYESXQ1czwb,125,,correct,
hpYESXQ1czwb,126,,correct,
hpYESXQ1czwb,127,,correct,
hpYESXQ1czwb,128,,correct,
hpYESXQ1czwb,129,,correct,
hpYESXQ1czwb,130,,correct,
hpYESXQ1czwb,131,,correct,
hpYESXQ1czwb,132,,correct,
hpYESXQ1czwb,133,,correct,
hpYESXQ1czwb,134,,correct,
hpYESXQ1czwb,135,,correct,
hpYESXQ1czwb,136,,correct,
hpYESXQ1czwb,137,,correct,
hpYESXQ1czwb,138,,correct,
hpYESXQ1czwb,139,,correct,
hpYESXQ1czwb,140,,correct,
hpYESXQ1czwb,141,,correct,
hpYESXQ1czwb,142,,correct,
hpYESXQ1czwb,143,,correct,
hpYESXQ1czwb,144,,correct,
hpYESXQ1czwb,145,,incorrect,
hpYESXQ1czwb,146,,correct,
hpYESXQ1czwb,147,,correct,
hpYESXQ1czwb,148,,correct,
hpYESXQ1czwb,149,,correct,
hpYESXQ1czwb,150,,correct,
CyGywfdJf5VZ,121,,correct,
CyGywfdJf5VZ,122,,incorrect,
CyGywfdJf5VZ,123,,correct,
CyGywfdJf5VZ,124,,incorrect,
CyGywfdJf5VZ,125,,correct,
CyGywfdJf5VZ,126,,correct,
CyGywfdJf5VZ,127,,incorrect,
CyGywfdJf5VZ,128,,correct,
CyGywfdJf5VZ,129,,correct,
CyGywfdJf5VZ,130,,correct,
CyGywfdJf5VZ,131,,incorrect,
CyGywfdJf5VZ,132,,incorrect,
CyGywfdJf5VZ,133,,correct,
CyGywfdJf5VZ,134,,correct,
CyGywfdJf5VZ,135,,correct,
CyGywfdJf5VZ,136,,incorrect,
CyGywfdJf5VZ,137,,correct,
CyGywfdJf5VZ,138,,correct,
CyGywfdJf5VZ,139,,correct,
CyGywfdJf5VZ,140,,correct,
CyGywfdJf5VZ,141,,correct,
CyGywfdJf5VZ,142,,incorrect,
CyGywfdJf5VZ,143,,correct,
CyGywfdJf5VZ,144,,correct,
CyGywfdJf5VZ,145,,incorrect,
CyGywfdJf5VZ,146,,correct,
CyGywfdJf5VZ,147,,correct,
CyGywfdJf5VZ,148,,correct,
CyGywfdJf5VZ,149,,correct,
CyGywfdJf5VZ,150,,correct,
tE1MOwmVibN4,121,,correct,
tE1MOwmVibN4,122,,correct,
tE1MOwmVibN4,123,,correct,
tE1MOwmVibN4,124,,correct,
tE1MOwmVibN4,125,,correct,
tE1MOwmVibN4,126,,incorrect,
tE1MOwmVibN4,127,,incorrect,
tE1MOwmVibN4,128,,correct,
tE1MOwmVibN4,129,,correct,
tE1MOwmVibN4,130,,correct,
tE1MOwmVibN4,131,,correct,
tE1MOwmVibN4,132,,correct,
tE1MOwmVibN4,133,,correct,
tE1MOwmVibN4,134,,incorrect,
tE1MOwmVibN4,135,,correct,
tE1MOwmVibN4,136,,correct,
tE1MOwmVibN4,137,,correct,
tE1MOwmVibN4,138,,correct,
tE1MOwmVibN4,139,,correct,
tE1MOwmVibN4,140,,correct,
tE1MOwmVibN4,141,,correct,
tE1MOwmVibN4,142,,correct,
tE1MOwmVibN4,143,,correct,
tE1MOwmVibN4,144,,correct,
tE1MOwmVibN4,145,,incorrect,
tE1MOwmVibN4,146,,correct,
tE1MOwmVibN4,147,,correct,
tE1MOwmVibN4,148,,incorrect,
tE1MOwmVibN4,149,,correct,
tE1MOwmVibN4,150,,incorrect,
2AQDG30NeIzY,121,,correct,
2AQDG30NeIzY,122,,correct,
2AQDG30NeIzY,123,,correct,
2AQDG30NeIzY,124,,correct,
2AQDG30NeIzY,125,,correct,
2AQDG30NeIzY,126,,incorrect,
2AQDG30NeIzY,127,,incorrect,
2AQDG30NeIzY,128,,correct,
2AQDG30NeIzY,129,,correct,
2AQDG30NeIzY,130,,correct,
2AQDG30NeIzY,131,,correct,
2AQDG30NeIzY,132,,correct,
2AQDG30NeIzY,133,,correct,
2AQDG30NeIzY,134,,incorrect,
2AQDG30NeIzY,135,,correct,
2AQDG30NeIzY,136,,correct,
2AQDG30NeIzY,137,,correct,
2AQDG30NeIzY,138,,correct,
2AQDG30NeIzY,139,,correct,
2AQDG30NeIzY,140,,correct,
2AQDG30NeIzY,141,,correct,
2AQDG30NeIzY,142,,correct,
2AQDG30NeIzY,143,,correct,
2AQDG30NeIzY,144,,correct,
2AQDG30NeIzY,145,,incorrect,
2AQDG30NeIzY,146,,correct,
2AQDG30NeIzY,147,,correct,
2AQDG30NeIzY,148,,correct,
2AQDG30NeIzY,149,,correct,
2AQDG30NeIzY,150,,correct,
o2VbFpgtLwG2,121,,correct,
o2VbFpgtLwG2,122,,incorrect,
o2VbFpgtLwG2,123,,correct,
o2VbFpgtLwG2,124,,correct,
o2VbFpgtLwG2,125,,correct,
o2VbFpgtLwG2,126,,correct,
o2VbFpgtLwG2,127,,incorrect,
o2VbFpgtLwG2,128,,correct,
o2VbFpgtLwG2,129,,correct,
o2VbFpgtLwG2,130,,correct,
o2VbFpgtLwG2,131,,correct,
o2VbFpgtLwG2,132,,correct,
o2VbFpgtLwG2,133,,correct,
o2VbFpgtLwG2,134,,incorrect,
o2VbFpgtLwG2,135,,correct,
o2VbFpgtLwG2,136,,correct,
o2VbFpgtLwG2,137,,incorrect,
o2VbFpgtLwG2,138,,correct,
o2VbFpgtLwG2,139,,correct,
o2VbFpgtLwG2,140,,correct,
o2VbFpgtLwG2,141,,correct,
o2VbFpgtLwG2,142,,correct,
o2VbFpgtLwG2,143,,correct,
o2VbFpgtLwG2,144,,correct,
o2VbFpgtLwG2,145,,incorrect,
o2VbFpgtLwG2,146,,correct,
o2VbFpgtLwG2,147,,incorrect,
o2VbFpgtLwG2,148,,incorrect,
o2VbFpgtLwG2,149,,incorrect,
o2VbFpgtLwG2,150,,correct,
Lo0o6MK08TyI,121,,correct,
Lo0o6MK08TyI,122,,incorrect,
Lo0o6MK08TyI,123,,correct,
Lo0o6MK08TyI,124,,correct,
Lo0o6MK08TyI,125,,correct,
Lo0o6MK08TyI,126,,incorrect,
Lo0o6MK08TyI,127,,correct,
Lo0o6MK08TyI,128,,incorrect,
Lo0o6MK08TyI,129,,correct,
Lo0o6MK08TyI,130,,correct,
Lo0o6MK08TyI,131,,correct,
Lo0o6MK08TyI,132,,correct,
Lo0o6MK08TyI,133,,correct,
Lo0o6MK08TyI,134,,correct,
Lo0o6MK08TyI,135,,correct,
Lo0o6MK08TyI,136,,correct,
Lo0o6MK08TyI,137,,correct,
Lo0o6MK08TyI,138,,correct,
Lo0o6MK08TyI,139,,correct,
Lo0o6MK08TyI,140,,correct,
Lo0o6MK08TyI,141,,correct,
Lo0o6MK08TyI,142,,incorrect,
Lo0o6MK08TyI,143,,correct,
Lo0o6MK08TyI,144,,correct,
Lo0o6MK08TyI,145,,incorrect,
Lo0o6MK08TyI,146,,correct,
Lo0o6MK08TyI,147,,correct,
Lo0o6MK08TyI,148,,correct,
Lo0o6MK08TyI,149,,correct,
Lo0o6MK08TyI,150,,incorrect,
SOvsRqc7VPKI,121,,correct,
SOvsRqc7VPKI,122,,incorrect,
SOvsRqc7VPKI,123,,correct,
SOvsRqc7VPKI,124,,correct,
SOvsRqc7VPKI,125,,correct,
SOvsRqc7VPKI,126,,incorrect,
SOvsRqc7VPKI,127,,correct,
SOvsRqc7VPKI,128,,incorrect,
SOvsRqc7VPKI,129,,correct,
SOvsRqc7VPKI,130,,correct,
SOvsRqc7VPKI,131,,correct,
SOvsRqc7VPKI,132,,correct,
SOvsRqc7VPKI,133,,correct,
SOvsRqc7VPKI,134,,correct,
SOvsRqc7VPKI,135,,correct,
SOvsRqc7VPKI,136,,correct,
SOvsRqc7VPKI,137,,correct,
SOvsRqc7VPKI,138,,correct,
SOvsRqc7VPKI,139,,correct,
SOvsRqc7VPKI,140,,correct,
SOvsRqc7VPKI,141,,correct,
SOvsRqc7VPKI,142,,incorrect,
SOvsRqc7VPKI,143,,correct,
SOvsRqc7VPKI,144,,correct,
SOvsRqc7VPKI,145,,incorrect,
SOvsRqc7VPKI,146,,correct,
SOvsRqc7VPKI,147,,correct,
SOvsRqc7VPKI,148,,correct,
SOvsRqc7VPKI,149,,correct,
SOvsRqc7VPKI,150,,incorrect,
6k8WibIW0Img,121,,correct,
6k8WibIW0Img,122,,incorrect,
6k8WibIW0Img,123,,correct,
6k8WibIW0Img,124,,correct,
6k8WibIW0Img,125,,correct,
6k8WibIW0Img,126,,incorrect,
6k8WibIW0Img,127,,correct,
6k8WibIW0Img,128,,incorrect,
6k8WibIW0Img,129,,correct,
6k8WibIW0Img,130,,correct,
6k8WibIW0Img,131,,correct,
6k8WibIW0Img,132,,correct,
6k8WibIW0Img,133,,correct,
6k8WibIW0Img,134,,correct,
6k8WibIW0Img,135,,correct,
6k8WibIW0Img,136,,correct,
6k8WibIW0Img,137,,correct,
6k8WibIW0Img,138,,correct,
6k8WibIW0Img,139,,correct,
6k8WibIW0Img,140,,correct,
6k8WibIW0Img,141,,correct,
6k8WibIW0Img,142,,incorrect,
6k8WibIW0Img,143,,correct,
6k8WibIW0Img,144,,correct,
6k8WibIW0Img,145,,correct,
6k8WibIW0Img,146,,correct,
6k8WibIW0Img,147,,correct,
6k8WibIW0Img,148,,correct,
6k8WibIW0Img,149,,correct,
6k8WibIW0Img,150,,incorrect,
B0dezLVzpGHZ,121,,correct,
B0dezLVzpGHZ,122,,correct,
B0dezLVzpGHZ,123,,incorrect,
B0dezLVzpGHZ,124,,correct,
B0dezLVzpGHZ,125,,correct,
B0dezLVzpGHZ,126,,incorrect,
B0dezLVzpGHZ,127,,incorrect,
B0dezLVzpGHZ,128,,correct,
B0dezLVzpGHZ,129,,correct,
B0dezLVzpGHZ,130,,correct,
B0dezLVzpGHZ,131,,correct,
B0dezLVzpGHZ,132,,correct,
B0dezLVzpGHZ,133,,correct,
B0dezLVzpGHZ,134,,correct,
B0dezLVzpGHZ,135,,correct,
B0dezLVzpGHZ,136,,incorrect,
B0dezLVzpGHZ,137,,correct,
B0dezLVzpGHZ,138,,correct,
B0dezLVzpGHZ,139,,correct,
B0dezLVzpGHZ,140,,correct,
B0dezLVzpGHZ,141,,correct,
B0dezLVzpGHZ,142,,correct,
B0dezLVzpGHZ,143,,correct,
B0dezLVzpGHZ,144,,correct,
B0dezLVzpGHZ,145,,incorrect,
B0dezLVzpGHZ,146,,correct,
B0dezLVzpGHZ,147,,incorrect,
B0dezLVzpGHZ,148,,correct,
B0dezLVzpGHZ,149,,correct,
B0dezLVzpGHZ,150,,correct,
YA6aMV1xcGv9,121,,correct,
YA6aMV1xcGv9,122,,incorrect,
YA6aMV1xcGv9,123,,correct,
YA6aMV1xcGv9,124,,correct,
YA6aMV1xcGv9,125,,correct,
YA6aMV1xcGv9,126,,correct,
YA6aMV1xcGv9,127,,incorrect,
YA6aMV1xcGv9,128,,correct,
YA6aMV1xcGv9,129,,correct,
YA6aMV1xcGv9,130,,correct,
YA6aMV1xcGv9,131,,correct,
YA6aMV1xcGv9,132,,incorrect,
YA6aMV1xcGv9,133,,correct,
YA6aMV1xcGv9,134,,correct,
YA6aMV1xcGv9,135,,correct,
YA6aMV1xcGv9,136,,correct,
YA6aMV1xcGv9,137,,correct,
YA6aMV1xcGv9,138,,correct,
YA6aMV1xcGv9,139,,correct,
YA6aMV1xcGv9,140,,correct,
YA6aMV1xcGv9,141,,correct,
YA6aMV1xcGv9,142,,correct,
YA6aMV1xcGv9,143,,correct,
YA6aMV1xcGv9,144,,incorrect,
YA6aMV1xcGv9,145,,incorrect,
YA6aMV1xcGv9,146,,correct,
YA6aMV1xcGv9,147,,incorrect,
YA6aMV1xcGv9,148,,incorrect,
YA6aMV1xcGv9,149,,incorrect,
YA6aMV1xcGv9,150,,correct,
nIdSwhLzwJKt,121,,correct,
nIdSwhLzwJKt,122,,incorrect,
nIdSwhLzwJKt,123,,incorrect,
nIdSwhLzwJKt,124,,correct,
nIdSwhLzwJKt,125,,correct,
nIdSwhLzwJKt,126,,correct,
nIdSwhLzwJKt,127,,correct,
nIdSwhLzwJKt,128,,incorrect,
nIdSwhLzwJKt,129,,incorrect,
nIdSwhLzwJKt,130,,correct,
nIdSwhLzwJKt,131,,correct,
nIdSwhLzwJKt,132,,incorrect,
nIdSwhLzwJKt,133,,correct,
nIdSwhLzwJKt,134,,incorrect,
nIdSwhLzwJKt,135,,correct,
nIdSwhLzwJKt,136,,correct,
nIdSwhLzwJKt,137,,correct,
nIdSwhLzwJKt,138,,correct,
nIdSwhLzwJKt,139,,correct,
nIdSwhLzwJKt,140,,correct,
nIdSwhLzwJKt,141,,correct,
nIdSwhLzwJKt,142,,correct,
nIdSwhLzwJKt,143,,correct,
nIdSwhLzwJKt,144,,correct,
nIdSwhLzwJKt,145,,incorrect,
nIdSwhLzwJKt,146,,correct,
nIdSwhLzwJKt,147,,incorrect,
nIdSwhLzwJKt,148,,incorrect,
nIdSwhLzwJKt,149,,incorrect,
nIdSwhLzwJKt,150,,correct,
zeQInY6w8eBY,121,,correct,
zeQInY6w8eBY,122,,correct,
zeQInY6w8eBY,123,,correct,
zeQInY6w8eBY,124,,correct,
zeQInY6w8eBY,125,,correct,
zeQInY6w8eBY,126,,correct,
zeQInY6w8eBY,127,,incorrect,
zeQInY6w8eBY,128,,correct,
zeQInY6w8eBY,129,,correct,
zeQInY6w8eBY,130,,correct,
zeQInY6w8eBY,131,,correct,
zeQInY6w8eBY,132,,correct,
zeQInY6w8eBY,133,,correct,
zeQInY6w8eBY,134,,correct,
zeQInY6w8eBY,135,,correct,
zeQInY6w8eBY,136,,correct,
zeQInY6w8eBY,137,,correct,
zeQInY6w8eBY,138,,correct,
zeQInY6w8eBY,139,,correct,
zeQInY6w8eBY,140,,correct,
zeQInY6w8eBY,141,,correct,
zeQInY6w8eBY,142,,correct,
zeQInY6w8eBY,143,,correct,
zeQInY6w8eBY,144,,correct,
zeQInY6w8eBY,145,,incorrect,
zeQInY6w8eBY,146,,incorrect,
zeQInY6w8eBY,147,,incorrect,
zeQInY6w8eBY,148,,incorrect,
zeQInY6w8eBY,149,,incorrect,
zeQInY6w8eBY,150,,correct,
dF0r7wVjsLSV,121,,correct,
dF0r7wVjsLSV,122,,correct,
dF0r7wVjsLSV,123,,correct,
dF0r7wVjsLSV,124,,incorrect,
dF0r7wVjsLSV,125,,correct,
dF0r7wVjsLSV,126,,incorrect,
dF0r7wVjsLSV,127,,incorrect,
dF0r7wVjsLSV,128,,correct,
dF0r7wVjsLSV,129,,correct,
dF0r7wVjsLSV,130,,correct,
dF0r7wVjsLSV,131,,correct,
dF0r7wVjsLSV,132,,incorrect,
dF0r7wVjsLSV,133,,correct,
dF0r7wVjsLSV,134,,correct,
dF0r7wVjsLSV,135,,incorrect,
dF0r7wVjsLSV,136,,incorrect,
dF0r7wVjsLSV,137,,incorrect,
dF0r7wVjsLSV,138,,correct,
dF0r7wVjsLSV,139,,incorrect,
dF0r7wVjsLSV,140,,incorrect,
dF0r7wVjsLSV,141,,correct,
dF0r7wVjsLSV,142,,correct,
dF0r7wVjsLSV,143,,correct,
dF0r7wVjsLSV,144,,correct,
dF0r7wVjsLSV,145,,incorrect,
dF0r7wVjsLSV,146,,incorrect,
dF0r7wVjsLSV,147,,incorrect,
dF0r7wVjsLSV,148,,correct,
dF0r7wVjsLSV,149,,correct,
dF0r7wVjsLSV,150,,incorrect,
QblvTIly9IZU,121,,correct,
QblvTIly9IZU,122,,correct,
QblvTIly9IZU,123,,correct,
QblvTIly9IZU,124,,correct,
QblvTIly9IZU,125,,correct,
QblvTIly9IZU,126,,correct,
QblvTIly9IZU,127,,correct,
QblvTIly9IZU,128,,correct,
QblvTIly9IZU,129,,correct,
QblvTIly9IZU,130,,correct,
QblvTIly9IZU,131,,correct,
QblvTIly9IZU,132,,correct,
QblvTIly9IZU,133,,correct,
QblvTIly9IZU,134,,correct,
QblvTIly9IZU,135,,correct,
QblvTIly9IZU,136,,correct,
QblvTIly9IZU,137,,correct,
QblvTIly9IZU,138,,correct,
QblvTIly9IZU,139,,correct,
QblvTIly9IZU,140,,correct,
QblvTIly9IZU,141,,correct,
QblvTIly9IZU,142,,correct,
QblvTIly9IZU,143,,incorrect,
QblvTIly9IZU,144,,correct,
QblvTIly9IZU,145,,correct,
QblvTIly9IZU,146,,incorrect,
QblvTIly9IZU,147,,incorrect,
QblvTIly9IZU,148,,correct,
QblvTIly9IZU,149,,incorrect,
QblvTIly9IZU,150,,correct,
ynjK3wP1cV18,121,,correct,
ynjK3wP1cV18,122,,correct,
ynjK3wP1cV18,123,,correct,
ynjK3wP1cV18,124,,correct,
ynjK3wP1cV18,125,,correct,
ynjK3wP1cV18,126,,correct,
ynjK3wP1cV18,127,,incorrect,
ynjK3wP1cV18,128,,incorrect,
ynjK3wP1cV18,129,,correct,
ynjK3wP1cV18,130,,correct,
ynjK3wP1cV18,131,,correct,
ynjK3wP1cV18,132,,correct,
ynjK3wP1cV18,133,,correct,
ynjK3wP1cV18,134,,correct,
ynjK3wP1cV18,135,,correct,
ynjK3wP1cV18,136,,correct,
ynjK3wP1cV18,137,,correct,
ynjK3wP1cV18,138,,correct,
ynjK3wP1cV18,139,,correct,
ynjK3wP1cV18,140,,correct,
ynjK3wP1cV18,141,,correct,
ynjK3wP1cV18,142,,correct,
ynjK3wP1cV18,143,,correct,
ynjK3wP1cV18,144,,correct,
ynjK3wP1cV18,145,,incorrect,
ynjK3wP1cV18,146,,incorrect,
ynjK3wP1cV18,147,,incorrect,
ynjK3wP1cV18,148,,correct,
ynjK3wP1cV18,149,,incorrect,
ynjK3wP1cV18,150,,correct,
oF1pjrJTOBWB,121,,correct,
oF1pjrJTOBWB,122,,incorrect,
oF1pjrJTOBWB,123,,correct,
oF1pjrJTOBWB,124,,correct,
oF1pjrJTOBWB,125,,correct,
oF1pjrJTOBWB,126,,correct,
oF1pjrJTOBWB,127,,incorrect,
oF1pjrJTOBWB,128,,correct,
oF1pjrJTOBWB,129,,correct,
oF1pjrJTOBWB,130,,correct,
oF1pjrJTOBWB,131,,correct,
oF1pjrJTOBWB,132,,incorrect,
oF1pjrJTOBWB,133,,incorrect,
oF1pjrJTOBWB,134,,correct,
oF1pjrJTOBWB,135,,correct,
oF1pjrJTOBWB,136,,correct,
oF1pjrJTOBWB,137,,correct,
oF1pjrJTOBWB,138,,correct,
oF1pjrJTOBWB,139,,correct,
oF1pjrJTOBWB,140,,correct,
oF1pjrJTOBWB,141,,correct,
oF1pjrJTOBWB,142,,correct,
oF1pjrJTOBWB,143,,correct,
oF1pjrJTOBWB,144,,correct,
oF1pjrJTOBWB,145,,incorrect,
oF1pjrJTOBWB,146,,correct,
oF1pjrJTOBWB,147,,incorrect,
oF1pjrJTOBWB,148,,correct,
oF1pjrJTOBWB,149,,correct,
oF1pjrJTOBWB,150,,correct,
m8rfSXHUenxh,121,,correct,
m8rfSXHUenxh,122,,incorrect,
m8rfSXHUenxh,123,,correct,
m8rfSXHUenxh,124,,correct,
m8rfSXHUenxh,125,,correct,
m8rfSXHUenxh,126,,correct,
m8rfSXHUenxh,127,,incorrect,
m8rfSXHUenxh,128,,incorrect,
m8rfSXHUenxh,129,,correct,
m8rfSXHUenxh,130,,correct,
m8rfSXHUenxh,131,,incorrect,
m8rfSXHUenxh,132,,incorrect,
m8rfSXHUenxh,133,,incorrect,
m8rfSXHUenxh,134,,correct,
m8rfSXHUenxh,135,,correct,
m8rfSXHUenxh,136,,correct,
m8rfSXHUenxh,137,,incorrect,
m8rfSXHUenxh,138,,correct,
m8rfSXHUenxh,139,,correct,
m8rfSXHUenxh,140,,correct,
m8rfSXHUenxh,141,,correct,
m8rfSXHUenxh,142,,correct,
m8rfSXHUenxh,143,,correct,
m8rfSXHUenxh,144,,correct,
m8rfSXHUenxh,145,,incorrect,
m8rfSXHUenxh,146,,correct,
m8rfSXHUenxh,147,,incorrect,
m8rfSXHUenxh,148,,incorrect,
m8rfSXHUenxh,149,,correct,
m8rfSXHUenxh,150,,correct,
WZiibWz2DWRQ,121,,correct,
WZiibWz2DWRQ,122,,incorrect,
WZiibWz2DWRQ,123,,correct,
WZiibWz2DWRQ,124,,correct,
WZiibWz2DWRQ,125,,correct,
WZiibWz2DWRQ,126,,correct,
WZiibWz2DWRQ,127,,incorrect,
WZiibWz2DWRQ,128,,correct,
WZiibWz2DWRQ,129,,correct,
WZiibWz2DWRQ,130,,correct,
WZiibWz2DWRQ,131,,correct,
WZiibWz2DWRQ,132,,correct,
WZiibWz2DWRQ,133,,correct,
WZiibWz2DWRQ,134,,incorrect,
WZiibWz2DWRQ,135,,correct,
WZiibWz2DWRQ,136,,correct,
WZiibWz2DWRQ,137,,correct,
WZiibWz2DWRQ,138,,correct,
WZiibWz2DWRQ,139,,correct,
WZiibWz2DWRQ,140,,correct,
WZiibWz2DWRQ,141,,correct,
WZiibWz2DWRQ,142,,correct,
WZiibWz2DWRQ,143,,correct,
WZiibWz2DWRQ,144,,correct,
WZiibWz2DWRQ,145,,incorrect,
WZiibWz2DWRQ,146,,correct,
WZiibWz2DWRQ,147,,incorrect,
WZiibWz2DWRQ,148,,incorrect,
WZiibWz2DWRQ,149,,correct,
WZiibWz2DWRQ,150,,incorrect,
N0qYmYE8QD78,121,,correct,
N0qYmYE8QD78,122,,correct,
N0qYmYE8QD78,123,,correct,
N0qYmYE8QD78,124,,correct,
N0qYmYE8QD78,125,,correct,
N0qYmYE8QD78,126,,correct,
N0qYmYE8QD78,127,,correct,
N0qYmYE8QD78,128,,correct,
N0qYmYE8QD78,129,,correct,
N0qYmYE8QD78,130,,correct,
N0qYmYE8QD78,131,,correct,
N0qYmYE8QD78,132,,correct,
N0qYmYE8QD78,133,,correct,
N0qYmYE8QD78,134,,incorrect,
N0qYmYE8QD78,135,,correct,
N0qYmYE8QD78,136,,incorrect,
N0qYmYE8QD78,137,,correct,
N0qYmYE8QD78,138,,correct,
N0qYmYE8QD78,139,,correct,
N0qYmYE8QD78,140,,correct,
N0qYmYE8QD78,141,,correct,
N0qYmYE8QD78,142,,correct,
N0qYmYE8QD78,143,,correct,
N0qYmYE8QD78,144,,correct,
N0qYmYE8QD78,145,,incorrect,
N0qYmYE8QD78,146,,correct,
N0qYmYE8QD78,147,,correct,
N0qYmYE8QD78,148,,correct,
N0qYmYE8QD78,149,,correct,
N0qYmYE8QD78,150,,correct,
oXHAAQD8R9lF,121,,correct,
oXHAAQD8R9lF,122,,incorrect,
oXHAAQD8R9lF,123,,correct,
oXHAAQD8R9lF,124,,correct,
oXHAAQD8R9lF,125,,correct,
oXHAAQD8R9lF,126,,correct,
oXHAAQD8R9lF,127,,correct,
oXHAAQD8R9lF,128,,incorrect,
oXHAAQD8R9lF,129,,correct,
oXHAAQD8R9lF,130,,correct,
oXHAAQD8R9lF,131,,correct,
oXHAAQD8R9lF,132,,correct,
oXHAAQD8R9lF,133,,incorrect,
oXHAAQD8R9lF,134,,incorrect,
oXHAAQD8R9lF,135,,correct,
oXHAAQD8R9lF,136,,correct,
oXHAAQD8R9lF,137,,correct,
oXHAAQD8R9lF,138,,correct,
oXHAAQD8R9lF,139,,correct,
oXHAAQD8R9lF,140,,correct,
oXHAAQD8R9lF,141,,correct,
oXHAAQD8R9lF,142,,correct,
oXHAAQD8R9lF,143,,correct,
oXHAAQD8R9lF,144,,incorrect,
oXHAAQD8R9lF,145,,incorrect,
oXHAAQD8R9lF,146,,incorrect,
oXHAAQD8R9lF,147,,incorrect,
oXHAAQD8R9lF,148,,incorrect,
oXHAAQD8R9lF,149,,incorrect,
oXHAAQD8R9lF,150,,correct,
xOKhxIy4WoKi,121,,correct,
xOKhxIy4WoKi,122,,correct,
xOKhxIy4WoKi,123,,correct,
xOKhxIy4WoKi,124,,correct,
xOKhxIy4WoKi,125,,correct,
xOKhxIy4WoKi,126,,correct,
xOKhxIy4WoKi,127,,incorrect,
xOKhxIy4WoKi,128,,correct,
xOKhxIy4WoKi,129,,incorrect,
xOKhxIy4WoKi,130,,correct,
xOKhxIy4WoKi,131,,correct,
xOKhxIy4WoKi,132,,correct,
xOKhxIy4WoKi,133,,incorrect,
xOKhxIy4WoKi,134,,incorrect,
xOKhxIy4WoKi,135,,correct,
xOKhxIy4WoKi,136,,correct,
xOKhxIy4WoKi,137,,correct,
xOKhxIy4WoKi,138,,correct,
xOKhxIy4WoKi,139,,correct,
xOKhxIy4WoKi,140,,correct,
xOKhxIy4WoKi,141,,correct,
xOKhxIy4WoKi,142,,correct,
xOKhxIy4WoKi,143,,correct,
xOKhxIy4WoKi,144,,incorrect,
xOKhxIy4WoKi,145,,incorrect,
xOKhxIy4WoKi,146,,incorrect,
xOKhxIy4WoKi,147,,correct,
xOKhxIy4WoKi,148,,correct,
xOKhxIy4WoKi,149,,incorrect,
xOKhxIy4WoKi,150,,correct,
RM55e8d3Jbjm,121,,correct,
RM55e8d3Jbjm,122,,correct,
RM55e8d3Jbjm,123,,incorrect,
RM55e8d3Jbjm,124,,correct,
RM55e8d3Jbjm,125,,correct,
RM55e8d3Jbjm,126,,correct,
RM55e8d3Jbjm,127,,incorrect,
RM55e8d3Jbjm,128,,correct,
RM55e8d3Jbjm,129,,correct,
RM55e8d3Jbjm,130,,correct,
RM55e8d3Jbjm,131,,correct,
RM55e8d3Jbjm,132,,incorrect,
RM55e8d3Jbjm,133,,correct,
RM55e8d3Jbjm,134,,correct,
RM55e8d3Jbjm,135,,correct,
RM55e8d3Jbjm,136,,correct,
RM55e8d3Jbjm,137,,correct,
RM55e8d3Jbjm,138,,correct,
RM55e8d3Jbjm,139,,correct,
RM55e8d3Jbjm,140,,correct,
RM55e8d3Jbjm,141,,correct,
RM55e8d3Jbjm,142,,correct,
RM55e8d3Jbjm,143,,correct,
RM55e8d3Jbjm,144,,correct,
RM55e8d3Jbjm,145,,incorrect,
RM55e8d3Jbjm,146,,correct,
RM55e8d3Jbjm,147,,incorrect,
RM55e8d3Jbjm,148,,incorrect,
RM55e8d3Jbjm,149,,incorrect,
RM55e8d3Jbjm,150,,correct,
tZNKhSZpzqOT,121,,correct,
tZNKhSZpzqOT,122,,incorrect,
tZNKhSZpzqOT,123,,correct,
tZNKhSZpzqOT,124,,correct,
tZNKhSZpzqOT,125,,correct,
tZNKhSZpzqOT,126,,correct,
tZNKhSZpzqOT,127,,correct,
tZNKhSZpzqOT,128,,incorrect,
tZNKhSZpzqOT,129,,correct,
tZNKhSZpzqOT,130,,correct,
tZNKhSZpzqOT,131,,correct,
tZNKhSZpzqOT,132,,correct,
tZNKhSZpzqOT,133,,correct,
tZNKhSZpzqOT,134,,incorrect,
tZNKhSZpzqOT,135,,correct,
tZNKhSZpzqOT,136,,incorrect,
tZNKhSZpzqOT,137,,correct,
tZNKhSZpzqOT,138,,correct,
tZNKhSZpzqOT,139,,correct,
tZNKhSZpzqOT,140,,correct,
tZNKhSZpzqOT,141,,correct,
tZNKhSZpzqOT,142,,correct,
tZNKhSZpzqOT,143,,correct,
tZNKhSZpzqOT,144,,correct,
tZNKhSZpzqOT,145,,incorrect,
tZNKhSZpzqOT,146,,correct,
tZNKhSZpzqOT,147,,incorrect,
tZNKhSZpzqOT,148,,incorrect,
tZNKhSZpzqOT,149,,correct,
tZNKhSZpzqOT,150,,correct,
AgiWXtLnmm9y,121,,correct,
AgiWXtLnmm9y,122,,incorrect,
AgiWXtLnmm9y,123,,correct,
AgiWXtLnmm9y,124,,correct,
AgiWXtLnmm9y,125,,correct,
AgiWXtLnmm9y,126,,correct,
AgiWXtLnmm9y,127,,correct,
AgiWXtLnmm9y,128,,correct,
AgiWXtLnmm9y,129,,correct,
AgiWXtLnmm9y,130,,correct,
AgiWXtLnmm9y,131,,correct,
AgiWXtLnmm9y,132,,incorrect,
AgiWXtLnmm9y,133,,correct,
AgiWXtLnmm9y,134,,correct,
AgiWXtLnmm9y,135,,correct,
AgiWXtLnmm9y,136,,correct,
AgiWXtLnmm9y,137,,correct,
AgiWXtLnmm9y,138,,correct,
AgiWXtLnmm9y,139,,correct,
AgiWXtLnmm9y,140,,correct,
AgiWXtLnmm9y,141,,correct,
AgiWXtLnmm9y,142,,correct,
AgiWXtLnmm9y,143,,correct,
AgiWXtLnmm9y,144,,correct,
AgiWXtLnmm9y,145,,incorrect,
AgiWXtLnmm9y,146,,correct,
AgiWXtLnmm9y,147,,correct,
AgiWXtLnmm9y,148,,correct,
AgiWXtLnmm9y,149,,correct,
AgiWXtLnmm9y,150,,correct,
Za018kn2raFk,121,,correct,
Za018kn2raFk,122,,incorrect,
Za018kn2raFk,123,,correct,
Za018kn2raFk,124,,correct,
Za018kn2raFk,125,,correct,
Za018kn2raFk,126,,correct,
Za018kn2raFk,127,,correct,
Za018kn2raFk,128,,correct,
Za018kn2raFk,129,,correct,
Za018kn2raFk,130,,correct,
Za018kn2raFk,131,,correct,
Za018kn2raFk,132,,correct,
Za018kn2raFk,133,,correct,
Za018kn2raFk,134,,incorrect,
Za018kn2raFk,135,,correct,
Za018kn2raFk,136,,correct,
Za018kn2raFk,137,,correct,
Za018kn2raFk,138,,correct,
Za018kn2raFk,139,,correct,
Za018kn2raFk,140,,correct,
Za018kn2raFk,141,,correct,
Za018kn2raFk,142,,correct,
Za018kn2raFk,143,,incorrect,
Za018kn2raFk,144,,correct,
Za018kn2raFk,145,,incorrect,
Za018kn2raFk,146,,correct,
Za018kn2raFk,147,,correct,
Za018kn2raFk,148,,correct,
Za018kn2raFk,149,,correct,
Za018kn2raFk,150,,correct,
jMkOnTydcqm6,121,,correct,
jMkOnTydcqm6,122,,incorrect,
jMkOnTydcqm6,123,,correct,
jMkOnTydcqm6,124,,correct,
jMkOnTydcqm6,125,,correct,
jMkOnTydcqm6,126,,correct,
jMkOnTydcqm6,127,,correct,
jMkOnTydcqm6,128,,correct,
jMkOnTydcqm6,129,,correct,
jMkOnTydcqm6,130,,correct,
jMkOnTydcqm6,131,,correct,
jMkOnTydcqm6,132,,incorrect,
jMkOnTydcqm6,133,,correct,
jMkOnTydcqm6,134,,correct,
jMkOnTydcqm6,135,,correct,
jMkOnTydcqm6,136,,correct,
jMkOnTydcqm6,137,,correct,
jMkOnTydcqm6,138,,correct,
jMkOnTydcqm6,139,,correct,
jMkOnTydcqm6,140,,correct,
jMkOnTydcqm6,141,,correct,
jMkOnTydcqm6,142,,correct,
jMkOnTydcqm6,143,,correct,
jMkOnTydcqm6,144,,correct,
jMkOnTydcqm6,145,,incorrect,
jMkOnTydcqm6,146,,correct,
jMkOnTydcqm6,147,,correct,
jMkOnTydcqm6,148,,correct,
jMkOnTydcqm6,149,,correct,
jMkOnTydcqm6,150,,correct,
cn7NB6JfQDTq,121,,correct,
cn7NB6JfQDTq,122,,incorrect,
cn7NB6JfQDTq,123,,correct,
cn7NB6JfQDTq,124,,correct,
cn7NB6JfQDTq,125,,correct,
cn7NB6JfQDTq,126,,correct,
cn7NB6JfQDTq,127,,incorrect,
cn7NB6JfQDTq,128,,incorrect,
cn7NB6JfQDTq,129,,correct,
cn7NB6JfQDTq,130,,correct,
cn7NB6JfQDTq,131,,correct,
cn7NB6JfQDTq,132,,incorrect,
cn7NB6JfQDTq,133,,correct,
cn7NB6JfQDTq,134,,incorrect,
cn7NB6JfQDTq,135,,correct,
cn7NB6JfQDTq,136,,correct,
cn7NB6JfQDTq,137,,correct,
cn7NB6JfQDTq,138,,correct,
cn7NB6JfQDTq,139,,correct,
cn7NB6JfQDTq,140,,correct,
cn7NB6JfQDTq,141,,correct,
cn7NB6JfQDTq,142,,correct,
cn7NB6JfQDTq,143,,correct,
cn7NB6JfQDTq,144,,correct,
cn7NB6JfQDTq,145,,incorrect,
cn7NB6JfQDTq,146,,incorrect,
cn7NB6JfQDTq,147,,incorrect,
cn7NB6JfQDTq,148,,incorrect,
cn7NB6JfQDTq,149,,incorrect,
cn7NB6JfQDTq,150,,correct,
5WCMaHHFn6WV,121,,correct,
5WCMaHHFn6WV,122,,incorrect,
5WCMaHHFn6WV,123,,correct,
5WCMaHHFn6WV,124,,correct,
5WCMaHHFn6WV,125,,correct,
5WCMaHHFn6WV,126,,correct,
5WCMaHHFn6WV,127,,correct,
5WCMaHHFn6WV,128,,incorrect,
5WCMaHHFn6WV,129,,correct,
5WCMaHHFn6WV,130,,correct,
5WCMaHHFn6WV,131,,incorrect,
5WCMaHHFn6WV,132,,correct,
5WCMaHHFn6WV,133,,correct,
5WCMaHHFn6WV,134,,correct,
5WCMaHHFn6WV,135,,correct,
5WCMaHHFn6WV,136,,correct,
5WCMaHHFn6WV,137,,correct,
5WCMaHHFn6WV,138,,correct,
5WCMaHHFn6WV,139,,correct,
5WCMaHHFn6WV,140,,correct,
5WCMaHHFn6WV,141,,correct,
5WCMaHHFn6WV,142,,correct,
5WCMaHHFn6WV,143,,correct,
5WCMaHHFn6WV,144,,correct,
5WCMaHHFn6WV,145,,incorrect,
5WCMaHHFn6WV,146,,correct,
5WCMaHHFn6WV,147,,incorrect,
5WCMaHHFn6WV,148,,incorrect,
5WCMaHHFn6WV,149,,incorrect,
5WCMaHHFn6WV,150,,correct,
aKKO0pyKuBaK,121,,incorrect,
aKKO0pyKuBaK,122,,incorrect,
aKKO0pyKuBaK,123,,correct,
aKKO0pyKuBaK,124,,correct,
aKKO0pyKuBaK,125,,correct,
aKKO0pyKuBaK,126,,correct,
aKKO0pyKuBaK,127,,incorrect,
aKKO0pyKuBaK,128,,correct,
aKKO0pyKuBaK,129,,correct,
aKKO0pyKuBaK,130,,correct,
aKKO0pyKuBaK,131,,correct,
aKKO0pyKuBaK,132,,incorrect,
aKKO0pyKuBaK,133,,correct,
aKKO0pyKuBaK,134,,correct,
aKKO0pyKuBaK,135,,correct,
aKKO0pyKuBaK,136,,correct,
aKKO0pyKuBaK,137,,correct,
aKKO0pyKuBaK,138,,correct,
aKKO0pyKuBaK,139,,correct,
aKKO0pyKuBaK,140,,correct,
aKKO0pyKuBaK,141,,correct,
aKKO0pyKuBaK,142,,correct,
aKKO0pyKuBaK,143,,correct,
aKKO0pyKuBaK,144,,correct,
aKKO0pyKuBaK,145,,incorrect,
aKKO0pyKuBaK,146,,incorrect,
aKKO0pyKuBaK,147,,incorrect,
aKKO0pyKuBaK,148,,correct,
aKKO0pyKuBaK,149,,incorrect,
aKKO0pyKuBaK,150,,correct,
yKhvr1tKGpJF,121,,correct,
yKhvr1tKGpJF,122,,incorrect,
yKhvr1tKGpJF,123,,correct,
yKhvr1tKGpJF,124,,correct,
yKhvr1tKGpJF,125,,correct,
yKhvr1tKGpJF,126,,correct,
yKhvr1tKGpJF,127,,incorrect,
yKhvr1tKGpJF,128,,correct,
yKhvr1tKGpJF,129,,correct,
yKhvr1tKGpJF,130,,correct,
yKhvr1tKGpJF,131,,correct,
yKhvr1tKGpJF,132,,correct,
yKhvr1tKGpJF,133,,correct,
yKhvr1tKGpJF,134,,incorrect,
yKhvr1tKGpJF,135,,correct,
yKhvr1tKGpJF,136,,correct,
yKhvr1tKGpJF,137,,correct,
yKhvr1tKGpJF,138,,correct,
yKhvr1tKGpJF,139,,correct,
yKhvr1tKGpJF,140,,correct,
yKhvr1tKGpJF,141,,correct,
yKhvr1tKGpJF,142,,correct,
yKhvr1tKGpJF,143,,correct,
yKhvr1tKGpJF,144,,correct,
yKhvr1tKGpJF,145,,incorrect,
yKhvr1tKGpJF,146,,correct,
yKhvr1tKGpJF,147,,incorrect,
yKhvr1tKGpJF,148,,correct,
yKhvr1tKGpJF,149,,correct,
yKhvr1tKGpJF,150,,correct,
BOOMKrcykzvF,121,,correct,
BOOMKrcykzvF,122,,incorrect,
BOOMKrcykzvF,123,,correct,
BOOMKrcykzvF,124,,correct,
BOOMKrcykzvF,125,,incorrect,
BOOMKrcykzvF,126,,correct,
BOOMKrcykzvF,127,,correct,
BOOMKrcykzvF,128,,incorrect,
BOOMKrcykzvF,129,,correct,
BOOMKrcykzvF,130,,correct,
BOOMKrcykzvF,131,,correct,
BOOMKrcykzvF,132,,incorrect,
BOOMKrcykzvF,133,,incorrect,
BOOMKrcykzvF,134,,correct,
BOOMKrcykzvF,135,,correct,
BOOMKrcykzvF,136,,correct,
BOOMKrcykzvF,137,,correct,
BOOMKrcykzvF,138,,correct,
BOOMKrcykzvF,139,,correct,
BOOMKrcykzvF,140,,correct,
BOOMKrcykzvF,141,,correct,
BOOMKrcykzvF,142,,incorrect,
BOOMKrcykzvF,143,,incorrect,
BOOMKrcykzvF,144,,incorrect,
BOOMKrcykzvF,145,,incorrect,
BOOMKrcykzvF,146,,incorrect,
BOOMKrcykzvF,147,,correct,
BOOMKrcykzvF,148,,incorrect,
BOOMKrcykzvF,149,,correct,
BOOMKrcykzvF,150,,incorrect,
r5xiR4T4onQf,121,,correct,
r5xiR4T4onQf,122,,incorrect,
r5xiR4T4onQf,123,,correct,
r5xiR4T4onQf,124,,correct,
r5xiR4T4onQf,125,,correct,
r5xiR4T4onQf,126,,correct,
r5xiR4T4onQf,127,,correct,
r5xiR4T4onQf,128,,correct,
r5xiR4T4onQf,129,,correct,
r5xiR4T4onQf,130,,correct,
r5xiR4T4onQf,131,,correct,
r5xiR4T4onQf,132,,correct,
r5xiR4T4onQf,133,,correct,
r5xiR4T4onQf,134,,incorrect,
r5xiR4T4onQf,135,,correct,
r5xiR4T4onQf,136,,incorrect,
r5xiR4T4onQf,137,,correct,
r5xiR4T4onQf,138,,correct,
r5xiR4T4onQf,139,,correct,
r5xiR4T4onQf,140,,correct,
r5xiR4T4onQf,141,,correct,
r5xiR4T4onQf,142,,correct,
r5xiR4T4onQf,143,,correct,
r5xiR4T4onQf,144,,correct,
r5xiR4T4onQf,145,,incorrect,
r5xiR4T4onQf,146,,incorrect,
r5xiR4T4onQf,147,,correct,
r5xiR4T4onQf,148,,correct,
r5xiR4T4onQf,149,,correct,
r5xiR4T4onQf,150,,correct,
R8OVhINU7nka,121,,correct,
R8OVhINU7nka,122,,incorrect,
R8OVhINU7nka,123,,correct,
R8OVhINU7nka,124,,correct,
R8OVhINU7nka,125,,correct,
R8OVhINU7nka,126,,correct,
R8OVhINU7nka,127,,correct,
R8OVhINU7nka,128,,correct,
R8OVhINU7nka,129,,correct,
R8OVhINU7nka,130,,correct,
R8OVhINU7nka,131,,correct,
R8OVhINU7nka,132,,incorrect,
R8OVhINU7nka,133,,incorrect,
R8OVhINU7nka,134,,correct,
R8OVhINU7nka,135,,correct,
R8OVhINU7nka,136,,correct,
R8OVhINU7nka,137,,correct,
R8OVhINU7nka,138,,correct,
R8OVhINU7nka,139,,correct,
R8OVhINU7nka,140,,correct,
R8OVhINU7nka,141,,correct,
R8OVhINU7nka,142,,correct,
R8OVhINU7nka,143,,correct,
R8OVhINU7nka,144,,correct,
R8OVhINU7nka,145,,correct,
R8OVhINU7nka,146,,correct,
R8OVhINU7nka,147,,correct,
R8OVhINU7nka,148,,correct,
R8OVhINU7nka,149,,correct,
R8OVhINU7nka,150,,correct,
WNh0afD7QG4d,121,,correct,
WNh0afD7QG4d,122,,incorrect,
WNh0afD7QG4d,123,,correct,
WNh0afD7QG4d,124,,correct,
WNh0afD7QG4d,125,,correct,
WNh0afD7QG4d,126,,incorrect,
WNh0afD7QG4d,127,,correct,
WNh0afD7QG4d,128,,correct,
WNh0afD7QG4d,129,,correct,
WNh0afD7QG4d,130,,correct,
WNh0afD7QG4d,131,,correct,
WNh0afD7QG4d,132,,incorrect,
WNh0afD7QG4d,133,,incorrect,
WNh0afD7QG4d,134,,incorrect,
WNh0afD7QG4d,135,,correct,
WNh0afD7QG4d,136,,correct,
WNh0afD7QG4d,137,,correct,
WNh0afD7QG4d,138,,correct,
WNh0afD7QG4d,139,,correct,
WNh0afD7QG4d,140,,correct,
WNh0afD7QG4d,141,,correct,
WNh0afD7QG4d,142,,correct,
WNh0afD7QG4d,143,,correct,
WNh0afD7QG4d,144,,correct,
WNh0afD7QG4d,145,,correct,
WNh0afD7QG4d,146,,correct,
WNh0afD7QG4d,147,,correct,
WNh0afD7QG4d,148,,correct,
WNh0afD7QG4d,149,,correct,
WNh0afD7QG4d,150,,correct,
PgdsGKsedBAl,121,,correct,
PgdsGKsedBAl,122,,incorrect,
PgdsGKsedBAl,123,,correct,
PgdsGKsedBAl,124,,correct,
PgdsGKsedBAl,125,,correct,
PgdsGKsedBAl,126,,correct,
PgdsGKsedBAl,127,,correct,
PgdsGKsedBAl,128,,correct,
PgdsGKsedBAl,129,,correct,
PgdsGKsedBAl,130,,correct,
PgdsGKsedBAl,131,,correct,
PgdsGKsedBAl,132,,incorrect,
PgdsGKsedBAl,133,,incorrect,
PgdsGKsedBAl,134,,correct,
PgdsGKsedBAl,135,,correct,
PgdsGKsedBAl,136,,correct,
PgdsGKsedBAl,137,,incorrect,
PgdsGKsedBAl,138,,correct,
PgdsGKsedBAl,139,,correct,
PgdsGKsedBAl,140,,correct,
PgdsGKsedBAl,141,,correct,
PgdsGKsedBAl,142,,correct,
PgdsGKsedBAl,143,,correct,
PgdsGKsedBAl,144,,correct,
PgdsGKsedBAl,145,,correct,
PgdsGKsedBAl,146,,correct,
PgdsGKsedBAl,147,,correct,
PgdsGKsedBAl,148,,correct,
PgdsGKsedBAl,149,,correct,
PgdsGKsedBAl,150,,correct,
wlfxRfJtBw5L,121,,correct,
wlfxRfJtBw5L,122,,incorrect,
wlfxRfJtBw5L,123,,correct,
wlfxRfJtBw5L,124,,correct,
wlfxRfJtBw5L,125,,correct,
wlfxRfJtBw5L,126,,correct,
wlfxRfJtBw5L,127,,correct,
wlfxRfJtBw5L,128,,correct,
wlfxRfJtBw5L,129,,correct,
wlfxRfJtBw5L,130,,correct,
wlfxRfJtBw5L,131,,correct,
wlfxRfJtBw5L,132,,correct,
wlfxRfJtBw5L,133,,correct,
wlfxRfJtBw5L,134,,incorrect,
wlfxRfJtBw5L,135,,correct,
wlfxRfJtBw5L,136,,correct,
wlfxRfJtBw5L,137,,correct,
wlfxRfJtBw5L,138,,correct,
wlfxRfJtBw5L,139,,correct,
wlfxRfJtBw5L,140,,correct,
wlfxRfJtBw5L,141,,correct,
wlfxRfJtBw5L,142,,correct,
wlfxRfJtBw5L,143,,correct,
wlfxRfJtBw5L,144,,correct,
wlfxRfJtBw5L,145,,incorrect,
wlfxRfJtBw5L,146,,correct,
wlfxRfJtBw5L,147,,correct,
wlfxRfJtBw5L,148,,correct,
wlfxRfJtBw5L,149,,correct,
wlfxRfJtBw5L,150,,correct,
BSLGp0wdoAqj,121,,correct,
BSLGp0wdoAqj,122,,incorrect,
BSLGp0wdoAqj,123,,incorrect,
BSLGp0wdoAqj,124,,correct,
BSLGp0wdoAqj,125,,correct,
BSLGp0wdoAqj,126,,correct,
BSLGp0wdoAqj,127,,correct,
BSLGp0wdoAqj,128,,correct,
BSLGp0wdoAqj,129,,correct,
BSLGp0wdoAqj,130,,correct,
BSLGp0wdoAqj,131,,correct,
BSLGp0wdoAqj,132,,correct,
BSLGp0wdoAqj,133,,correct,
BSLGp0wdoAqj,134,,incorrect,
BSLGp0wdoAqj,135,,correct,
BSLGp0wdoAqj,136,,correct,
BSLGp0wdoAqj,137,,correct,
BSLGp0wdoAqj,138,,correct,
BSLGp0wdoAqj,139,,correct,
BSLGp0wdoAqj,140,,incorrect,
BSLGp0wdoAqj,141,,correct,
BSLGp0wdoAqj,142,,correct,
BSLGp0wdoAqj,143,,correct,
BSLGp0wdoAqj,144,,correct,
BSLGp0wdoAqj,145,,incorrect,
BSLGp0wdoAqj,146,,correct,
BSLGp0wdoAqj,147,,correct,
BSLGp0wdoAqj,148,,correct,
BSLGp0wdoAqj,149,,correct,
BSLGp0wdoAqj,150,,correct,
jxlFWYs7WyTt,121,,correct,
jxlFWYs7WyTt,122,,incorrect,
jxlFWYs7WyTt,123,,correct,
jxlFWYs7WyTt,124,,correct,
jxlFWYs7WyTt,125,,correct,
jxlFWYs7WyTt,126,,correct,
jxlFWYs7WyTt,127,,incorrect,
jxlFWYs7WyTt,128,,incorrect,
jxlFWYs7WyTt,129,,correct,
jxlFWYs7WyTt,130,,correct,
jxlFWYs7WyTt,131,,correct,
jxlFWYs7WyTt,132,,incorrect,
jxlFWYs7WyTt,133,,correct,
jxlFWYs7WyTt,134,,correct,
jxlFWYs7WyTt,135,,correct,
jxlFWYs7WyTt,136,,correct,
jxlFWYs7WyTt,137,,correct,
jxlFWYs7WyTt,138,,correct,
jxlFWYs7WyTt,139,,correct,
jxlFWYs7WyTt,140,,correct,
jxlFWYs7WyTt,141,,correct,
jxlFWYs7WyTt,142,,correct,
jxlFWYs7WyTt,143,,correct,
jxlFWYs7WyTt,144,,correct,
jxlFWYs7WyTt,145,,incorrect,
jxlFWYs7WyTt,146,,correct,
jxlFWYs7WyTt,147,,incorrect,
jxlFWYs7WyTt,148,,incorrect,
jxlFWYs7WyTt,149,,correct,
jxlFWYs7WyTt,150,,correct,
aeQlX5jbZHXw,121,,correct,
aeQlX5jbZHXw,122,,correct,
aeQlX5jbZHXw,123,,correct,
aeQlX5jbZHXw,124,,correct,
aeQlX5jbZHXw,125,,correct,
aeQlX5jbZHXw,126,,correct,
aeQlX5jbZHXw,127,,correct,
aeQlX5jbZHXw,128,,correct,
aeQlX5jbZHXw,129,,correct,
aeQlX5jbZHXw,130,,correct,
aeQlX5jbZHXw,131,,correct,
aeQlX5jbZHXw,132,,correct,
aeQlX5jbZHXw,133,,correct,
aeQlX5jbZHXw,134,,incorrect,
aeQlX5jbZHXw,135,,correct,
aeQlX5jbZHXw,136,,correct,
aeQlX5jbZHXw,137,,correct,
aeQlX5jbZHXw,138,,correct,
aeQlX5jbZHXw,139,,correct,
aeQlX5jbZHXw,140,,correct,
aeQlX5jbZHXw,141,,correct,
aeQlX5jbZHXw,142,,correct,
aeQlX5jbZHXw,143,,correct,
aeQlX5jbZHXw,144,,correct,
aeQlX5jbZHXw,145,,incorrect,
aeQlX5jbZHXw,146,,correct,
aeQlX5jbZHXw,147,,incorrect,
aeQlX5jbZHXw,148,,incorrect,
aeQlX5jbZHXw,149,,incorrect,
aeQlX5jbZHXw,150,,correct,
ROaS3EN46XLy,121,,correct,
ROaS3EN46XLy,122,,incorrect,
ROaS3EN46XLy,123,,correct,
ROaS3EN46XLy,124,,correct,
ROaS3EN46XLy,125,,correct,
ROaS3EN46XLy,126,,correct,
ROaS3EN46XLy,127,,correct,
ROaS3EN46XLy,128,,correct,
ROaS3EN46XLy,129,,correct,
ROaS3EN46XLy,130,,correct,
ROaS3EN46XLy,131,,correct,
ROaS3EN46XLy,132,,correct,
ROaS3EN46XLy,133,,correct,
ROaS3EN46XLy,134,,incorrect,
ROaS3EN46XLy,135,,correct,
ROaS3EN46XLy,136,,correct,
ROaS3EN46XLy,137,,correct,
ROaS3EN46XLy,138,,correct,
ROaS3EN46XLy,139,,correct,
ROaS3EN46XLy,140,,correct,
ROaS3EN46XLy,141,,correct,
ROaS3EN46XLy,142,,correct,
ROaS3EN46XLy,143,,correct,
ROaS3EN46XLy,144,,correct,
ROaS3EN46XLy,145,,incorrect,
ROaS3EN46XLy,146,,correct,
ROaS3EN46XLy,147,,incorrect,
ROaS3EN46XLy,148,,correct,
ROaS3EN46XLy,149,,incorrect,
ROaS3EN46XLy,150,,correct,
xbNryveuRsXc,121,,correct,
xbNryveuRsXc,122,,incorrect,
xbNryveuRsXc,123,,correct,
xbNryveuRsXc,124,,correct,
xbNryveuRsXc,125,,correct,
xbNryveuRsXc,126,,correct,
xbNryveuRsXc,127,,correct,
xbNryveuRsXc,128,,correct,
xbNryveuRsXc,129,,correct,
xbNryveuRsXc,130,,correct,
xbNryveuRsXc,131,,correct,
xbNryveuRsXc,132,,incorrect,
xbNryveuRsXc,133,,incorrect,
xbNryveuRsXc,134,,correct,
xbNryveuRsXc,135,,correct,
xbNryveuRsXc,136,,correct,
xbNryveuRsXc,137,,correct,
xbNryveuRsXc,138,,correct,
xbNryveuRsXc,139,,correct,
xbNryveuRsXc,140,,correct,
xbNryveuRsXc,141,,correct,
xbNryveuRsXc,142,,correct,
xbNryveuRsXc,143,,correct,
xbNryveuRsXc,144,,correct,
xbNryveuRsXc,145,,correct,
xbNryveuRsXc,146,,correct,
xbNryveuRsXc,147,,correct,
xbNryveuRsXc,148,,correct,
xbNryveuRsXc,149,,correct,
xbNryveuRsXc,150,,correct,
eH9XZKUjDCDF,121,,correct,
eH9XZKUjDCDF,122,,correct,
eH9XZKUjDCDF,123,,correct,
eH9XZKUjDCDF,124,,correct,
eH9XZKUjDCDF,125,,correct,
eH9XZKUjDCDF,126,,correct,
eH9XZKUjDCDF,127,,correct,
eH9XZKUjDCDF,128,,correct,
eH9XZKUjDCDF,129,,correct,
eH9XZKUjDCDF,130,,correct,
eH9XZKUjDCDF,131,,correct,
eH9XZKUjDCDF,132,,correct,
eH9XZKUjDCDF,133,,correct,
eH9XZKUjDCDF,134,,incorrect,
eH9XZKUjDCDF,135,,correct,
eH9XZKUjDCDF,136,,correct,
eH9XZKUjDCDF,137,,correct,
eH9XZKUjDCDF,138,,correct,
eH9XZKUjDCDF,139,,correct,
eH9XZKUjDCDF,140,,correct,
eH9XZKUjDCDF,141,,correct,
eH9XZKUjDCDF,142,,correct,
eH9XZKUjDCDF,143,,correct,
eH9XZKUjDCDF,144,,correct,
eH9XZKUjDCDF,145,,incorrect,
eH9XZKUjDCDF,146,,correct,
eH9XZKUjDCDF,147,,correct,
eH9XZKUjDCDF,148,,correct,
eH9XZKUjDCDF,149,,incorrect,
eH9XZKUjDCDF,150,,correct,
a9ej6jzpNOPn,121,,correct,
a9ej6jzpNOPn,122,,correct,
a9ej6jzpNOPn,123,,correct,
a9ej6jzpNOPn,124,,correct,
a9ej6jzpNOPn,125,,correct,
a9ej6jzpNOPn,126,,correct,
a9ej6jzpNOPn,127,,correct,
a9ej6jzpNOPn,128,,correct,
a9ej6jzpNOPn,129,,correct,
a9ej6jzpNOPn,130,,correct,
a9ej6jzpNOPn,131,,correct,
a9ej6jzpNOPn,132,,correct,
a9ej6jzpNOPn,133,,correct,
a9ej6jzpNOPn,134,,correct,
a9ej6jzpNOPn,135,,correct,
a9ej6jzpNOPn,136,,correct,
a9ej6jzpNOPn,137,,correct,
a9ej6jzpNOPn,138,,correct,
a9ej6jzpNOPn,139,,correct,
a9ej6jzpNOPn,140,,correct,
a9ej6jzpNOPn,141,,correct,
a9ej6jzpNOPn,142,,correct,
a9ej6jzpNOPn,143,,correct,
a9ej6jzpNOPn,144,,correct,
a9ej6jzpNOPn,145,,incorrect,
a9ej6jzpNOPn,146,,incorrect,
a9ej6jzpNOPn,147,,incorrect,
a9ej6jzpNOPn,148,,incorrect,
a9ej6jzpNOPn,149,,incorrect,
a9ej6jzpNOPn,150,,incorrect,
RjR3B2X554Pn,121,,correct,
RjR3B2X554Pn,122,,correct,
RjR3B2X554Pn,123,,incorrect,
RjR3B2X554Pn,124,,correct,
RjR3B2X554Pn,125,,correct,
RjR3B2X554Pn,126,,correct,
RjR3B2X554Pn,127,,correct,
RjR3B2X554Pn,128,,correct,
RjR3B2X554Pn,129,,correct,
RjR3B2X554Pn,130,,correct,
RjR3B2X554Pn,131,,correct,
RjR3B2X554Pn,132,,correct,
RjR3B2X554Pn,133,,incorrect,
RjR3B2X554Pn,134,,incorrect,
RjR3B2X554Pn,135,,correct,
RjR3B2X554Pn,136,,incorrect,
RjR3B2X554Pn,137,,correct,
RjR3B2X554Pn,138,,correct,
RjR3B2X554Pn,139,,incorrect,
RjR3B2X554Pn,140,,correct,
RjR3B2X554Pn,141,,correct,
RjR3B2X554Pn,142,,correct,
RjR3B2X554Pn,143,,correct,
RjR3B2X554Pn,144,,correct,
RjR3B2X554Pn,145,,incorrect,
RjR3B2X554Pn,146,,correct,
RjR3B2X554Pn,147,,correct,
RjR3B2X554Pn,148,,incorrect,
RjR3B2X554Pn,149,,correct,
RjR3B2X554Pn,150,,correct,
iZblYCxqwouC,121,,correct,
iZblYCxqwouC,122,,correct,
iZblYCxqwouC,123,,correct,
iZblYCxqwouC,124,,correct,
iZblYCxqwouC,125,,correct,
iZblYCxqwouC,126,,correct,
iZblYCxqwouC,127,,correct,
iZblYCxqwouC,128,,incorrect,
iZblYCxqwouC,129,,correct,
iZblYCxqwouC,130,,incorrect,
iZblYCxqwouC,131,,correct,
iZblYCxqwouC,132,,correct,
iZblYCxqwouC,133,,correct,
iZblYCxqwouC,134,,incorrect,
iZblYCxqwouC,135,,correct,
iZblYCxqwouC,136,,correct,
iZblYCxqwouC,137,,correct,
iZblYCxqwouC,138,,correct,
iZblYCxqwouC,139,,correct,
iZblYCxqwouC,140,,correct,
iZblYCxqwouC,141,,correct,
iZblYCxqwouC,142,,correct,
iZblYCxqwouC,143,,correct,
iZblYCxqwouC,144,,correct,
iZblYCxqwouC,145,,incorrect,
iZblYCxqwouC,146,,incorrect,
iZblYCxqwouC,147,,correct,
iZblYCxqwouC,148,,correct,
iZblYCxqwouC,149,,correct,
iZblYCxqwouC,150,,incorrect,
pMrOo2QfC0Kp,121,,correct,
pMrOo2QfC0Kp,122,,incorrect,
pMrOo2QfC0Kp,123,,correct,
pMrOo2QfC0Kp,124,,correct,
pMrOo2QfC0Kp,125,,correct,
pMrOo2QfC0Kp,126,,correct,
pMrOo2QfC0Kp,127,,correct,
pMrOo2QfC0Kp,128,,incorrect,
pMrOo2QfC0Kp,129,,correct,
pMrOo2QfC0Kp,130,,correct,
pMrOo2QfC0Kp,131,,correct,
pMrOo2QfC0Kp,132,,correct,
pMrOo2QfC0Kp,133,,correct,
pMrOo2QfC0Kp,134,,correct,
pMrOo2QfC0Kp,135,,correct,
pMrOo2QfC0Kp,136,,incorrect,
pMrOo2QfC0Kp,137,,correct,
pMrOo2QfC0Kp,138,,correct,
pMrOo2QfC0Kp,139,,correct,
pMrOo2QfC0Kp,140,,correct,
pMrOo2QfC0Kp,141,,correct,
pMrOo2QfC0Kp,142,,correct,
pMrOo2QfC0Kp,143,,correct,
pMrOo2QfC0Kp,144,,correct,
pMrOo2QfC0Kp,145,,incorrect,
pMrOo2QfC0Kp,146,,correct,
pMrOo2QfC0Kp,147,,correct,
pMrOo2QfC0Kp,148,,correct,
pMrOo2QfC0Kp,149,,correct,
pMrOo2QfC0Kp,150,,correct,
8JOElN1piVew,121,,correct,
8JOElN1piVew,122,,incorrect,
8JOElN1piVew,123,,incorrect,
8JOElN1piVew,124,,correct,
8JOElN1piVew,125,,correct,
8JOElN1piVew,126,,correct,
8JOElN1piVew,127,,correct,
8JOElN1piVew,128,,correct,
8JOElN1piVew,129,,correct,
8JOElN1piVew,130,,correct,
8JOElN1piVew,131,,correct,
8JOElN1piVew,132,,correct,
8JOElN1piVew,133,,correct,
8JOElN1piVew,134,,incorrect,
8JOElN1piVew,135,,correct,
8JOElN1piVew,136,,correct,
8JOElN1piVew,137,,correct,
8JOElN1piVew,138,,correct,
8JOElN1piVew,139,,correct,
8JOElN1piVew,140,,correct,
8JOElN1piVew,141,,correct,
8JOElN1piVew,142,,correct,
8JOElN1piVew,143,,correct,
8JOElN1piVew,144,,correct,
8JOElN1piVew,145,,incorrect,
8JOElN1piVew,146,,correct,
8JOElN1piVew,147,,correct,
8JOElN1piVew,148,,correct,
8JOElN1piVew,149,,correct,
8JOElN1piVew,150,,correct,
AG7urKue7Fzv,121,,correct,
AG7urKue7Fzv,122,,correct,
AG7urKue7Fzv,123,,correct,
AG7urKue7Fzv,124,,correct,
AG7urKue7Fzv,125,,correct,
AG7urKue7Fzv,126,,correct,
AG7urKue7Fzv,127,,correct,
AG7urKue7Fzv,128,,correct,
AG7urKue7Fzv,129,,correct,
AG7urKue7Fzv,130,,correct,
AG7urKue7Fzv,131,,correct,
AG7urKue7Fzv,132,,correct,
AG7urKue7Fzv,133,,incorrect,
AG7urKue7Fzv,134,,incorrect,
AG7urKue7Fzv,135,,correct,
AG7urKue7Fzv,136,,correct,
AG7urKue7Fzv,137,,correct,
AG7urKue7Fzv,138,,correct,
AG7urKue7Fzv,139,,correct,
AG7urKue7Fzv,140,,correct,
AG7urKue7Fzv,141,,correct,
AG7urKue7Fzv,142,,correct,
AG7urKue7Fzv,143,,correct,
AG7urKue7Fzv,144,,incorrect,
AG7urKue7Fzv,145,,incorrect,
AG7urKue7Fzv,146,,correct,
AG7urKue7Fzv,147,,incorrect,
AG7urKue7Fzv,148,,incorrect,
AG7urKue7Fzv,149,,correct,
AG7urKue7Fzv,150,,correct,
nWRIo9XQJBPf,121,,correct,
nWRIo9XQJBPf,122,,correct,
nWRIo9XQJBPf,123,,correct,
nWRIo9XQJBPf,124,,correct,
nWRIo9XQJBPf,125,,correct,
nWRIo9XQJBPf,126,,correct,
nWRIo9XQJBPf,127,,correct,
nWRIo9XQJBPf,128,,incorrect,
nWRIo9XQJBPf,129,,correct,
nWRIo9XQJBPf,130,,correct,
nWRIo9XQJBPf,131,,correct,
nWRIo9XQJBPf,132,,incorrect,
nWRIo9XQJBPf,133,,correct,
nWRIo9XQJBPf,134,,incorrect,
nWRIo9XQJBPf,135,,correct,
nWRIo9XQJBPf,136,,correct,
nWRIo9XQJBPf,137,,correct,
nWRIo9XQJBPf,138,,correct,
nWRIo9XQJBPf,139,,correct,
nWRIo9XQJBPf,140,,correct,
nWRIo9XQJBPf,141,,correct,
nWRIo9XQJBPf,142,,correct,
nWRIo9XQJBPf,143,,correct,
nWRIo9XQJBPf,144,,incorrect,
nWRIo9XQJBPf,145,,incorrect,
nWRIo9XQJBPf,146,,correct,
nWRIo9XQJBPf,147,,incorrect,
nWRIo9XQJBPf,148,,incorrect,
nWRIo9XQJBPf,149,,incorrect,
nWRIo9XQJBPf,150,,correct,
