question_id,question_text,correct_answer,difficulty,num_words,qstn_complexity,options_cleaned,num_options,avg_option_length,embedding
1,Which of the following activities is a data mining task?,Predicting the future stock price of a company using historical records. | Monitoring the heart rate of a patient for abnormalities,hard,10,8.370000000000001,"['A. Dividing the customers of a company according to their gender.', 'B. Predicting the future stock price of a company using historical records.', 'C. Computing the total sales of a company.', 'D. Monitoring the heart rate of a patient for abnormalities']",4,60.25,"[ 2.08980553e-02  1.64048728e-02 -7.36586303e-02 -3.94061357e-02
  3.88033316e-02 -2.58402023e-02  9.93142277e-02 -6.18519336e-02
 -1.94653124e-02  8.62385109e-02  1.04397992e-02 -7.55595695e-03
  1.15181291e-02  2.31240913e-02 -3.81427258e-02  5.31912819e-02
  5.03449421e-03 -2.11278349e-02 -1.95773249e-03 -8.09274837e-02
 -2.88215745e-03 -4.24199663e-02  1.36011029e-02  6.92424476e-02
  5.78420237e-03  9.34260935e-02  3.39957327e-02 -4.72777598e-02
  1.69615988e-02 -2.31434647e-02 -2.42728703e-02  3.27857733e-02
  1.34344116e-01  4.05901223e-02 -6.39753342e-02  2.71379538e-02
  1.24564748e-02  3.75499018e-03  1.67123729e-03  4.48766211e-03
 -3.56728546e-02 -9.91870165e-02  2.69493647e-02  2.04300191e-02
  2.74123624e-02  5.72945364e-02 -2.84927767e-02 -5.25746159e-02
 -3.45322564e-02  5.11959717e-02 -3.41136009e-02 -6.18604245e-03
 -5.62522411e-02  2.50159688e-02 -2.14300491e-02  2.38478440e-03
 -3.80383208e-02 -7.69613981e-02  3.35937999e-02  1.79203355e-03
  3.23633812e-02 -7.54044056e-02 -4.21205088e-02  1.25627043e-02
  8.68291780e-02 -2.20038276e-02 -1.86156854e-02 -4.16937768e-02
  7.45388819e-03 -1.41958848e-01  1.23307481e-02  3.37625928e-02
 -4.93013822e-02 -1.44656533e-02  2.50653345e-02 -6.70608580e-02
 -2.98523679e-02 -2.09713746e-02  2.54800934e-02 -1.46896049e-01
 -2.00927295e-02  4.53537963e-02 -2.50241775e-02  6.57995567e-02
  9.63536352e-02  4.07216437e-02 -5.31462207e-02 -8.93794931e-03
  5.10791922e-03 -5.31191530e-04 -8.81771836e-03 -4.20009531e-02
 -5.13364142e-03  1.93068082e-03 -6.46525919e-02  1.72366612e-02
 -4.74381857e-02 -3.43530625e-02  8.36078599e-02  4.86814678e-02
 -4.58962955e-02  9.68824849e-02  2.62256972e-02  2.61136442e-02
 -7.12357834e-02 -6.99184509e-03 -3.59354019e-02 -1.07556081e-03
  4.12809551e-02 -3.62322229e-04 -8.72270316e-02 -2.34862976e-02
  2.48640473e-03 -2.37805657e-02  2.00757757e-02 -1.45176873e-02
 -4.09478648e-03  4.73202989e-02 -7.32177421e-02  7.11476132e-02
  1.87359173e-02  3.95962670e-02  4.76632081e-02 -3.22775580e-02
 -1.94618870e-02 -5.13381213e-02 -1.05182603e-01 -5.42107946e-33
  2.50522941e-02 -1.06792383e-01  1.33476127e-02 -1.45148328e-02
 -2.01548357e-02 -4.09543179e-02 -4.16696854e-02 -1.07343588e-02
  7.97301978e-02 -2.20905207e-02  1.31566112e-03  7.68445581e-02
  1.67456269e-02  8.39310810e-02  1.07385553e-01 -2.72427350e-02
  6.59104735e-02  1.02613948e-01 -5.17572537e-02 -2.44658459e-02
  6.17365167e-02 -7.13982955e-02  2.45015807e-02  5.80576286e-02
  4.80885021e-02  1.48269720e-03  2.83406898e-02 -5.08159772e-02
  4.83659916e-02  2.04657819e-02  7.59658143e-02 -5.96568920e-02
 -4.09390070e-02  2.98205987e-02  3.58073600e-02  6.24336153e-02
  1.57911405e-02  1.65453348e-02  5.68409823e-02 -3.55448015e-03
 -8.05838853e-02 -4.46134247e-02  2.15208232e-02  4.51167580e-03
 -2.38531549e-02  1.21376012e-02  1.55439577e-03  3.20765865e-03
  7.13579580e-02  4.68796939e-02  7.57004246e-02 -7.86936134e-02
  5.79926223e-02 -5.48562855e-02  3.49126831e-02  9.06852856e-02
 -2.42497226e-05 -1.02361314e-01  3.75792831e-02  3.12884487e-02
  5.92447678e-03 -1.66871119e-02 -5.35307564e-02  3.44429314e-02
 -3.92514601e-04  6.08691387e-02  1.74596813e-02 -1.41414274e-02
  7.90277719e-02  1.40885236e-02 -2.83292159e-02  5.25651015e-02
  5.00496961e-02  3.56627232e-03  3.85943465e-02  4.65795808e-02
 -1.35729490e-02 -6.51241317e-02 -1.07679099e-01  1.59394648e-02
 -5.04005477e-02 -6.13988377e-02  8.58444162e-03 -4.18615825e-02
 -9.39523280e-02  2.14654319e-02 -2.54608244e-02 -9.42594111e-02
 -4.30715121e-02  1.11653879e-02 -1.07095852e-01  7.36225024e-02
 -1.24095954e-01  4.79679853e-02  4.94626462e-02  2.42149871e-33
 -3.98471728e-02  1.48895895e-02 -4.61344048e-02  7.42001273e-03
  3.92499007e-02  2.88471263e-02 -2.56346464e-02 -9.07679796e-02
 -9.38868895e-03  3.97547148e-02 -6.84209988e-02 -4.42450009e-02
 -6.73906803e-02 -2.49140691e-02 -1.02567496e-02  4.73616011e-02
  9.99781955e-03  6.29884377e-02 -7.29601905e-02  8.64141360e-02
 -1.33969620e-01  1.32636324e-01 -8.64307433e-02 -5.52923139e-03
  2.41208468e-02  4.54524048e-02 -5.40311486e-02 -6.99859634e-02
  4.36425805e-02  5.71420677e-02 -5.16434573e-02 -9.30920392e-02
 -3.49269584e-02 -5.24163581e-02 -2.88425181e-02  1.03348205e-02
  3.90198529e-02 -5.21801040e-03 -1.89769305e-02 -7.51862186e-04
  4.10051532e-02  1.08140446e-01  2.15515513e-02  6.86555877e-02
  3.71779241e-02 -3.60377878e-02 -6.95998594e-02  4.97323349e-02
 -5.48902676e-02 -3.37610161e-03  4.22409177e-02 -1.99317094e-02
  9.88940708e-03  2.12363172e-02  6.08329326e-02  1.31478280e-01
  1.91879552e-02 -3.52496617e-02 -3.04855723e-02  2.27420982e-02
  2.53133122e-02  1.86457410e-02  2.04589982e-02  5.35771661e-02
 -1.51930088e-02 -3.27784307e-02  2.95496024e-02  8.89670197e-03
 -4.05301675e-02 -3.37586626e-02  8.02386925e-02  5.57813682e-02
  3.01235951e-02 -3.99696976e-02 -3.09408214e-02 -1.10388577e-01
 -2.85565555e-02 -3.23633812e-02 -6.00706190e-02  1.39370142e-02
 -6.41916366e-03 -7.87692890e-02 -4.01818864e-02  1.50647694e-02
 -7.41014183e-02 -1.18033187e-02  4.18205783e-02 -1.24628451e-02
 -1.19369201e-04 -4.36477400e-02 -8.46856907e-02  3.56603265e-02
 -1.03702113e-01  4.53178212e-02 -2.92834081e-03 -1.79805646e-08
 -5.50659038e-02 -6.66875690e-02  1.12418402e-02 -3.09362337e-02
  6.06497079e-02  3.92776169e-02 -2.45438796e-02  1.58921123e-01
  3.14566754e-02 -1.48640843e-02  9.57114100e-02 -4.71552322e-03
 -9.09091607e-02  2.73678941e-03  4.18605395e-02 -5.85067868e-02
  9.87301171e-02  3.68798315e-03 -4.47828434e-02 -1.93452053e-02
  7.75303096e-02 -2.32632048e-02 -3.92831303e-02  3.78924459e-02
  3.28454450e-02 -6.54223189e-02  8.37957114e-03  3.52326892e-02
  1.21121500e-02  3.35456468e-02  1.64569486e-02  1.32000409e-02
  4.50595841e-02 -1.08556272e-02 -1.05924755e-02  2.51796860e-02
  4.63852547e-02 -3.98693122e-02 -5.80573678e-02 -2.00883555e-03
  1.91838630e-02  6.18487895e-02  3.47467549e-02  4.66023199e-02
  1.08816344e-02 -1.00851767e-02 -7.31466040e-02 -4.87054102e-02
  4.93424833e-02 -7.90926889e-02 -4.88316752e-02 -4.31683287e-03
  1.36253415e-02  6.02652170e-02  6.18891092e-03  9.95462015e-02
  3.62380259e-02 -4.65825051e-02 -9.74428095e-03 -2.43576393e-02
  1.05183460e-01  2.43176706e-02 -3.30735855e-02  4.24055830e-02]"
2,What is the range of values possible for the cosine measure?,"[-1,1]",easy,11,5.863636363636363,"['A. [0,1]', 'B. [-1,1]', 'C. [0, infinity [', 'D. [-infinity , 0[']",4,13.0,"[-8.22449103e-03  5.35197593e-02 -1.08346090e-01 -3.50073501e-02
 -7.25469515e-02  6.39023259e-02 -5.58730066e-02  1.27034098e-01
 -6.14244211e-03 -2.40160171e-02  3.97455432e-02 -9.39869061e-02
 -1.27023552e-02  1.13770403e-02  2.53818166e-02 -1.18307568e-01
  3.75696421e-02 -5.79185747e-02 -5.21078072e-02  1.39780249e-02
  6.61360547e-02  1.93144009e-02  3.26560289e-02 -5.01770014e-03
 -3.57707664e-02 -6.98027983e-02 -8.93188175e-03 -6.53795972e-02
  5.12269177e-02  2.08546743e-02 -3.18635292e-02 -5.52845001e-02
 -2.24871356e-02  1.83715485e-02 -7.29202153e-03 -3.38017792e-02
  6.12069145e-02 -3.86898294e-02  7.12401867e-02  7.02336282e-02
 -1.47385243e-02  9.74896476e-02  7.77709857e-02  3.18945982e-02
 -3.00337997e-04  7.65721723e-02  1.28194829e-02 -1.62018556e-02
 -2.61301063e-02 -3.69292721e-02 -2.73746857e-03  8.01970288e-02
 -8.39686170e-02 -8.97485390e-03 -6.44473433e-02  3.20950896e-02
 -8.71583913e-03 -4.30170856e-02  7.51422495e-02  1.47042302e-02
  1.13164401e-02 -2.06222832e-02  3.20174992e-02  2.47153360e-02
 -2.91118002e-03 -7.55996257e-02  8.91000405e-03 -9.09090042e-02
 -2.10442245e-02  2.18700012e-03 -3.84479202e-02  7.43922293e-02
 -6.99656159e-02  7.77280470e-03  3.18618305e-02  3.90355512e-02
 -7.40900785e-02 -4.62668203e-02  2.40971558e-02 -5.10865040e-02
 -4.11634855e-02 -9.34896152e-03  3.02553214e-02  1.54002914e-02
  3.69095728e-02  7.24082068e-02 -3.33499946e-02  8.03855434e-02
  4.76950891e-02  2.95156483e-02 -5.30951433e-02 -7.45385811e-02
 -7.41632506e-02  6.47820532e-02 -3.59793454e-02  2.50965878e-02
  8.81899595e-02  4.31619361e-02 -6.91340771e-03 -5.01408912e-02
  5.72863920e-03 -7.77047947e-02 -2.98427623e-02  4.02473882e-02
 -1.35882301e-02 -5.01082540e-02  1.23082705e-01  2.75647864e-02
  6.85376897e-02  6.46784231e-02 -4.04558182e-02  2.03729570e-02
  1.95338223e-02 -8.39331001e-02  7.64150396e-02  3.93871404e-02
  2.15979107e-02  1.70792341e-02  4.63786498e-02  1.25174811e-02
  2.00379677e-02  4.67989268e-03 -5.56479245e-02  2.50218138e-02
 -4.41924818e-02  3.79881263e-02  5.78737780e-02 -2.50054777e-33
 -1.13454554e-02  1.70239545e-02  7.76466131e-02  4.42674980e-02
 -9.55034867e-02  3.40455142e-03 -1.12878039e-01 -7.28522381e-03
  4.32005934e-02  3.52455527e-02  4.17415798e-03  1.14288718e-01
  9.28630680e-03 -4.30657854e-03  9.77757797e-02  8.21750518e-03
  1.28109055e-02 -2.02513300e-02 -4.51078974e-02 -4.26840335e-02
 -3.12793744e-03 -4.26267199e-02  3.03744953e-02  1.02790318e-01
  6.59844372e-03  1.27998600e-03 -4.43135351e-02  8.82536024e-02
 -4.76717129e-02 -1.92246996e-02 -3.88910174e-02  5.17274300e-03
  1.78081486e-02  4.35087979e-02  8.38672742e-02 -4.73270677e-02
 -7.05441982e-02  7.21286759e-02  7.63395987e-03 -5.95734315e-03
  4.30727564e-02  2.21124459e-02  7.63686225e-02 -1.53807551e-02
  7.74239525e-02 -8.46931934e-02  3.52365673e-02  5.94124151e-03
 -1.72402617e-02  3.12718190e-02 -7.51770362e-02  8.86696503e-02
 -4.96036857e-02  8.65029544e-02  4.48946990e-02  4.87480946e-02
  1.30706318e-02 -3.29328626e-02 -4.89488877e-02 -7.58410944e-03
  7.64127821e-02  4.26834114e-02  9.03302878e-02  7.76749570e-03
  1.70203689e-02  8.13156813e-02 -1.29985631e-01 -5.27090617e-02
  5.42420149e-02  4.32534255e-02  2.86932439e-02 -8.20154697e-02
 -5.66558056e-02 -1.70059782e-02 -2.60210987e-02  1.75854948e-03
  7.11657330e-02  1.69519801e-02  1.63545348e-02  3.40217054e-02
 -7.62545737e-03 -1.53280767e-02  6.70592263e-02 -5.89472353e-02
 -2.24923976e-02 -4.46969867e-02 -5.66712655e-02 -4.04463932e-02
 -3.00235823e-02 -4.38368022e-02 -3.91611792e-02  2.28170510e-02
  2.18585972e-03 -5.36694564e-02 -8.79270360e-02  4.19663709e-35
 -5.96350059e-02  7.46874288e-02 -3.13581824e-02 -1.35060241e-02
 -7.22804889e-02  5.41621074e-02  7.19807819e-02  1.73045006e-02
  2.85468027e-02  1.55617576e-02 -1.99880973e-02 -1.40549587e-02
  4.35913280e-02  1.47675193e-04 -2.88932864e-02  6.35651052e-02
 -7.54252868e-03 -6.68039396e-02  2.17762534e-02  1.43068749e-03
  5.05409343e-03 -1.23883644e-02 -3.99778271e-03  3.47529873e-02
 -1.10421246e-02  7.07430094e-02 -6.48156181e-02 -1.21695615e-01
 -2.38923933e-02 -1.08762212e-01 -2.40626577e-02 -5.65331988e-02
  4.21769172e-02  2.88136434e-02 -6.15561604e-02 -9.53771397e-02
  6.43628910e-02 -1.38586415e-02 -4.31751832e-02 -1.86094735e-02
  5.32220490e-02  2.02783616e-03  8.98162127e-02  4.86807786e-02
 -1.31081091e-02  5.15380986e-02  7.91945159e-02 -8.27995613e-02
 -6.53619319e-02  4.16320972e-02 -5.63496090e-02 -2.24586651e-02
 -2.64056735e-02 -1.84822548e-02 -7.53423804e-03 -2.13953722e-02
 -2.70191040e-02 -2.11386196e-03  5.49187399e-02 -1.88445393e-02
  3.03421449e-02  3.56749296e-02 -3.35968435e-02  4.78383563e-02
  2.79100947e-02  8.21039155e-02 -3.35180648e-02 -2.04890259e-02
 -4.66697514e-02  3.21945287e-02  1.84832029e-02 -7.26874499e-03
  5.88653162e-02 -1.60384804e-01 -1.30444184e-01 -1.04426332e-01
 -2.62326486e-02 -1.06606364e-01 -9.28360075e-02 -1.84747409e-02
 -8.34875926e-02 -5.95804828e-04  1.45702185e-02 -1.30073482e-03
  3.81144043e-03 -3.18205878e-02 -4.89235371e-02 -1.58299301e-02
  5.95900882e-03  3.19122374e-02 -4.98251319e-02 -7.75187509e-03
 -3.54827717e-02 -1.16282441e-01  3.54436599e-02 -1.76766672e-08
 -1.81448590e-02  4.67969961e-02 -6.43936545e-02 -1.98438298e-03
 -7.55982380e-03  6.58138990e-02  1.29104089e-02 -5.75103648e-02
 -6.04259840e-04  5.60286567e-02  9.93137620e-03 -2.15138551e-02
  3.02012525e-02  3.32491472e-02 -7.92478770e-03 -4.16068546e-02
 -5.65873384e-02 -2.85462067e-02  6.92900121e-02 -8.22623915e-05
  6.58021644e-02 -2.37216987e-02 -7.92576279e-03  4.48540449e-02
  6.75807567e-03  3.52830887e-02 -5.63723333e-02  3.99761796e-02
 -3.56104225e-02  2.44696159e-02 -4.51290514e-03  6.07652299e-04
  5.68729006e-02  9.09387250e-04 -7.45275803e-03 -1.06519321e-02
 -2.85899434e-02  1.00426860e-01 -9.26985592e-02  2.64337324e-02
 -4.76880483e-02  6.76629394e-02  5.39093185e-03  8.29223469e-02
  8.86140466e-02  5.69292642e-02  6.31577149e-02  3.42211053e-02
  2.83609610e-02 -5.74730858e-02 -6.03447258e-02  9.68692154e-02
 -9.62690450e-03 -2.58885394e-03 -7.15735182e-03 -6.05613412e-03
  1.70178413e-02 -5.36574889e-03 -1.07049644e-01 -1.60517637e-02
  3.15579004e-03 -5.25003001e-02 -4.03396040e-02 -1.57250091e-03]"
3,Is the cosine measure sensitive to scaling ?,No,easy,8,7.368571428571428,"['A. Yes', 'B. No']",2,5.5,"[ 3.52510746e-04  9.68862884e-03 -6.38142824e-02  6.09155698e-03
 -1.42402500e-02 -7.42162997e-03 -2.35752519e-02  1.07536040e-01
  4.71593859e-03 -1.10947527e-02  8.58862698e-02 -2.33461149e-02
 -4.42329869e-02  7.84057975e-02 -2.48838514e-02 -1.54348627e-01
  1.54440897e-02  1.01588525e-01 -7.14317858e-02 -1.41082844e-02
 -1.65101774e-02 -3.09795700e-02  1.93275455e-02  2.93833576e-02
 -6.20577601e-04 -4.71889190e-02 -2.98515670e-02 -3.56196538e-02
  3.35443430e-02 -2.73431409e-02 -2.17235945e-02  1.61528904e-02
 -2.93675251e-02  1.82578582e-02 -3.21176387e-02 -1.80152729e-02
  8.11746046e-02 -7.91742057e-02  4.86063585e-02  5.39043397e-02
  1.57769374e-03  7.96798915e-02  6.00032397e-02  3.20740454e-02
 -4.88750229e-04  1.23078460e-02  1.44306086e-02 -1.87771507e-02
 -1.12634674e-01 -1.64288394e-02  3.99490669e-02 -5.02376724e-03
 -7.02369884e-02 -7.40150735e-02 -3.34877968e-02  3.71517763e-02
  3.59439217e-02 -2.87098344e-02  9.15891603e-02  1.94971301e-02
 -9.07001738e-03  3.78729333e-03 -6.57039229e-03  7.39084557e-02
  4.28339243e-02 -1.18863424e-02  6.78631961e-02 -1.66436747e-01
 -1.70209333e-02  2.85047162e-02  8.48880690e-03  3.69734727e-02
 -2.67355982e-03  5.74019179e-02  5.96744008e-02  5.09609142e-03
 -1.58695653e-01 -1.12663377e-02  8.89689010e-03  4.23489101e-02
 -5.78639247e-02 -3.29383090e-02  3.64538804e-02 -1.17705832e-03
  6.37829006e-02  5.01463711e-02 -1.32356416e-02 -5.00709750e-02
 -7.16762431e-03 -1.25923716e-02 -1.30316513e-02 -2.67742258e-02
 -9.20609534e-02  6.37869239e-02 -4.73594852e-02 -5.04757799e-02
 -3.24464552e-02  3.85989323e-02 -4.53866869e-02 -4.42585722e-02
  2.41962653e-02  9.31885093e-03 -2.78121289e-02  1.07887894e-01
  2.75041908e-02 -5.22206277e-02  8.27177241e-02  4.15890031e-02
  9.72663611e-02  3.08816619e-02 -1.88636947e-02  7.23895133e-02
  3.29080261e-02 -4.01164126e-03  5.33770137e-02  1.66088529e-02
  6.14066049e-02  2.56287437e-02  1.20085990e-02  1.22519704e-02
  3.74907441e-02 -2.53283959e-02 -9.39330012e-02  8.83265119e-03
  1.28407832e-02  5.78404404e-02  5.69501147e-02 -1.87534548e-33
 -2.55590193e-02  4.82532829e-02  5.02403416e-02 -1.90574210e-02
 -1.01566382e-01  1.97113808e-02 -1.23725712e-01 -2.73860805e-02
  1.03629353e-02 -4.20311950e-02  1.29129570e-02  1.69916704e-01
  5.54903317e-03  7.58259837e-03  4.70186882e-02  2.31406000e-03
 -3.33825732e-03  6.03176616e-02 -5.71005121e-02 -6.40381202e-02
  4.19143500e-04 -3.53299640e-02  2.62683146e-02  7.38060474e-02
 -8.19811691e-03 -7.13550523e-02 -4.66640145e-02  8.44759792e-02
 -9.31134298e-02 -2.13157069e-02 -5.22542484e-02 -3.96029800e-02
 -4.64940269e-04  2.10211053e-02  4.63117957e-02 -5.67062125e-02
 -1.24208955e-02  4.67915200e-02 -2.60634441e-02 -5.93168801e-03
  7.31349736e-02  1.65212005e-02  3.49689648e-02 -2.58649401e-02
  9.92134120e-03 -3.31095271e-02 -6.87376736e-03 -5.65000065e-03
 -4.28585000e-02 -7.62741938e-02 -9.66506824e-03  5.59922680e-02
  2.22394206e-02  4.70009483e-02  9.27385688e-02  3.42550017e-02
  5.22834696e-02 -6.16704486e-02 -2.84572653e-02 -3.45956460e-02
  1.53450342e-02 -4.92839478e-02  9.93423536e-03  3.63960899e-02
  4.02430596e-04  6.02755323e-02 -7.16414228e-02 -1.29792700e-02
  3.97251844e-02  2.92432010e-02  3.07748467e-02 -1.35011720e-02
 -6.82363287e-02  6.30990416e-02  7.98737572e-04 -3.39150662e-03
  2.99433190e-02  6.06283471e-02  1.15198847e-02  2.76193749e-02
 -2.26628464e-02  9.42852162e-03  6.87216967e-02 -7.65109956e-02
 -1.06599599e-01 -6.06800877e-02  2.21383888e-02 -4.83679362e-02
 -9.46493261e-03  9.30256024e-03  6.60076132e-03  1.64997429e-02
  4.68681455e-02 -8.68074410e-03 -1.09622538e-01  5.71630551e-34
 -1.52909160e-01  1.85003132e-02 -5.20008057e-03  1.20436065e-02
 -7.29459524e-02  8.07885155e-02  3.63470539e-02 -1.94087159e-02
  7.78169185e-03 -3.96820381e-02  4.00609709e-02  4.79627633e-03
 -6.28363341e-02 -4.68197986e-02  2.28649247e-02  3.64717320e-02
 -1.03783952e-02 -1.95314568e-02  1.57263922e-03 -1.13191025e-03
  4.06627171e-02 -3.11838575e-02 -4.80252551e-03  3.45963016e-02
  5.82548082e-02  1.57201979e-02 -9.76542458e-02 -9.61352140e-02
 -3.76930870e-02 -6.90424144e-02 -3.98801863e-02 -1.28811756e-02
  3.31364460e-02 -4.33143741e-03 -4.97716106e-02 -4.27162126e-02
  3.12930904e-02  1.19366469e-02 -1.98805984e-02 -1.58071611e-02
 -1.45470891e-02  5.84625229e-02 -8.75805225e-03 -7.85067026e-03
  3.54076810e-02  1.13650048e-02  1.07260749e-01 -7.21684322e-02
 -6.78066164e-02  9.03565735e-02 -3.72024328e-02  8.03188309e-02
  2.02869419e-02 -2.36372575e-02 -5.35340048e-02  8.26863423e-02
 -4.25122157e-02 -2.98728012e-02 -3.35038677e-02 -3.91891366e-03
  2.40994059e-02 -9.33827274e-03 -7.28560165e-02 -2.84872241e-02
 -1.87532436e-02  5.90470470e-02  3.27836648e-02 -8.42604879e-03
  4.31053899e-02  2.70894505e-02  1.36806285e-02 -2.17924956e-02
  3.18975188e-02 -7.34482855e-02 -1.30556613e-01 -1.53661788e-01
  1.83707960e-02 -6.46307096e-02 -1.00121252e-01  2.56401184e-03
 -3.13999765e-02 -1.01778551e-03  3.93357426e-02  2.10964922e-02
  1.02426466e-02 -2.47718003e-02 -4.08117920e-02 -1.53260976e-02
 -2.18754914e-02  1.36715546e-01 -6.49694651e-02 -2.88916435e-02
 -1.76421329e-02 -9.46249738e-02  2.76330784e-02 -1.43689274e-08
 -2.58431826e-02  5.08021303e-02 -1.26942573e-02  6.27755076e-02
 -6.65275902e-02  5.87392673e-02 -2.87710410e-02 -3.68158892e-02
 -6.20041639e-02  5.76101243e-02 -1.33713810e-02  1.17324321e-02
  3.85287702e-02  6.27295896e-02  1.83788054e-02 -4.30850089e-02
  1.93497427e-02 -3.08883470e-02  1.72579512e-02 -1.96108278e-02
  4.80850739e-03  6.75243884e-02 -8.13340954e-03  7.96664208e-02
  2.46116985e-03  5.26205376e-02 -3.90859470e-02  1.17874794e-01
 -3.49310227e-02 -2.52803564e-02 -7.16527971e-03  2.33959090e-02
  7.72538856e-02  7.36771971e-02  2.49638241e-02 -2.98954677e-02
 -2.77461447e-02  1.49804920e-01 -2.59231254e-02  2.34826338e-02
 -2.61778068e-02  5.71028516e-02  2.95227543e-02  1.44424006e-01
  5.45146540e-02  4.82359678e-02  9.36247781e-02  2.29931921e-02
  3.17175277e-02 -1.60141964e-03  3.45931873e-02  4.71867472e-02
 -2.33752597e-02  4.54238936e-04 -1.60795841e-02 -9.50448867e-03
  6.81520533e-03  2.95791047e-04 -7.02210888e-02 -5.56368660e-03
  1.99332908e-02 -5.36926761e-02 -5.27008660e-02 -4.42811772e-02]"
4,Is the Euclidean distance sensitive to scaling ?,Yes,easy,8,7.368571428571428,"['A. Yes', 'B. No']",2,5.5,"[ 6.16835877e-02 -3.87746617e-02 -7.22495988e-02 -8.58703479e-02
  5.01342975e-02 -3.48814763e-02 -2.53827125e-02  2.06819270e-02
  2.34282240e-02 -3.33251543e-02  7.66681954e-02  3.39615531e-02
  5.80233196e-03  1.03780285e-01 -6.40002191e-02 -1.09441996e-01
  6.68305680e-02  9.86861587e-02 -1.57885656e-01  5.33823902e-03
 -5.01576997e-03  3.71382688e-03  1.45255569e-02  8.20275620e-02
  5.82998097e-02 -2.10082922e-02  4.29543629e-02 -3.49399932e-02
 -3.77322994e-02  1.46053648e-02  6.91184169e-03  3.21492329e-02
  5.94063997e-02 -7.96610340e-02 -2.21206117e-02  5.20907789e-02
  4.91879545e-02  5.58081046e-02 -3.30659784e-02 -1.36126895e-02
 -7.21553806e-03  7.37467594e-03  7.44143575e-02  6.62673786e-02
 -2.07983572e-02  6.21559191e-03 -4.64397203e-03 -2.59103477e-02
 -5.14272451e-02 -6.79717213e-02  5.04792482e-03  2.45285463e-02
 -2.85501126e-02 -3.25753242e-02 -2.65256856e-02  5.71164005e-02
  2.51427405e-02 -1.49936285e-02  5.76188602e-02 -8.20317119e-03
  1.95570313e-03  1.02201551e-02 -2.92326063e-02  5.67300878e-02
  2.00156905e-02 -1.10914363e-02  1.85388550e-02 -1.76220611e-01
 -3.99813317e-02  1.87194701e-02  2.07212400e-02 -3.41722975e-03
 -1.42890494e-02  5.37028983e-02  5.33800386e-02  1.63802933e-02
 -7.56283775e-02  5.38503304e-02  7.23116333e-03 -6.09119050e-03
 -1.57720794e-03 -3.39942388e-02  2.31607575e-02  1.39020374e-02
  3.28085502e-03  6.67249411e-02  2.78695971e-02 -6.35088012e-02
  5.30464351e-02 -4.86746542e-02  1.07682869e-01  7.11100362e-03
 -5.15997149e-02 -4.23212565e-04 -6.28294647e-02 -1.31587043e-01
 -5.37771620e-02 -7.73793226e-03  1.06232977e-02  2.42711809e-02
  7.73078799e-02 -8.77732295e-04 -5.98702207e-02  4.95650955e-02
  4.04409580e-02  2.81399908e-03  2.99452152e-02 -8.82221665e-03
  5.08311577e-02 -1.56270564e-02  3.77230681e-02 -2.09117159e-02
 -1.65228720e-03  8.91845375e-02  1.48503631e-02 -9.14592966e-02
  1.02946766e-01  3.08942627e-02  4.23596881e-04 -3.72193605e-02
 -1.87892802e-02 -1.19475350e-02 -4.84286509e-02  1.83035489e-02
  3.30755934e-02  9.54575241e-02 -2.52712704e-03 -2.98432485e-33
 -1.52189471e-02  5.00191003e-02  3.68887968e-02 -3.50578167e-02
 -4.03178744e-02  2.40438282e-02 -8.66618678e-02 -2.05521416e-02
  7.33061954e-02 -4.04526815e-02 -7.62551725e-02  1.17482699e-01
  8.29074979e-02 -4.31101620e-02  5.77632077e-02  7.08745494e-02
  5.26256748e-02  4.23434302e-02 -1.07429391e-02 -3.86922099e-02
 -3.26329842e-02 -5.68986908e-02 -7.40570063e-03  1.09678833e-02
 -7.87769631e-02 -1.21653587e-01 -6.58036619e-02  3.06609133e-03
 -6.97410032e-02 -1.66942198e-02 -9.16340947e-02  5.38093923e-03
 -3.21641639e-02 -2.31801420e-02 -1.05521940e-02 -2.37525236e-02
  4.05562446e-02  1.47623355e-02  2.32245866e-02 -3.66955735e-02
 -4.50169481e-03  3.82350758e-03 -1.62399095e-02 -1.96288768e-02
  1.91319268e-02  1.01058818e-01  8.93250182e-02  5.56002967e-02
 -1.23013251e-01 -1.19703077e-01  2.77693141e-02  9.24538076e-03
  5.18108867e-02 -3.75836939e-02  1.09954990e-01 -4.09679674e-03
  3.55218053e-02 -5.99626675e-02 -1.25016337e-02  5.06334603e-02
 -2.98713967e-02 -3.49433720e-02  1.48892477e-02  2.96579283e-02
  7.71889370e-03 -2.98293643e-02 -3.15619931e-02  2.60828268e-02
  3.09334677e-02  2.75633279e-02  2.91832611e-02  2.26350948e-02
 -1.65456254e-02  7.00392127e-02 -2.01739627e-03 -2.69319434e-02
  2.44963020e-02 -2.62440871e-02  4.37864475e-02  1.79276373e-02
 -1.39943585e-01  2.76533291e-02 -2.74085365e-02 -1.98187940e-02
 -1.21031456e-01 -8.20123255e-02  4.18576971e-02 -2.85972394e-02
 -1.84092857e-02  2.06221920e-02  8.64388421e-03 -3.88483070e-02
 -1.29843419e-02  4.55414690e-02 -4.69496474e-02  2.38147643e-33
 -1.11275986e-01 -2.63337810e-02 -2.49417406e-03  4.92266379e-02
 -8.08237866e-03  3.52177443e-03  3.15769603e-06  3.45803797e-02
 -2.76400782e-02 -2.46640686e-02  5.56633668e-03 -2.73759440e-02
 -1.07092550e-03 -7.28090629e-02  2.34987028e-02  2.66894065e-02
  2.93019954e-02  1.91404559e-02 -3.22625339e-02 -1.31848007e-02
  8.27156231e-02 -5.72911315e-02 -3.52717862e-02 -1.28205481e-03
  1.94196831e-02 -5.50853787e-03 -4.10445258e-02 -2.93542743e-02
 -9.15385187e-02 -2.77646221e-02 -3.27027240e-03 -2.02993266e-02
  2.44087186e-02 -1.64209977e-02 -4.69289068e-03  2.37601995e-03
 -1.37762260e-02 -4.01371196e-02 -1.55743277e-02  2.67838556e-02
 -7.28452131e-02  6.43746257e-02 -4.92014661e-02 -2.38194466e-02
  5.05262949e-02 -1.50456503e-02  1.13710098e-01 -1.57294702e-02
 -6.37525395e-02  7.90941808e-03  1.42253712e-02  8.88481811e-02
  7.89314285e-02  2.70187408e-02 -1.70231108e-02  8.87979642e-02
 -8.92654508e-02  1.11360033e-03 -1.75397117e-02 -2.23556743e-03
 -1.43934814e-02 -8.81721377e-02 -2.05913652e-02  3.98493111e-02
 -1.10491058e-02  2.84444746e-02  6.57186508e-02  7.50804171e-02
  2.09521260e-02 -1.77492388e-03 -6.55015325e-03 -9.19133052e-02
  7.00841621e-02  1.17888600e-02 -1.08950906e-01 -1.51859194e-01
  8.59348178e-02 -2.94549782e-02  2.33801138e-02  4.66435701e-02
  5.39123192e-02  3.73146380e-04  6.42409623e-02  2.01895703e-02
  1.06209598e-03  3.73355746e-02  7.38679469e-02 -2.21010223e-02
  1.42412810e-02  1.25945762e-01  9.07105673e-03  1.67688709e-02
 -1.90207865e-02 -6.00006431e-02  1.75069589e-02 -1.34376270e-08
 -2.85282452e-02  2.28811055e-02  9.36510134e-03  1.81962829e-02
 -6.95217848e-02  4.45156284e-02  4.61697765e-02  7.52621517e-02
 -1.17120609e-01  7.02525452e-02 -3.16833667e-02 -5.25130564e-03
 -2.34156270e-02  1.32370129e-01 -8.35226569e-03  5.31932013e-03
  9.23409164e-02 -6.59158155e-02 -1.85178407e-02  4.55346070e-02
 -4.22637388e-02  6.92604631e-02 -2.50551775e-02  1.20424489e-02
 -2.00960878e-02 -2.51375306e-02 -5.32765202e-02  7.73774683e-02
  5.26817851e-02 -5.34212589e-02 -6.90363161e-03  5.86088980e-03
  5.83645664e-02  5.87649643e-02  9.68873035e-03 -3.38892192e-02
 -8.25904161e-02  8.94490480e-02  4.07770788e-03 -9.81408916e-03
 -6.27286136e-02 -7.91863538e-03  3.24221253e-02  7.26174787e-02
  8.94877687e-02  3.58453132e-02  5.46581745e-02  3.71708944e-02
 -3.19537520e-02 -2.36591548e-02  4.29496877e-02  5.85789457e-02
  2.25508679e-02 -7.75138964e-04  5.98928407e-02 -5.61525598e-02
 -2.43711509e-02 -2.69419122e-02 -2.04344857e-02 -2.59379973e-03
 -2.34141648e-02 -6.15540966e-02 -6.68537393e-02 -6.38336614e-02]"
5,"If two objects have a cosine measure of 1, are they identical?",No,medium,12,6.790000000000003,"['A. Yes', 'B. No']",2,5.5,"[-3.58473100e-02 -3.31497891e-03 -5.43599799e-02 -9.56726633e-03
 -6.26856461e-02 -5.11119328e-02  1.33642927e-03  2.81816460e-02
  5.89781851e-02 -3.16192433e-02  3.39869633e-02 -7.74553567e-02
 -7.37100840e-03  6.56518340e-02  8.03003553e-03 -1.39840558e-01
 -3.04418709e-02  3.24802622e-02 -4.66594808e-02  9.07799974e-02
  5.21682575e-03 -1.72179304e-02  3.71270557e-03  4.12366986e-02
 -6.58732653e-03  1.03423698e-02 -4.81383037e-03 -2.80524269e-02
  2.16663498e-02 -5.80968037e-02  7.39581510e-03 -7.06473663e-02
 -8.62338692e-02  5.49231172e-02  1.41660770e-04 -2.65267622e-02
  1.06417343e-01 -7.80450404e-02  8.55879039e-02  5.60073368e-02
 -2.33627763e-02  1.06948838e-01  4.76561897e-02  4.27070856e-02
 -3.32043320e-02  9.07010138e-02 -5.53806014e-02  4.47667837e-02
 -2.05983669e-02 -6.43350556e-02  1.54969550e-03  2.67422404e-02
 -9.97199416e-02 -3.82120498e-02  3.87020558e-02  1.15533091e-01
  1.39699494e-02  2.43335180e-02  4.23433296e-02  2.11740639e-02
 -1.05827656e-02 -8.57936591e-03  5.04174791e-02  6.48606047e-02
  4.22558710e-02 -4.08460349e-02  2.21441817e-02 -1.09136917e-01
 -3.31705362e-02  1.25689469e-02 -2.26220600e-02  8.87352750e-02
 -4.75064712e-03  6.32384345e-02 -2.72280257e-02  4.99193445e-02
 -8.93042162e-02  6.98043732e-03 -2.36970894e-02  2.82894149e-02
 -1.34421661e-01 -4.70372364e-02  3.66185866e-02 -1.55428238e-02
  4.20398787e-02  3.45626399e-02  1.68209765e-02 -2.69706850e-03
 -3.64212655e-02 -5.77142723e-02 -3.40090841e-02 -4.64334674e-02
  3.27219516e-02  2.09972039e-02 -5.11607900e-02 -6.94097951e-02
  6.94778413e-02  9.90728736e-02 -4.03613150e-02 -3.64737697e-02
 -3.96726392e-02 -5.18200547e-03 -4.41441592e-03  1.10630073e-01
  1.71836019e-02 -7.78324669e-04  4.78445701e-02 -3.12728286e-02
  1.03414007e-01  3.73170748e-02 -7.18925474e-03  9.96626914e-03
  2.79121324e-02  4.53040004e-02  1.56774092e-02  1.33050056e-02
  2.92669572e-02  4.57140766e-02  3.81303132e-02  3.66639782e-04
  7.26422220e-02 -2.91620158e-02  1.99825899e-03 -7.40021560e-03
 -1.74589530e-02 -4.46583480e-02  9.24996436e-02 -2.31453736e-33
 -5.32308668e-02 -2.53924588e-03  6.98008835e-02  1.76934153e-02
 -5.69113046e-02  1.17763747e-02 -1.03441678e-01  5.18743806e-02
  5.69514595e-02 -2.66570486e-02 -8.22485313e-02  1.37316018e-01
  2.40434911e-02 -1.44601986e-02  2.82942969e-02  5.72463088e-02
 -3.21660228e-02  1.94558911e-02 -2.43015159e-02 -4.89411540e-02
 -3.09215188e-02 -3.24477092e-03  2.30962338e-04  4.50039543e-02
  1.66615248e-02 -4.56743278e-02 -7.49348011e-03  3.79142985e-02
 -8.73880237e-02 -2.36498024e-02 -3.23322751e-02  8.46858427e-04
  6.79523917e-03  9.22531039e-02  3.68341208e-02 -4.38043363e-02
 -1.42125618e-02  4.79888134e-02 -3.26354913e-02 -8.80578160e-02
  6.32648915e-02 -1.27322972e-02  1.74834486e-02 -9.46020558e-02
  6.48332178e-04 -1.04787208e-01 -3.55700180e-02 -2.12976653e-02
  2.90506054e-02 -1.80433337e-02 -3.24031115e-02  6.71644658e-02
 -3.16708982e-02  4.09393236e-02  2.53551323e-02 -1.79352444e-02
  3.71071883e-02 -1.39794755e-03 -1.90846957e-02 -1.69976428e-02
  4.49328385e-02  4.01950739e-02  3.86996195e-02  2.43706293e-02
  4.21820730e-02  3.47972997e-02 -3.77281904e-02 -2.87622567e-02
  7.43561611e-02  3.37264277e-02  1.04820775e-02 -6.57130033e-02
 -1.00917108e-01  2.34470237e-02 -1.80434193e-02 -2.21294295e-02
  3.03767137e-02  2.46318150e-02 -1.05690965e-02  6.28622621e-02
 -6.88742623e-02 -8.48108158e-03  5.26291206e-02 -1.29192397e-01
 -1.06594585e-01  3.57386246e-02  4.25182469e-02 -2.68947762e-02
  2.71214899e-02 -2.16501150e-02  6.70454325e-03  4.31261547e-02
  1.58274751e-02 -6.97492361e-02 -6.20530695e-02 -6.04917429e-34
 -1.35768861e-01 -1.62026449e-03 -1.32782487e-02  2.29187664e-02
 -5.50317578e-02  5.06222099e-02  2.70110890e-02 -9.96779799e-02
 -3.01452782e-02  4.37859818e-03  4.07848358e-02 -2.83157509e-02
 -4.61195186e-02 -3.69480141e-02  3.07983682e-02  5.08463010e-02
  1.69418957e-02 -2.29560565e-02 -2.60318210e-03  2.63989232e-02
  3.38422805e-02 -1.29102659e-03  1.79835241e-02 -3.75802666e-02
 -8.92613363e-03  3.98655310e-02 -2.11990606e-02 -8.56915414e-02
 -1.71513837e-02 -6.09299354e-02  5.67863025e-02 -5.66504113e-02
  1.72985829e-02  1.83302388e-02 -8.22575912e-02 -1.04455121e-01
  7.49354959e-02 -2.64681671e-02 -6.34216098e-03 -1.86452344e-02
  1.32930244e-03  9.16132797e-03  6.67782575e-02  1.11518331e-01
  1.93177275e-02 -5.36234640e-02  6.15922101e-02 -3.03060673e-02
 -2.49893460e-02  1.57067541e-03 -8.21113959e-02  7.62765035e-02
 -3.73596177e-02 -5.76018617e-02  6.27023680e-03  9.23044793e-03
 -1.35100586e-02 -4.32195403e-02  3.88986319e-02  2.54261680e-02
  2.89930701e-02  3.16298902e-02 -2.04808246e-02  3.95257883e-02
  3.40332612e-02  2.16553714e-02  3.56278359e-03 -2.00795140e-02
  1.06121441e-02  4.65024561e-02  7.76988342e-02  2.87636667e-02
  5.66262659e-03 -1.25217155e-01 -6.84586540e-02 -5.26618809e-02
  2.71522962e-02 -7.39279836e-02 -1.02466755e-01 -3.04773394e-02
 -5.58784530e-02 -8.38030875e-03 -2.71549970e-02  3.55303288e-02
 -6.01197928e-02 -2.67960783e-02 -9.05498117e-03 -3.95962130e-03
 -3.64988483e-02  9.88874137e-02 -5.90142459e-02  5.93875386e-02
  5.03703393e-03 -7.94190019e-02 -1.18585583e-03 -1.80473929e-08
  2.66743414e-02  3.67057659e-02 -4.08355296e-02  3.94992940e-02
 -1.00818649e-01  3.49126160e-02 -7.13245273e-02 -4.10370603e-02
 -5.95962815e-02  1.86406728e-02 -2.16265488e-02  6.84957951e-02
  1.96176525e-02  8.35225731e-02 -1.03791151e-02 -3.29693407e-02
 -9.86678302e-02 -4.26072143e-02  5.18330000e-02  7.88751245e-02
  7.54562169e-02 -3.08673028e-02  4.36125472e-02  6.05337955e-02
 -5.76274320e-02  3.91449742e-02 -3.28854918e-02  6.52791113e-02
  3.38925533e-02  2.73654368e-02 -2.77248281e-03  3.39978822e-02
  8.65596458e-02  8.39001499e-03  5.06033413e-02 -1.08894929e-01
 -6.10699598e-03  1.08319826e-01 -7.57551193e-02  4.38009296e-03
  1.74921080e-02  5.71339168e-02 -1.08195385e-02  1.07787035e-01
  1.31230488e-01  5.24056777e-02  9.13848653e-02 -8.20688903e-02
  2.61290614e-02 -6.21423274e-02 -4.80054282e-02  5.73924221e-02
 -9.22207534e-03  6.38135197e-03 -6.03825375e-02 -2.52230410e-02
  1.15015768e-02 -3.22196819e-02 -3.15099508e-02  3.28510031e-02
 -7.64455367e-03 -2.20368039e-02  1.89717282e-02 -3.73960659e-02]"
6,"To reduce the size of a daily time series, it is often preferable to:",Aggregate the values over the course of the week.,easy,14,7.570000000000004,"['A. Sample a weekly value', 'B. Use binning to reduce the number of data points.', 'C. Aggregate the values over the course of the week.']",3,42.333333333333336,"[-1.06132552e-02  8.77711698e-02  4.77297604e-02  5.28560020e-02
  3.92470416e-03 -7.16018630e-03 -6.52838424e-02  9.86440200e-03
  5.15585728e-02  9.81516019e-03 -2.46570390e-02  8.31630453e-02
 -1.22571796e-01  3.33102942e-02 -3.33248377e-02 -5.43422177e-02
 -4.35635597e-02  2.18815394e-02  2.57299021e-02 -1.95889734e-02
 -1.13239978e-02 -4.28150780e-02 -3.54643241e-02  6.21486530e-02
  4.34505939e-02 -1.18178586e-02 -2.54746992e-03  4.80855722e-03
  2.18902193e-02 -4.45222817e-02 -3.78873646e-02  1.16603293e-01
  7.55897686e-02 -3.41175720e-02 -2.98844222e-02 -5.04528470e-02
  5.96421473e-02  4.37672175e-02  3.98651743e-03 -1.03197190e-05
  7.36996084e-02  4.14063781e-02  1.90868322e-02 -8.78837053e-03
 -8.68334398e-02  1.80096086e-02  2.38871314e-02 -6.18686490e-02
  5.22613106e-03  3.11636161e-02 -2.84762029e-02  1.10210389e-01
 -9.87451971e-02  7.13638067e-02  7.03440187e-03  3.42253270e-03
 -1.15030624e-01 -2.11041402e-02  3.02458778e-02  3.26495208e-02
 -4.80960421e-02  5.45047447e-02 -3.97753119e-02  3.16851512e-02
  7.61912465e-02 -1.08850072e-03  3.16656604e-02  6.94746664e-03
 -2.00163596e-03  6.73502386e-02 -6.61041141e-02  5.68976812e-02
 -4.78315540e-02  4.98339236e-02 -3.05502266e-02 -3.39893177e-02
 -1.96551494e-02 -7.46802688e-02 -2.60252729e-02  5.10150827e-02
 -2.91432291e-02  2.18261890e-02  1.25676831e-02 -3.59184742e-02
 -4.77721496e-03  1.93161778e-02  3.67792286e-02 -9.04863253e-02
 -1.10273799e-02 -5.61168492e-02  4.47556786e-02  7.12490976e-02
  1.08172677e-01  2.20164321e-02 -2.01788247e-02  1.76472822e-04
 -5.06348498e-02  1.52623858e-02  2.20527090e-02  5.14052100e-02
  9.00871381e-02  2.50512641e-02  4.38936986e-03  6.74595460e-02
 -2.10651755e-02 -5.64254299e-02 -1.58421416e-02  3.59291397e-02
 -2.69475486e-02 -1.58695746e-02 -1.88673828e-02  1.16255455e-01
 -2.62564160e-02 -5.03946170e-02  1.02838697e-02 -1.20249875e-02
 -2.00959146e-02  2.13195179e-02  2.71413308e-02  8.77593979e-02
  5.34184091e-02  1.91818085e-03 -3.39315124e-02 -2.01788768e-02
  8.37535113e-02  8.91304165e-02  2.90694311e-02 -3.73689434e-33
 -1.70628391e-02  4.35369536e-02  4.53289337e-02 -6.20800443e-02
 -1.38788731e-04  5.26018962e-02 -7.85046145e-02  1.30939658e-03
  5.48365079e-02 -1.12813804e-02  1.66027080e-02  5.65163903e-02
 -3.72277461e-02  7.14412704e-03  1.05863260e-02 -1.00286841e-01
  5.03334031e-02  1.32399663e-01 -1.64034944e-02 -9.43483859e-02
  2.40663649e-03 -7.33800605e-02  5.49848527e-02  5.76141328e-02
  9.56629124e-03 -9.08305049e-02  1.02857523e-01  1.29257012e-02
 -2.31414903e-02 -6.47022109e-03  5.64851239e-02 -2.10561231e-02
 -4.40089665e-02 -9.48322937e-03  8.62727910e-02  1.82176530e-02
 -1.28605624e-03  1.09824892e-02  3.94710042e-02 -5.82117029e-02
 -2.53115948e-02  2.14953236e-02 -3.24159265e-02 -3.74425650e-02
  2.78194509e-02  2.56329682e-02  1.08741969e-01 -4.04997692e-02
 -5.12631238e-02  8.11923016e-03  2.09343489e-02 -2.19603162e-02
  4.63804714e-02 -6.30247295e-02  7.73343593e-02 -7.19508296e-03
  8.85574818e-02 -9.54769626e-02  2.44978815e-02  4.61932346e-02
 -9.69207734e-02 -5.41833900e-02  3.97282047e-03 -1.87956530e-03
 -2.77593378e-02  3.48899662e-02  4.58116084e-02  3.61698158e-02
 -5.71201704e-02  3.06784511e-02  6.43609092e-02 -2.32432649e-05
  1.75583623e-02  1.15628038e-02  5.05267503e-03 -8.85965079e-02
  8.49384964e-02  2.14255303e-02 -8.46972764e-02  2.65157316e-03
 -2.20193435e-02 -1.99156068e-02  9.80878621e-02 -7.11464658e-02
  1.94004122e-02 -1.16970100e-01  8.88807327e-02  6.54471740e-02
  1.67803671e-02 -8.29177797e-02 -8.58453810e-02 -4.86960914e-03
  3.90424253e-03  3.21195349e-02 -8.46058652e-02  1.79366038e-33
 -8.72433186e-03 -7.05674887e-02 -2.72499248e-02  3.40621769e-02
 -3.25401351e-02 -4.93069994e-04 -6.72361860e-03  6.60463497e-02
  2.49026828e-02  2.99873296e-02  4.73453514e-02 -5.38023822e-02
 -4.00560256e-03 -1.00326143e-01 -1.87389962e-02 -1.56934038e-02
  4.87995893e-02 -1.14079006e-01 -5.68848364e-02 -1.54339867e-02
 -1.10233642e-01 -3.20519991e-02 -3.24518699e-03  7.96583889e-04
  6.64672703e-02 -3.66790928e-02 -4.05720621e-02  5.84484786e-02
 -5.64472564e-02  6.19256264e-03 -1.22180067e-01 -8.46879184e-02
 -1.92046463e-02 -3.97284366e-02 -2.06912123e-02  6.74374625e-02
  4.86101508e-02  4.37374376e-02  2.46282257e-02  1.00691922e-01
 -2.31900159e-02  2.76172403e-02  2.30286419e-02 -8.10077116e-02
 -2.48901900e-02  2.45079175e-02 -2.82758884e-02  2.50271838e-02
 -3.38991103e-03  2.39946339e-02  1.92498956e-02  5.98303303e-02
 -2.86412369e-02  9.26948152e-03  3.88818271e-02  5.87225184e-02
 -1.17249112e-03  1.31512536e-02 -7.45815635e-02 -6.18151156e-03
 -4.38146815e-02 -4.77403440e-02 -4.24405225e-02 -4.08715457e-02
 -1.61532741e-02 -2.67246980e-02  1.12944879e-02 -4.48150299e-02
  5.67849213e-03 -5.29448316e-03  2.27008201e-02  1.14522427e-02
  2.59924158e-02  2.05325168e-02 -1.31364509e-01 -5.45607656e-02
  4.31281552e-02  2.84826830e-02 -1.56444944e-02  5.48762269e-02
 -8.88257474e-02 -3.43595520e-02  4.68459651e-02 -4.51069959e-02
 -1.10027708e-01  3.36795561e-02  8.64297152e-03 -1.31155150e-02
 -4.88267913e-02  1.48252890e-01 -3.62580046e-02 -4.37311344e-02
  8.63616820e-03  7.54378811e-02  2.97645703e-02 -2.24798384e-08
 -1.31032597e-02 -3.89816836e-02  6.71629310e-02 -2.26852018e-02
  1.33355521e-02 -8.39164928e-02 -7.20516359e-03  7.71828294e-02
  1.30989961e-02  1.98276807e-02  1.30329534e-01 -3.93335931e-02
 -8.72104317e-02  6.03009388e-02  2.12606378e-02 -3.56588177e-02
 -5.20486459e-02 -5.64566292e-02 -5.07930629e-02 -2.79745404e-02
  3.69738415e-02  3.96651104e-02 -6.12140186e-02  2.90950611e-02
  1.01190791e-01  1.15346536e-02  1.33616738e-02  1.19005561e-01
 -3.99752446e-02 -4.75976020e-02  2.37447433e-02  3.60052139e-02
 -1.69733763e-02 -3.15647162e-02 -2.29841527e-02 -3.44250612e-02
 -2.09528152e-02  4.61621508e-02 -9.21648145e-02  2.26438120e-02
 -3.10843289e-02 -3.37224342e-02  7.25152995e-03  2.36572735e-02
  8.15640483e-03 -2.29376759e-02  6.20538648e-03  2.01080134e-03
  1.93842612e-02 -4.40325700e-02  8.18162858e-02 -5.33017553e-02
  5.48381321e-02 -4.73456038e-03  5.06773107e-02  8.33346844e-02
  1.24076717e-02 -1.34186326e-02 -9.17265266e-02 -5.43296933e-02
 -1.97979007e-02 -1.78151727e-02 -8.92831385e-02  1.19576808e-02]"
7,Discrete variables cannot be ratio,False,easy,5,14.68,"['A. True', 'B. False']",2,7.5,"[ 3.62212621e-02  1.88588686e-02 -6.97549954e-02  7.05840066e-03
 -1.51803000e-02  3.51573266e-02  7.37329759e-03 -8.93800631e-02
  5.74829169e-02  2.84873042e-02  6.21385910e-02 -4.92788181e-02
  1.51742790e-02  8.59183520e-02  1.15915695e-02 -2.65855975e-02
 -1.44456802e-02  6.61604032e-02 -9.43182632e-02  3.93881314e-02
 -3.48202363e-02  1.47425877e-02  1.08315970e-03  3.85557078e-02
  1.08577609e-02  3.36725898e-02 -1.16515551e-02  1.36919804e-02
  4.61328663e-02 -9.41213313e-03 -2.52042301e-02  5.43604307e-02
  2.01742332e-02 -3.10859047e-02  2.44805478e-02 -1.66279648e-03
 -2.78109219e-02  9.72366799e-03  3.21623450e-03  1.55183375e-02
 -2.29643863e-02  9.22335032e-03 -6.45857975e-02  2.10947972e-02
 -3.09725218e-02  5.69982175e-03 -6.49409890e-02  4.17972989e-02
 -3.51339986e-04 -3.37159261e-02  1.52105913e-02  6.08678050e-02
 -3.99299972e-02 -1.30319437e-02  2.48064566e-02 -2.50919797e-02
 -9.31955501e-02 -1.49850538e-02 -1.00732585e-02 -1.35610506e-01
 -6.08432256e-02  6.64748698e-02 -9.26772598e-03 -5.53249270e-02
  1.14755057e-01 -3.49431150e-02 -5.76138720e-02  4.36396487e-02
 -6.81945756e-02  4.43992987e-02 -9.97543568e-04 -3.82515066e-03
 -5.86371729e-03 -1.04136532e-02  1.90505162e-02  3.62317706e-03
  5.32960854e-02 -8.17215741e-02  5.65614626e-02  5.17604761e-02
 -4.36946899e-02  7.65285641e-03  1.76263619e-02 -2.20694370e-03
  6.83731539e-03 -6.02775812e-02 -1.82515513e-02 -4.76697683e-02
 -1.74619891e-02 -5.10863401e-02  8.65569990e-03  3.04528121e-02
  3.91441025e-02  8.78184568e-03  3.89870517e-02 -3.06934044e-02
 -4.27559279e-02 -6.46431223e-02  2.57908497e-02  3.70981619e-02
  3.65503654e-02  2.73039471e-02  3.29209007e-02 -3.99435684e-02
 -1.25614271e-01 -4.01904136e-02  9.04589966e-02  2.93741678e-03
  3.52954045e-02  1.46985669e-02 -5.81232458e-02 -7.17270002e-02
 -1.83098149e-02 -1.08680408e-03  1.20967021e-03 -1.57562792e-01
 -1.09084360e-02  1.62891429e-02 -3.55998687e-02 -6.12881072e-02
  4.72330004e-02  2.26499848e-02 -7.60528296e-02  5.86366840e-02
 -5.97087527e-03  1.42526382e-03  8.79242122e-02 -1.15783879e-33
 -5.88366836e-02 -6.23473488e-02  6.34581745e-02  2.69918162e-02
  3.66606005e-02  6.47858083e-02 -2.45719664e-02  5.17624356e-02
  1.08562652e-02  2.08461862e-02 -5.91726117e-02  7.46925473e-02
  2.60419808e-02 -2.55155619e-02  6.26746416e-02 -7.99201615e-03
 -3.82583821e-03  6.82346821e-02  1.01679519e-01 -1.01169579e-01
 -1.08258501e-02 -3.22477371e-02 -2.68969256e-02  1.66493151e-02
 -9.35179088e-03 -5.35255969e-02 -8.22206587e-02  5.19148111e-02
  2.10265685e-02 -1.69735942e-02  5.48208319e-03  5.22154495e-02
  4.60293218e-02 -6.91976994e-02 -2.88529061e-02  1.51771521e-02
  1.05218478e-02  6.65685609e-02  8.29116348e-03 -3.46105695e-02
 -6.15006089e-02 -5.80856800e-02  3.47084366e-02 -1.83274578e-02
  5.66611579e-03  1.04149006e-01  1.19447187e-01  1.12499706e-02
 -1.69144407e-01  3.64217209e-03 -2.45473254e-02  4.26019393e-02
 -1.94053091e-02 -1.77268125e-03  5.42034954e-02 -1.91359408e-02
 -3.17045376e-02  1.16340429e-01 -8.79648849e-02  5.84203303e-02
 -5.43673746e-02  8.33742321e-02  1.98319741e-02 -6.84510767e-02
 -1.60460509e-02 -3.02024595e-02 -1.67248938e-02  3.79356965e-02
  4.04626393e-04  6.60736710e-02 -5.69404066e-02  4.90864962e-02
 -1.19138248e-02  4.17842306e-02  2.09567416e-02 -6.87577650e-02
  5.97959980e-02  3.36051523e-03 -1.98988467e-02 -9.44695994e-03
 -1.51984349e-01  4.43457887e-02  5.46088852e-02 -4.81042312e-03
 -3.22767384e-02 -6.11482076e-02  2.49862876e-02  8.80302787e-02
 -2.97824834e-02  5.57916537e-02  3.77767812e-03 -5.54433912e-02
  8.53310600e-02  2.53262129e-02  3.97479348e-02 -2.01365837e-33
 -1.04080796e-01  8.07833225e-02 -2.94634160e-02 -2.32525114e-02
  1.29541114e-03 -2.05377676e-03  8.14047307e-02 -2.39089746e-02
  4.67678010e-02 -2.63192356e-02 -1.95336994e-02  1.97498631e-02
  3.28427600e-03  2.73555107e-02 -2.40547881e-02  6.53779581e-02
 -1.11136079e-01  1.18066393e-01 -7.60977482e-03  4.76767048e-02
  2.96100713e-02  2.43729725e-02  2.15377361e-02 -3.87435779e-02
 -6.24677390e-02  4.92215231e-02 -1.78129654e-02 -2.30691731e-02
  3.96023318e-02  8.76361132e-02 -4.21416201e-02 -3.51603180e-02
 -9.10522491e-02 -3.33728269e-02 -2.30194088e-02 -1.33916989e-01
 -6.48401976e-02 -1.61667746e-02 -4.91388328e-02  9.43678990e-03
  7.23449290e-02 -3.01807877e-02  2.91309245e-02  3.48194758e-03
  1.22914948e-01 -5.25922999e-02  1.73391402e-01 -5.33625372e-02
  3.13897990e-02  1.21208541e-02 -1.02902884e-02 -1.71733070e-02
  3.01105641e-02  5.42279594e-02  2.83637885e-02  6.18488714e-02
  5.71915647e-03 -3.59027684e-02  3.68803255e-02  1.65945701e-02
 -1.29827240e-03  1.54862795e-02 -1.06099946e-02  2.99462024e-02
  6.13276148e-03 -5.01250587e-02  2.66205892e-02  1.14446476e-01
  3.48440036e-02 -2.32129209e-02  2.65099220e-02  4.19010408e-02
  6.67902380e-02  1.80227682e-02 -1.09427996e-01 -8.10662284e-02
 -3.18825208e-02  9.26609710e-02  2.27752887e-02  4.96760942e-02
  1.96445044e-02  8.41025561e-02  4.08332888e-03 -3.65589447e-02
 -5.32172062e-02 -5.65165207e-02  1.41140461e-01  1.14173796e-02
  2.64388882e-02  3.75932851e-03 -4.45086882e-03 -2.49581188e-02
  6.57005459e-02  3.93338390e-02  3.11568765e-05 -1.44578669e-08
 -6.88869506e-02 -5.58972843e-02 -3.13863158e-02 -8.05092528e-02
  5.66742430e-03  6.55669197e-02  5.12942253e-03 -6.94454238e-02
  3.30333821e-02  1.36291146e-01  3.13649587e-02  2.25426853e-02
 -3.31810452e-02  6.15101717e-02 -4.16636690e-02 -6.70425817e-02
 -9.59999487e-03 -8.01099464e-02  7.51249318e-04 -4.59531173e-02
 -9.04799346e-03 -3.34021286e-03 -2.76189614e-02 -6.64872443e-03
  5.10580167e-02 -1.83938947e-02 -6.97240382e-02 -1.91028118e-02
 -2.05268320e-02 -3.12346988e-03  2.10415255e-02  1.64853111e-02
  1.24231502e-02  1.04615763e-02  3.04090511e-02 -5.86671308e-02
  3.43292281e-02  5.59215695e-02 -6.84462115e-03 -4.94733900e-02
 -7.29910061e-02 -6.49848655e-02  4.56859171e-03 -1.56281386e-02
  1.37663493e-02  7.20565720e-03 -4.83244807e-02  4.76375073e-02
 -1.86014194e-02 -4.48330007e-02 -3.17061543e-02  2.35699583e-02
  3.23469043e-02 -4.59046885e-02  7.76061118e-02 -7.00573772e-02
 -5.94623499e-02  3.93297821e-02 -1.17233746e-01 -2.53205970e-02
  8.83370638e-03 -9.93947592e-03 -5.24391644e-02 -4.24771644e-02]"
8,What is the maximum value of Jaccard coefficient between two strings of 10 binary attributes?,1,easy,15,11.500000000000004,"['A. 1', 'B. 0', 'C. 0.5', 'D. 2']",4,4.5,"[ 6.68454319e-02 -8.67819786e-03 -8.12421739e-02 -8.09354037e-02
 -4.47208472e-02  6.04419671e-02  8.35134648e-03  7.98104480e-02
 -8.93145278e-02 -6.25591055e-02 -1.88075285e-02 -3.02838068e-02
  1.09857306e-01  3.77281420e-02  1.16162999e-02  1.02177329e-01
  1.73431486e-02 -1.91735905e-02 -9.97051746e-02 -4.33727875e-02
  1.45598296e-02 -2.17766520e-02  1.40171973e-02 -5.04416339e-02
  1.35650933e-01 -5.32137528e-02 -3.27602285e-03  9.39660589e-04
 -2.62010004e-02 -3.05148028e-02 -3.16598415e-02 -2.32336819e-02
  6.50133044e-02 -8.71044956e-03  1.75126344e-02 -6.05066158e-02
 -4.33759987e-02  4.21824455e-02 -6.22897362e-03  3.40399779e-02
 -5.91509826e-02  1.05531877e-02  2.55755708e-02 -1.52423652e-02
  2.74019763e-02  8.50385875e-02  1.31400432e-02  4.64163013e-02
  5.46667054e-02  1.81141086e-02 -2.97991224e-02  5.66314757e-02
  1.46601684e-02  4.23007123e-02  5.41178510e-03 -1.23702899e-01
 -1.12835623e-01 -5.49864136e-02 -1.88275948e-02  3.71980504e-03
 -6.83930889e-03  5.71791157e-02  1.52030389e-03  1.53599139e-02
  4.27235961e-02 -6.60215504e-03 -2.11707056e-02 -4.51224968e-02
 -8.59415010e-02  5.46112731e-02  5.15288264e-02 -6.06998801e-02
 -9.12766010e-02 -2.36305948e-02  4.26451713e-02  3.74052003e-02
 -1.43569345e-02 -4.44950499e-02  1.65305510e-02 -6.05852762e-03
 -8.68154988e-02 -3.98945250e-02  7.65218884e-02 -2.65554758e-03
  6.50720717e-03 -1.15516328e-03 -4.87878583e-02  8.73068571e-02
 -3.32080312e-02  1.55104607e-01 -2.63451003e-02  6.01775362e-04
  1.02727719e-01 -2.24207677e-02 -6.46307543e-02 -1.66397784e-02
 -7.17656240e-02  5.73987365e-02  1.46444747e-02  5.53776249e-02
 -1.94169972e-02 -1.69259105e-02  4.09998596e-02  1.20351966e-02
 -3.04378886e-02  4.62043798e-04  6.25419319e-02 -2.06453213e-03
  3.50358747e-02 -7.77301416e-02  5.67221045e-02 -3.00189927e-02
 -2.61881109e-02 -5.42142279e-02  2.43421160e-02  4.97737974e-02
  1.42810587e-02  1.19884476e-01  4.53151483e-03 -4.16903757e-02
  1.04356267e-01 -4.74734083e-02  2.40903962e-02  5.93592087e-03
 -5.52861057e-02  2.94331536e-02 -3.58528085e-02  9.84097330e-34
  3.17745507e-02 -3.02594863e-02  5.86650781e-02 -1.33064883e-02
 -7.37414807e-02 -3.87383327e-02 -9.74089503e-02  3.45316865e-02
 -3.79339159e-02 -7.39457877e-03 -5.36280535e-02  5.63744493e-02
  3.76399867e-02 -4.54133600e-02  5.05050644e-02 -2.24448889e-02
  1.52197750e-02 -1.05382297e-02 -1.75185520e-02 -2.50487756e-02
  2.19077012e-03  9.46085958e-04  3.78071852e-02  2.84085274e-02
  3.77065167e-02 -6.26118854e-02 -8.97485670e-03  5.76591678e-03
 -4.92209978e-02  3.45325880e-02 -9.20276903e-03 -1.57351587e-02
  1.68835241e-02  7.59264678e-02 -7.15279626e-03 -1.47466268e-02
  3.66272628e-02  4.10746969e-03  4.15114015e-02 -4.63506766e-02
 -1.06223803e-02  3.17392242e-03  6.59642816e-02  4.70317435e-03
  3.65585946e-02  2.91629089e-03  9.89814177e-02 -4.10468876e-02
 -4.67542112e-02  8.97315443e-02 -5.12798019e-02  5.77266477e-02
  1.11816649e-03  9.84646976e-02  4.75499481e-02  2.67035663e-02
  9.29663032e-02  1.71419065e-02 -3.45911644e-02  1.36662781e-01
 -4.23972346e-02  2.17044428e-02  7.19616190e-02 -3.29652503e-02
  2.66672373e-02  7.85191357e-02  2.10133679e-02 -8.58736858e-02
  7.23052397e-02  2.22798120e-02  2.03675940e-03  2.43304633e-02
  4.46978323e-02 -5.90215623e-02 -7.83756003e-03 -5.02493307e-02
  8.79463032e-02 -6.97267279e-02  7.47814542e-03 -5.72103709e-02
 -5.98385185e-02  2.71619903e-03  3.49573456e-02 -2.33176704e-02
 -3.50483134e-02  5.21428734e-02 -2.55617034e-02 -3.90515178e-02
 -8.45086351e-02 -7.76175829e-03  2.85425745e-02 -6.72548544e-04
 -1.68480109e-02 -6.77989274e-02  3.97940911e-02 -2.11952261e-34
  2.04792083e-03 -5.41339479e-02  1.43589266e-02 -1.59677491e-03
 -1.83105059e-02 -2.49338485e-02  8.92873183e-02  2.24311873e-02
  8.32517818e-03 -6.91645313e-03  1.50315948e-02 -3.89748416e-03
  3.92646343e-02 -3.15231569e-02  1.09609300e-02  4.54261957e-04
 -2.63216702e-04  7.88809359e-02  7.25858286e-02 -4.98361513e-02
  5.37850969e-02  1.35530055e-01  2.56260727e-02  2.36313082e-02
 -2.81278184e-03  3.48116383e-02  3.78198437e-02 -7.97416493e-02
  6.15760870e-02  3.40249226e-03 -3.91693786e-02 -4.60493714e-02
 -7.94829726e-02 -2.30922550e-02 -4.82458919e-02 -1.07212886e-01
  3.57285663e-02 -4.31696102e-02  9.95686091e-03  3.63806598e-02
  2.56272126e-02 -6.60979515e-03 -6.64783791e-02 -1.05752284e-03
  6.51322603e-02  2.21092384e-02 -4.61551957e-02  2.31382996e-02
  9.93852019e-02 -5.83130196e-02  3.49695273e-02  1.18488669e-02
 -4.97766025e-03  7.66558424e-02 -7.59231746e-02 -7.92235881e-02
 -5.17278500e-02  9.30569991e-02  4.10689339e-02 -3.40928063e-02
 -6.28632456e-02  5.29544204e-02  3.43044996e-02  3.27615179e-02
  5.04045673e-02  1.07224574e-02 -3.10072415e-02  2.44408604e-02
 -4.35207225e-02 -1.84173975e-02  4.14208230e-03 -9.61336121e-03
  6.09927624e-02  2.09879633e-02 -9.61727202e-02 -5.82028329e-02
  2.11384171e-03 -2.80339569e-02  2.56934855e-02  8.25971290e-02
 -1.03869595e-01  7.79509693e-02  7.39556085e-03  7.19466731e-02
  3.65906879e-02 -8.67282972e-02  1.56607237e-02  4.85168584e-02
  1.14241824e-01  1.75316818e-02 -9.63502936e-03  7.55009130e-02
  8.72476473e-02 -8.63388553e-02 -5.77313602e-02 -1.78377242e-08
 -3.58594256e-03 -8.00306126e-02 -1.04312442e-01 -3.74055393e-02
  1.11363798e-01  4.35338914e-02 -4.59959693e-02  4.58904076e-03
 -7.18096131e-03  3.33946347e-02  1.02236107e-01  1.17620558e-01
 -9.10052732e-02  7.09686102e-03 -8.09356868e-02 -6.62736520e-02
  1.83606651e-02 -3.55851240e-02  1.21929944e-02 -1.52197778e-02
  3.63689139e-02  4.65605631e-02 -8.44576880e-02 -1.40156392e-02
 -3.81385833e-02 -3.63417119e-02 -4.49306108e-02 -1.71966143e-02
  5.64545393e-02  3.94979455e-02 -4.93778323e-04 -3.81285627e-03
 -5.75416051e-02 -8.35847780e-02 -5.78498617e-02 -2.56266631e-03
 -1.27138078e-01  2.71051936e-02 -2.88981255e-02  2.06350107e-02
 -2.31718570e-02 -4.77942787e-02 -4.54697795e-02  1.88415386e-02
  3.17439018e-03 -2.45208107e-02 -2.92479042e-02  3.22601870e-02
 -2.06671096e-02 -5.03505319e-02  6.10713474e-03 -3.45718372e-03
  1.08976690e-02 -2.59321108e-02 -3.68947983e-02 -7.89026022e-02
  7.15698069e-03 -3.48061472e-02  2.30785310e-02  2.47653499e-02
  1.67513061e-02 -3.73626165e-02  7.42605403e-02 -4.16575633e-02]"
9,What does it mean when two variables have a linear correlation coefficient equal to 0?,There is no linear correlation between the two variables.,easy,15,11.500000000000004,"['A. There is no linear correlation between the two variables.', 'B. There is no correlation between the two variables.', 'C. The two variables are nonlinearly correlated.', 'D. The two variables are linearly correlated.']",4,51.5,"[ 1.61025196e-03 -1.22055579e-02 -3.71322855e-02  1.15903303e-01
 -1.33138513e-02  5.89784048e-02 -4.44325767e-02 -8.83815810e-02
  5.95817231e-02 -5.96594065e-04  1.03792928e-01 -1.33921839e-02
 -1.44326908e-03  7.96885863e-02 -6.33686110e-02  3.58770378e-02
 -6.17914721e-02 -7.51019716e-02 -6.28870912e-03  4.95887287e-02
  7.17057958e-02 -2.27539334e-02 -6.04585074e-02  2.01127194e-02
  4.62175049e-02  2.45493231e-03 -1.62251368e-02 -3.16721201e-02
 -1.57612916e-02  8.68657082e-02  3.87847163e-02  7.37379631e-03
 -6.82400353e-03  2.65339622e-04 -3.60256247e-02 -6.01430461e-02
  1.18244499e-01 -1.50526688e-02 -6.62887935e-03  2.38458402e-02
 -3.58206704e-02  5.18177785e-02 -2.16492452e-02  2.36798301e-02
  1.74729414e-02  3.71906683e-02  4.58376929e-02 -6.57048374e-02
 -1.39455991e-02 -4.36870605e-02 -4.16793348e-03 -1.61334816e-02
 -8.68764296e-02 -6.54979572e-02  5.76373003e-02  6.29003718e-02
 -6.61688074e-02  9.00767744e-02 -1.63079202e-02  7.37120584e-02
  2.46355478e-02  3.30625325e-02 -2.80148461e-02  7.66325071e-02
  9.18285027e-02 -6.35367632e-02 -6.92263991e-02  2.66188923e-02
 -1.06538057e-01  2.59305742e-02 -7.64802173e-02 -5.34636565e-02
  6.58161531e-04  1.14963520e-02 -8.83537438e-03  1.95289068e-02
 -6.54730201e-02 -5.38732298e-02  8.45805109e-02  5.61117493e-02
 -3.81591432e-02  2.78424211e-02 -1.50314057e-02 -2.63856538e-02
 -2.90275831e-02  1.42814610e-02 -6.00749254e-03 -5.61530814e-02
  4.45654877e-02  1.04009379e-02 -2.62244362e-02  1.24918260e-02
 -2.77730487e-02  4.69832718e-02 -6.81538880e-02  1.22826314e-02
  9.66516603e-03  6.43749237e-02  1.13785584e-02 -2.33982392e-02
  4.39020246e-02 -5.83842583e-02  2.03535873e-02  1.01642698e-01
 -1.83300730e-02  3.39612253e-02  4.84045930e-02 -3.92810106e-02
 -3.82307395e-02  1.91134457e-02 -3.20199206e-02 -7.69794509e-02
 -2.88089104e-02  2.91511286e-02 -6.99373633e-02  1.89889986e-02
  3.84920440e-03  3.56267206e-02 -8.39553773e-03 -3.04104742e-02
  2.03442592e-02 -1.07332375e-02 -4.60299812e-02  1.71983393e-03
 -7.05505013e-02  4.74422388e-02 -7.50519754e-03 -2.39982223e-33
  5.23909107e-02 -1.67704634e-02  1.98560418e-03  6.34910464e-02
 -9.22650192e-03 -7.23650530e-02  4.59524483e-04 -1.22571532e-02
 -3.17793130e-03  8.70584026e-02 -3.98211181e-03  4.95429412e-02
 -1.77157111e-02  3.55518870e-02  1.31499050e-02  9.12233070e-02
 -5.89973852e-03  1.46730654e-02  8.92971456e-02 -2.52966583e-02
 -3.45554389e-02 -1.67114064e-02 -1.00027665e-03  1.95918009e-02
  5.65616488e-02 -1.18569985e-01 -6.00006431e-02 -4.67873700e-02
 -1.14657097e-01 -2.50018444e-02  1.87492389e-02  9.96097475e-02
  4.49297391e-02 -1.14535019e-01 -2.02561580e-02 -4.81798388e-02
 -1.00543546e-02  2.02018693e-02 -9.22297966e-03  7.32520074e-02
 -1.97758749e-02 -1.52207585e-02  5.35811181e-04 -1.14403524e-01
 -9.85345989e-03  4.74806204e-02  7.76017681e-02  4.14940566e-02
 -6.26742281e-03  6.82184249e-02 -2.53545158e-02  7.37074241e-02
 -2.44366564e-02  9.51236933e-02 -5.05858622e-02  4.24719006e-02
 -1.04954196e-02 -2.93283798e-02 -1.12469949e-01 -9.29627493e-02
 -6.98434785e-02  2.56704930e-02  1.75608527e-02 -1.07560530e-01
  5.59424348e-02  4.50003706e-02  6.75189644e-02 -3.86803634e-02
  4.30428162e-02 -3.92524078e-02  4.45246808e-02  2.01350916e-02
 -1.13936502e-03 -1.09579310e-01  7.03352094e-02 -1.85050592e-02
 -6.27291352e-02 -4.32208218e-02  1.50731476e-02 -1.98051073e-02
 -9.44941863e-02  1.93294473e-02  7.81453960e-03 -3.15704867e-02
 -8.54085386e-02  1.78849678e-02 -1.37676010e-02 -2.07459982e-02
 -2.57330704e-02 -2.78252047e-02  1.05556369e-01 -9.51463357e-04
 -6.28004298e-02 -8.72135349e-03  2.25573201e-02 -1.18353923e-33
 -1.50291454e-02 -2.73763388e-02 -7.40265101e-02 -3.74909267e-02
 -2.03196593e-02  4.78471518e-02  9.01622176e-02 -4.03088666e-02
  9.81597900e-02  4.75333491e-03  5.32255210e-02 -6.05144277e-02
 -5.74365519e-02  1.35171205e-01  1.08196542e-01 -1.69069681e-03
 -2.68478803e-02  5.16844280e-02 -4.49822955e-02  4.52378131e-02
  5.95555268e-02  6.85638785e-02  7.01503456e-03 -2.94161420e-02
  4.68583480e-02 -3.60135175e-02 -7.38090184e-03 -5.72814681e-02
 -1.06037757e-03 -1.38336243e-02  7.56312683e-02  3.11318301e-02
 -5.80758639e-02  1.39619634e-02 -6.38759928e-03 -1.73133705e-02
 -4.67750654e-02 -4.33694385e-02  2.18443256e-02 -7.55169168e-02
  4.52320799e-02 -1.21502383e-02  2.33460367e-02  8.84302193e-04
  4.59412523e-02 -8.35038200e-02  8.20840374e-02  1.72187276e-02
  6.81600571e-02 -4.58804406e-02 -4.10941504e-02  5.52622452e-02
  3.95694338e-02  3.65133993e-02 -3.28954384e-02 -2.54528504e-02
 -2.80877370e-02 -1.16665009e-02  5.79300970e-02  2.47487426e-03
 -1.85970229e-03  1.09046930e-02 -5.19917682e-02  8.05310756e-02
 -1.71276014e-02  5.20228595e-02 -1.31562101e-02 -2.36497098e-03
  5.86202256e-02 -4.64160405e-02  1.18547179e-01 -6.54740399e-03
  4.54681925e-03 -4.48153690e-02 -1.16855703e-01  2.02590097e-02
 -4.87307236e-02 -7.94959590e-02 -7.27816448e-02  6.50577322e-02
 -4.90387157e-02  6.12069517e-02  3.80657725e-02 -4.76900721e-03
 -1.36434110e-02 -6.09776080e-02 -5.13391523e-03 -1.70364592e-03
  2.67822463e-02  1.34089531e-03  2.34983489e-02  1.37510877e-02
 -2.91108508e-02 -1.37895672e-02  1.66977998e-02 -2.15208775e-08
 -2.22187210e-02 -7.12687299e-02 -1.19605489e-01  2.44709570e-02
 -8.97786207e-03  3.06912307e-02  1.02724545e-01 -4.96627167e-02
  2.11582519e-02  1.03695393e-01  5.38887605e-02 -1.77826900e-02
 -4.15992923e-02  3.02706938e-02 -4.08046022e-02  2.16343836e-03
 -6.84147477e-02 -5.90107813e-02  3.30378897e-02  1.72171369e-02
 -1.37389759e-02 -8.78012925e-02 -1.02815673e-01  2.83006597e-02
  5.20542525e-02 -3.13767865e-02  2.72419844e-02  4.99399379e-02
  3.37091200e-02  1.84032880e-02 -4.49209753e-03 -2.10287445e-03
  4.95476574e-02 -1.91188380e-02  5.46452999e-02  1.24761835e-02
  5.94072081e-02  5.64451180e-02 -2.81593278e-02 -3.51510979e-02
 -1.25933215e-01  1.61247849e-02  6.43246397e-02  2.56254897e-02
  2.68310662e-02  1.31074954e-02  3.03438064e-02 -3.69718857e-02
  2.93155387e-02 -1.06606454e-01  2.32278183e-02  3.25830765e-02
 -5.49863018e-02 -2.24945974e-03 -6.65395707e-02 -3.01804096e-02
  1.00746835e-02  9.79357138e-02 -9.04234126e-02  6.07959442e-02
  9.52406134e-03  2.14381535e-02  2.56805923e-02 -1.15295246e-01]"
10,What method is used to fill missing values in a DataFrame with a specific value in Pandas?,df.fillna(value),easy,17,7.698823529411765,"['A. df.impute(value)', 'B. df.nullify(value)', 'C. df.replace_nulls(value)', 'D. df.fillna(value)']",4,21.0,"[-1.35712922e-02  3.47026549e-02 -3.69203836e-02 -3.51763405e-02
  3.58673707e-02 -3.10450550e-02  2.48735063e-02 -3.00019141e-02
  2.03793123e-03 -2.05517933e-03  7.99644366e-02 -3.24651524e-02
 -8.26797560e-02 -8.37015882e-02  8.22098330e-02 -3.61600891e-02
 -6.64258003e-02 -2.19590124e-02  2.05127336e-02 -1.63683847e-01
 -5.03563881e-02  1.03607781e-01 -8.08031112e-02  2.75553502e-02
  3.50738168e-02 -1.10823440e-03 -5.34563139e-03 -5.83893061e-02
  1.23594515e-02  6.27709776e-02 -5.53166680e-02  4.68725003e-02
  1.18963942e-02  1.59931164e-02 -2.34350692e-02 -1.32535887e-03
 -3.78526151e-02  6.50879517e-02 -6.86585009e-02  6.89765885e-02
 -5.25283217e-02 -4.83904406e-03  6.49921075e-02  7.04767480e-02
 -7.99840540e-02  5.02016172e-02 -2.99812686e-02  2.86408551e-02
  1.00702874e-01 -6.58328384e-02  9.98011082e-02  4.38231789e-02
 -4.64110933e-02  7.15781227e-02 -2.56543756e-02 -9.93188396e-02
  2.19220258e-02 -3.53244245e-02  2.35391054e-02  1.57462060e-02
 -3.36818323e-02  2.90606413e-02  6.72741234e-02  1.77994510e-03
  1.29372710e-02 -1.65709958e-03 -5.07298745e-02 -1.41632902e-02
 -4.93137771e-03  8.34933892e-02  1.74321663e-02 -1.63286682e-02
 -8.62105638e-02  6.11470453e-03 -4.75021154e-02 -1.15810214e-02
  9.02487710e-02 -1.00371137e-01 -1.21788336e-02  6.74697608e-02
 -7.14784414e-02 -2.33740434e-02 -1.46421150e-03  8.07334706e-02
  2.60425024e-02 -6.09810352e-02 -1.97701082e-02  1.72533188e-02
  1.08519262e-02  1.15279965e-02 -9.85253416e-03  9.15110018e-03
 -6.40653074e-03 -5.24620619e-03 -3.58834341e-02  7.88728818e-02
  9.93572772e-02 -1.54820411e-02 -6.64964737e-03  2.65076719e-02
 -2.84834602e-03 -3.14614996e-02 -4.16417532e-02 -1.57683566e-02
 -1.34006515e-02  1.91828553e-02  1.43301934e-02  4.24143896e-02
 -3.95550728e-02  8.68872255e-02 -4.91050445e-03 -6.44034967e-02
  4.54419814e-02 -1.33061046e-02  7.60646686e-02 -7.73549750e-02
  6.35850504e-02 -3.14240903e-02 -5.27156517e-02  2.22899206e-02
 -6.68263063e-02  3.76612097e-02  4.86382842e-02 -3.56843211e-02
 -5.91742359e-02  5.94616355e-03 -4.79093790e-02 -3.54537802e-33
 -6.73373640e-02 -4.34521511e-02  3.19903381e-02  2.91749239e-02
 -5.06216325e-02  2.56397038e-06  1.98039785e-02 -3.10424007e-02
  1.18044905e-01  2.69357357e-02 -7.23085776e-02 -2.73285434e-02
 -2.66864225e-02 -2.48337872e-02 -8.76536220e-02 -6.40255958e-02
  4.17232327e-02  1.72997508e-02  2.62358896e-02  3.85981090e-02
  5.68622276e-02  2.71719005e-02  5.86846806e-02 -3.41044813e-02
  8.11072141e-02 -5.90021461e-02 -6.33582175e-02 -1.77479945e-02
  2.75522307e-03  6.91652810e-03 -6.04947768e-02  9.32340790e-03
  3.78467441e-02 -3.83503959e-02 -6.59348816e-03 -2.53202859e-02
  1.29514560e-01 -1.63350422e-02  1.48172379e-02 -3.01128644e-02
  1.49325503e-03  3.12636606e-02  5.45817800e-03  2.55574915e-03
 -2.52194703e-02 -6.98718289e-03  1.18612044e-01  3.35855000e-02
 -1.30261509e-02  1.24283761e-01 -1.37284761e-02  3.70322657e-03
  2.20410395e-02  2.92323753e-02 -1.31755218e-01 -3.02244052e-02
 -1.26204556e-02 -1.63982376e-01 -2.35659792e-03 -6.03813007e-02
  3.93131152e-02  4.87531871e-02 -1.94359850e-02  4.26795408e-02
  5.83922304e-03  7.84827024e-03  1.04837231e-01 -4.31084819e-02
 -2.06531715e-02 -8.42553452e-02 -1.61525160e-02 -9.04322118e-02
 -2.31024586e-02 -2.68725716e-02 -4.69493829e-02 -4.22640182e-02
  1.29682599e-02  3.27230692e-02 -2.88023124e-03 -4.56772111e-02
  2.96500567e-02 -4.86480072e-02 -1.06730880e-02  1.13856536e-03
  3.36013250e-02 -1.27054099e-02  5.51151752e-04  3.84135032e-03
 -4.20827903e-02 -1.38995275e-01 -5.26299365e-02 -3.12892944e-02
 -5.74895926e-02 -4.49894294e-02  1.88638829e-02  8.56591733e-34
 -1.16707385e-03 -6.92235231e-02  4.48317155e-02  4.32906672e-02
  6.65066838e-02  3.95759866e-02  9.62402076e-02 -4.87809218e-02
  1.38503805e-01 -3.98576222e-02 -4.74587083e-02  1.38976448e-03
  5.82842007e-02 -2.81490777e-02 -1.04061589e-01  6.84745461e-02
 -5.90918660e-02  3.10698524e-02 -4.12986279e-02  2.55690888e-04
  5.86241251e-03  1.26219811e-02 -3.26159522e-02  2.19060965e-02
 -9.46498103e-03  4.29665484e-03 -7.83566479e-03 -1.01117343e-01
 -9.32606235e-02 -9.11901444e-02  2.11747792e-02 -5.24936318e-02
 -2.93063410e-02  2.28171502e-05 -1.38330115e-02  3.14750858e-02
  9.14474502e-02  6.36651665e-02 -1.80496499e-01  7.75552541e-03
  7.30463937e-02  8.39045569e-02 -3.15348059e-02  1.46795884e-01
 -3.12286355e-02  7.06538036e-02 -1.40263513e-02  3.13968882e-02
  3.37157995e-02  6.12855982e-03 -3.77743877e-02 -7.77384080e-03
  9.96592082e-03  1.13554403e-01  3.79879586e-02  7.52803385e-02
 -1.02173528e-02  2.27304045e-02 -1.03778332e-01  4.30073738e-02
 -3.09174694e-03 -6.32697195e-02 -1.07437642e-02  4.74676257e-03
  8.93242005e-03  1.97702944e-02 -3.02531030e-02  2.36365553e-02
  1.19783133e-02 -6.52900860e-02  4.74572815e-02  3.01498882e-02
  8.28829482e-02 -9.12431851e-02 -1.76567268e-02  4.38926183e-02
  5.77495955e-02 -5.27612790e-02  6.44216593e-03  5.13985939e-02
  2.95021627e-02 -5.42392135e-02  1.91509724e-02  5.48033416e-02
 -8.71420354e-02  2.19884887e-02  5.32122329e-02 -2.18415242e-02
 -4.18570219e-03 -5.74628124e-03 -5.16160876e-02  2.80550383e-02
  6.47249026e-03  1.89348066e-03 -5.89179900e-03 -1.85109510e-08
 -9.54140327e-04  5.25694527e-02  1.27882119e-02 -7.02411011e-02
 -2.06881221e-02 -8.79048184e-03  3.02781388e-02  2.21188609e-02
  1.90858450e-02  1.27730314e-02 -7.82385375e-03 -4.22706790e-02
 -3.36912945e-02  2.08529383e-02  1.42663494e-02  4.07093354e-02
  4.31539044e-02  4.71598506e-02 -1.96837895e-02  3.61890625e-03
  7.66688362e-02 -4.49412987e-02 -6.09819926e-02 -5.01251966e-02
  5.94267882e-02 -1.72389485e-02 -1.39020821e-02  1.16806040e-02
  3.66024971e-02  4.53189425e-02 -1.63287837e-02 -4.15806063e-02
 -3.95417772e-02 -1.56519469e-02  5.15809916e-02  3.90748978e-02
  4.93366085e-02 -1.17053408e-02 -1.04177527e-01 -1.73106380e-02
 -9.08358842e-02  5.39760701e-02  2.67057051e-03 -1.08666057e-02
  4.03994806e-02  5.84748872e-02 -5.00253662e-02  1.08265482e-01
 -3.85170383e-03 -2.49539781e-02  2.74992976e-02 -1.21818967e-02
 -1.75977293e-02  3.66385207e-02  1.32504236e-02 -5.31942397e-03
  8.46951082e-03  8.40060338e-02 -5.45823388e-03 -6.21410236e-02
  3.09517104e-02 -1.70158353e-02  2.31510717e-02  5.33762500e-02]"
11,"Which Pandas method is used to calculate the mean, median, and other summary statistics ?",df.describe(),easy,15,10.941428571428574,"['A. df.summarize()', 'B. df.statistics()', 'C. df.describe()', 'D. df.summarystats()']",4,17.75,"[ 1.79204568e-02 -4.86114994e-02 -5.45627773e-02 -5.77180348e-02
 -7.31815351e-04 -6.79337233e-02 -7.53339455e-02  8.52026269e-02
 -1.64836161e-02  7.36003742e-02  6.96310401e-02  3.63132395e-02
 -6.39474988e-02 -1.60823800e-02 -1.76686272e-02 -4.13407199e-02
 -1.43424319e-02 -2.14160588e-02  1.07184023e-01 -5.34590036e-02
 -2.28154100e-02  9.41034257e-02  2.39923541e-02 -5.42731630e-03
  9.82501954e-02 -6.54245988e-02 -9.19829011e-02  1.65364402e-03
 -6.12328388e-03  2.42266729e-02 -2.97953635e-02  5.93794622e-02
  1.10799536e-01  4.01444361e-02 -1.08399510e-01 -1.20991776e-02
  3.50262709e-02  1.13120750e-02 -1.53058982e-02 -5.46427816e-03
 -8.91455561e-02  9.82623640e-03  4.81582358e-02 -1.40072880e-02
 -6.67137727e-02  3.98783684e-02 -5.80573045e-02 -3.39827165e-02
  6.53225482e-02 -1.69385690e-02 -1.61324423e-02  1.12402007e-01
 -9.83589739e-02  4.78930026e-02  2.02226341e-02 -4.22384366e-02
 -1.54495165e-02 -6.33505806e-02  9.16668698e-02  5.08513069e-03
 -6.11220933e-02  2.21835226e-02  5.77408262e-02 -8.86055827e-03
  6.73427805e-02  7.41559714e-02 -9.70483571e-03 -4.43918485e-04
 -2.01236457e-02 -1.92297604e-02 -2.88013890e-02 -4.96988781e-02
 -6.42564222e-02 -4.48191836e-02 -9.50969756e-03  2.08850624e-03
 -3.89997219e-03 -6.13488480e-02 -4.62774858e-02 -1.61965769e-02
 -4.26432714e-02  4.60129343e-02  4.61888090e-02 -7.24503130e-04
  7.23406374e-02  3.52111720e-02  2.23996188e-03  4.57669310e-02
 -2.64756829e-02 -5.72733022e-02  5.98319359e-02 -8.98555387e-03
 -2.52372883e-02 -2.48025768e-02 -1.23077340e-01  3.74384746e-02
 -1.95404943e-02 -1.06567703e-02  1.52130807e-02 -1.94651503e-02
  3.56512517e-02 -7.78664947e-02 -5.07656671e-03 -1.12967230e-01
  3.86068672e-02 -4.68340293e-02  1.20832227e-01  1.25673190e-02
 -3.37349437e-02  3.48685645e-02 -4.12605703e-02 -3.19486037e-02
 -8.76588076e-02 -5.48318252e-02  5.16772158e-02 -1.02501780e-01
  9.50274151e-03  3.82289812e-02  4.78069186e-02 -1.66255571e-02
  3.75995180e-03  2.06621122e-02  8.05732980e-02 -1.11719454e-02
 -2.11653300e-02  9.11071301e-02 -1.74848363e-02 -2.97240975e-33
 -3.49410065e-02 -5.04418463e-02  3.06455400e-02 -4.12505469e-04
 -4.17021401e-02 -4.37007062e-02  1.84456799e-02 -2.22330540e-02
  9.81432498e-02 -2.48902314e-03  4.17389683e-02  3.13475318e-02
 -2.21849326e-02  9.48747969e-04  5.10144234e-02 -8.39496925e-02
  5.58517128e-03  6.19597500e-03 -5.45723662e-02  3.63822766e-02
  8.10227916e-02  6.40737563e-02  8.62184986e-02 -2.30994392e-02
  5.99193759e-02 -7.60397539e-02 -1.91086344e-02  3.93043235e-02
 -1.59451626e-02  2.11752448e-02 -3.31413327e-03  1.95707027e-02
 -1.28345355e-01 -7.02642184e-03 -2.31332183e-02 -2.54397299e-02
 -2.93875462e-03  6.31810492e-03 -2.57546846e-02  7.13255489e-03
 -3.94237749e-02  8.41434449e-02 -7.86714908e-03 -8.23932290e-02
 -4.75799553e-02  8.57877657e-02 -4.66510234e-03  9.38898250e-02
  6.99102208e-02  3.99592444e-02 -8.52493718e-02 -7.78029561e-02
  1.10328116e-01  2.14978009e-02 -3.50431539e-02  4.26850766e-02
  3.00036557e-02 -1.25081703e-01 -1.14033315e-02 -1.77960210e-02
 -3.57031822e-02 -6.45907875e-03  3.29405963e-02 -3.91124487e-02
  3.72239240e-02  1.01835551e-02 -3.19407992e-02  6.35959357e-02
  5.05385734e-02  7.63473613e-03  1.98180266e-02  5.55279292e-02
  1.95164606e-03 -6.24937145e-03 -2.73947064e-02  1.15439659e-02
 -1.46970944e-02  6.75504357e-02 -4.84381951e-02 -2.06704009e-02
  5.11644520e-02  2.67437827e-02  4.60382085e-03 -4.04646099e-02
  3.09873968e-02  7.47258216e-02  8.63936730e-03  5.40575162e-02
 -3.65701057e-02 -1.12573713e-01 -1.26235262e-01 -2.21424326e-02
  2.94606704e-02  2.70531774e-02 -9.00252238e-02  7.59810161e-34
 -7.00755492e-02  5.30578233e-02  9.75565240e-03  4.36699986e-02
  4.06561606e-02  6.77461624e-02  1.88853443e-02  4.01689718e-03
  5.51157370e-02 -9.12502408e-03 -4.28102501e-02 -4.16270457e-02
  4.46123704e-02 -1.33852558e-02  3.85254808e-02 -6.36373553e-03
 -2.17234753e-02 -2.17337403e-02 -5.90688102e-02 -4.05333601e-02
 -5.08076325e-02  6.44836128e-02  3.66310664e-02 -4.26115356e-02
 -1.37010228e-03 -3.98408361e-02 -4.88930456e-02 -4.94038500e-02
 -7.22035393e-02 -8.38111416e-02  1.84881389e-02  1.74489412e-02
 -1.74591504e-02  2.30677035e-02 -4.69204336e-02 -8.17506909e-02
  5.66317588e-02  2.05475334e-02 -1.05507076e-01 -9.36237201e-02
  6.84039816e-02  9.96863171e-02  4.32920754e-02  6.45223111e-02
 -5.91860386e-03  1.05331361e-01 -1.24122594e-02  1.70690212e-02
 -1.69647243e-02 -5.41942846e-03 -5.93359135e-02 -1.58208944e-02
  8.28771293e-03  2.20590197e-02  2.56726262e-03  1.23488642e-02
  6.83279634e-02  1.41811157e-02 -9.47500020e-02 -3.00035886e-02
  1.56458020e-02 -4.39560786e-02 -5.74332885e-02 -4.72968351e-03
  4.46797237e-02  2.27042437e-02 -2.29660030e-02 -1.03453279e-01
 -5.32906055e-02 -5.13624251e-02  8.84023011e-02  6.80088624e-03
  1.12357147e-01 -4.60702665e-02 -1.23359831e-02  3.03035658e-02
  4.31268588e-02 -4.89027798e-02 -3.72896194e-02 -1.30392434e-02
  4.31694575e-02 -1.34891823e-01  1.69833004e-02  2.75605656e-02
 -1.17300227e-01 -5.96277602e-02  4.70885485e-02 -7.24269971e-02
 -3.04805376e-02 -7.79028796e-03 -7.27788731e-02  6.97908504e-03
 -5.57394931e-03 -6.99088536e-03  2.80879475e-02 -1.80175590e-08
  4.55575921e-02 -6.95610931e-03  4.48560342e-02 -4.05887067e-02
 -6.17704168e-02  1.04286991e-01 -2.23105494e-02  4.67496887e-02
  6.20318111e-03 -2.75676046e-02 -2.41295388e-03 -1.48976259e-02
 -2.64941640e-02  1.95916239e-02 -3.96428257e-02  2.19754968e-02
  6.06873818e-02  6.96097687e-02 -1.68870352e-02 -5.52144088e-02
  1.84363369e-02 -2.62938216e-02  4.30829115e-02 -3.55617628e-02
 -2.34253202e-02  8.36546645e-02  2.08413992e-02  1.10046668e-02
  4.06722650e-02  1.62029453e-02 -6.95783040e-03 -3.52502652e-02
 -3.52366036e-03 -4.12281826e-02  2.13075913e-02  3.65810059e-02
  1.32460874e-02  2.19468866e-03 -6.87898276e-03  3.91132608e-02
 -8.59774649e-03  5.27509786e-02  1.13393236e-02  4.99103740e-02
  7.94326067e-02  6.36730790e-02 -1.57616436e-02  9.25867632e-02
  5.18009700e-02  8.29515234e-03  7.48030245e-02 -9.15789455e-02
  2.36318167e-02 -6.46079052e-03  3.37234922e-02  4.24187444e-02
  3.53389010e-02 -2.39094850e-02  5.38483821e-02 -4.73350696e-02
  1.38109297e-01  5.24272807e-02  3.85201648e-02  7.52530321e-02]"
12,Which of the following functions can be used to create a NumPy array from a Python list?,numpy.array(),easy,17,7.004705882352944,"['A. numpy.array()', 'B. numpy.create_array()', 'C. numpy.from_list()', 'D. numpy.array_from_list()']",4,21.25,"[-2.73913462e-02  5.03638014e-03 -7.08464310e-02 -5.00487350e-02
  1.72817335e-03 -8.01171213e-02  4.91677560e-02 -5.31904250e-02
 -1.00913189e-01  5.20984409e-04 -2.16239900e-03  2.62823403e-02
 -2.55201274e-04  1.93958096e-02 -3.41898389e-02  4.13387157e-02
 -6.40930310e-02 -1.95747265e-03  6.19183294e-02 -4.03770618e-02
  3.70582938e-02  8.12190771e-02 -6.57631829e-02  2.66845059e-02
  9.84044559e-03 -1.92222614e-02  3.59778143e-02  6.82611540e-02
 -6.69412315e-02  1.86187997e-02  1.97891556e-02 -2.98180673e-02
  6.26815185e-02 -2.18851306e-02 -1.87871549e-02 -5.74895600e-03
 -1.20576601e-02  1.78498402e-02 -4.77299914e-02  4.29105274e-02
  3.92552540e-02 -4.32336256e-02 -3.52189578e-02 -1.67545595e-03
 -3.16941850e-02  5.14773801e-02  8.61588046e-02  2.69798785e-02
  4.51875515e-02 -7.58316508e-03 -4.22470868e-02  6.74764067e-02
 -1.07927620e-01  8.18889029e-03 -5.72794024e-03 -5.38411476e-02
 -4.47290344e-03 -8.53736326e-02 -3.27327363e-02 -5.90226129e-02
 -1.44016100e-02 -7.14943744e-03  1.32918293e-02  2.25439221e-02
  7.28575466e-03 -5.60974590e-02  1.33680338e-02  3.99586111e-02
  7.44184479e-02  1.75342113e-02  1.50788389e-02  1.81857310e-02
 -1.38598280e-02 -1.12059610e-02  1.75179485e-02 -6.38716295e-02
  1.13571718e-01 -5.93182556e-02 -1.07439589e-02  5.85267460e-03
 -3.09138801e-02  1.83617454e-02  5.26376739e-02 -3.95683460e-02
 -6.99742734e-02 -1.64705757e-02 -8.43630433e-02  1.22913390e-01
  3.04805487e-02 -7.24792015e-03 -4.03591394e-02  1.54814525e-02
 -4.32051346e-02 -4.59788516e-02  1.32532427e-02 -9.05397069e-03
  6.02444448e-02 -5.69502413e-02 -2.45032180e-02 -3.77673954e-02
  4.47871052e-02 -8.98434147e-02  2.25276663e-03  2.17085890e-02
  4.02507856e-02  5.38308546e-02  4.11770716e-02 -1.03740603e-01
 -6.07182123e-02  1.95669103e-02 -3.77831645e-02 -4.30281572e-02
 -1.55371875e-02  1.30771112e-03  5.39461486e-02 -2.13305317e-02
 -6.48301914e-02  5.42591587e-02  6.57162745e-05  5.88273332e-02
  4.64868583e-02 -7.11992616e-03  7.70465806e-02  1.03041008e-02
 -7.05857351e-02  1.44092832e-02 -8.31649750e-02 -5.65098595e-33
 -7.27606043e-02 -5.75846806e-03  1.09772626e-02  2.93578617e-02
  1.06330321e-03  5.62984161e-02  3.39742824e-02 -3.21255960e-02
 -1.78019777e-02  3.90897784e-03 -5.96925579e-02  6.15383200e-02
  1.53302895e-02  1.09122708e-01  6.66043758e-02  2.35799719e-02
  8.27229321e-02  6.14511929e-02  8.33121687e-03 -6.51887953e-02
 -4.80928123e-02  6.12290166e-02  4.77884486e-02  3.05057950e-02
 -3.38205248e-02 -8.30012262e-02 -5.89913912e-02 -5.05152568e-02
 -5.15173562e-02 -6.53220806e-03 -1.19442388e-01  4.61883247e-02
  3.70566398e-02 -5.23758940e-02  6.67604133e-02  3.13311890e-02
 -2.98098195e-02 -2.40763314e-02 -6.16452238e-03 -6.74090683e-02
 -3.83197190e-03  4.55130562e-02  1.04082357e-02  4.86101359e-02
  1.78373314e-03 -6.71759853e-03 -3.58337201e-02  7.58335665e-02
  6.02479689e-02  8.44824240e-02 -5.75463474e-02 -7.84504190e-02
 -2.45028809e-02  3.31373662e-02 -6.36749668e-03 -3.66928913e-02
  5.78135513e-02 -7.24748848e-03 -1.11995265e-02 -5.44096828e-02
 -1.24124037e-02 -7.06350012e-03  1.44077130e-02 -7.75259105e-04
 -1.71435196e-02 -6.44491613e-03  8.07037950e-02  7.08977878e-02
  1.25242099e-02  3.73025574e-02  1.77366827e-02  5.79271130e-02
 -2.16589253e-02  1.06825475e-02 -8.71220678e-02  1.57652795e-02
  6.55491799e-02 -1.17240481e-01 -4.62069549e-02 -8.12740177e-02
  6.76564872e-02  2.86597256e-02 -3.76745500e-02 -2.68317610e-02
 -5.92704490e-02 -2.68584825e-02  1.15031507e-02  3.15945968e-03
  1.92563683e-02 -1.02831282e-01 -1.52493164e-01  3.06260213e-02
 -1.11675281e-02 -6.81400970e-02 -8.64193439e-02  5.00870624e-35
  6.67648297e-03  8.60796198e-02 -2.05169059e-02  2.04742048e-02
 -3.97593081e-02  1.18734604e-02 -1.77759118e-02 -2.49539763e-02
  9.08271298e-02  1.05168894e-02 -5.68031706e-02 -7.07915798e-02
  4.24385481e-02 -9.24719349e-02  4.18390483e-02 -2.19688043e-02
 -3.55623625e-02  2.12122295e-02 -1.05279787e-02 -7.11561367e-02
 -6.73270151e-02  8.18397775e-02  1.81868253e-03 -2.19939724e-02
 -9.07158479e-02 -3.05830725e-02 -1.89727135e-02 -8.72355551e-02
  2.31630951e-02  2.74259187e-02 -3.35278884e-02  1.24077918e-02
  1.84870977e-02  5.36531880e-02  8.15826878e-02  6.52977005e-02
  6.19240813e-02  4.68549505e-03 -5.02739325e-02 -9.85917747e-02
  1.20829776e-01  1.59611255e-01  7.77766779e-02  1.35996779e-02
  1.91740762e-03 -1.02191791e-02  4.11183387e-03  3.86875756e-02
 -3.52607444e-02  1.68536175e-02 -2.08949000e-02 -2.48865001e-02
 -3.79034765e-02  3.05849058e-03 -3.63075659e-02  3.46217938e-02
 -6.25164434e-02  6.11496298e-03  7.41537884e-02 -7.15264827e-02
 -9.22675282e-02 -9.27248225e-02 -4.40421427e-04 -3.50127555e-02
 -3.39872167e-02 -2.05637328e-02 -7.59714022e-02  3.77366953e-02
 -5.17339297e-02  2.48752721e-02  2.99904197e-02  4.27544117e-02
  6.21283017e-02 -5.32304868e-02 -1.53158531e-01 -6.16550818e-02
  6.68777525e-03 -7.28267953e-02 -8.11273903e-02  8.02258551e-02
 -1.94807015e-02 -1.58138629e-02  7.65729919e-02  5.20747863e-02
 -4.27923799e-02 -2.83123273e-02  9.36016738e-02 -2.32206956e-02
  8.30314457e-02  1.63468476e-02  3.99105176e-02  4.08886783e-02
  4.23578471e-02  6.08280897e-02  6.02458883e-03 -2.15454570e-08
 -1.03223864e-02 -3.87628153e-02 -1.83434654e-02 -4.93915519e-03
 -2.90254466e-02 -6.60859421e-03 -1.01941302e-02  7.45946681e-03
  5.42966016e-02 -3.12507823e-02  2.06869226e-02 -4.15984355e-02
  8.38972535e-03 -2.71117082e-03  5.19539379e-02  1.09928042e-01
  2.83533204e-02  1.65276341e-02  4.05335352e-02 -6.34732991e-02
 -1.38431471e-02 -2.52446849e-02  5.48037793e-03  2.55172458e-02
 -9.08755288e-02  4.00473066e-02 -5.62600195e-02 -4.28494588e-02
  5.55796269e-03  1.04299724e-01  4.64613885e-02 -2.08041426e-02
  9.99636799e-02 -2.24882104e-02 -4.08564787e-03 -3.83869037e-02
 -3.26593220e-02  1.80737283e-02  1.51854474e-02 -2.07381751e-02
 -9.41807255e-02  6.64739534e-02 -5.48496880e-02  1.51998457e-02
  5.55593558e-02 -4.47398126e-02 -6.03530668e-02  1.27233181e-03
  2.45725438e-02 -3.22751850e-02 -3.27632315e-02  3.42562832e-02
  5.55094704e-02 -6.66267648e-02  7.75723532e-02  3.50872078e-03
 -5.17326519e-02  3.64591442e-02  1.12334207e-01 -3.63891982e-02
  2.27409676e-02  9.97284278e-02  9.20049027e-02  2.36629620e-02]"
13,What is the shape of a NumPy array?,The number of elements in each dimension,easy,8,0.8049999999999997,"['A. The data type of the array', 'B. The size of the first dimension of the array', 'C. The number of elements in each dimension', 'D. The total number of elements in the array']",4,40.75,"[ 5.10322526e-02 -3.06653921e-02 -1.13459073e-01 -3.02017871e-02
 -3.93261537e-02 -1.13472305e-01 -1.22165391e-02 -5.00993542e-02
 -3.80928424e-04 -3.75713706e-02 -3.37804221e-02  3.92643996e-02
  1.29941618e-03  3.15470211e-02 -5.22500686e-02  2.31349748e-03
 -1.09455526e-01 -4.10330705e-02  6.25630766e-02  3.38754728e-02
  4.06106049e-03  4.39413376e-02 -8.55869055e-02  2.08905283e-02
  8.91908817e-03  7.74393380e-02  8.43608975e-02  5.72195351e-02
 -5.96822575e-02 -6.33816374e-03  8.50671064e-03  6.75863167e-03
  5.88382147e-02  3.79143916e-02 -4.19828817e-02 -5.32510877e-02
 -8.49702582e-03  7.69100189e-02  2.06549205e-02  5.12821414e-03
  4.43721823e-02 -4.90411185e-03  3.89529043e-04  7.12835789e-02
 -1.49217583e-02  4.56901789e-02 -2.41538733e-02 -2.41710506e-02
  3.34100835e-02 -3.84371839e-02  1.15140378e-02 -1.32542010e-02
 -9.03951526e-02  7.49889389e-02 -3.47646535e-03 -3.66465896e-02
 -8.99808388e-03 -2.35388540e-02  2.15179808e-02 -1.57106537e-02
  5.91165945e-02 -7.09972531e-03  2.58554313e-02  2.23366152e-02
  1.34562198e-02 -2.84040887e-02  2.22296640e-02  9.91952326e-03
  6.49927557e-02 -2.99216826e-02  5.78720458e-02  4.13730182e-02
 -1.85193308e-02 -4.39701378e-02 -4.63752449e-03 -7.56033063e-02
  8.77709091e-02 -3.88632342e-02 -1.98385585e-03  2.84887291e-02
 -9.90793258e-02  6.80708066e-02  6.46528006e-02  1.85997356e-02
 -4.80329022e-02  2.05962155e-02 -6.93079606e-02  4.79343235e-02
  4.18854803e-02 -2.75240708e-02 -5.88455759e-02  2.61153989e-02
 -8.45870748e-02  1.61505453e-02  1.21483505e-02 -7.69802183e-03
  7.69716352e-02 -1.68212783e-02 -3.41791324e-02  8.28686077e-03
  1.37230828e-01 -1.07012525e-01  5.78169152e-02  5.56260161e-02
  4.43397202e-02  3.31715792e-02  9.81356427e-02 -3.34089547e-02
 -9.28352866e-03 -6.84146164e-03 -1.68085601e-02 -5.62346205e-02
  7.59113533e-03  2.15225443e-02 -7.33867474e-03 -5.03282472e-02
 -9.59637538e-02  1.07138164e-01 -4.59473468e-02  1.87878422e-02
  1.47690652e-02  2.75923572e-02  4.48307060e-02  5.84279606e-03
 -1.98632386e-02  5.77358790e-02 -8.68277624e-02 -4.57939575e-33
 -4.95015755e-02  4.88428921e-02 -2.01161858e-02  1.87878183e-03
  6.68120058e-03  1.81190372e-02  5.61098121e-02 -2.88636200e-02
  6.38150871e-02  2.79855561e-02 -7.75478929e-02  4.07106727e-02
  3.36390212e-02  1.15100235e-01  4.06189002e-02 -6.11978285e-02
 -3.26448330e-03  8.27549919e-02 -4.71260399e-02 -4.88218106e-02
 -7.13313892e-02  7.49235675e-02  1.95003580e-02  2.85811517e-02
 -3.76048572e-02 -5.12922145e-02 -1.04731098e-01 -3.42991129e-02
 -4.66234796e-02  8.04486312e-03 -2.69410275e-02  7.56912977e-02
 -5.09362156e-03 -9.32685062e-02  9.44996551e-02 -1.67171545e-02
 -3.92918587e-02  1.58619341e-02 -4.80950717e-03 -8.13494697e-02
  3.53162624e-02  1.80369709e-02  3.74722444e-02  1.46333752e-02
 -2.80129071e-02  1.12154773e-02 -6.20374363e-03  4.53499109e-02
 -1.86453797e-02 -1.74506418e-02 -6.07652999e-02 -2.26520970e-02
  4.85660844e-02  3.12359743e-02  4.04554270e-02 -2.15419307e-02
  6.98308796e-02 -2.10442003e-02 -4.69402410e-02 -7.94097558e-02
  5.41844741e-02  4.14666068e-03  2.79154796e-02 -1.44745770e-03
 -6.09421507e-02 -5.24443723e-02 -1.91292148e-02  2.72186045e-02
  5.53995296e-02  1.01861931e-01 -1.70413814e-02  9.67114866e-02
 -8.41046125e-02 -7.49050220e-03 -1.09783009e-01  6.82289712e-04
  6.16209023e-02 -5.23265451e-02 -1.41539313e-02 -3.04293409e-02
 -1.40282065e-02  3.31788510e-02 -3.92908268e-02 -1.07410975e-01
 -8.09794441e-02  4.58769538e-02  2.61073839e-02 -6.24220893e-02
 -1.52449450e-02 -9.04099196e-02 -8.04459378e-02  1.41256889e-02
  3.68412555e-04 -7.23329484e-02 -9.57057774e-02  1.06477187e-33
 -3.80406417e-02  4.30470333e-02 -6.79692030e-02  1.80647261e-02
 -3.36861648e-02 -1.68252774e-02  2.55160257e-02  4.28552330e-02
  3.28881256e-02  4.33894014e-03 -2.25886498e-02 -1.46591635e-02
  3.39879543e-02 -5.44065759e-02  1.08589053e-01  4.00392227e-02
 -4.09119427e-02 -4.39932942e-03  1.27034988e-02 -1.59465879e-01
 -4.82620485e-02  7.18133379e-05 -1.20253311e-02 -2.88419928e-02
 -1.30724370e-01  8.47656373e-03 -2.66847797e-02 -1.08387060e-01
 -3.76506266e-03  3.38228457e-02 -1.69850662e-02 -7.25732148e-02
 -1.73531566e-02  4.94658463e-02  5.54850958e-02  5.56303300e-02
  2.44255364e-02 -5.68886362e-02 -5.23508852e-03 -1.45344645e-01
  4.17451896e-02  8.14231336e-02  7.30546340e-02  9.91420075e-02
 -1.19277705e-02  2.83369124e-02  5.83703853e-02  6.61688820e-02
 -5.83383851e-02 -6.48004934e-02 -3.46873365e-02  1.34623423e-02
  5.78753315e-02  8.80380347e-03  3.30886021e-02  2.60460768e-02
 -1.32799223e-01  1.88230481e-02  5.53619377e-02 -6.98847417e-03
 -4.28226925e-02 -1.04864627e-01 -2.12372765e-02 -2.23826766e-02
 -4.02891599e-02 -4.63570468e-03 -4.97753918e-02  1.41119650e-02
 -4.02104072e-02  4.22580056e-02  1.02716297e-01  6.00311123e-02
  3.99774220e-03  8.54118075e-03 -1.23712689e-01 -1.15720212e-01
  2.41256095e-02 -5.27252071e-02 -9.89258066e-02  4.61456738e-02
 -2.55541857e-02 -1.61284991e-02  4.35648523e-02  5.57804294e-02
 -2.93033216e-02 -7.37624662e-03  8.92999470e-02 -3.69010773e-03
  1.22533469e-02  4.69944030e-02  2.88089104e-02  4.07125279e-02
 -5.07383160e-02  5.24428077e-02 -6.03013505e-05 -1.66410938e-08
  2.48970222e-02 -1.76381022e-02  1.06937038e-02 -7.24976361e-02
 -2.27287579e-02 -2.74044374e-04  4.89937700e-02  2.90192347e-02
  2.92418338e-02  1.74813613e-03  2.84698494e-02 -3.75576466e-02
 -4.71226983e-02  2.92214453e-02 -1.40718662e-03  5.90289347e-02
 -3.19063035e-03  2.23507043e-02  1.17233414e-02  2.71334592e-03
 -2.52296664e-02 -8.23753793e-03 -1.64898243e-02 -1.96800567e-03
 -4.90761772e-02  1.52555406e-02 -6.23249933e-02  4.37338576e-02
  7.35987490e-03  4.86194342e-02  4.96437512e-02  2.67632399e-02
  1.30265847e-01 -2.56568082e-02 -1.10472431e-02  4.15247194e-02
 -1.37188146e-02  5.61709851e-02 -1.51109798e-02 -1.68969412e-03
 -8.67068321e-02  1.85987279e-02  6.85715973e-02  7.78114796e-03
  5.60607165e-02  2.78538186e-02  8.71554762e-03  3.72265503e-02
 -4.73758020e-03 -4.30795662e-02 -2.96584237e-02  6.73102885e-02
  1.90426037e-02  4.58908826e-02 -2.41493266e-02 -3.29297297e-02
 -1.12885289e-01  9.49266646e-03  7.70970136e-02  2.91860867e-02
 -9.97936260e-03  7.08510801e-02  1.42088225e-02 -3.13405655e-02]"
14,What is the type of this attribute: Social security number,Discrete | Nominal,medium,10,8.370000000000001,"['A. Binary', 'B. Discrete', 'C. Continuous', 'D. Nominal', 'E. Ordinal', 'F. Interval', 'G. Ratio']",7,10.285714285714286,"[-2.60476898e-02  5.63378632e-02 -7.60344714e-02  1.24630751e-02
 -2.17351411e-02  7.77202249e-02  9.63311717e-02 -3.18675712e-02
  5.37217408e-02 -1.02482691e-01 -2.93498649e-03  3.46795246e-02
  4.95978855e-02 -2.37383065e-03 -6.10269234e-02 -6.49985373e-02
 -2.35330574e-02 -4.27317470e-02  5.67567423e-02  6.06279746e-02
  3.23348157e-02  7.95569047e-02 -3.29085961e-02  9.58640070e-04
  3.07184476e-02 -3.51867676e-02 -1.06176212e-02  1.47856344e-02
  3.95799764e-02  9.39056557e-03  1.70278009e-02  7.02081025e-02
  1.99604519e-02  3.66754420e-02 -4.84640375e-02 -6.05032705e-02
 -2.22699549e-02  1.18753210e-01 -3.34439464e-02  8.17239359e-02
 -8.40345304e-03 -9.00349468e-02  5.73798493e-02  6.53965399e-02
 -1.53496116e-02  4.14445810e-02 -1.62670445e-02 -1.28473602e-02
 -5.53697273e-02  6.19531274e-02 -5.71801746e-03  6.47693127e-02
 -2.51862947e-02  1.49920851e-01 -7.78158847e-03 -4.35612872e-02
  8.25914368e-03  2.49702688e-02 -8.57428834e-02  6.08965978e-02
 -3.39729041e-02 -1.33281462e-02  6.64996803e-02 -3.31135876e-02
  2.97866352e-02  6.82254732e-02 -2.30242312e-02 -9.52228010e-02
 -1.99315473e-02 -9.00542736e-02  6.43971562e-02 -5.51764481e-02
 -7.10551590e-02  2.64951084e-02  8.05653818e-03 -3.85678262e-02
 -6.40415400e-02 -1.17761707e-02  8.45771562e-03  2.06689909e-02
 -4.08038832e-02 -1.48192523e-02 -3.95140462e-02  1.04773469e-01
  5.46697974e-02  5.36169223e-02 -2.30030622e-02 -1.27239544e-02
 -5.35301529e-02  4.85998355e-02  2.16143634e-02  5.15029617e-02
  4.43192907e-02 -3.62175889e-02  3.88849992e-03  3.23852641e-03
  2.04733890e-02 -3.08362916e-02 -1.21050701e-02 -7.66735291e-03
 -4.79996167e-02  2.53885165e-02  1.93092097e-02  2.39899512e-02
 -9.77679715e-03 -7.11272564e-03  1.22900888e-01  3.78230400e-02
  1.71298496e-02  1.26966462e-03  1.00855427e-02 -6.38449192e-02
 -7.13049620e-02 -3.62804383e-02 -1.10946503e-02 -3.64508294e-02
 -1.00866728e-01  3.42069604e-02  4.97884452e-02 -3.02067157e-02
  7.22724572e-02  1.99685302e-02 -1.66842586e-03 -1.87073145e-02
 -4.52292413e-02  2.48462632e-02 -1.78037863e-02 -3.22806838e-33
  2.57527400e-02  6.90904260e-02 -2.68156044e-02 -2.45736614e-02
 -5.43655045e-02  3.11076362e-03 -2.76416447e-02 -1.66424960e-02
  2.39506923e-02  7.72206187e-02 -5.39806522e-02  1.27638718e-02
 -5.27204052e-02  6.15088716e-02  6.09103628e-02  1.54586090e-02
 -6.71024397e-02  1.88409593e-02  3.00297569e-02  7.86985736e-03
  9.69208181e-02  7.41786733e-02  5.88528533e-03 -4.85124486e-03
  1.07562363e-01  1.32905114e-02  1.82109904e-02  1.91207267e-02
 -2.68650241e-02  2.09692080e-04  5.52872021e-04  4.93955798e-02
 -1.54940377e-03 -1.08828388e-01  5.72231300e-02 -5.99393956e-02
  2.12458428e-02 -2.59539834e-03  5.51942587e-02 -5.38364016e-02
  7.59007558e-02  7.13933334e-02  4.11895029e-02  1.52373491e-02
  3.31675932e-02  8.58454220e-03  7.87264928e-02  1.06958412e-01
 -1.45556498e-02  6.06761836e-02 -8.08304735e-03  2.65517589e-02
 -8.90271366e-03 -2.55606733e-02 -2.32650246e-02 -5.57646528e-02
  5.94277605e-02  7.53735825e-02 -8.42366740e-02 -8.66679102e-02
 -4.08922434e-02 -4.21101153e-02  2.21804474e-02 -1.21087477e-01
 -8.43603984e-02 -4.30218987e-02  8.99269152e-03 -2.59316736e-03
  4.98569906e-02 -3.11801862e-03  3.38740572e-02  5.10019697e-02
 -4.68584299e-02  3.97288129e-02 -7.39224255e-03  6.83176750e-03
  7.51229608e-03  4.85163145e-02  2.87716687e-02  5.99167161e-02
 -1.14636086e-01  2.94133779e-02 -3.94723155e-02  5.87753244e-02
 -1.04302494e-02  7.77774230e-02  4.10648473e-02 -1.31748505e-02
 -5.14688380e-02 -7.35089481e-02  7.07193539e-02 -2.05881502e-02
 -2.65000965e-02  6.08792454e-02 -4.46866676e-02  1.24994006e-33
 -1.42276242e-01 -9.13625434e-02 -7.83079639e-02 -3.51411551e-02
  1.20818857e-02 -8.39475542e-02  2.75213048e-02  4.88561764e-03
 -1.06848925e-02  4.82082628e-02  5.76903559e-02 -4.99960743e-02
  1.42776817e-02  7.57227838e-03  5.99972233e-02  2.30884384e-02
 -9.20052007e-02  4.16787714e-02  8.98862258e-04  1.91561058e-02
 -1.03466567e-02  4.09707017e-02  8.93138945e-02  7.38997832e-02
  5.69146238e-02  2.85049733e-02 -3.44247743e-02 -1.02081802e-02
  7.00092763e-02 -1.22274393e-02 -6.69597611e-02 -5.89866675e-02
  5.13205817e-03 -4.02541482e-04 -1.03035830e-01 -7.70858973e-02
  5.97313605e-02 -8.71770456e-02 -1.00166141e-03 -4.97041605e-02
  6.91553752e-04 -6.27572415e-03  3.71138416e-02  6.32774904e-02
  2.81387381e-02 -4.73373290e-03  5.35188541e-02  4.00464274e-02
 -2.16842499e-02 -3.01350728e-02  3.02233845e-02 -1.59881879e-02
 -3.69778126e-02  5.40703088e-02 -3.46192941e-02 -1.65347159e-02
  3.22445631e-02  4.34933119e-02 -6.05484769e-02  2.66939569e-02
  4.75018695e-02  1.75662469e-02  1.82355940e-02  8.92643407e-02
 -3.37122977e-02 -5.06703481e-02 -3.76952477e-02 -5.75631075e-02
 -1.09992772e-01 -2.94403527e-02  3.39575782e-02 -4.27321717e-02
  2.08546016e-02  4.26854892e-03 -3.79354693e-02 -1.59758046e-01
  3.39774042e-02  1.29879519e-01 -2.45333780e-02  2.88639236e-02
  2.28182599e-02  6.60050511e-02 -8.00203532e-02  2.62948442e-02
  1.65636670e-02 -4.15391624e-02 -1.14854788e-02  1.05937244e-02
  6.06513908e-03 -5.94540080e-03 -6.44465163e-02  6.78903684e-02
 -1.60530984e-01  1.44462250e-02 -1.14255235e-01 -1.67832415e-08
  3.73216458e-02 -2.05772687e-02 -5.55523206e-03 -6.43284395e-02
  9.90337692e-03 -3.89697962e-02 -3.35347168e-02 -8.77773017e-03
 -2.21558055e-03 -2.83807553e-02 -7.38136517e-03  2.81686801e-02
 -1.97580606e-02 -5.36025986e-02  3.76953110e-02 -6.28904477e-02
  2.37308885e-03 -6.95006922e-02  8.42782389e-03 -5.25116362e-03
  6.00682683e-02 -1.05629422e-01 -4.26049642e-02  7.26834964e-03
 -5.12477048e-02  1.88457556e-02 -4.30411510e-02  1.67231970e-02
  6.75135851e-02 -3.13754715e-02  1.95822325e-02  1.43784303e-02
 -4.30980511e-03 -9.63563100e-03 -8.35664421e-02  1.17922351e-01
  3.28041911e-02 -2.86475830e-02  4.48125750e-02 -8.81580822e-03
  9.53269005e-03 -6.41683266e-02 -3.49276923e-02  2.28143502e-02
  3.59190665e-02 -2.07314994e-02 -6.78417310e-02 -5.26549555e-02
 -1.04872631e-02  9.00940411e-03 -8.57301988e-03 -9.26394463e-02
  1.60963889e-02  3.59738395e-02 -8.62572715e-02 -4.00212444e-02
  5.16697615e-02  3.80712859e-02  4.98805046e-02 -2.63404492e-02
  1.15895137e-01 -1.85705791e-03  4.01309431e-02  3.01147979e-02]"
15,What is the type of this attribute: Number of courses registered by a student in a semester,Discrete | Ratio,medium,17,9.08705882352941,"['A. Binary', 'B. Discrete', 'C. Continuous', 'D. Nominal', 'E. Ordinal', 'F. Interval', 'G. Ratio']",7,10.285714285714286,"[ 4.64116968e-02 -5.77895567e-02 -3.66612338e-02  3.28344479e-02
 -3.08398027e-02  2.98567358e-02  7.45289819e-03 -4.35049981e-02
  2.57183556e-02 -4.24802350e-03  8.33354369e-02 -3.35827209e-02
  3.49113531e-02  1.95868723e-02 -3.11095696e-02 -1.18580628e-02
 -8.61522183e-02 -1.22974537e-01  8.38108212e-02 -9.86478198e-03
  5.68534359e-02  2.41415296e-02  1.20089920e-02  3.01017482e-02
  3.21616158e-02 -1.99469347e-02 -3.16175111e-02 -5.06201247e-03
  5.49679343e-03  3.64424055e-03 -8.19599908e-03  1.22166045e-01
  4.16440554e-02  3.72665897e-02  2.04138290e-02 -3.14583518e-02
 -4.21502069e-02  5.99102490e-02  2.18773987e-02  7.27500468e-02
 -2.39282027e-02 -1.91255957e-02  6.75380975e-02  7.96836764e-02
 -1.34205515e-03  6.78867176e-02 -2.31273808e-02 -4.57808450e-02
 -5.12159951e-02  9.10510346e-02  2.19045300e-02  5.47812581e-02
 -1.03573568e-01  4.27609868e-02 -1.50890648e-02 -4.46210094e-02
 -4.38559949e-02 -8.06075893e-03 -1.46174669e-01  5.25819696e-02
 -7.54669458e-02 -1.07680820e-03 -2.54066959e-02 -1.72891300e-02
 -3.05903926e-02  3.66333798e-02 -7.48193935e-02 -3.69332060e-02
  1.18683567e-02 -2.28180899e-03  5.83582595e-02 -4.94113490e-02
 -8.01095180e-03  4.75768857e-02  6.79228082e-02 -1.36099933e-02
  1.29891448e-02  7.23050833e-02  4.56591770e-02 -5.56647107e-02
 -3.91420722e-02  1.06261179e-01 -1.96338538e-02 -2.79534161e-02
  7.33103454e-02 -9.42586921e-03  4.72524129e-02 -6.83656111e-02
 -7.97602013e-02  4.63048890e-02  3.37083600e-02 -4.31120722e-03
  4.86997962e-02  1.28799826e-02  6.42202387e-04  1.75173488e-02
 -2.36134846e-02  3.21510024e-02  1.33996472e-01 -9.71375126e-03
 -9.89267156e-02 -1.13826618e-02 -1.16069969e-02  3.47883441e-02
 -1.49363473e-01 -4.26337346e-02  6.27464652e-02 -1.51834488e-02
  9.69705079e-03  3.93611304e-02  4.35506515e-02 -4.50683944e-02
 -2.91622877e-02 -5.83530441e-02  5.74528938e-03  4.93112393e-02
  1.91836059e-02  6.09819405e-03  5.87082952e-02  6.63838312e-02
  1.02493120e-02 -7.21626868e-03  6.82075396e-02 -7.86255747e-02
 -1.38431964e-02 -6.77004009e-02 -5.59718572e-02 -3.63305190e-33
  6.15499467e-02  3.53877023e-02 -2.21448280e-02  2.11674646e-02
 -2.15108115e-02 -1.35287279e-02 -1.54903764e-03  5.56944236e-02
  5.85837197e-03  5.94719499e-02  1.39624374e-02  5.96434027e-02
 -1.48815447e-02  9.15501118e-02  1.31842345e-01 -2.72469353e-02
 -8.53068288e-03  6.13795556e-02 -2.34594885e-02  1.71981566e-02
  1.36609040e-02  2.75337044e-02  5.35923131e-02 -1.33247795e-02
  1.29971327e-02  3.26517522e-02 -8.63948278e-03  9.83545929e-02
 -4.00785310e-03  1.77298039e-02  1.28143609e-01 -1.25107309e-02
 -1.39343720e-02 -7.52582699e-02  1.46960011e-02  3.05373482e-02
 -3.04089896e-02 -1.82507606e-03  1.18454508e-01 -3.75344120e-02
  6.17436552e-03 -3.70506616e-03  3.81006300e-02 -1.24360407e-02
 -4.80705164e-02  2.11164523e-02  4.56433892e-02  4.34189476e-02
 -5.93197048e-02  7.58844838e-02 -3.33775245e-02 -9.05896351e-02
  1.89148262e-03 -8.47072750e-02  1.25088980e-02  4.00980599e-02
  1.72355305e-02  5.10248952e-02 -1.06719851e-01 -6.62864977e-03
 -5.55277355e-02  3.91627885e-02 -3.43747740e-03 -7.47166798e-02
 -8.38410482e-02 -9.83422995e-02 -2.43162736e-02 -4.88525182e-02
  1.34719521e-01 -3.57680358e-02 -2.95311492e-02  5.03992215e-02
 -9.95983928e-02 -2.14900076e-03 -2.73273252e-02 -8.39248020e-03
  1.78607423e-02 -4.26924378e-02 -2.71364991e-02  1.18923455e-01
 -6.78675100e-02 -2.61872867e-03 -2.00488977e-02  1.85281225e-03
 -6.31561726e-02  6.69252053e-02  3.14477645e-02  1.60853062e-02
 -7.18095154e-03 -3.55562270e-02  4.19196524e-02 -1.97775979e-02
 -7.35271126e-02  3.02619040e-02  1.31670441e-02 -1.56053510e-34
  3.49578336e-02  2.00349297e-02 -6.68354109e-02 -9.09636077e-03
  5.79379722e-02 -4.91577648e-02  2.12595034e-02  5.26794903e-02
 -3.91318463e-02  1.70458183e-02  2.13757996e-02  3.53630334e-02
 -6.43010587e-02  1.57192275e-02  1.60428081e-02  1.32975737e-02
 -1.09732635e-01 -1.25234285e-02 -7.80939916e-03  4.01687287e-02
 -6.86434284e-02  2.77487114e-02  7.35181794e-02 -2.69863810e-02
 -4.09229752e-03 -5.72101632e-03 -4.36615795e-02  5.56198740e-03
  3.56906094e-02  2.35163271e-02  4.18278910e-02 -9.40419585e-02
  1.87727541e-03 -4.01218608e-02 -8.05301294e-02 -5.25417142e-02
  7.96476677e-02 -1.33675337e-03 -3.92908603e-02  1.12274528e-01
  5.32163344e-02 -7.58246258e-02  6.37682974e-02  1.01417229e-02
  6.87648505e-02 -1.54577428e-03  9.60815251e-02 -2.47227252e-02
  6.26662187e-03 -3.75229008e-02 -9.27393362e-02 -5.98002821e-02
 -1.30699249e-02  2.30905004e-02  2.72633005e-02  2.64770426e-02
 -1.54012314e-03 -5.22461021e-03 -8.22450779e-03  2.30124593e-02
  7.27641806e-02 -1.78574361e-02  1.03195254e-02  9.44701284e-02
 -4.70522530e-02 -5.47857583e-02 -3.06713693e-02 -5.33574633e-02
 -8.65572244e-02  1.99776907e-02  2.05765385e-02  1.38250245e-02
  1.49582245e-03 -8.29240754e-02 -1.09478720e-01 -5.86539395e-02
 -1.54416189e-02  6.63681179e-02 -6.07911721e-02  4.27202694e-03
 -5.38811386e-02 -4.21812050e-02 -4.55241874e-02  8.13722834e-02
 -1.80021245e-02 -7.97238946e-02  3.54201086e-02  2.27199476e-02
 -4.46568662e-03 -7.98824616e-03 -2.89157908e-02  6.04550540e-02
 -4.92386930e-02 -6.74107149e-02 -8.65015909e-02 -2.41525999e-08
 -4.57318500e-02 -6.61787018e-02  1.82969015e-04 -1.26569299e-02
  3.91017832e-02  1.46585302e-02 -3.39378938e-02  1.59081668e-02
  1.15584834e-02  1.09067410e-01  3.87742221e-02 -9.97060910e-03
 -7.98858851e-02 -3.87853980e-02  2.52229385e-02  6.33800700e-02
 -2.26842277e-02  2.01835223e-02 -3.31624481e-03  2.29112487e-02
  3.15506086e-02 -8.88440162e-02 -1.57512520e-02  4.75945845e-02
 -5.39673083e-02 -3.28546241e-02  2.82139368e-02  5.45457006e-02
  1.40157724e-02  7.41163921e-03  1.71979032e-02  1.22088678e-02
  6.13638386e-02 -9.31002572e-02  8.83492641e-03  2.72269882e-02
 -1.90889426e-02 -5.91679811e-02  6.61130995e-02 -5.24503412e-03
 -5.72413430e-02 -1.19699448e-01 -3.55419470e-03  5.53493500e-02
  1.35069788e-01  4.21376638e-02 -1.15766317e-01  1.54376952e-02
  2.34244112e-02 -5.27653880e-02 -5.15910685e-02 -3.30968201e-02
 -5.54668754e-02 -8.80026352e-03 -7.04073384e-02  1.09051345e-02
  2.34633125e-03 -2.97120344e-02  1.36366999e-02 -7.26829246e-02
  8.94986908e-04  1.63982192e-03  3.37459408e-02 -1.97716951e-02]"
16,What is the type of this attribute: Speed of a car (in miles per hour),Continuous | Ratio,easy,15,4.420000000000002,"['A. Binary', 'B. Discrete', 'C. Continuous', 'D. Nominal', 'E. Ordinal', 'F. Interval', 'G. Ratio']",7,10.285714285714286,"[ 3.90821174e-02  5.71339205e-02 -2.31094677e-02  4.97704074e-02
 -1.51291918e-02  1.83720682e-02 -5.33645647e-03 -1.92317571e-02
  5.52887935e-03 -6.06261455e-02  1.00864224e-01 -7.23118633e-02
  5.10423118e-03  6.72050416e-02 -4.08785082e-02  4.20146342e-03
  2.84364149e-02  8.15234333e-03 -3.85023244e-02  3.76383364e-02
  3.08399703e-02 -1.30398641e-03  3.23442891e-02  1.59169473e-02
  3.49509381e-02 -1.74138870e-03 -9.20851305e-02  2.84847673e-02
  1.41824398e-03  1.54357981e-02 -8.36256742e-02  2.44574323e-02
  2.87757684e-02  1.45956231e-02 -8.65981802e-02 -7.51322359e-02
  1.01121953e-02  2.89613288e-02  2.33547427e-02  6.42411336e-02
  3.36333476e-02 -8.87211114e-02  1.84461940e-02  6.95646405e-02
  8.49971175e-03  1.96228828e-02  2.35544052e-02  5.49434684e-02
  4.30668704e-03  3.77211124e-02 -3.40067036e-02  1.02090888e-01
 -9.27132145e-02  2.08589807e-02  9.78790224e-03  2.25946549e-02
 -5.81210479e-03  8.36779103e-02 -2.81563457e-02 -2.84388699e-02
 -3.15616131e-02 -1.67858489e-02  3.18616517e-02  1.83655340e-02
  3.45153697e-02 -3.49926725e-02 -5.76881096e-02 -1.37461443e-02
 -4.10437658e-02  5.09020267e-03  1.68724097e-02 -3.93227078e-02
  9.45328549e-03  8.60284269e-03  5.19693010e-02 -9.37049091e-02
  5.94817810e-02  4.56511825e-02  1.86391585e-02 -5.18844463e-02
 -3.30273900e-03 -7.19801523e-03 -3.90377939e-02 -8.10050464e-04
  4.04161848e-02  5.08353636e-02  6.00212589e-02  4.01510559e-02
 -1.07140001e-02  1.29085593e-03 -4.33410220e-02 -1.08116502e-02
  2.71739326e-02 -9.69268158e-02  4.37532105e-02  5.19636013e-02
 -1.76205859e-02  1.36809675e-02  1.83322635e-02 -4.72590439e-02
 -3.63996439e-03 -8.93347524e-03 -3.76818813e-02  5.94021529e-02
 -6.83133379e-02 -8.68809316e-03  6.70422316e-02  5.10110557e-02
 -1.55004887e-02  7.28383884e-02  3.68872732e-02 -6.37422223e-03
 -1.99810296e-04 -6.13989905e-02 -5.30880466e-02 -8.52937624e-03
 -4.15274240e-02  4.18754593e-02  9.09535810e-02  3.80300991e-02
 -2.86052674e-02 -8.63730982e-02  1.64622553e-02  2.34769657e-03
  5.33699952e-02 -5.14519075e-03  8.88729692e-02 -5.64830729e-33
 -7.39609301e-02  1.90965924e-02  1.27589395e-02 -1.24827465e-02
 -6.06791079e-02 -2.78050862e-02 -7.79410452e-02  5.87032251e-02
  9.09912214e-02  5.23593929e-03 -2.24756654e-02 -3.23265642e-02
 -3.32330950e-02  8.26495066e-02  6.12451732e-02  4.20023091e-02
 -4.25240919e-02  8.13259557e-03 -4.92703095e-02 -6.61857203e-02
  1.57848690e-02  7.44991899e-02  1.09851379e-02  2.42474978e-03
  3.60986702e-02 -6.09745011e-02 -6.52245537e-04  2.74536610e-02
 -1.65244602e-02  1.28447479e-02 -3.93394101e-03  4.84543964e-02
 -5.94207533e-02 -5.43160290e-02 -3.77134793e-02 -1.54914847e-02
 -4.86191176e-02 -1.69175249e-02  8.72046649e-02  2.13806387e-02
 -1.24273738e-02 -2.50764992e-02 -5.12690432e-02 -5.54537326e-02
 -4.17202041e-02  4.37083095e-02  1.44843757e-02  2.69155018e-02
 -6.56386241e-02  6.46710694e-02 -3.60761881e-02 -4.45431396e-02
  2.89840605e-02 -7.92946368e-02  1.76065788e-02  1.06866717e-01
  3.24097089e-02  1.01501837e-01 -1.12639196e-01  6.30049109e-02
 -9.12913010e-02  4.92701344e-02  6.65285736e-02 -7.59521052e-02
 -1.01692013e-01 -4.47927527e-02 -5.80741912e-02  3.18003185e-02
  5.52110597e-02  2.20485181e-02  5.39526232e-02 -8.79920088e-03
 -5.12894951e-02 -6.33465033e-03 -9.19629913e-03 -3.75733525e-02
  2.79031135e-02 -5.95025681e-02 -3.91388200e-02  4.82312739e-02
 -2.14829326e-01  8.56137648e-02 -4.94570546e-02 -5.84938154e-02
  1.64637174e-02  9.11714975e-03  1.14312014e-02  2.26526894e-02
  1.55017544e-02 -8.27388093e-02  2.82063913e-02  2.57350095e-02
 -1.07320234e-01 -2.68645380e-02 -3.02910376e-02  1.03364938e-33
 -3.32363993e-02 -2.85263918e-02 -1.39046898e-02  4.93873507e-02
  6.09461218e-02 -1.99754257e-02 -2.64513795e-03  6.48906156e-02
  3.22558731e-02  7.70949125e-02 -1.77567266e-02 -4.30324897e-02
 -2.27363370e-02 -5.63997477e-02  5.47486395e-02  4.44221459e-02
 -3.44503149e-02 -3.73168550e-02 -6.78030699e-02  4.90422361e-02
 -4.55407389e-02 -1.64946392e-02  7.56004900e-02  2.20055450e-02
 -1.46572357e-02 -3.78218740e-02 -2.67628357e-02 -5.43222986e-02
 -3.68170962e-02 -6.00981154e-02 -1.84081532e-02  8.32466315e-03
 -3.00524067e-02  2.54278025e-03 -8.34361836e-02  1.54266180e-02
  5.59149198e-02 -7.41042122e-02 -9.24203098e-02  1.39461234e-02
 -3.56568536e-03 -6.57483861e-02  9.34386551e-02 -6.76215487e-03
 -7.78591610e-04  3.16719525e-02  5.00686467e-02 -8.75974670e-02
 -7.98982196e-03 -1.99266840e-02  9.85795483e-02 -8.57538208e-02
 -1.36916908e-02  9.65843722e-02 -3.12849060e-02  1.19862026e-02
 -6.52777404e-03  4.72032791e-03 -2.01998204e-02  4.31521013e-02
  7.98364952e-02 -4.12737466e-02 -9.72510595e-03  1.47308469e-01
 -8.59281719e-02 -8.91499072e-02  2.46020649e-02 -8.15236717e-02
 -4.01401408e-02 -3.80429327e-02  6.81078508e-02  8.54972675e-02
 -1.08072860e-02  5.92361353e-02 -1.39257878e-01 -1.06419034e-01
  6.59663528e-02  7.14960694e-02 -1.25736976e-02  2.10186504e-02
 -4.43313159e-02  5.30937593e-03 -3.84190935e-03  2.65993346e-02
 -1.09970115e-01 -6.44353554e-02 -5.25406860e-02 -6.31941110e-03
  3.21893916e-02  1.25674168e-02 -1.58819705e-02  1.21087722e-01
 -9.35124010e-02  4.51298878e-02 -1.29296556e-01 -2.29394370e-08
 -2.55579362e-04 -3.96207534e-02  1.08693708e-02 -6.15423582e-02
 -1.04289977e-02  4.89833467e-02  1.38900550e-02 -1.49711715e-02
 -5.28976545e-02  7.09732175e-02  7.86575526e-02  3.89558598e-02
  2.36758459e-02  2.45351028e-02 -1.75159127e-02 -7.71249160e-02
  1.51179368e-02  3.44340205e-02  9.68564302e-03  4.80759889e-02
  9.44419131e-02  4.06572856e-02 -8.13458785e-02  2.63048839e-02
  2.88971756e-02 -3.90300341e-02 -2.71144379e-02  9.58441664e-03
  9.77458060e-02 -3.05705355e-03 -2.41435003e-02  2.43350174e-02
  2.46322155e-02 -2.27753259e-02 -5.01264073e-02  4.84908326e-03
  2.36274656e-02  3.95663343e-02 -1.69941168e-02  7.37210363e-02
  4.35108654e-02 -5.27243093e-02 -5.46276905e-02 -4.56598736e-02
  9.10833403e-02  3.14040598e-03 -7.80989304e-02  3.15343626e-02
 -7.83345550e-02  1.17845302e-02  2.25957930e-02 -1.06217917e-02
 -3.78502607e-02  3.57733890e-02 -1.25285853e-02 -3.27987745e-02
 -1.56457219e-02 -5.20089753e-02 -8.18577316e-03 -7.64833838e-02
  2.66368631e-02  2.62552388e-02  9.64158475e-02  3.14018317e-02]"
17,"What is the type of this attribute: Movie ratings provided by users: 1, 2, 3, or 4-stars",Discrete | Ordinal,easy,17,8.39294117647059,"['A. Binary', 'B. Discrete', 'C. Continuous', 'D. Nominal', 'E. Ordinal', 'F. Interval', 'G. Ratio']",7,10.285714285714286,"[ 2.93893516e-02 -7.96903670e-02 -8.60307813e-02  2.97975391e-02
 -2.71055046e-02  1.18238926e-01  7.31434375e-02 -2.05344092e-02
  3.39848734e-02  4.36580228e-03  7.61374785e-03 -7.45371282e-02
  6.22920170e-02  4.62557599e-02 -6.17914610e-02  2.70090085e-02
  7.43912756e-02 -1.03529260e-01  1.43650603e-02 -4.70491275e-02
  5.86376749e-02 -1.40499920e-02  3.59895118e-02 -9.78803542e-03
  7.47482777e-02 -6.22716993e-02 -6.65465221e-02  6.64019436e-02
 -3.71940471e-02 -4.85353405e-03 -7.34398956e-04  7.19772354e-02
  3.32469419e-02  3.49549204e-02 -8.19370970e-02 -2.23554336e-02
 -3.06608696e-02  1.44812502e-02 -9.34792683e-02  5.44451587e-02
  4.64773700e-02 -9.99011099e-03  9.72630158e-02  3.96926664e-02
  1.39780268e-02 -3.13940202e-03 -8.29742700e-02 -3.16816233e-02
 -1.11312382e-02  3.17856409e-02 -3.04058194e-02  8.31804276e-02
 -1.32067911e-02  3.07690073e-02  3.16215381e-02 -6.89791366e-02
 -9.77738351e-02  4.91901208e-03 -3.88415046e-02  1.11561185e-02
 -1.00484397e-02 -1.26757901e-02  1.58205349e-02 -7.19165197e-04
  1.23969086e-01  1.11993635e-02 -1.17114648e-01 -9.03270468e-02
 -7.60901347e-02 -3.06199603e-02 -4.85192463e-02 -9.80043225e-03
  2.38217395e-02 -2.50954702e-02  4.19223458e-02 -3.95115018e-02
 -5.13010193e-03 -6.28833994e-02  4.11644951e-02 -1.07109081e-02
  1.94700959e-03 -2.96642557e-02  2.03789454e-02  6.61839684e-03
 -4.92233969e-03 -7.66896224e-03  2.09055003e-02 -6.14959449e-02
 -6.75113276e-02  1.01531282e-01 -3.99804302e-02  3.09755150e-02
  3.55990268e-02 -5.94371837e-03 -7.30197085e-03  5.19543849e-02
 -5.24047501e-02 -9.24583748e-02  7.58292228e-02  7.50606041e-03
  1.07941022e-02 -5.69115020e-02  4.43317443e-02  6.42327545e-03
 -1.22513836e-02 -4.82873581e-02  9.40668657e-02  2.23137774e-02
 -3.82947400e-02  1.75935086e-02 -5.84556460e-02  2.95581166e-02
 -2.06702519e-02 -4.15983722e-02  7.92940333e-03  1.94097795e-02
 -2.79208161e-02  4.09343056e-02  9.90081131e-02 -7.79237412e-03
  7.28015751e-02 -8.20474792e-03  1.13059685e-01 -7.42004141e-02
 -4.36411984e-02  2.09325124e-02 -4.98104934e-03 -4.44356921e-33
  1.31279966e-02  6.53849356e-03  4.11182940e-02  2.46598432e-03
 -6.13790601e-02  4.42732014e-02 -3.05776838e-02  1.90992747e-03
 -2.38140728e-02 -5.36767356e-02  1.86917279e-02  2.08817367e-02
 -1.69028994e-02  1.15683742e-01  7.41921291e-02  5.44641055e-02
 -1.03194360e-02  9.81718767e-03 -4.50220667e-02 -5.93683831e-02
  2.81419717e-02  8.90980363e-02  9.96483769e-03  5.12213111e-02
  1.50537200e-03 -4.06458415e-02 -3.97364376e-03 -2.16398085e-03
  7.52990786e-03  1.70310903e-02  2.92488448e-02  3.25417742e-02
 -1.06491046e-02 -1.06031090e-01  2.46079196e-03 -1.96103938e-02
 -5.24105318e-02 -3.41472775e-03  8.58249143e-02 -2.44659595e-02
  8.16660747e-03 -1.50013501e-02 -1.09275751e-01 -4.67632711e-02
 -1.05737291e-01  4.91294526e-02  1.60660315e-02  4.22821157e-02
 -1.29666820e-01  1.41616866e-01  2.72796880e-02  1.15256326e-03
  7.07444325e-02 -1.60282257e-03 -7.41897291e-03  6.03906959e-02
  2.80623361e-02 -1.23770079e-02 -5.46038747e-02 -9.70815346e-02
 -3.79232988e-02  7.79964924e-02  1.69383083e-02 -1.28827542e-01
 -1.07659243e-01  3.04012261e-02  8.00033361e-02 -1.32657040e-03
  4.97418791e-02  4.96157147e-02 -1.63987875e-02  7.86511153e-02
 -2.59217769e-02 -1.02662379e-02 -5.08217514e-02 -5.78311877e-03
  1.34924259e-02 -6.44157315e-03  4.61876690e-02  4.53569740e-02
 -1.23284601e-01  1.50134377e-02  4.99778502e-02 -5.31164147e-02
 -3.78992558e-02 -1.99604947e-02  6.94793602e-03 -1.06435651e-02
 -1.94056390e-03 -7.49062374e-02  6.78891987e-02 -2.06735469e-02
 -8.49281624e-03  1.70609914e-02 -2.60653440e-02  1.06111131e-33
 -5.32900691e-02 -1.73262022e-02 -2.94134673e-02 -3.66824009e-02
  4.06466946e-02 -8.38071406e-02 -2.52518319e-02 -3.44585590e-02
  8.30327868e-02  2.95317024e-02 -1.26414103e-02 -1.36626083e-02
 -1.88514311e-02 -5.90235479e-02  1.00689553e-01  1.94770880e-02
 -1.08326152e-01 -4.10903618e-02 -3.23925763e-02  4.39886637e-02
  4.71395366e-02  2.22695433e-02  3.61671147e-04  6.25453070e-02
 -3.19745019e-02 -1.73436906e-02  6.41453732e-03 -9.34444591e-02
 -2.58510443e-03 -3.43219191e-02  2.78642699e-02 -7.27798715e-02
  1.80194378e-02  4.53023575e-02 -5.56688458e-02 -5.70723489e-02
  5.80295324e-02 -9.78638455e-02 -4.93719913e-02  8.51841867e-02
 -6.69434527e-03 -2.53124116e-03  1.22006964e-02  2.58863606e-02
 -1.08967777e-02  5.07195070e-02  5.94649985e-02 -3.07364389e-02
 -7.74527118e-02 -1.25003355e-02 -6.51831403e-02 -1.19913509e-02
 -3.11700962e-02  5.06965518e-02 -8.19270015e-02 -1.19047035e-02
 -3.85416206e-03  1.93059947e-02  8.71274844e-02  8.39273706e-02
  5.57771958e-02 -4.18718457e-02  7.66016659e-04  3.40270363e-02
 -2.87799835e-02 -3.50283086e-02  1.46977501e-02 -5.56956511e-03
 -1.11548737e-01  3.79976234e-03  7.69198090e-02  8.61288048e-03
  5.48368832e-03 -2.76907850e-02 -5.75003549e-02 -1.73122920e-02
 -2.92072147e-02  5.77610023e-02 -2.50347946e-02 -2.55704168e-02
 -3.85311618e-02  4.35957722e-02  5.82068563e-02 -2.83249058e-02
  5.05541116e-02 -6.32170886e-02  9.18950662e-02  2.39005964e-02
  9.24561359e-03 -1.34203518e-02 -8.83830339e-03  6.90346584e-02
 -3.88713181e-03  6.30252017e-03 -7.46721923e-02 -2.27842225e-08
 -4.94518653e-02 -3.29860114e-02 -2.82486137e-02  3.74367610e-02
 -3.89766246e-02  3.85366641e-02 -4.89209928e-02  8.43555182e-02
  7.73774311e-02  2.71909460e-02  6.90010786e-02 -3.61512252e-03
 -4.34553847e-02 -4.80844826e-02  8.08544755e-02 -7.87698850e-02
 -2.26744805e-02  7.43797868e-02  1.86638888e-02  6.32351264e-02
  7.84512386e-02 -1.04505254e-03 -3.75682972e-02 -6.37076274e-02
 -1.97532736e-02  2.95336358e-02 -2.94083841e-02 -1.87230296e-02
 -5.68272453e-03 -6.62667910e-03  3.23982462e-02  4.64085229e-02
  2.18013339e-02 -9.52139720e-02 -2.43154988e-02  9.64843631e-02
  3.17831784e-02 -3.54913250e-02  1.67614818e-02  8.47268552e-02
  3.14179212e-02 -4.20878418e-02 -1.60940699e-02  2.24382766e-02
  5.15765436e-02  8.15757737e-02 -5.83524741e-02 -5.26401959e-02
 -1.04317740e-02 -3.88337933e-02 -4.91905808e-02 -4.60238196e-02
 -6.91499487e-02  5.14467359e-02  1.72552734e-03 -3.79713215e-02
  2.90848687e-02  7.55883753e-02  4.18621190e-02 -9.31564346e-02
  6.84996173e-02  9.83724836e-03  2.13603154e-02  1.07875064e-01]"
18,In which task does the primary goal involve finding patterns or relationships between variables without the need for predefined labels or categories?,Clustering | Association Rules,hard,22,14.98090909090909,"['A. Classification', 'B. Regression', 'C. Dimensionality Reduction', 'D. Clustering', 'E. Association Rules', 'F. Anomaly Detection']",6,18.333333333333332,"[ 1.99403823e-03  7.15965778e-02 -1.08336836e-01  8.84477980e-03
 -1.19971884e-02  4.59122136e-02 -2.94720139e-02 -2.90968809e-02
  2.64043026e-02 -4.23245830e-03  1.42133739e-02 -3.23488116e-02
 -1.21483551e-02  7.81999156e-02  7.56396726e-02  6.83057159e-02
  4.71647410e-03  1.76277794e-02 -1.73395518e-02 -7.67054111e-02
  2.66479068e-02 -8.84887297e-03  1.01804640e-03 -4.14583366e-03
 -1.53998565e-02  6.85156360e-02 -1.63472667e-02 -2.46345270e-02
  3.64909135e-02  2.71406751e-02  5.82887791e-02  1.04948610e-01
  4.26657200e-02  7.27153942e-02 -6.20123222e-02  9.95208770e-02
 -2.93132979e-02  4.94151823e-02  2.24649142e-02 -1.29876900e-02
 -5.87862916e-02  1.69630069e-02 -3.25729046e-03  1.25440368e-02
  6.20977096e-02  2.41100620e-02  9.79199540e-03  6.11661584e-04
 -7.63079375e-02 -1.32082766e-02 -7.21688047e-02 -4.70078290e-02
 -6.01108298e-02  8.55774898e-03  4.81538475e-02  8.40142965e-02
  1.82729978e-02 -4.02456708e-02 -2.76107248e-02  2.21753144e-03
 -4.43050452e-02 -7.29231676e-03 -7.75574371e-02  1.11889569e-02
  4.67968956e-02  5.82630653e-03 -2.76600197e-02  2.08629407e-02
  5.00740930e-02 -1.68900974e-02 -4.58097719e-02  6.50593713e-02
 -2.94213612e-02  3.37671191e-02  6.24945275e-02 -2.41314434e-02
 -8.88595264e-03 -3.06145232e-02 -6.82060653e-03 -5.83601706e-02
 -1.68870464e-02  1.18334547e-01 -3.99417663e-03  9.82983559e-02
  9.50041264e-02 -1.87519081e-02 -1.13330567e-02  8.36842693e-03
 -1.02071119e-02  9.62793827e-03 -1.06245456e-02 -1.26083419e-01
  7.89415836e-02 -3.70041020e-02 -1.50361219e-02  5.16477302e-02
  3.60211097e-02 -7.48366863e-02  7.95735419e-02 -2.04420509e-03
  2.44003721e-02 -1.07630976e-02 -6.32582232e-03  1.97207853e-02
 -9.78793725e-02 -6.25498593e-02  6.69609662e-03  1.03601394e-02
  2.94386186e-02 -6.69807047e-02 -6.46777451e-02 -3.83427292e-02
 -2.75225211e-02 -3.38282399e-02 -2.04942729e-02 -4.15223725e-02
  1.99772976e-02  2.65952256e-02  9.62428972e-02  3.42025012e-02
 -4.36757281e-02 -7.20687024e-03  4.65127341e-02  2.23587733e-03
 -2.50976030e-02  5.50497584e-02 -1.33748814e-01  6.37047196e-36
  1.18918288e-02 -4.56311144e-02  2.18852540e-03  2.99797039e-02
 -4.26676087e-02 -1.26733128e-02 -3.03272456e-02  4.35780212e-02
  1.12451315e-01  1.04342118e-01  2.03374494e-02  1.07675530e-01
 -6.56556860e-02  1.17638893e-01  5.32285161e-02 -3.32731307e-02
 -3.10124271e-02  1.45637035e-01 -1.05922736e-01 -2.27570329e-02
 -5.52317016e-02  1.08364355e-02  3.16776372e-02 -2.63004825e-02
  5.08501865e-02 -1.74108744e-02 -1.59479659e-02 -5.86967431e-02
  3.61404531e-02 -1.12875598e-02  2.34982092e-02 -1.63367707e-02
  2.53381208e-02  9.97680519e-03 -2.21190136e-02  5.08239791e-02
  1.28633797e-03 -1.75972488e-02  8.97352546e-02 -2.89949235e-02
 -2.54239924e-02 -4.08157037e-04  4.14717048e-02  5.25431819e-02
 -1.25744287e-02  5.54703921e-03 -2.65642032e-02 -3.93079929e-02
 -2.75703669e-02  9.13322996e-03 -1.83716677e-02 -1.96489431e-02
  6.29216284e-02 -6.64255098e-02  1.22029139e-02  5.30395582e-02
 -3.19784507e-02 -7.32875690e-02 -1.11695342e-01  4.58960347e-02
 -2.77913321e-04  3.38927507e-02  2.91095302e-02  6.86536729e-02
  5.47059514e-02  2.81079561e-02 -1.33015886e-02  5.97111229e-03
  8.02855492e-02  4.59051505e-02 -4.48767319e-02  7.38414079e-02
 -3.59590575e-02 -8.13463852e-02  7.36850053e-02  3.68244573e-02
 -3.45985815e-02 -5.80301620e-02 -8.04850683e-02 -5.90937994e-02
 -2.70697791e-02  2.60075703e-02  5.41248135e-02  3.86604741e-02
 -4.84914482e-02 -1.60266683e-02  1.59916189e-02 -5.77543639e-02
  2.93443035e-02 -3.68872508e-02 -4.68620583e-02  3.78470048e-02
 -1.05871074e-01  4.81972657e-02  6.27793893e-02 -2.99165369e-33
 -5.58461696e-02 -1.08247679e-02 -2.81882063e-02 -5.53561971e-02
 -1.95352435e-02 -1.37456330e-02  5.80207398e-03 -1.58917844e-01
  6.76205233e-02  1.78774148e-02 -9.67299044e-02 -3.12482044e-02
 -6.67092726e-02  1.13826059e-02 -5.57593666e-02  6.35195477e-03
 -1.30970091e-01  2.84474585e-02  3.93475480e-02  6.14438020e-02
 -5.40349446e-02  1.08798034e-01 -1.45942748e-01 -3.46749760e-02
  5.72592765e-03 -2.55749077e-02 -1.15444604e-02 -9.36110243e-02
 -3.78380641e-02  4.36160155e-02 -8.64172503e-02 -9.04930085e-02
  3.74385752e-02 -8.09464976e-02 -5.88855185e-02  2.94951126e-02
 -3.86377983e-02 -1.71437804e-02 -6.94466531e-02 -3.70195881e-02
 -2.80187000e-02  7.04650283e-02 -6.03359826e-02 -2.42390987e-02
 -4.88282274e-03 -2.35295463e-02 -3.90573964e-02  4.27830443e-02
  7.12019876e-02  1.93917509e-02  1.99765135e-02 -3.09818033e-02
 -2.68108658e-02 -5.44528849e-02  9.75417346e-03 -1.60008669e-03
 -2.65520699e-02 -9.60104242e-02 -2.30446570e-02  4.97430600e-02
 -2.13420000e-02  4.61852960e-02  3.92421409e-02  2.16306206e-02
  6.38522033e-04 -5.47169335e-02  1.06809167e-02  6.25484216e-04
  3.17620113e-02 -9.63070914e-02  7.82660171e-02  2.38443762e-02
 -6.81193871e-03  9.27551556e-03 -8.21713731e-02 -2.79269628e-02
 -5.40003479e-02 -3.95824611e-02 -7.21250921e-02  7.38573372e-02
  1.54243615e-02 -5.78138158e-02 -4.29720692e-02  5.76830618e-02
 -7.71552250e-02  4.19209041e-02  4.55508754e-02  3.38068716e-02
  7.04512671e-02 -2.37463266e-02 -2.59170849e-02  1.22324396e-02
 -5.48104905e-02  5.94782084e-02 -5.87355979e-02 -3.09035286e-08
 -5.41565306e-02 -1.61070004e-02  1.46169970e-02 -2.10770313e-02
 -3.44917551e-02  8.00388083e-02  1.51686100e-02  8.76587555e-02
 -5.97315244e-02  4.64376546e-02 -1.38937887e-02  2.28363983e-02
 -3.99071313e-02  4.13129106e-02  4.39451002e-02 -1.15205608e-02
  1.46068498e-01 -1.96486562e-02 -2.93644685e-02  2.83357725e-02
  9.05587971e-02 -1.23370672e-02 -8.25273246e-02 -5.07370988e-03
  9.00363177e-02 -9.47663113e-02  2.29689348e-02  1.00277729e-01
  5.74454814e-02  4.08994704e-02  4.86943591e-03  4.84763123e-02
 -6.38498515e-02  3.25932428e-02  5.47649004e-02  5.44287860e-02
 -3.63209657e-02 -4.58052456e-02 -2.93928175e-03 -3.97867523e-02
  6.61175000e-03  3.35467011e-02 -2.33925954e-02  3.37921120e-02
  1.06089367e-02  3.27312797e-02  7.18691899e-03  4.62295339e-02
 -1.25280563e-02 -1.86899863e-02 -6.48047999e-02  1.97205762e-03
 -5.58133945e-02  1.24786003e-02  2.95325294e-02  2.70728730e-02
  2.26633325e-02 -4.07068059e-03 -3.91095616e-02  3.12072113e-02
  8.11241791e-02  5.90239353e-02 -1.01531940e-02 -3.35469991e-02]"
19,An algorithm that finds relationships between items in a transactional database is used for:,Association Rules,easy,14,12.62714285714286,"['A. Classification', 'B. Regression', 'C. Dimensionality Reduction', 'D. Clustering', 'E. Association Rules', 'F. Anomaly Detection']",6,18.333333333333332,"[-2.58744489e-02  5.32057881e-02 -1.22979037e-01 -6.95486087e-04
 -1.05477691e-01  2.13809367e-02  7.62260705e-02 -1.49485720e-02
 -6.73036836e-03 -3.37570272e-02  7.86560625e-02  2.67837718e-02
  1.14364110e-01 -1.21285105e-02 -3.60488072e-02  4.85388041e-02
  5.08266687e-02  2.27305349e-02 -4.55409400e-02 -2.83421893e-02
 -7.75594190e-02 -1.37082220e-03 -7.30919605e-03  2.69337930e-02
 -1.71097666e-02  3.39834057e-02  2.28636786e-02 -3.40883038e-03
 -1.33373262e-02 -3.07837538e-02  2.10286230e-02  6.60254061e-02
  5.28402217e-02  5.42236045e-02 -3.42493281e-02 -4.33106385e-02
  3.41570899e-02  9.30520333e-03 -3.28972451e-02 -4.88173999e-02
 -2.85293274e-02  3.36511508e-02  1.16023812e-02  3.56236100e-02
  8.03540051e-02  1.67423431e-02 -7.44929537e-02  1.22353313e-02
 -4.91299368e-02  6.65395558e-02 -1.39290765e-01 -1.53910762e-04
 -1.09374719e-02  9.80613008e-02  5.06898947e-02  1.08869880e-01
  4.14817370e-02 -5.31371348e-02 -9.46678370e-02  5.99669926e-02
  7.99535513e-02  2.01860406e-02 -4.96748872e-02 -1.99772511e-02
 -2.61307731e-02  5.66243893e-03 -1.30764360e-03  5.62355295e-03
 -2.47698668e-02 -7.11456835e-02 -3.34610939e-02  2.79911477e-02
 -1.40128598e-01  7.52614588e-02 -2.47431770e-02  7.05455383e-03
  5.38730659e-02 -4.95759957e-02 -6.90666512e-02 -4.79441881e-02
 -8.50095525e-02  1.00981956e-02 -1.64745264e-02 -3.83535288e-02
  1.02221668e-02 -3.77835855e-02  2.70812456e-02 -5.78196198e-02
 -6.87692827e-03  4.60026078e-02  2.25651786e-02 -2.30259337e-02
  6.74571991e-02 -1.33725464e-01  9.77560226e-03  1.04188640e-02
 -3.47101572e-03 -1.21267755e-02  9.99613553e-02  2.64829099e-02
  3.85887804e-03  8.64412859e-02 -2.54413243e-02 -1.80619098e-02
 -7.96843916e-02  2.25203671e-02  1.29628358e-02 -4.51152474e-02
 -1.28679117e-02 -6.21237978e-02 -6.84828684e-02  4.00946140e-02
 -7.62045234e-02 -4.50367667e-02 -2.77833212e-02 -1.08999116e-02
 -3.52535467e-03  6.49677515e-02  4.54632454e-02 -6.64226338e-03
  4.66932449e-03  5.03378436e-02  9.78108682e-03  2.44793706e-02
 -6.74631745e-02 -3.36821973e-02 -8.79219919e-02 -2.51650161e-33
 -1.08113885e-02 -4.77711968e-02  9.14274901e-03 -3.08787692e-02
  1.44040575e-02 -2.68551540e-02 -7.44083896e-02  9.02498327e-03
 -1.42902909e-02  4.85091135e-02 -3.92494276e-02  9.96911749e-02
 -2.85253283e-02  1.86989196e-02  5.08744121e-02 -2.45169573e-03
 -4.92573567e-02  1.07667930e-01  3.01603600e-02 -3.28950509e-02
 -1.66882351e-02 -2.89696082e-03  3.12157869e-02  5.01639694e-02
  4.96268682e-02  1.18460357e-02 -1.71437543e-02 -7.07195140e-04
  3.68333459e-02 -8.86482839e-03  3.66491191e-02 -3.22265713e-03
 -1.73112955e-02 -1.86601393e-02  6.67989254e-02  8.34865198e-02
 -5.94850369e-02 -7.24629909e-02  2.44330093e-02 -1.69867035e-02
 -5.53892814e-02  3.80402873e-03 -2.22249944e-02  1.83157641e-02
 -1.14012904e-01  7.63527378e-02 -8.82847086e-02  2.35993834e-03
  3.97419296e-02  2.62221806e-02  1.79888438e-02  7.69828074e-03
  3.81327011e-02  2.13949988e-03 -3.99573073e-02  2.63843760e-02
  1.55707384e-02 -2.31691194e-03  2.59514693e-02  8.60517398e-02
  5.00947749e-03 -5.48543185e-02 -9.07019433e-03 -5.20125218e-03
  3.26946750e-02  4.97154891e-02 -5.28464392e-02 -8.51053521e-02
  6.15642853e-02  4.31311652e-02 -5.52886352e-02  7.82466531e-02
  5.73797263e-02  1.51155395e-02 -1.53924851e-02  1.32931480e-02
 -2.59463582e-02 -5.43028191e-02  6.95963250e-03 -3.03674601e-02
 -1.17749594e-01 -2.20562462e-02  5.70882298e-02  1.81673951e-02
 -7.42958710e-02  3.49919125e-02 -4.38526943e-02 -1.51803177e-02
 -1.22382408e-02 -2.63914512e-03  2.28320478e-05  8.96810293e-02
 -2.21629273e-02  4.86203358e-02  1.41830012e-01 -8.07466906e-34
  4.23137546e-02 -1.75683815e-02 -4.69268905e-03 -5.57527179e-03
  4.93069142e-02 -7.09035993e-02 -4.58501801e-02 -7.70515352e-02
  1.42074209e-02 -1.50589515e-02 -1.48572465e-02 -5.08315526e-02
  2.90156119e-02 -3.71783180e-03  5.75405657e-02  1.43456711e-02
  1.45406118e-02 -5.45330308e-02  4.43710499e-02  5.24552166e-02
 -2.37566587e-02  1.05982795e-01 -4.08919342e-02  2.07645688e-02
 -3.34714837e-02 -3.76762971e-02 -2.60615218e-02 -5.18653095e-02
 -6.52663559e-02 -3.60382069e-03 -2.00110245e-02 -8.54062736e-02
  1.84150245e-02 -4.19170223e-02 -1.46200117e-02 -4.61958796e-02
  2.31613245e-04 -5.90884080e-03  3.97233777e-02 -4.07831520e-02
 -8.87170248e-03  1.00198977e-01  2.03297380e-02  2.18783114e-02
  1.82560962e-02 -9.15461220e-03 -1.23760663e-01  3.84747721e-02
  1.37334064e-01 -1.45179825e-02 -9.64415073e-03  8.97938106e-03
  4.17034514e-02 -4.82888222e-02  4.74882014e-02  1.10990018e-01
  3.04081962e-02 -3.94695587e-02  6.79422691e-02  8.07783939e-03
 -6.00007065e-02  5.59428930e-02  6.23781420e-02  7.18071461e-02
  5.66797592e-02 -1.40485894e-02 -1.84172522e-02 -2.00858787e-02
 -6.79722130e-02 -1.90854371e-02  6.15564510e-02  4.25817892e-02
  2.21834369e-02  6.42192885e-02  2.16766056e-02 -7.44342506e-02
 -2.57742740e-02 -9.11848545e-02 -3.38455266e-03  1.17652286e-02
 -5.19710369e-02  3.44757475e-02  5.08053042e-02  4.86192219e-02
 -8.98314938e-02 -6.27640709e-02  3.10339555e-02 -2.83151790e-02
  4.01106253e-02 -2.37024371e-02 -3.34262401e-02 -4.56729680e-02
 -6.64516091e-02 -4.69104238e-02 -8.19060653e-02 -2.09839630e-08
 -6.46056235e-02 -1.17305987e-01 -2.29672808e-02  2.36693062e-02
  7.49318749e-02 -9.90320090e-03  3.61532271e-02  1.24926157e-01
 -7.08343089e-02 -4.07182835e-02  3.15853325e-03  1.25638191e-02
 -5.45386486e-02  5.11120558e-02  5.08932509e-02  1.83551311e-02
  3.53306830e-02 -8.33679065e-02 -4.19375263e-02  2.22064331e-02
  4.01665121e-02  7.53512979e-03  2.72725690e-02  7.32070729e-02
  5.86961806e-02 -4.60783839e-02  3.52586173e-02  1.32135555e-01
  4.35466915e-02 -2.20400337e-02  3.58897932e-02 -2.55793016e-02
  6.00915477e-02 -2.51088738e-02  4.27306816e-02  3.33415419e-02
  5.55259101e-02  1.10636083e-02 -1.08284958e-01 -5.07770143e-02
 -2.41859145e-02 -5.69563024e-02 -2.56744046e-02  5.49492463e-02
  6.82802647e-02  4.25532237e-02 -1.68835428e-02  6.27442671e-04
 -3.77868488e-02 -2.19917931e-02 -7.28662089e-02 -5.25620840e-02
  2.99089309e-02 -2.74547581e-02 -8.63144398e-02  1.95121132e-02
  3.67121808e-02 -2.19953377e-02  1.09461024e-01 -9.71835926e-02
  7.09738955e-02 -4.05284902e-03  8.67875442e-02  4.25021257e-03]"
20,"Which task involves predicting a binary outcome, typically represented as 0 or 1?",Classification | Anomaly Detection,hard,13,11.264615384615386,"['A. Classification', 'B. Regression', 'C. Dimensionality Reduction', 'D. Clustering', 'E. Association Rules', 'F. Anomaly Detection']",6,18.333333333333332,"[ 1.70439091e-02  8.63758847e-03 -7.00458810e-02  4.55410294e-02
  1.61330290e-02 -4.58315797e-02 -7.86090642e-03  1.74390282e-02
  5.02809621e-02  3.03074829e-02 -5.79318181e-02 -8.44352618e-02
  3.94969955e-02  7.10125268e-02 -9.26012695e-02  1.50295172e-03
 -5.75135113e-04 -5.85757270e-02  4.16919105e-02 -2.40609888e-02
  7.53595456e-02 -3.82617326e-03  3.05472352e-02  9.00200382e-03
  3.23062018e-02 -6.51600435e-02 -4.42041084e-03 -3.50011215e-02
 -3.11135538e-02 -3.58821191e-02  2.90099978e-02  5.40668098e-03
  9.52914283e-02  1.26814414e-02 -5.82123995e-02  2.36344524e-02
 -1.74164604e-02 -4.56281900e-02 -6.73355460e-02  1.91462133e-02
  1.21455267e-03 -9.06509347e-03  5.76008996e-03  2.69898735e-02
  5.97896576e-02  1.99880991e-02 -1.46617945e-02  1.56914964e-02
 -3.86517197e-02  3.31774019e-02 -4.17134055e-04  1.34904392e-03
 -1.72704307e-03  1.25229154e-02  1.58365779e-02 -4.49157832e-03
 -1.52786383e-02 -2.29460634e-02 -9.46279336e-03 -6.45576939e-02
 -4.83857878e-02 -5.77771589e-02 -8.63837600e-02 -3.22802328e-02
  1.21084996e-01  2.28886213e-02 -5.12542576e-02 -7.92427734e-02
 -2.16858033e-02 -4.00220789e-02 -6.73186546e-03 -3.09887528e-02
 -4.53544371e-02  6.68222830e-02  5.10587767e-02 -4.78605703e-02
  2.50242297e-02  2.79997345e-02 -2.53633671e-02  6.21825978e-02
 -4.89837080e-02 -3.09576914e-02  1.90267190e-02  2.83567160e-02
  8.42716545e-02  1.77516434e-02  2.17757113e-02  9.02256742e-02
  5.50598688e-02  3.55978087e-02 -1.25628635e-01 -3.82314734e-02
  3.65170836e-02  2.33541010e-03  2.22406704e-02  5.40898629e-02
  5.36056496e-02 -4.86513190e-02  7.81663656e-02  4.24627475e-02
 -6.61051944e-02  1.32347895e-02  2.08292641e-02 -5.79326740e-03
  1.23501737e-02 -3.07622664e-02 -5.66436676e-03 -9.87640209e-03
 -1.29733281e-02 -9.19035450e-02  4.00765892e-03 -3.47134471e-02
  4.48051542e-02 -2.96264403e-02  5.57849649e-03 -5.93013838e-02
 -1.76981709e-03  1.06723540e-01 -7.78850019e-02  6.63677752e-02
 -2.83945818e-03 -6.03010319e-03  2.10169666e-02 -1.94039906e-03
 -5.53304665e-02  1.44656105e-02 -5.42759560e-02 -3.58327486e-33
 -2.10932754e-02 -6.74868077e-02  3.02924197e-02  6.36805454e-03
  5.79475472e-03  1.00096446e-02 -7.51015618e-02  4.09713313e-02
  5.95656522e-02 -1.13178417e-02  1.89650804e-02  1.04608182e-02
  9.38966579e-04  1.18264042e-01 -1.57055408e-02 -3.29290256e-02
 -2.64837984e-02  1.09124921e-01 -8.32391679e-02 -2.46020332e-02
 -7.32374564e-02  5.38105033e-02 -6.21932093e-03 -5.65983308e-03
  6.59467354e-02 -4.56077140e-03  8.44538503e-04 -6.97033480e-02
 -2.80693993e-02 -1.83822718e-02 -3.41383033e-02  6.10888675e-02
 -1.79558471e-02 -7.79960155e-02 -4.80028577e-02  1.98755879e-02
 -2.27639712e-02  2.15139911e-02  4.67833057e-02  4.10372391e-03
 -7.01491609e-02 -4.29046750e-02  2.91788671e-02 -7.22143129e-02
  1.47133623e-03 -6.45104870e-02  2.56960187e-02  1.53097389e-02
 -7.34794959e-02  2.01431941e-02  6.55745566e-02 -9.95574053e-03
 -8.93433113e-03 -2.53160521e-02 -1.25200050e-02  5.30001558e-02
  6.69671148e-02 -5.47238626e-02 -8.23111534e-02  1.19068930e-02
  7.09246621e-02  1.10147307e-02  6.39267033e-03 -4.45563272e-02
 -1.31968008e-02  7.45023936e-02 -7.20206276e-03 -7.48656839e-02
  7.05258474e-02 -7.46765174e-03 -5.72286248e-02  9.87904891e-02
  2.20707729e-02 -4.40836325e-02 -6.21464476e-03  1.74991470e-02
  4.61069196e-02 -9.81814414e-02 -2.48304550e-02  3.57651301e-02
  4.99735847e-02 -4.80060056e-02 -3.51657011e-02 -5.01617342e-02
 -4.80688270e-03  8.40541422e-02 -6.16239337e-03 -6.11744300e-02
 -1.29294485e-01 -8.23882297e-02 -4.14025746e-02  3.57236303e-02
 -5.07127792e-02  6.21023327e-02  2.74100974e-02  1.00316532e-33
 -9.57730785e-02  1.16047580e-02 -1.52792605e-02  1.99037455e-02
 -9.02392156e-03  1.60245243e-02 -1.81634016e-02 -1.61899194e-01
  7.43125454e-02  5.38566336e-02 -1.18967379e-03  6.27997704e-03
 -1.72979776e-02  4.22786288e-02 -5.29617481e-02  1.41822500e-02
 -7.08543807e-02  9.66557208e-03 -6.19492270e-02  7.25017563e-02
  8.73444602e-03  1.45270392e-01 -8.57636258e-02  1.11677619e-02
 -1.77913811e-02  4.44130711e-02  6.81055337e-02  2.23415475e-02
  1.95456408e-02 -4.43049707e-03 -4.64298166e-02 -9.26917568e-02
  4.77335490e-02 -7.40232840e-02  6.27335981e-02  4.21115533e-02
  6.47401959e-02 -4.15064432e-02  2.23954916e-02 -1.08335270e-02
  2.16894578e-02  4.29288857e-02 -3.95699553e-02  3.64979729e-02
  3.08972783e-02 -4.57140282e-02 -2.15579867e-02  6.24595620e-02
  7.26076066e-02  5.07898116e-03 -3.87185887e-02  1.33119315e-01
 -8.22563767e-02  4.69521396e-02 -2.08992837e-03 -3.21172029e-02
 -1.28485575e-01 -7.09555224e-02  5.19266948e-02  5.86613193e-02
 -6.65571317e-02  4.57260646e-02  8.70981887e-02  8.71063620e-02
 -3.72481719e-02  5.17584607e-02 -5.38171232e-02 -2.31422596e-02
 -5.94256725e-03  3.89803313e-02  1.20059334e-01  8.48693028e-02
  6.61407039e-02 -7.04365224e-02  2.99826674e-02 -3.79636213e-02
 -6.82167113e-02 -2.52205618e-02 -6.81296661e-02  5.71533926e-02
 -6.32927790e-02  1.54917454e-02  2.36683246e-02  8.30131955e-03
  8.73822719e-03 -2.12130276e-03  7.59847015e-02  3.05222757e-02
  5.99909984e-02 -2.38484349e-02 -3.11812200e-02  6.83927760e-02
 -1.69446431e-02  7.88164977e-03 -9.98022258e-02 -2.17766463e-08
 -3.79637652e-03 -4.43921946e-02  5.71502708e-02 -2.80790310e-02
  1.08495206e-02  1.22256763e-01 -3.95278968e-02 -4.16578613e-02
 -2.57901661e-02 -1.00736372e-01  4.05087657e-02  2.76644062e-02
 -8.62024799e-02  2.22312170e-03  1.06092103e-01  3.37086245e-02
  1.14040464e-01  1.54455444e-02 -2.59418301e-02  6.33404683e-03
  1.11424901e-01  4.44605527e-03 -6.63340613e-02 -5.52981272e-02
 -9.12286062e-03 -6.64718077e-02 -2.29302663e-02  1.35274574e-01
 -2.04745568e-02  1.40245473e-02  2.82556303e-02  7.20729157e-02
  2.57107541e-02  8.65555741e-03 -7.61733856e-03  3.29550356e-02
  6.05692826e-02  5.59712052e-02  2.39977445e-02 -6.20698519e-02
  1.02011403e-02  5.50534986e-02 -4.67593670e-02  3.99811491e-02
 -1.86457182e-03  2.13220641e-02 -2.06989497e-02 -1.44214043e-02
  2.03661919e-02 -5.81683703e-02  9.75992531e-03  1.15849655e-02
 -4.64609489e-02  2.71676295e-02  7.33263791e-02  4.91006449e-02
 -3.45805697e-02 -3.02415881e-02 -4.83913086e-02  1.00765854e-01
  4.38996740e-02  1.96136180e-02 -5.29278256e-02 -3.78407277e-02]"
21,What data mining task is often employed to determine the relationship between a dependent variable and one or more independent variables in order to make predictions?,Classification | Regression,hard,26,17.242307692307694,"['A. Classification', 'B. Regression', 'C. Dimensionality Reduction', 'D. Clustering', 'E. Association Rules', 'F. Anomaly Detection']",6,18.333333333333332,"[-2.48687379e-02 -1.69925075e-02 -5.79119660e-02  5.04846461e-02
  7.41019025e-02 -1.41600193e-02 -8.38689879e-03 -8.02058280e-02
 -4.74349305e-04  1.21326782e-02 -1.60077738e-03  2.37926356e-02
  1.82872564e-02  1.06629677e-01  4.44181003e-02  7.23164901e-02
 -4.76151966e-02  2.99473722e-02 -3.61623615e-02 -1.16107024e-01
  1.38999885e-02 -6.35312721e-02 -6.60509616e-02  4.53935154e-02
  4.44138832e-02 -6.34005666e-03  5.74805439e-02  4.70402949e-02
 -8.52113962e-02  2.43939143e-02 -1.36900526e-02 -1.68665759e-02
  4.84020822e-02 -4.92326543e-02 -1.26622036e-01  5.73832355e-03
 -4.75767553e-02  7.13791698e-02 -2.13238057e-02  1.55123044e-02
 -4.24588211e-02  1.01992600e-02  9.48576108e-02  2.21180134e-02
  3.60474326e-02  6.15810836e-03 -2.19459254e-02  4.96103987e-02
 -1.09627724e-01  3.50896902e-02 -1.97780337e-02 -3.68965343e-02
 -4.51184884e-02  1.26414569e-02  7.43208677e-02 -2.47635059e-02
 -2.71474067e-02 -6.14562305e-03 -1.87424719e-02  3.74086313e-02
  1.01251546e-02 -2.86584049e-02 -9.82876308e-03 -4.39850911e-02
  2.49699615e-02 -1.13393255e-02 -3.11934166e-02  5.58998398e-02
 -9.52154770e-02 -9.12924185e-02 -1.58452895e-02  1.52927777e-02
 -7.79377595e-02  1.40913641e-02  2.44188216e-02  1.82557181e-02
  7.54036233e-02 -1.42702600e-02  3.32561620e-02 -4.98290621e-02
 -9.62558612e-02  1.28398597e-01 -1.48023749e-02  3.29414420e-02
  8.12961683e-02 -3.03653255e-02  1.60345472e-02  1.25057884e-02
 -3.25821452e-02  5.53903766e-02  5.77128306e-02 -8.42362717e-02
  7.80500025e-02 -1.69692058e-02 -1.03226164e-02  5.93068264e-02
 -1.60136968e-02 -9.04007331e-02  4.39388789e-02  1.15362452e-02
 -4.56108600e-02  5.38928173e-02  3.10331192e-02  5.83133772e-02
 -7.35749444e-03 -2.09236108e-02  1.57322902e-02 -5.25471121e-02
  3.00209294e-03 -6.15396015e-02 -7.04322979e-02 -2.95089576e-02
 -3.77731696e-02  5.10388240e-03  2.96232309e-02 -3.03258747e-02
 -7.89504871e-03  4.02013026e-02 -3.24511342e-02  4.60818633e-02
 -1.11933071e-02 -1.42060118e-02  7.08953813e-02  9.26363561e-03
 -1.50758016e-04  4.19337116e-02 -8.41590539e-02 -1.63995182e-33
  1.01197567e-02 -3.58508304e-02 -8.45858175e-03  7.86974058e-02
 -4.42936318e-03 -7.32627362e-02 -3.93319018e-02  7.70392045e-02
  6.15941733e-02  2.64646374e-02 -1.65495537e-02  2.60902252e-02
 -1.44822085e-02  5.36996126e-02  4.68398146e-02 -1.97367799e-02
 -3.59328054e-02  9.71943438e-02 -8.43767002e-02 -5.25297644e-03
 -1.55245224e-02 -1.67220645e-02  1.12501951e-02  5.61329471e-05
  7.92894661e-02 -4.24854131e-03  1.67429782e-02 -1.50448550e-02
 -4.85410215e-03 -6.46110275e-04  8.32957476e-02  1.34582147e-02
 -2.17723772e-02  1.29215615e-02 -2.13284455e-02 -1.07532768e-02
 -1.11147597e-01  1.65000837e-03  3.21409293e-02  5.87150492e-02
 -1.36043727e-02 -1.03221729e-01  2.45850626e-02  1.55319497e-02
 -6.56105578e-02 -8.93959589e-03 -1.11189172e-01 -3.55349705e-02
 -1.75583325e-02  4.61612493e-02  9.38977674e-03 -7.54384964e-04
 -2.66636256e-02 -6.47942498e-02 -4.97198366e-02  4.65134084e-02
 -4.17004749e-02 -1.06983863e-01 -3.02380305e-02 -5.83794303e-02
 -4.30391133e-02  2.85737086e-02 -2.60951221e-02  3.78273763e-02
  2.56920494e-02  6.30490184e-02 -3.02204918e-02 -2.44295709e-02
  6.69679642e-02  3.47133838e-02  7.82996416e-03  5.49275726e-02
  1.68741141e-02 -7.33358189e-02 -3.49044916e-03  3.45374197e-02
 -3.36142182e-02 -9.14906487e-02 -1.61970239e-02 -2.35505532e-02
 -5.71847558e-02 -1.94671396e-02  6.76671416e-02 -1.14415698e-02
 -8.31630304e-02  2.16113999e-02 -5.13199270e-02 -3.02034318e-02
 -3.92732136e-02 -3.79394442e-02 -8.83575082e-02  1.03402063e-01
 -8.17987397e-02 -1.27595197e-02  4.01066057e-02 -3.56116588e-34
 -5.10247126e-02 -8.40155059e-04  6.42429665e-02 -1.41978730e-02
  3.52990068e-02  3.12597789e-02 -6.96091447e-03 -7.50387013e-02
  2.88090650e-02 -2.84469947e-02 -7.41026178e-02  3.91769595e-02
  1.02961427e-02  1.06219672e-01 -1.49111021e-02  1.08728498e-01
 -9.75085348e-02  1.53936809e-02 -9.28641576e-03  8.62511545e-02
 -5.89465760e-02  8.38917270e-02 -6.07118309e-02 -6.50038868e-02
 -4.30631964e-03 -1.47802103e-02  1.42936353e-02 -3.30998078e-02
 -7.77868330e-02  5.34958877e-02 -6.49466440e-02 -4.77135740e-02
  2.14547245e-03 -6.70222566e-02 -3.21932025e-02  3.60676311e-02
 -2.21340489e-02 -5.29347919e-02 -4.61921506e-02 -1.16315121e-02
  2.48922016e-02  9.25290585e-02  3.58305201e-02  1.17172103e-03
  1.75903495e-02 -1.11131789e-03  1.23175513e-02  9.42875296e-02
  8.48168135e-02  4.25800793e-02  3.67358839e-03  3.04721408e-02
 -2.67680548e-02  3.18790264e-02 -3.53887342e-02  1.06655285e-02
  2.65757311e-02 -1.89212691e-02  3.50854266e-03  5.55633754e-02
  8.74503888e-03  1.15370080e-02  1.13394447e-01  8.39441493e-02
 -5.04285507e-02 -4.13446948e-02  4.05838341e-03 -8.35491403e-04
  7.60711059e-02 -2.45264079e-02  8.73160809e-02  1.06405854e-01
  9.01274607e-02 -4.78052981e-02 -4.32826243e-02 -8.30831900e-02
 -1.28213223e-02 -5.48003763e-02 -1.05743848e-01  5.13858758e-02
  5.02223000e-02 -7.55763501e-02  6.19783532e-03 -6.85726572e-03
 -8.58577490e-02  5.52545562e-02  6.96975291e-02  1.21017164e-02
  6.76869377e-02 -8.72899815e-02 -9.54552889e-02  6.28129020e-02
 -1.41695291e-01  9.55703668e-03 -3.49229574e-03 -2.74766823e-08
 -1.98559673e-03 -5.09897433e-02  4.72723581e-02  2.54453029e-02
  4.38150279e-02  3.09626181e-02  3.56450081e-02  7.17281476e-02
  6.70344476e-03 -3.90332565e-02  4.80529666e-02  2.02823710e-02
 -1.11472867e-02  2.55504660e-02  1.02414943e-01 -4.29089256e-02
  8.65820870e-02  1.21150445e-02 -4.49430048e-02 -3.97591405e-02
  5.35979830e-02 -2.82832235e-02 -6.23204978e-03  3.05746067e-02
  1.06545448e-01 -9.21366513e-02 -2.35704817e-02  5.29851057e-02
 -1.53773325e-02  1.86164528e-02  6.93233013e-02  2.83375457e-02
 -3.68052199e-02 -6.58801347e-02  6.33147955e-02  1.24726944e-01
  5.37342429e-02 -4.67395447e-02 -1.84792858e-02 -1.21904574e-02
  2.46129843e-04  6.92145452e-02 -3.32520381e-02  7.40177482e-02
  5.76713309e-02 -2.52082595e-03  3.96265462e-02 -6.56102970e-02
 -2.33991374e-03 -2.17035338e-02  2.18388177e-02 -6.13099802e-03
  1.57869142e-02 -4.44790944e-02  4.88843359e-02  6.91553950e-02
  1.21296180e-04  4.00403030e-02 -7.52527863e-02  3.00663486e-02
  7.52543584e-02 -4.61654365e-03  4.70038392e-02 -4.72721234e-02]"
22,In which task do you aim to reduce the number of attributes in a dataset while preserving the most relevant information?,Dimensionality Reduction,easy,21,10.58095238095238,"['A. Classification', 'B. Regression', 'C. Dimensionality Reduction', 'D. Clustering', 'E. Association Rules', 'F. Anomaly Detection']",6,18.333333333333332,"[ 2.94826403e-02  1.16928145e-01  8.45678430e-03 -2.05941014e-02
  4.90410589e-02  9.47873632e-04  2.86239181e-02 -6.26279339e-02
  1.22240875e-02  2.32501980e-02  4.78435606e-02  1.51174422e-02
  5.93223125e-02 -1.39211128e-02 -4.06625345e-02  8.47081617e-02
  3.81604880e-02  5.04574105e-02 -9.01316404e-02 -4.46229242e-02
  3.48425121e-03 -2.82290801e-02  3.42156589e-02  3.75314653e-02
  3.29861790e-02 -3.56832743e-02  1.04804980e-02 -5.65434806e-02
 -1.75227188e-02 -9.66630131e-02  3.47313434e-02  6.17566034e-02
  6.79252297e-02  4.72839028e-02 -6.39781728e-02  7.35194907e-02
 -2.52590925e-02  9.71466005e-02  1.15703447e-02  2.16449536e-02
 -2.07414236e-02  2.09179204e-02 -9.41927079e-03  2.26425137e-02
  6.91595748e-02  1.05604619e-01  4.07281034e-02 -5.68459183e-02
  6.17662398e-03  3.74147147e-02 -2.79741138e-02  5.77007569e-02
 -6.43776059e-02  7.77230561e-02  3.07541471e-02 -7.25633726e-02
 -2.98159085e-02 -4.24777269e-02 -9.91246551e-02  2.41350178e-02
 -1.76548660e-02 -2.50665676e-02  7.67375715e-03 -1.05366521e-02
  7.68330917e-02  3.46158482e-02 -6.24906877e-03 -4.85780416e-03
 -5.11975214e-02  3.34959440e-02  3.95628661e-02  9.94900241e-02
 -3.07286624e-02  3.62925380e-02  1.91091225e-02  2.27004308e-02
 -4.29455489e-02 -2.73571108e-02  2.37456872e-03 -8.92703142e-03
  1.25969229e-02  4.33711186e-02 -7.26048574e-02  7.21904784e-02
  4.52315398e-02 -6.54377863e-02 -2.80631408e-02 -3.99016440e-02
 -4.93330285e-02 -4.18521231e-03 -4.13479190e-03 -3.73751335e-02
  1.65430471e-01  5.91463177e-03 -3.85710187e-02  2.11436115e-02
  6.97953952e-03  1.81090608e-02  3.43900584e-02 -2.25557219e-02
 -2.63770148e-02  1.06395958e-02  1.63117182e-02 -8.54953192e-03
 -8.93372074e-02 -9.82660800e-02  3.22798416e-02  1.58555247e-02
 -2.68906895e-02 -5.13215885e-02  7.05529675e-02 -2.40022894e-02
 -8.86051804e-02 -8.77717417e-03  5.43411262e-02  5.06538386e-03
  2.96421032e-02  7.28962868e-02 -3.44796889e-02  3.24018449e-02
 -9.11142025e-03 -4.51224437e-03  1.15496084e-01 -1.09689943e-02
 -4.49980758e-02  4.23386693e-02 -7.85927102e-02 -1.26826198e-33
  3.41057032e-03  2.04905663e-02 -4.50803433e-03 -1.00583043e-02
  1.22621031e-02 -4.23682481e-02  1.29429400e-02  1.06336912e-02
  6.27226308e-02  6.99115917e-03 -7.63800647e-03  3.66148129e-02
 -5.14618307e-02  4.13740352e-02  8.66816565e-02 -7.10213557e-02
 -4.28151600e-02  1.75640374e-01 -9.29530039e-02 -6.35897145e-02
  5.39026931e-02  3.10520595e-03  2.24654749e-02  7.24815205e-03
  1.91787630e-02 -2.97053326e-02  6.24448340e-03 -1.00154756e-02
 -9.22920331e-02 -1.74706262e-02 -4.95426804e-02  6.41894266e-02
  3.22703575e-03  3.76123711e-02  2.87980400e-02 -1.06144333e-02
 -3.09570823e-02 -2.85539106e-02  1.23839207e-01 -2.31627561e-02
  2.50892825e-02  6.26937076e-02  2.17808946e-03  2.91945431e-02
  1.23927686e-02  2.07842104e-02  2.91852970e-02  2.87458617e-02
 -8.13728869e-02  8.47687349e-02  6.38812631e-02 -3.30145024e-02
  3.96227613e-02 -3.67505811e-02 -3.11989672e-02 -3.15778665e-02
  9.75816417e-03 -1.24943525e-01 -7.53844297e-03  3.30349430e-04
 -3.87001932e-02  4.05034334e-05 -5.60871232e-03 -9.54117067e-03
  4.79323156e-02  1.48383621e-02  3.04694977e-02 -3.67192291e-02
  5.82837798e-02 -1.30071174e-02 -5.22980187e-03  3.78508568e-02
 -1.01231471e-01 -2.83596087e-02  3.81974727e-02  5.01844194e-03
  2.75518093e-02 -2.29368322e-02 -8.19274113e-02 -1.15800044e-02
 -4.84035537e-02  1.16472475e-01 -6.20244555e-02 -2.98226550e-02
  2.60341093e-02 -7.89223425e-03  6.76049367e-02 -1.68453045e-02
 -8.70190281e-03 -6.91364557e-02  1.91223044e-02 -8.77970643e-03
 -1.31294072e-01 -5.11326939e-02 -2.33433419e-03  9.94802869e-34
 -9.95226577e-03 -3.28542702e-02 -1.04044732e-02  5.80106601e-02
  5.32958992e-02 -6.91225901e-02  1.96252503e-02 -5.01330234e-02
 -2.14688741e-02 -1.83609035e-02 -3.32882293e-02 -5.28806821e-02
  2.03342792e-02 -8.98489803e-02 -3.69076878e-02  7.14418814e-02
 -5.32292128e-02 -5.14756143e-02 -1.65676009e-02 -4.52510407e-03
 -8.75861943e-02  3.82926874e-02 -3.40640428e-03  7.98041970e-02
 -1.16899190e-02  2.37597898e-02 -1.57901831e-02 -6.26992360e-02
  7.54207969e-02 -6.13895468e-02 -8.78936425e-02 -4.77810502e-02
 -5.03064692e-02 -5.79624511e-02 -7.03855976e-02 -8.14561453e-03
  6.22411035e-02  7.42108701e-03 -6.70376467e-03  1.27654225e-01
  2.98644006e-02  2.54134554e-02 -8.54507014e-02  5.63283786e-02
  2.57196371e-02 -2.10076217e-02 -6.09422550e-02 -3.09592485e-02
  7.54466630e-04  4.24324861e-03  2.87530906e-02 -1.65327378e-02
 -2.98716016e-02  4.71311770e-02  4.30520214e-02 -2.10119914e-02
  3.33332494e-02  1.54503686e-02  1.04278056e-02  4.98284847e-02
 -5.20951301e-02  2.45013144e-02  5.24677380e-05  9.66064110e-02
 -3.91278975e-02  7.49730412e-03  2.85832249e-02 -1.72751285e-02
 -1.17845111e-01 -4.37320396e-02  4.61941920e-02 -3.01970113e-02
  6.23576529e-02 -2.12808158e-02 -7.10366890e-02 -7.75804594e-02
 -1.27051212e-02  2.03636289e-03 -4.74056490e-02  7.95728713e-02
 -2.38679536e-02 -6.23418055e-02  3.58139398e-03  4.31429669e-02
 -3.68495136e-02  5.69209009e-02 -2.15394162e-02 -2.15576366e-02
  4.34564017e-02 -8.87131877e-03 -5.88665605e-02  8.60137679e-03
 -3.12868543e-02  3.36316228e-03 -9.60350558e-02 -2.54370001e-08
 -4.60599847e-02 -2.23079976e-02  4.37154947e-03 -2.41171774e-02
  3.55159026e-03  1.73940957e-02 -1.07277647e-01  2.01424360e-01
  1.28765302e-02 -3.92675959e-02  1.26198903e-01  4.50772531e-02
 -3.30225304e-02  7.14039803e-02  3.84077616e-02 -4.86688279e-02
  7.79947639e-02 -1.33844577e-02 -3.71333910e-03  3.59110795e-02
  1.08626656e-01 -1.25504583e-02 -7.60446414e-02  1.26272362e-05
  1.23994283e-01 -1.21513695e-01  1.76987033e-02  8.36393982e-02
  3.41517255e-02  1.75483655e-02  2.40039192e-02 -2.32999958e-02
  2.21574772e-02  9.28938098e-04  4.73350063e-02  1.45895090e-02
  1.05268154e-02 -8.86543840e-03 -4.85821478e-02  2.64223348e-02
 -4.46029082e-02  2.74536964e-02 -4.42441925e-02  6.52974993e-02
  8.15456137e-02 -1.54594155e-02 -7.33573809e-02  2.39267256e-02
  3.43308188e-02 -3.90992537e-02 -4.77196015e-02 -7.26065859e-02
 -1.10559762e-02  4.48665544e-02 -2.40148883e-02  9.82424477e-04
  4.03912403e-02  3.03948652e-02  5.94599061e-02 -1.02331005e-01
  5.36733121e-02 -1.28404750e-02 -5.53262234e-02  2.24509127e-02]"
23,Which of the following visualization techniques can be used to explore the relationship between two numerical variables?,Scatter plot | Heatmap,hard,17,15.334117647058822,"['A. Scatter plot', 'B. Bar chart', 'C. Box plot', 'D. Heatmap', 'E. Histogram']",5,12.0,"[ 5.43557331e-02  3.62145249e-03 -9.40999687e-02 -4.04750593e-02
 -4.61840779e-02 -3.02513987e-02 -4.77196127e-02 -9.35624726e-03
 -2.83040479e-02 -3.87133546e-02  6.17592037e-02  1.76854935e-02
  3.20945121e-02  7.19389394e-02 -4.19795439e-02  7.60658132e-03
 -5.45454808e-02  7.16151088e-04 -1.57438517e-02 -6.52133077e-02
  2.61376332e-02 -6.04663566e-02 -1.29062220e-01 -3.62380780e-02
  5.78869134e-02  3.07443868e-02  8.39172862e-03  1.26500577e-01
  2.20562275e-02 -4.84523736e-03 -9.59009491e-03  1.60090420e-02
 -2.98650600e-02 -3.45654413e-02 -7.42701143e-02 -3.86528708e-02
  6.99409544e-02  6.63121641e-02 -7.73467198e-02 -2.62267552e-02
 -3.72083411e-02  3.18501629e-02  9.28465277e-02  2.68051494e-02
  3.95130068e-02  2.37854458e-02 -7.80007839e-02  1.92225575e-02
 -4.76399809e-02 -3.68112549e-02 -9.39106569e-02 -4.21712324e-02
 -4.82930045e-04 -1.91583354e-02  1.75489858e-02  2.38481965e-02
  2.50559319e-02 -8.67869109e-02 -3.11560072e-02  1.13665080e-03
  5.11809849e-05  1.37438312e-01  2.25988124e-02 -3.90805723e-03
  4.94644344e-02 -5.28721958e-02 -1.26577150e-02  2.66195107e-02
  3.54974382e-02  7.12799653e-02 -1.10578502e-03 -3.87586281e-02
 -8.96202996e-02 -7.86240473e-02 -7.73066953e-02 -5.18206321e-03
 -3.83594260e-02  1.32590369e-03 -2.01757327e-02 -1.72603562e-01
  1.32572604e-02  1.04839444e-01 -4.66323160e-02  7.61093479e-03
 -9.03187767e-02  6.65745065e-02 -8.01332854e-03 -2.21487209e-02
  2.03609094e-02  3.71599151e-03  2.39261556e-02  3.70111763e-02
 -4.77059819e-02  2.92979907e-02  3.65810469e-03  2.25931052e-02
  3.40815559e-02 -3.31160687e-02  7.78457150e-02  5.77676632e-02
  2.08609160e-02 -6.08920231e-02  3.60137373e-02  1.75912976e-02
 -6.35221135e-03 -6.92560673e-02  9.89453569e-02  7.55316252e-03
  1.58356670e-02 -1.79037992e-02 -2.61168350e-02 -3.04694530e-02
 -9.68019888e-02  3.44597176e-02  6.03343323e-02 -8.18515569e-03
 -1.76216215e-02  1.76356491e-02  2.40250714e-02  3.08246352e-03
  3.40541303e-02 -3.08976620e-02 -4.25630398e-02  4.46236022e-02
  3.94354053e-02 -9.48914606e-03 -1.33133512e-02 -3.39356991e-33
  1.94351841e-02 -3.68817709e-02 -3.76317501e-02  7.04293698e-02
  4.53042313e-02 -1.02511270e-03 -3.82788256e-02 -4.59743198e-03
  1.41301686e-02  9.98716727e-02 -6.81447685e-02  1.30599022e-01
  9.23160184e-03  6.42893538e-02  1.93232466e-02 -9.11108926e-02
  3.18280645e-02  1.08835384e-01 -6.73335195e-02 -2.23182552e-02
 -3.83758806e-02  2.40250980e-03 -2.42820065e-02  6.15512729e-02
  1.44687727e-01 -5.50089499e-05 -3.96314561e-02  4.75397408e-02
 -3.32339341e-03 -3.62057239e-02  7.68067166e-02  6.23810887e-02
 -5.91489673e-02 -8.48230422e-02 -3.65608595e-02 -1.89767946e-02
 -6.99599367e-03 -1.03037432e-02  2.46555991e-02  2.75747012e-02
 -5.76330498e-02 -3.76776159e-02  2.16557495e-02  7.89606348e-02
 -1.97326224e-02  4.40546162e-02 -4.13199216e-02  4.19955775e-02
  1.78715605e-02 -3.55230719e-02 -6.19698726e-02  2.31150668e-02
 -2.18801182e-02 -5.52784204e-02  4.02924381e-02  1.78940687e-02
  4.17904407e-02  1.39152736e-03 -1.21802665e-01 -1.63716115e-02
 -6.72652200e-02  4.86694984e-02  1.88453849e-02 -1.13747768e-01
 -9.49274749e-03  2.53431126e-02 -5.83754666e-02 -6.75850585e-02
  5.58928140e-02  5.83370775e-02 -1.45104751e-01  3.51831019e-02
  2.13231128e-02 -4.67203259e-02  1.68921147e-02  4.09130612e-03
 -2.39395667e-02 -3.92947719e-03  1.58474874e-02 -6.03031889e-02
 -6.57185316e-02 -8.50085244e-02  4.39502411e-02 -3.37772965e-02
 -5.63092455e-02 -2.81899814e-02  1.15842577e-02  2.68685184e-02
  1.14750238e-02 -8.36433098e-02 -5.03971055e-02  6.30430728e-02
  2.46557947e-02 -3.67650576e-02  3.47728170e-02 -8.52361974e-34
 -1.48448706e-01  5.64778931e-02  4.09511998e-02  1.50933899e-02
  1.90150943e-02  6.29721880e-02 -4.95173270e-03 -3.53580378e-02
 -3.22357304e-02 -4.56330180e-02 -1.60347652e-02  3.65231396e-03
 -6.14040159e-02  5.82484044e-02  2.42159721e-02  3.41637782e-03
 -1.09820757e-02  1.06844085e-03 -2.74755750e-02 -1.88099861e-03
 -1.48677011e-03  7.83994123e-02  1.19295027e-02 -1.23835787e-01
 -5.30630015e-02  2.02933978e-02  6.37216568e-02 -1.15285173e-01
 -2.16287151e-02  3.05284429e-02 -3.02328244e-02 -4.82254401e-02
  2.85570528e-02 -1.64292324e-02 -1.22391190e-02  2.75672190e-02
  7.02533945e-02 -6.34056479e-02 -5.74015954e-04 -9.15003121e-02
  2.75046099e-02  2.67525818e-02  9.69345123e-02 -8.78400952e-02
 -7.62281660e-03  5.65803610e-02  2.54747309e-02  5.05758785e-02
  1.02216089e-02  2.35200999e-03  5.10843396e-02  4.05171216e-02
  1.50685571e-02 -1.97218060e-02 -2.91994009e-02 -5.57778329e-02
  1.64879486e-02 -4.75365222e-02  3.00026741e-02  2.77480506e-03
 -3.56295370e-02 -7.77093992e-02  1.90788750e-02  2.46560127e-02
 -8.74213055e-02 -5.77659048e-02  2.48856843e-02 -4.28804718e-02
  8.13051313e-03 -2.29989309e-02  8.50814581e-02  2.39375476e-02
  3.34367529e-02 -2.90050972e-02  1.45768188e-02 -1.06785960e-01
  1.91129167e-02  2.31697597e-02 -4.16116789e-02  3.54026482e-02
  1.16532862e-01  3.84288281e-02  9.79784578e-02  6.31606132e-02
 -5.44844866e-02  7.00807497e-02 -1.54108889e-02  2.30593551e-02
  5.29990345e-02 -3.24942134e-02  2.21996382e-02  5.47109768e-02
 -9.21318755e-02 -3.20282988e-02  7.35370591e-02 -2.31085728e-08
  8.85170139e-03 -7.78421462e-02  6.09865971e-02 -2.44800802e-02
 -5.08566992e-03  6.48477301e-02  1.72049515e-02  6.61647171e-02
 -4.39039757e-03 -2.22823862e-02 -2.85373046e-03  5.90351261e-02
 -5.57973720e-02 -4.14842032e-02 -1.94223085e-03  4.57350425e-02
  4.02489640e-02 -4.79165167e-02  1.93740577e-02 -3.49181332e-02
 -1.88382342e-02  9.53440461e-03 -4.52974662e-02  4.83268127e-02
  2.69347578e-02  1.44687770e-02 -4.67131771e-02  6.98702633e-02
  1.26844365e-02  1.89580265e-02  5.48015162e-02  2.74802055e-02
  1.41906384e-02  2.86846794e-03  5.75150512e-02 -5.37907928e-02
 -4.63050231e-02  8.56881887e-02 -3.95097658e-02  3.79288220e-04
 -3.05013563e-02  8.77549034e-03 -8.07182956e-03  4.86820526e-02
  1.45792052e-01  5.90908825e-02  8.88723228e-03 -4.92813364e-02
 -1.05438037e-02  1.33876270e-02 -9.99309868e-02  3.05153877e-02
  4.50683311e-02  3.63472779e-03 -5.47059141e-02 -4.34239320e-02
 -5.13141826e-02  3.78841236e-02 -6.22372143e-03  1.09844968e-01
 -1.86514463e-02  4.30806838e-02 -1.82629358e-02  7.81177264e-03]"
24,Which of the following visualization techniques can be used to explore the relationship between a continuous and categorical variable?,Box plot | Histogram,hard,19,17.28315789473685,"['A. Scatter plot', 'B. Bar chart', 'C. Box plot', 'D. Heatmap', 'E. Histogram']",5,12.0,"[ 1.39766738e-01 -1.43782031e-02 -9.46701318e-02  8.66459857e-04
 -6.64067045e-02  3.52103300e-02 -3.21788453e-02 -1.42471185e-02
 -1.36098545e-02 -3.21570672e-02  5.59137017e-02  2.12801825e-02
 -4.35663648e-02  9.22872052e-02 -1.45825995e-02  6.69810176e-02
  4.49197041e-03  2.42498852e-02 -1.70444790e-02 -7.78737143e-02
  2.73562968e-02 -3.07929032e-02 -3.09046488e-02  4.36603324e-03
 -1.27328921e-03  3.87312099e-02  1.21311806e-02  8.89209583e-02
  5.47267357e-03 -2.20813900e-02 -6.35647625e-02  6.37129461e-03
 -4.65632528e-02  6.41599623e-03 -5.49766533e-02 -2.71945028e-03
  2.06491873e-02  5.89150973e-02 -2.72042397e-03  1.80170429e-03
 -3.88712101e-02  3.63134854e-02  7.20171854e-02  1.98552292e-02
  3.35533991e-02  2.26016156e-02 -9.34025794e-02 -1.83723830e-02
 -7.47261718e-02 -5.91665618e-02 -6.21744506e-02 -4.71551828e-02
  4.15149704e-03 -1.52228018e-02  4.85963374e-02  3.65414508e-02
  2.57809348e-02 -1.35453150e-01  3.82004045e-02 -1.81663577e-02
  1.68272424e-02  1.20536529e-01 -5.39053371e-03  4.72722575e-02
  1.22690783e-03 -1.69540159e-02 -5.74075654e-02  6.44008741e-02
  1.02839254e-01  4.80492488e-02 -4.06279229e-02 -2.05742363e-02
 -1.44778863e-01 -8.20781961e-02 -4.02007848e-02 -3.30382548e-02
 -6.89591165e-04 -7.55223306e-03  1.15810391e-02 -9.84136090e-02
 -9.60208103e-03  9.21960473e-02  3.87274623e-02  6.80498704e-02
 -2.41255816e-02  6.91098273e-02  2.52905325e-03 -9.86338779e-03
 -8.75146538e-02  4.67150845e-02 -3.47512425e-03  6.10898510e-02
  8.73200968e-03 -2.33500209e-02 -2.22066212e-02 -2.26693954e-02
  2.63843816e-02 -9.27408785e-02  9.01942104e-02  3.07303504e-03
  2.11382844e-02 -7.32748434e-02  3.44082043e-02 -3.43764275e-02
 -4.69806939e-02 -8.36218297e-02  6.60992190e-02  1.93350427e-02
 -1.25326347e-02  1.27915461e-02 -6.71439096e-02 -5.25622591e-02
 -8.23119283e-02  1.40047362e-02  1.55243063e-02  3.93098369e-02
 -4.53443378e-02  4.18949835e-02  9.75450501e-02  3.64839695e-02
  6.92738518e-02 -3.45057286e-02 -4.59356159e-02  3.16689461e-02
  5.26199937e-02  1.59137649e-04  2.12208424e-02 -4.64639819e-33
  4.68357578e-02 -1.33579731e-01 -2.58979630e-02  4.28911187e-02
  6.73466474e-02 -7.30597135e-03 -4.76201177e-02 -2.18794309e-02
  2.65852455e-02  9.50272083e-02 -3.57920863e-02  1.66410938e-01
 -8.73446092e-02  1.30074173e-01  3.36464196e-02 -8.88970569e-02
  1.68753918e-02  1.25620529e-01 -1.27774239e-01 -1.54421749e-02
 -5.63071333e-02  4.42236029e-02 -8.89864657e-03  4.35169339e-02
  9.50939879e-02 -2.15758905e-02 -2.84553319e-02  2.35163961e-02
 -3.93711030e-02  5.56075061e-03 -1.80305894e-02  7.95958936e-02
 -5.61257787e-02 -6.53107166e-02 -2.58702375e-02 -1.32163279e-02
  4.12718616e-02  1.01843877e-02 -4.83194040e-03  2.69583892e-02
 -3.35982107e-02 -5.88856414e-02 -1.12472456e-02  9.08669680e-02
  3.40546644e-03  4.71402667e-02  3.29255708e-03  5.19702882e-02
 -3.10568605e-02  2.61030532e-02 -1.71434495e-03  1.24289552e-02
 -1.52572151e-02 -4.15071994e-02  1.42195560e-02  6.80829491e-03
 -7.16215838e-03 -4.91189957e-02 -1.32721156e-01  7.76902493e-03
 -6.89156055e-02  5.47691993e-02  3.79610099e-02 -7.98605680e-02
 -1.48323551e-02  5.26103703e-03 -7.65669197e-02 -5.86838126e-02
  7.57105350e-02  7.71832764e-02 -9.21803638e-02  8.02839771e-02
  4.26364923e-03 -7.84615725e-02 -6.43648803e-02  1.52048410e-03
 -1.00430541e-01  1.83765329e-02 -6.34478107e-02  1.02833277e-02
  3.64909433e-02 -8.81631002e-02  4.03823368e-02 -5.45530654e-02
 -3.65772732e-02 -1.88699309e-02  7.84608275e-02  9.37386323e-03
 -3.97776673e-03 -3.78786922e-02 -1.01513445e-01  5.60934842e-02
  6.55529574e-02 -3.82200070e-02  9.16557014e-02 -2.61973036e-35
 -9.20047835e-02  2.48027779e-02  4.37832065e-02 -7.51915434e-03
  9.56724584e-03  5.97066768e-02 -3.63777466e-02 -1.18801063e-02
  6.08583679e-03  9.70524177e-03 -3.17546017e-02  4.41250727e-02
 -4.32851091e-02  4.21140641e-02 -2.50321701e-02 -4.30150777e-02
 -4.27295677e-02 -1.23812016e-02 -3.86491492e-02  4.64776941e-02
  1.03282435e-02  5.67103066e-02 -6.48407862e-02 -7.95518979e-02
 -6.61145076e-02  6.36887699e-02 -2.39355937e-02 -7.87568986e-02
  5.61463239e-05  3.02542411e-02  4.72470839e-03 -6.25350252e-02
 -1.91025902e-03 -7.69354030e-02 -9.81010217e-03  8.51109903e-03
  1.71426870e-02 -4.81432937e-02 -1.38001833e-02 -4.92978189e-03
  3.93967628e-02  9.60988458e-03  1.77357625e-02 -4.00637351e-02
  3.23838145e-02  2.86487471e-02  2.36557424e-02  7.27809500e-03
 -2.98406854e-02  2.56330855e-02  5.27319638e-03 -7.12878536e-03
  4.77992110e-02 -2.57535856e-02  2.59678316e-04 -7.51957074e-02
  2.74032112e-02 -1.10573977e-01 -1.90700050e-02  4.26398590e-02
 -7.35655613e-03 -4.69268225e-02  3.49959880e-02  3.61092645e-03
 -7.31394589e-02 -1.20554313e-01  4.29570004e-02 -7.85995126e-02
 -4.81554493e-02 -1.00261644e-02  4.93342988e-02  4.02363278e-02
 -2.44887103e-03 -1.85792055e-02  3.42271850e-02 -7.82364830e-02
 -3.21544446e-02  8.18497594e-03  3.97977745e-03  8.09790790e-02
  1.04777008e-01 -2.02460494e-02  9.08215791e-02  2.93526594e-02
 -1.42643675e-02  2.40961462e-02 -6.44284785e-02  2.31936183e-02
  8.57068077e-02  2.11032946e-02  2.85759233e-02  8.60443455e-04
 -1.21829145e-01  4.86845756e-03  5.56129329e-02 -2.26114718e-08
 -1.92551818e-02 -3.85573022e-02  1.52928391e-02 -4.00138572e-02
  1.90836806e-02  8.13241899e-02  5.76495342e-02  9.15702619e-03
  3.50666442e-03  7.28979427e-03 -3.12483078e-03  8.25699493e-02
 -3.38911489e-02 -3.23423534e-03 -3.90283554e-03  3.01458649e-02
  7.03244954e-02 -7.63219744e-02  4.53431383e-02  3.46976668e-02
  1.16517115e-02  1.57440901e-02 -8.48452970e-02 -6.59733254e-04
 -2.10197680e-02  1.98108237e-02 -8.42881482e-03  1.13873482e-01
 -2.10794643e-03  2.50884127e-02  6.90888241e-02  3.80431004e-02
  2.55068801e-02 -7.89627712e-03  1.17773684e-02 -2.39489563e-02
 -1.81828588e-02  3.72443199e-02 -5.67466617e-02  1.27284823e-03
 -2.51554395e-03 -2.43579894e-02  1.45644611e-02  4.67964113e-02
 -2.87471083e-03  5.77395782e-03  4.49842513e-02 -9.39799659e-03
 -4.98288535e-02  5.16754165e-02 -8.07400197e-02  7.86032900e-03
 -3.39393429e-02  4.12849039e-02 -3.35435942e-02 -2.25311071e-02
 -1.10470764e-02  4.26604301e-02 -5.61397374e-02  3.66444550e-02
 -2.57243961e-02  1.28813917e-02 -1.83798689e-02  3.46047692e-02]"
25,Which of the following visualization techniques can be used to explore the relationship between two categorical variables?,Bar chart | Heatmap,hard,17,16.028235294117646,"['A. Scatter plot', 'B. Bar chart', 'C. Box plot', 'D. Heatmap', 'E. Histogram']",5,12.0,"[ 1.25325605e-01  1.66908884e-03 -9.89073068e-02 -4.34843637e-03
 -6.03153519e-02  3.22382152e-02 -4.29457538e-02 -3.61665152e-02
 -3.32953520e-02 -3.67470086e-02  6.20588996e-02  9.92211327e-03
 -4.59242240e-02  7.21920878e-02 -5.09413099e-03  8.67825896e-02
 -1.24052661e-02  2.92969868e-02 -1.34418728e-02 -6.33114502e-02
  2.47552600e-02 -9.55884531e-02 -5.33172153e-02 -9.12746228e-03
  1.83191448e-02  4.06426862e-02  2.04459522e-02  1.16633803e-01
 -1.80660319e-02 -2.11947225e-02 -5.41065410e-02  4.76919394e-03
 -1.33711277e-02  3.52645330e-02 -6.74937367e-02 -5.11104101e-03
  5.44725247e-02  7.29024708e-02 -2.05898359e-02 -1.80108342e-02
 -4.77583371e-02  4.36655693e-02  6.41489103e-02  1.89764276e-02
  3.76614444e-02  3.37387659e-02 -9.53491777e-02  4.66722809e-02
 -5.99853434e-02 -4.36252691e-02 -9.56833959e-02 -5.73046058e-02
 -2.92273816e-02 -7.47549208e-03  4.36369143e-02  5.57606257e-02
  3.03617446e-03 -1.33698791e-01 -2.92446408e-02  4.88331215e-03
 -4.50097695e-02  1.06927328e-01 -1.96647793e-02  3.86820622e-02
  2.09963042e-02 -3.10824998e-02 -2.27312818e-02  7.85105675e-02
  4.15881798e-02  4.78079617e-02 -2.92885173e-02 -3.60614397e-02
 -1.52174100e-01 -7.35099092e-02 -6.60755560e-02 -8.52163695e-03
 -1.77119803e-02 -2.82373447e-02 -2.95072515e-02 -1.35635912e-01
 -3.48950066e-02  1.08394429e-01  6.67514093e-03  7.38872141e-02
 -5.37043847e-02  6.25521317e-02 -3.60582136e-02 -5.27330488e-02
 -6.69247136e-02  1.72703769e-02  1.86863933e-02  2.54373588e-02
  4.38992120e-02  3.94146778e-02 -1.98643864e-03  1.09815411e-02
  5.90477102e-02 -8.28047171e-02  8.41757432e-02  1.56447422e-02
  4.99804206e-02 -6.18723817e-02  2.45015174e-02 -3.56465578e-02
 -2.62800045e-02 -4.90433276e-02  9.25342515e-02  8.63982365e-03
  1.81285944e-02  7.15844845e-03 -3.83726098e-02 -2.33942028e-02
 -9.10132602e-02  2.90920753e-02  3.12143750e-03  2.19367556e-02
 -2.62377448e-02  6.22038096e-02  7.41684437e-02 -1.18713658e-02
  7.66270384e-02 -2.61777714e-02 -3.45235020e-02  1.09620104e-02
  3.23876441e-02 -5.10230996e-02 -3.97139713e-02 -3.30248930e-33
  7.75379315e-02 -1.02436647e-01 -3.01937833e-02  6.05072565e-02
  6.58904240e-02 -1.09959079e-03 -4.42467704e-02 -2.33528372e-02
  1.98042914e-02  9.31676105e-02 -6.06600344e-02  1.27856985e-01
 -4.94244061e-02  8.80535543e-02  1.60659254e-02 -8.06648806e-02
  3.40391719e-03  1.09760448e-01 -1.03309438e-01  1.29942615e-02
 -5.39388247e-02  6.84130117e-02  1.17358519e-02  5.66268750e-02
  1.08595505e-01 -3.81208435e-02 -3.20072845e-02 -9.97612733e-06
  2.87053385e-03 -1.09822154e-02  3.26353833e-02  5.57259806e-02
 -6.44323006e-02 -7.39815086e-02 -5.66688105e-02 -4.78780270e-02
  3.09696961e-02 -8.76439735e-03  2.95672975e-02  4.67729196e-02
 -3.35557982e-02 -6.27058819e-02 -2.79396325e-02  5.05903177e-02
 -1.25843482e-02  5.47428243e-02 -1.65179074e-02  2.98934877e-02
 -1.16299484e-02  4.98852879e-02 -4.66409884e-03  6.76686037e-03
 -9.27558076e-03 -2.96492707e-02  2.05728803e-02  3.90782431e-02
  7.35205552e-03 -4.04839031e-02 -9.70625505e-02  1.23471562e-02
 -7.26842657e-02  6.66996613e-02  7.42534548e-02 -8.90368372e-02
 -1.29519189e-02  1.83017459e-02 -6.64660260e-02 -7.43086115e-02
  7.36137629e-02  8.50644559e-02 -1.23313539e-01  5.24967834e-02
  1.19251069e-02 -2.62181070e-02 -3.79413031e-02  1.49912322e-02
 -7.74462596e-02 -2.22297423e-02 -1.67904831e-02 -1.65894236e-02
 -1.88068729e-02 -7.95514584e-02  5.84485494e-02 -4.41455618e-02
 -9.77235064e-02 -1.31392363e-03  3.17106955e-02 -1.78203788e-02
 -3.09857517e-03 -4.64994274e-02 -1.04722239e-01  8.13621581e-02
  2.71763466e-02 -6.71489984e-02  9.67200771e-02 -1.24329788e-33
 -9.96399075e-02  1.22993346e-02  5.10565862e-02 -1.56287923e-02
  1.95922367e-02  3.52887586e-02 -1.40268821e-02 -3.16142291e-02
  1.70828532e-02  2.91944984e-02 -3.59243974e-02  3.72976884e-02
 -4.16618548e-02  2.80543715e-02  3.18815261e-02 -5.30218706e-03
 -1.95607059e-02  3.61411944e-02 -4.70613241e-02  4.94994177e-03
 -4.79506794e-03  1.12195127e-01 -5.05643487e-02 -6.21704832e-02
 -4.14970964e-02  3.40767540e-02  6.23243861e-03 -1.06232844e-01
 -1.66608449e-02  2.02972237e-02 -2.82165478e-03 -5.59009798e-02
  2.43033785e-02 -3.61236297e-02  1.42706349e-03  5.04712611e-02
  1.48343584e-02 -8.07099715e-02 -3.26256379e-02 -4.24362347e-02
  2.51259357e-02  3.33627649e-02  6.27537593e-02 -3.04335915e-02
  1.10912398e-02  2.42618062e-02  1.76580343e-02  2.20843852e-02
  1.93350576e-02 -1.23404786e-02  2.63819732e-02  4.08860203e-03
  5.59158884e-02 -3.93481217e-02  3.51727530e-02 -1.09999396e-01
  7.37238899e-02 -9.55303013e-02  1.53106013e-02  1.95200238e-02
 -3.22900480e-04 -4.94462587e-02  1.29216909e-02 -9.77253169e-03
 -7.58140162e-02 -1.06199421e-01  5.17909490e-02 -8.24593529e-02
  2.25300994e-02 -2.35520136e-02  6.95344284e-02  5.96726499e-02
 -8.17833189e-03 -3.87062691e-02  3.81974913e-02 -5.09428196e-02
 -2.81653833e-02  3.08238361e-02 -5.37771732e-02  4.03733067e-02
  1.16977200e-01 -2.80899759e-02  9.79459956e-02  6.88822865e-02
 -2.13945191e-02  5.82990907e-02 -6.63786661e-03  3.86668779e-02
  5.74448071e-02  4.48820554e-02 -6.87394477e-03  1.00045986e-02
 -8.21152702e-02  4.06765752e-02  7.48117417e-02 -2.23224479e-08
  1.60354581e-02 -4.81434651e-02  5.05514704e-02 -4.42688055e-02
 -2.42962129e-02  5.87306656e-02  3.25372256e-02  6.24458119e-02
 -4.09827940e-02  1.22190267e-02 -3.93758602e-02  9.95226353e-02
 -5.83640784e-02  3.30044329e-02  2.22833324e-02  2.45614592e-02
  4.88634482e-02 -5.60889803e-02  3.27109359e-02  2.43609101e-02
  2.24181134e-02 -2.22483021e-03 -6.07656725e-02  2.49134973e-02
 -2.16991659e-02  1.53336290e-03 -7.15063931e-03  7.65565634e-02
  1.52167352e-02  1.98053438e-02  4.73455116e-02  1.31399399e-02
  1.18181491e-02 -4.14171852e-02  4.16874401e-02 -5.21369167e-02
 -3.61451171e-02  3.84759568e-02 -4.74001057e-02  1.32740354e-02
 -2.28121225e-02 -1.31271044e-02  7.39722559e-03  5.49141653e-02
  4.47282977e-02 -2.17247801e-03  2.68063694e-02 -4.90772091e-02
 -5.19667976e-02  1.09616406e-02 -9.24873725e-02 -1.51183857e-02
 -2.24447176e-02 -6.55990001e-03 -5.98130673e-02  8.76703952e-03
 -4.25751321e-02  4.37954031e-02 -9.38063115e-03  5.75054772e-02
  4.23018029e-03  4.18528989e-02  5.10918302e-03  1.44663621e-02]"
26,Which statistical measures  are useful for quantifying the dispersion or variation of an attribute?,Variance | Median Absolute Deviation (MAD) | Range,hard,14,14.312857142857148,"['A. Variance', 'B. Median Absolute Deviation (MAD)', 'C. Range', 'D. Mode', 'E. Covariance', 'F. Interquartile mean (IQM)']",6,16.666666666666668,"[ 9.71626118e-02 -1.42383743e-02  6.98292553e-02  1.34907989e-02
 -1.30673600e-02 -1.41824512e-02  6.09318204e-02  1.80814341e-02
  2.22497005e-02 -1.57660153e-02  4.05390449e-02 -2.30479687e-02
 -1.36044305e-02  7.32407495e-02  1.89053323e-02 -2.63004415e-02
  6.17030635e-02  6.64180592e-02 -7.28726014e-02  6.30906671e-02
 -8.64450447e-03 -5.87852485e-02 -4.85259742e-02 -1.86442537e-03
  3.50774266e-02 -2.94092800e-02 -4.43481132e-02 -1.13918493e-02
  1.81413312e-02 -3.59057933e-02  2.73232125e-02  1.13785364e-01
 -5.07639861e-03 -6.13655243e-03 -6.13193288e-02  7.93504436e-03
  2.96291262e-02  9.74658281e-02 -3.02621699e-03  4.63488400e-02
 -1.81998534e-03  4.06132229e-02  7.06121325e-02  5.34423701e-02
 -1.81313232e-02 -4.90125418e-02  9.67778359e-03 -6.92191254e-03
 -6.41059801e-02  6.08482435e-02 -2.15333677e-03  5.61876744e-02
 -7.53607452e-02  1.32006994e-02  2.43736207e-02  4.23533171e-02
 -1.74841017e-03 -1.97239462e-02 -1.80259291e-02 -6.46864697e-02
 -1.54426722e-02  3.64823081e-02 -2.20156256e-02 -1.99552756e-02
  3.80978510e-02  3.09867784e-02  4.17272709e-02 -2.61040609e-02
 -2.59405375e-02  1.98086980e-03  2.96694878e-02  3.10737696e-02
 -5.30151464e-02  4.93264757e-02 -1.52760185e-02 -1.86973810e-02
 -3.65622006e-02 -2.02862732e-03 -5.57454713e-02  3.45048495e-02
 -9.85003263e-03 -1.05239823e-03 -9.32086259e-02  3.51410396e-02
  9.88903418e-02  7.39710480e-02 -2.36767381e-02 -5.98942600e-02
 -7.38470107e-02 -8.00062418e-02 -1.53431352e-02  7.98123330e-02
 -3.57767288e-03 -3.26055437e-02 -2.05724724e-02  6.26825020e-02
  4.11990751e-03 -4.77355383e-02  1.21348538e-01  2.37065535e-02
 -2.49245558e-02  1.82714518e-02 -5.46044149e-02 -1.07514637e-03
 -3.79806906e-02 -8.80749226e-02  3.79536785e-02 -4.52268273e-02
 -4.29073721e-03  3.11625432e-02  3.46188508e-02  1.75842140e-02
 -5.59007414e-02  1.12368492e-02  6.40590340e-02 -3.81762348e-02
 -1.14232134e-02  2.10867431e-02  8.44315067e-02 -2.59832237e-02
  1.60371512e-02 -6.85845464e-02  3.28288302e-02  6.39580132e-04
  6.90094370e-04  7.97514915e-02  1.73068475e-02 -1.58344599e-33
 -3.35080572e-03 -7.15401322e-02 -1.74891632e-02  9.12995785e-02
 -3.12135760e-02  1.30174989e-02 -5.04459329e-02 -1.40505508e-02
  3.75223421e-02  3.13242502e-03  3.31078880e-02  1.15540229e-01
 -1.06216885e-01  1.45373670e-02  1.04850642e-01 -8.60497355e-03
 -7.37667605e-02  6.85033649e-02 -7.47945458e-02 -3.52715589e-02
  2.95244809e-02 -3.90081666e-02 -4.71025147e-03  9.03014988e-02
  4.34890427e-02 -1.55025885e-01 -5.23537025e-02  3.02381888e-02
  1.81269720e-02  1.10003110e-02  3.99889499e-02 -7.78679736e-03
 -1.84963401e-02 -2.30022836e-02 -1.22773601e-02 -2.34350599e-02
 -1.22424386e-01  3.83564793e-02  3.93465087e-02 -6.24641515e-02
 -4.07548202e-03 -2.88045853e-02  5.92696629e-02 -3.98056582e-02
 -4.23004106e-03  3.76948826e-02 -1.96583569e-02  2.65276637e-02
 -3.38564739e-02 -3.81814502e-02  2.15471033e-02 -7.35070882e-03
  7.07715377e-02 -1.36949215e-02 -1.81785021e-02  4.05975021e-02
 -2.25654040e-02 -3.99540029e-02 -2.98757758e-02  2.74847005e-03
 -4.42363769e-02  8.50116648e-03  3.94134820e-02 -7.40730539e-02
  9.13690552e-02  3.33381481e-02 -1.87266227e-02  2.91077327e-02
  6.46455260e-03  2.48629414e-02  2.60756817e-02  3.15793715e-02
 -4.77633663e-02 -2.69094910e-02 -2.78293621e-02 -2.00981945e-02
 -4.40195650e-02  3.44172269e-02  1.62924789e-02 -3.70734767e-03
 -6.22203872e-02  3.36029716e-02 -7.83000216e-02  9.78409778e-03
 -4.30795513e-02  2.41597537e-02  4.52465005e-02  1.94288979e-04
 -8.39328095e-02 -1.39080584e-01  1.68118346e-02  2.55532078e-02
 -1.23434570e-02 -8.07874650e-02 -1.47924246e-03 -1.54681722e-33
 -1.23745531e-01 -1.63015630e-02  3.06770355e-02  1.40707687e-01
  5.79990074e-02 -1.97953526e-02  5.57700656e-02  4.44474630e-02
  5.15063852e-02 -2.27965619e-02 -5.38903326e-02  7.58196041e-02
  1.33957416e-02 -4.99149710e-02 -8.73469561e-02  1.44140318e-01
 -6.34295419e-02 -2.74393670e-02  3.66557054e-02  2.73605529e-02
 -4.19168510e-02 -1.46709494e-02  7.57359043e-02 -2.43421849e-02
 -1.26416730e-02 -5.29630147e-02 -6.96301088e-02 -6.16721064e-02
 -8.67522284e-02 -7.46122077e-02 -2.88826767e-02  2.38196142e-02
  4.08757702e-02 -6.48287684e-02 -7.59106576e-02 -3.20268348e-02
  2.76337080e-02 -5.84640838e-02 -9.37233493e-03  5.81018738e-02
 -4.87503260e-02  3.76647152e-02  4.98739779e-02 -1.55044273e-02
  6.47827983e-02  2.46368046e-03  2.65989192e-02 -7.85646439e-02
  4.95638214e-02  9.34004039e-03  9.31408405e-02  7.33163431e-02
 -1.22442022e-02  9.01609585e-02 -2.74686459e-02  5.50907431e-03
  2.18432639e-02 -3.08635887e-02 -2.38378122e-02  7.47440457e-02
 -6.20547980e-02 -5.15055396e-02 -3.62502262e-02  1.07346006e-01
 -7.84635246e-02 -2.84827547e-03 -1.70517098e-02 -1.05567992e-01
 -6.84088543e-02 -3.06053795e-02  8.08978900e-02 -3.42513882e-02
  6.56044111e-02 -4.52496335e-02 -5.88050783e-02 -1.00987419e-01
  6.10148385e-02  5.92868403e-02 -7.64861256e-02  1.08838618e-01
 -2.04882771e-02 -2.37973668e-02 -6.28812015e-02  8.40034336e-03
 -9.38925892e-02 -1.44518605e-02 -5.14740348e-02 -7.31609315e-02
  1.19884266e-02  1.73127968e-02 -8.32403228e-02 -8.36217962e-03
 -5.60803413e-02 -8.07372630e-02 -4.61686961e-03 -2.41618121e-08
 -8.57236423e-03 -2.66144965e-02  5.79827577e-02  1.88532416e-02
 -1.29274065e-02  8.15663561e-02 -7.97436982e-02  3.34658176e-02
 -3.72497318e-03 -2.83411406e-02  8.85663331e-02  2.01345906e-02
 -1.14310339e-01  5.54264300e-02  2.30018422e-02 -3.29546705e-02
  1.78052541e-02  4.71652225e-02 -3.09932381e-02  2.70054061e-02
  9.34334621e-02  4.56631295e-02  2.83929873e-02  1.89473610e-02
 -1.40889417e-02 -4.93133767e-03 -3.25945355e-02 -5.51864915e-02
  6.29099011e-02  2.90235337e-02  5.30814603e-02  1.50180049e-02
  4.65002619e-02 -4.33811024e-02 -7.24873692e-02  8.31183046e-02
 -5.30273430e-02  1.34015409e-02 -7.75782391e-02  6.23883046e-02
  3.39406431e-02 -2.47086398e-03 -3.71281393e-02  4.52591032e-02
  9.54519212e-02 -3.79792936e-02  6.46796077e-02  5.01871072e-02
  4.31247130e-02  4.55027409e-02  2.75970008e-02 -3.81697416e-02
 -3.27273309e-02 -1.52856009e-02 -7.96218291e-02 -4.57324833e-02
 -4.09072824e-02  7.59989768e-02  1.93822104e-03 -5.70122041e-02
  7.19394162e-02 -7.92045984e-03 -4.98385467e-02  1.74733326e-02]"
27,What is the primary purpose of data discretization in data pre-processing?,To reduce the number of distinct values in a continuous feature,easy,11,11.22727272727273,"['A. To remove missing values from the dataset', 'B. To convert categorical data into numerical data', 'C. To reduce the number of distinct values in a continuous feature', 'D. To perform clustering on the data', 'E. To normalize data using z-score scaling']",5,47.6,"[-2.71836109e-02  5.33038899e-02  2.16787178e-02 -3.10667884e-02
 -4.33467962e-02 -3.88391651e-02 -4.45476323e-02 -4.16588113e-02
  6.90599233e-02  6.25557527e-02  1.57147050e-02  5.74782304e-02
 -1.38431964e-02 -8.01412202e-03 -3.04247998e-02 -6.16701059e-02
  5.08656306e-03  4.94370274e-02 -2.80861743e-02 -8.27188268e-02
 -6.63453992e-03  2.18102448e-02 -1.22412346e-01 -1.13940006e-03
  4.52187620e-02  3.54147516e-02 -2.98865400e-02  1.03754280e-02
  4.60173413e-02  1.08489757e-02  1.05576999e-02  7.03731403e-02
  1.23696923e-01  2.79264897e-02 -1.33691251e-01 -9.48430877e-03
  5.88842854e-02  5.35953715e-02 -7.97887743e-02  6.12035021e-02
 -6.73294961e-02 -1.27314040e-02  1.41900294e-02  2.39346474e-02
  3.90160433e-03 -3.79869267e-02 -4.20410000e-02 -6.88959882e-02
 -2.14165114e-02 -2.28182343e-03 -8.11112374e-02  9.62588638e-02
 -1.41491396e-02  2.66546961e-02  3.29956971e-02  8.06668960e-03
  2.69883480e-02  3.16278972e-02 -2.08752975e-02 -3.02645080e-02
 -5.42895608e-02 -6.74332604e-02 -2.95786802e-02 -1.51522504e-02
  6.56418204e-02 -5.76917566e-02  5.68146408e-02 -1.13558667e-02
  7.52790868e-02  2.27413643e-02  2.34344676e-02  3.68183479e-02
 -2.34331191e-02  3.45064774e-02 -1.45482551e-02 -6.76077530e-02
 -3.73368151e-02  4.14842274e-03  1.63344704e-02 -6.16916493e-02
  4.86265458e-02  1.27022579e-01 -7.50192022e-03  2.01617181e-02
  2.55288221e-02  3.19442488e-02 -4.75910455e-02 -3.93634923e-02
 -2.49311142e-02 -6.50403351e-02  3.98004353e-02  4.48324122e-02
 -1.08894318e-01  4.78630327e-03 -1.29007891e-01  4.35179099e-03
 -3.59506509e-03 -6.74773157e-02  1.30511060e-01 -5.29740378e-03
  6.84536919e-02 -2.66362019e-02  1.85209177e-02  1.87740736e-02
 -1.91017743e-02 -1.94475129e-01  9.28470865e-02  9.78302862e-03
 -3.05877086e-02 -1.63458716e-02  7.58272316e-03 -1.82761885e-02
 -4.88116555e-02 -2.57719913e-03  9.19530541e-03 -8.33143219e-02
 -6.63960651e-02 -1.49049647e-02  6.98479712e-02 -1.93593614e-02
 -2.44350713e-02 -4.20382731e-02  5.87718189e-03  5.99953011e-02
  3.59333046e-02 -6.54226020e-02 -4.84204516e-02 -3.20632872e-33
  2.61604469e-02 -6.93298876e-02  1.26230940e-02  5.64195253e-02
 -6.42388761e-02  1.35619538e-02 -5.21878302e-02 -9.16589126e-02
  8.15204307e-02  1.11650325e-01  1.10040987e-02  7.39723295e-02
 -2.37438735e-02  4.87869009e-02  1.16850317e-01 -1.12084160e-02
 -4.53421511e-02  9.67847705e-02 -4.18551965e-03 -4.55446355e-02
  9.23755243e-02 -5.85673451e-02  6.51944354e-02 -6.48560468e-03
 -4.30933433e-03  6.86809868e-02 -3.15106250e-02 -2.00184924e-03
  2.66720783e-02  3.27595510e-02 -4.76395637e-02  2.00187918e-02
 -3.15252952e-02 -2.22482160e-02  7.06442744e-02  1.13039955e-01
  2.07379740e-02 -5.86182103e-02  2.45712325e-02  1.71101689e-02
  2.89612804e-02  1.56147359e-02  7.81623200e-02 -3.97599628e-03
 -3.22068706e-02  1.26313642e-02 -1.83831789e-02 -6.09532930e-03
 -2.76384130e-02  1.13822520e-02  2.19267886e-02  1.57857202e-02
  9.17008519e-02 -1.52332196e-02  2.80670300e-02 -2.90281139e-04
  1.34715326e-02 -1.11834511e-01 -7.45493770e-02  5.83595857e-02
 -9.89048183e-02 -5.87475412e-02 -2.80930307e-02  4.66533601e-02
 -5.79583086e-03  9.57949739e-03 -3.75432032e-03  3.09587661e-02
  7.86662251e-02 -2.87791099e-02 -8.89280885e-02  3.13635953e-02
 -2.09005699e-02 -3.83898430e-02  3.96207385e-02 -1.79566573e-02
  1.02828210e-02  3.67828831e-03  5.24783321e-03 -7.11181834e-02
 -5.38777933e-02  2.65970062e-02 -1.88513212e-02 -4.54096124e-02
 -1.85646079e-02 -3.63522246e-02  1.97232459e-02  4.74554226e-02
 -2.66726539e-02 -8.74887705e-02 -5.92998713e-02  5.05501069e-02
  3.55273671e-02  6.98337704e-02 -2.79864809e-03  5.33162039e-34
 -3.52910012e-02  2.95235552e-02 -3.97654660e-02  7.63715804e-02
 -2.06904151e-02  3.00457682e-02  3.32386568e-02 -7.82425553e-02
  3.20848189e-02 -8.89034793e-02 -2.24251654e-02 -4.49195281e-02
  4.40136306e-02 -2.27653533e-02  8.79992917e-03  2.48805210e-02
 -4.70261201e-02 -6.32827207e-02 -3.66353337e-03 -3.27249616e-02
  6.18644105e-03 -6.36337325e-02 -4.69559394e-02  6.07156707e-03
 -1.14533734e-02 -3.60177085e-02 -7.21528977e-02 -5.89101575e-02
  4.20309119e-02  1.42589705e-02  8.67031422e-03 -8.08338001e-02
 -3.98216955e-02 -5.57945147e-02 -6.96327984e-02 -5.81076592e-02
 -1.27744833e-02  4.42893542e-02  3.28796022e-02  1.44066778e-03
  8.02018866e-03  1.56863295e-02 -1.41623635e-02 -5.12553565e-02
  5.06161638e-02  6.01491379e-03  4.54184599e-02  2.98526045e-02
  4.67487685e-02 -1.50780454e-02  1.00170508e-01  7.22098276e-02
  2.33217105e-02 -1.76497153e-03 -3.20227467e-04  2.75581051e-02
 -3.04043703e-02 -2.92943120e-02 -1.56705063e-02  2.02611741e-02
 -8.31468925e-02 -1.77835245e-02  6.47590607e-02  5.50746024e-02
 -2.63286568e-02  3.43759432e-02  3.01327333e-02 -6.01245149e-04
 -2.94331321e-03 -3.79336551e-02  1.43665802e-02  2.99591292e-02
  3.49704660e-02  4.76359688e-02 -1.37465382e-02 -1.20617315e-01
  3.42287868e-02 -4.04151380e-02 -1.57275032e-02  1.06906012e-01
 -2.71304231e-02  3.81605444e-03  3.15759815e-02  5.47576845e-02
 -2.07829122e-02  5.83494715e-02  2.71089543e-02  6.15238631e-03
  4.50396426e-02 -3.38808075e-02 -2.04690788e-02 -4.01563682e-02
 -3.50462273e-02  5.16165383e-02 -9.01865065e-02 -1.83569195e-08
 -8.65666866e-02 -2.83895098e-02  2.45734234e-03 -9.53178946e-03
  3.14008184e-02 -5.72856143e-03 -1.30674383e-02  9.05931219e-02
  6.05837032e-02 -1.00494705e-01  5.55319861e-02  4.29489352e-02
 -3.95051949e-02 -4.31112312e-02  7.67628923e-02  4.11294885e-02
  5.44329844e-02 -9.74698216e-02  3.55450343e-03  1.06829517e-02
  1.17782680e-02 -7.46142399e-03 -1.27102762e-01 -6.00019842e-02
  1.00076072e-01  2.05068849e-02 -2.01351885e-02  1.25103325e-01
  3.34248468e-02  1.60005949e-02  4.55481559e-03  1.74878798e-02
  9.80811194e-02  9.89780501e-02  6.31226674e-02  2.69528292e-02
  6.37047663e-02  4.67341766e-02 -4.03096266e-02 -1.45139769e-01
 -5.20242043e-02  6.14554472e-02  1.06437933e-02 -1.77299120e-02
  1.87899061e-02  3.86282951e-02 -1.46420691e-02  9.57658514e-02
  2.54890937e-02  1.39909983e-02 -4.45803553e-02  7.18245953e-02
  7.31656514e-03  2.51800492e-02  5.17919883e-02  2.30548140e-02
 -4.49844683e-03 -8.14030841e-02 -9.01019573e-03 -3.78880613e-02
 -3.05194175e-03 -3.34072299e-02 -4.75408137e-02 -4.31737397e-03]"
28,What is the primary goal of data pre-processing techniques like feature scaling or normalization?,To reduce the impact of outliers | To improve the convergence of machine learning algorithms,medium,14,12.62714285714286,"['A. To increase the dimensionality of the data', 'B. To add more features to the dataset', 'C. To reduce the impact of outliers', 'D. To make the data more complex', 'E. To improve the convergence of machine learning algorithms']",5,42.0,"[ 4.57653478e-02  4.43403721e-02 -1.51885431e-02 -8.17732234e-03
 -1.80236064e-02 -2.66648666e-03 -7.20968321e-02 -5.93010709e-03
 -2.79917177e-02  4.97179404e-02  1.23035358e-02  3.56241055e-02
 -1.83254462e-02  4.47252691e-02 -3.01688388e-02  1.88233387e-02
 -8.31292011e-03  8.14273283e-02 -8.76637623e-02 -7.03867376e-02
 -1.15557956e-02 -4.48718406e-02 -8.50708708e-02  3.36464192e-03
  5.60186319e-02  1.44858332e-02 -2.45875623e-02 -4.38418500e-02
  6.53441623e-02  2.26440672e-02  2.64751390e-02  3.20838131e-02
  1.37513280e-01  5.99222071e-02 -1.49673805e-01  1.98188275e-02
  1.29303942e-02 -1.61450953e-04 -7.55727813e-02  1.47919217e-02
 -2.83577014e-03 -8.67002755e-02 -6.78478628e-02  2.83218361e-02
  4.03249115e-02  3.37920412e-02 -1.57222580e-02 -2.89516686e-03
  7.77511857e-03 -4.40222621e-02 -6.26809224e-02  3.29833701e-02
 -8.85161757e-02  2.06558350e-02  2.76963543e-02  7.10522756e-02
  4.87936027e-02 -3.28731984e-02  2.52044741e-02 -2.20468324e-02
 -4.54640947e-02 -7.40493089e-02 -6.01317845e-02  3.53642963e-02
  7.03075975e-02 -3.64693776e-02  6.03137501e-02 -6.30963072e-02
  8.41759592e-02 -5.73210455e-02  6.48613460e-03  2.68146936e-02
  5.49064539e-02  4.28258441e-02 -8.43138434e-03 -9.92504973e-03
 -7.84952193e-02  2.59173140e-02 -2.50008591e-02 -2.41719931e-03
  2.80609224e-02  4.73822542e-02  6.20964877e-02  7.42080435e-02
  1.30765110e-01  7.33819827e-02 -5.72882183e-02 -4.49012853e-02
 -6.38249442e-02  2.32013525e-04 -1.67546421e-02 -3.26149985e-02
 -4.88464274e-02 -2.07714997e-02 -8.09049755e-02 -1.02577861e-02
  3.19459336e-03 -8.36773515e-02  8.96731764e-02  5.19886846e-03
  7.27170706e-02 -2.75499281e-02  9.04347003e-02  6.41444698e-02
  4.89074513e-02 -7.69878924e-02  8.22568759e-02  2.65429653e-02
  3.09629235e-02 -2.75850855e-02 -7.28444778e-04  2.73676566e-03
 -3.14291902e-02 -4.65420075e-02  7.42929578e-02 -5.44142798e-02
 -1.25250192e-02  1.25702517e-03  3.11609302e-02 -3.91724594e-02
  3.25035467e-03 -5.11510186e-02 -8.56790505e-03  1.21394610e-02
  7.70862261e-03  5.05983047e-02 -1.22878559e-01 -2.03145591e-33
 -2.69517507e-02 -2.20324416e-02 -1.18541680e-02 -3.60750849e-03
 -1.44700617e-01  8.04327149e-03 -8.18658918e-02 -4.97692674e-02
  3.88804637e-02  4.99362312e-02  5.39150797e-02  1.09326273e-01
  2.56072152e-02  7.41658062e-02  3.00067924e-02 -3.96287479e-02
 -4.03876193e-02  1.01057850e-01 -2.13084137e-03 -3.23582329e-02
  3.88807394e-02 -6.54465035e-02  5.11387400e-02  4.04293202e-02
 -1.26422597e-02 -8.55656248e-03 -1.03790626e-01 -6.60520867e-02
 -2.00641789e-02  1.57118693e-03 -1.99487079e-02 -4.17872425e-03
 -3.76255959e-02  1.85906999e-02 -2.83893887e-02  2.13730186e-02
  5.64308167e-02 -9.08206701e-02  3.37726399e-02  1.92151696e-03
  4.02379557e-02  4.00609523e-02  2.97996886e-02 -3.12223434e-02
 -4.40248773e-02  6.01848438e-02 -1.90200023e-02  4.24235594e-03
 -4.30800356e-02 -5.29873073e-02  5.39350361e-02 -1.99267138e-02
  3.79328392e-02 -2.80623883e-02  3.69555913e-02  5.94126396e-02
  4.71383817e-02 -1.62069529e-01 -1.34763736e-02  2.46842783e-02
 -6.78834170e-02 -6.45188913e-02 -8.20557401e-02  5.83243631e-02
 -3.50646302e-02 -1.95742249e-02  6.36526942e-02  5.18048322e-03
  3.52853909e-02 -4.68970835e-03 -3.92705724e-02  3.92438518e-03
 -1.25826830e-02 -1.41341677e-02  6.72051916e-04  2.24771518e-02
 -1.43339178e-02 -2.48454865e-02 -1.95408333e-03  3.63381376e-04
 -7.46801347e-02  6.36912435e-02 -8.82815197e-03 -1.30813876e-02
 -3.43697635e-03 -4.27372977e-02 -4.80566930e-04 -2.91405916e-02
 -1.96291003e-02 -4.96527329e-02 -2.97514126e-02  9.80214700e-02
 -4.29795589e-03  5.09847589e-02 -4.19276208e-02  1.17685792e-33
 -2.21576309e-03 -2.49601854e-03 -9.01598930e-02  1.01942673e-01
  1.86434423e-03  2.81984005e-02  1.80561319e-02 -7.99785852e-02
  3.60371023e-02 -5.59145920e-02 -4.31364216e-02 -9.83584747e-02
  3.12736109e-02 -1.00107282e-01 -7.36450171e-03  2.01466735e-02
 -3.78861576e-02 -1.56185683e-02 -1.49112390e-02 -2.70713698e-02
 -6.61819754e-03  6.53270334e-02 -6.55287057e-02  2.59619299e-02
  1.58818159e-02 -5.25051504e-02 -6.82119653e-02 -8.49726945e-02
 -3.43195647e-02  1.73896719e-02 -4.81401160e-02 -5.07147014e-02
  2.02965979e-02 -1.38192251e-02 -1.89996902e-02  8.19335133e-03
 -2.74940319e-02  1.02961147e-02  6.06769435e-02  8.18409864e-03
  1.11991009e-02  5.60582280e-02 -3.04379556e-02 -3.02430764e-02
  7.13895168e-03  1.33444723e-02  2.43270192e-02  3.16977836e-02
  5.20136114e-03 -3.34359729e-03  6.56297132e-02  5.54941669e-02
  4.67782021e-02 -5.67838252e-02 -4.61514965e-02  4.03970480e-02
  2.65258439e-02 -5.77683896e-02 -5.57950116e-04  4.91186418e-02
  3.57191078e-03 -6.23365045e-02  6.65426999e-02  7.25576468e-03
 -7.89840296e-02  5.00796549e-02  4.89418879e-02  5.48512712e-02
 -4.81522940e-02 -4.88503054e-02 -1.51834711e-02 -2.82438360e-02
  1.26834996e-02  3.76917124e-02 -1.12612933e-01 -1.39419079e-01
  2.95975362e-03 -4.78907675e-02 -1.98577847e-02  6.87489286e-02
 -2.49671973e-02 -3.96262594e-02  2.02223659e-02  8.31475630e-02
  1.88285913e-02  6.08114861e-02  6.67227805e-02 -1.46530448e-02
  6.81946129e-02 -1.04769962e-02 -6.67580888e-02  7.16414303e-03
 -7.32043087e-02  8.45094249e-02 -2.53105927e-02 -1.94322283e-08
 -1.00492023e-01 -2.92947143e-02  4.74425815e-02  3.52171399e-02
 -8.29167012e-03 -1.24776121e-02 -2.96679661e-02  1.24658301e-01
 -9.46073513e-03 -2.56434437e-02  1.41014252e-02  1.97761748e-02
 -7.95485452e-02  1.90518480e-02  1.31277010e-01  3.27950977e-02
  9.11978930e-02 -2.16725208e-02 -3.90135311e-02 -1.75075643e-02
  1.59928761e-02  4.88390289e-02 -8.92243013e-02 -6.34590685e-02
  9.77601930e-02 -5.10490835e-02  3.10059683e-03  1.25361785e-01
  3.92751843e-02 -6.94843149e-03 -2.62273718e-02  3.09873614e-02
  7.07383007e-02  6.47516325e-02  7.03969151e-02 -3.46544641e-03
  5.87438717e-02  7.37211704e-02 -2.96683796e-02 -7.70647377e-02
  5.64735662e-03  1.00982241e-01  2.44359672e-02  2.23129354e-02
 -2.84968186e-02  8.52128044e-02  9.46798641e-03  8.40011835e-02
  4.38629687e-02  3.05225533e-02  6.25160262e-02  5.06171249e-02
  1.95139814e-02  6.47622794e-02  5.93142547e-02  5.69190308e-02
  2.03250460e-02  1.75679643e-02  2.72126198e-02 -1.41171215e-03
  1.63627341e-02  1.45018147e-02 -5.40940731e-04 -5.64033054e-02]"
29,Which data pre-processing technique is used for scaling features to have a mean of 0 and a standard deviation of 1?,Z-Score Scaling,easy,21,10.58095238095238,"['A. Z-Score Scaling', 'B. Min-Max Scaling', 'C. Discretization', 'D. PCA', 'E. Aggregation']",5,14.6,"[ 8.91303271e-02 -1.95020139e-02 -2.72435118e-02 -1.29103623e-02
 -6.80067688e-02 -3.55043150e-02 -1.08326137e-01  5.50713725e-02
 -3.24033760e-02  1.90509502e-02  4.23985682e-02  1.02745499e-02
  7.72309676e-03  1.87426452e-02 -1.66435223e-02 -1.81182101e-02
  2.82281563e-02  6.67773858e-02  1.41908079e-02 -2.03066207e-02
  4.74152863e-02 -1.63773410e-02 -6.15352541e-02  1.17102740e-02
  1.47301480e-01 -5.61855286e-02 -3.50751951e-02 -3.77740338e-02
  1.04440950e-01 -1.76858273e-03  2.74994504e-02  1.06912972e-02
  1.04218446e-01  7.40990974e-04 -9.09789726e-02 -4.31712419e-02
  5.99106997e-02 -2.45020781e-02 -1.31157368e-01  1.28837693e-02
  2.38690265e-02  3.40283066e-02 -1.02581708e-02  9.12526157e-03
  2.39571324e-03  2.74388539e-03 -2.75173169e-02 -2.28937231e-02
 -1.86199620e-02 -1.28369099e-02  2.26388630e-02  4.37039249e-02
 -1.06635921e-01  2.42814086e-02  4.54273336e-02  1.21216979e-02
  2.01717927e-03  1.62709951e-02  4.71821837e-02 -2.24262085e-02
  3.21524194e-03 -3.94629799e-02  3.58373187e-02  1.93498582e-02
  6.75914064e-02  1.01483949e-02  1.00715300e-02 -1.20743819e-01
  9.41589177e-02 -4.96733002e-02 -5.44243902e-02 -3.53683382e-02
  1.44793186e-02  4.01684344e-02 -4.78754081e-02 -1.37023991e-02
 -1.15483887e-01 -4.57987003e-03  2.66758837e-02  5.70167936e-02
 -6.82179481e-02  2.07374226e-02  8.08301475e-03  2.90803914e-03
  8.84390175e-02  8.91414583e-02  2.69669183e-02  2.54510418e-02
 -3.34848044e-03  3.65581624e-02 -1.21194944e-02  3.81118394e-02
 -7.66831115e-02 -3.08897775e-02 -9.58717018e-02 -2.36051437e-02
 -7.00879423e-03 -6.82352111e-02  1.00291498e-01 -5.47476998e-03
  3.99868861e-02 -1.11731226e-02  9.46752056e-02  5.76609075e-02
  5.30603975e-02 -4.09991555e-02  8.06680918e-02 -5.16291112e-02
 -2.52743308e-02 -3.75891589e-02 -1.79816075e-02 -6.96542710e-02
 -6.27248362e-02 -1.00662261e-01  4.92928885e-02 -6.55801296e-02
  5.65392151e-03  2.70902961e-02 -2.96833017e-03 -3.04945875e-02
 -1.18032349e-02 -7.96605572e-02 -5.01010120e-02  3.43795419e-02
 -3.63649912e-02  8.72659981e-02 -4.17015590e-02 -2.45832823e-33
 -2.29093526e-02 -3.76885645e-02 -3.28258640e-04 -6.48993179e-02
 -6.16425239e-02  3.99302542e-02 -4.19087969e-02 -1.85544435e-02
 -1.87764017e-04  4.14490253e-02  6.80552423e-02  6.31389767e-02
  6.62803510e-03  2.26001795e-02  4.85526286e-02 -7.87608922e-02
  1.35692991e-02  3.21520269e-02  2.89793666e-02 -1.21691562e-01
  3.70571725e-02 -3.89938541e-02  5.05184792e-02  2.44079027e-02
  5.44606335e-03 -5.72507307e-02 -8.84403139e-02 -6.34611920e-02
 -4.43046093e-02 -1.33773163e-02 -2.27320641e-02  3.85542400e-02
 -5.41847907e-02 -6.84680743e-03 -7.29555860e-02 -4.86859679e-02
  3.28425393e-02 -2.48770136e-02  4.78489175e-02  3.34239122e-03
  4.03018296e-02  3.49672162e-03  5.09627070e-03 -5.43762185e-02
 -3.33877802e-02  2.35845689e-02 -3.82516370e-03  6.31472468e-02
  3.86744039e-03 -5.44842370e-02 -7.61053432e-03  6.35485863e-03
  1.23120202e-02  1.66527461e-02  1.34067666e-02  6.73711225e-02
  5.27780540e-02 -9.47881788e-02 -8.20399076e-02  2.73722690e-02
 -6.61728829e-02 -3.40180397e-02 -3.21105607e-02  9.44157038e-03
  8.32965691e-03 -4.67430688e-02  2.71469280e-02  2.54143868e-02
 -3.09372414e-02 -4.95266309e-03 -9.19465721e-03  4.21922319e-02
 -7.72335902e-02 -7.52970725e-02 -7.39714503e-02  1.40886772e-02
  2.99317781e-02  3.59878913e-02 -1.77906174e-02  3.88556416e-03
 -8.22030380e-02  1.08476337e-02 -1.68461856e-02 -5.68748899e-02
 -1.06384289e-02  5.49521968e-02 -2.18327437e-02 -2.13928334e-02
 -4.01856378e-02 -4.90245894e-02 -6.29683807e-02  4.74174619e-02
  9.04051065e-02  7.20576048e-02 -7.14090690e-02  1.02610380e-33
 -9.64170322e-02  1.27626909e-02 -5.25869254e-04  1.33513868e-01
  6.37794212e-02  8.75350162e-02  8.97763111e-03 -4.97786850e-02
  4.22849879e-02  6.63090451e-03 -5.44888675e-02 -6.25835732e-02
  2.10232586e-02 -7.75805265e-02  1.27819264e-02  4.25051451e-02
 -2.94173528e-02  2.02303100e-02 -1.31135704e-02  2.87437886e-02
  1.51140690e-02  6.28895685e-02 -5.69999367e-02  4.40810360e-02
  1.42276790e-02 -3.01122200e-02 -4.77219485e-02 -7.35140294e-02
 -6.54777512e-02 -6.57365844e-02 -8.86335298e-02 -2.05617677e-02
  5.05471155e-02 -1.69430058e-02 -2.88938507e-02 -6.14990033e-02
  6.62265159e-03 -3.78245823e-02  7.00267181e-02  3.70012261e-02
  2.46318560e-02  7.46280253e-02 -3.20326015e-02  1.81172434e-02
  7.38812685e-02 -5.04457764e-02 -2.62441975e-03  2.58787461e-02
  4.10077814e-03 -1.39923263e-02 -2.53557321e-02  8.41788426e-02
 -1.35110633e-03  1.33716613e-02 -1.62254535e-02  6.40472993e-02
 -8.09349120e-03 -2.59055775e-02 -2.47260705e-02  1.40498951e-02
 -5.53894322e-03 -9.90032852e-02  4.49275924e-03  5.24640130e-03
 -5.15396558e-02  5.18073663e-02  5.30358255e-02  2.90405229e-02
 -8.53573978e-02 -3.15464586e-02  5.66779599e-02  3.87412757e-02
  8.90730098e-02 -5.60263284e-02 -6.51106536e-02 -1.57182917e-01
  1.04606897e-02 -7.86954015e-02  2.79723182e-02  3.49546000e-02
  4.94669639e-02  7.64758885e-02  4.72145304e-02  5.36369681e-02
  9.48775783e-02  2.78805625e-02  7.00463653e-02 -1.42794307e-02
  6.33982867e-02  1.10149972e-01 -5.85317835e-02  5.41127957e-02
 -6.26821071e-02  4.26764563e-02  2.66001024e-03 -2.24004477e-08
 -1.48020834e-02 -5.87228406e-03  6.52442425e-02  4.21354212e-02
  2.01540180e-02  4.37031016e-02  8.00508261e-03  9.28555429e-03
 -7.64574930e-02 -5.47202341e-02 -2.11712299e-03 -4.24892567e-02
 -9.01930481e-02  1.76485337e-03  1.08938530e-01  4.52713072e-02
  6.95495233e-02  7.27500254e-03 -2.88988650e-02 -6.02609776e-02
 -1.17109250e-03  1.12849027e-02 -9.87679511e-03 -4.60236110e-02
  2.93212365e-02 -1.38203129e-02 -2.84107868e-02  7.75620043e-02
  8.51369426e-02 -3.53347324e-02 -1.29365493e-02 -1.51741048e-02
  1.21510901e-01  5.63649368e-03  1.13547720e-01  3.78229953e-02
  4.45128083e-02  1.04095995e-01 -3.43659818e-02 -5.07345535e-02
 -4.47455468e-03  7.01649487e-02  9.11915824e-02  1.29917199e-02
 -4.15308364e-02  7.64828399e-02 -8.64264648e-03  3.44333351e-02
  4.89328764e-02  3.08268182e-02  1.17567636e-01 -5.88006456e-04
 -2.64104456e-02  5.64925112e-02  1.73121169e-02  5.15973605e-02
  6.51740376e-03  3.54549848e-02 -2.74834707e-02 -4.95414995e-02
  4.61561047e-02 -2.91129351e-02 -4.47597243e-02 -1.19627127e-02]"
30,What is the primary purpose of data sampling in data pre-processing?,To create a representative subset of the dataset,easy,11,10.154545454545456,"['A. To reduce the number of features in the dataset', 'B. To create a representative subset of the dataset', 'C. To merge two or more datasets', 'D. To convert categorical data into numerical data', 'E. To perform dimensionality reduction']",5,44.2,"[-4.19638343e-02  6.95720538e-02 -1.57380756e-02 -6.36376441e-03
  9.22737457e-03 -1.26404716e-02  2.29577925e-02 -2.85697617e-02
  6.51202649e-02  5.55735454e-02  5.37871011e-03  4.69040349e-02
 -9.21377633e-03 -7.62590021e-02 -6.10556919e-03 -2.09032819e-02
  4.29451168e-02 -2.57109925e-02 -1.54728517e-02 -6.70396090e-02
  8.72384384e-03 -4.16772403e-02 -6.26645833e-02 -3.51443104e-02
  1.34530813e-02 -1.24002546e-02 -1.61603186e-02 -5.46098687e-02
  8.21341276e-02  8.90554162e-04  5.47787808e-02  8.93248096e-02
  1.43298283e-01  1.72311328e-02 -6.40634149e-02  5.90704009e-03
  1.56309619e-03  1.63755715e-02 -5.50405905e-02  5.41485250e-02
  8.58063623e-03 -2.50499267e-02 -3.05254851e-02  5.96621968e-02
  3.05890152e-03  4.25911061e-02  2.07924452e-02  1.33041162e-02
  1.27560580e-02  8.61060694e-02 -5.19143529e-02  4.39534560e-02
 -6.59583742e-03 -1.19345589e-02  1.49647109e-02  7.70376669e-03
 -2.97872117e-03 -3.06717828e-02  1.92829140e-03  2.37462334e-02
 -2.53783483e-02 -6.41779825e-02 -4.59013432e-02  3.97949554e-02
  3.48852053e-02 -7.68261403e-02  3.90490405e-02  1.40034249e-02
  1.13313049e-01 -7.48056248e-02  2.73167924e-03  7.69560710e-02
 -8.03575665e-03  8.04216415e-02 -1.55904759e-02 -2.82414313e-02
 -7.29667470e-02 -5.07733263e-02  2.37607416e-02 -4.55074050e-02
  5.63299246e-02  4.04805653e-02  2.19458006e-02  5.02988175e-02
  5.56759126e-02  3.60188112e-02 -2.18478106e-02 -2.41997316e-02
 -2.28830501e-02 -3.88136096e-02  1.30923819e-02  9.14522167e-03
 -5.14650457e-02  5.38281128e-02 -1.28290743e-01  3.23652513e-02
  1.65891312e-02  8.85100942e-03  9.32270959e-02  6.47454662e-03
  9.14685875e-02  4.82019149e-02  5.41216806e-02  1.37202203e-01
 -6.11161850e-02 -1.72816664e-01  4.34157141e-02 -2.83309650e-02
 -1.26197450e-02  1.37585485e-02 -2.32756063e-02  5.53555181e-03
  1.56084960e-03 -3.12979035e-02  4.69791926e-02 -6.85769022e-02
 -3.41393575e-02 -1.22287720e-02 -4.81345579e-02 -3.38228643e-02
 -3.34834307e-02  1.25063816e-02 -3.27400938e-02 -1.38247563e-02
  3.59359533e-02 -5.50595485e-02 -6.70618489e-02 -3.40468016e-33
  1.02924667e-02 -4.43082713e-02  2.19228189e-03 -1.58223640e-02
 -8.42207223e-02 -4.51477692e-02 -3.42194214e-02 -6.12160228e-02
  6.67487383e-02  8.90593603e-02  3.37595120e-02  1.55048836e-02
  6.85226768e-02  6.79406822e-02  1.36356084e-02  2.36393418e-02
 -7.73109272e-02  8.86379853e-02 -1.20464247e-02 -1.27819469e-02
  5.13846986e-03 -2.69445684e-02  3.92161906e-02  4.96363379e-02
 -4.38756384e-02  9.53082889e-02 -8.91559869e-02  1.63130872e-02
  5.36963083e-02  3.43620479e-02 -4.19024639e-02  1.16459168e-02
 -4.99336906e-02  1.53245125e-03  1.16837136e-02  6.23374991e-02
  6.46575019e-02 -7.61070997e-02 -7.93587882e-03  2.71561854e-02
  8.50431845e-02  1.35390190e-02  1.68847784e-01  1.16957203e-02
 -7.56228492e-02 -6.07626140e-02 -1.29834730e-02 -2.68424768e-02
  9.76037327e-03  8.85616802e-03 -6.94675779e-04 -2.28285380e-02
  4.84354757e-02  2.46652961e-02  5.67898038e-04  9.04025212e-02
  2.51920819e-02 -1.26694903e-01 -2.99578197e-02  9.06500816e-02
 -1.43641114e-01 -4.51388098e-02 -7.73548856e-02  6.22121841e-02
  4.99417707e-02  2.22799387e-02  5.12634441e-02 -5.70065379e-02
  8.32000971e-02  1.01700034e-02 -3.60446721e-02 -4.34175394e-02
 -9.59958509e-02 -1.47407569e-04  1.11804744e-02  3.39384004e-02
 -2.23258324e-02  7.06798583e-02 -2.34426074e-02  1.56983286e-02
  7.01607484e-03 -6.40578493e-02 -5.97930551e-02 -3.74582037e-02
 -2.93836705e-02 -1.19056599e-02  5.81928790e-02 -7.59005696e-02
  8.07516836e-03 -5.86800836e-02 -3.24112885e-02  7.11099654e-02
 -8.40341225e-02  1.36306006e-02 -5.38170561e-02  1.28165609e-33
  5.31804115e-02 -2.43228301e-02 -3.68493833e-02  1.02602318e-01
 -1.78429577e-02  2.42932085e-02  6.84267506e-02 -1.52384609e-01
  5.97183481e-02 -2.49288697e-02 -1.00640632e-01 -1.01807825e-01
  5.90959415e-02 -6.65621385e-02  3.17295687e-03  2.23624185e-02
 -4.05847915e-02 -5.38863987e-02 -4.58365977e-02 -5.01336530e-02
 -2.91246641e-02  4.44699004e-02 -2.28633303e-02 -2.02941354e-02
 -2.86900182e-03 -1.78736430e-02 -5.98197840e-02 -7.31158331e-02
  4.70858440e-02  1.10653024e-02 -4.65116166e-02 -8.12636539e-02
  7.10581895e-04 -5.16306907e-02 -4.45252471e-02 -5.44276205e-04
  6.36240542e-02  7.18345046e-02  4.03107367e-02  1.75117064e-04
  3.59686315e-02  5.56394793e-02  5.33469021e-03  2.98578263e-04
 -4.15613465e-02 -5.29288640e-03 -3.12370937e-02  6.91005215e-02
 -1.80669464e-02  1.14069115e-02  1.99110135e-02  5.29410578e-02
  3.67454439e-02  6.73033204e-03  3.42424065e-02 -3.59301269e-02
 -1.56655479e-02  4.50314907e-03  3.43029872e-02  8.63535777e-02
 -2.50902083e-02  1.29244998e-02 -2.71068066e-02 -2.26191729e-02
 -1.07560027e-02  2.32298728e-02  3.35323848e-02  5.74286422e-03
  2.69860309e-02 -7.59605542e-02  4.43818141e-03 -3.75730009e-03
  2.05279328e-02 -1.08565707e-02 -7.83762410e-02 -5.06505519e-02
 -2.56924741e-02 -2.22944468e-02  1.89751491e-03  5.26244789e-02
 -7.07652569e-02 -5.41722700e-02 -1.21192345e-02  7.37497583e-02
 -2.71478202e-03  2.37803403e-02  1.07416958e-02 -4.64968532e-02
  1.05387541e-02 -5.03031090e-02 -3.79163101e-02 -8.21837038e-03
 -4.49906196e-03  7.97730833e-02 -6.36425838e-02 -1.74782269e-08
 -8.78114924e-02 -1.13928057e-02  2.74563227e-02  3.52156907e-02
  2.98615005e-02 -2.49984581e-02 -2.96557955e-02  8.64618346e-02
 -1.43788615e-02 -5.96771091e-02  1.17915176e-01  3.12149408e-03
 -5.69249131e-02 -5.53444549e-02  1.30556047e-01  7.59102544e-03
  7.80794621e-02 -5.38018458e-02 -3.57408971e-02  1.47813838e-02
  2.66988156e-03  2.21089888e-02 -1.11274950e-01 -6.92002252e-02
  1.11921936e-01  4.35009673e-02  5.48799075e-02  7.48334453e-02
  1.82557516e-02 -1.72439292e-02 -4.21336479e-02 -3.95481754e-03
  3.68683301e-02  4.04031277e-02  7.87261203e-02 -3.35820913e-02
  1.30795306e-02 -4.52178381e-02 -2.19887942e-02 -1.15274571e-01
 -3.38799842e-02  1.01554289e-01 -5.61203249e-02 -1.44118369e-02
 -1.91517677e-02  5.36829196e-02 -1.32160150e-02  6.72846362e-02
  2.85401065e-02  1.96368154e-02 -4.54410277e-02 -2.49899942e-02
  4.23268639e-02  5.26828598e-03  1.74499005e-02  4.23795246e-02
  1.72387995e-02 -3.46438283e-05  3.77886258e-02  9.96303465e-03
  5.67294434e-02  6.92614987e-02 -1.39219761e-02 -5.23440279e-02]"
31,What is the primary goal of dimensionality reduction techniques in data mining?,To improve model performance. | To reduce model complexity.,medium,12,12.69,"['A. To increase the number of features.', 'B. To improve model performance.', 'C. To add noise to the data.', 'D. To create complex models.', 'E. To reduce model complexity.']",5,31.2,"[-5.96529688e-04  7.77313858e-02  4.28157812e-03 -4.06205505e-02
  3.80394869e-02  1.18451789e-02 -3.77383456e-02 -8.49695131e-02
 -4.98495903e-03  3.44936997e-02 -7.22256210e-03  3.32831778e-02
  2.86683049e-02  2.75039040e-02 -5.71476296e-02  4.21721339e-02
 -1.56752039e-02  1.11884199e-01 -2.43676826e-02 -6.85774162e-02
 -1.69319939e-02 -5.66874398e-03 -4.44561020e-02  2.39523780e-02
  4.74674031e-02  9.51782148e-03  8.58949348e-02 -2.45229062e-02
 -4.73062731e-02  5.65704592e-02  5.26924394e-02  1.09282315e-01
  7.35109895e-02 -3.81539129e-02 -1.66253000e-01  1.88534446e-02
  5.48374243e-02  8.20766985e-02 -4.50244136e-02  4.66052108e-02
 -3.27277780e-02 -1.33872395e-02  9.06752702e-03  2.45630015e-02
  2.07763445e-02  6.88120723e-02 -6.75999522e-02 -9.03365090e-02
 -1.66008361e-02 -3.19632813e-02 -2.05142573e-02  3.47869210e-02
 -9.00586396e-02  6.57675415e-02  5.88314747e-03 -4.70308214e-02
 -2.84894239e-02 -2.89227143e-02 -1.40572609e-02  1.69916470e-02
  3.44925150e-02 -6.45961910e-02 -4.04049307e-02 -1.71574894e-02
  1.20150603e-01 -8.85238964e-03  3.46956179e-02  1.97819136e-02
 -3.91905047e-02 -7.33232051e-02  2.03977767e-02  1.99743174e-02
 -5.26558049e-02  5.58360368e-02  3.48857604e-02  6.34723343e-03
  9.46547743e-03 -9.53046698e-03  7.32813999e-02  1.79025885e-02
 -2.73220576e-02  9.88277271e-02  1.39425658e-02  3.46223786e-02
  7.57766142e-02  3.62445079e-02 -1.25372326e-02 -9.39062536e-02
 -4.33267057e-02 -3.51338983e-02  7.20624775e-02 -2.41328795e-02
 -1.00830533e-02  1.05132898e-02 -4.43299115e-02 -5.20233177e-02
 -1.00426469e-02 -2.81584207e-02  8.64829421e-02  6.01425720e-03
 -1.37935048e-02  3.36870179e-03  1.98829379e-02  4.16200832e-02
  4.82251868e-03 -7.62707219e-02  7.61638060e-02  4.43604663e-02
  5.44468649e-02 -1.14602581e-01 -3.59797180e-02 -1.40437381e-02
 -4.60397862e-02  1.79264247e-02  3.13032642e-02 -1.48332231e-02
  2.65593529e-02  6.12481646e-02  7.22149909e-02 -1.34749850e-02
  5.39502455e-03  2.05640811e-02  1.41873695e-02 -1.71018895e-02
  6.75638989e-02  1.39964810e-02 -1.15932912e-01 -5.29369141e-34
  2.98699867e-02  1.08077517e-02 -2.57002432e-02 -7.30143255e-03
 -2.24000216e-02 -1.93657205e-02 -5.39499037e-02 -4.64340113e-02
  9.22117606e-02  5.30838408e-02 -1.93851383e-03  8.16817731e-02
  6.62201494e-02  2.64773294e-02  1.06002644e-01 -3.07140430e-03
 -8.59303027e-03  8.83832872e-02 -1.87211987e-02 -1.55859590e-02
  9.13108438e-02 -7.24245533e-02  7.37192482e-02  2.50543933e-02
 -3.32284532e-02  2.55895425e-02 -1.29169896e-02 -4.25167894e-03
  4.22186516e-02  2.87957489e-03  4.61959373e-03 -7.47049553e-03
 -6.04823194e-02  4.85173725e-02  2.19097752e-02  5.36518022e-02
 -6.89084455e-02  3.86836589e-04  4.55847867e-02 -4.49500792e-02
 -4.98569980e-02 -3.91789675e-02  1.59336440e-02 -2.30225530e-02
 -8.03194717e-02  8.74063969e-02  8.34229868e-03 -7.93279409e-02
 -4.22589369e-02  1.66514535e-02  9.77962315e-02 -5.83896749e-02
  3.65863703e-02 -1.07993034e-03 -2.35461425e-02  3.58195975e-02
  3.39201000e-03 -1.32631734e-01  1.76727045e-02  6.28482131e-03
 -7.93009177e-02 -2.75563281e-02 -1.61111355e-02  3.39866392e-02
 -1.08129382e-02 -5.48691787e-02  2.57190615e-02 -2.52807382e-02
  5.67257628e-02 -2.24388056e-02 -3.56466323e-02  7.05516562e-02
  3.67546873e-03 -8.95593464e-02  2.08944865e-02 -2.96569187e-02
  5.54951355e-02 -2.18491852e-02 -4.07357998e-02  2.66644061e-02
 -7.47183263e-02  1.86108015e-02  1.99367832e-02 -9.80020687e-02
 -1.99318808e-02 -9.36002582e-02  3.65612805e-02 -3.04077119e-02
 -1.69178322e-02 -4.94533330e-02 -1.01371519e-01  4.95007224e-02
 -5.16552553e-02  3.39202099e-02  1.18800756e-02  5.38666200e-34
 -3.32548618e-02  2.15811888e-03 -7.95638375e-03  2.70211808e-02
 -3.78051102e-02 -2.82526389e-02 -1.07043581e-02  1.16758496e-02
  1.33309476e-02 -1.09148309e-01 -3.08505688e-02 -2.62668841e-02
  2.85672955e-02 -6.22114819e-03  1.69290211e-02  8.95308554e-02
 -3.31250355e-02 -4.52439375e-02 -3.18219364e-02  2.68111425e-03
 -3.89164016e-02  5.41405417e-02 -1.22569993e-01 -5.00250608e-02
 -2.00431030e-02 -2.22354457e-02 -2.90246084e-02 -1.16262920e-01
 -4.27402090e-03  1.60737708e-02 -2.26654690e-02 -4.15672772e-02
 -8.72431919e-02  1.21322675e-02 -5.80662861e-02 -6.08962635e-03
 -1.27661154e-02  1.86663400e-02  6.37980876e-03  4.89292704e-02
 -5.97690046e-02  4.38827761e-02 -5.07114902e-02 -1.85469594e-02
  1.51598938e-02  2.01114267e-02  5.95515929e-02  6.47826046e-02
  6.03841506e-02  1.07987244e-02  4.27453071e-02  1.04370480e-02
  7.00042248e-02  3.90733369e-02  5.50503694e-02  4.23194356e-02
  5.85551895e-02 -1.78274158e-02  4.08606790e-02  2.98700924e-03
 -9.07173846e-04 -3.30514722e-02  9.08088908e-02  3.97772565e-02
 -4.13417295e-02  7.53331743e-03  4.66473065e-02  1.04451284e-01
 -2.72943359e-02 -4.03744914e-02 -1.11041777e-02  4.57145870e-02
  5.14052473e-02  3.81760150e-02 -1.14083946e-01 -1.08660266e-01
  2.20118240e-02 -3.68140899e-02 -1.23075701e-01  6.74874038e-02
  4.87976484e-02 -7.48643950e-02 -1.58577207e-02  1.07006347e-02
 -1.48816854e-02  8.03356171e-02  5.42470999e-02 -6.85633626e-03
  3.39094251e-02 -1.07283488e-01 -1.73732359e-02  9.85931139e-03
 -6.09334037e-02  1.38429224e-01 -5.74473292e-04 -1.82426660e-08
 -7.28485510e-02 -6.59714267e-02 -9.16721672e-03 -8.29700381e-02
  5.91635751e-03 -2.99467379e-03 -2.65358631e-02  1.87126324e-01
 -2.53698137e-03  6.26138644e-04  8.47364813e-02  2.82436563e-03
 -1.07691996e-01  4.99284342e-02  9.88095552e-02 -7.66430572e-02
  1.11939348e-02 -2.44558766e-03 -1.37209669e-02  6.09604083e-02
 -1.89766625e-03  1.31475192e-03 -5.69464751e-02 -3.53159308e-02
  1.10642098e-01 -5.16881309e-02  7.55681917e-02  1.92686599e-02
 -2.00127736e-02 -4.66672331e-02  4.59598005e-02  4.56626900e-02
  2.04643048e-02  2.12088097e-02  3.13985758e-02  9.78545025e-02
  5.97982891e-02  7.84384739e-03 -5.43544479e-02 -2.99499985e-02
 -2.24091616e-02  7.49550462e-02 -4.11895998e-02  3.43400650e-02
  7.10048750e-02  2.68434528e-02  2.79073995e-02  5.62091079e-03
  3.27811390e-02  4.91960198e-02 -2.53536217e-02  7.53912935e-03
  1.63002945e-02  3.05852406e-02  2.82589979e-02  6.77787438e-02
 -2.88821813e-02  5.48519287e-03 -1.39030023e-02 -3.66789289e-02
  2.48015262e-02 -2.99442895e-02 -1.77792497e-02  4.30336513e-04]"
32,Feature selection aims to:,Reduce the number of irrelevant or redundant features | Enhance the interpretability of the model,medium,4,6.620000000000001,"['A. Create new features from the existing ones', 'B. Reduce the number of irrelevant or redundant features', 'C. Increase the complexity of the model', 'D. Enhance the interpretability of the model', 'E. Introduce noise to the data']",5,42.8,"[-2.26489385e-03 -2.67386623e-02  1.09463900e-01  2.40105800e-02
  1.23433731e-01  3.10073346e-02  8.82673729e-03 -5.23316227e-02
 -4.86048311e-02 -1.34951128e-02 -3.20422240e-02 -5.77606373e-02
 -2.94495765e-02 -2.62495223e-02  1.85717382e-02  4.81479354e-02
  5.42582609e-02 -4.34644297e-02 -1.95307191e-02 -2.48190425e-02
 -1.09086521e-02 -2.58746045e-03  1.79562513e-02 -3.02300882e-03
  4.68602125e-03  1.40130334e-02  3.92009616e-02  8.05478543e-02
  2.73778616e-03 -2.44376455e-02 -4.17671204e-02  1.17209017e-01
  1.70791987e-02 -1.86737925e-02 -9.19352695e-02 -4.48106565e-02
 -1.94476675e-02  1.54592497e-02 -3.20614763e-02  1.08678620e-02
 -5.50580099e-02 -6.48330450e-02 -3.39942724e-02  2.54483186e-02
  3.99626344e-02  3.36853303e-02 -3.01678497e-02 -1.59978457e-02
 -2.59189159e-02 -1.97779434e-03 -7.16391802e-02 -1.54850176e-02
 -7.87581652e-02 -1.01137860e-02 -6.26662299e-02  1.32644724e-03
 -8.44600890e-03 -6.58437014e-02  6.88882023e-02  5.71414828e-03
  5.09480685e-02 -4.04479578e-02 -5.05588204e-02  6.15692958e-02
  1.53493077e-01  3.37123964e-03  5.74014708e-02 -6.60681054e-02
 -7.17285881e-03 -4.81348746e-02 -1.20893009e-02  5.64663894e-02
 -5.85882226e-04  5.77665269e-02  1.83101911e-02  5.10245748e-03
  2.34491117e-02 -2.19947353e-04  5.59441894e-02 -5.41328229e-02
 -7.45230122e-03  2.43359804e-02  1.29833375e-03  3.28622088e-02
  5.99498115e-02 -1.07699940e-02 -1.89284291e-02 -7.31758773e-02
 -4.10368405e-02  4.23521176e-02  1.51386578e-02 -5.91673851e-02
  3.35519165e-02 -8.76161158e-02 -8.59470740e-02  8.74506589e-03
 -4.65446850e-03 -5.49590699e-02  4.15632464e-02  4.65682931e-02
  4.16160852e-04 -1.02538846e-01  5.40774874e-02  4.57530692e-02
  1.63175501e-02 -9.90173519e-02  5.22595756e-02 -2.11128052e-02
  9.00352076e-02 -3.67516652e-02 -3.85012031e-02 -4.51296233e-02
  4.21860162e-03 -1.99384685e-03 -7.15419836e-03  6.03045374e-02
 -5.49499206e-02  5.18954322e-02  7.31718615e-02  2.40386929e-02
 -1.19283199e-02 -5.89480288e-02 -2.46109869e-02 -3.91149037e-02
  2.24294383e-02  1.42915277e-02 -1.46945447e-01 -4.71545187e-33
 -2.10194737e-02 -6.88998923e-02 -1.29982168e-02  1.82902552e-02
 -6.10350631e-02 -3.45395990e-02 -3.82417738e-02 -3.43273506e-02
  2.64398716e-02  2.44439766e-02 -7.83377737e-02  2.64683422e-02
  2.94297971e-02  8.56379047e-02  9.28374678e-02 -2.68199667e-02
 -6.98068663e-02  1.45588621e-01 -5.32275252e-02  9.20478255e-03
 -6.00307761e-03 -6.93892911e-02  2.94009433e-03 -1.06424704e-01
 -4.24597487e-02 -8.95258971e-03 -4.86211516e-02 -5.85972778e-02
 -3.63702364e-02  2.88446844e-02 -3.88783403e-02  4.45677973e-02
 -7.04405159e-02 -6.70692045e-03 -1.21947881e-02  1.33843189e-02
 -5.35850525e-02 -8.05862024e-02  5.68358228e-02  5.82382828e-02
  6.87697763e-03 -3.67441066e-02 -5.79031929e-03 -1.23497238e-02
  5.10293879e-02  1.18561588e-01  2.21338980e-02 -1.08637316e-02
 -6.08530529e-02  1.27198286e-02  5.24593517e-02 -2.71345749e-02
 -6.02660468e-03  9.16532800e-03  3.03523149e-02  3.40402126e-02
 -5.60765080e-02 -2.37759519e-02 -2.04830226e-02  1.74008925e-02
 -5.11927269e-02 -6.23955987e-02 -3.79462279e-02 -4.51938249e-02
 -1.17618609e-02  3.83836478e-02  1.20264925e-01  3.71427089e-02
  1.92336645e-02 -1.31151387e-02  5.39470138e-03 -2.49222964e-02
 -1.08191352e-02 -3.67542543e-02 -3.01104151e-02  1.04973814e-03
  1.01373635e-01  4.12879139e-02  2.77112890e-02 -6.49268692e-03
 -8.74463394e-02  6.37473399e-03 -3.35132591e-02 -1.10907048e-01
  9.01544094e-02 -3.01412921e-02  7.36819059e-02 -1.11323357e-01
 -9.35694724e-02 -4.50079367e-02  1.82123519e-02  9.56888869e-02
 -3.52782644e-02  6.61910102e-02  1.89985968e-02  2.38583880e-33
 -2.25398112e-02  2.02285089e-02  7.40238838e-03  3.29761505e-02
 -1.31039210e-02  1.91595852e-02  3.66974645e-03 -2.56104190e-02
 -3.84235084e-02 -5.54598793e-02  8.81097745e-03 -3.22445208e-04
  3.74269136e-03 -7.26685524e-02 -5.32660400e-03  6.34037107e-02
 -7.00948527e-03 -5.12936376e-02 -1.96144972e-02  6.84565753e-02
 -2.72377264e-02  1.15661249e-02 -6.22160472e-02  5.83487041e-02
 -5.52589931e-02  1.35616753e-02  1.11131347e-03 -7.44641274e-02
  2.36545019e-02 -8.38758126e-02 -4.78965379e-02 -5.22134453e-03
 -9.79786962e-02  7.23017938e-03  5.41156121e-02  1.61253358e-03
  6.42450154e-02  6.18923418e-02 -4.28907719e-04  1.47302419e-01
  1.03702173e-02  5.64885624e-02 -1.31594269e-02  5.30004725e-02
 -1.93747075e-03 -3.14876363e-02  1.11504361e-01  5.29998876e-02
  6.94394037e-02  1.46355433e-02  8.97784904e-02  2.25673877e-02
  1.59890784e-04 -3.95137258e-02 -7.65623003e-02  9.39194113e-02
  6.24183007e-02 -9.48700868e-03  8.52537379e-02  7.38791525e-02
 -6.27038479e-02  1.33119598e-02  2.17775106e-02  3.13202925e-02
  2.64823250e-02  1.01834163e-02  6.55327216e-02  1.10591657e-01
 -7.94238746e-02 -4.35445458e-02  1.28444110e-03 -7.64700398e-02
  6.62334412e-02 -2.72574481e-02 -4.25311737e-02 -8.39870423e-02
  5.38900867e-02 -2.19931342e-02 -6.00415617e-02  3.17837223e-02
  9.54038091e-03 -4.74201739e-02 -8.47094227e-03  5.68903796e-02
  2.95124948e-02  1.06100790e-01  1.33548002e-03  9.72678512e-03
  8.23555291e-02 -9.20270607e-02 -8.87497980e-03  6.27994835e-02
  2.47171661e-03  7.56424516e-02 -1.12875598e-02 -1.43540042e-08
 -1.76359210e-02 -2.29224712e-02  2.87191127e-03 -1.05605572e-02
  3.77394371e-02 -4.74907719e-02 -8.73096585e-02  7.68024996e-02
 -2.30308138e-02  3.11620682e-02  1.15764774e-02  5.30121289e-02
 -9.06990170e-02  9.98864770e-02  1.24712490e-01 -3.94087955e-02
  1.75334886e-02  5.84082417e-02 -2.26410516e-02 -4.46615666e-02
  4.16880250e-02 -4.09601070e-02 -2.41959039e-02  4.38678972e-02
  3.41239199e-02 -5.77643551e-02 -2.79980097e-02  5.60805425e-02
  8.49695727e-02  2.45153699e-02 -1.51043562e-02  5.35820946e-02
  2.54615471e-02  7.90899340e-03  1.02586970e-01 -3.38377518e-04
  1.16542755e-02 -7.42400140e-02 -5.23682423e-02 -9.67083499e-03
 -1.67054292e-02 -1.02063222e-02 -5.31504536e-03 -3.19255292e-02
 -7.05232173e-02  8.31951667e-03  7.26291090e-02 -4.60607633e-02
  4.92089475e-03 -8.97514820e-03  6.36336729e-02 -4.68012318e-02
  4.96911854e-02  5.60644381e-02  8.53387490e-02  4.36637923e-02
 -8.14278610e-03  1.06250809e-03  4.64775339e-02 -1.00525590e-02
  8.00268129e-02  1.61476657e-02 -4.46465164e-02 -1.66859291e-02]"
33,Which of the following is an example of a feature extraction technique?,Principal Component Analysis (PCA).,easy,12,8.756666666666668,"['A. Recursive Feature Elimination (RFE).', 'B. Principal Component Analysis (PCA).', 'C. Information Gain.', 'D. Forward Selection.', 'E. Decision Trees.']",5,27.2,"[-1.30843148e-02  5.90700991e-02 -2.45868154e-02 -3.93841304e-02
  6.17803372e-02  5.16218552e-03  1.75356790e-02 -1.30505469e-02
 -5.50242513e-02 -2.71360669e-02  7.27236718e-02  4.63606976e-02
  3.28173786e-02  1.41034024e-02 -2.47582514e-02  4.72248308e-02
 -1.84472632e-02  6.01254329e-02 -4.75610781e-04 -3.31726745e-02
  5.25804833e-02 -2.41366588e-02 -8.47084895e-02  1.81530882e-02
  7.43287578e-02  2.67187282e-02  1.06736002e-02  3.25165167e-02
  8.07388723e-02 -1.78595763e-02 -2.43329387e-02  3.33728865e-02
  5.08057438e-02  1.26457280e-02 -1.27245840e-02  2.38268208e-02
 -7.30683580e-02  8.13631415e-02 -5.06387502e-02 -1.61393322e-02
 -2.55938107e-03 -5.89501075e-02 -1.14540253e-02 -3.30133848e-02
  1.26550853e-01  2.42655305e-03 -6.90179989e-02  3.49387489e-02
 -1.87068935e-02 -3.99051942e-02 -8.96838233e-02  2.75626332e-02
 -1.43832713e-01  7.16966167e-02 -2.34345943e-02 -2.35126149e-02
  1.38204787e-02 -2.23976723e-03  3.39428224e-02  3.83247738e-03
  7.47386925e-03  1.33463917e-02 -8.04307386e-02  4.90111485e-02
  9.27201658e-02 -6.14740849e-02 -2.00907215e-02 -7.33977929e-02
  8.86702687e-02 -8.62212032e-02  1.66928507e-02  2.37860288e-02
 -4.16603275e-02 -4.46485402e-03 -6.18348122e-02 -8.47239606e-03
 -3.44683789e-02  3.81839238e-02  1.53200068e-02 -2.24414393e-02
 -3.94575149e-02 -3.21422964e-02  2.11938322e-02  2.21932679e-02
  6.66837394e-02  7.95711800e-02 -8.63440186e-02 -8.86631906e-02
 -7.62612075e-02  5.35106584e-02 -1.18170371e-02 -5.81354760e-02
 -3.69016789e-02 -6.64011091e-02 -9.29346029e-03 -5.64363785e-02
  4.11270149e-02 -6.18079044e-02  6.75225779e-02  9.20165628e-02
 -3.14242244e-02 -9.39838123e-03  1.04272561e-02 -2.43609231e-02
 -6.02349639e-02 -2.80494001e-02  5.20573463e-03 -8.60016569e-02
  1.04091123e-01 -1.02458708e-02 -4.46675904e-02 -2.27606017e-02
 -8.25629085e-02 -9.83305052e-02  6.25280216e-02 -7.84168169e-02
 -2.48137433e-02  5.30856811e-02 -1.51808904e-02  4.44679447e-02
 -4.04121615e-02 -5.86022846e-02  2.64378334e-03  2.11117156e-02
 -2.86860783e-02  7.75647312e-02 -1.86316040e-03 -5.23485618e-33
  2.48125126e-03 -5.86215146e-02 -7.25260973e-02 -1.36939138e-02
 -2.83133481e-02 -5.99130709e-03 -8.65687877e-02 -2.97645368e-02
  5.44844009e-02  1.11607976e-01  4.59094346e-03  2.18507480e-02
  2.13776678e-02  8.85654762e-02  5.96905053e-02 -2.63272896e-02
  1.11816935e-02  1.02781557e-01 -5.97452447e-02 -3.43831778e-02
  5.22492714e-02  4.36945297e-02  4.75195758e-02  5.58484420e-02
 -2.42166836e-02 -7.18110129e-02  8.42070952e-03 -2.21386943e-02
 -1.89080462e-02  3.42002511e-02  7.20627606e-02 -2.23786384e-02
 -5.04302755e-02  4.51548919e-02 -1.48318671e-02  6.37012208e-03
  3.43633853e-02 -6.30390570e-02  5.84267005e-02  3.09784114e-02
 -2.11399328e-03 -6.15607277e-02  5.06108850e-02 -6.78819120e-02
  5.69758117e-02  3.69875729e-02 -3.18977162e-02  4.42039222e-02
 -1.23090250e-02  6.55457303e-02 -2.44285557e-02  4.55340669e-02
  4.57042009e-02 -6.42126575e-02 -2.44061518e-02  6.69503585e-02
  2.33759396e-02 -1.75079368e-02 -3.29141715e-03  6.92282841e-02
 -6.84714615e-02  8.29383433e-02 -4.23975997e-02 -1.70786418e-02
 -9.18350462e-03 -4.58241254e-03  2.47258460e-03 -4.85749654e-02
  8.76911264e-03 -7.34368572e-03 -6.23247512e-02  5.14995679e-02
  1.99468504e-03 -9.54642519e-02 -2.20697299e-02 -2.23636851e-02
 -1.32122485e-03  2.54945382e-02 -5.75653613e-02 -2.68894751e-02
 -8.10292438e-02 -8.16530362e-03  8.94351676e-03 -9.55656171e-03
 -3.19570974e-02  1.18999191e-01 -1.98942721e-02 -7.73176625e-02
  6.75660595e-02 -7.22218007e-02 -5.21329902e-02  7.89882913e-02
 -3.00242379e-02 -1.28811561e-02  4.43862714e-02  2.09931628e-33
 -4.56567407e-02  3.66186127e-02 -4.17732261e-02 -4.71449643e-02
  8.12790170e-02 -1.25842430e-02  7.02290377e-03 -8.68439600e-02
  1.68314259e-02 -3.39192301e-02 -5.21536395e-02 -1.14719477e-02
 -5.04113398e-02 -1.15257040e-01 -7.13938400e-02  1.95319317e-02
  6.77357009e-03 -2.49144398e-02 -4.24755961e-02  9.77707878e-02
 -7.28433132e-02  9.83213447e-03 -2.91431695e-02  2.61716768e-02
  2.42233817e-02  2.10577436e-02 -1.32608702e-02 -3.37677822e-02
  1.46338921e-02  2.01373324e-02 -5.10816313e-02 -3.36753391e-02
 -2.16233451e-02  8.05043522e-03 -5.15338778e-02 -5.20672835e-03
  3.06835864e-02 -8.06856006e-02  2.65656970e-02  4.06680629e-02
  1.44051965e-02  1.04457907e-01 -2.71652061e-02  2.93104798e-02
  1.83025133e-02 -4.22767550e-02 -1.64967310e-02  5.02189621e-02
  1.37619274e-02  4.81657833e-02 -9.20851715e-03  1.60816386e-02
 -5.74450530e-02  3.91029380e-02 -4.59165834e-02  3.98082845e-02
  3.95315886e-02 -1.53570976e-02  1.38240270e-02  6.34952039e-02
 -8.24538246e-03  1.78477019e-02 -5.08311614e-02  7.53375422e-03
  3.08224894e-02  1.77574120e-02  3.03134248e-02  8.59722495e-02
 -1.31515175e-01  1.12449201e-02  4.17098552e-02  7.84217492e-02
  1.30722707e-03 -3.98027301e-02 -2.76165884e-02 -3.20969447e-02
 -2.22291779e-02 -5.73991351e-02 -1.06075257e-01 -4.53017987e-02
  2.94386689e-02 -6.21780641e-02  7.11077824e-02  7.62570277e-02
  1.33643560e-02  1.18053742e-02 -5.79580218e-02 -1.17521182e-01
  3.31043862e-02 -4.08401787e-02  2.88981795e-02  6.94342405e-02
 -1.67402683e-03  9.14483368e-02  2.66916901e-02 -1.89994900e-08
 -3.96960042e-02 -7.01044127e-02  6.04583919e-02 -2.42065061e-02
  4.66379784e-02  4.96681361e-03  1.79333761e-02  1.18001550e-01
 -9.28160007e-05 -1.06851146e-01 -6.00435175e-02  2.16326956e-02
 -1.57479063e-01  1.46254757e-02  1.34448677e-01 -3.26468199e-02
  4.59200367e-02  8.59903693e-02 -3.15388590e-02 -6.69290423e-02
  2.35625561e-02 -1.26110744e-02  4.15477492e-02  7.51724094e-03
  4.98454645e-03 -2.34230123e-02 -2.05276962e-02  6.52079210e-02
  1.50244031e-02  1.96268875e-03 -1.14290128e-02  7.95676485e-02
  4.63202186e-02  2.27064290e-03  1.77501619e-01  4.93864156e-02
  6.29642829e-02  3.53731140e-02 -8.99958313e-02  3.70015902e-03
  2.65858192e-02  5.73198125e-02 -1.64496689e-03  4.27083718e-03
  4.38060202e-02  4.63651447e-03  3.43385488e-02 -7.66521767e-02
  4.86182161e-02 -5.75176952e-03 -3.20418030e-02 -1.42517239e-02
 -5.14580980e-02  1.29687656e-02 -2.06285994e-03  4.87421863e-02
  6.53895363e-02 -3.63168977e-02 -4.59788274e-03  1.41707901e-03
  3.08675077e-02  9.56351086e-02  2.14848407e-02 -3.47924605e-02]"
34,"In PCA, what is the primary goal of orthogonal transformation?",To reduce the number of features.,easy,10,9.55,"['A. To increase the number of features.', 'B. To create correlated features.', 'C. To reduce the number of features.', 'D. To amplify noise in the data.', 'E. To make the data non-linear.']",5,34.0,"[-1.02013707e-01  2.31610984e-02 -5.35862483e-02 -1.14401296e-01
 -7.56290555e-02  1.00147799e-02 -6.33173287e-02 -5.36852479e-02
  1.28358930e-01  3.28190662e-02  4.48930450e-02  9.12929624e-02
 -7.43533075e-02  2.71369088e-02 -6.04754575e-02  2.51486432e-02
 -8.95911269e-03  8.19182917e-02 -1.22743482e-02  3.72031666e-02
  3.72992381e-02 -1.55177927e-02 -8.35139863e-03 -4.56667431e-02
 -8.47682077e-03  1.00574888e-01  7.14956895e-02 -4.51859981e-02
  4.30892184e-02  1.52570121e-02  2.83656418e-02  6.25859499e-02
 -2.35138889e-02 -7.17621222e-02 -2.84034461e-02  1.55260088e-03
  3.57564837e-02 -1.63671691e-02 -3.00666057e-02  1.59914289e-02
  6.95509389e-02  2.44890600e-02 -1.06446862e-01 -1.42398272e-02
  1.39892744e-02 -3.90602611e-02  3.64842713e-02 -8.80038142e-02
  1.86862703e-02 -6.62691146e-02 -2.42202654e-02  1.56203490e-02
 -7.35767409e-02 -5.24416857e-04 -5.17583452e-02  1.19104190e-02
  5.60867116e-02  1.93438251e-02  4.04883511e-02  4.79885004e-02
  3.49840941e-03 -2.89645465e-03 -1.63432751e-02  5.80256470e-02
  8.08305144e-02 -8.17857310e-02  6.01611026e-02  2.24251486e-02
 -3.42632160e-02 -2.04856470e-02 -1.21965803e-01  8.03107116e-03
 -1.64845828e-02 -2.33615413e-02  1.79544594e-02 -4.76779193e-02
 -2.60995738e-02 -2.55083069e-02  8.77809376e-02 -1.90539900e-02
  7.89826512e-02  1.03423946e-01 -1.67255439e-02  6.73984736e-02
  1.03283674e-01  7.56775439e-02 -8.29667002e-02  1.69149842e-02
 -6.49910746e-03 -4.05343883e-02  8.55272729e-03 -1.98596809e-02
 -3.26093123e-03 -7.07219169e-02  4.10258165e-03 -1.68249197e-02
  4.21449654e-02 -8.24985579e-02  9.39855352e-02 -2.46803761e-02
  7.42199644e-02 -5.77088222e-02  5.47224609e-03 -5.10708953e-04
 -3.33159678e-02 -9.41871852e-02 -2.94665787e-02  1.73345488e-02
  8.54967982e-02 -2.46523265e-02 -6.40093908e-02 -1.31963799e-02
 -5.61074093e-02  2.38418952e-02  6.12282241e-03 -2.54325457e-02
 -2.14887099e-04  8.20352212e-02  6.25075474e-02 -5.21564670e-02
 -1.10970564e-01 -7.88679644e-02 -2.00052317e-02  1.05341375e-01
  5.89313693e-02  2.25037001e-02 -1.13714166e-01 -3.39828437e-33
  3.37807462e-02  1.17269717e-01 -5.02319774e-03 -7.58300163e-03
 -1.01970904e-01  1.13295047e-02  3.50553952e-02 -9.15744528e-02
  9.01450589e-02  4.24539521e-02 -1.34668471e-02 -5.01312222e-03
  4.49930802e-02 -3.50807863e-03  4.05236380e-03  5.75583242e-03
 -5.90173490e-02  9.77772251e-02  5.00044860e-02 -3.59778367e-02
  7.70465732e-02  3.66916507e-02  8.67729187e-02 -3.65197249e-02
 -4.63014804e-02 -1.79828387e-02 -6.97355866e-02 -8.47751722e-02
 -9.11851972e-03 -2.72483081e-02 -6.76790625e-02  1.98927093e-02
 -8.69371146e-02 -5.68512478e-04 -2.68227607e-02 -7.39800045e-03
  1.28139257e-02 -1.37463942e-01  5.59284687e-02  1.73539761e-02
 -1.54819209e-02  1.92965083e-02  5.66331521e-02 -5.58897145e-02
  5.96184097e-02  3.33183892e-02  1.14587760e-02  6.24262691e-02
 -2.33065188e-02 -2.13580187e-02  2.47488334e-03 -6.74325926e-03
 -3.23460884e-02 -1.91554092e-02  1.92592032e-02  4.01259325e-02
  7.93897640e-03 -8.79907459e-02 -1.02792121e-02 -1.12503078e-02
 -2.21531671e-02 -4.80483547e-02 -2.34887563e-02 -2.75333747e-02
  5.82244396e-02 -1.08977370e-01 -2.15233564e-02 -2.51620989e-02
  4.65728268e-02 -2.86459876e-03  3.79709192e-02 -4.47818302e-02
 -2.94608828e-02  2.45024804e-02  2.60491166e-02  4.14120790e-04
 -8.55886787e-02  2.74266303e-02  8.20823666e-03  6.34920895e-02
 -9.24350172e-02  1.40506446e-01 -3.38882431e-02 -7.25708902e-02
  5.31480722e-02  1.13974540e-02  3.49898003e-02 -1.30119339e-01
 -3.48585099e-02 -3.41603495e-02  1.22480365e-02 -2.29599536e-03
 -9.55519825e-02  1.01709291e-01  3.46372500e-02  7.07418332e-34
 -2.87830085e-02  1.05097806e-02 -1.08017437e-02 -2.25332286e-02
  4.67012078e-03 -8.51728693e-02 -1.55362841e-02 -3.79105508e-02
  5.79703823e-02  1.35109695e-02 -1.92449298e-02 -6.61400259e-02
 -2.81598954e-03  1.95056607e-04  9.37309023e-03  3.59603092e-02
 -3.25062661e-03 -3.27151343e-02 -4.00398485e-02 -6.62682131e-02
  4.35742997e-02  1.43394377e-02 -1.82244405e-02  7.35995397e-02
  1.14888186e-02 -5.21885082e-02  1.30914894e-04 -5.14590517e-02
 -1.35167176e-02 -1.09736659e-02  1.15074040e-02 -1.25445807e-02
 -7.96773508e-02  6.88103288e-02  3.62581597e-03  3.12481634e-02
 -6.09842241e-02  1.02573540e-02 -3.85493948e-03  8.52137208e-02
 -7.18238875e-02  4.54280786e-02  9.26627219e-02  5.02126962e-02
 -4.12698239e-02 -1.56745352e-02  6.12003356e-02  4.13988754e-02
 -2.91104633e-02  4.77431677e-02  6.51770532e-02  3.40631753e-02
  3.62042449e-02 -3.96278426e-02 -2.08208468e-02  2.49984451e-02
 -1.65297687e-02 -1.33352336e-02  8.69064406e-02 -3.93041968e-02
  6.10903837e-02  1.00793475e-02 -1.15439659e-02  5.93807362e-02
 -3.23990136e-02  1.31153554e-01  1.07123330e-01  2.09098961e-02
 -9.75746848e-03 -9.95506346e-03  2.62526721e-02 -2.73117498e-02
 -3.50900255e-02  3.00623570e-02 -4.25660610e-03 -9.94446427e-02
  1.96180195e-02 -8.53057355e-02 -7.75996549e-03 -2.55208798e-02
 -7.50125572e-02 -4.16201912e-02  1.35172782e-02 -6.90509658e-03
 -2.11620349e-02  4.93018627e-02  6.68876842e-02 -4.53402251e-02
  8.31103772e-02 -3.80994231e-02  1.39432456e-02  3.71756591e-03
  4.37980006e-03  7.94725418e-02  4.79743397e-03 -1.78898052e-08
 -9.63529795e-02 -3.31490077e-02 -2.41149776e-02 -1.86788216e-02
 -8.23597703e-03 -9.12137777e-02 -1.56006319e-02  3.14617455e-02
  1.02750454e-02 -1.76068489e-02  7.42787262e-03 -4.40660231e-02
  4.78092814e-03  1.52630941e-03  7.06387535e-02  5.71971647e-02
  4.05994318e-02 -4.11071777e-02 -4.49430384e-03 -3.94479558e-02
  5.12256566e-03  4.97724023e-03 -9.38417688e-02  6.09408580e-02
  2.16555558e-02  2.14108564e-02  1.01755820e-02  6.48296401e-02
  9.89584327e-02  4.86285910e-02  1.34883067e-02  4.22160774e-02
  2.55612526e-02  2.52726972e-02 -5.54911345e-02 -1.20485565e-02
  1.27313524e-01 -1.55423284e-02 -1.40549438e-02 -3.18334028e-02
 -2.83846501e-02  4.70877029e-02 -2.92983055e-02  8.10308196e-03
  2.75429282e-02  9.68845412e-02 -2.37999447e-02 -1.27075927e-03
  1.65474135e-02 -1.56924743e-02  3.11554875e-02 -3.63981090e-02
  3.30484807e-02  6.06437493e-03 -8.55084602e-03 -1.17591191e-02
  3.44016477e-02 -1.47857741e-02  7.77025446e-02 -2.61177067e-02
 -7.98262656e-03  8.30088332e-02  2.74608610e-03 -4.45850231e-02]"
35,How are principal components in PCA ordered in terms of importance?,By their magnitude of eigenvalues.,easy,11,8.009090909090911,"['A. Randomly.', 'B. By their magnitude of eigenvalues.', 'C. Alphabetically.', 'D. By their position in the original dataset.', 'E. By their correlation with the target variable.']",5,32.2,"[ 2.62889322e-02 -5.10499887e-02  7.89297372e-03 -7.23106563e-02
  1.43276807e-03  2.03999709e-02 -2.67814789e-02 -2.05512550e-02
  6.17304184e-02  5.54335304e-02  3.80621143e-02  8.34942609e-02
 -7.01628551e-02  5.83019108e-02 -6.80204332e-02  2.15446074e-02
  2.77302656e-02 -2.50623515e-03 -7.50039145e-02  4.33505401e-02
  2.25751474e-02 -2.74112541e-02 -1.49996788e-03 -1.77484397e-02
 -3.18183303e-02  9.09258872e-02  8.98274854e-02  2.67932713e-02
  7.13267252e-02 -1.49279376e-02 -2.37079449e-02  1.93211231e-02
  7.75530115e-02 -3.50528583e-02 -4.94132452e-02  2.40284652e-02
  2.89162714e-03 -5.52644208e-02 -1.91376917e-02  4.07199971e-02
  6.34587333e-02  6.78336471e-02  2.66997097e-03  2.72068586e-02
  9.19648409e-02 -1.72995683e-02  3.47508164e-03 -7.29921013e-02
 -1.57636143e-02 -4.73188162e-02 -1.63511969e-02 -6.46414049e-03
 -6.46436661e-02  7.18004778e-02 -1.01581961e-01  2.77640726e-02
  3.71985845e-02 -5.45660779e-02  2.69026756e-02  1.10084657e-02
 -4.75958362e-02  1.32906679e-02  2.19900142e-02 -7.39170657e-03
  1.10846475e-01 -7.35804662e-02  3.78169566e-02 -3.83387469e-02
 -5.11817820e-02  5.20783588e-02  1.06330868e-02 -4.39350456e-02
 -1.72050521e-02 -1.62034146e-02 -2.52183639e-02  5.71018122e-02
 -3.98270041e-02 -1.46618541e-02  4.81666485e-03 -5.05884476e-02
  5.07960655e-03  8.88706967e-02 -1.91341024e-02  1.92669407e-02
  6.81257173e-02  1.14926361e-02  3.21064121e-03 -6.77823350e-02
 -5.55074774e-02 -1.07019115e-02  6.60409182e-02  2.02256944e-02
  7.99016729e-02 -2.90395617e-02  3.50985117e-02  6.88605430e-03
  7.51879290e-02 -8.76309499e-02 -1.83700416e-02 -1.24064507e-02
  8.03638622e-03 -1.73604228e-02 -1.54686132e-02  5.23061752e-02
 -4.41846661e-02 -9.80361626e-02 -7.74578452e-02  1.55373327e-02
  4.63863537e-02 -1.79155916e-03 -6.22444227e-02  4.17940225e-03
 -2.44974103e-02 -2.50272192e-02  1.22612352e-02 -7.53347296e-03
  3.66304852e-02  4.70382869e-02  5.95550649e-02 -8.63217041e-02
 -4.91030589e-02 -7.68810064e-02  2.60310825e-02  5.79158030e-03
  1.18556973e-02  4.50500138e-02 -5.86600192e-02 -2.23315825e-33
  6.47030473e-02 -7.06491899e-03 -4.41960618e-02 -3.41380052e-02
 -5.43852895e-02 -4.09215763e-02  3.12423240e-02 -1.07627749e-01
  6.07273020e-02  5.15999682e-02 -6.75398037e-02  4.01886851e-02
  3.59587446e-02  3.49036679e-02 -2.86891013e-02  3.59234810e-02
 -4.19488735e-02  6.88970610e-02 -5.28117130e-03 -6.36000410e-02
  7.11436337e-03  3.97141539e-02  7.94705823e-02 -7.13062510e-02
  2.93786805e-02 -6.37783259e-02 -8.13628510e-02 -4.92949151e-02
 -6.21503368e-02 -3.35145444e-02  7.85469543e-03 -4.07638475e-02
 -7.04643726e-02  3.08959801e-02 -1.65958959e-03 -3.44052315e-02
  4.15136712e-03 -9.55445245e-02  1.42163143e-01  4.41134071e-05
 -1.20455381e-02 -9.21893399e-03  4.98060435e-02 -6.55475482e-02
  1.39701962e-02  4.30653431e-02 -5.53095788e-02  4.50445004e-02
  1.38045354e-02 -3.76062691e-02  8.00650101e-03  3.88631271e-03
  7.72427768e-02 -4.23482060e-03 -3.33218910e-02 -2.46761926e-02
  4.20305170e-02 -2.66244542e-02  2.50458904e-02 -2.73256470e-02
 -1.89742744e-02 -3.46542918e-04  1.44258852e-03  7.30807986e-03
 -1.26597630e-02 -5.42701669e-02 -3.97090875e-02  1.93289071e-02
  4.59125414e-02 -3.16639692e-02  2.50821412e-02 -8.57450999e-03
 -3.73146199e-02 -2.93771904e-02  3.00069265e-02  1.32759493e-02
 -1.03053764e-01 -1.17301308e-02 -1.38102993e-02  7.57955387e-02
 -9.99164507e-02  9.40525085e-02 -2.81269085e-02 -3.59682454e-04
 -2.07140539e-02 -5.95813943e-03  6.72192499e-02 -8.19769204e-02
  1.46505507e-02 -8.49383622e-02 -1.52148660e-02  3.76592688e-02
  8.89153481e-02  7.20183328e-02  3.69874947e-02  5.70419654e-34
 -3.68144587e-02  2.82781869e-02  6.75233901e-02  4.12343852e-02
  7.31928274e-02 -1.05902277e-01 -5.19051068e-02 -1.06095418e-01
 -1.08105037e-02  4.01095152e-02  4.42176647e-02  2.09478363e-02
 -2.85215471e-02 -2.26216540e-02  1.04978979e-01  8.14153105e-02
 -1.48543753e-02  2.18348741e-03  3.41871823e-03 -7.13754147e-02
  1.91819333e-02 -5.76710850e-02  6.78207586e-03  2.42412128e-02
  4.64858562e-02 -2.99176686e-02  5.73884062e-02 -7.14883208e-02
 -1.39360055e-02 -5.56675903e-02 -4.54917103e-02  6.70033395e-02
 -7.02555776e-02  1.08701594e-01 -5.99856824e-02 -8.36187601e-03
 -1.00757107e-01 -2.08083186e-02 -1.58709921e-02  1.45654336e-01
 -2.14822218e-02  5.67121953e-02  7.22395780e-04  5.12257703e-02
 -4.62689102e-02 -2.82355379e-02  1.14873953e-01  4.74975295e-02
 -4.08841558e-02  1.82784256e-02  1.97841357e-02  7.74113387e-02
  6.88481629e-02  7.43778935e-03  5.80884889e-02  8.30015987e-02
  6.72292486e-02  8.24886784e-02  5.74869700e-02 -4.07115854e-02
  1.15384921e-01  1.53303309e-03  3.02133965e-03  1.19005702e-02
 -4.99863662e-02  7.59829879e-02  7.50577599e-02 -4.32200581e-02
 -1.43706519e-02 -6.57723770e-02  3.24030221e-03 -6.58876300e-02
  1.83652993e-02 -1.62563585e-02 -4.37222049e-02 -5.73677346e-02
  1.66087765e-02  9.26299468e-02  7.57596120e-02 -3.98529246e-02
 -2.63458751e-02 -7.19624758e-03 -1.07266149e-02 -2.30564158e-02
 -1.04281893e-02  3.96105237e-02  7.45616630e-02 -9.20023993e-02
  1.18665937e-02 -3.62050980e-02  1.94248930e-02  1.15002319e-02
  4.10486050e-02  4.00277302e-02 -1.83513630e-02 -1.57926454e-08
 -3.77710983e-02 -1.23013258e-01 -6.86013550e-02 -5.11543714e-02
  4.39084657e-02 -9.32494998e-02 -2.29589995e-02  8.82693902e-02
 -1.66919492e-02  6.01777360e-02  1.12778075e-01 -2.62492429e-02
 -5.25986664e-02 -3.60541753e-02  7.72691593e-02  4.94344123e-02
  2.38292497e-02 -2.25345157e-02 -5.28666526e-02 -1.25381425e-01
 -1.17544878e-04 -9.60096531e-03  3.83169316e-02  3.79501283e-02
 -1.08188353e-02  2.37190109e-02  4.52105254e-02  1.04096770e-01
  7.56119639e-02  9.18858871e-02  2.10626926e-02  1.17289713e-02
  3.27458568e-02 -6.02613948e-02  2.00103763e-02  7.04975054e-02
  2.77612526e-02 -3.48309614e-02  3.14206891e-02 -7.70846680e-02
 -9.30083692e-02 -5.97596131e-02 -2.48379912e-03 -2.40503089e-03
  4.77243140e-02  4.61480096e-02 -5.48603721e-02 -2.75852415e-03
  2.75175758e-02 -8.93293321e-03 -6.48926049e-02 -6.74946308e-02
  3.59462835e-02 -2.31181514e-02 -2.82108691e-02  1.08724376e-02
 -1.52929006e-02  3.72731723e-02  2.02974342e-02 -5.26061542e-02
  2.48348410e-03  1.26115186e-02 -8.67918599e-03 -8.67044255e-02]"
36,Which of the following is an advantage of PCA?,It can be applied to high-dimensional data efficiently.,medium,9,4.964444444444446,"['A. It guarantees that no information is lost during dimensionality reduction.', 'B. It helps to interpret the meaning of the original features.', 'C. It is not affected by multicollinearity in the data.', 'D. It can be applied to high-dimensional data efficiently.', 'E. It is only applicable to categorical data.']",5,59.4,"[-4.58591469e-02  1.21749323e-02 -6.65471181e-02 -2.30435617e-02
  2.39040051e-02  3.99480052e-02  8.36488325e-03  3.75434346e-02
  6.03001453e-02  3.47107872e-02  1.18287485e-02  5.19978553e-02
 -4.05737050e-02  2.33531669e-02 -1.81041826e-02  5.11233434e-02
  6.93478137e-02 -9.26218461e-03 -1.95393171e-02  1.73100550e-02
 -4.01112176e-02 -8.59826580e-02  2.62960792e-02  2.63325311e-02
 -1.84846930e-02  4.14701812e-02  5.06560095e-02  6.76586013e-03
  7.07363710e-02  4.12289798e-03  3.12694199e-02  5.18672429e-02
  7.19028115e-02 -5.69400825e-02 -3.24300565e-02  1.24645885e-02
  1.04437843e-02 -6.38201647e-03 -1.03384480e-02  4.75163944e-02
  7.34252157e-03 -1.97115019e-02 -2.98664868e-02  4.39942330e-02
  4.12281677e-02 -8.08868930e-03 -1.88059807e-02 -5.92473261e-02
  1.64220463e-02 -3.34199406e-02 -5.60660567e-03  4.46316227e-03
 -9.73373875e-02  2.76197866e-02 -7.46625960e-02 -3.31046358e-02
 -4.84845936e-02 -3.34731676e-02  2.77364366e-02  1.85437184e-02
 -1.92201808e-02 -4.79000695e-02  1.29318414e-02  5.32105230e-02
  1.09509535e-01 -1.17671482e-01  2.09928639e-02  6.65450888e-03
 -1.24956872e-02  3.23805073e-03 -2.82869185e-03 -1.25353755e-02
 -6.97899982e-02 -4.24149893e-02  8.25389288e-03 -2.83451229e-02
 -2.11812854e-02 -4.42736447e-02  3.66236754e-02 -1.12251285e-02
  9.28856060e-02  1.10061914e-01 -4.25873995e-02  2.99369302e-02
  6.67742267e-02  3.17948461e-02 -8.45785439e-02 -7.31707662e-02
 -2.36411411e-02 -4.72405814e-02  8.72483104e-02  6.21559173e-02
  5.78434095e-02 -2.21692920e-02 -9.37938690e-03 -1.55228702e-02
  2.78811157e-02 -7.47620389e-02  8.73681344e-03  9.72581562e-03
  4.21888195e-02 -1.93143729e-02 -2.56580357e-02  6.18880168e-02
 -9.26793888e-02 -3.91560383e-02 -9.79188643e-03  1.77362338e-02
  5.18565513e-02  3.76797728e-02 -6.36954308e-02  4.60958965e-02
 -4.97279689e-02  1.37269890e-04  1.97471026e-02 -2.54713208e-03
 -1.81472655e-02  9.66037884e-02  1.16522342e-01 -2.04237588e-02
 -1.81151163e-02 -1.25564113e-01  6.77702054e-02  4.08451259e-02
  6.73153698e-02 -4.08280641e-02 -1.10190563e-01 -4.60040624e-33
  2.44901665e-02 -9.05472133e-03 -2.74472684e-02 -5.91509007e-02
  6.38308655e-03 -1.24125201e-02 -2.27224594e-03 -1.24260373e-01
  4.82231304e-02  4.91609685e-02 -4.63697240e-02  5.59493229e-02
  5.40619828e-02  3.39473598e-02  1.01682201e-01  2.82349810e-02
 -5.54103740e-02  9.78496447e-02  5.19794319e-03 -2.42681205e-02
  7.31633231e-02 -2.86332779e-02  1.49104938e-01  3.11288685e-02
  6.73456341e-02 -1.47814929e-01 -1.16077065e-02 -5.17010577e-02
  2.80604814e-03 -1.17020598e-02  1.31424563e-02 -2.66697295e-02
 -8.11297148e-02  3.48609909e-02 -4.58367215e-03  2.17092652e-02
 -7.16350647e-03 -1.10718213e-01  4.31805439e-02  2.64098737e-02
 -1.01861417e-01  1.41488400e-03  1.16684519e-01 -9.99503210e-02
  3.87395285e-02 -1.36659136e-02 -7.37228319e-02  2.90573966e-02
 -5.57829253e-02  5.60869761e-02 -1.73707474e-02  2.38795821e-02
  1.74060855e-02 -6.78217337e-02  2.21114494e-02 -3.67809162e-02
  1.00727109e-02 -5.10245301e-02  1.78841949e-02  1.64709557e-02
 -6.38398379e-02 -1.54155605e-02  1.15415948e-02 -5.85551858e-02
 -1.28416950e-02 -6.33117706e-02 -5.93518792e-03 -2.76406500e-02
  5.26634865e-02 -5.54783444e-04  2.80771181e-02 -5.32131307e-02
 -1.62554178e-02  2.90854592e-02  2.26305462e-02 -2.79138759e-02
 -1.22087188e-01  4.93741333e-02 -7.61444261e-03  6.52041510e-02
 -1.16305642e-01  3.43664251e-02 -7.83872008e-02 -2.09255442e-02
 -1.19926734e-02  3.12839486e-02  6.09274581e-02 -1.27127215e-01
  2.35720687e-02 -4.60459366e-02 -4.51150984e-02 -9.79780499e-03
  1.27664926e-02  9.16612670e-02  2.73172613e-02  1.10897395e-33
 -5.84394671e-02 -1.98146868e-02 -3.12710851e-02  1.79573018e-02
  2.49128956e-02 -5.78086153e-02  3.23908329e-02 -1.10476486e-01
  1.25180623e-02  2.39002872e-02  5.60509041e-02 -4.79192333e-03
 -7.46823326e-02  1.73454527e-02  4.20261547e-02  5.67487720e-03
 -2.29266640e-02 -5.27993403e-02 -2.34987419e-02 -5.23608364e-02
  2.92531475e-02  4.16059513e-03  2.52203569e-02  9.23724994e-02
  3.36554460e-02 -5.00994399e-02 -1.42602742e-01 -7.54136890e-02
  1.02910725e-02 -2.28918009e-02 -4.11041006e-02  4.58414890e-02
 -3.95906232e-02  5.86177446e-02 -2.47278661e-02  2.28970945e-02
 -3.51005383e-02 -3.08152121e-02  2.09611412e-02  1.24557719e-01
  1.28472447e-02  3.10466047e-02  9.55757871e-02  8.13147053e-02
 -3.97815406e-02  1.51076319e-03  6.02550097e-02  2.55223028e-02
  6.65719137e-02  5.30710332e-02  8.50472674e-02  2.79768631e-02
  5.62182702e-02 -7.47134851e-04  4.36365791e-02  3.79919857e-02
  7.37702623e-02  8.84444080e-03 -7.77247362e-03 -4.46377974e-03
  6.37528598e-02  3.14561911e-02 -7.61039183e-02  3.64550911e-02
 -2.18488500e-02  6.13748021e-02  5.40848561e-02  1.07727814e-02
  8.00023787e-03 -6.30039275e-02  5.45209199e-02 -1.23472530e-02
 -5.13401665e-02 -1.20263547e-02 -7.58599117e-02 -3.02579626e-02
  1.70603767e-02  1.16770463e-02  1.74917709e-02 -7.48073263e-03
 -1.53768942e-01 -4.24762405e-02  1.18103046e-02 -2.60281805e-02
 -3.64944190e-02  1.11404369e-02  4.54992279e-02 -1.57913759e-01
 -6.02064072e-04 -4.94212285e-02 -8.18043388e-03  1.26763871e-02
  1.56677980e-02  2.21963115e-02  3.69633362e-02 -1.68704553e-08
 -5.68396077e-02 -9.92398113e-02 -2.72500105e-02 -7.11712986e-02
  3.70858051e-02 -7.83687234e-02 -6.73884600e-02  8.21242556e-02
  8.29007104e-03  1.65337743e-03  1.16014205e-01  2.38411929e-02
 -7.33672604e-02  3.08135170e-02  5.57194352e-02  1.05298303e-01
  2.37157405e-03  4.93751932e-03 -2.92086415e-02 -6.76553920e-02
  7.50767440e-02 -1.27625735e-02 -6.87927380e-02  1.02362810e-02
 -5.80115430e-02  2.77607683e-02  1.77720673e-02  8.50124955e-02
  1.29211068e-04  2.08170153e-02  1.28289405e-02  1.38184559e-02
  1.19244680e-02  1.20960223e-02  2.93436907e-02  6.06774259e-03
  6.33629337e-02 -9.65138245e-03 -2.68489122e-02  5.49749332e-03
 -4.91707325e-02 -2.49340814e-02 -2.15659700e-02 -8.74046329e-03
  5.54560125e-02 -9.70715098e-03 -5.63454293e-02 -1.21845789e-02
 -1.73322037e-02 -3.85077633e-02 -2.40464136e-02 -8.11051503e-02
  9.30875838e-02 -1.33516267e-02  2.99741048e-02  2.27072854e-02
  2.59480160e-02  1.67766027e-02  3.72969918e-02  3.22113596e-02
  1.53273819e-02  7.50783086e-03  3.26348357e-02 -3.53823043e-02]"
37,Feature extraction differs from feature selection in that it:,Create new features to the dataset.,easy,9,8.89777777777778,"['A. Create new features to the dataset.', 'B. Only selects the most important features, without creating new ones.', 'C. Reduces the number of observations in the dataset.', 'D. Randomly shuffles the order of the features.', 'E. Converts categorical variables into numerical ones.']",5,52.6,"[ 1.35328539e-03 -2.05059741e-02  1.18824996e-01  5.71797267e-02
  1.66786760e-01 -4.25618775e-02 -3.18480656e-02 -3.54665667e-02
  3.91241070e-03  1.56015037e-02 -5.43941883e-03 -6.49065897e-03
 -7.39661008e-02 -4.20817882e-02  1.94907952e-02  1.28160259e-02
  5.71124367e-02 -1.00798555e-01 -2.53097452e-02 -1.66092422e-02
  6.12457236e-03  3.39466296e-02 -1.82772827e-04 -2.87382193e-02
  7.16573298e-02  4.31809500e-02 -2.53128372e-02  7.87617341e-02
  4.75475006e-02 -2.37267576e-02 -3.28849182e-02  1.08223081e-01
  3.85181084e-02 -4.98751737e-02 -1.58061031e-02 -7.41036376e-03
 -4.76857722e-02  1.66355837e-02  2.45563081e-03  3.17177922e-03
  8.61021411e-03 -6.35594204e-02 -3.33487540e-02 -8.16250406e-03
  7.37057701e-02  2.02826504e-02 -1.09349422e-01  1.79415327e-02
 -1.06076133e-02  1.65754445e-02 -1.37017831e-01  7.03970343e-02
 -4.61731739e-02  2.23277267e-02 -5.95521778e-02  1.34078246e-02
  2.63887178e-02 -1.50046889e-02  1.75648946e-02 -4.82943282e-03
 -6.87050745e-02 -3.86891104e-02 -9.40357149e-02  6.78820759e-02
  9.34034139e-02 -4.57761250e-02  1.84437428e-02 -8.02699476e-02
  3.72538157e-02 -1.45826191e-01 -3.38602923e-02  3.98524813e-02
 -3.06618866e-03  6.30648732e-02  6.29032170e-03  4.08616150e-03
  8.21194332e-03  3.38061266e-02  3.98191996e-02 -3.53420265e-02
 -3.83770950e-02  3.00470423e-02  1.90609843e-02  5.85113391e-02
  2.82506365e-02  2.02978309e-02 -1.61946919e-02 -7.00964332e-02
 -7.65614733e-02  8.31523165e-02  5.42625450e-02 -8.08511898e-02
  1.10036591e-02 -4.77746315e-02 -5.75496517e-02 -7.20249042e-02
  1.33171070e-05  3.19854021e-02  2.51370259e-02  2.31887549e-02
 -1.67355947e-02 -2.39917431e-02  4.38473485e-02  5.33474889e-03
 -4.94495891e-02 -5.56613542e-02  1.28147003e-04 -5.08748777e-02
  1.08499117e-01 -3.55315655e-02 -5.29158488e-02  1.24964565e-02
 -3.82135101e-02 -2.83234511e-02  2.20666663e-03  4.27913703e-02
 -3.45779844e-02  5.62238917e-02  4.43093479e-02  9.55653191e-02
 -9.66350362e-03 -6.85417801e-02  2.05796771e-02  9.62245744e-03
 -4.06496180e-03  4.13021706e-02 -5.55007569e-02 -3.54178395e-33
 -3.52640525e-02 -9.24507231e-02 -3.64263058e-02 -4.54146154e-02
 -6.36553615e-02 -1.89708360e-02 -6.08593449e-02 -3.19941938e-02
  5.61750568e-02  6.96256235e-02 -9.28812027e-02  3.30469501e-03
  2.47646552e-02  5.10632955e-02  8.85296017e-02  2.39493996e-02
 -4.14879136e-02  5.60607500e-02 -5.21989129e-02  2.48505790e-02
  5.95940687e-02 -1.06013492e-02  7.76504353e-03 -6.54265583e-02
 -5.79727553e-02  4.79652081e-03 -3.54772247e-02  3.62840900e-03
 -7.01758340e-02  2.53590252e-02 -2.21081432e-02  1.52952680e-02
  2.12135762e-02 -7.56377541e-03 -3.05394572e-03  2.00753491e-02
  4.85003181e-02 -1.15342461e-01  1.51259694e-02  4.68661487e-02
  6.10808143e-03 -3.95945832e-02  3.49228419e-02 -3.34856063e-02
 -2.34546773e-02  8.75099525e-02 -4.49935161e-02 -2.24931650e-02
 -2.91609876e-02  2.84559391e-02  3.11150178e-02  3.65553647e-02
  1.81705076e-02 -4.72987676e-03  5.19311987e-03  3.52298170e-02
  4.89063412e-02  4.66343388e-02  2.17364542e-02  6.86666146e-02
 -7.59416744e-02  1.01717241e-01  1.82244647e-03 -2.28011813e-02
  1.68359447e-02  5.44231497e-02  4.06570248e-02  6.46253377e-02
  1.32899899e-02 -1.59077570e-02 -6.02316624e-03  1.82087533e-02
  3.20329471e-03 -7.64619485e-02  4.60483916e-02 -4.36065830e-02
  8.18805397e-02  2.25305953e-03  2.17570607e-02 -8.05759057e-02
 -8.09952691e-02  5.06893247e-02 -3.06583871e-03 -7.61482045e-02
  1.14183892e-02  1.73391700e-02  6.45227358e-02 -8.34811628e-02
  1.69274695e-02 -3.27228419e-02  3.65587920e-02  7.40436390e-02
 -7.26089580e-03  1.95928812e-02  1.68337096e-02  3.16807530e-37
 -4.50997800e-02 -8.17830488e-03  1.37899620e-02 -5.44876382e-02
  8.60991236e-03  2.25412622e-02  5.34229027e-03  1.69288006e-03
 -4.01146486e-02 -9.61403325e-02 -1.52945562e-04 -2.88083069e-02
 -8.86684880e-02 -8.56604874e-02  6.03810623e-02  3.59974988e-02
 -1.10559333e-02 -3.61136906e-02 -3.31995427e-03  1.03434466e-01
 -3.75152305e-02  1.81523599e-02 -5.36413379e-02  5.10081388e-02
 -3.75417136e-02  1.76397134e-02  3.75123546e-02 -4.57456447e-02
  6.09290972e-02 -4.13150601e-02 -7.93014616e-02  3.71054895e-02
 -1.46445572e-01  4.08348069e-02  2.53708940e-02 -4.85520065e-02
 -9.83048528e-02 -2.33237486e-04  2.84578428e-02  1.07162111e-01
 -3.98799591e-02  7.49798715e-02 -2.79623345e-02  4.18590344e-02
  2.46820673e-02 -2.05386691e-02  4.11580727e-02  3.71058248e-02
  5.44481874e-02  3.56868356e-02  9.47035551e-02  3.84117924e-02
 -3.53527181e-02 -2.30189897e-02 -6.69804066e-02  4.01634127e-02
  4.86423410e-02 -2.54639052e-02  3.18795182e-02  4.47067879e-02
 -5.11521176e-02  5.03450073e-02 -4.14936729e-02 -9.23593529e-03
  7.34329894e-02  2.60892585e-02  7.26668537e-02  9.94906127e-02
 -8.82106721e-02 -7.65042007e-02 -7.17932433e-02 -4.64290418e-02
  6.61054030e-02 -5.92758954e-02 -3.76678780e-02 -3.21383355e-03
 -4.92747016e-02 -1.73066910e-02 -5.07812649e-02 -2.26520444e-03
 -9.68335755e-03  1.88162755e-02  1.72883775e-02  2.58226059e-02
 -4.86150989e-03  6.25127479e-02 -3.82880378e-03 -5.11545502e-02
  5.00786155e-02 -6.84270635e-02  7.36502483e-02  1.10671930e-02
 -4.50125616e-03  9.96816084e-02  1.80151053e-02 -1.92873131e-08
 -5.33070900e-02 -5.87386899e-02 -2.63174381e-02  3.50957923e-03
  5.91440424e-02 -4.19881195e-02 -4.00078893e-02  1.02650948e-01
 -3.08026467e-02 -1.95322391e-02 -6.73142895e-02 -1.05374474e-02
 -1.35046050e-01  1.46346213e-02  1.41325980e-01 -5.37962615e-02
  3.10879257e-02  5.36305718e-02  1.47230020e-02 -5.85941188e-02
  1.08371619e-02 -8.24124888e-02  2.34500896e-02 -5.56149222e-02
  1.03727626e-02 -2.51386594e-02 -1.05617866e-01  7.08879009e-02
  3.36146392e-02  2.23676600e-02 -2.07405556e-02  4.39822450e-02
  4.63758148e-02  2.58241519e-02  1.56569421e-01 -1.16382102e-02
  2.93216147e-02 -4.73441668e-02 -3.08993850e-02 -8.24195100e-04
 -1.30373547e-02 -3.48546915e-02  3.29945632e-03 -7.57500157e-03
 -9.03031155e-02  9.19388607e-04  7.30606839e-02 -3.62504385e-02
  8.37742165e-02 -1.35253659e-02  3.32017131e-02 -7.50661194e-02
  6.43942039e-03 -3.04156709e-02  7.96402693e-02  2.79506072e-02
  2.30571516e-02 -4.27799337e-02  3.89805026e-02 -2.38054171e-02
  1.98547114e-02 -5.03731193e-03  2.79576369e-02 -1.22046731e-02]"
38,"In PCA, what is the role of eigenvalues and eigenvectors in the dimensionality reduction process?",Used to identify the principal components.,hard,15,12.286666666666669,"['A. Determine the direction of the principal components.', 'B. Used to scale the original features.', 'C. Used to sort the data.', 'D. Used to identify the principal components.', 'E. Represent the number of samples in the dataset.']",5,42.8,"[-9.93094686e-03  4.99238782e-02 -8.35665222e-03 -5.67648895e-02
 -2.84880749e-03  2.17482578e-02 -7.77708068e-02 -8.59838873e-02
  5.06297648e-02  5.70610240e-02 -1.13989075e-03  4.30115797e-02
 -5.50817549e-02  3.93276289e-02 -2.07715333e-02  4.84582856e-02
  3.93289002e-03  6.07783869e-02 -3.65110449e-02  2.30275355e-02
  1.78209525e-02 -2.29219981e-02 -1.93967633e-02  5.23296855e-02
 -4.41629961e-02  2.15742625e-02  5.96789606e-02 -4.30571027e-02
 -1.16546759e-02  4.52377833e-02  8.49504620e-02  7.26957098e-02
  6.11875765e-02 -9.65340436e-02 -6.39600605e-02  1.95607953e-02
  7.66244531e-02  6.68975934e-02 -6.05487898e-02  7.23017678e-02
  3.97837348e-02  5.67500070e-02 -7.37802312e-02  7.18175694e-02
  2.78806742e-02 -5.80769964e-02  1.92943425e-03 -1.71542868e-01
 -2.10553426e-02 -7.72488415e-02 -3.92894484e-02  1.56631395e-02
 -1.12586319e-01  7.03999773e-02 -2.94382330e-02 -8.97287019e-03
  3.10464706e-02 -3.75433713e-02  4.74960878e-02 -1.31560024e-02
  2.65875142e-02  2.35821586e-02 -3.35769281e-02  4.72668223e-02
  1.19742617e-01 -4.70617115e-02  5.28420098e-02 -2.06399187e-02
 -5.86870685e-02 -7.70835653e-02 -5.00502437e-02 -9.46736801e-03
 -4.98913229e-02  2.10000649e-02  1.84860844e-02 -1.31203225e-02
 -5.68158776e-02 -3.52576375e-02  5.78998439e-02  9.06251743e-02
  6.40352722e-03  1.34233057e-01 -5.44896396e-03 -2.82236431e-02
 -1.53711010e-02  1.86689906e-02 -2.63992641e-02 -8.67587775e-02
  1.37338983e-02 -6.84562624e-02  7.04268441e-02 -3.89659428e-03
  2.89792251e-02 -4.70041297e-03  3.66892177e-03 -4.16343473e-02
  6.51789531e-02 -5.41353785e-02  8.85016844e-02 -4.79872115e-02
  3.57430317e-02 -3.38855386e-02 -5.21427132e-02  7.77130127e-02
 -2.73454469e-03 -2.23957989e-02  7.20207812e-03  6.21035621e-02
  1.70088224e-02 -3.18546072e-02 -4.79727387e-02 -6.54440699e-03
 -4.91439216e-02  6.11723997e-02  5.91702312e-02 -1.41443973e-02
  5.00417352e-02  3.98853347e-02  8.18890929e-02 -3.91594954e-02
 -2.72447197e-03 -7.18556046e-02  4.81902100e-02  2.69982703e-02
  8.72996747e-02 -3.16018015e-02 -1.42471135e-01  9.45237324e-34
  7.09686056e-02 -1.13665676e-02 -6.14291616e-02 -5.75001165e-03
 -2.02228818e-02 -7.40483915e-03  4.55684029e-02 -7.25622699e-02
  9.19219926e-02  1.77996103e-02 -6.04400337e-02  2.66209133e-02
  4.66200486e-02  5.12272529e-02 -5.14004752e-03  1.30685186e-02
 -5.01565933e-02  7.69641846e-02  5.07546030e-03 -4.70034592e-02
  8.45988467e-02 -5.25253676e-02  1.12117939e-01 -3.64043110e-04
 -4.53400537e-02 -4.85006459e-02 -2.28083171e-02 -1.22148469e-02
  1.53533872e-02 -3.13279033e-02 -1.67402569e-02 -1.52320089e-02
 -7.25408867e-02  7.76618272e-02  6.86694356e-03  9.11151916e-02
 -2.98594832e-02 -2.12779641e-02  1.18036985e-01 -6.82483315e-02
 -7.36961812e-02 -2.18270905e-03 -7.18880771e-03 -3.43106277e-02
 -7.27476329e-02  1.93495546e-02 -4.77783708e-03 -8.81798714e-02
 -4.45784368e-02 -2.18941905e-02  6.13011383e-02 -2.25100219e-02
  4.16735038e-02  2.70432308e-02 -2.99278330e-02  9.15627112e-04
  4.38830629e-02 -7.20858052e-02 -6.17774911e-02 -6.17860779e-02
 -4.77371812e-02  1.76639780e-02  2.24399492e-02 -5.96525259e-02
  3.69833745e-02 -1.04972444e-01  2.71361601e-02  1.81557257e-02
 -1.41186239e-02 -6.11097924e-02  6.56547397e-03  2.88781337e-02
  3.01984940e-02 -6.43872693e-02  1.76147092e-02 -4.71455455e-02
 -7.84307867e-02 -5.73495077e-03 -5.93405552e-02  1.07335366e-01
 -5.58228120e-02  5.26778512e-02 -5.09803444e-02 -4.28089201e-02
  2.46359315e-02 -7.69087821e-02  6.40344843e-02 -7.98329189e-02
  3.58462185e-02 -1.21984296e-01 -3.84088531e-02 -9.97555209e-04
  2.74074115e-02  4.57782522e-02  4.35180170e-03 -1.42033632e-33
 -1.78240202e-02 -5.25883981e-04  6.62568375e-04  2.99783628e-02
  7.32906535e-03 -7.09318295e-02 -2.19346839e-04  4.09501456e-02
  6.45607430e-03 -8.32030028e-02  4.90707299e-03  4.01077140e-03
 -2.33156998e-02  1.32723758e-02  1.26714529e-02  4.49482314e-02
  9.45671869e-04 -3.17842253e-02 -9.09966510e-03 -6.06105812e-02
 -3.01903449e-02 -3.32546569e-02 -4.20014635e-02 -2.67986897e-02
  5.36117628e-02 -2.88984738e-02  4.64037061e-02 -1.13548756e-01
  4.16539311e-02 -5.52872606e-02 -2.29076240e-02  3.27788293e-02
 -9.46638286e-02  1.47784054e-01 -5.05569652e-02  3.45792212e-02
 -9.44956094e-02 -4.78982087e-03  1.56717114e-02  5.98826744e-02
  9.44262836e-03  2.25249771e-02  5.86402230e-03  1.81201436e-02
 -3.35169546e-02  2.13857088e-02  4.40820903e-02  1.05497383e-01
  1.56963207e-02 -2.09445283e-02  7.60080740e-02  3.23695019e-02
  5.67302443e-02  4.09835242e-02  8.82545859e-02  5.68158440e-02
  1.06401853e-01  5.71483141e-03  8.65363330e-02 -3.68106626e-02
  4.80587445e-02  1.05257947e-02  1.16408346e-02  1.48280561e-02
 -3.06671951e-02  5.17795309e-02  8.07168931e-02  4.99043427e-02
 -7.52169359e-03 -5.21692485e-02  3.78864706e-02  1.63153224e-02
  2.20229663e-02 -3.56091708e-02 -9.64082032e-03 -1.32444993e-01
 -3.19591463e-02 -1.43464254e-02 -6.00321125e-03  1.12426479e-03
  2.73870528e-02 -4.88485806e-02 -2.51202215e-03 -3.35442610e-02
 -2.29046773e-02  6.94753379e-02 -6.98092068e-03 -5.01755290e-02
  2.41692401e-02 -4.30589095e-02  8.02274123e-02  2.44000107e-02
  1.41164036e-02  9.49727818e-02  4.36700042e-03 -2.14601581e-08
 -2.58976612e-02  1.38340006e-03 -2.97209732e-02 -5.68994433e-02
 -1.62953418e-02 -1.10617541e-01  1.21965753e-02  1.02951311e-01
  9.22453403e-03  2.89015733e-02  1.08686298e-01 -6.91793784e-02
 -5.32435477e-02  5.51450290e-02  8.04006457e-02 -4.45292389e-04
  1.30515294e-02  3.57565768e-02 -5.16392291e-03 -3.42603959e-02
 -1.03594549e-02 -1.44839855e-02 -5.28904088e-02  2.33965088e-02
  4.40287516e-02 -1.04115661e-02  3.95810083e-02  9.37429518e-02
  3.69246341e-02 -1.58844758e-02  6.63306657e-03  5.61436675e-02
  1.37997149e-02 -2.54505128e-03  4.35866714e-02  6.92949221e-02
  7.70798847e-02 -4.31541950e-02 -1.60534624e-02  9.50894225e-03
 -7.78892487e-02  6.11694045e-02 -3.73721384e-02  9.73346923e-03
  7.79601559e-02  1.10118520e-02 -3.97624038e-02  2.18188204e-02
  1.14988601e-02  1.61179788e-02 -4.29896638e-02 -2.39011366e-03
  3.58009040e-02  5.59637090e-03 -4.38531078e-02  3.67796458e-02
  2.22732108e-02 -4.98338277e-03  5.09334691e-02 -4.53886539e-02
 -4.37348895e-03 -2.95034964e-02  2.63290796e-02 -5.43661043e-02]"
39,"In PCA, what are the principal components?",Linear combinations of the original features.,easy,7,5.682857142857145,"['A. Original features of the dataset.', 'B. The features selected through feature selection.', 'C. Linear combinations of the original features.', 'D. The most important data points.']",4,42.25,"[ 8.44255276e-03 -5.11058159e-02 -4.51618843e-02 -3.73919159e-02
 -4.19411110e-03  2.45073847e-02 -2.03686003e-02 -3.10512688e-02
  3.22610624e-02  3.79188620e-02  5.13774343e-02  1.34400940e-02
 -7.88523108e-02  4.48548198e-02 -7.56024718e-02  1.78857949e-02
  2.85767317e-02  4.04273085e-02 -3.51322852e-02  6.77009374e-02
  2.66140178e-02 -6.35261461e-03 -2.33486667e-02  5.94404247e-03
 -4.36437577e-02  1.10244751e-01  1.18882857e-01 -1.55405486e-02
  3.74585912e-02 -3.61553282e-02  4.29918943e-03  2.41619647e-02
  6.24896698e-02 -3.11565381e-02 -1.67542361e-02  5.68217635e-02
  4.23386432e-02 -3.69779277e-03 -2.82407403e-02  2.54560225e-02
  7.34363273e-02  3.24583501e-02 -2.58109439e-02  5.95193021e-02
  1.14716679e-01  6.30721508e-04 -8.53916071e-03 -7.88154081e-02
  1.55137694e-02 -5.32163344e-02  8.56406335e-03 -3.30374297e-03
 -4.65232544e-02  6.29655570e-02 -6.45988360e-02 -2.30579227e-02
  6.59226673e-03 -3.18456143e-02  3.03551834e-02  6.89552538e-03
 -2.33219769e-02 -1.84605562e-03 -1.51389791e-02  3.25211026e-02
  1.01297490e-01 -5.69749326e-02 -1.63194295e-02 -5.28234281e-02
 -1.55750206e-02  4.59350739e-03 -4.15828936e-02 -5.15718870e-02
 -1.08446600e-02 -2.81348601e-02  7.98128173e-03  1.62439998e-02
 -6.50526658e-02 -4.15154360e-02  5.92647269e-02 -1.22896498e-02
  4.44038846e-02  1.20403625e-01 -2.81250458e-02  2.06609480e-02
  5.27720079e-02  5.82967103e-02  7.16842525e-03 -1.29391663e-02
 -6.94671348e-02 -2.16907058e-02  6.33021370e-02  3.90117988e-02
  1.11522332e-01 -5.94566986e-02 -3.99161689e-03  2.93686986e-02
  4.73957956e-02 -1.30786553e-01  5.09045199e-02 -1.28888795e-02
  2.35054437e-02  2.99149920e-04  1.39697585e-02  4.34734225e-02
 -1.24321260e-01 -7.57270008e-02 -4.16728817e-02  4.64609899e-02
  3.23018320e-02  2.56944336e-02 -9.72570330e-02 -7.64242979e-03
 -6.40325695e-02 -3.66286039e-02  7.34631568e-02 -5.19387722e-02
  5.71656646e-03  6.57728687e-02  5.03102429e-02 -4.06641141e-02
 -2.18566153e-02 -8.47553834e-02  3.87987122e-02  1.79275200e-02
  3.24246921e-02 -6.59197941e-03 -1.09489650e-01 -4.23784338e-33
  5.34288175e-02  1.96499825e-02 -6.54277056e-02 -2.93696076e-02
 -5.06583713e-02 -3.68137211e-02  2.92703342e-02 -7.98909739e-02
  1.07599221e-01  7.95230344e-02 -8.20109621e-02  4.21571210e-02
 -8.75192974e-03  6.81529641e-02  1.52119417e-02  6.62499443e-02
 -5.59909791e-02  6.38661087e-02  4.88644503e-02 -4.61012535e-02
  1.79618597e-02  6.26808032e-02  1.01524130e-01 -1.37724336e-02
  3.59485932e-02 -5.98634146e-02 -5.56806140e-02 -2.29924899e-02
 -3.17998268e-02 -4.45365719e-02  1.26875462e-02  6.03434630e-03
 -7.89829791e-02  4.90338020e-02 -2.98259780e-02 -2.69471109e-02
  2.73722247e-03 -8.72231871e-02  9.70021412e-02  1.30798444e-02
 -2.56464072e-02 -2.89865229e-02  1.03391171e-01 -5.46410084e-02
 -2.48247781e-03  1.11837452e-02 -3.75742540e-02  2.82035228e-02
 -2.33559944e-02  3.93202379e-02  9.45803337e-03  2.31752954e-02
  5.69844842e-02 -4.94025648e-02 -2.43751928e-02  2.61774138e-02
  2.97934804e-02  5.91046549e-03 -7.92577676e-03 -2.42179800e-02
 -2.36891266e-02  3.18283774e-02  7.48218549e-03 -3.23132947e-02
 -3.40876952e-02 -4.11539227e-02 -6.91232383e-02 -1.12684006e-02
  6.53945059e-02 -3.02856155e-02  5.49823104e-04 -5.43353707e-02
 -2.06664838e-02  1.74508654e-02  5.17698564e-03 -4.32352647e-02
 -1.49837360e-01  1.54177938e-02 -4.10133488e-02  1.08484372e-01
 -1.40333667e-01  3.11229341e-02 -5.90807125e-02  1.04760919e-02
 -3.62637755e-03  8.79572425e-03  5.71512431e-02 -1.06609143e-01
  1.95888635e-02 -1.08376563e-01 -5.99338375e-02 -2.38371722e-04
  1.70807149e-02  6.95798174e-02  1.90449096e-02  1.57119532e-33
 -3.50615792e-02 -8.79448722e-04  4.58864262e-03  4.05040756e-02
  3.14633809e-02 -6.55220971e-02 -3.28087211e-02 -8.33476558e-02
  4.89854603e-04 -6.34897454e-03  5.07300608e-02  7.45658251e-03
 -3.18778381e-02 -1.48702459e-02  4.17939983e-02  7.64521509e-02
 -3.39835584e-02  9.13706515e-03  1.49863493e-02 -6.56933337e-02
 -1.17466375e-02 -5.47934622e-02  1.32805742e-02  2.36453842e-02
  6.41541630e-02 -4.58078794e-02  2.33991239e-02 -9.22448039e-02
  2.22606175e-02 -1.12330960e-02 -1.30698262e-02  4.49372865e-02
 -5.08267023e-02  1.04834437e-01 -8.55265409e-02 -9.13116336e-03
 -5.61356209e-02 -3.81875522e-02 -2.61801556e-02  8.27945918e-02
  5.18960170e-02  3.53357084e-02  6.74413294e-02  7.18307048e-02
 -4.10198271e-02 -3.24667394e-02  9.01656449e-02  5.00429533e-02
 -3.05834189e-02  4.32378650e-02  2.52652485e-02  2.38174181e-02
  6.63232282e-02  1.09168896e-02  7.55782723e-02  7.21171200e-02
  9.61932316e-02  1.32381748e-02  9.00730118e-02 -3.92113104e-02
  1.11716427e-01 -2.91777682e-02 -2.54296120e-02  6.47210330e-02
 -1.65612679e-02  1.66266356e-02  7.80748352e-02 -3.02627850e-02
 -3.55017036e-02 -2.20269170e-02  5.13832644e-02 -3.83766033e-02
  7.17219058e-03 -2.54796408e-02 -1.24077890e-02 -9.73603651e-02
 -4.34865654e-02  4.42870185e-02  5.78905754e-02 -4.14232127e-02
 -1.44632217e-02 -4.15143110e-02 -6.06022868e-03 -1.48656247e-02
  9.23522376e-03  2.69400235e-02  5.18409088e-02 -7.63536692e-02
  3.91072147e-02 -1.60721540e-02 -1.07645998e-02  3.72981653e-02
  7.01899361e-03  6.93480447e-02 -2.35424228e-02 -1.56929101e-08
 -4.37370427e-02 -4.46764529e-02 -5.91408424e-02 -1.01361878e-01
  4.39767763e-02 -9.56461132e-02 -3.29000205e-02  4.81395572e-02
 -1.12044076e-02  5.50788455e-02  1.25029728e-01 -3.36832553e-02
 -3.82739455e-02 -6.41982257e-02  1.04740471e-01  7.12063164e-02
  4.20389548e-02  5.23659438e-02 -2.22973712e-02 -9.58451554e-02
  4.81466539e-02 -1.60999913e-02 -2.10638735e-02  2.83383131e-02
  3.40882540e-02  8.49374104e-03  3.43871154e-02  1.26647353e-01
  5.24006225e-02  6.42610341e-02 -7.20557384e-03 -8.38496909e-03
  4.15277854e-02 -8.08148161e-02  3.24103911e-03  5.83505295e-02
  5.46377078e-02 -4.73324470e-02  1.73537973e-02 -4.11134660e-02
 -9.78016481e-02 -6.35816008e-02 -3.22155245e-02 -2.59984843e-02
  4.96251173e-02  6.27037138e-02 -5.51866516e-02  1.33355111e-02
  3.03766374e-02 -2.35519465e-02 -4.33086269e-02 -3.86315919e-02
  1.33122262e-02 -2.56030895e-02 -3.18769440e-02  9.45709925e-03
  2.53824778e-02  4.80323955e-02  4.98259701e-02 -2.97557544e-02
  4.70606657e-03  7.11198598e-02  6.17727824e-03 -1.01031758e-01]"
40,Which principal component explains the most variance in the data?,The first principal component.,easy,10,9.55,"['A. The first principal component.', 'B. The last principal component.', 'C. It depends on the dataset.', 'D. All principal components explain the same variance.']",4,37.0,"[ 8.91523585e-02 -7.07838833e-02  2.63025369e-02 -5.34997545e-02
 -1.84722040e-02  2.90381517e-02  1.88745335e-02 -4.74169850e-03
  5.86787648e-02  5.16377464e-02  3.14908624e-02  6.61876202e-02
 -9.39802676e-02  4.40619104e-02 -6.27783388e-02 -4.69728286e-04
  9.83376205e-02 -1.53869390e-02 -3.10480613e-02 -2.13675257e-02
  5.50791956e-02 -7.96150602e-03 -5.07480800e-02  4.54149321e-02
  7.91599602e-02  1.12914890e-01  4.11745682e-02  2.05730125e-02
  3.46212834e-02 -8.06059390e-02  3.10197286e-02 -4.83472319e-03
  6.50899708e-02 -6.62781671e-02 -2.06176005e-02 -1.98880918e-02
  1.89312082e-02  1.83968432e-02  9.09312069e-03  3.69380340e-02
  4.41230126e-02  6.19136840e-02  5.99949323e-02  4.85484786e-02
  7.53335357e-02  7.03328848e-03 -2.03645714e-02 -1.24323472e-01
  2.23598704e-02  4.09238525e-02 -9.70011635e-04  2.27309335e-02
 -4.99596372e-02  5.74900135e-02 -4.10249941e-02 -3.23448703e-02
 -3.53020802e-02 -1.34068532e-02  4.80236672e-02  2.68872418e-02
 -1.17672025e-03  3.96726206e-02  3.10486611e-02  2.65655108e-03
  8.70286077e-02  3.42351757e-03  1.02049438e-02 -1.02988638e-01
 -3.81345041e-02 -7.37099722e-02 -1.24791022e-02  3.61266658e-02
 -8.80522467e-03 -2.61666961e-02  5.68821430e-02  6.02645660e-03
 -6.68210313e-02 -5.23377247e-02  6.46571219e-02 -1.36185857e-02
  2.07406897e-02  9.54253525e-02 -3.83497812e-02  6.79493323e-02
  4.94812950e-02  8.43638275e-03  3.88945304e-02 -2.86975019e-02
 -2.81037875e-02 -7.18245003e-03  2.86417510e-02  5.65441549e-02
  2.56685168e-02  2.20417008e-02 -4.50549163e-02  8.02469999e-02
  1.84870493e-02 -9.68490615e-02  6.44258931e-02  5.58046577e-06
  4.46022414e-02  3.00602969e-02  3.35010234e-03  9.83038172e-02
 -6.39065951e-02 -1.17676347e-01  2.63875835e-02 -2.60493420e-02
 -6.28679097e-02  2.87271645e-02 -2.44911481e-02  3.01391049e-03
 -6.51481375e-02 -1.38098914e-02  5.29583655e-02 -3.61845717e-02
 -2.82627475e-02  1.09975554e-01  8.10859259e-03  2.04029325e-02
 -5.75020798e-02 -8.68927389e-02  2.94780061e-02  7.56506175e-02
 -1.54727288e-02  2.17798762e-02 -7.74852335e-02 -2.24989509e-33
  2.87780091e-02 -1.22775370e-02  2.25892942e-02  1.06820790e-02
 -2.26546340e-02 -2.75680684e-02 -1.03867045e-02 -8.04106966e-02
  5.58434986e-02  2.17556134e-02 -1.06212877e-01 -2.17093658e-02
 -3.85115594e-02  4.03742865e-02 -1.50407190e-02  3.26098576e-02
 -1.09586917e-01  6.16195463e-02 -8.30192342e-02 -8.00076500e-02
  2.35442128e-02  6.37384430e-02  4.05593440e-02 -3.24654840e-02
  5.01486473e-03 -6.11148104e-02 -5.54115623e-02 -1.22040939e-02
 -8.57289433e-02 -1.78480279e-02  3.49255726e-02 -3.04059312e-03
  3.16442410e-03  7.42345750e-02  6.57088705e-04 -7.69948587e-02
  3.92540023e-02 -9.75432061e-03  6.92167208e-02 -3.14819887e-02
  2.34480239e-02 -1.27174323e-02  1.08203679e-01 -4.22740541e-03
  1.55009059e-02  3.69981192e-02 -1.76027080e-03 -2.66345385e-02
  2.30161902e-02  3.60019654e-02 -7.12293759e-02  2.88523044e-02
  5.07943332e-02  3.25456746e-02  4.89188693e-02  7.75838923e-03
  7.15508014e-02 -1.63469315e-02 -4.05874252e-02 -1.35919349e-02
 -6.18139207e-02  4.03731465e-02  2.09132340e-02 -4.68014413e-03
  1.72882322e-02 -5.51538132e-02  3.20676621e-03  7.13898684e-04
  4.83059622e-02  6.07908657e-03 -4.52365279e-02  9.32779349e-03
 -6.68081418e-02 -4.76360731e-02 -5.30652404e-02 -2.79584341e-02
 -2.65419614e-02  9.31543037e-02 -1.94658979e-03 -1.91876460e-02
 -1.22671023e-01 -1.03108231e-02 -6.62980378e-02  3.30211222e-02
 -9.35009867e-02  4.09667492e-02 -8.57195072e-03 -1.24829769e-01
  7.58230453e-03 -4.11350606e-03  4.02379259e-02  1.85343213e-02
  7.48980194e-02  1.08890729e-02 -8.90194625e-02  1.74493669e-33
 -8.58519822e-02  4.62521389e-02  5.49461283e-02  7.38868788e-02
  2.08248887e-02 -7.81626180e-02 -1.12162186e-02 -2.21733283e-02
 -2.44891010e-02  2.19277050e-02  7.31150061e-02  3.79393585e-02
 -1.30941821e-02 -9.76961106e-03  4.92641255e-02  1.15799569e-01
  7.60495514e-02  3.02354572e-03  1.87167749e-02 -9.84043330e-02
 -2.31339037e-02 -2.10957956e-02  1.58569384e-02  4.17673029e-03
  6.24338835e-02 -3.69948032e-03 -2.10806672e-02 -5.22776693e-02
 -1.54529000e-02 -5.11595681e-02 -3.90839688e-02  1.08376011e-01
 -4.07244079e-02  6.45811707e-02 -3.16179544e-02 -8.69878847e-03
 -5.37024960e-02 -5.79440445e-02 -1.02123516e-02  7.76288584e-02
  5.86033091e-02  6.72505125e-02  3.91389169e-02  3.07290489e-03
  1.14060789e-02 -2.36394582e-03  5.45853227e-02  1.54465139e-02
  3.71512026e-02  2.18651164e-02  6.49891188e-03  9.49408859e-03
  3.89102027e-02  2.63298191e-02  8.42974856e-02  4.86458689e-02
  3.07819210e-02  1.80830676e-02  3.11399028e-02  2.27139518e-02
  7.51683339e-02 -2.01948155e-02 -8.93526748e-02  3.71049307e-02
 -7.22414106e-02  3.52266617e-02  3.33975852e-02 -5.84650896e-02
  7.45970942e-03 -4.66392487e-02  3.64896394e-02 -4.86438833e-02
  1.99440084e-02 -6.99300990e-02 -5.21922037e-02 -8.13817009e-02
  9.69626382e-03  4.08748873e-02  4.04758081e-02 -8.30461085e-03
  1.55097106e-02 -6.96301693e-03  3.27531174e-02 -6.21071458e-02
  1.58566665e-02  7.45609254e-02 -3.41470204e-02 -7.97024667e-02
  4.02875356e-02  2.11922359e-02 -1.10670710e-02  3.62854041e-02
 -2.72291712e-02 -2.73894481e-02  6.70311390e-04 -1.62831704e-08
 -1.84445661e-02 -6.29626140e-02 -2.68643256e-02 -1.19292267e-01
  8.44624862e-02 -1.59254968e-02  2.41954885e-02  5.08840121e-02
 -2.80478736e-03 -2.26666685e-03  1.40872970e-01 -8.30415040e-02
 -1.31128803e-01 -4.45775967e-03  7.83091709e-02  5.09880483e-02
 -4.73543163e-03  3.02616972e-02  4.22098255e-03 -4.26644422e-02
  1.36756804e-02 -1.02127139e-02 -2.03810204e-02 -7.74630904e-02
  4.33233604e-02  2.06294246e-02  2.41728444e-02  1.59400418e-01
  7.47565925e-02  7.25332424e-02  6.19722717e-02 -5.59717044e-02
  1.88850686e-02 -8.42458755e-02 -5.37372790e-02  4.27098460e-02
 -2.16822140e-02 -5.78636974e-02 -2.80595385e-02 -1.75307808e-03
 -4.52727340e-02 -1.25855161e-02 -2.55781808e-03 -2.19603106e-02
  8.16913671e-04  1.43334031e-01 -1.94313340e-02 -1.19879292e-02
  1.12858899e-02 -5.44889970e-03 -4.34717238e-02 -1.21212795e-01
  8.06731358e-03 -1.15306918e-02 -6.65671378e-02  8.00964609e-03
 -4.67934692e-03  7.15827495e-02  1.50834704e-02 -1.01826593e-01
  5.71712404e-02  4.18301150e-02 -5.45099340e-02 -3.25759798e-02]"
41,"In PCA, how is the number of retained principal components is determined?",Based on cumulative explained variance.,easy,12,8.756666666666668,"['A. By choosing a fixed number.', 'B. By selecting all the components.', 'C. Based on cumulative explained variance.', 'D. Chosen randomly.']",4,31.5,"[ 1.64339766e-02 -6.93617985e-02 -3.22105102e-02  9.14025027e-03
  2.32736282e-02  5.18066697e-02  3.06514855e-02 -2.36426555e-02
  7.14898854e-02 -1.13655468e-02  4.50715199e-02  6.84536099e-02
 -2.24299561e-02  1.90258473e-02 -1.22983500e-01  2.92647928e-02
 -7.51788635e-03 -2.75324956e-02 -3.45768109e-02  3.84066738e-02
  3.88588570e-02 -2.87757460e-02 -1.69764366e-02 -4.12241602e-03
  3.73312905e-02  4.59507667e-02  5.95704503e-02 -1.28270490e-02
  7.74762854e-02  5.62723493e-03 -3.41659337e-02  7.49703273e-02
  2.25420613e-02 -3.63601297e-02 -2.22851001e-02  3.20755653e-02
 -3.65949050e-02 -8.88394564e-03  5.51608764e-03  5.68204671e-02
  8.05023462e-02  3.22227031e-02 -2.96345036e-02  2.94654667e-02
  8.07725936e-02  3.20757739e-02 -7.70395249e-02 -4.21757698e-02
 -9.70753725e-04 -1.46604069e-02  5.33568263e-02  2.33856048e-02
 -3.32149789e-02  7.83592463e-02 -8.38834718e-02 -7.67052174e-02
  1.30351689e-02 -4.44344878e-02 -3.77854519e-02  8.70842338e-02
  2.59128083e-02 -8.28449242e-03 -1.49794072e-02 -2.80880015e-02
  8.26011077e-02 -1.29911629e-02  2.36866507e-03 -8.60873982e-02
 -1.44602926e-02  2.00664755e-02 -2.88657378e-02 -2.12086514e-02
 -1.57517567e-02  1.00593222e-03 -3.19204703e-02  3.35573256e-02
 -3.05932183e-02 -1.35051562e-02  2.46661715e-02 -3.42424251e-02
  3.18617746e-02  8.01660940e-02 -4.92704734e-02  4.77024633e-03
  2.04591583e-02 -7.36350077e-04  2.84107123e-02 -4.43813093e-02
 -2.78857574e-02  7.03059463e-03  7.34373480e-02  8.86442140e-02
  9.54163000e-02 -4.68413197e-02 -8.52461997e-03 -2.23315377e-02
  2.40902454e-02  1.48148015e-02  1.07066231e-02 -2.08330937e-02
 -5.79793565e-03 -6.02272619e-03 -4.75818431e-03  2.86207367e-02
 -1.20178275e-01 -8.19854364e-02 -4.09709513e-02  3.24128233e-02
  4.88594137e-02  6.36091605e-02 -1.79274585e-02  1.34530850e-02
 -2.14348007e-02  2.06374992e-02  1.09961152e-01  9.69950296e-03
  1.54977385e-02  9.99181196e-02  5.10427728e-02 -2.09742617e-02
 -3.87889333e-02 -4.18290198e-02  8.62771720e-02 -7.43469223e-03
 -1.18128525e-03  4.61037457e-02 -6.59673586e-02 -3.11737612e-33
  6.19824976e-02 -7.67323747e-03 -4.39796969e-02  4.23367359e-02
 -4.87361886e-02 -6.16814308e-02  4.89761382e-02 -4.70260382e-02
  9.81258601e-02  1.54583948e-02 -7.38483816e-02  2.02602409e-02
 -3.01433969e-02 -3.46374162e-03  5.81684615e-03  4.90788557e-02
 -3.72119434e-03  6.71350136e-02  4.41479385e-02 -5.29943407e-02
  2.98723988e-02  7.50433579e-02  1.06812485e-01 -1.64945442e-02
  3.32380310e-02 -5.07912822e-02 -5.68164624e-02 -1.83836538e-02
 -6.69227913e-02 -2.15024296e-02  3.57741863e-02  3.92846987e-02
 -4.31132466e-02  4.30888683e-02  1.67602282e-02 -3.15655656e-02
  4.05866802e-02 -1.81174278e-02  1.23705238e-01 -1.23688355e-02
  2.04653833e-02 -3.84282903e-03  8.74954835e-02 -6.82253912e-02
 -5.70946336e-02 -6.81319982e-02  4.72140452e-03  2.67133899e-02
 -4.16535027e-02  4.40782607e-02  3.25739533e-02  1.98233072e-02
  3.97469886e-02  1.36931427e-02 -2.88893115e-02 -4.20239978e-02
 -1.15726842e-02 -3.70925479e-02  6.48249909e-02  2.88987951e-03
  2.79571768e-02  7.78686404e-02  2.09874026e-02 -2.02866104e-02
 -1.04686478e-02 -3.24189551e-02 -4.50132452e-02 -1.45370215e-02
 -3.60637419e-02 -4.48562242e-02  1.93685200e-02 -8.11790004e-02
 -7.21110851e-02 -5.74175417e-02 -2.10015196e-02 -1.02821469e-01
 -8.17686468e-02  1.41467173e-02  1.51851559e-02  9.90423858e-02
 -7.85232782e-02  7.93541446e-02 -4.12835628e-02 -2.48220377e-03
  5.22241667e-02 -2.54724380e-02  6.93796948e-02 -1.17054544e-01
  2.27743527e-03 -1.02750093e-01 -1.38826193e-02 -6.00830652e-02
  2.93140840e-02  3.56343724e-02  3.54744196e-02  1.21822605e-33
 -5.77858649e-02  2.19709892e-02 -5.03417244e-03  5.72472773e-02
 -4.63363668e-03 -1.00960761e-01 -6.59871399e-02  1.36193237e-03
 -6.73712939e-02 -8.75883251e-02  6.94871694e-02  1.57226957e-02
 -4.91156876e-02  5.02532907e-02  1.17908185e-02  7.42756128e-02
 -5.11573367e-02  9.61733144e-03 -4.00978774e-02 -6.85678944e-02
  2.63553131e-02 -1.19233377e-01  3.63122076e-02  5.56962974e-02
  4.43434455e-02 -5.54034300e-02  1.22841736e-02 -1.05036847e-01
  3.17591913e-02 -8.12109560e-02 -2.13569589e-02  1.87465164e-03
 -7.21340403e-02  1.08354099e-01 -3.98799218e-02 -8.37943479e-02
 -7.52987042e-02  1.86367892e-02 -1.38345547e-02  1.06155828e-01
  2.21440941e-02  1.33535145e-02  3.46240625e-02  6.25501424e-02
 -4.28110100e-02 -2.14310419e-02  1.14968315e-01  3.10730673e-02
  1.43651776e-02  1.30250249e-02  6.27301559e-02 -1.85032934e-03
  3.34969349e-02  1.91901699e-02  5.43085821e-02  9.13356468e-02
  8.74698013e-02  9.40842554e-02  7.66693428e-02 -5.20045199e-02
  1.05138116e-01 -2.27810182e-02 -4.90908623e-02  2.03299075e-02
 -1.10649550e-02  4.41089422e-02  7.40983710e-02 -5.13459975e-03
 -1.01848185e-01 -1.51476245e-02  8.08615610e-03 -3.79712321e-02
  1.00623742e-02 -3.17974761e-02 -2.97037121e-02 -2.81552821e-02
 -3.58542167e-02 -2.62642861e-03  5.51733859e-02 -8.12989660e-03
 -5.69287166e-02 -7.87946954e-02 -6.33678446e-03 -4.02616039e-02
 -1.31451748e-02 -7.95246381e-03  7.09246174e-02 -7.68570676e-02
 -1.42769078e-02  6.30058795e-02  3.04568391e-02  3.48310657e-02
  2.57203504e-02 -3.57339112e-03 -4.99802828e-02 -1.77113417e-08
 -5.12889996e-02 -7.75341094e-02 -7.09400475e-02 -7.79194236e-02
  5.92315607e-02 -7.47716427e-02 -1.87795032e-02  1.67627912e-02
  1.30595756e-04 -1.57506019e-02  1.23292759e-01 -5.99398389e-02
 -8.21492821e-02 -1.09363040e-02  2.78388206e-02  2.84372065e-02
  2.86765732e-02  6.17210008e-02  2.12788358e-02 -7.87347555e-02
  2.08389796e-02 -4.27591689e-02  4.93599549e-02  2.57039201e-02
 -2.26085912e-02 -7.61940668e-04  7.32322410e-02  9.74474028e-02
  3.68413217e-02  2.98038349e-02  5.13262115e-02 -3.25178094e-02
  4.65338193e-02 -7.06265494e-02  3.03830784e-02  6.72631487e-02
  4.80423421e-02 -5.02992831e-02  5.18663377e-02 -1.57807139e-03
 -1.05884172e-01 -7.29780495e-02  7.16710882e-03 -1.71074308e-02
  9.95214581e-02  8.02725628e-02 -5.26857078e-02  2.81067798e-03
 -1.62081840e-03 -1.67887304e-02 -2.05661319e-02 -9.82780904e-02
  2.35639955e-03  8.65229522e-05 -1.77185275e-02 -2.57758740e-02
  9.98735800e-03  6.48737177e-02  7.08807707e-02 -7.39293247e-02
 -5.72146773e-02  3.53293717e-02 -2.68841465e-03 -1.11441538e-01]"
42,What is the relationship between the first principal component (PC1) and the second principal component (PC2)?,PC1 and PC2 are always orthogonal to each other.,easy,16,12.037500000000003,"['A. PC1 and PC2 are always orthogonal to each other.', 'B. PC1 is a linear combination of PC2.', 'C. PC2 is a scaled version of PC1.', 'D. PC1 and PC2 have opposite directions.']",4,40.75,"[ 2.85534654e-03 -7.99613222e-02 -2.33894829e-02 -7.58643541e-03
 -1.03050582e-02 -1.28417723e-02 -2.29939818e-02 -5.26366802e-03
  2.15655230e-02 -4.04130667e-02  7.59483799e-02 -5.92256291e-03
 -4.44788411e-02  6.52862191e-02 -7.98639506e-02  5.37199005e-02
  2.32454948e-03  5.09409234e-02 -3.75812501e-02  1.16296493e-01
  4.85128462e-02 -5.76393045e-02 -3.86016108e-02 -1.28309308e-02
 -6.15960569e-04  1.05701223e-01  8.81415159e-02  3.43378820e-02
  3.81536223e-02 -2.64750682e-02  2.77889939e-03 -1.35396495e-02
  5.07888093e-04  1.80436522e-02 -3.33514214e-02 -2.92578973e-02
  2.32780650e-02  5.61792068e-02 -6.63839355e-02  1.19977687e-02
  1.12370096e-01  7.97563121e-02 -1.40875392e-02  3.88892852e-02
  6.99337348e-02  4.12842296e-02 -2.25103982e-02 -6.14839345e-02
  1.89654750e-03 -6.65600002e-02 -9.00020264e-03 -7.91899487e-03
 -2.56922264e-02  2.11764909e-02 -2.22487450e-02  3.84422876e-02
 -5.78519190e-03  1.16544617e-02 -9.79222707e-04 -2.46088728e-02
 -3.80315036e-02  3.09762865e-04 -1.05301486e-02  1.32582327e-02
  1.28264084e-01 -7.33725727e-02  5.88357495e-03 -3.99401486e-02
 -4.77955937e-02  3.55071481e-03 -6.81823716e-02 -4.18040529e-02
 -3.02616786e-02 -4.84474450e-02  2.42109839e-02  3.94580625e-02
 -7.16539398e-02 -9.23556741e-03  6.17843680e-02 -7.70099610e-02
  5.10083698e-02  4.38219197e-02 -4.79156002e-02 -1.04498332e-02
 -3.00289802e-02  3.46715301e-02  1.10502830e-02 -4.72325012e-02
 -6.92818910e-02 -5.17223366e-02  6.29725829e-02  2.95757297e-02
  1.45133942e-01 -1.80519186e-02 -3.62837054e-02  2.95939855e-03
  3.59350964e-02 -3.88370752e-02  1.25192991e-02  3.64580163e-04
 -5.69758154e-02  2.34468821e-02 -7.75953894e-03  9.10682604e-03
 -7.92326257e-02 -4.59267609e-02 -8.92564654e-02  3.24535975e-03
  4.05551940e-02  1.73429179e-03 -4.39261012e-02 -1.13800289e-02
 -4.95423302e-02  1.13133956e-02  6.81529045e-02  2.84663066e-02
  3.83771583e-02  1.11495070e-01  8.16275552e-02 -3.30042765e-02
  6.00913633e-03 -1.12387232e-01 -9.31317452e-03 -1.10880481e-02
  2.53355526e-03 -5.71078435e-02 -9.98596177e-02 -1.14494151e-33
  2.73344517e-02 -3.28482166e-02 -6.67699650e-02 -1.42196231e-02
 -1.10595776e-02 -6.83921278e-02  2.11835820e-02 -3.60659696e-02
  6.54035956e-02  4.05800231e-02 -1.12838261e-01  1.56465787e-02
 -1.30192023e-02  1.17435567e-02 -5.35433590e-02  4.95551340e-02
 -6.73984289e-02  7.91036785e-02  8.17280561e-02 -5.01772650e-02
 -5.79520315e-03  1.18186355e-01  7.12759644e-02 -4.98638675e-02
  4.29028943e-02 -9.51073393e-02 -3.89768220e-02 -2.34238636e-02
  3.96267138e-03 -4.70599197e-02  2.40684915e-02  7.80070608e-04
 -9.50032920e-02  3.49709690e-02 -2.82712337e-02 -3.95517349e-02
  7.02969059e-02 -8.13169777e-02  1.05098508e-01  1.45781534e-02
 -1.25652580e-02 -2.89505417e-03  8.42566267e-02 -9.73293260e-02
 -2.45623719e-02 -3.26608345e-02 -1.91337559e-02 -8.62877816e-03
  1.53626855e-02  1.55520821e-02 -3.64880892e-03  2.71043908e-02
  4.58366275e-02  1.18181296e-02  1.82447433e-02 -1.60386506e-02
  4.24321778e-02  8.42539035e-03  1.90351661e-02 -4.68545873e-03
 -3.68344709e-02  4.69498336e-02  1.49819786e-02 -1.73224229e-02
 -1.33592095e-02 -2.82883309e-02 -4.74369675e-02  3.64495404e-02
  4.02876288e-02 -1.22153284e-02  2.62472127e-02 -4.99821128e-03
 -2.10791770e-02 -3.88726555e-02  2.14607492e-02 -1.59634221e-02
 -1.35400102e-01 -1.11561874e-03 -2.47640740e-02  1.07476018e-01
 -1.84200585e-01  1.18856756e-02 -8.20400491e-02  3.61888483e-02
 -6.05372973e-02  4.36935090e-02  1.50897242e-02 -1.23886548e-01
  2.44029425e-02 -2.95423530e-02 -3.57126184e-02  1.26465075e-02
  1.20323105e-02  5.51664941e-02  6.45346269e-02 -5.56749114e-34
 -5.10881580e-02  2.94748619e-02  3.46616656e-02  4.37928103e-02
  3.65756862e-02 -7.94502720e-02 -1.13050118e-02 -7.52912685e-02
 -2.38060672e-02  2.82717869e-02  9.07432958e-02  6.68728631e-03
 -1.77197363e-02 -1.92301499e-03  4.94661927e-02  5.35792746e-02
  2.86840424e-02  6.06653467e-02 -2.86106225e-02 -8.09079036e-02
  1.80813465e-02 -2.77070086e-02 -2.57121455e-02  2.26840600e-02
  3.45054939e-02 -1.54840974e-02  8.39631557e-02 -5.59794940e-02
  1.85123309e-02 -2.04402767e-03 -7.15410197e-03  6.78098202e-02
 -1.98331662e-02  9.17804688e-02 -3.38930786e-02 -2.78841034e-02
 -6.76275492e-02 -8.38556588e-02 -4.12096977e-02  6.12310953e-02
  4.82113846e-02  5.30233867e-02  9.05572996e-02  3.25565897e-02
 -2.65806261e-02 -2.32309457e-02  1.49334103e-01  6.83581457e-02
 -7.84619898e-03 -1.26012871e-02 -7.83607480e-04  4.39177826e-02
  8.60519409e-02  9.29669756e-03  5.14600761e-02  4.24228087e-02
  1.13289990e-01  4.34774347e-02  6.01787157e-02 -3.70123163e-02
  1.00481600e-01 -6.69572651e-02 -3.36996242e-02  4.55688499e-02
  1.86194684e-02  3.62665951e-02  7.38139004e-02  1.32872704e-02
  2.88568493e-02 -2.31773090e-02  5.52019514e-02 -2.69929860e-02
  3.70528139e-02 -3.56096402e-02  5.78936329e-03 -6.40476793e-02
 -4.37041111e-02  3.41936089e-02  9.69913676e-02 -5.35179079e-02
 -3.79643254e-02 -2.69744955e-02  1.05637833e-02 -4.88008484e-02
 -4.27604234e-03 -9.41200834e-03  4.76243459e-02 -1.14352535e-02
  3.15059721e-02 -1.66242924e-02 -1.09617757e-02  6.61804378e-02
  1.45313637e-02  1.59227308e-02 -2.38573961e-02 -2.09668425e-08
 -2.60694306e-02 -1.05312444e-01 -3.69257145e-02 -5.10633588e-02
  2.79611908e-02 -5.73196262e-02 -3.65394466e-02  7.42203072e-02
 -7.15965629e-02  5.45062423e-02  4.24847417e-02 -4.09823563e-03
 -7.02034403e-03 -6.93309009e-02  1.10302225e-01  8.26653317e-02
  9.79287736e-03 -1.71027612e-02 -4.85683978e-03 -1.11069821e-01
  1.88962556e-03 -7.03588948e-02  2.83793849e-03  7.90571421e-03
 -3.63169312e-02  6.11373130e-03  2.89910398e-02  9.32236686e-02
  8.75113681e-02  4.30020783e-03 -7.21182092e-04 -1.01817502e-02
  4.13249843e-02 -9.31207314e-02  4.77554239e-02  1.61120743e-02
  4.28486168e-02 -5.55132963e-02  6.66003600e-02 -3.19688953e-02
 -6.33366257e-02 -5.54867424e-02 -3.66520733e-02  2.82216351e-02
  6.19761124e-02  6.15446530e-02  3.19077037e-02 -3.72152170e-03
 -1.20547684e-02 -5.24109639e-02 -5.34328111e-02 -2.99834926e-02
 -7.22403638e-03 -3.30549255e-02 -7.46275485e-02 -2.75535956e-02
 -5.82417659e-02  8.99511874e-02  6.59170300e-02 -5.99621562e-03
 -7.53575412e-04  8.15605223e-02  2.21990645e-02 -4.80724163e-02]"
43,"When performing PCA, what is the role of the covariance matrix of the original features?",It's used to calculate the eigenvalues. | It's used to calculate the principal components.,medium,15,9.140000000000004,"[""A. It's used to calculate the eigenvalues."", ""B. It's transformed into a correlation matrix."", ""C. It's not used in PCA."", ""D. It's used to calculate the principal components.""]",4,40.75,"[-1.80210415e-02 -6.32010633e-03  1.05286613e-02 -2.81165559e-02
  3.57884206e-02  2.01588869e-02 -1.39722247e-02 -1.22133724e-01
  4.72427756e-02 -5.60619077e-03  4.62029167e-02  6.37309924e-02
 -8.76983106e-02  2.11537462e-02 -5.81623353e-02  5.73843271e-02
  7.68010840e-02  5.09836897e-02  2.12430879e-02  4.03257646e-03
  6.88089011e-03 -3.33711952e-02 -5.45344427e-02  2.98199821e-02
 -3.38798575e-02  4.92471233e-02  4.08049524e-02  6.85657114e-02
  5.38430642e-03  1.07214497e-02 -2.16634590e-02  5.37582524e-02
  4.55928147e-02 -4.93555814e-02 -3.05940043e-02  7.04482421e-02
  5.19562699e-02 -2.65864190e-02  2.13642158e-02  7.38826022e-02
  4.04846892e-02  7.13921264e-02 -5.01892902e-02  6.68866411e-02
  8.43878314e-02 -3.32745677e-03  3.19535732e-02 -9.70617458e-02
 -2.02939548e-02 -3.29201901e-03 -4.72917175e-03  2.88866367e-02
 -9.03644264e-02 -1.68522708e-02 -2.16130670e-02 -3.02853081e-02
 -2.93854587e-02  2.14499515e-02  8.00365880e-02 -2.97666620e-02
  3.05531025e-02  3.99585813e-02  1.09822117e-02  1.16671003e-01
  1.00458153e-01 -1.20566405e-01 -1.80774033e-02 -1.97541360e-02
  7.14584906e-03 -6.74663037e-02 -3.91764455e-02  1.39933918e-02
 -6.15543537e-02 -6.45922050e-02 -3.32212113e-02  3.73183414e-02
 -5.56136221e-02 -3.69013064e-02  6.18910380e-02  2.55801273e-03
  4.03832085e-02  1.13828644e-01  2.85656415e-02 -4.17580791e-02
  1.47643238e-02  5.08513264e-02 -5.42818867e-02 -3.04802787e-02
 -3.61571051e-02 -4.14632037e-02  5.54357022e-02 -4.56494838e-02
  4.37909514e-02 -7.29452819e-02 -2.36877017e-02 -5.51027395e-02
  7.96798244e-02 -3.77223417e-02  5.51303886e-02 -2.38024350e-02
  1.18022207e-02 -9.49991401e-03 -1.15070324e-02  9.10900831e-02
  1.26131997e-02 -7.01849237e-02 -1.01226456e-02  3.86980027e-02
 -7.39479628e-06  1.95191633e-02 -7.35006183e-02  3.36013809e-02
 -7.15361238e-02 -2.72879433e-02  5.04045263e-02  8.30707252e-02
 -9.18845530e-04  1.09934203e-01  2.67975200e-02 -4.95364033e-02
 -3.16317636e-03 -1.06894799e-01  4.15143035e-02  2.41176207e-02
  2.18402706e-02  7.16326898e-03 -9.90444347e-02 -3.20891738e-33
  5.87983578e-02  2.04240456e-02 -3.58457156e-02 -1.78683344e-02
 -4.97711822e-02 -6.08314760e-03  4.74897474e-02 -9.93510336e-02
  6.59778342e-02  3.30668278e-02 -4.71615791e-02  4.10534032e-02
  3.68353166e-02 -9.72266309e-03 -4.60242257e-02  6.47518039e-02
 -1.11825280e-01  3.06852479e-02  1.48489308e-02 -2.73954384e-02
  6.01855218e-02  6.21077418e-02  8.75655040e-02  1.97249055e-02
 -7.54965469e-02 -8.93803164e-02 -4.40011658e-02 -3.46838832e-02
 -6.62270710e-02 -8.20348877e-03 -1.69962998e-02  6.40053395e-03
 -3.36376280e-02  5.85370287e-02 -8.04998428e-02 -1.26651572e-02
  1.42467599e-02 -1.01500235e-01  8.58977959e-02 -6.34039612e-03
  4.50742841e-02 -7.79517042e-03  2.67784204e-02 -6.47883639e-02
 -9.01379138e-02 -4.60227579e-02 -3.08378395e-02 -1.71630271e-02
 -2.05278043e-02  2.88214236e-02 -1.30651928e-02  3.41286026e-02
 -1.23563530e-02 -1.24304332e-02 -6.16066828e-02  3.58512835e-03
  2.87428834e-02 -8.31829533e-02 -1.10741437e-03 -6.90046549e-02
  8.28157831e-03  1.74883269e-02  3.68653494e-03 -4.78373915e-02
  4.89281453e-02 -3.24341245e-02  4.81405109e-02 -2.41671614e-02
  3.63268256e-02 -6.88888272e-03  5.94689418e-03 -7.88841397e-02
 -1.04116037e-01  2.93656848e-02 -1.98807605e-02 -3.26712765e-02
 -9.52968523e-02 -6.93929498e-04 -4.87652840e-03  6.70015886e-02
 -3.61279100e-02  3.52110900e-02 -7.65650475e-04 -5.65451048e-02
 -1.62611548e-02 -5.85478777e-03 -1.44168446e-02 -1.37204215e-01
  2.79133860e-02 -8.69333372e-02  2.89606415e-02  2.68867891e-02
  3.66668627e-02  4.03079130e-02 -1.39967296e-02  6.01149694e-34
 -5.03360219e-02 -1.69897568e-03 -2.35174317e-03 -1.28193684e-02
 -3.94586623e-02 -6.19204976e-02 -3.32114547e-02 -5.72100952e-02
  5.00759017e-03 -1.55847836e-02  4.75011729e-02 -4.81694825e-02
 -8.87731910e-02  2.17255875e-02  2.66189054e-02  2.31658183e-02
 -2.51674652e-02  5.88651448e-02 -3.84826101e-02 -6.59919530e-02
  4.79007028e-02 -3.89289223e-02  1.54086677e-02 -2.62476411e-02
  6.36115223e-02 -2.96864118e-02  4.50966880e-02 -1.26043245e-01
  2.97423005e-02 -6.94899708e-02 -5.60871176e-02  2.25770473e-02
 -5.05423546e-02  1.58912420e-01  2.33993605e-02 -5.09398105e-03
 -1.01474620e-01 -2.61613745e-02  4.69189957e-02  7.10177198e-02
  2.52884757e-02 -1.00369286e-02  3.19589823e-02  7.29166046e-02
  2.66896244e-02 -1.48460520e-02  7.27735087e-02  8.11030492e-02
  6.96393475e-02  3.67527045e-02  3.59064043e-02  6.02044985e-02
  1.44215738e-02  2.09715627e-02  4.57316078e-02  9.84697789e-02
  8.90370086e-02  1.09491935e-02  6.66344240e-02 -3.42044123e-02
  5.09310737e-02  1.21438745e-02 -6.18062951e-02 -2.67930645e-02
  4.43606414e-02  7.17307627e-02  1.49303991e-02  2.71809148e-03
  1.46707930e-02 -4.93240245e-02  4.98799002e-03 -1.35085536e-02
 -4.21038717e-02 -4.91417572e-02 -5.02699278e-02 -1.24666922e-01
 -4.31156009e-02 -4.12558019e-02  1.05752796e-03 -4.22468819e-02
 -9.36662406e-02 -6.72324821e-02  1.14514768e-01 -4.93694330e-04
  3.62674966e-02  9.45303142e-02 -4.36792374e-02 -1.06314979e-01
  4.63021956e-02 -7.21817743e-03  2.23198123e-02  2.62569655e-02
  2.86782533e-02  9.20331702e-02  8.65151547e-03 -2.01522212e-08
 -9.62901413e-02  3.92796509e-02 -2.08129641e-02 -3.93659361e-02
  4.56168167e-02 -3.90992612e-02  4.93550347e-03 -1.64440589e-03
 -1.04463771e-02 -4.14270861e-03  2.58932579e-02 -3.84943150e-02
  2.37907050e-03  6.81630382e-03  1.47539712e-02  8.59831497e-02
  5.44107258e-02  6.43701851e-02  2.13368284e-03 -2.57694535e-02
  6.33095577e-02 -4.48087342e-02 -2.37911269e-02  3.10120527e-02
 -3.11345961e-02  9.29611456e-03  2.19944548e-02  1.58757299e-01
  3.80507298e-02 -4.72380733e-03 -2.85419039e-02  1.65656414e-02
  5.89032583e-02 -2.75490172e-02  2.23144405e-02  5.09447092e-03
  6.46063462e-02 -3.04748677e-02 -2.65789237e-02 -3.12764607e-02
 -8.73212814e-02  8.58951733e-03 -2.28851829e-02  3.17169055e-02
  2.29459368e-02  7.71916583e-02 -3.50264879e-03 -3.40036117e-02
 -2.26622485e-02  8.73546209e-03  3.48161384e-02 -2.18175706e-02
  3.54698934e-02  2.72830948e-02  2.44298317e-02  3.23194563e-02
  6.90686628e-02  4.68547009e-02  7.09337667e-02 -1.92173254e-02
 -3.32270041e-02  5.03853187e-02  5.61739057e-02 -1.25541791e-01]"
44,What is the main drawback of using PCA for dimensionality reduction?,It may not preserve the interpretability of the original features.,easy,11,10.154545454545456,"['A. It can lead to overfitting.', 'B. It may not preserve the interpretability of the original features.', 'C. It can be sensitive to outliers in the data.', 'D. It is computationally expensive.']",4,45.25,"[-5.39608859e-02  2.30862070e-02  1.87730591e-03 -2.64309198e-02
  2.44391020e-02  4.42455485e-02 -7.42858499e-02 -3.06783319e-02
  3.29971276e-02  3.75055447e-02 -8.17300845e-03  5.91060221e-02
 -6.53161854e-02  6.42791986e-02 -5.25101945e-02  5.49873151e-02
  7.66268671e-02  1.06847651e-01 -1.47649022e-02  1.00908494e-02
 -3.74285430e-02 -5.15513644e-02  1.03334347e-02  4.25789468e-02
  5.56680723e-04  6.13987306e-03  8.38097036e-02 -3.40570649e-03
 -4.84567620e-02  4.79805395e-02  4.74640056e-02  1.12828076e-01
  2.20118482e-02 -8.43228251e-02 -8.60626847e-02  2.76483204e-02
  3.01112197e-02  5.43617308e-02 -4.84825708e-02  1.76472384e-02
  1.64553411e-02  6.15095310e-02 -4.62781228e-02  5.79723269e-02
  5.53686135e-02 -4.37308997e-02 -3.55685037e-03 -1.81849584e-01
  4.35365736e-02 -5.29145300e-02  5.60668809e-03 -6.28981413e-03
 -5.86407632e-02  1.78815927e-02 -6.15887493e-02 -6.91121370e-02
 -7.64303701e-03 -3.89607027e-02  3.92109565e-02 -1.31037785e-03
  6.94511319e-03 -8.03391077e-03 -7.15752481e-04 -4.08488791e-03
  1.27625793e-01 -3.03349532e-02  4.72309031e-02  1.37607558e-02
 -1.45311486e-02  2.52577495e-02 -4.21257913e-02  2.88513061e-02
 -4.40136045e-02  2.23022774e-02  1.09398030e-02  2.13837661e-02
 -1.64663475e-02 -4.46980335e-02  3.80815677e-02  3.69927287e-02
  4.85059135e-02  1.07033983e-01  1.24597258e-03 -7.25598261e-03
  6.74875677e-02  2.84321513e-02 -6.52159676e-02 -6.27211779e-02
 -6.53404370e-03 -7.16316774e-02  9.18824747e-02  4.37356271e-02
  9.09936726e-02 -5.05488142e-02  1.54477097e-02 -5.60402013e-02
  4.41109575e-02 -6.09181412e-02  3.47319432e-02 -3.94962244e-02
  6.28259208e-04 -9.28521249e-03 -2.42428165e-02  4.96494547e-02
 -2.02392843e-02 -5.05422354e-02  1.93186477e-02  2.77709891e-03
  3.16602848e-02 -5.57320267e-02 -2.17159670e-02  2.81678401e-02
 -6.41256645e-02  3.79162244e-02  5.04799932e-02 -1.93752982e-02
  4.09852862e-02  3.95720825e-02  8.88843462e-02 -1.86294243e-02
 -4.35359776e-02 -8.11384991e-02  4.82452624e-02  2.56329775e-02
  9.47723612e-02  7.47445598e-03 -1.38985366e-01  7.47267958e-35
  7.26757348e-02  6.66237399e-02 -4.57105003e-02 -2.45475993e-02
 -3.90335306e-04 -3.60699818e-02  1.99981425e-02 -8.79750326e-02
  7.30157569e-02  8.14723596e-02 -2.88832467e-02  3.61309350e-02
  4.75178435e-02  2.24557165e-02  6.05135001e-02  6.64631501e-02
  5.74875716e-03  9.49750766e-02  1.01054190e-02 -2.71113832e-02
  7.24031031e-02 -6.59983084e-02  1.03642978e-01  1.77009068e-02
 -4.48148735e-02 -7.86655471e-02 -3.59222554e-02 -5.11766896e-02
  8.32514539e-02 -2.83527952e-02 -4.77968790e-02 -3.99009697e-02
 -6.41578808e-02  4.02250439e-02  1.47834718e-02  3.39212790e-02
 -3.75693589e-02 -4.41155583e-02  8.02009329e-02 -2.64484361e-02
 -7.34909177e-02  3.80618721e-02  1.03155963e-01 -8.61853957e-02
 -2.88416427e-02  4.21326533e-02  8.17978382e-03 -5.63678071e-02
 -9.59582031e-02 -6.01597421e-04  4.50974517e-02  8.66990071e-03
 -5.59802912e-03  4.31361049e-03 -2.88594142e-02 -3.74753028e-02
  4.62571532e-02 -1.03027873e-01  3.22397500e-02  1.83755613e-03
 -8.04095939e-02 -1.04894582e-02  5.22340834e-03 -4.55082953e-02
 -1.97541583e-02 -7.71383345e-02 -1.99904684e-02 -8.02986848e-04
 -3.63563672e-02 -2.41387729e-02  8.11489671e-03 -4.61548660e-03
 -7.74774477e-02 -8.96258280e-02  6.95039108e-02 -6.36749789e-02
 -1.44183282e-02 -2.83446275e-02 -3.85955744e-03  5.67506775e-02
 -4.36848626e-02  4.47409824e-02 -3.13050672e-02 -8.73989910e-02
  2.41266564e-02 -6.32989332e-02  9.21131074e-02 -1.22909121e-01
 -1.72111462e-03 -7.71207213e-02 -1.94715429e-02  1.30149722e-03
  2.16294248e-02  6.72889501e-02  7.12439418e-03 -1.53531524e-34
 -7.28013590e-02 -1.53058469e-02  6.60769921e-03 -4.06508287e-03
 -2.32535172e-02 -5.95601685e-02  1.59867089e-02 -7.82820769e-03
  3.85179818e-02 -9.40256640e-02  4.77602743e-02 -3.06374189e-02
 -2.99964026e-02  8.59754719e-03  7.17934594e-02  4.99798767e-02
 -2.53825653e-02 -4.58511859e-02 -1.30571658e-02 -5.83554842e-02
  1.61788501e-02 -1.71295758e-02 -5.07037379e-02  1.40963281e-02
 -2.50021508e-03 -2.67887581e-02 -6.18589632e-02 -1.25744030e-01
  1.10560488e-02 -4.53957282e-02 -2.96313390e-02  4.08668779e-02
 -8.56313556e-02  6.99381530e-02 -1.86516140e-02  2.98561119e-02
 -6.14712350e-02  1.87494059e-03  1.44103291e-02  6.35073036e-02
 -1.82364639e-02  1.95343513e-02 -2.87947878e-02  3.30331326e-02
 -1.72674209e-02  1.05669098e-02  3.07849534e-02  6.00001179e-02
  8.04513842e-02  9.37063247e-02  4.06032540e-02  4.90643568e-02
  7.15857968e-02 -9.81991738e-03  7.75706246e-02  1.47135528e-02
  8.70078206e-02 -9.04028639e-05  3.23758647e-02 -2.80476902e-02
  1.99826472e-02 -1.48064541e-02  2.43814122e-02  1.95182934e-02
 -9.39395465e-03  6.40149266e-02  7.17194006e-02  8.10534582e-02
 -2.18438599e-02 -2.81829648e-02  1.85834933e-02 -6.08262094e-03
 -2.62103099e-02  3.33399586e-02 -6.63464293e-02 -7.24956393e-02
  5.62392250e-02  1.12352520e-02 -1.71629433e-02  3.24915014e-02
  1.14656877e-05 -5.76026067e-02  3.13382745e-02 -6.25448525e-02
  4.44185883e-02  8.40017647e-02  2.77312864e-02 -9.00081396e-02
 -5.23315161e-04 -6.61677271e-02  3.85572985e-02 -1.56460330e-02
  1.98970530e-02  1.22580193e-01  5.35586700e-02 -1.61238276e-08
 -7.89814293e-02 -1.62805039e-02 -2.64866501e-02 -8.91926587e-02
 -1.85337607e-02 -1.16946861e-01 -4.25573178e-02  1.47513628e-01
 -1.03901485e-02  2.78163105e-02  1.14495747e-01 -4.62404154e-02
 -7.95454457e-02  5.04889973e-02  5.38521260e-02  4.66305800e-02
  4.49898727e-02  6.90100435e-03 -1.04550878e-02  1.53215481e-02
 -2.05339361e-02  2.82653570e-02 -8.18371177e-02 -3.11209150e-02
  1.47002507e-02 -1.55597841e-02  2.24805586e-02  7.33874291e-02
  6.26734830e-03 -5.18243499e-02 -7.22566713e-03  3.41874361e-02
  1.01239458e-02  4.15547192e-02  3.38850953e-02  1.81859471e-02
  8.00098702e-02  2.85263304e-02 -5.45676425e-02  2.00839862e-02
 -6.20245561e-02  8.98025837e-03 -5.64692765e-02  1.63350720e-02
  8.55547115e-02  2.36892868e-02 -2.28326209e-03 -1.80434156e-02
  3.24588921e-03  5.89057691e-02 -1.71743780e-02 -2.04822738e-02
  7.16469586e-02  3.72412987e-03  6.36744425e-02  6.03563078e-02
  8.05420615e-03  4.00649272e-02  3.32428701e-02 -1.03924964e-02
 -2.02601440e-02 -5.11365943e-02 -7.13727623e-02 -1.68977268e-02]"
45,"When we apply the SVD decomposition directly on the centered data matrix X, we obtain:","The same eigenvectors, but different eigenvalues of the covariance matrix.",hard,15,10.713333333333338,"['A. The same eigenvectors and eigenvalues of the covariance matrix.', 'B. The same eigenvectors, but different eigenvalues of the covariance matrix.', 'C. Different eigenvectors and the same eigenvalues of the covariance matrix.', 'D. Different eigenvectors and different eigenvalues of the covariance matrix.']",4,74.0,"[-2.89728381e-02 -3.98737425e-03  3.93152656e-03 -5.88058606e-02
  6.25000075e-02 -3.33741121e-02 -2.72690300e-02 -5.18653207e-02
  3.51317860e-02  1.00702360e-01  4.67578024e-02  8.13246742e-02
 -5.63315153e-02 -5.91754466e-02 -6.81919977e-02  1.03758993e-02
 -6.85928389e-02  2.41977684e-02  4.18477546e-04  6.73676655e-02
 -7.91681744e-03  3.56027484e-02 -3.98893170e-02  6.67170808e-03
  1.34551644e-01  5.47844581e-02  3.25740799e-02  1.25457961e-02
  7.45696947e-02  3.06628216e-02  2.70099938e-02 -1.78435724e-02
  2.71732453e-02 -2.15878598e-02 -6.85881078e-02  1.96236931e-03
  1.04397997e-01  5.30643128e-02 -1.04360782e-01  5.09385280e-02
  5.22676520e-02  5.83952181e-02 -7.61189964e-03  5.73139964e-03
 -1.42930709e-02  7.09228888e-02 -5.32192960e-02 -1.19580820e-01
  1.21818883e-02  2.22871695e-02 -5.91678955e-02 -1.09273335e-02
 -9.50495771e-04  3.61630060e-02 -3.14392112e-02 -1.12729400e-01
  1.26230745e-02 -2.94385795e-02  5.23570962e-02  3.03619150e-02
  4.30015810e-02 -3.98811065e-02  6.19289316e-02  5.27216680e-02
  5.05383275e-02 -7.94744566e-02  3.36639322e-02 -3.08770547e-03
 -7.48236924e-02 -5.31319380e-02 -3.43391746e-02 -4.67993580e-02
 -3.74254137e-02 -9.91565064e-02 -3.87978330e-02 -7.54814222e-03
  5.19361198e-02 -8.26319456e-02  4.89055775e-02 -2.12717745e-02
  4.12441008e-02  1.02991581e-01  5.03374822e-03  5.90873556e-03
 -2.23312713e-02  4.61572558e-02 -2.43660761e-03 -3.52595150e-02
 -1.82293579e-02  3.55885550e-02 -1.69408694e-02  6.03927337e-02
 -9.09489244e-02 -4.21957634e-02 -7.27683678e-02 -5.08220978e-02
  1.16285011e-02  7.04104602e-02  7.01806620e-02 -1.64784342e-02
  1.81856118e-02  2.63936119e-03 -3.18110175e-02  1.97358038e-02
  2.64931880e-02 -6.46673068e-02 -2.95232749e-03  5.73237129e-02
 -2.56241318e-02 -5.40294163e-02  1.06566884e-02 -2.40351297e-02
 -1.05288573e-01  1.16531393e-02 -5.45002706e-03 -3.39688435e-02
  6.31125271e-02  5.92701212e-02  8.53564218e-02 -7.26807341e-02
 -1.88433342e-02 -8.75633433e-02  3.13159563e-02  5.73715344e-02
  1.53212361e-02  2.32906025e-02 -8.13367441e-02 -1.48267068e-33
 -6.49988279e-02  1.19626420e-02 -4.59930263e-02 -2.53227018e-02
 -7.24624917e-02 -4.91308570e-02 -3.08110826e-02 -5.47014698e-02
  2.65068747e-02  3.14329602e-02 -4.94451188e-02 -5.04515618e-02
 -8.70623533e-03 -1.06342714e-02 -6.04951121e-02  3.83416377e-02
  1.17808292e-02  1.05288336e-02 -1.27240732e-01 -1.19896598e-01
  1.34402394e-01  6.94791693e-03  6.77338913e-02 -3.59789245e-02
  3.69246886e-03 -6.10336587e-02 -3.55664268e-02 -1.77825112e-02
 -6.22041039e-02 -2.21396871e-02 -2.80063748e-02 -6.19895197e-03
 -1.41567271e-02  6.66729659e-02  1.38635589e-02  6.33970797e-02
  6.65170848e-02  1.16828997e-02  6.98114373e-03  4.85922256e-03
  1.16663268e-02  1.71170421e-02 -1.81821771e-02 -9.17258710e-02
 -1.55852195e-02  2.64413841e-02  4.44779079e-03  2.27741934e-02
  8.72464553e-02 -7.84017518e-02  7.73821492e-03  5.06547354e-02
  3.69000547e-02  3.15596797e-02  4.97211479e-02  3.11052743e-02
  2.60397475e-02 -7.98199773e-02  3.26071680e-02 -1.42297493e-02
 -4.93986085e-02 -1.66585948e-02 -9.45244916e-03 -3.13803740e-02
  9.63458233e-03 -4.22799960e-02  7.53286257e-02 -7.12073222e-02
  1.81393642e-02  3.02728377e-02 -4.88038398e-02 -1.52015127e-02
  5.42595014e-02 -6.81806803e-02  3.59524675e-02 -2.93720420e-02
  5.35334041e-03  7.92140737e-02 -2.36885864e-02  1.35196541e-02
 -5.22758067e-03  6.52240366e-02  8.86438601e-03 -8.78100842e-02
 -1.50208492e-02  6.30331039e-03  1.37622189e-02 -6.00286759e-02
 -6.19663112e-02 -6.04791865e-02 -6.84659649e-03 -3.24559323e-02
  7.22882943e-03  3.47173810e-02 -6.86926171e-02  6.86560287e-34
 -6.53937533e-02  4.76723686e-02 -2.39419900e-02 -8.53291899e-03
 -3.97392698e-02 -2.72492021e-02  2.37612091e-02  1.62135344e-02
 -3.90653461e-02 -7.52358278e-03  1.78308785e-02 -9.17762369e-02
 -1.20534457e-01  8.89491290e-02  5.05792499e-02  7.00858533e-02
  7.49802440e-02 -1.59679670e-02 -1.13667071e-01 -7.47326538e-02
 -3.80188860e-02  1.17564470e-01  6.97910115e-02  5.96882738e-02
  2.21510176e-02 -2.31342930e-02  5.56096844e-02  4.08218540e-02
  2.74199843e-02 -1.04206525e-01 -7.49003515e-02 -7.33338445e-02
 -4.37848680e-02  6.48302436e-02 -1.24427052e-02 -3.72141078e-02
 -9.61993933e-02 -6.05866173e-03 -2.67261378e-02  1.03416815e-01
 -2.72474550e-02  6.07982017e-02 -1.02654569e-01  6.43362030e-02
  3.04103326e-02 -1.89248752e-02  4.06613946e-02  5.27917258e-02
 -1.65237878e-02 -2.08736584e-02  9.15766060e-02  1.77581664e-02
  7.78594762e-02  1.15796432e-01 -1.38875740e-02  1.13275096e-01
  4.37839469e-03  7.12955818e-02 -5.62903238e-03 -3.37830931e-02
 -1.00899339e-02 -7.46805742e-02 -1.79184899e-02  4.42067385e-02
  6.07011504e-02  1.38846776e-02  1.71967223e-02  1.59046799e-02
 -2.93566976e-02  3.53705622e-02 -2.72440091e-02 -1.12503432e-02
 -3.92071567e-02 -2.99782306e-02  7.79701909e-03 -3.15372832e-02
 -2.92801834e-03  1.97241176e-02  3.05445455e-02  1.52178043e-02
  1.99780781e-02 -1.02013899e-02  1.25576437e-01  8.32668468e-02
  7.32272118e-02  8.76179859e-02  3.44452597e-02 -4.92557809e-02
  3.57845128e-02 -5.04220836e-02  1.18016992e-02 -2.41449904e-02
  4.15628888e-02  1.00318203e-02  5.44903353e-02 -1.88609750e-08
 -6.25312328e-02 -5.45978285e-02 -4.93972935e-02 -2.62201112e-02
  4.60702963e-02 -6.43415898e-02 -1.99588612e-02 -1.13322120e-02
 -1.79227367e-02  4.83769588e-02 -2.68968530e-02 -4.68671173e-02
 -5.91725856e-02 -5.70514910e-02 -1.43608276e-03 -7.18334131e-03
 -4.54069898e-02  7.04217181e-02  8.29652138e-03 -1.94114931e-02
  1.41444076e-02 -9.66789946e-03 -8.76628831e-02  4.55398560e-02
  5.77716343e-03  2.60553099e-02  3.40241077e-03  3.11676133e-02
  1.17692135e-01  5.15407696e-02 -1.05393678e-01 -1.01132393e-02
  4.11819816e-02  1.51612004e-02  3.06632183e-02  3.26131321e-02
  8.91556144e-02  8.53883289e-03 -5.76641932e-02  1.34426206e-02
 -4.65632305e-02  1.56835895e-02  3.03005371e-02  1.83215074e-03
 -1.14837126e-03  1.26232371e-01 -2.21915245e-02  6.81361975e-03
 -4.69896151e-03  2.52843089e-02  8.32601637e-02 -1.11251036e-02
  1.23294760e-02  4.27216329e-02  2.92259268e-03 -8.57188925e-02
  3.09381690e-02 -1.43746017e-02  4.75576445e-02 -3.49070169e-02
  4.09930870e-02  4.72145043e-02 -7.07972748e-03  1.88297071e-02]"
46,"When a scaled data is uniformly distributed within a sphere centered at the origin, the eigenvalues of the PCs are:",Equal for all principal components (All Equal).,easy,20,12.860000000000005,"['A. Equal for all principal components (All Equal).', 'B. Varied (Different).', 'C. All equal to zero (All equal to Zero).']",3,37.666666666666664,"[ 5.51378466e-02  3.83613966e-02 -2.95321178e-02 -8.11440945e-02
 -5.22377389e-03 -4.54453081e-02 -3.40156257e-02 -3.07516120e-02
  1.78718828e-02  4.95101102e-02  1.00426935e-01  3.70540693e-02
  1.59889944e-02  1.30024413e-02 -6.93446817e-03 -7.19542131e-02
  5.03580570e-02 -4.19322923e-02 -6.70721382e-02  2.77978070e-02
 -3.33825573e-02  2.30483618e-02 -3.06222234e-02  2.48856992e-02
  8.73808935e-03 -2.34041698e-02  8.57611150e-02 -3.49905528e-02
  3.70535664e-02  1.53835211e-02  5.52159436e-02 -3.97282420e-03
  2.43971609e-02  2.61381589e-04 -3.42320912e-02 -5.70332743e-02
  2.82514859e-02  2.62161661e-02  1.21447565e-02  4.45233472e-02
  1.32514596e-01  1.64854042e-02  1.41715873e-02  6.26164526e-02
  7.63491774e-03 -1.48892188e-02  8.74808617e-03 -5.73114194e-02
 -1.50555894e-02 -1.94861367e-02 -3.63507308e-02 -2.25540251e-02
 -4.98881154e-02 -1.25175179e-03 -7.53559694e-02  9.15316632e-04
  6.61275759e-02 -5.54509908e-02  1.00878023e-01 -6.37747422e-02
  4.65903394e-02 -3.60499434e-02 -3.16876248e-02  7.34936669e-02
  3.33091281e-02 -6.34358302e-02  3.98199372e-02 -3.53256240e-02
 -5.18623069e-02  8.65538884e-03 -1.67583488e-02 -2.89211776e-02
 -6.02188222e-02 -3.12316529e-02  4.28115055e-02  6.10355800e-03
 -1.22584231e-01 -6.61454275e-02  1.81422848e-03 -1.92492958e-02
  6.86017051e-02  5.61792627e-02 -2.84349136e-02 -1.48150595e-02
 -8.88435170e-02 -2.42060255e-02 -4.48160097e-02  4.48927209e-02
  7.18161687e-02 -5.33233210e-02  4.62273173e-02  4.69837189e-02
 -1.01111531e-01 -3.40691879e-02 -6.52452558e-02 -5.96740991e-02
  8.83933716e-03 -4.97662462e-02  1.03214927e-01  1.33230453e-02
  3.14671099e-02 -7.76405632e-02  6.74761906e-02  1.20126761e-01
 -2.48804260e-02 -3.92498262e-02  3.89926620e-02  3.88535298e-02
  1.58711933e-02  7.02934042e-02  8.17717053e-03 -1.28160708e-03
 -6.01387508e-02  2.80368272e-02 -3.60752339e-04 -5.60762361e-02
  4.69273143e-02  9.88932103e-02 -1.89514998e-02 -5.80009446e-02
  1.57971075e-03 -3.38422172e-02 -2.60936990e-02  5.30738719e-02
  2.57557072e-02  8.50558877e-02 -3.56448144e-02 -1.73566590e-33
  4.18756567e-02  1.55447777e-02  2.13871207e-02 -2.51456542e-04
 -2.08977386e-02 -5.07369591e-03  3.05311638e-04 -3.49295400e-02
  6.31783530e-02  2.16545463e-02 -8.88197049e-02  7.24096745e-02
  2.52025239e-02 -1.18730916e-02 -7.86604080e-03  7.82625675e-02
 -3.97852063e-02  6.06751181e-02 -2.72852108e-02  1.04956795e-02
  1.00009806e-01 -3.62314209e-02  4.77703251e-02 -6.57786652e-02
 -8.23298320e-02 -9.77206156e-02 -8.61816332e-02 -1.26875723e-02
 -6.01573177e-02 -2.34252284e-03  7.35525489e-02  1.56571232e-02
 -3.81612103e-03  4.78609763e-02  3.63838710e-02  3.84570137e-02
  1.53621398e-02 -4.14453857e-02 -1.46017419e-02 -8.96919146e-02
  2.30343291e-03 -8.21866779e-05  1.41202305e-02 -1.08856568e-02
 -1.92612177e-03 -2.85802856e-02 -1.80203170e-02  6.09980943e-03
  2.38897167e-02 -8.34352374e-02  4.67545399e-03  2.70818006e-02
 -2.06822548e-02  4.01889682e-02  5.99454455e-02  5.73611036e-02
  8.03205278e-03 -2.07863655e-02 -5.72078256e-03 -3.62806506e-02
 -4.89360699e-03 -1.25028163e-01 -1.94630846e-02 -5.81954904e-02
  1.17458157e-01 -8.94214958e-03 -2.94970423e-02  5.43460995e-02
  7.10507259e-02 -2.04379652e-02  1.16728738e-01  3.91920507e-02
  5.88050000e-02  2.15524826e-02 -3.36109400e-02  1.46261351e-02
 -7.73409531e-02  3.58303823e-02 -4.13228199e-02  3.75992022e-02
 -7.86805004e-02  3.44486609e-02 -1.25123039e-01 -4.21646684e-02
 -2.52477136e-02 -2.42372919e-02 -5.71586899e-02 -4.70284484e-02
  4.94462112e-03 -2.09018737e-02 -7.75814662e-03 -8.06619823e-02
  8.90780997e-04  4.58728708e-02 -7.16440231e-02  2.06957306e-34
 -8.21620449e-02  2.73257568e-02 -1.95470862e-02  8.68368000e-02
  6.74966499e-02 -1.85919851e-02  3.81477438e-02  1.17076404e-01
 -9.69861448e-02  1.58475786e-02 -8.39029104e-02 -3.25555317e-02
 -5.22008259e-03 -2.80652009e-02  5.90518489e-02  5.58855906e-02
  1.25304744e-01 -1.68301933e-03  3.09482706e-03 -1.34866880e-02
  6.36736024e-03 -8.68190005e-02  2.63770465e-02  6.26595616e-02
  6.14502132e-02 -2.89685875e-02  8.76056403e-03 -3.14225368e-02
 -9.11376625e-03  4.66983356e-02 -8.06589127e-02  2.82365754e-02
  1.10675103e-03  4.02668528e-02 -1.41447233e-02  1.10282023e-02
 -2.95265615e-02 -2.70930510e-02 -3.80769558e-02  7.68582746e-02
 -7.93202780e-03  1.06585333e-02 -3.57972011e-02  4.03173221e-03
  4.38577645e-02 -8.34948272e-02  8.52192566e-02  9.06480476e-02
 -3.52869928e-02  9.28475708e-03 -2.35851239e-02  1.79543439e-02
  2.54151262e-02  9.09577981e-02 -3.14936191e-02  1.07189670e-01
 -1.78294815e-02  7.13227317e-02  7.57835135e-02 -4.42712530e-02
 -9.05807987e-02 -9.95089859e-02 -6.49708733e-02  5.68776093e-02
 -2.11114530e-02  7.52106458e-02  4.07294407e-02  4.56988402e-02
  2.53656022e-02  2.33740974e-02  1.55549729e-02 -4.33971807e-02
  1.32418359e-02 -1.08267374e-01 -1.72574967e-02 -1.05365068e-01
  3.75004113e-02 -1.00465745e-01 -1.40835587e-02  2.02951226e-02
  9.82367806e-03 -1.38352579e-02  5.80549687e-02  1.21372513e-01
  6.04709722e-02 -3.22719552e-02  2.98116636e-02 -5.63502572e-02
 -4.18057814e-02  3.16303130e-03  3.55092473e-02  1.62557214e-02
 -4.85563949e-02 -3.86886783e-02  2.29423773e-02 -2.19758771e-08
 -4.09855917e-02 -2.63856146e-02 -3.22153382e-02  8.25674683e-02
  3.14161852e-02  2.42813285e-02  5.30665414e-03 -6.22095838e-02
 -1.79535858e-02  1.99626535e-02  3.42361294e-02 -1.46511793e-01
 -1.65648125e-02 -3.61869782e-02  1.50012393e-02  5.65942787e-02
 -1.60544962e-02  5.41546382e-02  2.70506665e-02 -2.79704016e-03
 -5.33187389e-02  5.31776622e-02  1.17351217e-02  1.31505914e-02
 -6.19813949e-02  7.72836879e-02 -9.77990553e-02 -4.35113125e-02
  5.73035441e-02  2.68286914e-02 -5.61579578e-02  2.95816269e-03
  2.17643827e-02  4.30366695e-02  7.02468306e-03 -1.84201151e-02
  3.98980714e-02  3.90899591e-02  2.59513650e-02  1.51536092e-02
 -4.45783660e-02  6.36280850e-02  8.29014555e-03 -1.37901530e-02
  8.43489990e-02  1.46653503e-01 -5.61772361e-02  9.39791575e-02
 -4.33896482e-03 -2.28921678e-02 -6.64159432e-02 -9.69441421e-03
  9.13478155e-03 -7.26624578e-03  3.16118523e-02 -4.93927710e-02
  2.40231100e-02 -2.21190765e-03  1.29135903e-02  2.33198721e-02
  2.07804311e-02  7.11834198e-03 -5.37335165e-02 -7.86333829e-02]"
47,"The information gain of a categorical variable with itself IG(x,x) is equal to:",Entropy(x),hard,13,12.172307692307694,"['A. Entropy(x)', 'B. 0', 'C. 1', 'D. 0.5']",4,6.75,"[ 5.24145477e-02  5.19809015e-02  2.37802099e-02  2.60664858e-02
 -6.57862239e-03 -2.36733388e-02  1.65253639e-01 -1.45618534e-02
  2.64615752e-02  1.14412082e-03  5.11692651e-02 -1.23956250e-02
  2.55970638e-02 -6.22386076e-02  7.18917623e-02  4.80248481e-02
  1.57902576e-02 -5.32136578e-03 -5.42554967e-02 -2.89008543e-02
  5.28985374e-02  5.32631539e-02  1.17019773e-03 -2.64339056e-02
  3.03232633e-02 -6.21845499e-02 -3.04934960e-02  6.51874989e-02
  1.13468751e-01 -4.46522497e-02 -2.06423104e-02  3.21182646e-02
  2.11078916e-02  4.77160653e-03 -3.20697278e-02  3.29157785e-02
 -1.21591380e-02 -6.43894449e-02  3.49149145e-02  1.24874078e-02
  4.16386165e-02  6.03851397e-03  1.10239819e-01 -1.32395374e-03
 -2.05833130e-02  5.05369268e-02 -9.70214326e-03  3.84149738e-02
 -9.33855325e-02 -1.90480966e-02  1.20306239e-02  4.33561802e-02
  1.49090169e-02 -5.54179586e-02  3.40801552e-02  1.70344990e-02
 -1.10099711e-01 -8.73064715e-03 -4.76958975e-02  5.33875376e-02
 -5.15973121e-02  6.72080964e-02  2.29069497e-02  4.50970754e-02
  4.06329930e-02 -3.33659984e-02  1.88643001e-02  1.99239049e-02
 -2.65345629e-02  3.86092328e-02  5.53164147e-02 -5.96172884e-02
 -1.40940994e-01 -4.92019430e-02  1.30376397e-02 -1.58837084e-02
  9.09311101e-02 -4.98033427e-02  5.47376238e-02  6.25386760e-02
 -7.53705725e-02  5.24743684e-02  5.12032136e-02 -5.99623658e-02
  5.59126539e-03 -1.04929566e-01  4.40196246e-02  6.23084372e-03
 -1.37125626e-02  6.95610121e-02  2.52762431e-04 -6.35087043e-02
 -3.37037407e-02  7.20759705e-02  6.03521951e-02 -2.78893225e-02
  4.08752561e-02 -6.06771819e-02  7.15416810e-03  2.34317407e-02
  2.84437090e-02  2.77673956e-02 -6.16732314e-02  4.09901403e-02
 -4.84198108e-02 -2.25362591e-02 -6.72301231e-03  6.21846355e-02
 -4.65803146e-02  4.32936549e-02 -8.37903321e-02 -6.60521537e-02
 -2.03839447e-02 -4.94396128e-03 -6.70742914e-02  8.08964819e-02
 -1.77058112e-02  1.34124994e-01  7.15874555e-03 -1.12316288e-01
  4.00153063e-02 -4.66192104e-02 -6.15781220e-03  7.04681799e-02
 -1.19312756e-01 -8.76443088e-02 -1.76633447e-02 -3.97883973e-33
 -1.41616359e-01  1.28510743e-02  1.95660461e-02 -3.74772288e-02
 -7.04245418e-02  1.96715835e-02 -2.27725282e-02 -6.55464977e-02
 -3.23753916e-02  6.31298050e-02 -1.11711472e-01  7.98878297e-02
 -9.13129821e-02  8.47007334e-03 -2.78959516e-02  4.86300737e-02
 -3.77087295e-02  9.47589502e-02 -4.63347230e-03  3.52293327e-02
  1.08150490e-01  5.14361933e-02 -2.80836318e-02 -2.16078665e-02
  5.61255664e-02  6.11877861e-03 -6.78442325e-03 -4.54241484e-02
 -9.09258053e-02 -4.14558500e-03 -3.79295857e-03 -2.91082505e-02
  1.27781536e-02 -8.92746300e-02  4.07717889e-03 -2.37641707e-02
  3.74051295e-02 -2.69712284e-02  1.81779899e-02  6.87571242e-02
  6.23623282e-02  1.45682972e-02  3.20542902e-02 -8.41168761e-02
 -6.76797470e-04  2.53979173e-02  4.50549126e-02 -4.81865853e-02
 -5.29693738e-02 -1.48665681e-02 -1.70601755e-02 -3.06734405e-02
 -2.77748648e-02 -2.13107504e-02  1.92300193e-02  5.21485060e-02
 -2.63307113e-02  8.53332877e-02 -5.55914231e-02  8.52845088e-02
 -7.86617845e-02  4.53794301e-02  1.05634712e-01 -3.93254235e-02
 -2.33725160e-02  1.31677222e-02 -1.95664987e-02 -1.14050061e-01
  1.13067783e-01  1.97532009e-02 -2.35991925e-02  6.50604162e-03
  1.24197667e-02 -3.83681357e-02  8.62511843e-02 -8.08218308e-03
 -1.09451637e-01 -3.81841175e-02 -5.47797838e-03  4.35276330e-02
  3.41981836e-02  1.31861800e-02  2.91017927e-02 -1.98231358e-02
 -4.33215592e-03 -1.02804578e-03  1.84146129e-02 -6.27610981e-02
 -2.89498568e-02  6.64638355e-02 -4.96775992e-02  5.33904769e-02
 -3.28163132e-02 -6.35681376e-02 -1.93642695e-02 -7.21730205e-34
 -1.15439788e-01 -9.70009621e-03 -2.86366679e-02 -1.32969124e-02
 -4.57490981e-02  1.60632934e-02  5.81891537e-02 -3.69489826e-02
  1.78640299e-02  3.34064513e-02 -3.97452638e-02  2.40219161e-02
 -8.77202153e-02 -2.54597869e-02  1.03626447e-02  5.47897331e-02
 -1.80469528e-02  2.18784809e-02 -8.83517638e-02  4.61178645e-02
 -1.45681668e-02  7.52757490e-02 -3.08312923e-02  1.08200768e-02
  2.43386906e-03  3.62147752e-04 -2.09893938e-02  9.80559066e-02
  7.06436038e-02  2.71045435e-02 -2.12977119e-02 -3.79113965e-02
 -8.78497735e-02  3.08899325e-03  2.04018485e-02 -2.29017641e-02
  3.17188352e-02 -3.67168076e-02 -9.36343744e-02  8.25541466e-02
  1.03966510e-02  6.20278195e-02  3.83671047e-03  4.63226251e-02
  4.62639555e-02 -3.82334404e-02  7.85557479e-02  2.73537077e-02
  4.32738438e-02 -3.58519144e-02  3.47483568e-02 -3.48105282e-02
 -8.80548824e-03  2.64077596e-02 -6.49760067e-02  3.58944051e-02
  1.34448707e-02 -6.76949769e-02 -2.22711749e-02  9.03162509e-02
 -1.38107883e-02  1.89231038e-02 -4.79356572e-02 -7.08796084e-03
  1.62575506e-02 -8.57092887e-02  3.24069634e-02 -1.18984774e-01
  4.66820262e-02 -1.10663146e-01  1.13410905e-01 -3.95602733e-02
 -3.35584581e-02 -3.67492400e-02 -1.26091111e-02  7.94829875e-02
 -4.68826387e-03  5.10519668e-02  1.12944227e-02 -2.24783644e-02
  5.08834794e-03  2.30651628e-02  9.58521739e-02  1.83394644e-02
  3.29326726e-02 -2.10115351e-02  2.92756967e-02  1.07831039e-01
  1.92572046e-02 -1.15482286e-02 -1.52304759e-02  4.63470966e-02
 -4.61202152e-02 -2.89733261e-02 -5.59309795e-02 -2.50796308e-08
 -3.54929157e-02 -4.63764891e-02 -6.64652288e-02  1.24934847e-02
  3.01623605e-02  1.66561790e-02 -1.68097951e-02 -7.41316974e-02
  1.89493448e-02 -2.73964205e-03  9.25780460e-03  1.66688748e-02
 -1.23634515e-02  2.02015834e-03  5.42347170e-02 -3.49884070e-02
 -6.00983389e-03 -4.20806110e-02  2.26709686e-04 -5.46008069e-03
  3.87480967e-02 -9.56900716e-02 -7.36157373e-02 -1.16267100e-01
 -1.07597215e-02 -6.96133077e-02  2.07816064e-02  3.77245434e-02
  5.12257703e-02  9.69971046e-02  3.80714349e-02 -1.77397311e-03
 -1.96362287e-02  9.31659713e-02  1.58650801e-02 -2.58891638e-02
  2.52374858e-02 -5.87944835e-02  4.71682660e-02 -2.61378533e-04
  1.10932172e-03 -6.08384907e-02  6.50672689e-02  2.51954049e-02
 -3.26073430e-02  8.13313052e-02  1.98465846e-02 -6.90093860e-02
 -1.15736378e-02 -2.53752689e-03  1.91612728e-02 -1.24979606e-02
 -8.28845203e-02 -3.84726301e-02  5.66141075e-03 -3.03803682e-02
 -2.82589309e-02  4.37192759e-03  1.56715512e-02 -5.79813235e-02
  1.37906568e-02 -5.19584585e-03 -2.35830490e-02 -6.33946806e-02]"
48,The maximum value of entropy for a categorical variable with n categories is:,log2(n),easy,13,14.895384615384618,"['A. 1', 'B. n', 'C. log2(n)', 'D. 1/(n-1)']",4,7.0,"[ 9.75652412e-02  1.27335684e-02 -1.06800832e-02 -3.43750454e-02
 -8.04376304e-02  2.70539746e-02  2.22837497e-02 -1.24283936e-02
  4.17672619e-02 -2.54756119e-02 -4.17594202e-02 -1.84101239e-02
 -6.32931590e-02  2.70730108e-02  2.08140407e-02  5.70155121e-02
  6.24939650e-02  1.08575812e-02 -4.34627980e-02 -2.32542176e-02
  5.60244434e-02  1.18391393e-02  2.15888638e-02  2.11030114e-02
 -2.89533883e-02 -1.04519181e-01 -3.42618972e-02  5.49250655e-02
  2.80244015e-02 -7.64901144e-03 -8.07554424e-02  3.10578775e-02
  6.23114891e-02  9.60572138e-02 -5.99157065e-03  1.98488850e-02
 -6.94544315e-02 -7.27988631e-02  2.79364432e-03  8.04498494e-02
 -9.61585045e-02  6.35901541e-02  4.97641414e-02  3.84875014e-02
  2.95404550e-02  1.01584725e-01 -4.38577011e-02 -1.87602229e-02
  1.33953700e-02  1.52782258e-02  3.47025506e-02  7.67342597e-02
  5.56555279e-02  3.20908837e-02  2.83414777e-02 -2.74678897e-02
 -6.56945556e-02 -8.76828507e-02 -6.33544475e-02 -2.16988195e-02
 -2.79162247e-02  1.07507788e-01 -1.98468454e-02  7.43930461e-03
  4.62283827e-02 -5.37292808e-02 -1.94208976e-02 -1.40172953e-03
 -2.39688512e-02  8.20977762e-02 -4.05825078e-02 -6.81264997e-02
 -9.18163136e-02 -3.59533392e-02  7.29216635e-02 -4.14316617e-02
  4.40707654e-02 -5.46768121e-02 -2.75438689e-02 -2.50501223e-02
 -2.23376881e-02  5.80645651e-02  7.80550167e-02 -1.15436716e-02
  1.57625917e-02 -8.24482143e-02 -4.33371961e-02  6.69692233e-02
  8.28977004e-02  9.75314230e-02 -8.49344581e-02 -2.49420535e-02
  7.91787729e-02  5.76815531e-02  2.15604529e-02  1.76041629e-02
 -2.44310256e-02 -1.33406008e-02  7.52352923e-02 -8.89731199e-03
 -2.97627859e-02 -8.19040313e-02 -1.80168413e-02 -2.12675575e-02
 -6.32839091e-03 -3.89336571e-02  5.95584437e-02  3.20772491e-02
  7.38196215e-03  1.13197807e-02  2.98265237e-02  4.00653994e-03
 -1.75564718e-02 -2.51170564e-02 -2.63949074e-02  1.41223129e-02
 -3.54918279e-02  1.20422669e-01  2.08584052e-02 -2.60617025e-02
  4.28674445e-02 -8.63263104e-03 -2.15204321e-02 -2.81768292e-03
 -4.82153147e-02 -2.87064724e-02  3.25476676e-02 -3.22538568e-33
  2.60793734e-02 -6.87209666e-02  4.49212827e-02 -4.93514650e-02
  4.89914184e-03  1.08017124e-01 -2.91136112e-02 -5.59797660e-02
  8.24842975e-03  5.11998311e-02 -9.93350968e-02  8.78566504e-02
 -5.83408140e-02  1.91846453e-02  2.33938657e-02 -7.09111104e-03
 -4.83608358e-02  7.20063299e-02 -5.93481064e-02 -2.26675663e-02
  2.31449492e-02  1.89869851e-02 -8.39359034e-03 -3.09870541e-02
 -1.96223669e-02 -4.65541705e-03 -1.86421871e-02 -3.10340691e-02
 -1.27619933e-02  1.05087841e-02 -5.06041832e-02 -2.78022327e-02
  3.53248082e-02 -1.87030379e-02 -1.39611331e-03 -1.09741520e-02
  3.99344191e-02  9.06103924e-02  5.99895930e-03  1.22544179e-02
  4.23210636e-02  4.14632112e-02  4.25058678e-02 -4.41346131e-02
  2.52036552e-04  9.10553187e-02  6.56176060e-02  3.13959084e-02
 -2.23214813e-02  4.02195081e-02 -1.94762740e-02 -6.63521290e-02
  1.53056858e-02  1.36228427e-02 -1.15878303e-02  6.20258413e-03
  3.32182855e-03  3.30403354e-03 -5.21282405e-02  4.77152355e-02
 -9.33351964e-02  2.09337436e-02  1.57094583e-01 -4.73975167e-02
  5.71917966e-02 -1.76102370e-02 -1.89188328e-02 -1.17505640e-02
  1.35157347e-01 -1.45774120e-02 -2.67505739e-02 -1.54034914e-02
  9.95389652e-03 -3.93838771e-02 -3.90958413e-02 -1.15217399e-02
  2.72959122e-03  3.78554664e-03 -8.04332495e-02  8.59740078e-02
 -9.22817513e-02  2.67124828e-02  4.56077456e-02 -7.42996857e-02
 -2.58003976e-02  5.06862514e-02 -8.31838176e-02 -9.01242159e-03
 -9.92883444e-02  8.31065178e-02 -4.77611832e-02  1.52245909e-02
  8.99906009e-02 -2.25119889e-02  2.44926084e-02 -5.64333486e-34
 -8.06528702e-02 -8.86349827e-02  2.49625333e-02 -2.92669749e-03
 -1.21439047e-01 -1.61812808e-02 -1.91023238e-02  3.63204069e-02
 -8.29067603e-02  1.07227704e-02  1.51570980e-02  3.45195122e-02
  4.95912693e-02  9.47069668e-04  6.01961091e-03  2.53345948e-02
 -1.30828217e-01  1.37636557e-01 -3.57137411e-04  6.23378262e-04
 -1.19961603e-02  1.45390525e-01 -1.26912862e-01  1.38335496e-01
 -7.28646014e-03  1.42338593e-02 -3.46425548e-02 -8.09993222e-03
  3.31901275e-02 -3.61178629e-02 -3.01819500e-02 -6.45644814e-02
 -7.55424649e-02  4.33103219e-02  1.88223440e-02 -3.99331897e-02
  1.71484798e-02 -2.25171093e-02 -7.87302479e-02  7.04659820e-02
  3.52372937e-02  2.17883978e-02 -4.94452640e-02  2.62823422e-02
  6.75763264e-02 -4.24422771e-02 -1.63112208e-02 -9.59497690e-02
  1.02117889e-01  2.78505199e-02  2.61357171e-03 -1.43466309e-01
  4.85158451e-02  2.95229368e-02  1.44481156e-02  6.74658688e-03
 -1.08020641e-01 -1.76470019e-02  5.06542884e-02  4.52013640e-03
  1.54064996e-02  2.73103323e-02  6.99201738e-03  7.23800585e-02
 -5.69087751e-02 -5.30664660e-02 -2.64254902e-02 -2.14688312e-02
  5.18339053e-02 -6.27255300e-03  3.59509722e-03  9.99372303e-02
  1.99022237e-02  5.98014519e-02 -3.03953551e-02  6.71060104e-03
  2.49054134e-02  4.91287978e-03 -1.30424332e-02  3.94072905e-02
 -5.80766611e-02  1.13248751e-02  3.38267721e-02  3.50655504e-02
  6.92418963e-03 -1.18274704e-01  7.93405101e-02  2.23708767e-02
  2.42136288e-02  4.23115529e-02 -2.55007334e-02 -3.98330502e-02
  4.54127751e-02 -4.29387717e-03 -1.02771141e-01 -1.78175217e-08
  4.34753224e-02 -1.73506443e-03 -6.77666441e-02 -7.41902664e-02
  5.92085458e-02  4.29446585e-02  1.98394824e-02  2.73475479e-02
 -2.86565926e-02  2.30998527e-02  4.83765267e-02  1.15708075e-01
 -7.52315596e-02  7.97850341e-02 -2.13563014e-02 -4.66676988e-02
 -1.70406159e-02 -7.02534977e-04  4.61176075e-02 -4.07620100e-04
  4.59999703e-02 -2.85451598e-02 -7.53376558e-02 -3.48405391e-02
  1.07498432e-03 -1.58897527e-02  1.31860087e-02  4.67154719e-02
  2.89863776e-02 -7.42007140e-03 -2.70332135e-02 -3.23664322e-02
 -1.84662491e-02  3.62264551e-03 -5.12880534e-02  2.49976907e-02
 -5.85044883e-02 -6.36231676e-02 -2.66324207e-02 -4.05118391e-02
  6.48616115e-03 -7.73486570e-02  7.40893707e-02 -5.60982488e-02
 -6.07347488e-02 -3.37692536e-03 -1.83373764e-02  4.07326557e-02
 -1.37188509e-02  4.73762378e-02 -9.70811490e-03  6.72807219e-03
 -5.64844385e-02 -2.18739342e-02 -1.80605380e-03 -2.70900391e-02
 -6.65454641e-02  6.48182184e-02 -3.13640386e-02 -3.41718085e-02
  2.17496436e-02 -2.04769336e-02 -2.68599298e-02 -2.84982994e-02]"
49,How many trained models are required to select the initial attribute in forward selection when there are 100 original attributes?,100,hard,20,14.040000000000004,"['A. 1', 'B. 50', 'C. 100', 'D. 1000']",4,5.5,"[ 1.25504574e-02 -4.82901968e-02  3.45274433e-02  3.26785296e-02
  4.57158200e-02  7.37227425e-02 -1.14220101e-02 -1.26106152e-02
  2.15737894e-02  9.53393988e-04  4.12576012e-02 -4.49384898e-02
  2.05858350e-02 -3.31395864e-02 -5.87934405e-02  7.41762072e-02
  2.77838763e-02 -5.00520170e-02  9.89828631e-03 -1.58520881e-02
 -5.76571897e-02  2.53984681e-03  3.62761281e-02 -4.97202426e-02
 -4.81567644e-02 -7.23365620e-02  2.81959120e-02  2.27263517e-04
  3.18490639e-02 -4.66134287e-02 -5.38050756e-02 -1.78321749e-02
  1.24126542e-02  8.04978311e-02 -8.88682678e-02 -3.38801704e-02
 -6.38003349e-02  2.32832897e-02  1.91099558e-03  8.44066292e-02
  7.13396519e-02 -3.05118915e-02  1.15534756e-02 -3.54869962e-02
  1.49442062e-01  2.77936570e-02 -8.56298022e-04  7.57341087e-02
  6.29155785e-02  6.36597071e-03 -5.28357737e-03  2.07555313e-02
 -2.83818711e-02  8.51481482e-02  1.92973262e-03 -6.49566427e-02
 -1.87517405e-02 -5.87405637e-02 -1.08797342e-01  1.32970735e-02
 -3.28195058e-02 -3.91759351e-02 -7.61250481e-02 -5.81060350e-02
  3.94370072e-02  5.19180717e-03 -9.57342535e-02 -6.08798303e-02
 -4.85088443e-03  3.20414491e-02  3.96423638e-02  1.19481981e-02
 -7.19178328e-03  9.19861440e-03  5.01822010e-02  3.96923535e-02
  3.55486609e-02  8.08459297e-02 -3.79992602e-03 -1.07323803e-01
 -5.41331209e-02 -8.94727092e-03 -2.03899387e-02 -3.28897908e-02
  2.30968017e-02 -1.13507099e-02 -4.69127223e-02  5.56443371e-02
  3.76768084e-03  2.97703780e-02 -1.20095359e-02 -4.81375530e-02
  2.83309668e-02  3.78902517e-02  2.73260213e-02  1.03944004e-01
 -3.48002976e-03  2.82253465e-03  1.04605565e-02 -5.68077378e-02
 -3.88682187e-02 -5.58170006e-02  1.19441442e-01  6.83036596e-02
 -6.86522797e-02 -7.20481798e-02  4.67271842e-02  1.02579240e-02
  6.52064453e-04 -2.55493037e-02  1.95798129e-02 -9.29248985e-04
  4.10372838e-02  1.58667017e-03  6.05841838e-02  1.91349201e-02
 -3.63773713e-03  3.53646204e-02  5.25493845e-02 -1.05045214e-02
 -1.92618761e-02  4.42742649e-03  1.14625089e-01 -2.89992876e-02
 -4.07458507e-02 -9.11594108e-02 -4.67390046e-02 -2.54187613e-33
  5.56996576e-02  4.32820898e-03 -3.85193434e-03  3.86532508e-02
 -4.08484861e-02  2.73380261e-02  4.52829190e-02  3.36401872e-02
  5.97430021e-02 -3.92679963e-03 -8.14957544e-02 -1.64667536e-02
  6.42192923e-03  3.85831781e-02  3.71671021e-02 -1.63912158e-02
  9.89941787e-03  9.50048193e-02 -6.71518818e-02 -4.34894860e-02
  6.03802912e-02  4.81476113e-02 -1.80333480e-02 -4.51703407e-02
 -3.33525911e-02  1.24418855e-01 -1.74247846e-02  2.33773515e-02
 -9.67826992e-02  2.82631088e-02 -3.12211700e-02  3.79851274e-02
  2.21768138e-03 -2.39993799e-02 -8.95540137e-03  7.98503384e-02
  7.21915253e-03 -4.21574945e-03  1.12498477e-01 -5.20397089e-02
  2.66633481e-02  3.13175656e-02  9.00231069e-04 -2.69932467e-02
 -8.79924744e-02 -2.78184153e-02 -7.45862862e-03  3.36216874e-02
 -8.56723413e-02  1.04140021e-01  5.83416177e-03  1.98880266e-02
 -8.97052586e-02 -3.95044945e-02 -7.91555420e-02  4.57534986e-03
 -3.44624445e-02  3.63033749e-02 -9.08934046e-03  3.14801373e-02
  3.84095050e-02  3.66521254e-02 -5.70929274e-02  3.84826735e-02
  5.35351876e-03  3.28292511e-02  1.40036345e-02 -3.16847526e-02
  6.48461729e-02  1.06973089e-02 -3.42602842e-03 -2.51618363e-02
 -7.16126487e-02 -1.00294098e-01  3.74369435e-02 -5.87734655e-02
  1.08648524e-01 -5.73774762e-02  6.74957559e-02  2.15382148e-02
 -1.32830933e-01  9.62383673e-02 -1.50713220e-01  3.71228047e-02
  3.89820077e-02  4.82019857e-02  2.43387055e-02 -3.45592871e-02
 -4.29987982e-02 -2.43720114e-02  8.85769576e-02  1.05920359e-02
 -1.84824951e-02 -2.27007382e-02 -1.46464044e-02  1.62773862e-33
  5.91311119e-02  1.77456567e-03  2.73056459e-02  3.86286490e-02
  3.51029709e-02 -9.18094069e-02  5.32369763e-02  1.28518373e-01
  3.23056914e-02 -1.73147395e-02  6.44624904e-02 -8.67793243e-03
  8.79953504e-02 -5.55664189e-02 -1.40903518e-02  8.01581070e-02
 -3.72464508e-02 -4.43291441e-02  2.89426353e-02  2.37755459e-02
  1.27201509e-02 -1.66423537e-03 -3.43999602e-02  2.05673166e-02
  5.44425240e-03  5.06675616e-02  2.98286155e-02  3.01885828e-02
 -1.46693969e-02 -7.09634200e-02 -4.81847897e-02 -1.51919862e-02
 -1.93111300e-02  6.48274496e-02 -8.25321302e-02 -1.32741723e-02
 -2.86531262e-02  5.66685572e-02  1.01429254e-01  1.89104170e-01
  1.12513937e-01 -6.11151159e-02 -9.75299776e-02  8.68818909e-02
 -1.51034668e-02 -5.05951419e-02 -1.55488001e-02 -5.91923669e-02
 -1.00766383e-02 -5.93386181e-02  1.97506323e-03 -9.34313890e-03
 -2.77548227e-02 -1.47200590e-02 -8.51208046e-02  1.49878506e-02
  4.56940867e-02  6.27848879e-02  6.25187010e-02  2.36029434e-03
 -2.95194164e-02  5.14107198e-02  3.77635807e-02  4.77145165e-02
 -4.06511575e-02 -5.05199749e-03  1.55075639e-02  5.23644462e-02
 -6.80131540e-02 -7.73260072e-02  2.44012140e-02  5.90959042e-02
  3.35179642e-02 -3.59329954e-02 -5.28762005e-02 -3.69142219e-02
 -5.09693585e-02  1.44590307e-02  2.62914989e-02 -3.36392522e-02
 -1.17474422e-01 -7.51133356e-03 -3.22251879e-02  3.04603521e-02
  6.48309812e-02 -1.82909705e-02  6.31187633e-02  1.54658128e-02
 -1.47235608e-02 -3.55248116e-02  7.44131301e-03  1.08869206e-02
  1.21866219e-01 -2.62509077e-03 -8.16702098e-02 -2.00998489e-08
 -1.41312465e-01  5.90619482e-02  1.62906647e-02  5.73951863e-02
  5.52419908e-02  4.79233041e-02 -6.47831634e-02  1.08077146e-01
 -6.49612769e-02 -1.61824115e-02  7.31472224e-02  6.37963861e-02
  4.87084653e-05  6.54842481e-02 -1.18771298e-02 -2.30686762e-03
 -1.25128357e-02  1.07296212e-02 -3.46394852e-02  1.27798384e-02
  5.51397763e-02  1.32814394e-02 -2.55572777e-02 -1.48570938e-02
  7.18767792e-02 -4.80705835e-02 -4.25736792e-02 -3.04099787e-02
  9.44964960e-03 -9.19460505e-03  7.19200773e-03 -3.01441900e-03
 -2.34871302e-02  3.17347385e-02  1.54767036e-02  4.60930467e-02
 -4.94248606e-02 -8.28087851e-02 -4.69808243e-02 -5.73268086e-02
 -1.07958894e-02 -1.72631759e-02 -3.86169255e-02 -3.91501933e-02
 -1.00344438e-02 -9.94102377e-03 -1.07991889e-01 -8.38055536e-02
  6.43392233e-03 -6.46595433e-02  2.12961342e-02 -4.71058488e-02
 -4.30068411e-02  4.83527035e-03 -1.78797112e-03  2.53941230e-02
  1.90673359e-02  6.16218289e-03 -2.07396760e-03 -2.00849473e-02
  3.99412774e-03  1.02193253e-02 -1.49162821e-02  2.49699112e-02]"
50,What feature selection technique is capable of identifying intricate relationships and interactions among features when employed as predictors?,Wrapper methods.,easy,18,18.307777777777783,"['A. Wrapper methods.', 'B. Filter methods.', 'C. Unsupervised feature selection.']",3,23.666666666666668,"[-1.31536853e-02 -1.54212490e-02  2.94477101e-02  3.96097638e-02
  7.50958249e-02  1.66490246e-02 -4.12774272e-02 -6.18745908e-02
 -4.45500389e-02 -5.62829338e-02 -4.76146974e-02 -1.78232063e-02
 -2.23826766e-02  6.36033639e-02 -1.64246466e-02  8.35132971e-02
  1.97371654e-02  1.65288448e-02 -9.96286049e-03 -4.76320721e-02
 -2.26127058e-02 -2.68584583e-02 -1.91853214e-02  2.49846522e-02
  3.68005633e-02  4.25241888e-03  8.86664912e-02  5.54961674e-02
 -3.18376645e-02 -2.59952452e-02  1.11467335e-02  9.03896838e-02
  1.33193024e-02 -4.31473032e-02 -8.19755718e-02  6.25907108e-02
  6.22806512e-03  3.77867706e-02 -3.27126868e-02 -7.36054480e-02
 -2.09388491e-02 -3.81351896e-02  3.11061610e-02  2.34051812e-02
  1.14186317e-01  3.09381038e-02 -6.46144003e-02  3.03653274e-02
 -2.67837942e-02  4.38887114e-03 -1.24270469e-01  1.90637987e-02
 -2.00167689e-02  2.91257855e-02 -2.75215469e-02 -1.40753314e-02
  2.60856636e-02 -4.01395708e-02  3.79290096e-02 -2.30010296e-03
  4.57534865e-02 -2.73313117e-03 -4.10542972e-02  4.01757248e-02
  4.92724180e-02  4.68510613e-02  1.01966495e-02  3.01932287e-03
 -8.79305881e-03 -4.19363193e-02 -3.02397832e-02  1.97210442e-03
 -7.61857331e-02  3.71723659e-02  1.17335878e-02  7.13083223e-02
  1.69441290e-02 -5.18933218e-03  1.81809571e-02 -6.25324175e-02
 -6.52802885e-02  7.14135617e-02 -6.33578794e-03  7.43359933e-03
  7.24186972e-02  2.60238927e-02 -3.59534919e-02 -6.16718568e-02
 -3.48869413e-02  7.44669884e-02 -9.09391977e-03 -1.00378431e-01
  1.32750664e-02 -1.17627256e-01 -6.30892441e-02  4.79590930e-02
  3.01135029e-03 -9.23791155e-02  2.44126394e-02  2.18947642e-02
 -4.97863106e-02 -5.30745983e-02  4.52228896e-02 -2.40009986e-02
  2.47681439e-02 -3.59305888e-02  1.66114159e-02 -3.36949900e-02
  7.17721730e-02 -3.40149663e-02 -4.34516482e-02 -6.71277568e-02
 -4.78594080e-02  8.92492943e-03  5.68785444e-02  3.82019542e-02
  1.03352098e-02  3.30843553e-02  6.21892586e-02  6.41322955e-02
  2.59431992e-02 -5.44227771e-02  4.42848681e-03 -6.80928724e-03
 -1.55790662e-02  5.64812943e-02 -1.25501648e-01  4.08995811e-34
  6.26290916e-03 -8.22983757e-02 -2.86304541e-02  7.59408996e-02
 -5.84344007e-02 -6.01159856e-02 -7.38336444e-02  2.28714962e-02
  3.76596376e-02  7.94366002e-02 -4.41618860e-02  4.85453084e-02
  2.73660738e-02  8.31558853e-02  4.58836108e-02 -3.24872276e-03
 -8.89113769e-02  1.08424157e-01 -6.99605420e-02 -5.60038127e-02
 -3.57946828e-02  1.12971002e-02 -3.19250003e-02 -5.69967255e-02
 -2.31815912e-02 -3.16281384e-03 -2.60102469e-02 -3.21381092e-02
  1.04503818e-02  4.86589922e-03  1.63124297e-02  5.24294153e-02
 -1.86599698e-02  5.57988230e-03  8.13650433e-03  5.16887456e-02
 -3.31567936e-02 -1.12062946e-01  5.61845414e-02  8.69289711e-02
 -2.46277228e-02 -9.60319191e-02 -6.32179156e-02  1.45428267e-03
  1.22184157e-02  1.21579133e-01 -4.50197086e-02 -4.50358801e-02
 -1.34662360e-01  4.42208610e-02  1.85183398e-02 -1.09953210e-02
 -2.44791266e-02 -8.14415235e-03 -4.28810418e-02  3.79297771e-02
 -2.73091793e-02 -3.82193476e-02  1.63830875e-04  5.79755940e-02
 -3.56161967e-02  6.10009097e-02 -3.33412327e-02 -6.60865977e-02
  6.31245552e-03 -1.96992699e-03  3.19963619e-02  1.79454517e-02
  2.93926168e-02 -1.13278376e-02 -4.07692753e-02  1.92410834e-02
 -6.71822624e-03 -8.40321556e-02 -3.18148322e-02 -4.96037398e-03
  5.83257191e-02 -2.35330197e-03  3.15717049e-02  8.09965190e-03
 -9.83594581e-02 -1.27657689e-02  6.38052300e-02 -2.00094059e-02
 -5.55474088e-02  3.24294828e-02  1.72750372e-02 -4.61583510e-02
 -4.88215275e-02  1.58697972e-03 -3.06812916e-02  9.91777778e-02
  2.67176256e-02  2.95569189e-02  8.80882367e-02 -1.82203094e-33
  1.47863096e-02 -8.04490037e-03  1.29568383e-01 -1.69352219e-02
  6.58185128e-03 -7.18883425e-02 -5.32513782e-02 -6.76741004e-02
  3.89392450e-02 -8.66161808e-02  3.04788183e-02 -2.43774485e-02
  6.25174046e-02 -2.79823877e-02  2.05424521e-02  7.45277926e-02
 -5.63783981e-02 -3.08315009e-02  7.64973685e-02  1.10735565e-01
 -2.09968607e-03 -1.35506699e-02  6.02985360e-03  1.06923943e-02
 -5.64287305e-02 -1.79186221e-02  2.30485965e-02 -1.14722446e-01
 -1.47441998e-02  2.78988387e-03 -9.84065607e-02  4.42934409e-02
 -2.03944948e-02  2.00579297e-02  9.18075535e-03  3.06402557e-02
 -3.42088677e-02 -3.24876606e-02  5.26375063e-02  5.38361073e-03
  2.17009019e-02  8.97498578e-02 -5.29050827e-02  2.14813296e-02
 -1.20978095e-02 -5.69101013e-02 -3.79230976e-02  7.17385337e-02
  7.77467489e-02  2.58943699e-02  2.52111759e-02  7.62839196e-03
 -5.65065667e-02 -2.87307929e-02 -5.54650240e-02  6.57413304e-02
  1.22667678e-01 -7.82794878e-03  5.15267290e-02  5.72415479e-02
 -3.16926017e-02  5.49016893e-03  7.25126639e-02  5.09675518e-02
  8.42935964e-02 -2.53142938e-02  4.06426005e-02  3.77871543e-02
 -6.11742735e-02 -1.44112632e-02  1.89949721e-02 -2.57183574e-02
  8.18963647e-02 -6.82824850e-03  1.87846608e-02 -1.20173007e-01
 -1.16077624e-03 -9.36655626e-02 -3.77580784e-02  1.53488722e-02
  2.26903632e-02  3.81532800e-03  5.47889210e-02  1.43717974e-02
 -6.03296794e-02  1.40038162e-01 -7.44096190e-02  5.11408411e-02
  5.65295853e-02 -8.18780214e-02 -2.95104403e-02  5.35146892e-02
 -3.73887718e-02  1.71698723e-02  2.25311499e-02 -2.30591208e-08
  1.26615632e-04 -5.27067706e-02  3.37831639e-02 -5.09891920e-02
  5.18384464e-02 -3.30010578e-02  2.15779338e-03  1.25607207e-01
 -3.63489799e-02  5.64992577e-02 -2.06284914e-02  6.66198581e-02
 -5.32262847e-02  4.66255657e-02  1.19743921e-01 -2.46720556e-02
  1.94618888e-02  1.28432950e-02 -6.63035512e-02  1.77805533e-03
  9.23587456e-02 -5.81739172e-02  7.41373450e-02  2.82630175e-02
  5.90380542e-02 -6.67412579e-02 -4.91252877e-02  4.29132879e-02
  7.74211213e-02  1.00789197e-01 -5.00040203e-02 -1.81202516e-02
 -2.48560477e-02 -7.06748292e-02  1.13000669e-01  8.80899206e-02
  2.02956907e-02 -7.81429783e-02 -6.04529902e-02  1.27780549e-02
 -4.19084243e-02  3.50445881e-02 -4.14983295e-02 -1.08496957e-02
  9.52100288e-03  3.22242919e-03  7.78917670e-02 -8.05313960e-02
  1.42656034e-02  2.49382965e-02 -4.13745344e-02 -4.39726450e-02
  2.46138368e-02 -1.53973047e-02  1.14093432e-02  4.62225713e-02
 -4.16222811e-02  4.59864996e-02  7.66090155e-02 -4.58122864e-02
  2.45998446e-02  2.77869087e-02  3.11367456e-02 -1.12714311e-02]"
51,What feature selection method would be most suitable for a high-dimensional dataset with millions of features?,Filter method.,easy,16,11.3,"['A. Wrapper method.', 'B. Filter method.', 'C. Backward elimination.']",3,19.666666666666668,"[ 4.01472524e-02 -1.77325141e-02  6.38966933e-02 -4.27529141e-02
  6.84353560e-02  3.98683921e-02 -3.57508101e-02 -1.96909104e-02
 -3.23114768e-02 -7.43649295e-03  1.33117931e-02  1.22278696e-02
 -5.43417931e-02  6.78893924e-03 -4.55347076e-03  7.61766061e-02
  6.70602769e-02  1.48652587e-02  4.04795147e-02 -2.78044045e-02
 -1.37297744e-02  1.63920932e-02 -3.23972926e-02  1.66577492e-02
  2.15052329e-02 -3.72763798e-02  1.18716069e-01  1.03030223e-02
 -5.55046313e-02 -1.46823563e-02  8.94346833e-03  9.85514447e-02
 -1.68673806e-02 -3.56903151e-02 -1.04607932e-01  1.01512238e-01
 -3.30298282e-02 -2.21712552e-02 -3.21333483e-02 -2.96258759e-02
  2.10065022e-02  6.96884061e-04 -1.72918458e-02  4.22239229e-02
  1.31256774e-01  4.18615006e-02 -1.75807420e-02  9.00679547e-03
  6.91012591e-02 -6.53285021e-03 -5.55941463e-02  1.43104224e-02
 -4.75304201e-02  3.61107476e-02  1.52994487e-02 -1.52733177e-01
 -4.01553290e-04 -5.91478907e-02  5.88525869e-02 -3.17974240e-02
  2.59801671e-02 -8.36654007e-03 -1.97263472e-02 -1.91035513e-02
  2.99305134e-02  1.60929710e-02  3.06941792e-02 -3.38164382e-02
  2.02430189e-02 -3.71261537e-02 -2.31260788e-02  6.68848008e-02
 -3.76000218e-02  1.03938289e-01 -3.48316953e-02 -8.52091797e-03
  4.62499671e-02 -8.34050681e-03  3.15884650e-02  1.62769407e-02
 -2.03932971e-02  9.00150314e-02  1.40831675e-02  1.13043208e-02
  9.06649083e-02  3.06067970e-02 -8.22254121e-02 -3.04995803e-04
 -8.65736678e-02  1.97374504e-02  1.40117612e-02 -9.13047418e-03
  8.21484700e-02 -1.03176661e-01 -1.06105074e-01  8.13996270e-02
 -1.66750439e-02 -5.63729629e-02  4.04993370e-02 -1.29568763e-02
  7.07224617e-03 -5.62493615e-02  5.22673316e-02  7.11518452e-02
  3.69184762e-02 -4.24250476e-02  6.07920662e-02  2.05249842e-02
  7.57657811e-02 -5.75064830e-02 -1.00376215e-02 -6.86022490e-02
 -6.01293892e-02  6.23833248e-03  3.84445116e-02  4.14918782e-03
 -1.83844683e-03  2.14994196e-02  3.68682705e-02  5.90645075e-02
  2.02221107e-02 -2.75156181e-02  1.18038002e-02 -2.70604733e-02
  8.07473902e-03  8.54180306e-02 -5.63001037e-02 -6.48445755e-34
  2.32441183e-02 -8.65143910e-03 -2.59910412e-02  4.77211364e-02
 -6.07986078e-02 -3.71020846e-02  6.01424575e-02  1.21356512e-03
  4.85788062e-02  1.03109047e-01 -8.23866129e-02  8.87821428e-03
  3.45710181e-02  9.98133644e-02  9.26792175e-02 -2.82957386e-02
 -3.92460413e-02  9.78767201e-02 -2.13957243e-02 -4.43018004e-02
  1.84423644e-02 -3.97396646e-02  4.76812832e-02 -2.92761233e-02
 -4.59351018e-02 -1.10663719e-01 -1.49174156e-02 -4.17244323e-02
 -2.74431594e-02  1.70626044e-02 -1.90388467e-02 -1.10330805e-02
  2.00155880e-02  7.66523853e-02 -2.82545537e-02 -2.02711020e-02
 -8.76394138e-02 -4.50810231e-02  9.35808271e-02  2.74737254e-02
  1.02255587e-02 -1.97178200e-02  7.94100575e-03  6.31109206e-03
  7.36157456e-03  1.16003044e-01 -3.03624850e-02 -1.53052537e-02
 -1.07211389e-01  4.80757542e-02  4.43468429e-02 -2.60129124e-02
 -5.04892133e-02  3.02496436e-03 -4.95430306e-02  3.29383947e-02
 -1.04701584e-02 -7.99086317e-03 -1.81263816e-02  7.07879663e-02
 -9.56474170e-02  3.37981395e-02  2.28158571e-03  2.05145627e-02
 -9.77558084e-03 -5.97733445e-02  3.99436243e-02 -9.54290386e-03
  2.87256413e-03 -5.17734364e-02  4.25190777e-02  2.63559148e-02
  4.71353307e-02 -1.10235281e-01 -5.31712435e-02 -5.04251756e-02
  7.57004246e-02  3.62674594e-02 -3.25980410e-02 -1.47979595e-02
 -2.81032715e-02  2.02674866e-02 -5.45540489e-02 -4.91766334e-02
  6.30135685e-02  1.16384150e-02  6.68995641e-03 -5.26137911e-02
 -5.50516397e-02 -5.16242869e-02 -9.07368064e-02  1.19351849e-01
  4.68022041e-02 -6.51372373e-02 -2.65228003e-03  8.12931577e-34
  2.07897071e-02 -2.34711654e-02  1.12500139e-01  3.18780802e-02
 -8.34375992e-03 -3.27512100e-02 -2.99707334e-02  1.05514601e-02
 -5.69815785e-02 -6.42888248e-02  3.61662582e-02 -5.33020757e-02
  1.05303854e-01 -7.20550939e-02 -3.23462263e-02  8.41609389e-02
 -2.52866726e-02 -7.24675581e-02  1.12720020e-02  7.53391683e-02
 -9.52425078e-02  3.03073297e-03 -3.47994976e-02  1.72655974e-02
 -3.78360637e-02 -1.61358081e-02 -5.36339432e-02 -6.45590946e-02
  4.06636298e-03 -1.00254333e-02 -1.10140204e-01  2.06751097e-02
 -4.39114682e-02  1.32608656e-02 -2.42873561e-02  3.26459818e-02
  4.77237888e-02  3.07492614e-02 -1.00915683e-02  8.48178864e-02
  2.36446410e-02  3.21950167e-02 -3.05904411e-02  3.91544662e-02
 -5.87790599e-03 -1.25071006e-02 -6.54123127e-02  4.69208509e-02
  4.68912646e-02  8.57560933e-02 -3.01742852e-02 -2.42635086e-02
  2.30886005e-02  2.97633372e-02 -3.72866429e-02  9.49197263e-03
  5.18231317e-02 -6.24266779e-03  5.98577224e-03 -9.56715830e-03
 -5.22380657e-02 -4.10801545e-02  8.12510923e-02  6.32950142e-02
  9.45027638e-03  2.56408984e-03  8.36571157e-02  7.88336322e-02
 -1.02292068e-01 -4.03197333e-02 -1.66422431e-03 -3.00161894e-02
  8.41470957e-02 -1.07472856e-02 -8.47379714e-02 -8.65807906e-02
  3.55568416e-02 -2.68675778e-02  3.54754552e-02  4.64416444e-02
  5.59996292e-02  7.50535494e-03 -3.00263166e-02  6.43535852e-02
  3.97877768e-02  9.73756462e-02 -4.09398749e-02 -6.08592518e-02
  4.77850959e-02 -9.15225446e-02  1.40770236e-02  3.98964807e-02
 -9.77351144e-03 -1.53942511e-03  5.60016818e-02 -1.93501446e-08
 -2.40069870e-02  7.95470364e-03  3.33531387e-02 -8.55432674e-02
  5.65459095e-02 -4.26317677e-02 -2.12318487e-02  1.75206915e-01
  7.48278853e-03 -2.17991695e-02  1.08483927e-02  1.54878898e-02
 -3.90046947e-02  4.53308821e-02  9.15073305e-02 -8.49393830e-02
 -1.10677620e-02  6.11527311e-03 -3.98628712e-02  7.17115328e-02
  4.47511449e-02 -1.43721595e-03  7.14763999e-02 -5.92645034e-02
  6.99763149e-02 -6.42405376e-02 -7.83754140e-03  1.51213696e-02
  5.59409298e-02  5.29084690e-02 -5.13367429e-02 -4.33359407e-02
 -8.04660767e-02 -4.65452224e-02  9.24492925e-02  3.03042843e-03
 -1.71548389e-02 -4.11638394e-02 -6.59540892e-02 -7.71758705e-03
 -2.20975149e-02  4.70945202e-02 -6.24712510e-03 -4.31041196e-02
 -1.55121405e-02  1.90939114e-03  3.99044007e-02 -2.31371149e-02
  7.63705373e-02  6.44589090e-05 -7.45559409e-02 -7.70089030e-02
  2.00568121e-02  2.05726624e-02  7.61182234e-02  7.96035007e-02
 -4.72287647e-02  9.07755457e-03  5.84247895e-02 -4.62656133e-02
  5.03059998e-02 -2.93274708e-02 -9.39516351e-02  6.78202603e-03]"
52,"Consider a dataset that can be fully expressed in m dimensions. This dataset is rotated and expressed in a higher n-dimensional space, where n > m. In the PCA decomposition of this rotated dataset, how many eigenvalues will be zero",n - m eigenvalues will be zero.,easy,40,8.541538461538462,"['A. m eigenvalues will be zero.', 'B. n eigenvalues will be zero.', 'C. n - m eigenvalues will be zero.', 'D. No eigenvalues will be zero.']",4,31.25,"[ 1.01684267e-02 -1.29615772e-03 -3.83602865e-02 -5.21405488e-02
 -2.51982715e-02 -2.53206398e-02 -8.59397873e-02 -2.93178540e-02
  5.46531864e-02  8.51801189e-04  8.14263821e-02  4.96720709e-02
 -1.12686539e-02 -3.29085924e-02 -3.23839933e-02  9.84549597e-02
  5.17097116e-03  5.66947740e-03 -7.19745308e-02  3.69334184e-02
  5.76989874e-02  6.36450574e-03 -5.52160554e-02  7.92773813e-02
 -2.01519541e-02  4.01078649e-02  1.03824094e-01 -2.30869167e-02
  4.60049212e-02  2.37491466e-02  5.38708456e-02  1.11858197e-01
 -5.04495483e-03 -4.02688980e-02  3.00783869e-02 -2.96010971e-02
  1.55667989e-02  1.26499087e-02 -5.18439300e-02  1.62231997e-02
  8.24895576e-02  1.23414770e-01  1.46705164e-02  2.09757816e-02
  5.11140339e-02  8.42691213e-03 -1.83501691e-02 -8.28566104e-02
 -1.65917643e-03 -3.22504267e-02 -2.04924811e-02  1.14917457e-02
 -8.72622728e-02  9.86515954e-02 -8.60058740e-02 -9.27140787e-02
  3.96615192e-02 -5.99201098e-02  1.37377400e-02 -4.08083107e-03
  4.37814258e-02 -1.19101163e-02  3.77540314e-03 -1.52247120e-02
  6.18971027e-02 -1.47573845e-02 -1.22844856e-02 -8.94955546e-02
 -1.08458951e-01  9.22386907e-03 -5.45349382e-02 -4.35407571e-02
 -5.42052947e-02  5.43991046e-04  2.15195846e-02 -2.44262572e-02
 -5.57429343e-02 -5.54028302e-02  7.08554238e-02  3.74212638e-02
  5.06840162e-02  7.21874610e-02 -2.05346905e-02 -1.89750977e-02
 -1.87979080e-03 -2.59994855e-03 -1.01459742e-01  6.34203553e-02
  8.48610178e-02  4.31793258e-02 -2.03646421e-02  2.26865783e-02
  3.84309962e-02 -2.09482070e-02 -3.62611264e-02  3.13128494e-02
  5.03136143e-02  8.18483718e-03  4.95596863e-02 -1.96055882e-02
 -4.09713313e-02 -5.78853898e-02 -5.29002808e-02  7.63882846e-02
 -3.33970040e-02  4.42211479e-02  1.43956821e-02  3.23322713e-02
  2.89900764e-03 -1.98644511e-02  3.11033670e-02 -9.61859338e-03
 -2.65943687e-02  2.40211673e-02  7.60538355e-02 -5.80317480e-03
  3.95769812e-02  3.38999406e-02  1.28761008e-02  4.36133109e-02
  1.38206389e-02 -4.65644933e-02  3.44440863e-02  5.28017059e-03
  4.94170301e-02 -1.44706564e-02 -1.17892407e-01  2.14674197e-33
  1.00637801e-01  4.13935892e-02  1.83189195e-02  2.89590657e-02
 -1.64134968e-02 -1.72821991e-02  8.59200731e-02 -4.27687094e-02
  1.27434120e-01  4.19413075e-02 -3.11286040e-02  3.21526080e-02
  7.92804286e-02 -3.20421322e-03 -4.18315455e-02  5.27122170e-02
  2.88069695e-02  4.40032780e-02 -1.40378927e-03 -1.16986245e-01
  8.09324086e-02  4.53117071e-03  1.08422086e-01 -8.77113119e-02
 -8.45058858e-02 -4.35937941e-02 -5.77227287e-02 -4.03271466e-02
 -6.48127496e-02 -3.27343196e-02 -5.07173873e-02 -2.48698592e-02
 -2.14661453e-02  4.02094945e-02  1.65569689e-02 -2.18587159e-03
 -9.48331971e-03 -1.47335259e-02  1.14425078e-01  2.89241201e-03
 -6.54875934e-02 -1.27469674e-02  3.07456087e-02 -7.73079693e-02
 -5.92491664e-02  4.35334928e-02  1.46859996e-02 -2.12401170e-02
  3.17330100e-02  9.59557593e-02  6.90217838e-02  2.60028541e-02
 -1.72696542e-02  6.34686053e-02 -1.54465418e-02  1.43569941e-02
  7.15414900e-03 -7.28990585e-02  1.36021348e-02 -4.26271372e-02
 -6.09277263e-02 -4.51323912e-02  2.24593431e-02 -4.94831800e-02
  4.02893089e-02 -1.12002403e-01 -2.31987759e-02  1.91524345e-02
  1.07350973e-02 -4.26825769e-02  9.21602920e-03 -1.59489196e-02
 -3.09367422e-02 -3.89461592e-02 -1.49088148e-02 -7.43311122e-02
 -2.39110291e-02  6.21129312e-02 -9.02737454e-02  8.93638134e-02
  1.49006527e-02  1.22513242e-01 -8.09489042e-02 -9.84475538e-02
  1.43081937e-02 -9.96029656e-03  2.79065538e-02 -6.11975156e-02
 -1.50139658e-02 -7.39695206e-02  2.07637739e-03 -3.37628312e-02
  2.56817751e-02  3.36917639e-02 -7.33265653e-03 -1.62936998e-33
 -5.87699823e-02  2.56331805e-02 -3.23274843e-02  3.12858522e-02
 -1.38631957e-02 -9.61873531e-02  6.33005574e-02  1.18219115e-01
 -5.06576486e-02 -6.90541640e-02  2.89417077e-02 -1.59811266e-02
  4.41555446e-03  7.57888779e-02  5.08559123e-02  7.50181079e-02
  2.71510575e-02  2.38926429e-02  2.68252566e-03 -2.84129046e-02
 -4.00112309e-02 -5.12774810e-02 -6.32617995e-02  6.22887872e-02
  6.40111882e-03  1.64861772e-02  3.92273553e-02 -1.94488913e-02
  1.04347371e-01  1.32937124e-02 -1.52525725e-02 -3.40289883e-02
 -1.86276305e-02  1.37754798e-01 -2.40776576e-02  3.68890576e-02
 -5.20750433e-02 -2.29966454e-02  1.28136100e-02  5.59434518e-02
  2.82679815e-02  1.04320636e-02 -7.02400180e-03  7.99497664e-02
 -8.22981745e-02 -1.55501273e-02  1.85048413e-02  5.87912649e-02
  7.00180531e-02 -2.32539084e-02  4.05184086e-03  1.36427917e-02
  7.81676620e-02  3.06486823e-02  9.02442932e-02  7.61720538e-03
  1.07095599e-01  6.92183226e-02  1.19969755e-01 -1.00741439e-01
  3.04888096e-02 -3.38429562e-03 -5.05735800e-02 -2.64912471e-02
 -3.55735458e-02  4.69532274e-02  7.13594705e-02 -5.04119098e-02
 -9.10323635e-02  6.33306354e-02  1.70462374e-02 -1.89585947e-02
 -2.41333712e-02 -1.13223396e-01 -3.35832424e-02 -5.82524352e-02
  2.37322133e-02 -1.27268545e-02  1.20122852e-02 -3.55767012e-02
 -2.21992750e-02 -4.17137817e-02 -1.50864506e-02 -2.06128601e-02
  3.86212319e-02  1.94560140e-02  1.17605217e-02 -9.03000310e-02
  1.41427619e-02 -1.27577838e-02  8.80078524e-02 -8.77949316e-03
  3.41850258e-02 -7.09708501e-03  6.00524545e-02 -2.85478912e-08
 -2.84901187e-02 -8.72585848e-02 -3.30241099e-02 -3.62403318e-02
  2.13138964e-02 -7.93596059e-02  3.10920049e-02  4.98740822e-02
  5.41782342e-02  4.86015379e-02  1.61870569e-01 -1.14703536e-01
 -6.49194792e-02  1.18352082e-02  1.13494508e-03  1.39378877e-02
 -5.06701693e-02  2.52106115e-02  1.10778380e-02 -4.04671356e-02
 -4.32350300e-02  6.04001246e-03 -5.76110296e-02 -2.34988071e-02
  4.87973206e-02 -6.23332709e-03 -3.52198863e-03 -7.16958428e-03
  2.63521541e-02  2.28020130e-03 -2.54287384e-02 -2.04430148e-02
  3.36924419e-02 -4.52863760e-02  2.67918804e-03  2.97841779e-03
  7.08026588e-02  3.33111640e-03 -2.16268059e-02 -3.20076719e-02
 -1.15802951e-01  2.44067833e-02 -5.97952269e-02 -1.52309472e-02
  6.28805161e-02  3.33050750e-02  1.03933422e-03  6.95410743e-03
  1.22426003e-02 -1.20465048e-02 -2.95001771e-02 -5.89270219e-02
  3.40261497e-02  1.20265521e-02 -6.04810603e-02  5.51956035e-02
  1.57544930e-02  1.13934530e-02  5.17282784e-02 -6.19190335e-02
  2.95531526e-02 -3.34991491e-03 -4.84809466e-02 -5.46356663e-02]"
53,What is the primary purpose of Feature Subset Selection in data mining?,To evaluate a large number of features and select a few for the final implementation.,easy,12,9.740000000000002,"['A. To increase the complexity of the model.', 'B. To reduce the generalization capabilities of the model.', 'C. To introduce noise to the data.', 'D. To evaluate a large number of features and select a few for the final implementation.']",4,55.75,"[-3.54241729e-02  5.11455797e-02  1.07222527e-01  6.94943741e-02
  1.32776707e-01  1.08585441e-02  5.84124168e-03 -4.43253890e-02
  9.69022792e-03  7.43251061e-03 -5.65337855e-03 -1.71270426e-02
 -3.93586010e-02 -6.62467778e-02  3.59777524e-03  5.75133003e-02
  4.30762582e-02 -2.23548133e-02  3.71949300e-02 -6.41685426e-02
 -3.30388211e-02 -2.75820624e-02 -1.87665317e-02 -1.90962721e-02
 -6.75847288e-03  1.71192382e-02  1.04895188e-02  5.83852045e-02
 -1.92804653e-02  5.06846979e-02 -2.21831407e-02  1.40894800e-01
  4.77329455e-02 -7.40263984e-02 -1.14686482e-01  1.22326016e-02
  1.14222392e-02  2.67441552e-02 -6.90504387e-02  4.73651476e-02
 -1.95320863e-02 -6.21854216e-02  2.20872164e-02  7.78037123e-03
  2.70307139e-02  7.15962350e-02 -6.13864921e-02  3.50919925e-02
 -8.69828649e-03 -2.62442026e-02 -1.09626856e-02  5.93250729e-02
 -4.28058878e-02  3.68959047e-02  7.42661022e-03 -3.26079503e-02
  5.53627848e-04 -2.72738282e-04 -2.40539405e-02  1.98847875e-02
  4.55218144e-02 -5.83631769e-02 -5.24261668e-02  7.98999518e-03
  9.20268223e-02 -5.84703088e-02  1.97624546e-02 -3.63969915e-02
  1.94822103e-02 -9.89699513e-02  2.19757017e-02  2.01030299e-02
 -1.58124845e-02  5.66793866e-02 -7.80669972e-03 -1.02765616e-02
  6.87450990e-02  1.01363366e-04  4.60775979e-02 -2.98803393e-02
 -3.45757268e-02  1.16089143e-01  5.41664334e-03  2.46835519e-02
  9.11054760e-02 -1.83657687e-02  2.10676305e-02 -1.50737911e-01
 -6.68306798e-02  7.25223199e-02  8.54649991e-02 -9.44288969e-02
 -1.17740463e-02 -5.33976546e-03 -7.13109300e-02 -1.01667410e-02
 -3.19004543e-02 -2.03731656e-02  4.26565148e-02 -9.96332243e-03
  7.35268416e-03 -7.08702067e-03  1.19419418e-01  5.71579225e-02
 -3.18572074e-02 -1.18511006e-01  2.27468833e-02  2.69470289e-02
  8.34619105e-02 -1.65799744e-02 -3.60572673e-02  1.17109660e-02
  1.17388163e-02 -3.22107263e-02  1.13759283e-02  4.47113700e-02
 -2.51701064e-02  5.66531010e-02  1.82698462e-02  5.25853261e-02
 -5.24130277e-02  4.07711975e-03  8.55933595e-03 -3.82974111e-02
  6.13935068e-02 -1.87711045e-02 -1.16924316e-01 -1.48415483e-33
  5.51883057e-02 -1.19413726e-01 -9.63097140e-02 -2.55437172e-03
 -6.78654835e-02 -4.06669788e-02 -3.85348573e-02 -6.41828924e-02
  8.70138705e-02  3.12573537e-02 -4.65736426e-02  3.53580341e-02
  7.12939128e-02  6.79712370e-02  7.51085654e-02  1.72020067e-02
 -3.66035588e-02  8.76508504e-02 -1.20805968e-02 -9.42903571e-03
  4.80598547e-02 -7.62002170e-02  3.58769000e-02 -3.17426249e-02
 -8.46919343e-02  5.86481094e-02 -4.14068662e-02 -2.35031475e-03
 -1.72745287e-02  4.06361632e-02 -1.24156857e-02  2.19843108e-02
 -2.52339300e-02  3.64360064e-02  5.43091409e-02  5.03911972e-02
 -3.60186398e-02 -1.10988386e-01  4.00516018e-02  4.54281867e-02
  1.14446077e-02 -4.13795598e-02  4.52265218e-02  5.29697239e-02
 -2.44441181e-02  1.79741196e-02 -6.93656355e-02 -3.37660946e-02
 -9.64351892e-02  4.77742516e-02  3.19553502e-02 -3.65701318e-02
  3.09802666e-02  2.61130184e-02  1.49466414e-02  5.05503081e-02
 -2.62248386e-02 -1.12096868e-01 -1.09229628e-02 -1.40957497e-02
 -7.80811235e-02 -1.14751197e-02 -9.04464442e-03  1.53304450e-02
 -1.15908533e-02  2.15705056e-02  6.45033941e-02 -2.95773763e-02
  2.79852245e-02 -2.35501397e-02  1.65165365e-02 -2.06713122e-03
 -3.87823321e-02 -2.00311840e-02  2.31012795e-03  2.65531894e-03
  6.39151931e-02  3.55562977e-02  6.30254205e-03 -1.94143597e-02
 -5.27287163e-02  1.97802056e-02 -3.35036591e-02 -4.67182845e-02
  7.94039108e-03 -7.23300874e-03  3.99945080e-02 -5.88840395e-02
 -2.23347675e-02 -8.44407976e-02 -9.11616385e-02  7.95992911e-02
 -1.42376060e-02  1.24583021e-02  2.51523161e-04  3.33980100e-34
 -4.81466809e-03 -3.34704183e-02  1.21437991e-02 -4.93998416e-02
 -2.55742799e-02 -1.44151421e-02 -4.14870493e-03 -7.73360655e-02
  9.13922396e-03 -5.39573431e-02 -1.77961234e-02 -3.95379364e-02
  3.70993651e-02 -4.15828787e-02 -4.74784756e-03  6.41092658e-02
 -5.70412390e-02 -3.26046646e-02  1.91059634e-02  5.52033186e-02
 -1.17427334e-02 -8.51990841e-03 -4.00107950e-02  2.26074588e-02
 -2.19772868e-02 -3.64698172e-02 -1.12381101e-01 -6.87420741e-02
  3.64880543e-03 -4.51403757e-04 -4.49247360e-02  3.63047607e-02
 -1.38103083e-01  1.53174410e-02  2.85208281e-02  8.90465546e-03
 -2.17883214e-02  5.51265739e-02  5.04806265e-02  7.15963691e-02
 -2.90551651e-02  9.34516042e-02  3.91846113e-02  5.29418811e-02
  9.75827780e-03  1.45644359e-02  8.27408433e-02  7.07871243e-02
  4.88444380e-02 -2.60463916e-02  3.34798694e-02 -3.33724543e-02
  8.00037533e-02  4.89586443e-02 -4.78792489e-02  7.60983899e-02
  4.38187756e-02  2.35943869e-02  6.76964456e-03  9.54697505e-02
  7.97662605e-03  5.45841269e-03  1.00656107e-01  3.73442881e-02
 -1.33837275e-02  2.12117545e-02  4.75580767e-02  6.96775690e-02
 -5.72934970e-02 -8.86153579e-02 -2.61651836e-02 -3.18730958e-02
  6.44463971e-02 -1.31008737e-02 -1.17742948e-01 -4.77234684e-02
  3.84059660e-02 -4.78361100e-02 -5.48415147e-02  6.79500476e-02
 -2.40119435e-02 -6.34199679e-02 -3.51949148e-02  4.39590849e-02
 -2.49165744e-02  5.69417737e-02 -1.38782486e-02  2.90515255e-02
  3.12245023e-02 -1.31929383e-01 -2.40226480e-04 -1.47207836e-02
 -5.76646291e-02  8.29108730e-02  4.02879948e-03 -1.78346049e-08
 -3.52735594e-02 -3.88682634e-02 -2.45257132e-02 -4.57830690e-02
  5.52098006e-02 -2.01808065e-02 -3.29257883e-02  1.30098447e-01
 -2.20149569e-02 -1.53399445e-02  1.89755708e-02  5.67685962e-02
 -8.82361308e-02  3.28507014e-02  1.36582598e-01 -3.25657055e-02
  5.65156601e-02  9.74342134e-03 -3.67444195e-02  3.89313413e-04
  7.75272176e-02 -1.18273631e-01  6.65523484e-03 -2.06521153e-02
  7.83108994e-02 -2.83240825e-02  5.28451353e-02  1.13847638e-02
  2.55422154e-03  1.93377864e-02 -2.52482519e-02  5.92998601e-02
  2.79160850e-02  2.81814253e-03  8.41442496e-02  1.13984272e-01
  2.41460884e-03 -8.51986557e-02 -8.90201405e-02 -5.53079955e-02
 -2.48028152e-02  2.52977032e-02  5.00725210e-02 -2.08531152e-02
 -4.96809408e-02  2.94340122e-02  6.01859242e-02  3.26188691e-02
 -1.04948606e-06  5.08495569e-02 -3.17664482e-02 -3.19326594e-02
  5.92114143e-02  8.00837763e-03  5.78296483e-02  8.80995169e-02
  4.34863847e-03 -4.52854820e-02  3.00128497e-02 -4.30270247e-02
 -1.13655608e-02  3.19196731e-02  2.75167301e-02 -4.52630222e-02]"
54,Which of the following statements is true regarding the information gain of a feature?,Information gain measures how much a feature reduces uncertainty about the target variable when added to the model.,easy,14,9.255714285714287,"['A. Information gain is always high for features with high cardinality.', 'B. Information gain is independent of the target variable.', 'C. Information gain measures how much a feature reduces uncertainty about the target variable when added to the model.']",3,82.0,"[ 7.39825610e-03  6.59720302e-02  3.63331963e-03  1.11508816e-02
  5.21171838e-02  5.53250946e-02  1.49589807e-01  2.84616626e-03
 -1.54628244e-03  2.25345325e-02  6.13915771e-02  4.77248393e-02
  5.71146533e-02 -4.30851541e-02  1.20195486e-02  6.21804036e-02
  5.40799871e-02  3.30426730e-02 -4.05308157e-02 -1.08739687e-02
  7.69639090e-02 -5.43351397e-02 -1.95595957e-02  1.54077150e-02
  7.91283548e-02 -3.01572271e-02 -1.99221764e-02  4.15410101e-02
  8.73697624e-02 -5.74999265e-02 -4.34798561e-02  3.93592604e-02
  3.21249403e-02 -3.49023081e-02 -4.09735218e-02 -2.07367688e-02
  1.57492782e-03  1.35912532e-02 -3.84456031e-02  3.68561335e-02
  9.96401813e-03 -4.08617631e-02  1.31397443e-02  2.52264477e-02
  3.45635191e-02  5.15868329e-02  2.80941390e-02  2.69672237e-02
 -8.48535970e-02 -2.52459105e-02 -1.07249364e-01  1.44495675e-02
 -7.23254010e-02 -6.79960893e-03  5.13052847e-03  1.83088947e-02
 -6.67800680e-02  4.28836942e-02 -1.38179408e-02  1.60017684e-02
 -6.71866769e-03  5.36688603e-04 -3.63599993e-02  5.21385595e-02
  9.80811641e-02 -4.47805375e-02  2.39545759e-02 -1.00496061e-01
 -1.54095714e-03 -3.98881827e-03  2.54212972e-02  2.31491923e-02
 -8.26098695e-02 -6.22136407e-02  2.62529701e-02 -5.30780144e-02
 -3.18660513e-02  5.52420393e-02  4.58622649e-02  1.45416660e-02
  7.42206816e-03  3.06440517e-02 -2.86710151e-02 -7.93133378e-02
  1.45710548e-02 -6.89495867e-03 -1.76398437e-02 -2.74898037e-02
 -5.22362664e-02 -1.90497283e-02 -8.82877596e-03 -9.01199430e-02
 -8.98253396e-02  7.16293929e-03 -2.01681443e-03 -1.66962650e-02
 -5.73955923e-02 -1.25965312e-01  2.59019881e-02  4.07003090e-02
 -2.61438470e-02  1.21694328e-02 -4.20624986e-02  6.79603815e-02
 -4.80489479e-03 -2.49650106e-02  1.61643382e-02  2.73644887e-02
  4.43723649e-02  1.11274756e-01  1.32145798e-02 -8.20339844e-03
 -2.10619196e-02 -3.18998918e-02  5.83954528e-03  1.61961336e-02
 -6.21126294e-02  8.04832652e-02 -2.32033618e-02 -4.99115027e-02
  4.47069574e-03 -4.77555916e-02  1.81569401e-02  1.43299429e-02
 -1.19379774e-01 -3.53709385e-02 -4.30656038e-02 -4.47422794e-33
 -8.23161751e-02 -5.34364805e-02 -3.56956385e-02  4.35493179e-02
 -5.22978418e-02  1.82612836e-02 -6.30590767e-02 -2.56361365e-02
  4.66520339e-02 -1.71881204e-03 -1.04791999e-01  3.26916575e-02
  2.42805528e-03  7.58440644e-02  6.25779182e-02  1.41376369e-02
  1.80626716e-02  1.33393288e-01  3.80170112e-03 -6.76158071e-02
  1.02693938e-01  3.56858457e-03 -5.73078915e-03  4.69125528e-03
  7.06220493e-02 -1.18716747e-01 -1.13971587e-02 -1.59079172e-02
 -1.58095032e-01 -6.97524287e-03 -6.97871344e-03 -4.20337729e-02
  3.00426353e-02 -6.56778812e-02  7.66197126e-03  1.40909646e-02
 -5.09716049e-02 -5.31626232e-02  4.56614094e-03  1.95594002e-02
  1.95945706e-02 -2.83584502e-02 -3.59551646e-02 -6.68561831e-02
  1.39718857e-02  1.14747733e-02  1.91549342e-02 -3.02354842e-02
 -3.47496383e-02  1.24101555e-02 -3.81019711e-02 -2.40756618e-03
 -3.74564268e-02 -6.14262484e-02  8.95648897e-02  5.45639172e-02
 -4.50429544e-02  2.09960379e-02 -1.66392773e-02  5.63493483e-02
 -9.10365805e-02  9.21974331e-03  7.53323510e-02 -8.77908990e-02
 -3.44373025e-02  6.01004772e-02  3.93102132e-02 -9.31091085e-02
  7.72358626e-02 -1.29209664e-02 -1.11534270e-02  3.37459296e-02
  1.05909556e-02 -1.96644366e-02  1.07153077e-02  1.39167719e-02
 -8.36405978e-02 -3.81960087e-02  2.57142093e-02  3.81027311e-02
  7.47828605e-03 -3.08023468e-02 -6.63154805e-03  4.88459133e-02
 -1.09909577e-02  7.48642683e-02  2.01754440e-02 -1.01267681e-01
  4.87855747e-02  3.87930684e-02  1.42189907e-02  8.24207067e-03
 -3.29112113e-02 -5.11374371e-03 -1.66434515e-02  4.45214077e-34
 -9.49055403e-02  1.89113244e-02 -7.66744167e-02 -5.09802029e-02
 -6.21696077e-02  1.85159594e-02 -6.15014806e-02 -6.51003122e-02
 -6.34208620e-02  8.59724917e-03 -1.32401595e-02 -6.55052885e-02
 -1.27152488e-01 -8.20507333e-02 -1.00986987e-01  5.66593185e-02
  3.69358510e-02 -6.75977767e-02 -1.39830709e-02  1.18714899e-01
 -3.37148346e-02  1.84459072e-02 -3.05788442e-02  3.21478099e-02
  5.30393049e-02  1.47359067e-04 -5.13696708e-02  5.70849963e-02
  1.08036827e-02  4.93840640e-03 -3.16306762e-02 -2.41640359e-02
 -8.22018385e-02  4.81766835e-02 -3.94080579e-03 -2.05539223e-02
  9.60535407e-02 -1.68795139e-02 -2.48670503e-02  1.04555279e-01
  8.83281678e-02  5.52232079e-02  2.83232029e-03  6.40188307e-02
  3.31141315e-02 -9.26315412e-02  4.20436189e-02  3.60428691e-02
  6.11422304e-03 -1.32058607e-02  7.29635954e-02  4.10214387e-04
  5.21182939e-02  5.72911575e-02 -9.37246531e-02  1.21612728e-01
  5.66797704e-02 -4.25583264e-03  2.72347312e-02  7.79987797e-02
 -6.01297766e-02  1.34418877e-02 -1.04047932e-01  4.25762348e-02
  3.60861165e-03 -1.86719354e-02  1.76779684e-02  4.24090475e-02
  5.57662658e-02 -8.16214904e-02  4.27817181e-02 -5.14121577e-02
 -1.75303072e-02 -7.05365837e-02 -2.01396574e-03  5.22414818e-02
  3.49684209e-02 -6.57951683e-02 -6.61182255e-02  6.45226520e-03
 -4.96173203e-02  4.51834649e-02  7.98323527e-02  3.77597362e-02
  8.08240101e-03  5.20712100e-02  5.80772525e-04 -9.40416157e-02
  3.16555835e-02 -3.82924266e-02 -1.26839092e-04  6.79301098e-02
 -7.73293599e-02 -3.28667238e-02 -1.01031419e-02 -1.95066345e-08
 -5.67674041e-02 -1.13163758e-02  4.54926006e-02  9.38359741e-03
  5.59679717e-02  5.08696446e-03 -2.70503294e-02  5.97774982e-02
 -3.54012214e-02 -2.03320477e-02  1.77189745e-02  5.64865470e-02
 -8.36609975e-02  8.60500336e-02  1.01266272e-01  3.71646397e-02
 -2.11325176e-02 -1.83923244e-02 -7.61201233e-03 -4.84907888e-02
  5.92943281e-02 -3.65169235e-02  1.45058660e-02 -1.31914038e-02
 -2.10265517e-02 -3.81297991e-02  2.47102324e-02  4.29558493e-02
 -8.17594305e-03  1.04546197e-01  4.41737585e-02  4.17825952e-02
  1.64892748e-02  5.60407899e-02  1.36452183e-01 -6.52658939e-02
  6.67464584e-02 -3.95583063e-02 -4.17629369e-02  5.86527213e-02
  3.57964076e-02  5.21253124e-02  2.26590354e-02  5.61068915e-02
  3.75724286e-02  3.27373222e-02 -3.09151434e-03 -9.64085534e-02
 -5.67018762e-02 -1.03823103e-01  5.20896688e-02 -1.81559213e-02
 -2.44378857e-02  2.39488445e-02  1.63880568e-02 -1.53356446e-02
  1.23961028e-02  1.50216045e-02  1.12669710e-02 -1.01430900e-02
  1.06743928e-02  8.08403865e-02 -1.07379002e-03 -3.91858369e-02]"
55,"In the context of feature selection, what does ""impurity"" represent when evaluating candidate features?",The level of unpredictability or disorder in the data when using a feature.,easy,14,15.15571428571429,"['A. The cost of including a feature in the model.', 'B. The level of unpredictability or disorder in the data when using a feature.', 'C. The complexity of the dataset after adding a feature.', 'D. Impurity is not relevant in feature selection.']",4,57.75,"[-6.55182377e-02  4.56572622e-02  6.15105666e-02  6.40168935e-02
  1.76529840e-01 -3.40211466e-02  7.27167353e-02  5.65603115e-02
  2.04231329e-02 -3.01268157e-02  9.46439896e-03 -6.08465374e-02
  4.39667813e-02 -8.44200980e-03 -4.30749208e-02  8.24831426e-02
  8.52630213e-02 -9.88273323e-02 -3.59565802e-02  3.20094079e-02
  4.50712182e-02  5.13083441e-03 -5.11041470e-02 -2.00327020e-03
  7.03928899e-03 -8.61434080e-03 -5.41711086e-03  3.69934477e-02
  5.24026752e-02  3.92007008e-02 -8.98968130e-02  5.70002571e-02
  2.30104513e-02  6.70157000e-03 -8.23550746e-02  4.52149138e-02
 -6.37565460e-03 -5.31031638e-02  1.92400999e-02  3.74302338e-03
  3.84849752e-03 -4.27678525e-02 -4.37745675e-02  8.17742199e-02
  2.35550869e-02 -6.38588658e-03  1.01041337e-02  6.56421902e-03
 -7.20730498e-02 -2.29906235e-02 -3.39626335e-02  6.86207712e-02
  9.36470553e-03  6.71465099e-02 -1.68090984e-02 -3.36532742e-02
 -5.18145822e-02 -1.67100914e-02 -2.94108931e-02  2.10018903e-02
 -1.84226073e-02  1.84546225e-02 -9.29071009e-03  5.61878495e-02
  1.13311939e-01 -3.93682159e-02  3.02417316e-02  5.02069108e-03
  6.70369565e-02 -2.41758954e-02  7.38722235e-02 -1.87896863e-02
 -7.13351518e-02 -5.37807345e-02  6.81346580e-02  6.39368370e-02
 -2.80323159e-02 -4.75072814e-03  3.52034010e-02 -2.35480443e-02
 -7.72511959e-02 -4.79842070e-03  1.84349138e-02 -4.90902066e-02
  5.75137585e-02 -2.39620972e-02  4.05282015e-03 -1.01034679e-01
 -7.46311992e-02  3.27161849e-02  1.91182233e-02 -6.04641922e-02
 -3.55410613e-02 -3.61055359e-02  1.49216200e-03  8.09409842e-02
 -3.58343944e-02 -6.39722124e-02 -4.69552763e-02 -4.97392565e-03
 -6.21111207e-02 -1.39856925e-02  2.72844508e-02  9.77835734e-04
 -5.51157519e-02 -1.40421048e-01  4.99832928e-02 -3.50442976e-02
  4.33201939e-02  1.05048632e-02  2.66053174e-02 -4.34157886e-02
 -8.03570542e-03  5.38945571e-02 -5.12141548e-02  4.37385179e-02
 -4.44275327e-02  2.01030076e-02  1.04655385e-01  3.47714126e-02
  3.24645371e-05 -3.31854671e-02  3.02248616e-02  1.34167783e-02
 -2.79073175e-02 -2.64259223e-02 -6.32014126e-02 -5.04699014e-33
 -5.14089018e-02 -5.55982403e-02 -7.55493790e-02  1.38980020e-02
 -1.13978051e-01 -4.39026654e-02  1.64414998e-02 -5.19855097e-02
  2.10504308e-02  8.01708773e-02 -8.45820531e-02  2.70361733e-02
  1.10032605e-02  3.88252400e-02  6.74044266e-02  6.15568347e-02
 -2.80616079e-02  4.36719023e-02  6.25083819e-02  2.88928021e-03
  5.26669547e-02  9.30119082e-02 -1.08974222e-02 -1.07451260e-01
  5.45476656e-03 -1.85952187e-02 -5.17744720e-02  4.93436120e-03
 -9.88372713e-02  4.46183346e-02 -3.96576226e-02  6.36495426e-02
  1.42620681e-02  1.18223010e-02 -5.46601377e-02  8.44497606e-02
 -5.73685393e-02 -6.38971850e-02  3.12425848e-02  3.67241055e-02
 -1.78827196e-02 -9.54499915e-02  3.76970798e-04  1.40033355e-02
  7.12339953e-02  1.21162673e-02 -2.89517129e-03 -7.30893924e-04
 -1.12675458e-01  6.74530640e-02 -2.20697243e-02 -1.25995628e-03
  9.90006234e-03 -4.38613854e-02 -8.44083503e-02  2.42688823e-02
  4.17380920e-03 -4.78448085e-02 -1.40416110e-02  2.30482444e-02
 -5.85921593e-02  2.88931467e-02 -4.88816835e-02 -1.39048835e-02
 -7.15893460e-03 -1.84213873e-02 -1.36236632e-02  3.55703826e-03
  7.89010599e-02  5.66601893e-03 -2.04768702e-02 -4.42520864e-02
 -3.09502776e-03 -5.57479151e-02 -4.73280847e-02 -4.83508483e-02
  9.16300789e-02  2.55279597e-02  7.20954537e-02  7.75658200e-03
 -6.54917285e-02 -2.54902174e-03  3.14218774e-02 -4.17223461e-02
 -4.86724488e-02  6.02738895e-02  4.08489071e-02 -6.39609024e-02
 -9.72476508e-03 -6.82550371e-02  7.03026280e-02  3.17757502e-02
 -6.19744472e-02 -1.83852091e-02 -6.88214926e-03  1.86896916e-33
 -5.67277148e-02 -4.14890684e-02  2.80348752e-02  6.95523396e-02
 -4.36661486e-03 -2.01202221e-02 -3.19548436e-02 -7.32083768e-02
 -1.08621716e-02 -3.77093032e-02 -6.55649826e-02  4.32113111e-02
  1.12064346e-03 -6.66206256e-02 -4.69098985e-02  4.42036353e-02
 -1.39067292e-01 -4.39116545e-02  5.83035015e-02  6.02330863e-02
  6.36349246e-02  2.43463647e-02 -4.61440580e-03  7.43532404e-02
 -7.39147142e-02 -4.17584702e-02 -2.01088749e-03 -9.83005092e-02
  5.04106544e-02 -1.31068770e-02 -2.32094787e-02 -9.46176797e-03
 -6.58913404e-02  5.41098937e-02  1.17664160e-02 -5.84974438e-02
  4.31263708e-02 -1.04695819e-02 -2.37888005e-02  7.33399391e-02
 -6.81698322e-02  7.40885548e-03 -7.73987845e-02  7.94500634e-02
 -3.62211317e-02  3.27038057e-02  1.00856766e-01  6.76468201e-03
  1.02881767e-01 -2.26902664e-02  1.23637035e-01  6.02010489e-02
  3.69304307e-02  5.80893606e-02 -8.27204362e-02  1.84701476e-02
  4.34481725e-02  5.59649207e-02  4.12526317e-02  1.11089677e-01
 -3.88849364e-03 -6.76150594e-05  3.19586694e-02  1.26754504e-03
 -4.46593476e-04 -8.11935589e-03  3.77604775e-02  1.20716318e-01
 -4.54478562e-02 -1.62447281e-02  3.26235034e-02 -2.36571096e-02
  2.73006260e-02 -7.10820109e-02 -2.38317065e-03 -2.97915936e-02
 -1.66886840e-02 -8.74833688e-02 -3.74887884e-02  3.12859789e-02
 -3.78607623e-02  2.14674324e-02 -1.15428232e-01  1.77551862e-02
  3.94575857e-02  3.31934467e-02  5.99430548e-03 -1.58343595e-02
 -4.03613523e-02 -6.21296540e-02  1.30170546e-02  2.59448420e-02
 -9.25965831e-02 -1.91677082e-02 -4.66091745e-02 -2.12994014e-08
 -2.00469941e-02  5.90189919e-02  2.02123169e-02 -5.19377515e-02
  8.19960311e-02 -8.80074054e-02 -4.13414612e-02  3.65153886e-04
 -2.70356685e-02  5.37098721e-02  2.68477853e-02  2.11086925e-02
 -4.48999219e-02 -3.25866118e-02  9.83591750e-02  2.75490936e-02
  1.75212584e-02  2.92718671e-02 -3.69769149e-02  1.28924362e-02
  5.62272854e-02 -4.84207682e-02 -2.70129703e-02 -2.35554781e-02
  4.00884859e-02 -3.00751608e-02  1.36056608e-02  6.98730946e-02
  3.66522931e-02  9.57113504e-02 -2.40967833e-02  1.39431655e-02
  5.84740862e-02 -1.05009356e-03  7.63170272e-02  1.54558197e-01
  7.62949213e-02 -6.57101199e-02 -5.03665283e-02  1.75370462e-02
 -6.62055761e-02 -3.38387750e-02  7.44687542e-02  1.08262217e-02
 -8.17768723e-02  2.80194171e-03 -6.54695975e-03  4.44076173e-02
  1.37344422e-03  1.15357246e-03  4.97204550e-02 -4.33108285e-02
 -4.34744284e-02  5.01294062e-02  2.07772814e-02  2.00097058e-02
  9.59509891e-03  1.04788793e-02  4.87832017e-02  3.52898333e-03
  7.75771514e-02  4.54182513e-02  5.66226728e-02 -1.77235901e-02]"
56,"In the process of feature selection, what is the role of the ""Objective Function"" and ""Search Strategy""?","The search strategy is responsible for guiding the search process efficiently, while the objective function evaluates the quality of candidate feature subsets.",hard,17,9.08705882352941,"['A. The objective function guides the search strategy in finding feature subsets, while the search strategy quantifies the quality of subsets.', 'B. The search strategy is responsible for guiding the search process efficiently, while the objective function evaluates the quality of candidate feature subsets.', 'C. Both are two interchangeable terms describing the same concept.', 'D. Both are unrelated to the process of feature selection.']",4,106.75,"[-1.50894104e-02  2.63092332e-02 -1.11316340e-02  2.40438082e-03
  4.91814129e-02  3.15578245e-02 -2.86968891e-02 -4.02292944e-02
 -3.60323042e-02  4.17884141e-02 -3.79757099e-02  2.34052818e-02
 -6.34513656e-03  1.13286581e-02 -1.48071265e-02  5.46213016e-02
  4.01573218e-02 -1.63369346e-02 -9.11110733e-03 -1.56955346e-02
  4.12871800e-02 -2.51964573e-03  4.92608473e-02 -3.82570513e-02
 -6.15626089e-02 -7.60602672e-03 -2.23725991e-04 -3.08265146e-02
 -1.19984492e-04  3.32933129e-03  3.09386291e-02  6.86039627e-02
  8.84188339e-02 -9.11784731e-03 -9.22289863e-02  5.45985326e-02
 -1.23565700e-02 -3.48070078e-02  1.23670250e-02 -1.18825054e-02
 -7.48453513e-02 -7.50954077e-02 -9.18412581e-02  1.51172718e-02
  9.62455943e-02  3.16433422e-02  5.67610050e-03 -2.59361533e-03
 -7.56603852e-03 -4.64953408e-02 -9.69436765e-02  3.41139399e-02
 -1.15050405e-01  2.96446718e-02  7.11432621e-02  1.83854084e-02
  2.94861346e-02 -6.37076199e-02  4.35121134e-02 -4.09582928e-02
  2.91804466e-02 -4.27282192e-02 -5.13052195e-02  8.49847719e-02
  1.46579564e-01 -1.41053006e-01  2.71904171e-02 -1.23369485e-01
  4.45819870e-02 -9.60540250e-02  6.64311275e-02 -6.27330132e-03
  1.69236809e-02  7.58942682e-03  6.74337521e-02  5.61625101e-02
  7.52396509e-02  5.64305810e-03 -1.00888237e-02  5.08831162e-03
  2.60148030e-02  6.20628372e-02  4.77190949e-02  8.31762776e-02
  4.59529683e-02  4.65492532e-03 -5.93234003e-02 -1.55002534e-01
  5.15739573e-03  3.15651186e-02  1.28473733e-02 -9.81354043e-02
 -4.66916524e-02 -9.36704427e-02 -5.55664636e-02 -3.26199792e-02
 -1.35400845e-03 -4.62726057e-02  1.08260680e-02 -3.67650762e-02
 -1.02209738e-02 -2.80879382e-02  4.94650304e-02 -3.70051712e-02
  1.27460221e-02 -9.91982222e-02  5.89971850e-03 -3.93278245e-03
  5.50914072e-02 -4.48523685e-02 -2.45902799e-02 -1.82099957e-02
  2.01385412e-02  2.79707194e-04 -1.23013183e-03  6.31536469e-02
 -4.55116518e-02  4.15610224e-02  4.85511534e-02  7.00799078e-02
 -3.80520448e-02 -2.98751965e-02  4.23083641e-02  1.71687976e-02
 -3.10189724e-02  7.69769624e-02 -8.50264132e-02 -6.99187126e-33
 -4.43296544e-02 -1.16485670e-01 -5.35889603e-02 -5.11168689e-03
 -9.61125195e-02 -5.31534851e-02  5.08375876e-02 -1.16140014e-02
  5.82824983e-02  1.54382186e-02 -1.04717851e-01  5.16018458e-02
  4.35070619e-02  5.66514842e-02  1.22188158e-01 -1.54850837e-02
 -7.13686347e-02  1.04285412e-01 -2.37800225e-04  1.39438286e-02
  2.54958682e-02 -1.41738914e-02  4.28694338e-02 -6.67400211e-02
  8.56755674e-03  4.14778758e-03 -2.10653301e-02 -8.01948756e-02
 -1.10048249e-01  3.50071639e-02 -6.53040782e-02  2.73312982e-02
 -8.42073560e-02  3.93993072e-02  4.02611960e-03  1.04289889e-01
 -6.36536181e-02 -4.78888229e-02 -7.90811609e-03  7.09075406e-02
 -1.79980230e-02 -3.50639112e-02 -9.67785623e-03  1.89757496e-02
  1.06173297e-02  4.53149714e-02 -6.83146492e-02 -4.29087132e-02
 -3.59847024e-02  3.48210000e-02  2.06872597e-02  5.04944427e-03
  4.30783927e-02 -2.12959498e-02  7.36065134e-02  1.07017651e-01
 -3.02520189e-02 -9.36829522e-02 -6.26744777e-02  3.98795679e-02
 -4.89084981e-02 -2.51349825e-02 -1.06789907e-02 -2.96695773e-02
  3.13296467e-02  2.10642051e-02  9.00624245e-02 -3.89104337e-02
  4.38876785e-02  1.76637657e-02  5.23262173e-02  6.11250522e-03
  3.80478874e-02 -3.91469598e-02  8.68609082e-03 -4.91991756e-04
  6.32743537e-02  1.21650919e-02  3.19599770e-02 -1.01353712e-01
 -3.36915962e-02  5.51828146e-02  1.70861091e-02 -1.72621179e-02
  5.02153076e-02 -1.95673592e-02  5.02895229e-02 -5.50650880e-02
 -6.02138788e-03 -3.99352573e-02 -5.02834357e-02  1.07937872e-01
 -9.65570360e-02  3.95536833e-02  4.32992876e-02  3.84232663e-33
  1.85707083e-03 -3.72490622e-02 -1.15742935e-02 -8.20495654e-03
 -4.48773429e-02 -1.35885626e-02 -5.20899296e-02 -1.06541209e-01
 -3.28600965e-02 -2.21960414e-02 -2.27625258e-02 -7.40847783e-03
  2.22260319e-02 -4.93848398e-02 -8.76116157e-02  5.01072481e-02
 -4.55274470e-02 -6.81315586e-02  6.70015719e-03  3.31238471e-02
 -1.57963634e-02  5.18534258e-02 -3.16106342e-02 -8.91446229e-03
 -5.47329709e-02 -3.25289443e-02  5.33099798e-03 -7.65932500e-02
  5.23779131e-02  7.78373703e-03  1.13796564e-02  3.16425860e-02
 -1.12350568e-01  5.90568371e-02  4.77221943e-02  3.63509282e-02
 -8.90466908e-04  4.51395735e-02  1.50183085e-02  1.02699257e-01
 -2.76866853e-02  1.03949904e-01  1.02955103e-02  2.88917236e-02
  8.05875063e-02  2.78308168e-02  7.76541531e-02  4.03164551e-02
  4.83640432e-02 -3.01430072e-03  6.02868386e-02  3.77237983e-02
 -2.25684661e-02 -2.07363088e-02 -1.21994428e-01  4.92778160e-02
  4.04485390e-02 -3.34663615e-02  3.99290770e-02  7.18286335e-02
  3.21648456e-02  3.66680101e-02  5.25780320e-02 -2.48848591e-02
 -5.70423938e-02  5.12548052e-02  7.18610212e-02  3.79467085e-02
 -1.14535552e-03 -3.88073362e-02 -1.28825363e-02 -7.46885091e-02
  1.06946819e-01  1.11975251e-02 -6.17731698e-02  2.60741310e-03
  2.52033677e-02 -5.46922274e-02 -3.90253514e-02  5.29763699e-02
  2.14558281e-02  4.90651727e-02  9.66247637e-03  2.72863507e-02
 -6.14506193e-02  4.91231382e-02 -1.99933723e-02  5.67969494e-02
  1.89488176e-02 -7.84724355e-02  3.54843251e-02 -2.46149451e-02
 -7.13216932e-03  1.06363324e-02 -1.19099142e-02 -2.44261411e-08
 -1.06111363e-01 -5.63188735e-03  6.44665286e-02 -1.64747443e-02
  6.61210269e-02  1.07760692e-03 -1.79043151e-02  5.39798737e-02
 -3.61734666e-02 -7.90070146e-02  8.58575758e-03  1.05674356e-01
 -4.16237488e-02  9.51076075e-02  8.80690366e-02 -3.21173817e-02
  7.19449967e-02 -1.87622309e-02 -3.69117074e-02 -4.99576367e-02
  5.33010028e-02 -5.98179437e-02 -2.23670173e-02 -2.36517284e-02
  4.18152325e-02 -9.67717078e-03 -4.06684875e-02  1.94642171e-02
  5.58180548e-02  5.25552817e-02 -1.17936879e-02  7.54387975e-02
 -2.41275225e-02  4.13334556e-02  3.67566235e-02  3.21718380e-02
  1.83195993e-02 -6.54063746e-02 -5.15032485e-02 -1.78599998e-03
 -1.14889974e-02  7.33677521e-02  5.13190813e-02 -1.28603820e-02
 -8.21631774e-02  3.65939811e-02  3.20581160e-02 -3.39036360e-02
  1.39167756e-02 -2.42534652e-02  6.51110802e-03 -3.80960926e-02
 -6.46714214e-03  1.27848843e-02  5.84813133e-02  1.65767930e-02
  1.39706871e-02 -7.41179213e-02  2.88368352e-02 -2.78513860e-02
 -3.89021710e-02  2.51790006e-02  3.18331234e-02 -4.64234725e-02]"
57,"In genetic algorithms for feature selection, what role does the ""crossover operator"" play in the process?",Combines information from two parent feature subsets to create new feature subsets.,easy,16,12.775000000000002,"['A. Determines which features should be removed from the dataset.', 'B. Selects the best individual feature from the population.', 'C. Combines information from two parent feature subsets to create new feature subsets.', 'D. Evaluates the fitness of the entire population.']",4,64.75,"[-6.01238981e-02 -5.82155064e-02  7.09166527e-02  2.92979144e-02
  2.02437900e-02 -3.84450369e-02 -3.53607126e-02 -2.07773708e-02
 -5.15521690e-02 -4.19817343e-02 -4.49732020e-02  2.29405286e-03
 -4.93338797e-03 -5.97933643e-02 -7.09815174e-02  1.14631966e-01
 -1.90736202e-03  2.21003033e-02 -4.49168012e-02 -1.02551013e-01
 -3.36060859e-02 -2.27338653e-02 -4.78310287e-02 -1.75584368e-02
 -2.83819921e-02  1.61788892e-02  4.48280200e-03  6.36152625e-02
  5.05173877e-02 -6.83549838e-03 -2.53159497e-02  4.42565568e-02
 -2.03188453e-02 -1.13019031e-02 -1.50910869e-01  7.31194988e-02
 -8.77489243e-03 -1.28734810e-03  4.62787412e-02 -1.72898974e-02
  3.12357768e-02 -2.05608457e-03 -2.46732812e-02  4.24392149e-03
  1.89657509e-02  6.10750839e-02 -5.34841157e-02 -3.35025378e-02
 -3.47469747e-02  2.42114011e-02 -1.09830618e-01  4.25060689e-02
 -3.39206494e-02  6.56795949e-02  2.14064084e-02  1.48613779e-02
  5.56461513e-02 -4.47713844e-02  4.38840799e-02  7.41633307e-03
  8.37572664e-03 -4.73028719e-02 -5.77447452e-02  4.57196459e-02
  1.57797962e-01 -1.10767983e-01  1.98623855e-02 -3.33845615e-02
 -4.19900753e-03 -7.47887716e-02 -2.17054114e-02  8.36676918e-03
 -5.99347614e-02  8.28964189e-02  5.64590283e-02  5.30933477e-02
  9.33786333e-02  2.08181087e-02 -9.55762621e-03 -4.37603099e-03
 -3.30926813e-02  8.09184313e-02 -3.61025846e-03 -2.09748168e-02
  9.82464328e-02 -4.07464765e-02 -5.28881587e-02 -8.52321833e-02
 -6.77278964e-04  4.90940958e-02  4.54049325e-03 -9.08370987e-02
  3.27620655e-02 -8.59901682e-02 -6.52876794e-02  7.07512870e-02
 -1.77632309e-02 -1.80113141e-03  3.69667895e-02 -4.42493893e-02
 -1.61953382e-02 -1.17322188e-02  1.49999663e-01  2.75793988e-02
  4.64957319e-02 -9.36119556e-02  6.40527830e-02 -6.84129819e-03
  6.45954534e-02 -9.20983702e-02 -2.90340278e-02  8.93469434e-03
  5.56156561e-02  2.02698763e-02 -7.83159509e-02  4.59007770e-02
 -2.23898701e-02  4.40864936e-02  6.00284450e-02  8.35631043e-02
 -3.06320526e-02 -1.35517865e-02  7.16156187e-03  3.02226041e-02
  3.43791097e-02  7.42352158e-02 -1.00954391e-01 -5.24610235e-33
 -6.12766258e-02 -9.43021178e-02  1.22388406e-02  3.29562090e-02
 -2.26718839e-02 -3.96306179e-02 -3.79017666e-02 -6.82124719e-02
  3.18308175e-02  2.24488974e-02 -8.01636651e-02  2.78797504e-02
  4.39204127e-02  5.40290438e-02  3.94882634e-02 -1.82339996e-02
 -6.09581620e-02  5.77863026e-03 -3.43359187e-02 -6.03144020e-02
  3.00706457e-02 -1.74796674e-03 -1.72982272e-02  4.42359969e-03
 -3.26114036e-02  1.81102771e-02  3.34909409e-02 -4.76111174e-02
  9.24494304e-03  4.35748212e-02 -9.33938399e-02  2.29734927e-02
 -2.73104478e-02  5.70152886e-02  3.67368646e-02  5.38772941e-02
 -2.98940912e-02 -7.90237486e-02  3.31632011e-02  1.93556711e-01
 -1.88768823e-02 -7.88962394e-02 -1.56292506e-02 -1.21390177e-02
 -1.11295963e-02 -5.79184592e-02  8.98908358e-03  3.58244628e-02
 -6.15762807e-02  4.66657840e-02 -2.38160696e-02 -2.69956682e-02
 -1.70797966e-02 -2.72764675e-02  8.28560218e-02  7.34346732e-02
 -1.77870914e-02 -3.93890738e-02 -2.19585598e-02  2.72148103e-02
 -3.98800112e-02  4.39506061e-02 -5.83342137e-03  4.52661328e-02
 -3.82596999e-02 -2.98398677e-02  4.53042090e-02 -3.65074389e-02
  5.45698702e-02 -3.32648754e-02  2.36854814e-02 -6.26150519e-02
 -4.22867313e-02  1.24569191e-02 -3.64464000e-02 -2.88917813e-02
  2.71975826e-02  1.33018428e-02  1.13384634e-01 -5.17717078e-02
 -8.16413313e-02  1.00305162e-01 -3.42717841e-02 -4.10166476e-03
 -5.39842062e-03 -5.20313755e-02  1.68501139e-02 -8.51107463e-02
 -8.21068287e-02 -5.97208627e-02 -3.85714769e-02  4.11129221e-02
  3.56756547e-03  7.35911578e-02  3.82235087e-02  1.29838898e-33
 -3.11164372e-02 -7.75385126e-02  4.78558540e-02 -5.22442684e-02
 -8.14060643e-02 -7.48147517e-02  2.17541233e-02 -1.03286095e-01
  2.34796647e-02  1.40860211e-03 -2.05347151e-03  4.53526117e-02
  3.60018411e-03 -8.10110196e-02  3.20335738e-02  3.51831652e-02
  5.14821596e-02 -4.36748518e-03  5.47127984e-02  1.35187963e-02
  4.24212813e-02  6.38276115e-02  4.67807278e-02  1.56644527e-02
 -4.85975072e-02 -5.05816936e-02  3.91885601e-02  3.48360054e-02
  7.45301321e-02  1.06436918e-02 -8.18417668e-02 -1.06391739e-02
 -1.17172534e-02  9.00218040e-02  5.28557636e-02  5.24580888e-02
 -2.21348293e-02  6.04619831e-02  2.84921955e-02  4.08593155e-02
 -1.80013869e-02  5.50050400e-02 -5.98827610e-03  4.89206389e-02
  3.30387130e-02  3.84946652e-02 -4.29884307e-02 -1.30709019e-02
  5.94224259e-02 -1.99004915e-02  8.11547935e-02  5.59250377e-02
 -9.85421240e-04  8.29008315e-03 -1.22813679e-01  2.85181664e-02
  1.14421055e-01  6.84330761e-02  8.70618317e-03  6.36882260e-02
 -8.39799177e-03 -1.05648087e-02  7.15893209e-02  1.33952880e-02
 -2.45213527e-02  4.95147705e-02  4.01757797e-03 -3.60089960e-03
  3.35274003e-02 -1.44294789e-02  2.23750472e-02 -3.81741896e-02
  6.25978038e-02 -8.29516202e-02 -2.47397032e-02 -2.52668932e-02
  4.04947065e-03 -3.01094656e-03 -5.53661399e-03 -2.40717027e-02
 -6.61702007e-02  3.11574549e-04  2.86274869e-02  6.54134527e-02
 -8.16095397e-02 -4.00570147e-02 -2.64321342e-02  2.61038337e-02
  2.56448258e-02 -1.30848438e-01  7.12968335e-02 -4.35239375e-02
 -3.36880647e-02 -1.34851588e-02 -8.78200028e-03 -2.12775841e-08
  1.21416256e-03 -6.36915937e-02  3.32842506e-02 -6.86397776e-02
  1.00371234e-01  1.01887323e-02 -5.23648672e-02  2.26881378e-03
 -3.08987051e-02  8.41582566e-02  3.77744399e-02  6.37713596e-02
  5.21595925e-02  4.35772203e-02  1.11664578e-01 -3.38188857e-02
  7.73452455e-03  7.36413756e-03 -3.17925960e-02  8.82956479e-03
 -7.08674826e-03 -8.46039578e-02  1.97785757e-02  5.20123839e-02
  2.06544772e-02 -4.73723635e-02 -3.65233459e-02 -4.37361971e-02
  3.35050817e-03 -4.20231139e-03 -4.74067740e-02  3.89814377e-02
 -7.41651058e-02  8.31950605e-02  5.00311479e-02  6.14892021e-02
  1.37225417e-02 -1.58517919e-02 -9.11754593e-02 -1.08074339e-03
  4.09904029e-03  1.18787168e-02  3.75774801e-02 -1.54345371e-02
  3.63515019e-02  1.14172949e-02  8.16202536e-02  6.36408571e-03
  2.79857386e-02  4.03002873e-02  1.35531956e-02 -4.74706441e-02
  5.81623800e-02 -6.78391606e-02  1.28749022e-02 -4.40691598e-02
 -1.34498160e-02 -4.08580005e-02  2.62501929e-03  3.06850253e-03
  1.26107242e-02  7.50915110e-02  1.74978822e-02 -1.04650758e-01]"
58,What are the primary advantages of unsupervised feature selection methods when compared to other feature selection methods?,Unsupervised methods do not require labels for feature selection.,easy,17,15.334117647058822,"['A. Unsupervised methods guarantee the selection of the best features.', 'B. Unsupervised methods optimize for prediction accuracy.', 'C. Unsupervised methods handle feature interaction effectively.', 'D. Unsupervised methods do not require labels for feature selection.']",4,64.25,"[-7.06004873e-02 -4.29075137e-02  7.72781894e-02  6.78037703e-02
  1.75429061e-01  1.52844964e-02 -1.00409001e-01  1.47257848e-02
 -1.61045510e-03  6.41424302e-03 -2.47222111e-02 -1.25357388e-02
 -5.59086055e-02 -2.92181317e-02 -2.87684985e-02 -2.25675926e-02
  1.05105810e-01 -5.32759726e-02  1.45386346e-03 -6.54933527e-02
 -3.60774696e-02 -5.06517105e-02  1.07941609e-02  1.97840445e-02
  1.01632863e-01 -1.80100668e-02 -3.51579138e-03  4.85268533e-02
 -2.51421076e-03 -9.92800761e-03  1.02246096e-02  1.31090462e-01
  1.59872649e-03 -5.13068661e-02 -1.41643196e-01 -4.43601143e-03
 -2.22004368e-03  4.61444184e-02 -8.75730887e-02 -1.57918632e-02
 -2.20339671e-02 -9.32439342e-02 -5.11234999e-02  3.12768444e-02
  8.54902342e-02 -1.09746549e-02 -7.09489956e-02  2.62946207e-02
  1.06362645e-02 -6.36846870e-02 -5.25925085e-02  3.80600877e-02
 -3.01947035e-02  4.30561528e-02 -1.58041306e-02 -4.68420945e-02
  1.85604710e-02 -1.38312578e-02  3.52819674e-02 -2.93037202e-02
 -3.77603620e-03 -1.82152111e-02 -7.60361031e-02  2.40588188e-02
  9.54675674e-02 -6.35485500e-02  6.10079803e-02 -5.50757200e-02
  5.27299158e-02 -1.61847472e-02  2.72850469e-02  4.15554754e-02
 -3.32161151e-02  8.01774636e-02  2.99408156e-02 -1.95878721e-03
  3.78195792e-02 -2.48908922e-02  1.28555093e-02  1.65167474e-03
  2.38224827e-02  7.31156319e-02  1.61167681e-02  4.17112857e-02
  9.51070413e-02  3.39159928e-02 -7.52449706e-02 -3.74213122e-02
 -3.84939983e-02  3.60920057e-02  4.09198254e-02 -3.24273435e-03
  2.46531405e-02 -7.74483979e-02 -1.05620444e-01 -1.46769574e-02
 -4.67949621e-02  2.43573226e-02 -9.26325284e-03 -1.87098533e-02
 -4.11819201e-03 -3.29524763e-02  4.87896018e-02 -1.38824042e-02
  3.80880013e-02 -6.56494573e-02  5.36961965e-02 -1.73636083e-03
  1.14480898e-01  1.04087414e-02 -9.78559069e-03  2.66471654e-02
 -4.61878069e-02  2.05152240e-02  2.43681371e-02  8.78755189e-03
  2.45629791e-02  5.08956611e-02  5.81959412e-02  4.57861759e-02
  6.31320849e-03 -7.43498206e-02  6.22484423e-02  1.99236572e-02
 -1.82414688e-02  2.61934698e-02 -1.21668823e-01  4.73311101e-34
 -2.92275343e-02 -8.96059573e-02 -1.57576967e-02 -3.78218032e-02
 -2.53446065e-02 -7.21342815e-03 -5.45029901e-02 -3.01425438e-02
  7.08282217e-02  6.57589436e-02 -1.50527293e-02  8.50765035e-02
  7.09703490e-02  6.84329644e-02  1.25504285e-01 -3.93720940e-02
 -6.57950640e-02  1.13584995e-01 -6.38489649e-02  7.97479006e-04
  5.59131205e-02  2.43154131e-02  2.46577226e-02 -2.25516167e-02
 -8.14974979e-02 -4.01034057e-02 -4.17048112e-02 -2.59734411e-02
  1.83656979e-02  3.65212746e-02 -2.76051629e-02 -5.09448769e-03
 -1.49875982e-02  4.78379540e-02  1.80507312e-03  5.77585921e-02
 -4.00458984e-02 -1.46967471e-01  2.85182819e-02  4.83936332e-02
  3.59015609e-03 -4.89498861e-02  7.39365444e-02 -4.63689640e-02
  2.35960875e-02  2.38150209e-02 -4.08839062e-02 -6.77557290e-02
 -6.01108707e-02 -9.59834736e-03  6.37080297e-02  4.56399359e-02
 -1.99267715e-02 -5.06848507e-02  1.37934498e-02  5.94443567e-02
  5.20908460e-02 -5.44632711e-02 -1.25644077e-02 -2.96884831e-02
 -1.26723081e-01  4.62243631e-02 -9.35597636e-04 -4.38111238e-02
 -3.29099484e-02 -1.66377407e-02  1.13532385e-02  7.25264847e-03
 -6.23946041e-02 -3.33887860e-02  2.12567598e-02  4.55129193e-03
 -5.83930723e-02 -3.47535908e-02 -3.88697982e-02 -2.41101533e-02
  3.31159718e-02  5.73423393e-02  2.42917910e-02 -6.33728644e-03
 -3.34115997e-02  6.94153411e-03 -9.60376263e-02 -3.35204066e-03
  3.79779711e-02  7.63673261e-02  4.09017503e-02 -3.36798467e-02
 -3.41782416e-03 -1.71416923e-02  9.39244870e-03  7.44441450e-02
 -1.35412076e-02 -1.41758667e-02  6.08668961e-02 -1.82473733e-33
  3.08068644e-04 -1.33262901e-02  2.42504142e-02  2.36478131e-02
 -5.36596924e-02 -3.77110252e-03  2.19957046e-02 -2.99251731e-02
  1.58245326e-03 -1.37961671e-01 -2.65418589e-02 -4.63270815e-03
 -1.63917542e-02 -2.59668492e-02  3.91137600e-02  5.19217700e-02
 -3.83206941e-02 -2.36710627e-02 -2.22098790e-02  2.52600014e-02
 -1.26872472e-02  4.12821919e-02 -2.95261424e-02 -3.51881161e-02
 -5.42476065e-02 -3.25782299e-02 -8.80379304e-02 -3.25913541e-02
  3.53488326e-03 -4.93000187e-02 -2.14922079e-03  4.88350540e-02
 -1.22705325e-01 -2.85561197e-02  9.89672355e-03  5.77026084e-02
 -5.30260876e-02  4.16321866e-02  3.57898399e-02  7.35654086e-02
 -4.60700095e-02  1.26541451e-01  5.19705452e-02  1.44234439e-02
  2.26556566e-02  3.14916833e-03  2.61358321e-02  7.24358186e-02
  6.16462938e-02  2.99018193e-02  3.31240296e-02 -4.61788382e-04
 -5.18277194e-03  1.22350398e-02 -7.12817162e-02  1.22921783e-02
  8.25822875e-02 -1.18137691e-02  2.96812057e-02  3.65805328e-02
 -2.16183178e-02  5.64038754e-02 -4.49922727e-03 -3.24426102e-04
 -1.87299419e-02  8.04455299e-03  5.87381721e-02  9.68870744e-02
 -8.15037563e-02 -8.06053579e-02 -3.59065235e-02 -9.43288803e-02
  6.33587316e-02 -1.98548678e-02 -5.27134649e-02  3.70941386e-02
  4.56018634e-02  2.81555001e-02 -3.13618369e-02 -1.61258988e-02
 -3.57404761e-02 -6.10773005e-02 -3.58593240e-02  2.28487398e-03
 -4.76778485e-02  8.46131295e-02  2.64467560e-02 -6.01353087e-02
  3.99540504e-03 -9.48366821e-02  4.32326905e-02 -8.50922149e-03
  3.79536264e-02  6.99865445e-02  4.91002239e-02 -1.80853945e-08
 -1.76249966e-02 -5.83301038e-02  4.97492626e-02 -7.21100047e-02
  6.77379370e-02 -5.42853102e-02 -9.33947191e-02  1.41243234e-01
 -2.06408240e-02 -1.18738851e-02 -5.99027146e-03  1.13586651e-03
 -8.86481926e-02  7.16366842e-02  1.05284780e-01  1.63017977e-02
  8.56488198e-02  7.66715929e-02 -9.48098861e-03  3.81837115e-02
  2.63228454e-03 -5.74870072e-02 -2.55738664e-02 -2.46634930e-02
 -8.49544536e-03  1.33184483e-02 -2.38927864e-02  4.10613306e-02
  5.57961650e-02  4.29729298e-02 -5.36603779e-02  5.65820672e-02
 -9.79918428e-03  5.27151339e-02  8.80930871e-02  4.56335954e-02
  1.12564722e-02 -6.06143214e-02 -7.37416074e-02 -1.83074698e-02
  3.09886374e-02  9.29853991e-02  2.42869854e-02  6.34606369e-03
 -3.66827399e-02 -2.08992269e-02  5.99169508e-02  1.63688362e-02
 -1.26960706e-02  3.02392934e-02 -6.18985593e-02 -8.11583698e-02
  2.86715012e-02  5.77498460e-03  1.02191113e-01  8.07014480e-02
  1.20596064e-03 -4.17950675e-02  5.09616509e-02  3.73079702e-02
  1.44835496e-02  8.90855270e-04 -6.22160770e-02  1.26147214e-02]"
59,"When comparing feature selection methods, what is a shared disadvantage of both filter and unsupervised methods?",They may miss complex relationships and interactions between features.,easy,16,12.775000000000002,"['A. They are computationally intensive.', 'B. They require domain knowledge for effective use.', 'C. They may miss complex relationships and interactions between features.', 'D. They are typically slow and not scalable.']",4,51.5,"[-5.38523719e-02 -2.09427681e-02  5.69361858e-02  5.94027415e-02
  1.78353399e-01  5.11149690e-03 -9.04868692e-02 -3.82421305e-03
 -3.32816653e-02 -2.69909017e-02 -1.26610966e-02 -4.63276468e-02
 -5.84166013e-02 -4.06135693e-02 -6.29547238e-02  1.64736691e-03
  1.03565946e-01 -5.42275123e-02 -2.27100682e-02 -5.39917834e-02
  4.75246692e-03 -7.33945742e-02 -2.13311054e-02  4.12421413e-02
  8.08217973e-02 -1.37568945e-02 -2.07648966e-02  5.03348559e-02
  2.73276325e-02  1.41333845e-02  3.36795952e-03  9.05488804e-02
 -3.49548496e-02 -4.66878042e-02 -1.32537693e-01 -2.41147541e-03
  9.42800380e-03  3.55258100e-02 -9.38127041e-02 -6.26335293e-02
 -4.25426438e-02 -5.46707213e-02 -8.15864652e-02  2.59378664e-02
  3.46421525e-02  1.30539518e-02 -6.47730604e-02 -2.95373965e-02
 -1.56870205e-02 -6.87239915e-02 -4.96412702e-02  5.06580360e-02
 -4.49989140e-02  2.82136761e-02 -1.63911507e-02 -4.70790565e-02
 -3.01725399e-02 -2.73630582e-02  3.51852067e-02 -3.68532054e-02
 -4.21203114e-02 -3.10226269e-02 -5.37847169e-02  5.56577109e-02
  1.09490395e-01 -3.68948728e-02  3.31070796e-02 -5.89085706e-02
  6.59309253e-02  7.40040047e-03 -2.96399114e-03  6.05689622e-02
 -2.24250723e-02  8.76673236e-02  3.08556780e-02  2.44029500e-02
  3.93642560e-02 -2.63564996e-02 -2.38826871e-03 -2.03572656e-03
  1.75923165e-02  2.71003731e-02  1.48887224e-02  2.17883009e-02
  6.35225475e-02  4.60865386e-02 -9.81692672e-02 -9.81424153e-02
 -1.34554217e-02  1.94214322e-02  4.00355458e-02  2.87962090e-02
  6.25950098e-02 -3.13497409e-02 -9.31339636e-02 -3.41714285e-02
 -3.45262624e-02  7.67788813e-02  1.82939856e-03  7.66763836e-03
 -2.44226940e-02 -2.92860041e-03  4.83068600e-02  7.17907585e-03
  6.41110539e-02 -5.46470582e-02  6.11730292e-02 -2.66493727e-02
  6.14815317e-02 -3.19189136e-03 -2.50832010e-02  5.86058944e-02
 -1.63599085e-02  2.19119713e-02  2.50544921e-02  4.17782180e-02
  6.26311749e-02  2.91355532e-02  3.38261314e-02  2.31933109e-02
 -5.05512999e-03 -6.68990090e-02  8.84650946e-02  3.98600511e-02
 -3.98089224e-03  4.04499993e-02 -9.31309611e-02 -7.75031343e-34
 -2.42460612e-03 -9.60330591e-02 -1.58968419e-02 -8.76620859e-02
 -3.44233029e-02 -4.82260250e-03 -1.53846350e-02 -5.05313138e-03
  1.00446068e-01  3.55210938e-02 -2.38118693e-02  3.78508903e-02
  2.79886387e-02  2.52747405e-02  1.47509202e-01 -3.39610837e-02
 -5.01936264e-02  8.41972753e-02 -7.94243291e-02 -1.37252361e-02
  4.07612994e-02  8.30008369e-03  3.00627248e-03 -1.14678433e-02
 -4.99604195e-02 -4.87614945e-02 -4.16316167e-02  1.16163930e-02
  7.80546106e-03  4.90786731e-02 -5.95547222e-02 -9.98038985e-03
 -4.55364995e-02  8.12963694e-02  4.27393755e-03  5.79402372e-02
 -9.71121248e-03 -8.36919025e-02  1.00685498e-02  2.69897860e-02
 -2.79594567e-02 -2.00788900e-02  7.33198747e-02 -9.34264436e-02
  3.11862994e-02 -3.00161056e-02 -4.24821898e-02 -4.80677187e-02
 -3.69033515e-02  2.28332225e-02  7.99620524e-02  2.62037031e-02
 -3.19086872e-02 -4.22641374e-02  1.04630273e-02  3.73434685e-02
  7.87841305e-02 -2.73758806e-02  1.32913413e-02  8.41442216e-03
 -1.25861555e-01  2.13535540e-02  1.13543943e-02 -5.61260954e-02
  2.03553010e-02  7.91646540e-03  3.77345383e-02  1.36241056e-02
 -5.85149005e-02 -9.01996121e-02  3.01866233e-02 -2.05587037e-02
 -7.56030902e-02  2.47479994e-02  2.32882034e-02 -4.41362858e-02
  2.68311780e-02  5.56915998e-02  4.03832793e-02 -2.13455334e-02
 -3.59551832e-02  2.11061034e-02 -8.18723291e-02  1.67037901e-02
 -3.56834661e-03  9.24590901e-02  5.49347624e-02 -2.23688670e-02
  1.82179827e-03 -2.17987131e-02  3.74700583e-04  1.03847854e-01
 -1.44056519e-02 -1.32863205e-02  8.14666599e-02 -1.44339787e-33
 -1.05451243e-02 -1.99688436e-03  6.63173720e-02  3.17238532e-02
 -5.83003759e-02 -2.42252946e-02  3.30538601e-02 -1.93365943e-02
  4.55769822e-02 -9.64689478e-02 -1.55136138e-02 -6.85004070e-02
 -2.39993781e-02 -4.29445133e-02  5.96509911e-02  4.54025902e-02
 -4.04529907e-02 -5.74865565e-02 -4.40776609e-02  3.45613211e-02
 -6.13342114e-02  6.29093051e-02  1.28752096e-02 -4.83352356e-02
 -8.57625157e-02 -2.79070660e-02 -5.35112657e-02 -6.86078742e-02
  4.91696335e-02 -6.07841238e-02  8.42759851e-03  7.01155886e-02
 -7.71570727e-02 -2.08653864e-02  8.32130760e-03  3.11284028e-02
 -8.49641263e-02  5.98257966e-02  6.21432327e-02  5.00368550e-02
 -6.39219731e-02  1.00290887e-01  4.38841358e-02  2.49883905e-02
  8.15025717e-03  1.41919940e-03  3.04202046e-02  2.72986908e-02
  5.15302718e-02  2.85986289e-02  4.20940109e-03  3.67591716e-02
 -2.74042357e-02  3.49761508e-02 -7.92674869e-02  1.76245738e-02
  1.03449143e-01  2.59077339e-03  3.33969668e-02  3.65810096e-02
  5.28504513e-03  3.79900709e-02 -3.33387442e-02 -3.00160069e-02
 -1.15169054e-02  3.19351405e-02  6.77034855e-02  1.18304253e-01
 -2.33065542e-02 -7.92770088e-02 -1.03709642e-02 -1.23766080e-01
  4.75496911e-02 -5.05269691e-02 -4.44516912e-02 -8.90590483e-04
  6.82848394e-02  6.02721535e-02 -1.32541079e-02  3.26095223e-02
 -2.25359481e-02  6.40230440e-03 -5.05324453e-02  1.86470281e-02
 -7.77682066e-02  4.16526571e-02  8.49706680e-03 -9.85070467e-02
 -1.20750517e-02 -8.89494941e-02  4.97660190e-02 -1.58966668e-02
 -2.76764575e-03  3.73089500e-02  6.92827180e-02 -2.06043804e-08
  6.00011647e-03 -6.70778826e-02  4.96908985e-02 -2.72501335e-02
  2.82383878e-02 -2.65785605e-02 -1.04745366e-01  1.10436983e-01
 -7.35290870e-02 -1.01542184e-02  8.78357608e-03  5.57190813e-02
 -8.87453035e-02  7.32308254e-02  4.40688506e-02 -1.48193613e-02
  5.12266532e-02  7.69254565e-02 -2.79864538e-02  7.84116462e-02
  7.05856970e-03 -6.35241494e-02 -4.22741845e-02 -2.47665569e-02
 -2.11735610e-02  1.84341501e-02 -1.95704885e-02  1.24184173e-02
  6.21676110e-02  3.85030918e-02 -3.32896262e-02  9.11189318e-02
 -2.94839982e-02  4.86431643e-02  7.07604736e-02  2.60874871e-02
  2.01854892e-02 -5.32793589e-02 -1.06583141e-01  7.39861885e-03
  3.07825040e-02  8.56474116e-02  3.54784504e-02  7.43539585e-03
 -4.87436205e-02 -2.64977124e-02  9.36375484e-02 -4.90830764e-02
  2.03836150e-02  6.91251308e-02 -4.12989557e-02 -6.75578043e-02
  5.96734285e-02 -3.09230089e-02  9.52688530e-02  4.92151566e-02
 -1.45803643e-02 -5.52337319e-02  4.47471067e-02  2.07158737e-02
  1.56640299e-02 -3.34810503e-02 -3.17926779e-02  2.01725159e-02]"
60,What is a distinguishing characteristic of filter methods in feature selection when compared to  wrapper methods?,Filter methods evaluate features independently using statistical measures.,easy,16,13.5125,"['A. Filter methods optimize for specific machine learning algorithms.', 'B. Filter methods are computationally intensive and thorough.', 'C. Filter methods evaluate features independently using statistical measures.', 'D. Filter methods rely on domain knowledge for feature selection.']",4,67.75,"[-4.41495143e-02 -2.22620685e-02  9.60446224e-02  4.07004543e-02
  1.26769438e-01 -1.15414904e-02  3.95366078e-04 -2.08513271e-02
 -4.03934233e-02  1.38105534e-03 -1.11836083e-02 -7.62560144e-02
 -7.62223527e-02 -1.54089546e-02 -7.14429766e-02  3.24189253e-02
  4.13472317e-02 -5.95137514e-02  2.34608762e-02 -3.30205858e-02
  4.02420834e-02 -2.12519597e-02 -3.23292352e-02  9.23274830e-03
  3.17614116e-02  7.75061082e-03 -3.23857251e-03  4.59666550e-02
  3.87853011e-02 -2.89152469e-02 -3.29041518e-02  9.15273875e-02
 -8.79219994e-02 -3.18991095e-02 -1.15923680e-01  1.75307319e-02
 -1.15816237e-03  3.15828659e-02 -4.91047874e-02 -1.35351121e-02
  1.79484338e-02 -1.58098526e-02 -4.59566303e-02  2.98992340e-02
  7.05786943e-02  5.10245971e-02 -4.95604686e-02 -4.19144407e-02
 -3.03050559e-02 -7.82887414e-02 -5.64444400e-02  1.04488775e-01
 -5.40756658e-02  5.05494513e-02 -3.15190740e-02 -1.20258138e-01
 -7.52294762e-03 -3.75880599e-02  3.17795351e-02  3.69817913e-02
 -1.54638505e-02 -3.36785130e-02 -8.31840709e-02  7.20870271e-02
  7.67172575e-02 -1.60950813e-02  4.55115326e-02 -3.44990529e-02
  5.22744656e-02 -4.28116471e-02 -5.46671636e-02  3.55022624e-02
 -6.85649812e-02  7.45149702e-02  3.70489471e-02  5.87212807e-03
  4.56476510e-02 -6.49572210e-03 -8.28948151e-03  2.76746415e-02
 -2.62558069e-02 -1.84272509e-02 -6.82577258e-03 -5.65322023e-03
  6.78108186e-02  8.80294293e-02 -6.58278018e-02 -1.54819071e-01
 -2.58276407e-02  3.34747657e-02  7.54012838e-02 -1.34138810e-02
 -1.36029180e-02 -4.23262566e-02 -1.27402127e-01 -2.50370782e-02
 -3.36089693e-02  3.24560795e-04  5.50328828e-02  2.47343555e-02
 -2.96189021e-02 -6.89448044e-02  7.06582814e-02 -4.49739173e-02
  7.97153786e-02 -7.55334795e-02  6.56259060e-02 -7.64134061e-03
  5.16843721e-02 -9.06496868e-03 -3.44888009e-02  1.63384583e-02
 -4.26588655e-02 -6.74628280e-03  2.97729950e-02  2.38562841e-02
  1.08108930e-02  5.95191754e-02  8.59558061e-02  2.28425711e-02
  4.04066779e-02 -1.53565994e-02  5.51029220e-02 -5.94840804e-03
  2.01955624e-02  9.39400345e-02 -5.91306835e-02 -2.07430121e-33
  2.87698563e-02 -7.62847364e-02 -2.83995364e-02 -2.47443803e-02
 -6.77409023e-02 -2.37544514e-02 -1.99713055e-02  2.03020126e-02
  9.22832415e-02  8.67077112e-02 -5.09098172e-02 -7.49807199e-03
  8.34861398e-03  3.31955403e-02  1.11073680e-01  3.03536505e-02
 -9.72991884e-02  5.29058650e-02 -1.09825172e-01 -1.82719603e-02
 -8.75915692e-04 -6.27159234e-03  7.93938041e-02 -4.97890227e-02
 -5.04132845e-02 -3.63580994e-02 -6.09624386e-02  3.05454334e-04
 -2.78985761e-02  4.63256091e-02 -3.82854715e-02 -3.37248878e-03
 -1.73989385e-02  1.04679242e-01 -3.70364189e-02  7.16630593e-02
 -2.49086637e-02 -4.92157228e-02  3.23288068e-02  7.32910912e-03
 -6.64522871e-02 -4.36861403e-02  1.05219465e-02 -3.66167128e-02
  4.97034527e-02 -1.71358744e-03 -7.90475905e-02 -1.89244449e-02
 -3.58054414e-02  4.14274409e-02  4.42432500e-02  1.55119486e-02
 -4.92703822e-03 -8.51321686e-03  1.02130948e-02  5.37173897e-02
  6.05378263e-02  2.21988875e-02  6.58902293e-03  3.07168271e-02
 -4.96154800e-02  4.10850570e-02 -3.28473933e-02 -5.74564859e-02
  6.65001720e-02  2.67895088e-02  6.69934750e-02  6.80280197e-03
  1.46352099e-02 -8.62658173e-02  2.47277915e-02 -1.26867909e-02
 -5.77487461e-02  1.31980693e-02  2.11102832e-02 -8.08890834e-02
  5.76182604e-02  3.43031622e-02  9.51521471e-02 -3.17146070e-02
 -6.20322973e-02  1.36774248e-02 -4.76390943e-02 -3.16597819e-02
 -6.66700900e-02  9.14933681e-02  4.10809256e-02 -9.39038768e-03
  3.60178621e-03 -4.79465276e-02 -1.04971109e-02  9.41568837e-02
 -5.26733603e-03 -9.69000626e-03  3.64762917e-02 -8.05227130e-34
 -1.73659511e-02 -5.64424437e-04  9.20168459e-02  4.81936559e-02
 -4.25114743e-02 -4.38133851e-02 -3.93699184e-02  5.40349982e-04
  3.47455740e-02 -8.35447013e-02  2.75500864e-03 -4.32504304e-02
 -3.26936767e-02 -2.24334374e-02  4.46107797e-02  4.31986004e-02
 -4.01373245e-02 -9.20906439e-02 -2.08033063e-03  9.39989928e-03
 -7.95936510e-02  4.51715998e-02 -6.35469391e-04 -1.54454438e-02
 -3.69785018e-02 -6.91195801e-02 -8.11548531e-03 -3.93002555e-02
  1.25108942e-01 -8.09530467e-02  2.00644080e-02  3.63661977e-03
 -3.39763686e-02  7.08508193e-02  4.04681452e-02  1.31111229e-02
 -1.92917455e-02  8.67432579e-02  6.55014887e-02  1.05914637e-01
 -5.21089956e-02  3.78907248e-02 -4.49447520e-03  1.48534710e-02
 -1.24309410e-03 -4.36227806e-02 -3.43519822e-02  5.07296703e-04
  1.42983897e-02  9.46728792e-03  3.03015653e-02  4.82008457e-02
 -2.78323777e-02  2.16549560e-02 -1.00188538e-01  8.21660087e-02
  4.09662351e-02 -1.66661479e-02 -1.48218209e-02  5.46573475e-02
 -2.34033652e-02 -4.11726389e-04  3.56891155e-02 -5.22109978e-02
  4.26383689e-02  5.00952750e-02  4.22102101e-02  1.34442197e-02
 -5.88520318e-02 -4.55075316e-02 -2.88047083e-03 -1.07320853e-01
  2.32899170e-02 -5.96371256e-02 -4.99019846e-02 -3.85864899e-02
  1.40320519e-02 -3.46524827e-02 -3.90046611e-02  2.21897606e-02
 -3.52285914e-02 -3.20333838e-02 -2.04288419e-02  2.59935837e-02
 -7.35494718e-02  1.23662446e-02  7.35548325e-03 -5.92071228e-02
  8.41523055e-03 -8.46510530e-02  9.42328870e-02  1.65270660e-02
 -8.21480900e-02  6.43271655e-02 -7.10813841e-03 -1.99861407e-08
  3.90856490e-02 -6.03081435e-02  1.34489955e-02 -2.53845975e-02
  4.23592441e-02  7.27572069e-02 -2.89633125e-02  6.30048364e-02
 -8.34684446e-02 -2.98561640e-02 -1.31624832e-03  1.32230073e-01
 -6.75001591e-02  6.84693977e-02  7.57774115e-02 -9.54881012e-02
 -4.25543189e-02  1.02352142e-01 -4.20703851e-02  2.96007041e-02
  2.85964608e-02 -5.44153415e-02 -1.12087782e-02 -6.80430382e-02
 -3.14917676e-02  3.00332950e-03 -7.01334924e-02  3.84645052e-02
  8.15989450e-02  7.57982954e-02  2.84491759e-02  9.33439583e-02
  1.12788985e-02  2.85041891e-02  8.45079795e-02  5.69771938e-02
  3.90677080e-02 -7.31412247e-02 -7.40812346e-02  1.12699166e-01
  4.62699793e-02  3.17532895e-03 -7.64542911e-03  1.35782547e-02
  1.15321139e-02 -1.06205633e-02  9.16496813e-02 -4.22217920e-02
  3.77285555e-02  9.76437703e-02  3.43728368e-03 -2.96833869e-02
  1.79120544e-02 -2.13208310e-02  2.35083532e-02  2.44967267e-02
 -7.70642655e-03 -3.94670665e-02  2.99342778e-02 -1.01700716e-03
 -4.73453365e-02 -2.83837374e-02  4.99189906e-02  6.67701736e-02]"
61,What is the impact of outliers on K-means clustering?,Outliers can significantly influence the position of centroids.,easy,9,6.27555555555556,"['A. Outliers have no impact on K-means.', 'B. Outliers can significantly influence the position of centroids.', 'C. K-means automatically identifies and excludes outliers.', 'D. Outliers are treated as separate clusters.']",4,51.75,"[ 1.92449652e-02 -4.78756847e-03  4.79353406e-02  3.99516672e-02
  2.76768878e-02 -3.14337946e-02  1.62365306e-02  9.49544832e-03
 -9.40978061e-03 -2.68595619e-03  4.95258383e-02  2.94344574e-02
  6.55180514e-02 -1.84306819e-02 -3.57866846e-02 -7.85037950e-02
  1.08615041e-01 -3.76995318e-02 -5.77065907e-02 -4.19734940e-02
 -6.86463788e-02 -5.09680808e-02  1.97101414e-04  3.45000066e-02
  3.53835843e-04  7.97643152e-05 -1.41639076e-02 -5.16570285e-02
 -1.31070986e-02 -4.17343266e-02 -1.07764408e-01  7.99834058e-02
  7.99981132e-02 -1.69959906e-02  1.12777185e-02  1.08474838e-02
  7.14649782e-02  5.62777519e-02 -3.73064354e-02 -2.81615788e-03
 -6.80800201e-03  1.12438882e-02  4.77157533e-02 -3.56896110e-02
 -4.19243351e-02 -3.63385715e-02 -2.26461142e-02 -6.90516531e-02
 -7.21996054e-02 -4.06143740e-02 -2.09793206e-02 -2.94949324e-03
 -5.20784594e-03  4.55536321e-02 -3.42799127e-02 -5.25442064e-02
 -9.06379446e-02  4.55485918e-02  8.96013379e-02 -2.87359487e-03
  8.54028687e-02 -3.41281444e-02  2.21363436e-02  4.25786451e-02
  8.58574286e-02 -4.76438738e-02  7.43279606e-02  3.83430421e-02
  2.76789740e-02 -3.33953574e-02  1.17589191e-01  1.13729329e-03
 -3.51155847e-02  8.72777868e-03  6.32003546e-02  1.78887025e-02
 -1.62005685e-02 -2.22055186e-02  4.39036032e-03 -3.18814591e-02
  7.43807182e-02  5.07627651e-02 -3.01575065e-02 -4.64775153e-02
  5.69902435e-02 -7.55551830e-02 -3.01176198e-02 -2.07842160e-02
 -3.60962003e-02  4.09328518e-03 -2.27114814e-03  1.37597322e-02
  3.36846635e-02 -7.40258992e-02 -4.78573563e-03 -1.63580826e-03
  1.10079832e-02  1.42670218e-02  1.05215505e-01  2.66982429e-02
 -1.81234907e-02  9.16426107e-02 -5.17279208e-02  1.80791169e-02
  5.00465557e-02 -4.05934826e-02  3.87999453e-02 -4.63262312e-02
  5.35307080e-02  4.59011905e-02 -1.08929211e-02  1.75478626e-02
  9.11996141e-03 -2.90395282e-02 -2.46408687e-04 -4.54063751e-02
  1.97386876e-01  2.89130700e-03 -4.78562489e-02 -3.94990854e-02
 -1.24830473e-02 -3.03394590e-02  1.75310690e-02  5.73821999e-02
  4.45019640e-02  5.36110401e-02 -1.29453287e-01 -4.08652199e-33
  1.37467869e-02 -1.39240939e-02  1.52037875e-03 -7.98394382e-02
  2.78875157e-02 -1.00157686e-01 -6.98368102e-02 -4.19831835e-02
  5.95308952e-02 -1.20539824e-02 -1.76739469e-02  3.29938307e-02
  9.49149057e-02 -4.95602526e-02  8.59749690e-02  2.98499987e-02
  3.34956124e-02  3.89223471e-02 -4.55274209e-02  1.16673429e-02
  3.35896499e-02 -9.80864838e-02 -2.33176295e-02  2.20248196e-02
 -1.17693514e-01  3.29148248e-02  5.57143129e-02 -1.74875036e-02
  2.14432459e-02  1.43854991e-02  8.26061293e-02  6.92663202e-03
 -6.75040334e-02  7.69817159e-02 -9.35838744e-03  7.28527904e-02
 -5.58364876e-02 -2.91598625e-02  5.00554778e-02  8.64175335e-03
 -7.93665498e-02 -5.73809864e-03 -2.81440024e-03 -5.37949689e-02
  7.00426996e-02  7.44087100e-02  7.53202140e-02 -4.01370153e-02
  1.05564110e-02 -8.51215497e-02 -1.20332472e-01 -5.51478304e-02
  4.52276431e-02  6.32397234e-02  1.24574536e-02  8.01128000e-02
  5.84815107e-02 -1.37999699e-01  1.60894394e-02  3.33813652e-02
 -2.41490304e-02 -5.95398471e-02 -2.83051617e-02  1.75245143e-02
  2.31230482e-02 -3.14156935e-02  7.37117976e-02  5.48973642e-02
 -7.73169547e-02  6.24771826e-02 -5.42340688e-02  4.31790501e-02
 -1.19931489e-01 -1.32597871e-02 -4.39018235e-02  6.96273968e-02
  1.83099732e-02  1.17490105e-02 -3.49719226e-02 -4.12624404e-02
 -4.25222516e-02 -7.21387640e-02 -1.04290538e-03 -7.43575254e-03
 -3.16940397e-02  1.74136851e-02  5.39159961e-02 -2.58974470e-02
  2.85613295e-02  3.24855326e-03 -5.38346097e-02  2.13062600e-03
 -4.24808674e-02  1.59785729e-02 -8.23926032e-02  2.06748793e-33
 -6.46200329e-02  6.10825568e-02 -4.85062860e-02  5.28831547e-03
  3.58393043e-02  1.53373620e-02  1.91795696e-02  1.21481113e-01
  4.51703556e-02 -2.28568502e-02 -6.48378953e-02 -1.89444292e-02
  1.70329623e-02 -6.08592620e-03  5.59781194e-02 -2.14378573e-02
  6.31323755e-02  1.09109148e-01  1.57253202e-02 -4.30736095e-02
  4.02031951e-02 -1.34845391e-01  2.59339903e-03  1.57682169e-02
 -6.77826768e-03  7.69615918e-02 -1.28169715e-01 -5.18449806e-02
 -1.60693154e-01  5.45939477e-03  4.88311909e-02  2.76474971e-02
 -9.48823243e-02  4.46730256e-02  5.00220247e-03  1.54963452e-02
 -3.33197899e-02  6.30247593e-03 -3.04174479e-02 -9.06250924e-02
 -3.88205200e-02  8.93016607e-02 -1.29035730e-02  2.15072446e-02
  5.63088432e-02  1.92373544e-02  3.94727029e-02 -1.71142984e-02
  1.15384338e-02 -1.73472539e-02  1.05640003e-02  4.89652753e-02
  3.93885300e-02  6.23047873e-02 -4.16810885e-02  5.72329909e-02
  8.17956477e-02  4.34349328e-02 -5.00224046e-02  2.73932740e-02
 -1.22792171e-02 -8.32990333e-02 -4.49259728e-02  9.24382766e-04
 -3.07284091e-02 -4.99940552e-02  2.53339205e-02 -3.45768481e-02
 -2.58722510e-02  2.22458448e-02  7.74047803e-03 -6.23159148e-02
 -1.92569345e-02 -1.05597386e-02 -8.84056091e-02 -1.32913040e-02
  1.84323471e-02 -2.03824136e-02  1.05318800e-02  4.18058364e-03
 -2.90192198e-02 -3.74149457e-02 -2.86211725e-03 -2.81867385e-02
  3.95794511e-02  1.20223630e-02  2.79724896e-02  1.55919269e-02
  1.37322058e-03  1.58940330e-02 -4.32937406e-02 -1.31386956e-02
 -2.37354301e-02 -6.63737208e-03 -3.64451930e-02 -1.97615240e-08
 -6.37291968e-02 -2.77837683e-02 -8.81022587e-02 -2.46651471e-02
  4.78604473e-02  8.70079827e-03 -1.03485622e-01  1.59287527e-01
 -4.59386185e-02 -5.33249378e-02  3.26249450e-02 -6.27969429e-02
 -4.52432074e-02  2.62719058e-02  1.22591872e-02  2.77387965e-02
  9.15812328e-03  7.44989738e-02 -3.11254468e-02 -6.46189600e-03
 -1.40038738e-02  9.94141027e-03  2.73160660e-03  6.50537852e-03
 -4.45086472e-02  2.69820560e-02  4.85759079e-02  1.04336433e-01
  8.41090269e-03 -2.29225028e-02 -2.64721410e-03 -2.66737733e-02
  7.23011792e-02  5.69726601e-02 -1.82946380e-02  7.16099516e-02
 -1.22159645e-01  3.01823169e-02 -3.61243151e-02  6.11970574e-02
  2.32953299e-02  1.40239419e-02  4.92404588e-02  3.80529128e-02
  2.50947196e-03 -1.77236237e-02 -8.67728051e-03  1.13204487e-01
 -6.70423312e-03 -4.92503345e-02 -4.41720011e-03  2.42226408e-03
 -3.25174257e-02  2.79240287e-03  3.45532745e-02 -1.81882065e-02
  2.01129038e-02 -6.24344796e-02  6.76141977e-02 -3.19819823e-02
  5.65839894e-02 -7.03626871e-02 -2.63035260e-02  1.28182974e-02]"
62,How does the choice of the number of clusters (K) affect the performance of K-means?,An inappropriate choice can lead to poor clustering results.,easy,15,5.993333333333336,"['A. It has no impact on the performance.', 'B. An inappropriate choice can lead to poor clustering results.', 'C. K-means automatically determines the optimal number of clusters.', 'D. An inappropriate choice may label some data points as outliers.']",4,58.75,"[ 7.88250268e-02 -2.58171279e-02  9.38963238e-03  1.01580042e-02
  3.54302377e-02  2.25890260e-02 -4.18423377e-02 -1.73676144e-02
  9.67096761e-02  3.30052637e-02 -1.85228493e-02  9.01508797e-03
  7.13467672e-02 -6.33398592e-02 -1.02321096e-02 -7.49335811e-02
  7.71269649e-02 -9.23366845e-02 -1.01710577e-02 -5.08141890e-02
 -1.05062770e-02 -1.13208733e-01  8.12694356e-02  9.83173866e-03
 -4.55665682e-03  2.48988383e-02 -6.79952726e-02 -2.35580411e-02
  5.22504151e-02 -1.10477060e-02 -9.22091827e-02  1.39726758e-01
  1.12890393e-01 -6.99410262e-03  1.63795184e-02  2.73793396e-02
  2.61929072e-02  2.72484049e-02 -9.94400308e-02  6.29070774e-02
  1.74502488e-02  3.50325145e-02  5.63535914e-02 -4.26071808e-02
  8.29361752e-03  1.23227341e-02 -4.47083339e-02 -1.60069149e-02
 -7.98166543e-02 -3.97032835e-02  3.22628915e-02  1.71193928e-02
 -9.88848507e-02  7.13506639e-02 -5.45753427e-02 -3.04144528e-02
 -7.88460597e-02  2.28021964e-02  6.69764206e-02  2.58063041e-02
  3.62298936e-02 -1.11138329e-01  5.43122776e-02 -1.89019181e-02
  7.24209547e-02 -2.63221096e-02  7.71063715e-02 -1.28002828e-02
  2.11850498e-02 -2.23283265e-02  8.98978859e-02  2.18764041e-02
  5.95661625e-03  1.13371089e-02  2.21863259e-02  2.24000867e-02
 -1.88114513e-02 -5.46494611e-02 -2.57505719e-02 -3.47506516e-02
  3.54651287e-02  4.16956991e-02 -2.14015339e-02 -2.64993906e-02
  1.43346563e-03 -3.64772826e-02 -4.95841680e-03 -1.06108986e-01
 -8.38947203e-03 -3.16824578e-02  2.16568355e-02  3.37688848e-02
 -3.95856594e-04 -5.06060198e-02 -4.95062917e-02  7.93705136e-03
 -1.41071323e-02  4.99650836e-02  9.87693146e-02  8.03248491e-04
  2.58040186e-02  7.80014992e-02  4.81466539e-02 -6.08108006e-02
 -3.13229300e-02 -7.47175142e-02  2.00191960e-02 -2.42989957e-02
  8.33011121e-02  7.37206116e-02 -8.06412473e-03  5.85683845e-02
 -4.30091992e-02  5.90940900e-02 -6.30995780e-02 -3.45151639e-03
  1.13923900e-01 -1.09373145e-02  3.14302519e-02  4.41959500e-02
  2.75244173e-02 -7.32490048e-02  6.57312050e-02 -1.64228324e-02
  4.77006771e-02  2.83254832e-02 -1.05615072e-01 -5.59860960e-33
 -2.70797797e-02 -8.12807903e-02  3.48769650e-02 -4.21070680e-02
 -7.78078241e-03 -3.55013348e-02 -4.38329503e-02 -4.44212481e-02
  5.08485436e-02 -7.58213177e-02 -7.32504204e-02  7.42028356e-02
  9.57541168e-02 -3.13848592e-02  1.08238585e-01  4.23255935e-03
  6.33764490e-02  5.41128367e-02 -8.42631236e-02 -1.88017488e-02
  7.61234835e-02  1.36687141e-02 -1.82204843e-02  2.56440770e-02
 -1.20086893e-01 -6.17898861e-03  1.86819006e-02  1.84810702e-02
 -8.79979320e-03  1.97138749e-02  8.01146869e-03  1.79460738e-02
 -6.75654188e-02  8.89830738e-02 -1.17878895e-02  8.80987793e-02
 -1.44816153e-02 -4.41807546e-02  5.64338714e-02 -5.30487932e-02
 -8.57018232e-02  1.02202892e-02  6.53100684e-02 -1.88264921e-02
  3.11342943e-02  4.67703901e-02  1.23559376e-02  1.41075754e-03
 -3.84879895e-02 -1.64734405e-02 -5.04438803e-02 -2.23438796e-02
  5.06493263e-02  4.06859256e-02  8.16959143e-02  7.88473338e-02
  3.63123715e-02 -9.02444944e-02  4.96951165e-03  2.33006403e-02
 -5.32187410e-02 -6.29715025e-02 -4.96297106e-02  2.09255740e-02
  9.57127847e-03  3.23449746e-02  2.32190397e-02  5.80343790e-02
 -1.39548061e-02  3.82485241e-02 -9.63426474e-03  7.52223358e-02
 -6.90018982e-02 -1.87126901e-02 -2.03584470e-02  7.10060168e-03
  2.46279910e-02  2.82152109e-02 -8.80644023e-02  6.54620863e-03
 -2.66837757e-02 -2.25407369e-02 -9.23347622e-02 -1.98066868e-02
  4.02138494e-02  4.23000287e-03  5.32160439e-02 -4.31736484e-02
  1.64165068e-02 -5.88523895e-02 -1.04051391e-02  2.72272136e-02
  3.12264860e-02  2.56966129e-02 -1.24207847e-01  2.73310077e-33
 -2.89660376e-02  4.70487960e-03 -1.37256505e-03  7.64018670e-02
  3.91009636e-02  2.40166467e-02  1.69860721e-02  1.69361047e-02
  1.27951265e-03 -2.44263057e-02  8.14829022e-03 -1.74921378e-02
 -3.15652206e-03  2.27847807e-02  3.15844896e-03  8.20307806e-03
  3.73785496e-02  6.05577044e-02  6.44884109e-02 -4.17617708e-02
 -1.04354629e-02 -9.73629504e-02 -2.05556694e-02  4.44519371e-02
 -4.96000648e-02  2.88670566e-02 -1.23622805e-01 -6.79763258e-02
 -9.26519856e-02  1.21020889e-02  5.46561331e-02 -8.26149434e-02
 -1.19719222e-01  9.23296809e-02  5.41635118e-02 -3.15964110e-02
 -1.02553852e-02  1.69009203e-03 -2.83528157e-02 -4.98262122e-02
 -1.89746190e-02  1.95832886e-02 -1.62096377e-02  1.62962731e-02
  3.32871079e-02 -1.28548369e-02  7.09890872e-02 -3.77458185e-02
  5.30105736e-03 -5.74191995e-02  4.59807999e-02  2.08154414e-02
 -2.14199186e-03  4.12856154e-02 -1.45858321e-02  3.89077552e-02
  4.80392156e-03  8.70243758e-02 -5.16918227e-02 -2.78609656e-02
 -1.55424895e-02 -9.54054669e-02 -4.16664779e-02  7.20961764e-02
 -5.28973490e-02 -6.95524290e-02  4.59070131e-02 -5.32054864e-02
 -4.43892963e-02  4.09136005e-02 -6.18751384e-02  1.69698857e-02
 -1.67778805e-02  2.16420442e-02 -1.15333512e-01 -3.77729945e-02
  5.13269342e-02 -4.64451797e-02 -3.87945063e-02 -5.24451397e-03
 -4.97989655e-02  1.87032297e-03 -6.53504059e-02 -2.03998778e-02
  1.46747120e-02  3.49455476e-02  2.50685960e-02  1.96458381e-02
  7.06488453e-03  5.09680621e-02  4.71422151e-02 -8.03496595e-03
  7.82469008e-03  4.91006207e-03 -5.02213612e-02 -2.33453825e-08
  1.20637696e-02 -5.60055003e-02 -5.39358519e-02 -1.99018307e-02
  5.00093549e-02  1.30837858e-02 -9.29704159e-02  1.36340141e-01
 -4.28724065e-02 -5.22124358e-02  1.19562149e-01 -1.14200097e-02
 -8.92398730e-02  3.62099148e-02  4.63207960e-02  4.81398106e-02
  1.21762715e-02  1.97639223e-02  9.32116434e-03  2.88834311e-02
  2.53573470e-02 -1.41059468e-02  9.81144793e-03 -5.80440648e-03
 -3.24610844e-02  2.65354104e-03  4.51719798e-02  5.03642298e-02
 -1.09723628e-01 -5.81825227e-02 -2.62772124e-02 -3.10229734e-02
  2.89209443e-03  4.91974764e-02  3.39017017e-03  3.34782265e-02
 -1.38677314e-01  5.07464819e-02  2.61183307e-02  4.33369204e-02
  7.39805326e-02 -9.48895793e-03  3.06841172e-02  2.15562005e-02
  3.54610868e-02 -1.47746084e-02 -1.50038032e-02  5.22194169e-02
 -9.33275651e-03 -1.34482272e-02 -5.96820489e-02 -7.20272586e-03
 -8.32270011e-02  1.65657308e-02  5.03407530e-02 -1.90168209e-02
 -2.20970530e-02 -1.20639294e-01  1.14783265e-01 -9.91233438e-03
  6.82817176e-02 -8.18904415e-02 -1.88828409e-02  1.08014736e-02]"
63,"In agglomerative hierarchical clustering, what does the term ""linkage"" refer to?",The distance measure between clusters.,easy,11,12.3,"['A. The connectivity between data points.', 'B. The order in which clusters are merged.', 'C. The distance measure between clusters.', 'D. The density of clusters.']",4,37.5,"[-6.36410946e-03 -9.26018581e-02 -1.79648213e-02  5.59085421e-02
  2.39277463e-02 -2.40925886e-03 -7.65493140e-03  1.96712725e-02
  8.71380698e-03 -6.94016591e-02  7.26101398e-02  1.47337990e-03
  2.37311758e-02  1.24784419e-02 -1.07561916e-01  9.15080979e-02
  6.94759004e-03  4.35761921e-02 -6.19878583e-02 -5.19068278e-02
  1.48171438e-02  2.43279152e-03  3.25029679e-02  6.82607992e-04
  5.67446873e-02 -3.12971100e-02 -6.81845173e-02  9.67358984e-03
  1.02482438e-02  1.27135618e-02  2.94340067e-02  1.17709577e-01
  8.75167083e-03  2.35124100e-02  3.23554203e-02  9.37550589e-02
  3.86626609e-02  2.25793328e-02 -4.22074925e-03  6.00610189e-02
  6.24968968e-02  1.56837460e-02  1.73161551e-02 -5.07425107e-02
 -3.50114964e-02  8.86301920e-02 -5.74000292e-02  1.06183486e-02
 -1.10731415e-01  3.96655165e-02 -2.44773589e-02 -6.15655954e-05
 -4.38500345e-02  2.89521068e-02  1.74841546e-02  6.72695786e-02
  3.21530253e-02 -5.09416610e-02 -3.14289778e-02  4.02271785e-02
  4.08459008e-02  6.27003703e-03 -3.01657710e-02  1.30609209e-02
  7.14107230e-02 -3.53166200e-02  3.94061320e-02  1.84456315e-02
  3.40708643e-02 -3.15475017e-02  1.56644434e-02 -6.52186424e-02
  2.22504232e-02  7.85696208e-02  2.49965638e-02  4.70980927e-02
  1.16074467e-02  1.49158360e-02  4.92145978e-02 -9.88739654e-02
 -4.93616797e-02  1.28373474e-01  2.37104129e-02 -2.75509302e-02
 -6.53885258e-03  1.86255481e-03  1.76080447e-02 -3.32505219e-02
 -2.19807755e-02  1.51700471e-02 -7.13298842e-02 -1.74386539e-02
  4.00528451e-03 -4.86046933e-02 -1.31442500e-02 -6.69022575e-02
  6.91949856e-04 -1.18226014e-01  6.04275838e-02 -4.25509624e-02
 -3.26140709e-02  8.28595832e-03  6.94771707e-02  1.10175051e-02
 -6.07498847e-02 -7.81997815e-02 -4.30053249e-02  6.85828999e-02
 -9.21018608e-03 -4.21206057e-02 -7.22502917e-02 -3.27539854e-02
 -1.29164020e-02 -2.78082881e-02 -7.40251988e-02 -2.92165913e-02
  4.75396216e-02 -1.43811759e-02  1.18049413e-01 -5.21530956e-02
  5.42213507e-02 -2.83301529e-02  4.40437309e-02  7.10875355e-03
 -5.17689856e-03 -4.54117246e-02 -9.10399258e-02 -5.72433864e-33
  9.03155729e-02 -4.55352664e-02 -1.21576688e-03 -2.55886689e-02
  1.03008719e-02 -3.63477655e-02 -9.07362029e-02  5.62028086e-04
 -4.09843251e-02  2.12119054e-02 -7.57612213e-02  2.97266562e-02
 -2.10996368e-03 -6.33410271e-03  5.64173386e-02  6.70023263e-03
 -4.88567762e-02  1.14009701e-01 -3.79274562e-02 -9.87202972e-02
 -4.16534096e-02  9.84305441e-02  1.45322783e-02 -1.16731301e-02
 -1.38298678e-03  2.14460865e-02 -5.00502577e-03 -1.22579888e-01
  3.71119715e-02  2.68335361e-03  1.35736456e-02  7.54305422e-02
 -6.65642023e-02 -8.30191374e-03 -3.16148140e-02  5.91290072e-02
  4.05213423e-02 -1.05241403e-01 -2.67299376e-02  5.06656989e-02
 -8.22240952e-03 -2.89264973e-02  8.52192417e-02 -4.63707708e-02
  2.83242147e-02  2.04580072e-02  3.31620201e-02 -5.10918833e-02
 -9.48603302e-02 -7.63024727e-04 -4.27616052e-02 -3.67438421e-02
  1.21520132e-01  2.01045852e-02 -2.15595793e-02  4.37808447e-02
 -7.47049153e-02  5.18598855e-02 -2.09359992e-02 -2.87624425e-03
  3.86025831e-02 -1.96641311e-02 -3.55818532e-02 -4.54299105e-03
 -3.39014269e-03  1.29731270e-02  1.51788909e-02  4.35551032e-02
  8.64834264e-02  5.27815670e-02  1.86442882e-02  9.27284360e-02
  1.87005457e-02  8.09167773e-02 -3.37403640e-02 -1.67458560e-02
 -7.64289647e-02  1.00122010e-02 -1.90093089e-02 -1.06114922e-02
 -1.26289889e-01 -3.73416170e-02 -8.00902396e-02 -2.94589642e-02
 -3.80646884e-02 -8.35826620e-03  6.85466360e-03 -3.21750380e-02
 -5.64501882e-02 -5.53773493e-02 -3.50087769e-02 -1.49685470e-02
 -1.93874668e-02  6.14942275e-02  3.98256145e-02  1.74710621e-33
  2.17622072e-02 -2.21647285e-02  1.71276217e-03  7.78371934e-03
 -2.55519673e-02 -3.10325902e-02 -3.51396650e-02 -1.41367372e-02
 -5.53170731e-03  6.59086481e-02 -3.61568220e-02  9.54362098e-03
  2.09254120e-02 -3.86356190e-02 -2.07391214e-02 -3.65083143e-02
 -8.71542469e-03  2.54676566e-02  1.63110271e-02  3.75924408e-02
  9.93322134e-02 -3.97374742e-02  3.77272852e-02 -1.24867298e-02
  1.08362578e-01 -5.43061793e-02  3.79091688e-02 -5.22460081e-02
 -3.35891470e-02  7.13441744e-02  5.56914322e-02  2.79887300e-02
 -3.01898420e-02 -6.62973225e-02 -5.86552778e-03  5.18205427e-02
  8.81491136e-03 -4.66993339e-02 -4.42336537e-02 -1.22764356e-01
 -2.85868533e-03  2.40799729e-02 -1.36863627e-02 -1.85442809e-02
  6.86480701e-02  2.34669521e-02 -1.01174191e-01 -1.67679023e-02
 -4.43262681e-02 -2.85948887e-02 -4.79711108e-02  7.89364160e-04
  6.00714050e-02 -8.12252685e-02 -5.53486161e-02  7.64651448e-02
 -1.44642666e-02  3.46468352e-02 -1.28873780e-01 -5.10118622e-03
  7.36597776e-02 -9.90508720e-02 -4.42296900e-02  5.75941689e-02
 -4.28249165e-02 -4.57839482e-02 -4.51170839e-03 -7.94629380e-02
 -1.16682705e-02  4.51576710e-02 -5.26755815e-04  1.74948778e-02
  4.46706228e-02  1.17569314e-02 -2.46580876e-03 -5.88395707e-02
 -3.46274697e-04  2.35585272e-02  2.84213163e-02 -9.20026377e-02
 -7.70253176e-03 -4.07219715e-02  6.04652911e-02  3.91600840e-02
  3.83685753e-02 -6.57036155e-02  3.34095210e-02  1.35094583e-01
  3.26792076e-02 -4.38676868e-03 -3.25224060e-03 -1.03994556e-01
 -4.58316803e-02  4.42185849e-02 -1.28230602e-01 -2.15990639e-08
  5.56557290e-02  3.37241217e-02  5.12165530e-03 -6.16402738e-02
  3.01993415e-02  6.26648813e-02 -2.50992719e-02  1.24634519e-01
 -3.53758410e-02  6.31194264e-02 -1.03550889e-02  1.19682625e-02
 -3.17125842e-02 -1.70932878e-02  4.28360738e-02 -2.17859051e-03
  2.37787776e-02 -4.34764065e-02 -2.63954769e-03  8.13386440e-02
 -1.78578999e-02  1.32049732e-02 -2.25313362e-02  1.33786991e-01
  1.29853794e-02 -6.15499094e-02  3.57540324e-02  8.49522352e-02
 -1.18490607e-04 -9.79276970e-02  2.25193910e-02  7.61636421e-02
 -2.43244525e-02  6.22602403e-02 -4.39822264e-02  1.41893134e-01
 -2.90857665e-02 -2.79975799e-03  1.08934017e-02 -1.60842501e-02
  7.73417670e-03 -6.93879370e-03  3.22607867e-02 -6.01066230e-03
  1.30425915e-01  8.38043839e-02 -8.06582533e-03  4.73080911e-02
 -1.68410242e-02 -5.50578833e-02 -2.15924829e-02  6.05753735e-02
 -4.83701974e-02 -2.09289938e-02  1.89921129e-02 -5.72375581e-02
 -1.70518681e-02 -1.94399264e-02  9.83720496e-02  4.48642485e-03
  7.16684312e-02  9.01797228e-03  3.29244807e-02 -3.92631106e-02]"
64,What is the primary goal of unsupervised learning?,Discover patterns and relationships within data.,easy,8,8.180000000000003,"['A. Minimize prediction errors.', 'B. Predict target labels for new data points.', 'C. Discover patterns and relationships within data.', 'D. Classify data points into predefined categories.']",4,44.25,"[-1.48106487e-02  2.51348112e-02 -3.56466919e-02  5.15793189e-02
  9.58937556e-02  2.95183882e-02 -3.21478322e-02 -4.69157174e-02
  1.58212092e-02  3.81814353e-02 -1.02110719e-02  2.04594322e-02
 -9.76484548e-03  1.46194724e-02 -3.87138948e-02 -6.14140779e-02
 -3.91062461e-02  2.90582087e-02 -5.11088260e-02 -8.22893903e-02
  1.80839915e-02 -4.08409769e-03  4.41787615e-02 -1.66293024e-03
  2.68325303e-02  7.84404650e-02  1.76342633e-02 -6.72534704e-02
  2.40431558e-02 -5.04665934e-02  9.46503878e-02  4.11067018e-03
  4.23616096e-02  1.55696645e-02 -5.48903234e-02  2.78978627e-02
  5.78110926e-02  3.74809653e-02 -2.20900942e-02  5.43142110e-02
 -1.66161992e-02 -2.43796017e-02 -8.19332898e-02 -3.25266346e-02
  8.30637068e-02 -3.19815762e-02 -1.48515012e-02 -1.61097758e-02
  1.74344368e-02 -5.28947078e-02 -9.15718544e-03 -2.85118595e-02
 -7.41190836e-02  2.55928934e-02 -1.97724886e-02  6.77346587e-02
  1.62449330e-02  6.30174857e-03  7.81793147e-03 -6.65431619e-02
 -4.47298288e-02 -1.01874173e-01 -5.24193235e-02  2.56868545e-02
  5.36792874e-02 -4.93199527e-02 -7.57924747e-03  3.98064554e-02
  3.78711447e-02  2.07145605e-02  6.84699491e-02  1.93046816e-02
 -4.72791027e-03  3.72151285e-02  1.47713721e-01 -8.70762393e-03
 -3.12200096e-02 -4.47950624e-02  3.46752331e-02  1.02782398e-02
  1.01867273e-01  4.98430319e-02  2.81571150e-02  1.89688280e-02
  8.37647319e-02 -1.37758525e-02 -9.80926119e-03 -2.36137081e-02
 -4.76506772e-03 -1.12081431e-02 -2.19724327e-02 -2.56611407e-02
 -4.72562984e-02  2.67521981e-02 -5.63881472e-02 -4.29719985e-02
 -2.33910698e-03 -5.07117584e-02 -6.49651804e-04  6.52993917e-02
 -2.55869273e-02  2.89991293e-02  2.81409658e-02  1.31459348e-02
 -3.39356288e-02 -6.23506010e-02  8.67513474e-03  2.59811804e-02
  6.36648983e-02 -6.23382106e-02 -4.58768047e-02  2.92170364e-02
 -3.44137102e-02  5.69392964e-02  5.87235615e-02 -1.35396654e-02
  4.96995635e-02  2.45247688e-02  3.46977971e-02 -7.33449683e-03
 -4.45066579e-02 -5.33873849e-02  3.49540859e-02  3.75659205e-02
 -7.27299554e-03 -1.10234849e-01 -1.36810452e-01 -1.66319557e-33
 -2.09125429e-02 -2.04236563e-02  1.35264238e-02 -6.46151416e-03
 -1.57034248e-02  1.77901853e-02 -1.81687381e-02 -2.87147481e-02
  5.25079183e-02  4.43653315e-02  3.54138166e-02  1.07768558e-01
  2.87687071e-02  9.76947099e-02  1.18352175e-01 -7.26624653e-02
 -9.43766311e-02  1.03507727e-01 -1.82832051e-02 -3.81000414e-02
  5.54391257e-02  1.68671608e-02 -2.35226303e-02 -7.11054057e-02
 -6.45459145e-02 -7.35004107e-03 -3.23448032e-02 -5.16885184e-02
  7.25787207e-02  2.46194899e-02  3.31752049e-03  4.49761786e-02
 -1.23094559e-01 -1.36517677e-02  3.93745862e-02 -1.14157069e-02
  3.84360133e-03 -6.96710274e-02  4.37580049e-02 -4.13203053e-02
  2.46949419e-02 -9.23143886e-03  1.28645048e-01 -6.00352399e-02
  7.07435515e-03  5.71537316e-02  6.44914135e-02 -1.11629397e-01
 -9.06045735e-02 -4.32445705e-02  3.44834849e-02 -6.74605370e-02
  1.65670794e-02 -1.02973111e-01  1.50063848e-02  8.04962441e-02
  1.31421508e-02 -5.70052266e-02 -2.64085457e-02 -1.10451452e-01
 -5.37619144e-02 -1.51260970e-02 -2.87491567e-02  7.28762448e-02
 -1.99011806e-02  5.61826080e-02 -6.29372802e-03 -6.25678571e-03
  4.62210439e-02 -5.48774935e-02 -4.46018353e-02  1.28355101e-02
 -1.06842823e-01 -1.46205788e-02 -1.29784467e-02 -1.03165051e-02
  1.46261947e-02  3.16158123e-02  2.92672068e-02  5.31581901e-02
  5.13715036e-02 -1.11651542e-02 -1.28017971e-02 -3.55670080e-02
 -9.93724260e-03  1.63585357e-02  2.12405510e-02 -8.15001428e-02
 -9.73807555e-03  4.87208739e-02  2.80060675e-02  3.40686250e-03
 -7.16409609e-02  2.44772900e-02  4.67438661e-02 -8.22474915e-35
 -1.31314835e-02  3.05116680e-02 -6.25582859e-02  3.51411588e-02
 -3.50857563e-02  3.17250043e-02 -4.95683542e-03 -2.85084802e-03
  1.40688336e-02 -4.75755595e-02 -5.36433011e-02 -1.27706453e-02
  2.45964970e-03  1.72628667e-02 -6.18641078e-02  1.50404088e-02
  1.52936950e-02  7.50324726e-02 -4.93676439e-02 -3.53922695e-02
  2.02811067e-03  3.54439914e-02 -5.87794967e-02 -5.78606538e-02
  1.33177917e-02  3.50930216e-03 -6.53422028e-02  1.78321134e-02
 -4.04278487e-02  8.91897678e-02  7.29697347e-02 -3.44367772e-02
 -1.01559982e-01 -8.57402980e-02 -7.19458833e-02  6.44946694e-02
 -1.61252413e-02  2.53249649e-02 -2.30372883e-02  7.67767429e-02
 -1.29007474e-02  4.22700606e-02 -3.89493331e-02 -1.42756198e-02
  1.11709274e-02  1.27465939e-02  9.80863571e-02  8.94388929e-02
  4.47336845e-02  3.72977890e-02  1.77549105e-02  4.61510010e-02
  3.91945057e-02 -7.94101581e-02  1.14973113e-02  2.38808617e-03
  4.83322702e-02 -3.79166640e-02  9.36381668e-02 -1.55769857e-02
  3.85387540e-02  4.83741537e-02 -1.08002789e-01  6.18427508e-02
 -7.89781939e-03 -5.22780903e-02 -2.74182446e-02  1.50889337e-01
 -3.20360102e-02 -5.09074368e-02  6.94166077e-03 -2.96840165e-03
  2.03988086e-02 -7.65315397e-03 -7.70257786e-02 -1.33689921e-02
 -1.94732789e-02  4.00026329e-02 -6.15168475e-02  1.35895412e-03
 -5.43573014e-02 -1.14504732e-01 -4.65273932e-02  3.14893238e-02
 -5.58595825e-03  4.18533124e-02  5.09842224e-02 -4.09158990e-02
  5.02976961e-02 -7.05613494e-02  3.39743774e-03 -2.70115584e-02
  2.16481425e-02  4.25355658e-02 -2.50268094e-02 -1.98835171e-08
 -6.90011904e-02 -6.19989447e-02  3.11426427e-02 -6.21961094e-02
  6.86234236e-02  2.81404853e-02 -1.01379380e-01  4.97857481e-02
 -4.83977348e-02  7.98927434e-03 -3.48007120e-03 -2.47301534e-02
 -5.33583350e-02  4.59175706e-02  7.82485306e-02  5.70249073e-02
  1.51929900e-01  6.81236759e-02 -1.37504488e-02  6.48926944e-02
  4.31498401e-02 -7.21109062e-02 -5.72214946e-02 -2.53836047e-02
 -3.01530529e-02 -5.51376902e-02  7.99189210e-02  1.44838318e-02
  2.01153811e-02  5.85081242e-03 -2.20047031e-02  3.36982124e-02
 -6.39157323e-03  1.39258839e-02  2.43692826e-02  8.91479924e-02
  3.10256681e-03 -2.50748489e-02 -1.76128615e-02 -1.08204253e-01
 -2.36130171e-02  1.63370669e-01  1.04334190e-01  6.68020770e-02
 -8.70461762e-02  2.19402667e-02 -5.74020762e-03  3.47448289e-02
 -2.96853506e-03  3.59064937e-02 -1.62425986e-03 -1.63780954e-02
  1.55305332e-02 -7.83392694e-04  5.73537834e-02  3.62796262e-02
 -1.49514154e-02 -3.02288625e-02 -6.65493384e-02  6.30033612e-02
  4.88137491e-02  6.59619272e-02 -9.53646675e-02  2.53868308e-02]"
65,What is the primary challenge in evaluating the performance of unsupervised learning algorithms?,Lack of labeled data for comparison.,easy,13,15.803076923076926,"['A. Lack of labeled data for comparison.', 'B. Overfitting to the training dataset.', 'C. Difficulty in handling outliers.', 'D. Inability to handle non-linear relationships.']",4,40.25,"[-6.10473119e-02 -4.96917851e-02 -1.99863128e-02  5.26193678e-02
  1.27998754e-01 -3.95696657e-03 -9.17489678e-02 -4.91008125e-02
 -9.49676707e-02 -3.60301249e-02 -1.16838627e-01 -2.84287147e-02
  3.82319186e-03  1.26004796e-02 -1.16350003e-01 -3.60167101e-02
  5.88243417e-02 -1.54175945e-02 -2.87414305e-02 -1.00691840e-01
  1.99184343e-02 -2.02922383e-03  4.59215082e-02 -1.54441604e-02
  1.05209768e-01  1.92744564e-02 -1.10750515e-02 -3.09850387e-02
  2.43676584e-02 -2.05791574e-02  5.91646209e-02 -1.88761428e-02
  1.28836017e-02  2.29385290e-02 -9.46115851e-02  3.20488140e-02
  1.67841706e-02  2.41127070e-02  1.71079878e-02  7.60615617e-02
  2.36550402e-02 -3.76845375e-02 -6.98449137e-03 -5.01508899e-02
  8.48554000e-02 -2.39765234e-02 -4.93082441e-02 -1.69949606e-02
 -2.88067665e-02 -6.60740435e-02 -6.02087080e-02 -3.82642411e-02
 -4.89356369e-02  6.28658310e-02 -7.05908835e-02  8.54901131e-03
  2.07725763e-02 -1.38098001e-02  3.78143713e-02 -6.29889816e-02
 -4.14041653e-02 -9.34282318e-02 -4.84275967e-02  5.44105023e-02
  2.28144675e-02  1.02330872e-03  1.21482061e-02  5.91269287e-04
  4.21572709e-03  1.09812722e-03  5.05655184e-02  1.00021638e-01
 -5.18509969e-02  9.08227786e-02  1.11079052e-01  4.84971851e-02
  1.69741511e-02  8.88147205e-03  2.02555880e-02 -2.48659346e-02
  8.38655531e-02  5.46638342e-03 -1.94730144e-02 -2.35837535e-03
  1.29180521e-01 -7.73702264e-02 -2.43480247e-03  2.29454413e-02
 -1.34824328e-02 -7.94742350e-03  4.67050411e-02  7.52936164e-03
 -1.20029049e-02 -3.58758047e-02 -3.06815864e-03  1.12247746e-02
  2.50547156e-02 -4.03301902e-02 -1.92445517e-02  9.06375051e-02
 -7.29875043e-02  9.97460708e-02 -3.79139185e-03 -3.70776393e-02
  3.10493894e-02 -5.46971941e-03  9.20142531e-02 -1.19312126e-02
  8.03743526e-02 -6.90050274e-02  3.84640023e-02  1.79002210e-02
 -3.37373689e-02  5.92421070e-02  4.77498071e-03 -2.30263285e-02
  4.94663864e-02  3.53195034e-02 -1.84941664e-02  7.40513057e-02
 -2.84984075e-02 -4.99015935e-02  8.86559039e-02  3.74482851e-03
  1.66836940e-02 -9.95825697e-03 -1.44908279e-01 -8.71212403e-34
 -8.06079358e-02 -1.10062007e-02  1.87179875e-02 -5.38922958e-02
 -2.09471919e-02 -3.17001492e-02 -7.41046742e-02 -1.57977324e-02
  6.84395283e-02  3.35048027e-02 -1.12241739e-02  9.97056663e-02
  8.10925756e-03  6.64345101e-02  1.28762454e-01 -4.32188250e-02
 -1.98861538e-03  7.65260458e-02 -9.75700766e-02 -6.10092320e-02
  6.94480762e-02 -4.27376619e-03 -4.91533652e-02 -6.26797751e-02
 -6.00745380e-02 -6.71042595e-03  8.88419803e-03 -1.32807968e-02
  7.37353414e-02  4.40520793e-02 -3.29617457e-03  7.35990983e-03
 -4.93261404e-02  7.59473667e-02  5.12910858e-02  1.59539077e-02
  1.18159046e-02  1.75447576e-02  4.19000424e-02 -9.37330443e-03
 -4.62470129e-02 -2.92918440e-02  1.18017010e-01 -7.58896172e-02
 -4.85511124e-02 -1.19300047e-02  3.95623296e-02 -6.43008873e-02
 -4.31708135e-02 -4.73740771e-02  1.23985317e-02 -6.66164383e-02
 -4.18322198e-02 -2.62732431e-03 -1.11613353e-03  9.52159911e-02
  4.70755398e-02 -1.78330448e-02  2.05391385e-02 -1.61675680e-02
 -2.23187003e-02  2.25467645e-02 -9.95276496e-04  2.69254507e-03
 -6.27929196e-02  2.82567125e-02 -6.05346635e-02  3.12823988e-02
 -4.33703652e-03 -2.71377550e-03  2.23911889e-02  2.28352156e-02
 -7.16890991e-02 -2.76512336e-02  8.23619291e-02 -1.91293377e-02
  5.30028790e-02  6.77824765e-02 -2.03450397e-02  2.39509456e-02
  8.51656776e-03  2.55190264e-02 -6.10879436e-02 -7.79528990e-02
 -7.32911006e-03 -7.91758113e-03 -2.74087824e-02 -4.16864231e-02
 -6.05267808e-02  4.66081239e-02 -3.99782211e-02  4.65267822e-02
 -1.53467236e-02 -3.54998484e-02  7.62962103e-02  4.21812235e-34
 -8.64790976e-02  2.82185599e-02 -1.16068767e-02  1.02955937e-01
 -3.84306386e-02 -2.87274737e-02 -5.66697866e-02  4.92363572e-02
 -1.93029977e-02 -8.08053240e-02 -3.04886624e-02  2.35100277e-02
  1.66965667e-02  9.72080044e-03 -3.18586528e-02  4.03424278e-02
 -4.43993546e-02  4.49138843e-02  4.05596197e-02  2.44080704e-02
  9.44204256e-03  7.71596581e-02 -4.17882279e-02 -7.00658858e-02
 -1.42100612e-02  3.26440074e-02 -2.83023249e-02  2.00846922e-02
 -9.37728304e-03  9.07053985e-03  5.31606638e-05 -2.52138413e-02
 -1.36127189e-01  2.31810175e-02 -5.38278557e-03  8.61911103e-02
 -1.79839637e-02 -8.14670250e-02  8.19116551e-03  6.99035153e-02
  3.87581065e-02  8.07437822e-02 -7.39615485e-02 -1.83055587e-02
  6.54922277e-02 -2.89963204e-02  2.03755964e-02  4.30490226e-02
  4.52337191e-02  4.93294634e-02 -1.98329687e-02  3.24703790e-02
 -3.61164712e-04 -1.85136602e-03 -1.96107738e-02  1.56149939e-02
  4.45728078e-02 -2.82881595e-02  5.36395833e-02  1.47460224e-02
 -5.13036959e-02  1.33020775e-02 -5.30648865e-02  4.97106761e-02
 -5.03489608e-03 -5.11370003e-02  9.02413111e-03  9.24545228e-02
 -3.47602740e-02  1.79630853e-02 -2.39147525e-02 -3.69482278e-03
 -6.27568632e-04  4.42444719e-03 -4.21963297e-02  2.59535275e-02
  9.40170605e-03  5.86795248e-02 -3.07001807e-02 -2.70037595e-02
  9.35386680e-03 -5.15390784e-02 -9.21329781e-02 -1.10597350e-03
  8.65835883e-03  1.20849028e-01  1.01493783e-01 -7.55511522e-02
  5.67656197e-03 -3.14765573e-02  3.19196954e-02  2.72802301e-02
  2.33930741e-02  2.17993483e-02  1.80401327e-03 -2.26241994e-08
 -5.19866236e-02 -5.08869365e-02  6.18703403e-02 -5.38981035e-02
  1.09338529e-01 -5.06020326e-04 -1.24109440e-01  7.07402676e-02
 -1.13849796e-01 -2.95928158e-02  6.51429296e-02 -3.03641651e-02
 -5.66737317e-02  2.78497860e-02  1.58867352e-02  5.21988831e-02
  1.05336890e-01  8.89633819e-02 -2.67207883e-02  3.49514633e-02
  5.22163957e-02  5.29133109e-03  2.55805906e-02 -3.04385517e-02
 -3.99342440e-02 -5.50974123e-02  3.81439403e-02 -3.70887183e-02
 -1.27638336e-02  6.71751238e-03 -5.60754053e-02  4.40658443e-02
 -3.70505862e-02  8.60731862e-03  1.17173353e-02  1.20824970e-01
 -2.41195858e-02 -2.03215294e-02 -3.52284648e-02 -5.60441837e-02
  1.33059444e-02  1.55057311e-01  3.49556394e-02 -3.48449103e-03
 -4.47609536e-02  1.63972527e-02 -6.80823764e-03  4.35346141e-02
 -2.42654271e-02  1.27305537e-02  1.10914949e-02 -6.18879311e-02
 -1.77095737e-02  2.88313590e-02  8.52092952e-02  4.94571961e-02
 -2.01466680e-02 -7.30076283e-02 -1.80446431e-02  8.35724100e-02
  6.49155751e-02  1.08695105e-02 -8.60917866e-02  7.32365623e-02]"
66,How does DBSCAN handle outliers?,Labels them as noise/outliers,easy,5,7.600000000000001,"['A. Assigns them to the nearest cluster', 'B. Labels them as noise/outliers', 'C. Includes them in all clusters', 'D. Computes a separate cluster for outliers']",4,36.25,"[-2.26820894e-02 -4.56444286e-02 -4.40219715e-02  2.09056847e-02
 -1.82778295e-02 -9.41521451e-02  7.03798309e-02 -1.18198460e-02
 -5.09764776e-02  1.19689330e-02  1.12166302e-02  4.64639142e-02
  1.19363353e-01 -6.60516620e-02 -9.08236504e-02 -1.80038940e-02
  3.43885012e-02 -5.81887960e-02 -2.42172759e-02 -1.61171220e-02
 -1.34279981e-01  1.82354301e-02 -5.28804697e-02  6.46180063e-02
 -1.78591330e-02 -4.27454561e-02  2.13526133e-02 -5.00711650e-02
 -4.68442738e-02  1.31892627e-02 -1.99161600e-02  4.76857722e-02
  5.70280664e-02  2.33146138e-02 -6.56107739e-02  2.21495007e-04
  4.05306183e-02 -1.11694541e-02 -1.95948686e-02 -2.22202837e-02
  3.07878442e-02 -2.69225910e-02  1.65278707e-02  8.26720968e-02
 -5.70907770e-03 -3.92455943e-02 -4.09243442e-02 -1.63567495e-02
 -3.43917906e-02 -3.31855863e-02 -7.19258562e-02 -2.09639524e-03
 -2.62835209e-04  5.41677885e-02 -6.74872380e-03  2.36763190e-02
  7.49319885e-03  3.49198878e-02  2.55410746e-02  2.79355459e-02
  6.72842190e-02 -4.83609084e-03  1.31228752e-02 -2.36148387e-02
  1.01466723e-01 -3.56003791e-02  3.64255607e-02  3.73909473e-02
  6.99965805e-02  8.32715072e-03  4.43012081e-02  1.94767509e-02
 -1.41350774e-03  3.07377912e-02 -2.75385231e-02 -2.49912757e-02
 -2.72872150e-02 -8.89622420e-03  6.66693524e-02 -3.09366565e-02
  2.86215004e-02 -4.96698660e-04 -2.05946732e-02 -4.15907167e-02
  6.17844723e-02 -1.30095901e-02  5.30135073e-02  1.67590957e-02
  5.18600903e-02  5.54532409e-02  3.97871397e-02  6.80927262e-02
 -7.01235458e-02 -7.10757002e-02 -2.26539019e-02 -4.34624851e-02
  4.31568772e-02 -8.50383937e-03  1.61665961e-01  2.48291958e-02
  2.89281718e-02  1.84491966e-02 -4.47690636e-02  4.27496061e-02
 -1.12222496e-03 -5.69706447e-02  4.22523431e-02 -3.63601036e-02
 -3.63090262e-02 -1.14663634e-02  2.96675116e-02  3.14920358e-02
  6.57685399e-02 -7.87361413e-02 -2.04341132e-02  3.29643004e-02
  1.14743397e-01  1.13567337e-02 -1.14109181e-01 -3.49724963e-02
 -1.29503921e-01  9.27834946e-04  7.50289112e-03  3.60581726e-02
 -2.84273289e-02  9.23864171e-02 -8.50916132e-02 -1.95881587e-33
 -2.08654664e-02  9.82102752e-03  1.88851897e-02 -8.09976235e-02
 -4.00465876e-02  2.72171348e-02 -1.08259894e-01 -4.23778892e-02
  3.65242325e-02  4.06799056e-02  3.87195423e-02 -5.62005537e-03
  6.31530210e-02  3.87675092e-02  7.58828223e-02  5.41792475e-02
 -1.18112180e-03  7.03498945e-02 -1.00889064e-01 -5.95423914e-02
  4.92240265e-02 -1.17608473e-01 -3.86987887e-02  4.09696670e-03
  1.38929253e-02  6.44720197e-02  1.76734366e-02  1.02700302e-02
  5.35717458e-02  9.65449217e-05  8.93284976e-02 -2.52194237e-02
 -3.56008150e-02  3.19036096e-02  6.36903718e-02  1.94359235e-02
 -4.73690145e-02  3.95210553e-03  3.64765786e-02 -2.23139282e-02
 -4.24581096e-02  3.13313305e-02 -2.51512211e-02  1.58199184e-02
  4.50482685e-03  6.61178902e-02  4.06903811e-02 -2.10921522e-02
 -2.59171445e-02 -9.81524140e-02 -9.64662898e-03 -6.46590516e-02
  4.43287790e-02  1.03292771e-01  2.82565714e-03  7.64314458e-02
  3.42449620e-02 -1.17583081e-01  4.14799750e-02  1.99874733e-02
  2.49241050e-02 -5.00007607e-02 -7.32180290e-03 -5.18588684e-02
  4.31686640e-02  5.84911145e-02  7.38880113e-02  8.02693814e-02
 -9.33664199e-03  4.85004000e-02  3.78025249e-02  3.63523252e-02
  2.31367070e-02 -5.51903285e-02 -8.03922415e-02  6.01373240e-02
  2.40495522e-02  7.35560199e-03 -2.31483486e-02 -4.64259461e-02
 -4.92071174e-02 -3.64760272e-02  6.71507195e-02 -2.77968682e-02
 -4.92724217e-02  2.79373280e-03  3.57958712e-02 -4.90333885e-03
 -2.86628436e-02  1.17311310e-02  1.65183432e-02  2.67166384e-02
 -8.33125263e-02 -3.76801901e-02 -1.90890059e-02  1.45523051e-33
 -2.95937750e-02  1.92546453e-02 -5.10179205e-03 -4.78883162e-02
 -2.63686925e-02 -4.62611839e-02 -5.61882406e-02  1.07802832e-02
  7.31891394e-02 -5.36785387e-02 -1.24871656e-01 -6.26525357e-02
  3.78862694e-02 -7.30064511e-02  3.97494547e-02  3.69030371e-04
  1.01644676e-02 -1.69457297e-03 -8.17777365e-02  7.61584099e-03
  4.93201911e-02 -6.59833848e-02 -2.73163021e-02 -3.43624093e-02
 -5.10395244e-02  5.66330366e-02 -2.08643805e-02  3.57857905e-04
 -9.87654626e-02 -2.57782768e-02 -2.18439698e-02  1.41795762e-02
  2.47057006e-02  1.51408855e-02 -2.70850621e-02 -4.49239537e-02
 -5.26011251e-02  1.58234406e-02  1.37892291e-02 -6.15198119e-03
 -1.03165589e-01  1.13425046e-01 -3.82193103e-02  5.71067519e-02
 -1.23643419e-02  7.52304122e-02  2.51263063e-02  4.10944968e-02
 -2.82799415e-02  3.61494683e-02  5.18114939e-02  1.66564286e-02
  1.01628251e-01  1.69586197e-01  1.34493718e-02  5.11990860e-02
 -3.88955437e-02  1.38493022e-02 -5.03524318e-02  6.53030574e-02
  2.37750579e-02 -4.15727422e-02 -6.02841489e-02  2.07303893e-02
 -2.37586722e-02  5.51139191e-02  1.66084599e-02 -4.24096771e-02
 -2.67734416e-02 -3.48530747e-02  5.78677468e-02 -2.77847946e-02
  1.30912261e-02 -5.45636341e-02 -4.93955379e-03  4.65407185e-02
 -7.71217272e-02 -2.11435240e-02 -2.23668572e-02  4.00139913e-02
 -4.44831699e-02 -1.90344919e-02  5.38103841e-02  5.08447215e-02
  1.95705076e-03 -2.37580445e-02 -3.67889293e-02 -8.33837688e-02
 -2.60309260e-02 -1.65831600e-03 -2.59697232e-02  5.26003912e-03
 -5.27283214e-02 -6.64470345e-02 -1.03419684e-02 -1.50392658e-08
 -1.00163341e-01 -4.68828119e-02 -3.68022211e-02 -5.07956631e-02
  1.09916344e-01  1.77506264e-02 -9.35771093e-02  1.74942076e-01
 -1.67574990e-03 -9.10457131e-03  2.46501844e-02 -1.33013904e-01
 -1.89139470e-02 -3.66798639e-02  6.45277202e-02 -3.16288620e-02
  6.37187734e-02  2.69302372e-02 -8.80362615e-02  1.74407177e-02
 -8.25224444e-02  9.58431140e-02  4.22996879e-02 -1.47831496e-02
 -4.44264710e-02  5.73456436e-02  1.40387667e-02  8.14692453e-02
  2.00895742e-02  2.68129609e-03  7.99300820e-02  9.47384536e-03
  6.24893606e-02 -2.02869754e-02 -3.46072838e-02  1.27243564e-01
  1.65227300e-03  1.23083033e-02 -5.73347658e-02  3.94979417e-02
  1.18685514e-02 -4.91048209e-02 -1.52149121e-04  6.09589852e-02
 -5.39194271e-02  3.19571868e-02 -6.82117697e-03  8.72821808e-02
  6.40968680e-02 -1.33219752e-02  5.16509190e-02 -5.46808466e-02
  1.85308326e-02  1.40613951e-02 -5.59057444e-02 -6.89898944e-03
 -1.20022930e-02  3.49618122e-02  1.80425011e-02  5.61186858e-02
  1.24857249e-03 -8.47077891e-02  2.85094846e-02 -1.16155390e-02]"
67,"What does the ""dendrogram"" represent in hierarchical clustering?",Cluster assignments,medium,8,12.605000000000004,"['A. Cluster centroids', 'B. Cluster assignments', 'C. Cluster density', 'D. None of the above']",4,20.0,"[ 1.66561659e-02 -4.19928096e-02  3.64565030e-02 -7.59225851e-03
 -2.55999602e-02 -4.88332026e-02 -2.58513875e-02  3.03134304e-02
  3.43253575e-02 -7.10357055e-02  3.45628783e-02 -2.61385664e-02
 -1.03604025e-03 -6.84999228e-02 -8.20759311e-02  3.03462204e-02
 -1.39983371e-02 -4.90833819e-02  2.90590450e-02 -9.96149406e-02
  5.85390404e-02  5.81019297e-02 -2.00611409e-02  3.53782140e-02
  1.60633530e-02  8.17231238e-02 -1.23065701e-02  5.57258502e-02
  2.71608103e-02  3.47861573e-02  1.38265733e-02  6.51520267e-02
  1.13209628e-01  6.46941438e-02 -2.89218556e-02  7.71236792e-02
  5.14915623e-02 -2.99680922e-02  5.50355483e-03  7.05009103e-02
  3.79309170e-02  7.13606402e-02 -1.16330879e-02  3.00687477e-02
 -5.23036569e-02  5.70066273e-02 -1.04794607e-01  2.12553814e-02
 -8.16893578e-02  2.56366911e-03  3.06378044e-02  1.69422664e-02
  4.73181233e-02  9.11337808e-02  4.39886972e-02  4.07229513e-02
  1.88434534e-02 -6.44997135e-03  2.99312510e-02  6.16418384e-03
  3.36233005e-02 -1.02508347e-02 -5.05858548e-02  1.02354744e-02
  1.23236589e-01  3.17807239e-03  5.38491160e-02 -2.80700251e-02
  7.39918351e-02 -3.03312857e-02  5.88053800e-02 -1.58345904e-02
  2.67299041e-02 -1.92363642e-03 -1.07115977e-01 -3.68074048e-03
 -6.41023926e-03 -6.46781251e-02  2.73383372e-02 -1.39871225e-01
  4.25864272e-02  1.34196192e-01  1.17521109e-02 -1.67218484e-02
  5.31050935e-02 -1.60975363e-02  6.79266173e-03 -4.87796478e-02
 -3.14408354e-02  1.78836863e-02 -6.98045641e-02 -4.35103364e-02
 -1.25444919e-01 -1.07725421e-02 -1.86894551e-01 -1.17191887e-02
  2.83929929e-02 -9.98442527e-03  7.25781620e-02  2.87592108e-03
  9.96207912e-03  2.97210049e-02  2.23727133e-02 -5.68883447e-03
 -3.57735269e-02 -4.84154373e-02  4.61537018e-02  6.30190945e-04
 -3.27621549e-02  6.73179030e-02 -5.81277050e-02 -5.65919578e-02
 -3.36598679e-02  5.64611815e-02 -7.41059631e-02  3.71220298e-02
  1.18445501e-01  4.89760712e-02 -6.77824020e-03 -7.93338567e-02
  4.62701991e-02 -6.39777556e-02  2.77956203e-02 -2.90282238e-02
  1.64012816e-02 -1.21599864e-02 -1.49022117e-01 -5.04664667e-33
  2.30176970e-02 -6.42924532e-02 -2.29462255e-02  3.73418629e-02
 -2.76029296e-03 -4.82070632e-02 -9.40011218e-02  2.07390748e-02
  9.64466203e-03  3.66876833e-03 -3.64363566e-02  5.78047410e-02
  5.65014631e-02  1.30841658e-02  2.18391288e-02 -3.00035602e-03
 -1.19455783e-02  8.38053748e-02 -7.34699443e-02 -3.93375494e-02
 -2.44121011e-02  9.61125493e-02 -9.16535407e-03 -2.88925581e-02
 -5.42897768e-02  1.83176082e-02 -1.36838052e-02 -8.76540691e-02
  6.16269968e-02  1.02419509e-02 -3.03220749e-02  1.65167917e-02
 -3.96429338e-02 -1.76676773e-02  2.04760674e-02  1.60965659e-02
  2.07229098e-03 -5.35465889e-02  2.57829553e-03 -4.50508893e-02
 -1.35675818e-02 -7.60871917e-02  2.74121668e-02 -6.61394149e-02
  3.95486550e-03  4.75480333e-02 -5.11727948e-03 -5.09634912e-02
 -8.80038459e-03 -2.59850789e-02  2.98987236e-02 -1.12952134e-02
  6.85903952e-02 -2.34601200e-02  1.11630242e-02  1.76608711e-02
  1.32954046e-02 -4.10453044e-03 -3.44376499e-03  6.31120950e-02
  6.73911944e-02 -3.44839543e-02  3.67145240e-02  3.11000235e-02
  4.37951609e-02 -5.17272688e-02 -6.22283760e-03  9.97488350e-02
  9.10329968e-02  3.41073051e-02 -2.09924318e-02  1.09655723e-01
  3.07814218e-02  5.21436818e-02 -5.46394661e-02  4.62413430e-02
  2.84888856e-02  1.72043592e-02 -7.07868412e-02 -1.27475206e-02
 -1.13513738e-01 -4.81535904e-02 -5.48612662e-02 -4.63440903e-02
 -1.92462523e-02 -8.60998593e-03  2.99883932e-02  3.72774825e-02
 -1.09101549e-01 -3.66049074e-02 -3.15750726e-02 -2.67011765e-03
  3.74612287e-02 -8.58377013e-03 -2.02846751e-02  1.16871423e-33
 -7.97661692e-02  3.95945124e-02 -4.66397852e-02 -6.80975169e-02
 -2.98948027e-02  2.46615745e-02 -1.74651965e-02  5.86378574e-02
 -1.07436469e-02  3.94741744e-02 -3.73047628e-02  2.53731105e-02
  2.90897358e-02 -8.68577734e-02  1.11506945e-02  8.22427403e-03
 -6.79383874e-02 -2.03228537e-02 -4.87979464e-02 -3.83667424e-02
  6.38716146e-02  6.00101724e-02 -1.48931546e-02  3.84047516e-02
  4.61193826e-03  8.77251010e-03 -6.32636948e-03  2.51780655e-02
 -1.08888361e-03  4.97375205e-02  4.47025336e-02 -4.86678667e-02
 -2.35909615e-02  4.86584380e-02 -3.53859477e-02  1.78753585e-02
 -5.57332765e-03 -7.91527480e-02 -5.89605421e-02 -6.71848655e-02
 -7.50657097e-02  6.85914606e-02 -3.83518562e-02  1.59206223e-02
  5.65062091e-02 -4.51606978e-03  1.87152848e-02 -2.33571306e-02
 -1.77268311e-02 -1.91965175e-03  3.73533815e-02  2.98112724e-02
 -2.48379982e-03  5.76198958e-02 -2.32129563e-02  6.95860684e-02
 -7.17230216e-02  3.67217176e-02 -2.21985951e-02  1.10655949e-02
 -1.41352136e-02 -1.31896287e-01 -7.28846788e-02  4.70843278e-02
 -7.88310915e-02 -6.59020171e-02  2.80252025e-02 -4.48928885e-02
 -2.83921193e-02  8.39758962e-02  1.13196382e-02  5.86337969e-02
 -1.24006914e-02  9.95508954e-03 -5.12148663e-02 -8.43863115e-02
  1.82247143e-02 -3.88038456e-02 -6.91101253e-02 -8.54928195e-02
 -8.99408236e-02 -2.41938345e-02 -1.81976110e-02  1.27334446e-01
  5.32259233e-02 -7.68054351e-02 -1.67277828e-02  2.36049145e-02
 -6.67546596e-03  1.27381822e-02  4.68368940e-02 -3.98323201e-02
 -7.33626708e-02  3.63934562e-02 -8.48756731e-02 -1.75153190e-08
  6.27000481e-02  2.18562526e-03 -2.25819666e-02 -6.41423315e-02
  8.64651352e-02 -1.88125707e-02 -3.29270400e-02  9.92256403e-02
 -4.20863405e-02 -3.58792371e-03  6.90786913e-02 -4.43069339e-02
 -6.72146231e-02  3.43985669e-03  1.54998815e-02  1.31272208e-02
  5.64020649e-02  8.81540962e-03 -3.36039849e-02  4.63560559e-02
  4.26758407e-03 -6.34311885e-03 -6.31589815e-02  8.91935304e-02
 -5.85494116e-02 -8.32256302e-03  4.40816246e-02  5.01698032e-02
 -4.51509133e-02 -6.87011927e-02  3.69398594e-02  8.08485299e-02
  3.58413756e-02  6.43653050e-02 -3.35664377e-02  6.68388307e-02
 -1.49057535e-02  5.18991388e-02 -4.77651767e-02  4.11497604e-04
  3.77071388e-02 -6.82680085e-02 -1.31030409e-02  4.46073636e-02
  2.26198155e-02  9.88580585e-02 -3.87792401e-02  5.18561453e-02
  9.58565325e-02  9.67986882e-02 -1.59457400e-02  6.16291910e-02
 -1.67125054e-02  1.62330959e-02 -3.14923488e-02 -3.86655852e-02
 -8.43415111e-02 -2.67066192e-02  7.34830573e-02  2.54889075e-02
  7.54623115e-02  1.71542875e-02  3.28867063e-02 -2.35377960e-02]"
68,"In hierarchical clustering, what is the role of the ""cut-off"" in dendrogram visualization?",Define the number of clusters,easy,13,12.172307692307694,"['A. Define the number of clusters', 'B. Determine the linkage method', 'C. Set the convergence threshold', 'D. Control the learning rate']",4,30.75,"[ 5.76948375e-02 -2.44299415e-02  7.91432858e-02 -4.60800668e-03
  2.96640769e-02 -3.46349478e-02 -6.71751127e-02  1.24406405e-02
  3.52152959e-02 -1.65790915e-02  1.23553043e-02  1.10512478e-02
 -6.97641373e-02 -5.93473874e-02 -5.60244806e-02  1.67241450e-02
  3.62232588e-02 -4.26547043e-02 -2.83523798e-02 -1.17117956e-01
  6.66750371e-02  9.19226278e-03 -4.79276776e-02  4.10837792e-02
  4.38816324e-02  4.28257994e-02  1.01422602e-02  3.97073142e-02
  2.68134475e-02 -5.24884183e-03 -7.43134087e-03  2.58909874e-02
  9.97632667e-02  2.42855083e-02 -3.86202559e-02  6.51933551e-02
  6.07160665e-02  4.34929542e-02 -3.18824314e-02  3.28560807e-02
  1.64981149e-02  1.00603446e-01 -3.78210321e-02 -1.03213992e-02
 -4.40262519e-02  6.85799960e-03 -7.76347071e-02 -2.21604109e-02
 -9.07047093e-02 -2.65259333e-02 -2.87953112e-02  2.19652932e-02
  2.70115901e-02  9.24473107e-02  5.91400824e-02  6.45404384e-02
  1.89831574e-02 -4.17411374e-03  2.28932742e-02  1.00183617e-02
  1.01366732e-02 -1.42249810e-02 -6.66343719e-02 -6.16599759e-03
  1.28186285e-01 -2.11168192e-02  9.85704288e-02 -3.70458551e-02
  7.46502578e-02  1.87326390e-02  7.80925825e-02 -1.71237383e-02
  1.25827109e-02 -2.20808294e-02 -1.00100525e-01  1.54945068e-02
 -3.25858556e-02 -5.79079799e-02  7.40221050e-03 -1.31877124e-01
  5.41538559e-02  1.00451820e-01  9.71853081e-03  3.50181311e-02
 -1.50200855e-02  7.34283542e-03 -1.03853531e-02 -7.28771463e-02
 -5.46052754e-02 -2.78657954e-03 -4.63785715e-02 -1.58502497e-02
 -8.55043456e-02  1.40994508e-02 -1.24210738e-01 -5.52388430e-02
  3.73145379e-02 -2.99916212e-02  4.55770604e-02  7.55424518e-03
  3.66433039e-02  1.62805319e-02  7.29551958e-03 -1.70946550e-02
 -3.85332257e-02 -6.09527528e-02  8.48163590e-02 -1.79359037e-02
 -3.56716961e-02  5.88655062e-02 -2.24624909e-02  1.96930505e-02
 -1.93354785e-02  6.51362911e-02 -6.72140718e-02  3.32013592e-02
  1.27098083e-01  2.50118524e-02  4.56559770e-02 -4.17773910e-02
  4.82625738e-02 -6.27000183e-02  5.83926030e-03  4.58409544e-03
  3.88721786e-02  1.37290740e-02 -1.28234357e-01 -4.91224983e-33
  9.31272469e-03 -8.46891701e-02 -3.62076275e-02  2.13218424e-02
  4.87495810e-02 -5.03935218e-02 -1.27590925e-01 -1.18468003e-02
  2.85424013e-02  2.71890406e-02 -3.83989438e-02  1.75437797e-02
  5.69226071e-02  4.20732647e-02  5.44609912e-02 -4.37192805e-02
  5.70227578e-02  9.01440457e-02 -1.21826708e-01 -2.49671135e-02
 -4.33580317e-02  5.63356578e-02 -2.70476583e-02  8.37924250e-04
 -5.40302433e-02  1.99465398e-02 -2.34305300e-02 -1.00798152e-01
  4.24818322e-02  2.50919145e-02 -7.68786967e-02  3.75948325e-02
 -2.20209397e-02 -1.34368483e-02  2.11170968e-02  5.89462928e-02
 -1.88970030e-03 -5.95335066e-02  2.56451522e-03 -3.53453681e-02
 -3.70657742e-02 -2.86157429e-02 -3.33060161e-03 -2.87423208e-02
  1.33301839e-02 -4.35977578e-02  9.06051137e-03 -7.22016394e-02
 -7.33838826e-02 -3.81873501e-03  6.14256673e-02 -1.76993525e-03
  5.89847900e-02 -3.12489960e-02  1.99733023e-02 -2.32237000e-02
  5.80658540e-02 -4.31399569e-02  5.12745045e-03  5.98411709e-02
  1.80441160e-02 -5.42903729e-02  2.66775936e-02  3.43359485e-02
  2.62249112e-02  2.41873506e-02 -6.33687619e-03  6.95702434e-02
  2.23220941e-02  2.51586437e-02 -8.67906883e-02  1.14260778e-01
  3.42088775e-03  2.95901112e-02 -1.45796724e-02  3.59665193e-02
  1.33158844e-02  2.55023018e-02 -1.79302855e-03 -4.07233201e-02
 -5.16253337e-02 -3.20517309e-02 -1.73840355e-02 -1.10678345e-01
 -2.50406191e-03 -6.68207705e-02  5.37447445e-02  4.38482910e-02
 -1.08678102e-01 -6.65887594e-02 -3.13758142e-02 -7.49764452e-03
  5.19516282e-02 -1.18808653e-02  1.77808888e-02  1.09183791e-33
 -1.24219388e-01  5.54891117e-02 -2.14779973e-02 -6.91283569e-02
 -2.78909244e-02  5.77204339e-02 -1.41046857e-02  3.31223495e-02
 -3.89249064e-02  5.89708053e-03 -5.45784784e-03  3.04429941e-02
 -1.31507423e-02 -6.14247583e-02 -4.09450345e-02 -4.19142321e-02
  4.54287929e-03 -2.64843758e-02 -3.97747718e-02 -8.54960755e-02
  6.65190667e-02  1.13807432e-02  6.03762083e-03  1.90045610e-02
 -2.60556005e-02  2.13276874e-02 -6.49435446e-02 -1.17215877e-02
 -2.29220677e-04  1.64609756e-02  2.09582094e-02 -5.46416752e-02
 -4.34007011e-02 -1.14569080e-03  3.05539067e-03  7.71650597e-02
 -8.97827148e-02  5.59432199e-03 -6.19251505e-02 -4.16956060e-02
 -6.24506138e-02  6.57553375e-02 -6.68752044e-02  2.56532039e-02
  6.67092204e-02 -2.00603511e-02  2.36437898e-02  7.05872523e-03
 -3.64480950e-02  1.61801297e-02  3.00871637e-02  6.23256825e-02
  5.67366183e-02  7.10785985e-02 -1.97600499e-02  2.72474382e-02
 -2.43354309e-02  2.74097566e-02 -5.30106537e-02  1.72714218e-02
 -2.66728122e-02 -8.66665766e-02 -8.37632567e-02  3.89482081e-02
 -3.55080143e-02 -7.71978125e-02  6.72686249e-02  3.95511743e-03
  1.36206914e-02  5.69326617e-02  3.91914835e-03  5.03873080e-02
  2.81147417e-02 -1.20778820e-02 -4.86191399e-02 -4.89998609e-02
  2.94884830e-03 -1.62111651e-02 -5.54670729e-02 -1.34119643e-02
 -2.97025703e-02 -1.65095814e-02 -1.68761387e-02  9.50432271e-02
  9.14517343e-02 -1.89600431e-03 -1.03787899e-01  7.56183360e-03
  4.81900387e-03  1.30650196e-02  3.56058106e-02 -8.42176229e-02
 -6.28301054e-02  5.36632314e-02 -1.05529025e-01 -1.93364329e-08
  7.25947693e-02 -5.15148684e-04  2.59120134e-03 -2.45707408e-02
  7.49433041e-02 -3.23578715e-02 -4.26632576e-02  1.48665234e-01
 -5.32716699e-02  6.74674474e-03  5.52872866e-02 -3.59060578e-02
 -6.82168305e-02  1.92318000e-02  2.35936586e-02  3.26570347e-02
  9.59997177e-02  2.91573405e-02 -2.51405127e-02  5.91577366e-02
 -4.23870161e-02 -5.90947010e-02 -1.02435224e-01  8.64113271e-02
 -3.93464640e-02 -9.20232199e-03  2.88807210e-02  8.53865519e-02
 -2.87121199e-02 -5.59632331e-02  3.72047387e-02  8.68793428e-02
  9.83147919e-02  1.18406557e-01  2.42992975e-02  3.81291062e-02
 -1.58260800e-02  1.27249107e-01 -6.49224371e-02  9.96587612e-03
  3.71838659e-02 -4.53845859e-02  3.36872190e-02  6.18889965e-02
  3.28968391e-02  8.90455693e-02 -6.80352189e-03  4.95994687e-02
  5.40094934e-02  8.31521153e-02 -4.29359451e-02  6.24906160e-02
 -5.70696825e-03  2.05069594e-02 -4.70869802e-02 -4.48966585e-02
 -4.86521125e-02 -1.63073912e-02  4.90084328e-02  7.31597748e-03
  2.94253100e-02 -2.58877240e-02 -2.01673359e-02 -1.46924821e-03]"
69,Which criterion is commonly used to determine the optimal number of clusters in K-means?,Silhouette coefficient,easy,14,10.941428571428574,"['A. Silhouette coefficient', 'B. Entropy', 'C. Precision', 'D. F1-score']",4,14.5,"[ 9.06433016e-02 -3.34199965e-02 -1.11502130e-02 -2.34629158e-02
  1.67773068e-02  3.67931649e-02 -1.42638851e-02  7.43105949e-04
  4.94846851e-02  6.54700622e-02 -2.03211699e-02 -3.95138785e-02
  5.82323857e-02 -2.86761615e-02 -6.50928020e-02 -8.17052871e-02
  7.20102116e-02 -1.09946825e-01  1.79146305e-02 -6.41450658e-02
  4.12322655e-02 -1.10435978e-01  6.68679401e-02 -3.00704222e-02
  1.99742592e-03 -4.91447281e-03 -2.00752374e-02 -3.02590132e-02
  4.82559130e-02  1.28604639e-02 -7.08131716e-02  1.21710449e-01
  1.25906095e-01  6.36621518e-03  3.06137279e-02  4.10212278e-02
  7.72759086e-03 -9.18030739e-03 -7.54052252e-02  8.66171271e-02
  4.90190112e-04  2.53346097e-02  5.18107451e-02 -3.93092670e-02
  7.42051704e-03  4.16183360e-02 -7.23900571e-02  7.47596263e-04
 -7.11151361e-02 -1.94782596e-02  6.21303469e-02  3.34218405e-02
 -1.00140862e-01  1.01424158e-01 -3.71172465e-02 -6.92906752e-02
 -8.85648951e-02 -4.46220720e-03  6.89374879e-02  3.53743210e-02
  7.09165931e-02 -8.77874121e-02  2.43466869e-02 -2.58024391e-02
  4.88451123e-02  1.71018876e-02  5.86791486e-02 -2.59279571e-02
 -1.08841788e-02  1.56243825e-02  5.58492728e-02 -6.76285522e-03
 -4.80841808e-02  3.01611070e-02  7.16198981e-03  1.70143079e-02
  5.10210805e-02 -6.94048032e-02 -7.88644776e-02 -3.24901976e-02
  1.94530115e-02  8.50882977e-02 -2.22227424e-02 -2.89085321e-02
  2.62559447e-02  9.15515982e-03 -4.44466881e-02 -1.03049383e-01
  4.70441468e-02  7.73914438e-03  2.75912769e-02  9.68089923e-02
 -4.98946942e-02 -3.90917324e-02 -9.03461874e-03  2.46041827e-02
 -4.05031368e-02  3.53767574e-02  1.09926075e-01 -4.11706045e-03
 -1.22621823e-02  1.43674687e-02  7.80459344e-02 -1.76527034e-02
 -2.55618934e-02 -1.01061299e-01  2.29725428e-02 -4.68793511e-02
  9.22741666e-02  2.81067044e-02 -1.41641153e-02  2.58341450e-02
 -2.96981055e-02  1.94260776e-02 -9.55149718e-03 -5.01561947e-02
  1.06343746e-01  1.84408948e-02  4.14822139e-02  4.16255929e-02
  3.07332966e-02 -5.15059493e-02  8.01944062e-02 -2.86400858e-02
  3.87805104e-02  2.86643784e-02 -1.14008278e-01 -4.10405706e-33
  7.67790573e-03 -1.98675059e-02  3.88284512e-02 -4.11767326e-02
 -6.49059638e-02 -3.87997963e-02 -4.17485498e-02 -2.27531753e-02
  7.04295337e-02 -9.69598591e-02 -4.94916439e-02  3.80500183e-02
  5.66046722e-02 -5.83269037e-02  1.17434680e-01  3.01314308e-03
  4.99000698e-02  4.67693210e-02 -1.09621160e-01 -5.23946397e-02
  7.02374354e-02 -3.69967073e-02  1.46099115e-02  1.15761254e-02
 -9.29687023e-02 -3.03659663e-02  4.27355878e-02 -1.66687127e-02
  1.09841675e-02  3.02270763e-02  3.41861416e-03 -1.19307369e-03
 -5.66905141e-02  6.39044419e-02 -2.20212769e-02  8.80564377e-02
 -6.01782165e-02 -4.67478065e-03  5.26330844e-02 -5.10214679e-02
 -8.66822824e-02 -1.10487663e-03  7.40906522e-02 -1.83962826e-02
  1.00365460e-01  2.66741980e-02 -3.09303170e-04 -6.93832571e-03
 -5.34572415e-02 -9.16475619e-05 -5.12867942e-02 -5.58297001e-02
  7.18229115e-02  6.30358681e-02  3.66520695e-02  6.91935048e-02
  3.17059383e-02 -8.79337788e-02  1.52026210e-02  5.40957414e-02
 -6.82720169e-02 -5.87659739e-02 -2.50039343e-02  4.98880306e-03
  2.03909557e-02  2.17315797e-02 -2.85186563e-02  3.11294328e-02
 -5.00961812e-03  7.21312454e-03 -2.46129986e-02  5.48150204e-02
 -4.76147756e-02 -1.52751245e-02 -2.01901030e-02 -2.01103836e-02
  4.03139666e-02  8.20471719e-02 -7.21547529e-02 -1.34617751e-02
 -4.67687026e-02 -3.81244137e-03 -9.77705494e-02  7.55411480e-03
  4.71806712e-03 -1.36663951e-02  3.41711976e-02 -7.98978750e-03
 -4.35417891e-02 -2.64518186e-02 -3.59549299e-02  2.75898464e-02
  1.86168321e-03  3.33068520e-02 -7.54085928e-02  1.63937858e-33
  2.81498265e-02 -7.90835911e-05  4.36453931e-02  1.03262454e-01
  1.64430588e-02 -5.67521388e-03  1.74096432e-02  5.04731387e-03
  1.32558262e-02 -1.93758830e-02  1.57980956e-02 -3.07302848e-02
  5.29352240e-02  8.94970819e-03 -7.47186020e-02  6.25971854e-02
 -1.93102080e-02  2.14945860e-02  8.13402534e-02 -2.05027144e-02
 -2.48811934e-02 -9.90410522e-02  1.02322455e-02  5.69041632e-02
 -5.38729597e-03  1.14619853e-02 -8.31441283e-02 -9.84855518e-02
 -1.19009405e-01  3.44420411e-02 -3.32722347e-03 -5.71197122e-02
 -8.70963186e-02  6.81099668e-02  7.03592366e-03 -1.08780805e-02
 -1.75927971e-02  5.04665892e-04 -1.30857239e-02  3.69800255e-02
  5.99836838e-03  5.67964166e-02  3.05920411e-02  1.81372669e-02
  1.32192522e-02 -1.14689590e-02  9.54538360e-02 -4.52140532e-02
  2.66260821e-02 -6.39928579e-02  2.15552878e-02 -7.04017933e-03
  2.63109487e-02  3.98252346e-02 -7.64213363e-03  8.66945609e-02
 -3.28679085e-02  1.12221569e-01 -1.18503980e-02 -6.68706372e-02
  2.23031379e-02 -6.64727613e-02 -5.23238294e-02  7.16150030e-02
 -8.76180232e-02 -5.80828972e-02  6.44886792e-02  4.17677034e-03
 -5.23739234e-02  2.86302418e-02 -8.45013633e-02  4.58251163e-02
  4.34341915e-02  2.46012341e-02 -1.28573105e-01 -1.54641774e-02
  6.70540184e-02 -2.93282736e-02 -2.43336875e-02 -1.74682550e-02
 -3.78810838e-02 -1.13950400e-02 -7.08680227e-02 -1.43517647e-02
  5.30407811e-03 -1.53594790e-03  4.37491424e-02 -1.13308793e-02
  1.10163726e-02  8.85076937e-04 -1.70319080e-02 -4.65033576e-02
  2.97722388e-02 -2.64522526e-02 -8.84369612e-02 -2.02953867e-08
  4.60196007e-03 -9.07966793e-02 -3.90596613e-02 -6.15409277e-02
  7.36109242e-02  4.03744467e-02 -5.04037477e-02  1.00651368e-01
 -7.23432517e-04 -8.18489641e-02  1.08075760e-01  3.51330414e-02
 -7.44027197e-02  5.90764992e-02 -6.57690456e-03 -1.67182237e-02
 -2.36680750e-02  4.25998643e-02 -7.27434084e-03  2.89251413e-02
  2.89300196e-02 -4.30167802e-02 -1.06732147e-02  8.58603744e-04
 -3.65231023e-03  6.86002942e-03  7.10095987e-02  5.25752902e-02
 -8.27041641e-02 -2.70517170e-02 -2.25326009e-02 -3.07062604e-02
 -3.47862616e-02  1.52962180e-02 -2.99942959e-03  9.45695192e-02
 -1.25127912e-01  4.45241667e-02 -8.54189415e-03  2.87848841e-02
  6.42784834e-02  4.96776402e-02  8.90942756e-03 -2.01633386e-02
  5.41730151e-02  2.96308566e-02 -8.70967563e-03  7.09482655e-02
 -1.76166259e-02 -2.81930864e-02 -7.45440051e-02 -4.87424992e-02
 -5.32353185e-02  1.91258267e-02  9.56797600e-03 -8.63482524e-03
 -7.19501963e-03 -8.27854052e-02  7.35417604e-02 -6.70851171e-02
  7.58286417e-02  2.87120957e-02 -4.98917187e-03  1.65528746e-03]"
70,"In K-means clustering, how do you determine the optimal number of clusters?",Use a scree plot to identify the elbow point,easy,12,8.756666666666668,"['A. Use a scree plot to identify the elbow point', 'B. Use a random number generator to pick the number of clusters', 'C. Use a dendrogram to visualize the hierarchical structure of the data', 'D. Use a confusion matrix to assess the accuracy of the clustering']",4,61.75,"[ 9.87372622e-02 -3.11594876e-03 -1.55564779e-02 -3.13492380e-02
 -1.20376879e-02  1.32461358e-02  2.52297847e-03 -9.18235350e-03
  3.40233780e-02  5.61714619e-02 -4.08041477e-02 -3.47903296e-02
  6.76402375e-02 -3.28529924e-02 -6.67153299e-02 -4.76141907e-02
  5.16639911e-02 -7.70580471e-02  1.29563296e-02 -8.41740817e-02
  7.15060309e-02 -1.06728949e-01  8.39023814e-02 -3.82552296e-02
  1.04176728e-02 -6.60260150e-04  4.60803276e-03 -3.91634405e-02
  5.13394177e-02 -1.83877943e-03 -5.46940565e-02  9.44413170e-02
  1.39482230e-01  3.09814047e-02  1.64616443e-02  2.71683000e-02
 -1.15269516e-02 -1.44969253e-02 -7.09405467e-02  8.44350457e-02
 -1.63336657e-02  4.37003449e-02  3.44400518e-02 -2.42484957e-02
  1.52560705e-02  5.05120866e-02 -7.33502135e-02  2.78648213e-02
 -2.65880749e-02 -2.00454127e-02  6.33394793e-02  2.35095806e-02
 -9.88924354e-02  1.01947650e-01 -2.70356592e-02 -4.82599400e-02
 -8.07862133e-02 -1.28174657e-02  7.40219727e-02  3.84128019e-02
  8.86675045e-02 -8.90674964e-02  5.86892180e-02 -1.36922225e-02
  2.75889486e-02  9.51215904e-03  6.90311939e-02  1.68802477e-02
 -6.15973258e-03  1.95413083e-02  6.32972345e-02  7.37020141e-03
 -9.97330062e-03 -1.42951896e-02  2.25582644e-02  3.34648937e-02
  4.23180126e-02 -5.90950064e-02 -7.51007944e-02 -3.74322906e-02
  2.60359775e-02  8.54140222e-02 -2.86174677e-02  1.39891834e-03
  2.03115679e-02  1.13007594e-02 -1.95847135e-02 -4.94354554e-02
  8.79443362e-02  1.54772801e-02 -2.11750139e-02  7.71307424e-02
 -4.73318696e-02 -6.10252656e-02 -3.31568196e-02  2.14401875e-02
 -1.91364102e-02  4.51488495e-02  1.01590276e-01  1.21096615e-02
 -2.54153702e-02  7.33519846e-05  8.67142975e-02 -3.92246880e-02
 -2.92683356e-02 -8.42091516e-02 -1.23923700e-02 -2.71884799e-02
  6.45773932e-02  4.45555896e-02  5.61110256e-03  2.52444819e-02
 -3.02293040e-02  3.41781601e-02  8.34116433e-03 -8.98247305e-03
  1.29567787e-01  3.11094988e-02  6.97926432e-02  4.86166589e-02
  4.06888723e-02 -4.87863645e-02  8.40986520e-02 -2.15292023e-03
  1.25419330e-02  4.24675792e-02 -1.07808478e-01 -4.66770329e-33
  2.23201029e-02 -3.19599435e-02  4.97563258e-02 -3.60825174e-02
 -4.78659235e-02 -4.91195396e-02 -1.21393390e-02 -2.77072545e-02
  5.24210930e-02 -6.71222880e-02 -2.90997494e-02  1.22440383e-02
  7.87526667e-02 -7.53170177e-02  8.77219737e-02 -3.26557271e-02
  2.80305576e-02  4.89278324e-02 -1.17916979e-01 -4.62299585e-02
  3.55693549e-02 -4.72541302e-02  6.49393816e-03  7.56360707e-04
 -6.53140470e-02  6.39978377e-03  3.59416753e-02 -5.20871058e-02
  2.60974579e-02  3.15725207e-02  1.67969763e-02  7.87979923e-03
 -6.35222122e-02  7.81714097e-02  3.46951676e-03  1.03350267e-01
 -3.39185931e-02  3.43984365e-02  5.73171303e-02 -5.42212017e-02
 -7.24866241e-02 -4.68739634e-03  9.51709151e-02 -3.28200720e-02
  6.54822960e-02  4.16929983e-02  1.85853280e-02 -2.16825251e-02
 -2.63276547e-02  6.54672924e-03 -4.54065986e-02 -9.31743458e-02
  4.78816330e-02  6.93474784e-02  3.23722437e-02  6.18720762e-02
  2.61705816e-02 -9.39951986e-02  3.13474946e-02  5.04270531e-02
 -2.13385262e-02 -6.08537197e-02  2.68624560e-03  2.26681735e-02
  2.33578496e-02  1.03193251e-02 -1.31170936e-02  3.50498110e-02
  4.37346473e-03  2.14046165e-02 -5.69073297e-02  5.29936701e-02
 -1.87309477e-02 -3.66299413e-02 -3.66991870e-02 -7.55663170e-03
  2.80929934e-02  7.71680623e-02 -9.68842581e-02 -5.11909253e-04
 -3.85884680e-02  3.88938794e-03 -8.90253261e-02  3.09931468e-02
  2.62892526e-02 -2.55136527e-02  1.84852481e-02 -8.89171206e-04
 -3.20647433e-02 -3.48493867e-02 -6.59174696e-02  3.10811009e-02
  1.92800611e-02  9.43149161e-03 -8.91095623e-02  2.28874793e-33
  2.52938587e-02  1.10447677e-02  6.30887002e-02  7.20105544e-02
 -1.32161751e-03 -2.29444876e-02  2.64749490e-02  6.02801517e-02
  2.18409766e-02  2.95910845e-03 -1.18898284e-02 -2.15302613e-02
  3.72764282e-02  5.92068257e-03 -6.63090944e-02  6.91043213e-02
 -7.67794577e-03  3.86445224e-02  8.57728198e-02 -3.05179004e-02
 -4.19555791e-02 -8.90688673e-02 -9.81079321e-03  4.52230126e-02
  4.90294071e-03  1.41899241e-02 -2.19425261e-02 -1.03952631e-01
 -9.45625529e-02 -4.12930502e-03 -2.89092562e-03 -6.40613437e-02
 -1.02406003e-01  6.59930483e-02 -2.30520926e-02  4.71066451e-03
 -4.00455967e-02 -1.60497893e-03 -1.22014089e-02  2.32833996e-03
  3.15322652e-02  3.67407165e-02 -6.29708730e-03  2.98644938e-02
  2.36715600e-02 -3.24804857e-02  9.06121954e-02 -5.67499027e-02
  2.18786555e-03 -5.48756719e-02 -7.41127832e-03 -1.39098251e-02
  4.12104931e-03  2.50682272e-02 -1.81327108e-02  6.19537756e-02
 -4.41636163e-04  1.13079980e-01 -1.80929564e-02 -8.30812156e-02
  1.65136196e-02 -1.04268312e-01 -5.36379330e-02  9.04287919e-02
 -8.50154236e-02 -7.14156032e-02  5.26590981e-02 -1.98120009e-02
 -6.00177012e-02  3.98729108e-02 -7.28116333e-02  6.30731657e-02
  5.61972223e-02 -3.36375367e-03 -1.04065187e-01 -3.79622877e-02
  4.04996574e-02 -2.08254214e-02 -1.51344147e-02 -3.61757129e-02
 -4.76765037e-02 -4.14426811e-02 -6.62032887e-02 -2.35829828e-03
  2.30402425e-02  1.57650525e-03  5.92924803e-02  1.24899810e-02
  2.69907452e-02  5.26181003e-03 -4.04460095e-02 -2.69947387e-02
  5.39990403e-02 -4.04139981e-02 -8.59803036e-02 -2.06911519e-08
 -2.60163359e-02 -1.23213075e-01 -3.16798724e-02 -6.71211258e-02
  8.95653591e-02  5.65909334e-02 -6.63378686e-02  1.14907719e-01
 -3.21132578e-02 -1.40051201e-01  1.16336182e-01  9.31964070e-03
 -7.59872645e-02  4.41593118e-02 -1.76107269e-02 -9.46667278e-04
 -1.94295552e-02  5.47889099e-02 -1.14059513e-02  1.71229783e-02
 -2.75803916e-03 -3.22411545e-02  1.86964627e-02 -1.46958884e-02
 -8.55129026e-03 -5.49610844e-03  8.09079930e-02  5.58968000e-02
 -6.50516525e-02 -2.53336150e-02 -3.89597416e-02 -3.99004258e-02
 -8.46440122e-02  2.16137767e-02 -3.17517556e-02  6.20305352e-02
 -1.48311213e-01  3.92502621e-02 -6.04531635e-03  1.71744637e-02
  4.24096659e-02  4.58560959e-02  1.23651093e-02 -3.09837218e-02
  6.01618774e-02  6.14607669e-02 -7.82189798e-03  5.66933490e-02
 -7.03017868e-04 -4.36644182e-02 -3.71249653e-02 -4.26171571e-02
 -6.82455227e-02  1.29201207e-02 -1.25038289e-02 -2.52376143e-02
  1.27522741e-02 -8.32611397e-02  9.60574001e-02 -6.23203963e-02
  1.96564104e-02  1.69719048e-02 -1.55101093e-02 -4.20381920e-03]"
71,What is the purpose of a dendrogram in hierarchical clustering?,To show the relationship between the clusters,easy,10,9.55,"['A. To show the relationship between the clusters', 'B. To identify the optimal number of clusters', 'C. To determine the direction of the clusters', 'D. To assess the quality of the clusters']",4,44.5,"[ 1.54238346e-03 -2.60589086e-02  5.23408316e-02 -1.37268873e-02
 -1.41186849e-03 -3.72354798e-02 -3.85948271e-02  1.38920918e-02
  5.93985878e-02 -4.90420535e-02  1.00148991e-02 -5.71545074e-03
 -2.19227765e-02 -6.06029555e-02 -6.87994435e-02  3.14214975e-02
 -6.68294961e-03 -1.92629602e-02  3.64985317e-02 -1.12068325e-01
  1.81320850e-02  3.67393494e-02 -2.36372948e-02  1.77533999e-02
 -1.71642173e-02  8.06891620e-02 -2.25052331e-02  4.06095199e-02
  2.20697690e-02  2.11171843e-02  4.91848104e-02  7.49286935e-02
  1.17934071e-01  5.38160875e-02 -5.97205013e-02  9.37267169e-02
  5.67579940e-02  4.21765959e-03 -2.66818665e-02  5.39825596e-02
  2.15338804e-02  6.66483492e-02 -6.98164804e-03  2.69733053e-02
 -4.96592708e-02  2.88168546e-02 -8.56817290e-02 -3.17880954e-03
 -3.97360809e-02 -9.02891904e-03  1.72737390e-02  1.66975297e-02
  5.20422831e-02  7.48843402e-02  4.46832664e-02  4.87643629e-02
  2.88964938e-02 -1.86676960e-02  2.32531484e-02 -3.76697257e-03
  5.47971465e-02 -2.26680972e-02 -6.28484115e-02 -1.68581344e-02
  1.20797917e-01 -2.04951223e-02  7.44100288e-02 -1.23947132e-02
  9.35635790e-02 -1.60515122e-02  7.74458125e-02 -1.96105894e-02
  2.69873254e-02  1.36094783e-02 -1.24174044e-01 -6.34075468e-03
 -2.24295054e-02 -8.28158632e-02  1.81667265e-02 -1.21776141e-01
  5.32769300e-02  1.32550284e-01  4.34241369e-02 -1.42107932e-02
  8.16760883e-02 -8.94942030e-04 -9.44915973e-03 -6.34942204e-02
 -6.23938106e-02  3.81694152e-03 -3.79393101e-02 -3.40098254e-02
 -1.13244772e-01 -3.31959128e-02 -1.83912665e-01 -3.13267261e-02
  2.83904076e-02 -3.02110109e-02  8.35965872e-02  2.68148109e-02
  3.82999592e-02  1.56862643e-02  2.65816078e-02 -6.53780578e-03
 -4.73650880e-02 -6.63150325e-02  5.56181073e-02 -1.59340873e-02
 -1.53679270e-02  6.14338443e-02 -6.55080751e-02 -3.02239638e-02
 -3.46079804e-02  6.14825189e-02 -5.72303310e-02  1.03105428e-02
  1.09256543e-01  3.77215520e-02 -1.48809720e-02 -9.18664634e-02
  4.26905453e-02 -7.57206827e-02  2.33741570e-02 -5.40313497e-03
  3.38985026e-02 -8.03841185e-03 -1.57134831e-01 -4.85242195e-33
  2.75386963e-02 -6.30168468e-02 -3.96706834e-02  5.05697764e-02
 -1.54713923e-02 -3.03442646e-02 -1.02278888e-01  4.82040178e-03
  1.98070463e-02 -7.70263700e-03 -1.61757097e-02  6.39347807e-02
  7.06626698e-02  1.10565396e-02  4.12734635e-02  8.11642967e-03
 -1.74402595e-02  9.79622751e-02 -5.85648455e-02 -3.61264013e-02
 -1.08073968e-02  1.36536211e-02  1.60598103e-02 -1.23296203e-02
 -6.78191185e-02  2.42421813e-02  9.69376601e-03 -8.73998776e-02
  7.73414522e-02  1.31249549e-02 -3.93827856e-02 -2.37569120e-03
 -5.59159033e-02  8.88298079e-03  2.01292355e-02  3.62285711e-02
 -1.97824873e-02 -7.06635937e-02  9.14231595e-03 -5.10940254e-02
  2.08461378e-03 -5.81830852e-02  4.10855822e-02 -4.28947024e-02
  2.57599186e-02  5.05654328e-02 -1.23954387e-02 -3.75986397e-02
 -3.71974707e-02 -3.91155668e-02  4.37647104e-02 -1.43778538e-02
  5.32841310e-02 -4.35061269e-02  3.16458605e-02  2.40202658e-02
 -6.27370318e-03 -4.43774723e-02  2.25283555e-03  4.72704470e-02
  3.13034803e-02 -6.27201274e-02  7.37996073e-03  6.51005954e-02
  3.18190716e-02 -3.14634293e-02  3.34750488e-02  9.97847989e-02
  7.91945979e-02  2.74988711e-02 -1.39837544e-02  8.79744887e-02
 -1.45775615e-03  2.25912891e-02 -4.53609750e-02  2.99486164e-02
  2.32353676e-02  1.91877633e-02 -5.49208447e-02 -2.16364842e-02
 -7.32303411e-02 -5.29254191e-02 -6.82456046e-02 -3.01532932e-02
 -3.25918500e-03 -4.04440537e-02  3.08654625e-02  2.80446820e-02
 -1.03974581e-01 -1.43614318e-02 -3.85410711e-02 -4.84219519e-03
  3.50801982e-02  9.02783033e-03 -1.25322677e-02  9.65448204e-34
 -7.32611194e-02  3.64370570e-02 -6.06305450e-02 -7.36190304e-02
 -2.27859430e-02  4.78408299e-02 -2.81654745e-02  4.96915542e-03
 -7.61224795e-03  3.32629196e-02 -5.26649728e-02  1.29555324e-02
  4.19850200e-02 -9.58222002e-02  1.20749809e-02  1.59973167e-02
 -6.24467023e-02 -3.09817065e-02 -4.73099910e-02 -7.15336949e-02
  6.11342974e-02  8.66233259e-02 -2.19695922e-02  3.99310961e-02
 -1.47744152e-03  1.20269274e-02 -6.22212887e-02  1.50902439e-02
 -2.10515466e-02  6.94007874e-02  3.78985107e-02 -3.74710187e-02
 -4.63000499e-02  1.46412794e-02 -2.31709350e-02  4.17170525e-02
 -6.11339463e-03 -3.15200314e-02 -4.94125970e-02 -5.11751473e-02
 -7.01918378e-02  8.52212906e-02 -3.61681916e-02 -4.89894906e-03
  4.19212058e-02 -7.06028659e-04  1.95578877e-02 -4.35145479e-03
 -1.31597975e-02  2.34468058e-02  4.73521277e-02  1.99172180e-02
  1.75706074e-02  2.22412217e-02 -1.22113405e-02  6.51351810e-02
 -7.62233362e-02  4.91154753e-02 -1.75467432e-02  3.15279402e-02
 -2.98845991e-02 -1.05966650e-01 -7.37415031e-02  4.78049219e-02
 -7.54783005e-02 -6.65213019e-02  4.25614901e-02 -3.76431309e-02
 -1.42297922e-02  7.15467483e-02  2.31585577e-02  5.00172786e-02
 -7.87070312e-04  3.38927321e-02 -7.34007359e-02 -5.92684373e-02
  1.16205215e-02 -4.89197895e-02 -8.92678648e-02 -6.62536249e-02
 -1.13341890e-01 -3.69603671e-02 -5.12048660e-04  1.17805235e-01
  5.32860346e-02 -6.47844002e-02 -1.85595080e-02  2.85395775e-02
  4.70695971e-03 -4.59078001e-03  5.33699878e-02 -6.11451454e-02
 -6.42348677e-02  4.07242291e-02 -7.90281817e-02 -1.80501267e-08
  3.94142605e-02 -6.83555938e-03 -1.02412337e-02 -6.90388083e-02
  5.03368415e-02 -2.61016041e-02 -3.45105641e-02  1.25532314e-01
 -2.65082382e-02 -4.99200262e-03  5.89642748e-02 -5.08571118e-02
 -8.54104161e-02  2.96940915e-02  2.90749427e-02  4.36291157e-05
  7.26406723e-02 -6.41748682e-03 -5.79057485e-02  4.79307324e-02
 -9.54092829e-05 -1.07634729e-02 -8.33007246e-02  1.02027535e-01
 -3.61811332e-02  6.56074192e-03  5.32650873e-02  3.88720296e-02
 -4.28641327e-02 -4.78387326e-02  3.18154730e-02  8.85508731e-02
  5.02754860e-02  1.14882641e-01 -1.56929884e-02  5.60514219e-02
 -1.41685167e-02  6.72058240e-02 -6.42622933e-02 -3.47338840e-02
  3.34972888e-02 -2.70229951e-02 -1.39421839e-02  4.97802980e-02
  2.07317825e-02  8.49692225e-02 -4.37671244e-02  5.65902926e-02
  8.05041417e-02  1.27266511e-01 -3.20413411e-02  3.69659811e-02
  8.35839286e-03  2.40728259e-02 -1.98340546e-02 -1.42550804e-02
 -6.99662343e-02 -4.03068215e-02  7.75445029e-02  2.15380434e-02
  7.18341544e-02  2.10547820e-02  2.30697710e-02 -4.43212725e-02]"
72,Hierarchical clustering is a deterministic algorithm. What does this mean?,"The results of the algorithm will always be the same, regardless of the input data",medium,10,12.320000000000004,"['A. The results of the algorithm will always be the same, regardless of the input data', 'B. The results of the algorithm will be different, depending on the order in which the data is processe', 'C. The results of the algorithm will be different, depending on the choice of linkage metho', 'D. The results of the algorithm will be different, depending on the initialization of the clusters.']",4,94.5,"[-4.44677984e-03 -5.60431592e-02  2.81217620e-02  4.00462821e-02
  7.70464316e-02 -5.91313094e-02  1.16317905e-02 -1.64031200e-02
  2.53444612e-02 -4.68017235e-02  5.03398553e-02  1.04737328e-02
  6.76130503e-02 -4.65326346e-02 -1.19362853e-01  2.10253969e-02
  1.66057497e-02 -3.09896693e-02  5.40559404e-02 -6.11036532e-02
  2.28172354e-03  3.73880602e-02 -1.11133261e-02  2.22908296e-02
 -1.44278435e-02  4.41725925e-02 -1.96962804e-02  2.94353273e-02
  3.79247293e-02  2.61783600e-02  3.56953144e-02  8.88469890e-02
  1.25491813e-01  6.99546263e-02 -8.99919367e-04  8.67659226e-02
  1.64114423e-02 -8.88321642e-03  8.01081024e-03  8.17943886e-02
  5.07213734e-02  3.08905095e-02 -4.26908256e-03 -7.77454348e-03
 -5.42902239e-02  1.32619105e-02 -5.19971512e-02 -4.48269285e-02
 -1.23348966e-01  3.76296490e-02 -4.92651528e-03 -1.76374577e-02
  7.42437830e-03 -1.91054959e-02  1.21070407e-02  3.72022875e-02
  2.86463965e-02  2.00533196e-02 -2.97048148e-02 -1.72951147e-02
  6.61511645e-02 -1.06678223e-02 -6.32344559e-02  2.28698049e-02
  1.71904743e-01  1.24561470e-02  7.89787397e-02  1.81575231e-02
  5.69136329e-02 -9.22957808e-02  7.49770552e-02 -3.46660987e-02
 -3.56083028e-02  8.02218467e-02  1.12798996e-02 -4.67306860e-02
  3.38204056e-02 -1.68994523e-03  1.69952344e-02 -6.32727891e-02
 -3.57866772e-02  1.11823812e-01 -3.19696814e-02 -1.37077542e-02
  1.10562639e-02 -2.70934440e-02 -1.64256915e-02 -7.48682693e-02
  3.66774686e-02 -4.16682735e-02 -6.38675392e-02 -7.39448145e-02
 -6.44886643e-02  2.41767373e-02 -1.33164212e-01 -5.51469587e-02
 -3.26442206e-03 -1.26678506e-02  5.74869551e-02 -2.39876229e-02
 -1.59913059e-02  2.26014815e-02  2.96371727e-04  2.15538219e-02
 -5.12019321e-02 -8.56799632e-02 -2.40318365e-02 -1.23519963e-02
  1.76757704e-02  1.64017770e-02 -4.63151187e-02  4.03951295e-02
 -2.95011606e-02  2.47308388e-02 -7.86917582e-02  1.88661888e-02
  2.42162142e-02 -3.25202234e-02 -1.47373835e-02 -8.01235612e-04
  4.48214002e-02 -3.47331427e-02 -4.37335431e-04  7.35192839e-03
  4.82523888e-02  5.29580237e-03 -8.88917744e-02 -5.29206822e-33
  5.13555780e-02 -1.01505898e-01  4.26887423e-02  1.48362843e-02
  3.30689996e-02 -4.11183387e-02 -3.28770205e-02 -7.49910697e-02
  3.02111171e-03  1.12446453e-02 -8.31141043e-03  3.01141515e-02
  4.79051210e-02 -2.88511012e-02  7.02465847e-02  1.73581820e-02
  8.76550283e-03  7.94196948e-02  3.06447726e-02 -1.07733786e-01
 -2.01076325e-02  8.24648887e-02  8.36699212e-04 -1.66209683e-01
 -3.51323076e-02  2.52371356e-02 -4.52413037e-02 -7.12520555e-02
  7.63591081e-02  4.98927496e-02 -3.50922607e-02  6.47772253e-02
 -1.31361678e-01 -9.91048384e-03  1.55967362e-02  3.14697959e-02
  2.40216237e-02 -8.61362070e-02  1.25219701e-02 -2.55871378e-02
 -2.96534449e-02 -6.19529076e-02  9.67842415e-02 -7.34616518e-02
  3.21744569e-02  1.71268694e-02  4.42215875e-02 -2.56564524e-02
 -4.03670669e-02  5.05443998e-02 -5.75212948e-03 -4.38000821e-02
  1.14817150e-01  1.12552783e-02 -8.41835514e-04  3.02860942e-02
 -7.84960575e-03 -4.15233374e-02 -3.31589095e-02  6.12943955e-02
  2.23194920e-02 -4.80105244e-02 -8.14361423e-02  2.51676328e-02
  2.11801686e-04 -1.52451685e-02  2.10335432e-03  2.80063991e-02
  1.86705500e-01  8.13782364e-02  1.46277407e-02  7.86314309e-02
 -2.64797211e-02  7.86821768e-02 -9.63477492e-02 -1.15438718e-02
  5.98839782e-02  4.19166349e-02  6.98362943e-03 -1.08646741e-02
 -1.47222504e-01 -9.34293773e-03 -9.22508389e-02 -3.69198322e-02
 -3.03428471e-02 -9.54136532e-03  3.05477008e-02 -1.46405236e-03
 -9.01951715e-02  6.59776405e-02 -2.76174527e-02 -2.32282225e-02
  5.11047840e-02  4.93992753e-02 -1.97625048e-02  4.17078069e-34
 -3.28301564e-02 -3.65687162e-02 -6.32806718e-02 -4.07148302e-02
 -2.32613049e-02 -3.07082348e-02 -8.81810561e-02  6.27105907e-02
 -3.88614759e-02  2.34350543e-02 -6.09300993e-02  4.93165385e-03
  7.00678751e-02  3.45540568e-02  4.72509786e-02  9.15336702e-03
 -5.81476232e-03 -5.78466291e-03  1.29248966e-02  7.91928638e-03
  5.15650474e-02  4.47873734e-02  2.32771579e-02  3.68494191e-03
  3.82886976e-02 -4.87400182e-02 -3.68848331e-02  3.46981175e-02
 -2.26287227e-02  5.64407669e-02 -9.65747517e-03 -4.93468381e-02
 -3.56297716e-02  5.14212959e-02 -2.44333036e-02 -3.98315396e-03
  1.49462549e-02 -5.45391180e-02  1.82292759e-02 -1.13601707e-01
 -7.38229230e-02  2.63157915e-02 -7.29068741e-02 -5.98502904e-02
  4.90584411e-02  1.72819439e-02 -2.67814081e-02 -1.41605781e-02
 -1.05109150e-02 -2.38689259e-02 -1.03694433e-03  2.54362598e-02
  9.22333300e-02  1.66130699e-02 -5.39623201e-02  6.32337555e-02
 -1.30071238e-01  6.46760091e-02  9.35455505e-03  7.72882067e-03
  1.45971943e-02 -8.55812952e-02 -9.26719829e-02  3.51609774e-02
 -3.79272141e-02 -4.05259766e-02 -2.68676151e-02 -9.70043987e-02
  5.56751341e-03  5.75091988e-02 -3.49663831e-02  4.43485789e-02
 -1.31220696e-03  2.96322443e-02 -6.10722750e-02 -1.00915574e-01
 -5.84294647e-03  1.06961662e-02 -2.45471820e-02 -1.14566863e-01
 -2.15288512e-02 -2.76392642e-02 -8.24313960e-04  4.34316248e-02
 -4.23804447e-02 -5.71296029e-02  6.11948147e-02  5.13192602e-02
  7.91900158e-02 -5.73113048e-03  4.21599001e-02 -9.09510553e-02
 -1.73822362e-02  2.56474484e-02 -9.92420390e-02 -2.02143866e-08
  4.93347878e-03 -9.26723145e-03  3.94152254e-02 -2.04298813e-02
  3.56780700e-02 -5.62055316e-03 -2.01678444e-02  1.47671644e-02
 -5.61236776e-03  2.02409979e-02  4.79995385e-02  4.71051708e-02
 -4.28754389e-02 -1.02158682e-02  4.24374826e-02  1.02900844e-02
  8.37596506e-03 -2.81429780e-03 -4.77735214e-02  8.10289904e-02
  1.81874763e-02 -7.85195548e-03 -3.51049006e-02  8.17069188e-02
  1.85763724e-02 -4.61516939e-02  7.71252736e-02  3.74161564e-02
 -1.25782620e-02 -3.90545987e-02 -1.92161538e-02  4.76861149e-02
 -1.57432817e-02  9.95285213e-02 -5.20029515e-02  1.04533747e-01
  1.47506725e-02  3.78975016e-03 -1.76935643e-02 -2.93492395e-02
  6.68637780e-03  9.66838095e-04 -5.97766861e-02  1.48792993e-02
  4.23268825e-02  5.72791286e-02  2.19390374e-02  4.16022278e-02
  5.94714507e-02 -1.16470149e-02 -1.46852229e-02  4.23564650e-02
 -5.18060103e-02 -1.19236987e-02  5.24801621e-03 -1.30810002e-02
 -3.56309265e-02 -5.21599092e-02  9.20834765e-02  4.99723246e-03
  1.25637069e-01  4.49211709e-02  1.13865845e-02 -3.94496657e-02]"
73,Why is cluster evaluation important?,All of the above,easy,5,14.68,"['A. To ensure that the clustering results are accurate and reliable', 'B. To check non-randomness in the data', 'C. To select the best clustering algorithm for a particular task', 'D. All of the above']",4,46.75,"[ 4.27557081e-02  3.74354720e-02 -4.61927839e-02  1.94795262e-02
  1.13732509e-01  5.50988391e-02 -8.88105761e-03 -1.60867423e-02
  3.31585370e-02  1.91674642e-02 -2.08745208e-02  1.36301396e-02
  1.59022529e-02 -8.40403512e-03 -1.04912899e-01 -4.34295312e-02
  2.87476815e-02 -4.63024899e-02 -1.96326785e-02 -1.37515560e-01
 -6.06188327e-02 -1.74627062e-02  1.95189174e-02 -1.16785336e-02
 -2.92754918e-02  4.67164516e-02 -5.03185466e-02 -5.06135914e-03
  3.83214317e-02 -7.17537664e-03 -2.17482466e-02  1.10510536e-01
  1.21489882e-01  2.74380203e-02 -6.62144423e-02  9.25907046e-02
  8.05482343e-02  1.14648901e-02 -4.25655209e-02  2.82742046e-02
  2.53605265e-02 -8.03633872e-03  1.94414016e-02 -2.37782877e-02
  1.15637947e-02 -9.39108878e-02 -8.85567069e-02 -3.37821804e-02
 -9.07016471e-02 -8.32764152e-03 -2.15629712e-02  6.65783882e-02
 -4.98127416e-02 -4.26312536e-03 -1.72808059e-02  1.16861075e-01
  3.63746025e-02 -2.88484432e-02  2.95020244e-03 -4.83102463e-02
  2.09719669e-02 -4.14753743e-02 -2.66232938e-02  1.94525979e-02
  8.38633478e-02 -5.19672111e-02  5.85190505e-02 -2.05608215e-02
  1.42207583e-02 -7.84336925e-02  4.89807501e-02 -1.57085608e-03
  2.67595239e-02  3.24048735e-02 -2.37674695e-02  4.78684045e-02
  2.63477154e-02 -2.40455288e-02 -1.69974088e-03  4.64161262e-02
  3.07069011e-02 -2.24953541e-03  1.07913837e-02  1.52638033e-02
  6.89780042e-02  4.34217826e-02 -2.34272834e-02 -1.29993737e-01
 -4.99306247e-02  1.85226854e-02  4.59782854e-02  4.36755121e-02
 -2.87945997e-02 -4.39751893e-02  6.09698379e-03 -3.47654172e-03
 -1.95660088e-02 -5.00466377e-02  9.22852531e-02  7.91433156e-02
  6.46430720e-03 -3.45665496e-03  6.88938098e-03 -6.01957552e-02
 -7.26215541e-02 -6.23117723e-02  1.57330483e-02 -6.98901340e-03
  8.41536969e-02  9.09504667e-03 -3.32562998e-02  7.98919573e-02
  1.59132201e-02  1.71957631e-02 -2.94751190e-02 -2.35918406e-02
  9.01312232e-02  2.52375323e-02  1.80332791e-02  3.65534462e-02
  2.90081315e-02 -1.24772288e-01  4.52227704e-02  2.78187990e-02
  7.31654018e-02 -3.42235267e-02 -1.21345691e-01 -4.31089447e-33
 -7.75010064e-02 -1.02301084e-01  3.79663929e-02 -2.44376082e-02
 -7.83955082e-02 -4.31642197e-02 -6.40750155e-02 -8.21283311e-02
  8.66327621e-03 -1.07179992e-01 -7.74260163e-02  1.32246837e-01
  1.18790075e-01 -1.77316330e-02  9.79857072e-02  5.40186651e-02
  1.22918608e-02  1.69390202e-01 -3.27329263e-02 -2.48425268e-02
  6.82357326e-02 -3.94475050e-02  3.93928140e-02 -3.71565297e-02
 -9.30300355e-02  1.41260950e-02  4.37188707e-02 -3.15611660e-02
  4.02209088e-02  3.18413824e-02  1.28162652e-02  3.02241631e-02
 -5.32489382e-02  5.14474213e-02  2.68747155e-02  1.14316307e-01
 -5.21687977e-03 -4.63589914e-02  2.93747503e-02 -7.05127344e-02
 -7.04856440e-02 -9.08343587e-03  4.91107255e-02 -5.31276353e-02
  6.51119873e-02  4.38962728e-02  1.86002087e-02 -4.34734635e-02
  3.11804991e-02 -2.71053314e-02 -4.45827581e-02 -7.63135850e-02
  7.39487037e-02  8.72964635e-02 -1.15722828e-02  1.13178246e-01
  1.59424711e-02 -4.47269306e-02  3.86010762e-03  5.06357104e-02
 -5.24313785e-02 -2.45821569e-03 -6.60731569e-02 -1.80242844e-02
 -5.02031334e-02  4.34228890e-02  1.63744222e-02  4.35540825e-02
  9.34972167e-02  4.23814133e-02 -1.62871033e-02  3.61864530e-02
 -2.34721173e-02  2.11913791e-03  8.79296660e-03  2.86051934e-03
 -5.56459278e-03  3.62602323e-02 -9.69122257e-03 -4.83318558e-03
 -2.88078226e-02 -2.94556785e-02 -4.50537615e-02 -4.88890558e-02
  5.62217906e-02 -5.80060482e-02  1.42104402e-02  1.16983727e-02
 -3.59318331e-02 -3.65254730e-02 -1.30446833e-02 -5.36778802e-03
 -2.10020728e-02  3.74388881e-02 -5.37008010e-02  1.92114678e-33
 -4.67729419e-02  5.14616957e-03 -4.73435037e-02  1.73269231e-02
 -3.84163670e-02 -3.59375477e-02 -3.26206163e-02 -4.13138382e-02
 -5.28477468e-02  1.69465896e-02 -2.17935368e-02 -1.45950699e-02
  2.18657721e-02 -1.29638631e-02 -3.72350328e-02  2.26420052e-02
  1.84204467e-02 -6.27036169e-02  3.25761922e-02 -2.63830889e-02
  1.88531838e-02  2.09977776e-02 -1.41783711e-02 -2.23549828e-02
 -3.97368930e-02  2.25011036e-02 -5.85345887e-02 -1.03321701e-01
 -4.36901450e-02  1.51339332e-02  3.15074138e-02 -3.60133052e-02
 -4.84164357e-02  6.32984117e-02  4.25864980e-02  1.06115928e-02
  3.62551101e-02 -4.84765247e-02  3.79680730e-02  1.39321499e-02
 -5.38214184e-02  8.81841257e-02 -4.63679023e-02  2.96552805e-03
  2.49482971e-02  1.21246865e-02  7.86068514e-02  5.90657592e-02
 -4.04929593e-02  5.92419598e-03 -1.35404652e-03  2.58027986e-02
  5.19962162e-02  1.07622640e-02 -6.11981489e-02  1.88257154e-02
 -3.02905384e-02  2.93564592e-02 -7.36005679e-02  7.99145997e-02
  2.30573844e-02  6.53496990e-03 -4.69409898e-02  9.43975523e-02
 -4.14286479e-02 -5.71288615e-02  5.83853014e-02 -1.70176774e-02
 -4.78687994e-02 -6.19885465e-03 -3.86252478e-02  6.81771114e-02
  1.97769329e-03  5.84539808e-02 -1.07761972e-01  7.62774982e-03
  2.66928971e-02 -1.46320951e-03 -5.35731465e-02 -1.01778302e-02
 -6.31904677e-02 -3.84494588e-02 -1.98437199e-02 -3.69038358e-02
  1.25656705e-02  2.77836788e-02  6.29048198e-02  2.06585415e-02
  9.16022621e-03  1.65136438e-02 -5.45713492e-02 -4.47328910e-02
 -5.41087203e-02 -1.28246602e-02 -6.62082359e-02 -1.41489158e-08
 -4.52167094e-02 -6.15625605e-02  2.49739527e-03  1.71036404e-02
 -3.84134017e-02 -2.93042585e-02 -7.44463205e-02  1.17635779e-01
 -2.72044316e-02  2.04771254e-02  6.50532395e-02 -2.87207626e-02
 -1.40705198e-01  2.72344109e-02  8.93504620e-02  1.20464787e-02
  8.40576440e-02  6.15521409e-02 -6.04681931e-02  4.62219417e-02
  2.75844447e-02 -2.02051178e-02 -7.83767104e-02  1.40083730e-02
 -1.26389368e-03 -3.06130089e-02  2.03677621e-02  4.41002622e-02
 -7.06315786e-02 -1.05350561e-01 -1.63621716e-02  6.08000122e-02
 -1.31358327e-02  8.08106586e-02 -1.47360777e-02  6.61393031e-02
 -4.36758511e-02  7.29030371e-02  1.46310683e-02  6.58093318e-02
  2.02848315e-02  7.27370009e-02  2.00113822e-02  1.91789214e-02
  6.13530315e-02  3.22101377e-02 -3.53238285e-02  7.22396225e-02
 -1.65135842e-02 -2.18426273e-03 -4.52000871e-02 -4.88805585e-02
 -5.50507046e-02  1.09943552e-02  4.53083962e-02 -4.91812192e-02
 -3.70807014e-02 -7.46287555e-02  7.28745461e-02  7.00585321e-02
  6.05296455e-02  1.45663088e-02  1.17072957e-02 -7.73972273e-02]"
74,"In clustering evaluation, what does entropy measure?",The homogeneity of the clusters in terms of class labels,easy,7,14.111428571428572,"['A. The homogeneity of the clusters in terms of class labels', 'B. The fraction of correct assignments', 'C. How compact clusters are', 'D. Distance between centroids']",4,38.25,"[ 3.05390116e-02  1.14102922e-02 -3.44545580e-02  3.88376005e-02
  8.07151720e-02  7.04552382e-02  8.35522190e-02 -5.73591441e-02
  7.65609592e-02 -4.92476970e-02 -7.62005942e-03 -8.45087767e-02
  2.76889503e-02  1.54267438e-03 -1.26972675e-01 -6.74447194e-02
  4.84007560e-02 -3.28271859e-03 -2.64566671e-03 -4.19819020e-02
  5.40627912e-02 -5.71139902e-03  6.69968650e-02  4.22546035e-03
 -2.52613537e-02  4.29410581e-03 -2.83322427e-02  1.94549188e-02
 -3.90690839e-05  2.07873788e-02 -3.02379187e-02  8.44416171e-02
  4.97383960e-02  9.87680405e-02 -1.90224089e-02  8.35108832e-02
  1.32601857e-02  1.75755844e-02 -4.59596477e-02  7.71528184e-02
 -3.47045586e-02  1.32553540e-02  4.46137898e-02  3.35263535e-02
 -8.62207264e-03  1.49178393e-02 -7.53007680e-02 -4.60480116e-02
 -1.00000069e-01  2.12565297e-03  5.06580882e-02  1.24034077e-01
 -1.35021592e-02  2.57091634e-02 -1.68401394e-02  1.09823599e-01
  2.58828215e-02 -3.05479150e-02 -1.45151317e-02 -9.33245197e-02
  5.99345379e-02 -2.30206009e-02 -6.67922422e-02  3.69238891e-02
  7.75534511e-02 -5.22242300e-02  7.02118129e-02 -7.53331510e-03
  1.19437762e-02 -1.03247799e-01 -2.47991644e-02 -1.29459407e-02
  2.61196420e-02  2.66493019e-02  2.99366470e-02  8.08756426e-03
 -1.53408768e-02  1.73898332e-03 -1.42947109e-02  5.50484098e-03
 -2.67843585e-02 -1.83349138e-03  5.32216877e-02  2.57007480e-02
  8.13570544e-02 -1.34652352e-03  1.38149997e-02 -6.14843816e-02
  4.54395190e-02  3.58116999e-02 -7.51028508e-02  2.26665884e-02
 -7.86061957e-02 -2.04052739e-02  3.81492414e-02  1.09979864e-02
 -3.56441066e-02 -3.22735272e-02  1.24897085e-01  2.60583274e-02
 -3.93882021e-02  1.36820562e-02 -4.92816567e-02 -4.91805710e-02
  9.07859020e-03 -1.09756098e-03 -8.41575675e-03 -8.95343907e-03
  9.36053544e-02  2.63269655e-02  1.61925461e-02  5.10420129e-02
  1.33582577e-03  3.70337181e-02  3.53184082e-02 -1.68360106e-03
  7.36915693e-02  3.78417931e-02 -1.72606762e-02  1.98556054e-02
  4.25136611e-02 -4.53355201e-02  3.86262797e-02 -3.15952636e-02
  3.51218060e-02 -1.07777566e-02 -4.63054031e-02 -5.17414850e-33
 -2.37708334e-02 -1.03205554e-01  2.48756120e-03 -2.95112748e-02
 -4.23069037e-02  4.71203066e-02 -9.72730219e-02 -4.78382297e-02
  1.26084639e-02 -3.81465792e-03 -8.43685195e-02  1.49000347e-01
  6.62888214e-02 -8.94778967e-03  7.07721040e-02  5.72828315e-02
 -6.65057227e-02  1.08975634e-01 -4.06929553e-02 -7.41413683e-02
 -3.28623131e-02  4.51394729e-02  4.92821001e-02 -4.11826782e-02
 -4.69567440e-02 -2.04876997e-02 -3.68497521e-02 -2.85108462e-02
  2.15824321e-02  1.72084309e-02 -3.10406182e-02  2.00787256e-03
 -6.83653951e-02 -7.89386593e-03 -5.59780793e-03  1.11041561e-01
 -3.61954756e-02  2.94288304e-02 -1.66550390e-02 -7.45254382e-02
 -1.81428529e-02 -1.62128806e-02  6.20561540e-02 -1.27580881e-01
 -3.55150527e-03  4.11723107e-02  2.21781824e-02 -2.57362593e-02
  4.69855815e-02 -6.51794448e-02  5.61362645e-03 -1.24734327e-01
  7.66360760e-02  3.62900086e-02 -6.98604248e-03  9.31983218e-02
  6.17472641e-02 -2.59185908e-03  1.80369224e-02  5.34098893e-02
 -4.65617925e-02 -1.35481199e-02  2.48619877e-02 -7.78109878e-02
  3.35728042e-02  7.59954518e-03  2.84405472e-03  5.21407947e-02
  1.02587059e-01 -2.10441463e-02 -3.29518020e-02 -2.48457817e-03
 -9.34660062e-03  4.06829417e-02 -6.71827933e-03  2.65680682e-02
 -3.22590023e-02  2.17954032e-02 -7.15269372e-02  6.55951798e-02
 -5.26798591e-02 -4.98013385e-02 -8.86626821e-03 -4.57058810e-02
 -9.24496725e-03  2.06817556e-02 -6.07678927e-02 -5.89285837e-03
 -1.26811460e-01 -4.20145020e-02  8.77534784e-03  1.25345262e-02
  5.34339398e-02  2.02198699e-02 -8.04609060e-02  1.13312136e-33
 -1.11952297e-01 -1.84984989e-02 -2.81247497e-02  4.71414700e-02
 -8.20546150e-02 -2.99930088e-02 -3.41524519e-02  6.84995502e-02
 -3.09308600e-02 -1.14923138e-02 -2.10561380e-02 -1.71389198e-03
  5.08994609e-02 -1.80934444e-02 -6.75716996e-02  8.95913467e-02
 -4.29616533e-02  5.60644120e-02  4.31494117e-02  1.73976123e-02
  3.44308242e-02  5.58026284e-02 -4.05082665e-02  1.05822310e-02
  2.48307333e-04  4.38864380e-02  4.35582288e-02 -7.33072981e-02
 -4.56735194e-02 -1.89843662e-02  4.16052788e-02 -1.24332502e-01
 -4.20538448e-02  3.85638550e-02  3.21490467e-02 -2.74495147e-02
  1.49190277e-02 -5.35055771e-02  1.41858365e-02 -7.90778268e-03
 -8.02778155e-02  8.51442292e-02 -4.26175520e-02 -4.28387523e-03
  5.05104959e-02 -2.31008995e-02  4.19193096e-02 -1.37165096e-02
 -2.61258278e-02  1.37132499e-02  1.52088953e-02  2.61456482e-02
  2.61699855e-02  6.50966763e-02 -9.78354067e-02  3.84493656e-02
 -6.99990541e-02 -2.28826981e-03 -3.27980220e-02  4.74624187e-02
  4.70999349e-03 -3.29934843e-02  7.06396997e-03  9.62164029e-02
 -6.45029768e-02 -2.03806069e-02  3.17696780e-02 -2.10774839e-02
 -4.26953696e-02  5.09253554e-02 -1.92425854e-03  7.76580796e-02
  3.08961440e-02  5.42469136e-02 -8.09301855e-04 -4.19242792e-02
  1.00141659e-01 -1.82195404e-03 -7.98945501e-02 -1.61954127e-02
 -8.79244953e-02 -1.04965372e-02 -5.07211462e-02 -3.45425792e-02
  9.08572692e-03 -4.72977757e-02  3.07094473e-02  5.54849347e-03
  2.16921661e-02 -1.16120148e-02  2.00462658e-02 -1.92861892e-02
 -5.12232296e-02 -2.71556936e-02 -9.34392959e-02 -1.67450942e-08
  4.79175895e-03 -1.02853864e-01  5.60141802e-02 -4.95948978e-02
 -3.42736654e-02  3.08985338e-02 -5.47095537e-02  9.93204936e-02
 -9.90819559e-02 -3.96512263e-02  1.37601063e-01  4.64879647e-02
 -1.24194607e-01  2.32743565e-02  1.98919158e-02 -9.52738058e-03
  3.33547480e-02  9.13798362e-02 -5.64524718e-02 -4.36363928e-02
  2.87686270e-02 -2.39001978e-02 -8.28692615e-02  2.78762020e-02
  1.69341285e-02 -3.31426859e-02  2.28268537e-03  3.90538275e-02
 -1.98508762e-02 -1.11952581e-01 -5.86152263e-03  6.40248433e-02
 -1.36859184e-02  6.37748539e-02 -8.37104321e-02  6.79473057e-02
 -7.80850351e-02 -2.41044909e-03 -8.15968029e-03  3.46696675e-02
  3.43107134e-02  3.27325016e-02  5.48083931e-02  6.37419336e-03
  2.84088254e-02  2.64899898e-02 -5.39494585e-03  7.50438198e-02
  1.20700840e-02  2.44722348e-02  3.71393822e-02  7.97920022e-03
 -9.16977897e-02  3.60914506e-02 -8.08379054e-03 -4.59627621e-02
 -6.44427910e-02 -2.59495229e-02  7.87833109e-02  1.34327216e-02
  2.20557079e-02 -1.31956274e-02 -4.70691435e-02 -8.66072178e-02]"
75,"In clustering evaluation, what does higher precision mean:",Larger fraction of a cluster is one class,medium,8,12.605000000000004,"['A. More objects of a class in a cluster', 'B. More clusters containing a class', 'C. Larger fraction of a cluster is one class', 'D. More distinct clusters']",4,35.75,"[ 3.26880775e-02 -5.95039316e-03 -5.94667308e-02  1.12592308e-02
  4.99284640e-02 -2.31191982e-02  1.13877254e-02  3.94242220e-02
  8.56374670e-03 -3.68432738e-02  1.12694455e-02 -2.13668458e-02
  2.76094973e-02 -9.59405396e-03 -1.18331589e-01 -9.11699310e-02
  5.76647408e-02 -4.83995192e-02 -4.56442647e-02 -7.37914294e-02
  6.54990878e-03  1.08101564e-02  7.74663091e-02  2.01816875e-02
  3.50505970e-02 -6.26660651e-03 -7.37783462e-02 -6.94652461e-03
  5.69630116e-02  3.72117795e-02 -1.41450455e-02  1.63366929e-01
  5.83058223e-02  3.50530744e-02 -7.37341419e-02  9.12533253e-02
  4.66014743e-02 -3.30760796e-03  3.61634307e-02  4.28872108e-02
  2.88496837e-02 -2.30298396e-02  6.17823340e-02 -5.73652191e-03
 -9.55274329e-03  6.01679552e-03 -1.06427498e-01  3.57320197e-02
 -1.07300296e-01  6.97691692e-03 -3.53996307e-02  1.19857743e-01
 -4.11942899e-02 -1.87831942e-03 -7.84405321e-02  5.11368476e-02
  1.10112503e-02 -4.14601192e-02  2.17323452e-02 -1.01685384e-02
  6.06408715e-02 -3.36940363e-02  4.81896475e-03  1.21504143e-02
  7.04422966e-02 -6.77827373e-02  1.87956411e-02 -1.14747152e-01
  3.90147534e-03 -7.07515404e-02  7.21916929e-02  1.06429011e-02
  1.72047596e-02  6.56740442e-02 -3.66700664e-02 -1.68630406e-02
 -3.72857936e-02 -4.49067447e-04  5.43331839e-02  1.26623511e-02
  6.15270473e-02 -2.41632573e-03 -1.50253307e-02 -3.48411277e-02
  6.39857650e-02 -6.72707753e-03  4.78882119e-02 -6.94990680e-02
  4.28744638e-03 -2.57292995e-03  1.45415096e-02  1.30363507e-02
 -6.17684983e-02 -1.18324077e-02 -3.91112566e-02 -2.83488375e-03
 -1.22414175e-02 -1.37082087e-02  4.09228429e-02  5.18808551e-02
  2.49636509e-02  1.36285853e-02 -7.71811903e-02 -7.60519505e-02
 -4.99024428e-02 -4.97170091e-02  2.44824123e-02  4.76380251e-02
  7.12351277e-02  3.32744978e-02  2.24789008e-02  4.08943407e-02
 -6.04886897e-02  2.03938298e-02 -5.53284250e-02  2.91138329e-02
  6.15257397e-02  1.14990314e-02  6.32680506e-02  3.60009372e-02
  2.19102763e-02 -6.94541782e-02  9.87874791e-02  1.76178049e-02
  9.47317779e-02 -1.54875889e-02 -1.02154449e-01 -5.40228147e-33
 -7.48935863e-02 -4.54800464e-02  4.62615825e-02 -6.58207312e-02
 -4.75959778e-02 -3.52103524e-02 -1.20207056e-01 -3.65730226e-02
 -3.30076814e-02 -2.77046300e-02 -4.61745486e-02  8.50659609e-02
  8.78278539e-02 -5.87356510e-03  9.14537758e-02  5.07541560e-02
  2.41773110e-03  1.23158962e-01 -6.54525310e-02 -4.78777438e-02
  6.65284768e-02 -3.21803540e-02  5.00524379e-02 -4.28182147e-02
 -4.13677022e-02  5.67008667e-02 -3.20337117e-02  1.89407505e-02
 -1.02615794e-02  1.24332765e-02 -1.15911262e-02 -4.48149350e-03
  1.57632474e-02  3.60431187e-02  8.55122507e-02  9.29280296e-02
  2.95717139e-02 -5.08419983e-02  2.43438017e-02 -1.15383724e-02
 -5.10496460e-02  1.26463985e-02  5.91211058e-02 -8.90493989e-02
  6.56724647e-02  2.66703796e-02 -1.52511066e-02 -7.41828885e-03
  9.95693076e-03  1.45527152e-02 -6.41866922e-02 -5.99701852e-02
  2.67307237e-02  8.56696218e-02  6.28819689e-03  6.04789592e-02
  5.34810722e-02 -7.92661309e-03  2.51602288e-02  3.18024270e-02
 -6.48607127e-03 -2.74449363e-02 -6.31283969e-02 -5.12921102e-02
 -4.64223139e-02 -1.54902358e-02  1.91465672e-02  1.01390935e-01
  1.01193413e-01  5.06392606e-02 -5.97357973e-02  2.07790788e-02
  2.49570142e-02  3.54697667e-02 -1.32283047e-02  3.16855051e-02
  2.99587715e-02  3.80506963e-02 -1.28824841e-02  5.05846366e-03
 -3.74831259e-02  4.27219346e-02 -8.72338861e-02 -2.82417312e-02
 -6.82748184e-02 -1.99986510e-02  2.51756236e-03  6.51630312e-02
 -4.62606400e-02 -4.00718339e-02  3.55054401e-02  2.31246464e-02
 -3.82904522e-02  1.60420965e-02 -1.09661698e-01  1.60561912e-33
 -5.94774261e-02  1.38111953e-02 -2.28670109e-02  1.00874662e-01
 -3.01724002e-02 -3.67189944e-02  2.14007627e-02 -2.07955930e-02
 -4.87731881e-02 -3.32595408e-02  5.93946455e-03  6.49437867e-03
  5.12043852e-03 -1.05763422e-02 -2.12300196e-02  1.50116272e-02
 -1.00345761e-02 -1.87566131e-02  2.74058376e-02  5.93895465e-02
  7.27762133e-02 -3.97805423e-02 -5.32526569e-03  4.77355868e-02
 -6.48759026e-03  3.57225873e-02 -6.15945458e-03 -1.00500509e-01
 -1.13951853e-02 -5.81108183e-02  3.74090783e-02 -7.78565332e-02
  6.49892399e-03  3.79013121e-02  1.70795992e-02 -3.47942337e-02
  2.84910705e-02 -8.75106305e-02  4.66009006e-02 -5.15055433e-02
 -3.46506275e-02  5.04324958e-02 -1.10688634e-01  1.29063502e-02
  3.69219817e-02 -1.19157359e-02  2.20288709e-02  2.38831844e-02
 -2.12963820e-02 -2.38955319e-02  1.09573528e-02 -8.30229279e-03
  2.99114436e-02  7.61750713e-02 -2.41467934e-02  2.27077268e-02
 -5.82399964e-02  9.74765047e-03 -9.73229483e-02  5.06084673e-02
 -2.27674525e-02 -2.88897799e-03 -1.48063842e-02  9.34065431e-02
 -4.78958674e-02 -5.08773215e-02  1.78107359e-02 -1.75188351e-02
 -3.72577459e-02  5.27426898e-02 -7.33732134e-02  5.24856523e-03
  3.51008363e-02  6.14253338e-03 -6.84173107e-02 -9.19987038e-02
  6.71910197e-02 -1.11076199e-02 -2.61047091e-02 -3.93860461e-03
 -5.82494400e-02  7.86409900e-03 -3.59084159e-02  3.09057981e-02
 -2.21613627e-02  6.17870316e-03  3.40494551e-02  7.13793114e-02
 -1.04299765e-02  1.40200509e-02 -2.00223066e-02  3.11486907e-02
 -7.09627941e-02 -6.78825453e-02 -9.33154821e-02 -1.99521430e-08
 -3.27322818e-02 -6.39718547e-02 -4.69681881e-02 -5.16299009e-02
 -1.85693000e-02 -1.84437521e-02 -1.02884665e-01  8.69291201e-02
 -3.84563766e-02 -4.94754463e-02  1.10982560e-01 -6.14876449e-02
 -1.44100383e-01 -3.82833593e-02  9.21419114e-02  7.38854893e-03
  3.88974063e-02  5.35771288e-02 -2.18294058e-02  2.00913642e-02
 -7.61968736e-03  1.05937105e-02 -2.60843560e-02 -4.32332791e-02
 -3.50571387e-02  2.49587442e-03 -2.38195769e-02  1.58691451e-01
 -4.83632237e-02 -9.49007571e-02 -8.67104996e-03  2.76087038e-02
  2.23651081e-02  7.77452961e-02  4.35576355e-03  6.68947101e-02
 -5.98308071e-02  9.13690329e-02  3.10434494e-02  6.43967986e-02
  3.85370455e-03  4.36934754e-02 -2.57327948e-02  1.68120221e-03
  2.57120375e-02  4.71906252e-02 -3.07944864e-02  6.65463731e-02
 -1.07775126e-02 -2.89670862e-02 -8.92073382e-03  3.69329713e-02
 -1.36699080e-01  4.55283560e-02 -2.68773586e-02  4.38124500e-03
 -9.85843465e-02 -1.11467764e-01  1.35323657e-02  3.64728905e-02
  6.36092350e-02 -1.95077658e-02 -6.56574443e-02 -3.76834944e-02]"
76,Which points cannot be directly density-reachable from any border point?,A noise point,easy,10,9.55,"['A. Another border point', 'B. A noise point', 'C. A core point', 'D. Any of the above']",4,18.25,"[ 3.97712924e-02 -5.45034818e-02 -1.01392604e-01  9.97232390e-04
  7.13269860e-02  2.02154331e-02  5.28906360e-02 -3.03633213e-02
 -2.20178999e-02 -5.87015711e-02 -2.32508853e-02 -3.19648199e-02
  9.73111764e-03  3.16847451e-02  4.15390581e-02 -9.38269421e-02
  9.60546955e-02 -1.21986613e-01  4.87137511e-02  6.64985478e-02
  3.13710645e-02  2.95718946e-02 -6.58481475e-03  1.91912744e-02
  1.87539216e-02 -7.49505088e-02  2.28844471e-02 -3.69995981e-02
  2.10771598e-02 -8.76304731e-02  4.57738945e-03 -3.69084291e-02
 -1.03863992e-01  4.84740995e-02  6.24787919e-02 -4.34852652e-02
 -1.44059453e-02  2.78510116e-02  5.26302345e-02  1.22839073e-02
  1.57045424e-02 -7.12490594e-03  8.64784122e-02  8.14144984e-02
  8.70063379e-02 -6.26172796e-02  5.45655079e-02  6.53850427e-03
 -5.92432544e-02 -1.02512076e-01  2.27080379e-02 -3.80712152e-02
 -3.12381499e-02  7.75651038e-02 -9.09900106e-03  1.64729692e-02
 -2.58089323e-02  2.84096133e-02  4.62033004e-02  3.24104503e-02
  1.10339532e-02  9.44907870e-03  1.26535548e-02 -5.26213720e-02
  1.63126327e-02 -7.28792995e-02 -7.01002181e-02  6.94584921e-02
 -5.06810546e-02  7.10118711e-02  3.28813642e-02  3.70917358e-02
 -1.34859812e-02 -2.96542849e-02  1.09484099e-01 -5.13817824e-04
 -6.92050532e-02  4.64120507e-02 -4.24331278e-02 -7.53084198e-02
 -1.07807219e-01 -6.25446998e-03 -5.83900791e-03  5.81761636e-02
 -6.45159185e-02 -4.30967994e-02 -7.07955658e-02  4.98455912e-02
 -9.20124725e-03 -1.95146240e-02  4.08367440e-02  7.21491575e-02
 -6.46803305e-02  1.90102507e-03  1.01448810e-02 -7.63036162e-02
  4.54657748e-02 -1.10584937e-01  5.06711602e-02 -6.30194172e-02
  4.26509269e-02  6.28272071e-02 -6.71978481e-03 -4.05092351e-03
  2.15716567e-03 -3.71156889e-03  4.11424972e-03 -2.96267569e-02
 -3.03889941e-02  9.57733169e-02  3.32910232e-02 -1.26119718e-01
  4.14317809e-02 -3.99853475e-02 -3.69249173e-02 -1.00902304e-01
  6.10927446e-03  5.88907395e-03 -2.73799505e-02 -1.19213117e-02
 -1.32983640e-01  2.78281351e-03 -2.96011530e-02  4.46457565e-02
 -3.03641930e-02  4.39330116e-02  4.61668670e-02 -1.08509498e-33
  2.58107614e-02 -3.16907726e-02  2.68260334e-02  5.16538322e-02
  1.55477235e-02  3.74410488e-02 -4.74326462e-02 -2.28823144e-02
  5.02929389e-02 -6.66584028e-03 -5.06430604e-02 -4.65598367e-02
  2.08858903e-02  3.36618088e-02  1.29811034e-01 -2.01599747e-02
  1.25335529e-02  2.38251705e-02 -1.38801813e-01  3.65222134e-02
 -2.13116105e-03 -1.16930557e-02 -5.00454120e-02 -6.05130903e-02
 -3.55649590e-02 -9.74203181e-03 -2.76096864e-03 -3.51914354e-02
 -1.10848611e-02  5.63402362e-02 -1.30115554e-01 -1.91032197e-02
  6.61053956e-02  2.05345955e-02 -1.99535843e-02  6.06190898e-02
 -6.22161999e-02 -1.90248825e-02 -9.09967348e-02 -7.07766563e-02
  5.78576997e-02 -5.46577983e-02  8.19095504e-03  7.68759325e-02
  3.18371989e-02  3.64063270e-02  7.40830228e-02 -1.81752574e-02
 -8.83478969e-02 -1.87641438e-02 -1.24379545e-02  8.41923729e-02
  4.46297415e-03 -3.91582921e-02  5.49306348e-02 -1.18169021e-02
 -2.46662740e-02  7.00586941e-03 -4.65012006e-02  7.05320984e-02
  6.40660822e-02  4.04643007e-02 -5.85690476e-02 -1.56228719e-02
  3.04471459e-02  7.75728188e-03 -8.19951966e-02 -3.65563296e-02
  4.68145758e-02  4.04684730e-02  6.26355689e-03  5.57726435e-03
  1.43073797e-01  3.16536725e-02  7.81920645e-03  7.99434353e-03
 -6.72323108e-02  1.06057767e-02  1.26202568e-01 -5.44745363e-02
 -9.88059416e-02 -4.38604206e-02 -4.88223620e-02 -7.05892816e-02
 -3.82190607e-02  3.84486583e-03 -1.01837432e-02  6.30661026e-02
 -5.68833537e-02 -2.30342429e-02 -5.26707396e-02 -3.05789486e-02
  3.70288594e-03 -2.30476614e-02 -1.10701909e-02 -8.56921974e-34
 -3.19517516e-02 -2.08903980e-02  1.31794182e-03  4.26506586e-02
 -8.81280750e-03  9.22490377e-03 -4.82488126e-02  3.81849967e-02
  8.39043632e-02 -3.72275077e-02 -5.21243811e-02  5.36511242e-02
  9.61918831e-02 -3.29746716e-02 -6.14142418e-02  1.73153169e-02
 -3.44325118e-02 -9.31958202e-03 -3.80389355e-02 -2.47684820e-03
 -2.49937791e-02 -1.39119208e-01 -3.80586251e-03  6.08485825e-02
 -3.80547978e-02  5.51530235e-02 -9.56524462e-02 -4.59718928e-02
 -3.81012224e-02  6.26268983e-02 -2.83551086e-02  2.65507903e-02
 -3.76351224e-03 -6.47366196e-02 -7.61847496e-02 -4.03038226e-03
 -7.52121815e-03  6.86263293e-02 -6.57961145e-02  2.84719076e-02
  3.70915346e-02  1.28867272e-02  5.21349274e-02  5.51824085e-02
  6.17226586e-02  4.93556187e-02  5.11551090e-02  2.30186209e-02
 -6.11690059e-02  2.86628213e-02 -7.64846131e-02  3.54829207e-02
  5.31038120e-02  5.68123013e-02  6.22003600e-02  2.30897423e-02
 -3.36773172e-02  6.19135164e-02  1.83657538e-02 -6.77201971e-02
  4.65389015e-03  1.59054808e-03  1.88389421e-02  4.30211090e-02
  7.16792867e-02 -4.70626093e-02 -3.85386162e-02  4.09866385e-02
 -1.60729289e-02  4.44765426e-02 -1.41924182e-02  5.25487363e-02
  1.26018655e-04 -9.98242479e-03 -4.37651202e-03  9.16945636e-02
  9.18966010e-02 -5.09330779e-02 -1.62103176e-02 -4.43529598e-02
 -1.58889834e-02  7.44430944e-02  3.60629298e-02  2.28422228e-03
  1.44256547e-01  3.50618996e-02 -5.96303605e-02 -1.59026459e-01
  7.49645531e-02 -5.39681427e-02  2.63479110e-02  2.51130871e-02
 -1.73537433e-02 -8.52007270e-02 -1.41874002e-02 -1.88856273e-08
 -2.52560154e-02 -1.08690402e-02  1.34392660e-02  7.03519536e-03
 -1.16253542e-02  6.27569295e-03  4.46340181e-02  6.90881312e-02
  8.84152949e-02  2.14432017e-03 -4.07416187e-02 -1.35852043e-02
 -3.68675813e-02 -1.83990858e-02  1.86264981e-02 -2.90848762e-02
  1.76463425e-02  1.88134853e-02 -2.86019929e-02  1.31709948e-02
 -5.28400950e-02  1.37354387e-02 -3.20662223e-02 -1.58974286e-02
 -1.31588839e-02  1.86797269e-02  1.04923649e-02 -1.76828280e-02
  3.46175022e-02 -2.53843740e-02  5.94500676e-02 -1.44296428e-02
  8.94814730e-03  4.80160303e-02  3.31341773e-02  3.56845781e-02
 -2.87976302e-02  9.06000361e-02 -8.25489834e-02  1.87987741e-02
  2.84461584e-02 -1.89402490e-03  7.39435032e-02 -2.02999730e-02
  3.94419320e-02  9.07699168e-02 -7.19505474e-02  7.04525411e-02
 -4.15062718e-02 -1.70508027e-02 -4.25411612e-02  3.18290889e-02
  2.55920179e-02 -1.43594285e-02 -1.47365239e-02  2.41703913e-02
 -5.84202670e-02  8.12254939e-03 -2.32873717e-03  4.44635823e-02
  1.33549552e-02  2.28982903e-02  9.51479841e-03  8.38957429e-02]"
77,What is the disadvantage of the DBSCAN algorithm?,Poor performance on high-dimensional data,medium,8,9.655,"['A. Poor performance on high-dimensional data', 'B. Requires many scans of the dataset', 'C. Sensitive to the order of data points', 'D. Unable to detect clusters of varying density']",4,42.0,"[-4.52930182e-02  9.92307672e-04 -7.74778724e-02 -1.48037216e-02
  5.07582026e-03 -4.33575064e-02  3.23417149e-02 -2.37878039e-02
 -4.93361875e-02  3.43662687e-02 -2.93604191e-02  6.81364983e-02
  1.43373489e-01 -6.77904263e-02 -1.39461935e-01 -5.40056676e-02
  4.94923852e-02 -6.79559633e-02  3.40200476e-02 -1.26904137e-02
 -1.22246236e-01 -2.61751134e-02 -3.73063199e-02  5.71155548e-02
  4.57147695e-03 -4.36591264e-03  2.12083254e-02 -3.37190218e-02
 -3.21173258e-02  9.27591417e-03  2.21044719e-02  7.97057599e-02
  1.21349968e-01  2.34024879e-03 -1.27834886e-01 -1.26532940e-02
  2.93520018e-02 -5.30164596e-03 -7.59602264e-02  3.16863554e-03
 -2.40210481e-02 -1.37074888e-02 -6.64195791e-03  7.76026845e-02
  2.82374285e-02 -1.47520052e-02 -4.35767397e-02 -7.58244144e-03
 -2.57130974e-04 -4.14123163e-02 -6.36742562e-02 -5.18180355e-02
 -9.18347947e-03  1.44188758e-02  4.81117927e-02 -4.64171823e-03
  4.47392240e-02  1.16512440e-02  7.63685675e-03  6.38303012e-02
  4.59150299e-02 -1.69063993e-02 -5.33455424e-03 -2.46892925e-02
  1.40825838e-01 -1.69598423e-02  1.63768977e-02 -2.20716447e-02
  5.92771657e-02  4.20839600e-02 -1.73294339e-02  5.06076701e-02
  1.77258700e-02  6.47375137e-02 -6.73581362e-02 -1.66295506e-02
  1.51632084e-02 -1.29429931e-02  1.70998424e-02 -3.64836305e-02
 -2.26357952e-02 -2.84855114e-03 -9.13743954e-03  2.39602407e-03
  4.67750356e-02 -2.04068217e-02 -6.24927809e-04 -7.39535242e-02
  3.06678787e-02 -2.21376903e-02  9.27047506e-02  7.15162754e-02
 -9.24289748e-02 -1.11524545e-01 -5.03797457e-02 -5.65706491e-02
  1.04722800e-02  1.60680804e-02  8.64981562e-02  7.34037673e-03
  6.39874712e-02  2.70331129e-02 -4.82196733e-03  4.85110581e-02
 -4.40698266e-02 -6.29614219e-02  6.19186722e-02 -5.71170598e-02
 -3.64548117e-02 -3.39795947e-02 -3.77446366e-03  8.50221068e-02
  2.56410204e-02 -6.99880347e-02 -7.60356709e-02  2.77617462e-02
  5.93857318e-02 -1.61920711e-02 -3.25209051e-02  2.16639843e-02
 -1.04509510e-01 -5.84197976e-02  5.48294419e-03  3.04923449e-02
 -2.61242446e-02  5.55601381e-02 -8.87582675e-02 -2.98667143e-33
 -4.51592579e-02  1.44756148e-02  8.66198074e-03 -1.02448322e-01
 -4.38584946e-02  2.47029308e-03 -7.91278630e-02 -5.72508089e-02
  2.38631070e-02  1.30077256e-02  4.60172519e-02  3.12461816e-02
  7.50841424e-02  2.19155736e-02  1.40409231e-01  3.03402152e-02
  4.37181769e-03  1.14158146e-01 -1.04982466e-01 -7.63143450e-02
  7.72208348e-02 -9.89455581e-02 -1.92905217e-03 -1.51707372e-03
  5.10528237e-02  6.07728399e-02  3.04388944e-02 -2.99972445e-02
  7.48912692e-02  3.37563902e-02  1.21473698e-02 -3.86583470e-02
 -5.34522273e-02  3.98269929e-02  6.34423494e-02  5.26727140e-02
 -2.74571199e-02 -2.49834619e-02  1.52680865e-02 -3.79892886e-02
  2.51450925e-03  2.92961150e-02  6.58070743e-02  4.58575087e-03
  3.32943201e-02  4.30641025e-02  2.62864307e-03 -4.33615036e-03
 -4.93246987e-02 -4.09964696e-02  2.34933272e-02 -3.90022844e-02
  7.03360070e-04  6.89541250e-02  5.04710227e-02  8.85837972e-02
  2.61762347e-02 -1.42536297e-01  4.58374573e-03  4.29497175e-02
 -5.61267100e-02 -3.31813768e-02 -9.32863820e-03 -5.45190610e-02
  3.61486189e-02  6.78378493e-02  3.57420594e-02  4.92114797e-02
  5.67377210e-02  2.61202361e-02  2.51856428e-02 -2.94225686e-03
  4.27151397e-02 -7.27824494e-02 -3.25974040e-02  2.87923831e-02
  6.57073036e-03  2.35212389e-02 -1.93721941e-03 -3.90233248e-02
 -2.41810046e-02  3.80556192e-03 -5.33797871e-03 -4.33297865e-02
  9.24279075e-03 -3.46088447e-02  4.89505976e-02 -3.77342366e-02
 -9.77065042e-02  4.17840928e-02  2.52064746e-02  8.10100436e-02
 -4.77104038e-02  2.25121621e-02 -2.16894057e-02  2.20076861e-33
 -2.89747827e-02 -6.00513853e-02  4.41602990e-02  4.00177698e-04
 -8.63788202e-02 -7.87983239e-02 -1.50982974e-04 -7.74211958e-02
  2.81874556e-02 -7.67978728e-02 -5.93389645e-02 -6.18295185e-02
  3.74854058e-02 -5.72632328e-02  3.14353295e-02  3.59577090e-02
 -1.66416646e-03 -1.24565745e-02 -3.92246433e-02  2.71826293e-02
  3.78068015e-02  2.48374138e-02 -7.20266402e-02 -3.81018445e-02
 -5.65585122e-02  1.62839517e-02 -5.07066958e-02 -2.23330762e-02
 -1.71125531e-02  1.28980298e-02 -3.19800861e-02  2.99394988e-02
 -4.98121269e-02 -6.52439939e-03 -4.91840132e-02  4.64438796e-02
 -4.30859663e-02  5.21579571e-02  3.62320505e-02  7.37319095e-03
 -6.41148090e-02  1.21010929e-01 -2.16989424e-02 -3.02979797e-02
 -3.28287436e-03  4.76675704e-02  2.69828308e-02  6.38244152e-02
  2.02285335e-03  8.38089585e-02  8.43856782e-02 -2.06893925e-02
  5.85908964e-02  1.01068057e-01  5.00067212e-02  4.02710810e-02
 -7.31063858e-02  6.01820014e-02 -1.50534394e-03  6.15624189e-02
  2.08874210e-03 -2.72572562e-02 -6.78598434e-02  2.59043127e-02
 -1.51137756e-02  6.12306967e-02  6.79514855e-02  2.52515879e-02
  8.78432486e-03 -4.40933146e-02  7.05252960e-02 -1.09610548e-02
  1.71253700e-02  2.91164126e-02 -2.86801606e-02  1.04361422e-01
 -4.94284481e-02  2.84337420e-02 -8.33495781e-02  3.33903208e-02
 -4.79179025e-02 -2.06144713e-03  6.49587950e-04  2.89720148e-02
  2.70571420e-03 -2.12507844e-02 -5.95679171e-02 -1.00817308e-01
 -1.45014804e-02 -4.44654785e-02 -2.86285151e-02  1.18060047e-02
 -4.35272008e-02 -5.45350760e-02 -2.36531291e-02 -1.45732200e-08
 -8.12689587e-02 -9.42100957e-02  3.11839040e-02 -8.55568498e-02
  1.15280569e-01 -2.83638872e-02 -5.16395755e-02  1.26855984e-01
  6.38628658e-03 -9.92363784e-03  6.00563660e-02 -6.77243248e-02
 -4.27822135e-02 -1.47546467e-04  2.63431035e-02 -1.51252176e-03
  8.60593468e-02 -6.99440017e-02 -6.28092736e-02  7.45767877e-02
 -4.93352041e-02  7.80241489e-02 -4.63175103e-02 -1.02606565e-02
 -1.55360484e-02  2.34638229e-02  3.67283449e-02  2.96848118e-02
  6.59182295e-03 -4.06782217e-02  1.52183510e-02  6.61339089e-02
  3.08670886e-02  8.10134411e-02  1.51680538e-03  8.76054168e-02
  2.74898056e-02  8.83810669e-02 -7.23672584e-02 -2.32059462e-03
  3.36658694e-02  4.50256310e-04 -2.22397652e-02  2.76711956e-02
  2.32096873e-02  6.78796768e-02  4.67050709e-02  5.61413728e-02
 -9.11431480e-03  2.76566073e-02  2.58141309e-02 -5.64196929e-02
  3.12971808e-02 -2.05080863e-02 -3.88167948e-02  8.74128658e-03
  1.75125841e-02 -7.06361374e-03  7.49833360e-02  1.05828337e-01
 -1.76010206e-02 -6.33705407e-02  3.70897423e-03 -3.24960612e-02]"
78,"Suppose that for a data set: there are m points and K clusters, half the points and clusters are in “more dense” regions, half the points and clusters are in “less dense” regions, and the two regions are well-separated from each other. Which of the following should occur to minimize the squared error when finding K clusters:",More centroids should be allocated to the denser region.,medium,57,11.465350877192986,"['A. Centroids should be equally distributed between more dense and less', 'B. More centroids should be allocated to the less dense region.', 'C. More centroids should be allocated to the denser region.']",3,64.0,"[ 7.18192533e-02  4.85295691e-02  2.15470642e-02  5.66575974e-02
  2.41969358e-02 -2.58754082e-02  1.58829577e-02 -4.29452322e-02
  1.88882314e-02  1.86496396e-02  6.04062974e-02 -2.34058388e-02
  8.52115825e-02  3.45797325e-03 -4.04305756e-03 -4.15237015e-03
  9.51534063e-02 -7.65498122e-03 -2.34206067e-03 -8.40286911e-02
 -1.66727174e-02 -1.12928152e-01 -3.57982144e-02  5.86367026e-02
  7.30340481e-02 -3.54954368e-03  4.87817638e-02  4.95052300e-02
  1.59381032e-02  3.28090828e-04 -1.57943915e-03  2.96981875e-02
  5.25784083e-02 -6.71082959e-02 -3.52317095e-02  1.67875476e-02
 -8.37487727e-03  2.29591988e-02 -5.16935475e-02 -4.71511012e-04
 -2.27373857e-02 -7.07080308e-03  3.55303213e-02  2.59997174e-02
 -9.35442932e-03  1.30879339e-02 -6.29579881e-03  7.68178096e-03
 -2.02551000e-02 -6.06968552e-02  2.38441210e-02 -3.21737193e-02
 -9.05487984e-02  5.05198836e-02  5.71906986e-03 -2.58900151e-02
 -6.47535250e-02 -3.93048581e-03  9.86400172e-02  8.54397193e-02
  1.01628505e-01 -2.14930829e-02  1.41142141e-02 -1.62341408e-02
  5.68301827e-02  2.23751669e-03  5.05447164e-02  6.94848190e-04
 -5.29968366e-02  1.35050453e-02  8.75487700e-02  3.21470499e-02
 -6.66504875e-02 -1.05589246e-02  6.01956807e-02 -6.76824227e-02
 -3.95122729e-02 -3.39279436e-02 -3.44801731e-02 -9.77478921e-03
  2.30852165e-03  5.29928207e-02 -9.43347067e-02 -6.48397068e-03
 -2.23433450e-02 -3.29760313e-02 -4.24799733e-02 -6.64867982e-02
 -2.89301351e-02 -8.93898979e-02  5.31275831e-02  4.12137248e-02
  6.13702741e-03 -1.32351974e-02  1.46243954e-02 -9.48566664e-03
  4.27158736e-02  1.59820938e-03  1.28843844e-01  1.82831530e-02
  2.56290622e-02  5.98838106e-02  6.01274660e-03 -1.36708347e-02
  1.43931974e-02 -2.55142432e-02  1.65535230e-02 -9.60388163e-04
  8.82251561e-02  8.02312866e-02  3.38688083e-02 -6.75341999e-03
 -2.55786460e-02  6.66350499e-02 -1.71599761e-02 -9.38715134e-03
  1.56643122e-01 -7.86948763e-03  1.61848366e-02  7.72775859e-02
 -1.17499538e-01 -9.35206339e-02  4.98086810e-02  1.35740684e-02
  5.34147732e-02 -5.96065773e-03 -1.19738311e-01 -4.21464683e-34
 -1.17192902e-02 -3.93181555e-02  3.82815339e-02 -3.96092720e-02
 -2.90253405e-02 -5.09898886e-02  2.50944924e-02 -1.01881452e-01
  5.36293499e-02 -6.55444711e-02 -9.80142578e-02 -8.35761428e-02
  3.47773246e-02 -5.59244044e-02  5.04591875e-02 -4.16068025e-02
  5.15128709e-02  7.85150826e-02 -8.89528096e-02 -3.82461958e-02
 -2.07597371e-02 -4.46800627e-02  3.51830907e-02 -1.11261327e-02
 -2.62266677e-02 -2.49606650e-02  6.98425397e-02 -3.84658240e-02
  8.08128063e-03  5.38365208e-02 -3.17937769e-02 -3.39695159e-03
  3.06502171e-02  4.52569276e-02  4.24682871e-02  3.10376268e-02
  9.09606647e-03 -9.54286382e-03  5.10468800e-03 -8.52697417e-02
 -4.40119132e-02  4.54204716e-02  6.15744703e-02 -3.86841893e-02
  7.32933953e-02  5.43441111e-03  6.23714551e-02  1.42976511e-02
  5.74004054e-02 -5.42676309e-03 -5.94294928e-02  2.68992372e-02
  1.13019003e-02  5.04281074e-02  5.65309003e-02  9.53802615e-02
  8.00231006e-03 -1.21930383e-01  2.75772121e-02 -1.14313569e-02
 -2.27263253e-02 -4.99146022e-02 -1.69630665e-02  5.52483776e-04
  3.16628553e-02 -1.44960415e-02  5.23856888e-03  1.76097744e-03
 -6.04183006e-04  8.86947289e-03 -3.38135958e-02 -2.57946681e-02
  7.50881806e-02  4.39034291e-02  2.33892817e-02 -6.08055778e-02
  2.35364195e-02  1.61650609e-02 -3.55527997e-02 -1.12218209e-01
 -5.25257513e-02  2.77437381e-02 -1.57900900e-01 -7.35138655e-02
 -7.43565038e-02 -4.83191945e-02  1.53309703e-02 -2.51259115e-02
 -8.01061466e-02  2.13911124e-02 -1.13173723e-01  7.44410455e-02
 -4.41509858e-02  2.97475792e-02 -2.56838668e-02 -1.84895600e-33
  8.13871063e-03  5.13912290e-02  4.43456583e-02  2.64823679e-02
  3.95182380e-03 -2.54113451e-02 -1.57149918e-02 -1.46206208e-02
  5.59106357e-02  4.83391806e-02 -2.65624505e-02  7.50925625e-03
  1.00481892e-02 -5.30485921e-02 -4.38646078e-02  1.25079840e-01
  6.83055893e-02 -2.18395423e-02  1.40152527e-02 -2.65777693e-03
 -5.04053989e-03 -1.49870500e-01  4.78227697e-02  6.52127862e-02
 -2.07278766e-02  3.19815311e-03 -8.04482996e-02 -2.26079896e-02
 -8.04619119e-02  3.58695313e-02 -3.66582312e-02 -3.25143002e-02
 -7.98668787e-02 -5.14098406e-02 -5.24169952e-02 -1.00258123e-02
 -1.78626813e-02 -6.65203556e-02 -6.15291558e-02 -3.18127051e-02
  4.22881953e-02  5.21106124e-02 -2.50422470e-02  3.82894352e-02
  5.05832694e-02 -1.76009666e-02  8.58526379e-02 -4.06056084e-02
 -2.82671712e-02 -4.49231640e-02 -1.77173857e-02 -3.15453522e-02
 -4.53211926e-02  5.36396354e-02 -9.72818863e-03  7.16980025e-02
 -2.67563425e-02  1.40327483e-01 -5.67895435e-02 -1.47906225e-02
 -3.24222930e-02 -1.22927710e-01 -4.49135378e-02  8.66905525e-02
 -4.21008393e-02  3.57511155e-02  3.66976000e-02  4.65604700e-02
  3.74561436e-02  9.48902145e-02 -8.30637440e-02 -5.76033082e-04
  3.22639383e-02 -4.60096933e-02 -4.99652401e-02 -2.19553076e-02
  1.44792097e-02 -1.09955324e-02  6.11644750e-03  5.93652166e-02
  2.04920527e-02  7.08243474e-02 -1.90228131e-02  3.79514992e-02
  3.73106971e-02  3.85343209e-02  2.75398809e-02 -2.73114573e-02
 -3.85288633e-02 -4.03451845e-02 -9.23491432e-04  9.47258063e-03
 -1.37747396e-02 -1.08990453e-01 -4.70469445e-02 -3.75971503e-08
 -9.23308209e-02 -9.17152837e-02 -1.86472386e-02 -3.20076905e-02
  1.33121628e-02 -3.23257186e-02 -1.15126155e-01  1.26738533e-01
  2.38588490e-02 -5.42007051e-02  4.27939855e-02 -5.85141592e-02
 -1.06422469e-01 -3.37722804e-03  1.00611690e-02  2.25593783e-02
 -3.54295447e-02  3.76796648e-02 -2.41299085e-02  6.73514307e-02
  2.66420245e-02  1.66055951e-02  7.06712902e-03  6.57185763e-02
  1.56324580e-02  5.70388604e-03  3.43581662e-02  4.65802848e-02
 -7.02258050e-02  2.94965673e-02  2.25831270e-02 -4.75581847e-02
 -6.51942492e-02  6.86558113e-02  1.80600882e-02  2.43932437e-02
 -2.99545359e-02  7.51567334e-02 -7.17511028e-02  4.80222404e-02
  5.32626249e-02  1.41572477e-02  4.14396822e-02 -7.20035005e-03
  6.57206401e-02  1.08665578e-01  3.34725790e-02  3.32217589e-02
  2.41605118e-02 -5.98617755e-02 -3.32737677e-02 -1.98226944e-02
 -7.03492314e-02  3.20544885e-03  6.68111397e-03 -4.50752527e-02
 -5.26142009e-02 -3.54520492e-02  3.18975709e-02 -4.37905081e-02
  3.31751965e-02  3.90533693e-02 -2.80376934e-02  2.31465772e-02]"
79,How is entropy used in cluster evaluation?,"Entropy can be used to measure the purity of a cluster, which is the proportion of data points in the cluster that belong to the same class.",easy,7,10.740000000000002,"['A. Entropy can be used to measure the purity of a cluster, which is the proportion of data points in the cluster that belong to the same class.', 'B. Entropy can be used to measure the balance of a cluster, which is the distribution of data points from different classes within the cluster.', 'C. Entropy can be used to measure the separation between clusters, which is the difference in the entropy of different clusters.', 'D. All of the above']",4,108.25,"[ 2.41999533e-02  4.75368612e-02 -2.72271427e-04  4.69889268e-02
  7.50623271e-02  6.13570623e-02  6.15220889e-02 -4.80826274e-02
  9.39764455e-02  9.95601248e-03 -7.93374516e-03 -3.80476937e-02
  4.37984876e-02 -2.56434921e-02 -1.07827716e-01 -6.39525652e-02
  3.43599170e-02  4.39964747e-03 -6.60761725e-03 -9.03349146e-02
  3.00055314e-02 -8.04064330e-03 -5.71859628e-03 -3.06820124e-03
 -2.75681801e-02 -1.18500423e-02 -3.50262858e-02  3.02538443e-02
  3.12438346e-02  1.72721464e-02 -1.54025164e-02  8.70588720e-02
  6.91088289e-02  7.98096284e-02 -6.51081428e-02  8.57357159e-02
 -1.42049631e-02 -1.55342063e-02 -7.62495250e-02  8.44916776e-02
 -1.35653848e-02  1.32013271e-02  2.37733722e-02  3.30408514e-02
  2.28500832e-03 -1.49837546e-02 -1.00490645e-01 -2.63759550e-02
 -7.92149082e-02 -9.01167188e-03  2.99646482e-02  1.34513602e-01
 -1.93989426e-02  3.61992270e-02 -4.14539408e-03  9.53702331e-02
  3.01781185e-02 -2.27430500e-02 -1.72707792e-02 -8.29041898e-02
  4.42148820e-02 -1.63492002e-02 -1.02936812e-01  9.47621558e-03
  1.04657613e-01 -5.51234670e-02  7.21796826e-02 -9.73148271e-03
  2.39569135e-02 -8.01359713e-02 -5.04411664e-03 -3.40736769e-02
  8.00545514e-03  1.99075751e-02  1.01499101e-02  5.27808219e-02
  2.19514705e-02 -1.66433193e-02 -6.83267368e-03  1.32745616e-02
 -1.77014079e-02 -6.52731908e-03  5.26457727e-02  1.16756661e-02
  8.14275295e-02  1.59279685e-02 -3.64970230e-03 -7.34347850e-02
  7.47943670e-02  4.34304439e-02 -3.49272415e-02  2.87517216e-02
 -5.17672449e-02 -6.35068640e-02  5.95786944e-02  1.37416171e-02
 -4.00462560e-02 -2.21067443e-02  1.44061744e-01  3.22868638e-02
 -1.91047266e-02  9.91596747e-03 -3.60474586e-02 -7.25839660e-02
 -2.93370429e-02 -2.56328415e-02  1.12836836e-02  3.68552399e-03
  8.97750556e-02  2.33782455e-02  4.34689457e-03  8.48287493e-02
  7.86951568e-04  1.38957482e-02 -2.36947183e-03 -1.69468261e-02
  7.04901516e-02  4.33882214e-02 -4.81474176e-02  2.73834113e-02
  2.84092482e-02 -7.10463822e-02  4.36867848e-02 -1.31073948e-02
  2.07479410e-02 -1.73178464e-02 -4.80945185e-02 -4.95814003e-33
 -2.43023690e-02 -8.76190290e-02  6.66485121e-03 -2.65574045e-02
 -6.31606802e-02  4.65787984e-02 -1.06198467e-01 -6.98628947e-02
 -1.73699670e-03 -2.15900950e-02 -9.20096114e-02  1.31346360e-01
  8.16419199e-02 -2.72130463e-02  5.99409267e-02  4.72499616e-02
 -4.26693223e-02  1.20756194e-01 -1.93546955e-02 -4.02349904e-02
  4.64630127e-03  7.04185069e-02  5.94198741e-02 -4.65485901e-02
 -7.22860694e-02  8.54524132e-03  9.48155299e-04 -4.88375574e-02
  3.53412740e-02  3.18151414e-02 -1.10735130e-02 -8.81026313e-03
 -6.11741468e-02  2.46121753e-02 -1.50238434e-02  1.10250749e-01
 -7.22774863e-03  1.79005787e-02  2.05113310e-02 -7.33819976e-02
 -2.07732376e-02 -2.34724544e-02  8.57192725e-02 -9.92958248e-02
 -1.78245269e-02  5.34394272e-02  2.63553262e-02 -3.01208999e-02
  3.86477821e-02 -4.78841886e-02  7.29637640e-03 -1.02522083e-01
  6.05386868e-02  2.56991405e-02 -3.23206699e-03  1.00306548e-01
  6.95370734e-02 -8.34268890e-03  2.29772683e-02  7.28816167e-02
 -6.65836483e-02  7.57372566e-03  9.17002466e-03 -5.05458117e-02
  9.29448754e-03  2.02515777e-02  8.67439620e-03  2.51844916e-02
  1.41804308e-01 -2.85815187e-02 -4.07827459e-02  6.62546884e-03
 -2.26634592e-02  2.76244413e-02 -1.59213617e-02 -4.55462420e-03
 -2.37929798e-03  2.12871246e-02 -6.30488843e-02  4.12209444e-02
 -7.18469620e-02 -4.64151166e-02 -4.23016362e-02 -3.20748761e-02
 -8.48512258e-03 -2.34022178e-02 -7.54268542e-02 -8.11136619e-04
 -1.28101841e-01 -1.45271476e-02  9.54019744e-03 -1.87046658e-02
  9.50372666e-02  2.80919932e-02 -6.11755922e-02  1.49826425e-33
 -1.14940010e-01 -1.60022713e-02 -2.22243164e-02  2.19697580e-02
 -9.01685804e-02 -5.14595807e-02 -4.17145342e-02  1.12765674e-02
 -3.46711241e-02 -1.10903373e-02 -1.67504847e-02 -8.49207956e-03
  5.89173138e-02 -3.88322100e-02 -4.27123308e-02  8.00564289e-02
 -1.50837442e-02  4.36613373e-02  1.86116360e-02  1.13070672e-02
  1.37322070e-02  5.28081022e-02 -6.15188703e-02  9.42255370e-03
 -4.58712503e-03  2.43666898e-02  1.59164220e-02 -5.49813472e-02
 -5.28283939e-02 -1.41071435e-02  3.60658276e-03 -1.24499626e-01
 -4.91081960e-02  4.58665639e-02  3.06203086e-02 -3.13722529e-02
 -6.47703046e-03 -5.10528162e-02  1.00215580e-02 -2.33162381e-02
 -7.12244138e-02  7.81761706e-02 -4.49039862e-02 -1.37944557e-02
  4.03558910e-02 -3.52162612e-03  1.42915007e-02 -2.05440558e-02
  2.13703271e-02  3.92540880e-02  4.01676148e-02 -3.26569229e-02
  4.64389101e-03  6.97098151e-02 -9.63779688e-02  2.98734102e-02
 -7.44615868e-02  2.79413220e-02 -3.73457670e-02  6.09065220e-02
  1.07951369e-02 -6.79610819e-02  1.24125974e-02  8.42830464e-02
 -6.67151138e-02 -3.23970355e-02  2.20159311e-02 -1.60278175e-02
 -7.43444115e-02  5.03630340e-02 -3.10881026e-02  1.30876735e-01
  4.31141369e-02  9.46868658e-02 -3.64675792e-03 -2.84795556e-02
  6.59106746e-02 -1.72432344e-02 -6.15867861e-02 -2.98355240e-02
 -1.07090533e-01  1.19768903e-02 -3.44896615e-02 -8.48197378e-03
  1.34611800e-02 -3.35335545e-02  7.14938566e-02 -2.13527324e-04
  2.12489441e-02 -8.72840360e-03 -1.00701563e-02 -3.55984308e-02
 -6.70848787e-03  1.49296001e-02 -9.93173271e-02 -1.49485953e-08
  4.68412694e-03 -1.03208125e-01  9.49930847e-02 -3.27120647e-02
 -1.34322066e-02  2.58722492e-02 -3.18655968e-02  7.69010633e-02
 -5.32704778e-02 -2.35541500e-02  1.01412065e-01  4.98393103e-02
 -1.05037019e-01 -6.21275045e-03  5.64554110e-02  3.27069387e-02
  2.54007950e-02  9.37511474e-02 -5.95638752e-02 -2.96471883e-02
  1.54826101e-02 -2.82888114e-02 -6.20305054e-02  3.66128348e-02
  3.64043973e-02 -3.00599243e-02  1.53455772e-02  1.35037526e-02
 -1.62302926e-02 -8.78230184e-02 -3.22882235e-02  5.07409684e-02
 -2.17914041e-02  8.54853243e-02 -6.27714172e-02  7.21922815e-02
 -3.95018868e-02  9.91181005e-03  1.40451221e-02  3.95063460e-02
  2.66327299e-02  2.55521908e-02  1.67582985e-02 -2.20325543e-03
  2.43273359e-02  5.07017300e-02 -3.55307870e-02  6.26848415e-02
 -2.12850552e-02  6.57181367e-02  1.74875949e-02 -3.20013463e-02
 -8.81601125e-02  3.61189358e-02  3.43535505e-02 -6.75668716e-02
 -6.59498721e-02 -5.85158542e-02  1.07704781e-01  1.87260751e-02
  6.16488513e-03  2.80097127e-02 -2.21457817e-02 -9.69781205e-02]"
80,"Can K-means yield different clusterings with the same K in two runs? If yes, how to determine the best clustering?","Yes, SSE can be used to select the best cluster.",easy,20,4.830000000000002,"['A. No, this is mathematically impossible.', 'B. No, the same number of clusters K produces the same clustering.', 'C. Yes, SSE can be used to select the best cluster.', 'D. None of the above']",4,44.5,"[-1.26547934e-02 -6.63935766e-02  1.32900625e-02 -1.45080537e-02
  1.24094673e-02 -3.90012339e-02 -4.92750481e-02 -6.86195791e-02
  2.27593873e-02 -1.93766784e-02 -2.32850742e-02 -1.06715765e-02
  2.04081666e-02 -1.25604132e-02  8.45696498e-03 -7.01987892e-02
  3.64936180e-02  9.41684749e-03  1.41277844e-02  1.55518455e-02
  3.90343778e-02 -8.87860358e-02  1.72762703e-02  2.40357332e-02
  1.41640743e-02  7.80121312e-02 -1.06203482e-02  2.15538256e-02
  2.73427069e-02 -4.92933020e-02 -3.56908850e-02  4.04855236e-02
  2.67968029e-02 -1.74210761e-02  5.33785075e-02  1.32452901e-02
 -2.90945470e-02  1.75552294e-02 -1.07009128e-01  3.43404673e-02
 -4.29262500e-03  5.41713089e-03  1.64222233e-02 -8.70222673e-02
 -4.20701057e-02  3.28885913e-02 -8.83529484e-02  5.64562529e-02
 -6.79444447e-02 -3.47237438e-02  5.62215038e-02 -1.95603017e-02
 -6.71343878e-02  4.50457484e-02  1.91650968e-02  2.65014358e-02
 -5.57235219e-02  5.44171259e-02  7.78247193e-02 -1.83039512e-02
  2.48156860e-02 -6.78075403e-02  5.80481924e-02  3.44517529e-02
  6.92922398e-02 -2.05031876e-02  5.73022179e-02  2.41241846e-02
  2.91599259e-02 -4.52943631e-02  5.07881120e-02  6.03774388e-04
  4.33116518e-02 -1.21819107e-02  8.03543534e-03  1.06408097e-01
  3.58116664e-02 -4.21342254e-02 -1.19605102e-01 -6.89368397e-02
  5.62916044e-03 -3.56084527e-03 -5.59245981e-02 -4.77677137e-02
 -1.48204516e-03 -2.56991945e-02 -3.06325927e-02 -6.33866265e-02
  2.66693644e-02 -4.44702990e-02  3.42885815e-02  9.74713564e-02
  6.57019541e-02 -8.20011646e-02 -6.21754397e-03 -3.00111044e-02
  3.29835303e-02  5.74784540e-02  9.64976102e-02 -1.35683119e-02
 -4.24487516e-02  2.99342927e-02  1.71784181e-02 -2.43374929e-02
  7.55429640e-02 -9.23048481e-02 -2.82193366e-02 -8.76355097e-02
  6.09426722e-02  2.20094994e-02  2.94266623e-02  7.56903067e-02
  4.21236828e-03  6.55113757e-02  2.30344962e-02 -8.22076946e-03
  1.04636595e-01 -2.12942176e-02  1.83102116e-02  9.65129361e-02
 -3.03859968e-04 -1.02172896e-01  7.01893941e-02  1.04479920e-02
  8.31651464e-02 -3.58078182e-02 -5.89634757e-03 -2.57645109e-33
 -5.20845503e-02 -1.13937370e-01  6.94491863e-02 -1.01988740e-01
 -3.49833840e-03 -2.83524785e-02 -7.70332143e-02 -2.24252548e-02
  1.92302652e-02 -8.60147476e-02 -3.61398607e-02  7.65312165e-02
  5.32908179e-02 -7.05378726e-02  6.89539313e-02  2.91920844e-02
  5.24927266e-02  2.49839015e-02 -4.70346734e-02 -3.00601614e-03
  9.01379064e-02  1.29948749e-04 -2.89785210e-04  2.15238575e-02
 -6.98509738e-02 -5.84709123e-02  4.68484573e-02 -1.73501112e-02
 -7.65576446e-03  2.68690512e-02 -7.09681772e-03 -3.54956440e-03
 -8.01257044e-02  1.36300415e-01 -5.18289618e-02  3.69311534e-02
 -9.51676443e-03 -4.30058781e-03  2.07320470e-02 -4.41628247e-02
 -5.49313650e-02  7.77534395e-03  6.15102872e-02 -3.86501178e-02
  2.83052474e-02  1.60157718e-02 -1.88841131e-02 -7.21158879e-03
  1.94328313e-04 -3.31209823e-02 -4.54702601e-02 -7.76933208e-02
  7.24468753e-02  2.22431198e-02  5.21129742e-02  7.68938884e-02
  4.80124578e-02 -6.81187212e-02  7.91852176e-02  4.41525392e-02
 -4.57119420e-02 -1.93794072e-02 -1.15254872e-01  1.26680359e-02
 -3.23712379e-02 -3.98113951e-03  6.29139543e-02  5.39209805e-02
 -5.84533028e-02  7.62396380e-02 -3.37407403e-02  2.25216541e-02
 -4.57227789e-02  8.94377939e-03  8.97063699e-04 -3.44508886e-02
  4.71994467e-02  9.76701379e-02 -1.06395490e-01 -2.20341310e-02
 -2.47882809e-02 -4.00112905e-02 -1.15224265e-01 -1.55253720e-03
 -5.02831256e-03  2.21748725e-02  3.11719831e-02 -3.23167704e-02
 -1.24705881e-02 -1.83532927e-02 -6.60548359e-02  3.88344079e-02
  3.03237215e-02  1.32347662e-02 -2.34118626e-02  8.65951974e-34
 -3.02722584e-02  2.38889009e-02  5.41942120e-02  1.32574901e-01
  5.76371849e-02  6.62470907e-02  1.19244093e-02 -4.15052287e-03
  2.25868728e-03 -8.31685308e-03 -1.02735972e-02 -3.64914499e-02
 -1.41422097e-02  3.65536287e-02 -3.00047062e-02  7.72758247e-03
  7.82468915e-02  1.12425111e-01  6.96535259e-02  7.23557896e-04
 -1.54238921e-02 -9.86659303e-02 -2.50518005e-02 -3.32054608e-02
  4.53671627e-02  3.86789478e-02 -5.68535253e-02 -2.43327655e-02
 -9.02306810e-02  1.75290089e-02  4.42146361e-02 -2.19237003e-02
 -7.14332089e-02  4.36845794e-02 -1.45009868e-02 -3.17365378e-02
 -5.16942032e-02 -1.54655846e-02  2.53710942e-03  2.25432739e-02
  4.61535482e-03  5.43240458e-02 -6.97016297e-03  2.91732531e-02
  1.81743111e-02 -5.56035452e-02  6.55784458e-02 -3.28394063e-02
 -2.13141385e-02 -9.61439759e-02 -7.70200463e-03 -3.67374648e-03
 -4.32197414e-02  6.05321303e-02 -1.73703991e-02  2.58583971e-03
  3.46659012e-02  1.04738846e-01 -8.30385908e-02 -4.36503850e-02
  5.58605269e-02 -1.23509698e-01 -7.38278916e-03  5.48168793e-02
 -1.36298034e-02 -7.17234313e-02  5.39709255e-02 -4.19938490e-02
 -6.62617385e-02  8.57910737e-02 -6.04943112e-02  5.34875281e-02
  1.69331499e-03 -6.96993433e-03 -6.21291846e-02 -3.80041078e-02
  1.56929530e-02 -5.90312108e-02 -2.55338699e-02 -2.17147637e-02
 -2.64850054e-02 -1.80865731e-02 -6.04839809e-02  1.67555804e-03
  2.92705782e-02  7.02850446e-02  2.14048233e-02  6.61838055e-02
  4.31026630e-02  7.94954505e-03  4.54154089e-02  1.95672549e-02
  9.54161491e-03  1.66109260e-02 -4.02087793e-02 -2.48342324e-08
  1.99613422e-02 -9.11732689e-02 -4.60797288e-02  1.49014778e-02
  5.19033447e-02 -5.23352483e-03 -1.28608510e-01  5.69138192e-02
 -1.92874186e-02 -1.19460538e-01  8.95822346e-02  3.56798656e-02
 -4.45144176e-02  1.57398544e-02 -1.51665136e-02  1.83181115e-03
 -3.33884992e-02  1.20696463e-02 -8.79903696e-03  4.17407639e-02
  4.52395938e-02  3.02158371e-02  4.70867343e-02  3.78291830e-02
 -7.28951395e-02  2.00973861e-02  2.88292821e-02 -3.93496044e-02
 -4.54643331e-02 -4.00209390e-02 -5.56326993e-02 -7.73994625e-02
  4.88427747e-03  1.36715118e-02  7.99374469e-03 -2.56758532e-03
 -1.43206164e-01  1.03501685e-01  9.06468648e-03  7.15740025e-02
  7.84572139e-02  1.39725115e-02  3.05414330e-02  1.82742123e-02
  4.83687595e-02  2.42798626e-02  6.97454959e-02  1.06024847e-03
  5.21652810e-02 -3.45914178e-02 -5.34918997e-03 -1.97721436e-03
 -4.19495925e-02 -6.39058370e-03  4.92668599e-02 -9.62358434e-03
 -5.01476154e-02 -8.26597437e-02  1.20214909e-01 -4.01837267e-02
  4.92520891e-02 -1.23529941e-01  3.62658277e-02  5.18927723e-02]"
81,"If DBSCAN has a very large radius (epsilon) and a small MinPoints, what can happen?",All the data points will be clustered together,easy,15,8.353333333333339,"['A. All the data points will be clustered together', 'B. All the data points will be considered outliers', 'C. All the data points will be border points', 'D. None of the above']",4,40.75,"[ 1.46168936e-02 -4.86457795e-02 -1.11740328e-01 -1.15574077e-02
  1.56196682e-02 -8.72488171e-02  4.40486409e-02 -8.41422752e-03
  2.37104762e-02 -4.68408987e-02  6.16618171e-02  1.50567703e-02
  1.01401933e-01  1.94021966e-02 -4.36035767e-02 -8.62961188e-02
  6.19652905e-02 -4.15769033e-02 -3.59772481e-02  7.32634738e-02
 -5.05492426e-02 -2.57910732e-02 -7.21436888e-02  8.02862570e-02
 -5.86785674e-02 -4.41475920e-02  3.65269519e-02 -4.59531769e-02
 -2.33805608e-02  1.00620091e-02 -1.59024466e-02  4.26124334e-02
  3.51219811e-02  3.94830592e-02 -8.77646846e-04  2.36856155e-02
  1.09818121e-02  2.98563465e-02 -4.49453183e-02 -3.08646020e-02
  7.48917321e-03  8.21503438e-03  2.60797571e-02  1.65840983e-01
  2.15159077e-02 -3.48111205e-02 -2.44885124e-02  2.99946801e-03
 -4.84322719e-02 -8.60106274e-02 -4.70124632e-02 -1.15607074e-02
 -1.98329054e-02  1.70444336e-03 -1.33984536e-02 -3.76347899e-02
 -1.26607586e-02  1.76782124e-02  3.92191447e-02  8.89528543e-02
  6.54875487e-02 -2.64340378e-02  2.23277472e-02 -8.43381789e-03
  1.03041299e-01 -5.34783341e-02  2.59241997e-03 -3.57715525e-02
  3.76829393e-02  4.40205410e-02 -4.60927913e-05  5.13438275e-03
 -3.93051654e-02  4.71954048e-02  1.14468783e-02 -3.26254475e-03
 -5.27549125e-02 -1.47408096e-03  5.79783805e-02  1.41272964e-02
 -6.20206706e-02 -7.88383838e-03 -2.69076647e-03 -4.03695963e-02
 -2.73643751e-02  1.29604153e-02  6.98701516e-02 -3.41538191e-02
  3.72692682e-02 -1.43756131e-02  4.95859161e-02  8.67662951e-02
 -1.51357442e-01 -9.50733200e-02 -6.52402788e-02 -7.57930949e-02
 -1.50404563e-02 -9.12949070e-02  8.40859339e-02 -6.01744326e-03
  8.14043134e-02  2.80394088e-02 -5.62081486e-02  3.20465118e-02
 -5.50923087e-02 -8.52068700e-03  6.79479539e-02 -2.49634981e-02
 -1.61251500e-02  8.10279846e-02  5.15617467e-02  2.23164354e-02
  4.42665070e-02 -2.57127490e-02 -5.17103858e-02  7.16928691e-02
  3.77986319e-02 -1.14120468e-02 -1.32453918e-01  3.18572186e-02
 -1.26586854e-01 -1.77433360e-02 -4.16691080e-02  2.66043842e-02
 -1.70423737e-04  1.07810959e-01 -7.13372529e-02 -1.68715123e-33
 -9.81064327e-03  2.38474682e-02 -3.15798484e-02 -3.32331806e-02
 -5.81783289e-03  5.45494780e-02 -5.99585511e-02  9.86996945e-03
  2.25146450e-02  2.69316565e-02  5.87153994e-03 -2.14562099e-02
  1.09203927e-01  5.27326530e-03  8.63109231e-02  2.22841352e-02
  4.12148125e-02  9.19749290e-02 -1.09954350e-01 -7.76451379e-02
  1.68401264e-02 -6.92015514e-02 -1.18655590e-02 -1.58243235e-02
  1.27875917e-02  3.71365286e-02  2.11519152e-02  2.04173066e-02
  3.42529230e-02  1.68752000e-02 -5.60751371e-02 -1.96258370e-02
  6.44365838e-03  3.20746116e-02  8.04825759e-05  7.51540661e-02
 -1.07511347e-02 -7.73251336e-03  2.82847527e-02 -5.10829464e-02
  2.13513896e-02  2.41951109e-03  1.01207988e-02  3.23652178e-02
  4.94394712e-02 -1.21592525e-02  8.05945396e-02  8.33236892e-03
 -6.30142838e-02 -6.49785548e-02  1.03473915e-02 -1.20673049e-02
 -5.08927777e-02  6.90064430e-02  9.06017348e-02  1.09939091e-01
  8.58138315e-03 -1.33192495e-01 -1.32736573e-02 -2.00916249e-02
  1.27506198e-03 -3.17000374e-02 -3.37378047e-02 -9.65519696e-02
  4.61171530e-02  4.24276702e-02  1.91330574e-02  1.26260174e-02
  4.80074435e-02  2.97969859e-02  5.05663157e-02 -9.13788471e-03
  1.36029348e-01 -1.21268658e-02 -4.44131047e-02  6.69961944e-02
  6.71346039e-02  1.96581390e-02  4.33206223e-02 -8.08871910e-03
 -1.03703693e-01 -5.32594398e-02  9.04768053e-03 -9.58658978e-02
 -7.13482723e-02 -4.61775400e-02  7.94760287e-02  2.97626271e-03
 -1.15227170e-01 -2.68380716e-02  4.76036072e-02  1.53264636e-02
 -4.48068194e-02  1.82905532e-02 -5.14991581e-02  5.63731596e-34
 -4.46434245e-02 -4.82958518e-02  1.93047728e-02  9.13494639e-03
 -3.19936536e-02 -5.40436767e-02 -3.03868409e-02  2.80145817e-02
 -1.10859768e-02 -9.53817144e-02 -4.64784317e-02 -1.31672695e-02
  3.66085880e-02 -5.47498800e-02 -1.13494843e-02  7.02128112e-02
  6.04840405e-02 -9.37232934e-03 -4.64562699e-03  7.76910558e-02
  8.85403752e-02 -5.57572916e-02  5.58073632e-03  4.06080969e-02
  1.07339472e-02  2.04290040e-02 -1.24271098e-03 -5.11057489e-02
 -9.79294330e-02  6.01278655e-02 -2.46548839e-02 -1.95994098e-02
 -4.96191904e-03  3.96286212e-02  1.29290642e-02 -7.12908134e-02
 -2.31528617e-02 -5.68747446e-02 -1.56097123e-02 -9.32267401e-03
  3.57482722e-03  6.52570054e-02 -1.71630997e-02  4.04562615e-03
 -1.44094331e-02  9.01350938e-03  6.06536940e-02  2.72883307e-02
 -8.53519589e-02  2.61020046e-02  3.11434548e-02 -6.36740401e-02
  8.96679014e-02  1.40631810e-01 -3.25896125e-03  9.76259038e-02
 -3.92824411e-02  2.02917960e-02  9.71094519e-03  4.57824953e-02
  7.13638822e-03 -3.59455794e-02 -5.71788922e-02  2.37305965e-02
 -5.78512624e-03  4.63023596e-02  4.92828228e-02  3.54922675e-02
  3.34722362e-02 -3.24149802e-02  3.44959535e-02  2.35697571e-02
  4.01362553e-02 -4.07319032e-02 -5.44117652e-02  4.65108007e-02
 -2.40831301e-02 -1.44124599e-02 -3.07277218e-02 -1.68576092e-02
 -3.60579006e-02  9.39470902e-02  1.45959361e-02  4.77628596e-02
  5.93315363e-02  4.63153352e-04 -8.12224299e-02 -6.65531754e-02
  3.62891005e-03  6.55232696e-03 -5.69007769e-02  5.23790531e-02
  2.73175333e-02 -1.35794669e-01 -2.66447347e-02 -1.95265528e-08
 -1.26234487e-01 -3.75112854e-02  1.73122715e-02 -2.17603557e-02
  1.10573582e-01 -1.02311955e-03 -7.09146485e-02  3.82698700e-02
  4.30983640e-02  3.33064757e-02 -2.51787435e-03 -5.37787825e-02
 -2.40876600e-02 -2.56536286e-02  2.24708095e-02 -3.24705057e-02
  5.99999204e-02 -5.56668192e-02 -4.91226465e-02  5.09251617e-02
 -1.18938707e-01  8.83576572e-02  1.23350509e-02 -1.76200699e-02
 -4.12615053e-02  2.26965751e-02 -3.48857581e-03  6.89489469e-02
 -3.85701209e-02 -3.89517583e-02  2.71012653e-02  1.19638816e-02
  4.17216606e-02  6.93081319e-02 -4.68278192e-02  6.85008466e-02
  2.64430642e-02  8.12658370e-02 -4.99764308e-02  5.06781451e-02
 -6.62605511e-03 -5.95341697e-02  1.92331430e-02  6.57664426e-03
 -4.29498181e-02  3.13958786e-02  3.57636251e-02  3.32882665e-02
  2.40316503e-02 -4.36043665e-02  4.33162302e-02  2.18239389e-02
 -4.07740846e-02  2.55498383e-03 -7.27774128e-02 -7.34059140e-03
 -3.29839662e-02  5.05291745e-02 -6.21876726e-03  8.15218464e-02
 -2.00320575e-02 -3.99350598e-02  2.59377602e-02 -4.23296466e-02]"
82,"If DBSCAN has a very small radius (epsilon) and a very large MinPoints, what can happen?",All the data points will be considered outliers,easy,16,9.087500000000002,"['A. All the data points will be clustered together', 'B. All the data points will be considered outliers', 'C. All the data points will be border points', 'D. None of the above']",4,40.75,"[ 1.35699678e-02 -4.74073179e-02 -1.09396197e-01 -7.47143617e-03
  1.37721514e-02 -8.61055702e-02  4.46682572e-02 -4.88496153e-03
  2.46725101e-02 -4.44594324e-02  6.75194040e-02  9.89678409e-03
  1.04499191e-01  2.20290180e-02 -4.86926064e-02 -8.75051469e-02
  5.88065684e-02 -3.84301282e-02 -3.95050906e-02  7.50905946e-02
 -4.67978865e-02 -2.83149872e-02 -8.00098777e-02  7.85744712e-02
 -5.56912385e-02 -4.06171866e-02  3.54722552e-02 -3.74378525e-02
 -1.96054857e-02  9.87837650e-03 -1.93367675e-02  4.29948308e-02
  2.93774605e-02  4.20129746e-02  1.26966042e-03  2.54740175e-02
  1.25974426e-02  2.94536036e-02 -4.46946248e-02 -3.16851623e-02
  3.12748807e-03  9.41658206e-03  1.93977468e-02  1.61807612e-01
  2.19310727e-02 -3.24364938e-02 -2.49601491e-02  6.85864594e-04
 -4.94297296e-02 -8.46678689e-02 -4.72487211e-02 -8.36570188e-03
 -2.91001070e-02  4.73973900e-03 -2.13317815e-02 -3.51848751e-02
 -1.48224058e-02  1.96896680e-02  3.94697934e-02  9.06876922e-02
  6.55107498e-02 -2.75539514e-02  2.13851463e-02 -5.64479455e-03
  1.09918147e-01 -5.81939816e-02  6.25341060e-03 -3.78416032e-02
  3.94487530e-02  4.24695052e-02 -6.21153449e-04  4.57509566e-04
 -4.22825292e-02  4.50493023e-02  1.57595780e-02 -6.78899512e-03
 -4.97603491e-02 -3.06501822e-03  5.91835417e-02  1.56451873e-02
 -6.57153055e-02 -1.15016764e-02 -1.03643965e-02 -3.82079557e-02
 -2.58098003e-02  1.16934637e-02  6.90968409e-02 -3.61715890e-02
  3.37956063e-02 -1.50697930e-02  4.46245745e-02  8.65409523e-02
 -1.49488673e-01 -9.41721871e-02 -6.06587864e-02 -7.85322711e-02
 -1.12445205e-02 -8.67058933e-02  8.58683065e-02 -4.26479476e-03
  7.74127394e-02  2.47271657e-02 -5.74645959e-02  3.64682898e-02
 -5.59735112e-02 -9.20916349e-03  7.06521422e-02 -3.01600322e-02
 -1.91111043e-02  8.17643702e-02  5.24173342e-02  2.05638204e-02
  4.97681312e-02 -2.62572933e-02 -5.18047102e-02  7.32564852e-02
  3.65047865e-02 -1.60545576e-02 -1.35045514e-01  2.97023505e-02
 -1.26586512e-01 -1.89709216e-02 -3.94717604e-02  2.81231664e-02
 -3.34786205e-03  1.11761868e-01 -6.76714107e-02 -1.23191294e-33
 -1.14631755e-02  1.73121523e-02 -2.89363749e-02 -3.72496806e-02
 -3.11696553e-03  5.47927395e-02 -6.31227046e-02  8.04049894e-03
  2.52584014e-02  2.57964972e-02  6.34858711e-03 -2.47216355e-02
  1.06494121e-01  7.10535841e-03  8.27934071e-02  2.43628677e-02
  4.24066186e-02  9.38150212e-02 -1.06234193e-01 -7.44073167e-02
  1.59260780e-02 -6.21604770e-02 -1.28082689e-02 -1.91525891e-02
  1.72948241e-02  3.43616977e-02  1.95176676e-02  1.78830232e-02
  2.91233268e-02  1.46190925e-02 -5.62692024e-02 -1.72177292e-02
  4.21082322e-03  2.95665748e-02  6.73799368e-04  7.63774887e-02
 -7.31841894e-03 -6.29640277e-03  3.09794080e-02 -5.03871441e-02
  1.72707215e-02  4.43676719e-03  8.31141043e-03  2.48493943e-02
  5.00432961e-02 -1.78929660e-02  8.68597850e-02  9.47036128e-03
 -5.77620305e-02 -6.69418871e-02  8.45545996e-03 -1.41217886e-02
 -4.94649000e-02  6.71149641e-02  8.75281766e-02  1.09504342e-01
  6.55846437e-03 -1.32248908e-01 -1.66393090e-02 -1.67402532e-02
 -1.87714130e-03 -3.06682866e-02 -3.80141810e-02 -9.35064629e-02
  4.78792861e-02  4.06308360e-02  2.30867844e-02  1.13773830e-02
  4.92934734e-02  2.98763104e-02  4.53023985e-02 -1.08519495e-02
  1.43303335e-01 -7.25559378e-03 -4.28250693e-02  6.70143068e-02
  6.29290268e-02  1.88578069e-02  4.33980189e-02 -1.07598053e-02
 -1.07852392e-01 -5.42863496e-02  7.93829281e-03 -9.46187377e-02
 -7.42750540e-02 -4.52392846e-02  8.33030790e-02  3.54965962e-03
 -1.14758044e-01 -3.31180654e-02  4.48729843e-02  1.15451077e-02
 -5.13225459e-02  2.24175453e-02 -4.78627309e-02  1.78867227e-34
 -4.95367907e-02 -4.29007336e-02  1.78033952e-02  1.07967397e-02
 -3.42648476e-02 -4.96875569e-02 -2.51810029e-02  2.11652089e-02
 -7.79181207e-03 -8.85423943e-02 -4.30991277e-02 -1.19799934e-02
  2.76957322e-02 -5.53774945e-02 -1.40239634e-02  7.34184682e-02
  5.51071577e-02 -1.02631748e-02 -4.53166338e-03  8.14860314e-02
  9.13627893e-02 -4.97876331e-02  3.94514529e-04  3.96892354e-02
  1.12706171e-02  1.97935961e-02 -4.02477308e-04 -4.65912223e-02
 -9.92803201e-02  6.08939603e-02 -1.85253881e-02 -2.11050846e-02
 -1.03351064e-02  3.66278626e-02  1.08109834e-02 -7.05131292e-02
 -2.42728088e-02 -6.04097061e-02 -1.80511046e-02 -1.39894336e-02
  9.13392659e-03  7.28010908e-02 -6.94290781e-03  3.31775332e-03
 -1.01552596e-02  1.41514996e-02  6.42669350e-02  2.56687533e-02
 -8.56763124e-02  2.43141036e-02  2.95102224e-02 -6.32813573e-02
  8.78587663e-02  1.39389336e-01 -7.35528348e-03  1.02049269e-01
 -3.43914852e-02  2.12742221e-02  9.91875213e-03  4.56056222e-02
  1.15805967e-02 -3.73862125e-02 -5.74871264e-02  1.79232173e-02
 -2.29333900e-03  4.78082858e-02  4.58125547e-02  3.82850692e-02
  3.45367827e-02 -3.45046930e-02  4.37550955e-02  3.21586616e-02
  4.59005237e-02 -5.03353365e-02 -4.84820679e-02  4.51467782e-02
 -2.55929511e-02 -9.51077882e-03 -3.13241817e-02 -2.08641756e-02
 -3.52692679e-02  9.30223614e-02  1.48769375e-02  4.47426289e-02
  5.61582446e-02  4.21837874e-04 -8.04065093e-02 -6.37294427e-02
  3.60285793e-03  3.77043942e-03 -6.12339601e-02  5.70430905e-02
  2.97916215e-02 -1.37132809e-01 -2.86149811e-02 -1.99442489e-08
 -1.25426888e-01 -4.01114412e-02  1.76418852e-02 -2.35985927e-02
  1.12724587e-01 -4.58796881e-03 -6.81883618e-02  3.34850289e-02
  4.48322967e-02  3.31360027e-02 -6.18904224e-03 -5.57018481e-02
 -2.33266037e-02 -2.58293059e-02  2.38948110e-02 -3.19003128e-02
  5.60720414e-02 -5.22746108e-02 -5.01531549e-02  4.08279561e-02
 -1.17353164e-01  8.51812214e-02  1.04987435e-02 -1.11623704e-02
 -3.94253321e-02  2.43577454e-02  2.85860896e-03  7.33044222e-02
 -3.68800573e-02 -3.69001739e-02  2.49325521e-02  1.46581065e-02
  4.39668670e-02  6.81565106e-02 -4.85348962e-02  7.01191127e-02
  3.03485058e-02  8.57561752e-02 -4.85421419e-02  5.06888442e-02
 -1.29479077e-02 -5.61067797e-02  1.63284726e-02  6.84082462e-03
 -3.84767875e-02  3.10041141e-02  3.54626440e-02  3.10537908e-02
  2.60926727e-02 -4.62324508e-02  4.81439717e-02  2.15630755e-02
 -3.92934047e-02  9.73427494e-04 -7.44897127e-02 -4.74646827e-03
 -3.18801068e-02  5.45348376e-02 -2.53363210e-03  7.98936039e-02
 -1.93744134e-02 -3.66880782e-02  2.54426394e-02 -4.33863513e-02]"
83,"If we use K-means with K=1, where will the centroid be located?",The centroid will be the average of all points,easy,12,3.84,"['A. The centroid will be located at some cluster', 'B. The centroid will be the average of all points', 'C. The centroid will not converge and keep moving', 'D. None of the above']",4,41.25,"[ 5.67698255e-02  1.15347328e-02 -4.13601547e-02 -7.06498995e-02
 -6.46008849e-02  1.57504063e-02 -1.60395559e-02 -2.60906722e-02
  1.07698351e-01  7.04926327e-02  3.03289685e-02 -1.62689071e-02
  6.33443743e-02 -6.97097629e-02 -9.46052223e-02 -5.78126088e-02
 -2.58657616e-02 -4.49410006e-02  2.11964548e-02  7.25184521e-03
  7.95062557e-02 -6.69968948e-02  8.28881040e-02  5.01131564e-02
  1.43697076e-02  3.00729014e-02  4.00924794e-02  2.42861807e-02
  3.55512723e-02 -1.44320428e-02 -9.30815935e-02  4.73894458e-03
  1.15954541e-01  2.02148445e-02  3.57492454e-02 -2.33142730e-02
  1.99277401e-02 -7.23369652e-03 -4.37199920e-02  5.99032342e-02
 -8.78217351e-03 -7.66704557e-04  9.16110501e-02 -1.79966334e-02
 -2.62155384e-02  1.00993581e-01 -2.19392702e-02  5.12773432e-02
  6.80600107e-03 -5.86533286e-02  4.49109711e-02 -5.65306246e-02
 -8.65053385e-02  8.40033516e-02 -2.57902499e-02  4.50334698e-02
 -1.47879481e-01  4.34788736e-03  1.21200204e-01  3.65252458e-02
  8.09951872e-02 -5.31074964e-02  1.13817155e-01  5.40083572e-02
  9.49318111e-02 -7.81646818e-02  8.43326282e-03  2.13089846e-02
 -5.70292436e-02 -5.24278954e-02  4.25550900e-02 -7.78572410e-02
 -1.28412182e-02 -7.94903785e-02  3.30513604e-02  2.90550217e-02
 -5.42175472e-02 -4.63586152e-02  1.31661247e-03 -7.12806806e-02
  4.43051569e-03  6.80379942e-02  2.30426136e-02  4.38941410e-03
 -4.97240536e-02  4.07974832e-02 -3.32222916e-02  3.48037039e-03
  4.65292595e-02 -6.24811500e-02  1.18103800e-02 -1.29976338e-02
 -5.51617444e-02 -8.49052370e-02  5.86736389e-03 -4.10479959e-03
  2.30815336e-02  4.03519645e-02  4.83865030e-02 -2.33203750e-02
  8.35574884e-03  7.28859380e-02  2.48013120e-02 -1.99111160e-02
 -3.43147889e-02 -6.07169084e-02  2.04998832e-02  8.89308067e-05
  5.50233983e-02  2.50656549e-02 -6.56587780e-02  2.28668805e-02
 -5.21169156e-02 -6.12678519e-03 -5.52123822e-02 -2.06655450e-02
  1.13708176e-01  3.29890959e-02  5.56637086e-02 -6.07287399e-02
 -4.83044870e-02 -6.73829913e-02 -3.94014902e-02  5.57953753e-02
  7.15006376e-03  1.13502249e-01 -3.78924608e-02 -2.74393810e-33
 -3.72842066e-02 -4.10778113e-02  5.57771251e-02 -5.02749085e-02
 -1.48089886e-01 -3.45054083e-02 -1.96441617e-02 -2.15205215e-02
  2.58114524e-02 -4.80969958e-02 -5.81448041e-02 -1.66285131e-02
  2.39418633e-02 -2.81795580e-02  2.89025474e-02  5.71556054e-02
  3.83635275e-02 -7.32376566e-03 -1.17955081e-01 -6.76684752e-02
  1.01065291e-02  1.78546682e-02 -1.03231212e-02  2.15089731e-02
 -6.48257658e-02  1.95862018e-02 -3.24402899e-02 -3.82025428e-02
 -3.74393500e-02  1.81479920e-02 -2.15585064e-02  5.54141365e-02
 -7.58212730e-02  5.36669046e-02 -2.61562262e-02  6.98838681e-02
  3.47354391e-04  4.64706235e-02 -2.28402410e-02  1.70617327e-02
 -3.86410691e-02  9.46414191e-03  1.73627697e-02  2.13044360e-02
  5.81962168e-02 -8.33311398e-03  2.96691991e-02  4.67131436e-02
  9.37108919e-02 -3.21217924e-02 -5.58286197e-02 -3.28219845e-03
  4.27766219e-02 -3.20040509e-02  5.90443350e-02  1.22509107e-01
  4.96076047e-02 -7.69300982e-02 -2.23211180e-02 -2.90921126e-02
 -2.16704290e-02 -2.59640869e-02  8.36423039e-03  4.71982509e-02
  7.97228366e-02 -4.94483598e-02 -4.72578593e-02 -2.40180525e-03
  4.72242646e-02  4.36769351e-02  9.69919469e-03  5.70163801e-02
 -8.36176984e-03  1.01307362e-01 -3.91470939e-02 -3.80698848e-03
 -7.93242827e-03  2.30694152e-02 -8.23162720e-02 -3.55819869e-03
  6.55324236e-02 -5.26866317e-02 -1.04517147e-01 -1.52005823e-02
  4.88004461e-02  5.64820319e-02  6.59523979e-02 -4.90048602e-02
 -3.65531184e-02 -5.52058704e-02 -7.23001063e-02 -1.23607954e-02
  5.60715161e-02  7.92736858e-02 -1.01202145e-01 -5.32940165e-34
 -2.19580755e-02  1.90640148e-02 -1.38063701e-02  4.80164923e-02
  1.26649933e-02  3.96785215e-02  5.96187562e-02  4.10122611e-03
 -6.79735979e-03  6.02905899e-02  4.83297417e-03 -1.21433102e-02
 -5.23486473e-02  1.57227963e-02  7.47697428e-02  4.41205613e-02
  2.55894978e-02  3.20238881e-02 -6.59965798e-02 -5.36775924e-02
 -3.89129221e-02 -1.27976567e-01  1.69113139e-03  2.94154547e-02
 -5.03352284e-02  1.59222689e-02 -7.34812319e-02 -2.08620504e-02
 -8.93503949e-02  1.70675553e-02 -1.73410736e-02 -7.70909935e-02
 -5.70745468e-02  5.43814711e-02 -3.48107591e-02 -9.04342979e-02
 -1.03811130e-01 -6.16073385e-02 -5.20332009e-02 -2.30768812e-03
 -1.77883711e-02  6.55332282e-02 -2.02748943e-02  1.13471985e-01
  7.30338320e-02 -1.56332739e-02  8.46322849e-02  2.67628469e-02
 -8.96581728e-03 -6.79315701e-02 -3.16612832e-02  3.21595632e-02
  2.16775779e-02  2.97384541e-02  5.08486293e-02  1.25751615e-01
 -2.98657604e-02  7.68803358e-02 -2.80275401e-02 -9.79290381e-02
  1.62993316e-02 -1.01422764e-01 -1.99553706e-02  2.75132395e-02
  4.02576523e-03  4.16727811e-02  2.09582318e-02  7.30038136e-02
 -7.85436332e-02  8.36263224e-02  3.69994603e-02  5.84807843e-02
  3.29353288e-02 -7.52579793e-02 -6.04481176e-02 -2.58470736e-02
  2.77669951e-02 -7.70031884e-02 -8.79220385e-03 -9.27553978e-03
 -5.90627454e-03  3.60124409e-02 -4.05257978e-02 -3.72587238e-03
  8.63358229e-02  1.44666778e-02  1.01669982e-01 -9.92086279e-05
  1.70236565e-02  2.17567831e-02  4.53592651e-03  2.87314262e-02
 -4.95084934e-02 -4.39004712e-02 -5.05644046e-02 -2.21200782e-08
 -2.80352663e-02 -2.72270702e-02 -5.38295843e-02 -9.49221756e-03
  7.45487735e-02 -6.36726664e-03 -4.09825034e-02  2.79363375e-02
 -2.84067029e-03 -8.99007618e-02 -6.53253496e-03  2.05233265e-02
 -3.43358591e-02 -2.82521043e-02 -2.60655824e-02  3.57484706e-02
 -3.88097055e-02 -4.51810053e-03 -1.61331315e-02  7.92464882e-04
 -2.96977954e-03 -4.75347266e-02 -3.93502414e-02 -2.11442523e-02
 -2.10387520e-02  4.10348140e-02  1.39729362e-02  6.40870556e-02
 -1.78446118e-02 -4.35637198e-02 -1.43718207e-03 -4.42329198e-02
  4.00697999e-02  2.84886155e-02 -4.03189845e-02  5.98418601e-02
 -5.68961948e-02  9.72801372e-02  1.05526391e-02 -3.32948379e-02
  5.85178612e-03 -3.92308496e-02  7.58424774e-02 -2.01950856e-02
  8.62587057e-03  4.47536223e-02  3.92065756e-02  4.09477130e-02
 -9.16230399e-03 -2.23353300e-02 -9.27385539e-02 -2.39001326e-02
 -4.42301035e-02  2.77289026e-03  1.77202281e-02 -4.32557911e-02
  4.65727895e-02 -9.80751514e-02  4.96858843e-02 -8.89587868e-03
 -3.07520907e-02  1.94566492e-02 -5.89774363e-03  1.43965650e-02]"
84,"If, in DBSCAN, the parameter MinPoints is set to two (2), then:",All data points will be either core points or outliers (no border points).,easy,12,5.806666666666668,"['A. All data points will be either core points or outliers (no border points).', 'B. All data points will be border points.', 'C. No points can be core points.', 'D. None of the above.']",4,42.75,"[ 3.43870334e-02 -3.36963199e-02 -9.36115310e-02 -2.36830842e-02
 -5.23214601e-02 -9.75534599e-03  6.40272498e-02 -1.12499595e-02
 -4.41717952e-02 -8.05637799e-03  7.47822896e-02 -6.36207536e-02
  1.25250205e-01 -4.83807214e-02 -8.10855404e-02 -1.38966637e-02
 -1.56824589e-02 -1.05578505e-01  9.24867485e-03  2.38715690e-02
 -3.31183188e-02  2.98993718e-02 -7.76841789e-02  4.33429889e-03
  2.95830537e-02 -5.06755263e-02  1.42471027e-02  4.56355177e-02
  1.89403200e-03  1.36132017e-02 -2.77287816e-03  4.17722613e-02
  4.37493809e-03  9.61567312e-02  5.23263216e-02 -1.54675068e-02
  3.87101620e-02 -4.29991893e-02 -2.46318877e-02 -1.08790668e-02
  2.69207619e-02 -8.87111947e-03  3.05449613e-03  1.02112219e-01
  3.90723348e-03  2.78075002e-02 -6.17874935e-02  3.73787470e-02
 -1.03523640e-03 -9.28392261e-02 -6.38586581e-02  2.93532982e-02
 -3.28326076e-02  5.60107594e-03  3.58209983e-02  1.72339752e-03
 -3.02672423e-02  6.54198183e-03  4.66102101e-02  2.99132261e-02
  3.50942165e-02 -6.78792223e-02  3.01715638e-02 -8.85603391e-03
  6.71210140e-02 -6.66569546e-02 -9.52182527e-05 -6.01829402e-02
 -1.04346853e-02  7.49192461e-02 -5.83510958e-02  3.46761309e-02
 -1.15000745e-02  1.25351446e-02  9.55069531e-03 -1.23421419e-02
  1.22512849e-02 -2.51065623e-02  9.82347596e-03 -8.97130296e-02
 -2.29932796e-02 -4.69587147e-02 -2.67026816e-02  5.41939354e-03
 -1.27401983e-03 -2.98468471e-02 -1.03016766e-02 -6.20392784e-02
  1.05551369e-01  4.00394686e-02  6.07715510e-02  8.71181116e-02
 -1.67086795e-01 -2.98042502e-02 -5.14456853e-02 -7.84622952e-02
  3.82972062e-02  3.19237858e-02  6.54891506e-02  2.04873551e-02
 -1.63161904e-02 -1.26528619e-02  2.88559645e-02  4.83542942e-02
 -5.11057861e-02 -7.93276876e-02  5.11361361e-02 -6.73072562e-02
 -3.10616493e-02  5.81620075e-02  3.02239563e-02  3.95288914e-02
  7.11753517e-02 -9.03089643e-02 -3.63852754e-02  8.72802660e-02
  6.98935911e-02 -3.49637754e-02 -7.68796727e-02 -1.38144912e-02
 -1.34199977e-01 -3.38324532e-02 -6.04810491e-02  3.77212502e-02
 -6.53516948e-02  2.37960089e-02 -1.31634194e-02 -7.18940518e-34
 -3.01143955e-02 -3.39483023e-02  5.92168048e-02 -9.50176120e-02
 -5.83098643e-02  6.06204607e-02 -1.00490510e-01 -5.90106659e-02
 -3.79719697e-02 -1.30326096e-02  2.08222991e-04 -1.08372420e-01
  6.36172816e-02 -1.23437811e-02  2.22589690e-02  7.29430281e-03
  3.70812938e-02  7.70210177e-02 -1.08286969e-01 -7.04898387e-02
  3.67422961e-02 -7.45691583e-02 -1.68441441e-02 -5.17528504e-02
  3.13645341e-02  5.35593294e-02  3.62823568e-02 -2.89294273e-02
  5.42238131e-02  1.97288152e-02 -2.35659927e-02 -1.17133381e-02
 -2.77518202e-02  4.10519876e-02  4.36177514e-02  1.84791461e-02
  3.24432664e-02  2.61683930e-02  2.43908223e-02 -3.61435413e-02
  1.26054632e-02  3.08486465e-02  4.76430506e-02 -8.79921671e-03
  3.43415029e-02 -1.36489365e-02  6.91781789e-02  5.72541319e-02
 -8.61107546e-05 -5.44833392e-02 -4.63266820e-02 -1.76107138e-02
  3.81492190e-02  2.49236226e-02  3.95453200e-02  3.20377499e-02
 -1.37971407e-02 -9.63857844e-02 -3.96836959e-02  1.51983611e-02
 -4.88905758e-02 -1.64545886e-02 -1.70295164e-02 -1.03454769e-01
  6.62803128e-02  5.43367974e-02  3.87578644e-02  3.10299229e-02
  9.79150161e-02  7.22816586e-02  2.73813214e-02  1.62477959e-02
  1.38209581e-01 -6.14077225e-03 -2.82718036e-02  2.81611308e-02
  7.09807277e-02  3.59682068e-02  4.46126685e-02 -1.53116370e-02
 -5.55545650e-02  5.32144774e-03 -3.85885090e-02 -1.78614650e-02
 -1.08744316e-02 -6.16129600e-02  6.85260221e-02  1.19021898e-02
 -9.75763798e-02 -5.64124610e-04  1.00114457e-02  4.25437056e-02
 -1.09283790e-01  3.44773121e-02 -7.08131632e-03 -7.94549807e-36
  6.83706161e-03 -3.13929729e-02  5.83579130e-02  1.31816557e-02
 -4.53379564e-02 -6.33320287e-02  8.00161716e-03 -4.22816351e-02
  1.72924343e-02  1.15958201e-02  1.45265344e-03 -3.35819162e-02
 -2.65679713e-02 -9.13292319e-02  1.65112726e-02  6.38660342e-02
 -2.68074796e-02 -3.56307104e-02 -4.02971869e-03  5.87022305e-03
  5.25351390e-02  2.36181635e-02 -5.55935092e-02  3.54952551e-02
 -3.28270253e-03  8.69738217e-03  4.94306572e-02  1.42639047e-02
 -3.66833583e-02  2.86485534e-02 -2.08713915e-02  2.07100064e-02
 -3.39078866e-02  5.21939024e-02 -2.17243116e-02 -3.63581255e-02
 -3.28386612e-02 -1.50692761e-02  4.15315814e-02  6.42662048e-02
 -7.11769164e-02  1.11941017e-01 -1.07455056e-03  7.72465095e-02
  2.55388953e-03  6.66715130e-02  1.41099319e-01  1.65194143e-02
 -8.47487971e-02 -3.98762263e-02 -5.40402392e-03 -6.75387904e-02
  3.79090570e-02  1.20866604e-01  1.44099193e-02  4.34876233e-02
 -1.07049674e-01  2.81763151e-02  6.43822625e-02 -2.67630611e-02
  3.22097875e-02 -1.07519040e-02 -7.77181163e-02 -2.93486863e-02
  2.63836235e-03  3.69608290e-02  5.52768148e-02  2.18893699e-02
 -4.49762680e-02 -3.06815803e-02 -2.64906761e-04  4.14817259e-02
  7.51226693e-02 -5.83369695e-02 -5.88311031e-02  3.36902402e-02
 -5.73545173e-02  2.18397751e-02 -2.69378331e-02  1.25854481e-02
 -5.79426123e-04  3.32347639e-02  4.51956578e-02  8.04668069e-02
  4.09607217e-03  1.07481964e-02 -5.13855815e-02  4.26419973e-02
  6.14710012e-03  1.84280053e-02 -6.43722787e-02  6.67893440e-02
  3.21274884e-02 -3.02108210e-02 -6.70682192e-02 -2.32497861e-08
 -9.63393748e-02 -4.77575622e-02 -4.38823439e-02 -1.61329415e-02
  1.19173169e-01  1.91930141e-02 -5.04295044e-02  8.66789445e-02
  4.50339988e-02  1.47094904e-02  2.78064106e-02 -4.75917272e-02
 -1.57928467e-02 -2.74417009e-02  3.57403308e-02 -1.14403084e-01
  6.72013313e-02 -7.68727809e-02 -2.44064834e-02 -2.22208234e-03
 -8.67358744e-02  6.96431100e-02 -2.72600520e-02 -4.02734317e-02
  9.34358395e-04  2.16265712e-02  3.02219782e-02  4.23820987e-02
  1.48645397e-02 -6.44953102e-02  4.18938659e-02  1.56827085e-02
  7.42042717e-03 -4.69060801e-03 -7.73778409e-02  1.01586737e-01
  4.75608595e-02  1.25709713e-01 -4.83273603e-02  1.73759870e-02
 -9.91267618e-03 -6.99724257e-02 -3.93527485e-02  1.65671185e-02
 -2.38699298e-02  1.06074050e-01  5.50221577e-02  5.73160648e-02
  6.28246274e-03 -3.77612859e-02  5.08799851e-02 -6.66791126e-02
  4.72956523e-02 -6.57929899e-03 -8.11871365e-02 -8.87255371e-03
 -2.99292635e-02  9.47254300e-02  4.23742644e-02  6.22834526e-02
 -3.17482017e-02 -2.97220517e-03 -3.63885053e-02  2.17906591e-02]"
85,"In a dataset with three clusters, where the density of the first cluster (C1) is smaller than the second cluster (C2), and the density of the second cluster is smaller than the third one. What cluster should be considered  When setting the radius (epsilon) of DBSCAN  ?",Only the first cluster (C1) with the lowest density is sufficient.,medium,47,11.080000000000002,"['A. Only the first cluster (C1) with the lowest density is sufficient.', 'B. Only the second cluster (C2) is sufficient.', 'C. Only the third cluster (C3) with the highest density is sufficient.', 'D. None of the above.']",4,51.5,"[ 4.69102189e-02 -4.08297926e-02 -1.49540246e-01 -1.75679028e-02
 -1.56792663e-02 -4.62330803e-02  8.29230696e-02 -2.83213295e-02
 -4.44075353e-02 -7.26180598e-02  5.63751832e-02 -1.05192028e-01
  1.28296569e-01  1.88651821e-03 -4.64502834e-02 -5.35197891e-02
  4.41536941e-02 -6.06300645e-02 -1.13198711e-02  3.52433920e-02
 -4.13833298e-02 -1.30413836e-02  4.53911759e-02  8.63616541e-02
  8.85423087e-03 -1.61927603e-02  4.43974696e-02 -7.85021186e-02
 -2.34756451e-02  2.29354873e-02  4.03632782e-03  3.14312391e-02
  7.73064941e-02 -8.21923744e-03 -3.11864894e-02  1.30121596e-02
 -3.17030284e-03 -1.16177332e-02 -4.46606763e-02 -1.21350575e-03
  2.44277231e-02  2.33847927e-02  3.35629843e-02  9.16071758e-02
 -4.39026430e-02  5.80874085e-03 -6.61394745e-02  3.15600783e-02
 -1.46381576e-02 -9.08668488e-02  4.74352166e-02 -3.67928855e-02
 -3.91025431e-02  3.37983295e-02 -1.76367778e-02  1.67211983e-02
 -8.51270306e-05  6.67850971e-02  7.25964010e-02  2.84349192e-02
  8.92388895e-02 -1.26879951e-02  5.22989482e-02 -1.41555620e-02
  6.86298013e-02  3.76763456e-02 -4.71500047e-02 -1.33667875e-03
 -4.42942567e-02  3.63144204e-02  1.61128733e-02 -6.19297428e-03
  1.12317484e-02  8.39348603e-03 -3.05236410e-02  7.89426360e-03
 -1.72045529e-02 -1.45099927e-02  1.56593043e-02 -2.78726928e-02
 -3.48755606e-02  3.67676765e-02 -1.63726564e-02 -2.14643516e-02
 -2.71172095e-02 -8.47380701e-03  1.60605758e-02 -4.51110639e-02
  2.32560318e-02 -2.49186978e-02  3.05079622e-03  1.32720485e-01
 -1.22506425e-01 -8.82318765e-02 -8.35457817e-02 -4.24298830e-02
 -4.09818813e-02 -9.04360041e-02  1.49071798e-01  3.49316606e-03
  6.26795292e-02  5.49619235e-02 -1.77504234e-02  3.22550279e-03
 -5.54713383e-02 -1.90868843e-02  6.21160446e-03 -6.47034077e-03
  3.05503439e-02  1.11977585e-01  6.78236559e-02  2.68433820e-02
 -2.00503580e-02 -1.83443185e-02 -8.46802443e-02  1.03066325e-01
  9.59545523e-02  2.28067599e-02 -5.78107685e-02  7.06478953e-02
 -8.43691826e-02 -4.09743786e-02  9.25386976e-03 -3.09110153e-02
  3.30276638e-02  3.56472679e-03 -8.53597075e-02 -1.38161793e-33
 -4.79726829e-02 -4.78359424e-02 -3.06093451e-02 -2.26238742e-02
 -3.57736684e-02  4.78806756e-02 -3.19801643e-02 -4.08119187e-02
 -6.59109512e-03 -7.06878826e-02  5.81316941e-04  5.22342697e-03
  8.32901597e-02 -4.82724644e-02  2.80134175e-02  2.53501944e-02
 -9.90040787e-03  1.17052697e-01 -9.57716331e-02 -1.61119699e-01
  3.15126055e-03  2.41817459e-02  1.64754633e-02  1.02518918e-02
 -3.62149291e-02 -2.32173014e-03  3.25985588e-02 -1.55800432e-02
  3.51086669e-02  3.38896587e-02 -1.25366123e-02  3.33605707e-03
  2.93749589e-02  2.47431789e-02  1.43377716e-02  6.83733672e-02
 -2.61322800e-02 -1.19355200e-02  4.17010896e-02 -7.67332613e-02
  3.94121781e-02 -6.87369099e-03  6.09463677e-02 -8.74321628e-03
  6.89916313e-02  4.10717316e-02  7.86810145e-02 -3.85896415e-02
  6.81321621e-02 -7.98696578e-02  8.41803104e-03 -7.96914622e-02
  5.63734211e-02  8.55642781e-02  7.13534951e-02  6.06249347e-02
 -4.25337367e-02 -7.26923794e-02 -4.40100348e-03 -5.07386886e-02
 -3.41600254e-02 -2.32620668e-02 -2.94701457e-02 -5.66588528e-02
  5.07676937e-02  4.21547554e-02 -2.08744239e-02  2.09199041e-02
  4.86816801e-02 -1.39395911e-02  4.68902513e-02 -2.10410487e-02
  7.28845522e-02  8.62283558e-02 -7.34118819e-02  9.33171138e-02
  3.35812680e-02  5.98947331e-02 -6.00571558e-02 -2.72058267e-02
 -9.94985178e-02 -2.68922504e-02 -6.33715838e-02 -2.32081525e-02
 -4.56772260e-02 -6.10508472e-02  8.11311677e-02  6.23867922e-02
 -9.12349224e-02  1.09250834e-02  8.76681227e-03  7.29039137e-04
  1.65114868e-02 -1.73153784e-02 -7.28425831e-02 -4.06639312e-34
  7.42616889e-04 -1.37741084e-03  1.67990308e-02  4.16705478e-03
  1.46643333e-02 -4.57676426e-02 -5.20469919e-02 -1.74515322e-02
  2.23368574e-02 -3.13815586e-02 -3.94727029e-02 -5.48519790e-02
  5.08794896e-02 -8.26847926e-02 -4.10280265e-02  8.50979462e-02
  3.42054889e-02 -2.17596311e-02  8.44659284e-03  5.66094145e-02
  3.41271982e-02 -1.67984441e-01 -9.57268476e-03  6.99480623e-02
 -2.20088847e-02 -1.28702568e-02  2.83521749e-02 -4.25912105e-02
 -9.03322920e-02  7.54143745e-02 -7.10974261e-02 -8.55776947e-03
  2.49396097e-02  8.09081346e-02 -1.97407715e-02 -1.06623724e-01
 -1.63433421e-02 -7.32941404e-02  1.33075025e-02 -1.81134872e-03
 -6.42171456e-03  6.99695870e-02 -6.90058768e-02  4.34778295e-02
 -5.22273360e-04  6.52715890e-03  1.14512615e-01 -1.10455640e-02
 -4.77473512e-02 -9.05128475e-03  1.18492572e-02 -8.99314061e-02
  8.86946470e-02  9.88814682e-02  1.73621927e-04  6.62848949e-02
 -1.31180678e-02  3.76213528e-02 -1.01364236e-02  3.03261187e-02
  1.63493361e-02 -6.77254051e-02 -1.31985294e-02  5.66946268e-02
 -4.38561700e-02  1.12709869e-02  1.47872362e-02  4.04165946e-02
 -2.36451952e-03  3.45815346e-02 -4.36045788e-02  3.01976483e-02
  7.00340122e-02 -1.71406735e-02 -4.41383980e-02 -3.22163221e-03
 -8.63430463e-03 -4.48707528e-02 -7.71938777e-03  1.68361180e-02
 -2.00967360e-02  7.71118402e-02 -3.09229549e-02  9.66172144e-02
  5.40453270e-02  1.77752990e-02 -1.69834662e-02 -3.60298529e-02
  8.80467892e-03  4.70387265e-02 -4.52777632e-02  4.76325601e-02
  2.03948049e-03 -1.23415627e-01 -3.20722461e-02 -3.34833956e-08
 -3.92563753e-02 -4.92351465e-02  9.66153480e-03 -2.72255763e-02
  4.92338426e-02  7.14234561e-02 -7.15831518e-02  5.55076711e-02
  1.15598356e-02 -5.24980389e-03  4.23298217e-02 -6.18118681e-02
 -1.01067368e-02 -5.17911650e-02 -2.47670128e-03 -6.56999871e-02
  4.29632552e-02 -3.87503505e-02 -4.82531451e-02  6.40258044e-02
 -4.64224555e-02  5.67168407e-02  2.56917868e-02 -1.08933235e-02
 -3.57699618e-02  3.11703701e-02 -2.00193468e-02 -1.15997540e-02
 -6.20379224e-02 -3.64401974e-02  6.49244562e-02  1.00607835e-02
  1.46005182e-02  1.77972279e-02 -7.38844573e-02  5.14749922e-02
  5.54306693e-02  6.86579868e-02 -8.10938235e-03  7.47006461e-02
  6.49748519e-02 -4.76682223e-02  7.72368209e-03 -2.21945513e-02
 -2.48365682e-02  8.64196643e-02  2.82707456e-02  3.73023897e-02
  4.25056964e-02 -2.84905992e-02  7.92971067e-03 -3.15936543e-02
 -2.93143913e-02  2.71936748e-02 -3.56327631e-02 -6.98361322e-02
 -9.63570178e-02  5.34651726e-02  8.34506191e-03  6.14590570e-02
  1.11381700e-02 -9.30025149e-03  4.68615368e-02 -1.14416992e-02]"
86,"If the Silhouette coefficient of a data point x is zero, and all clusters are spherical with the same number of points, what does this imply?",This data point x is equidistant from two clusters.,easy,26,11.796153846153846,"['A. This data point x is a centroid of one cluster.', 'B. This data point x is equidistant from two clusters.', 'C. This data point is x is assigned to the incorrect cluster.', 'D. None of the above.']",4,46.5,"[ 6.38355538e-02  4.43333276e-02  8.52458272e-03  1.01217264e-02
  1.20208092e-01  1.25123579e-02  3.36077549e-02 -4.40968387e-02
  9.28552002e-02 -5.94600919e-04  9.15801600e-02 -6.36326745e-02
  6.55219778e-02 -2.29719076e-02  3.43913436e-02 -5.79061061e-02
 -9.18915030e-03 -1.06196396e-01 -1.58353837e-03  3.48031148e-02
  1.69860050e-02 -5.44561027e-03 -2.28816904e-02  6.47492781e-02
  8.67929831e-02  3.66390049e-02  4.96406741e-02 -1.07506134e-01
  5.98372333e-03 -1.46617703e-02 -1.42816873e-02  7.40000606e-02
  4.06306051e-02  3.51771191e-02  8.26450735e-02 -1.22934040e-02
  1.68330129e-02  5.36166802e-02 -7.95810223e-02  8.02746415e-02
  4.21533640e-03  3.61577459e-02 -2.39800825e-03 -6.56802300e-03
 -2.03224961e-02  1.48994206e-02 -5.00122271e-02 -6.87954202e-03
 -1.46248778e-02  2.34226473e-02  3.05375159e-02 -3.56074981e-02
 -6.60587028e-02  2.25395095e-02 -7.61706266e-04  3.12988721e-02
 -4.34726179e-02  2.67292839e-02  6.60424531e-02 -1.55207114e-02
  4.61342894e-02 -4.15371172e-03  3.76970842e-02  1.75103266e-02
  1.26322672e-01 -5.67919761e-02  3.80685180e-02 -7.38921911e-02
 -4.12339941e-02 -2.61341538e-02  1.86561290e-02  6.87515130e-03
 -3.03980168e-02 -9.62509811e-02  3.09605822e-02  6.15667291e-02
 -1.46023454e-02 -5.71580343e-02  2.84367800e-03 -1.82697829e-02
 -7.96659291e-03  5.40874824e-02 -1.60147417e-02  1.59051716e-02
 -5.67970872e-02 -1.16673252e-02 -7.16831237e-02 -8.07829760e-03
 -3.51276025e-02  9.20999516e-03 -8.70910883e-02  6.54228032e-02
 -1.28420383e-01 -3.88894975e-02 -1.03217073e-01 -3.95194963e-02
 -4.02267985e-02  7.40119591e-02  1.34285435e-01 -1.73862930e-02
 -2.13268939e-02 -7.30613843e-02  4.83578220e-02  5.71168251e-02
 -8.84378329e-02 -6.64485469e-02  3.38798761e-02 -6.30384907e-02
  5.10994904e-02  7.63998330e-02  2.99281664e-02 -5.82808442e-02
 -2.81036347e-02  7.29039982e-02 -7.00353608e-02 -8.80685300e-02
  2.78181527e-02  3.34931873e-02 -5.72038591e-02 -1.11632664e-02
  6.36197552e-02 -4.10051830e-02  5.27808890e-02  9.74039808e-02
 -4.14158404e-03  2.16684882e-02 -7.04323500e-02 -2.15996720e-33
  7.28414766e-03  2.61908621e-02  6.22273944e-02  1.70844767e-04
 -3.28505374e-02 -4.54010665e-02 -6.36948720e-02  6.28121570e-02
  2.77080778e-02 -2.02238020e-02 -1.30405396e-01  2.85787862e-02
  9.08228904e-02 -4.25322242e-02  4.29418534e-02  3.91873717e-02
  5.73952049e-02  8.38211626e-02 -7.23736882e-02  1.37183163e-03
  2.43315450e-03 -1.75363710e-03 -3.07172108e-02 -4.82407697e-02
 -4.13179249e-02  3.21665332e-02 -4.43586893e-02 -6.95436746e-02
 -5.66375777e-02  1.53170023e-02  7.34726340e-02  5.88011695e-03
  4.72690240e-02  2.31594704e-02  2.05903430e-03  6.37343898e-02
  2.92995777e-02 -1.03240432e-02 -2.65046116e-02 -3.57415341e-02
 -2.97943801e-02  1.84660908e-02  6.64627925e-02 -4.82548252e-02
 -1.12655396e-02  4.03375030e-02  1.51223829e-02 -1.00175589e-02
 -2.41140891e-02  1.20106218e-02 -2.38206144e-02 -1.90495886e-02
  8.23395979e-03  5.56661636e-02  5.95268421e-02  2.40135062e-02
 -1.02659911e-01 -1.24634378e-01 -1.80438906e-02  3.59165925e-03
  3.51670496e-02 -7.95618519e-02 -5.98830171e-02 -1.07351929e-01
  4.99483757e-02  2.24055722e-02  1.43554294e-02  2.47347392e-02
  4.94380333e-02  3.24228629e-02  3.19191627e-02  4.21576761e-02
  6.83612376e-02  2.35085022e-02 -2.00475641e-02  2.46065482e-02
 -5.38295321e-03  5.73823527e-02 -1.02462089e-02  2.99704503e-02
 -9.99026597e-02 -9.06126690e-04 -5.48237339e-02 -2.11061135e-01
 -2.43888739e-02 -1.70378331e-02  3.86050679e-02  2.03409567e-02
 -1.03365324e-01 -5.56285307e-02  3.07040680e-02 -4.06064279e-02
 -3.74736004e-02  3.90099138e-02 -1.09009713e-01  5.27280251e-34
 -5.58184087e-02  1.62734706e-02 -7.83776790e-02  4.22211539e-04
  7.65111297e-03  4.74198423e-02  2.88853720e-02  5.10582663e-02
 -2.70009432e-02 -1.77793168e-02  5.33442618e-03 -1.35150151e-02
  1.30598918e-02  6.76431879e-02  3.56795127e-03  6.06956184e-02
  6.51458576e-02 -6.25184029e-02 -7.29894042e-02  2.66468036e-03
 -3.98903266e-02 -5.21187857e-02  1.62293669e-02 -9.87592805e-03
 -1.93178281e-02  7.56559288e-03 -3.40402797e-02 -5.06378897e-02
 -2.57166363e-02  7.77996629e-02  2.21366473e-02 -4.42918986e-02
 -1.87626909e-02  2.23274939e-02 -1.21711530e-02 -3.44071649e-02
 -1.30247986e-02  3.56589025e-03 -6.05998524e-02 -3.73928994e-02
  1.09294346e-02 -2.05515157e-02 -7.16680661e-02  2.34311242e-02
  4.34297211e-02 -7.82548115e-02  9.93205681e-02  2.89616715e-02
 -4.68719564e-02  4.37897071e-02 -2.11568996e-02 -2.81616785e-02
  7.72462562e-02  8.62451419e-02 -9.89614278e-02  9.45264399e-02
 -6.87953085e-02  7.02151582e-02  3.79903913e-02 -6.21766150e-02
  2.81698722e-02 -4.73637059e-02 -2.96740774e-02  1.42156959e-01
  1.75352134e-02 -2.61080321e-02  2.80685145e-02 -1.04136043e-03
 -5.90183921e-02  7.25331455e-02  8.04415718e-03  1.96928140e-02
  2.07487098e-03  3.25865708e-02 -4.39022481e-02 -2.28981655e-02
  3.69379893e-02 -6.17927983e-02 -1.36640873e-02  6.25931323e-02
 -5.15127629e-02  5.83456829e-03  3.92917320e-02  5.66356815e-02
  9.60968658e-02 -8.80738068e-03 -1.67998150e-02  2.35948171e-02
 -2.67939717e-02  5.41786961e-02 -3.69940437e-02  2.98713986e-02
  1.35639096e-02  5.85465087e-03 -3.94984847e-03 -2.55030947e-08
 -3.93901281e-02 -7.66407326e-02 -4.19072388e-03  3.15185674e-02
  2.92683896e-02 -1.20346704e-02  3.22373174e-02 -2.19966285e-02
 -4.33186367e-02  4.30416549e-03  8.05767122e-05 -5.89244552e-02
 -7.57161453e-02 -2.58336067e-02  1.74118411e-02  2.95888633e-02
 -7.85020739e-03  2.92973667e-02  3.00530139e-02  4.35625091e-02
 -1.11690640e-01 -1.79139078e-02 -5.64297661e-02 -4.54125274e-03
 -8.47728737e-03  3.98919508e-02  1.79914311e-02  1.70468315e-02
 -2.95867044e-02 -2.06800587e-02 -7.02878013e-02  3.51469405e-03
  1.82066448e-02  4.69238237e-02 -3.17596681e-02 -1.39783807e-02
  1.85075831e-02  8.58468339e-02 -2.19212901e-02  2.17891894e-02
 -2.14813054e-02  6.23660460e-02  4.81381044e-02 -6.27084449e-02
  1.40765890e-01  1.07845999e-01  5.67083731e-02 -3.31225060e-02
 -1.70523003e-02 -1.29168723e-02 -4.51892242e-02  4.39389646e-02
 -6.90907463e-02  5.27032539e-02  1.48076303e-02 -8.30791444e-02
  1.56216128e-02  3.29855047e-02  7.58526623e-02  3.51480953e-02
  1.09679848e-02 -2.11349819e-02 -2.44178483e-03 -6.42194822e-02]"
87,"If the Silhouette coefficient of a data point x is negative, and all clusters are spherical with the same number of points, what does this imply?",This data point is x is assigned to the incorrect cluster.,easy,26,12.250000000000004,"['A. This data point x is a centroid of one cluster.', 'B. This data point x is equidistant from two clusters.', 'C. This data point is x is assigned to the incorrect cluster.', 'D. None of the above']",4,46.25,"[ 5.22675440e-02  4.82462607e-02  2.79866997e-02  6.44483138e-03
  1.02563806e-01 -7.57758319e-03  4.12422828e-02 -2.74979547e-02
  9.09698829e-02  7.77471112e-03  1.02086753e-01 -5.40898293e-02
  7.72452801e-02 -3.37940827e-03  2.47558542e-02 -6.80961907e-02
  2.40278319e-02 -1.05375394e-01 -7.30502745e-03  4.15578261e-02
  4.41449322e-03 -1.97169632e-02 -5.60446084e-02  4.56205457e-02
  9.42171291e-02  2.15387382e-02  3.56324315e-02 -1.05012797e-01
  1.08710174e-02 -3.02779190e-02 -2.47152485e-02  7.23965541e-02
  5.65784201e-02  4.77458164e-02  7.04626888e-02 -2.01516617e-02
 -2.12113047e-03  6.91073909e-02 -7.66510516e-02  8.05863068e-02
 -1.32052954e-02  3.70093808e-02 -1.68242510e-02 -6.29084371e-03
 -3.50658819e-02  3.05352907e-04 -6.67684600e-02 -7.44054141e-03
 -5.96822286e-03  3.26084569e-02  3.67442481e-02  2.20503239e-03
 -7.52752051e-02  2.39381399e-02 -1.48442695e-02  5.12494519e-02
 -2.68920586e-02  1.70312338e-02  3.87385041e-02 -2.30883583e-02
  7.04619363e-02 -1.40557904e-02  1.70074292e-02 -1.23128388e-02
  1.24468990e-01 -5.29668331e-02  2.78749596e-02 -5.64716049e-02
 -4.37061638e-02  3.55642382e-03  2.32591331e-02  1.72657659e-03
 -2.06491910e-02 -1.17049113e-01  2.20990647e-02  8.86158049e-02
 -1.76151544e-02 -4.31814119e-02  6.27938934e-05 -3.53006870e-02
  1.57858748e-02  7.21301585e-02 -2.06339974e-02  3.75932232e-02
 -3.84584777e-02 -2.02971343e-02 -7.33506754e-02 -1.02754300e-02
 -2.77847983e-02  2.80917790e-02 -8.17747712e-02  5.22064492e-02
 -1.18778467e-01 -4.08506878e-02 -9.47531685e-02 -4.71683256e-02
 -4.44978252e-02  7.79236779e-02  1.33240640e-01 -8.97468254e-03
 -2.50816084e-02 -5.55008985e-02  3.62168625e-02  3.78507003e-02
 -8.57087821e-02 -8.49904716e-02  2.29203925e-02 -6.61622807e-02
  6.72870129e-02  6.72387704e-02 -3.58325080e-03 -4.81965169e-02
 -2.74157096e-02  5.56140840e-02 -4.39567454e-02 -6.32943809e-02
  4.28547785e-02  7.05140531e-02 -6.22916855e-02 -2.58159060e-02
  5.34900576e-02 -1.95022617e-02  3.32398154e-02  8.99190605e-02
  1.84499267e-02  2.89574452e-02 -9.08645391e-02 -2.11418959e-33
 -9.60673671e-03  1.49840778e-02  7.45034069e-02 -1.15520889e-02
 -2.26059649e-02 -3.74780409e-02 -9.22616571e-02  5.32182902e-02
  1.25245135e-02 -8.41586851e-03 -1.11678295e-01  2.78825667e-02
  9.17269513e-02 -3.61581333e-02  4.21276838e-02  2.80136466e-02
  3.62497084e-02  6.60296679e-02 -9.47998762e-02 -6.07486442e-03
 -1.13650877e-03 -1.94895882e-02 -3.30481157e-02 -7.46174604e-02
 -4.97455560e-02  2.01536156e-02 -4.58789207e-02 -6.28743991e-02
 -6.21129721e-02  9.39220749e-03  4.78841439e-02  5.17394347e-03
  5.09453751e-02  2.80453637e-02  2.08055172e-02  6.17568158e-02
  3.97354998e-02 -1.43232178e-02 -2.88733579e-02 -4.78002392e-02
 -4.33115214e-02  3.93033251e-02  5.14492057e-02 -5.81759810e-02
 -5.54288831e-03  4.64445427e-02  4.80838157e-02 -3.66937108e-02
 -2.82890815e-02  4.79885406e-04 -9.62236151e-03 -2.37422008e-02
  1.82043016e-03  4.77001444e-02  6.47123158e-02  2.82564983e-02
 -9.11442786e-02 -8.08294266e-02 -4.18425817e-03  1.84727425e-03
  4.21138480e-02 -9.19924676e-02 -5.89646660e-02 -1.24847651e-01
  4.16542739e-02  1.45495487e-02  1.40950945e-03  2.35753469e-02
  6.06387220e-02  4.52084206e-02  3.00387703e-02  5.14495187e-02
  6.86865970e-02  2.55501792e-02 -2.61946116e-02  3.50401290e-02
 -1.07614761e-02  6.75210059e-02  1.27206566e-02  9.45393741e-03
 -1.17300443e-01 -6.05585007e-03 -5.14655448e-02 -2.25134492e-01
 -3.14441547e-02 -2.94088311e-02  4.32555862e-02  1.75075755e-02
 -9.14285854e-02 -5.19006886e-02  1.24146696e-02 -3.62167284e-02
 -4.50377539e-02  6.65773526e-02 -1.13467939e-01  3.47011764e-34
 -6.84193671e-02 -3.13131977e-03 -8.67081955e-02 -9.94621683e-03
  8.92927963e-03  4.88106869e-02  4.55459245e-02  5.40776514e-02
 -3.00020240e-02 -7.21601443e-03  1.29419770e-02 -1.14263939e-02
  2.00641388e-03  6.99288249e-02  6.98487787e-03  5.61543480e-02
  7.18021914e-02 -7.20043480e-02 -4.62786481e-02 -3.56739834e-02
 -6.11308776e-02 -4.23457958e-02  2.57818997e-02 -6.94453716e-03
 -1.41459685e-02  1.19236233e-02 -2.17474326e-02 -4.19303216e-02
 -4.46704589e-02  7.30284452e-02  6.83197146e-03 -8.30698386e-03
 -1.04089016e-02  5.14287502e-02 -2.71757543e-02 -4.46026251e-02
 -2.97280885e-02 -4.63213306e-03 -6.40453920e-02 -5.23940772e-02
  1.06891869e-02 -8.09342042e-03 -2.43442133e-02  2.74108443e-02
  3.38055640e-02 -6.75190687e-02  8.55073631e-02  3.62669155e-02
 -2.94532124e-02  3.83043401e-02 -3.11642252e-02 -4.60862033e-02
  7.55021647e-02  9.99479592e-02 -9.56201628e-02  8.82833600e-02
 -6.17413819e-02  5.45038320e-02  5.67400940e-02 -2.78545730e-02
  1.24996938e-02 -4.59657982e-02 -3.19358781e-02  1.17459118e-01
 -7.22787995e-03 -2.69606486e-02  4.64417376e-02 -6.82083098e-03
 -3.79830226e-02  6.36219010e-02  4.31548757e-03  5.41869625e-02
  6.68496592e-03  2.46630553e-02 -4.37446982e-02 -5.44227324e-02
  4.71882746e-02 -3.56856212e-02 -1.28371213e-02  4.19500470e-02
 -7.65029341e-02 -3.07271536e-03  1.69438738e-02  7.41249174e-02
  7.96392262e-02 -1.96703579e-02 -3.92548665e-02  4.38547917e-02
 -3.27039808e-02  7.71825314e-02 -4.25306633e-02  3.29423808e-02
  5.19208098e-03  6.07537525e-03  3.05058379e-02 -2.55606114e-08
 -4.60443906e-02 -7.46140033e-02  2.57776352e-03  2.74126865e-02
  3.32065485e-02 -8.18600226e-03  3.14491093e-02  5.39799873e-03
 -3.20742875e-02  9.96445492e-03  1.58856977e-02 -5.45894764e-02
 -8.58536735e-02 -2.28915289e-02  5.16828476e-03  4.22293022e-02
  2.30353209e-03  3.33873443e-02  4.32461128e-02  4.08810228e-02
 -8.25025812e-02 -2.13713571e-02 -4.35465686e-02  6.25552563e-03
 -2.07877858e-03  4.59976718e-02  2.58349143e-02  1.96397435e-02
 -4.21341062e-02 -2.82499269e-02 -5.91258705e-02  1.81908049e-02
  2.11163033e-02  4.26558554e-02 -2.23471262e-02 -1.07448269e-02
 -5.43949800e-03  8.16585347e-02 -1.00638326e-02  2.63240654e-02
 -1.46903228e-02  7.31713250e-02  3.54296416e-02 -7.43745044e-02
  1.40644163e-01  1.21097557e-01  6.99446425e-02 -2.56058406e-02
 -2.28907205e-02  3.74248461e-03 -1.77018046e-02  4.09835838e-02
 -3.51303108e-02  5.13672642e-02 -9.69600340e-04 -7.47510865e-02
  2.24174419e-03  1.92485545e-02  6.97357804e-02  4.00084853e-02
  1.71551760e-02 -4.26118933e-02  3.56499851e-03 -6.74576685e-02]"
88,"If the cluster shapes are non-elliptical, which of the following algorithms may cluster the data incorrectly?",K-means,easy,16,12.775000000000002,"['A. K-means', 'B. DBSCAN', 'C. Hierarchical clustering', 'D. None of the above']",4,16.25,"[ 5.63417077e-02 -2.67129652e-02 -2.18328778e-02 -3.65990587e-02
  1.62794143e-02 -1.08936734e-01 -5.27962670e-02 -7.47295916e-02
  3.74037512e-02 -5.16250245e-02  1.07670061e-01 -1.89422034e-02
  2.21815594e-02  8.53240862e-03 -1.56605002e-02 -2.27035508e-02
  5.30391335e-02 -3.91765311e-02  6.68887645e-02 -3.65069695e-02
 -4.97714989e-02 -3.12130433e-02 -2.36796513e-02  7.34057799e-02
  5.10859303e-02  8.66196230e-02  5.87922484e-02 -3.54345217e-02
 -2.69595552e-02 -6.18005022e-02  3.61823966e-03  8.29954222e-02
  3.32805961e-02  8.46114103e-03 -2.33693458e-02  4.16226834e-02
  1.12595176e-02  2.19490137e-02 -6.32362580e-03  3.50075290e-02
 -1.42650083e-02  1.95252504e-02  7.34639317e-02 -8.49149004e-03
  2.62452792e-02  6.10165596e-02 -9.09577385e-02  1.45604955e-02
 -5.94001077e-02 -2.86370534e-02 -2.80675329e-02 -4.18718234e-02
 -6.80943429e-02  6.01533242e-02 -5.58400527e-02  9.68964864e-03
  4.73931385e-03  1.95271224e-02  1.21398702e-01 -1.47075939e-03
  7.09784701e-02  1.27154021e-02 -9.91875492e-03  6.65547997e-02
 -7.13314954e-03  2.99071893e-02 -4.80934395e-04 -7.45148286e-02
 -5.81604801e-03 -2.95573156e-02  6.62074313e-02  7.25894794e-02
  4.05415893e-03  1.22239022e-02  1.98640185e-03  4.21290733e-02
 -2.89304298e-03  4.51397151e-03 -5.58807664e-02 -6.97572604e-02
 -3.75826061e-02  6.02917299e-02 -7.03362748e-03 -9.56568774e-03
  7.44839385e-02  5.81049696e-02 -8.24655071e-02 -5.15628718e-02
 -2.82639191e-02 -6.02787733e-02 -6.22435287e-03  5.38550727e-02
 -2.37557888e-02 -3.72852869e-02 -3.79089527e-02  2.23112032e-02
  4.61629033e-02  5.11935912e-03  5.69157787e-02  2.99172737e-02
  3.29897739e-02 -2.30915169e-03  2.02992167e-02  5.04771210e-02
 -1.56640046e-04  3.12173534e-02  5.60195409e-02 -1.93552077e-02
  1.09477922e-01  1.90567411e-02  1.50880143e-02  8.18735454e-03
 -2.99583804e-02 -9.00156389e-04 -3.85484882e-02 -4.22853678e-02
  4.43108603e-02  3.39825377e-02 -4.95260432e-02  9.39579755e-02
 -2.52757575e-02 -7.26201609e-02  6.80558756e-02  7.85801336e-02
  1.74878016e-02  1.66294500e-02 -1.86840653e-01 -3.42650469e-33
 -6.09688871e-02 -2.05870774e-02  5.01298383e-02 -7.69877881e-02
 -4.75976244e-02 -2.69924924e-02 -8.35932270e-02 -4.51617464e-02
  1.21780381e-01 -4.22436744e-02 -8.37389082e-02 -2.64423136e-02
  7.99311101e-02  2.36405004e-02  1.16030216e-01 -1.75856631e-02
  8.22443143e-02  1.12405360e-01 -1.04488321e-01 -7.02814981e-02
  6.42740652e-02 -4.92090359e-02 -8.77081696e-03 -2.41482668e-02
 -8.69163200e-02  2.32718363e-02  2.31166631e-02 -7.67611042e-02
  1.79871975e-03  6.17270581e-02  3.40848230e-02 -4.18152008e-03
  1.31732719e-02  7.86299855e-02 -1.06343848e-03  7.59589970e-02
  3.20728831e-02 -3.17017734e-02  1.50850229e-02 -5.66873029e-02
 -1.36081381e-02  8.60087294e-03  8.84048641e-02 -4.77845632e-02
  9.71792117e-02 -5.92895458e-03  2.83412077e-02  2.31915116e-02
  3.92565206e-02 -1.62930153e-02 -1.09373340e-02 -4.21675518e-02
  4.63006571e-02  1.07376073e-02  4.93293963e-02  1.42161502e-02
 -4.60894667e-02 -5.88115118e-02 -1.60898510e-02  2.61969641e-02
  7.22990185e-02 -4.74813282e-02 -3.99794988e-02 -8.40067565e-02
 -4.39970568e-02  2.08654087e-02  3.46200429e-02 -2.27168463e-02
  4.24622707e-02  6.08914644e-02  9.73907951e-03  3.26801464e-02
  3.21042240e-02  1.01507030e-01 -3.04451045e-02 -1.63639151e-02
  1.11322682e-02  5.78819066e-02 -1.49762565e-02 -6.75748214e-02
 -4.14835848e-02  1.22410823e-02 -7.45722279e-02 -6.29536435e-02
 -6.97788447e-02 -9.50164720e-03  3.99489999e-02  4.48692851e-02
 -6.43389579e-03  1.16369789e-02 -1.17573021e-02  2.34114323e-02
  5.94190927e-03  5.73599935e-02 -6.46574423e-02  1.51980133e-33
 -1.09977320e-01  2.61823684e-02 -3.49605940e-02 -1.85752865e-02
  4.93746903e-03  3.80460992e-02 -5.06762192e-02 -8.76158848e-03
  5.19650616e-02 -1.97935216e-02 -1.46369729e-02 -5.29823080e-02
 -5.14062792e-02 -4.76769209e-02 -3.76515538e-02  5.61829247e-02
  1.53854797e-02 -6.00800514e-02  6.21912852e-02  4.30728905e-02
  5.59184642e-04 -8.45260397e-02 -1.95925422e-02 -1.84782390e-02
  2.40190011e-02  8.81238803e-02 -6.81904331e-02 -5.71643747e-02
 -5.03670909e-02  6.56726733e-02 -4.02325504e-02  2.32154727e-02
 -3.02806776e-02 -8.61135032e-03 -2.90570930e-02  2.64447536e-02
 -7.78611228e-02 -3.03202458e-02  2.75002923e-02 -8.47737566e-02
 -2.81781889e-02  1.03846572e-01 -3.26057300e-02  5.47337085e-02
  4.76774611e-02 -7.37282410e-02  4.61642109e-02 -2.27351114e-02
 -4.67022024e-02  1.99455004e-02 -1.01742834e-01 -4.36395444e-02
  2.04103943e-02  6.67489171e-02 -7.54409470e-03  1.30972341e-01
 -5.02904989e-02  9.08273831e-02 -1.04601361e-01 -5.63321672e-02
 -6.65553138e-02 -6.73421025e-02 -2.90271267e-02  3.05469614e-02
 -3.34998220e-02 -2.82585695e-02  5.05013503e-02 -2.17698645e-02
 -1.98535267e-02  5.29995561e-02  2.11622659e-02  4.50631753e-02
 -7.80788204e-03 -3.50578837e-02 -2.22904142e-02 -7.17383698e-02
  4.37422954e-02 -2.84353737e-02 -5.74846305e-02 -3.43121402e-03
 -1.93727147e-02 -7.38326553e-03  4.57613170e-03  1.17349878e-01
 -6.76740473e-03  6.03529206e-03  2.10779766e-03 -7.04430416e-02
  5.93391154e-03  6.51901886e-02  6.94727451e-02  2.37230472e-02
  7.84340352e-02 -1.30162779e-02 -6.17509941e-05 -1.93450198e-08
 -2.59670559e-02 -6.46788850e-02  1.95970330e-02 -2.46648807e-02
  2.50407457e-02  1.94301736e-02 -8.31775889e-02  7.05293268e-02
 -5.92922457e-02 -1.14777870e-01 -3.22922245e-02 -2.60718018e-02
 -9.00121257e-02  7.18400348e-04 -1.75138544e-02  2.72017140e-02
  2.30074916e-02  5.42561524e-03 -2.36847885e-02  4.74702194e-02
 -3.30518335e-02  1.78282522e-02 -1.97602399e-02  2.49401480e-02
  1.88003127e-02  1.13326525e-02 -2.89540906e-02  1.92131381e-02
 -5.10733798e-02  2.11151056e-02 -7.70736560e-02  3.55479220e-04
 -1.29668443e-02  2.82055307e-02 -3.64038497e-02 -1.98917789e-03
  8.89772642e-03  8.28911886e-02 -9.54561979e-02  2.67641456e-03
  7.94233605e-02  5.71715720e-02  2.51025148e-02 -4.50523421e-02
  1.60230875e-01  7.81100988e-02  8.02615955e-02 -2.53875796e-02
  6.57948628e-02 -1.98122356e-02 -2.51451377e-02 -3.42267863e-02
 -9.88003891e-03  3.18379998e-02  2.54277978e-03 -3.30940410e-02
 -5.02032787e-02 -3.35413590e-02  1.18400626e-01 -1.96304098e-02
  5.62132299e-02 -9.67605971e-03 -2.93896720e-03 -8.65662470e-02]"
89,The disadvantage of complete linkage when used to calculate the distance between clusters is:,Tends to divide big clusters into small ones,easy,14,10.098571428571429,"['A. Sensitive to outliers', 'B. Unable to handle elliptical clusters', 'C. Tends to divide big clusters into small ones', 'D. None of the above']",4,32.5,"[ 2.82880776e-02 -2.04077214e-02 -4.22325246e-02  2.38485690e-02
  4.90498543e-02  1.72436256e-02 -1.06405057e-01  6.56320453e-02
  3.10564842e-02 -1.39346635e-02  7.47120753e-02 -7.75149837e-03
  3.71614210e-02 -2.90925801e-02 -7.64472857e-02 -1.15603032e-02
  5.36164828e-02 -4.13578078e-02 -7.73530304e-02 -4.72711734e-02
 -4.26943563e-02 -8.62077698e-02 -2.62509799e-03  3.46701257e-02
  3.36616635e-02 -1.48198530e-02 -1.80197265e-02  4.54688258e-03
  2.56178342e-02  4.76090121e-04 -7.50420755e-03  8.86986256e-02
  7.60325091e-03 -3.03356741e-02 -1.35318050e-02  4.52815928e-02
  5.06225601e-02 -1.48652326e-02 -4.91084866e-02  6.25594053e-03
  4.69382554e-02  4.18849215e-02  3.32216881e-02  9.18193627e-03
 -5.75250797e-02  1.50430966e-02 -7.09090233e-02  4.28361855e-02
 -8.15511197e-02 -2.40306742e-02 -5.30602187e-02  3.57319936e-02
 -4.95963320e-02  4.51710448e-02  8.37171637e-03  6.40646070e-02
 -2.09612753e-02 -2.77044047e-02 -1.72332861e-02  2.89672948e-02
  6.92880750e-02 -4.90041189e-02 -1.07596023e-02 -6.96031749e-02
  9.13763195e-02 -3.75860035e-02  6.32347614e-02  3.26732248e-02
  4.79622884e-03  2.10581459e-02  5.57213789e-03 -2.00031195e-02
 -3.74885015e-02  8.20048079e-02  1.81583893e-02  8.48305672e-02
  5.22587188e-02  5.21474294e-02 -1.88927390e-02 -4.61345017e-02
 -3.98922227e-02  6.61410019e-02  1.78562012e-03  1.87395103e-02
  6.10013958e-03  1.05816703e-02 -1.73125193e-02 -8.70560184e-02
 -8.11898208e-04 -6.29356131e-02  4.69210632e-02  5.19495159e-02
 -3.64791490e-02 -8.00077021e-02  1.06292106e-02 -1.90762617e-02
 -3.83711345e-02 -1.47557408e-02  1.04980826e-01 -8.77178274e-03
  2.91756764e-02  2.79042274e-02  7.69002829e-03 -2.14220770e-02
 -7.08923712e-02  3.77844495e-04 -6.57404913e-03 -7.45968428e-03
  5.85295632e-02  2.56944615e-02  2.85661649e-02 -7.34536722e-03
 -2.41174791e-02 -6.19111070e-03 -8.90880972e-02 -1.47766629e-02
  9.95044708e-02 -1.49936080e-02  9.48781967e-02 -3.69969802e-03
  9.72930714e-03 -5.47140762e-02  4.78318334e-02  5.93242869e-02
 -7.11062970e-03 -3.53472717e-02 -6.81848004e-02 -3.98528621e-33
 -2.22955607e-02 -3.13192904e-02  2.11744439e-02 -3.29495445e-02
 -1.91293526e-02 -3.02094314e-02 -1.23794325e-01 -1.20869819e-02
  2.42522713e-02 -4.67587747e-02 -1.43984184e-01  6.58497885e-02
  1.01144291e-01 -8.81531015e-02  8.01469013e-02 -9.02747083e-03
  6.81325197e-02  7.59378746e-02 -5.84316105e-02 -2.82306019e-02
  4.17480022e-02 -4.40790430e-02  1.37524148e-02 -1.20543931e-02
  7.44243385e-03  9.55895893e-03  2.70716641e-02 -7.20789656e-02
  7.02136829e-02  1.28926998e-02 -7.92779215e-03  3.35502252e-02
 -1.99540257e-02  4.09464873e-02  3.43361199e-02  1.07377060e-01
  3.23551856e-02 -9.13392082e-02 -4.20647226e-02 -9.94099304e-03
 -2.80728620e-02  6.70811674e-03  7.55967572e-02 -5.92757575e-02
  4.74006012e-02  1.27740754e-02  4.94572371e-02 -4.91078459e-02
 -5.40003404e-02  7.18455948e-03 -2.40131915e-02  3.10695870e-03
  2.28309091e-02  2.12299116e-02  5.54361641e-02  4.11759540e-02
 -3.44313756e-02 -6.05100356e-02  1.84069425e-02  1.36785150e-01
 -7.65986070e-02 -4.68390211e-02  8.01391620e-03  1.41147478e-02
  1.54730836e-02  3.34836133e-02 -2.56152172e-02  4.26506326e-02
  6.44845441e-02  4.81171813e-03  2.35858820e-02 -1.12988129e-02
  1.47384387e-02  3.81366797e-02 -4.67945542e-03 -5.11911958e-02
 -6.11364543e-02 -2.69266088e-02  8.91475473e-03 -2.86281481e-02
 -9.82795507e-02 -6.43858861e-04 -1.01503812e-01 -2.91868914e-02
 -1.36342430e-02 -8.29856396e-02  5.32264784e-02 -1.59067642e-02
 -9.86423865e-02 -2.16054898e-02  1.83125399e-02  4.91297208e-02
  3.46338861e-02  8.32804814e-02 -1.11244041e-02  1.69193420e-33
 -2.60586478e-03  2.59547960e-02  7.94808567e-02 -2.60821152e-02
 -4.72508222e-02 -4.13822802e-03  5.05093634e-02 -3.53961587e-02
 -5.42645622e-03  5.38588800e-02 -1.99239571e-02 -1.22646997e-02
  2.48428900e-03 -4.77912724e-02 -4.13084067e-02  4.50699814e-02
  9.36627984e-02 -7.48975500e-02  5.25824465e-02  6.23529637e-03
  1.09933428e-01 -6.80929571e-02  4.73302929e-03 -1.97573993e-02
  1.13032479e-02 -6.78389566e-03 -5.93067408e-02 -1.39621407e-01
 -7.08164349e-02  5.26030082e-03  3.05539761e-02 -2.90030874e-02
 -8.82580131e-02 -6.46767169e-02  5.80441440e-03  8.91923308e-02
 -5.32304570e-02  2.92861518e-02  1.82247628e-02 -1.26445830e-01
  1.84731353e-02  2.64006108e-02 -5.84896915e-02 -5.88511638e-02
  6.46263435e-02  3.10883485e-02 -2.38533709e-02 -1.60145629e-02
 -3.75335738e-02  1.77153591e-02 -3.14868987e-04  1.17970724e-02
  3.59579362e-02 -2.32056286e-02 -2.06720009e-02  5.68879284e-02
 -3.10421120e-02  1.08041674e-01 -8.72186795e-02  5.39291371e-03
  6.21699989e-02 -1.05445199e-01 -2.83355918e-02  8.09521899e-02
  5.47636114e-03 -3.65276225e-02  6.20975494e-02  2.50132428e-03
  2.11869199e-02  4.49503865e-03 -3.21057290e-02  1.06766842e-01
  3.25325765e-02  4.61903699e-02 -6.14105612e-02  2.52597965e-02
  4.06893529e-02 -1.17764398e-02  1.29057290e-02  1.90406498e-02
 -7.73630962e-02  6.57431334e-02  7.53732305e-03 -6.72513321e-02
 -3.18723207e-04  4.50932747e-03  4.78180200e-02  2.58715078e-02
  1.82897300e-02  3.64082819e-03 -1.38901332e-02 -4.25153226e-02
  9.79622733e-03  8.47478304e-03 -7.04499260e-02 -2.15910845e-08
  5.23797721e-02 -3.81631218e-02 -1.86880808e-02 -4.07925062e-02
  2.33752243e-02  1.38254873e-02 -3.02192867e-02  1.53220505e-01
 -4.02409472e-02  7.62148052e-02  3.76771837e-02 -3.29003520e-02
 -1.21105641e-01  1.23193428e-01 -1.51598193e-02  3.67301553e-02
  1.55370478e-02 -8.52764472e-02 -1.80926677e-02  4.79947142e-02
 -5.79179972e-02  3.94857116e-02 -8.32631364e-02  1.06027007e-01
 -1.09694926e-02 -2.67256461e-02  2.39117593e-02  6.85662031e-02
 -1.97957419e-02 -1.21572636e-01 -1.06246173e-02  3.29535524e-03
 -4.70070392e-02  1.24428362e-01 -5.93649559e-02  8.39880109e-02
 -4.58915085e-02  1.08643085e-01 -2.42098924e-02  8.01607370e-02
  3.58220972e-02  2.62037851e-02  2.82303169e-02  1.90579072e-02
  1.37600437e-01  2.52166204e-02 -6.74172211e-03  2.15215683e-02
 -7.02643767e-02 -3.11611202e-02 -2.18487568e-02  1.80415213e-02
 -3.78068611e-02 -6.11030795e-02  5.33655547e-02 -6.82922229e-02
 -2.31089257e-02 -4.50054593e-02  4.01490442e-02  2.86851469e-02
  3.51256691e-03  1.29900202e-02 -6.92459941e-02 -1.09485835e-02]"
90,"In supervised cluster evaluation, if all examples with a supervised class label are evenly split into two pure clusters, then:","The entropy of the two clusters is 0, the recall of each one is 0.5.",hard,20,13.450000000000005,"['A. The entropy of the two clusters is 1, the recall of each one is 0.5.', 'B. The entropy of the two clusters is 0, the recall of each one is 1.', 'C. The entropy of the two clusters is 0, the recall of each one is 0.5.', 'D. The entropy of the two clusters is 1, the recall of each one is 1.']",4,70.0,"[ 4.98858606e-03 -1.92855094e-02 -1.36218183e-02  7.74606771e-04
  1.37494221e-01  3.80762145e-02  1.77378412e-02 -4.45048995e-02
 -5.54530062e-02 -1.98558699e-02  4.64684181e-02 -1.01997696e-01
  3.30596007e-02 -1.14340847e-02  4.78888862e-03  8.62564147e-03
  2.77889967e-02 -4.98294607e-02 -4.19932678e-02 -5.61443418e-02
  4.54496928e-02 -1.90824009e-02  2.51685809e-02  5.41288815e-02
  3.70713975e-03  9.84420404e-02 -2.03254893e-02  6.55369014e-02
  1.13099791e-01 -5.26912734e-02 -1.67711489e-02  6.95421323e-02
  1.42673515e-02  7.38795474e-02  2.65115127e-03 -1.58443954e-02
  4.15610941e-03  6.93017617e-02 -1.38280271e-02  4.91087921e-02
  7.74686635e-02  2.35080197e-02  3.68937068e-02  1.68474801e-02
 -1.11826425e-02  3.51027064e-02 -8.70338231e-02 -6.16963021e-02
 -8.22593197e-02 -4.77599390e-02 -3.37012322e-03  9.45972465e-03
 -8.85310695e-02  4.80655655e-02 -7.98340216e-02  6.24843687e-02
  2.69299783e-02  7.38341501e-03  3.69618200e-02  5.17278351e-02
 -1.05278771e-02 -5.24992077e-03 -1.30709903e-02  2.30123643e-02
  8.87716264e-02  6.91265101e-03  8.31983518e-03 -5.66006638e-03
 -6.70999475e-03 -1.90034658e-02  5.84935397e-02  3.59697826e-02
  7.87307799e-04  2.68207095e-03 -8.39431677e-03  2.37947367e-02
  2.28645205e-02  1.82589274e-02  1.25425952e-02  4.83681187e-02
 -1.04137965e-01 -2.61168107e-02  2.94908006e-02 -9.79091879e-03
  8.85687470e-02 -1.76015515e-02 -3.49373966e-02 -1.07657045e-01
 -2.86746398e-02  3.17800492e-02 -4.18317132e-02  7.18298107e-02
 -1.58908069e-02 -2.37640534e-02 -3.64132412e-02 -2.62533128e-02
 -6.58992231e-02 -3.91704068e-02  1.13258660e-01  4.02336046e-02
 -9.78365019e-02  2.26322711e-02  1.98956095e-02 -9.10803676e-02
 -3.21490169e-02 -6.05987348e-02 -4.10273019e-03 -6.10395782e-02
  1.41781852e-01 -2.55671944e-02  3.07420492e-02  2.79277917e-02
 -4.95105945e-02  5.12677804e-02 -6.69815168e-02 -1.64009202e-02
  6.17711134e-02 -1.72472931e-02 -1.10963620e-02  5.25945202e-02
 -6.85575753e-02 -8.51403177e-02  7.01615512e-02  7.98374414e-03
  5.16166799e-02 -3.51001583e-02 -6.48094341e-02 -3.40468209e-34
 -5.46056442e-02 -5.98045439e-02  3.07825319e-02 -4.02689874e-02
 -1.78048224e-03 -6.73661456e-02 -1.18889108e-01  2.84299366e-02
 -2.96414755e-02 -1.54120978e-02 -8.56777467e-03  2.08176523e-02
  7.34981894e-02  4.58231270e-02 -8.84361845e-03  2.63017695e-02
  2.12447494e-02  1.17190056e-01 -6.75092861e-02 -7.53116235e-02
 -1.70974005e-02  8.22305530e-02  4.14926931e-02 -4.98857610e-02
 -5.98704405e-02 -3.76775675e-02 -2.94105336e-03  6.58701407e-03
  8.76210108e-02  2.67632604e-02 -6.81431685e-03 -5.71530759e-02
 -8.66217166e-03  5.94957136e-02  4.39870544e-02  1.21458761e-01
 -8.57639592e-03  3.38981152e-02  2.07813308e-02 -5.46860844e-02
 -4.84467372e-02  6.65263133e-03  1.10565051e-01 -1.01325922e-01
  4.65658568e-02  2.07580533e-02 -3.17239761e-02 -4.97677475e-02
  5.61044998e-02  1.05745587e-02 -5.27674742e-02 -6.92100450e-02
  4.48839776e-02  1.27421860e-02 -2.77434085e-02  5.04208915e-02
  6.86415732e-02  6.06076792e-02  6.53338945e-03  4.72583212e-02
 -3.35494019e-02  2.67725326e-02 -1.22347347e-01 -1.46321524e-02
 -2.92080641e-02  4.34323065e-02 -1.85086404e-03  1.45598473e-02
  8.09881091e-02  3.31348702e-02  5.02584316e-03  1.68950148e-02
 -5.29631339e-02  2.96613621e-03  4.96093929e-02 -6.85413927e-02
  2.77035851e-02  2.94496473e-02 -1.72634460e-02  2.84171402e-02
 -6.26751333e-02 -3.34763266e-02 -4.17118073e-02 -2.27747355e-02
 -2.83531807e-02  9.89192817e-03  3.18029486e-02 -1.51430732e-02
 -3.72719541e-02  1.07623851e-02  4.22374494e-02 -4.22192961e-02
 -1.52589111e-02  1.82782356e-02 -8.29129107e-03 -2.58435702e-33
 -2.34672632e-02  6.65894002e-02 -1.32482303e-02  5.12016118e-02
  4.87980759e-03  3.86936171e-03 -2.71999892e-02  6.06075935e-02
 -2.22134441e-02  4.96108606e-02  7.63686672e-02  7.40812253e-03
 -5.86387850e-02 -1.52220838e-02 -1.34408250e-01 -1.79984216e-02
 -1.85478560e-03 -1.02550713e-02  7.11958334e-02  1.07558578e-01
  3.54424268e-02  4.34794240e-02  1.10889459e-02  5.63523471e-02
  2.89279548e-03  2.87567545e-02 -1.63155887e-02  2.01241057e-02
  3.26114744e-02  5.69435395e-02 -1.70883462e-02 -1.04697444e-01
 -5.01654781e-02  9.89001337e-03 -5.72475605e-02 -5.10948822e-02
  2.48268130e-03 -3.75694558e-02 -1.66257087e-03  5.60136847e-02
 -8.08507800e-02  1.00245560e-02 -1.30211651e-01  8.75465646e-02
 -1.24976197e-02 -6.98499158e-02  6.88163117e-02 -1.78632904e-02
 -1.20690107e-01 -4.42604162e-02 -7.74671435e-02  4.46544737e-02
 -1.60802137e-02  5.42595200e-02 -6.62162825e-02 -4.03265245e-02
 -5.33365905e-02  6.53459057e-02 -1.19263053e-01  4.40369248e-02
 -3.13943997e-02  6.02147076e-03 -7.28953183e-02  1.54955136e-02
  2.42845602e-02 -8.92542824e-02  2.40849163e-02 -6.48867898e-03
 -4.78812978e-02  5.55312186e-02  4.68989182e-03  1.17899418e-01
 -2.23586522e-02  2.42006243e-03 -7.12979957e-02  6.11680234e-03
  6.75626025e-02 -2.77249832e-02 -4.24772385e-04  1.22519191e-02
 -1.11053791e-02 -4.72691655e-02 -6.49269484e-03  2.43197680e-02
 -3.98878939e-02 -7.21665751e-03  8.08952525e-02  1.34741981e-02
  6.32850919e-03  1.26185818e-02  1.76585093e-02  2.42333002e-02
  7.02718645e-02  5.46773933e-02 -6.95970654e-02 -2.57205510e-08
 -5.75348362e-02 -4.04695719e-02 -1.53136568e-03  4.74880263e-02
 -1.38470745e-02 -1.57398190e-02 -8.47491100e-02  8.42803940e-02
 -6.18680455e-02  1.37433922e-02 -1.72400791e-02  8.87245964e-03
 -1.35867208e-01  2.86898594e-02 -1.68676805e-02  4.25529145e-02
 -1.26171913e-02  1.22698717e-01  5.27291450e-05  9.29129273e-02
 -6.06588237e-02 -5.31745329e-02  1.57980528e-02  2.79909708e-02
 -8.03428665e-02 -4.16924544e-02 -8.49164650e-03  7.84270372e-03
  2.05351878e-03 -8.58550295e-02 -6.85055256e-02  1.05029829e-02
 -2.76551954e-02  4.99067791e-02  5.43361623e-03  6.12134449e-02
 -1.00111999e-01  5.81893362e-02  3.82570922e-02  9.12950337e-02
  5.89508144e-03 -3.03273518e-02 -4.64601666e-02 -2.34018713e-02
  7.75026083e-02  7.96104744e-02  1.57224806e-03 -2.58826390e-02
  3.62820039e-03 -1.92997120e-02 -2.75440589e-02 -3.24871689e-02
 -6.61192685e-02 -1.27822179e-02 -1.50153246e-02 -3.46992686e-02
 -4.17868905e-02 -6.47025928e-02  4.22060117e-02  4.90746200e-02
  7.43302405e-02 -1.66080575e-02  8.35877564e-03 -5.03003877e-03]"
91,What is the main purpose of cross-validation in classification?,Model evaluation,easy,9,11.520000000000003,"['A. Feature selection', 'B. Model evaluation', 'C. Hyperparameter tuning', 'D. All of the above']",4,20.5,"[-8.12020004e-02  1.49240270e-02 -3.27631123e-02 -5.79199158e-02
  1.36970028e-01  8.33111852e-02 -1.14144469e-02 -4.04815041e-02
  1.92500073e-02 -7.54191587e-03 -7.31015801e-02 -6.63135648e-02
  1.51415737e-02 -6.64956868e-02 -6.81433678e-02 -3.32705379e-02
 -3.89392744e-03  7.85879716e-02 -4.36474942e-02 -8.82149115e-03
 -1.15715712e-02 -2.79419422e-02 -8.26972444e-03  3.68593335e-02
 -6.73566833e-02  5.30096143e-02 -6.90023229e-02  5.44359162e-02
 -1.06023978e-02 -5.10595143e-02  4.82059941e-02  4.36764024e-02
  1.15004648e-02 -3.86672816e-03 -9.38110724e-02  2.46872306e-02
  5.06369909e-03  4.52918522e-02  1.65523533e-02  4.82265204e-02
 -5.06623313e-02 -4.72087264e-02  8.78481846e-03  4.42985855e-02
  6.47810325e-02  1.16478525e-01 -2.88731302e-03 -8.27148110e-02
  2.76276618e-02  2.42859740e-02 -9.14597511e-03  3.09507269e-02
 -8.05910304e-02  6.06053770e-02 -3.40174921e-02  1.24985538e-02
  1.64042320e-02 -4.50811349e-02 -3.38619649e-02  2.00803597e-02
  2.17199381e-02 -6.73145205e-02 -2.21650228e-02  8.91066343e-02
  4.31064218e-02 -1.02587335e-01 -3.00534908e-02  1.21162087e-02
  2.99902516e-03 -3.88710722e-02  1.96959935e-02  1.68109629e-02
  2.47565676e-02  2.52042525e-02  1.31099280e-02 -4.29767445e-02
  3.52588482e-02  8.51021428e-03 -4.95259725e-02 -1.99388284e-02
  1.21366987e-02  1.45229429e-01  4.08351868e-02  8.47706106e-03
  1.44712105e-01  3.77216972e-02 -7.71147609e-02 -5.30456640e-02
 -1.08834915e-01 -6.57019839e-02  1.33449420e-01 -7.09513277e-02
 -5.60623407e-03  1.71967819e-02 -6.76491410e-02  2.01143380e-02
 -2.97356863e-02 -1.00997472e-02  3.96086425e-02  8.98267515e-03
 -7.37373810e-03 -1.81028042e-02  6.57955557e-02  5.23245335e-02
  6.56773821e-02 -9.63554159e-02  4.91111204e-02 -2.09753457e-02
  9.77412388e-02 -3.74505781e-02 -2.66719442e-02  1.77014321e-02
 -6.70706704e-02 -8.37712642e-03 -3.63696776e-02  2.11324729e-02
 -4.30578217e-02  1.42716076e-02  4.44859788e-02 -2.57975049e-03
 -6.17641471e-02  6.75903726e-03  6.24661669e-02 -3.47868130e-02
  5.59013225e-02 -3.40634286e-02 -7.51330480e-02 -6.55053264e-33
  2.54152790e-02 -5.31822033e-02 -2.08614357e-02  2.46077422e-02
 -1.02245577e-01 -4.52164784e-02 -6.00675270e-02 -6.89388812e-02
  2.27015577e-02  2.86264736e-02 -2.74570882e-02  6.30029142e-02
  6.90709278e-02  6.32726178e-02  6.64161146e-02  6.45977631e-02
 -1.12058654e-01  3.21868099e-02 -1.89266223e-02 -2.56399121e-02
  4.42861021e-02 -7.19437972e-02  8.23707804e-02  6.05051368e-02
 -9.53601822e-02  9.84916836e-02  7.58430036e-03 -2.74188537e-02
  4.62205745e-02  4.81123365e-02  1.48750062e-03 -1.28597207e-03
  4.52955142e-02 -1.64662004e-02  7.22888708e-02  1.29078180e-01
 -5.77306636e-02 -6.23526424e-02  3.02569214e-02  8.13860744e-02
 -2.77436934e-02 -5.33851981e-02  2.98817493e-02  4.04255353e-02
  2.52325665e-02 -6.60433024e-02 -2.85066962e-02 -3.48639525e-02
 -5.92632927e-02  2.35336255e-02 -1.06136054e-02 -9.12886783e-02
  7.79379811e-03 -3.06788608e-02  7.88907427e-03  5.66509962e-02
  1.58269878e-03 -5.10564148e-02 -7.33274966e-02 -3.35163958e-02
 -5.22411801e-02 -2.75728456e-03 -7.38007873e-02  1.05232976e-01
 -3.99043374e-02 -1.30412001e-02  4.04370092e-02 -4.06524055e-02
  2.98354328e-02  1.94463937e-04 -4.56824861e-02 -4.95605767e-02
 -7.56143332e-02  3.61960866e-02  2.83100568e-02 -2.14521475e-02
 -3.27669717e-02  4.54427749e-02  2.79300902e-02  4.04599356e-03
  1.05216680e-02 -3.18511426e-02 -3.90473567e-02  2.03039474e-03
 -4.65687588e-02 -1.12733934e-02  3.47134359e-02 -9.25099701e-02
 -8.38001911e-03  2.18782816e-02 -7.66461669e-03  1.03329811e-02
  9.30251117e-05  2.23658746e-03 -5.53305484e-02  2.27974236e-33
  3.91534083e-02 -2.01581046e-02 -3.36343534e-02  2.67198086e-02
 -4.90915291e-02 -1.69310886e-02 -4.01826389e-02 -6.05932996e-02
 -7.86216930e-02  6.98320791e-02 -1.93369295e-02  1.06342149e-03
  2.60080285e-02 -3.20372209e-02 -2.72259545e-02 -1.19464146e-02
 -3.13545950e-02  5.00130728e-02 -1.67531502e-02 -8.70237872e-02
  1.18598834e-01  1.15551189e-01 -1.70966908e-02  3.21675767e-03
 -5.31176031e-02 -2.58657485e-02 -3.44036818e-02 -5.44136912e-02
  2.86956094e-02 -8.11034534e-03  6.01167371e-03 -6.63687512e-02
 -7.05414712e-02  5.79626113e-02 -2.14212369e-02  7.33431876e-02
  1.66670028e-02  2.65497416e-02  2.40842178e-02  1.03004254e-01
 -4.06805426e-02  3.80997546e-02 -2.12815180e-02 -6.03729486e-02
 -5.96005879e-02  3.62622105e-02 -6.03095517e-02  8.26191753e-02
  2.52941437e-02 -1.79534853e-02  7.75487423e-02 -1.45530226e-02
  6.10868409e-02  2.15562377e-02  7.15087056e-02  1.50130093e-02
 -5.49511313e-02  9.63617396e-03 -4.63473052e-02  7.54564404e-02
  3.69486287e-02  9.90815312e-02  2.07105681e-04  7.06764236e-02
  2.95391139e-02  4.78414893e-02 -3.60617675e-02  5.90786804e-03
  6.27355129e-02 -2.62748916e-02  2.62246616e-02  3.40922661e-02
 -1.63266622e-02 -7.48786191e-03 -1.20805025e-01 -2.70266947e-03
 -1.81223685e-03 -5.44411317e-02 -3.24979350e-02 -5.46777481e-03
 -9.68914554e-02 -1.30733624e-01  4.48175147e-02  9.73066539e-02
 -3.53529900e-02  9.20962915e-03 -3.82842403e-03  2.60409694e-02
  1.73891820e-02 -1.44180566e-01  5.42171532e-03 -2.62200031e-02
  1.73561238e-02  8.13416317e-02 -4.85877506e-02 -1.83528570e-08
 -3.56238559e-02  2.92511862e-02 -1.49891275e-04 -4.11967523e-02
 -3.37447152e-02 -7.70537509e-03  4.58757244e-02 -8.28944147e-03
 -1.60411652e-02  2.48835683e-02  4.55318950e-02 -6.91702822e-03
 -3.16025433e-03  4.38101776e-02  1.00602023e-01 -2.96364501e-02
  3.09584141e-02  7.39807189e-02 -1.97276697e-02  1.00066997e-01
  4.39480320e-02 -9.45092291e-02 -2.56163236e-02 -2.32742652e-02
  5.99755719e-02 -4.07992080e-02  3.70654166e-02  1.12876341e-01
 -4.22015190e-02 -4.67083938e-02 -2.41107251e-02  2.14760080e-02
 -3.43485624e-02  4.60680574e-02 -8.35478422e-04  7.64001086e-02
 -1.07088629e-02 -2.08460502e-02 -2.58353278e-02  1.51479233e-03
  2.15547457e-02  9.89903882e-02 -2.10734401e-02 -7.06494646e-03
  4.29859273e-02  1.30110411e-02 -1.59729421e-02  5.22032641e-02
 -8.83094296e-02  2.04918366e-02 -5.59636019e-02  1.06022442e-02
  3.14894058e-02  5.81309721e-02 -3.99240628e-02 -9.65713523e-03
 -6.25351211e-03 -5.13029993e-02  6.20573014e-03 -1.17977588e-02
  8.43793713e-03  2.63621677e-02  5.66205904e-02 -1.02364179e-02]"
92,"What does the term ""overfitting"" refer to in the context of classification models?",The model performs well on training data but poorly on unseen data,easy,13,9.44923076923077,"['A. The model performs well on training data but poorly on unseen data', 'B. The model performs poorly on both training and unseen data', 'C. The model is perfectly generalized to any data', 'D. The model has too many parameters']",4,53.75,"[-1.01854736e-02 -5.06729335e-02 -8.87638889e-03  5.14413528e-02
  1.01179853e-01 -6.30384460e-02 -1.76441167e-02  7.16744512e-02
 -8.57919306e-02 -1.57833081e-02 -6.90774471e-02  4.39872146e-02
  2.22273674e-02 -1.08014539e-01 -6.87757730e-02 -4.03701253e-02
 -1.70919159e-03  2.15588547e-02 -8.42326581e-02 -2.20240164e-03
  1.36697829e-01 -3.48212617e-03 -1.30709959e-02  4.75813858e-02
 -3.57851423e-02 -9.19287372e-03 -1.01965822e-01 -6.31061718e-02
 -4.05230597e-02  1.37333339e-02 -5.45604490e-02  8.94951746e-02
 -2.85727140e-02  1.80392824e-02 -5.74631095e-02  3.90581153e-02
 -1.15819303e-02  3.91742922e-02 -2.44944338e-02  4.46745604e-02
  1.03914819e-03  3.99791710e-02 -6.60631359e-02  4.86446880e-02
  2.20676344e-02  6.21899925e-02 -1.15415668e-02 -1.04986914e-01
 -3.42647620e-02  6.43094704e-02 -8.78086165e-02  1.29675753e-02
 -7.93090090e-02  4.94902991e-02 -2.98499055e-02 -8.46262649e-02
 -2.81291753e-02 -5.29625453e-03 -4.70159911e-02 -3.28108706e-02
 -1.74491312e-02 -2.02461183e-02 -3.86833325e-02  7.33885467e-02
  2.68614218e-02 -5.43800853e-02 -3.71261649e-02 -6.84333593e-03
 -2.67358404e-02  3.51641700e-02  2.36380491e-02  5.28058084e-03
  2.51829494e-02  1.07203107e-02  1.11210018e-01 -4.96139266e-02
  8.99465568e-03  7.10130408e-02  5.67385368e-03 -1.18351663e-02
 -1.99147128e-02  3.67925689e-02  4.17392403e-02 -1.22718804e-01
  1.27072141e-01 -3.30070741e-02 -1.76099297e-02 -6.97841346e-02
  1.23777138e-02 -9.91098769e-03 -5.02971560e-02 -9.56046656e-02
 -9.18863434e-03  5.61715011e-03 -2.31301337e-02  1.14361234e-02
  1.49479397e-02 -1.79853896e-03 -4.56739701e-02 -3.76053452e-02
 -9.45516899e-02  5.81949838e-02  2.42486633e-02  3.11264116e-02
  2.91197263e-02 -3.78041863e-02 -3.04396711e-02 -1.16198035e-02
  2.71318723e-02 -1.05872773e-01  3.24703641e-02 -6.36023879e-02
  1.25534823e-02 -7.92185292e-02 -3.67040024e-03  3.31068411e-02
 -5.86338900e-02  4.24445644e-02 -1.63808335e-02  5.73948808e-02
 -6.43481538e-02  4.09949124e-02 -1.76578201e-02 -4.75848652e-02
  2.72223316e-02 -1.19507471e-02 -1.20313786e-01 -7.37436022e-33
 -1.12254126e-02 -2.72908341e-02 -2.31383815e-02  4.47118171e-02
  2.70162057e-02 -6.88890815e-02 -7.87504017e-03 -4.84180637e-02
  4.94576991e-02  1.47927739e-02 -4.54076100e-03 -2.99485419e-02
 -3.23460661e-02  5.62165156e-02  5.51952720e-02  2.14061141e-02
 -1.09833911e-01  9.67446491e-02  4.91728671e-02  1.83786526e-02
  5.42430915e-02 -5.80443703e-02 -2.06039585e-02 -9.14801657e-02
  4.62848600e-03  4.15714681e-02 -4.07183357e-02  4.26042490e-02
 -9.86479372e-02  4.67105135e-02  7.80602545e-02  6.03522435e-02
  7.47234821e-02  3.26267183e-02  1.50051499e-02 -9.47154313e-03
 -4.42379358e-04  2.46006828e-02  3.30568999e-02  4.96191233e-02
 -1.05523005e-01 -6.16044700e-02 -4.75082062e-02  4.19270666e-03
  1.55404601e-02  2.27811392e-02  2.96258908e-02 -8.73886123e-02
 -1.06077507e-01 -2.99235107e-04 -6.05935380e-02 -4.79193293e-02
  1.77557580e-02 -1.00729195e-02 -7.90286511e-02  3.30667868e-02
  4.25541252e-02 -6.58939332e-02 -8.14494044e-02 -4.95287729e-03
  3.26890498e-02  3.24654649e-03 -3.79104950e-02  9.25422180e-03
  2.58301198e-02 -8.63126665e-02 -2.36406783e-03  1.94471690e-03
  5.78642823e-02  4.29203101e-02 -1.96863674e-02 -5.07872831e-03
 -7.42400140e-02  9.17491242e-02  8.55659600e-04 -4.62833839e-03
  4.17867936e-02  5.91402091e-02  2.73560956e-02  2.72405744e-02
 -6.02960698e-02  2.12742407e-02  1.43797053e-02 -8.41288865e-02
 -1.39100209e-01  3.89522910e-02  3.61453020e-03 -5.48642548e-03
 -2.70847031e-05 -1.62752252e-02 -6.24803416e-02 -2.54270481e-03
 -7.55232871e-02 -6.20083548e-02 -6.97341412e-02  2.94811687e-33
 -4.88760434e-02 -3.47330198e-02 -3.13401185e-02  9.23182964e-02
 -3.79434414e-02  1.86800566e-02 -6.33538282e-03  1.19293425e-02
  2.50578634e-02 -2.74751876e-02 -1.64897274e-02  2.11210251e-02
  5.14115989e-02 -1.63690262e-02 -6.34016246e-02 -6.09897114e-02
 -2.83308830e-02  4.28511053e-02 -2.03191172e-02  2.29085237e-02
  4.96259965e-02 -1.33799361e-02  3.13472450e-02 -1.29084848e-02
  2.61917897e-02  4.02491074e-03 -6.24454804e-02  3.83802131e-02
  7.63390586e-02 -5.69221191e-02  1.39940567e-02 -6.32114662e-03
  1.12709077e-02  9.88305453e-03  7.49534182e-03  5.44479415e-02
  3.49671878e-02 -5.28026884e-03  2.53095236e-02  6.98879212e-02
  3.97571549e-02 -1.64358560e-02 -1.02392815e-01  3.83467302e-02
  6.10154010e-02 -5.06696515e-02 -5.51310964e-02 -1.76373217e-02
  4.16233763e-02 -5.80405854e-02  1.93688981e-02 -1.16393808e-02
  6.71042055e-02  1.28452048e-01 -9.43718851e-03  4.11345884e-02
 -1.75640117e-02  4.56670253e-03 -3.57505213e-03  4.80281040e-02
  3.49871367e-02  9.35071483e-02  4.45502736e-02  2.36427248e-03
  2.53738894e-04  1.66081619e-02  1.01790950e-02  7.00582713e-02
  9.09854919e-02  4.95580472e-02  3.39768566e-02 -8.51219404e-04
 -4.65121455e-02  2.10986752e-02 -2.60095149e-02  3.33015830e-03
 -3.88361178e-02 -2.30363309e-02 -3.36166732e-02 -9.20927385e-04
 -5.30683249e-02 -6.42404631e-02 -4.65219468e-02  1.21340759e-01
  9.43314433e-02 -1.59977973e-02  3.04075349e-02  1.08026497e-01
 -2.30897069e-02 -5.17634936e-02 -1.51725183e-03 -1.51823545e-02
 -5.27343005e-02  8.25419202e-02 -1.05851837e-01 -2.17856773e-08
 -6.51050219e-03  3.68281454e-02  1.46646947e-02 -6.20315224e-02
  7.77885914e-02 -1.42662115e-02  2.12853011e-02  7.59035945e-02
  1.58670228e-02  3.70432362e-02  2.26332620e-02  3.49372961e-02
  5.54808527e-02  2.96840966e-02  2.84126904e-02  4.01296690e-02
 -2.24212483e-02  1.01981997e-01  2.76769921e-02  1.11043863e-01
  2.20754966e-02 -9.58814695e-02 -1.44565497e-02 -2.32701376e-02
  1.32021859e-01 -4.54326533e-02 -2.97484007e-02  7.08470047e-02
 -3.82691436e-02 -1.09539013e-02 -9.91366245e-03  5.67148402e-02
  4.09474559e-02 -1.45701738e-02  2.79006199e-03  6.91643357e-02
  5.80365174e-02 -8.10514763e-02 -1.07786998e-01  2.77578514e-02
 -2.60862876e-02  1.32091297e-02  6.27736002e-02  4.25299034e-02
  8.29069316e-02  1.94989250e-03  4.56345491e-02  1.73123777e-02
 -5.89223392e-02 -3.87558565e-02 -5.75982360e-03  1.20222092e-01
 -8.22079182e-03  1.79268196e-02 -5.19133024e-02 -1.75324567e-02
 -1.43650929e-02  5.01312353e-02 -4.71831858e-02  6.72056079e-02
 -4.95075472e-02 -1.17358603e-02  3.17905881e-02  5.57496771e-02]"
93,"What does the term ""false positive"" represent in a confusion matrix?",Instances incorrectly identified as positive,easy,11,8.009090909090911,"['A. Instances correctly identified as positive', 'B. Instances incorrectly identified as positive', 'C. Instances correctly identified as negative', 'D. Instances incorrectly identified as negative']",4,46.0,"[-2.62618959e-02 -1.06344167e-02 -1.27659872e-01  4.10293788e-03
 -1.95176098e-02 -4.53852899e-02  8.46777707e-02  3.76137672e-03
  3.92012596e-02  2.61940695e-02  9.84031707e-02 -1.86166691e-03
  9.69003811e-02 -9.15862992e-03 -9.30115506e-02  1.32005168e-02
 -7.52576953e-03  1.27173215e-02  2.11251322e-02  3.55541632e-02
  8.52852538e-02  5.38123138e-02 -1.60930119e-02  3.88306640e-02
 -1.53482733e-02 -2.77409852e-02 -1.93143431e-02 -2.64961994e-03
  2.64338739e-02  7.25572463e-03 -5.52380159e-02  1.10099800e-01
  2.51600612e-02  1.97391082e-02 -5.19288816e-02  1.56236459e-02
 -1.71834528e-02  1.18193245e-02  3.29709239e-02  8.93775523e-02
 -1.55491624e-02 -2.11349659e-04 -2.92019472e-02 -4.34535891e-02
 -5.96209988e-02  4.76226248e-02 -7.96890333e-02  2.62420569e-02
 -6.92106457e-03  1.65487491e-02 -5.30432276e-02  6.67670593e-02
 -2.84233876e-02 -6.52961582e-02 -4.57155816e-02 -2.52759885e-02
 -9.58817359e-03  9.75105446e-03 -9.21432376e-02  4.46858332e-02
  1.15319211e-02 -2.61924621e-02 -9.04646143e-03  2.07687505e-02
  1.15489684e-01  6.65654466e-02 -1.42107323e-01 -7.66510963e-02
  1.73911955e-02  3.70542053e-04 -6.62728166e-03 -7.22369039e-03
  1.40665341e-02  8.20755772e-03 -9.17109847e-02 -4.46067518e-03
  8.17290321e-02  3.75216641e-02  3.55214439e-02  1.16671272e-01
  5.60210925e-03  3.38112973e-02 -7.68090039e-02 -2.50748824e-02
  7.41897747e-02 -3.27901840e-02  1.54640945e-02  4.95505370e-02
  7.77642336e-03  1.70038398e-02 -1.67956576e-02 -9.87725481e-02
  5.90624511e-02  1.60251521e-02 -2.47457559e-04  3.64398845e-02
  4.81010005e-02  2.62828334e-03 -2.38041133e-02  3.71126132e-03
  2.18014140e-02 -3.21182050e-02 -2.89425738e-02 -3.47591154e-02
 -3.95266451e-02 -7.04187825e-02  2.92824004e-02  1.90837532e-02
  2.88057290e-02 -1.08086534e-01  1.13821076e-02 -1.07185673e-02
 -9.91341658e-03 -2.31775418e-02 -1.01720005e-01  9.49125811e-02
  7.29433820e-03  7.43345618e-02  2.31697056e-02 -2.78478600e-02
 -4.49418500e-02 -3.44753414e-02  3.69039811e-02  4.29290682e-02
 -1.32099921e-02 -2.99115628e-02 -7.80648962e-02 -7.17022754e-33
 -4.27699052e-02 -2.71262927e-03  7.53143653e-02 -2.18380131e-02
 -2.01390870e-02 -1.31501155e-02 -1.11667246e-01 -6.79935962e-02
  4.77435142e-02  4.76062670e-02  8.59274715e-02  4.15831134e-02
  2.12406497e-02  3.28876749e-02 -8.02481696e-02  2.68373322e-02
 -7.79856741e-02 -2.79907677e-02 -4.00712788e-02 -1.28113225e-01
  3.20251770e-02 -7.80087151e-03  1.20846899e-02 -3.41862999e-02
  2.10319590e-02 -8.04229453e-02 -2.73555126e-02 -3.60895470e-02
  5.29354392e-03 -2.59592496e-02 -5.76965623e-02  3.26521099e-02
  1.03934728e-01  7.28695840e-03  5.06490730e-02  5.75841442e-02
 -2.55410131e-02 -1.72503423e-02  1.05734449e-02  3.86937615e-03
 -4.84381057e-02 -5.15303016e-02 -1.62878763e-02 -2.78993994e-02
  6.48103207e-02 -5.20891771e-02  1.73260402e-02 -3.83346230e-02
 -7.39969686e-02  4.94796187e-02  1.23423869e-02  3.86764092e-04
 -8.89713783e-03  5.93967885e-02 -2.75936946e-02 -2.86444034e-02
  4.78943288e-02  8.09087753e-02 -1.67813208e-02  5.66319562e-03
  2.25028172e-02 -4.50740717e-02 -6.08419180e-02 -3.85166481e-02
 -7.37118497e-02  4.02454771e-02 -2.64796452e-03 -3.29700597e-02
  9.72421616e-02  4.39330004e-02  1.40142553e-02 -2.20733299e-03
  2.57401750e-03 -8.17924831e-03 -2.03507822e-02 -1.42679801e-02
 -3.62630673e-02  9.02956799e-02 -6.44587167e-03 -5.18246293e-02
  2.35154033e-02 -4.87727597e-02 -5.71327694e-02  3.57936285e-02
 -1.43803224e-01  5.22468574e-02 -2.95606200e-02 -3.56990844e-02
 -9.78718996e-02 -7.71565409e-03  3.66097130e-02  1.72089264e-02
  1.30535485e-02  4.90586609e-02 -2.05063671e-02  2.82645413e-33
 -5.36555164e-02  5.93856955e-03 -5.65806590e-02 -5.19525772e-03
 -2.15640068e-02 -6.97211996e-02  9.02346522e-02  2.47302745e-02
 -3.64238396e-03 -1.70026328e-02  1.78450178e-02 -4.41777799e-03
 -8.97990316e-02  3.52237783e-02 -3.32165882e-02 -1.30693044e-03
  3.28734815e-02  6.85462654e-02 -2.28617936e-02  4.54988470e-03
  2.25185454e-02  9.64874700e-02 -4.16728817e-02  2.77999765e-03
 -2.33674198e-02  9.56121311e-02  3.45749147e-02  2.37389039e-02
  4.33966145e-03  4.14589932e-03 -9.33666341e-03  3.83037105e-02
 -3.96452704e-03  1.14371397e-01  4.55683321e-02 -4.84060049e-02
  4.42155711e-02 -7.14401230e-02 -4.50326391e-02  5.26182167e-02
 -5.42703420e-02  2.08282303e-02 -2.13911366e-02  2.99955979e-02
 -2.99571957e-02 -1.81215385e-03  1.31124090e-02  9.47546028e-03
  6.93735853e-02 -7.51558915e-02 -2.22655274e-02  3.71333212e-02
 -2.72999983e-02  1.33409634e-01 -2.32808441e-02  3.96098979e-02
 -1.17336385e-01 -2.09805947e-02 -3.75794098e-02  9.86833945e-02
 -4.75353971e-02  1.11969514e-02 -3.28321569e-02 -1.26084546e-02
 -2.22236831e-02 -1.70606490e-05  1.54812923e-02  7.13453889e-02
  7.61290193e-02  6.82731904e-03  6.84705451e-02  6.13346696e-02
 -3.50402668e-02 -1.21069029e-01  2.26451922e-02 -4.20583710e-02
 -5.68611398e-02  1.39576411e-02 -4.72806059e-02  1.36945732e-02
 -5.90630881e-02 -3.55655365e-02  4.77438085e-02  9.71513167e-02
 -3.44947167e-02  3.88226882e-02 -3.16540040e-02  4.40982245e-02
  1.39781414e-02  5.68709113e-02  4.50516790e-02 -4.47791768e-03
 -3.26802256e-03 -1.53595395e-02 -2.95285657e-02 -1.94753618e-08
  1.04475748e-02  2.72163227e-02 -1.69508215e-02 -1.18722953e-01
  2.96767764e-02 -6.97156638e-02  2.60021035e-02 -6.59844503e-02
 -3.00342459e-02 -3.54074255e-05 -3.68343368e-02 -1.85659751e-02
 -8.53305310e-02 -1.15647398e-01  4.36039874e-03  2.83955839e-02
 -1.10069245e-01  6.48349449e-02  4.82077003e-02 -7.95949809e-03
  8.48189145e-02 -8.60544667e-02 -3.09730545e-02  1.00093625e-01
  1.26184095e-02 -6.03700615e-03  4.15100604e-02  9.71328393e-02
  1.73628945e-02 -8.27979390e-03 -2.29980592e-02 -2.12457441e-02
  9.31254625e-02  2.31110882e-02 -5.00343228e-03  1.50683388e-01
  7.72984838e-03 -1.17204227e-02  2.14212872e-02 -2.31451672e-02
 -7.40142837e-02 -1.42382458e-02  1.14512602e-02 -3.75593867e-04
 -4.34253402e-02  8.88166130e-02 -4.58312454e-03  3.28783586e-04
 -2.32495018e-03 -9.43405181e-02 -3.42440116e-03  1.07045926e-01
 -5.01075163e-02  1.00514337e-01 -2.39559961e-03 -2.78052352e-02
 -4.74367589e-02  2.74963900e-02 -3.56192179e-02 -3.15418770e-03
  1.26498193e-01  6.33165091e-02  3.57560441e-02 -3.46735888e-03]"
94,What is the purpose of pruning in decision trees?,Reduce overfitting,easy,9,4.964444444444446,"['A. Increase model complexity', 'B. Reduce overfitting', 'C. Reduce the number of parameters', 'D. Reduce model interpretability']",4,28.75,"[-1.94645133e-02  1.06812879e-01 -1.07229976e-02 -2.15822812e-02
  8.07467923e-02 -2.62454152e-02  2.54133418e-02 -3.48029435e-02
  4.00996581e-02  9.75841656e-02  1.19772572e-02  5.22873960e-02
  8.62584263e-03 -3.89490835e-02 -3.95829603e-03  3.20992209e-02
 -8.53075236e-02  1.00837216e-01 -3.52246836e-02 -8.18264037e-02
 -2.62134448e-02 -9.21816379e-03 -9.04117227e-02  3.70930508e-02
 -1.72317978e-02 -3.08052427e-03 -3.89838815e-02  2.40340978e-02
 -1.43142405e-03 -2.71680206e-02  1.12870801e-02 -1.31704174e-02
  1.36101887e-01 -1.99230411e-03 -1.92952961e-01  2.83315983e-02
  2.49372944e-02 -2.89313532e-02 -7.84951895e-02  3.47029716e-02
 -2.21621506e-02  4.79297759e-03 -7.13095739e-02  2.10603885e-02
 -7.87289068e-03  5.93339577e-02 -2.79922541e-02 -4.87984642e-02
 -2.78641544e-02 -6.38858676e-02  1.33295236e-02  2.29593012e-02
 -6.58282340e-02  1.07645243e-02  4.15284559e-03  3.55079360e-02
 -3.96876112e-02 -1.43385669e-02 -2.16332674e-02 -1.84329916e-02
  5.32266684e-02 -5.38557768e-02 -7.90123865e-02  2.72209719e-02
  6.87613413e-02 -1.09345004e-01  9.68270674e-02 -4.70799915e-02
  7.98822045e-02 -4.21321802e-02  5.50915524e-02  5.63022979e-02
 -8.23853835e-02  4.03754972e-02  5.47129475e-02 -1.16615966e-02
  6.11546189e-02  5.14960755e-03 -3.32366824e-02  1.01208668e-02
 -6.01481535e-02  3.91891859e-02 -2.21127048e-02  6.42089099e-02
  9.02773514e-02 -5.49859628e-02 -6.87300265e-02 -6.07956983e-02
 -3.40262614e-02 -2.64990851e-02 -5.71208948e-04  3.08140181e-02
 -3.99956778e-02  2.77831573e-02 -1.17784947e-01  4.35575247e-02
 -8.93939734e-02  2.32591126e-02 -6.15946278e-02  1.28734056e-02
 -3.70984152e-02 -1.98871945e-03  4.00498472e-02 -5.10016568e-02
 -4.37450334e-02 -1.17470726e-01 -5.63980639e-02 -4.75034909e-03
  6.58920631e-02 -3.46496180e-02 -1.39433015e-02  1.91950314e-02
 -5.84930815e-02  5.72203137e-02 -6.76834676e-03 -6.69063861e-03
 -6.28311336e-02 -4.13949192e-02  2.72312239e-02 -3.40567380e-02
 -2.51829624e-03  8.59362911e-03 -6.73681647e-02  1.18746767e-02
  4.33282256e-02 -1.06420042e-02 -8.29806998e-02 -4.68619419e-33
 -4.15511522e-03 -6.58831513e-03  3.05664036e-02 -4.91066501e-02
  3.70208994e-02 -5.01920376e-03 -4.61242013e-02 -6.65442124e-02
  8.07017609e-02  2.05065142e-02 -5.42284101e-02  2.35903095e-02
  7.58336708e-02 -1.81646470e-03  1.07165679e-01 -2.00777370e-02
 -8.25506598e-02  1.06426820e-01 -4.98739444e-02 -2.15193462e-02
  5.68585284e-02  2.12502703e-02  3.93479802e-02 -5.72817177e-02
  3.17166261e-02  3.13790143e-02 -3.02050333e-03 -7.91775528e-03
  9.22207837e-04  1.36449151e-02 -1.90740097e-02  1.53781474e-02
 -7.27678761e-02  3.31945322e-03  7.05647543e-02  3.79544199e-02
 -6.15002252e-02 -2.52196603e-02 -4.59630378e-02  5.25695346e-02
 -2.72891223e-02 -3.68951969e-02  3.62428539e-02  5.56154214e-02
  6.85693920e-02  4.85745333e-02 -3.59192602e-02  3.36585268e-02
 -7.49910157e-03  5.77607788e-02  7.08113387e-02 -3.18472134e-03
  5.15744053e-02  2.78248303e-02 -3.73763368e-02  5.94611280e-02
  1.58284269e-02 -4.36996967e-02 -2.68165544e-02  5.83773032e-02
 -3.36403958e-02 -2.87617818e-02 -4.11849748e-03  9.32998881e-02
  2.39271522e-02  7.99790621e-02  1.46879917e-02 -2.42066178e-02
  7.00873584e-02 -1.46603584e-02 -2.62932125e-02  3.23267803e-02
  3.29509191e-03 -5.36687560e-02 -8.54448229e-03 -1.81022156e-02
  7.03140646e-02  9.21042170e-03  2.44721975e-02 -3.30144539e-02
 -9.19490531e-02 -1.69799905e-02 -4.37667295e-02  4.04833630e-03
  5.46728540e-03 -7.84905776e-02  2.14320999e-02 -4.45545875e-02
  3.30242217e-02  1.42907109e-02 -4.40870970e-03  3.66898663e-02
 -4.81377617e-02  2.60171510e-04  4.38486412e-02  2.56892053e-34
 -9.46170464e-03 -3.00700422e-02  1.74781010e-02  2.80055143e-02
 -2.26263013e-02  1.91424359e-02 -6.66058809e-02  1.71690229e-02
 -3.48214768e-02 -9.34449360e-02 -1.88487563e-02  5.67034446e-02
  3.99659500e-02  2.43812297e-02 -4.12591025e-02  4.86224107e-02
 -2.22576931e-02 -3.07357423e-02 -5.48142679e-02 -2.93130632e-02
  7.28491768e-02  1.24692686e-01 -5.92717603e-02  6.04326744e-03
 -1.90213732e-02 -4.03948613e-02 -3.07579078e-02 -8.42179060e-02
  1.74842831e-02 -2.72904187e-02  1.29421186e-02 -4.67889346e-02
 -1.32762745e-01 -5.14845736e-02  1.24438396e-02 -4.49531525e-02
 -1.55832442e-02  3.02922390e-02  7.96085373e-02  1.51021585e-01
 -5.50489724e-02  3.71300429e-02 -1.61745697e-02  3.62056307e-02
  5.86506911e-03  7.19439983e-02  5.47807105e-02 -3.27866673e-02
 -1.07805142e-02 -1.90105047e-02  9.33675840e-02  2.20948718e-02
  5.29394858e-02  3.42462794e-03  2.06573345e-02 -5.73385088e-03
 -5.61232232e-02  5.85700572e-02  5.40044680e-02  5.34565523e-02
 -4.39458564e-02  1.01976367e-02  2.44767405e-02  3.71376127e-02
 -4.07923013e-02 -4.82321866e-02  3.13026421e-02  8.27322975e-02
  2.67666783e-02 -7.73248821e-02  2.66407430e-02  4.27765027e-02
 -7.55982287e-03  2.87998049e-03 -8.04140270e-02 -1.73174199e-02
 -5.42861037e-02 -3.55599113e-02 -4.03711908e-02  7.83850923e-02
 -8.09186026e-02 -8.58212635e-02  1.09900804e-02 -1.22494176e-02
  2.36330857e-03  7.45413499e-03  3.56914587e-02  1.90436468e-02
  6.95409328e-02 -6.57820627e-02 -1.48331048e-02  1.24060698e-02
  5.96535057e-02  7.16459528e-02 -7.28802904e-02 -1.83176283e-08
 -7.58873373e-02  4.37398404e-02 -7.25325868e-02 -2.03508721e-03
  2.83286255e-02 -5.62745146e-03 -4.27531786e-02  1.72916114e-01
 -5.87880276e-02  1.02186957e-02  7.28736520e-02  1.04130870e-02
 -6.39111996e-02  5.38462326e-02  1.14253797e-01  1.95227433e-02
  1.96900759e-02 -1.64096821e-02 -3.22935730e-02  8.81253183e-02
 -6.06949348e-03 -6.35935739e-02 -9.54610780e-02  8.58779773e-02
  1.78524926e-02 -3.96228582e-02  7.64552951e-02  9.28542167e-02
 -1.08359912e-02  6.38568848e-02 -1.32698761e-02  5.84400035e-02
  3.75443250e-02  1.12176530e-01 -1.42120384e-02  7.00848475e-02
  5.87643590e-03 -6.28185738e-03 -5.87232076e-02 -7.29541853e-02
 -5.05205989e-02 -3.98184061e-02  5.69458194e-02  3.25076506e-02
 -4.11042124e-02 -3.90434219e-03 -3.08738481e-02  8.30677673e-02
  8.03143252e-03 -1.85591746e-02 -1.12364022e-02  2.05713268e-02
 -4.87234183e-02 -4.62176390e-02 -9.64556169e-03  1.53375575e-02
 -3.49731045e-03 -6.71586245e-02 -5.82724921e-02 -2.83778869e-02
  6.52659833e-02 -3.52359787e-02 -4.63782018e-03  4.02209833e-02]"
95,What is the disadvantage of decision trees?,Prone to overfitting,easy,7,7.368571428571428,"['A. Prone to overfitting', 'B. Not robust to outliers', 'C. Sensitive to feature scaling', 'D. Suitable for linear relationships only']",4,30.0,"[-9.24236700e-03  7.66799599e-02  2.31260937e-02  5.67743741e-02
  9.02375057e-02 -1.66509710e-02 -1.25600621e-02  4.06625904e-02
  3.02941110e-02  1.26695812e-01 -5.29909879e-02  1.09170396e-02
  3.95233482e-02 -4.75428551e-02 -3.58510949e-02  4.69694380e-03
 -7.53412442e-03  3.35760899e-02  9.99034662e-03 -4.43344153e-02
 -2.19273902e-02 -5.31354994e-02 -8.80704969e-02  5.41779138e-02
 -1.09860962e-02 -3.33395563e-02 -4.35031578e-02  2.76806988e-02
 -1.65220220e-02 -4.08213586e-02 -3.91137414e-02  3.28723267e-02
  1.05845138e-01 -1.56760719e-02 -1.74161986e-01 -2.61076503e-02
  3.30424607e-02 -2.00430471e-02 -6.46099597e-02  1.92162041e-02
 -1.48731377e-02  1.70166735e-02 -2.81423703e-02 -2.33057737e-02
 -1.63993295e-02 -1.30488994e-02 -5.72591387e-02 -9.33947265e-02
 -3.74161638e-02 -3.06680147e-02 -4.81581688e-03 -5.00452109e-02
 -4.74147536e-02 -3.57509889e-02  2.77526397e-02 -3.29637267e-02
 -2.12934967e-02 -5.23972732e-04 -5.32069542e-02  3.16304080e-02
  5.05491644e-02 -8.27224776e-02 -6.70238361e-02  6.76385174e-03
  1.09391958e-01 -1.35176477e-03 -2.98963534e-03 -3.86630520e-02
  1.00556865e-01  1.23069354e-03  2.18078680e-03  2.49645878e-02
 -1.10891543e-01  1.49230156e-02  4.69823405e-02 -3.28243747e-02
  7.99646005e-02 -1.68568827e-02  3.71453632e-03 -3.31013948e-02
 -6.25391677e-02  7.91086480e-02 -8.00987333e-02  4.78355363e-02
  1.01948604e-01 -5.65273426e-02 -3.65565121e-02 -1.44284302e-02
 -2.91428547e-02 -3.02072745e-02  5.70591129e-02 -2.96470523e-02
  4.26109731e-02 -2.23286869e-03 -8.50810483e-02  4.22282219e-02
  9.10038303e-04 -2.15519462e-02 -8.11331943e-02 -6.64774934e-03
 -3.35170329e-02 -9.12702736e-03  1.88848879e-02  1.92363486e-02
 -3.64487804e-02 -6.84959367e-02 -1.99132860e-02 -1.01541869e-01
  5.24466932e-02 -1.36473868e-02 -2.55613029e-02  1.70410331e-02
 -1.80060491e-02 -1.89362059e-03 -5.33540174e-02  2.36808620e-02
  4.99780104e-03 -4.47468311e-02 -9.64559522e-03  1.25016794e-02
 -2.20275708e-02 -3.51601206e-02  2.09842902e-02 -9.91201028e-03
 -1.25598926e-02 -2.53787693e-02 -1.42046615e-01 -4.95454008e-33
  2.03960040e-03 -5.88505119e-02  1.86745878e-02 -4.77944799e-02
  6.43374920e-02 -1.43277412e-02 -1.49863269e-02 -7.27896467e-02
  6.73582852e-02  2.49227732e-02 -3.50028910e-02  7.49793556e-03
  4.83115017e-02 -4.21488052e-03  2.19356000e-01 -6.69964182e-04
 -8.31353590e-02  4.98298444e-02  2.21644482e-03  5.27294073e-03
  5.78473955e-02 -1.64279751e-02  2.23152842e-02 -1.22543080e-02
  6.46379739e-02 -1.14070931e-02 -6.49192138e-03 -8.95447563e-03
  2.59710830e-02  2.54299287e-02 -2.75478084e-02 -3.48802917e-02
 -2.11019721e-02  1.11013791e-02  9.75597054e-02  6.95175603e-02
 -9.22706723e-02  1.05216354e-02 -6.39923811e-02 -1.66488849e-02
 -6.49831071e-02 -4.51458097e-02  7.19578341e-02  5.92257641e-02
  9.81465578e-02  3.72119062e-02  9.37305018e-03 -3.40045989e-02
 -5.44829108e-02  1.89749710e-02  6.75832294e-03  4.29506116e-02
 -1.19568324e-02 -5.99954510e-03  1.58651248e-02  8.18218589e-02
  1.46753266e-02 -4.28788476e-02 -2.19584368e-02  8.83681029e-02
 -2.82654688e-02  1.71247986e-03  1.72627643e-02  2.11440306e-03
  2.06337906e-02  9.01570693e-02 -1.35524468e-02 -4.79385629e-02
  7.14221448e-02 -2.76095178e-02 -6.99018536e-04 -9.89873987e-03
 -2.61021865e-04 -7.25474507e-02  3.00781596e-02  1.52431452e-03
  2.65804119e-02  1.38861663e-03 -1.81705225e-02 -4.96779904e-02
 -5.36173023e-02 -3.41601856e-02 -4.79921810e-02 -7.09936116e-03
  9.41110030e-02 -4.22289222e-02  3.88647877e-02 -5.81838898e-02
 -1.09198308e-02  6.07021116e-02 -5.24214245e-02  6.83722273e-02
  6.19536499e-03  2.81423274e-02  4.42605950e-02  1.18845078e-33
 -7.01702237e-02 -4.49212939e-02  2.13743709e-02  1.04690483e-02
 -6.52122051e-02  3.34131904e-02 -2.28317287e-02 -3.36425602e-02
 -4.53114416e-03 -7.31993392e-02 -2.48416308e-02  1.01624124e-01
  9.34829004e-03  3.10494341e-02  2.88563054e-02  7.07846601e-03
 -4.80723903e-02  1.82910524e-02 -1.64962020e-02 -4.24859636e-02
  5.49966134e-02  1.32581979e-01 -1.24459200e-01  2.67981123e-02
 -6.12912178e-02 -1.84937511e-02 -1.48558855e-01 -9.58285853e-02
 -3.46006476e-03 -4.10289988e-02 -2.40784194e-02  2.99061593e-02
 -9.89797264e-02 -6.85881302e-02 -6.73413230e-03 -5.46486583e-03
 -8.46712571e-03 -1.11454381e-02 -2.12448295e-02  9.19332504e-02
 -4.28032763e-02  4.74684164e-02  2.05202289e-02 -3.22707519e-02
 -1.92883634e-03  2.81574652e-02 -3.24262232e-02  1.57002918e-02
  8.20316151e-02  2.67626960e-02  7.17964396e-02  2.18820153e-03
  6.63697254e-03  5.01521006e-02  1.74822975e-02 -2.36101914e-02
  2.72831209e-02  5.26904240e-02  1.07700184e-01  9.50111896e-02
 -5.52790016e-02  4.45761681e-02  6.10504823e-04  1.67580433e-02
 -3.68705182e-03 -4.82860468e-02 -1.57981794e-02  5.18399701e-02
  3.40353400e-02 -7.86708817e-02  6.82209581e-02 -1.32721448e-02
 -4.65574712e-02  2.03821831e-03 -2.71977950e-02  2.06397753e-02
 -4.47875820e-02  5.90933263e-02 -3.28158326e-02  4.76030447e-02
 -5.65325432e-02 -2.73451898e-02  4.38533537e-02  2.03950163e-02
  2.70645367e-03 -1.20034441e-02  2.60165744e-02  1.57486356e-03
  5.78155778e-02 -4.89112325e-02 -1.91485938e-02  1.61946584e-02
 -1.01193665e-02  4.35936935e-02 -1.78598296e-02 -1.50190012e-08
 -5.90295866e-02 -2.46301666e-02  3.76375280e-02 -4.93333898e-02
  3.95247340e-03 -1.11147566e-02 -1.44770229e-02  1.59300193e-01
 -4.99989651e-02  5.07056639e-02  6.91315830e-02  2.96638515e-02
 -9.00883600e-02  6.23322837e-02  7.70285279e-02  9.05905366e-02
 -3.47351097e-03  3.01776733e-02 -2.69270409e-02  1.01394907e-01
  3.35509032e-02 -5.58888391e-02 -8.07349235e-02  9.87783074e-02
 -3.90037405e-03 -8.60179812e-02  7.63004497e-02  6.24362007e-02
 -2.01530438e-02  9.14492458e-02 -2.79651047e-03  8.11457336e-02
  3.03426739e-02  1.70911521e-01 -4.89155902e-03  1.94367077e-02
 -5.06174304e-02  6.67933607e-03 -8.70475546e-02  3.40338498e-02
 -1.26600256e-02 -4.73178085e-03  2.01660488e-02  2.36748029e-02
  9.33750998e-03 -1.24815991e-02  6.77656196e-03  3.33454236e-02
 -2.24900711e-02  1.11833056e-02 -1.89637300e-02 -8.06519389e-03
  9.44603607e-03 -3.45040560e-02  3.20912860e-02  4.20410419e-03
  3.05212811e-02 -7.29358494e-02 -2.13167183e-02  1.93901937e-02
  7.91955441e-02 -8.48361403e-02  3.57107595e-02  6.76989704e-02]"
96,Decision tree learners may create biased trees if some classes dominate. What’s the solution of it?,Balance the dataset prior to fitting,easy,16,6.705000000000002,"['A. Balance the dataset prior to fitting', 'B. Imbalance the dataset prior to fitting', 'C. Balance the dataset after fitting', 'D. None of the above']",4,34.0,"[-5.22340368e-03  3.32706794e-02  6.78111985e-02 -5.81395626e-03
  8.42904747e-02 -7.01872781e-02  1.44695928e-02 -5.30140549e-02
 -2.51783431e-02  1.56822920e-01 -8.28480273e-02  1.20489309e-02
  3.28793377e-02  2.64528207e-02  1.11001087e-02  4.09169868e-02
  5.54885808e-03  8.07901248e-02 -4.37502451e-02 -2.88946219e-02
 -7.12572597e-03 -3.19493450e-02 -4.80009317e-02  9.21361223e-02
 -2.28384361e-02 -8.48814994e-02  2.75412928e-02  2.01808326e-02
 -1.51472061e-03 -6.85451180e-02 -1.95586942e-02  2.70786118e-02
  5.38398623e-02  3.11381742e-02 -1.32757008e-01 -2.58741416e-02
 -6.42806217e-02 -5.28940000e-02  1.18370261e-02  9.30446461e-02
  1.35251256e-02  8.79396573e-02 -1.14784427e-02 -2.74179429e-02
  4.61100191e-02  9.21902806e-03 -2.52189506e-02 -2.39778850e-02
 -5.63784130e-02 -1.44699384e-02  1.41013591e-02 -8.79425779e-02
 -2.39229798e-02 -4.43017446e-02 -4.07329984e-02 -7.59936695e-04
 -3.50298285e-02  3.24196368e-02 -5.35326917e-03  6.46758899e-02
 -9.56868287e-04 -2.69041341e-02 -4.84233238e-02 -3.90662588e-02
  8.52883141e-03  3.59416716e-02 -6.99533755e-03  1.24118380e-01
 -2.61909305e-03  1.39196608e-02  7.92667344e-02  5.91417030e-02
 -6.33921325e-02  6.83042407e-02  7.99403191e-02 -1.32853107e-03
  4.20431308e-02 -3.10087530e-03  7.75872469e-02 -2.91700922e-02
 -8.00459236e-02  2.12470368e-02 -6.24373220e-02 -1.12805162e-02
  1.05945952e-01 -5.89372963e-02 -2.65788436e-02  2.32781004e-02
 -4.00427952e-02  7.45318364e-03  8.50917364e-04 -5.43748774e-02
  6.95012584e-02  5.10808714e-02 -4.52339500e-02  2.14984789e-02
 -3.99833396e-02 -6.19982481e-02  2.44819988e-02 -1.55245408e-03
 -7.72016272e-02  4.58286516e-02  6.15080353e-04  3.93637456e-03
 -1.09390253e-02 -5.88407889e-02 -1.64411180e-02 -4.46839184e-02
  4.15968522e-02 -2.28904337e-02  2.08370760e-02 -1.74446609e-02
 -4.23743613e-02  3.93740125e-02 -4.69095856e-02  3.85423511e-04
  6.30987585e-02  4.32469361e-02 -1.03983447e-01 -2.37060688e-03
 -2.85859872e-02 -2.34673209e-02 -4.93189916e-02  1.47333718e-03
  3.43230106e-02 -4.08241302e-02 -8.69377479e-02 -2.20455204e-33
  1.15513429e-02 -1.39067248e-02  7.69587755e-02  7.38396961e-03
  9.48996022e-02 -1.19725205e-02  1.86311752e-02 -4.34026914e-03
  1.11276135e-02  2.53332648e-02 -5.41299842e-02  1.15348073e-02
  4.91782092e-02 -3.97515073e-02  1.15838312e-01 -8.61678086e-03
 -1.27049685e-01  8.11637342e-02 -4.71826605e-02 -4.05442007e-02
  6.00844482e-03  2.31429692e-02  8.07376485e-03 -1.00598358e-01
 -3.99066024e-02 -6.92842901e-03 -2.12331768e-03  4.09121439e-02
  5.14300801e-02  1.76670663e-02 -4.11896184e-02 -1.08132221e-01
 -6.35657459e-03  6.94607943e-03  2.79274564e-02  6.18657880e-02
 -5.83070628e-02  4.87986729e-02  1.35936616e-02 -4.16502953e-02
 -3.17378752e-02 -5.53005226e-02  8.80457610e-02  3.80956866e-02
  6.01762161e-02  5.57949543e-02 -9.24539752e-03 -6.93339342e-03
 -2.48172339e-02  5.13613038e-02  4.96047141e-05 -1.85754374e-02
  2.57638246e-02 -1.91581491e-02 -1.94381122e-02  6.19365759e-02
  2.25725658e-02  6.47649169e-02  4.41495292e-02  2.62225457e-02
 -1.03118848e-02 -2.18138602e-02 -4.48842347e-02  2.37872414e-02
  1.94681957e-02  6.54413030e-02 -2.85132118e-02 -1.11866213e-01
  5.67295440e-02 -5.16768955e-02  3.15049514e-02  4.70917560e-02
 -1.13012426e-01 -2.74066627e-02 -3.90739813e-02  4.14633974e-02
  7.02284053e-02  1.01857089e-01  1.45183178e-02 -4.46193255e-02
 -4.29603048e-02 -9.74430218e-02  2.63624340e-02 -7.91030899e-02
 -4.50168960e-02 -5.41069880e-02  3.40439901e-02  1.73927797e-03
  1.45615023e-02  8.85509327e-02 -5.14597818e-02 -2.66769473e-02
  2.10779365e-02  5.29111661e-02  6.32207096e-02  4.35768934e-34
 -5.45599908e-02  5.74919116e-03  2.96975076e-02  9.24534351e-03
 -7.51175582e-02  4.24446352e-02 -4.58544903e-02 -7.90450126e-02
 -7.46750012e-02 -5.16927093e-02 -7.22083170e-03  6.50776476e-02
  6.39822185e-02  4.82204109e-02 -4.29195985e-02 -4.44820635e-02
  3.31442850e-03  5.32547124e-02 -2.64269244e-02  5.26955985e-02
  6.53019324e-02  1.14948414e-01 -5.86005487e-02  7.84278810e-02
  4.54957597e-02  1.06957834e-02 -6.50847182e-02  1.00487443e-02
  5.88490218e-02  5.20527251e-02 -4.46337946e-02 -6.73735365e-02
 -5.15232161e-02 -8.05347189e-02 -1.06678195e-02 -6.92725405e-02
  7.97788904e-04 -1.63606908e-02  1.53831933e-02  1.56351000e-01
 -5.56859262e-02 -4.19774652e-02 -6.71950206e-02 -4.55895178e-02
 -3.36750457e-03 -4.25232053e-02  4.41352278e-02  4.20429781e-02
  5.17845042e-02  2.01317575e-02  3.46198678e-02 -3.80795263e-03
  9.43924580e-03  9.96089354e-02 -1.01552065e-02 -4.36526611e-02
  7.10730255e-02  8.53707269e-02  6.04243800e-02  8.17565098e-02
 -3.23749371e-02 -3.01749725e-03 -5.57832653e-03 -3.49668376e-02
 -5.65682426e-02 -6.55611604e-02 -5.56813367e-02  1.25814602e-02
  6.32316917e-02 -1.33539494e-02  5.67186400e-02  8.06058198e-02
 -4.30504754e-02 -6.82655126e-02 -2.46476848e-02  2.15943903e-02
 -1.17696775e-02  7.58124888e-02 -5.58679625e-02  3.02668791e-02
 -3.85135263e-02 -2.24029366e-02  6.33947551e-02  4.60980609e-02
  3.04476172e-02 -1.08206784e-02  2.95417644e-02 -5.29804043e-02
  6.80118054e-02 -4.73716557e-02 -2.73578968e-02 -1.55929299e-02
  4.30560224e-02 -2.53214408e-02 -8.42945054e-02 -2.26704273e-08
 -8.50887224e-02 -1.22099454e-02  1.29330037e-02  8.90205726e-02
  8.98811594e-03 -1.70100923e-03 -5.10392599e-02  8.13894197e-02
 -8.01153854e-02  2.52734087e-02  6.38475362e-03  5.74804060e-02
  1.09854247e-02 -7.36328261e-03  1.24501094e-01  4.36968245e-02
 -2.94116884e-02  6.71343431e-02 -1.54801579e-02  5.67443743e-02
  5.71610071e-02 -1.11758053e-01  5.89994527e-02  4.47708070e-02
 -1.78269073e-02 -8.56715217e-02  5.31036872e-03 -1.97657440e-02
  3.27571072e-02  7.84555450e-02 -2.48474646e-02  2.28423364e-02
 -3.04404087e-02 -7.37921847e-03  8.66000429e-02  6.45229146e-02
 -6.75083846e-02  1.18170707e-02 -4.10341434e-02  3.71412225e-02
 -4.21120487e-02 -1.31741827e-02 -6.67118561e-03 -7.28480169e-04
 -5.72700836e-02 -4.07408848e-02  2.80811805e-02  5.00723645e-02
  2.41529197e-02 -2.90936325e-03  2.36962046e-02 -6.02086410e-02
  1.62871042e-03 -4.96316478e-02 -6.32129516e-03 -9.42342449e-03
 -2.04480044e-03 -4.68922891e-02 -6.00836091e-02  2.80437078e-02
  1.19374618e-01 -5.08593507e-02  5.19600883e-03  5.74834310e-02]"
97,Which of the following is a disadvantage of leave-one-out cross-validation (LOOCV)?,High computational cost,easy,11,12.3,"['A. High computational cost', 'B. Overestimation of model performance', 'C. Limited model generalization', 'D. Biased toward larger datasets']",4,31.75,"[-5.09871431e-02  4.26430553e-02 -2.26837061e-02 -1.26192253e-02
  1.67840675e-01  3.69308144e-02 -3.94465588e-02 -8.87516979e-03
  1.34733059e-02 -6.72579706e-02 -9.66008380e-03  1.37432641e-03
  4.78197355e-04 -5.68636693e-02 -3.35337687e-03  1.98200941e-02
  5.71188331e-02  3.28842290e-02 -5.60183600e-02  3.01029980e-02
 -1.31894732e-02 -9.12367851e-02 -4.07764129e-02  9.16939154e-02
  1.96171012e-02 -1.74659938e-02 -2.28936747e-02  5.51762134e-02
  8.62224028e-03 -9.03524682e-02  8.43639113e-03  6.34482428e-02
 -3.35103385e-02 -4.10460345e-02 -1.07461149e-02  1.40193589e-02
  1.61212962e-02  5.40895313e-02 -3.66247743e-02  2.04108581e-02
  3.27328732e-03 -2.30776500e-02  4.53016199e-02 -1.10687762e-02
  1.33640338e-02  1.99275576e-02 -2.55090110e-02 -1.03747539e-01
 -2.72054896e-02  4.54431586e-02  4.34699766e-02 -1.30001828e-02
 -9.75311846e-02  3.50083522e-02 -5.64272478e-02 -5.03304377e-02
 -5.89120463e-02 -2.25146487e-02 -4.96114716e-02  4.11889218e-02
 -1.64074488e-02 -2.33135223e-02 -9.69200395e-03  7.40713030e-02
  1.52234416e-02 -8.10483396e-02  2.04855874e-02 -4.74858806e-02
  1.09719653e-02  4.80447710e-02 -1.44190872e-02 -1.40365856e-02
 -5.93774319e-02  3.15593369e-02  5.07641397e-02 -2.63071787e-02
  6.95359409e-02 -6.40269518e-02  1.64589752e-02 -7.37791806e-02
  6.04416989e-02  1.24069728e-01 -3.83603089e-02 -1.74035821e-02
 -1.52308950e-02 -2.26551257e-02 -1.95243135e-02 -4.81989346e-02
  1.14000440e-02 -7.44978786e-02  1.51326716e-01  3.33563127e-02
  9.21935365e-02 -1.28311459e-02  6.33026361e-02 -1.07059479e-02
 -2.69518737e-02  5.29175699e-02  6.54632086e-03  3.13207023e-02
 -1.24654993e-02 -6.10099994e-02  2.44964771e-02  7.48529211e-02
  2.91891620e-02 -4.86261658e-02  7.50366673e-02 -8.82746503e-02
  5.32503724e-02 -2.91250832e-03  7.04286098e-02  1.03908747e-01
  1.51887545e-02  1.80078354e-02 -3.24496329e-02  5.11176139e-02
  2.46217195e-02  7.59337544e-02  2.85337791e-02  4.48919423e-02
 -7.88963810e-02 -8.29503462e-02  1.47948503e-01  1.29794264e-02
 -6.37303144e-02 -8.23037699e-02 -5.42972684e-02 -4.06175800e-33
 -1.23573868e-02 -6.19318374e-02 -5.15668765e-02 -4.93046269e-02
 -4.02852297e-02 -1.63012240e-02 -2.59589646e-02 -6.07570307e-03
 -3.75530273e-02 -7.58220628e-03 -2.54936591e-02 -3.58523279e-02
  3.03467140e-02  1.26750544e-02  1.40099227e-01  3.98355685e-02
  4.28896695e-02  1.25419779e-03 -2.30316240e-02 -1.72548220e-02
  9.03454274e-02 -3.36883292e-02  2.94892490e-02  1.07681543e-01
  1.49380940e-03  8.84585455e-03  2.27364562e-02 -4.78164479e-02
 -2.59356499e-02  5.09650707e-02 -7.65210902e-03 -2.11838912e-02
  1.36154033e-02  2.00524498e-02  4.53305840e-02  6.15348183e-02
 -7.48393610e-02 -2.44875252e-02  4.09957357e-02 -4.24357653e-02
 -1.24468237e-01  1.40725644e-02  1.39121208e-02  1.18278153e-02
  5.35210781e-02 -1.30916938e-01  3.49636078e-02  2.76140105e-02
 -9.99691635e-02 -7.18118041e-04 -8.81334022e-02 -1.45760849e-02
 -4.34565358e-02 -3.68326679e-02 -5.56200854e-02  1.31232908e-03
  2.90414467e-02 -4.16874513e-02 -1.64682996e-02 -3.21186967e-02
  4.16049128e-03  3.96019742e-02 -7.39017650e-02 -3.60795017e-03
 -1.14382776e-02 -7.08318651e-02 -7.28439465e-02 -9.27091762e-02
 -1.98069438e-02 -5.84569871e-02 -2.87915356e-02 -1.28940307e-02
 -1.05896696e-01 -4.34022397e-02  3.18870544e-02 -4.44212109e-02
 -9.10744537e-03  2.41475590e-02  6.51682019e-02 -3.65898423e-02
  7.25407377e-02  8.83963853e-02 -4.40240130e-02  1.03927813e-02
  3.33640128e-02  3.20170373e-02  3.54760326e-02 -1.00324683e-01
 -6.31254315e-02  9.18231532e-02  1.52567439e-02  2.44246572e-02
  3.31437364e-02 -4.82558534e-02  5.59759978e-03  1.48622168e-33
 -7.96011277e-03 -7.96912052e-03 -1.11448616e-02  3.26100923e-02
 -6.94477232e-03 -3.12771858e-03  9.80769396e-02 -4.37903479e-02
 -1.92357898e-02  5.22175021e-02  5.27780910e-04 -8.23267922e-02
 -5.05429097e-02 -6.14126734e-02 -2.47805938e-02 -2.93000247e-02
 -4.91390526e-02 -3.53497788e-02 -4.16305736e-02  2.78839236e-03
  1.30947426e-01  2.70757768e-02  3.53009477e-02  1.06193498e-02
 -1.16249189e-01 -5.21275289e-02 -8.63111317e-02 -1.65513549e-02
 -5.57766259e-02  1.38673205e-02 -8.35084245e-02  3.10803298e-02
  3.81137477e-03 -1.09382467e-02 -3.68053429e-02  2.57049836e-02
 -4.64036614e-02  2.11322084e-02 -6.54936135e-02  9.66651961e-02
  6.16722507e-03  2.61792112e-02  9.21653211e-03 -2.75090411e-02
 -2.38465723e-02  3.83105911e-02 -5.18174581e-02  3.28665674e-02
  6.31318688e-02  5.46806827e-02  2.24950239e-02  6.33535441e-03
 -6.55462733e-03  3.90435867e-02  4.88013439e-02 -4.41980585e-02
  2.61615627e-02  3.08679771e-02 -9.77562442e-02  1.69598889e-02
  3.04470938e-02  4.96525802e-02 -2.78362539e-02  2.11011246e-02
  9.98508483e-02  6.96887672e-02 -2.49870196e-02  8.39187726e-02
 -1.76909356e-03 -5.89217097e-02  5.55130243e-02 -3.98670696e-02
 -3.89969200e-02 -1.00183666e-01 -5.35497516e-02  3.06911655e-02
  8.11400416e-04 -4.36376370e-02 -2.24499237e-02 -4.55027586e-03
 -1.14109524e-01 -8.94381702e-02  1.81049220e-02  4.16078866e-02
  3.44141871e-02  9.70077049e-03  3.91181335e-02 -5.48784323e-02
  2.29067001e-02 -6.97384169e-03  6.64728060e-02  3.53285819e-02
  1.11738473e-01 -3.52413729e-02 -2.43786275e-02 -1.97532248e-08
 -2.40504686e-02 -8.58964622e-02  5.87743260e-02 -1.24161039e-02
 -4.87044035e-03 -7.19461814e-02  3.07584833e-02  1.53327072e-02
 -2.33629649e-03  4.24435437e-02  8.49394277e-02  3.83212641e-02
 -2.82466132e-02  6.67668600e-03  9.33463275e-02  7.34156147e-02
  3.29946703e-03  6.38938546e-02 -2.06444878e-02  5.04047051e-02
  3.02918125e-02 -4.28750739e-02 -9.63002145e-02  5.26726395e-02
 -8.12636316e-03  1.91980638e-04 -1.18252551e-02  8.40337723e-02
  6.11850321e-02 -5.53132780e-02  1.80713292e-02 -9.59522498e-04
  3.51554737e-03  6.12277873e-02 -2.43760413e-03  4.66070101e-02
 -2.56470572e-02  3.78611609e-02 -1.46783348e-02  7.32337385e-02
  2.94175874e-02  1.00578353e-01 -3.11900638e-02  3.39932702e-02
  6.41583055e-02 -1.81171019e-02 -1.18196737e-02 -2.77603325e-02
 -6.46477342e-02 -1.89820621e-02 -3.19087505e-02 -6.70790598e-02
 -5.88829047e-04  6.08059913e-02  9.72654447e-02 -2.72324868e-02
  6.35379702e-02 -3.48739736e-02  6.29119948e-02  6.77258009e-03
  2.83421408e-02  9.32551734e-03  1.53507870e-02  2.02869587e-02]"
98,What is the advantage of using cross-validation over a single train-test split?,It provides multiple evaluations and provides a robust estimation,easy,12,10.723333333333333,"['A. It guarantees a larger training set', 'B. It provides multiple evaluations and provides a robust estimation', 'C. It speeds up the training process', 'D. It simplifies the model evaluation process']",4,46.75,"[-1.31757662e-01 -1.05012152e-02  7.56919160e-02  3.34855393e-02
  1.41184494e-01  4.67952006e-02 -7.09579289e-02  2.66191680e-02
  1.58923380e-02 -5.44466004e-02 -1.34431738e-02 -4.32677381e-02
 -3.45105901e-02 -5.00739813e-02  1.44464895e-02  8.43629800e-03
  1.34077016e-02  2.50797067e-02 -1.14635145e-02  3.14441277e-03
 -4.88302782e-02 -1.47452921e-01 -5.19517586e-02  4.47629206e-02
  4.87939790e-02  4.71377261e-02 -9.73720551e-02  3.60938497e-02
 -1.52941765e-02 -3.57810073e-02  1.07658781e-01 -3.84750636e-03
 -1.73090342e-02 -1.21095413e-02 -4.45558950e-02 -3.22837867e-02
  7.19300434e-02  4.93493266e-02 -1.57751739e-02  3.46687697e-02
 -1.73817463e-02 -1.15221394e-02  1.11746769e-02  3.42014022e-02
  6.56151399e-02  4.66219410e-02  1.59105584e-02 -3.45045663e-02
  3.19439173e-02  1.71756896e-03  2.97659021e-02  1.05913654e-02
 -3.88917960e-02  8.89325663e-02  2.80064624e-02  9.83033516e-03
 -4.99358289e-02  2.79958900e-02 -4.86135781e-02  6.25894442e-02
 -1.98140275e-02 -1.65965799e-02 -2.33440232e-02  1.01580173e-02
  6.11841902e-02 -8.70956108e-02 -4.88653257e-02  1.55169601e-02
 -1.08117219e-02 -3.63192447e-02  1.64363720e-02  3.87960076e-02
 -2.30564643e-02  1.04121268e-02 -5.61919482e-03  1.85682867e-02
 -6.98544690e-03 -5.09580709e-02 -2.44501121e-02 -6.53590355e-03
 -4.76029515e-02  9.76683944e-02  1.77075267e-02 -9.36308727e-02
  6.03552870e-02  2.81645134e-02 -1.56852826e-02 -3.19476575e-02
 -4.39831465e-02 -3.84749882e-02  1.40947163e-01  2.21184269e-02
  4.34772596e-02  5.63191064e-02  1.74929723e-02  2.12462191e-02
 -7.18663782e-02  5.00503853e-02  3.65225635e-02  1.33703677e-02
  2.70523354e-02  2.38864888e-02  7.78113380e-02  2.95183323e-02
  3.93718071e-02 -6.67976290e-02  3.91725004e-02 -7.31473118e-02
  9.82050523e-02 -2.58487090e-02  7.66202882e-02  3.00878845e-02
 -1.97990406e-02  2.39722393e-02 -3.76441963e-02  2.52243280e-02
 -8.83270428e-02  3.33433561e-02  4.86683063e-02  6.79962113e-02
 -1.01267323e-01 -7.41401091e-02  9.30414051e-02  4.47689481e-02
  6.21582791e-02 -4.21826765e-02 -4.56629926e-03 -4.91524294e-33
 -2.33073570e-02 -1.52034694e-02 -1.84533354e-02  7.50115979e-03
 -1.93959493e-02 -5.73186688e-02 -5.74197955e-02  2.85121845e-03
 -3.57115269e-02  3.38286087e-02 -4.06338796e-02 -1.59345418e-02
  5.78200445e-02  2.16287514e-03  7.06927627e-02  4.38420847e-02
 -9.85985100e-02  1.68573987e-02 -2.75295824e-02  2.12567151e-02
  6.91430569e-02  8.79250001e-03  4.89908010e-02  7.62427673e-02
 -6.53584003e-02 -3.90681401e-02  4.33534570e-02 -5.33869141e-04
  2.16530059e-02  4.12014350e-02 -1.06695227e-01 -1.49186151e-02
 -3.30895446e-02  9.37839597e-02  2.90348772e-02  1.13253079e-01
 -2.50935312e-02 -7.69838244e-02 -1.39667373e-02  7.97075480e-02
 -3.18014733e-02 -5.40056266e-02  8.50332007e-02 -1.80563312e-02
 -2.00648010e-02 -1.07831091e-01 -8.68183598e-02  1.74595639e-02
 -4.04604822e-02  1.81032554e-03 -3.93236205e-02 -3.00377002e-03
 -4.64835539e-02 -6.47493452e-02  1.14113027e-02  7.06407651e-02
  5.58647290e-02 -2.11660545e-02  3.96275111e-02 -3.12616839e-03
 -7.69978091e-02 -9.67588683e-04 -1.01133756e-01  1.19473822e-01
 -4.66715805e-02  3.71125550e-03  1.45748509e-02 -5.42102270e-02
  1.76708447e-04  7.47975800e-03 -5.53919747e-02 -7.10490197e-02
 -8.71582329e-02 -7.06989169e-02  4.10833023e-02 -7.44064525e-02
  1.39338302e-03  7.17340484e-02  3.63613255e-02 -1.01019144e-02
  3.20514739e-02  3.77840130e-03 -1.89509746e-02 -2.80354843e-02
  2.93541867e-02  1.95295475e-02 -2.29614936e-02 -7.90822357e-02
 -1.16031570e-02 -1.31612597e-02  7.86039885e-03  5.80597185e-02
 -1.44978110e-02 -5.72238415e-02  5.97236529e-02  3.24423217e-33
  6.00723661e-02  7.60487455e-04 -9.42833140e-04  7.28605781e-03
 -3.14651690e-02 -2.71532051e-02  1.45786833e-02  4.10480890e-03
 -4.07188721e-02  9.41834897e-02  2.82262266e-02 -3.18116806e-02
  4.23899433e-03  7.15130940e-03 -8.00566822e-02 -6.39122650e-02
  2.09015012e-02  1.76846217e-02  3.57566178e-02 -3.73029746e-02
  4.36499342e-02  7.49951005e-02 -4.67349328e-02  4.51057330e-02
 -8.42379630e-02 -3.03198323e-02 -2.96655879e-03 -9.44493338e-03
  2.28890833e-02  2.32664980e-02 -1.82929134e-03 -3.09579521e-02
 -3.61534208e-02  3.61177139e-03 -3.63277420e-02  1.10375904e-01
 -3.46786343e-02  6.09360635e-02  4.82249856e-02  1.22076102e-01
 -6.44543990e-02  5.70112728e-02 -3.48934121e-02 -3.63001227e-02
 -6.53695837e-02  8.95900056e-02 -3.76754478e-02  1.81216132e-02
 -2.71789655e-02  1.58382282e-02  6.19376116e-02  4.57951799e-03
 -1.07781962e-02 -4.49733920e-02  6.66848384e-03 -1.10567249e-01
  6.80058217e-03  5.03144152e-02 -1.40816316e-01 -1.57391466e-02
  2.38789413e-02  6.09313063e-02 -2.29700729e-02  2.61869915e-02
  4.26496565e-02  4.25147042e-02 -1.92238502e-02 -2.75935102e-02
  5.99076450e-02 -1.24929221e-02 -1.40558667e-02  3.17800455e-02
  4.91714105e-02 -5.79840178e-03 -3.18431705e-02  6.00621887e-02
  4.10164297e-02 -4.49023806e-02 -2.23205611e-02  3.05821337e-02
 -1.28618762e-01 -1.56902418e-01  5.32991812e-02 -5.12139080e-03
 -2.88872402e-02  7.77349025e-02 -2.36387309e-02  4.56808694e-02
 -1.73274074e-02 -1.49006575e-01  5.89567050e-02  9.30995401e-03
  8.42445567e-02  2.25139391e-02 -5.51017076e-02 -1.80579658e-08
 -8.98757577e-03  1.82590075e-02 -2.76159681e-03  2.67986711e-02
 -3.73274907e-02 -7.27224499e-02 -1.74998119e-03  3.02308090e-02
 -2.62905173e-02  2.70878640e-03  1.12697007e-02 -8.10181908e-03
 -5.65891899e-02  5.23208417e-02  6.58658445e-02 -1.86362714e-02
 -1.01892380e-02  1.01035699e-01 -1.79509856e-02  1.29840419e-01
  2.71424297e-02 -1.21919066e-02 -8.16258229e-03  1.34251872e-02
  7.61798758e-04 -1.03471540e-02 -2.64902432e-02  1.34630695e-01
 -1.62826162e-02 -1.09547637e-01 -7.47804344e-03 -3.39064524e-02
 -1.95507742e-02  9.03291330e-02 -1.42121585e-02  6.39177933e-02
 -1.99979339e-02  8.88332948e-02  2.05726791e-02  1.41481142e-02
  2.23249439e-02  6.93238676e-02  2.08147094e-02 -2.40936130e-02
  1.51412832e-02 -2.60410272e-02 -3.61988805e-02  4.56677303e-02
 -6.33869618e-02 -6.33205799e-03 -5.46507910e-02 -2.59202998e-03
  4.45064642e-02  1.08235972e-02  2.99550705e-02  1.44575406e-02
  1.28081208e-02 -4.75433357e-02 -4.18737270e-02 -3.83699499e-02
  5.55228849e-04 -7.88341686e-02  2.81660743e-02  1.64987314e-02]"
99,"What does the term ""stratified cross-validation"" refer to?",Ensuring an equal distribution of target classes in each fold,easy,8,9.655,"['A. Ensuring an equal distribution of target classes in each fold', 'B. Prioritizing one class over others during validation', 'C. Excluding certain features from the validation set', 'D. Randomly shuffling the data before splitting']",4,54.75,"[-2.00246908e-02 -9.68603324e-03 -1.19488835e-01  1.83596439e-03
  5.93516491e-02  6.69279471e-02 -1.09836943e-02  2.41528116e-02
 -6.35436475e-02 -8.52976665e-02  3.88534297e-03 -3.61681990e-02
  6.41720146e-02 -5.99816516e-02 -5.08945957e-02 -2.57562157e-02
 -1.47506576e-02  6.83028549e-02  1.29103018e-02 -3.91266542e-03
  6.63071349e-02  1.37696089e-02 -5.11106513e-02  2.79389266e-02
  5.24889305e-02  6.53817784e-03 -1.27167121e-01 -6.64434535e-03
 -1.13314185e-02  8.96073412e-03  4.07115407e-02  3.77544425e-02
  1.60210356e-02  2.45384220e-02 -3.10279075e-02  5.00952359e-03
 -7.35706687e-02  2.95449831e-02 -7.93359894e-03  8.72524679e-02
 -2.00601500e-02 -7.73335323e-02  4.33071516e-03  3.81458849e-02
 -2.27447972e-03  8.21195468e-02  2.06369702e-02 -2.24036463e-02
 -1.08673818e-01  1.38048129e-02 -2.82762591e-02 -5.94705418e-02
 -8.04269388e-02  6.28584251e-02 -1.42999669e-03 -5.91166958e-04
 -1.20579870e-02 -4.49109264e-02 -2.19670497e-02 -4.02086750e-02
  3.64315114e-03 -4.16980423e-02 -1.45584317e-02  6.16176091e-02
  6.22352287e-02 -4.00778018e-02 -1.06748557e-02 -3.72260958e-02
  4.34019603e-03 -2.83021182e-02  2.84501016e-02  8.24314822e-03
  5.30079827e-02  3.24651003e-02  3.02883494e-03  1.81341413e-02
  5.58279222e-03  1.06929867e-02  2.20457464e-02  6.09586015e-03
 -4.36398946e-03  9.70162749e-02 -1.57363415e-02 -8.06597769e-02
  9.43946168e-02  4.48901067e-03 -1.17173523e-01 -7.03915879e-02
  9.39347316e-03 -3.48729454e-03  4.66101132e-02 -6.28590807e-02
 -2.00632736e-02  7.76145011e-02 -1.41819222e-02 -5.58975339e-02
 -3.49155068e-02 -2.93417890e-02  7.07207918e-02 -2.42488552e-02
 -3.20387147e-02  4.77576219e-02  2.23125368e-02  1.13452084e-01
  3.94981243e-02 -9.36996192e-02 -2.00899392e-02 -2.45251413e-02
  2.58484948e-02 -7.48423487e-02  4.77974676e-03  5.51376818e-03
  8.62697884e-03 -4.93594818e-02 -5.78625537e-02  7.41323754e-02
 -1.11517897e-02  3.74502242e-02  6.34523854e-02  1.34139666e-02
 -1.36413435e-02  3.23973037e-02  7.58963004e-02 -6.35109320e-02
  5.30647822e-02 -6.75234124e-02 -3.33989994e-03 -7.17432635e-33
  1.92394983e-02  3.47018242e-02  6.19677715e-02 -4.67001548e-04
 -9.53321308e-02 -5.00358269e-02 -6.75131381e-02 -5.31495549e-02
 -2.20836550e-02  2.04594340e-02 -1.84351783e-02  5.03040813e-02
  1.73954498e-02  5.88057823e-02  7.76166469e-02  2.07520779e-02
 -1.03219084e-01  7.13591352e-02  3.96291837e-02 -2.59875581e-02
  7.32279122e-02  4.47758986e-03 -5.94119728e-03 -1.11680618e-03
 -7.00825155e-02  5.81552833e-02  3.01892068e-02 -9.42791719e-03
  8.55221041e-03  6.34740219e-02  1.09469146e-02  2.51860972e-02
  6.40234500e-02 -2.97462996e-02  9.40360874e-02  8.47158134e-02
 -6.83403462e-02 -5.86914495e-02  5.73123097e-02  1.08444661e-01
 -3.65499221e-02 -8.55741873e-02  3.14006284e-02  3.18437628e-02
  2.00867970e-02 -8.83659273e-02 -3.96332778e-02 -1.30491564e-02
 -4.13791947e-02  2.30944473e-02 -2.26071067e-02 -6.33544475e-02
  2.78635025e-02 -1.17439562e-02 -3.09919287e-02  5.77700436e-02
 -3.06680892e-03  8.87618288e-02 -5.78094237e-02  2.67633274e-02
 -2.69780383e-02 -1.91421807e-02 -1.40048742e-01  5.87407639e-03
 -5.06927446e-02 -2.43175793e-02 -1.70626107e-03  5.39317075e-03
  5.68796657e-02 -3.51360478e-02 -3.47516276e-02 -2.39939839e-02
 -9.53376070e-02  5.47286160e-02 -1.50828864e-02 -4.33178954e-02
 -2.19065752e-02  1.38148814e-01  6.61235452e-02 -6.88694492e-02
 -8.27460513e-02  5.34048527e-02 -1.51416421e-01 -1.17745154e-01
 -4.65398841e-02  6.21175654e-02 -9.57083516e-03 -1.04070911e-02
 -3.48117836e-02 -3.90230082e-02  4.45682643e-04 -1.33654019e-02
 -3.01862825e-02 -2.64868066e-02 -1.43638998e-02  3.06036262e-33
 -3.68437869e-03 -7.94990957e-02 -1.53482915e-03  1.26773879e-01
  6.12390414e-02 -5.26833795e-02  4.06324714e-02  2.17202473e-02
 -7.41572380e-02  3.55949886e-02 -1.69303734e-02 -3.15041952e-02
  2.20208950e-02  9.84183419e-03 -1.50487218e-02 -1.82165764e-03
 -9.30965394e-02  5.54847717e-02 -1.40981283e-02  4.43828031e-02
  1.18050188e-01 -2.89620459e-02  2.52996366e-02  3.64956297e-02
 -2.61340346e-02 -5.07231504e-02  4.72216606e-02 -6.66195005e-02
  6.77351952e-02 -3.12062874e-02  5.10953441e-02 -9.83872637e-02
 -6.67371750e-02  6.63562417e-02 -5.93159813e-03  4.44842987e-02
  1.61628146e-02 -4.47093695e-02  1.74088012e-02  4.02270928e-02
 -9.96630825e-03  1.13592865e-02 -4.53807227e-03 -1.56795159e-02
  5.48991794e-03  9.14272293e-02 -1.17103457e-01  8.73776060e-03
  4.12681885e-02 -9.27871466e-02 -1.12705808e-02  4.33246680e-02
  2.81426348e-02  3.14812474e-02 -1.20709967e-02 -5.38207032e-02
 -6.54942840e-02 -9.34236497e-03 -7.34934062e-02  5.91216236e-02
  9.15523916e-02  6.79970486e-03 -1.58038903e-02  3.11525445e-02
  7.23586977e-02 -4.84236553e-02 -4.41062823e-03 -2.48740744e-02
  1.79673173e-02  5.76741919e-02  1.37105584e-02  1.09080197e-02
 -4.04325351e-02 -3.59185822e-02 -5.35630807e-02 -5.98453358e-02
  1.94028451e-03  2.77630817e-02 -8.08965694e-03 -5.48792370e-02
 -4.49340828e-02 -1.02348179e-01  7.26500228e-02  6.29931688e-02
  3.01788636e-02 -7.37316832e-02  2.84121986e-02  1.35504305e-02
 -3.11842188e-02 -5.88545091e-02 -1.42652001e-02 -2.57710926e-02
  1.11783948e-02  4.15785536e-02 -3.39698084e-02 -1.78775394e-08
  1.40918037e-02  6.29371926e-02 -2.76238061e-02 -1.44564651e-03
  6.85825050e-02 -2.06837617e-02  4.15671291e-03 -1.28353775e-01
  3.28703076e-02 -3.96070145e-02 -1.16484286e-03 -8.39189813e-02
  4.49605733e-02 -2.64097080e-02  1.64199062e-02 -3.06203812e-02
 -4.83047366e-02  9.90363061e-02  3.85866761e-02  8.67007971e-02
  5.60772978e-03 -6.95509836e-03 -1.22950403e-02  5.97583922e-03
  4.67304438e-02  3.36917080e-02  4.93081249e-02  1.40239373e-01
  1.94792971e-02 -5.45823500e-02  3.29785012e-02  1.13935629e-02
  2.62829233e-02 -6.81464523e-02 -3.87501307e-02  9.36546773e-02
  5.88386580e-02  1.38718053e-03  6.85180351e-02  4.48007919e-02
 -1.43418368e-02  5.22843823e-02  7.19380677e-02  2.90795993e-02
  4.65559289e-02  5.88965118e-02 -4.19715196e-02  6.84205666e-02
 -7.45784417e-02 -4.38768864e-02  2.31562443e-02 -1.90573949e-02
 -2.91988067e-02  5.14518432e-02 -2.62932591e-02  2.22939416e-03
  3.49252969e-02 -1.30090527e-02 -1.09434258e-02 -1.22413943e-02
  2.12343521e-02 -5.13405725e-02  8.20486397e-02  4.54848073e-02]"
100,Which of the following is a method to handle imbalanced class distribution in decision trees?,Stratified sampling,easy,15,10.713333333333338,"['A. Feature scaling', 'B. Stratified sampling', 'C. Random shuffling', 'D. Increasing the tree depth']",4,21.75,"[-4.91894260e-02  4.93206121e-02  4.33870330e-02 -6.16914295e-02
  1.82928219e-02 -7.14181811e-02  2.56992709e-02  4.79721390e-02
 -3.01026665e-02  9.61790904e-02 -4.88653630e-02 -3.82139646e-02
  4.05805968e-02 -3.83912288e-02 -1.22962184e-02  1.40542779e-02
 -1.05845844e-02  7.10278302e-02  3.19012953e-03  9.14187357e-03
  5.31477891e-02  1.14802485e-02 -8.42889324e-02  9.82029438e-02
 -2.61071455e-02 -6.04364164e-02 -1.05175273e-02 -2.65848078e-02
 -1.90916657e-02 -5.87481521e-02 -6.46010563e-02  5.31212352e-02
  3.18069607e-02  1.18254432e-02 -1.93319112e-01 -5.85487634e-02
 -8.37899803e-04 -2.02811752e-02 -2.01880541e-02  2.96934694e-02
  3.38130556e-02  4.47168648e-02  7.29478057e-03  1.49298375e-02
 -9.93564632e-03  4.42948081e-02 -6.44131228e-02 -4.93288506e-03
  2.00897399e-02  2.05529891e-02  1.22175263e-02 -7.76788266e-03
 -5.53421564e-02  3.85361537e-02 -6.76481202e-02 -6.86438680e-02
  2.98196562e-02 -8.71253535e-02 -2.92785838e-02  2.12460328e-02
  5.76951765e-02 -5.98930707e-03  1.98107008e-02  2.23363768e-02
  8.33228230e-03 -2.78424621e-02  8.46162997e-03  6.53011873e-02
  3.24441157e-02 -5.12915812e-02  5.79672456e-02  2.65923552e-02
 -1.16335414e-01  1.43327778e-02  6.83838502e-02  3.06823086e-02
  4.36032005e-02 -3.20454091e-02  2.08534542e-02  3.86140347e-02
 -7.32629895e-02  5.68519868e-02 -1.01163145e-02 -2.18456816e-02
  8.76938999e-02 -2.66513973e-02 -6.45022318e-02  4.18651663e-02
  7.99639057e-03  3.23860906e-02  6.21100049e-03  6.87908903e-02
  3.95656377e-02  1.73684154e-02 -1.07612386e-01  5.86483590e-02
 -3.10399700e-02 -1.58073287e-02  3.42937559e-02  3.96078043e-02
 -1.13357611e-01  4.31437045e-02  2.07670834e-02 -5.27194813e-02
 -6.39224350e-02 -1.30792499e-01  6.31059287e-03 -1.01854056e-01
  1.19873807e-02 -8.86234120e-02  1.57197583e-02 -2.77120750e-02
 -6.28742427e-02 -3.87876220e-02 -5.40455133e-02  3.49536687e-02
  5.40036485e-02  6.28224984e-02 -1.32980049e-01  4.51041125e-02
 -2.87624672e-02  2.31132144e-03 -4.09576222e-02  3.64167839e-02
  1.39172506e-02  2.16432214e-02 -8.30664113e-02 -3.56535775e-33
 -3.56372446e-02 -7.25017413e-02  3.52438577e-02 -3.62996496e-02
  3.47930230e-02 -3.22526619e-02 -2.77031064e-02 -1.61514618e-02
  1.83761716e-02 -2.74691749e-02  1.06489437e-03 -2.04199590e-02
  6.78993613e-02 -4.36310098e-03  9.72719342e-02 -2.48539094e-02
 -1.05382740e-01  6.69768602e-02 -1.92586202e-02 -2.83758733e-02
  3.03539876e-02 -1.31680015e-02 -1.10883936e-02 -1.87204592e-03
  3.81783471e-02 -2.04408281e-02 -3.80160771e-02  7.61050135e-02
  1.31648052e-02  1.87667701e-02  3.50035392e-02 -4.62060422e-02
 -2.55309176e-02 -7.63556138e-02 -3.61979268e-02 -1.07310237e-02
 -4.70204204e-02  6.12493120e-02 -4.74965535e-02 -3.40785868e-02
 -1.00818098e-01 -3.56726944e-02  2.77928710e-02  1.81517471e-02
  7.10267723e-02  1.19272033e-02  2.90554520e-02  8.67131865e-04
  1.38138579e-02  4.40066494e-02  5.48827797e-02 -3.78159806e-02
  1.85989647e-03 -1.32624162e-02 -1.12659801e-02  8.36950541e-02
  3.00230961e-02  3.94012779e-02  7.73106283e-03  7.76759684e-02
 -2.27022823e-03 -4.94383201e-02 -3.22104571e-03  8.09292961e-03
  4.17042971e-02  8.60525947e-03 -4.49689142e-02 -1.11283697e-01
 -2.66913492e-02  2.07056664e-02  7.84541741e-02 -1.05966460e-02
 -8.73404294e-02  4.34278026e-02 -8.89464989e-02  5.06134219e-02
  2.69680116e-02  1.34034887e-01 -5.08886240e-02 -1.08379275e-02
 -5.92646562e-02 -1.80365983e-02 -6.00148505e-03  1.63220316e-02
 -1.85317863e-02  2.07731035e-03  5.87898865e-02  4.54782881e-02
  3.81357712e-03  4.31268811e-02 -9.50288624e-02 -2.33243988e-03
  7.78095517e-03 -4.35238238e-03  6.63707778e-02 -9.19396864e-36
 -7.27489740e-02  1.68483276e-02 -1.07102506e-02  3.26191075e-02
  2.39013527e-02  5.37356175e-02 -1.06576579e-02  2.57384079e-03
 -9.46903694e-03 -1.00774672e-02 -4.57711183e-02  5.50034456e-02
 -4.61275838e-02  2.86736377e-02 -4.25363630e-02 -3.82881649e-02
 -2.07537290e-04  5.77054434e-02 -4.85019200e-02  4.35685590e-02
  1.78209860e-02  9.01537091e-02 -1.97028331e-02  4.39245859e-03
  5.57901245e-03 -2.69279741e-02 -8.63846168e-02  3.45029719e-02
  3.19001637e-02 -1.37566950e-03 -7.30514899e-02 -2.22105291e-02
  3.76566802e-03 -3.41025591e-02 -2.27163150e-03 -3.58511806e-02
  1.75621063e-02 -4.53688093e-02  1.55786993e-02  1.34111673e-01
 -3.18529941e-02  3.86397168e-02 -4.72378246e-02  3.36495228e-02
 -4.01838832e-02 -1.32906437e-02 -3.91438976e-03 -4.47546989e-02
  5.87261692e-02  6.53710356e-03 -5.95102757e-02  1.76756140e-02
  7.83423614e-03  1.38142332e-01  1.84308626e-02  2.94552837e-02
  3.86738107e-02  5.69129474e-02  1.02329219e-03  1.17642052e-01
 -9.07240734e-02 -1.44978287e-03 -1.04073798e-02 -1.28952146e-01
 -3.07979006e-02 -5.88918924e-02  3.59206162e-02  3.13441344e-02
  6.99891103e-03  6.97928946e-03  8.99397358e-02  1.42618358e-01
  1.00168228e-01 -5.01160435e-02  3.85220423e-02 -5.77355698e-02
  3.65456790e-02  7.91025385e-02  2.74092201e-02  8.07989482e-03
 -4.48137298e-02 -6.37594163e-02  3.25477775e-03  6.90756664e-02
 -6.61147311e-02 -1.10029494e-02  7.12069198e-02 -7.21698850e-02
  7.47224465e-02 -4.62150276e-02 -3.11169159e-02  5.21620810e-02
  3.46537568e-02  7.07216049e-03 -2.05551069e-02 -1.99206500e-08
 -9.90538672e-03 -3.76155004e-02  6.78598508e-02  4.23991010e-02
  3.99791822e-02  7.13845417e-02 -1.09380029e-01  8.92654806e-02
 -5.04605919e-02  1.17547903e-03  9.00958478e-03 -1.98245440e-02
  1.59954969e-02 -2.35058386e-02  8.94751325e-02  3.95055301e-03
 -4.30626161e-02  9.49866474e-02 -5.88950403e-02  7.75948688e-02
  1.71485748e-02 -6.82378113e-02  3.35832387e-02  4.07291576e-02
 -3.04706972e-02 -7.24054426e-02  9.26226974e-02 -2.57572178e-02
  4.16692272e-02  1.32665904e-02 -4.80411090e-02  2.65274979e-02
 -3.30737978e-02 -5.53484913e-03 -2.67051463e-03  4.09314148e-02
 -5.13336919e-02 -3.61320078e-02 -5.94576448e-02  1.22332521e-01
 -2.38101929e-03 -4.55040112e-02  1.13427620e-02  8.67486745e-03
  7.48187155e-02 -1.48989828e-02 -8.93252250e-03  3.68653983e-02
  3.92770879e-02 -2.94569712e-02 -3.75801735e-02 -3.95247452e-02
  1.89299714e-02  6.41004508e-03 -4.03453968e-02  1.15423137e-02
 -3.69659513e-02 -8.56464356e-02 -3.58298905e-02 -6.62583625e-03
  1.24290176e-01 -8.85332897e-02 -3.76463272e-02  7.75273144e-02]"
101,Which of the following is a hyperparameter of Decision Trees:,All of the above,easy,10,10.73,"['A. Tree depth', 'B. Minimum number of samples in leafs', 'C. Minimum number of samples to split nodes', 'D. All of the above']",4,28.0,"[ 3.48684527e-02  1.18201999e-02 -6.32401463e-03 -2.43127923e-02
  2.12830100e-02 -3.77570242e-02  2.05025133e-02 -3.26725766e-02
 -1.69918351e-02  9.38178375e-02 -4.64395666e-03  4.00366541e-03
  6.80550747e-03 -3.12470626e-02 -4.02887687e-02  4.25730012e-02
 -6.56114006e-03  2.28099935e-02  2.04692800e-02 -3.16499434e-02
  8.39181542e-02  1.42228585e-02 -7.92429000e-02 -1.11249471e-02
  3.00420877e-02 -2.20596232e-02 -2.51714722e-04  2.30786148e-02
 -1.14786588e-02 -1.77742969e-02 -3.93746048e-02 -4.24273685e-02
 -3.39502911e-03  3.63029428e-02 -1.10043220e-01  1.72483595e-03
  1.28585892e-02 -5.50163500e-02  1.56793464e-02  8.82196724e-02
  6.06030982e-04 -3.39150354e-02 -6.50300235e-02  3.80865745e-02
  5.48285134e-02  9.31775495e-02 -7.05900937e-02 -1.06370235e-02
 -9.02296305e-02 -3.92234977e-03 -8.82676542e-02 -5.61646000e-02
 -1.09346464e-01  2.72809099e-02  1.36634931e-02  2.02599689e-02
 -3.89094912e-02 -6.67472780e-02  1.79030036e-03  4.69805952e-03
 -6.93306793e-03 -3.58136706e-02 -3.73071320e-02  5.50329220e-03
  1.01634309e-01 -5.93448244e-03  8.82070605e-03 -6.89481348e-02
  6.04984611e-02 -2.91195642e-02  9.58937162e-04  6.78629279e-02
 -7.91105703e-02  2.00682059e-02  5.61349734e-04 -4.07409333e-02
  5.57989031e-02  2.72028465e-02  3.25501487e-02 -7.58051425e-02
  7.74162635e-03  8.78319442e-02 -1.04102276e-01 -7.01062891e-05
  6.08122498e-02 -4.50221412e-02 -3.44781764e-02  1.11836009e-02
 -6.21630438e-03 -8.10258277e-03  8.18158686e-03 -3.67893353e-02
  1.22519704e-02 -1.19326338e-04 -6.49249107e-02 -6.06954563e-04
  2.56357808e-02 -6.51806816e-02 -5.16881747e-03  4.54060454e-03
 -9.15886015e-02  1.46701131e-02  2.35449467e-02 -6.30362192e-04
  1.38446875e-03 -8.24736729e-02 -5.40735461e-02  1.10007562e-02
  5.80136925e-02  9.96794458e-03 -3.74462008e-02 -2.49589030e-02
 -2.03075837e-02 -1.31966984e-02 -5.49778417e-02  3.02358530e-02
  3.44682597e-02  9.05856676e-03 -2.46369299e-02 -8.06635432e-03
 -3.19449161e-03 -7.70037621e-03  4.42207139e-03 -1.46773253e-02
  4.15843688e-02 -1.08954022e-02 -8.57965946e-02 -4.12998038e-33
  2.98359022e-02 -3.84660400e-02  3.24714296e-02 -4.81292047e-02
 -2.29451042e-02  5.43694273e-02  2.93064602e-02 -8.26412663e-02
  8.91176537e-02 -2.81551462e-02 -1.15922838e-01 -4.56062965e-02
  3.65634821e-02  5.61756901e-02  7.94351399e-02 -1.16342502e-02
 -5.45564368e-02  1.00300305e-01 -7.50822127e-02 -4.35891636e-02
  2.14902516e-02  6.08171970e-02 -9.29341558e-03 -3.17356624e-02
 -1.64383259e-02 -7.74469897e-02  1.47002973e-02  2.34159501e-03
 -2.07662638e-02  3.39090191e-02  7.10932165e-03 -4.56863157e-02
 -3.95896882e-02 -5.59359463e-03  5.81668131e-02  5.47502451e-02
 -8.02132934e-02  3.94870108e-03  2.95510925e-02 -7.56916851e-02
 -1.04114614e-01 -8.24394301e-02  8.67934749e-02  2.76886784e-02
 -2.81645898e-02 -4.44928780e-02 -8.99953991e-02  5.75000271e-02
  7.30775762e-03  3.53653282e-02 -5.57796359e-02 -6.51788386e-03
  7.99423009e-02 -3.37191136e-03 -2.97335424e-02  6.02756515e-02
  1.07724462e-02  4.47660275e-02 -9.67649221e-02  1.04296058e-01
  1.57356641e-04 -4.02328977e-03  1.45387845e-02 -2.15310827e-02
  2.75182184e-02  7.48149157e-02 -2.77451165e-02 -9.52408016e-02
  9.14008617e-02  3.85998152e-02 -5.23356311e-02  3.83730419e-02
  6.83845431e-02 -1.95375141e-02 -3.00705321e-02  2.02961452e-02
  2.94480398e-02  3.89181921e-04 -5.93988374e-02 -5.74212708e-02
 -1.08199067e-01  1.07535748e-02 -1.65351797e-02  8.28942657e-03
  3.54169570e-02 -6.76084775e-03 -2.31409129e-02 -1.95175447e-02
 -9.76449065e-03 -5.55033907e-02 -1.11812852e-01  6.50157779e-02
 -1.46365389e-02 -1.15068415e-02  5.59919700e-02  7.85546600e-34
  6.00723596e-03  2.45812489e-03  2.57790182e-02  1.43449575e-01
  1.14452764e-02  7.23062307e-02 -6.13050349e-02 -7.28343055e-02
 -1.05368383e-01  1.01434384e-02  3.67467441e-02  1.02582388e-01
 -4.38514501e-02 -1.97975710e-02 -2.87852269e-02  1.01867929e-01
 -1.48330731e-02  7.80563615e-03 -1.09093478e-02  1.86565761e-02
 -7.48660881e-03  5.06985821e-02 -3.30024026e-02  6.04263581e-02
 -6.27618167e-04 -3.59449796e-02 -1.76402032e-02 -2.11595390e-02
  1.32363718e-02 -8.59877269e-04 -1.68440323e-02 -2.09125374e-02
 -4.32860330e-02 -2.63603684e-02  4.80767153e-03 -4.87144738e-02
  7.46768266e-02 -8.25710967e-02 -2.91690463e-03  1.48703828e-01
 -1.49742998e-02  9.59559456e-02  7.40485564e-02  6.92662597e-02
 -1.34003302e-02  4.91872020e-02  3.32616381e-02 -1.67296641e-02
 -2.56979689e-02 -5.22828102e-02  1.01126963e-02 -7.25533627e-03
  3.78314666e-02  1.08292595e-01 -6.90524140e-03  6.07924536e-02
 -7.26925656e-02  6.32134452e-02  6.37234971e-02  7.02127591e-02
 -3.91921587e-02  4.52633873e-02  5.03756404e-02 -1.00002307e-02
 -6.30201101e-02 -8.21937919e-02  5.96777536e-04  8.10492504e-03
 -1.27079291e-02 -7.29274228e-02  5.73453456e-02  2.92679686e-02
  5.23758568e-02 -1.91794448e-02 -4.19025235e-02 -9.39774662e-02
  1.75991550e-03  1.75150409e-02 -3.08650415e-02 -3.33111957e-02
  6.77046627e-02 -1.45666406e-03  2.87389196e-02  8.87475833e-02
 -4.45165224e-02  6.01269193e-02  7.93800652e-02  3.64203490e-02
  2.76769437e-02 -8.12066048e-02 -7.09409724e-05  3.57316025e-02
  1.09959338e-02 -4.25500376e-03 -2.34829262e-02 -1.81360242e-08
 -1.11161917e-02  1.65910693e-03 -2.50594001e-02 -5.54722138e-02
  6.95092678e-02  9.28559005e-02 -7.67927105e-03  1.69375062e-01
 -3.47800255e-02 -3.48824225e-02  9.11512300e-02  3.61804059e-03
 -8.64155740e-02  2.67787073e-02  6.49420097e-02 -2.08784565e-02
 -2.31038854e-02  5.44682294e-02 -3.33205909e-02  9.61317122e-02
  2.16254927e-02 -4.41701598e-02 -3.75644863e-02  8.94104615e-02
  9.71290693e-02 -3.09054665e-02  4.67965081e-02  3.38858366e-02
 -1.07383793e-02  8.77980515e-02  1.85096283e-02  7.50170723e-02
  5.81431855e-03 -2.40779910e-02 -4.54573669e-02  9.56795365e-02
 -5.54736592e-02 -4.22190689e-02 -2.46488303e-02  4.35787179e-02
 -4.40831035e-02 -3.21548358e-02  2.79303975e-02  4.27472144e-02
  3.57036889e-02 -2.15639137e-02  6.66366285e-03 -4.63646241e-02
 -1.47271780e-02 -5.79739921e-02 -7.31841847e-03 -4.26471569e-02
  8.75501148e-03 -4.44028936e-02 -3.57693508e-02 -6.76906761e-03
 -5.67698814e-02 -6.02918901e-02 -1.85047723e-02 -1.32117197e-02
  1.91771716e-01 -1.91410212e-03  8.38236231e-03  1.08699910e-01]"
102,Which of the following methods can help to fine-tune tree depth in Decision Trees:,All of the above,easy,14,6.727142857142859,"['A. Trial and error', 'B. Random search', 'C. Learning curve', 'D. All of the above']",4,17.5,"[ 1.78194605e-02  9.32012033e-03  4.32357006e-02 -6.08568005e-02
  2.70473864e-02 -1.01137742e-01 -1.33936172e-02  1.91455893e-02
 -7.81835839e-02  6.18705228e-02 -9.44522321e-02 -2.32490674e-02
 -1.80505794e-02 -8.50136802e-02  2.32577641e-02  5.40582649e-02
 -3.86535376e-03  1.34843200e-01 -1.78179722e-02 -8.18760172e-02
  7.82348886e-02  3.99078242e-02 -2.57110670e-02  8.05113744e-03
 -3.14596333e-02 -5.92041574e-02 -6.00132975e-04  1.02420934e-02
  2.02259179e-02 -5.40406294e-02 -6.30026683e-02  5.03952019e-02
  5.61792739e-02  2.42717676e-02 -1.48875281e-01  1.62893126e-03
 -6.44116604e-04 -3.69995870e-02 -4.82615605e-02  8.98612365e-02
 -1.22695626e-03  1.45862773e-01  2.81271450e-02  6.12048544e-02
  2.52148751e-02  3.72344628e-02 -5.68681918e-02 -3.03893462e-02
 -3.20958160e-02 -3.86313945e-02 -6.41449317e-02  3.42822680e-03
 -3.31630148e-02 -5.31070540e-03 -2.66730506e-02  5.27865812e-02
 -2.69985367e-02 -4.04302143e-02 -4.24264843e-04  2.91054845e-02
  6.26643524e-02 -5.84268197e-03 -6.98936954e-02 -7.85300955e-02
  1.49123566e-02 -5.47504378e-03 -2.58354377e-02  1.52602494e-02
 -7.48889009e-03  1.37909027e-02 -1.46468543e-02  3.72720547e-02
 -9.79168788e-02 -1.05737224e-02 -5.89760579e-03  1.43998703e-02
  7.92025924e-02 -1.49145145e-02  1.33502288e-02 -7.31330290e-02
 -3.54288146e-02  5.44859059e-02 -5.57965860e-02 -2.92116944e-02
  4.75771017e-02 -2.27943491e-02 -4.47540320e-02  4.29112371e-03
 -1.87756959e-02  6.93771392e-02  5.42573668e-02 -5.14096357e-02
 -3.54264751e-02 -2.03105453e-02 -6.45705685e-02  2.03228686e-02
  3.42205502e-02 -5.82131706e-02 -1.52486516e-02  2.09074151e-02
 -7.20627904e-02  2.35541631e-02 -2.22157277e-02 -5.61651327e-02
 -4.46660332e-02  6.85382932e-02 -6.87040901e-03  6.30254075e-02
  6.63996115e-02 -9.18372255e-03  1.54004954e-02 -1.03343269e-02
 -5.02897315e-02  8.58853478e-03  2.23587882e-02  6.19006082e-02
 -2.58439165e-02 -6.22870065e-02 -6.69416972e-03  5.12900390e-02
 -1.93344783e-02 -3.46062742e-02 -1.66930053e-02 -1.27071273e-02
  9.51374508e-03 -3.11413966e-02 -5.39393909e-02 -2.86687221e-33
 -1.95742194e-02  6.44247159e-02  1.77848563e-02 -1.05379131e-02
 -1.62655860e-02  4.23618518e-02 -1.16763040e-04 -5.11307307e-02
 -4.15386027e-03  7.55442083e-02 -9.39493999e-02 -2.57167425e-02
 -1.42112039e-02 -3.51046212e-02  2.21618339e-02 -1.53385838e-02
 -7.57443160e-02  7.16671720e-02 -9.37654451e-02 -9.80170444e-03
  7.70682916e-02 -1.38355754e-02  3.73977842e-03 -5.67813888e-02
  7.77398571e-02 -2.85695288e-02  3.20152901e-02  3.60074677e-02
 -2.26182006e-02  1.20302401e-02 -5.34129478e-02 -2.67472975e-02
 -3.21283797e-03  1.12932492e-02  1.51543953e-02  6.22420013e-02
 -6.08106479e-02  6.13846965e-02 -3.30688953e-02 -1.76413637e-02
 -4.32989374e-02 -3.51080596e-02  6.24220856e-02  1.09190764e-02
 -1.24793046e-03  2.17262357e-02 -7.17817545e-02 -6.23629056e-03
 -3.89319435e-02  1.07985407e-01  4.08360995e-02  3.06783114e-02
  1.66322272e-02  2.26943498e-03 -1.04350850e-01  4.66425233e-02
  6.80620447e-02  3.28697488e-02  2.23530177e-02  8.92900378e-02
  3.98526452e-02 -5.78988120e-02  2.22995952e-02 -4.31659967e-02
  1.62279531e-02  1.11767717e-01 -3.15008983e-02 -8.54597986e-02
  4.14461978e-02 -2.60301605e-02 -5.90009652e-02  1.68145541e-02
  5.24218455e-02 -2.48128753e-02 -1.05460145e-01  1.41762861e-03
  1.84705686e-02 -4.00173180e-02 -9.15593840e-03 -6.43397644e-02
 -6.27156422e-02  6.74017519e-02  2.35461611e-02 -3.62205436e-03
  2.97376979e-02 -7.05078021e-02 -1.70335416e-02  3.82614098e-02
 -2.14900076e-03  1.59088839e-02 -1.10233068e-01  3.57557610e-02
  5.45546822e-02 -7.80028850e-02  6.47255480e-02 -1.48909524e-34
  7.62034431e-02  4.26020799e-03  5.18565737e-02  4.63503413e-02
 -7.16437120e-03 -1.91418491e-02 -6.24148324e-02 -2.51323283e-02
  2.42442396e-02 -6.02962822e-02 -5.32392263e-02  1.11782961e-01
 -1.70353160e-03 -3.33143435e-02  8.23021028e-03 -1.79171655e-02
 -7.99725484e-03  2.84242560e-03  1.09273074e-02  1.74073502e-02
  5.70395850e-02  4.31031138e-02 -4.66305017e-02  1.75915565e-02
 -5.02450904e-03 -2.76586302e-02 -5.80351874e-02  1.21653704e-02
  1.85272731e-02 -1.38751511e-02 -2.07979381e-02 -3.38602550e-02
  2.43092477e-02 -6.89756051e-02  1.29763819e-02 -3.01740598e-02
  2.47555841e-02 -8.96064118e-02  2.40025911e-02  8.99071246e-02
 -3.85500081e-02  1.06173716e-01 -4.42202985e-02  9.60730109e-03
 -2.80175675e-02  1.40185701e-02 -5.99781722e-02 -2.74071023e-02
  5.49775548e-03  1.78186167e-02  7.60171050e-03 -5.69329411e-02
  1.30370958e-02  5.11656515e-02  2.73039490e-02  8.07835758e-02
 -9.63777211e-03  5.61505817e-02  9.76697952e-02  2.53537763e-02
 -1.17528215e-01 -1.83963012e-02 -4.21762839e-02 -8.46106410e-02
 -1.09229470e-02 -4.85606566e-02 -2.90851425e-02 -2.05620751e-02
  5.87908626e-02 -1.32020107e-02 -4.19585407e-02  4.99110594e-02
  2.80214585e-02  1.29581429e-02  1.07004540e-02 -3.30636725e-02
  2.76355576e-02  4.31733951e-02  3.82401608e-02  4.00956757e-02
 -2.52114981e-02 -2.00780574e-02 -2.42824983e-02  1.18569434e-01
  2.12028939e-02  4.90871444e-02  6.57416657e-02  4.26781923e-02
  2.35933289e-02 -1.22053273e-01 -5.30339181e-02  2.50929757e-03
  7.44347349e-02 -3.94559652e-02 -1.79123413e-02 -2.13687468e-08
 -5.22484668e-02 -4.76484522e-02 -1.84406328e-03  7.85200670e-02
  8.19038004e-02 -8.13823473e-03 -3.18037085e-02  2.45825917e-01
 -2.29870975e-02 -2.99346894e-02 -7.73803098e-03  8.94206110e-03
 -4.64743748e-02 -2.80670472e-03  1.61248401e-01 -1.57931205e-02
 -1.42447613e-02  1.04711115e-01 -5.71415499e-02  1.65096864e-01
  7.93472212e-03 -5.79015259e-03  2.31384151e-02  1.01796016e-01
  6.43960088e-02 -7.62436837e-02  1.47265922e-02  1.82398111e-02
  2.29827035e-02  1.05846941e-01  7.37019628e-02  6.19419850e-02
  4.44952846e-02  2.30853744e-02 -2.11420543e-02  4.32819836e-02
 -3.13081779e-02  2.34670695e-02 -5.28528206e-02  8.35507140e-02
 -3.75515297e-02  9.25776176e-03  3.15461755e-02 -6.35556970e-03
  7.10070459e-03 -5.68448231e-02  5.89438230e-02  3.37850936e-02
  5.31620439e-03 -7.59890750e-02 -4.13010716e-02  4.65727597e-03
 -6.40734732e-02 -4.37372625e-02 -4.07300657e-03  1.45910317e-02
 -3.71349379e-02 -4.38479818e-02 -7.88226910e-03  2.09114086e-02
  2.94865556e-02 -8.30875859e-02 -3.07409335e-02  2.17466410e-02]"
103,Which of the following metrics can be used with a dataset having unbalanced classes:,F-Score,hard,14,7.570000000000004,"['A. Accuracy', 'B. F-Score', 'C. Precision', 'D. All of the above']",4,13.0,"[-4.22195978e-02 -2.82022115e-02 -1.73774958e-02 -6.19057566e-02
 -3.59801087e-03  6.03429740e-03  3.04296743e-02  8.87903443e-04
 -7.34282844e-03 -6.88450560e-02  7.86538329e-03 -1.00186966e-01
 -2.63414364e-02 -1.30487569e-02 -3.54294963e-02 -5.19983359e-02
  7.41460621e-02  1.01820780e-02 -5.77208549e-02  3.73985507e-02
  7.95530006e-02  4.68562469e-02  3.04779373e-02  9.96337906e-02
 -1.36046223e-02 -5.45222173e-03  3.74516509e-02  2.60677282e-03
 -5.75440042e-02 -5.64621054e-02 -6.01221584e-02  8.49104822e-02
 -1.22387065e-02  6.77486369e-03 -7.12116212e-02  4.95905913e-02
  7.49230087e-02  2.87148431e-02 -6.73512891e-02 -1.44021232e-02
 -3.96416374e-02  1.72428377e-02  6.40707240e-02  1.12469845e-01
 -4.88962084e-02 -3.91739607e-03 -6.57438636e-02 -2.50074882e-02
 -8.15611891e-03 -4.11705747e-02 -1.60631705e-02  5.38397059e-02
 -6.83915690e-02  6.83020204e-02 -3.33767571e-02 -5.26542403e-03
 -3.60977240e-02 -2.02028137e-02 -2.13321894e-02 -3.79101783e-02
 -7.88047560e-04 -6.27683103e-02 -3.22880712e-03 -1.99192613e-02
 -1.37026666e-03 -1.03326896e-02 -3.68934311e-02  1.55776246e-02
 -1.42361289e-02  3.51152942e-02  1.84117500e-02 -1.14748878e-02
 -7.40647390e-02  6.41000941e-02  2.52227932e-02  4.50227931e-02
  2.27636192e-02 -6.96774980e-04  3.30447964e-02 -3.21479589e-02
  3.09116789e-04  4.04556580e-02  1.26630971e-02  6.06672354e-02
  7.17891380e-02 -6.80559129e-02 -3.96719836e-02 -4.46916185e-03
 -1.24107988e-03  1.37137286e-02 -2.61649676e-02  1.35096416e-01
  6.44577444e-02 -4.13362235e-02 -4.43948209e-02  8.06417689e-02
 -1.32900365e-02 -7.82165863e-03  5.17466664e-02  4.71593365e-02
 -5.33048026e-02  8.93451869e-02 -5.79347834e-02  4.30814363e-02
  2.00203341e-02 -1.51951397e-02  1.31124491e-02 -7.47032613e-02
  2.83598453e-02 -4.69675437e-02  8.16489458e-02 -3.82231958e-02
 -6.16101585e-02 -5.18133976e-02  1.90742463e-02 -2.77981851e-02
 -4.43854332e-02  7.34640937e-03 -9.11030322e-02  1.26810074e-01
 -9.01658908e-02 -2.30337847e-02  2.36747283e-02  4.04892629e-03
  2.13245451e-02  4.25712541e-02 -9.04550180e-02 -1.03399266e-33
 -2.21884064e-02 -6.01169504e-02 -1.39431674e-02 -4.70270179e-02
  8.42054561e-03 -1.37913190e-02 -9.69479606e-02  4.57050912e-02
 -1.11512747e-02  3.20377108e-03 -6.34085340e-03  6.47370666e-02
 -8.96880217e-03  4.27190028e-02  1.39173165e-01 -9.84472316e-03
 -4.87523563e-02  1.06503002e-01 -3.39370295e-02 -3.83030064e-02
 -1.05448132e-02  8.48571770e-03  6.96526170e-02  2.12752484e-02
  2.97909658e-02 -9.55576971e-02 -4.41960283e-02  4.52033393e-02
 -3.13676782e-02  1.98372416e-02  3.07596382e-02 -2.30949018e-02
  2.60787513e-02 -1.70153081e-02 -1.40636293e-02 -3.36992070e-02
 -3.86894718e-02  8.29528794e-02  5.97931594e-02 -1.24879191e-02
 -2.51953881e-02 -3.49057205e-02  1.06225293e-02 -5.66956177e-02
  3.72070558e-02  1.20414458e-02  8.19672048e-02 -3.21587920e-02
  2.41712872e-02  6.17864281e-02  1.49752088e-02 -4.09266651e-02
 -2.38814820e-02  9.55565181e-03 -3.12729180e-02  5.68756275e-02
  6.47738576e-02  3.91276293e-02 -4.32285443e-02  4.46613580e-02
 -5.09830266e-02  5.11870347e-02  5.98882847e-02 -8.57115239e-02
 -2.51136199e-02 -7.11509958e-02 -3.93550172e-02 -5.50334565e-02
 -5.87299876e-02  2.90577598e-02  4.25141826e-02 -3.34904641e-02
 -7.51308426e-02  1.08496532e-01 -4.08872627e-02  6.50310889e-02
  4.23595160e-02  9.53501090e-02 -6.18446320e-02  4.66503426e-02
 -4.27258350e-02  2.87516881e-02 -3.67258266e-02 -2.72502080e-02
 -1.21849641e-01  6.53945282e-02  7.15272576e-02 -2.05172282e-02
 -4.85906601e-02  5.51470742e-02 -1.05911128e-01 -1.93990208e-02
 -7.22813755e-02 -6.05962100e-03 -4.26050946e-02 -3.24912994e-33
 -3.59984599e-02  8.02908316e-02 -5.15402406e-02  7.62268007e-02
  8.56434330e-02  6.43555745e-02  2.42126603e-02  3.41604948e-02
  2.25962494e-02  5.74693307e-02  7.49541149e-02  2.49049030e-02
 -3.07070967e-02 -7.22473487e-03 -6.77870587e-02  5.32828122e-02
 -5.60883507e-02  1.30147696e-03 -1.73317585e-02  5.75450100e-02
  7.45460391e-02  6.69117048e-02 -2.26050224e-02  3.65686454e-02
 -2.12803930e-02 -1.83806736e-02 -1.06431037e-01 -2.70872992e-02
 -8.75712000e-03  3.25426646e-03  4.05733008e-03 -1.77140422e-02
  2.58997343e-02 -5.37299039e-03 -3.32661271e-02 -2.42959857e-02
  3.68943214e-02 -2.51190979e-02 -4.74274252e-03  9.14073661e-02
  6.89567327e-02  5.93971051e-02 -1.06455781e-01  8.62264037e-02
 -4.66219243e-03 -4.15526405e-02  5.15368022e-03 -4.88148779e-02
 -1.27848955e-02 -2.33984478e-02 -4.94145975e-02 -1.09067396e-03
  3.22089307e-02  1.19120985e-01  2.99771633e-02 -1.10785449e-02
  8.06502923e-02 -1.14303622e-02 -6.03172407e-02  1.25869080e-01
 -2.31915805e-02 -1.69622432e-02 -7.27457628e-02 -5.55812754e-03
 -4.19632532e-03 -2.38101985e-02  4.06216346e-02 -1.40195377e-02
 -3.39535587e-02  5.86218722e-02  7.20333681e-02  9.02543589e-02
  5.87820187e-02 -1.01316996e-01 -7.52472505e-02  3.13422158e-02
  3.79210636e-02  5.73028810e-02  2.87168548e-02  1.55944983e-02
 -7.00790361e-02 -3.75352129e-02  4.89333970e-03  7.26625845e-02
 -9.70581695e-02  4.86932136e-02  9.20444578e-02 -6.88122809e-02
  5.16469516e-02  8.26962572e-03 -5.99688888e-02 -1.50650638e-04
  6.76918542e-03 -2.40458529e-02  2.16857903e-02 -2.52651855e-08
 -1.04967190e-03 -8.22586939e-02  4.90427949e-02  1.70669388e-02
 -1.14853485e-02  1.00710411e-02 -1.05645016e-01  8.96918252e-02
  1.11506097e-02  5.21591343e-02  9.96232126e-03 -3.03802248e-02
 -1.11355521e-01  6.77157715e-02 -4.55396473e-02 -2.51984838e-02
 -3.15415822e-02  1.17950574e-01 -2.96399370e-02  7.11312070e-02
  2.49589570e-02 -1.57076977e-02  1.79777574e-02 -3.95499058e-02
 -6.57752082e-02 -6.83851466e-02  2.17829980e-02 -1.67143662e-02
  2.38986537e-02 -2.09176559e-02 -4.80026472e-03 -2.29354686e-04
 -1.26497849e-04 -1.02220155e-01 -2.84282491e-02 -4.88282088e-03
 -1.02312252e-01 -2.68859370e-03 -6.07638061e-02  7.63901174e-02
 -1.02655282e-02 -3.10842879e-02 -4.77168299e-02 -9.22822859e-03
  6.74697012e-02 -1.66472364e-02  7.44745659e-04  6.70395568e-02
  3.86499637e-03 -5.32186069e-02 -4.99634854e-02 -1.18468041e-02
 -2.34329645e-02 -2.04201173e-02 -2.45220438e-02  3.72302905e-02
 -5.09201922e-02 -3.23338397e-02 -3.59676816e-02 -8.20768811e-03
  6.92632496e-02 -6.46005720e-02 -1.22599661e-01 -2.05139909e-02]"
104,How can you detect underfitting from a learning curve?,Bad results in both train and test,easy,9,6.27555555555556,"['A. Bad results in train, but good results in test', 'B. Good results in train, but bad results in test', 'C. Bad results in both train and test', 'D. None of the above']",4,38.75,"[-2.69835815e-02 -5.50226644e-02  8.21392797e-03  7.51161575e-02
  9.60903391e-02 -5.41063361e-02 -3.41681354e-02 -3.59536707e-02
 -3.68621573e-02 -8.18846971e-02 -3.42911147e-02 -1.83039866e-02
  2.49043424e-02 -2.12262906e-02 -4.68031019e-02 -6.89256787e-02
 -2.96661649e-02  7.10066706e-02 -5.03134318e-02 -9.44639221e-02
  8.18272159e-02 -6.81388676e-02  9.62481275e-03  9.26599745e-03
  1.75607987e-02  1.09859109e-02  1.67255290e-02 -3.35463881e-02
 -8.77525359e-02 -6.56804070e-02  2.61666141e-02 -4.86896262e-02
 -5.53403720e-02  1.37741435e-02  6.08345792e-02  2.56009074e-03
  4.88821566e-02  2.53579002e-02  3.66728529e-02  4.44027893e-02
 -2.37127151e-02 -1.27185313e-02 -1.56415813e-02  7.47985318e-02
  1.14098698e-01 -1.59788895e-02 -2.44737957e-02 -6.64083958e-02
 -8.67526233e-02  3.60907800e-02 -2.84658018e-02  5.31923492e-03
 -5.37351184e-02  4.46387939e-02 -5.94501682e-02  1.41376117e-03
 -2.10814979e-02  2.08379817e-03  4.80015669e-03 -1.33964680e-02
 -1.49138141e-02 -9.93139818e-02 -5.79911694e-02  1.58370882e-02
 -5.81059530e-02  6.40847832e-02  1.05780447e-02 -3.59632890e-03
 -6.25346322e-03  3.19339074e-02  3.24728824e-02  4.02215719e-02
 -4.90119122e-03  1.22228796e-02  9.26885232e-02  2.16629878e-02
  3.53966616e-02  1.09090313e-01 -2.22645141e-03 -2.66130697e-02
  8.99114925e-03  1.53960045e-02  3.16219889e-02  2.72179581e-02
  1.69231161e-01  8.54352303e-03  5.58942407e-02 -2.72876024e-02
 -4.93317842e-02  9.23186447e-03  5.63171133e-03 -2.99226213e-03
 -1.24768235e-01 -7.49912299e-03  1.16371149e-02  2.76024602e-02
  1.77846216e-02 -8.09991881e-02 -3.72330621e-02  1.10135183e-01
 -8.44823867e-02  5.13017736e-02  4.28076647e-02  2.25698296e-02
  4.21232022e-02  1.67718902e-02  3.33503336e-02 -7.93337822e-02
  5.21668568e-02 -7.62691051e-02  6.55079335e-02 -5.76867051e-02
  3.48056704e-02  3.82489078e-02  1.10787131e-01 -4.65076081e-02
  2.55217217e-02  4.99079295e-04 -1.22470312e-01  5.76255806e-02
 -6.75461888e-02  6.80210907e-03  1.75613426e-02  5.00883013e-02
 -2.88721323e-02  2.72719725e-03 -1.37303755e-01 -1.06847771e-33
 -2.79180203e-02  2.26547439e-02  1.65533237e-02 -3.47830653e-02
 -7.31080920e-02 -7.76171759e-02 -2.53646038e-02 -4.13565570e-03
  5.48596345e-02  1.97540969e-02 -2.91591138e-02 -3.86451297e-02
 -7.00086653e-02  2.45121382e-02  6.09502606e-02 -2.58735381e-02
 -3.27003412e-02  1.82070385e-03  2.39799410e-04  1.98660679e-02
 -1.74133666e-02 -1.46660224e-01 -4.15974557e-02 -1.16614334e-01
  7.13280076e-03  9.08290222e-03 -3.48059870e-02  4.47022654e-02
 -5.30304462e-02  3.34514678e-02  6.40785694e-02 -3.02291960e-02
 -6.62755920e-03 -5.67338569e-03 -1.96983619e-03 -4.77740020e-02
  9.84503143e-03  4.59066257e-02  6.64987266e-02  1.56742036e-02
  9.98020358e-03 -3.44346389e-02  4.73482572e-02 -2.59536244e-02
 -4.23123129e-03  4.66289893e-02  6.96947575e-02 -8.22648481e-02
 -5.97132742e-02  1.70281120e-02 -4.63731773e-02 -6.87726289e-02
 -4.83171642e-02 -4.62819897e-02 -5.33955209e-02  8.16390216e-02
 -1.57863251e-03 -1.52485715e-02 -2.40321513e-02  8.60460196e-03
  6.79539442e-02 -4.98625003e-02 -8.71114880e-02  6.14767056e-03
 -5.98346516e-02 -2.60602981e-02 -2.49346476e-02  1.46048786e-02
  4.41635475e-02  3.76608372e-02 -2.65257619e-02  3.14431973e-02
 -1.14295892e-01 -3.07741784e-03  2.77600382e-02 -6.39105868e-03
  4.00720211e-03  4.84978072e-02  7.36351758e-02 -2.15308703e-02
 -4.37396914e-02  7.43003469e-03  7.21697733e-02 -1.00035526e-01
 -3.16320620e-02  1.72448028e-02  3.26482095e-02 -4.93386686e-02
 -6.43443838e-02  2.98851561e-02 -6.75756931e-02  9.56098922e-03
 -6.90326318e-02 -2.56683864e-02  2.59276293e-02  7.78728641e-34
 -5.24651818e-02  5.69421016e-02  6.32219017e-02  1.24488398e-01
 -2.71090269e-02  3.84478271e-02 -9.59084791e-05  1.18355136e-02
  4.90245782e-02  1.83658805e-02 -1.20405974e-02  6.58891490e-03
 -2.11810991e-02 -1.86708700e-02  1.34732094e-04  6.49180338e-02
 -5.74826747e-02  2.64589768e-02  1.05364874e-01  3.69854048e-02
 -4.08956921e-03  3.06007862e-02 -6.02972060e-02  4.36014496e-03
 -6.36585709e-03  4.02642637e-02 -1.36508318e-02  4.24196608e-02
 -3.76798846e-02  5.66854980e-03 -2.65613981e-02  4.49832678e-02
 -3.61330025e-02 -3.39442976e-02 -3.60255837e-02  5.49583137e-02
  2.48288158e-02  1.31256059e-02 -3.40463817e-02  1.04360595e-01
  4.43472601e-02  7.38579333e-02 -1.00791477e-01 -4.12974469e-02
  2.63034715e-03 -1.72719713e-02  5.66080911e-03  3.59787829e-02
  6.39014989e-02  8.72317106e-02  3.15819085e-02  5.17769298e-03
  5.82428500e-02  3.28529291e-02 -8.45071152e-02  6.91358075e-02
  4.12672721e-02 -2.07239315e-02 -1.67298280e-02  3.67034860e-02
 -2.76691224e-02  6.08099950e-03 -2.47158557e-02  1.83739569e-02
  2.83512715e-02 -4.79769856e-02  3.17270751e-03  5.95118478e-02
  3.46347131e-02  4.88868877e-02  1.17618553e-02  4.13380079e-02
 -5.33570796e-02 -4.80500981e-02  1.70274023e-02 -1.61243379e-02
 -5.12544587e-02  5.66270482e-03 -2.30478793e-02 -4.47636805e-02
  9.82519239e-03 -2.77534034e-02 -2.72510350e-02  7.52394572e-02
  7.30337016e-03  1.12902060e-01  6.52056038e-02 -1.25280404e-02
  2.92172446e-03 -4.66430560e-03  6.70144614e-03  6.99595138e-02
 -3.73128094e-02 -2.50626002e-02 -6.99983761e-02 -1.91255438e-08
 -4.74642515e-02 -5.69112040e-02  4.40142378e-02 -4.75827307e-02
  7.97066092e-02  3.11474632e-02 -2.28922106e-02  1.12372532e-01
  9.42013413e-03 -5.33404425e-02  6.74716989e-03  1.00261997e-02
 -1.05322488e-02  2.20149029e-02  6.08207621e-02  8.86799581e-03
 -1.11545902e-03  1.63605511e-01 -4.57868800e-02  7.59984031e-02
  3.44027095e-02  1.82524286e-02  1.69712162e-04  6.22802861e-02
  8.15569684e-02 -1.32215664e-01 -5.09855971e-02  7.67852888e-02
  2.42221891e-03  6.93276823e-02  1.97217297e-02 -7.32077705e-03
  5.76952808e-02 -6.93419725e-02  2.99624819e-02  1.22312382e-01
  2.68378183e-02 -1.32765835e-02 -1.36090387e-02  8.09502900e-02
 -6.88993856e-02  9.17592421e-02  2.35639270e-02 -2.64794044e-02
  2.37182472e-02 -6.42825663e-02  4.51293364e-02 -3.01008932e-02
 -4.00441810e-02 -5.68016395e-02  6.69960156e-02  2.01014522e-02
  8.02953204e-04 -2.60837004e-02 -6.12946860e-02 -1.16382996e-02
 -1.69087257e-02  3.58272754e-02 -1.16922647e-01  8.82617459e-02
 -6.34364411e-02 -5.12188263e-02  3.16821188e-02  5.98821184e-03]"
105,Which of the following can be a reason for overfitting:,All of the above,easy,10,6.010000000000002,"['A. Insufficient training data', 'B. Excessive model complexity', 'C. Too many training iterations', 'D. All of the above']",4,27.0,"[-2.24766899e-02 -3.24754119e-02  5.52622266e-02  2.93026995e-02
  1.18221655e-01 -4.65977527e-02  7.98323378e-03  5.18461168e-02
 -3.54732834e-02  1.97626613e-02 -3.41804847e-02 -1.75888243e-03
 -3.46079022e-02 -6.78559318e-02 -2.96009965e-02 -2.00505089e-02
 -6.13054186e-02 -2.49950849e-02 -1.06287546e-01 -9.16469023e-02
  4.77491394e-02 -4.55510542e-02 -3.05219609e-02  7.90019706e-03
 -3.82131785e-02  3.70018668e-02 -5.85470907e-02 -4.48242612e-02
 -1.20054912e-02 -8.35505128e-02 -2.71195415e-02  7.79030770e-02
 -6.26291037e-02 -2.30760574e-02  3.33264866e-03  1.12981787e-02
  8.24605580e-04  6.08135806e-03  1.98037759e-03  5.72910830e-02
  6.15698751e-04 -1.40747819e-02 -8.74975324e-03  5.89703098e-02
  1.65469013e-02 -2.07180437e-02 -5.42288460e-03 -3.37093659e-02
 -5.42149367e-03  2.27477718e-02 -1.09578304e-01  3.15383077e-02
 -8.02172720e-02 -4.99642733e-03 -3.87960635e-02 -3.75429243e-02
 -1.01526089e-01  4.30363938e-02 -1.58753321e-02 -4.89504747e-02
 -6.71498105e-02 -2.23361095e-03 -6.14448562e-02  3.04034930e-02
  5.96954748e-02 -5.07489704e-02  5.40876179e-04 -1.16407676e-02
 -2.55752243e-02  9.25341919e-02  9.64499339e-02  3.48211080e-02
 -6.02401122e-02  4.86231074e-02  9.07870829e-02  2.43537165e-02
 -3.56149748e-02 -3.96612100e-02  1.26211476e-02 -1.71288829e-02
  2.33408064e-02  1.29289897e-02  8.87044333e-03 -3.70988026e-02
  1.21470682e-01 -3.34987044e-02  1.57995746e-02 -1.20261230e-01
 -5.95206805e-02  2.62379069e-02  5.25289476e-02 -6.70403913e-02
 -3.68412435e-02  4.40034680e-02  3.68327796e-02  9.99876708e-02
 -6.22739876e-03 -2.65312977e-02 -1.64590497e-02  3.19362432e-02
 -5.96908331e-02  3.66020501e-02  6.35989606e-02  1.03767686e-01
  6.84616156e-03 -1.04215499e-02  2.63297111e-02 -1.62667036e-02
  4.55475412e-02 -4.12551984e-02  5.82367741e-02 -2.11195312e-02
  6.26524165e-02 -2.81783403e-03  4.22720462e-02 -2.66584195e-02
 -6.42097890e-02  5.17388694e-02 -4.79198508e-02  8.69047269e-02
 -7.42669851e-02  3.11322398e-02 -3.74682061e-02 -1.08313672e-02
 -4.04964387e-02 -1.92324501e-02 -9.75413620e-02 -1.91754445e-33
 -3.96683775e-02 -5.00891637e-03 -1.33724008e-02  2.81559229e-02
 -1.17809111e-02 -5.58898002e-02 -4.40906398e-02 -1.99524630e-02
  4.44013327e-02 -2.33193450e-02 -3.96825857e-02 -8.43181461e-02
 -5.42236455e-02  5.19802868e-02  4.12604511e-02  1.72829200e-02
 -6.53809449e-03  5.74399903e-02 -5.47225550e-02  3.63595337e-02
  4.67255116e-02 -7.43538439e-02 -4.02181186e-02 -5.65332249e-02
 -1.18098445e-02 -3.49577121e-03  1.12251798e-02  2.67192367e-02
 -1.15444593e-01  3.26249078e-02  8.56781155e-02 -3.32175530e-02
 -8.29716958e-03  6.31012917e-02  1.08297775e-02 -3.68655249e-02
  6.66165054e-02 -2.59126294e-02  3.99696454e-02 -9.71630123e-03
 -9.00988504e-02  2.66382843e-02  5.15181897e-03 -5.41761983e-03
  1.14804976e-01  1.72429271e-02  5.52169792e-02 -3.97866108e-02
 -1.26053363e-01  8.16651508e-02 -8.22633803e-02  2.45874152e-02
  2.45074034e-02  2.70661688e-03 -5.42110652e-02  4.31064889e-03
  5.23007959e-02 -5.91223203e-02 -5.92527054e-02  2.86970418e-02
  2.28866059e-02  5.94301382e-03 -8.30229670e-02 -2.46702135e-02
 -2.70594098e-02 -4.11640108e-02 -8.16019904e-03 -3.76978219e-02
  3.71235386e-02  1.02468841e-01 -3.02479565e-02  2.79727858e-03
 -4.53607887e-02  7.08344430e-02  1.05406139e-02 -4.66191024e-03
 -2.26047356e-02  3.91727053e-02 -4.51730285e-03 -5.82615063e-02
 -7.88143873e-02  5.58772497e-02 -6.90436549e-03 -5.10118008e-02
 -9.16721150e-02  9.90112094e-05  3.21349949e-02 -6.23622276e-02
  6.41766377e-03  7.83650428e-02  2.28044074e-02 -2.56521981e-02
  1.06445653e-02 -2.89203878e-02 -7.34378099e-02 -1.53848758e-34
 -1.00393422e-01  1.31397219e-02  4.11359407e-02  3.33614200e-02
 -1.97710805e-02  2.39091963e-02  3.79387699e-02 -1.19711481e-01
  4.66011688e-02 -1.05259372e-02  6.86202720e-02 -2.14847624e-02
 -1.13970544e-02 -7.58017898e-02 -6.38253167e-02 -4.16935608e-02
  3.04500572e-02  4.21257578e-02  3.83285210e-02 -4.97980826e-02
  3.96511797e-03  8.92307088e-02  2.04430576e-02  4.61964905e-02
  4.46504205e-02  7.91431740e-02 -1.43391997e-01  2.07182914e-02
  5.23944944e-02  1.30877900e-03  5.21905953e-03  6.13692440e-02
  1.31957941e-02  1.41131494e-03  1.71667784e-02  8.82719979e-02
 -2.67152898e-02  4.75824922e-02  4.40265387e-02  6.55178055e-02
  1.02752492e-01  2.14524306e-02  5.28643327e-03  2.43956409e-02
  5.34153879e-02 -9.83746871e-02 -7.41788093e-03 -3.91541570e-02
  9.18032601e-02  2.42496114e-02 -9.93933436e-03 -5.29488176e-03
  3.86312418e-02  9.34124291e-02  1.15090664e-02  6.66006282e-02
  1.54561670e-02  6.96784724e-03  4.41823080e-02  3.81765179e-02
 -1.51311103e-02  8.44015926e-02  4.05933037e-02 -5.09444512e-02
  3.15055773e-02 -3.77658978e-02 -8.29142611e-03  6.82365596e-02
  1.01039462e-01 -1.82262808e-02 -1.07659288e-02 -5.56968451e-02
 -5.43805100e-02  5.39219985e-03 -4.19110730e-02  3.96083966e-02
 -4.46345173e-02  5.37986383e-02 -1.51382284e-02 -4.12807427e-02
 -9.64398831e-02 -1.93258766e-02 -5.67555390e-02  1.06554642e-01
  2.18487997e-02  9.66887176e-02  2.53207553e-02  7.02766841e-03
  3.34105045e-02 -1.95872970e-02  1.29175521e-02  3.97799760e-02
 -5.49470223e-02  1.53533127e-02 -6.11961894e-02 -2.09430606e-08
 -2.37357598e-02 -3.50257158e-02 -2.72685476e-02 -2.30323081e-03
  7.28354603e-02 -8.56224149e-02  2.58477312e-02  1.11981139e-01
  3.47444378e-02 -1.88019294e-02  4.91674952e-02  2.35376526e-02
 -5.88816889e-02  1.13887638e-02  5.25241010e-02 -3.12073296e-03
 -1.29324019e-01  8.77773091e-02 -4.00089100e-02 -4.92946524e-03
 -1.93118267e-02 -6.66368231e-02 -1.24675430e-01  6.11542687e-02
  2.39957273e-02 -2.11854335e-02 -4.17771339e-02  8.13542455e-02
 -8.60815868e-03  5.77013977e-02  4.60655317e-02 -2.74519785e-04
  5.58273084e-02 -1.65673229e-03  1.95049599e-03  3.62763717e-03
  6.85046092e-02 -3.92249934e-02 -7.73957446e-02  3.14197578e-02
 -1.20697841e-02  1.91810690e-02  4.42985632e-02  6.25169277e-02
  1.13767751e-01 -8.64407420e-02  3.08741629e-02  2.82528403e-04
 -2.94020846e-02 -8.92448723e-02 -8.04381911e-03 -6.40870119e-03
  3.07109021e-02 -1.66858640e-02 -1.03434641e-02  2.75041740e-02
 -2.41475329e-02  1.10311136e-01 -3.53749432e-02  7.67631307e-02
  6.03148219e-05 -4.74689752e-02 -2.63952240e-02  3.06013431e-02]"
106,Which of the following can be a reason for underfitting:,Insufficient model complexity,easy,10,7.190000000000001,"['A. Insufficient model complexity', 'B. Excessive training data', 'C. Too many training epochs', 'D. All of the above']",4,26.0,"[-5.85782379e-02 -1.47653865e-02  5.09260595e-02  6.09024316e-02
  1.12394504e-01 -4.98648807e-02  9.11932439e-03  2.13510487e-02
 -1.99499521e-02 -4.25307937e-02 -3.27190454e-03 -2.75950488e-02
  1.64868217e-02 -6.46277368e-02  1.23450710e-02 -3.72698568e-02
 -3.74111347e-02 -3.35318707e-02 -1.17956720e-01 -9.86666456e-02
  4.70615849e-02 -5.40898405e-02 -2.77596842e-02 -5.39023103e-03
  3.31033170e-02 -8.08880664e-03 -2.29487736e-02 -4.74030226e-02
 -1.62849948e-02 -7.93965161e-02 -3.31279635e-02  5.92809282e-02
 -3.22373435e-02 -1.81986038e-02  5.30882441e-02  1.25359697e-02
  2.53306292e-02  1.36242360e-02 -1.56372390e-03  8.16317275e-02
  1.70064718e-02 -1.34300506e-02 -1.10653173e-02  9.72548500e-02
  1.26010058e-02 -1.14287371e-02 -1.70722064e-02 -4.25827838e-02
 -5.70053086e-02 -2.53311731e-02 -9.59500000e-02  5.67992218e-02
 -7.82833397e-02  5.76778734e-03 -8.72346386e-02 -2.45323740e-02
 -1.08715311e-01  1.35017512e-02 -1.64044183e-02 -6.07361086e-02
 -3.64390239e-02 -3.68227474e-02 -5.55496402e-02  3.72533128e-03
  2.92947628e-02 -3.61537822e-02  1.70254856e-02 -1.39446463e-02
 -2.01166868e-02  8.98358077e-02  8.88504088e-02  1.86887775e-02
 -6.24313317e-02  5.68467304e-02  7.46558458e-02 -4.15171171e-03
 -9.65536572e-04  2.26327349e-02  3.55503932e-02 -4.04971167e-02
  4.77827266e-02  2.75916737e-02 -2.51068305e-02  1.34340217e-02
  8.65375325e-02 -3.10427602e-02  2.88356785e-02 -1.16081469e-01
 -1.35290235e-01 -1.33996503e-02  4.60449941e-02 -7.04006180e-02
 -4.19286378e-02  4.03655991e-02  4.82127443e-02  4.32344899e-02
  7.26300478e-02 -2.20138375e-02 -3.13836336e-02  8.15176740e-02
 -7.31992573e-02  6.20798357e-02  4.63222936e-02  1.16238996e-01
 -2.57194415e-02 -5.17816842e-03  3.84775214e-02 -5.67741320e-02
  3.73819768e-02 -6.48179324e-03  4.42014299e-02 -3.09636034e-02
  5.20617403e-02  3.33663002e-02  1.46266269e-02 -5.20412810e-02
 -4.24280278e-02  5.15667815e-03 -5.34086972e-02  1.06045082e-01
 -8.75985622e-02  2.49925237e-02 -1.86899826e-02  1.09254075e-02
 -3.64570208e-02 -3.44693623e-02 -1.21467866e-01 -1.68843802e-33
 -1.03607513e-02 -1.53898448e-02 -1.42195420e-02  1.46287372e-02
 -1.93896256e-02 -5.95448427e-02 -6.50829226e-02 -5.19708060e-02
  6.02675267e-02  1.09725278e-02 -5.89502975e-02 -8.22481588e-02
 -6.32357970e-02  5.70702255e-02  6.57030987e-03  2.70394143e-02
  2.22919118e-02  3.38412039e-02 -5.52049093e-02  2.51753647e-02
  8.93544685e-03 -5.10710888e-02 -4.68367860e-02 -7.99865276e-02
 -1.71117559e-02 -4.59219608e-03 -7.82256387e-03 -2.33148802e-02
 -9.47482511e-02  3.35114822e-02  7.56631866e-02 -6.73892424e-02
  1.93692539e-02  2.55153179e-02 -6.91268640e-03 -2.19098721e-02
  5.53721152e-02 -3.12829167e-02  4.86037768e-02 -1.19454833e-02
 -7.07301423e-02  3.55142094e-02  2.67957207e-02 -4.34070267e-02
  1.05729498e-01  1.84075013e-02  4.74984534e-02 -5.46907745e-02
 -9.76818725e-02  1.13473758e-01 -8.08592886e-02  2.48219017e-02
  2.25102045e-02 -1.56210000e-02 -4.02380712e-02 -1.32045858e-02
  2.56044492e-02 -4.84192558e-02 -5.60989380e-02  1.95222127e-03
  3.07380743e-02 -6.97643775e-03 -1.15916699e-01 -1.07361590e-02
 -3.11674699e-02 -3.23724598e-02 -2.41943002e-02 -6.07897760e-03
  2.66721677e-02  1.12011902e-01 -4.20654938e-02  7.45838683e-04
 -6.17892854e-02  8.47133920e-02  1.57977771e-02  3.70934606e-02
 -4.05977629e-02  1.64911186e-03  6.85955351e-03 -4.00584117e-02
 -6.51033446e-02  7.41366670e-02 -9.45424568e-03 -4.91272397e-02
 -6.94733337e-02  4.17374447e-03  7.67209902e-02 -5.76298945e-02
 -1.41956042e-02  7.96863064e-02  4.24359553e-02 -3.47920656e-02
  1.42997932e-02 -3.69706526e-02 -1.80250220e-03 -8.33250273e-34
 -5.34581840e-02  1.33168688e-02  3.99373397e-02  5.64740226e-03
  1.86139103e-02  5.97518981e-02  5.15784733e-02 -9.02685374e-02
  6.57830760e-02  5.25848977e-02  4.41446304e-02 -1.78959053e-02
 -3.82632427e-02 -8.93032476e-02 -4.53233197e-02 -9.09768138e-03
 -1.11775501e-02  3.67788076e-02  8.16357136e-02 -7.85123743e-03
  4.33643647e-02  9.55061689e-02 -1.12843886e-02  5.69506921e-02
  2.57845633e-02  6.03677295e-02 -8.93835351e-02  1.79657433e-02
 -5.29443361e-02  2.11833697e-02 -2.04695500e-02  7.90553838e-02
 -2.25475524e-02 -2.69555114e-02 -4.82073687e-02  4.44022380e-02
 -2.52597108e-02  4.85343449e-02 -3.37056704e-02  4.20170054e-02
  3.72687280e-02  6.01443462e-02  2.34995713e-03  4.43472434e-03
  2.15847865e-02 -6.86366260e-02  6.06294861e-03 -4.14535403e-02
  1.17381908e-01  5.17646633e-02 -4.15834459e-03 -3.86239290e-02
  7.28529766e-02  7.48979971e-02 -6.92856545e-03  8.52465853e-02
  8.67236685e-03  1.54090952e-02  2.07735710e-02  7.95016140e-02
 -1.17238173e-02  7.88780674e-02 -9.31964535e-03 -3.96337844e-02
  2.42144838e-02 -4.41595316e-02  7.89947808e-04  8.33414793e-02
  1.17812306e-01 -2.56213900e-02 -4.74954695e-02 -4.64411825e-02
 -5.29397428e-02 -8.91160406e-03 -2.26443224e-02  2.87959836e-02
 -6.94029927e-02  4.45915572e-02 -1.11371707e-02 -5.55963069e-02
 -1.03345469e-01 -1.10661366e-03 -8.52084607e-02  8.61254707e-02
 -7.56093860e-03  7.42497146e-02  4.69776094e-02 -2.30586436e-02
  1.78878829e-02 -1.63909141e-02  1.95427574e-02  5.33725359e-02
 -2.07829028e-02  3.41682546e-02 -6.97209090e-02 -2.13208864e-08
  1.27018625e-02 -2.72927433e-02 -1.67111326e-02 -1.59414683e-03
  4.73756827e-02 -5.24033122e-02  6.44664140e-03  7.09668100e-02
  6.83708116e-02 -1.98776014e-02  3.07369679e-02  3.63216735e-03
 -4.30480614e-02  9.96555202e-03  9.75977480e-02 -3.20721641e-02
 -8.88053402e-02  1.23446383e-01 -4.46446389e-02 -2.16916576e-02
  1.74585525e-02 -1.36268837e-02 -1.03045821e-01  9.80960578e-02
  4.68933433e-02 -3.59763354e-02 -5.18171117e-02  8.40753391e-02
 -1.99073348e-02  1.01891242e-01  4.05932739e-02  2.55534444e-02
  8.21950138e-02 -2.67417207e-02 -1.14972899e-02  2.86152828e-02
  8.04878622e-02 -4.10055108e-02 -6.67051673e-02  5.78151131e-03
 -2.17260867e-02  3.55303921e-02  2.47479007e-02  1.19539434e-02
  7.37363175e-02 -9.01903287e-02  3.81514430e-02 -2.19045774e-04
 -1.34263095e-02 -1.06107287e-01  5.68626542e-03 -1.84148941e-02
  3.64701189e-02 -1.21308025e-02 -6.11683307e-03  6.29668906e-02
 -1.40815554e-02  8.96087736e-02 -3.70124280e-02  4.87699360e-02
 -5.91777684e-03 -5.71284592e-02 -2.87339813e-03  8.42027273e-03]"
107,Which of the following is true about non-parametric models as compared to parametric models:,All of the above,medium,14,11.784285714285716,"[""A. They don't make prior assumptions on data's probability distribution"", 'B. They are often more flexible and achieve better accuracy', 'C. They require more training data', 'D. All of the above']",4,45.75,"[-5.71339764e-02 -6.47167489e-02 -7.08770007e-02  2.36178283e-02
  5.05946390e-02 -1.07129943e-02 -1.01058722e-01  2.61059683e-02
  1.03280552e-01  8.45147390e-03  1.37906790e-01  2.17637625e-02
  5.94914071e-02  2.31820773e-02  7.79067576e-02 -7.40143433e-02
  7.14507401e-02 -7.06948116e-02 -6.32315176e-03 -3.89897637e-03
  3.42103131e-02 -4.60705645e-02 -5.70743205e-03 -3.86289367e-03
 -3.22265970e-03 -6.66613281e-02  2.42045075e-02  1.26142064e-02
 -2.71182675e-02  4.99514025e-03 -1.32040605e-01  5.50165325e-02
 -9.23321545e-02  6.27841502e-02  4.07614708e-02 -3.17743011e-02
  4.83974740e-02 -3.79097345e-03 -1.74910165e-02  1.38022527e-02
 -6.18180186e-02 -5.66263869e-02 -2.78194919e-02 -1.50656328e-02
  1.00418061e-01 -3.49137112e-02 -3.60708148e-03 -5.47735728e-02
 -1.04018770e-01  5.83129330e-03 -9.97390449e-02  2.36239191e-02
 -1.02102518e-01  3.71042117e-02  9.87480860e-03 -2.57800315e-02
 -4.37285453e-02 -2.86610215e-03  1.81573443e-02 -4.26918408e-03
 -4.03076559e-02 -8.83004814e-03 -9.81277972e-02  2.69834269e-02
  4.10914905e-02  6.94985408e-03 -3.22523117e-02 -4.05352041e-02
  1.25960875e-02  3.19854431e-02 -5.81281446e-03  3.25698145e-02
 -9.36176220e-04 -4.67180274e-02 -3.68749653e-03 -1.17658213e-01
  7.28214160e-02  7.31820986e-02 -1.86596289e-02 -8.18980262e-02
 -1.22989640e-02 -1.91746298e-02 -5.80860749e-02 -3.75718228e-03
  3.66495037e-03  5.00111207e-02 -6.80339336e-02 -6.80980459e-02
 -6.05219528e-02  1.16777355e-02  2.40086000e-02  9.64919925e-02
 -4.66053784e-02 -3.79829481e-02 -1.32076889e-02  4.57062274e-02
  7.42393732e-02  1.15625085e-02 -2.04105936e-02  4.18391265e-03
  3.10052000e-02  8.35986249e-03 -1.05506461e-02  6.84364438e-02
  6.88152462e-02  8.34939349e-03  4.51657549e-02 -6.74841553e-02
  2.06411332e-02  7.62866214e-02  3.19858380e-02  4.56065051e-02
  1.36316670e-02 -9.61896512e-06 -5.62665239e-02 -9.51823220e-02
  2.79488787e-03 -1.16547970e-02  2.63283718e-02 -3.55856381e-02
 -5.90886362e-03  5.12678036e-03  3.80957983e-02  3.43298838e-02
 -8.72790441e-02 -5.29240677e-03 -1.06633604e-02 -9.15128505e-34
  1.22374417e-02 -1.76776182e-02  3.83118242e-02 -3.51041444e-02
 -5.19905873e-02  2.49272529e-02 -9.41841826e-02 -1.57368723e-02
  8.82455856e-02  5.29697817e-03 -9.75751132e-02 -2.88458467e-02
  8.47950205e-03  7.45042861e-02  1.06332518e-01  6.04916438e-02
 -4.25226167e-02  6.06742650e-02 -8.00537392e-02  1.32540716e-02
  3.45031135e-02 -3.66049781e-02 -4.42937855e-03  7.48393685e-02
 -3.03751305e-02 -3.52782197e-02  3.37069929e-02 -4.78955433e-02
 -1.57851994e-01  3.62186059e-02 -3.16330716e-02 -9.97468550e-03
  1.04114264e-01 -2.67829746e-03 -5.40067255e-03  5.66219278e-02
 -1.34095466e-02 -4.31817323e-02  5.83924307e-03 -7.68655464e-02
 -5.07751778e-02  2.84851040e-03  8.28079041e-03  2.44892891e-02
  2.03398895e-02 -9.44408849e-02  7.63435960e-02 -5.35906479e-02
 -3.45208198e-02 -4.19709161e-02  1.94169395e-02  2.35296544e-02
  9.63777956e-03 -5.64032756e-02  5.14313318e-02  3.78897041e-03
  4.36820351e-02  1.63937954e-03 -7.23168850e-02  1.94173176e-02
  3.58018316e-02 -2.01442912e-02  9.40278405e-04 -5.02466187e-02
  7.18316883e-02  5.86934835e-02 -8.92014652e-02 -1.17152408e-02
  4.12049778e-02 -3.75547670e-02  5.67279086e-02  4.03570384e-02
 -1.71496831e-02  4.90171649e-02  3.83481607e-02 -6.63498789e-02
 -3.67402695e-02 -8.64236988e-03  9.50559799e-04  3.24957520e-02
 -1.27891088e-02 -5.79933114e-02 -4.42795195e-02  2.15769024e-03
 -3.07187997e-03  7.79094845e-02  7.44153112e-02 -5.76170906e-02
  1.09678209e-01 -8.42688978e-03  8.74558557e-03  2.39029918e-02
 -1.44376114e-01  2.37555839e-02  2.04237774e-02 -1.50616459e-33
 -5.61069921e-02  6.12857006e-02 -3.33542824e-02  5.00290766e-02
 -1.72876697e-02  9.69428383e-03 -8.00409820e-03 -7.85312057e-02
  7.54721388e-02 -4.79884222e-02 -1.42887449e-02 -3.05641033e-02
 -3.73260342e-02 -4.40175198e-02  1.99595429e-02  2.07752101e-02
 -2.32211221e-02 -5.37804514e-02 -4.21938226e-02  2.12305747e-02
  2.81171184e-02 -6.90918788e-03 -3.40379067e-02  1.81206875e-02
 -8.29233453e-02  4.03388292e-02 -1.82594165e-01  8.22357312e-02
 -1.78095493e-02 -4.12430521e-03  1.01362817e-01  4.85994890e-02
 -2.33456027e-02  3.19969468e-02 -2.02747690e-03  9.56222489e-02
 -2.00426057e-02  7.27087036e-02  6.98023185e-04  1.76884290e-02
 -3.73766497e-02  2.19953526e-02  4.61148620e-02 -2.27061901e-02
  1.65172294e-02  5.16193062e-02  5.12452908e-02 -4.30132784e-02
 -1.72486547e-02 -9.98021066e-02  3.77734639e-02  4.98653203e-02
  5.29408548e-03  1.41512034e-02 -3.05167530e-02 -1.42363384e-02
 -8.19591284e-02 -1.06293283e-01  2.47417185e-02  7.98359513e-04
  6.50681704e-02 -3.75483371e-03 -6.21693656e-02  3.51651609e-02
 -5.98550104e-02 -1.52095528e-02  3.09187509e-02  9.35039297e-03
  4.63448055e-02 -3.11247297e-02 -4.49028723e-02 -4.36135866e-02
  1.23402206e-02 -4.46965955e-02 -6.84338138e-02 -3.24845943e-03
  1.99431591e-02 -5.94286807e-03 -8.95029381e-02 -7.53284171e-02
 -3.30697112e-02  1.40481978e-03  1.74920056e-02 -2.65482813e-02
 -9.49857458e-02  5.34304194e-02  1.07176406e-02 -1.08303025e-01
 -4.08804752e-02  4.55629528e-02  2.06327736e-02  7.23255798e-02
  1.59469228e-02  5.16926683e-02  6.37850985e-02 -2.25110579e-08
  1.10366158e-01  5.80461398e-02  7.34360889e-02  1.30014773e-02
 -3.77192162e-02  3.74338627e-02  5.77547289e-02  4.07529958e-02
  2.01527588e-02  4.00979593e-02 -4.57127467e-02 -3.88992801e-02
 -4.72282292e-03  2.84235477e-02  2.79910360e-02  5.17963767e-02
  4.15624231e-02 -1.05766952e-02  1.54687939e-02 -8.22988711e-03
  3.47810015e-02  5.07621169e-02 -1.21716060e-01 -1.86114721e-02
  3.01044062e-02  3.51423994e-02 -3.54808047e-02  5.15566382e-04
  1.06379101e-02  7.34654367e-02  5.72417974e-02  4.56731394e-02
 -1.75827444e-02  1.10810890e-03 -1.99076887e-02 -2.63191424e-02
  1.17765367e-01  5.80953173e-02 -1.05105884e-01 -1.22531932e-02
  1.92030184e-02  3.15758809e-02 -1.36457041e-01  5.30122109e-02
  4.27697599e-02 -2.82292031e-02  6.08953647e-02 -5.31666465e-02
  1.26978541e-02  2.15208959e-02  1.40188858e-02  5.33847325e-03
  1.93663593e-02 -5.32789417e-02 -3.99114098e-03  3.59553993e-02
  3.44026573e-02  1.19165983e-02  7.09336698e-02 -2.48254891e-02
  6.23397902e-02 -4.75883670e-02  2.23928336e-02  1.80161521e-02]"
108,How can we handle the problem of underfitting in decision trees:,All of the above,medium,11,8.009090909090911,"['A. Increase the size of the tree', 'B. Add more attributes', 'C. Increase the size of the data', 'D. All of the above']",4,26.25,"[-3.71519104e-02  2.80712694e-02  8.12145770e-02  6.32686913e-02
  9.43480507e-02 -1.01783819e-01  3.80341150e-02 -2.91776750e-02
 -7.77149722e-02  1.18050929e-02 -8.78229812e-02 -6.43119290e-02
  5.17983064e-02 -6.68366104e-02 -5.56519115e-03  2.05571391e-02
 -2.39546336e-02  6.18911237e-02 -4.93415669e-02 -7.02009872e-02
  4.35669795e-02 -2.95580309e-02 -4.28947806e-02  2.29386371e-02
  3.18256132e-02 -3.40880938e-02  3.87541181e-03 -2.21059173e-02
 -6.01445585e-02 -3.36937010e-02 -5.45718633e-02  1.21003110e-02
  8.56449921e-03 -2.02686638e-02 -8.93915519e-02 -1.96545068e-02
  2.07308382e-02 -2.74237208e-02 -2.44053435e-02  8.25833455e-02
  3.77520695e-02  6.06367886e-02 -1.61234383e-02  9.43410546e-02
  6.69694133e-03  2.71378439e-02 -3.46794277e-02 -4.39647101e-02
 -3.69945727e-02 -1.34367468e-02 -6.84413463e-02  2.02120170e-02
 -3.96153033e-02 -1.59274358e-02 -1.01307698e-01 -8.01817626e-02
 -3.58587541e-02 -6.30075559e-02 -4.37656185e-03 -3.13652903e-02
  5.44056743e-02 -5.42920530e-02 -3.80415991e-02 -1.98655501e-02
 -1.65200941e-02  1.64349340e-02  9.90512595e-03  2.62497012e-02
  2.73485761e-02  6.95244819e-02  4.19565551e-02  5.51678501e-02
 -9.21918303e-02  5.04149683e-02  4.12207246e-02 -1.08924033e-02
  5.96263595e-02  7.97632113e-02  3.11151557e-02 -2.62429994e-02
 -1.67369898e-02  1.12579223e-02 -3.49924639e-02  5.61448396e-04
  1.59297124e-01 -5.79312071e-02 -2.55063791e-02 -2.32520979e-03
 -5.75781278e-02 -2.45888606e-02 -1.67664066e-02 -8.00855681e-02
  2.67815776e-02  1.83970015e-02 -3.94639336e-02  4.11279732e-03
  6.79421946e-02 -1.47484355e-02 -3.02878954e-02  9.10760388e-02
 -1.24784373e-01  1.15559347e-01  2.12688781e-02 -1.62888672e-02
 -4.08006124e-02 -1.06936270e-04 -1.75156854e-02 -7.41281137e-02
  4.12905179e-02 -7.65760168e-02  6.49347976e-02 -4.16491143e-02
 -1.59106050e-02  4.96766865e-02  1.69834811e-02 -1.73897948e-02
  5.96333249e-03 -3.82016525e-02 -7.49484226e-02  4.72975895e-02
 -5.69381192e-02  2.75556520e-02  4.38684691e-03  2.09826622e-02
  2.15475075e-02 -1.25066517e-02 -1.14890479e-01 -2.60756734e-33
 -4.56300117e-02  3.51521594e-04  4.33099009e-02  1.07235815e-02
 -1.36901131e-02 -2.32078824e-02 -1.14076994e-02 -6.30372390e-02
  5.56658395e-02  7.14153750e-03 -4.25334387e-02 -3.75133157e-02
 -2.07266174e-02 -2.83733942e-02  8.34066644e-02 -1.28093427e-02
 -2.37453561e-02  2.59769671e-02 -2.72696745e-02 -3.12485155e-02
  4.84061427e-02 -9.89616364e-02 -7.90806785e-02 -8.83930773e-02
  4.89597842e-02  2.41295844e-02 -4.91705388e-02  8.02583527e-03
 -7.29674520e-03  2.59498674e-02  3.35225612e-02 -7.08067045e-02
  5.56739308e-02  5.77395521e-02  1.05598895e-03 -6.55386457e-03
 -2.68122125e-02  3.41321118e-02 -1.50452992e-02  1.95043627e-03
 -6.51307181e-02 -1.96663663e-02  9.17628314e-03  5.43244556e-03
  7.33404513e-03  7.18404204e-02  7.48065906e-03 -4.00485732e-02
 -9.37918108e-03  4.03302982e-02 -4.04773885e-03 -1.22705207e-03
 -5.57619855e-02  1.69196557e-02 -9.81071293e-02  5.67160286e-02
  3.03027499e-03 -1.22469915e-02  3.06973420e-03  2.29181554e-02
  6.64549097e-02 -6.36162832e-02 -4.82586809e-02 -1.15862722e-02
  2.60158279e-03  1.86910443e-02 -3.56087647e-02 -3.63338888e-02
  5.10417409e-02  6.34517567e-03 -3.97755578e-02  1.19238496e-02
 -3.54410708e-02 -9.66606010e-03 -3.06408871e-02  5.33785559e-02
  4.71615195e-02  3.63474824e-02 -1.75817441e-02 -2.36824285e-02
 -4.84744459e-02  1.67109538e-02  1.02193886e-02 -3.43112946e-02
  3.19022313e-02 -6.83299229e-02  6.87077045e-02 -1.49375806e-02
 -8.77918825e-02  7.58536384e-02 -1.23919778e-01  3.89197506e-02
  1.40351970e-02 -8.30244943e-02  9.90124121e-02  6.11728867e-34
 -5.11592589e-02 -3.22083384e-03  1.09285705e-01  6.14972934e-02
 -1.52866857e-03  4.40795273e-02 -2.46383846e-02 -2.20643505e-02
  4.39999774e-02 -3.19402106e-02 -3.16296108e-02  6.07005470e-02
  4.09716181e-02 -4.25980054e-02 -6.01889566e-02  2.98187602e-04
 -1.15571851e-02  9.82449427e-02  3.38930562e-02  7.05112070e-02
  7.28599280e-02  6.91483766e-02 -8.27341303e-02  6.55594245e-02
  1.37997577e-02  3.14477086e-02 -1.18189109e-02  9.01322754e-04
 -1.66424811e-02 -3.20427530e-02 -4.90521975e-02 -1.08699175e-02
 -5.82265779e-02 -6.64986223e-02 -2.33163852e-02 -5.00521325e-02
  7.07945740e-03  7.34477770e-03 -3.27528343e-02  1.18993230e-01
 -1.10727772e-02  5.62155023e-02 -1.32183984e-01  6.93110144e-03
  5.75996265e-02 -2.61071250e-02 -4.66821790e-02 -3.06652710e-02
  3.42795663e-02  1.48808048e-03  2.42319964e-02 -8.00907463e-02
  4.10861410e-02  6.63186535e-02 -2.38859598e-02  6.89546242e-02
  4.23474051e-02  4.86817695e-02  7.39375204e-02  4.66135107e-02
 -7.99185187e-02  1.09283542e-02  2.84582432e-02  2.36422778e-03
 -8.24285951e-03 -9.51411948e-02  2.58356109e-02  4.64894325e-02
  6.33533075e-02 -4.68789376e-02 -1.33225424e-02  1.72992423e-02
 -6.22179061e-02  9.79176443e-03  8.82632211e-02 -1.50943249e-02
 -5.16151078e-02 -1.69028789e-02  4.95495088e-02  1.04967449e-02
 -7.26798251e-02 -9.36936773e-03 -3.76883075e-02  9.74963531e-02
  4.05595154e-02  8.53760466e-02  9.51753557e-02  3.63511220e-02
  1.89812891e-02 -6.54192343e-02 -3.36758383e-02  7.04300031e-02
  2.29717698e-02  3.32593247e-02 -8.91202092e-02 -1.99366212e-08
 -8.74638371e-03 -7.65415002e-03  4.93057945e-04  5.14427619e-03
  9.17982161e-02  1.32953795e-02 -6.18986860e-02  1.27487496e-01
  2.01024651e-03  8.56327731e-03  5.16414680e-02 -1.36356037e-02
  1.19086998e-02  4.15430330e-02  8.98606926e-02  2.77868342e-02
 -5.93423843e-02  1.23010561e-01 -5.46047650e-02  1.16416670e-01
  4.06528339e-02  7.46050570e-03  2.13966165e-02  1.14303328e-01
  8.70369300e-02 -8.69949982e-02 -1.85251199e-02  4.06780802e-02
  1.74511373e-02  1.74517155e-01 -1.28075248e-02  2.39301268e-02
  6.07359968e-02  5.88023812e-02 -4.43865359e-02 -1.32412370e-03
 -2.81794881e-03 -3.26526240e-02 -1.03201933e-01  2.02325750e-02
 -5.24354130e-02  1.89495534e-02  4.62707411e-03 -3.09919678e-02
  2.02952866e-02 -3.57108153e-02  2.72498224e-02  4.47926447e-02
 -2.29603332e-02 -1.72162764e-02  2.67065433e-03 -1.49687314e-02
  9.25325882e-03  6.33057486e-03  1.64098535e-02  1.61633752e-02
 -1.18682012e-02 -9.84549770e-05 -5.01864031e-02  1.45609826e-02
  1.54398801e-03 -1.48316219e-01 -3.65151837e-03  8.33423287e-02]"
109,Which of the following evaluation methods is not appropriate if the size of the data is small?,Holdout Method,medium,17,10.47529411764706,"['A. Holdout Method', 'B. Cross-validation', 'C. Leave-One-Out Approach', 'D. All of the above']",4,20.0,"[ 8.80352259e-02  1.35936901e-01 -6.86201155e-02 -3.24869971e-03
  3.45325656e-02 -3.31350826e-02 -5.04115634e-02  7.04343766e-02
 -2.47619059e-02  4.55337204e-02  7.50615597e-02 -1.09279817e-02
 -5.78472354e-02  1.47674354e-02 -7.37447143e-02  1.89541299e-02
  7.45015070e-02 -3.60826962e-02 -4.79530282e-02 -2.96641160e-02
  3.62383090e-02 -2.83557083e-02 -5.51694669e-02  1.07460190e-02
  5.48432358e-02  1.53768379e-02 -3.89218293e-02 -7.04465713e-03
  2.61445791e-02 -5.04345521e-02 -4.26206179e-02  4.98903282e-02
  3.80244432e-03 -1.63910408e-02 -3.46394517e-02  2.80750543e-02
  2.95956284e-02  5.11746332e-02 -4.37179906e-03  5.43526523e-02
  1.44413607e-02  4.70848233e-02  2.25570891e-02  4.99809608e-02
  4.11663018e-02 -3.42598520e-02 -1.75279751e-02 -2.25361753e-02
 -5.29953539e-02 -3.51731926e-02 -1.67254861e-02  9.53974128e-02
 -8.30365941e-02  3.89980972e-02 -3.79987396e-02 -1.16317578e-01
 -9.87402871e-02 -6.88386410e-02 -1.06409201e-02  6.49725050e-02
 -6.70866519e-02  2.15387288e-02 -7.06891809e-03 -5.01758792e-03
  3.35126333e-02 -6.02350272e-02  4.82159015e-03 -1.11439154e-01
 -3.76871526e-02  3.97483967e-02  1.30223194e-02  4.26711850e-02
 -7.60026947e-02  1.22983575e-01 -5.66485040e-02 -8.76634493e-02
 -1.63382571e-02 -1.96954552e-02 -1.75512675e-02 -2.93417368e-02
  7.66773662e-03  1.93351123e-03 -6.14940561e-02 -4.48007882e-03
  2.75249649e-02  3.55818756e-02 -1.88303255e-02 -3.00758183e-02
 -7.67657086e-02  2.62458660e-02  6.68150708e-02  1.23735152e-01
 -1.32684512e-02  1.01418486e-02  3.90066318e-02  3.32988128e-02
 -3.89217138e-02 -6.17161058e-02  2.27062702e-02  6.46687225e-02
  2.39855181e-02  9.90899280e-02  1.10589983e-02  4.61068330e-03
 -3.38988937e-02 -3.91207002e-02  6.57321885e-02  2.66410578e-02
  4.30038720e-02  3.25323045e-02  2.33701002e-02  4.51379120e-02
 -2.92501133e-02 -1.10705348e-03  6.53323978e-02 -4.41098586e-02
 -1.62799284e-03  2.04383563e-02 -1.50272185e-02  6.54928759e-02
  2.24746857e-02 -1.64781269e-02  9.07076597e-02 -3.61115895e-02
 -2.13699546e-02  5.59320971e-02 -2.56957039e-02 -1.85328990e-33
 -7.94064850e-02  7.35483877e-03  8.58865737e-04  2.12123245e-02
 -7.53244534e-02  7.29151862e-03 -8.34936742e-03 -2.15811320e-02
  8.07924836e-04  4.62496765e-02 -7.22132847e-02  2.64714304e-02
  4.23437767e-02 -9.92662925e-03  1.55198097e-01  4.37724218e-02
  5.22138998e-02  1.77492693e-01 -1.14484951e-01 -2.99410149e-02
  4.27630991e-02 -8.58668052e-03  6.70018420e-02  1.04639590e-01
  7.76820211e-03 -1.30454093e-01  6.20080717e-02  1.67414956e-02
 -7.91770369e-02  1.34747429e-02 -2.78406981e-02 -1.97292324e-02
  2.41228677e-02  5.23211900e-03  5.06997593e-02  1.50652509e-02
  2.81510670e-02 -1.18877133e-02  2.78609730e-02 -5.19322269e-02
 -4.47913446e-02  3.64876911e-02  7.22271502e-02 -5.96211292e-03
  2.88341735e-02 -2.61995438e-02  4.68559600e-02  2.37890612e-02
 -4.22511138e-02  4.44166325e-02  4.59570922e-02 -4.74267593e-03
  3.69231142e-02  5.02681397e-02  2.52062045e-02  4.24647182e-02
  4.19834815e-02 -3.07336599e-02  6.50386512e-03  4.59919348e-02
 -4.46120091e-02 -1.76230036e-02 -1.37527641e-02 -2.40386445e-02
  2.52787638e-02  4.03501093e-02 -4.11367938e-02 -1.11226171e-01
  2.69707199e-02 -6.13560714e-02  5.32668754e-02 -2.78784288e-03
  7.82780871e-02 -1.88064296e-02  1.29854586e-02 -6.98449165e-02
  5.60400682e-03  3.22391242e-02 -3.29910591e-02 -9.12800357e-02
 -5.20348456e-03 -1.93248794e-03  9.07432940e-03 -3.38747613e-02
 -4.70865704e-02 -4.63518053e-02  9.24371090e-03  5.78662530e-02
 -1.95888784e-02 -1.70966994e-03 -1.30985096e-01  6.77082464e-02
 -6.56046867e-02 -6.93132952e-02 -6.43258542e-03  6.21427063e-34
 -7.50278756e-02  5.33068739e-02  3.43335830e-02  6.10971637e-02
 -4.30957749e-02  3.92138697e-02  2.94363573e-02 -5.86854853e-02
  5.57868779e-02 -1.26897776e-02  1.71879493e-02 -4.25286740e-02
  2.20320635e-02 -1.04689494e-01 -2.70908829e-02  7.37697780e-02
 -2.69798636e-02 -1.21025585e-01  4.72493805e-02  5.58129475e-02
 -3.56732123e-02  6.88373074e-02  2.61704233e-02  5.77900596e-02
 -2.06778590e-02  8.73763114e-03 -4.79965955e-02 -5.27059287e-02
 -1.94401462e-02 -5.08532003e-02 -5.18928356e-02 -7.19759241e-02
  2.52756998e-02 -4.66991477e-02 -1.94424447e-02  1.20109338e-02
  8.02300200e-02 -8.18149149e-02 -2.90635023e-02  7.63993189e-02
 -3.36495484e-03  1.13305584e-01 -5.45906089e-02 -4.53510657e-02
 -2.08883416e-02 -5.78969009e-02 -4.12899628e-02  2.73971502e-02
  1.81740988e-02  3.69296037e-02  4.33886526e-05  6.55902456e-03
 -2.95198131e-02  6.18221834e-02  4.63164411e-03  6.05021641e-02
  3.21578942e-02  2.21351720e-02 -6.62955269e-02  4.26188260e-02
 -5.81291281e-02 -2.86666919e-02 -1.95056368e-02  5.99377975e-03
 -8.34662244e-02 -8.08409386e-05  4.97826673e-02  3.92720364e-02
 -1.03637483e-02  2.93699428e-02  1.18572665e-02  5.01749143e-02
  9.15202573e-02 -3.63805294e-02 -6.17869906e-02 -8.68924893e-03
  3.38137075e-02  1.53379478e-02  2.80310251e-02  3.32851671e-02
 -2.87866276e-02  2.57035438e-02  4.26440686e-02 -4.15806659e-03
 -2.80700494e-02  4.65384386e-02  8.01666602e-02 -1.22180209e-01
 -9.06136632e-02  7.77677074e-02 -3.77912335e-02  2.02593189e-02
  6.18975088e-02 -7.37629682e-02  2.88539808e-02 -2.25158203e-08
 -3.08050886e-02 -9.19402167e-02  9.69305709e-02  3.57184820e-02
 -1.34515269e-02  8.86093825e-03 -8.33470449e-02  6.59580156e-02
  3.02379113e-02 -4.68202829e-02  6.94361478e-02  3.22435759e-02
 -8.85484740e-02  1.35306269e-02  5.26208542e-02 -5.97714670e-02
 -3.24706011e-03 -6.12304136e-02 -7.04563633e-02  2.76746415e-02
 -1.55451726e-02  6.61016330e-02 -7.76530430e-02 -6.17841855e-02
  8.92989933e-02 -5.33602014e-02 -2.22761557e-02  7.16324523e-02
 -6.67141005e-02 -6.64022341e-02  6.59399256e-02  8.52205753e-02
 -5.27205430e-02  5.80292568e-02  3.77389118e-02 -5.24446145e-02
  2.17841566e-02  7.53799006e-02 -3.58033478e-02  3.42023037e-02
 -9.44161136e-03 -1.21407080e-02  1.50486697e-02 -2.77013276e-02
  3.79085541e-02 -3.87150720e-02 -5.94896115e-02 -2.91070137e-02
  1.07988054e-02 -4.16597575e-02 -1.73332216e-03 -6.89878315e-02
 -6.37125000e-02  2.90131085e-02  5.98724335e-02  6.52002729e-03
 -3.59323365e-03  1.55902710e-02 -6.00994229e-02 -8.17324209e-04
  1.68560240e-02 -1.70632303e-02 -5.43730855e-02 -1.64647289e-02]"
110,What is a decision boundary in the context of decision trees?,Rectilinears that separate different classes in the feature space,easy,11,8.009090909090911,"['A. Rectilinears that separate different classes in the feature space', 'B. The point at which a decision tree splits the data', 'C. A measure of the complexity of a decision tree', 'D. All of the above']",4,47.25,"[ 4.19531353e-02  2.52262224e-02 -2.79874331e-03 -9.50109120e-03
  4.62637208e-02 -6.41914979e-02  2.83898320e-02  1.13178836e-02
  6.58158632e-03  6.29579723e-02 -8.38524476e-02  1.20238978e-02
  1.60733610e-02 -7.23963976e-03  1.41447941e-02  3.65158021e-02
 -5.42828850e-02 -6.96177874e-03 -2.50392687e-02  4.28887270e-03
  4.81881835e-02  7.57217109e-02 -1.00834124e-01 -6.41616667e-03
 -5.17788194e-02 -8.00707377e-04  6.12689974e-03  1.77353192e-02
  1.24228140e-02  5.36391418e-03 -5.46035618e-02 -8.23953375e-03
  8.53186175e-02  1.00963041e-02 -1.22921348e-01 -8.05838685e-03
 -6.48046611e-04 -1.53103126e-02 -1.27416058e-02  6.29602075e-02
  2.73751523e-02  3.11955884e-02 -2.23231278e-02  6.03102632e-02
  1.22623118e-02  6.85009137e-02 -8.70018601e-02 -1.04649412e-02
 -6.22594915e-02 -5.09924926e-02  1.77992545e-02 -8.93376470e-02
 -2.61610989e-02 -1.03295101e-02 -5.28389646e-04  4.17146012e-02
  3.44692022e-02  1.23894624e-02 -2.27986909e-02  3.41201350e-02
  7.61146005e-03 -6.62580803e-02 -7.52579942e-02  1.86397899e-02
  6.60533756e-02 -4.48007062e-02 -3.77376825e-02  3.65476087e-02
  2.82846969e-02 -5.67096053e-03  3.97413112e-02  2.30289605e-02
 -7.78898224e-02 -2.87648216e-02  6.72143921e-02 -1.92149077e-02
  5.96706942e-02  4.09871005e-02  3.74831893e-02 -2.34396867e-02
 -1.02085546e-01  2.54943427e-02 -1.24715805e-01  7.58770993e-03
  4.40522954e-02 -3.38576920e-02 -2.89393198e-02 -8.53778142e-03
  8.47689714e-03  2.31974423e-02 -1.46094868e-02 -8.06801096e-02
 -2.40127719e-03  4.52474132e-02 -1.12565808e-01 -2.63039418e-03
 -3.17518599e-02 -1.06126685e-02 -3.75748426e-02 -2.93389261e-02
 -5.38501740e-02 -8.79771933e-02 -3.10383253e-02 -2.06637452e-03
 -4.18879976e-03 -4.87531833e-02 -5.93982227e-02 -4.91039380e-02
  4.33275476e-02 -8.45367461e-02 -8.10675137e-03 -8.86249989e-02
 -2.92960871e-02 -9.75078810e-03 -1.77135225e-02 -2.36943327e-02
  4.62334007e-02 -3.92084606e-02  3.09888460e-02 -1.92468036e-02
 -1.79316606e-02 -3.04066129e-02 -6.80897161e-02 -6.13715872e-02
  2.45915893e-02 -4.70005237e-02 -7.27005228e-02 -7.47994018e-33
  8.23263265e-03 -1.16377309e-01 -3.53753148e-03  1.66252572e-02
  5.39552420e-02  4.37956862e-02 -3.49741429e-02 -7.99517408e-02
  3.39085050e-02  9.41426978e-02 -4.82194088e-02 -4.38619358e-03
  4.62222025e-02  9.01525933e-03  1.42629087e-01  2.42496319e-02
 -1.07410267e-01  3.30757350e-02 -2.18996760e-02 -1.74030904e-02
  1.70489922e-02  7.32015818e-02  1.24967461e-02 -2.14579180e-02
  2.68170275e-02 -3.53761464e-02 -4.37984914e-02 -2.60925442e-02
  1.95227079e-02  2.46055350e-02 -8.21990520e-02 -7.87191745e-03
  1.33083863e-02  3.28915543e-03  4.61782664e-02  1.40544325e-01
 -9.95737910e-02  1.98480319e-02 -8.17854851e-02 -5.64640351e-02
 -8.14320892e-02 -5.84281050e-02  2.23119487e-03  8.44815075e-02
  1.65264644e-02 -3.64350202e-03 -4.53541204e-02 -3.62786022e-03
 -1.45696271e-02  2.65353564e-02  6.82057487e-03  2.34140083e-02
  9.68470052e-02 -4.91698049e-02 -3.50439027e-02  9.01111588e-02
 -4.14494649e-02  7.98820704e-02 -1.22696133e-02  7.23202229e-02
  8.08927417e-02 -1.67594999e-02  9.07837227e-03  3.07883825e-02
  6.26336113e-02  1.09936528e-01 -4.38102931e-02 -5.55784814e-02
  8.66904929e-02 -5.39967604e-02 -2.36932598e-02  4.49306667e-02
  9.41496566e-02  9.82394349e-03  5.90184890e-03 -4.83506406e-03
 -1.50770163e-02  5.31767383e-02 -3.20686847e-02 -6.49737269e-02
 -1.01516113e-01  2.45426502e-03 -3.66691202e-02 -6.21631257e-02
  2.18705069e-02 -2.54908334e-02 -4.32360452e-03  5.59997978e-03
 -2.35075112e-02 -1.39410486e-02 -1.05714299e-01  5.90905510e-02
  7.39526898e-02  3.20301801e-02  4.90042381e-02  1.43218604e-33
 -3.19791250e-02 -3.90151851e-02  4.24582325e-03  2.48283846e-03
 -2.71975398e-02  5.01897465e-03 -4.58200499e-02  2.66079586e-02
 -5.81623893e-03 -8.44526514e-02 -2.52970085e-02  1.25358954e-01
  3.47311012e-02  2.26105172e-02 -1.05915340e-02 -9.88674350e-03
 -6.54176697e-02 -2.71981806e-02 -2.01796982e-02 -7.63914315e-03
  4.61323559e-02 -1.78472867e-04 -1.44819126e-01  5.68782650e-02
 -1.28614670e-03  3.42055713e-03 -6.12943210e-02 -7.53342658e-02
  2.18273066e-02 -8.65944021e-04 -2.30508819e-02 -1.20915286e-01
 -7.41577148e-02 -1.12537025e-02 -1.72691196e-02 -6.77803531e-02
  9.40026715e-02 -1.15774326e-01  2.72797365e-02  6.61031529e-02
 -6.29915744e-02  7.94200401e-04  4.09254804e-02  6.16291724e-02
  1.69323124e-02 -1.26938568e-02 -4.74149920e-02  2.62515191e-02
 -5.67321060e-03 -7.51018077e-02  4.82698269e-02  7.65201598e-02
  9.19542182e-03  8.94228965e-02  2.40022950e-02  2.90598068e-02
 -3.35430913e-02  7.96226263e-02  6.13125823e-02  8.54877532e-02
 -4.70031798e-02  2.39061210e-02  8.95697623e-03  1.32568358e-02
 -1.78033616e-02 -1.78706180e-02 -4.31051217e-02 -2.38322723e-03
  4.17804793e-02 -2.83976756e-02 -7.84564540e-02  8.10980871e-02
 -4.98570465e-02  1.49349561e-02  1.98806394e-02 -3.32688503e-02
  1.60539355e-02 -7.64054805e-02 -3.39201689e-02  8.47102106e-02
 -9.96149555e-02 -2.88173761e-02  2.87057199e-02  1.00497775e-01
  9.09499526e-02 -7.69736187e-04 -1.03262858e-02  1.61137879e-02
  8.19134861e-02 -8.48889276e-02  2.17023734e-02 -2.65237428e-02
 -4.18296605e-02 -1.07375218e-03 -1.05832733e-01 -2.00542107e-08
 -7.63927540e-03 -1.92385577e-02  5.58399921e-03 -6.41463324e-02
  3.16842757e-02  4.60660458e-02  2.45184219e-05  5.94589524e-02
 -1.31216331e-03  4.34023850e-02  3.90798338e-02  6.32555336e-02
 -9.41740200e-02 -1.52874328e-02  4.72562201e-02  5.00335963e-03
 -5.92756970e-03  2.89573092e-02 -3.65078705e-03  7.48452470e-02
  1.28858816e-02 -5.26952557e-02 -4.93053459e-02  2.77941674e-02
  8.81313756e-02 -8.80170837e-02 -5.69000514e-03  6.14282563e-02
 -4.76582870e-02  4.60120551e-02  2.84588132e-02  8.45276341e-02
  2.79551633e-02  6.79327622e-02  6.54459745e-02  5.52122518e-02
 -2.90037487e-02 -3.28488760e-02 -2.60527711e-02  3.05332914e-02
 -6.31342595e-03 -7.33272580e-04  7.20296353e-02  4.98774834e-02
  3.27371173e-02  4.26707789e-02  2.98326463e-02  6.37347549e-02
  2.05756556e-02 -1.63928885e-02 -9.15400591e-03  6.76817149e-02
 -7.43858330e-03  1.19133629e-02  5.08756004e-02 -3.68672349e-02
 -2.86157615e-02 -1.06653176e-01 -3.90237384e-02 -1.17691439e-02
  1.02324620e-01 -3.62664461e-02  5.13791814e-02  9.75320190e-02]"
111,The highest possible value of the Gini index for a set containing n different types of objects is:,None of the above,medium,18,10.441111111111113,"['A. 0', 'B. 1', 'C. log(n)', 'D. None of the above']",4,9.25,"[ 4.41409796e-02 -4.43222886e-03 -2.52663344e-02 -1.45692136e-02
 -1.23298191e-01 -4.16585070e-04  5.60588874e-02  5.77784702e-02
  6.05292805e-03  7.53780222e-03 -1.35195151e-01  1.03149414e-02
 -1.86305866e-02  7.02179894e-02 -9.16504934e-02  1.55393919e-02
  4.60866727e-02  1.28382398e-02 -4.69337367e-02  3.30292396e-02
  7.07558915e-02 -2.94134840e-02  1.88039634e-02 -1.96785834e-02
  4.02919725e-02 -2.01607589e-02 -1.13933720e-02 -3.24254408e-02
  8.40945616e-02  3.78207229e-02 -7.84355998e-02  9.75358337e-02
  9.66405347e-02 -1.08327493e-02 -6.65100217e-02 -4.85056862e-02
 -3.23494226e-02 -7.99704641e-02  1.27129853e-01  2.28470210e-02
  6.95392769e-03  5.52906506e-02  3.52112018e-02  2.07146513e-03
  3.00954096e-02  6.95379078e-02 -4.89254259e-02  7.72170424e-02
  4.07634750e-02 -3.14545371e-02 -7.28356242e-02  5.45714572e-02
 -4.63756435e-02  1.98862366e-02  2.37933714e-02 -3.40270214e-02
 -9.28852558e-02 -1.11283436e-01  5.60681038e-02  6.45693317e-02
  4.28487994e-02  1.46889938e-02  1.19246654e-02 -2.93176025e-02
  6.64687604e-02  2.12926771e-02 -1.34743163e-02 -3.20130400e-02
 -1.15606580e-02  4.12852988e-02  4.03374061e-02  7.48333111e-02
 -6.90493435e-02  6.64516864e-03  3.46378945e-02  2.55746339e-02
  3.30502354e-02 -8.07402842e-03 -4.84183282e-02 -1.34542147e-02
 -3.47481109e-02  2.13383660e-02  6.71939403e-02  1.74548384e-02
  1.17902569e-02 -3.85158397e-02  1.13311573e-03  5.61165027e-02
  4.66252416e-02  9.04433727e-02 -1.18106268e-01  1.11699058e-02
  4.03835848e-02  4.02979814e-02  2.16742530e-02  1.10568907e-02
  4.83111255e-02  5.06862551e-02  2.56295465e-02  2.64833383e-02
 -4.11020825e-03 -3.11808567e-02  9.53984112e-02 -7.45192124e-03
 -5.41776642e-02  4.36853468e-02 -2.25497670e-02 -6.66054487e-02
  3.34589481e-02 -1.11091314e-02 -2.30983160e-02  6.56380923e-03
 -5.06080128e-02 -1.66929103e-02 -7.00852349e-02 -3.41882790e-03
 -2.77855918e-02  8.02410319e-02  5.45942783e-02  2.86380537e-02
  5.80609255e-02 -1.27360281e-02  4.45952676e-02 -4.79353964e-02
 -5.52217998e-02  1.92492381e-02  1.06515298e-02 -1.16739501e-33
 -5.77969057e-03 -3.55646424e-02  5.78960702e-02 -3.99795957e-02
 -2.61748563e-02  3.62589471e-02 -1.96749903e-02 -8.13032761e-02
 -1.97781739e-03  4.07748185e-02 -1.00784376e-01  7.98365250e-02
 -2.92520523e-02  1.37569439e-02  1.12718299e-01  1.72014460e-02
  1.38082041e-03  5.15888743e-02 -7.10762367e-02 -1.13715298e-01
  1.59767922e-02 -1.54547486e-02 -4.19682637e-02 -1.70279145e-02
 -3.97954695e-02 -1.04477564e-02  6.93302974e-02 -1.16401665e-01
 -6.67466130e-03 -1.13129301e-03 -1.85253732e-02  3.66748800e-03
  3.95820625e-02 -4.38071154e-02  5.46452478e-02  6.74892031e-03
 -1.40135447e-02  4.73694578e-02  5.13407663e-02 -2.31365506e-02
  2.25676671e-02  2.26124711e-02  6.09665141e-02  6.39526453e-03
 -9.20139253e-03  4.65551540e-02 -2.94691399e-02  2.47267354e-02
 -5.05195446e-02  1.04674786e-01 -9.49338675e-02  1.74196891e-03
 -5.51629178e-02  6.56274408e-02 -1.33391505e-03  2.79851863e-03
  6.09458648e-02  9.95838344e-02 -1.05653191e-02  3.30421738e-02
 -2.29491554e-02 -1.90515649e-02  5.39608784e-02  6.27113581e-02
 -5.55261411e-02  5.33154719e-02 -9.95483696e-02 -3.98114882e-02
  8.14415738e-02  6.84957355e-02 -1.58722159e-02  2.73572933e-02
 -4.16167825e-02 -3.43719237e-02  1.28649594e-02 -4.99207200e-03
  8.62689912e-02  6.34041950e-02 -4.80642021e-02  2.92861573e-02
 -8.23165774e-02  7.11030737e-02 -3.24385939e-03 -8.41067284e-02
 -3.60992700e-02  4.49398085e-02 -3.11169587e-02 -1.54054509e-02
 -3.90935428e-02 -1.46120228e-02  1.44076608e-02 -1.45542044e-02
  6.94901042e-04 -8.12918171e-02 -5.48748560e-02 -1.09704170e-34
 -5.13479521e-04 -8.12125728e-02  7.92388096e-02  1.92095581e-02
 -1.66168232e-02 -7.17581213e-02 -1.12501029e-02 -4.68627363e-02
 -5.10977805e-02  1.44760264e-02  6.88321963e-02  3.94045636e-02
  8.04161206e-02  1.80416356e-03 -1.28165474e-02  4.35915813e-02
 -5.38788214e-02  7.01747369e-03 -4.14029807e-02 -2.12349873e-02
 -2.20619030e-02  6.02707006e-02  1.33297164e-02  8.58734101e-02
 -1.03551641e-01 -8.44934769e-03 -4.93130796e-02 -7.47948736e-02
 -6.65149000e-03 -2.25256141e-02 -7.49569247e-03 -7.08903968e-02
 -7.51622170e-02  5.43348417e-02  2.15483140e-02 -3.84372547e-02
  7.32854754e-02 -1.10474437e-01 -5.19891679e-02  3.49451527e-02
  6.89207986e-02  1.15018049e-02  3.98354717e-02  1.10790536e-01
  1.39026083e-02 -3.01135592e-02 -7.38704950e-02 -2.14606673e-02
  2.76403688e-02  3.45434360e-02 -5.09203933e-02 -3.71394753e-02
  2.50008069e-02  1.76876858e-02  6.71836361e-03 -6.72534704e-02
 -3.19744237e-02  2.55687032e-02  2.86596045e-02  2.06783507e-03
  5.48721924e-02  2.58893035e-02 -3.59517969e-02  1.00591213e-01
 -2.51706652e-02 -6.63554445e-02 -5.27327918e-02 -3.79400104e-02
 -3.86234410e-02 -1.45512158e-02  2.72517912e-02 -2.87352260e-02
  8.35213959e-02 -1.87744363e-03 -7.94897452e-02 -1.34261269e-02
  3.71270739e-02 -2.66972161e-03 -7.08988309e-03 -1.43674435e-02
 -4.63798232e-02  8.46472010e-02 -1.48385838e-02  2.97875945e-02
 -9.85486805e-03  1.19757177e-02  7.13019073e-02 -9.46546532e-03
  3.91290477e-03  4.23964858e-02 -5.68305142e-02  3.22672054e-02
  7.24237738e-03 -6.59400672e-02  1.76775232e-02 -2.13286437e-08
 -1.55773982e-02 -2.64601526e-03 -1.27126455e-01 -4.51115593e-02
  4.36650403e-02 -3.70427296e-02 -9.88098085e-02  8.81284252e-02
 -4.01308052e-02 -7.77639775e-03  1.09373868e-01  2.04481222e-02
 -7.17609748e-02  7.30484426e-02  2.85747908e-02 -9.03989822e-02
 -2.30980422e-02  2.22285800e-02  1.26588307e-02 -1.26435794e-02
  4.79189642e-02  1.45782921e-02  1.05144747e-01 -1.58185270e-02
 -2.99129561e-02 -1.10737281e-02 -1.08628422e-02 -4.11954336e-02
  1.09334299e-02  4.77892607e-02  7.19999671e-02  3.41900475e-02
  3.30721885e-02  2.85010152e-02 -1.12794191e-02  7.02543631e-02
 -1.11718602e-01  6.47291020e-02 -1.30166546e-01 -2.82392204e-02
 -1.59912594e-02 -1.30361214e-01 -2.62700301e-02 -1.15530733e-02
  1.91446207e-02  2.19869544e-03 -3.95193882e-02  4.74469885e-02
  2.56134085e-02  1.64556112e-02 -1.27597883e-01 -4.34856256e-03
  5.03267674e-03 -5.60052739e-03 -1.06781591e-02  7.29836011e-03
 -6.10359758e-02  3.03835291e-02  5.25885560e-02 -2.89057903e-02
  5.62944487e-02 -9.96695608e-02 -5.15978225e-02  4.91150320e-02]"
112,The highest possible value of the miss classification error rate for a set containing n different types of objects is:,(n-1)/n,easy,20,12.270000000000003,"['A. 0', 'B. 1', 'C. (n-1)/n', 'D. None of the above']",4,9.5,"[ 6.13485910e-02 -2.07199510e-02 -8.77373759e-03 -1.63910910e-02
 -1.62065644e-02 -1.39081404e-02  1.93938594e-02  2.49565747e-02
 -2.40988154e-02 -4.31595147e-02 -5.84696904e-02 -5.22365496e-02
  2.52520107e-02 -4.74641472e-02 -8.17658305e-02 -2.07054466e-02
  7.92136937e-02 -4.37190430e-03 -6.16768487e-02  7.90641923e-03
 -3.68038714e-02  4.85795029e-02  2.68920120e-02  4.49162908e-02
 -1.44974710e-02 -1.05026998e-02 -5.94344102e-02 -2.20626895e-03
  1.24419592e-02 -3.40734608e-02 -7.21608624e-02  5.51803969e-02
 -1.10959932e-02  1.73618216e-02 -4.65257540e-02 -3.50026451e-02
 -3.46653946e-02 -2.52716616e-02  9.73845422e-02  4.89066541e-02
  1.78796221e-02  6.15466535e-02  6.37286380e-02  6.28073514e-03
  1.68689631e-03  9.02079791e-02 -3.86946797e-02 -4.34588194e-02
 -5.67137916e-03 -5.19042537e-02 -2.34583449e-02  5.29962145e-02
 -7.98144564e-02  6.80991560e-02 -3.85333076e-02 -2.89776772e-02
 -9.88989472e-02 -2.81983055e-02  1.14910891e-02  3.81536186e-02
  2.69853603e-02 -5.87266646e-02  5.11112921e-02 -4.63608541e-02
  6.13480471e-02  9.79039911e-03  1.85341574e-02 -9.94320735e-02
  4.43870872e-02  9.47111398e-02 -7.35626463e-03  8.20246264e-02
 -8.50896761e-02  8.29828009e-02  2.68924721e-02 -6.36595022e-03
  9.51906741e-02 -1.53575242e-02 -2.67687254e-03 -3.43005657e-02
 -1.01345465e-01  1.52646126e-02 -2.08130963e-02 -2.52454039e-02
  1.31388202e-01 -5.47526367e-02  9.29211639e-03  8.62587616e-02
 -1.44812446e-02  4.19549868e-02 -6.86719790e-02 -5.31298406e-02
  7.91867226e-02  1.03841107e-02 -2.71022301e-02  3.19738351e-02
  4.84660938e-02  3.01859155e-02  7.04832748e-02  3.31615889e-03
 -1.55628771e-02 -3.80455740e-02  5.31484559e-02  2.73145474e-02
 -3.76641680e-03  1.93451922e-02  7.74347633e-02 -3.62956934e-02
  4.47346866e-02 -3.42011116e-02 -2.94144079e-02 -1.70055833e-02
 -9.07245576e-02 -4.02104259e-02 -5.96160106e-02 -1.27855027e-02
 -6.60975501e-02  2.61677569e-03  5.29876202e-02  1.69576351e-02
 -5.21218926e-02 -3.39477733e-02  1.31517261e-01 -5.82498945e-02
  4.25000228e-02 -1.87428314e-02 -8.71433243e-02 -1.01464880e-33
 -2.23603472e-02 -6.19081641e-03  2.40215529e-02 -7.12130889e-02
  1.24893170e-02  2.60319524e-02 -2.47314535e-02 -1.51905296e-02
  8.34628418e-02  1.56978273e-03 -1.09517097e-01 -5.25429100e-02
  7.63405673e-03  2.71298811e-02  8.95641744e-02  1.70348603e-02
  5.10005653e-02  3.21373083e-02 -1.28299296e-01 -5.29374704e-02
  2.29590628e-02 -6.03194572e-02 -6.16365997e-03 -5.80220148e-02
  3.66330845e-03  8.34349170e-02  1.50993904e-02 -6.55000191e-03
  4.76495922e-03  1.37870451e-02  3.48440371e-02  2.18789503e-02
  8.32885727e-02  2.58484725e-02  7.55288973e-02 -2.17720810e-02
  4.85174321e-02  6.29182160e-02  4.91946191e-02 -3.41352001e-02
 -5.28390110e-02  4.78447117e-02  2.21379809e-02  2.07093395e-02
  3.87673080e-03 -1.55634331e-02  5.36461584e-02  2.06377264e-02
 -3.07335109e-02  5.21450900e-02 -6.86015189e-02 -3.00495084e-02
 -2.29194146e-02  2.88121868e-02  5.61903492e-02 -7.07316026e-03
 -1.12954061e-02  5.92746809e-02 -1.57785844e-02  6.19512908e-02
  3.65582965e-02 -5.11047710e-03  4.67963666e-02 -1.44740539e-02
  2.62710843e-02  2.63696518e-02 -7.98586477e-03 -4.51394320e-02
  2.66303085e-02 -1.63546707e-02  4.08621244e-02 -2.97270641e-02
 -7.39520341e-02 -1.63903795e-02  1.66265890e-02 -4.71704872e-03
  1.29447088e-01  3.52598689e-02  2.36630309e-02  1.43824983e-02
 -8.23632926e-02  3.48456874e-02 -6.33701906e-02 -1.01073347e-01
 -1.64096117e-01  3.20857018e-02  6.37832209e-02 -2.31772494e-02
 -2.98162978e-02  7.89230391e-02 -3.90955694e-02 -1.78586207e-02
 -6.11844324e-02 -6.11580051e-02 -7.20840618e-02 -5.16965059e-34
 -3.09346840e-02  4.58562886e-03  6.15552962e-02  9.62670147e-02
 -4.17090096e-02 -5.00988737e-02  3.31871072e-03  4.73861629e-03
 -2.09973510e-02  1.33047914e-02  2.63986401e-02  2.03745137e-03
  3.15092206e-02 -3.64155807e-02 -6.52710870e-02  3.29484902e-02
 -7.73854852e-02 -3.38302217e-02  1.75408479e-02  6.78053871e-03
  7.72486553e-02  5.07221818e-02 -3.27617628e-03  8.29614550e-02
 -1.32164434e-01  5.68588600e-02 -7.40072653e-02 -5.53039759e-02
 -3.96168604e-02 -1.39962301e-01 -4.71761115e-02 -6.33340999e-02
 -4.87373210e-02  5.43738641e-02  3.59148346e-02 -5.16523384e-02
  8.45412388e-02 -3.91871147e-02 -5.63930832e-02  2.95792986e-02
  9.58285630e-02  6.49956018e-02 -4.90262471e-02  6.86875284e-02
 -1.89809110e-02 -3.64198908e-02 -5.41961305e-02 -5.42419450e-03
  4.31980938e-02  3.32765318e-02 -2.17722934e-02 -7.39920512e-02
 -3.11053060e-02  7.17832074e-02  5.34962639e-02  4.89327796e-02
 -3.04549448e-02 -1.09290727e-03  2.29769479e-03  9.33105946e-02
 -6.23739697e-02 -1.36400841e-03  4.19280585e-03  6.94898441e-02
 -1.48590747e-03 -3.23308422e-03 -1.11520607e-02  5.73394150e-02
  2.87848692e-02  5.56926876e-02  2.98489835e-02  4.41699736e-02
 -1.03475368e-02 -3.49074863e-02 -8.76457393e-02 -2.94933394e-02
  3.69181186e-02 -2.24649571e-02  4.33780998e-02  3.00468076e-02
 -3.34152095e-02  2.25736317e-03 -1.46365222e-02  8.74882862e-02
 -1.56994350e-03  1.53944818e-02  1.02490693e-01 -4.21151444e-02
 -5.29773068e-03 -4.42653671e-02 -9.32814926e-03  3.73345315e-02
  5.92773668e-02 -5.41633880e-03 -5.99889681e-02 -2.40877487e-08
 -2.32383292e-02  2.11143238e-03 -8.27398375e-02 -7.89312124e-02
  7.90193975e-02 -1.53934956e-02 -8.96484703e-02  4.13863547e-02
 -7.83962160e-02  1.26331998e-02  5.61120436e-02 -8.68436066e-04
 -6.77422285e-02  7.17925876e-02  6.02770746e-02 -8.07136372e-02
 -9.18510929e-03  9.89565477e-02  4.47013928e-03  5.45487627e-02
  6.20756298e-02 -8.48380942e-03  8.14462975e-02 -7.44310319e-02
  1.63736101e-02 -1.65312421e-02  2.70114839e-02  2.94625200e-02
 -2.27304064e-02  2.71796845e-02 -5.13030030e-02  8.56813602e-03
  2.26523057e-02  8.29138968e-04  5.53535745e-02  9.08353403e-02
 -1.35452058e-02  8.89651012e-03 -1.41812891e-01  3.20166387e-02
  2.52327858e-03 -9.36360657e-02  3.51075735e-03  4.27596550e-03
  6.64643645e-02  2.55037826e-02 -8.72306824e-02 -3.42339203e-02
 -4.11478989e-02 -3.02353986e-02 -2.17472725e-02  2.65716668e-02
 -4.74625491e-02  3.61990258e-02 -3.48822102e-02  2.10137572e-03
 -3.27441432e-02 -6.82063997e-02 -4.01892848e-02 -1.70771163e-02
  7.64118209e-02 -2.17243470e-02 -3.96944731e-02  5.96835762e-02]"
113,"If we use both Information gain and Gini gain to select the best split in a continuous variable, then:",We might find different split positions even though the measures (Gini and entropy) are consistent.,easy,19,10.451578947368422,"['A. We may find the same split position, as both measures (Gini and entropy) are consistent.', 'B. We might find different split positions even though the measures (Gini and entropy) are consistent.', 'C. We cannot find the same split positions, as the measures (Gini and entropy) used are inconsistent.', 'D. We may find different split positions because the measures (Gini and entropy) used are inconsistent.']",4,99.25,"[-1.86216198e-02  9.67253558e-03  2.63517275e-02 -3.02106142e-02
 -3.24379839e-02  5.63614257e-02  8.43064263e-02  1.43764280e-02
  7.08640611e-04  3.46920118e-02  1.06366305e-02  6.21269643e-02
  4.02448922e-02  6.43285587e-02  3.97558734e-02  8.22687894e-02
  1.45167147e-03  3.67564633e-02 -8.30127075e-02 -3.21746729e-02
  4.39503267e-02 -3.54611538e-02 -4.08018939e-02 -1.62871443e-02
  1.21015370e-01 -4.34603505e-02 -1.83185842e-02  5.61867543e-02
  1.19568534e-01 -2.05003638e-02  3.55142243e-02  9.65303835e-03
  5.71558401e-02 -8.89728144e-02 -9.27246436e-02 -5.83502203e-02
 -4.21692692e-02  4.96466784e-03  5.79870455e-02  2.52149235e-02
 -5.97619102e-04  7.39310356e-03  2.95103099e-02 -1.21438960e-02
 -6.39618421e-03  1.30336815e-02 -3.78161445e-02  1.54215498e-02
  1.05309393e-02 -1.74378306e-02 -5.53644747e-02  6.76682070e-02
  1.52487326e-02  4.10462692e-02  3.42273004e-02  1.85133927e-02
 -6.26250133e-02 -2.26227231e-02  5.93048409e-02  8.89281705e-02
  6.25698362e-03  5.99384792e-02 -4.57636043e-02  2.41530612e-02
  1.00743584e-01 -6.05543405e-02 -1.13490289e-02  5.41160740e-02
  4.80626291e-03  6.18171766e-02 -1.15043065e-02  9.93058551e-03
 -5.45747727e-02 -5.47959246e-02  6.20880984e-02 -1.67635493e-02
  3.20590027e-02  3.63650955e-02  3.76578607e-02  1.59924142e-02
 -8.28983635e-03  7.51525834e-02 -2.92083248e-02 -7.89932907e-03
  5.33166565e-02 -4.60649393e-02 -2.13446096e-02  2.49933861e-02
  3.65339592e-02  1.35076151e-03 -4.09528725e-02  3.14130671e-02
 -6.93330262e-03  3.51147726e-02  5.03851622e-02 -3.29040363e-02
 -4.58821133e-02 -8.52793679e-02  7.44404271e-02  6.52300566e-02
 -5.89689165e-02  1.13069487e-03  5.42513505e-02 -3.71929556e-02
 -5.87825552e-02 -1.62467808e-01  2.41205804e-02  3.38071436e-02
  4.52450253e-02  2.96354685e-02 -4.62482534e-02 -1.24889705e-02
 -3.94893950e-03  2.36200001e-02  7.30199507e-03  3.70009989e-02
 -8.08777101e-03  9.21789631e-02  4.53097895e-02 -8.15575477e-03
 -7.76566491e-02 -8.22649077e-02 -2.18921788e-02  5.68270385e-02
 -3.77250165e-02 -2.19231080e-02  6.64189532e-02 -1.17422537e-33
 -8.56396630e-02 -7.72520453e-02  2.69344021e-02 -4.72651906e-02
 -4.99229170e-02  5.83336689e-02 -7.35833123e-02 -5.56545220e-02
 -2.60845684e-02 -4.19497676e-03 -9.38101560e-02  3.07790749e-02
 -7.48188123e-02  5.89524135e-02  5.31476364e-02 -2.49402579e-02
 -1.23244459e-02  1.23092905e-01 -8.65975842e-02 -6.44817576e-02
  5.35975620e-02 -1.17577352e-02 -1.54170441e-02  2.40544397e-02
  3.47378030e-02 -1.19933151e-01  4.63648476e-02 -4.71710898e-02
 -6.09584264e-02 -2.46173120e-03 -8.89364779e-02 -3.69749288e-03
 -5.09041408e-03 -9.63082835e-02  7.09268004e-02  3.25630000e-03
 -7.52820149e-02  5.51899225e-02 -2.01567337e-02  1.50131080e-02
  3.25789023e-03 -2.29931111e-03  9.65030119e-02  1.85421128e-02
 -1.79741476e-02 -3.51045616e-02 -4.36244048e-02 -1.68385799e-03
  1.99558144e-03  1.05068209e-02 -1.17606465e-02  8.92384618e-04
 -2.32050251e-02  2.28363778e-02 -3.49954143e-02  2.14810222e-02
  2.07252931e-02  5.91482781e-02 -5.88309541e-02  1.03392741e-02
 -1.39339343e-01 -2.81083630e-03  3.09298374e-02 -2.54110713e-02
 -3.72872837e-02  4.97085080e-02 -4.48090956e-02 -7.93786943e-02
  8.40509832e-02  2.91854609e-02 -5.90764210e-02  2.74219271e-02
 -2.99052112e-02 -1.08119324e-01  4.13991846e-02 -3.50033790e-02
  8.08912516e-03  6.19463958e-02  7.31627941e-02 -2.38329135e-02
  1.18260486e-02 -1.84310542e-03 -3.46938670e-02 -1.80890653e-02
  3.09858453e-02  4.04310226e-03  1.26347328e-02 -3.94143946e-02
 -4.13271040e-02  4.24783602e-02 -6.64322153e-02  2.75500286e-02
 -1.43600022e-02  4.70160320e-02  1.84620563e-02  1.50401139e-34
  1.94083452e-02  3.40088159e-02  4.68624495e-02 -2.84798574e-02
 -3.57824937e-02  4.64352220e-02 -2.48058494e-02 -1.05409347e-01
 -2.11712718e-02  4.18710038e-02  4.03321572e-02  4.48000729e-02
 -3.35442312e-02  3.24476138e-02 -8.96727964e-02 -6.31775614e-03
  8.40902105e-02 -5.73840402e-02  2.82675633e-03  1.01234831e-01
  3.80261913e-02  1.81900710e-02 -6.59792274e-02  4.19157147e-02
 -9.97835863e-03  2.54032593e-02 -1.61010493e-03  9.21058804e-02
 -1.36043932e-02  5.69662340e-02 -7.29410648e-02 -5.79312444e-02
 -1.57036588e-01 -2.49363855e-02 -2.52337065e-02 -3.24347876e-02
 -2.54912823e-02 -1.28590809e-02 -2.18108445e-02  1.01605617e-01
  6.41324520e-02  2.89130621e-02 -3.21660005e-02  6.70634806e-02
  1.26354024e-02  1.29327015e-03  1.04043238e-01  2.68019661e-02
 -6.78987056e-02  6.07208721e-02  3.41706425e-02  3.34965065e-03
 -5.89598902e-02  5.12595624e-02 -8.01695585e-02 -3.21078412e-02
 -1.37378024e-02 -3.45625766e-02 -1.08817905e-01  1.31210173e-02
 -5.18845059e-02  3.97448726e-02 -2.48958655e-02  3.93783562e-02
  2.37506181e-02 -7.55443946e-02  5.30676655e-02  1.51859978e-02
 -3.47718655e-04 -1.15023881e-01  3.31760831e-02  7.21744029e-03
  1.40724242e-01 -2.01909877e-02 -1.28385630e-02  4.00542095e-02
  2.86073126e-02 -5.08703105e-02  1.68643687e-02  6.55740350e-02
 -6.88123778e-02  5.29331975e-02  7.70758763e-02 -2.66506034e-03
 -5.50979152e-02  4.12359573e-02  9.68041306e-04 -5.27192093e-02
  1.01588510e-01 -1.07289523e-01 -3.92132811e-02  6.02620430e-02
  1.77329220e-02 -5.13682701e-02 -2.78129410e-02 -2.27527046e-08
 -8.31888318e-02 -1.68992002e-02 -8.85364562e-02  3.93975638e-02
  6.82935268e-02 -1.81106534e-02 -9.32385847e-02  1.90546140e-02
 -1.78767219e-02 -2.85228174e-02  4.68781590e-02  6.38266280e-03
 -5.60193807e-02  4.27977939e-04  2.96782199e-02 -7.84485489e-02
  2.70977709e-02  3.60767916e-02 -5.94265247e-03 -6.51676431e-02
  3.81998420e-02 -4.11632992e-02  2.01358665e-02  2.87404414e-02
  3.82764614e-04 -4.38778140e-02 -2.69876104e-02  3.71346287e-02
  4.95968899e-03  3.17840427e-02  7.24632889e-02  3.15224081e-02
  3.97607163e-02  8.20680261e-02  3.10046412e-02  2.85162274e-02
  1.14694797e-02  7.58203343e-02 -5.73775433e-02  3.32761779e-02
  3.98375727e-02 -4.40152287e-02  2.94586178e-02  4.81146807e-03
 -7.28182793e-02  6.85852543e-02  7.40464032e-02  1.36328014e-02
  8.27145875e-02 -4.31197435e-02  4.58794758e-02 -4.50227559e-02
  5.36914840e-02 -3.20803374e-02 -1.96368643e-03 -8.96008983e-02
 -1.94447301e-02  2.52551641e-02 -3.89572196e-02 -5.09082936e-02
 -2.64186747e-02 -7.35169724e-02 -6.27504662e-02  6.26865104e-02]"
114,Which scenario allows a decision tree to split all training data into pure leaves?,"If two examples belong to different classes, they must have at least one differing attribute.",easy,14,9.255714285714287,"['A. When some samples have identical attributes but belong to different classes.', 'B. Splitting into pure leaves is not possible.', 'C. If two examples belong to different classes, they must have at least one differing attribute.']",3,73.66666666666667,"[-2.69220769e-02  3.95417251e-02  3.48245241e-02  6.68088421e-02
  1.25789061e-01 -4.70363274e-02 -3.67508084e-02 -3.03484369e-02
 -3.47885825e-02  7.20587075e-02  3.60354577e-04 -1.71229579e-02
 -1.34203620e-02 -4.00846973e-02  3.48418690e-02  5.48999533e-02
 -7.11400434e-02  9.47234631e-02 -3.20397429e-02 -8.31102207e-02
  4.79992246e-03 -3.37263737e-05 -6.77929372e-02  2.86411643e-02
  5.33394292e-02  4.73673791e-02 -9.15057771e-03  8.25582538e-03
  4.14562263e-02 -7.41860941e-02 -3.28926258e-02  9.90366843e-03
  3.28605697e-02  4.32804488e-02 -1.68754041e-01 -1.74002946e-06
 -4.32928391e-02 -3.28503959e-02 -2.58564036e-02  4.54373173e-02
  3.60515788e-02  6.53201044e-02 -5.12753911e-02  1.34399617e-02
  5.86769208e-02  1.36598358e-02 -8.88652168e-03 -3.88249569e-02
  2.58316146e-03 -7.44638033e-03  2.31241202e-03 -4.94141728e-02
 -6.12025596e-02  6.27695099e-02 -1.56670604e-02 -9.59779893e-04
 -1.82911325e-02 -1.50571857e-02 -8.99365637e-03  9.76461396e-02
  2.46426393e-03 -7.47272931e-03 -2.43251733e-02 -1.98107697e-02
  1.10257745e-01 -2.42995238e-03 -8.25591907e-02  4.72985469e-02
  7.80270323e-02 -1.06501825e-01  2.78213844e-02  5.27067408e-02
 -8.01060423e-02 -6.45720772e-03 -4.19867486e-02 -3.18355742e-03
  3.05236178e-03  3.92363667e-02  1.29384594e-02  1.41678480e-02
 -9.70676318e-02  8.04264769e-02 -4.02394794e-02 -4.65304181e-02
  4.20365185e-02 -1.67962108e-02 -7.58320168e-02  7.05647916e-02
 -4.43774536e-02  1.77410245e-02 -2.75636092e-02 -1.59820262e-02
  2.92020682e-02  5.89447096e-02 -1.28870144e-01  8.16742778e-02
 -3.14455293e-02 -2.84214858e-02  9.45903454e-03 -4.50793421e-03
 -7.87610635e-02  2.80758534e-02  9.35463293e-04 -3.66085954e-02
 -6.22796826e-02 -8.97381455e-02 -2.48719472e-02 -1.19220346e-01
  4.21622545e-02 -4.37510461e-02 -7.19041191e-03  2.08535027e-02
 -8.94037783e-02 -1.08679989e-02 -5.46692088e-02 -8.94512609e-03
 -3.75673771e-02 -5.41469865e-02 -1.92948040e-02  1.14827938e-01
 -6.73213825e-02 -2.34805699e-02 -1.70201436e-03  5.49039915e-02
  5.33723235e-02 -5.44728860e-02 -6.23942092e-02 -7.64721018e-34
 -3.31719741e-02 -1.17681753e-02  5.61816096e-02 -2.36875769e-02
  6.32749498e-02 -2.28007939e-02 -3.21978554e-02 -3.31708649e-03
  3.18980552e-02  1.38467429e-02 -9.22761634e-02 -7.21468106e-02
  8.37626029e-03  1.73497945e-02  1.23541974e-01 -3.38566378e-02
 -5.13947345e-02  2.73803622e-02  4.93446039e-03 -2.36942694e-02
  4.86527272e-02  1.34465722e-02 -1.84855890e-02 -2.57971138e-03
  5.59883080e-02 -3.48320641e-02  3.25544551e-02  1.98147167e-02
  5.31562194e-02  2.77803023e-03 -3.87967341e-02 -2.46631429e-02
 -9.93660279e-03 -5.72737830e-04  5.05702272e-02  4.18162309e-02
 -8.45203847e-02  3.10063083e-02 -2.19481587e-02 -8.24730843e-03
 -6.08134456e-02 -1.16319982e-02  5.63645139e-02  3.72101851e-02
 -3.63907516e-02  2.62903199e-02 -7.33179674e-02  1.66959465e-02
  5.22433547e-03  4.65777367e-02 -6.63361093e-03  5.08323591e-03
  5.44201396e-02 -1.72006916e-02  1.21755656e-02  1.04642205e-01
  7.41113946e-02  6.44714832e-02  2.31335685e-02  7.39531666e-02
  1.44883711e-02 -3.28842066e-02 -2.52317432e-02  6.39014617e-02
  1.23634152e-02  1.12874493e-01 -7.83035606e-02 -9.52643454e-02
  3.69591787e-02 -4.45294082e-02 -5.53198904e-02 -1.65795931e-03
  1.90235730e-02 -8.27956945e-02  3.66166122e-02 -1.00714806e-02
  5.41640669e-02  3.06764268e-03 -3.21763009e-02 -4.83152866e-02
 -3.46385837e-02  5.46517894e-02  3.00012678e-02 -6.55717850e-02
  5.54578826e-02  1.48357032e-02 -8.90570879e-03 -2.13363152e-02
 -8.24962463e-03 -7.41110649e-03 -6.08348586e-02  6.01460896e-02
 -9.10133030e-03 -4.42963913e-02  9.57188532e-02 -6.01395400e-34
  9.14601423e-03  3.55846882e-02  2.20436398e-02 -2.60540517e-03
  6.18426614e-02  5.83805740e-02 -9.68925431e-02  4.39536903e-04
  1.05915451e-02  5.55554293e-02  1.14228041e-03  6.42794594e-02
  1.07417777e-02  5.28376400e-02 -1.03245661e-01  3.37227173e-02
  3.17614205e-04  5.53270727e-02  3.92770544e-02  6.27933070e-02
 -4.16354798e-02  6.83131814e-02 -9.83010307e-02  7.03839073e-03
  3.93551439e-02 -1.89786516e-02 -1.21343536e-02  8.97005275e-02
  2.70889457e-02  1.31588522e-02 -5.36125563e-02 -7.64321983e-02
 -5.38205318e-02 -8.08973312e-02 -7.19779059e-02 -3.63049507e-02
  4.65165963e-03 -2.73351446e-02  3.61754112e-02  1.70311600e-01
 -3.87345329e-02 -1.79038811e-02 -9.61139873e-02  3.26696970e-02
 -1.99123528e-02 -9.94292274e-02 -3.44090872e-02 -2.56409752e-03
 -5.00808582e-02  1.73608270e-02  5.34635074e-02  2.31737271e-02
 -2.28457488e-02  4.17513140e-02  3.09961922e-02 -2.72545945e-02
  1.96900107e-02  3.49804498e-02 -1.67313889e-02 -5.28462119e-02
 -6.33032769e-02  8.57309345e-03 -1.86954148e-03 -1.22496085e-02
  1.60324350e-02 -5.12069575e-02 -1.47818041e-03  2.88939085e-02
 -4.10203785e-02 -7.09532667e-03  1.35459118e-02  6.82481900e-02
  9.58360638e-03  1.79727387e-03  4.13859338e-02 -9.42321436e-04
  7.54167885e-03 -5.95345832e-02 -3.84463705e-02  5.98836392e-02
 -1.04041211e-01 -3.14273015e-02  3.46303210e-02  2.20469125e-02
  9.55917165e-02  1.05489502e-02 -1.24061918e-02 -3.13554555e-02
  8.12456533e-02 -8.09357688e-02  1.25468383e-02  3.03926244e-02
  8.34508017e-02  4.14195955e-02 -5.54880127e-02 -1.92008525e-08
 -8.34370703e-02  1.75853968e-02 -2.58143749e-02  5.11205792e-02
  9.40005928e-02 -4.57112752e-02 -2.28422489e-02  1.07453100e-01
 -1.29205361e-02  2.83916760e-02  1.44247373e-03  1.74640566e-02
 -5.33375666e-02 -1.80809591e-02  1.09978251e-01  5.35287857e-02
  3.26500311e-02  9.07889754e-02 -2.55357511e-02  1.54751137e-01
  6.92754239e-02 -2.27690972e-02 -8.67740531e-03  1.29415348e-01
  7.28155375e-02 -8.01353827e-02 -2.13765935e-03  6.01504706e-02
 -3.81754246e-03  6.42430261e-02 -2.70716157e-02 -3.59785906e-03
  2.59469654e-02  7.31070638e-02 -9.61410999e-03  6.54390594e-03
 -1.89326741e-02  3.23968902e-02 -8.15576166e-02  1.98044721e-02
  7.09003815e-03 -5.07861935e-02  4.91106464e-03  2.36206669e-02
 -3.22658494e-02 -3.99345579e-03 -1.35075524e-02 -2.57287975e-02
  5.85879721e-02 -7.34276697e-03  1.89758732e-03  1.60716276e-03
  3.49006080e-03 -3.95319760e-02  6.16033077e-02 -2.56668450e-03
  1.39974384e-02 -4.00304943e-02 -5.33988662e-02 -5.05658947e-02
  3.98612469e-02 -1.25314727e-01  3.50980088e-02  6.63327351e-02]"
115,How does a decision tree classify an example after training if it encounters a new attribute value that was not considered in a splitting condition?,The most frequent class at the current node is assigned to the example,easy,25,14.456,"['A. The example is not classified.', 'B. The most frequent class at the current node is assigned to the example', 'C. A random value from the supported attribute values is chosen, and the classification process continues.', 'D. None of the above']",4,58.0,"[-1.82093997e-02  9.00695659e-03  8.03769603e-02  4.44112904e-02
  1.26180977e-01 -2.31033321e-02  1.30605884e-02 -6.34366721e-02
 -4.04818840e-02  6.65456057e-02  7.87300244e-03 -4.63170148e-02
  3.64993582e-03 -3.55365984e-02  5.79860061e-02  1.86056513e-02
 -7.75239915e-02 -3.32185924e-02 -3.79263982e-02 -5.83944321e-02
  3.38111669e-02 -1.48488302e-02 -8.91393051e-02  4.39110287e-02
  4.46619950e-02  2.99572274e-02  5.14981374e-02  4.70782071e-02
  5.20585813e-02 -3.96770984e-02 -2.32071579e-02 -4.28622868e-03
  3.45710339e-03  4.52270433e-02 -9.09587294e-02  1.37292109e-02
  7.74756214e-03  4.57049087e-02 -8.71854872e-02  1.15152843e-01
  5.04812635e-02 -4.23913542e-03 -9.61344503e-03 -4.52771876e-03
  7.97715262e-02  5.01634032e-02 -4.08015680e-03  1.33857783e-03
 -5.97772337e-02 -2.27342676e-02 -2.87988707e-02 -2.93196156e-03
 -5.59579134e-02  6.88324273e-02 -1.39368838e-02  4.09001224e-02
  1.42094744e-02  9.55892820e-03 -6.82488382e-02  5.03240861e-02
  2.28493139e-02 -1.60938054e-02 -4.18262091e-03 -3.54494452e-02
  9.72562358e-02 -9.10680927e-03 -4.53502908e-02 -2.74183583e-02
  4.45143916e-02 -3.44402418e-02  3.78428884e-02 -3.84800951e-03
 -7.89494887e-02 -1.34201944e-02 -2.75241677e-02  1.56096183e-02
  1.01792827e-01  5.83950467e-02  3.89605090e-02 -1.65607706e-02
 -1.05990902e-01 -1.35545351e-03 -1.14673540e-01 -9.13071260e-03
  7.21777305e-02 -3.68527956e-02 -6.99021295e-02  3.07059996e-02
 -7.61334598e-02  6.31322637e-02  5.27881198e-02 -3.66632678e-02
  4.30585770e-03  1.56988464e-02  3.99583913e-02  3.42272818e-02
 -4.36554924e-02  2.08448758e-03  4.09544930e-02  4.63633053e-02
 -9.53012332e-02  2.82598007e-02  4.22865599e-02 -4.80598882e-02
 -8.39750003e-03 -1.32410035e-01  1.52600752e-02 -7.77805373e-02
  6.51867688e-02 -2.15619113e-02  1.98462401e-02 -2.81508788e-02
 -1.56253017e-02 -3.80633436e-02 -1.82450209e-02  8.47684313e-03
 -1.97142884e-02 -4.28552590e-02 -3.31223160e-02  4.69751582e-02
 -3.98045927e-02 -4.05520387e-02  4.33167294e-02  1.10971704e-02
  4.02488597e-02 -3.10280602e-02 -8.02147239e-02 -4.19236424e-33
 -3.23692597e-02 -8.15898106e-02  2.01577060e-02 -5.57163805e-02
 -3.83380218e-03 -3.69688123e-02 -4.51471917e-02 -9.08096973e-03
  3.23807225e-02  4.06281687e-02 -8.14972725e-03 -2.55756713e-02
  3.44532654e-02  1.75510552e-02  6.50780275e-02  8.00708588e-03
 -1.13657914e-01  2.97145802e-03 -3.65264416e-02 -1.51620181e-02
  2.37818733e-02  7.29777366e-02  2.12596096e-02  1.43776331e-02
 -4.53794748e-02 -2.01310543e-03 -3.32244635e-02 -2.23996565e-02
  1.49746658e-02  1.26065239e-02 -6.90966249e-02 -9.10002738e-03
  1.91008262e-02 -6.43511210e-03  8.56339335e-02  2.49629449e-02
 -5.69979623e-02  2.05165185e-02  2.47442094e-03 -2.34118719e-02
 -3.88584621e-02 -6.49201497e-02  3.63659896e-02  2.73719849e-03
 -1.74811296e-02 -2.71756239e-02 -8.69461074e-02  7.06267264e-03
 -5.83429821e-02  4.36107740e-02  1.94783863e-02 -8.69341847e-03
  5.74388281e-02 -1.03032859e-02 -7.56924376e-02  9.22776088e-02
  3.95702869e-02  9.09677222e-02 -8.29376653e-03 -1.05269463e-03
  2.99256425e-02  2.75050867e-02 -2.46704929e-02  3.77810709e-02
 -9.12473872e-02  7.35704750e-02 -2.11278014e-02 -2.28753574e-02
  5.09829968e-02 -1.55451689e-02 -1.15343900e-02  2.64333468e-02
 -6.72661588e-02 -7.88691491e-02  6.42982544e-03 -2.32708156e-02
  2.84137800e-02  1.77546795e-02 -2.86017032e-03 -7.35617802e-02
 -6.95480406e-02 -9.27358214e-03  5.36953323e-02 -1.20496489e-02
 -2.79330090e-03 -7.42007280e-03  9.68023390e-03  1.93608773e-03
 -3.47591899e-02 -6.05028272e-02 -1.69955567e-02  2.72998028e-02
 -3.93963121e-02  2.09260248e-02  2.10625902e-01 -1.92728957e-35
 -2.19882615e-02  3.52362655e-02 -1.77454837e-02 -7.03213438e-02
  4.46910374e-02 -1.85765550e-02 -6.41473830e-02  4.51343544e-02
  8.26070085e-03 -2.43370496e-02  2.70208940e-02  6.25331849e-02
 -8.46316572e-03  4.83766496e-02 -6.48094490e-02 -6.62697433e-03
 -5.83677292e-02  5.90836033e-02  8.78424495e-02  1.27848923e-01
  2.96836402e-02  7.61516243e-02 -9.71307829e-02  3.02775409e-02
 -3.81954364e-03  2.37030853e-02  6.30761385e-02 -2.39488520e-02
  6.44594580e-02 -2.48654466e-02 -4.99796234e-02 -7.02741146e-02
 -2.80156527e-02  8.48803204e-03 -3.92071940e-02 -5.79653010e-02
 -4.09522913e-02 -1.24597892e-01  4.34659328e-03  1.75314084e-01
 -4.25050966e-02  1.24601889e-02 -8.75735059e-02  7.29052052e-02
  1.39507726e-02 -7.64470473e-02  4.81736436e-02  2.67648734e-02
  2.87674386e-02 -4.91343811e-02  7.77362958e-02  7.55642122e-03
  1.87621210e-02  7.59481937e-02 -3.02190594e-02 -9.99315176e-03
 -2.60628425e-02  7.02479631e-02 -5.27638718e-02  4.75774109e-02
 -6.25075400e-02  2.43838821e-02  1.31390421e-02  8.85252934e-03
  2.00508647e-02 -5.93421087e-02 -9.08799842e-03 -1.93447620e-02
  5.36882086e-04 -6.94761649e-02  1.80992149e-02  1.08589962e-01
  2.14311271e-03 -4.15084958e-02  5.26545802e-03 -1.04198540e-02
 -8.54994878e-02 -2.44373847e-02 -4.66882773e-02  1.18522849e-02
 -8.54643807e-02 -5.96261136e-02 -1.39542967e-02  5.30425794e-02
  4.06225678e-04  1.56197313e-03  2.33034752e-02  3.82112712e-02
  2.40913182e-02 -1.35953382e-01  2.75374204e-02  7.89716467e-02
 -3.76594290e-02  8.10890272e-02 -1.40547499e-01 -2.69926570e-08
 -8.74370635e-02  1.44784376e-02 -3.03749368e-02  6.67631477e-02
  1.01023309e-01 -2.12366153e-02 -5.86424656e-02  5.26004992e-02
 -5.80230309e-03  7.77406245e-03 -4.54819622e-03  1.12085063e-02
 -4.07920554e-02  1.01001980e-02  5.59469350e-02 -2.75575481e-02
  1.99503079e-02  6.32651523e-02 -9.91052110e-03  8.71859640e-02
  1.88248977e-02 -1.06799945e-01  3.34825367e-02  1.08377613e-01
 -3.75577807e-02 -1.12892337e-01 -1.52842095e-02  3.76811214e-02
  1.83871370e-02  2.88356040e-02  3.01367119e-02  4.83798534e-02
  3.42719667e-02  3.72430459e-02 -8.88374727e-03  1.32679239e-01
 -4.88048159e-02  8.60351231e-03  1.33902556e-03  9.52425599e-03
 -2.84292810e-02 -1.54173132e-02  1.55059099e-02 -1.10119414e-02
 -4.71616816e-03  1.27330236e-02  5.49269724e-04  1.31047070e-02
  1.86564773e-02 -2.81772930e-02 -1.91470198e-02  3.24190482e-02
 -5.82217686e-02 -2.41323896e-02  7.04196189e-03 -1.53457439e-02
  3.40018161e-02  6.02812646e-03 -8.36943183e-03 -6.83045760e-02
  4.63478528e-02 -1.21312849e-01  1.57516338e-02  1.35469630e-01]"
116,How does a decision tree manage an example with a missing value in a splitting condition during the testing phase?,The most common branch is chosen for the missing value.,easy,20,11.090000000000003,"['A. The most common branch is chosen for the missing value.', 'B. The example is not classified.', 'C. A random value from the supported attribute values is chosen, and the classification process continues.', 'D. None of the above']",4,54.25,"[-2.18290668e-02  4.50759865e-02  8.70444700e-02  7.13086724e-02
  9.13744271e-02 -6.25294447e-02 -4.82809022e-02 -3.42288949e-02
 -1.51662473e-02  1.06153533e-01  1.07928757e-02 -8.03098753e-02
  2.67062746e-02 -8.38776529e-02  8.90856385e-02 -4.12914669e-03
 -9.64046419e-02 -2.41331998e-02 -2.27879509e-02 -1.04140691e-01
 -9.06066690e-03 -2.01735459e-03 -9.15090665e-02  3.91681194e-02
  5.09208627e-02  1.41216628e-02  3.17276530e-02  3.74478996e-02
  5.41641787e-02  4.60476847e-03  4.36752057e-03  1.34651316e-02
 -7.53556797e-03  2.37533636e-02 -6.03118390e-02 -4.17418964e-03
  1.38422952e-03 -1.95471756e-02 -6.92222491e-02  1.03938609e-01
  7.33467937e-02  2.88301371e-02  2.13701068e-03 -5.72286732e-03
  4.26108539e-02  3.35777476e-02 -4.01402190e-02  6.93723420e-03
 -2.48250421e-02 -5.59833124e-02 -9.34499502e-03 -1.85899343e-02
 -4.00517918e-02  5.66397719e-02 -1.20152785e-02  3.60410064e-02
 -7.07114988e-04 -3.81320305e-02 -4.71119545e-02  7.48535022e-02
  4.83232401e-02 -3.33887413e-02 -2.15067267e-02 -3.12773101e-02
  1.25312522e-01 -2.42713303e-03 -4.91273543e-03 -5.14784120e-02
  9.33183059e-02  6.95408974e-03  1.20577579e-02  2.42481455e-02
 -8.10873210e-02  7.95456860e-03 -2.51218043e-02  2.88488269e-02
  1.19552299e-01 -1.85091849e-02  5.29920794e-02 -8.57975392e-04
 -1.18940115e-01 -3.18445787e-02 -8.15254599e-02 -1.10889776e-02
  4.92502116e-02 -3.47532406e-02 -1.91994626e-02  3.16360630e-02
 -1.41337859e-02  4.94300351e-02  4.44892421e-02 -4.41857614e-02
 -5.50639369e-02 -6.87963096e-04  3.45035046e-02  4.65233512e-02
  1.63994748e-02  2.43583992e-02  5.76483412e-03  4.72478718e-02
 -7.21734539e-02  1.19996266e-02  7.84911364e-02 -7.62607679e-02
 -3.28920782e-02 -1.13700129e-01  6.95310626e-03 -9.77471173e-02
  3.29166949e-02 -4.25025374e-02 -3.04043875e-03 -2.03970447e-02
  1.65716838e-02  1.88412275e-02 -3.71400304e-02 -1.96291637e-02
 -1.69210951e-03 -6.09583519e-02 -3.68573405e-02  1.57100912e-02
 -3.84147279e-02 -4.13748436e-02  6.52271435e-02  3.85953486e-02
 -8.85854533e-04  3.79208592e-03 -5.47624677e-02 -4.97768299e-33
 -5.64413629e-02 -1.11291565e-01  5.99134080e-02 -1.49541302e-02
  2.97640115e-02  3.91768776e-02 -4.30389158e-02 -1.36086326e-02
  2.46007554e-02  3.09142135e-02 -1.85587257e-02 -7.78395757e-02
  6.90955762e-03 -1.92074627e-02  2.23531146e-02 -5.35569061e-03
 -4.78397161e-02  1.71657663e-03 -6.58914447e-02  3.42779867e-02
  5.62930033e-02 -6.97694049e-05 -4.87776920e-02 -2.45784502e-02
 -2.17975657e-02 -8.50502029e-03 -2.00014818e-03 -1.86552145e-02
  6.36007860e-02  1.60756130e-02 -7.60012567e-02 -8.67464952e-03
  7.50589604e-03  3.50211821e-02  5.74873798e-02  3.37290876e-02
 -4.07371856e-02  2.63225585e-02 -6.86563626e-02  1.39722023e-02
 -7.62843192e-02 -7.29693472e-02  5.17490618e-02  4.18188088e-02
 -9.02328361e-03 -5.29490374e-02 -5.09185381e-02  1.79426167e-02
  3.66167091e-02  4.23025787e-02  1.74070112e-02  4.99410927e-02
  2.32732277e-02 -4.21687737e-02 -4.32386436e-02  5.71003333e-02
  2.66018473e-02  1.34485569e-02  1.48548912e-02  3.55049670e-02
  1.11944154e-02  1.24709271e-02 -4.82068472e-02  7.24290088e-02
 -8.70033074e-03  1.53457806e-01 -3.22868489e-02 -1.08503461e-01
  4.96482626e-02 -1.32464124e-02 -3.74091193e-02 -3.82043072e-03
 -2.74458043e-02 -6.69404343e-02 -1.96380671e-02 -3.44124287e-02
  8.37186277e-02  4.55015190e-02 -1.02710938e-02 -1.21523023e-01
 -4.34988458e-03 -7.29990676e-02  5.07462397e-02 -1.80099648e-03
  4.30505797e-02 -7.31710941e-02  1.30495420e-02 -1.80793200e-02
 -5.97973727e-02 -1.04310475e-01  5.26248419e-04  3.52638215e-02
 -1.91145614e-02  4.79850136e-02  2.08534852e-01  1.38747777e-33
 -1.90618634e-02  1.89743214e-03  3.95869091e-02 -1.67641826e-02
  9.68383253e-03 -5.64827817e-03 -3.10561322e-02 -3.39762606e-02
  2.29949262e-02 -3.92403789e-02 -2.52436288e-03  5.13705574e-02
 -4.08662446e-02  6.07840233e-02 -1.01887472e-01  1.07209049e-02
 -1.06350556e-02 -1.72277875e-02  6.79514408e-02  7.08018541e-02
  4.28765006e-02  5.99692985e-02 -8.17394629e-02  5.31359278e-02
 -7.08544850e-02 -7.18933856e-03  2.18591541e-02 -5.25932312e-02
  8.47691204e-03 -3.64834741e-02 -1.49844093e-02 -7.23316744e-02
 -5.25152311e-02  2.87961657e-03  1.67014059e-02 -7.59289414e-02
 -2.93662697e-02 -4.87879328e-02 -2.04588342e-02  1.81330919e-01
 -4.26805057e-02  3.99312973e-02 -1.04979254e-01  7.53069595e-02
  1.92881990e-02  3.46252955e-02  8.26751739e-02  1.97501834e-02
  3.70729081e-02 -1.97872147e-02  7.17507005e-02 -9.61633772e-03
 -1.35412635e-02  9.91536528e-02 -3.38175781e-02  6.58373721e-03
 -4.52970229e-02  5.11206388e-02 -3.71750370e-02  1.03378408e-02
 -1.02561317e-01  2.44311858e-02  2.55308719e-03 -3.39767039e-02
 -2.09051520e-02 -6.21743351e-02  4.31848466e-02  1.47268642e-02
  5.76156341e-02 -6.10692762e-02 -2.35988945e-02  7.01802149e-02
  2.78885122e-02 -7.33809769e-02  8.39231014e-02  1.80396046e-02
 -9.03437585e-02 -4.24605124e-02  3.98101546e-02  1.68314204e-02
 -8.69027898e-02 -2.07744017e-02 -3.19632189e-03  2.43562888e-02
 -1.79803036e-02 -1.02967806e-02  3.55280638e-02  4.89457697e-02
  1.83919594e-02 -5.79133891e-02  6.00352921e-02  7.25647882e-02
  2.14871857e-03  4.79418077e-02 -8.54077861e-02 -2.17164295e-08
 -6.60390928e-02  2.11104359e-02 -5.20173870e-02  1.31313130e-02
  8.78827199e-02 -4.39985320e-02 -1.81968529e-02  2.31426191e-02
 -2.44226512e-02 -3.48556874e-04 -1.40126059e-02  2.16155639e-03
 -7.29920939e-02  1.43761756e-02  5.97894639e-02 -1.86045934e-02
 -3.95561615e-03  9.55050588e-02 -1.38470316e-02  1.03208080e-01
 -1.41979139e-02 -7.78399184e-02  4.43080068e-02  9.45809111e-02
 -1.35513898e-02 -4.12177779e-02  4.63369116e-02  6.44016787e-02
 -1.53241819e-02  7.17605427e-02  2.38192528e-02  2.52314117e-02
  3.62505727e-02  6.85404465e-02 -2.94303000e-02  1.23172268e-01
 -1.14787770e-02  6.24479130e-02 -6.99074613e-03  2.68949405e-03
 -3.11086904e-02 -4.54756878e-02  3.14246193e-02 -1.41536212e-02
 -4.51944061e-02 -2.81087849e-02 -1.91511419e-02  1.32848574e-02
  1.60049852e-02 -5.61258681e-02 -2.35578208e-03  3.01443785e-02
 -3.77434492e-02  1.05446642e-02  2.64702328e-02 -1.29388692e-02
  2.94869337e-02 -1.31553262e-02 -6.13259338e-02 -5.61730713e-02
  8.16065446e-02 -1.15904957e-01 -2.74773762e-02  1.01626202e-01]"
117,How can overfitting be addressed in decision trees?,All of the above.,easy,8,6.705000000000002,"['A. Use of post-pruning.', 'B. Use of pre-pruning.', 'C. Using as voting among multiple decision trees.', 'D. All of the above.']",4,28.5,"[ 2.79503707e-02  3.21942084e-02  8.60880539e-02  1.21002700e-02
  1.07237011e-01 -8.09677243e-02  3.29381339e-02  1.12490971e-02
 -7.14154243e-02  6.52627647e-02 -1.31431311e-01 -4.45468351e-03
  6.00162800e-03 -8.92447680e-02 -3.99520621e-02  1.54851435e-03
 -3.99679057e-02  8.57959092e-02 -3.52068469e-02 -7.54958093e-02
  5.73969223e-02  3.12677957e-03 -4.53738943e-02  9.70821548e-03
 -3.35748047e-02 -5.12143597e-03 -5.19935749e-02 -4.94687678e-03
 -5.80735616e-02 -1.40619362e-02 -2.81554926e-02  2.93161888e-02
 -2.38825325e-02 -1.38244098e-02 -1.59677312e-01  1.28133362e-03
  1.77888423e-02 -3.68731059e-02 -4.18600701e-02  6.38630092e-02
  3.41864266e-02  6.14812523e-02 -2.94722226e-02  4.36782129e-02
  9.17565636e-03  6.31795777e-03 -3.63741033e-02 -5.08442633e-02
 -2.96690259e-02  1.08040003e-02 -8.36070403e-02  5.56513248e-03
 -3.55343781e-02 -1.15783485e-02 -3.35187837e-02 -2.29822453e-02
 -2.24975348e-02  5.44312701e-04  1.19281411e-02 -1.39329135e-02
  1.30411359e-02 -4.89744544e-02 -5.15599921e-02  1.41760651e-02
  4.03795466e-02 -4.72781658e-02  1.98345184e-02 -1.06339315e-02
 -1.51137565e-03  4.28372547e-02  5.60729764e-02  4.33935337e-02
 -6.82143420e-02  1.65154357e-02  5.88243306e-02  2.22854335e-02
  2.75403894e-02  5.01785614e-02  1.15574775e-02 -2.02202778e-02
 -7.71483928e-02  5.32911904e-03 -1.07527003e-02 -5.71596548e-02
  1.88352346e-01 -5.75248562e-02 -3.38306278e-02 -2.20051035e-02
 -1.53820179e-02  1.66436620e-02  4.56528366e-02 -1.19681962e-01
 -1.79051124e-02  1.29986973e-02 -4.60099168e-02  2.58981232e-02
  1.57013338e-03 -3.84865962e-02 -5.60219064e-02  1.06843412e-02
 -1.06496230e-01  8.83164406e-02  2.09908541e-02 -3.93298715e-02
 -1.39953922e-02 -4.05778736e-02 -4.20777388e-02 -2.08103135e-02
  6.69555441e-02 -8.94033164e-02  2.90419478e-02 -3.99296433e-02
  1.03376061e-02  6.14038028e-04  4.14536037e-02  5.72087104e-03
 -1.76513996e-02  2.27546189e-02 -8.48789290e-02  1.35638835e-02
 -5.45850359e-02  3.19865905e-02 -2.71324906e-02 -1.01346485e-02
  2.29250528e-02 -8.53255205e-03 -1.03177808e-01 -1.91808609e-33
 -4.01735306e-02 -1.99666247e-02  3.34708765e-02  3.57587188e-02
 -9.03883949e-03 -4.66945022e-02 -1.00576552e-02 -6.48586005e-02
  6.95979595e-02 -1.11669516e-02 -3.05684600e-02 -3.02908849e-02
  1.21932821e-02 -3.59607092e-03  1.02479555e-01  4.23903018e-02
 -1.05000988e-01  5.18819541e-02 -1.71835814e-02  2.28381585e-02
  1.10034041e-01 -7.80971125e-02 -5.18427789e-02 -9.36450511e-02
  4.85491604e-02  2.79166941e-02 -5.07302172e-02  6.65914491e-02
 -2.05578562e-02  2.94977520e-02  2.82421391e-02 -3.49392593e-02
  3.48458365e-02  7.43788406e-02  4.27258946e-02 -3.13214958e-02
 -3.02604269e-02  2.32625715e-02 -1.79639235e-02  1.26373246e-02
 -5.38819470e-02 -4.22275178e-02 -1.34674162e-02  5.45631908e-02
  3.16600129e-02  6.87491074e-02  8.08808487e-03 -5.45097999e-02
 -4.95072939e-02  2.41119917e-02 -3.76357208e-03 -1.06016127e-02
 -3.83730344e-02  4.23320048e-02 -9.06314105e-02  9.15897712e-02
  2.66966131e-02 -2.83660144e-02 -2.18466353e-02  4.71473448e-02
  6.57607019e-02 -3.58262546e-02 -2.26141978e-02 -9.62618738e-03
 -5.34763420e-03  1.92453526e-02 -1.55522767e-02 -5.41803502e-02
  6.62694946e-02 -3.27555952e-03 -5.14286794e-02  4.88220751e-02
 -2.87686344e-02  1.49176712e-03 -3.85831259e-02  1.10495193e-02
  4.86230627e-02  6.47877902e-02  5.57325408e-03 -3.52473781e-02
 -5.25736883e-02  1.41568044e-02  4.82673664e-03 -1.81551017e-02
 -7.91908056e-03 -8.74031335e-02  3.71059962e-02  3.33616929e-03
 -4.39119302e-02  4.57925871e-02 -1.26976371e-01  3.18903588e-02
  2.51900349e-02 -7.96754435e-02  1.63800307e-02 -6.23653936e-34
 -9.99444127e-02 -3.03639863e-02  8.72026756e-02  6.66516274e-02
 -6.78023472e-02  2.54411213e-02 -3.88089307e-02 -5.81708364e-02
  2.07736418e-02 -8.37098435e-02 -3.94816976e-03  6.66135177e-02
  5.97421415e-02 -6.65130932e-03 -4.36669402e-02 -3.04684993e-02
  2.77957786e-02  1.01092942e-01 -4.07454744e-03 -1.09569095e-02
  3.73904966e-02  7.74956569e-02 -5.27130663e-02  2.58594025e-02
  5.34446165e-02  2.71305293e-02 -5.58757074e-02 -9.25526954e-03
  7.64725581e-02 -5.88591322e-02  6.47966051e-03 -8.35200120e-03
 -2.55821981e-02 -1.34837972e-02  4.92210872e-02 -1.04019651e-02
 -1.46917778e-03 -2.96548195e-03  3.50492448e-02  1.57406628e-01
  3.75211760e-02  2.31266972e-02 -1.02793172e-01  3.08963507e-02
  5.52316345e-02 -4.44956459e-02 -6.10696897e-02 -1.27919605e-02
  2.88965777e-02 -2.89158486e-02  3.45387533e-02 -4.98319566e-02
  4.06687669e-02  1.04852073e-01  1.11180041e-02  4.98165004e-02
  4.19405028e-02  3.89424339e-02  9.83746946e-02  4.75962907e-02
 -4.36399169e-02  3.90521325e-02  7.34346062e-02  4.46144631e-03
  7.52722705e-03 -6.34786040e-02 -6.72964612e-03  2.47538630e-02
  7.05244169e-02 -7.93300271e-02  4.51596826e-03 -1.34099147e-03
 -4.71918210e-02  5.72189502e-03  5.07721826e-02 -1.24709150e-02
 -2.89269499e-02  6.55683340e-04  2.46077543e-03  8.06561112e-03
 -7.07599297e-02 -1.73866991e-02 -9.18057933e-03  1.02584533e-01
  7.51796514e-02  7.20293075e-02  6.36324435e-02  6.32296875e-02
  5.39580220e-03 -7.23558143e-02 -3.13475281e-02  5.12897559e-02
 -1.63866598e-02  3.57982679e-03 -1.00370288e-01 -1.85508693e-08
 -6.04833178e-02 -2.94251391e-03 -5.85272675e-03 -7.22848531e-03
  8.70593786e-02 -4.07503434e-02 -2.30828766e-02  1.57604575e-01
 -1.72475763e-02  2.86308117e-02  5.65907434e-02  1.40145170e-02
  1.67166954e-03  2.01485921e-02  9.02131498e-02  4.05149460e-02
 -8.52525085e-02  8.75248164e-02 -5.05689681e-02  1.25891179e-01
 -9.61539987e-03 -8.66991505e-02 -1.95519831e-02  6.18237033e-02
  7.37156048e-02 -6.18220717e-02  3.28509673e-03  6.69915751e-02
  9.84616298e-03  1.28348246e-01 -6.13807468e-03  2.33644303e-02
  5.98991849e-02  7.20820129e-02 -1.26662599e-02 -2.42624376e-02
 -4.50108293e-03 -3.13505493e-02 -9.37692523e-02  3.96168083e-02
 -5.81079014e-02 -9.27145244e-04  3.79827023e-02  2.03193761e-02
  6.13575317e-02 -2.07832623e-02  2.05169395e-02  4.95462753e-02
 -7.55639821e-02 -3.99187719e-03  5.39986184e-03  1.57083180e-02
  1.95093583e-02 -3.53758968e-02 -2.91379925e-04 -1.03052985e-02
 -3.87607738e-02 -9.75928269e-03 -6.12036511e-02  8.21099356e-02
 -1.95804723e-02 -1.04815990e-01  2.32093525e-03  8.79292637e-02]"
118,"To set a baseline for determining if a classifier is acceptable, which of the following could be utilized?",The number of training examples in the majority class divided by the total number of training examples,hard,18,12.407777777777778,"['A. The number of training examples in the minority class divided by the total number of training examples.', 'B. The inverse of the number of classes (1 divided by the number of classes)', 'C. The number of training examples in the majority class divided by the total number of training examples', 'D. None of the above']",4,76.75,"[ 7.18599698e-03 -1.45387417e-02 -5.19899204e-02 -2.45961528e-02
 -2.86467075e-02  5.71492948e-02 -1.86192933e-02  6.53619543e-02
 -8.91773552e-02  1.60420965e-03 -7.33078225e-03 -4.33143601e-02
  3.04704788e-03 -3.77126001e-02 -6.68246895e-02  1.17645012e-02
  8.08741897e-02  1.44563960e-02 -1.22683644e-02  4.35793661e-02
  5.66091537e-02 -2.40916535e-02  4.95957695e-02 -1.68313272e-02
 -5.22809327e-02  1.00699312e-03  3.59409265e-02  7.42856935e-02
  3.47222760e-02 -1.87566057e-02 -7.45473355e-02  2.96009537e-02
  8.26510414e-02 -1.78004298e-02 -1.30190924e-02  3.97660956e-02
  4.77055274e-03  1.07704420e-02  1.27782347e-02  3.04783117e-02
 -3.89125496e-02 -9.89135727e-02  2.01433431e-02  3.97947617e-02
  3.23779993e-02  7.41289929e-02  5.01519106e-02  1.70679782e-02
 -1.04890689e-01 -7.46243149e-02  2.76071802e-02 -1.57440659e-02
 -6.65977448e-02 -2.26954576e-02 -6.78538010e-02  2.62396764e-02
 -1.82466116e-02 -3.98292728e-02  6.57830387e-02 -3.84831801e-02
 -1.84203014e-02 -3.02832406e-02 -1.77591499e-02  3.72652449e-02
 -1.30299362e-03  2.56711096e-02 -6.46606386e-02  3.64009268e-03
  2.30511688e-02  1.17872484e-01 -1.89047679e-03  3.84564847e-02
 -1.00616375e-02  6.60155192e-02 -5.44008836e-02 -1.10907312e-02
  2.04139128e-02 -1.05035212e-02  6.55781254e-02 -3.17131542e-02
  9.83765721e-03 -5.64972218e-03 -4.81093526e-02  3.32621695e-03
  1.39890179e-01  5.93647547e-02 -2.87285205e-02  1.82152186e-02
 -7.28295520e-02  2.82640588e-02  1.23005062e-01 -1.01423534e-02
  1.01225544e-02  2.10823547e-02 -3.68441269e-02  5.14790490e-02
  3.82224726e-03 -5.46841994e-02  2.35195681e-02  5.83620518e-02
 -8.29250813e-02 -2.99596339e-02 -5.36223762e-02  2.76467055e-02
  6.34412700e-03 -4.20263112e-02  6.38187900e-02 -3.09006628e-02
  4.43903916e-02 -1.55793466e-02  9.24372487e-03  1.49804316e-02
 -7.75298700e-02 -4.44904193e-02  1.58231892e-02  9.81933903e-03
  9.34653077e-03  1.72472224e-02 -4.72067244e-04 -3.32613401e-02
 -1.64270103e-02  2.55515836e-02  9.82798040e-02 -2.74300352e-02
 -3.44084390e-02  2.46257079e-03 -6.92109987e-02 -2.31809066e-33
  7.97568262e-03  2.80909725e-02 -1.64439064e-02 -1.03100203e-03
 -3.96047607e-02  7.85387866e-03 -9.68973264e-02 -1.95176639e-02
  5.31330854e-02  8.86734277e-02 -2.47990456e-03 -3.72901559e-02
  9.03686695e-03  8.05884823e-02  9.07016844e-02  8.29822794e-02
 -3.68994176e-02  4.84578051e-02 -1.44353136e-01  1.76966973e-02
 -7.38761108e-03 -7.59536922e-02  2.23424863e-02  9.44890268e-03
 -2.64156796e-02 -5.31085348e-03 -2.63025239e-03 -1.89406499e-02
 -4.24635597e-02 -7.12556206e-03  1.33591648e-02 -1.07137725e-01
  8.85419399e-02 -4.01882380e-02  1.86920650e-02  2.98118610e-02
 -2.09597833e-02  8.15920755e-02 -8.27886257e-03 -5.35784699e-02
 -3.49135511e-02  6.00631386e-02  7.62376711e-02  9.76648182e-02
  4.68786582e-02 -2.57953461e-02  7.40039349e-03 -4.74590659e-02
 -7.57811815e-02  7.41393641e-02 -3.81373465e-02 -2.18492728e-02
  7.44578317e-02 -7.02856760e-03 -4.58308272e-02  2.70371158e-02
  7.93168694e-03  3.08114178e-02 -5.26482686e-02 -3.37295095e-03
  9.42887831e-03 -2.73567997e-02  1.94757544e-02 -3.49252112e-02
  3.07332985e-02  3.79693881e-02 -4.28039096e-02 -2.75999773e-02
  2.51014475e-02 -5.86324595e-02  4.42725308e-02 -6.79615978e-03
 -5.17452322e-02  5.85483573e-02  6.66278822e-04  2.63842065e-02
  6.71465695e-02  5.82732186e-02 -3.37745957e-02 -5.54658398e-02
  8.52844343e-02  3.83211449e-02  1.52829485e-02 -5.30307218e-02
 -6.51475787e-02 -3.81144397e-02  6.05202455e-04  2.41215620e-02
 -1.09416284e-02  1.48501918e-01 -1.20268159e-01  4.83850483e-04
  9.49021429e-03  2.13023480e-02 -1.27573246e-02  4.29891095e-34
  5.25522716e-02  5.33722565e-02 -7.23648444e-03  8.16037431e-02
 -5.10908589e-02  3.81612442e-02 -4.23044264e-02 -7.96488300e-02
 -2.08191574e-02  2.13189479e-02  5.27876168e-02  2.64772121e-02
  1.29936226e-02 -7.27943778e-02 -6.15825690e-02  3.82835977e-02
 -1.00289941e-01 -6.71108216e-02  4.53618951e-02  2.47598477e-02
  3.91478762e-02  1.24396766e-02 -7.31599927e-02  2.89004240e-02
  3.41254659e-02  5.02502546e-02 -1.08204499e-01  7.08422065e-03
 -6.10568263e-02 -5.08163385e-02 -4.40801680e-02 -5.00213467e-02
  6.72858730e-02  2.85762479e-03 -1.17523549e-02  7.79104698e-03
  1.72241163e-02 -7.63814971e-02  3.98116484e-02  1.21243738e-01
  5.00618219e-02  1.13304906e-01 -1.35370359e-01  5.40731028e-02
  4.04004306e-02 -6.48951605e-02 -1.56070925e-02  3.02788634e-02
  4.17958274e-02 -2.89101843e-02 -1.34876147e-01  2.65340740e-03
  2.99633341e-03  9.95641649e-02  4.45828587e-02  7.93704465e-02
  2.37787166e-03 -5.76981977e-02 -1.13215335e-02  6.47771433e-02
 -2.70759650e-02 -1.51537843e-02 -1.70895196e-02 -5.07918932e-03
  2.13003065e-03 -1.18291443e-02  6.59518167e-02  7.47447014e-02
 -4.17666472e-02 -5.61991818e-02 -2.30756588e-02  4.61613610e-02
 -1.91319957e-02 -3.99812646e-02 -8.17145929e-02 -2.48782374e-02
  7.94336200e-02  1.40563464e-02  2.68645044e-02 -1.67883839e-02
 -1.03226922e-01 -5.57959490e-02 -2.99364515e-02  8.14609379e-02
 -4.71019484e-02  4.82052304e-02  2.54818313e-02 -8.08402598e-02
  5.54688647e-02 -6.24695607e-02 -1.57525465e-02  4.86255577e-03
 -6.17294535e-02 -3.57493646e-02 -7.76013881e-02 -2.92272890e-08
 -3.83553803e-02 -3.17998119e-02  3.52611095e-02  5.22806942e-02
  2.46595638e-03  7.55623356e-02 -6.49686810e-03 -3.31692919e-02
 -1.43087031e-02 -1.00380085e-01  4.73775044e-02  2.34841742e-02
 -9.06172320e-02 -2.61585340e-02  4.34423471e-03 -7.43565857e-02
 -4.37969305e-02  1.08750395e-01 -9.83099192e-02  1.16437733e-01
  5.46479113e-02  1.17979385e-02  3.36902961e-02  2.28979532e-03
  1.32866297e-02 -8.00693855e-02  7.88695458e-03  2.61666272e-02
  7.81020988e-03 -1.35571826e-02  1.78667419e-02  1.25037655e-01
  8.58023670e-03 -5.66029884e-02  5.39412163e-02  1.13576360e-01
 -6.86732084e-02  3.90213681e-04 -4.61269841e-02  8.10874924e-02
  2.22823042e-02 -4.29659849e-03 -2.43870858e-02 -2.40833927e-02
  7.86235929e-02 -1.70150790e-02  5.07970247e-03 -5.38232327e-02
 -2.36233766e-03 -3.20077538e-02 -3.91991921e-02 -4.30715410e-03
  2.85528973e-02  6.38064221e-02 -5.61983846e-02  1.54364556e-02
 -1.92644708e-02 -7.11408583e-03 -1.15102805e-01 -3.77240777e-02
  2.32698899e-02  3.89997102e-02 -4.23988141e-02  1.22651272e-02]"
119,Why does a decision tree struggle with oblique splits?,Only a single attribute is evaluated in each split condition.,hard,9,4.964444444444446,"['A. Oblique splits are nonlinear.', 'B. It results from underfitting.', 'C. Only a single attribute is evaluated in each split condition.', 'D. All of the above.']",4,37.0,"[-7.10782362e-03 -1.59059539e-02  9.80033875e-02  1.22838421e-02
  5.91023788e-02 -4.25492525e-02 -3.85633670e-02  5.24054766e-02
  1.83163732e-02  1.09628357e-01 -3.34971994e-02 -3.54055837e-02
 -3.88154425e-02 -7.06247985e-02  7.59129152e-02  2.52910219e-02
 -9.39126536e-02  2.60076411e-02 -8.20707995e-03 -2.73702201e-02
 -2.94914041e-02 -3.16166580e-02 -8.75966400e-02  4.03301492e-02
  4.53935266e-02  1.93753075e-02  1.40126105e-02  2.38457266e-02
 -2.57060723e-03 -7.54645616e-02  2.57836320e-02  5.06418291e-04
 -1.36980517e-02  4.62963171e-02 -1.16291977e-01 -1.56314170e-03
  1.12996232e-02  3.91457183e-03 -4.07951288e-02  6.40885085e-02
  2.43079122e-02  5.72434999e-02 -3.63886319e-02 -1.01101883e-02
  1.43844855e-03  4.05941755e-02 -4.94071580e-02  1.15393093e-02
 -1.21823102e-02 -4.59040627e-02 -1.11607201e-02  8.39036796e-03
 -2.98697595e-02  1.03049241e-02  2.55678385e-03  5.92551604e-02
 -8.19437951e-02  4.92645912e-02 -1.81593802e-02  6.37101904e-02
  7.66999349e-02 -4.08067666e-02 -8.18673447e-02 -4.00138870e-02
  8.82170275e-02 -1.84614584e-02  3.98551412e-02 -4.65235598e-02
  3.46399732e-02  5.51914051e-02  5.93385585e-02  4.65966724e-02
 -1.09361239e-01 -3.87784466e-02  3.39189284e-02 -3.75351980e-02
  7.60499388e-02 -1.54685592e-02  2.68838611e-02 -5.01480252e-02
 -6.82696253e-02  4.99463230e-02 -9.09180269e-02 -1.49400132e-02
  7.19425604e-02 -9.14154500e-02 -9.29039344e-02  1.23272529e-02
 -3.17341946e-02 -6.12872001e-03  8.36480856e-02 -5.73545434e-02
  2.92164218e-02  4.32800408e-03 -4.03127298e-02  4.66898456e-02
 -3.19080874e-02  1.79505628e-02 -3.12736444e-02  4.11621779e-02
 -4.57120910e-02  4.98369187e-02  9.43053663e-02  1.77319087e-02
 -1.06269503e-02 -1.26819536e-01  1.46097075e-02 -5.94818667e-02
  8.82206038e-02 -6.39248732e-03 -1.36103602e-02 -2.21038368e-02
  4.83664591e-03  4.68545817e-02 -7.75733814e-02 -1.13554420e-02
 -2.05962006e-02 -5.29068746e-02  1.30573446e-02  1.59612764e-02
 -4.31546941e-02 -1.69149674e-02 -2.95068254e-03  4.46708538e-02
  2.57957634e-02  2.19537187e-02 -6.59356192e-02 -3.73828693e-33
 -1.19849038e-03 -2.85440520e-03  4.43687662e-02 -2.12710872e-02
  4.82556969e-03 -3.33662964e-02 -4.89497557e-02 -6.84248358e-02
 -4.85814214e-02  5.10519445e-02 -6.92934021e-02 -3.65076922e-02
  6.34415895e-02  1.95385870e-02  7.70463571e-02 -1.37074012e-02
 -1.11143151e-02  5.10730557e-02 -9.92197469e-02 -1.80362929e-02
 -1.92586213e-05  6.98788911e-02  1.14174988e-02 -1.15996115e-02
 -5.72600663e-02 -1.43171949e-02  1.00532984e-02 -1.13456268e-02
  1.49750626e-02  3.96883301e-02 -8.14243034e-02 -2.05588806e-02
  2.08793534e-03 -2.77034007e-03  7.95562938e-02  3.79752927e-02
 -5.65248579e-02 -2.35422123e-02 -4.43034433e-02  2.50539258e-02
 -6.22848906e-02 -1.46211907e-02  7.22855777e-02 -8.19129962e-03
  7.92682823e-03  1.83539428e-02 -4.87319380e-02  4.01921058e-03
 -4.22718450e-02  2.94964202e-02  3.99134271e-02  3.53874117e-02
  4.32886370e-02  9.59410053e-03  3.06597054e-02  8.56421888e-02
  2.60869991e-02  7.76133239e-02  3.04895192e-02  7.73902461e-02
 -1.57714002e-02 -1.54861913e-03 -2.99970862e-02  2.55368911e-02
 -7.61346892e-02  9.02619511e-02 -5.19344248e-02 -1.56747252e-02
  7.29981363e-02  2.66343914e-02 -1.04841262e-01  4.50429972e-03
 -2.72596031e-02 -6.12956658e-02  3.01389508e-02 -7.65972026e-03
  8.73117596e-02  1.42145315e-02  5.29070608e-02 -7.56718963e-02
 -9.94168073e-02  1.79198440e-02  5.16152903e-02 -3.72553132e-02
  1.15884095e-02 -3.30333039e-02  2.38739047e-02 -4.75027785e-02
 -3.51120085e-02  4.49005663e-02 -5.98352030e-02  4.68246080e-02
  2.62764022e-02  3.05873691e-03  1.38991788e-01  9.35678350e-34
 -5.36077730e-02 -3.49392742e-02 -1.99512742e-03 -4.77647595e-02
 -8.63160286e-03 -1.80178527e-02 -9.35051665e-02  3.14966863e-04
 -7.47324806e-03 -4.56635952e-02 -3.73967201e-03  5.81645221e-02
 -3.93273793e-02  6.80398792e-02  3.05758789e-02 -9.34898295e-03
  4.61828075e-02  9.15770680e-02  6.34851977e-02  5.24053071e-03
  8.39140117e-02  5.35917655e-02 -8.21517110e-02  1.66721977e-02
 -3.98773625e-02  9.12992400e-04  8.40608496e-03 -4.90695536e-02
  1.05947286e-01  1.40146483e-02 -6.99087232e-02 -6.80985898e-02
 -8.46546367e-02 -1.62980892e-02 -1.16116321e-02 -4.62547652e-02
 -1.83245495e-01  1.14470506e-02  3.07585094e-02  7.41390437e-02
 -9.91144776e-02  3.51495370e-02 -3.94529812e-02  2.97747757e-02
  1.21660419e-02  3.66256572e-03  5.04560731e-02  4.46365178e-02
 -3.03194728e-02  3.32673453e-03  1.96211357e-02  1.82347794e-04
  3.17660719e-02  8.70459974e-02 -3.05829626e-02 -4.71178479e-02
  3.92434001e-02  4.83618788e-02  3.72353196e-03  4.56979312e-02
 -8.62181336e-02  3.71006466e-02 -1.72448736e-02 -5.41142635e-02
  7.93263242e-02  1.70655660e-02 -2.11939365e-02 -4.47513610e-02
  4.84223403e-02 -9.58568528e-02  1.67783517e-02  5.76690994e-02
  1.89715018e-03 -1.96335539e-02  4.23855893e-02  4.61215749e-02
 -1.00486055e-01 -1.03963185e-02  1.92323960e-02  5.99342622e-02
 -8.27943757e-02 -1.90418940e-02  2.57720761e-02  2.74016745e-02
 -1.19399838e-02  2.35916078e-02 -7.00982381e-03  7.01430738e-02
  7.75023596e-03 -1.05304606e-01  5.45880124e-02 -4.80183261e-03
  9.32427570e-02  6.49260879e-02 -4.77011725e-02 -1.61867781e-08
 -5.96928112e-02 -1.34483147e-02 -1.01533666e-01  5.36770523e-02
  4.87186387e-02 -7.45716784e-03 -3.66951749e-02  4.66914028e-02
 -2.70915423e-02  7.48471636e-03  7.03289779e-03 -2.10449640e-02
 -3.16696241e-02  4.09701318e-02  6.95396587e-02 -5.66266151e-03
 -4.58511300e-02  1.01308927e-01 -7.19736516e-02  1.26128256e-01
 -4.53728624e-02 -9.57119763e-02  3.10704540e-02  8.61915052e-02
 -2.82695498e-02 -5.08482568e-02 -3.85202542e-02  7.32990578e-02
 -3.53274755e-02  5.93278781e-02 -5.39194047e-03  2.02832762e-02
  3.35719474e-02  1.32133588e-01 -1.05345370e-02  7.97717199e-02
 -2.71065477e-02  1.72950588e-02  9.78969876e-03  1.77212395e-02
 -2.49208504e-04 -7.79925436e-02  9.05934423e-02  4.73620743e-02
 -3.85308522e-03  1.06922314e-02  1.44131714e-02  5.09944037e-02
  6.72123861e-03 -6.91284612e-02 -4.59875464e-02 -3.07745170e-02
  5.37536331e-02  1.23744160e-02  3.32572497e-02 -8.42038635e-03
 -2.90947482e-02 -6.63122758e-02 -3.87597829e-02 -2.27582660e-02
  5.97091727e-02 -1.01069532e-01 -5.04479110e-02  9.76104960e-02]"
120,"When providing a probability estimate for an example's classification using a decision tree, which method would be used?",The probability is estimated based on the class frequencies in the leaf node where the example is classified.,easy,18,15.03,"['A. The probability is estimated based on the class frequencies in the leaf node where the example is classified.', 'B. The probability is considered 1, as the path to this node indicates certainty in the majority class occurrence.', 'C. The probability is derived using the entropy at the leaf node where the classification occurs.', 'D. None of the above']",4,85.75,"[-1.35367382e-02  2.75928564e-02 -3.45587893e-03 -6.72020623e-03
  2.19894759e-03 -3.91896442e-02  1.50605422e-02  4.94225807e-02
  1.09584527e-02  6.41988143e-02 -3.07073686e-02 -3.68954986e-02
  2.28851549e-02 -3.24115790e-02 -2.61805188e-02  2.84926109e-02
  3.97068039e-02  4.71615046e-02  5.20935543e-02 -7.81025812e-02
  4.42114882e-02 -9.08140931e-03  1.09126214e-02 -1.18689258e-02
  5.16130701e-02 -6.97174370e-02  4.54994254e-02  9.71385911e-02
 -2.98193581e-02  5.15084714e-03 -7.27842450e-02 -4.19187360e-02
  5.73446751e-02 -4.78811227e-02 -1.57072067e-01 -1.73581280e-02
 -8.26235414e-02 -3.99339274e-02 -4.58061099e-02  6.31043464e-02
  1.28521016e-02  8.52702856e-02 -3.19066048e-02 -1.23452945e-02
  4.58604395e-02  2.07561031e-02  6.23900816e-03 -1.37381656e-02
 -5.50799333e-02  3.83943245e-02  1.31103648e-02  1.48312878e-02
 -4.85898927e-02 -3.01933363e-02 -5.58127500e-02 -4.60585207e-02
 -1.89217906e-02 -5.84229901e-02  2.68521886e-02  2.59373635e-02
  3.35738212e-02 -4.65177409e-02  7.37539958e-03  2.85130385e-02
  2.47670617e-02 -8.12809169e-03  1.54720182e-02  2.78457776e-02
  7.38483965e-02 -8.28906745e-02  2.22811550e-02  8.47749934e-02
 -1.12929434e-01  3.58113870e-02 -2.79047284e-02 -5.72993420e-02
  9.91190597e-02  2.86868531e-02  3.47689609e-03 -2.45617740e-02
 -6.58040270e-02  4.29799706e-02 -3.79118025e-02 -2.93313619e-02
  1.57003045e-01  7.65794814e-02 -7.86778703e-02  6.76335543e-02
 -7.35551342e-02 -9.25208721e-03  1.27392979e-02 -4.84384857e-02
 -2.58508548e-02 -4.27446812e-02 -6.31120652e-02  3.96870859e-02
 -5.50957769e-02 -3.26542743e-02 -1.51608710e-03  2.52310827e-04
 -1.04337215e-01 -1.92423631e-02 -1.55507158e-02 -6.14174940e-02
 -7.40125822e-03 -5.27262464e-02 -3.26394439e-02 -5.14774248e-02
  1.19002007e-01 -4.28602658e-02  1.84172951e-02 -1.08150300e-02
 -1.04623847e-01  1.37118846e-02  9.56235453e-04 -3.72287817e-02
 -3.29896845e-02 -1.04805380e-02 -4.24418412e-02  2.18376108e-02
 -4.26596701e-02 -1.53489234e-02  8.09108317e-02 -8.19996186e-03
 -2.79586054e-02  4.92411330e-02 -6.09754845e-02 -5.90010773e-33
  1.62364449e-02 -6.33468404e-02  3.26119550e-02  7.25289853e-03
  6.96412027e-02  4.18368354e-02 -1.37478383e-02  4.82707703e-03
  1.14586793e-01  9.54398944e-04 -2.49490291e-02 -4.19027396e-02
  5.43842353e-02 -2.72196028e-02  1.03042252e-01  7.36320689e-02
 -7.56890923e-02  1.11854665e-01 -9.61981863e-02 -1.20032681e-02
 -9.24953353e-03  9.60043259e-03  4.13295813e-02 -2.93772519e-02
  4.27950025e-02  3.14478539e-02  4.01055738e-02  8.33482072e-02
  7.21100345e-02  8.24740622e-03  4.72323485e-02 -6.42228648e-02
 -1.90895312e-02 -6.30842745e-02  6.56875744e-02  1.93309244e-02
 -4.64968197e-02  1.23259500e-02 -5.05450666e-02 -1.97984222e-02
 -7.15867952e-02 -8.60693753e-02  7.63205662e-02  2.79203206e-02
 -1.72987543e-02  5.54882339e-04 -7.04442188e-02 -3.98028921e-03
  3.21277417e-02  2.80410536e-02 -6.99395838e-04 -3.12490519e-02
  3.85718085e-02  1.94128021e-03 -4.11520936e-02  5.51384874e-02
 -1.62533913e-02  6.40700236e-02  2.56455801e-02  7.01666921e-02
  1.39904199e-02 -6.73602801e-04  6.21240363e-02  1.10837100e-02
  6.90870509e-02  1.27597705e-01 -6.06745705e-02 -1.00511149e-01
  1.67583507e-02 -4.12326083e-02  6.90363348e-02  4.97311540e-02
  2.09528971e-02  1.56208323e-02 -3.30705494e-02  2.35814452e-02
  2.24338099e-03  3.42120826e-02 -2.60305442e-02  1.32189151e-02
 -1.44849801e-02 -2.79965010e-02 -2.76199952e-02  1.67614166e-02
  1.41031835e-02  3.85737307e-02  3.34430411e-02  3.91556099e-02
  1.44785540e-02  1.36191761e-02 -9.10202190e-02  5.25427461e-02
 -2.64279023e-02  1.96473934e-02  1.51092038e-02  1.36656526e-33
 -4.63595726e-02  1.42551251e-02  8.51822421e-02 -2.63399221e-02
  2.10607774e-03  3.62906307e-02 -9.72105563e-02 -8.58235285e-02
  5.37585169e-02 -5.87063134e-02 -3.18173654e-02  1.24261595e-01
  2.36802083e-02  3.68390442e-03 -8.06742441e-03  9.76279750e-03
 -1.01056986e-01 -1.90159660e-02  7.54366908e-03  9.01355892e-02
  7.51506584e-03  6.26229157e-04 -8.43840390e-02  5.06339595e-04
  3.25722955e-02 -3.46747003e-02  3.95361185e-02 -3.52169983e-02
 -4.81591187e-03 -1.12888068e-01 -2.45834161e-02 -6.57370165e-02
 -3.51607613e-02 -2.91921794e-02 -6.89038187e-02 -4.14532945e-02
  1.62848625e-02 -6.40174970e-02  1.35377701e-02  1.05313413e-01
 -6.90316483e-02  6.72764331e-02 -7.35412613e-02 -3.91451567e-02
 -5.99339530e-02 -3.01897135e-02 -1.98272616e-03  2.30585504e-02
  3.44952308e-02  4.15865555e-02  1.42036956e-02 -9.61767137e-03
 -7.08478838e-02  8.89514387e-02 -5.08968206e-03  3.10272276e-02
 -7.27634355e-02  2.25603580e-02  3.30885947e-02  3.27794515e-02
 -1.11786976e-01  4.11887653e-02  3.70877422e-02  1.22336354e-02
 -2.17612945e-02 -3.54071818e-02 -6.50532693e-02  4.21146415e-02
 -2.39924788e-02 -1.40851794e-03  2.00528800e-02  9.71020982e-02
  2.76294071e-02  2.15272214e-02 -1.88123044e-02 -2.61884388e-02
  5.42789362e-02 -7.48496829e-03  1.19483396e-02 -6.58584014e-03
 -6.61118105e-02 -9.79735553e-02  1.55384475e-02  5.56030199e-02
  5.08365706e-02 -4.14827727e-02  8.02511945e-02 -8.63043591e-02
  5.38502038e-02 -5.45824170e-02 -1.76214259e-02  1.45161301e-02
  1.44914500e-02  5.15374616e-02 -8.87877792e-02 -2.46340868e-08
 -1.96585525e-02  4.47449870e-02  8.13049600e-02  1.80798373e-03
  6.70236424e-02  7.06248358e-02 -5.60120307e-02  8.75423327e-02
 -6.42938018e-02 -1.39673367e-01  3.37232053e-02  1.96419451e-02
 -2.59168707e-02 -3.89095098e-02  4.42180187e-02  9.30114556e-03
 -9.07775294e-03  9.68538001e-02 -2.92206351e-02  1.41304702e-01
  4.63846102e-02 -9.02577564e-02  1.23006580e-02  5.11792637e-02
  1.26539485e-03 -9.53142047e-02  2.48349532e-02  6.08755983e-02
 -5.77575900e-02  3.16936821e-02 -6.46211579e-02  5.53771481e-02
 -3.00847227e-03  7.10973591e-02  3.68596911e-02  3.10030151e-02
 -2.53116358e-02 -3.07162534e-02 -3.68411653e-02  5.90636916e-02
  2.36428138e-02 -5.85889965e-02  1.27047226e-02  1.55971451e-02
  4.70540971e-02  1.00317486e-02  1.19842859e-02 -4.22337390e-02
  3.00580300e-02  5.35017364e-02 -3.57010774e-02 -8.61160737e-03
 -5.62972240e-02 -1.56908445e-02  2.68197916e-02  2.17360388e-02
  1.87050030e-02 -6.46012798e-02 -5.82218617e-02  1.84095409e-02
  7.11068511e-02 -6.06813766e-02 -8.81358050e-03  5.96929267e-02]"
121,"In the Apriori algorithm, what is the significance of the ""pruning"" step?",It removes infrequent itemsets from consideration.,easy,12,10.723333333333333,"['A. It removes infrequent itemsets from consideration.', 'B. It adds more itemsets to the frequent itemsets list.', 'C. It increases the minimum support threshold.', 'D. It reorganizes the transaction database.']",4,49.25,"[-8.96583050e-02  6.27968684e-02 -4.37342264e-02 -4.94736061e-02
  3.37909013e-02 -5.50266467e-02 -3.02757248e-02 -1.31049389e-02
 -4.22283523e-02 -1.60959009e-02  9.59746614e-02  8.46413597e-02
  4.30293493e-02 -7.37850815e-02 -2.89427023e-02  4.15024832e-02
 -6.70549273e-02 -1.06549803e-02 -1.05582371e-01 -1.04028970e-01
 -4.86843996e-02 -3.76227312e-02 -3.98591831e-02  5.77951921e-03
  3.17633599e-02  3.34466659e-02 -2.20867880e-02  5.17289601e-02
  8.59287307e-02  1.06398845e-02  7.25237876e-02  1.04224324e-01
  1.56602919e-01 -1.89128257e-02 -2.73066629e-02  2.36929841e-02
  7.00779725e-03 -2.12977380e-02 -3.88602987e-02  2.51876861e-02
  3.60490754e-03  2.57950071e-02 -4.20451500e-02  7.87358452e-03
  1.98080372e-02  4.18362357e-02 -6.41793311e-02 -1.25911582e-04
 -5.59822880e-02 -2.17359420e-02 -5.12431972e-02  5.28629981e-02
  1.81232172e-03  5.73615767e-02 -3.52824060e-03  4.08421755e-02
 -4.67833579e-02 -3.77673320e-02 -6.93827048e-02 -5.04797995e-02
  5.08318953e-02 -6.90936148e-02 -7.56557360e-02 -2.73048133e-02
  8.86308178e-02 -1.13557622e-01  8.60771015e-02 -6.34761304e-02
  6.08353019e-02  1.24185560e-02  2.21762434e-02  4.12361063e-02
 -6.59766495e-02  7.28969276e-02  8.55294019e-02  2.01468021e-02
  4.63460834e-04 -6.29376108e-03 -4.37326357e-02 -2.38155592e-02
 -5.96601889e-02  6.03285246e-02  1.31272785e-02 -4.66873776e-03
  1.57185737e-02 -8.12918320e-02 -8.39756615e-03 -1.77226096e-01
  5.89114763e-02  6.84254756e-03  2.85835098e-02  3.64350490e-02
 -7.28466660e-02 -1.40133845e-02 -2.59740688e-02  2.37425044e-02
 -9.03032571e-02 -7.41218030e-03 -2.92535610e-02  3.04408744e-02
  6.49159029e-03  2.77134217e-02 -3.26271951e-02 -9.24168080e-02
 -2.24731565e-02 -7.92684704e-02 -4.70023602e-02  6.94529638e-02
  8.02686885e-02  6.62345905e-03  1.25505701e-02 -2.58698058e-03
  4.40465398e-02  4.05531004e-02 -2.73673870e-02  5.81497066e-02
 -5.79570187e-03 -8.22568592e-03  7.47830793e-02 -1.57231018e-02
  2.83270516e-02  3.74970250e-02 -5.01823910e-02  4.11486439e-02
  2.58996375e-02  7.02864397e-03 -5.09295613e-02 -4.55014357e-33
 -8.71787779e-03  5.20027466e-02  7.77356047e-03 -1.10027246e-01
  3.89136896e-02 -3.66087295e-02 -4.60562259e-02 -5.22229448e-02
  5.12101613e-02 -8.67966656e-03 -2.76925378e-02  7.73758739e-02
  1.72120344e-03  9.06070322e-03  5.48625886e-02 -8.76589939e-02
  2.08986667e-03  1.12611793e-01  2.58372948e-02 -4.92918305e-02
  4.88658734e-02  3.67184430e-02  1.75042897e-02 -8.81977603e-02
  3.48865092e-02  9.47691724e-02  7.66146183e-02 -1.54411905e-02
  1.44019686e-02  2.03683581e-02  1.76341180e-02  6.65837005e-02
 -1.06706955e-01 -1.03177465e-02  5.24433143e-02  4.57360595e-02
  2.42066197e-02 -4.65840884e-02 -4.92948713e-03  5.82150854e-02
 -3.66446823e-02  4.42439094e-02  1.25895888e-02 -1.27523104e-02
  4.15417086e-03 -3.00342869e-02 -4.24740724e-02  3.13723683e-02
  2.53629591e-02  8.09132904e-02  1.38542624e-02 -5.57243228e-02
  1.00579567e-01  5.25779836e-02 -7.51771256e-02 -1.53753804e-02
 -2.39911918e-02 -7.12264003e-03  2.69161514e-03  2.11837608e-02
  3.35203782e-02  2.00986005e-02 -1.37406569e-02  1.25143245e-01
 -6.70731291e-02  2.62571312e-03 -2.56616138e-02  1.05011081e-02
  2.29371246e-02  8.71630982e-02 -2.45326236e-02  7.25951195e-02
 -6.59990385e-02 -3.98274921e-02  4.11520079e-02 -5.71888499e-02
  8.73309150e-02  9.43276286e-03  4.27837931e-02 -9.47956666e-02
 -1.44192204e-01  5.44923358e-02  3.39375883e-02 -1.35521954e-02
 -6.13972209e-02 -1.99492425e-02  7.02506281e-04 -1.23628834e-03
  7.37756025e-03 -7.84096271e-02  7.78760090e-02 -6.68808725e-03
 -7.59552941e-02  7.66900852e-02  9.02657360e-02  1.71349112e-33
  1.27700502e-02 -3.13846320e-02  6.41453713e-02 -7.37963757e-03
 -1.68919694e-02 -8.37329701e-02 -6.11326061e-02 -1.04135256e-02
  1.64441078e-03 -9.03347358e-02 -3.51141691e-02  2.05186736e-02
  2.09759306e-02  3.33333574e-02  3.87816653e-02  2.90729310e-02
 -1.07407840e-02 -2.61888113e-02 -3.74836847e-02  2.81329919e-02
  2.20539421e-02  3.20530981e-02 -1.35336434e-02 -3.75975706e-02
 -6.06020540e-02 -7.11548477e-02  6.56601135e-03 -2.62966920e-02
  8.26828741e-03 -5.59977777e-02  2.54894029e-02 -6.44881129e-02
 -1.17854610e-01 -5.01163304e-03 -1.16099063e-02 -2.86517553e-02
 -5.74238524e-02  1.18471310e-02  4.86691408e-02  6.17014170e-02
  1.29057337e-02 -2.03135442e-02 -1.55085986e-02  3.29973595e-03
  3.24826920e-03  7.11557865e-02  6.76900595e-02 -4.86346968e-02
 -3.43835391e-02 -6.85417056e-02  7.14981332e-02  5.10685239e-03
  8.21777880e-02  5.51464707e-02 -1.20728072e-02  5.55865951e-02
  1.00923469e-02  3.99353728e-02 -4.18764688e-02  2.11190097e-02
  1.15414346e-02  1.96162257e-02  1.09896576e-03  7.72561133e-02
 -4.90259752e-02 -1.20610418e-02  5.85942492e-02  6.79654777e-02
  6.09177537e-03 -1.48245832e-02  2.68287845e-02  6.46029636e-02
 -1.27709862e-02  1.21470345e-02 -4.85539213e-02  2.49403734e-02
  4.20915335e-03 -1.44741964e-02 -4.99704070e-02 -2.65536644e-02
 -7.00917915e-02 -2.92539895e-02 -2.76885983e-02 -2.42287070e-02
 -1.14726806e-02  4.44465736e-03  1.49601325e-02 -2.93434449e-02
  7.56969210e-03  1.17558902e-02  3.92988324e-02 -1.51552791e-02
  6.42828047e-02 -1.14814145e-03 -8.65428746e-02 -2.09019984e-08
 -5.24564683e-02 -3.31594609e-02 -6.58226013e-02  3.79129387e-02
  1.16349183e-01 -4.04862426e-02 -8.27085041e-03  1.37654811e-01
 -5.42657115e-02 -4.61511277e-02  6.79949597e-02  1.11933993e-02
 -3.66722234e-02 -2.65038256e-02  9.27464440e-02  1.92501061e-02
  7.23920614e-02 -2.36034673e-02 -3.78408581e-02  2.27112789e-02
 -6.22533709e-02  9.55216866e-03 -2.72150170e-02  3.81366955e-03
 -7.14863017e-02  5.23966923e-02  1.25256807e-01  9.70085412e-02
  1.57710444e-02  9.74359177e-03  5.00587448e-02  3.31989564e-02
  3.82591300e-02  9.52417310e-03 -1.55983409e-02  1.11053929e-01
  5.64273037e-02  9.19662509e-03 -5.83763495e-02 -1.44524515e-01
 -6.74837083e-02 -1.86059419e-02  1.32778706e-02 -9.68872197e-03
  3.47662270e-02  1.08078560e-02 -4.78815027e-02 -2.56875362e-02
  1.23832105e-02 -4.69550714e-02  4.17417847e-03  2.58891676e-02
 -9.75859165e-03 -2.21337564e-02 -1.85150076e-02 -5.60450181e-03
 -4.11316082e-02 -3.09089869e-02 -4.40851487e-02 -3.51981409e-02
  8.00108090e-02  3.30837467e-03  9.80556128e-04  3.31186280e-02]"
122,"In the context of association rules, what is lift?",It indicates the independence of items.,hard,9,6.27555555555556,"['A. It measures the overall strength of the association between items.', 'B. It quantifies the likelihood of a rule being true.', 'C. It indicates the independence of items.', 'D. It represents the size of the dataset.']",4,51.25,"[-9.98454466e-02 -5.95578253e-02  2.70204116e-02  5.51306717e-02
 -7.47797918e-03  1.28853479e-02  4.16242741e-02 -6.24644663e-03
 -3.45567167e-02  2.10501701e-02  8.91755521e-02  1.44561352e-02
  1.35914022e-02 -3.40500590e-03  2.62613893e-02  1.39549583e-01
 -2.12905109e-02  2.08141804e-02 -1.23080067e-01 -1.14017772e-02
  5.92497662e-02 -5.70981242e-02 -1.16262538e-02 -3.73747349e-02
  8.81152786e-03 -6.56343028e-02 -6.79332763e-02  3.53445858e-02
 -2.03692727e-03 -3.45890298e-02 -5.40388413e-02  4.53815376e-03
  3.54603827e-02 -4.97427583e-02 -6.13489188e-02  6.00193888e-02
  4.32492197e-02  2.41447659e-03 -7.48478845e-02  2.50183865e-02
 -4.37518060e-02 -1.66671872e-02 -2.17995068e-04  1.65931713e-02
 -2.17059441e-02  1.19786583e-01 -1.30988341e-02  3.10002174e-02
 -7.46096522e-02  2.47622393e-02  2.18943302e-02  4.04191576e-02
 -1.92135293e-02  8.59448910e-02  4.83750217e-02  8.13959315e-02
  4.40534055e-02 -6.30245954e-02 -9.76957940e-03 -5.80902770e-02
  5.20430412e-03  1.81337819e-02 -7.94664025e-02  4.79100458e-02
  4.77368347e-02 -5.29159047e-02 -7.02151656e-02  4.44358389e-04
 -2.98201479e-02 -2.34432220e-02 -1.03025511e-02 -3.41692567e-02
 -8.96527916e-02  4.55608824e-03  6.38934746e-02 -9.14478116e-03
 -1.73291974e-02  2.79773842e-04 -1.09144859e-02 -8.88030510e-03
 -3.96099687e-02 -1.96387824e-02 -1.86659452e-02 -5.78190200e-02
  3.51616405e-02  1.35557558e-02 -8.34340975e-03 -1.04034379e-01
  8.01988412e-03  1.67015597e-01  2.97277141e-02 -5.89676984e-02
  5.52304834e-02  8.95019621e-02 -3.09174834e-03 -7.83468112e-02
  8.52196570e-03 -7.95354694e-02 -2.14828365e-02  7.37794489e-02
 -5.39858602e-02  9.42825153e-02 -6.24236017e-02  4.00143303e-02
 -4.78490330e-02 -3.83949652e-02  1.57055184e-02 -2.27367990e-02
 -2.44494602e-02  6.56931801e-03 -3.98085192e-02 -2.77523044e-02
  3.00344750e-02 -5.95107898e-02 -1.31533459e-01  3.37310359e-02
  2.80547570e-02  9.68362670e-03 -3.90258022e-02 -8.74499157e-02
  2.30951626e-02  5.56319393e-03  5.34903817e-02 -3.08618788e-02
  1.51688361e-03 -7.00554228e-04 -8.74653608e-02 -5.59098394e-33
  4.59340680e-03 -3.72459590e-02 -5.55426627e-02  3.72627471e-03
 -3.24238994e-04 -7.56834745e-02 -8.35558847e-02 -4.13464159e-02
 -7.90815830e-05  6.65825680e-02 -6.16952330e-02  1.51876777e-01
  8.10147300e-02 -1.23878829e-02  3.50272283e-02  5.21188509e-03
  3.17006954e-03  7.52955675e-02  3.33714001e-02 -4.10499871e-02
  3.01893204e-02  6.38383776e-02 -3.65253240e-02  2.43666805e-02
 -4.87560742e-02  6.69520302e-03 -4.01481390e-02  1.64364261e-04
  2.36165393e-02  2.32280213e-02  5.83806657e-04  1.89991184e-02
 -2.18574633e-03 -8.21990967e-02 -3.74269253e-03  7.98731819e-02
  7.63355419e-02 -1.09485954e-01  5.53446114e-02 -1.78128853e-02
 -5.12762927e-02 -6.24921843e-02 -1.13481889e-02 -4.48676609e-02
 -6.11995608e-02  2.31751613e-03 -4.89258766e-02 -6.71727955e-02
 -8.63676965e-02  8.60586986e-02  1.99479777e-02 -5.51380999e-02
  1.04333654e-01 -4.42834944e-03 -1.68117303e-02 -4.46564555e-02
 -6.32885005e-03  6.72127083e-02 -7.98664056e-03  1.95589755e-02
  6.20436929e-02  6.29940629e-02  2.91758329e-02  5.58125228e-02
 -5.39592877e-02  2.39216536e-02 -3.32746133e-02 -1.91235300e-02
  4.89683971e-02  1.89959984e-02 -3.37385759e-03  6.91421926e-02
 -1.14879243e-01  6.34549558e-02 -3.05122808e-02 -6.81505818e-03
 -2.55584083e-02 -1.83098745e-02  1.12048425e-01 -1.20901931e-02
 -3.48278098e-02  2.04047468e-02  3.76645140e-02 -1.43384030e-02
 -5.14144730e-03  1.08906627e-02 -2.42022946e-02 -3.17370035e-02
 -2.07553171e-02 -3.73327583e-02 -7.25722089e-02 -2.36520800e-03
 -1.94235146e-02  4.82904874e-02  1.17700607e-01  1.51377720e-33
  5.07757217e-02  3.19365300e-02 -4.46438901e-02 -2.40899567e-02
  7.95454755e-02 -4.90212180e-02 -9.34486836e-03 -3.76167037e-02
  7.79994726e-02  5.82877100e-02 -1.33379817e-01 -4.04838957e-02
  1.91065595e-02  1.53172482e-02  7.55896866e-02 -1.19824648e-01
 -7.99899325e-02 -2.61474866e-02 -8.32692310e-02  5.07110506e-02
  9.47516598e-03  3.09043564e-03 -1.30635034e-02  6.35151118e-02
 -2.05499269e-02 -6.46751747e-02 -3.00351810e-02  1.33788409e-02
 -1.89058110e-02 -1.19540282e-02 -6.73355833e-02 -7.98185393e-02
  2.04505716e-02  7.86629096e-02 -5.44584431e-02  3.03496365e-02
  3.92673016e-02 -8.37081671e-03 -6.45305729e-04 -5.88236712e-02
  5.07892715e-03  3.71499434e-02  2.62258090e-02  6.18636496e-02
  2.54472177e-02  1.75525527e-02  4.11561430e-02 -4.51375097e-02
  7.10680895e-03 -6.89284727e-02  2.15248559e-02 -1.03011737e-02
  1.12194650e-01  7.14649856e-02  4.55289893e-02  7.70850480e-02
  8.28721598e-02 -8.29936042e-02 -1.29889920e-02  3.11683621e-02
  3.53896543e-02  5.98528571e-02 -2.76225340e-02  6.79782331e-02
 -3.47480731e-04 -4.51038294e-02  2.21557692e-02 -3.18283737e-02
 -3.26071307e-02 -7.92381391e-02 -1.27304243e-02 -2.52550058e-02
  4.69153235e-03 -1.16913384e-02  2.09083571e-03 -1.38083259e-02
  5.02247363e-02 -1.37080196e-02 -3.51855978e-02 -5.39312474e-02
 -8.27918351e-02 -2.65604462e-02  2.54184902e-02  5.85692152e-02
 -6.30767718e-02  1.55908223e-02  6.68777600e-02  2.29389407e-02
  3.94711010e-02 -5.21059567e-03  2.21813563e-02 -2.57753823e-02
  2.68411320e-02  1.69264283e-02 -9.79366079e-02 -1.81235631e-08
 -7.97710121e-02 -3.69522301e-03  8.89519230e-02  4.23875414e-02
  1.41267348e-02  4.66857962e-02  6.45600632e-02  1.89735554e-02
 -9.45525430e-03 -3.21863517e-02 -1.66103058e-02  1.31855309e-01
  9.12276469e-03  2.26534288e-02  9.20879617e-02  2.63450928e-02
 -1.12377368e-02  4.80145253e-02 -8.49580988e-02  5.19395769e-02
 -2.84780879e-02 -4.64410931e-02  1.03458479e-01  3.40770893e-02
 -8.09135754e-03 -6.57501742e-02 -2.43408158e-02  2.06751227e-02
  4.39296141e-02 -7.05130631e-03  1.91255715e-02  5.26147746e-02
  1.26698073e-02 -1.90330879e-03 -2.56077182e-02  1.20803080e-01
  2.04635711e-04 -1.52493417e-02 -7.38501549e-02 -6.78573130e-03
 -2.19962727e-02  7.03239962e-02  3.83204706e-02  4.19263542e-02
  3.19666639e-02  7.66108260e-02 -6.88358098e-02 -2.62551084e-02
 -2.37918831e-02 -6.68174215e-03 -6.01030141e-03 -1.01611745e-02
 -3.58090885e-02  3.33973542e-02 -8.12438279e-02  7.06633478e-02
 -4.99659963e-02  4.62406091e-02  1.65957380e-02 -1.27519313e-02
  8.71544033e-02 -5.46044633e-02  1.91464256e-02  6.36379700e-03]"
123,What does a high lift value indicate in association rule mining?,Strong association between items.,easy,11,9.081818181818182,"['A. Strong association between items.', 'B. Weak association between items.', 'C. No association between items.', 'D. Perfect correlation between items.']",4,34.75,"[-2.03688573e-02 -5.36575206e-02  5.35326195e-04  2.66393460e-02
  1.79903153e-02 -1.25689618e-02  6.94151968e-02  4.07979079e-02
 -4.12559584e-02 -6.61827682e-04 -4.17323876e-03  3.89746251e-03
  2.10449472e-02 -1.00067845e-02  2.06223372e-02  1.43070862e-01
  3.89059889e-03  7.13743130e-03 -1.17827959e-01 -6.83514327e-02
  2.47338396e-02 -4.70315143e-02  1.74189322e-02 -2.47947481e-02
  1.91666894e-02 -4.69384976e-02 -3.48763280e-02  6.51164055e-02
  1.45237604e-02 -1.14389053e-02 -1.16307646e-01  7.00518638e-02
  1.03255473e-01 -7.41576254e-02 -5.15567884e-02  2.65422259e-02
  1.93377631e-03 -1.53606189e-02 -4.34079692e-02  4.06247191e-02
  2.06719209e-02 -1.65675692e-02  5.90115562e-02  3.75790745e-02
 -5.30462861e-02  8.73855948e-02 -1.68175455e-02  3.24523225e-02
 -6.27847165e-02  6.67231902e-02  2.04299181e-03  3.71044241e-02
  8.99208337e-03  3.27954814e-02  4.38148119e-02  8.21568370e-02
 -2.85508074e-02 -9.08153579e-02  7.23052828e-04 -2.70321369e-02
 -3.21438909e-02 -7.57684885e-03 -3.85887660e-02 -1.04834782e-02
  5.97431101e-02 -3.54741588e-02 -7.81456009e-02 -5.09316400e-02
 -3.39087732e-02 -3.54444794e-02  1.40892826e-02 -1.41802887e-02
 -9.25080180e-02  2.15490889e-02  4.90052328e-02  1.91619638e-02
 -3.38194109e-02 -8.41080490e-03 -8.88443645e-03 -4.71938513e-02
 -3.99697199e-02 -3.11705824e-02 -4.71210554e-02 -5.79389967e-02
  5.82585558e-02 -1.01316506e-02  7.74887716e-03 -6.76652491e-02
 -3.40803154e-02  1.87462837e-01  1.10826366e-01 -5.61757796e-02
  7.34486105e-03  1.01372994e-01 -4.03109230e-02  1.97745860e-02
  6.89764274e-03 -7.48129413e-02 -2.33234186e-02  7.07811266e-02
 -4.78829853e-02  7.67574683e-02 -6.02808595e-02  3.57552022e-02
 -4.24584895e-02 -4.88904230e-02  5.02454974e-02  5.23039773e-02
  9.68817715e-03  2.81283204e-02 -5.15394248e-02 -1.03380100e-03
  3.79181318e-02 -2.92495713e-02 -9.89846811e-02  4.10239473e-02
  4.30190153e-02  2.37011462e-02 -5.83255664e-02 -6.43255338e-02
  2.39587687e-02 -1.65312625e-02  6.54785559e-02 -2.43169647e-02
  2.37723510e-03  7.96847671e-05 -7.05456510e-02 -2.79285795e-33
  5.10788448e-02  9.80444136e-04 -3.42491344e-02 -2.81610489e-02
 -4.30037901e-02 -8.37772861e-02 -1.16837934e-01 -3.34798805e-02
  4.35399115e-02  6.74522221e-02 -7.78012723e-02  1.67878881e-01
  5.26594818e-02  3.86223048e-02  4.10027802e-03  1.24454573e-02
  4.28986847e-02  3.50108296e-02 -2.92920023e-02 -7.07882643e-02
  1.73874628e-02 -2.70441850e-03 -3.74072902e-02  9.83185135e-03
 -1.37279434e-02  2.32510809e-02 -3.68328653e-02  1.45935658e-02
 -2.77740415e-03  3.50250900e-02  2.40578074e-02 -4.81863916e-02
 -3.62264575e-03 -9.13143605e-02 -7.69451121e-03  7.07691386e-02
  4.06869240e-02 -3.61026712e-02  6.30230233e-02  4.34334390e-02
 -6.14944138e-02 -4.52397838e-02 -3.43493447e-02 -2.52361018e-02
 -5.99139296e-02 -4.24696226e-03 -3.49033102e-02 -3.84049565e-02
 -1.32224053e-01  6.35578334e-02  2.32186471e-03 -8.40567350e-02
  8.25566873e-02  1.76393855e-02 -7.11888075e-02  2.27410868e-02
  3.12767439e-02  5.17855100e-02 -1.42452335e-02  1.66697111e-02
  4.25175615e-02  7.33396932e-02  3.07068862e-02  5.39166965e-02
 -7.55685493e-02  3.87061089e-02 -3.00576948e-02 -2.54655089e-02
  3.16949636e-02  7.68240914e-02  6.94056377e-02  8.82442296e-02
 -8.60376060e-02 -1.17247137e-05 -2.26019248e-02  3.07292659e-02
  3.30606326e-02 -3.95231275e-03  9.82878357e-02 -1.40499519e-02
 -5.18764593e-02  1.97436493e-02  5.02382405e-02 -3.66537012e-02
 -1.11726215e-02  3.66807319e-02 -4.69093435e-02 -4.24395502e-02
 -7.43878633e-02 -9.11596883e-03 -4.26440462e-02  3.95992547e-02
 -3.40018794e-02  3.64535190e-02  3.16569097e-02  9.25441356e-34
  2.95305345e-03  6.21610768e-02  3.01546454e-02 -1.72508731e-02
  2.70657409e-02 -4.34538946e-02 -7.06112571e-03  2.92238197e-03
  4.67035547e-02  2.97373030e-02 -1.12479413e-02 -4.02712338e-02
 -3.01210117e-02  2.18573445e-03  1.01481318e-01 -9.53147784e-02
 -3.54138985e-02  1.96823198e-03 -3.24079618e-02  2.81150341e-02
 -1.03132911e-02  3.94822955e-02 -8.84865299e-02  9.46353227e-02
 -3.15594263e-02 -3.92099656e-02 -7.49153867e-02 -2.89545972e-02
 -5.55840740e-03  1.26375109e-02 -6.86086118e-02 -9.07855034e-02
  4.41514812e-02  8.55564028e-02 -6.81608096e-02 -1.37836288e-03
  6.39741346e-02 -4.60331552e-02 -2.81306659e-03  2.61949226e-02
 -9.64758825e-03  2.60220263e-02 -2.53992733e-02  1.74639728e-02
  1.88110564e-02  1.97036341e-02  2.35240757e-02 -1.17253577e-02
  7.14021996e-02 -4.28632461e-02  3.19588743e-02 -6.60619279e-03
  8.38852227e-02  1.29234165e-01  1.07740453e-02  6.29874542e-02
  4.10510190e-02 -2.99621541e-02 -6.92607984e-02  1.21042226e-02
  1.62937958e-02  7.42540509e-02 -2.83481758e-02  7.02171847e-02
  2.31776256e-02 -4.08807844e-02  1.82180014e-02 -3.50480899e-02
 -5.93856387e-02 -7.50538856e-02 -1.28473882e-02 -4.23546918e-02
  3.49625386e-02  1.23273470e-02 -3.68260741e-02 -5.79661503e-02
  6.85153380e-02  1.53408516e-02  1.83747783e-02 -2.79396735e-02
 -7.75690228e-02  4.13724110e-02 -5.06009161e-03  8.42053965e-02
 -8.07441249e-02  3.17394882e-02  1.14995269e-02  3.89665216e-02
  3.38931009e-02 -2.87106317e-02  5.42678731e-03  1.66353080e-02
 -4.75538187e-02 -3.51541750e-02 -7.36402199e-02 -1.69776442e-08
 -1.07130215e-01 -2.80541889e-02  3.16780619e-02  4.30570655e-02
  7.09340498e-02  7.57904127e-02  3.41921151e-02  9.64393690e-02
 -1.59824621e-02 -2.51886882e-02  1.32150333e-02  3.58192883e-02
 -5.05062900e-02 -3.60228941e-02  8.47113431e-02 -1.00624794e-02
 -9.56359133e-03  6.08470067e-02 -4.68597263e-02  2.37016752e-02
 -2.42210808e-03 -1.27933668e-02  1.28891379e-01  2.05747690e-02
 -5.87560656e-03 -7.08971992e-02 -2.90465821e-02  6.49489742e-03
  2.80738063e-03 -1.57061853e-02  1.47971213e-02  1.65955257e-02
  4.64366414e-02 -3.62827182e-02  4.78242151e-02  1.37080565e-01
 -3.32182050e-02 -3.56709659e-02 -4.97740768e-02  1.14834094e-02
 -4.75935526e-02  2.99040359e-02  2.85425242e-02  2.24690828e-02
  3.27341780e-02  2.71528978e-02 -4.41681668e-02 -7.43363332e-03
  9.42968950e-03 -3.26162875e-02  2.43240520e-02  2.39407714e-03
 -8.54467135e-03  3.27928327e-02 -9.52705070e-02  6.55594766e-02
 -4.89701107e-02  5.23915514e-02 -4.58911946e-03 -5.69498613e-02
  1.62713766e-01 -1.18815571e-01 -4.17109579e-02  3.52488831e-02]"
124,How does increasing the confidence threshold impact the number of generated association rules?,Decreases the number of rules.,easy,13,13.98769230769231,"['A. Increases the number of rules.', 'B. Decreases the number of rules.', 'C. Has no effect on the number of rules.', 'D. Randomly affects the number of rules.']",4,36.5,"[-1.96479429e-02 -6.53538704e-02  2.86020827e-03  4.64750491e-02
  5.75716272e-02 -6.02587312e-03 -1.99269671e-02  4.34725434e-02
 -2.88890465e-03 -2.70308573e-02  3.12560983e-02 -5.12122400e-02
  1.02614306e-01 -1.31772682e-01  6.60813600e-02  9.70161483e-02
 -2.26398488e-03 -2.26243325e-02 -1.46696031e-01 -9.47108269e-02
  3.12642641e-02 -3.73461619e-02  4.52910848e-02 -2.55606472e-02
 -4.67253141e-02 -9.79392007e-02 -2.39416845e-02  1.26591902e-02
  1.41249355e-02  1.07758632e-02 -2.19813026e-02  4.15830612e-02
  9.76295248e-02 -6.45891950e-02  4.81277611e-03 -7.64068291e-02
  2.31930856e-02  3.10594942e-02  2.47298162e-02  4.46115583e-02
 -1.67844072e-02  5.96453547e-02  2.21696999e-02  9.08089131e-02
  2.28421725e-02  5.19125760e-02  1.32858204e-02  1.91519950e-02
 -1.70831189e-01  1.53108500e-02 -5.35772666e-02  1.62178092e-02
  5.61241526e-03  1.39334779e-02 -1.59946189e-03 -5.57118356e-02
 -6.13627918e-02 -2.60786545e-02 -5.64733818e-02  3.00672352e-02
 -4.22014631e-02 -8.21169242e-02 -8.51232335e-02 -3.78715172e-02
  5.41052110e-02 -1.30934641e-02 -4.02629226e-02 -1.87179688e-02
  3.98430340e-02  1.79798547e-02 -1.32046752e-02  5.96386977e-02
 -1.16205879e-01  5.51522002e-02  5.32267541e-02  6.05612770e-02
 -1.03869066e-01  2.10788585e-02  2.89210081e-02  7.84268882e-03
 -4.51941565e-02  2.74873301e-02  4.21018638e-02 -2.99157519e-02
 -1.13880197e-02 -9.27495360e-02  8.03412497e-02 -1.11183837e-01
 -1.84320137e-02  1.03456303e-01  3.30545120e-02 -2.04268340e-02
  3.52859497e-02  7.05633834e-02 -9.88021344e-02  3.20663005e-02
 -2.87427753e-02 -8.83913413e-02  7.64781609e-03  5.77221252e-02
 -3.09530813e-02  4.97273058e-02 -1.23649584e-02  5.34494314e-03
 -5.79805039e-02  1.71512533e-02  1.34106847e-02  4.96235788e-02
  7.47270091e-03  5.68476617e-02  6.75201928e-03  8.20341781e-02
  2.46609617e-02 -2.14800928e-02 -2.05015391e-02  6.18243068e-02
  2.80902851e-02  8.30525607e-02  4.91340272e-02 -3.85658862e-03
  5.65627031e-02  3.50307450e-02  8.40254351e-02  3.49043012e-02
  1.61740314e-02  6.40172437e-02 -1.24884233e-01 -3.15244442e-33
  5.51056899e-02 -2.94308886e-02 -2.72827148e-02 -4.04373817e-02
  6.08427748e-02  1.39063671e-02 -7.20940381e-02 -5.82601763e-02
  1.82154737e-02 -3.62615101e-02 -5.40410541e-02  1.51508730e-02
  3.90902162e-02  3.66402301e-03  8.69875625e-02  2.29303837e-02
  2.77209356e-02  4.57048193e-02 -4.16602716e-02 -3.35324067e-03
  2.81721614e-02 -1.66368037e-02 -5.00316778e-03  2.74146888e-02
 -4.84961085e-02  9.96757820e-02 -1.04683554e-02  9.47632790e-02
 -2.01566191e-03  7.17599085e-03  1.71280708e-02 -1.58556248e-03
  1.41202025e-02 -3.73591222e-02  4.38663438e-02  1.05687581e-01
  6.06952012e-02 -3.64389084e-02  7.37511590e-02  3.36675681e-02
 -8.47280584e-03 -3.08027724e-03  4.29399014e-02  2.90836655e-02
 -6.79684430e-02 -4.24216082e-03 -5.60956411e-02 -5.67927025e-03
 -1.25510842e-01  3.48229930e-02 -3.41331097e-03 -1.04742441e-02
  5.50709330e-02  5.40161729e-02 -1.78372618e-02 -5.17538525e-02
 -3.36656608e-02  5.25290668e-02  4.65311855e-02 -4.96455142e-03
  3.63552943e-02  4.31398042e-02  1.29766213e-02  2.32254583e-02
  1.50441304e-02  3.09887845e-02  1.63069125e-02 -6.52101412e-02
  1.42676812e-02  4.16065119e-02  5.25606945e-02  6.54343739e-02
 -2.24201232e-01 -4.68208566e-02 -2.18489785e-02 -4.32057418e-02
  7.65636265e-02  2.48950925e-02  3.01594008e-02 -4.51796502e-02
 -6.35269582e-02  5.57049364e-02 -7.10594794e-03 -2.16154978e-02
 -3.12170461e-02 -3.87794934e-02  8.49677101e-02  3.66334766e-02
 -5.26705161e-02 -4.36769202e-02  6.23793826e-02 -8.96355957e-02
  1.71574075e-02  9.95700732e-02  3.35435122e-02  1.75199113e-33
  6.15444558e-04 -3.64066511e-02  7.39475936e-02 -2.00652648e-02
 -1.27397878e-02 -3.89714316e-02  1.68971345e-02 -1.56383049e-02
  1.23412185e-03 -5.93198054e-02 -2.82832570e-02  1.67546177e-03
  9.63053294e-03  4.47594048e-03  7.92992190e-02 -1.14906222e-01
  4.59460840e-02  6.47311211e-02  1.84725896e-02 -1.37000978e-02
  4.14613150e-02 -2.09863093e-02 -1.61726177e-02  5.20715117e-02
 -2.09050477e-02 -4.82483469e-02 -5.98243102e-02  3.62145193e-02
 -8.09983090e-02 -3.20817195e-02 -6.30944297e-02 -1.65090840e-02
 -3.62115614e-02  4.59957346e-02  2.45275889e-02 -6.70548007e-02
  3.45128938e-03 -3.31766456e-02  4.22515608e-02 -1.89513329e-03
 -4.45419587e-02  3.36321839e-03 -1.97768789e-02 -3.17036361e-02
 -3.48760858e-02  2.63123438e-02  6.32139891e-02 -2.60816584e-03
  1.53725287e-02 -4.69132625e-02  5.67110330e-02 -1.21711250e-02
  4.46587615e-02  4.69376519e-02 -2.43210066e-02  3.62434685e-02
  2.02545524e-02 -3.26042995e-02  3.31759080e-03  5.14337085e-02
 -8.29234496e-02  1.19378008e-01 -7.75148943e-02  1.79741196e-02
  5.87554052e-02 -2.91471984e-02 -2.48160679e-02  4.66690697e-02
  3.81151065e-02 -2.13644616e-02 -1.76353864e-02  2.58866660e-02
 -4.45571095e-02  7.30900280e-03 -3.50256227e-02 -8.53236672e-03
  3.82810757e-02  6.87141065e-03 -3.22598182e-02 -3.37295583e-03
 -9.04054567e-02  4.49026562e-02  7.83096906e-03  1.32076014e-02
 -1.31512946e-02  1.94524173e-02  4.68194038e-02  4.71473113e-02
  3.75875048e-02  1.17121875e-01  3.46580073e-02 -7.17494264e-02
  4.87120561e-02 -1.06315836e-02 -1.02956586e-01 -1.98703258e-08
 -6.93059787e-02  6.59593428e-03 -2.90922988e-02  7.58525580e-02
  7.83617571e-02  7.82140344e-02 -3.89713384e-02  8.76503885e-02
 -3.30329575e-02 -3.33174393e-02  4.39122580e-02  4.26482335e-02
 -7.28864037e-03  1.91841312e-02  6.54770434e-02  3.53609701e-03
  2.34443173e-02  1.11870371e-01 -2.83364598e-02  3.94120347e-03
 -3.48474570e-02 -7.02795759e-02  1.08956443e-02 -4.33336720e-02
 -8.88335053e-03 -8.33804533e-03  1.07371226e-01  5.45005091e-02
 -1.17987571e-02  9.58198495e-03 -3.05804703e-02 -8.95934552e-02
  2.74510849e-02  6.61601499e-03 -6.41626306e-03  4.58884761e-02
 -5.87007441e-02 -7.79451579e-02 -2.22212560e-02 -9.06101391e-02
 -5.01048006e-03 -3.12780254e-02  7.43262097e-02  1.29846781e-02
  1.92692298e-02 -4.63764593e-02 -5.10267578e-02 -1.69745572e-02
  3.40472348e-02 -3.06003764e-02 -1.38319833e-02 -2.51516886e-02
  4.92761098e-03 -2.21282449e-02 -2.75386050e-02  3.78579833e-02
 -3.31228003e-02  1.58628616e-02 -4.24501784e-02 -6.14854284e-02
  8.04003552e-02 -6.03206791e-02  2.88254512e-03 -1.20134149e-02]"
125,What is the primary advantage of using FP-growth over the Apriori algorithm?,It requires fewer passes over the dataset.,easy,12,13.673333333333336,"['A. It requires fewer passes over the dataset.', 'B. It has higher accuracy in rule discovery.', 'C. It can only handle binary data.', 'D. It is more straightforward to implement.']",4,41.5,"[-5.03962263e-02  2.38682777e-02 -1.17796035e-02 -1.64396502e-02
  6.87876344e-02 -3.26074213e-02 -2.03382857e-02  7.29130059e-02
  2.51589678e-02  3.86445224e-02  4.71808203e-02  6.34069443e-02
 -3.37572359e-02 -3.24652977e-02 -2.77934931e-02  4.12160158e-03
  1.76398054e-04 -3.89890336e-02 -2.80444883e-02 -4.62169275e-02
 -6.49132133e-02 -9.03171673e-02 -9.71140712e-03 -3.44322212e-02
  3.01725301e-03 -1.64793823e-02 -8.03967044e-02  5.47847003e-02
  5.96761890e-02 -2.19215341e-02  5.15503623e-02  1.68154031e-01
  1.69005811e-01 -2.67201401e-02 -5.01982421e-02 -8.12062435e-03
  5.11599611e-03 -4.56159003e-03 -3.69925462e-02  1.85586736e-02
 -3.51892971e-03  3.27025168e-02  1.55415824e-02 -1.60517953e-02
  4.98799831e-02 -3.81646305e-02 -5.78060113e-02  5.56859449e-02
 -1.22805620e-02 -5.94556192e-03 -4.43049520e-02  8.57935250e-02
  6.08554967e-02  4.20726761e-02  1.66480825e-03  2.72357631e-02
 -1.90079492e-02 -5.53545505e-02 -9.66002122e-02 -2.41100006e-02
 -1.00541161e-02 -6.64424375e-02 -3.76013555e-02 -7.56098777e-02
  7.23308399e-02 -3.54430377e-02  2.51454134e-02 -5.51076718e-02
  3.20721455e-02  3.91302146e-02 -3.01962672e-03  7.71977380e-02
 -7.29026496e-02  1.34333698e-02  8.25857595e-02 -2.77494621e-02
 -4.37148474e-02  2.22567972e-02  3.59026007e-02 -2.09075343e-02
  2.31881589e-02  9.46785137e-02  1.89224388e-02 -7.64746815e-02
  1.84242837e-02 -7.28616267e-02  1.75312646e-02 -1.28176987e-01
 -5.10040030e-04  4.06725612e-03  9.52346474e-02  7.61494413e-02
 -9.96105745e-02 -3.06876563e-03 -5.27823530e-02  1.56476498e-02
 -9.38158110e-02 -7.16777742e-02 -2.74300203e-02  2.86524892e-02
  3.26372720e-02 -7.15312036e-03 -4.75579761e-02 -1.53125823e-02
 -3.10660116e-02 -6.84245378e-02 -3.78411375e-02  7.65888467e-02
  6.98880553e-02  1.15765268e-02  1.11425249e-02  3.08370199e-02
  2.92181280e-02 -1.65854786e-02 -1.59826241e-02  5.18098548e-02
 -2.06832439e-02 -1.99941490e-02  8.81502628e-02  1.76940002e-02
  3.84748541e-02 -2.28716228e-02 -3.68644781e-02  1.05127305e-01
 -5.36655225e-02 -2.31941268e-02 -1.10894367e-01 -2.18021858e-33
 -3.78771052e-02  3.40614989e-02 -9.64346249e-03 -9.48493704e-02
 -1.60240605e-02 -7.17401272e-03  1.11409063e-02 -4.44133282e-02
  1.42567623e-02 -3.72120701e-02 -4.03685346e-02  8.52873176e-02
  1.27422512e-02 -3.58743668e-02  1.42813742e-01 -1.04898632e-01
 -1.86306313e-02  1.36127606e-01  6.82138652e-02 -3.78876738e-02
  1.27039298e-01 -1.75159574e-02  7.76827037e-02 -4.95576672e-02
  7.98737481e-02  8.19333494e-02  2.87719108e-02  3.45896184e-02
 -3.60136083e-03  2.07814779e-02  2.31610574e-02 -2.19574496e-02
 -7.16463923e-02 -3.79167683e-02  1.55241163e-02  3.44942063e-02
  9.36945085e-04 -9.68588516e-02 -4.38802615e-02 -1.28663117e-02
 -1.47503298e-02  7.19110370e-02  1.45305945e-02  2.75852699e-02
 -2.50268877e-02 -3.69806774e-02 -7.20708445e-02  2.12346495e-04
 -3.33153941e-02  8.20972770e-02  4.54738922e-02 -2.35232711e-02
 -1.63811482e-02 -2.20141206e-02  1.99562926e-02  9.60383844e-03
 -3.31318825e-02 -3.77566479e-02  2.84814332e-02  1.86905153e-02
  1.03154359e-02 -3.82377915e-02 -2.87334640e-02  6.48771748e-02
 -9.30187255e-02  4.41531651e-02  6.44089282e-02  1.72946975e-02
  4.31231149e-02  1.23692833e-01  4.27577831e-02  6.55452460e-02
 -2.51284577e-02 -5.75405993e-02  8.09353963e-02 -7.17602968e-02
  3.83000858e-02 -1.58987064e-02  1.33721335e-02 -4.62328084e-02
 -5.15336916e-02  3.99248302e-02 -1.50211276e-02  1.63818374e-02
 -3.53705287e-02 -7.62805641e-02  1.54062910e-02  5.05465083e-02
  6.46046922e-02 -6.82271272e-02  4.17259410e-02 -1.26523385e-02
  8.65472248e-04  7.14752600e-02  5.90716004e-02  1.21350240e-33
  1.88292563e-02 -4.84232120e-02  3.93878073e-02 -7.44202500e-03
 -1.82828512e-02 -6.79281577e-02 -5.31927086e-02 -5.80271408e-02
  4.56546769e-02 -5.53924516e-02 -2.57955007e-02  2.13683713e-02
  1.14861960e-02  1.35544119e-02  5.07289656e-02 -2.51456145e-02
 -1.77983474e-02 -2.40113679e-02  9.32533015e-03 -5.84551785e-03
 -9.13101621e-03  1.58585589e-02 -3.39056668e-03  1.67967901e-02
 -4.75887954e-02 -4.98375930e-02 -1.59893289e-01  1.28977224e-02
  6.98892586e-03 -3.90133634e-02  4.98118950e-03 -6.44422427e-04
 -7.64064193e-02 -5.36204204e-02  1.91423353e-02 -4.66778933e-04
 -7.34800696e-02  2.69569848e-02  6.90450007e-03  3.31839137e-02
  5.56981191e-02  5.44842370e-02  3.77831087e-02 -6.98058456e-02
 -2.56057717e-02  3.41209844e-02  1.98839270e-02 -1.90910194e-02
  9.32870358e-02 -9.53918882e-03  5.00729121e-02 -2.94340905e-02
 -2.13737809e-03  2.08117645e-02 -6.99171796e-02  6.94699585e-02
  4.43574563e-02  8.02897364e-02 -1.14972666e-01  5.00941686e-02
 -9.19387024e-03 -2.92849615e-02  1.61530566e-03  4.50995602e-02
 -2.58583426e-02  2.90407129e-02  5.04903048e-02 -1.06558076e-03
  4.50062454e-02  2.25152355e-02  3.47574241e-02  2.55486257e-02
  2.02256348e-02  1.27353117e-01 -6.65361062e-02  5.20164520e-02
  6.61429018e-02  4.94452864e-02 -1.85750984e-02  4.24772091e-02
 -1.06579393e-01  3.39452811e-02 -1.34610978e-03  4.04097661e-02
 -9.62657630e-02 -3.65226828e-02 -1.49027491e-03 -9.31258798e-02
  3.48831434e-03  2.64848553e-04  4.89693023e-02 -2.95250826e-02
  1.96738187e-02 -1.06633760e-01 -3.21509913e-02 -1.88362606e-08
 -5.69831207e-02 -5.60605079e-02 -1.40438704e-02  3.21038626e-02
  9.13174823e-02 -6.19135201e-02 -2.66685262e-02  9.47903618e-02
 -2.31504571e-02 -4.92663756e-02  1.66660957e-02  6.30120784e-02
 -2.50914805e-02 -6.51744753e-02  8.19346756e-02  1.32856658e-02
  9.71941128e-02 -3.33130211e-02 -2.77564544e-02  5.21515822e-03
 -6.84818625e-02  8.36980045e-02  1.19682988e-02 -1.98337026e-02
 -7.41669610e-02 -4.49155783e-03  4.09582108e-02  2.71249618e-02
  1.56258550e-02  2.65177642e-03  9.20379087e-02  4.97948192e-02
  5.16195633e-02  6.81046024e-02  2.04941072e-02  5.60113341e-02
 -2.94861384e-02 -1.15674604e-02 -1.07661150e-01 -4.88559864e-02
  1.72519796e-02  1.04553308e-02  2.84380242e-02 -7.83787295e-02
  3.28947082e-02  6.38113357e-03 -9.24478984e-04 -5.34337871e-02
 -6.88623544e-03 -5.57610951e-03 -5.93101897e-04  4.75290697e-03
 -6.12965552e-03 -2.28115823e-02  2.35554799e-02  3.39686498e-03
 -3.74968871e-02 -5.11972606e-02 -8.99213087e-03 -2.57942602e-02
  3.98207828e-02 -3.20511237e-02  2.35686228e-02  5.05416319e-02]"
126,"What role does the ""confidence"" measure play in evaluating association rules?",It quantifies the likelihood of a rule being true.,easy,11,12.3,"['A. It quantifies the likelihood of a rule being true.', 'B. It measures the overall strength of the association between items.', 'C. It determines the frequency of individual items.', 'D. It represents the size of the dataset.']",4,53.5,"[-1.13294655e-02 -2.13590469e-02 -3.89893390e-02  1.84924044e-02
  6.50630817e-02  1.94872376e-02  7.34477714e-02  4.12068255e-02
  6.51222887e-03 -3.93229015e-02  2.64055226e-02 -5.17578796e-02
  6.94241300e-02 -6.99612722e-02 -1.22725042e-02  5.97105697e-02
  1.43979667e-02 -7.56484549e-03 -1.28626630e-01 -7.36388043e-02
 -4.10477072e-02 -1.15268317e-03  5.09273782e-02 -7.18626976e-02
 -5.84256910e-02 -6.01579696e-02 -4.68017608e-02 -1.95368170e-03
 -5.64165637e-02  1.66392922e-02 -2.63938624e-02  4.09081317e-02
  7.51309618e-02 -2.80283391e-02 -6.53467774e-02 -3.55584510e-02
  2.90914271e-02 -1.76272970e-02  1.56273022e-02  3.23776491e-02
 -5.27659105e-03  3.71764041e-02  5.85977435e-02  6.11719713e-02
 -1.06910858e-02  5.42747192e-02  3.96680087e-02  1.01221101e-02
 -1.84258237e-01  3.59861478e-02 -4.87004519e-02 -1.48844556e-04
  1.17967734e-02  1.42389238e-02 -6.84179133e-04  5.29607050e-02
 -9.63867381e-02 -5.62698171e-02 -4.16946076e-02  1.92436706e-02
 -2.17821002e-02 -8.75606984e-02 -9.83465388e-02  3.98226753e-02
  3.86748724e-02 -3.58734909e-03 -5.43127581e-02 -1.78306773e-02
  1.94803048e-02 -6.43004924e-02 -3.19421701e-02  7.28379712e-02
 -7.42865726e-02  7.38490522e-02  6.01130053e-02  5.90488985e-02
 -3.44222113e-02 -1.93785224e-02  1.32735036e-02  3.84854041e-02
 -1.03120439e-01  4.63572219e-02  2.54742280e-02  3.66017781e-02
  7.70259202e-02 -6.01929426e-02  2.15241443e-02 -8.21883157e-02
 -5.56192659e-02  4.76562455e-02  2.65241843e-02 -4.23388146e-02
 -8.80921911e-03 -6.46754680e-03 -2.54207104e-02  5.70704378e-02
 -4.14628051e-02 -1.04393378e-01  1.41814491e-03  4.85801585e-02
 -6.76085055e-03  5.15267029e-02 -7.10405558e-02  1.53612420e-02
 -7.37820566e-02 -2.62008589e-02  1.21006044e-02  1.52390357e-03
  4.94406261e-02  6.97723851e-02 -7.18629584e-02  2.07572174e-03
  2.97868196e-02  2.16361880e-02  4.20869067e-02  1.57409497e-02
 -2.67205760e-02  9.89703014e-02  9.53689441e-02 -4.94478904e-02
  7.23695308e-02  3.90745252e-02  1.34390429e-01 -1.68445823e-03
  2.08434369e-02  7.14890659e-02 -7.77405128e-02 -5.72152884e-33
  1.65466331e-02 -5.91271892e-02 -3.14563140e-02  7.98028987e-03
 -1.01334620e-02  4.38567484e-03 -1.27977133e-01 -5.82214892e-02
  6.38487637e-02  1.85993575e-02 -3.69597860e-02  1.24467559e-01
  2.90166568e-02  1.38090309e-02  6.61211163e-02  1.19289286e-01
 -4.00515608e-02  7.35638663e-02 -5.37095778e-02  2.85060275e-02
  4.65602055e-02  2.85568815e-02  8.59102886e-03  3.71353440e-02
  5.20271761e-03  9.23397951e-03  1.71500780e-02  1.03078656e-01
  4.51919138e-02  1.22172451e-02  6.42504357e-03 -2.80256588e-02
 -2.78904028e-02 -7.54616782e-02  4.53635752e-02  8.35082084e-02
 -1.64198149e-02  7.38211907e-03  2.92039942e-02 -4.84875776e-03
 -1.44746229e-02 -3.65319736e-02 -1.96633115e-02 -3.88832646e-03
 -5.24158031e-02 -3.80173326e-02 -1.02743559e-01 -6.62697107e-02
 -5.09068966e-02  4.55082022e-02 -1.25518059e-02 -6.38587475e-02
  1.08331405e-01  5.82849495e-02 -4.12792191e-02 -2.39082184e-02
 -4.70633730e-02  8.79120603e-02 -1.89011339e-02  4.88704396e-03
  4.85389270e-02  7.46574253e-02 -1.72142852e-02  2.09018093e-04
 -4.83236425e-02  1.01842679e-01 -2.74012331e-02 -5.63722476e-02
  7.36106047e-03 -1.29070394e-02  4.11578640e-02  8.07707235e-02
 -1.80732399e-01 -8.96494091e-03 -3.42377461e-02 -5.63375093e-02
  1.93333311e-03  4.64627668e-02  6.26763552e-02 -2.51394277e-03
 -3.54615934e-02 -7.04938546e-03 -8.91532004e-03  1.41026350e-04
 -5.63543327e-02 -1.54377045e-02  9.92313027e-02  3.39790061e-02
 -5.00033610e-02 -6.99091032e-02  6.31199256e-02 -1.09479977e-02
 -1.62659734e-02  1.03026591e-01  5.25537692e-02  1.49203459e-33
  1.02803269e-02 -2.44429391e-02  6.97616637e-02  2.74676792e-02
 -2.78952625e-02 -2.80056689e-02  1.22633495e-03 -7.69009143e-02
  1.19842201e-01 -2.30820607e-02 -8.80219638e-02 -7.02003948e-03
 -3.11439522e-02 -8.47800728e-03  8.33733752e-02 -5.86586446e-02
 -2.36082021e-02 -6.34880876e-03  1.15545001e-02 -2.68143900e-02
  4.09184508e-02 -1.68741904e-02  2.39714868e-02  6.70350622e-03
 -4.82156202e-02 -5.65532930e-02 -2.84642838e-02 -8.53314251e-02
 -8.41234550e-02 -6.21971227e-02 -3.62657495e-02 -7.30205327e-02
  7.58604938e-03  3.53290699e-02  6.77891122e-03 -7.75601938e-02
 -1.38487937e-02 -4.65486869e-02  1.46196615e-02  4.21748869e-03
 -6.26470968e-02  5.67332618e-02 -4.78942227e-03 -3.03686857e-02
 -5.48068099e-02  5.35707325e-02  9.50111076e-02 -5.35087809e-02
 -1.57393627e-02 -6.44554719e-02  4.29265574e-02  2.44067274e-02
  3.78096178e-02  3.16906832e-02 -3.44474129e-02  6.53718784e-02
  1.54295387e-02 -4.34489436e-02 -3.44642065e-02  6.45615011e-02
 -3.64927948e-02  1.31932035e-01 -6.53598532e-02  6.94789067e-02
  1.77830290e-02  4.79773665e-03  3.32124974e-03  4.40723822e-03
  3.05449087e-02 -1.55448858e-02 -6.49051042e-03 -2.62206998e-02
 -4.68831174e-02  2.47849151e-04 -2.36000456e-02  8.50111886e-04
  4.16777730e-02 -1.68470405e-02 -7.31378272e-02  4.65390310e-02
 -6.07118495e-02  1.69599731e-03 -4.40080017e-02 -1.76926460e-02
  6.75971713e-03  5.80029786e-02  3.37380618e-02  4.61260416e-02
 -1.04704069e-03  6.40710518e-02  5.40671051e-02 -5.33328317e-02
  1.78758893e-03 -6.19216710e-02 -8.86157602e-02 -2.25078782e-08
 -8.52393508e-02 -1.52831031e-02  2.09412426e-02  8.49154815e-02
 -1.72608644e-02  5.60994074e-02 -2.07404103e-02  6.13562874e-02
 -6.27734214e-02  1.78505424e-02  6.46631420e-02  3.16306874e-02
 -5.89838438e-02 -1.47127016e-02  5.86404987e-02 -2.22359449e-02
  7.85607398e-02  1.15482979e-01 -5.47141619e-02  5.20775467e-02
  1.48945739e-02 -5.40800951e-02 -3.96315791e-02 -2.98626758e-02
 -2.81206891e-02  3.58315110e-02  7.13555887e-02  5.42004295e-02
 -3.02008763e-02  2.62624621e-02 -7.36361428e-04 -2.17238087e-02
  3.60074826e-02 -3.64336744e-02 -6.54115304e-02  5.98263294e-02
  1.27168298e-02 -3.98157574e-02  2.01704353e-02 -4.62846905e-02
 -3.38225663e-02  4.39621396e-02  5.75406179e-02  4.80803810e-02
  7.00669140e-02  1.97850503e-02 -1.08472724e-02  1.02637976e-03
 -1.38817932e-02 -1.10960547e-02  2.37907153e-02 -2.62299329e-02
  4.42236103e-03  5.34891570e-03 -4.10969928e-02  1.92290097e-02
 -9.34004597e-03 -5.57596155e-04 -7.32721388e-02 -2.57810149e-02
  8.94178897e-02 -1.61883663e-02 -9.62388981e-03  2.78940774e-03]"
127,"In the context of association rules, when is a rule considered ""interesting""?",When it has high confidence and support=50%.,medium,12,9.740000000000002,"['A. When it has low confidence and high support.', 'B. When it has high confidence and support=50%.', 'C. When it has high confidence and support=100%.', 'D. When it has low confidence and low support.']",4,47.0,"[-2.34745629e-02 -6.16739318e-02  1.07724918e-03  2.08643507e-02
  3.35219577e-02 -5.16335703e-02  7.01304451e-02 -5.95898256e-02
 -5.65571524e-02 -9.26445890e-03  4.39843535e-02  1.03131924e-02
  2.46075056e-02  3.49828340e-02  2.39144601e-02  6.94739148e-02
  3.72460335e-02 -1.85921956e-02 -1.21500142e-01 -4.73319590e-02
  5.70855364e-02 -4.04840894e-02  4.39944603e-02 -8.07028189e-02
 -4.07003947e-02 -1.57345962e-02  5.37867360e-02 -3.51044051e-02
  5.94542315e-03  1.40190450e-02 -7.62320533e-02  6.80980310e-02
  3.28466445e-02 -8.16773251e-02 -4.08163033e-02 -2.85746921e-02
  3.63147892e-02  9.01300646e-03  2.19995454e-02  3.18694040e-02
 -2.97043417e-02  8.40293895e-03  2.43117064e-02  1.14145232e-02
  1.75247658e-02  3.28407511e-02 -1.24572804e-02 -1.62075125e-02
 -6.14511073e-02  2.31185425e-02 -4.50937934e-02 -4.05927598e-02
 -6.99720010e-02  4.69900668e-02  8.11429545e-02  7.84309767e-03
 -6.81858063e-02 -3.53473285e-03 -6.28289781e-05 -3.53647843e-02
  7.90813100e-03  1.16772503e-02 -5.18861152e-02  1.51309399e-02
  3.17877233e-02 -1.33153588e-01 -4.39130254e-02 -2.44737341e-04
 -1.84187666e-02 -1.99049748e-02  1.51196234e-02  1.01864509e-01
 -5.88926859e-02  5.40275462e-02  4.50214185e-02  6.32326081e-02
  3.50087956e-02  2.51759938e-03 -4.01858091e-02 -1.13381278e-02
 -6.98898062e-02 -1.02825366e-01  2.48120930e-02 -7.42351040e-02
  8.67746547e-02 -7.13224187e-02 -3.83588709e-02 -7.76556209e-02
 -2.74221599e-03  1.58600077e-01 -4.65529691e-03 -1.14108035e-02
  8.18823054e-02 -5.60801364e-02  4.98144850e-02  3.71337458e-02
  4.22856286e-02 -1.83800124e-02 -1.27787730e-02  4.71336208e-02
 -1.00142891e-02  8.47924426e-02 -9.56254750e-02  7.14858845e-02
  2.22958773e-02  2.05832301e-03  8.02988559e-03 -2.30904436e-03
  6.66054189e-02 -4.94879931e-02 -7.54645690e-02  8.43136236e-02
  3.81477624e-02 -4.18936945e-02 -8.08695555e-02 -3.03636538e-03
  6.16291538e-02  4.01656404e-02  2.78531611e-02 -3.50824185e-02
  7.83033445e-02  1.48942899e-02  5.14990650e-02  3.48736122e-02
  9.64201428e-03  5.41103110e-02 -6.33165613e-02 -6.77145431e-33
  1.48415826e-02 -5.33374287e-02 -9.70898345e-02  2.80879363e-02
  2.05836594e-02 -5.23750857e-02 -8.89940932e-02 -2.23117601e-02
  3.79537232e-02  4.97758165e-02  1.19996769e-02  1.04465514e-01
  7.30736777e-02  1.27014676e-02  8.61618575e-03  2.15999186e-02
 -5.34319542e-02  8.28638300e-03 -1.11055104e-02 -2.04346646e-02
  2.94577964e-02  6.14404194e-02  1.94422100e-02  3.96711985e-03
 -2.33219545e-02  3.73541960e-03  2.61009485e-02 -1.71539504e-02
  6.29832074e-02  2.54998058e-02  3.18384245e-02 -3.57210971e-02
  1.68987997e-02 -4.52650525e-02  1.31839979e-02  9.96200144e-02
 -1.39663815e-02 -3.70398574e-02  7.67839774e-02 -1.19845569e-02
 -2.23584007e-02 -4.07193862e-02 -5.45866676e-02 -6.02993667e-02
 -5.34943156e-02  8.22589397e-02  8.13456066e-03 -7.23172873e-02
 -9.02852044e-02  1.37036592e-02  9.32929851e-03 -6.34955093e-02
  1.03149854e-01  3.35537046e-02  6.93181669e-03 -1.35141406e-02
 -3.81143354e-02  5.97444959e-02  6.45435788e-03  4.20718826e-02
  1.53445490e-02  1.35184243e-01  5.43916225e-02  2.32474823e-02
 -9.21736136e-02  4.56439815e-02 -1.09462384e-02 -6.26678392e-02
  1.23479431e-02 -1.38269889e-03  9.16228220e-02  1.35720372e-01
 -1.96851924e-01 -4.45731506e-02 -9.03496984e-03 -2.23126020e-02
  1.48486141e-02  4.83749509e-02  4.07477841e-02 -4.82835807e-02
  1.47656174e-02 -6.67814398e-03  5.35473414e-02  5.20724617e-02
 -1.26733512e-01 -1.12898480e-02  1.63898189e-02  3.47632309e-03
 -6.23616576e-02 -6.05635382e-02  1.45734027e-02 -9.09411442e-03
  1.12923086e-02  3.32819000e-02  8.34316015e-02  2.77382137e-33
 -3.47398594e-02 -3.19271162e-02 -2.20899023e-02 -1.52309174e-02
 -2.34389212e-02 -5.81995510e-02 -5.17645366e-02 -8.71695280e-02
  1.16378710e-01  6.64363441e-04 -5.14660068e-02  7.70127634e-03
  1.25557082e-02 -4.48763072e-02  8.06055814e-02 -7.61834979e-02
 -7.49214515e-02  1.93129200e-02 -3.50242928e-02  7.88861439e-02
 -6.63561448e-02 -3.97889391e-02 -3.16733010e-02 -5.61533086e-02
  8.71579498e-02  1.83211230e-02 -7.58522451e-02 -6.69191852e-02
 -7.92201236e-02 -2.01338623e-02 -6.91370517e-02 -2.73521971e-02
 -8.49372707e-03 -7.22557306e-03 -7.08136940e-04  1.30874915e-02
 -2.51674186e-02 -1.18973948e-01  5.55777587e-02  4.70974334e-02
 -3.33083794e-02  5.25465868e-02  9.97180417e-02  4.61650640e-02
 -1.48757212e-02  1.27917565e-02  2.66174767e-02  1.80355646e-02
  1.50420377e-03 -2.64244564e-02  1.72306169e-02 -8.05291161e-03
  3.09833381e-02  4.51258048e-02  2.92211073e-03  1.23234667e-01
  1.42186917e-02  3.46528552e-02  6.72989991e-03  6.55913204e-02
  2.11512186e-02  1.18613958e-01 -5.40840849e-02  5.45509011e-02
 -4.03926596e-02 -2.88256854e-02 -2.90055182e-02  5.16548287e-03
 -4.14598994e-02 -1.04722403e-01 -1.41500263e-02 -6.57847896e-03
 -1.36424467e-01  6.34868741e-02 -6.72799023e-03  1.00645078e-02
  8.18411186e-02 -5.87975644e-02  4.82520321e-03  7.91195314e-03
 -7.98738226e-02  2.79167369e-02 -1.03364987e-02 -2.28341334e-02
 -4.51983735e-02  4.05615680e-02 -1.66948661e-02  8.28057621e-03
 -3.42607945e-02 -2.23401794e-03  2.30612271e-02 -6.87697232e-02
  2.09603496e-02  4.82312627e-02 -3.84223685e-02 -2.24163106e-08
 -7.28534162e-02 -4.39780839e-02  2.65168361e-02  4.98265363e-02
  9.29142057e-04 -9.95550770e-03 -3.27641852e-02  4.73198444e-02
 -6.98389113e-02 -2.66162539e-03  2.52499413e-02  1.48259476e-02
 -1.90145690e-02  2.09784042e-02  9.17825773e-02  9.76249855e-03
  1.57802701e-02 -1.74922235e-02 -5.01692519e-02  6.76494017e-02
 -7.07363989e-03  1.34512561e-03  2.62983926e-02 -9.77468025e-03
 -5.38076051e-02  5.81524409e-02  7.60701224e-02 -1.97247416e-03
  2.76676938e-02  7.96628592e-04  9.13934968e-03  6.65190071e-02
 -2.88830269e-02 -1.27178449e-02 -2.19148397e-02 -2.13340279e-02
 -4.13573086e-02 -8.18488449e-02 -1.09338844e-02 -1.35601051e-02
  9.50720068e-03 -3.53048113e-03  8.73096585e-02  5.12570143e-02
  2.43856590e-02  4.54067178e-02  1.34744048e-02 -6.38626292e-02
  1.53314276e-02  4.22073305e-02 -5.98750310e-03 -4.81261723e-02
  3.28697311e-03 -8.77794847e-02  2.09815074e-02 -2.29578260e-02
 -7.79929850e-03  2.34082136e-02 -4.80677327e-03 -7.21940622e-02
  1.26735732e-01  3.75124551e-02 -4.29568253e-02 -2.34809075e-03]"
128,"Given that {a,b}, {b,c} and {a,c} are frequent itemsets, then:","The frequency of {a,b,c} cannot be determined from the given information.",easy,10,4.830000000000002,"['A. {a,b,c} is always frequent.', 'B. {a,b,c} is never frequent.', 'C. The frequency of {a,b,c} cannot be determined from the given information.']",3,45.0,"[ 3.20781358e-02  5.02196886e-02 -4.59405072e-02  6.32575992e-03
 -4.69336137e-02  5.54953329e-02  7.89640546e-02 -5.10576889e-02
 -5.14308587e-02  3.50674801e-02  4.04427620e-03 -7.24212080e-02
  8.21764916e-02 -2.12262534e-02  2.01545674e-02  7.87551627e-02
 -1.60822272e-02 -1.35259843e-03 -7.42680207e-02 -6.39616996e-02
 -5.63617237e-02 -5.55202551e-02  9.04600099e-02 -4.63233609e-03
 -2.25421060e-02  6.24448322e-02  2.17230823e-02 -1.52499061e-02
  2.08166633e-02 -1.28227787e-03 -6.17542788e-02  9.29268971e-02
  2.93848179e-02  6.56120032e-02  3.75941508e-02 -1.19415283e-01
 -3.13194953e-02  5.31555377e-02  4.52107042e-02  6.85755312e-02
  4.40879427e-02 -7.08707748e-03  8.47724006e-02  3.07893287e-02
 -5.48779108e-02  1.16512835e-01 -5.81058711e-02  4.70046401e-02
 -1.91548727e-02  8.05611238e-02 -2.31122337e-02 -7.04312837e-03
 -6.06025979e-02  9.59630031e-03  4.14980054e-02  7.83475637e-02
 -7.26173520e-02 -4.58482616e-02 -1.23971992e-03 -2.23697498e-04
  2.95238104e-02 -3.53926904e-02 -7.21257702e-02  3.31122801e-02
  1.44274924e-02  6.69095218e-02 -4.90059704e-02  6.07966073e-02
  2.84058936e-02  3.62286456e-02  2.48833951e-02  8.46542511e-03
 -3.63254882e-02 -2.63348548e-03  1.04414620e-01  2.70597935e-02
 -2.65731588e-02 -1.54906258e-01 -4.99702431e-02  9.54059605e-03
 -1.54274195e-01 -8.38003180e-04 -1.12957430e-04  1.01231749e-03
  3.29199098e-02 -5.95705286e-02 -4.03975323e-02 -1.05626442e-01
 -7.21941441e-02  4.24344987e-02 -8.74921773e-03 -5.12101408e-03
  1.22022040e-01 -1.31427106e-02 -5.53898606e-03 -3.90550052e-03
  7.68235326e-02 -3.21749365e-03 -1.63678899e-02 -2.01460044e-03
  1.01536410e-02 -1.40809175e-02  1.41283851e-02  2.45855488e-02
 -9.67955217e-02 -3.61601524e-02 -3.72427367e-02 -3.84082049e-02
 -6.81277690e-03  1.24558853e-02 -1.45996101e-02  2.29758061e-02
 -4.21925783e-02 -5.80582619e-02 -1.15901887e-01 -4.49623615e-02
  2.96473354e-02  6.02107821e-03  3.67766656e-02 -2.29009148e-02
  8.66516829e-02  3.85305211e-02  1.05484510e-02 -2.71369144e-02
 -5.29439896e-02  2.69272458e-02  5.79011030e-02  8.23216785e-34
 -2.62509044e-02 -7.55174085e-02  1.09670488e-02 -2.60238070e-02
 -4.10721116e-02 -1.68674774e-02 -5.72508946e-02 -3.59114781e-02
  2.39242939e-03  2.69789319e-03 -7.30537251e-03  1.18203707e-01
  1.98842380e-02  8.36917832e-02  4.54598628e-02  1.55198090e-02
  1.03860319e-01  2.29817312e-02  3.09382062e-02 -7.91643187e-02
 -6.13237396e-02 -1.08320185e-03 -1.78139061e-02 -7.93075785e-02
  2.14798339e-02 -4.27013077e-02  3.52087617e-02  2.74207667e-02
  2.39179917e-02  3.61820892e-03  6.00475185e-02  7.74577186e-02
  2.17908733e-02 -5.10421433e-02  1.66586805e-02  7.31931925e-02
  2.28812750e-02  4.63085435e-03  7.47757033e-02 -5.24436459e-02
  4.11048569e-02 -4.50512990e-02 -3.84935737e-02  2.40867026e-02
 -2.00748956e-03 -5.93197206e-03 -1.74256898e-02 -1.17614428e-02
 -4.22380306e-03  1.16786771e-02  2.67507862e-02 -7.86484331e-02
  4.26280349e-02  6.28050715e-02 -3.42930108e-02  1.06373918e-03
 -3.24170962e-02  1.89560764e-02  5.46852313e-02  1.13239557e-01
  2.85910685e-02  1.11042693e-01  7.62432590e-02  1.04073025e-01
 -2.50677578e-02  1.82711668e-02 -5.68992496e-02  9.95076448e-03
  3.77921350e-02  5.73225766e-02  5.53177670e-02  5.33953980e-02
 -1.92787927e-02 -5.44538861e-03 -1.79296713e-02  6.78779632e-02
 -1.41390944e-02 -3.60551625e-02 -4.68932316e-02 -6.01039156e-02
 -4.77110967e-02 -6.34660944e-03  8.57384726e-02  6.84113875e-02
  1.06773367e-02  4.74453904e-02  4.15524002e-03 -6.15115166e-02
 -3.53316800e-03 -3.50007638e-02  2.47636717e-02 -2.50350544e-03
  5.58980703e-02 -7.82634541e-02  3.30262221e-02 -2.28906035e-33
  3.33718061e-02  8.94430187e-03  3.60140647e-03 -1.41394129e-02
  5.46826571e-02 -1.41953707e-01 -1.06445393e-02 -6.61149696e-02
 -2.96640228e-02  1.83786321e-02 -9.63779050e-04 -9.99364909e-03
 -6.05424158e-02 -1.36046857e-01  4.26886743e-03  4.78077717e-02
 -2.77125146e-02  1.42564718e-02  2.21461058e-02 -5.19367047e-02
  9.00867488e-03 -7.24420846e-02  4.84013511e-03 -5.63245565e-02
 -9.12400261e-02 -9.73559543e-02 -7.15669617e-02 -5.95045984e-02
  1.53549071e-02  2.21396256e-02  4.51364368e-03 -2.74845790e-02
  5.98470941e-02 -6.64091259e-02  4.79950979e-02 -2.48678215e-02
  4.40517440e-02 -2.56528296e-02 -1.88751332e-02  3.80567857e-03
  1.46115087e-02 -2.99634202e-03  1.53959822e-02  4.11183573e-02
  5.79790771e-02  8.22890922e-03  2.84611862e-02 -4.09928486e-02
  1.21086333e-02  1.25211030e-02 -1.20587088e-02  1.40524027e-03
  6.59030378e-02 -6.43183058e-03  9.12898313e-03  1.00307979e-01
 -2.88613420e-02 -5.28592058e-02  2.66785547e-02 -4.94677909e-02
 -2.08155345e-02 -3.71458766e-04  3.86887826e-02 -3.24016530e-03
  1.31083474e-01 -2.19421908e-02 -4.91163433e-02  3.91714610e-02
 -4.16170657e-02 -4.15649936e-02  8.82920064e-03  3.13343816e-02
 -4.79178242e-02 -2.46720538e-02 -9.01527777e-02 -2.77011786e-02
  7.99017623e-02  1.34432986e-02  4.63545136e-02  8.86088535e-02
 -2.87707243e-03  1.11669544e-02 -3.11385212e-03  1.14160962e-02
 -8.41812044e-02 -5.38767427e-02  2.87792459e-02 -4.23362292e-02
  2.49089785e-02  1.06388561e-01 -2.22082008e-02 -5.37596010e-02
  3.98297533e-02  2.46278308e-02  1.07357726e-02 -2.92995210e-08
 -1.10103965e-01 -1.08468197e-01 -2.14247126e-02  1.64959542e-02
  4.55676727e-02 -1.68348085e-02 -6.26023905e-03  8.28248039e-02
 -3.41219231e-02 -1.84288714e-02  1.65058635e-02  8.29375349e-04
 -7.60152563e-02  3.51535305e-02  5.24025150e-02 -2.96562328e-04
  1.21006863e-02  1.34295691e-02 -1.42623228e-03  1.27193872e-02
  3.39625450e-03 -3.66218984e-02  7.57626072e-02  5.93867600e-02
 -8.05740133e-02  6.39724731e-02  2.42100675e-02 -1.53832687e-02
  3.37106921e-02  7.20381960e-02  1.05604930e-02 -7.63199180e-02
  7.53827840e-02 -3.24750356e-02 -1.74940880e-02 -2.60828938e-02
 -7.18357861e-02 -5.89379184e-02 -7.36200586e-02 -8.23551789e-02
 -2.36782398e-06 -9.64156017e-02 -6.68311343e-02  6.70199692e-02
  5.28981127e-02 -7.95670897e-02 -5.04431799e-02  1.00816702e-02
 -4.95974310e-02 -4.96614017e-02 -9.52142477e-02 -1.25765111e-02
  5.85962385e-02 -4.19485532e-02 -2.12186445e-02  1.35404868e-02
  5.37839383e-02 -8.40653141e-04  5.06227016e-02 -6.41906336e-02
  7.52046630e-02  4.91040051e-02 -1.16816873e-03  9.27357227e-02]"
129,Which statement is false regarding FP-growth algorithms?,It enlarges the original database to construct FP trees.,easy,7,10.740000000000002,"['A. It discovers frequent itemsets without generating candidates.', 'B. There is a possibility that FP trees may not fit into memory.', 'C. Building FP trees is a cost-effective process.', 'D. It enlarges the original database to construct FP trees.']",4,59.0,"[-2.83727366e-02  3.42939645e-02 -1.41627286e-02  2.83951461e-02
  6.29061013e-02 -2.49599032e-02  2.34106556e-03 -5.70062827e-03
 -2.99407411e-02  6.13243207e-02  3.28396149e-02  6.55726567e-02
  2.03629527e-02 -2.48984508e-02 -4.29307297e-02  1.81670450e-02
 -5.54612577e-02 -4.03451063e-02  7.04629719e-02 -1.65849049e-02
 -7.80516490e-03 -1.07804477e-01 -4.37383726e-02  1.50401229e-02
  1.69386454e-02  2.09901016e-02 -5.19006774e-02 -3.23358388e-03
  4.28930409e-02  5.77837275e-03 -1.43305967e-02  1.18451118e-01
  5.61547764e-02  2.26659086e-02  7.05428496e-02  9.48002040e-02
  2.32540611e-02  1.50191654e-02 -1.87111218e-02  6.10214099e-02
  1.60341579e-02 -3.54470313e-02 -2.67701969e-02 -7.81457722e-02
  5.54184206e-02  1.54870870e-02 -5.67200482e-02  4.78702672e-02
 -1.30714357e-01 -5.49335890e-02 -8.93120319e-02  3.64531875e-02
 -1.28391543e-02  5.72674721e-02 -9.20419861e-03 -5.30987233e-02
  1.83199514e-02  1.70899881e-03 -6.02758154e-02  2.56602596e-02
 -1.29550425e-02 -3.50349434e-02 -2.58743651e-02 -3.50613776e-03
  1.21490441e-01  5.06954044e-02  1.57967191e-02 -8.74172598e-02
 -5.94265275e-02  8.41347277e-02  7.87653960e-03  5.00960052e-02
 -3.96233685e-02  7.98177347e-02  3.84131372e-02 -5.56319356e-02
  2.73986459e-02  9.39139202e-02  5.65147996e-02 -2.81561352e-02
  1.18386317e-02 -3.00274678e-02 -8.08362737e-02 -7.97738358e-02
 -5.14070876e-02 -6.74988180e-02 -8.46269131e-02 -1.01211995e-01
 -4.00809720e-02 -6.24591671e-02  2.20059752e-02  8.25144127e-02
 -8.33567679e-02  5.18385470e-02 -1.84846986e-02  2.46721562e-02
 -1.25720680e-01 -6.18029796e-02  6.52970793e-03  8.36737081e-03
 -2.25543883e-02 -1.19729042e-02  2.34258780e-03  9.91819613e-03
 -2.31905710e-02 -3.12627740e-02  3.03827063e-03  3.37165222e-02
  3.04761641e-02  2.26688758e-02  2.68544722e-02  5.06699085e-02
  6.68849573e-02  5.38568385e-02  4.79413755e-03 -3.22367772e-02
 -3.82329933e-02 -2.75682251e-04 -1.70684755e-02  1.36892796e-02
  4.01719380e-03  1.05820876e-03 -1.23424018e-02  1.15365997e-01
 -1.06676169e-01 -3.48543376e-02 -3.43181081e-02 -1.87963439e-33
 -4.77333106e-02 -2.93364804e-02  5.65254427e-02 -8.66245851e-02
 -1.71775836e-02 -1.46845682e-02  1.77091770e-02 -3.32354233e-02
  2.36558691e-02  1.87497847e-02 -1.61509197e-02  1.92258283e-02
  2.12433543e-02  8.09320621e-03  1.24779873e-01 -6.43709749e-02
  4.24849056e-02  9.71577838e-02  4.59964015e-02 -1.25301078e-01
  1.48227632e-01 -2.66390238e-02  3.15527990e-02 -2.89470293e-02
  6.55927733e-02  1.43344123e-02 -3.98996082e-04 -6.40029088e-02
 -8.69896188e-02  8.84190295e-03 -7.27948397e-02 -2.01955326e-02
 -2.20777262e-02 -6.71991147e-03  4.15695757e-02  2.04804819e-02
 -3.35503593e-02 -6.35564551e-02 -4.05302569e-02  1.52228493e-02
 -7.78226648e-03  3.86293232e-02  2.34536566e-02 -1.15160411e-03
  3.35246809e-02 -2.27135476e-02 -4.93603796e-02 -7.28550926e-03
 -6.33226857e-02  7.24712014e-02  7.60880783e-02  2.97433957e-02
 -1.39530739e-02 -4.57486548e-02  1.18709460e-01  1.65227894e-02
  4.69509233e-03  9.72045236e-04  1.78262684e-02  8.68279710e-02
  4.06821594e-02 -1.24091692e-01 -8.87035280e-02  2.40940116e-02
 -7.29727075e-02  6.26265407e-02  6.28134385e-02  1.27734505e-02
  1.03994444e-01  6.20781779e-02  7.95282945e-02  6.63236380e-02
  3.95679139e-02 -6.24431996e-03  4.82069105e-02 -6.21299706e-02
  9.96813993e-04 -2.99847517e-02 -4.60479967e-02  6.19883928e-03
 -2.85508893e-02  1.23997731e-02 -6.20115064e-02 -1.62402820e-02
  5.58811892e-03 -1.29041582e-01 -4.56217770e-03  2.60164794e-02
  6.88011944e-02 -2.53489316e-02  2.04557786e-03 -7.74344429e-02
  3.39219123e-02  3.89789604e-02 -2.14080233e-02  4.76617501e-34
 -6.96983337e-02 -1.68866180e-02 -8.46209750e-03  3.00033707e-02
  3.04257963e-03 -1.48881152e-02 -4.30527069e-02 -2.39027292e-02
  4.97548357e-02  6.03274256e-03  5.05500548e-02  1.85474660e-02
 -1.73945315e-02 -2.11674795e-02 -5.61761074e-02 -3.40268053e-02
  7.13520050e-02 -9.99377295e-03  2.55731530e-02  5.12300096e-02
 -1.78733487e-02  2.26801839e-02 -1.57089382e-02  2.29662713e-02
  4.78941947e-02  2.13726554e-02 -9.70187038e-02  4.26316410e-02
  1.95388161e-02  7.29792751e-03 -7.13058049e-03  4.11224365e-02
 -7.24555999e-02  1.12757105e-02  2.41976473e-02 -1.47763584e-02
 -2.04669423e-02  3.52370031e-02 -4.26444272e-03  3.84338386e-02
  5.28284721e-02  2.34103333e-02 -2.73534674e-02 -3.56668010e-02
 -9.15487297e-04 -1.82771515e-02 -2.60182302e-02  6.71515688e-02
  8.65331963e-02 -1.54390396e-03  3.32597806e-03  3.47770974e-02
 -4.32070382e-02  3.35679539e-02 -1.09232202e-01  1.16749302e-01
 -2.51107886e-02  7.39329681e-02 -9.92869809e-02 -7.46805407e-03
 -2.61057597e-02 -6.06047139e-02 -3.74112278e-02  3.95301282e-02
 -2.37609651e-02 -2.31350865e-02 -9.16264486e-03  2.21385229e-02
  1.13418788e-01  2.29360294e-02  3.58043350e-02  2.17276178e-02
  1.29877534e-02  6.43288791e-02 -9.35662165e-02  3.51780839e-02
  5.33168539e-02 -1.30524477e-02 -1.18460022e-02 -5.93950087e-03
  1.63115710e-02  7.84324184e-02 -1.18392648e-03  6.26026317e-02
 -9.64468122e-02 -9.86540318e-02  3.86942998e-02 -1.32763684e-01
 -3.58561389e-02  1.73486602e-02  4.12870497e-02 -3.92397121e-02
 -2.56002173e-02 -9.82460529e-02  1.03503792e-02 -1.68755516e-08
 -1.13904485e-02  3.98679972e-02  1.83511600e-02  4.33714278e-02
  1.36663243e-01 -3.96196842e-02  1.63654834e-02  1.32696135e-02
 -1.46872050e-03 -3.39334272e-02 -2.66737193e-02  1.06325671e-01
  2.91305175e-03 -6.38515130e-03 -1.42385252e-02 -4.04903712e-03
 -5.15327649e-03 -9.60035548e-02 -1.69423595e-02 -5.56831919e-02
 -3.75004858e-02  1.01370364e-01 -5.98142331e-04  4.99807335e-02
 -5.69420345e-02 -5.09000234e-02 -2.78369635e-02 -3.83533686e-02
 -1.16544012e-02  1.87293366e-02  5.50367348e-02  5.06359302e-02
  8.92565250e-02  5.54289520e-02  9.06493440e-02 -1.30843073e-02
 -4.29369658e-02  7.01311082e-02 -6.95859343e-02 -9.06712711e-02
  1.03454525e-02  6.78990707e-02  3.48931812e-02 -7.57369474e-02
  2.21213549e-02 -4.18043882e-02 -1.38527891e-02 -2.06088908e-02
 -4.04546969e-02 -3.97412591e-02  1.78863108e-02  2.03829613e-02
 -4.03245799e-02 -4.52243164e-02  5.00723757e-02  2.43092701e-02
 -2.27495730e-02 -6.91650808e-02 -1.52773280e-02 -3.27851512e-02
  2.72725001e-02 -2.45038350e-03  6.88688979e-02  1.74269751e-02]"
130,Which option is a technique for enhancing the efficiency of the Apriori algorithm?,Hash-based techniques.,easy,13,13.080000000000002,"['A. Hash-based techniques.', 'B. Transaction Increases.', 'C. Sampling.', 'D. Cleaning.']",4,18.5,"[-2.7003858e-02  4.7775980e-02 -5.6542590e-02 -3.9897203e-02
 -8.1927143e-03 -6.7750134e-02  9.8546948e-03 -4.1036713e-03
 -3.5951950e-02 -1.8867934e-02  3.4840439e-02  6.0098339e-02
  4.0330529e-02 -3.2449096e-02 -1.8376432e-02  2.9217079e-02
  4.4908736e-02  1.6707944e-02 -4.0529083e-02 -1.1913700e-01
 -2.4112618e-02 -6.1420452e-02 -3.3498399e-02 -2.5589883e-02
  4.8138767e-02 -1.6564326e-02 -2.2929981e-03  3.1923011e-02
  7.2062291e-02 -1.8447731e-02  4.9018182e-02  1.3322741e-01
  1.5019615e-01 -4.7659539e-02 -7.1848787e-02 -3.1563144e-02
 -3.6015790e-02  1.7361967e-02 -3.2541116e-03  2.1535471e-02
 -1.6039148e-02  4.2160381e-02  1.4766428e-02 -7.0492597e-03
  4.3242943e-02  6.5776613e-03 -8.7736033e-02  4.3605901e-02
  1.5028934e-02  3.4199033e-02 -4.7721099e-02  5.8750901e-02
  1.7446576e-02 -5.2495520e-03  7.4556987e-03 -9.1383886e-04
 -6.8455324e-02 -7.0757113e-02 -6.1200544e-02 -5.2929275e-02
  4.3547727e-02 -5.1784776e-02 -4.4603422e-02 -5.5633750e-02
  2.6044240e-02 -3.6675395e-03  6.3910007e-02 -5.1344065e-03
  5.0101649e-02  4.6230495e-02  7.6631499e-03  8.4561177e-02
 -1.0198114e-01  3.3120304e-02  6.7618839e-02  3.4589253e-02
 -2.5287310e-02 -5.2994728e-02  7.9241823e-03 -4.3270225e-03
 -4.1297771e-02  5.9626069e-02  1.8807940e-02 -4.6485770e-02
  6.0086906e-02 -5.3328164e-02  3.0736890e-02 -1.2670235e-01
  5.0563633e-02  3.8016940e-04  6.4782195e-02  5.4637495e-02
 -4.0435895e-02 -7.5323731e-02 -1.2401699e-02  1.6324010e-02
 -3.8962487e-02 -3.7233490e-02 -1.1078965e-02  7.2798453e-02
  5.0198361e-03  2.2808407e-02 -1.2985936e-01 -5.3696889e-02
 -3.3017263e-02 -4.0207691e-02 -5.8103930e-03  8.0879405e-02
  5.5997457e-02  1.1447083e-02 -1.3002223e-02  1.7569521e-02
 -7.3307706e-03 -2.3178378e-02 -1.5963214e-02  7.6963633e-02
  4.3496329e-02  3.5547040e-02  9.0023160e-02  4.9442191e-02
  2.2150688e-02  7.8257630e-03  2.0807071e-02  5.0699066e-02
  9.2939408e-03 -1.9795617e-02 -8.1347942e-02 -2.8793732e-33
 -7.4813560e-02  5.5945367e-02  1.8968174e-02 -1.2754372e-01
 -4.4279933e-02 -6.7521366e-03 -2.8870584e-02 -4.1555736e-02
  6.4275369e-02 -5.5347431e-02 -3.1829059e-02  1.0342730e-01
  9.2686061e-03 -1.9913837e-02  1.5293261e-01 -7.5029396e-02
  4.7007028e-02  1.0894310e-01  2.4718195e-02 -3.7678596e-02
  6.1720066e-02 -2.0235233e-02  3.7983354e-02 -6.2590674e-02
  6.5846413e-02  3.4666482e-02  9.1904774e-02 -2.1173928e-03
  5.8249418e-02  2.9284209e-02  7.9768009e-02 -1.3800383e-03
 -7.2494090e-02 -6.8608425e-03  2.9701416e-03  4.7526654e-02
 -8.6717382e-03  1.5545187e-02  1.5238244e-02  3.6555339e-02
 -6.6979587e-02  5.9727211e-02  3.4021046e-02 -2.0269867e-02
 -3.7477266e-02 -1.3799223e-02 -7.0251949e-02 -1.4348788e-02
  2.3499051e-02  7.8677446e-02  2.2963772e-02 -7.3475994e-02
  3.8846411e-02  2.7870271e-02 -7.6080970e-02 -6.1231922e-02
 -3.4071226e-02 -7.8005427e-03  8.1847340e-02  5.5553213e-02
 -4.4411529e-04  1.7056776e-02 -2.6171692e-02  4.2348523e-02
 -6.9699295e-02 -2.2510575e-02 -1.8625868e-02 -4.2400643e-02
 -5.8638877e-03  8.7629311e-02 -2.0434046e-03  3.1116644e-02
 -4.3488581e-02 -6.8510145e-02 -6.4250117e-04 -7.7173263e-02
  6.2002849e-02  1.1199579e-02 -2.9238308e-02 -9.9227138e-02
 -1.0367154e-01  8.5327096e-02  5.8769334e-02  1.1619638e-02
  3.3406179e-02 -4.7732145e-02 -1.4060511e-02  4.3692548e-02
  2.4567105e-02 -5.7332590e-02 -1.5064377e-02  4.3331176e-02
 -3.1046866e-02  3.6230687e-02  8.5511126e-02  1.9308567e-33
  4.1376643e-02 -2.8066082e-02  1.0900602e-01  3.0222170e-02
 -1.0090537e-02 -7.1957693e-02 -6.4214610e-02 -7.3872119e-02
  1.3174658e-02 -7.5744048e-02 -6.2140357e-02  9.5120417e-03
  3.2017563e-02  2.8138287e-02  7.9463892e-02  4.0045217e-02
 -6.6945016e-02 -1.2905603e-02 -3.1612638e-02  2.7449103e-02
 -2.2901973e-02  2.3054160e-02  8.0330204e-03 -3.4950167e-02
 -6.9652356e-02 -3.3285748e-02 -9.2750631e-02  9.6126217e-03
 -1.7942352e-02 -6.4238988e-02 -7.1810737e-02 -4.5757242e-02
 -8.4808528e-02 -6.8397090e-02 -1.7619677e-02  1.9709174e-02
 -4.1454587e-02 -1.7198298e-02 -1.1751948e-02  8.6792335e-02
  5.2670013e-02  2.3691712e-02 -9.2681339e-03 -2.0647341e-02
 -2.5004765e-03  2.4337649e-02  4.0298854e-03 -6.0809523e-02
  4.9028147e-02 -9.3177510e-03  5.2895885e-02 -6.1352920e-02
  2.6308877e-02  6.7556143e-02  1.5093035e-02  4.5654479e-02
  4.5262616e-02  5.3305808e-02 -1.3390308e-02  3.1585153e-02
  2.0791130e-02  3.8576038e-03  2.8784829e-03  4.4063631e-02
 -9.7644655e-03 -1.6652677e-02  5.1652670e-02  6.2465966e-03
 -2.4853965e-02  1.5062122e-03  3.4340803e-02  7.8154519e-02
 -1.6866192e-02  6.3414305e-02 -2.4195895e-02  5.0774153e-02
  5.9667427e-02  3.7647512e-02 -2.5680307e-02  1.3056356e-02
 -9.7621500e-02  3.4440000e-02 -1.7055007e-02  5.9809363e-03
 -7.1044452e-02  1.5729023e-02  3.6120180e-02 -6.6964261e-02
  1.3549921e-02  1.4085284e-02  2.3518113e-02 -2.1768401e-03
  6.6142298e-02 -4.7172625e-02 -8.4816724e-02 -2.0929569e-08
 -6.0790882e-02 -1.5591615e-01  1.9710535e-02  2.0117851e-02
  8.9436680e-02 -4.0829293e-02 -3.8424209e-02  1.4507538e-01
 -3.3001363e-02 -1.4272554e-01  6.8845883e-02 -1.2442250e-02
 -3.5307407e-02 -3.2121126e-02  9.9284381e-02  8.1028948e-03
  6.8878978e-02  8.4308526e-03 -6.1255354e-02  5.9620747e-03
 -3.5347782e-02  5.9493877e-02  2.9657995e-02 -2.9554581e-03
 -3.3510383e-02  4.1761570e-02  1.0908142e-01  1.2629205e-02
  3.2312036e-02  2.2443883e-02  5.0697871e-02  6.2070315e-04
  3.1583820e-02 -1.6543213e-02  2.7506624e-03  5.0175712e-02
  6.9518490e-03 -1.9503495e-02 -1.1094644e-01 -4.8229240e-02
 -2.4675980e-02  1.9099098e-02 -4.0187430e-02 -1.9475065e-02
  1.3247769e-01 -1.2973938e-02  2.2898072e-02 -8.1862994e-02
  1.6911328e-02 -1.9482862e-02 -4.8912432e-02 -3.3124659e-02
  3.2498423e-02 -2.5462275e-02 -9.3506360e-03 -1.9677069e-02
 -4.6846651e-02 -5.7867195e-02 -1.8059215e-02 -3.9696582e-02
  8.7509513e-02 -2.1826513e-02  3.9827088e-03  4.9532406e-02]"
131,What describes the relationship between a candidate and frequent itemsets?,A frequent itemset must be a candidate itemset.,easy,10,10.73,"['A. A candidate itemset is always a frequent itemset.', 'B. A frequent itemset must be a candidate itemset.', 'C. No relation exists between these two.', 'D. None of the above.']",4,40.75,"[ 2.66574584e-02 -8.83245934e-03 -7.92516619e-02 -4.92222747e-03
  5.75145707e-02  4.62477729e-02  7.01274350e-02  1.32506872e-02
 -1.71274859e-02 -3.14130411e-02  2.89412551e-02 -2.80360356e-02
  6.10468872e-02 -3.41305025e-02  5.40052482e-04  1.45558733e-02
  5.22541776e-02 -5.19914590e-02 -4.19156365e-02 -1.77295543e-02
 -2.09986493e-02 -4.58782054e-02  8.25704932e-02 -4.31788154e-02
 -6.20641820e-02  1.10441186e-02  2.69511547e-02 -2.13570464e-02
  8.26109853e-03 -7.74802221e-03 -4.03369293e-02  1.21076480e-01
  6.18228018e-02  6.83624372e-02  1.63565092e-02 -4.91145924e-02
 -4.05496359e-02  2.36190837e-02 -1.09489011e-02  4.98284101e-02
  9.74186510e-03 -4.06120112e-03  1.95993446e-02 -1.72199740e-03
 -3.05623095e-02 -1.12730253e-03 -4.75090630e-02  4.46322300e-02
 -8.12172517e-02  7.87718073e-02 -4.03996781e-02 -2.26423163e-02
  1.32944612e-02  2.75395308e-02  4.99086455e-02  1.09939702e-01
 -2.89914738e-02 -1.37429731e-02 -6.88197911e-02  2.81992275e-03
  1.21443113e-02 -5.38299754e-02 -1.21321589e-01  2.17544828e-02
  3.30497697e-02  3.99038754e-02 -7.31957853e-02  1.18196532e-02
  3.48506682e-03 -5.87684363e-02  6.32866770e-02  9.98177566e-03
 -8.45898837e-02  6.62502795e-02  1.54256150e-01 -6.22718129e-04
 -2.26631691e-03 -6.07802570e-02  2.16107368e-02  1.64003652e-02
 -1.38058633e-01  2.14868393e-02 -7.10717402e-03 -4.56048772e-02
  8.80365968e-02 -6.16955236e-02  2.46883780e-02 -8.00712779e-02
 -3.06293648e-02  4.13116589e-02  8.62131454e-03 -2.04667244e-02
  6.52796477e-02 -1.73309278e-02  1.78897511e-02  4.14102077e-02
  7.52807334e-02 -3.43101588e-03  3.99824679e-02  3.51006747e-03
 -1.55183766e-02  8.30297824e-03 -4.13120016e-02  4.36460748e-02
 -8.84858370e-02 -5.79258800e-02 -5.38506508e-02 -1.36127146e-02
  2.11802889e-02 -3.01587023e-02 -8.06115270e-02  1.57544129e-02
 -2.63670962e-02  4.73389169e-03 -5.31789511e-02 -8.72339383e-02
 -3.97785520e-03  4.88292202e-02  6.94530411e-03 -7.14348163e-03
  3.26872319e-02  1.82760041e-02  1.25107169e-02 -9.01951790e-02
 -5.49011119e-02  3.84719409e-02 -4.25826274e-02 -3.76888542e-33
 -1.45058855e-02 -6.84793741e-02 -3.29067111e-02 -5.27326297e-03
 -6.33714572e-02 -2.71073282e-02 -5.15918359e-02  1.14719262e-02
  3.86780910e-02  3.27961557e-02 -6.14231676e-02  2.07826868e-01
 -1.12281516e-02  1.05458394e-01  1.24660954e-01 -8.41694418e-03
  3.28265615e-02  1.02775671e-01  5.10332547e-02 -5.75658530e-02
 -4.14478257e-02  5.54807484e-02 -2.50173211e-02 -3.56114171e-02
  4.35003974e-02 -3.26342173e-02  4.46732678e-02  2.75430344e-02
 -4.44065742e-02  3.55866216e-02  2.21048873e-02  4.95494343e-02
  6.24737628e-02 -5.24497963e-02 -8.99856072e-03  1.20409995e-01
  4.13038209e-03 -5.98356947e-02  5.01109287e-02 -4.92313206e-02
 -1.65451039e-02 -1.01777762e-02 -2.34602485e-02  7.12237731e-02
 -2.71225665e-02 -1.61961075e-02  4.89267288e-03 -1.90770403e-02
 -2.90659983e-02  5.87081537e-02 -2.93008927e-02 -4.18977477e-02
  9.20979008e-02  4.06403244e-02 -4.69425656e-02 -4.73539438e-03
 -2.97526866e-02 -5.18965768e-03  2.71580070e-02  7.03484565e-02
  4.16527577e-02  7.73761347e-02  3.43295671e-02  6.00746833e-02
  1.59260072e-02  2.69848574e-02 -4.40545641e-02 -8.79018456e-02
  5.43161184e-02  5.81696704e-02  7.67492279e-02  8.01244900e-02
 -6.35361373e-02 -9.91770625e-03 -1.91460010e-02  9.11669061e-03
 -2.90556233e-02  4.78347167e-02 -5.10588810e-02 -2.23571062e-02
 -8.54885280e-02 -2.17107181e-02  2.01223865e-02 -2.95381565e-02
 -8.41699615e-02  3.80781740e-02  5.56629300e-02 -6.93812370e-02
  5.91158643e-02 -7.26717785e-02  8.93232301e-02 -2.40047649e-03
 -4.43174951e-02  3.99240702e-02  3.46309282e-02  2.68354285e-33
 -2.74002180e-02 -1.15580030e-03  2.71811672e-02  2.56859381e-02
  1.26614079e-01 -6.02214150e-02 -2.61899177e-02 -8.32754821e-02
  2.06236616e-02 -1.97915845e-02 -3.45800444e-02  9.11081117e-03
  8.57514143e-03 -5.64392880e-02  1.19896280e-02  3.12403459e-02
 -5.10658845e-02  5.12138754e-03  3.00677698e-02 -3.90215516e-02
  3.17117199e-02 -5.53703569e-02 -5.41831972e-03 -6.38920367e-02
 -4.80117910e-02 -5.80361001e-02 -5.63671477e-02 -1.32120296e-01
 -4.26051915e-02 -1.12338150e-02  3.54698673e-02 -4.83622961e-02
  2.12556310e-02 -2.17683762e-02  3.22048254e-02  2.04494167e-02
  5.20388894e-02 -3.63390744e-02 -2.17472110e-02  1.85939316e-02
  1.07108534e-03 -2.19077840e-02  5.71371168e-02 -9.41701233e-03
  7.53624225e-03  2.21955683e-02 -1.54540427e-02 -3.62301469e-02
  7.82918483e-02 -4.13944237e-02 -6.46804925e-03  9.68322381e-02
  6.46091104e-02  5.82635067e-02 -3.92187648e-02  7.56505057e-02
 -6.44516125e-02 -1.83697920e-02 -7.74757611e-03  3.22280973e-02
  2.16307025e-02  9.06998944e-03  6.77112117e-02  7.69026205e-02
  7.94652030e-02 -4.72170115e-02 -2.09449623e-02 -5.00505939e-02
 -5.36085144e-02  2.19084346e-03 -3.24690863e-02  2.16930006e-02
  1.88832935e-02  2.75895800e-02 -1.19997233e-01 -8.26466978e-02
  2.36290786e-02  2.35226098e-02  1.49475588e-02  5.53162210e-02
 -6.53906316e-02  2.31597070e-02 -3.55622657e-02 -2.07562968e-02
 -8.69272500e-02 -3.15715335e-02  4.21047509e-02 -2.24910770e-03
 -2.72329263e-02  2.18800213e-02  3.85397486e-02 -1.09326959e-01
 -5.05192541e-02 -3.01692053e-03 -4.38938625e-02 -2.01426289e-08
 -6.38032854e-02 -1.11895144e-01  1.39682395e-02  2.38160137e-02
  6.33662716e-02 -1.65164825e-02 -3.20815071e-02  8.01797286e-02
 -4.13042642e-02  1.40836444e-02  5.06273806e-02  2.63564661e-02
 -7.07776994e-02 -2.95136012e-02  8.96333531e-02  1.19235972e-02
  6.04420602e-02  1.56310257e-02 -3.26497927e-02 -4.52337274e-03
  7.47720450e-02  2.50243992e-02  3.98064591e-02  3.72268818e-02
 -1.23791900e-02  7.36805573e-02  5.50826360e-03  1.01924881e-01
  1.23932576e-02  6.76998943e-02 -4.54827165e-03 -4.42255214e-02
  1.48749286e-02 -6.45201802e-02  2.30182009e-03  6.20113686e-02
 -8.45815390e-02 -7.27546364e-02 -2.12900210e-02 -1.48237972e-02
 -5.15334122e-03 -7.56426901e-02 -3.17667797e-02  1.10939018e-01
  6.73556924e-02  3.72778648e-03 -4.34851944e-02  4.08330522e-02
 -1.71302408e-02 -3.57727669e-02 -9.85751078e-02 -3.12878820e-03
  1.69725586e-02 -4.56873626e-02 -3.47593687e-02  1.29254712e-02
  5.78081682e-02 -3.41447480e-02  6.30282685e-02 -4.49892245e-02
  1.04286954e-01  2.43327469e-02  5.34593947e-02  7.28710666e-02]"
132,What happens when the support is reduced?,Some itemsets will be added to the current set of frequent itemsets.,easy,7,3.997142857142858,"['A. The number of frequent itemsets remains the same.', 'B. Some itemsets will be added to the current set of frequent itemsets.', 'C. Some itemsets will become infrequent, while others will become frequent.', 'D. It cannot be determined.']",4,56.25,"[-4.18759286e-02  3.11645884e-02  2.98291091e-02  5.08954674e-02
  6.03911132e-02  2.97207087e-02 -2.10907999e-02  2.14312840e-02
 -5.44847315e-03 -4.05807532e-02  6.40718564e-02  1.30202889e-01
  5.09963892e-02 -3.69595061e-03 -1.59792528e-02  3.96820195e-02
 -4.08127606e-02  3.51860411e-02 -1.49278149e-01  1.78137347e-02
 -1.93453860e-02 -8.44684541e-02 -1.00865327e-01  7.73850977e-02
 -2.53804810e-02 -1.05019007e-02 -2.40211468e-02 -3.78369689e-02
  3.43393199e-02 -4.68968600e-02  1.74360238e-02 -2.79015396e-02
  6.93945726e-03 -2.69399248e-02 -5.40649407e-02 -1.95496213e-02
  2.64080837e-02 -2.26280633e-02 -8.05961415e-02  2.19752416e-02
 -1.14029134e-03  8.90423637e-03 -4.69952263e-02  1.06874220e-02
  5.23784682e-02  5.49103208e-02  3.59768304e-03 -4.76973690e-02
 -5.58070391e-02 -1.62167773e-02 -4.43673786e-03  2.96655763e-02
  1.60188079e-02  1.02538541e-01 -2.85247546e-02 -3.46348137e-02
 -5.23836389e-02 -9.37948097e-03 -6.13745861e-02  7.98276514e-02
  6.51141778e-02  3.15591097e-02 -7.64317736e-02  3.30827087e-02
  8.61404240e-02 -4.60659638e-02  7.46403560e-02 -1.02847829e-01
  5.60485478e-03 -1.58086186e-03 -8.65312573e-03 -9.19054821e-03
  1.49163585e-02 -1.31051149e-02  3.56700756e-02  5.08430637e-02
 -1.52615057e-02 -5.38751557e-02  7.29407221e-02  1.15170293e-02
  7.06542060e-02  6.36956608e-03 -4.42482717e-03 -2.99615227e-02
 -2.82528661e-02 -2.64379364e-02 -2.54747719e-02 -3.68716791e-02
 -3.84434201e-02  1.24169728e-02  4.61118892e-02 -2.66885366e-02
  5.38884811e-02  6.22257628e-02 -6.93785846e-02  3.50241959e-02
  1.48972496e-02 -3.03268749e-02 -7.84629509e-02  7.55027458e-02
 -2.47480106e-02  1.64694190e-02  1.99274858e-03  1.66231040e-02
 -4.39009219e-02 -3.62613834e-02 -4.36414964e-02  4.91952300e-02
 -9.30498354e-03  4.05234583e-02  5.50089441e-02 -3.87465432e-02
 -9.40477755e-03  8.35319981e-02 -1.15216181e-01  7.97698647e-02
  6.47455454e-02  2.16192398e-02 -1.73066370e-02 -2.38616876e-02
  2.05746610e-02  4.27999385e-02  5.45118339e-02 -5.66784777e-02
 -2.76659224e-02  4.53546606e-02 -8.62125307e-02 -4.44140153e-33
 -2.55703423e-02 -8.06536451e-02 -3.74805443e-02 -1.36840818e-02
  4.29967456e-02 -6.82304427e-02 -6.38293698e-02  2.34700348e-02
  1.87130533e-02 -3.33471037e-02 -3.20240147e-02 -1.81823596e-02
  5.74681051e-02  6.36529597e-03 -6.92503005e-02 -9.19274688e-02
  1.17128175e-02  1.39433593e-01  8.64668842e-03  2.53985412e-02
 -4.06197784e-03  7.50612319e-02 -5.85895497e-03  2.56017037e-02
  4.59804349e-02 -5.80038242e-02 -4.13442180e-02  2.04072502e-02
 -1.08844988e-01 -1.39896814e-02 -6.09065704e-02  7.25814477e-02
 -4.18986455e-02 -1.22102998e-01 -1.59058988e-03  3.11658345e-02
 -4.03167903e-02  9.81056504e-03 -5.77095710e-02 -3.29224579e-02
 -2.43479405e-02  6.59457669e-02 -1.54113686e-02  7.37434998e-03
  6.15281016e-02 -9.10603330e-02  7.64228851e-02 -7.09474161e-02
 -8.84882435e-02 -1.13926567e-02  1.97397433e-02  8.12335964e-03
 -1.13912821e-02 -7.41723226e-03 -1.57355831e-03  1.00351954e-02
 -7.53921177e-03 -3.48413549e-02  6.16493355e-03 -3.54311466e-02
  5.85316382e-02 -1.19478069e-01 -4.86716703e-02  1.10293124e-02
 -1.19942250e-02  2.81979199e-02  2.87964903e-02 -1.19691953e-01
 -1.07355379e-01  1.63331497e-02 -3.28831449e-02  8.52262322e-03
  1.45563241e-02  4.14430685e-02 -4.53075245e-02  2.04293020e-02
 -1.12469662e-02  1.36214625e-02 -9.62558761e-03 -2.74833962e-02
 -2.22918354e-02 -4.56952080e-02  5.70647009e-02  1.73038151e-02
  8.41669664e-02 -1.62403453e-02  1.61956996e-02 -6.35738522e-02
  3.71515714e-02 -1.38920218e-01 -3.79330292e-02 -3.57221067e-02
 -5.79207502e-02 -5.04891425e-02  9.76206511e-02  1.85815755e-33
 -6.90704212e-02 -9.72673297e-03 -9.09691229e-02 -3.03175766e-02
 -3.11942063e-02  7.35439174e-03 -1.19306557e-02  9.31825605e-04
 -4.60043438e-02 -1.06116915e-02  4.70911823e-02 -1.79422554e-02
 -1.60941035e-02  9.84002203e-02 -9.24488381e-02 -1.49621097e-02
 -1.58685576e-02 -3.07851490e-02 -1.58749018e-02  9.04605687e-02
  1.87339056e-02  2.27114893e-02  2.84787193e-02  6.64766282e-02
  3.38526703e-02 -1.44119542e-02  1.68205295e-02  3.51599930e-03
  9.96286720e-02 -3.89566012e-02  5.19354381e-02 -1.18049510e-01
 -1.20263532e-01 -8.17725249e-03  3.06869540e-02  1.58273540e-02
 -1.20979100e-01  6.45739064e-02 -1.95628442e-02 -2.93693841e-02
  9.46838036e-02  1.09421145e-02 -1.07852630e-02  7.28976130e-02
  4.04131152e-02 -5.15888855e-02  7.18793571e-02 -2.61534341e-02
  2.05239989e-02 -2.27129012e-02  2.58141477e-03 -5.51891625e-02
  1.41458079e-01  1.67483822e-01  1.67128593e-02  1.33994790e-02
  8.73418450e-02 -1.94076356e-02 -1.15482010e-01 -2.53879521e-02
  8.72026291e-03  2.78885756e-02  3.37163582e-02 -1.67420525e-02
  7.07371980e-02  3.89257111e-02  2.64634732e-02  4.51921225e-02
  4.66226041e-02 -5.99564333e-03  5.76745905e-02  1.81752369e-02
 -8.14084243e-03 -3.29497270e-02  8.15421268e-02  5.13623729e-02
 -2.24892218e-02 -5.49777374e-02 -2.38601882e-02 -2.04173494e-02
 -6.11758642e-02 -7.18220323e-02  3.31040621e-02 -5.03364652e-02
  1.80163998e-02 -2.36726273e-02 -8.40291195e-03  2.35864203e-02
  1.01269491e-01  1.13349985e-02  3.26712281e-02  7.58349597e-02
 -2.76788324e-02  4.24097329e-02 -7.75667876e-02 -1.61862079e-08
 -2.54869973e-03  2.33752485e-02 -6.43496215e-02 -1.10221803e-02
  4.65862937e-02 -5.46597131e-02  4.24102787e-03 -1.80771668e-02
  1.45683410e-02  2.69717555e-02 -2.20247135e-02 -2.09841561e-02
  3.72811705e-02 -6.38971897e-03  1.18955366e-01  7.05252960e-02
 -3.95948142e-02  6.16434775e-02 -6.77211583e-02 -5.07033281e-02
 -6.99789152e-02 -4.55170907e-02  1.73508022e-02  7.36701265e-02
  3.79005112e-02 -1.10645741e-02  7.18014389e-02  1.09138809e-01
 -5.58742359e-02  1.56164970e-02  4.15428244e-02  6.67151238e-04
  2.55918317e-02  2.62355693e-02  4.94175516e-02  5.09608313e-02
  3.95665094e-02  1.92278288e-02  7.50881480e-03  6.40717149e-02
 -3.79982628e-02  2.74490602e-02  3.72822694e-02  6.25999421e-02
  4.66851518e-02  9.62721556e-03 -8.18760470e-02  2.92264391e-03
 -3.91895324e-02 -3.94299068e-02 -2.07338724e-02  2.15131752e-02
 -2.20210478e-02  2.59083323e-02 -4.55175154e-02 -1.25736336e-03
  1.18301734e-02  8.48100483e-02 -1.30402148e-02  7.66830519e-04
 -6.29128050e-03 -6.15957938e-02  6.90094307e-02  3.24643366e-02]"
133,"If both Apriori and FP-Growth are configured with the same support and confidence thresholds and applied to the same dataset, what can we say about the obtained association rules:",Apriori and FP growth will give the same rules.,easy,29,14.437241379310349,"['A. Apriori and FP growth will give the same rules.', 'B. Apriori and FP growth will give different rules.', 'C. We cannot say anything about it.']",3,45.333333333333336,"[-1.66501366e-02 -4.39002477e-02 -1.68628618e-02 -9.50050261e-03
  7.29264766e-02 -2.46987911e-03  3.63985412e-02  4.14829589e-02
 -8.37780014e-02 -3.30478102e-02  1.05160080e-01 -1.94124114e-02
  3.90021242e-02 -5.19985296e-02  2.89963167e-02  6.55627176e-02
 -3.49021740e-02 -4.32947390e-02 -1.02904908e-01 -3.07566822e-02
 -2.04915423e-02 -7.98830092e-02  1.66754704e-02 -2.97518466e-02
 -3.30768451e-02 -2.14018207e-02 -3.24747805e-03  6.89395890e-02
 -5.02810068e-03 -1.07014216e-02  5.96246915e-03  9.61056501e-02
  1.01808503e-01 -4.48398851e-02  1.32133849e-02 -7.34872371e-02
  3.28927971e-02 -1.76559128e-02 -1.19338902e-02  1.69073027e-02
  4.14845720e-03  1.08403750e-02  4.82238717e-02 -1.17492434e-02
  2.14124862e-02  3.17177139e-02 -5.65955825e-02  9.17985663e-02
 -1.07017852e-01  2.79356726e-02 -3.32972147e-02  3.49965356e-02
  2.92714629e-02  7.73487911e-02  3.16537023e-02  3.32474150e-02
 -7.85918832e-02 -2.41232738e-02 -7.72585347e-02 -1.57616055e-03
 -3.52615528e-02 -6.90605938e-02 -6.39443472e-02 -3.97200808e-02
  5.18352240e-02  4.14855592e-02 -3.15149650e-02 -2.78384127e-02
  3.82539965e-02  8.64069723e-03 -1.43319545e-02  5.97211756e-02
 -9.53773186e-02  2.58699153e-02  7.24969581e-02  3.69943716e-02
 -8.45540315e-02  2.84623131e-02  4.38166894e-02 -5.66625744e-02
 -4.64180410e-02  7.60863870e-02  2.77660973e-02 -9.89829302e-02
  3.19295353e-03 -9.00646821e-02  7.66865443e-03 -1.21837549e-01
 -4.01717201e-02  4.76231538e-02  7.63693750e-02  2.36289669e-02
 -2.64734980e-02  5.13670668e-02 -7.58389980e-02 -2.72238590e-02
 -4.04841751e-02 -1.46387815e-01 -1.31533649e-02  3.71965095e-02
 -3.85730639e-02  1.18191238e-03 -4.68754359e-02  5.80325760e-02
 -6.05486184e-02 -3.07727400e-02 -4.31089476e-02  5.05355783e-02
  5.89978211e-02  5.21570891e-02 -1.07166814e-02  3.83868404e-02
  5.96124940e-02  1.12994784e-03 -3.43683586e-02  5.00667952e-02
 -1.22281061e-02  2.55653560e-02  7.38585591e-02 -4.90968004e-02
  3.52516957e-02  3.46182697e-02  3.45267281e-02  2.83956826e-02
  2.02486087e-02 -2.29170956e-02 -1.05584234e-01 -1.05775243e-33
 -6.25818083e-03 -5.82353696e-02 -2.73735002e-02 -9.49845463e-02
  3.58534344e-02 -1.14832148e-02 -6.07155561e-02 -5.72410412e-02
  8.70201364e-03 -5.12443036e-02 -5.88659644e-02  7.06226602e-02
 -3.09216958e-02 -6.91664070e-02  6.61664233e-02  4.15269006e-03
  4.42420654e-02  1.30895376e-01  1.73311755e-02 -8.16789083e-03
  9.82321873e-02  4.01617438e-02  1.09315589e-02 -1.35099720e-02
  7.50141814e-02  7.40300119e-02  6.72762142e-03  7.27315173e-02
 -1.16252862e-02  1.52782099e-02  8.24223366e-03 -5.43597434e-03
 -1.84661578e-02 -8.33672881e-02  4.72616404e-03  4.83503081e-02
  2.29689274e-02 -3.97917442e-02 -1.81917171e-03  5.56985941e-03
  4.81126718e-02  3.66154388e-02 -7.76080368e-03  3.14294943e-03
 -1.78588219e-02 -1.85894631e-02 -5.90517297e-02 -1.70599148e-02
  1.91432238e-03  8.12110305e-02  1.14520090e-02 -6.58603907e-02
  3.67438905e-02 -1.19516309e-02 -1.22991884e-02 -3.14764492e-02
 -8.52621794e-02  6.85982034e-02  7.11471811e-02 -8.58623069e-03
  4.32785451e-02 -2.04207860e-02 -1.63205639e-02 -8.65291059e-03
 -1.04925789e-01  3.33619006e-02  1.74786542e-02 -5.25011159e-02
 -1.01461457e-02  9.93977189e-02  3.01469956e-02  7.12266713e-02
 -1.24241434e-01  1.29425200e-02  4.99563664e-02 -5.18196970e-02
  1.85098685e-02  5.29776998e-02  5.79772703e-03 -3.65093760e-02
 -8.08239654e-02  2.78346986e-02 -2.31370870e-02  2.62709968e-02
 -7.71881267e-02 -2.77517512e-02  4.87545319e-02  8.51019248e-02
  2.12842114e-02 -7.79505968e-02  4.66864035e-02 -2.33454853e-02
  9.56234057e-03  4.50452045e-02  1.06037095e-01 -7.85469825e-34
 -7.57750822e-03  1.77974943e-02  7.57961795e-02 -2.69794986e-02
  8.82675219e-03  2.21711467e-03 -2.56345589e-02 -6.10688329e-02
  7.35510215e-02 -3.10524330e-02  1.60132665e-02 -4.32650885e-03
  3.01349838e-03 -2.77101435e-02  1.49350027e-02 -1.98717080e-02
  9.29279346e-03  6.63296282e-02  1.32446112e-02  4.86393794e-02
 -3.81223932e-02 -5.46216145e-02 -1.23492023e-03  4.90380004e-02
  1.95164680e-02 -6.31678477e-02 -1.02770582e-01  3.12746875e-02
 -1.80852190e-02 -6.11835197e-02 -1.74370024e-03 -2.37755533e-02
 -5.52601404e-02 -2.68893111e-02  9.67135746e-03 -1.29294142e-01
 -1.04313560e-01 -6.56606331e-02 -3.62057192e-03  1.57542117e-02
  6.04784973e-02  6.40477836e-02 -2.99426280e-02 -7.28659215e-04
 -2.78439019e-02  2.48489459e-03  9.41307023e-02 -4.77569290e-02
  1.83331352e-02 -8.17424506e-02  3.00223473e-02 -3.00112162e-02
  4.98766750e-02  2.81457603e-02 -6.17765933e-02  8.15077871e-02
  1.16632715e-01  4.72321138e-02 -1.66480362e-01  3.33378688e-02
 -8.71222839e-03 -8.93788133e-03 -2.49897018e-02  3.61593850e-02
  2.42235437e-02 -3.05790640e-02  6.99700117e-02  1.07114417e-02
  3.45226713e-02  3.85882594e-02  2.05624625e-02 -3.00565385e-03
  4.16976847e-02  6.57823458e-02  8.34510569e-03 -6.11422211e-03
  4.27427366e-02  2.45001856e-02 -8.67361762e-03  6.14787489e-02
 -1.09541893e-01  6.24293946e-02  2.80065695e-03  8.97554308e-02
 -8.40030164e-02  2.04424411e-02  2.45138984e-02 -2.19164118e-02
  1.01127969e-02  6.65060282e-02  4.02006507e-02 -4.49611284e-02
  2.28132866e-02 -8.20364505e-02 -4.63495329e-02 -3.16540998e-08
 -4.15376388e-02 -3.59992497e-02 -2.09751893e-02  6.58492073e-02
  3.68812792e-02  6.72281161e-03 -4.09643352e-02  5.45513071e-02
 -3.29290740e-02 -7.23397592e-03 -1.90548841e-02  9.64612365e-02
 -1.72347054e-02 -4.17294390e-02  6.86477870e-02 -2.00813767e-02
  8.62554535e-02  7.99669772e-02 -5.39675578e-02  3.39579135e-02
 -4.43071313e-02  2.33404320e-02  7.81328082e-02  1.59357805e-02
 -5.99263869e-02  1.61751285e-02  6.14487678e-02  1.62120312e-02
 -1.68213323e-02  4.50920090e-02  7.51294941e-02 -5.69524132e-02
  6.48300648e-02 -6.04581200e-02  1.05825244e-02  2.35175015e-03
  7.33713293e-03 -4.07198491e-03 -8.48693401e-02 -2.71875635e-02
 -7.86874036e-04 -4.64074016e-02  3.77461500e-02 -5.12596816e-02
  4.05162983e-02  5.74903842e-03  4.08164673e-02 -1.09676614e-01
  2.89682881e-03 -2.62929518e-02  1.91815123e-02 -1.27783967e-02
  1.56636871e-02 -2.16808803e-02 -1.92310456e-02  4.01082337e-02
 -5.76899946e-02  1.50328083e-02 -1.67460665e-02 -1.02941349e-01
  8.98609161e-02 -6.74862713e-02  5.50395362e-02  7.47584477e-02]"
134,What is the relationship between support and confidence?,Support and confidence have no necessary relationships.,medium,8,9.655,"['A. Support is always larger than or equal to confidence.', 'B. Confidence is always larger than or equal to support.', 'C. Support and confidence have no necessary relationships.', 'D. None of the above.']",4,47.75,"[-4.62986305e-02  4.75368351e-02 -2.08995678e-02  4.25459556e-02
  2.95744874e-02  2.88305506e-02  3.91136780e-02  4.55190651e-02
 -1.62717197e-02 -6.27366900e-02  4.66056429e-02 -8.77876580e-03
  1.05497420e-01 -9.85035747e-02  2.40260046e-02 -2.26479340e-02
  3.12686637e-02 -8.93032365e-03 -1.25365615e-01  7.53326807e-03
 -1.05215192e-01 -5.34764715e-02 -3.97473238e-02 -1.44821033e-02
 -3.04137822e-02 -1.49277924e-03 -9.95077938e-03 -9.84315295e-03
  1.00234449e-02  4.09630202e-02  1.04434583e-02 -6.04688823e-02
  4.81019206e-02 -4.84973341e-02 -5.65443151e-02 -3.81085835e-03
  1.12122670e-02  3.90005577e-03 -8.90422165e-02  1.26181748e-02
 -7.42117539e-02  5.50302900e-02  7.56554604e-02  4.95511815e-02
  6.35320460e-03  5.89872012e-03  5.56807071e-02  3.28903608e-02
 -6.95017278e-02 -3.10887545e-02 -1.18539073e-01  9.24262498e-03
  2.54261978e-02  1.40460134e-02  2.99101286e-02  5.38068824e-02
 -2.02586558e-02 -4.19043638e-02 -6.66913316e-02  5.97699955e-02
  7.62858838e-02  1.48686804e-02 -7.40112886e-02 -4.14163759e-03
  3.43875997e-02  2.21942347e-02 -3.21242437e-02 -1.82230212e-02
 -4.20379965e-03 -5.22407889e-02 -2.82869749e-02 -1.07500535e-02
 -1.43533163e-02  7.67314574e-03  2.20871493e-02  5.57483695e-02
 -2.78620534e-02 -7.98934326e-02  2.63183955e-02  4.31224518e-02
  5.03358245e-02  8.82925540e-02  8.02310091e-03  5.78901134e-02
 -7.38440007e-02 -9.44996774e-02  7.02395663e-02 -2.34203488e-02
 -5.98360114e-02  1.71411149e-02  3.65353227e-02 -7.80017208e-03
 -8.23516399e-02  1.16613032e-02 -8.64982828e-02  5.24050221e-02
 -6.31401166e-02 -4.53370810e-02 -7.83702880e-02  6.43860698e-02
  1.41893262e-02  2.16149334e-02  2.81359479e-02  7.37359971e-02
 -8.37292224e-02 -1.18934782e-02 -4.33540493e-02  2.59634852e-02
  3.32264416e-02  8.08780938e-02 -7.81430155e-02 -7.30378479e-02
 -7.65992701e-02  6.07231259e-02  4.83767949e-02 -7.96587672e-03
 -7.59690776e-02  4.49502431e-02  5.87051772e-02 -5.05986139e-02
  9.13801566e-02  3.76780853e-02  1.16573088e-01 -3.00672296e-02
  3.82519215e-02 -8.59173164e-02 -2.76438762e-02 -6.48118214e-33
 -7.85951223e-03 -7.79352337e-02  6.25359081e-03  8.60329494e-02
 -9.35489871e-03 -3.27832773e-02 -3.80662940e-02 -2.21041981e-02
  3.73235252e-03 -1.49808861e-02 -3.41237970e-02  1.80126095e-04
  8.72482508e-02 -2.35406645e-02 -2.93001588e-02  7.03817233e-02
 -9.16064084e-02  1.29736096e-01 -3.65966670e-02  6.80826083e-02
  1.74099132e-02  5.30337505e-02 -1.76260825e-02 -1.62957944e-02
  4.77095619e-02 -5.22144400e-02  4.12255079e-02  9.04543549e-02
 -5.59458844e-02 -2.11130269e-02  6.15324499e-03  4.22740504e-02
 -9.25928820e-03 -1.60023481e-01  1.13157909e-02 -2.76585668e-02
 -3.61107886e-02 -5.70520274e-02 -4.58040535e-02 -3.87451313e-02
  2.21259892e-02 -2.68834848e-02  3.18966806e-02  1.73470788e-02
  3.02273817e-02  3.00602186e-02 -4.69927154e-02 -1.21343233e-01
 -1.12036489e-01 -5.73608279e-03 -8.63843188e-02  7.34637082e-02
  4.05848771e-03 -2.39776131e-02  1.87207875e-03  5.47369849e-03
  4.22367314e-03  1.02899469e-01 -3.97520997e-02 -1.25717193e-01
 -1.37561634e-02 -5.91587275e-02 -8.60583857e-02 -6.83575571e-02
  9.39925376e-04  8.89674872e-02 -2.11476218e-02 -1.11757278e-01
 -3.80814224e-02  7.40474910e-02 -2.99230292e-02 -1.09226573e-02
 -9.52820033e-02  6.17300533e-03 -5.65214492e-02 -1.66360773e-02
 -5.37796356e-02  3.73803428e-03  2.40487326e-02  8.47333483e-03
 -7.63244033e-02 -6.62672967e-02 -1.15426751e-02 -7.11470144e-03
  1.35084067e-03  1.98551938e-02  5.32623380e-02  3.39284912e-02
  1.14623643e-01 -1.55887362e-02  3.43232937e-02  3.85244726e-03
 -7.53225759e-02  3.33567746e-02 -2.31085476e-02  2.07464504e-33
  3.44421975e-02  5.40557434e-04  3.77842560e-02 -2.39710957e-02
  1.10601140e-02  3.12385615e-02  1.04964962e-02 -8.20786282e-02
  6.09224439e-02  5.46523221e-02 -2.66256370e-02 -1.74398441e-02
 -2.20633368e-03  3.58422250e-02 -4.59206961e-02 -5.08094616e-02
  3.14948075e-02 -1.53227188e-02  4.26319204e-02  9.68695618e-03
  6.72917441e-02 -2.17157993e-02  1.93560477e-02  3.93628962e-02
 -2.85634231e-02 -3.53193320e-02  1.65182035e-02 -3.06511391e-02
 -1.01121394e-02 -2.42275130e-02  3.97964083e-02 -3.21709290e-02
 -5.77260852e-02 -1.33126592e-02  1.97165180e-02  1.95625927e-02
 -1.19205080e-01  5.87765407e-03 -6.37518708e-03 -8.52012448e-03
 -5.64551726e-03  1.82667258e-03  2.47881953e-02 -4.00426164e-02
 -1.51132140e-02 -1.57777499e-02  1.10565588e-01 -5.94878569e-02
 -7.75434170e-03 -2.66711619e-02  2.68027373e-02  2.14400794e-02
  4.43613343e-02  9.49302241e-02  5.64960986e-02 -1.30647691e-02
  5.81027288e-03 -2.65311208e-02 -3.22887935e-02  1.14154862e-02
 -2.27356218e-02  5.94733842e-02 -2.65920046e-03  2.17749719e-02
  7.35369176e-02  4.66238111e-02 -2.45711226e-02  2.84059867e-02
  9.01816338e-02 -4.02621627e-02 -1.18579706e-02 -4.99678925e-02
  2.93346662e-02  4.55648601e-02 -6.30222540e-03  2.37170532e-02
 -5.74317500e-02 -4.64121997e-02 -2.90447231e-02  3.63083966e-02
 -7.42636248e-02 -3.56151797e-02  7.69037530e-02 -6.08935803e-02
 -1.98515914e-02  4.48131561e-02  5.56872748e-02  8.42606202e-02
  7.37953410e-02 -4.24692333e-02  1.37840360e-02  6.21788576e-02
 -2.74106003e-02 -9.50447693e-02 -2.89566256e-02 -2.00226111e-08
  5.39579801e-03  6.28795940e-03  2.75397091e-03 -5.99979563e-03
  1.33388955e-02  1.23994043e-02  6.32426292e-02 -3.42601649e-02
 -6.37977421e-02  7.88858458e-02  1.14732422e-02 -2.65419707e-02
  9.40794498e-03 -4.31406358e-03  8.41828138e-02  1.20717613e-02
 -3.87076667e-04  6.67999163e-02 -3.34494114e-02 -4.79236282e-02
  3.86992842e-02 -3.92114148e-02 -2.70475610e-03  1.92038286e-02
  2.73136292e-02  5.32587580e-02 -6.30655838e-03  9.51678604e-02
 -8.90908241e-02  6.24587648e-02  3.39456610e-02 -6.62013963e-02
  2.79156156e-02 -8.71628523e-02  7.91762471e-02  3.86151224e-02
  6.76305816e-02 -5.80037683e-02  7.42452741e-02 -5.23888730e-02
  4.87128133e-03  1.30556613e-01  2.44009290e-02  8.17887783e-02
  6.05582371e-02 -6.77987142e-03  5.73355984e-03  8.13388452e-03
 -1.02646075e-01 -7.09194764e-02  1.60931498e-02  2.60616727e-02
 -2.55360417e-02  5.54608144e-02 -6.78098500e-02  4.11861986e-02
 -1.88660659e-02  5.91380075e-02 -3.34516242e-02  2.96165515e-02
  5.87776713e-02  1.49441753e-02  8.72540548e-02 -4.29135421e-03]"
135,What is the advantage of grouping transactions for each customer as separate databases:,Extract personalized association rules.,easy,13,12.172307692307694,"['A. Extract personalized association rules.', 'B. Extract non-personalized association rules.', 'C. Reduce the number of rules.', 'D. There is no advantage.']",4,35.75,"[-1.03435190e-02 -3.46822739e-02 -3.41072828e-02  3.09401173e-02
 -2.40390226e-02  2.88587399e-02  3.37626003e-02 -2.46878807e-02
  9.75087509e-02 -3.54433917e-02  7.89348260e-02  4.61926349e-02
  4.80307974e-02 -8.89060739e-03  6.03841506e-02 -3.25015485e-02
  3.20339226e-03 -2.43073553e-02 -4.66712825e-02  1.65034588e-02
 -1.20540753e-01 -8.02849382e-02 -7.03914557e-03  4.46392372e-02
 -5.54721523e-03  4.19848785e-02 -4.80440967e-02  2.54463628e-02
 -3.89153510e-02 -6.54512122e-02  5.64721078e-02  7.13049769e-02
  7.09539726e-02  5.25362715e-02 -1.05960868e-01 -4.68813181e-02
  1.68895964e-02  3.28456312e-02 -3.73783559e-02 -2.99480110e-02
 -2.19708011e-02  3.81565280e-02 -3.60918380e-02  5.34020700e-02
  6.71542995e-03 -5.41762635e-03 -2.82025002e-02  9.29515157e-03
  2.16266047e-02  2.88160872e-02  2.40804646e-02 -6.51404774e-03
 -8.59364867e-03  1.23466969e-01  4.11283635e-02  8.11332241e-02
  3.57123055e-02 -1.98780689e-02 -6.56843260e-02  2.49389503e-02
  2.73737386e-02  9.95689537e-03  8.07828642e-03  2.79085003e-02
  6.64077550e-02 -6.25194982e-02  4.37293611e-02  2.40958594e-02
  1.85197871e-02 -8.00261274e-02 -1.07709495e-02 -2.73561627e-02
 -9.46330875e-02 -1.58240029e-04 -4.36349139e-02 -9.75137204e-03
 -7.09418021e-03  1.29772741e-02 -9.19293091e-02  1.94471907e-02
 -5.42959385e-02  1.36989709e-02 -1.06421886e-02 -2.31374931e-02
  1.30504966e-02 -7.87880346e-02  1.72229037e-02 -1.05845369e-01
 -1.06146909e-01 -5.23170047e-02  1.77062098e-02  8.44810158e-02
  9.58107263e-02 -1.12436704e-01 -3.28259133e-02 -6.63682893e-02
 -7.76397670e-03  7.30044849e-04  1.28040463e-01  4.88121063e-03
  7.81254768e-02  2.79139224e-02  3.09498124e-02  2.99743991e-02
 -4.76078242e-02 -4.96994592e-02  1.28861228e-02 -5.87339588e-02
 -3.61423567e-02 -1.25283469e-02 -5.10467812e-02  7.68512711e-02
 -1.08401012e-02 -2.19607800e-02 -7.31223226e-02 -1.73340235e-02
 -3.34593430e-02  2.24521123e-02  5.45331798e-02  2.84397621e-02
 -3.96543704e-02  7.91806914e-03  3.33175249e-02  5.11544906e-02
  4.30002064e-02  4.24343869e-02 -9.68607366e-02 -2.59600966e-33
 -1.97993089e-02 -7.22081214e-02 -5.32168075e-02 -4.10069712e-02
  5.88743873e-02  4.05070223e-02 -6.16168790e-02  1.20205507e-02
 -2.84406170e-02  4.77642287e-03 -4.36410904e-02  6.36476502e-02
  3.52186523e-02  8.40897579e-03  5.59209064e-02  5.02345972e-02
 -7.38828033e-02  1.05973214e-01  3.81898619e-02 -1.30728846e-02
 -7.88752176e-03  2.32592300e-02  2.33326834e-02  5.53280264e-02
 -2.78771687e-02 -1.35182338e-02 -2.16339678e-02 -4.88718331e-04
  3.72149944e-02 -2.58253841e-03  3.38226780e-02 -3.58525775e-02
 -1.64364800e-02  1.05781667e-01  7.32344314e-02  1.57515362e-01
 -2.05271430e-02 -9.58233550e-02  7.32131451e-02 -1.85438488e-02
 -6.40580803e-02  5.09415492e-02 -6.69617439e-03 -4.39873934e-02
 -2.27596741e-02  1.43885314e-01 -9.07002091e-02  5.76215982e-02
 -4.23903903e-03 -1.95764750e-02 -2.19381209e-02 -1.74407568e-02
  4.80378494e-02  3.42980213e-03  6.97605908e-02  4.23031375e-02
  2.94803679e-02 -1.18626975e-01  1.78379063e-02 -1.09907473e-03
 -7.66647905e-02 -4.91692871e-02 -3.57463621e-02 -9.37400479e-03
 -1.99384168e-02  3.17499451e-02  5.88762835e-02  4.37612133e-03
  3.85790840e-02  3.43587133e-03 -1.52242528e-02  1.02484919e-01
  1.58108771e-02 -1.36510385e-02 -1.71702299e-02  3.96877946e-03
 -3.11364699e-02 -1.66394021e-02  5.40887285e-03  1.13738738e-02
 -2.47893669e-02 -3.79127972e-02 -4.58775042e-03  2.98597142e-02
 -1.59300137e-02  8.14205110e-02  4.22464795e-02 -3.01085953e-02
 -5.49065731e-02  2.76660286e-02 -4.68263440e-02  5.38767390e-02
  5.33123240e-02  4.03277650e-02  1.03839882e-01  3.46225882e-34
  3.92434187e-03  2.70920414e-02 -3.99151035e-02 -2.94594150e-02
 -3.76760727e-03  2.22468507e-02 -1.99083947e-02 -7.91643411e-02
 -4.40727435e-02  2.28542704e-02 -4.37679477e-02 -4.39507625e-04
  1.27304308e-02 -5.15354872e-02 -6.87595978e-02 -2.68471576e-02
  9.05062184e-02 -3.63998003e-02  5.02466001e-02 -2.03034990e-02
  1.54342353e-02  4.17993404e-02 -3.39056738e-02  9.06335488e-02
 -3.17735262e-02 -1.54031636e-02 -1.28085241e-01 -8.78859162e-02
 -1.21825524e-02  2.00378895e-02  3.08622117e-03 -9.14547965e-02
 -6.66985847e-03 -4.62475382e-02 -6.32245615e-02 -2.74758358e-02
 -1.00409716e-01  6.13048822e-02  6.26237243e-02  4.89518382e-02
 -6.77621737e-02  2.47274227e-02 -1.70437712e-02 -4.94368784e-02
  2.24972214e-03  4.00740616e-02  1.17644221e-02  1.88168176e-02
 -1.77167531e-03  2.56206021e-02 -3.13419215e-02 -1.91481747e-02
  1.52265858e-02 -6.07322380e-02 -1.47945387e-03  5.54495454e-02
  1.33687109e-01 -3.11851352e-02 -4.81017940e-02  2.66138595e-02
  2.44627874e-02  5.44252135e-02 -8.97029531e-04  6.76174834e-02
 -1.95491035e-02 -6.19619712e-03  5.60074709e-02 -3.95341329e-02
 -2.09475774e-03 -2.53162477e-02 -1.58176273e-02 -7.44219124e-02
  2.08183955e-02  3.34566422e-02  1.02807628e-02  2.08348390e-02
 -5.17380424e-02 -8.50774422e-02 -4.77888510e-02  4.13397625e-02
 -9.79937986e-02 -5.67432679e-02  5.89410439e-02  2.78361719e-02
 -6.19569384e-02 -8.98334906e-02  1.08817173e-02  1.05297752e-03
  1.32128838e-02 -5.42393364e-02 -1.82344727e-02 -4.75699566e-02
 -5.41479234e-03 -5.09555340e-02 -2.39645392e-02 -1.78583157e-08
 -2.77696047e-02 -2.36094818e-02 -1.31676896e-02 -1.40228635e-02
  2.90153176e-03 -1.23045646e-01 -5.33124208e-02  1.27308592e-01
 -1.32072635e-03  7.03662336e-02  1.26732308e-02  5.28576598e-02
 -1.00512095e-01  5.39092794e-02  8.44106600e-02  8.89864266e-02
  4.60951356e-03 -7.38559514e-02 -6.96787313e-02  5.40476628e-02
  6.11746591e-03  1.21504730e-02 -4.17789221e-02 -3.89495976e-02
  1.97136141e-02  2.39045601e-02 -1.51327644e-02  1.22615166e-01
  2.52708457e-02 -8.49056989e-02 -2.25599692e-03  1.73443987e-03
  1.62325334e-02  8.69565234e-02 -1.09653100e-02  3.50220762e-02
 -3.50106577e-03  9.74992737e-02 -2.96377316e-02 -6.04724996e-02
 -2.28292607e-02 -4.99166995e-02  3.71354520e-02  7.37766773e-02
  2.53584143e-02  3.95610817e-02 -5.22535406e-02  4.73360345e-02
 -1.60604957e-02  9.90987718e-02 -8.37856904e-03  2.66847629e-02
  9.56173763e-02  6.30251989e-02  2.93950308e-02  1.79106148e-03
  1.00390464e-02 -5.69607355e-02  1.06546007e-01 -5.29043898e-02
  7.01978663e-03 -2.47215647e-02  2.51384694e-02 -6.83144629e-02]"
136,What will happen when grouping items that a customer purchased over different days into a single one transaction?,Association rules between some items may be lost.,easy,18,11.752222222222224,"['A. Association rules between some items may be lost.', 'B. The computational complexity may increase significantly.', 'C. The size of the dataset will increase significantly.', 'D. None of the above.']",4,46.75,"[-7.62895197e-02  1.21118082e-02 -1.49948811e-02  6.84817582e-02
 -4.30551022e-02 -5.71713131e-03  3.58858816e-02 -6.06387705e-02
  1.60323996e-02 -7.36083090e-02  1.51607677e-01  6.49128407e-02
  4.28003967e-02 -2.14413218e-02  4.65027951e-02 -3.79038788e-02
 -5.50476350e-02  3.58161656e-03 -9.70023647e-02 -1.34276748e-02
 -1.55000556e-02 -5.55612966e-02 -2.68859770e-02 -1.63887236e-02
 -2.05491595e-02  8.66682231e-02 -2.96583772e-02 -2.16293391e-02
  5.45382639e-03 -1.14589758e-01 -5.20015555e-03  2.02918984e-02
  3.65862437e-02  7.10908771e-02  1.94704928e-03 -6.29195049e-02
 -1.22530311e-02  3.62090010e-04 -1.62015446e-02  1.62707046e-02
 -2.90325098e-02  1.72436498e-02 -3.74085791e-02  1.04298787e-02
 -3.48859243e-02 -1.85722578e-02  1.53033342e-02  5.69857210e-02
  2.17841957e-02  5.77099137e-02  2.30832081e-02  2.01326534e-02
 -5.53938039e-02  1.28281340e-01 -2.18937211e-02  8.14373493e-02
  5.57768624e-04 -8.27202667e-03 -1.46894203e-02 -4.02759993e-03
  5.51642384e-03  8.21371842e-03  1.38778239e-02 -5.61515149e-03
  5.86268567e-02 -3.54660973e-02  6.28968282e-03  3.55645679e-02
 -4.82368097e-03 -2.99217943e-02  3.78048718e-02  6.51838607e-04
 -2.87009515e-02  4.74072732e-02  1.21183582e-02  1.98447071e-02
  3.80029976e-02 -5.72037138e-02 -6.21072091e-02  2.08878331e-02
 -6.86706528e-02  1.83193926e-02 -1.95979420e-02 -1.15051791e-01
  1.25136496e-02 -4.30317633e-02  8.22922681e-03  4.91794664e-03
 -5.37685826e-02 -4.45709638e-02 -2.48005129e-02  3.37582044e-02
  1.04621671e-01 -7.61417896e-02 -4.05276120e-02 -4.64116447e-02
  1.03538288e-02  4.81041614e-03  9.54642370e-02  2.75212079e-02
  3.30175273e-02  8.11236575e-02 -8.47605616e-03 -2.53310762e-02
 -3.45087126e-02 -8.91294405e-02 -5.12866378e-02 -3.38289626e-02
 -7.27282166e-02 -2.28519198e-02 -5.40867560e-02  6.60027787e-02
  3.69820110e-02  1.99495051e-02 -9.19164196e-02  2.37718336e-02
  4.43133671e-04  6.93281740e-02 -8.13393737e-04 -4.43831384e-02
  2.45892815e-02  4.17587981e-02  9.69735235e-02  3.71109359e-02
 -5.34514859e-02  8.64572972e-02  5.72278746e-04 -1.35129605e-33
 -8.77483040e-02 -1.34327516e-01 -7.85465240e-02  9.47585050e-03
  7.29445741e-02 -1.82267912e-02 -2.92730387e-02  4.54026945e-02
 -1.57841910e-02 -6.30780589e-03  4.77059139e-03 -4.89644706e-03
  1.62536688e-02  8.18033665e-02 -1.75307915e-02  1.93656236e-02
 -6.30076155e-02  9.03729126e-02  7.62459114e-02 -6.75817803e-02
 -5.54611161e-02 -9.25862882e-03  2.17131991e-02  1.55163910e-02
 -6.35715723e-02 -5.18668629e-02 -2.84772199e-02  4.25208323e-02
  2.07774304e-02 -1.56250466e-02  6.93380535e-02  3.25377658e-02
 -2.59151291e-02  7.10053220e-02  6.58125058e-02  1.68431610e-01
  1.20197376e-02 -3.06420457e-02  7.29720443e-02 -3.93258594e-02
 -2.63256468e-02 -7.19045894e-03  1.71435066e-02 -7.55908340e-02
 -4.30964381e-02  5.13155200e-02 -4.82972302e-02  2.93117370e-02
 -5.79920299e-02 -2.87365112e-02 -7.87966102e-02 -4.66222204e-02
  3.69810127e-02 -1.24985166e-03 -1.96683109e-02 -1.34639004e-02
  3.75019088e-02 -1.49057671e-01  3.98474187e-02  1.36910044e-02
  3.26461196e-02 -4.70345728e-02 -2.69314591e-02  2.67853471e-03
 -1.44016892e-02  4.07776944e-02  7.75362924e-02 -6.20176643e-02
 -4.65431400e-02  4.91336770e-02  5.15605323e-02  6.89775646e-02
  4.47613411e-02 -5.99747933e-02 -1.53832575e-02  2.36201379e-02
  2.06020996e-02  6.27434030e-02 -1.22290361e-03 -2.51556281e-02
 -4.24052728e-03 -2.98171472e-02  8.10831636e-02  3.00800800e-02
 -2.44246516e-02  1.51329577e-01  4.46785986e-02 -2.86189634e-02
 -5.88215142e-02 -3.18641253e-02 -3.89354676e-02  1.94505509e-02
  6.18066192e-02  2.49799751e-02  1.28003463e-01 -8.61447352e-34
 -2.50781327e-02  5.63352704e-02 -5.83065562e-02  5.24674468e-02
  3.86067592e-02 -1.22515736e-02 -8.95285904e-02  2.95611154e-02
 -1.20119294e-02  3.89304273e-02 -7.05396151e-03  3.23454179e-02
  1.91297941e-03 -6.19075000e-02 -3.30573171e-02  1.56633928e-02
  1.24854706e-01 -1.97263453e-02  1.15901187e-01 -3.39863868e-03
  6.76653674e-03 -5.73644154e-02  3.43635736e-04  7.08938763e-02
 -4.19721007e-03 -1.87719194e-03 -1.46823619e-02 -6.25372902e-02
 -5.37005663e-02  1.73153095e-02  6.55184835e-02 -1.28271669e-01
  1.09225453e-03  3.52733396e-02  2.53434349e-02 -3.30875888e-02
 -3.21561322e-02  9.23312255e-05  8.32456350e-02  3.66774537e-02
  3.59742045e-02 -1.05388947e-02  1.11071030e-02 -6.14070566e-03
  5.84668145e-02 -5.30657098e-02  1.52801964e-02  2.25246903e-02
  2.53593829e-02  6.74713627e-02 -7.23316148e-02  6.29225895e-02
  1.60432067e-02 -2.05313675e-02 -3.91323045e-02  1.29712045e-01
  1.69682205e-01 -6.08784072e-02 -3.16383578e-02  1.86885074e-02
 -4.85449322e-02  3.14323558e-03  3.98884946e-03 -1.87367387e-03
 -2.27765571e-02 -4.62525263e-02  3.00795957e-02 -8.74605849e-02
  2.73031164e-02  6.14265664e-05  7.84987062e-02 -1.28386356e-02
  1.12471674e-02 -6.48789331e-02 -3.49391960e-02 -2.82219481e-02
  1.13818212e-03 -1.64290648e-02 -3.42814997e-02 -1.80158950e-02
 -9.37187597e-02 -5.86210042e-02  6.70478272e-04  3.97689864e-02
 -5.79974614e-02 -1.09990619e-01  4.37823078e-03  1.27108423e-02
  5.56029715e-02  3.13735195e-02  1.37902284e-02 -4.37358804e-02
  1.35506224e-02 -3.24635878e-02 -6.91580921e-02 -2.11996287e-08
  7.48563651e-03 -2.94600446e-02 -1.13599505e-02  4.17877808e-02
  6.21044710e-02 -1.00781299e-01 -4.24388889e-03  2.69114655e-02
 -2.86929198e-02  1.87292751e-02  3.04538067e-02 -1.89586461e-03
 -5.51137626e-02 -3.96244880e-03  3.73098487e-03  1.03209257e-01
 -3.24620493e-02 -5.06211221e-02 -4.77509350e-02  3.70498910e-03
  4.42824364e-02 -2.78181862e-02  6.23708703e-02 -2.78299791e-04
 -3.85924354e-02  4.23491374e-03  6.33000880e-02  1.51523486e-01
  9.63278674e-03 -4.04871590e-02 -6.83813728e-03  1.04053300e-02
 -4.36536781e-02  3.47204544e-02 -2.58323532e-02 -8.08693618e-02
 -7.19152167e-02  1.92821976e-02 -4.32506911e-02 -3.85009013e-02
 -1.84564330e-02 -6.33132011e-02 -1.53868832e-03  7.65389428e-02
  4.01481874e-02  5.39723318e-03 -9.36629400e-02 -7.23953024e-02
  8.49948917e-03  4.53570150e-02  1.97687540e-02  5.14474921e-02
  5.29533215e-02  2.33793240e-02 -9.91946086e-03  2.88806390e-02
  4.58539017e-02 -1.79415103e-02  1.07300945e-01 -3.11644822e-02
 -3.29924002e-02 -5.47609627e-02 -3.19821201e-02 -4.91002128e-02]"
137,"If {A, B, C, D} is a frequent item set, a candidate rule which is not possible is:",D –> ABCD,easy,18,7.163333333333334,"['A. C –> A', 'B. D –> ABCD', 'C. A –> BC', 'D. B–> ADC']",4,10.25,"[ 1.96157247e-02  2.42056940e-02  7.80333532e-04 -4.08908091e-02
 -2.93316389e-03  4.43204641e-02  5.47765717e-02 -5.57071902e-02
 -4.17536572e-02  4.27294075e-02 -1.96036082e-02 -2.84162443e-02
  8.09219852e-02 -3.50502506e-03  7.56400749e-02  6.67417794e-02
 -3.17492262e-02  1.06846774e-02 -8.49074870e-02 -3.83984521e-02
  7.42520060e-05  2.34851614e-03  5.82068190e-02 -4.13345620e-02
 -4.06839959e-02  4.01661173e-02  5.79589345e-02 -8.79568048e-03
  2.83857416e-02 -1.61043508e-03 -7.33509213e-02  2.99539939e-02
 -4.99822246e-03  3.62682603e-02  8.05828124e-02 -9.52953249e-02
 -6.55622706e-02  6.25296831e-02  3.23147029e-02  9.19069350e-02
  1.21227857e-02 -5.82506228e-03  4.45779003e-02 -4.16183984e-03
 -7.26905838e-02  1.02383345e-01 -8.50270838e-02  5.65085039e-02
 -6.42368272e-02  6.72178492e-02 -1.30663754e-03 -3.36230434e-02
 -2.84309336e-03  3.35635506e-02  1.04212292e-01  6.91697970e-02
 -6.23059943e-02 -3.91159765e-02 -1.31907854e-02 -5.16614169e-02
  3.65881994e-02 -8.20997953e-02 -7.94762671e-02 -2.27941498e-02
 -4.59983200e-03  6.42268807e-02 -8.90662149e-02  2.09391657e-02
  2.64073499e-02  7.50173405e-02  3.01801432e-02  4.97339517e-02
 -3.29465698e-03  2.88768299e-02  1.04130276e-01  1.69701073e-02
  2.22890954e-02 -1.39025450e-01  2.31052923e-04  3.23461518e-02
 -1.77353725e-01 -2.41392385e-02  2.82705612e-02 -3.45422439e-02
  8.17643702e-02 -5.06250300e-02 -3.27567160e-02 -8.43604282e-02
 -3.88633162e-02  6.96796626e-02 -2.57985224e-03 -2.43972652e-02
  1.15425631e-01 -4.71284315e-02 -4.96453308e-02 -9.76713374e-03
  5.77735715e-02  2.70573027e-03 -9.77230724e-03 -3.09807411e-03
 -2.73807868e-02  5.87933473e-02 -4.24970053e-02  4.39022072e-02
 -7.80828819e-02 -1.90704744e-02  2.09737215e-02 -2.55928542e-02
  4.00030200e-04  4.90715401e-03 -4.61660400e-02  2.20822096e-02
  2.79260911e-02 -6.03138432e-02 -8.21925104e-02 -9.57386419e-02
  2.38004792e-02  2.54605524e-03 -8.88985489e-03 -2.70764157e-02
  7.44876564e-02 -6.37388416e-03  7.28852442e-03 -2.69763148e-03
 -8.77323281e-03  5.81024140e-02  6.22124933e-02 -1.37336320e-33
 -1.86291356e-02 -8.70140344e-02 -2.59618368e-02 -6.01535775e-02
 -2.97618210e-02 -3.15974541e-02 -7.89988190e-02  2.17723716e-02
 -4.45045112e-03 -2.44323071e-03 -1.96049195e-02  2.75774971e-02
  1.59936550e-04  3.24751884e-02  7.01484457e-02  3.11861243e-02
  1.21536396e-01 -3.51157039e-04  3.61376181e-02 -5.88211715e-02
  1.18503589e-02 -3.79898846e-02 -2.51826532e-02 -5.00196740e-02
 -1.99103598e-02 -7.36332731e-03  5.92507310e-02  2.89864410e-02
  9.05259773e-02  2.80147698e-02  1.33637404e-02  1.22488113e-02
  5.36641479e-02 -2.65999660e-02  8.27034749e-03  8.63765031e-02
 -1.61767639e-02  6.09259419e-02  5.64739443e-02 -4.03450727e-02
  3.92397866e-02 -4.20662761e-02 -4.82963175e-02  6.21074997e-02
 -4.35321480e-02  2.49621850e-02  1.09177281e-03 -1.60537716e-02
 -2.20166054e-02 -1.37567157e-02  3.54381613e-02 -2.35042442e-02
  6.21165447e-02  1.55166145e-02 -3.47311758e-02 -6.66756928e-02
 -3.79448794e-02  4.47469018e-02  2.50600968e-02  1.03696607e-01
  5.20342998e-02  1.34668276e-01  7.49016628e-02  1.25659183e-01
 -9.01554301e-02  5.30200871e-03 -3.20655033e-02 -1.33112837e-02
  2.30184402e-02  3.51898745e-02  8.39355960e-02  5.88616505e-02
 -9.88433287e-02 -3.37482840e-02 -1.27530452e-02 -5.54579729e-03
  4.49092425e-02  3.60650383e-02  9.31703858e-03 -7.04384223e-02
 -7.23856837e-02  5.30390022e-03  5.52580170e-02  8.35373476e-02
  3.50014083e-02 -2.06116457e-02  3.55887529e-03 -2.11462360e-02
 -4.81793918e-02 -7.19732121e-02 -1.40217179e-02 -3.75093631e-02
  6.56253472e-02 -2.92018615e-02  3.09053212e-02 -4.86826577e-34
 -2.07543727e-02  2.62097921e-02  4.46063392e-02 -6.15548110e-03
  4.41194065e-02 -7.19037950e-02 -1.60799958e-02 -7.34648854e-02
  6.30130321e-02 -2.23347396e-02  1.50749246e-02 -1.53605351e-02
 -5.15835509e-02 -8.40800330e-02  6.11150498e-03  4.63578478e-02
 -1.36619821e-01 -8.31799209e-03 -5.22655016e-03 -2.45520901e-02
 -2.59495322e-02 -6.88672289e-02 -3.79654169e-02 -2.31687333e-02
 -5.30309863e-02 -4.62556668e-02 -9.70446467e-02 -5.38279153e-02
 -7.58450245e-03  3.68415117e-02 -1.52527662e-02  1.74489301e-02
  5.04958704e-02 -5.71050495e-02 -1.90101359e-02 -3.56984697e-02
  1.81769356e-02 -3.91102172e-02 -5.67774363e-02  8.07813033e-02
 -3.59912589e-03  2.28811167e-02  3.08429524e-02  3.48061323e-02
  4.82935533e-02 -8.43936298e-03  3.51432674e-02 -2.04156470e-02
  3.56004201e-02  1.95292961e-02 -2.60823052e-02 -1.14503093e-02
  4.62233312e-02  3.47189307e-02 -5.81068499e-03  1.17776185e-01
 -3.60848792e-02 -5.33747906e-03  8.16464075e-04  3.45885317e-04
 -1.61739327e-02  4.15869802e-02  3.38942818e-02 -6.46891771e-04
  1.23042405e-01 -3.82369980e-02 -2.44230796e-02  4.06199172e-02
 -1.98556799e-02 -6.75152019e-02  1.17804622e-03  6.45029768e-02
 -5.10746390e-02  3.12770717e-02 -9.78922024e-02 -6.03404231e-02
  8.63730982e-02  4.55616824e-02  4.48193811e-02  1.14601284e-01
 -3.43299620e-02  5.43922856e-02 -2.21284032e-02  2.63958350e-02
 -9.69498977e-02 -1.98697932e-02  5.97927943e-02 -4.32260297e-02
 -1.60326064e-02  8.77510756e-02 -3.13946567e-02 -7.06540123e-02
  5.33065572e-02  5.76881692e-03 -7.62725994e-02 -2.85577766e-08
 -1.13889307e-01 -7.76173249e-02  3.48649323e-02  2.12076027e-02
  2.89238468e-02 -5.90607291e-03  2.06887722e-02  3.65265682e-02
 -2.31021084e-02 -5.03410324e-02 -1.28322802e-02  8.00046101e-02
 -5.96534200e-02  1.00189168e-02  3.90279293e-02 -2.82916296e-02
  3.44265252e-02  3.04339025e-02 -5.33745438e-02  1.28103495e-02
 -8.71719699e-03 -1.64660104e-02  5.12071140e-02  5.74900433e-02
 -4.58671898e-02  4.98279147e-02  9.83064529e-03 -3.36047970e-02
 -3.65534821e-03  3.90771814e-02  1.63879637e-02 -5.17386086e-02
  7.69327581e-02 -5.78469485e-02 -1.33073777e-02 -1.15512619e-02
 -4.40462008e-02 -3.70630361e-02 -8.97803009e-02 -2.90747490e-02
  1.06736608e-02 -8.44707340e-02 -5.39700948e-02  8.00521076e-02
  1.05347941e-02 -4.03110199e-02 -4.56628948e-02 -2.57783290e-02
 -2.36778818e-02 -1.66946289e-03 -4.61625010e-02 -2.83423904e-02
  4.51846905e-02 -5.32875881e-02  3.43596749e-03  1.72605310e-02
  7.23952278e-02 -8.85078590e-03 -2.53992788e-02 -1.14994153e-01
  1.26129940e-01  3.95596065e-02  3.76501679e-02  6.59793466e-02]"
138,"You are working in a company and analyzing all the transactions that happened over the past week. You observe that out of the five hundred transactions that happened, two hundred of them had a mobile phone in them. What is the support for mobile phones in the last week?",0.4,easy,49,7.155510204081633,"['A. 0.3', 'B. 0.4', 'C. 0.5', 'D. 0.6']",4,6.0,"[-6.25169203e-02  4.53790352e-02  5.04608341e-02 -1.22663736e-01
 -1.40609154e-02  1.61260888e-02 -1.82785541e-02  4.63823415e-02
 -1.15973316e-02  9.59769823e-03  6.21819906e-02  6.91132993e-02
  4.75497358e-02  1.24152163e-02  1.28050996e-02 -4.37895209e-02
 -6.40398711e-02 -7.77875185e-02 -9.71479565e-02  1.26596738e-03
 -7.31651857e-02 -7.10218539e-03 -3.46005149e-02 -2.77553853e-02
  2.55536512e-02  2.37319004e-02 -9.14454013e-02 -4.18686382e-02
 -3.48750316e-03 -4.13029045e-02 -3.13534588e-02  1.21215813e-01
 -1.55682524e-03  6.96503893e-02 -6.22483045e-02 -1.05429389e-01
 -3.63245122e-02 -1.39855291e-03 -1.65611901e-03 -1.96118485e-02
 -4.59662937e-02 -5.14866821e-02  2.54242402e-02  1.61482506e-02
  5.47464332e-03 -8.57912898e-02 -1.06848059e-02  2.19196267e-03
  3.37711126e-02  1.16589954e-02  1.26892421e-02  8.80595297e-03
 -3.13656917e-03  9.54798833e-02 -7.28004947e-02 -4.29307893e-02
 -5.50643122e-03  1.30216945e-02  6.79819956e-02  2.98977438e-02
  1.14298560e-01  5.60737774e-02 -3.55902016e-02  2.28860844e-02
 -1.87996496e-02  1.47923101e-02 -5.70232049e-02 -1.32015012e-02
  2.82751247e-02  6.19026907e-02  1.13390107e-02 -4.09649089e-02
  3.05677131e-02  4.83007878e-02 -3.78900506e-02  9.76907313e-02
 -1.73858088e-02 -6.83934838e-02  1.22504281e-02 -5.72262425e-03
  1.76126547e-02 -3.10695153e-02 -1.85143873e-02  1.97489653e-02
  7.22723305e-02 -1.46163292e-02 -5.86137436e-02  1.26162440e-01
 -1.05581038e-01 -6.35719597e-02  1.31965103e-02  1.16198324e-01
  1.37899602e-02 -1.81524716e-02 -1.11872822e-01 -5.91079518e-02
 -7.34829828e-02 -5.86661883e-02  2.48160437e-02  8.32810998e-02
  3.87240537e-02  8.43702331e-02  2.12947968e-02 -2.84567918e-03
  7.45288981e-03 -4.71650250e-02 -1.33988876e-02 -2.61954055e-03
 -1.55389262e-02  1.57157611e-02 -5.11419065e-02  5.09532308e-03
 -3.19575742e-02 -2.15447862e-02 -5.30474260e-02 -2.20070016e-02
 -1.72129031e-02  9.32261422e-02  5.71914837e-02  6.22418299e-02
  1.47981197e-02  5.72718494e-02 -3.95836756e-02 -8.93731490e-02
  7.08166230e-03  3.92384343e-02  4.34056437e-03 -1.11006211e-33
 -1.96579229e-02 -2.42822822e-02 -1.24360563e-03  3.92839462e-02
 -6.02693472e-04 -2.65539773e-02 -2.56010052e-02  1.07295364e-02
  5.24196401e-02 -4.24783044e-02  3.28705576e-03  3.20556425e-02
 -1.19072036e-03 -1.46923242e-02  3.03291995e-02 -3.76840681e-02
  1.19116362e-02  3.15554626e-02  6.03954792e-02  3.39355960e-04
 -6.56846464e-02 -1.01504311e-01  1.20147821e-02 -2.12019868e-02
  5.92338815e-02  6.71523362e-02  6.46037385e-02 -1.67957190e-02
  7.69363344e-02  1.05816806e-02  6.04496934e-02  5.11920918e-03
  5.74070774e-02 -2.71001970e-03  5.80806509e-02  7.27277100e-02
 -9.27891582e-03 -4.31214646e-02  7.16643482e-02 -6.83258623e-02
 -1.06264323e-01 -1.77421495e-02 -4.34548818e-02 -6.47360310e-02
  1.44633539e-02  2.54546609e-02 -2.28617918e-02 -1.59369428e-02
 -3.41900513e-02 -2.46820208e-02 -3.69417109e-03 -3.01135369e-02
 -6.09102026e-02 -4.31841761e-02 -3.05611733e-02  4.61373106e-02
  3.67119610e-02 -2.28772759e-02  2.03879178e-02  9.61275958e-03
  3.29379775e-02 -4.27021794e-02 -7.61440843e-02  1.86279602e-02
 -7.14156181e-02 -4.33981884e-03 -1.95179023e-02 -9.62249115e-02
 -3.03237401e-02  1.22488238e-01 -5.40057477e-03  7.32147833e-03
  8.95937085e-02 -3.01840808e-03  3.30573181e-03  5.72584607e-02
  2.72692032e-02  5.45120947e-02 -1.84706673e-02  3.79436240e-02
 -1.02994526e-02 -1.05114512e-01  5.98132424e-02 -8.62901937e-03
  3.89422812e-02  6.48043230e-02 -1.03398943e-02 -4.40669023e-02
  1.93788344e-03  8.94602314e-02 -1.06131829e-01  3.21827047e-02
 -3.14030722e-02  8.88286345e-03  1.26621574e-02 -1.60981215e-33
 -1.27815664e-01 -1.42205754e-04 -2.90879533e-02 -2.58900262e-02
  1.02636935e-02 -8.15376714e-02 -3.73534486e-03 -9.92607325e-04
 -5.82490265e-02 -2.21687779e-02  2.92292424e-02 -5.98739879e-03
  3.67674492e-02 -1.76560748e-02 -2.83551458e-02 -2.08106618e-02
  2.54044682e-02 -1.46773726e-01  2.61736941e-02  4.61511537e-02
 -3.47455032e-02  1.30913348e-03  3.23863663e-02  9.53311324e-02
  7.48500600e-02  2.41107624e-02 -4.43435609e-02 -6.15329891e-02
 -2.37263506e-03 -1.07428931e-01 -4.57130782e-02 -1.38058186e-01
  2.32216883e-02  6.14663064e-02  5.82878850e-02 -3.18266749e-02
  3.14886086e-02  2.60525271e-02  2.77172998e-02 -7.11884201e-02
  1.13420419e-01  1.76100582e-02  1.69484895e-02  2.80163400e-02
  6.05276506e-03 -1.15457745e-02 -3.49004008e-02  3.38497497e-02
  5.91529161e-03 -5.01264818e-02  7.65839592e-02  5.24570746e-03
  1.16944937e-02 -1.60797555e-02 -2.42216121e-02  1.03131600e-01
  1.14702418e-01 -1.29862964e-01 -1.15748411e-02 -2.99694436e-03
 -6.44743443e-03  1.96658773e-03  5.87347103e-03 -5.35696093e-03
  1.72970295e-02  4.78803366e-02  3.16053741e-02 -1.89083349e-02
 -1.33771347e-02 -1.36154108e-02  2.77249198e-02  3.44047556e-03
 -3.38970385e-02 -8.87458865e-03 -1.32870870e-02  1.73481293e-02
 -1.51280597e-01 -4.62313741e-02 -1.52943311e-02 -9.66108218e-03
 -3.13073993e-02  4.32330891e-02  5.14246672e-02 -3.89093831e-02
  5.84625788e-02 -1.27954045e-02  3.33427712e-02 -2.74968464e-02
 -1.55445877e-02 -2.75781788e-02 -9.30282772e-02  3.25231329e-02
 -7.51027837e-02 -7.03896070e-03 -4.53366004e-02 -3.60473180e-08
  5.89827970e-02 -3.71155664e-02  2.97850035e-02 -6.18739538e-02
  4.38532047e-02 -1.03243761e-01  2.22696401e-02  3.06803882e-02
  1.29668370e-01  4.29700390e-02  2.78928690e-02 -1.07827276e-01
 -7.65686110e-02  9.17001143e-02  3.14392857e-02 -1.80236958e-02
  3.11001278e-02 -4.22281325e-02 -4.68472503e-02  4.99250107e-02
  5.28785773e-02  3.41247916e-02  5.39272539e-02  4.27193269e-02
  6.79828376e-02  5.79410382e-02 -2.08428819e-02  1.00178048e-01
  5.04679047e-02 -2.14820839e-02  2.65815705e-02 -2.45142747e-02
 -3.48177701e-02 -8.42057317e-02 -5.52101098e-02  1.40454471e-02
  5.78615069e-02 -1.06990650e-01  2.06217933e-02 -1.92459822e-02
 -3.37868892e-02 -3.43304761e-02 -2.48500686e-02  5.60954139e-02
  5.43785095e-02 -7.04488158e-02 -7.83780366e-02 -3.23650762e-02
 -1.20910117e-02 -2.86417603e-02 -4.40485477e-02 -6.69524074e-02
  5.39594367e-02 -4.79189417e-04  1.39210559e-02 -5.97222298e-02
  9.55556706e-02 -1.22482749e-02  9.29712376e-04 -5.97114023e-03
  2.50661559e-02 -6.31827954e-03  4.83694486e-02  6.44712821e-02]"
139,How does the choice of the minimum support threshold affect the results of association rule mining?,A lower minimum support threshold leads to more rules.,easy,16,10.562500000000004,"['A. A higher minimum support threshold leads to more rules.', 'B. A lower minimum support threshold leads to more rules.', 'C. The minimum support threshold has no impact on the number of rules.', 'D. It affects the accuracy but not the number of rules.']",4,60.0,"[-9.29784589e-03 -1.77759472e-02 -8.12574569e-03 -5.04509732e-03
  1.06527314e-01  2.92665213e-02  4.28200215e-02  8.11624974e-02
 -4.68244255e-02  4.17236332e-03  1.69559829e-02 -5.64537244e-03
  5.73812500e-02  1.23091498e-02  2.47920956e-02  9.22025293e-02
  2.64468417e-02 -1.75555609e-02 -1.46763742e-01 -6.28835335e-02
 -2.23322529e-02 -5.24739958e-02  2.44722385e-02 -3.63750458e-02
 -3.97838168e-02 -3.64803858e-02 -2.07184684e-02 -1.97039377e-02
 -8.36371630e-03 -1.74837615e-02 -5.86300567e-02  2.81003341e-02
  1.57476485e-01 -4.30303700e-02 -3.86947133e-02 -3.97363529e-02
  2.79383678e-02 -2.95700897e-02 -5.14389984e-02  6.56681955e-02
 -3.17598470e-02  7.99999088e-02  2.67567784e-02  4.55401950e-02
  1.41812833e-02  4.23734374e-02 -5.49301086e-03  3.04322373e-02
 -1.44159749e-01 -6.39923569e-03  1.44708138e-02  3.46025825e-02
  2.84039490e-02  3.34324650e-02 -4.30319877e-03 -3.65531631e-02
 -5.82124740e-02 -1.95829086e-02 -6.21069483e-02  3.48545983e-02
  8.16268474e-03 -1.23837322e-01 -7.75567219e-02 -1.26342401e-02
  9.93609279e-02 -7.50789493e-02 -3.40511836e-03 -8.64945650e-02
 -1.40014431e-02  7.28247454e-03 -3.75262578e-03  5.89692146e-02
 -5.82240298e-02  5.75697236e-02  7.30954632e-02  4.35556136e-02
 -2.26002075e-02  1.39778536e-02  5.40226139e-02 -2.56963018e-02
 -6.02031723e-02  5.08969799e-02 -1.38304968e-04 -4.77004535e-02
  4.08372283e-02 -7.29278028e-02  4.47126012e-03 -1.02396667e-01
  1.16964923e-02  1.13444664e-01  9.57185626e-02 -2.34277286e-02
  3.20005268e-02  9.50607434e-02 -3.73306349e-02  1.46487616e-02
  4.21340764e-02 -1.09564457e-02 -4.24133874e-02  3.55238169e-02
 -4.17779088e-02  5.81177399e-02 -3.97599302e-02  4.85852808e-02
 -1.48124490e-02 -3.32257785e-02  3.52486456e-03  6.49232492e-02
  5.91755137e-02  3.47221382e-02  1.71606382e-03  1.52492365e-02
  3.81832123e-02 -4.87669259e-02 -1.19522117e-01  3.26353237e-02
  9.82742384e-02  5.16860709e-02  2.43022032e-02  1.08006839e-02
  8.34971480e-03  3.20388228e-02  1.84215195e-02 -5.03158420e-02
  5.96754476e-02  9.33335498e-02 -1.23487316e-01 -3.24219966e-33
  3.73419151e-02 -7.26356655e-02 -9.72495824e-02 -1.18914001e-01
  4.08649445e-02 -4.74349596e-02 -1.07658118e-01 -5.69890328e-02
  2.89459955e-02  3.27772647e-02 -3.88453566e-02  4.38190177e-02
  5.55809736e-02 -1.09289018e-02  6.68693557e-02  3.22056599e-02
  3.33947949e-02  7.16605186e-02 -5.54677211e-02 -2.29062531e-02
 -2.51314230e-03 -1.20069403e-02  1.62110794e-02 -9.14423820e-03
 -7.64050186e-02  2.30095685e-02 -3.91517067e-03  5.74508496e-02
 -4.18056501e-03  2.75047813e-02 -2.20011221e-04 -1.70279387e-02
  4.02530245e-02 -1.03893682e-01  5.05038723e-02  1.06572136e-01
 -9.54455975e-03 -3.00512519e-02  6.03434704e-02 -2.91604269e-02
 -5.01037687e-02 -9.65515210e-04  2.49132924e-02 -1.10406103e-02
 -4.83019426e-02 -6.26116944e-03 -4.88785096e-03 -9.12918430e-03
 -9.97612625e-02  2.47034207e-02  3.58662289e-03 -5.18483333e-02
  5.55860698e-02  3.28096724e-03  9.15944204e-03  2.18821280e-02
 -3.21273878e-02 -3.45686823e-02  4.45113219e-02 -3.55338790e-02
  6.21354766e-02 -9.25623719e-03  1.23236449e-02  3.46503071e-02
 -2.08706353e-02  6.62435312e-03  2.64986772e-02 -1.03359446e-01
 -3.98774557e-02  5.50533757e-02  5.95557243e-02  1.19732060e-01
 -1.56307846e-01 -1.76917072e-02  2.80707758e-02  2.05225926e-02
  1.18343860e-01  1.27810379e-02  5.28958775e-02 -1.02519967e-01
 -4.13765311e-02  2.24637203e-02  3.48569751e-02 -2.40918268e-02
 -5.72023876e-02  2.46989634e-03  6.34353608e-02  4.91292514e-02
 -4.11466137e-02 -6.08220175e-02 -3.72385569e-02 -1.91237219e-02
 -6.32250682e-02  6.41143247e-02  6.28295913e-02  1.93065378e-33
 -6.75847307e-02  1.20507712e-02  8.26050416e-02 -4.39656451e-02
 -4.41231159e-03 -3.81409526e-02 -1.73062142e-02 -4.54572551e-02
  5.84735833e-02  1.37529336e-02 -5.13534388e-03 -2.23702062e-02
 -4.80344370e-02  1.12087773e-02  3.96698015e-03 -3.92871648e-02
 -6.90212622e-02  2.55585760e-02  3.70893553e-02  4.30193953e-02
  1.08266354e-03  2.23688222e-02 -8.28984678e-02  1.14554301e-01
  2.19820682e-02 -5.25748059e-02 -7.43080303e-02 -1.90256983e-02
 -4.31689546e-02 -4.53595333e-02 -1.05584078e-02 -4.24930602e-02
 -6.01884052e-02 -4.27057641e-03  1.81460213e-02 -5.15644103e-02
 -6.84499815e-02 -2.93440297e-02  2.08648164e-02  2.65496187e-02
 -3.72191630e-02  5.13142273e-02 -5.66046014e-02 -2.12371033e-02
  2.41231713e-02 -4.97400016e-03  9.70596746e-02  2.62551960e-02
  7.58087216e-03 -4.92559597e-02  8.84063076e-03 -4.81768847e-02
  1.63302571e-01  1.01471141e-01 -4.72356286e-03  7.52216876e-02
  5.87257482e-02  1.35582511e-03 -1.12738132e-01  3.06357518e-02
 -3.03005781e-02  7.67171010e-02 -1.03835287e-02  2.18252502e-02
  2.28187013e-02 -4.19375068e-03  2.90232431e-02  7.93607607e-02
  6.01491472e-03 -2.63961293e-02 -3.86032555e-03 -8.30474962e-03
 -7.89882708e-03  2.72090025e-02 -2.39827521e-02 -8.01561400e-03
  2.70968638e-02 -1.82138907e-03 -2.73509882e-02  3.31339687e-02
 -8.39890912e-02  3.43187228e-02 -9.36602149e-03  4.82919738e-02
  1.05964709e-02  3.60451564e-02  2.03507226e-02 -2.38827541e-02
  2.89353374e-02  2.95602214e-02  2.97685396e-02 -2.04190630e-02
  4.29969579e-02 -7.06757139e-03 -8.01590830e-02 -2.23176642e-08
 -9.04312134e-02 -5.14561906e-02 -5.03684692e-02  2.31314786e-02
  5.51766939e-02  8.62300321e-02 -3.29251215e-02  5.09669520e-02
 -4.65447344e-02  3.14474031e-02  4.47101006e-03  1.68236941e-02
 -4.32714224e-02  1.09387720e-02  1.01722360e-01  1.12640811e-02
  4.43098694e-02  7.77161270e-02 -4.88491394e-02  3.51677835e-02
 -3.90729345e-02 -1.77934580e-02  8.15440789e-02 -4.21083458e-02
  1.02485493e-02 -3.93216237e-02  9.28215608e-02  7.29980767e-02
 -4.01669331e-02 -1.33783650e-02  6.38740836e-04 -4.37448872e-03
  2.39088256e-02 -3.54829244e-02  1.11958608e-02  6.45741001e-02
 -5.18051237e-02 -4.35081944e-02 -7.24758878e-02  2.00501010e-02
 -1.37281008e-02 -4.05111089e-02  1.10446453e-01  1.56257972e-02
 -1.43475924e-02  1.09042344e-03 -3.64831649e-02 -4.20544855e-03
 -2.70880312e-02 -4.12780493e-02  4.75104004e-02 -3.19338776e-02
  3.34494747e-02 -1.02203840e-03 -9.93494503e-03  9.70692839e-03
  8.53306055e-03  5.32082468e-03 -3.09474282e-02 -6.58101514e-02
  9.26721469e-02 -4.88250740e-02  1.96931530e-02  5.68034649e-02]"
140,What is the main limitation of the Apriori algorithm when dealing with large datasets?,It is computationally expensive.,easy,14,10.098571428571429,"['A. It requires one passe over the dataset.', 'B. It cannot handle categorical data.', 'C. It is computationally expensive.', 'D. The number of generated rules is unpredictable.']",4,41.0,"[-3.99142038e-03 -1.75451413e-02 -2.20504552e-02 -5.50115742e-02
  4.72648703e-02 -9.40601826e-02 -4.82467413e-02  3.11753037e-03
 -6.61801547e-02  1.50157921e-02  4.92447056e-02  3.54754180e-02
  1.87964309e-02 -7.57488236e-02 -5.04210517e-02  3.85269709e-02
  4.53889221e-02 -4.60351966e-02 -1.12662278e-01 -8.83993730e-02
 -3.66968103e-02 -1.25106536e-02  6.86746277e-03 -1.91368554e-02
  5.70797408e-03 -1.48702078e-02  5.35626756e-03 -2.25521196e-02
  3.09474636e-02 -2.46945862e-02  4.35364321e-02  1.31617323e-01
  1.11467905e-01 -1.49789173e-02 -5.51908500e-02  4.35614102e-02
 -2.59203538e-02  1.03687644e-02 -1.73340291e-02 -3.27161280e-03
  4.38697264e-02  8.33088234e-02  1.12336343e-02  3.63147818e-02
  8.33821297e-02 -5.66383172e-03 -3.57962362e-02 -1.26560330e-02
  5.81987239e-02  1.84174180e-02 -1.46984056e-01  6.41779527e-02
  6.62388280e-02  6.37278929e-02  4.47000284e-03 -7.36229196e-02
 -5.84864803e-02 -2.59294435e-02 -7.48610049e-02 -3.34223360e-02
  1.79356579e-02 -1.06693059e-01 -4.46050614e-02 -8.10267404e-02
  4.57520075e-02 -2.32651196e-02  2.31573172e-02 -3.56350690e-02
  3.15235220e-02  2.55938768e-02  4.02391236e-03  1.07382968e-01
 -1.18265696e-01  1.18330911e-01  6.74920529e-02  3.67048942e-02
 -5.51349483e-02 -3.80441882e-02  5.23885265e-02 -8.63457173e-02
 -3.05871908e-02  3.26140821e-02  6.28133416e-02 -5.61853796e-02
  4.74012271e-02 -1.16637923e-01  1.89521201e-02 -7.53292814e-02
 -3.26181552e-03  3.27992178e-02  6.91520721e-02 -2.99594458e-03
  3.54829244e-02 -7.00684190e-02 -2.13017017e-02  4.11497466e-02
 -2.55422574e-02 -2.91477609e-02  1.94750987e-02  1.32635068e-02
  3.82967554e-02  6.20463751e-02 -4.24127020e-02  4.18968193e-05
 -2.80308723e-02 -5.20818271e-02  7.92476628e-03  5.52210286e-02
  5.52874543e-02 -3.39185335e-02  1.80648975e-02  1.69335771e-02
 -8.51028832e-04 -5.46308234e-02  1.61435045e-02  1.12266093e-02
 -5.32593019e-03 -9.56442673e-03 -4.13675443e-04  5.39065078e-02
 -9.96644329e-03  7.13945972e-03  2.07260866e-02  1.13089085e-02
  4.93906215e-02  2.25064680e-02 -1.03304081e-01 -1.28052477e-33
  5.79064293e-03  2.46152282e-02 -1.32653359e-02 -8.29662234e-02
 -3.49641107e-02 -1.97616927e-02 -2.75828466e-02 -2.52257548e-02
 -4.03618021e-03  1.32479181e-03 -7.21293548e-03  9.95586663e-02
 -2.07283697e-03  1.08353347e-02  1.66207895e-01 -2.44054273e-02
  3.94487455e-02  1.06437817e-01  2.78705712e-02 -3.37481275e-02
  8.40989947e-02 -8.11894238e-02 -2.62898463e-03 -5.62269762e-02
 -2.68417485e-02  5.87559566e-02  8.01994801e-02  5.68283387e-02
  5.40343486e-02  2.48708203e-02 -1.42301591e-02  2.72807032e-02
 -1.15660038e-02  4.73452285e-02  4.38289531e-02  5.60828373e-02
  9.85365547e-03 -2.15725061e-02  3.96308638e-02  1.50807183e-02
 -4.45604883e-02  6.06729612e-02 -2.05407646e-02  5.35797421e-03
 -4.11871634e-02 -2.71989703e-02 -3.61228064e-02  1.16909258e-02
 -5.27570322e-02  8.48950893e-02  2.44705938e-02 -6.79493248e-02
  1.43820401e-02  7.13185295e-02 -3.06219347e-02  2.18813941e-02
 -2.61878148e-02 -1.31702712e-02  9.58744437e-02  4.38143462e-02
 -2.94303559e-02  5.05541265e-03  3.73548493e-02  8.21323022e-02
 -5.01667149e-02  2.09400933e-02 -2.88184304e-02  1.94361731e-02
 -1.40141398e-02  1.10655576e-01  3.88853326e-02  4.91188392e-02
 -5.94379753e-02 -6.72944933e-02  3.39380987e-02 -8.19233730e-02
  6.82706535e-02  3.08031086e-02 -3.90012786e-02 -5.75126112e-02
 -6.00310341e-02  4.12259586e-02  8.48556384e-02 -3.60089261e-03
 -6.68398142e-02 -3.37469354e-02  1.15317004e-02  6.82982802e-02
 -1.45227751e-02 -8.45202953e-02 -4.95412899e-03  4.00515236e-02
 -4.14961502e-02 -2.77295336e-02  5.30858561e-02  9.12082597e-34
 -5.37184160e-03 -2.37087291e-02  8.15056413e-02 -7.36386143e-03
  3.80005524e-03 -8.60324204e-02 -8.75809714e-02 -7.25346897e-03
  2.13432312e-02 -1.10556327e-01 -1.46448184e-02 -5.21106310e-02
  7.77545050e-02 -3.11131384e-02  2.91304626e-02 -6.27146009e-03
  1.70576051e-02  3.91510725e-02  1.00159813e-02  1.26262223e-02
 -7.21091330e-02 -3.44033390e-02 -1.65586565e-02  3.14787515e-02
 -5.24008349e-02 -1.66447219e-02 -1.47129864e-01 -4.87110252e-03
 -3.26718506e-03 -6.19736612e-02 -6.56951070e-02 -5.33081368e-02
 -1.33835196e-01 -5.68116754e-02 -2.42389701e-02 -1.47288879e-02
 -3.48866321e-02 -1.27659701e-02 -2.06659064e-02  7.03888163e-02
  6.48887008e-02 -5.19985706e-03 -6.41456470e-02 -2.64871735e-02
  1.41719989e-02 -3.31022665e-02 -5.15914336e-02 -4.77211289e-02
  3.00325248e-02 -2.72836797e-02  4.25753333e-02 -2.62158811e-02
  9.89168212e-02  5.16791232e-02  7.22540244e-02  1.63669791e-02
  5.34383170e-02  6.35259673e-02 -4.49881628e-02 -9.13224556e-03
 -2.27446500e-02  7.78551260e-03 -1.22562340e-02  6.33220673e-02
 -7.78636010e-03 -2.73141041e-02  3.97548489e-02 -1.80478208e-02
 -9.34120361e-03  3.85700949e-02  4.93518673e-02 -3.49094218e-04
  1.54805053e-02  9.71703380e-02 -8.51001218e-02  6.17090352e-02
  1.83985848e-02  3.54468040e-02  2.21484490e-02  3.30706798e-02
 -4.03636582e-02  3.94024886e-02  3.35255302e-02  1.01726614e-02
 -2.06290651e-02  6.83272928e-02 -4.72617289e-03 -5.17958626e-02
 -1.94806755e-02  2.70311143e-02  3.36803272e-02 -2.11373437e-02
  2.47124191e-02 -3.42915058e-02 -7.31504336e-02 -2.10221742e-08
 -3.56357358e-02 -4.37511541e-02 -1.24934213e-02 -1.85515247e-02
  9.41459090e-02 -2.39958577e-02 -3.56822945e-02  1.86190724e-01
 -2.18578335e-02 -2.58296961e-03  9.55473855e-02  8.78878578e-04
 -2.06526499e-02 -4.02643271e-02  8.47590864e-02  3.65436040e-02
  7.73848817e-02 -3.75135951e-02 -4.06294763e-02  7.99382776e-02
 -4.91171964e-02  4.05754037e-02  1.56043172e-02 -3.83490548e-02
  3.49181145e-02 -2.04599797e-04  7.08775073e-02  6.10329434e-02
 -6.20138645e-03  2.57496908e-02  2.31366847e-02 -2.21084841e-02
 -5.82436193e-03 -2.02490799e-02  5.95510826e-02  9.98430699e-03
  1.94705538e-02 -1.41418288e-02 -1.27959013e-01 -1.01576053e-01
 -4.89575341e-02 -1.14077423e-02  9.20721737e-04 -1.96487755e-02
  1.01619050e-01  3.56412865e-02 -2.06563845e-02 -4.91898600e-03
  4.48113680e-02  2.08479036e-02 -4.19845395e-02  8.01125169e-03
  1.95342004e-02 -9.60678037e-04  2.49624085e-02  3.57644446e-02
 -3.01590208e-02 -5.02799042e-02 -1.96932480e-04 -1.03269264e-01
  5.11833467e-02 -6.36450127e-02 -5.40118068e-02  5.67025393e-02]"
141,"What is the purpose of the ""join"" operation in the Apriori algorithm?",It combines frequent itemsets to form candidate itemsets.,easy,12,10.723333333333333,"['A. It combines frequent itemsets to form candidate itemsets.', 'B. It removes infrequent itemsets from consideration.', 'C. It calculates the confidence of association rules.', 'D. It organizes the transaction database.']",4,51.75,"[-7.54825473e-02  3.51625122e-02 -2.19630282e-02 -1.11067351e-02
  3.50916795e-02 -5.97101375e-02  1.84235703e-02 -1.07666887e-02
 -5.45909954e-03 -5.55346049e-02  2.91901715e-02  3.89430784e-02
  4.12967317e-02 -5.50651364e-02 -3.21055688e-02  5.33892550e-02
 -7.61248171e-03 -6.04737327e-02 -8.68864506e-02 -8.08855668e-02
 -5.99330962e-02  6.40099216e-03 -4.35363464e-02 -3.18018533e-02
  2.49083955e-02  1.65013000e-02 -1.50603103e-02  1.71715785e-02
  5.05325124e-02  9.70386527e-03  1.17361527e-02  1.39154911e-01
  9.81711745e-02  3.04930918e-02 -6.27885908e-02  1.32970177e-02
  2.17708386e-02 -3.06711234e-02 -6.99423067e-03 -3.35236229e-02
  1.74501911e-02  3.98317464e-02  2.99213491e-02  2.07209121e-02
  1.46651152e-03  8.15142989e-02 -9.95253921e-02  2.76096649e-02
  3.95585969e-03  5.40178940e-02 -8.55866596e-02  7.54233152e-02
  2.01721285e-02  6.38320968e-02  2.10452918e-02  1.14875577e-01
 -6.41963482e-02 -4.73660156e-02 -1.04202963e-01 -4.08795215e-02
  2.05285903e-02 -4.70919982e-02 -4.09236364e-02 -4.41979356e-02
  3.91522571e-02 -1.12743124e-01  3.03428285e-02  1.88662205e-02
 -4.44752863e-03 -1.14993863e-02  1.09087862e-02  4.73609157e-02
 -1.00024603e-01  5.87859042e-02  3.71727385e-02  5.41496761e-02
 -1.37929097e-02 -4.84566689e-02  4.06636111e-02 -6.49896190e-02
 -1.06283583e-01  7.94227496e-02  7.12830049e-04 -6.46242946e-02
  5.97340353e-02 -5.12600318e-02  8.76559690e-03 -1.52368501e-01
  8.44079163e-03  1.94907449e-02  2.89993398e-02 -3.42129404e-03
 -5.21646068e-02 -4.22103368e-02 -9.88033041e-03  5.96072106e-03
 -1.11918468e-02  1.93045251e-02 -1.90741755e-02  6.43443242e-02
  4.39519808e-03  4.11431193e-02 -3.63375545e-02 -8.22594836e-02
 -2.73708440e-02 -7.91447833e-02 -3.15895826e-02  6.42722771e-02
  1.14558853e-01 -2.08540168e-03  1.59465726e-02 -2.34258082e-02
  6.09209761e-02 -3.71221751e-02 -5.56419827e-02  7.13207424e-02
 -4.80894290e-04  4.45702523e-02  1.01985566e-01 -5.94081059e-02
  1.09641356e-02  4.18688133e-02 -3.30127552e-02  8.16349685e-02
  2.33915616e-02 -9.50987414e-02 -8.45463201e-02 -4.66662257e-33
 -3.28839151e-03 -1.31668905e-02  3.68420943e-03 -5.67754135e-02
 -8.21990799e-03 -2.89880931e-02 -7.78245926e-02 -8.63260999e-02
  8.22332688e-04 -8.95421486e-03 -6.82971925e-02  8.72840956e-02
  8.65000933e-02 -1.17020197e-02  7.37732872e-02 -3.14389206e-02
  1.47327045e-02  7.73163289e-02  4.53017391e-02 -5.47305262e-03
  4.12563458e-02  3.53809074e-02  3.41852568e-02 -1.51334854e-03
  8.13618768e-03  7.70815536e-02  4.15219739e-02  7.55513972e-03
  9.55292359e-02  3.73348929e-02 -3.32074612e-03  5.71510457e-02
 -8.49143341e-02 -1.66316126e-02  2.92392354e-02  5.72290011e-02
  4.86412607e-02 -7.76541680e-02 -6.48508146e-02  6.89553050e-03
 -4.71075810e-02  4.49683107e-02 -6.21243007e-03 -3.94123532e-02
 -4.24191803e-02 -9.46246907e-02 -1.02112487e-01  3.51416320e-02
  4.61766571e-02  7.49701783e-02  1.74647954e-03 -1.03762567e-01
  7.38603920e-02  3.83290239e-02 -7.68318772e-02  2.28985883e-02
 -3.55084091e-02  3.16568837e-02 -9.29405354e-03  3.42323780e-02
  1.64163411e-02  2.74083647e-03 -2.36443412e-02  1.10457413e-01
 -9.12067220e-02  1.04206931e-02  5.05707227e-02 -3.84979509e-02
  5.85983843e-02  3.25602889e-02 -3.38934027e-02  2.29815431e-02
 -8.92502367e-02  3.68176727e-03  4.37618978e-03 -6.91098869e-02
  4.52170372e-02  1.47696224e-03  9.18191224e-02 -7.40061775e-02
 -2.09501423e-02  5.71337231e-02  5.94706833e-02  1.64624583e-02
 -5.13393469e-02 -2.90032644e-02 -4.26956303e-02  5.58534404e-03
 -1.57049410e-02 -5.47953434e-02  1.29657157e-04  3.35021354e-02
 -2.05344893e-02  8.90366361e-02  1.16692655e-01  2.18871813e-33
  6.85379356e-02 -7.91491494e-02  7.24304393e-02 -6.51639178e-02
  2.60114949e-03 -1.03730559e-01 -3.51543678e-03 -1.34879723e-01
  3.73200066e-02 -3.95240709e-02 -1.49454344e-02 -3.91200781e-02
  2.66445540e-02  1.16801346e-02  1.02283508e-01 -1.68352425e-02
  1.37312850e-02  7.47473771e-03 -2.00199205e-02  3.42875086e-02
  1.36789633e-02 -1.93590205e-02  1.78745389e-02 -2.39861272e-02
 -3.02522797e-02 -9.71876178e-03 -5.99562712e-02 -3.57056316e-03
 -1.35751041e-02 -3.84574719e-02  3.18832770e-02 -7.27464259e-02
 -1.10015273e-01 -4.99149077e-02  1.05174081e-02  1.56383645e-02
 -5.17667010e-02 -1.49524184e-02  1.54098859e-02 -3.80962193e-02
  2.77948119e-02  4.13455215e-04  5.08461334e-02  2.35147197e-02
 -1.09955603e-02  6.65212721e-02  6.07840158e-02 -3.01364176e-02
 -6.00353964e-02 -8.91682282e-02  7.82016888e-02 -7.34417699e-03
  2.11713426e-02  2.46422505e-03  2.12435005e-03  3.01901437e-02
  1.07458478e-03  4.92043495e-02 -1.12679193e-03 -3.09046055e-03
  7.76731297e-02  3.53795514e-02  2.25960519e-02  5.80023825e-02
 -3.17321159e-02 -1.61477029e-02  3.69947180e-02  2.78816484e-02
  3.00791711e-02 -6.82859682e-03  5.90616539e-02  5.21941902e-03
 -2.30465289e-02  5.32710813e-02 -3.96639779e-02  4.07983772e-02
  3.32442038e-02 -3.20932292e-03 -2.87923925e-02  3.24980961e-03
 -1.33724719e-01 -3.89992213e-03 -1.07951171e-03  8.94564837e-02
 -2.96413712e-02 -2.20924988e-03  3.55396606e-02  4.97694500e-02
 -6.48155017e-03 -2.55906451e-02  5.45906946e-02 -3.59452404e-02
  4.56564985e-02  2.60986178e-03 -1.04757406e-01 -1.94523793e-08
 -3.48826945e-02 -8.18016678e-02 -7.15015531e-02 -3.19303423e-02
  6.03779666e-02 -5.06537817e-02 -7.12992158e-03  1.30288661e-01
 -3.42499949e-02 -9.08461679e-03  4.96156067e-02 -9.63878911e-03
 -3.80701348e-02 -9.09832045e-02  9.43949893e-02  2.31934320e-02
  4.25678119e-02 -1.58119090e-02 -4.97477464e-02 -3.24244890e-03
 -5.98835051e-02 -1.55281965e-02 -2.64267176e-02 -3.47164571e-02
 -4.66136783e-02  6.58470839e-02  1.08233884e-01  6.09425940e-02
  2.63973996e-02  1.74352024e-02  4.75489907e-02  8.01357813e-03
  2.73852702e-02  5.12270108e-02  3.42162028e-02  6.17784485e-02
  2.60653477e-02 -5.46858972e-03 -6.62934706e-02 -7.80794248e-02
 -3.65737230e-02  5.32424226e-02  1.65614076e-02  3.29476260e-02
  1.15143068e-01  3.99160460e-02  2.49556806e-02 -2.23663934e-02
 -2.17548870e-02 -8.97874776e-03 -2.02002376e-02  3.72345373e-03
  1.81515254e-02 -1.84778217e-02 -7.08682984e-02 -1.87023601e-03
 -4.13644351e-02 -4.40144539e-02  4.15773913e-02 -3.49277966e-02
  3.66900414e-02  1.92584824e-02 -2.61589345e-02  1.16971508e-02]"
142,"In FP-growth, how does the frequent pattern (FP) tree help discover frequent itemsets?","The FP tree is constructed to represent the hierarchical relationships between items, aiding efficient pattern discovery.",easy,13,7.633846153846157,"['A. The FP tree is used to filter out infrequent itemsets from the dataset.', 'B. The FP tree is constructed to represent the hierarchical relationships between items, aiding efficient pattern discovery.', 'C. The FP tree is used to sort the itemsets.', 'D. The FP tree is a visualization tool for displaying frequent itemsets.']",4,78.5,"[ 1.58033688e-02  2.82542221e-02 -2.72232145e-02  1.16626825e-02
  5.83333895e-02  9.02798027e-03  3.80278826e-02  3.68069150e-02
  5.36792446e-04  5.43068647e-02  5.38701452e-02  6.15204265e-03
 -1.02316709e-02 -3.90159823e-02 -3.95668857e-02  6.66958140e-03
 -7.78508037e-02 -4.65964042e-02 -4.71761543e-03 -7.77256042e-02
  9.33345035e-03 -9.87793971e-03  4.83191460e-02 -5.06489724e-02
 -6.84501380e-02  1.22628324e-02 -6.42808974e-02  8.82524624e-03
  4.85858507e-02 -9.93965473e-03 -2.81132124e-02  1.68534905e-01
  1.13397233e-01  8.13748837e-02 -3.87916937e-02 -3.56620401e-02
  3.05015557e-02 -5.18518910e-02 -1.72999185e-02  5.17158918e-02
  1.75724216e-02  3.58883850e-02  1.75879039e-02 -2.30061878e-02
  3.30833271e-02  4.65657637e-02 -6.94208369e-02  8.32029358e-02
 -4.25168090e-02  4.58429456e-02 -7.86115532e-04  8.30767956e-03
  7.94813875e-03  9.16967243e-02  4.72554080e-02  8.85910317e-02
  1.43357152e-02 -4.98274006e-02 -4.57225852e-02  4.11570482e-02
  1.06245102e-02 -8.05489868e-02 -1.02422327e-01 -2.60844119e-02
  3.30364034e-02  6.12228997e-02 -2.76726503e-02  4.30254964e-04
  8.44815299e-02 -5.10227904e-02 -1.35760466e-02  8.26116204e-02
 -8.17935169e-02  1.29192267e-02  1.20251037e-01  7.69780530e-03
 -5.26198894e-02 -3.08848210e-02 -1.09299282e-02 -4.58672531e-02
 -6.28620833e-02  8.03760961e-02  2.42140274e-02 -4.42929380e-02
  3.71022485e-02 -3.60441282e-02  3.99807841e-03 -3.42531055e-02
 -6.94559738e-02  6.59129471e-02  2.17446275e-02 -1.10512292e-02
 -6.40818328e-02 -1.60141028e-02 -7.83607885e-02  5.45383319e-02
 -4.27123485e-03 -8.87732655e-02  2.47011613e-03 -1.95145663e-02
 -5.00689214e-03 -5.95275732e-03  1.93676949e-02  8.93738773e-03
 -1.00641251e-01 -4.12302986e-02 -8.87879357e-02  3.89991216e-02
  3.25978212e-02 -4.55616647e-03 -4.29526344e-02  5.13326004e-02
  1.38015766e-02 -5.34685620e-04 -4.74838056e-02 -2.51666624e-02
 -3.24188569e-03 -3.70580629e-02  5.56193106e-02 -2.26429082e-03
  8.19351226e-02 -1.27660425e-03 -1.07943621e-02  7.76658440e-03
 -5.67820035e-02  5.70374280e-02 -7.83327371e-02 -1.76703084e-33
  5.20178862e-02 -7.56510999e-03  2.70133298e-02 -3.20771039e-02
 -1.92034151e-02 -2.14137286e-02 -1.56652480e-02 -6.71855640e-03
  3.13753374e-02  4.58567962e-02 -4.34215255e-02  9.60613862e-02
 -1.66379604e-02  1.54277273e-02  8.44772011e-02 -6.10663705e-02
  3.17546986e-02  8.71209353e-02  2.93366816e-02 -7.33389780e-02
  5.69613315e-02  2.49240976e-02  3.49851847e-02 -9.23324078e-02
  6.68560639e-02  4.34052013e-02 -2.96614505e-02  3.12917456e-02
  1.91162322e-02  3.02715953e-02  1.38851034e-03  1.56143289e-02
 -2.11500414e-02 -2.67109387e-02  2.07562931e-02  5.72189279e-02
  2.44114175e-02 -8.47342759e-02 -6.55539986e-03 -6.16063923e-02
  4.99498621e-02 -1.32940579e-02 -7.93071836e-03  2.73278132e-02
 -2.68152840e-02 -2.52795871e-02 -5.68520054e-02 -1.16746724e-02
  1.08748283e-02  7.29949549e-02  5.26089966e-02 -2.37886067e-02
  3.68937254e-02  1.25542181e-02  8.61167442e-03  2.43198443e-02
 -3.46719474e-02 -9.56453476e-03  7.50638023e-02  1.28193438e-01
  8.84729326e-02 -7.10959174e-03  4.78077978e-02  8.65569189e-02
 -6.06285632e-02  5.96112423e-02  1.21152569e-02  5.88271860e-03
  4.70151491e-02  1.35324359e-01  8.97130519e-02  1.29596412e-01
 -1.37622068e-02 -7.24463239e-02  6.15434386e-02  1.60854235e-02
 -1.87888779e-02 -2.46185008e-02 -9.18398350e-02 -1.19335502e-02
 -4.25476059e-02 -3.18952687e-02 -1.28804892e-02  3.63542102e-02
 -3.92328799e-02 -3.44359912e-02  4.95249927e-02  1.00628622e-02
  2.75887400e-02 -1.38490587e-01  1.14344440e-01 -5.16696572e-02
  3.33523192e-02  1.92919318e-02  3.59693728e-02  8.03160556e-34
 -2.51219906e-02 -3.47955897e-02  5.68291731e-02 -6.91331923e-03
  2.81457603e-02 -1.26193464e-01 -7.44625032e-02 -3.88338566e-02
  5.48223406e-02 -2.15993868e-03 -1.27715524e-02  7.93009624e-03
 -4.22426946e-02 -7.42485747e-02  6.99262042e-03 -1.45015689e-02
 -1.11507496e-03 -7.22716749e-03  3.61936949e-02  2.08680276e-02
 -1.36433123e-02 -6.71474561e-02 -2.88646054e-02 -1.84734892e-02
 -3.72363664e-02 -7.18996450e-02 -6.55588433e-02 -6.40858710e-02
  5.34333522e-03  8.68321583e-03  1.79780554e-03 -1.88221131e-02
  3.12762707e-02 -6.37453347e-02  2.39881948e-02 -6.65096417e-02
 -1.68543588e-02  5.14467359e-02  1.21265873e-02  6.72036689e-03
  3.35486233e-02  8.03219974e-02 -1.43500734e-02 -5.95539548e-02
 -8.61593708e-03  1.68261472e-02 -1.24176533e-03 -4.10896842e-04
  7.69799426e-02 -4.94312681e-03  4.83129025e-02  3.48917767e-02
  2.08919831e-02 -3.85839981e-03 -6.70096949e-02  1.49888173e-01
 -1.53876925e-02  6.69638738e-02 -9.01167989e-02  4.22391901e-03
 -5.84006049e-02 -7.27689490e-02 -5.98313636e-04  2.47696005e-02
  5.19633330e-02 -5.12413506e-04  1.42689096e-02 -4.02271152e-02
 -1.94352481e-03  5.63562906e-04  2.52543978e-04  5.42237833e-02
 -9.47314035e-03  2.06489060e-02 -7.71464631e-02 -4.74912077e-02
  4.76473346e-02 -1.37620722e-03 -1.28422480e-03  1.15287416e-01
 -3.82866710e-02  1.18563045e-02 -4.70717549e-02  6.09034821e-02
 -1.12194508e-01 -8.42921510e-02  1.34298345e-02  6.04111236e-03
  1.47619313e-02  2.54123099e-02  1.63229671e-03 -3.69919166e-02
 -6.03316054e-02 -3.08834668e-02 -5.66987926e-03 -1.96470999e-08
 -1.31399184e-01 -7.81633407e-02 -1.91579908e-02  2.34535355e-02
  1.12530641e-01  3.39640398e-03  1.75128430e-02  1.28207326e-01
 -8.55583027e-02 -6.09280057e-02 -4.13286500e-02  6.46888241e-02
 -2.40466595e-02 -7.50762746e-02  9.29968655e-02 -1.66447181e-03
  9.97144282e-02  3.04415519e-03 -4.10431325e-02  7.31353136e-03
 -3.15389670e-02  1.68480240e-02  6.96927905e-02  4.73228768e-02
 -8.83376300e-02 -4.00665589e-03  1.05890855e-02  2.71365587e-02
  2.40200143e-02  2.90599372e-02  6.77960292e-02 -1.80327538e-02
  4.82683182e-02 -1.79142840e-02 -4.93793227e-02  7.18765557e-02
 -7.64097348e-02 -4.52893786e-02 -8.85199755e-02 -5.78015707e-02
  1.20585822e-02 -7.81495422e-02  3.77534740e-02 -7.35305995e-03
 -3.61934192e-02  8.33194144e-03 -6.47495966e-03  3.72084640e-02
 -3.20355175e-03 -7.79159665e-02 -1.91035960e-02  2.17762566e-03
 -1.61586981e-02 -3.17608081e-02 -2.86125932e-02  4.53886054e-02
  2.25348193e-02 -6.14056513e-02  7.53555223e-02 -5.21042347e-02
  5.75824417e-02 -1.47126354e-02  7.88702592e-02  7.02655986e-02]"
143,"Explain the concept of ""negative association rules"" and provide a scenario where they might be useful.",Negative association rules indicate items that should not be bought together; they are useful in preventing incompatible purchases.,easy,16,12.037500000000003,"['A. Negative association rules are not a valid concept in association rule mining.', 'B. Negative association rules indicate items that should not be bought together; they are useful in preventing incompatible purchases.', 'C. Negative association rules represent items that have a weak association; they help explore subtle relationships.', 'D. None of the above.']",4,87.75,"[-5.05901128e-03  1.47264749e-02  2.24922807e-03 -5.26329502e-03
  2.27592662e-02  1.47199640e-02  3.40799876e-02 -1.13187730e-02
 -2.22455314e-03 -4.60202098e-02  1.06266111e-01 -1.07552400e-02
  1.07209057e-01  3.12207919e-02 -3.14269476e-02  5.92527054e-02
  5.93157224e-02  1.05531942e-02 -1.24659874e-01 -3.12103163e-02
  1.94478258e-02 -7.81028569e-02 -3.21520083e-02 -5.47023974e-02
 -6.74293563e-02 -2.35634223e-02 -6.14644866e-03 -2.30869614e-02
 -3.82352993e-02 -1.03975898e-02 -4.08554114e-02  5.06148450e-02
  7.24301860e-02 -2.99985823e-03 -5.83086023e-03 -3.54373567e-02
  1.16178277e-03  6.93096817e-02 -4.28915247e-02  6.82208911e-02
 -2.26204172e-02  1.61679853e-02 -1.64210033e-02 -1.08081859e-03
 -2.43336651e-02  4.83591445e-02 -4.61288355e-02  2.86833150e-03
 -9.07984450e-02 -1.40390759e-02 -6.93282438e-03  4.51243967e-02
 -6.69255182e-02  4.75702882e-02  6.36303499e-02  2.15706658e-02
 -3.07617411e-02  1.88219436e-02 -7.90621415e-02 -2.74034794e-02
  7.92303607e-02 -5.57620823e-02 -1.09801061e-01 -4.43868451e-02
  8.88623148e-02  6.26842165e-03 -7.57984743e-02  8.26187134e-02
 -2.82152202e-02  9.41391885e-02 -2.02072039e-02  6.78152964e-03
 -6.62571043e-02  3.51441093e-03  2.71675568e-02  8.13134685e-02
 -1.50800124e-02  4.91665713e-02  4.61139856e-03 -6.86999559e-02
 -4.06401418e-02  2.36894079e-02  8.55922513e-03 -3.15848440e-02
  8.93890560e-02 -2.59082355e-02 -2.06321552e-02 -8.02206546e-02
  3.44645157e-02  1.34183019e-01 -2.43997108e-02 -1.04371214e-03
  9.12434682e-02 -4.56456244e-02  5.53405024e-02  7.70012941e-03
  2.15276442e-02 -4.16963845e-02 -9.95577220e-03  6.34377003e-02
 -3.75875793e-02  4.27940562e-02 -7.88236707e-02  2.07264982e-02
  4.33196640e-03 -5.54583147e-02 -3.49376015e-02 -2.54707504e-02
  3.44446264e-02  8.01832066e-04 -9.00044739e-02  5.93328476e-02
  3.92956398e-02 -5.66713884e-02 -6.51666895e-02  2.15018801e-02
  8.00881982e-02  1.20976195e-01 -9.57519840e-03 -6.81296587e-02
  1.46025857e-02  6.23727497e-03  7.49332970e-03  4.27411171e-03
  1.97834205e-02  6.39625490e-02 -1.13385983e-01 -2.42493391e-33
  2.17796024e-02 -6.21926039e-02 -1.92841422e-02 -5.09221219e-02
  5.34145720e-02 -6.40748739e-02 -1.86562851e-01 -1.33592933e-02
  6.13820218e-02  5.88955469e-02  5.60078099e-02  1.10096097e-01
  6.94865510e-02  2.09092461e-02  8.29592124e-02  5.09846918e-02
 -1.67445857e-02  1.72663722e-02  9.43086389e-03  7.81067880e-03
  2.48739216e-02  9.29989945e-03 -1.25042014e-02 -9.86622553e-03
 -4.60236482e-02  2.46556872e-03 -1.76033434e-02  1.94111895e-02
  2.34101620e-02  8.60173255e-03 -2.49699596e-02  1.28604081e-02
  2.41109021e-02 -9.93062034e-02  8.74334723e-02  8.60926062e-02
 -3.95847834e-04 -2.34477390e-02  7.73163931e-03 -5.60171418e-02
 -1.05719827e-01  1.69830751e-02 -8.38394016e-02 -5.60469329e-02
 -1.25133600e-02  4.23333757e-02  5.93680143e-02 -1.24712452e-01
 -5.85186481e-02  6.96861967e-02  3.23505253e-02 -5.61322123e-02
  4.02437598e-02  2.34498270e-02 -3.51106264e-02 -3.50932293e-02
 -8.96252841e-02  8.13108832e-02 -9.23689269e-03  2.09144484e-02
  6.33041635e-02  2.46756058e-02  2.22854505e-04 -1.44522432e-02
 -9.30050090e-02 -7.88028911e-03 -6.49317428e-02 -4.93380651e-02
  3.12294904e-02 -3.24202143e-02  5.76024465e-02  9.59513709e-02
 -1.40260443e-01 -7.16713397e-03 -1.47598758e-02 -1.01554338e-02
 -4.31811139e-02  4.69744727e-02  5.24410307e-02 -6.66758195e-02
 -1.49206547e-02 -9.66052338e-03  3.51603366e-02 -5.79691827e-02
 -8.87675881e-02 -2.85669770e-02  5.67413159e-02 -3.91100161e-03
 -5.77737540e-02 -6.61365613e-02 -1.23212021e-02  3.59563646e-03
 -2.10286137e-02  1.07217774e-01  1.15895934e-01 -5.93015732e-34
 -6.15540110e-02 -1.38046499e-02 -3.24290507e-02 -5.34510575e-02
  3.23990919e-03  1.19798407e-02  1.71738565e-02 -8.15604180e-02
  1.17126726e-01  2.24642158e-02 -6.16323091e-02 -1.18498551e-02
 -1.47273708e-02  2.80626956e-02 -2.15858384e-03 -7.59816542e-02
 -3.01294327e-02  3.30595672e-02  8.76003318e-03 -5.07896170e-02
 -4.44763042e-02  6.53677508e-02 -5.37586212e-02  3.87004344e-03
  1.19402483e-02  2.96401465e-03 -8.28225762e-02 -3.89034636e-02
 -8.04476738e-02 -3.28990482e-02 -4.07310836e-02  8.53639692e-02
  1.80929024e-02  3.55949402e-02 -3.87489460e-02 -5.24703898e-02
 -6.18091375e-02 -3.88645381e-03  1.95397958e-02 -8.66637900e-02
  3.88568342e-02  5.25413454e-02  9.38754231e-02  3.59911559e-04
 -2.00964473e-02 -1.14826821e-02  1.84513312e-02  2.28092540e-02
  6.85784072e-02 -2.13832539e-02 -3.40568796e-02 -6.50037751e-02
  9.14315879e-02  1.59381665e-02 -3.65510620e-02  6.61658943e-02
  8.71281847e-02 -5.35246730e-02  3.19993421e-02  1.10474072e-01
 -2.74121389e-02  6.13497309e-02 -1.61220115e-02  6.00576624e-02
 -3.46880257e-02 -3.25787477e-02  5.94210159e-03  2.92782485e-02
  6.85143843e-02 -5.81645891e-02  2.58835908e-02  6.60550892e-02
 -1.02885038e-01 -2.25888342e-02 -2.14687213e-02 -5.27615100e-02
  2.43786038e-04  3.26226614e-02 -5.41672707e-02 -2.13058554e-02
 -6.47434816e-02  6.05120920e-02 -2.32899431e-02  3.51768024e-02
 -5.84906004e-02  1.60515495e-02  1.21486150e-02  3.70891951e-02
  2.19790172e-02  5.32952435e-02 -4.27866215e-03 -2.60801278e-02
  2.58263461e-02  4.40656692e-02 -2.78503709e-02 -2.63057203e-08
 -6.49827570e-02 -8.61428753e-02  7.45052472e-02  7.80605078e-02
  2.47614067e-02  2.96391570e-03  8.26890208e-03  6.76727593e-02
  9.84437484e-03  7.26647079e-02  3.09246015e-02  6.46551475e-02
 -9.28043425e-02 -1.45932436e-02  3.04067954e-02  4.42927033e-02
  2.51026805e-02 -3.65903135e-03 -4.27291133e-02  5.12259491e-02
  2.08053701e-02 -3.77953947e-02 -8.28214164e-04  2.39714570e-02
  1.82961784e-02 -8.92312825e-03  1.15934379e-01  6.14890903e-02
 -5.92700392e-03 -8.19750130e-03  5.10227634e-03  4.34736684e-02
  9.89748910e-03 -2.69841421e-02 -3.96214314e-02  3.97297442e-02
 -5.30509390e-02 -4.67228191e-03 -2.03029867e-02 -6.44229800e-02
 -3.86383124e-02  1.48195615e-02  5.77324182e-02  2.33263685e-03
  3.03889401e-02  3.64164039e-02 -1.82904564e-02 -5.09777255e-02
 -2.40845550e-02  4.70004752e-02  6.16598837e-02 -1.56031279e-02
  5.53260520e-02  5.43622940e-04 -4.95407432e-02  2.68890783e-02
 -1.91442668e-03  3.20282280e-02  7.41132721e-03 -1.32540623e-02
  8.13476443e-02  1.31331282e-02  9.59505048e-03  1.60466675e-02]"
144,How can we convert a binary classification problem with binary attributes to an association rule mining task?,"By treating both attributes and the target as items, with the goal of discovering frequent rules: 'attributes ⇒ target' and 'attributes ⇒ not(target)'.",easy,17,14.64,"['A. By treating attributes as items and identifying a frequent rule.', ""B. By treating both attributes and the target as items, aiming to discover frequent rules 'attributes ⇒ target'."", ""C. By treating both attributes and the target as items, with the goal of discovering frequent rules: 'attributes ⇒ target' and 'attributes ⇒ not(target)'."", 'D. None of the above']",4,88.25,"[ 4.66131531e-02  6.57037795e-02 -3.33547071e-02 -2.85610873e-02
  6.34140372e-02 -1.95786823e-02  7.34548122e-02 -3.97007726e-02
 -1.67874455e-01  3.69616076e-02 -5.64061850e-02 -1.00144885e-01
  1.15714870e-01  3.60761806e-02  1.86068024e-02  1.46448806e-01
 -1.54318120e-02  1.88042857e-02 -4.76995632e-02  2.44025849e-02
 -4.30668984e-03  2.00638268e-02  3.53158675e-02 -1.19204400e-02
 -6.28175214e-02  2.51356382e-02  3.17484885e-02 -3.09644174e-02
 -7.34468848e-02 -5.07645197e-02 -2.05950569e-02  7.77933223e-04
  9.05769914e-02  6.13369700e-03  3.24253589e-02  2.97132451e-02
 -1.93783864e-02  3.38044353e-02 -9.32555497e-02  4.67073768e-02
  1.02872523e-02 -1.02466634e-02  3.61926109e-02  5.98699078e-02
  8.85850862e-02  1.03416257e-01  4.76253890e-02  5.84271438e-02
 -2.02558450e-02  2.83703487e-02  2.49630138e-02 -4.13925536e-02
  7.22231250e-03 -2.50595100e-02  1.54924504e-02 -2.67733331e-03
  1.47264805e-02 -5.01286574e-02 -6.86997548e-02 -3.85372043e-02
 -2.53303088e-02 -9.54211578e-02 -3.13308649e-02 -1.05832070e-02
  3.46493311e-02  5.05751260e-02 -6.34234324e-02 -2.24091504e-02
 -2.67022029e-02 -3.60106044e-02 -3.43739637e-03  2.88177636e-02
 -6.07217401e-02  5.10178469e-02  6.73269928e-02  1.34450635e-02
  1.79796517e-02  5.53508960e-02  9.70353663e-04 -1.21715665e-02
 -1.32422552e-01 -1.72981340e-02  5.45461755e-03  2.08667852e-02
  1.19147331e-01 -3.09305526e-02 -3.09636816e-02 -1.57461613e-02
 -7.97139704e-02  1.05809681e-01 -4.59267981e-02 -5.43787889e-02
  1.62171647e-01  1.31987724e-02  1.47524830e-02 -4.79329051e-03
  7.31218979e-02 -2.99239829e-02  4.35325243e-02  4.26897742e-02
 -1.05962403e-01  3.12997140e-02 -9.76770297e-02 -1.87556390e-02
 -6.02411889e-02  3.31274010e-02  5.92826009e-02  8.41276422e-02
  2.23619305e-02 -6.67738467e-02 -1.17653115e-02 -2.35720724e-02
 -3.66731398e-02 -3.66669632e-02  2.20101792e-03 -6.80657243e-03
  4.55824174e-02  2.07845233e-02  2.04634573e-02 -9.39409621e-03
  8.29437468e-03  1.93260126e-02  1.10662198e-02  3.28332148e-02
  1.13462582e-02 -4.67154058e-03 -4.95634601e-02 -2.11259367e-33
  1.49065116e-02  1.25079870e-03 -5.11357971e-02 -7.96638578e-02
  3.83403413e-02 -1.53931547e-02 -8.34582075e-02  5.76784313e-02
  6.16896711e-02  2.93705855e-02 -1.55145610e-02  3.34082618e-02
 -1.37465838e-02  2.70639751e-02  6.69546425e-02 -8.66583548e-03
 -8.17920640e-03  6.53916150e-02  1.42475935e-02 -3.71639542e-02
 -2.81774588e-02  2.86249090e-02 -2.05963701e-02  2.02540047e-02
 -1.61252599e-02  2.75016669e-02 -8.09214823e-03 -8.78220424e-03
  6.12905249e-02  1.43650584e-02 -3.07629188e-03 -6.32354096e-02
  2.64368858e-02 -4.03690115e-02 -5.45783602e-02  3.27020586e-02
  2.59256363e-02  4.73098941e-02  5.80463782e-02  1.65656228e-02
 -3.33679803e-02 -1.33535238e-02 -3.81197259e-02 -3.20310108e-02
 -5.85280918e-02  4.28636111e-02 -3.10013089e-02 -2.37510838e-02
 -3.76135819e-02  3.90370786e-02  6.13731965e-02 -8.32489133e-02
  4.40749042e-02 -1.58627459e-03 -7.17460737e-02  1.19089130e-02
  9.70655773e-03  6.54920796e-03 -2.74547338e-02 -1.63031947e-02
  1.40427321e-01  1.09860145e-01  4.34338190e-02  4.72509116e-03
 -4.71416116e-02 -3.39786522e-02  4.61210646e-02 -5.86114377e-02
  1.99929066e-02  2.27949601e-02 -1.48662934e-02  1.13122381e-01
 -9.23173130e-02 -1.21310279e-02  6.23235665e-02  2.09432282e-02
  4.30735312e-02 -5.79679236e-02 -1.79812349e-02 -2.38749292e-02
 -2.57557631e-02  1.29339658e-02  4.17177752e-02 -7.33096525e-02
 -8.67857039e-02  3.85985412e-02 -4.01030062e-03 -4.16219309e-02
 -1.24783449e-01 -4.54761535e-02  1.53892729e-02  2.90396977e-02
 -8.02855492e-02  7.89647698e-02  9.81762707e-02  1.14470788e-33
 -2.75544859e-02  4.92816279e-03  6.49028569e-02 -2.17193719e-02
  9.45216138e-03 -4.85102013e-02 -5.71630187e-02 -4.00710180e-02
  6.07665889e-02  1.53039312e-02 -5.56959920e-02 -4.67821658e-02
 -2.96921432e-02  3.29277385e-03 -3.16099189e-02 -4.26938124e-02
 -1.73064038e-01  7.81926662e-02  3.34418789e-02  9.51299816e-02
 -7.31688961e-02  1.50963143e-01 -6.03745319e-02 -7.05936477e-02
 -3.34222615e-02  2.56783143e-02 -7.91721418e-03  1.51772855e-03
  1.47540392e-02  7.62177957e-03 -8.25467557e-02 -7.76218325e-02
 -3.43210399e-02 -5.94327301e-02 -6.27942234e-02 -2.91958582e-02
 -3.87950987e-02 -4.20803316e-02  1.15474984e-02  2.47961245e-02
  5.47077786e-03  1.57531146e-02 -1.05388850e-01 -2.02008653e-02
  8.76663998e-02  1.83433257e-02  3.13419029e-02  2.57908422e-02
  4.95381542e-02 -1.74337265e-03  2.18681972e-02  2.87032541e-04
  2.27201711e-02  5.02876379e-02 -2.30813548e-02  8.86926055e-03
  3.55622321e-02 -1.41542396e-02 -1.58982947e-02  2.49026399e-02
 -3.43675986e-02  5.03120646e-02  1.08809657e-01  7.46943653e-02
  4.08720486e-02 -8.38921219e-03  2.32234448e-02  1.19715240e-02
 -3.81607823e-02  5.55451885e-02 -4.25603939e-03  3.45948748e-02
 -3.38718817e-02  9.47683230e-02  2.38139108e-02 -4.76158895e-02
  1.76000074e-02  1.88960638e-02 -6.32701367e-02 -5.89980884e-03
 -5.02488725e-02  3.23936008e-02  3.63194644e-02  5.59767559e-02
 -1.56298559e-02  3.38996686e-02  1.11649878e-01  4.83333431e-02
  5.89456931e-02 -2.49330811e-02 -5.00627421e-02  6.00188449e-02
  4.21765447e-02 -4.39570285e-03 -7.74534121e-02 -2.11441513e-08
 -1.09305233e-01 -7.37838149e-02 -2.77198832e-02  2.88756285e-02
  2.96091512e-02  1.31152540e-01 -1.06090844e-01  7.12733120e-02
 -1.65397709e-03 -3.28416489e-02 -1.90049701e-03  4.64585796e-02
 -3.25727239e-02 -1.61901340e-02 -3.78193818e-02  2.00149827e-02
  7.36151040e-02  2.33456735e-02  3.00479378e-03  7.20316768e-02
  6.01956770e-02 -2.82319672e-02  2.31131092e-02  8.68436694e-03
  4.97506792e-03 -1.04890317e-01 -2.24509481e-02  7.83438142e-03
  6.91378489e-02  2.93032266e-02 -1.96305718e-02 -4.11658734e-03
 -2.67430134e-02 -2.41621714e-02 -1.03428895e-02  4.12627915e-03
 -3.05899680e-02 -5.42764068e-02 -8.26380998e-02 -5.25582880e-02
 -2.86447555e-02  3.70197222e-02 -3.59432623e-02  9.82718356e-03
  5.32191470e-02 -2.63609327e-02  4.44081798e-03  1.75362527e-02
  5.05011231e-02  1.41759152e-02  4.27709818e-02 -4.51676808e-02
 -4.59858552e-02 -4.18898556e-03 -3.95483896e-02 -4.68354113e-02
 -1.92736648e-02 -2.26832833e-02  5.03403656e-02 -5.41717410e-02
  8.76069218e-02 -3.38182673e-02  2.24880315e-03  1.72900092e-02]"
145,"When a binary classification problem with binary attributes is converted to an association rule mining task, the confidence of the rule is equivalent to:",None of the above.,hard,24,16.878333333333334,"['A. The precision in training set.', 'B. The recall in training set.', 'C. The accuracy in training set.', 'D. None of the above.']",4,29.0,"[ 2.46082363e-03  4.20455188e-02 -1.30620142e-02  1.98397059e-02
  9.02445242e-02 -4.57181223e-02  9.31368321e-02  2.87836548e-02
 -1.06469810e-01  3.30709666e-02  4.01423033e-03 -8.43316615e-02
  1.45210043e-01 -5.76412417e-02  2.08906401e-02  1.13080457e-01
  5.88823576e-03 -4.59155962e-02 -1.06945403e-01  3.84940277e-03
 -4.94103367e-03  5.39308460e-03  2.85667162e-02 -4.51131212e-03
 -3.37014049e-02 -2.92713079e-03 -1.81870703e-02  3.54783647e-02
 -3.67297083e-02 -3.35498364e-03 -5.69472872e-02  4.59613502e-02
  6.29988238e-02 -4.54292558e-02  2.27954611e-02 -2.13248003e-02
 -1.09050218e-02  2.22368119e-03 -6.31420240e-02  5.09146340e-02
  2.51769982e-02 -1.32783782e-02  3.28474641e-02  9.94570702e-02
  4.40027006e-02  1.36170387e-01  4.05834578e-02  2.41121519e-02
 -9.56874192e-02  4.70676795e-02 -3.59118469e-02 -3.84626091e-02
 -6.73520416e-02  5.57408342e-03 -3.51566486e-02  1.59263480e-02
 -7.41802752e-02 -5.09174280e-02 -5.55327833e-02  1.02842255e-02
 -4.49991599e-02 -9.18373615e-02 -6.29572496e-02  2.74197813e-02
  1.06648825e-01  2.89865825e-02 -7.87855536e-02 -6.75422922e-02
 -1.30156325e-02 -8.27564821e-02  1.72607079e-02  3.49907540e-02
 -9.43773016e-02  8.84712040e-02  8.79581347e-02  2.36282293e-02
 -1.55566968e-02  1.88783295e-02 -1.45052867e-02  1.69648398e-02
 -1.42467901e-01  1.94982067e-02  1.08446283e-02 -2.55346242e-02
  7.33963698e-02 -6.55175075e-02 -1.82810780e-02 -6.00428358e-02
 -5.53393960e-02  7.57918805e-02  1.91486273e-02 -9.36083868e-02
  8.76738951e-02  4.34625186e-02 -3.33889164e-02 -1.77964028e-02
  7.06244679e-03 -4.18028086e-02  1.45668266e-02  5.52901924e-02
 -6.75744191e-02  8.49898532e-03 -1.00205451e-01  2.00219937e-02
 -7.22901300e-02  2.95475200e-02  5.83759025e-02  6.35807440e-02
  5.71258813e-02 -2.04083659e-02 -5.04793189e-02 -2.87307519e-02
 -1.68393308e-03  4.79336316e-03 -9.84080601e-03  1.95845123e-02
 -2.85266377e-02  6.99953660e-02  3.81993093e-02 -4.96529117e-02
  3.01315151e-02  5.26583940e-02  8.71755779e-02 -3.34457122e-02
  2.96299998e-03 -2.69234031e-02 -1.70216095e-02 -2.56439915e-33
  1.63979698e-02 -3.46174836e-02 -4.78047458e-03 -8.76246467e-02
  3.15638036e-02 -1.13191465e-02 -1.51032314e-01  2.00783722e-02
  1.93181522e-02  1.90062134e-03 -1.26924105e-02 -1.38050970e-02
  3.82230687e-03  1.34758949e-02  4.50949073e-02  7.51274750e-02
  1.10015348e-02  6.89370409e-02 -3.37743834e-02  9.41791106e-03
  4.64358032e-02  5.36351651e-02 -1.46483406e-02  2.66145449e-02
 -3.48885842e-02  7.55474195e-02  1.46604730e-02  5.08896597e-02
  2.86840610e-02  2.76826806e-02 -1.78701971e-02 -6.90898523e-02
  1.44889494e-02 -4.57401536e-02 -1.82927810e-02  5.87848611e-02
  5.53441569e-02  4.80615348e-03  5.69275320e-02  1.86821111e-04
  1.82903446e-02 -3.66624631e-02 -1.60478409e-02 -3.26832309e-02
 -2.81483196e-02 -1.90894529e-02 -4.61962931e-02 -2.75386199e-02
 -3.63941602e-02  2.93287393e-02  1.66070939e-03 -4.82702702e-02
  7.13815838e-02  9.81317367e-03 -4.24371921e-02  2.77431998e-02
  8.53705278e-05  1.20706506e-01 -2.20439378e-02 -1.45845348e-02
  9.28544626e-02  9.74252075e-02 -1.74102967e-03 -2.99780238e-02
 -5.35462052e-02  4.71766368e-02  5.55822346e-03 -3.53041478e-02
 -7.40911486e-03  2.46348642e-02 -2.01531313e-02  8.16688463e-02
 -1.38854384e-01  4.05096747e-02  2.05037165e-02 -3.35456394e-02
  3.42049263e-02 -1.83579493e-02  6.41079200e-03  1.22690722e-02
 -1.00392096e-01  4.05004360e-02 -4.80685942e-02 -3.97018194e-02
 -1.29816100e-01  3.21229547e-02  6.39074147e-02 -3.22631560e-02
 -1.10256284e-01 -2.26089042e-02  9.15345177e-02 -9.85408016e-03
 -7.07477033e-02  1.21965066e-01  5.17650172e-02 -6.98685086e-35
 -5.25348783e-02 -4.24048584e-03  6.79440871e-02  4.54792306e-02
 -3.61833721e-02 -2.03885362e-02 -1.29791023e-03 -1.02956928e-01
  4.17163111e-02 -2.34120451e-02 -3.18476409e-02  1.74651435e-03
 -6.93480894e-02 -1.36744389e-02  7.91439135e-03 -4.01151106e-02
 -1.24399364e-01  6.62273541e-02 -2.09293477e-02  8.57959315e-02
 -1.06499409e-02  8.39215666e-02 -3.35427523e-02 -5.91981634e-02
 -3.62404250e-02 -2.39333026e-02  7.34656991e-04  2.66824253e-02
 -8.39470327e-03 -2.75962725e-02 -5.83430268e-02 -1.00793689e-01
 -5.26671670e-02 -5.89864329e-02 -2.51010731e-02 -3.84574421e-02
 -3.78703587e-02 -7.79862627e-02  1.27775595e-02  3.45722958e-02
 -3.75615396e-02  1.55276852e-02 -7.92051554e-02 -2.26669647e-02
  1.57197360e-02  1.93567444e-02  4.69232760e-02 -3.14298682e-02
  4.43090200e-02 -3.14870626e-02  6.40433356e-02  1.51255559e-02
  5.20791436e-05  4.67385985e-02 -2.19791327e-02  1.70055646e-02
 -3.20715969e-03  2.39481349e-02 -9.05850530e-03  2.88006682e-02
 -6.30893931e-02  1.19475089e-01  2.27093045e-02  7.14486241e-02
  2.65755113e-02  2.17588469e-02 -8.75163544e-03  4.25693057e-02
  6.33106008e-02  3.38964462e-02 -2.04924811e-02  3.57694104e-02
 -5.16270325e-02  4.61260863e-02  1.73477568e-02 -7.61863664e-02
  5.80833815e-02  4.20790259e-03 -6.67230263e-02 -5.82580455e-04
 -5.98464534e-02  7.79959140e-03  2.01599784e-02  6.41696677e-02
  1.00293076e-02  3.29260267e-02  1.10654511e-01  6.40809909e-02
  1.30872950e-02  2.85956319e-02  2.11765189e-02  3.65691856e-02
  2.87475679e-02  6.06506364e-03 -9.73890275e-02 -2.62376005e-08
 -1.14701971e-01 -3.44547927e-02 -2.92588794e-03  4.12629992e-02
  8.09312165e-02  1.20876595e-01 -8.22584778e-02  5.34158088e-02
 -3.59319411e-02 -3.45613174e-02  6.60776794e-02  3.87841230e-03
 -8.65213051e-02 -4.50983085e-02  2.20290907e-02  2.54930463e-02
  5.76780103e-02  7.41108730e-02 -8.19724239e-03  5.13782613e-02
  4.43967469e-02 -4.70712222e-02 -2.32088622e-02 -8.65358114e-03
 -8.75330623e-03 -2.20186077e-02  1.39166294e-02  4.53478731e-02
  1.75241306e-02  6.58647865e-02 -1.58748757e-02 -2.00891718e-02
  2.07767654e-02 -5.98603673e-02  2.18884498e-02  1.47692747e-02
  3.54480669e-02 -3.82213779e-02 -2.10953113e-02 -6.51470199e-02
 -1.56282110e-03 -1.22728022e-02 -2.17273962e-02  2.49974206e-02
  3.24659757e-02 -1.58674251e-02  2.28941943e-02 -6.01495849e-03
  1.65537521e-02 -1.05914474e-02  6.18989356e-02 -6.27154559e-02
 -6.03076257e-02  4.26121689e-02 -2.95803193e-02  8.34023487e-03
  4.05930541e-03 -2.35119332e-02 -4.56561744e-02 -3.04896496e-02
  1.23202376e-01 -2.12306511e-02  1.32825058e-02  5.47936652e-04]"
146,"A teacher wants to detect cheating students in a quiz through association rule mining, which approach could be used? Here the item is a combination (Question, Answer).","Identifying itemsets of incorrect (Question, Answer) pairs.",easy,27,8.467592592592595,"['A. Identifying itemsets of correct (Question, Answer) pairs.', 'B. Identifying itemsets of incorrect (Question, Answer) pairs.', 'C. Cheating involves using ChatGPT, not copying from peers, and is undetectable with association rule mining.', 'D. None of the above.']",4,63.0,"[-1.49911677e-04  8.24512541e-03 -7.29366839e-02 -6.38875291e-02
  2.21473817e-02  5.30178733e-02  1.07922435e-01 -1.90471355e-02
 -7.86504671e-02  4.62789126e-02  6.14999160e-02 -8.18679482e-02
  4.98108789e-02  3.80781405e-02 -9.93956625e-03  8.44289586e-02
  2.60360166e-03  1.18374387e-02 -3.40000540e-02 -1.12024687e-01
 -3.63060459e-02 -8.44931677e-02  6.55488297e-02 -3.65567603e-03
 -2.32915413e-02  9.92680863e-02  3.45317312e-02 -6.32281080e-02
 -5.59159182e-02 -4.90575023e-02 -4.31415997e-02  1.84569638e-02
  5.52905761e-02  1.37453703e-02 -3.41432542e-02 -1.40473053e-01
 -9.52895544e-03  3.53446119e-02 -1.23824049e-02 -3.09952907e-03
 -5.61554022e-02 -6.70129387e-03  5.11074513e-02  1.25022437e-02
 -1.03709346e-03  3.38588730e-02 -5.54745570e-02  1.55267986e-02
 -2.59034485e-02  6.70061260e-02  7.54707307e-03 -4.14863676e-02
 -4.57284413e-02  2.14241594e-02  3.79183479e-02 -3.43878195e-02
 -2.92114373e-02  4.53204429e-03 -4.09843065e-02  3.79761830e-02
 -4.04256396e-02 -5.28303199e-02 -2.68708188e-02  4.21216264e-02
 -1.71896275e-02  7.28101432e-02 -8.86894092e-02 -3.34911197e-02
  1.66559257e-02 -2.97508948e-02 -3.24105509e-02  6.05806969e-02
 -3.29003483e-02 -4.47254777e-02  4.50221449e-02  4.92675491e-02
 -2.19710656e-02 -6.04108199e-02  3.96433994e-02 -7.71602243e-02
 -1.03313148e-01  2.59586312e-02  1.72549188e-02 -9.28986445e-03
  1.44171670e-01  4.68151318e-03 -2.44358107e-02 -6.31174743e-02
 -1.38299363e-02  1.53955352e-02 -1.60786062e-02  2.88098771e-02
  8.43489841e-02  1.43188983e-02  8.58469233e-02  5.69419488e-02
  3.64994965e-02 -1.45952180e-02  1.80458315e-02  4.33582477e-02
 -4.25736196e-02  9.67983007e-02 -1.18170924e-01 -2.29961202e-02
 -1.36127770e-02  3.16592157e-02  1.97586324e-02 -5.10250106e-02
  7.75816366e-02 -2.34186389e-02 -1.24251749e-02  4.40511666e-02
  1.57240145e-02 -1.44863790e-02 -3.64231095e-02 -2.28312183e-02
  1.27723739e-01  1.31063223e-01 -3.99067514e-02  2.74869222e-02
  8.25814530e-02  4.64968197e-02  4.39261980e-02 -7.45591056e-03
  4.28343229e-02 -1.70049705e-02 -6.75558299e-02 -2.60875918e-33
 -5.49390726e-03 -2.98849083e-02 -5.26780412e-02 -9.86384787e-03
  3.73642566e-03  1.25631187e-02 -6.96620122e-02  9.40909013e-02
  7.17492774e-02  3.56099531e-02 -2.96629197e-03  1.76424673e-03
  1.44603588e-02  3.71382721e-02  1.39418811e-01  6.95327818e-02
  3.28600779e-02  1.85202714e-02 -6.28342256e-02 -2.99858749e-02
  1.99999884e-02  8.26386735e-03  9.18772146e-02  4.52628173e-02
 -2.84908470e-02 -3.84724997e-02  2.53905468e-02  9.50311497e-03
  1.02749564e-01  2.73760334e-02  5.21654077e-02 -1.08587034e-01
 -5.96528202e-02 -1.94851886e-02  2.55944971e-02  7.75661245e-02
  7.53285363e-03 -1.20022958e-02  1.75999179e-02  3.17237303e-02
 -6.49742857e-02 -9.79147553e-02  1.17047448e-02 -4.79001988e-04
 -7.32469335e-02  3.74749955e-03 -6.98199421e-02 -5.07629402e-02
  5.39582036e-02  6.54597580e-02  1.09681683e-02 -8.70946646e-02
  2.78081987e-02 -4.82881367e-02 -2.71364860e-03  2.74458760e-03
  7.81001849e-03  4.55301628e-02  1.52172865e-02  3.67337801e-02
  4.94023785e-02  3.95253003e-02  3.07928268e-02  6.69808164e-02
 -1.05388463e-01 -6.30219877e-02 -7.20191747e-02 -1.17935613e-01
  4.82477173e-02  9.09439940e-03  3.54810022e-02  6.86839148e-02
 -1.10896088e-01  1.44342345e-03 -5.76744452e-02 -6.81471778e-03
  1.10378116e-02  6.41412437e-02  5.25763929e-02 -9.78684500e-02
  9.80141107e-03 -8.26727822e-02  3.29822786e-02 -4.10123542e-02
 -1.03578821e-01  2.44583488e-02  3.75507213e-03 -7.35501898e-03
  9.13126569e-04 -4.92613623e-03 -2.33090017e-02  4.23933603e-02
 -1.80190708e-02  7.22980723e-02  1.39704794e-01 -1.12365964e-34
  2.91857477e-02  6.66568279e-02  3.13527882e-02 -4.00642939e-02
  7.67019838e-02 -6.93539754e-02 -8.48833844e-03 -5.99959344e-02
  9.71737429e-02 -3.21251079e-02 -4.14134599e-02 -1.31337596e-02
 -3.30514424e-02  2.18407083e-02  2.04316080e-02 -1.52748311e-02
 -8.29962343e-02  3.82831693e-02  3.22330855e-02  6.11383244e-02
 -1.07875489e-01  3.90701368e-02 -2.60985419e-02 -3.35897692e-02
 -4.51141596e-03 -3.85694169e-02 -2.94622555e-02 -7.07489774e-02
 -3.46932560e-02  1.04124412e-01 -5.11223190e-02 -2.02196743e-02
  1.07282415e-01 -2.31371634e-02 -4.72296253e-02  2.92790635e-03
  1.94004513e-02 -8.78739208e-02 -3.48402672e-02  1.79000981e-02
 -3.18251038e-03  3.79354954e-02 -4.65595163e-02 -1.01458682e-02
 -1.28843924e-02  9.58620477e-03 -3.88942026e-02  1.95278805e-02
  2.63874233e-02  2.45547928e-02  1.04896985e-02 -4.54969257e-02
  6.32590577e-02 -1.58533119e-02  4.68745753e-02  1.32283866e-01
  1.76813267e-02 -3.80416960e-03 -6.60979282e-03  5.99340126e-02
 -5.18155796e-03  4.82399352e-02  6.52368665e-02  5.94214648e-02
  4.39478569e-02 -1.10330107e-02 -3.06055024e-02  7.61537254e-02
 -3.97898518e-02 -8.60436261e-03  2.32592802e-02  5.34377806e-02
 -1.83557998e-02  1.38181855e-03  3.33189182e-02 -3.65051292e-02
  3.81125021e-03 -2.24857796e-02  7.21530849e-03 -2.14475226e-02
  1.91743840e-02 -4.55781743e-02  2.38871537e-02  1.07357748e-01
 -1.10371739e-01  5.58002926e-02  9.58899334e-02 -9.64198075e-03
  2.23213006e-02 -2.64851581e-02  3.52670811e-02 -1.49776218e-02
  1.33423852e-02 -7.31482729e-02 -7.77222042e-04 -3.00061203e-08
 -4.49073277e-02 -9.36997235e-02 -3.29668587e-03  4.08421122e-02
 -6.51525054e-03  4.43691574e-02 -6.20712265e-02  3.26251164e-02
 -4.10812255e-03  2.76630484e-02  3.15405591e-03 -7.33138528e-03
 -2.30677687e-02 -3.02941315e-02  5.33108339e-02 -2.12378278e-02
  7.14270631e-03  4.40803766e-02 -7.01829195e-02  4.86473739e-02
  1.99943166e-02  4.79375990e-03  2.40306295e-02  6.94786385e-02
 -6.38926253e-02 -3.91867245e-03  3.98936234e-02 -5.03293797e-03
 -2.42344514e-02  1.52549357e-03  1.35507958e-03 -7.22084716e-02
 -3.35488617e-02 -6.98080882e-02 -1.88187677e-02  5.45074493e-02
 -1.08927293e-02 -4.28665765e-02 -1.51177496e-02  5.81078865e-02
 -4.38104868e-02 -7.30294809e-02  2.96239574e-02 -2.66092569e-02
  3.36761437e-02 -2.39905193e-02 -8.21403135e-03 -8.83990005e-02
 -4.15411778e-02 -2.08474603e-02 -5.43793067e-02 -5.97163327e-02
 -2.61961739e-03 -6.34148121e-02 -2.91814059e-02 -3.06884572e-02
 -4.21741279e-03  2.82148942e-02 -7.01757520e-02 -6.56587854e-02
  1.26391470e-01 -3.61348949e-02  1.94808748e-02  4.00675535e-02]"
147,A teacher aims to analyze dependent concepts that hinder understanding of a target concept by analyzing students' quiz answers. Which approach could be effective?,"Identify high confidence rules where the consequent is an incorrect answer to a question of the target concept, and the antecedent t is incorrect answers to questions of prerequisite concepts.",medium,24,10.723333333333333,"['A. Identify high confidence rules where the antecedent is an incorrect answer to a question of the target concept, and the consequent is incorrect answers to questions of prerequisite concepts.', 'B. Identify high confidence rules where the consequent is an incorrect answer to a question of the target concept, and the antecedent t is incorrect answers to questions of prerequisite concepts.', 'C. Identify high confidence rules where the antecedent is an correct answer to a question of the target concept, and the consequent is incorrect answers to questions of prerequisite concepts.', 'D. None of the above.']",4,150.0,"[ 2.82425061e-02  6.94542304e-02 -6.10225089e-02  9.98783391e-03
  9.08430573e-03  4.79699112e-02  9.36616287e-02  3.28581743e-02
 -5.46277799e-02  2.91560926e-02  8.13737861e-04 -1.31778130e-02
 -1.86750051e-02  5.03231958e-02 -2.84329732e-03  1.16530666e-02
  5.01108393e-02  4.62120399e-02 -2.40638778e-02 -2.01397706e-02
 -1.09695867e-02 -6.15432896e-02  9.35116131e-03  5.33109792e-02
 -1.68702248e-02  4.53533046e-02 -7.21403258e-03 -1.56949777e-02
 -4.27957773e-02 -2.33339798e-02 -2.26723328e-02  2.57354639e-02
 -6.05966803e-03  6.41768873e-02 -3.23972963e-02 -2.48974003e-02
 -2.84675397e-02  9.86932293e-02 -8.86143930e-03 -1.24328192e-02
 -5.60555980e-02  5.39464541e-02  5.58926398e-03 -6.06464744e-02
  4.63497313e-03 -9.53110978e-02 -2.34591328e-02 -1.35621661e-02
 -1.78559944e-02  1.74157470e-02 -5.22098728e-02 -3.51153202e-02
 -1.02454543e-01 -5.36848456e-02 -1.74719952e-02  3.10458764e-02
 -1.30985649e-02  3.58987749e-02 -4.11109580e-03 -2.13235933e-02
 -7.15879798e-02 -4.49443087e-02 -7.85774365e-03  4.51724790e-02
  7.83091504e-03  1.34990672e-02 -7.23647475e-02  1.61381364e-02
 -1.01823667e-02  7.01940134e-02 -8.74098949e-03  5.67411445e-02
  4.45227325e-02 -9.64128692e-03  5.65871112e-02  3.59014072e-03
 -3.47687001e-03 -1.52116260e-02  7.90101662e-03 -3.08371391e-02
 -5.73184974e-02 -5.55230156e-02  6.94525912e-02  2.26068357e-03
  5.66602573e-02 -1.31996665e-02  2.81037278e-02 -1.09256031e-02
 -7.63466954e-02 -3.65371667e-02  7.58024980e-04 -4.39590253e-02
  6.45569265e-02  1.49497697e-02  1.78441942e-01 -2.11115237e-02
  5.96364886e-02 -1.85508300e-02  3.20547167e-03  2.56687962e-02
  4.63624448e-02  1.16589256e-01 -8.01011920e-02 -4.71018888e-02
 -4.13419455e-02 -5.02341166e-02  7.71512510e-03 -7.44500235e-02
  4.76468131e-02 -5.07406816e-02 -4.53815609e-02  1.74891541e-03
 -6.14876300e-03  2.98860040e-03 -5.09995362e-03 -8.02029818e-02
  1.55528143e-01  8.33844543e-02 -6.20188937e-02 -3.86828370e-02
  7.12423325e-02 -5.06277941e-03  8.75617638e-02 -4.61998917e-02
  4.51651737e-02 -7.43313320e-03 -5.73857948e-02 -1.65299375e-33
 -1.78628881e-02 -5.68872467e-02 -4.33413014e-02  3.74961346e-02
 -3.11977752e-02 -2.48331074e-02  5.91643341e-02  5.03875278e-02
  6.78701177e-02  6.32011294e-02  1.62908919e-02  3.74921709e-02
  1.89679842e-02  2.94463262e-02  1.52445510e-01  7.20462129e-02
 -8.36205781e-02  6.10682815e-02 -9.08119529e-02 -2.86861490e-02
 -1.87111087e-02  3.58830281e-02  8.77166688e-02 -2.60286350e-02
 -7.11987074e-03 -5.59485182e-02  3.59795168e-02 -4.72446345e-03
 -3.77615541e-02  1.43165682e-02  2.33677570e-02 -2.83517968e-02
 -8.75913426e-02 -3.92674208e-02  3.27045396e-02 -7.71057792e-03
  2.50856485e-02  3.97673510e-02 -1.34344557e-02 -3.99121977e-02
 -3.91055271e-03 -7.93600231e-02  7.36404061e-02 -3.05503327e-03
 -3.85567429e-03  5.20776026e-02  1.27594294e-02 -2.02569142e-02
  6.75276062e-03 -2.10782010e-02 -6.22289702e-02 -1.69993602e-02
 -3.54394503e-02 -9.30967033e-02  3.49868797e-02 -1.23101957e-02
 -7.26541355e-02 -5.10915518e-02 -6.32040426e-02 -2.16921307e-02
 -8.78269412e-03 -2.57108826e-02 -2.24774964e-02  4.37043235e-02
  4.69681956e-02  2.49365680e-02 -1.02877907e-01 -6.53616339e-02
  4.02820967e-02 -2.31576692e-02 -8.05691537e-03 -3.04751266e-02
  3.75946313e-02 -4.65199500e-02 -4.41304594e-03  5.48741128e-03
 -4.75981757e-02  2.01211851e-02  7.46429116e-02 -7.18996525e-02
  5.87147027e-02 -1.20207727e-01  5.63679226e-02 -1.23559050e-01
 -9.07555819e-02 -4.84363921e-02  4.08988595e-02 -4.86843809e-02
 -3.05398460e-03 -1.96664222e-02  4.03096015e-03  3.79200578e-02
 -9.62703153e-02 -5.23183495e-03  1.02671310e-01 -7.36262897e-34
 -3.22039202e-02  6.54959530e-02 -6.29276857e-02  2.32685101e-03
  5.88990897e-02  3.82617265e-02 -2.11023204e-02 -1.90661568e-02
  1.34535544e-02 -1.84514076e-02 -9.33951214e-02 -1.74644031e-02
 -6.06330559e-02  3.91933434e-02 -1.14730127e-01 -1.49522582e-03
 -6.92726001e-02 -2.00025346e-02 -1.67739335e-02  3.95224392e-02
 -7.26114735e-02  9.93803069e-02 -3.64780463e-02 -1.30623020e-02
  2.60737296e-02  9.38723236e-03 -2.62557548e-02 -2.53147520e-02
 -2.17967629e-02  3.81164253e-02 -4.78526205e-02 -6.24109916e-02
  5.79083674e-02 -1.66846067e-02 -7.08937123e-02  9.01373252e-02
  7.69524202e-02 -5.16931638e-02 -8.47395137e-03  8.51455182e-02
 -2.28729416e-02 -2.95451637e-02 -2.91489549e-02 -8.37228522e-02
  6.47523180e-02 -1.87405292e-02 -1.70041993e-02  1.11636661e-01
 -3.03026009e-02  5.64188808e-02  7.38614127e-02 -4.55855066e-03
  5.45311067e-03 -3.01456917e-02  4.91692163e-02  3.22788693e-02
  8.28194842e-02 -7.26243481e-02  8.74659512e-03  1.19156264e-01
  5.33080883e-02 -3.71432602e-02  1.12651981e-01  2.06157900e-02
  4.43853512e-02  1.14451349e-02 -5.44421263e-02  1.23685144e-01
  4.09939289e-02 -4.03339155e-02 -1.72933135e-02 -4.04829858e-04
  1.13474064e-01 -7.50823095e-02  5.17732240e-02 -1.13348663e-02
 -3.86333950e-02 -1.07331704e-02 -1.00506106e-02 -5.87377399e-02
  3.35761644e-02 -1.01983815e-01 -7.38231838e-03  3.33147272e-02
 -2.26152851e-03  2.75822096e-02  2.00245138e-02  3.26744244e-02
  3.78862172e-02  4.50505083e-03  3.57238874e-02  3.73032596e-03
 -3.37176584e-02 -8.48457590e-03 -2.65970435e-02 -2.64045728e-08
  3.47985066e-02 -9.75005850e-02  4.58510071e-02  5.85617274e-02
 -2.37374641e-02  5.64460270e-02 -8.07059035e-02  3.29988152e-02
 -6.29166588e-02 -5.63450297e-03 -1.19165226e-03  3.74329798e-02
  4.91326718e-05  7.22616538e-02  5.24351895e-02 -2.17006933e-02
  2.14152969e-02  2.23208964e-02 -5.39773591e-02 -9.49794240e-03
  7.37262070e-02 -2.49278806e-02 -6.35781288e-02  7.46911541e-02
 -2.88475621e-02 -3.03243008e-02 -4.96958429e-03  6.57140240e-02
 -2.08198614e-02  2.28179656e-02  2.44248044e-02  5.93098514e-02
 -9.88029316e-02 -3.09511740e-02  3.05515677e-02  7.13013783e-02
  3.97298299e-02  8.42933170e-03  5.64184971e-03  1.03317760e-01
 -6.05111606e-02  8.31509102e-03 -3.18584889e-02  6.41228929e-02
  4.12805490e-02 -3.62509340e-02 -9.95768979e-02 -9.64203570e-03
 -4.60456796e-02 -1.05588976e-02 -5.22955023e-02  1.87358055e-02
 -3.62202972e-02 -4.14241105e-03  4.37306613e-02  1.19407615e-03
 -5.82997734e-03  3.60045992e-02 -1.33133844e-01  5.75935356e-02
  9.65208709e-02  5.52684776e-02  6.90792501e-03  4.09640744e-02]"
148,"Given a rule X⇒Y with Confidence(X⇒Y) > minConf and Support(Y) = 100%, what does this indicate?",This rule is ineffective because knowing X doesn't provide additional information about Y.,medium,16,7.570000000000004,"[""A. This rule is ineffective because knowing X doesn't provide additional information about Y."", 'B. This rule is valuable due to its high confidence.', 'C. This rule is ineffective because it appears in all transactions.', 'D. None of the above.']",4,58.25,"[ 6.76489319e-04 -5.26681403e-03  7.16412731e-04 -6.84741559e-03
  1.10757284e-01  8.62850621e-03  5.67142963e-02  9.68236476e-02
 -3.40735875e-02  1.01258401e-02  1.08005047e-01 -4.54715155e-02
  1.01680115e-01 -1.91942602e-02  4.04272862e-02  4.91471104e-02
  1.64236687e-02 -6.45999238e-02 -2.19579190e-01  2.22476898e-03
 -1.31167052e-02 -3.78932692e-02 -4.09855507e-02 -4.18926142e-02
 -6.05080696e-03 -3.89270261e-02 -3.91571410e-02  1.39929568e-02
  6.08352907e-02  6.07824847e-02 -7.02883899e-02  4.69788648e-02
  3.52442786e-02 -3.78473997e-02 -1.14365788e-02 -7.06082443e-03
  2.69256625e-02 -6.98564872e-02 -1.17865233e-02  4.60340045e-02
 -4.52187583e-02 -8.03251565e-03  4.00144681e-02  1.03658892e-01
 -2.77867783e-02  7.35141858e-02 -1.02796163e-02  2.98115723e-02
 -2.57891957e-02  2.27896739e-02 -3.06670684e-02  1.46996891e-02
 -6.14925027e-02 -5.48527539e-02 -1.69635341e-02  4.82181497e-02
 -5.08657768e-02 -4.36115712e-02 -4.19989303e-02  2.76716445e-02
  1.71081834e-02 -4.19305079e-02 -6.20765351e-02  4.42434177e-02
  1.04901880e-01 -6.55402690e-02 -2.51221228e-02 -5.09226471e-02
 -5.24010062e-02 -1.89528577e-02 -3.43634598e-02 -4.25131526e-04
 -5.95844351e-02  2.39399951e-02  4.37803194e-02  1.99665083e-03
  3.32813039e-02  3.41770239e-02  1.82631575e-02 -4.82725427e-02
  1.76293831e-02  8.16390365e-02  2.83017587e-02  1.20819928e-02
 -2.50724256e-02 -9.49197337e-02  9.98064061e-05 -4.32632938e-02
  4.99061383e-02  2.74544656e-02  5.72109334e-02 -1.22721093e-02
 -5.74403219e-02  4.50506955e-02 -3.62358689e-02  5.25484271e-02
 -5.47363088e-02 -3.39003094e-02 -6.98867291e-02  8.58132318e-02
 -1.44176446e-02 -6.69392711e-03  3.67350541e-02  1.73799433e-02
 -4.66180705e-02 -9.62656066e-02  1.38882864e-02  6.00720271e-02
  3.08217201e-02  7.73685053e-02 -4.15320210e-02 -3.79556902e-02
  4.00501192e-02  2.15297006e-02 -3.94683033e-02 -5.07996529e-02
  6.52463222e-03  4.98818681e-02 -1.91004877e-03 -1.31946772e-01
 -7.96006061e-03  7.39399791e-02  1.41925337e-02 -4.32666615e-02
  1.42691946e-02 -1.82898715e-02  1.29065029e-02 -5.36271910e-34
 -6.48223562e-03 -6.41382337e-02 -4.39198837e-02 -5.56274466e-02
  3.33207883e-02 -1.47009948e-02 -5.89478835e-02 -1.85298622e-02
 -1.13781216e-02  2.93854289e-02 -1.87386367e-02 -9.37333703e-02
 -5.74593153e-03  7.88805075e-03 -1.07816029e-02 -2.08262056e-02
 -1.73372589e-02  5.52045219e-02 -3.22505110e-03  5.94659187e-02
 -3.44417244e-02  4.41045985e-02  3.75734568e-02 -1.55721288e-02
 -2.08890298e-03 -6.40446991e-02 -1.27041945e-02  2.72627361e-02
 -6.55351132e-02  1.67425852e-02 -4.77153156e-03  3.26796137e-02
 -1.56471375e-02 -1.55925587e-01 -2.27178074e-02  1.33401137e-02
  4.06513251e-02 -3.30062658e-02  1.33958003e-02  2.93850321e-02
 -3.61924581e-02  6.47216849e-03  6.60254341e-03 -2.26992965e-02
  5.43599657e-04 -3.36285010e-02  6.63434565e-02  9.49222781e-03
 -5.29804043e-02 -2.27674507e-02 -7.84689859e-02  1.38410488e-02
  4.48363312e-02 -3.28589603e-02  1.15646860e-02  5.76603264e-02
 -6.98078647e-02  6.66425377e-02 -3.91126312e-02 -2.16279384e-02
 -2.15542261e-02  1.26307365e-02 -3.53263132e-02 -2.01969501e-02
 -4.56143990e-02  7.07448944e-02 -6.31332472e-02 -9.82818380e-02
  2.70159990e-02  6.78893700e-02 -3.32022086e-02  3.69262067e-04
 -6.16190806e-02  1.78830139e-02  4.40960601e-02  9.83900204e-03
  7.84076378e-02  7.93817714e-02  7.58301169e-02 -9.19064209e-02
 -1.52881876e-01  1.23064471e-02 -2.31467672e-02  2.44353712e-02
 -4.97458205e-02  3.27662863e-02  1.15122318e-01  7.87433982e-02
 -3.96126397e-02 -3.26074921e-02 -5.20505151e-03 -7.21530467e-02
 -5.20875826e-02  3.57233025e-02  1.69892944e-02 -1.58055005e-33
 -6.86923489e-02  1.68235395e-02 -2.32947338e-02  4.13449146e-02
 -4.14010929e-03  3.35345021e-03  1.97908171e-02 -6.58733398e-02
  6.06105924e-02 -6.23328320e-04 -1.38721857e-02  2.70295830e-04
 -3.03714927e-02 -5.18981367e-02 -5.68348616e-02 -2.45912317e-02
 -2.55939248e-03  1.03252288e-02 -2.33922116e-02  5.13133183e-02
  7.67732561e-02 -1.52161242e-02  1.85416993e-02  3.48184705e-02
 -4.56360285e-04 -5.72718531e-02 -6.92207292e-02  1.97747983e-02
 -8.20051730e-02 -7.05154613e-02 -5.58872558e-02 -7.08745494e-02
 -1.81483496e-02 -1.79444272e-02 -1.86136980e-02 -6.77726641e-02
 -8.85866582e-02 -2.18843203e-02 -7.57419085e-03  3.39727588e-02
  1.85182672e-02 -1.00164833e-02  1.74600969e-03 -3.44384601e-03
 -2.05153041e-02  4.10570242e-02  8.18967745e-02 -1.19360916e-01
  8.56428500e-03 -3.87471020e-02  4.84825298e-02 -2.57026963e-03
  8.27320665e-02  9.48784724e-02 -3.53301056e-02  7.12162331e-02
 -5.07958345e-02 -5.09323440e-02 -3.96773890e-02  7.21735880e-02
  1.40027413e-02  6.78061098e-02 -7.92594403e-02  3.65817286e-02
  9.04641002e-02  6.58845678e-02 -4.75112125e-02  4.32962999e-02
  1.42856821e-01 -2.84729544e-02  6.37047663e-02  8.69102553e-02
 -1.50711266e-02 -2.02790294e-02 -2.20848881e-02  3.48097505e-03
  1.29433861e-02 -7.44896233e-02  3.47160399e-02  1.16604693e-01
 -3.60992178e-02  5.95892295e-02 -1.69732366e-02  1.11998068e-02
  1.41037889e-02  9.54827107e-03  8.72636400e-03  3.00046597e-02
  5.13113439e-02 -1.17413718e-02  1.67490225e-02  3.89504060e-02
  3.12426384e-03 -5.31188324e-02 -2.36234926e-02 -2.91290050e-08
 -8.06369781e-02 -7.18913460e-03  3.20811458e-02 -1.99394301e-02
  1.04828320e-01  7.64717460e-02  5.40757291e-02 -8.06515440e-02
 -2.74240337e-02  4.51265983e-02  7.27471113e-02  1.79247539e-02
 -5.02380878e-02 -4.95467931e-02  1.32236630e-02 -2.34701596e-02
 -2.30790731e-02  1.08128466e-01 -4.25525419e-02 -3.52218049e-03
  2.28021815e-02 -1.16121667e-02  1.44348824e-02 -1.74169578e-02
  3.87643762e-02  2.95508318e-02  9.36182067e-02  1.04541436e-01
 -5.10043353e-02  5.34427203e-02 -3.98806296e-02 -8.11319202e-02
 -2.06149300e-03 -8.26983601e-02  2.82778740e-02  6.89404458e-02
  1.46588394e-02 -4.12329100e-02  4.55151275e-02 -4.64974344e-02
 -4.93388213e-02 -7.49324914e-03  2.58802343e-02  2.27701031e-02
  3.82389128e-02  6.07443834e-03  2.03140080e-02  2.63918936e-03
 -1.41398879e-02 -5.37025481e-02  1.16633564e-01  3.75334881e-02
  1.95454117e-02  7.33460262e-02 -4.76858728e-02  2.95190904e-02
 -1.30810020e-02  4.42734100e-02 -1.33714065e-01  1.25817778e-02
  2.39420738e-02  1.13303795e-01  8.23082700e-02 -3.98849882e-02]"
149,"We have a dataset of transactions, with each transaction associated with a specific customer. What is the most effective method for suggesting personalized products based on the customer's historical purchases?",Extract rule having high confidence from the dataset that contains only the transaction of this specific customer if the number of the customer transaction exceeds a threshold otherwise extract the association rules from the entire dataset.,easy,30,13.073333333333338,"['A. Extract rules having high confidence from the whole dataset.', 'B. Extract rules having high confidence from the dataset that contains only the transaction of this specific customer.', 'C. Extract rule having high confidence from the dataset that contains only the transaction of this specific customer if the number of the customer transaction exceeds a threshold otherwise extract the association rules from the entire dataset.', 'D. None of the above.']",4,111.25,"[-2.00313125e-02  1.05794296e-02 -4.69048843e-02 -1.00561105e-01
 -3.81464623e-02  9.75438431e-02  1.15711823e-01  6.95173442e-02
 -4.42991368e-02 -8.96175057e-02  2.41516158e-02 -4.25093202e-03
  3.42897959e-02  1.38980746e-02  3.98862362e-03 -1.71530042e-02
  8.56295303e-02  1.18495468e-02  4.16275449e-02 -4.73919660e-02
 -6.89276084e-02 -2.83923378e-04  4.45659049e-02  1.04509629e-02
 -1.70855094e-02  1.50547959e-02  8.02750811e-02  2.36864202e-02
 -5.31335995e-02  2.66799587e-03  2.69152112e-02  4.31060642e-02
  3.54763307e-02 -1.47405844e-02 -6.60879984e-02 -6.48251921e-02
 -1.31845504e-01  4.08412963e-02 -4.12277579e-02 -2.76834209e-04
 -1.15228938e-02 -5.48002124e-03 -2.28818730e-02  2.40985360e-02
  4.23811749e-02  1.66554283e-02  8.78720209e-02  3.67529504e-02
  3.54675241e-02  1.45317599e-01 -7.38614723e-02  1.80579685e-02
  2.01284997e-02  6.11971412e-03 -3.26081254e-02 -6.90548345e-02
  1.11708380e-02 -4.34036367e-02 -3.67067941e-03 -4.99918126e-02
  2.12445986e-02 -1.09256476e-01  3.26645561e-02 -6.01740181e-02
 -1.04721427e-01  2.74439249e-02  1.78501401e-02  3.58947255e-02
 -4.74725850e-02  2.50830455e-03  6.24242090e-02  3.81358564e-02
 -8.68216529e-02  3.36150900e-02 -4.00093496e-02  3.55795175e-02
  5.44892624e-02 -7.32283965e-02 -9.18534026e-02 -1.94580685e-02
 -7.62164742e-02  3.89435794e-03  8.84604454e-03  8.71700048e-03
  9.66849923e-03  5.83965052e-03  1.83101263e-04 -1.81629453e-02
 -5.29045165e-02  7.10971793e-03 -1.62289897e-03  5.28783165e-03
  3.88290882e-02 -1.04152381e-01 -6.84676915e-02 -1.12741636e-02
  5.45790372e-03 -7.39314184e-02  8.86978284e-02  4.19583395e-02
 -2.93402616e-02  7.46411234e-02 -1.78212055e-03 -2.88580097e-02
 -1.96703812e-04 -4.23703715e-03 -2.06950214e-02  4.28565815e-02
 -4.03093779e-03 -1.86084192e-02 -1.04263835e-01 -2.94879284e-02
 -9.50018913e-02  5.96430479e-03  1.27026569e-02 -1.66472010e-02
  4.83211353e-02 -2.68816520e-02 -9.13074333e-03  3.56390178e-02
  1.23797916e-02  7.24147037e-02  7.43109062e-02  1.52611490e-02
 -7.75822774e-02  5.24352714e-02  3.39229815e-02 -1.19878521e-33
 -4.16386351e-02 -2.30036546e-02 -2.79878415e-02  8.16711970e-03
 -3.43870558e-02 -2.36777477e-02 -5.35356328e-02 -4.90032993e-02
 -3.97193618e-03 -4.24547382e-02  6.31416030e-03  2.81006638e-02
 -2.22481564e-02  5.44252954e-02  6.26876997e-03  3.91483121e-02
 -9.64391679e-02  2.06225794e-02  6.34589419e-02 -3.91108766e-02
  1.17545677e-02  4.50406224e-02  4.53847684e-02 -1.81573573e-02
  3.59549783e-02 -9.43703204e-02  7.96470605e-03  1.54493913e-01
  6.50117248e-02 -5.42716719e-02  8.44483376e-02 -2.64492221e-02
 -8.68235994e-03 -1.35438917e-02 -3.11607402e-03  5.76992482e-02
 -2.75535192e-02 -5.83697744e-02  9.15595070e-02  1.42193483e-02
  6.98044617e-03 -2.03145556e-02  6.21348284e-02  1.80263519e-02
 -6.13528118e-02  8.39563459e-02 -4.74811420e-02  2.50394344e-02
 -2.70708743e-02  2.61684079e-02  4.28699655e-03 -3.76465805e-02
 -2.83652116e-02  2.80616805e-02 -1.12565793e-01 -6.76548406e-02
 -1.83403920e-02 -4.39341925e-02  4.69482765e-02 -6.36713505e-02
 -2.96315108e-03 -4.49734889e-02  9.80410650e-02 -1.59844384e-02
 -6.50411472e-02  4.55412315e-03  3.55657190e-02 -4.47643474e-02
 -1.86338574e-02 -7.20183318e-03  4.56285812e-02  6.74323812e-02
  8.75697508e-02 -8.11291039e-02  6.09852970e-02 -4.69437893e-03
  1.81101542e-02  1.12573221e-01  1.77847187e-03 -3.04018762e-02
 -4.45357757e-03 -5.46355024e-02 -8.25712178e-03  6.29276410e-02
 -2.57074907e-02  9.68675092e-02  9.18333139e-03 -1.72274802e-02
 -3.53429094e-02 -8.71991646e-03 -8.71288404e-02  8.10992569e-02
 -1.65842380e-02  4.58218716e-02  4.50925948e-03 -3.33082592e-34
 -1.51536651e-02  1.71037007e-03  9.43054333e-02  8.36970210e-02
  4.29712869e-02 -1.96840446e-02 -1.41607106e-01 -1.62258521e-02
 -4.47543822e-02 -5.00280000e-02 -8.38636700e-03 -7.15860873e-02
  4.61455099e-02 -1.45559190e-02 -6.57482222e-02  7.09446743e-02
  2.16988288e-02 -7.34597212e-03  3.58844474e-02 -6.78771213e-02
 -5.54471053e-02  1.04972357e-02 -7.00481161e-02 -3.46258953e-02
  2.26506256e-02 -2.22083461e-03  2.32148133e-02  9.23870597e-03
  7.37812743e-03 -5.19928634e-02 -7.85700306e-02 -5.91888353e-02
  2.96571776e-02 -5.10590822e-02 -7.24366587e-03  3.91448438e-02
  1.80215705e-02  1.03526143e-02  5.35656698e-02  3.93041447e-02
  5.40938340e-02  6.60247281e-02 -7.68052712e-02  1.39306504e-02
 -1.01395774e-04 -6.71927780e-02 -8.63643363e-02 -2.67728395e-03
  4.43368554e-02  5.26670599e-03 -1.11110985e-01  5.06164618e-02
 -1.68446684e-03 -1.69587191e-02 -5.71482480e-02  8.16210136e-02
  1.23943418e-01 -4.12537828e-02  1.46205388e-02  4.20407671e-03
 -1.14127822e-01  1.61779078e-03  1.13394842e-01  7.78730074e-03
 -2.73405481e-03 -8.40764120e-02  8.56693164e-02 -6.16555922e-02
 -3.63570973e-02 -1.30991340e-02  3.79565172e-02  2.61619408e-02
  8.41569714e-03  3.64972726e-02  1.14094727e-02 -1.01423122e-01
  1.53679000e-02 -1.60695296e-02  2.47120783e-02 -2.35120840e-02
  5.38128093e-02  6.50843093e-03  5.73397130e-02 -4.61662654e-03
  1.90963801e-02  1.37540353e-02 -5.86916953e-02 -3.12130200e-03
 -1.79889873e-02 -5.69268391e-02 -8.21279653e-04 -5.42958230e-02
 -4.53157425e-02 -1.16744693e-02 -4.24384512e-02 -3.11450563e-08
  1.35889594e-02  1.93023402e-02  4.75520939e-02  1.49732307e-01
  3.29136513e-02 -1.75408646e-02 -2.01616492e-02  8.91280770e-02
 -1.95651203e-02 -6.31334782e-02  7.68452603e-03  1.07988715e-02
 -8.48798677e-02  3.05364281e-03 -1.22101624e-02 -3.78223718e-04
  2.76042800e-02 -1.47127910e-02 -2.13429928e-02  9.08307806e-02
 -2.50909408e-03  4.39918898e-02  5.24551310e-02  2.87322886e-02
  3.77851948e-02  5.53839765e-02  6.82829171e-02  8.42706114e-02
  4.22137454e-02  2.48334408e-02 -1.33828400e-02  5.62497117e-02
  2.13221200e-02 -4.03622016e-02  2.84333136e-02 -5.30298352e-02
  4.76802997e-02  1.16036953e-02 -6.86602816e-02 -9.34375376e-02
 -4.25062422e-03 -5.31209186e-02 -1.08161263e-01 -1.60540342e-02
  7.56806135e-02  3.16430554e-02 -3.60345170e-02 -4.86991331e-02
 -1.51092885e-02  9.35622379e-02  1.47284577e-02 -1.15288924e-02
  9.89766642e-02  7.49921948e-02  2.71582790e-02 -1.21099185e-02
 -1.92275122e-02  8.21120944e-03  7.89580345e-02 -2.47033723e-02
  2.52375137e-02 -4.12211567e-02 -5.29540554e-02  4.46788892e-02]"
150,"When we combine frequent K-itemsets to construct (K+1)-itemsets, which of the following statements is accurate?",It is possible that some generated (K+1)-itemsets can be pruned because they may contain some infrequent K-itemsets.,easy,15,9.92666666666667,"['A. It is possible that some generated (K+1)-itemsets can be pruned because they may contain some infrequent K-itemsets.', 'B. Because we merged frequent itemsets, all the (K+1)-itemsets will be frequent.', 'C. We cannot prune any (K+1)-itemset without calculating its support.', 'D. None of the above.']",4,72.25,"[ 1.66290719e-03  3.63000371e-02 -4.76899818e-02 -2.10311939e-03
 -6.32134313e-03  1.22277513e-02  1.51668236e-01 -3.85038070e-02
 -2.63390578e-02  4.81256172e-02  7.21595883e-02 -3.56076732e-02
  9.37381461e-02 -8.12572539e-02 -1.25825889e-02  2.07499061e-02
  7.38194631e-03 -2.58815698e-02 -6.78012148e-02 -4.42199819e-02
 -1.48259159e-02 -1.03971995e-01  1.01603091e-01 -1.26180863e-02
  3.07458863e-02  8.21552053e-02  6.72985287e-03  6.37220655e-05
  9.70925242e-02  1.71494130e-02 -4.58106808e-02  7.00016692e-02
  4.83540483e-02  7.84348790e-03  1.64437182e-02 -5.51810265e-02
  3.72433513e-02  1.98387131e-02 -6.45630583e-02  6.25423715e-02
  2.12710518e-02 -2.85636052e-03  4.10878621e-02 -5.95646491e-03
 -3.65291573e-02  7.74559677e-02 -8.38765725e-02  1.64323933e-02
 -4.98914272e-02  4.31651361e-02 -2.35889480e-02 -1.53748617e-02
 -5.96506819e-02  6.01655878e-02  3.75297181e-02  9.65345502e-02
 -1.67238891e-01 -3.98119166e-03 -3.53811160e-02  1.11901313e-02
  1.47455335e-02 -9.26349014e-02 -6.50434121e-02 -7.85476435e-03
  4.22395058e-02 -7.63738761e-03 -4.98242192e-02  1.43423909e-02
  2.52182386e-03  5.58514819e-02  9.07983165e-03  4.73190956e-02
 -4.42730077e-02  6.81738555e-02  1.14176594e-01  4.08592559e-02
 -1.25429500e-02 -1.00284316e-01 -3.03601101e-02 -9.54093710e-02
 -7.95401931e-02  2.97549255e-02 -3.99396122e-02 -7.95053542e-02
 -4.10769106e-04 -5.10049351e-02 -1.85580067e-02 -6.20391741e-02
 -7.28712305e-02  1.40598789e-02  3.49037498e-02  1.64157443e-03
  1.01795904e-01 -1.83165837e-02  2.60407403e-02  4.29792553e-02
 -1.49453068e-02  2.50085611e-02  2.25671045e-02 -3.70356664e-02
 -2.07675397e-02  3.49203087e-02 -1.06818089e-02  3.10064200e-02
 -5.33313416e-02 -7.69734904e-02 -7.49699697e-02 -4.21680845e-02
 -6.46885019e-03  2.12980621e-02 -6.83778338e-03  4.79821377e-02
 -4.46881354e-02 -1.81686096e-02 -5.88557422e-02 -3.33623216e-02
  2.30403952e-02  2.53604259e-02  6.65904135e-02  3.79005866e-03
  8.88950974e-02  1.67901237e-02  1.73123498e-02 -1.39534222e-02
 -8.29091370e-02  1.53739145e-02  3.50149497e-02 -1.00628423e-33
  2.28163842e-02 -5.22407256e-02  2.94159651e-02 -1.76237188e-02
 -3.22610210e-03 -5.75333834e-02 -5.94816543e-02 -1.94192249e-02
  4.66630757e-02  1.82340364e-03 -6.53789863e-02  1.07306838e-01
 -3.27563321e-04  7.57169724e-02  1.04380637e-01 -7.06236344e-03
  7.10842609e-02  7.57662430e-02  3.51734534e-02 -2.95609515e-02
  1.65584199e-02 -1.54239521e-03  8.87353159e-03 -9.50845052e-03
  2.19912138e-02 -1.41860377e-02  4.84287702e-02  3.73277999e-02
 -9.33485329e-02  2.67670415e-02 -1.69685520e-02  4.21150513e-02
  6.68073306e-03  5.74015314e-03 -4.90572080e-02  9.68645364e-02
  1.15371095e-02 -2.23458502e-02  2.85355989e-02 -7.33984560e-02
 -4.80042547e-02 -3.16083767e-02 -1.98183637e-02  6.85362518e-02
  3.82880820e-03 -5.19973487e-02 -5.91763342e-03  4.26709168e-02
  2.53336113e-02  5.67036457e-02 -5.80298565e-02 -4.70420495e-02
  4.10707667e-02  2.14973968e-02  1.84793852e-03  6.43325746e-02
 -9.00557078e-03 -2.47295275e-02  9.47282240e-02  5.63864112e-02
  2.82544550e-02  4.23146375e-02  3.29279304e-02  1.17262326e-01
  1.09220147e-02  2.98888125e-02 -3.76778771e-03 -5.81831820e-02
  1.20199649e-02  8.65720864e-03  3.45808119e-02  1.10332020e-01
 -9.53037217e-02 -1.26819080e-02  3.46848853e-02  1.03564654e-02
  8.09835549e-03  9.28314039e-05 -1.16649143e-01 -1.68182552e-02
 -1.13050584e-02  5.24861105e-02  9.66990646e-03  4.17759530e-02
 -6.68886974e-02  5.93990460e-02  2.11446267e-02 -7.80521659e-03
  4.25345600e-02 -6.26732782e-02 -8.49046279e-04 -1.22869201e-02
  5.16194738e-02 -5.24832197e-02 -7.11233262e-03 -6.00624395e-34
 -3.92836845e-03  3.72239426e-02  2.70860232e-02  4.77915034e-02
  1.43185100e-02 -3.39191444e-02 -2.50391252e-02 -7.24009424e-02
  1.35504343e-02 -1.75487455e-02  2.34416723e-02  1.59260966e-02
 -8.56843293e-02 -1.13217629e-01 -2.71987841e-02 -4.10211878e-03
 -4.29408215e-02 -2.83128442e-03  8.42258036e-02 -3.49590778e-02
  5.42249903e-03 -7.64586553e-02 -1.63900089e-02  2.23742262e-03
 -1.48636596e-02 -7.27020949e-02 -9.97145846e-02 -4.08040471e-02
 -4.56845853e-03  1.61020048e-02  8.13358799e-02 -7.13077486e-02
  6.39111549e-02  2.28251121e-03  3.36007476e-02 -5.01978621e-02
  1.66949220e-02  2.89077521e-03  6.54004794e-03  3.51505820e-03
  4.30958532e-02 -1.33744096e-02 -5.31019503e-03  5.36012463e-02
  3.08222361e-02 -5.38782887e-02  1.39423432e-02 -1.71191785e-02
  3.50401662e-02 -4.39305715e-02  1.75368262e-03  3.25070135e-02
 -3.06713358e-02  2.80687176e-02  2.52842698e-02  1.41742513e-01
  1.71026438e-02  2.08011586e-02 -2.65862290e-02 -5.69542944e-02
 -5.89951873e-02 -3.76041085e-02  6.20164797e-02  2.64105313e-02
  4.26672734e-02 -3.95454168e-02  9.27754585e-03  6.46157516e-03
 -3.95216011e-02 -5.90299722e-03 -1.39882816e-02  4.24858853e-02
  2.68271696e-02 -8.47275630e-02 -9.58203077e-02 -4.31835949e-02
  6.48390278e-02  1.82179287e-02  7.61266332e-03  8.45210999e-02
 -6.46923929e-02  2.38354187e-02 -6.02044128e-02  4.80643250e-02
 -6.13127388e-02 -5.93076758e-02  7.63488859e-02 -1.51750296e-02
 -4.11550421e-03  6.35981187e-02  4.30226512e-02 -4.29903120e-02
 -6.06553331e-02  4.77596261e-02 -1.96913537e-02 -2.39905003e-08
 -6.21765964e-02 -9.46818069e-02 -5.25109768e-02 -2.33582016e-02
  1.00725427e-01 -3.55051016e-03 -6.51627630e-02  1.08216152e-01
 -4.37570252e-02 -1.01643056e-01  6.95517510e-02  2.67456118e-02
 -6.44500107e-02 -3.79731390e-03  3.55986021e-02  6.50332496e-03
  6.99430984e-03  9.10776015e-03 -1.85097363e-02  2.60854661e-02
  6.34399578e-02  2.68696249e-02  9.06532332e-02  1.09021168e-03
 -8.22442845e-02  7.86709189e-02  2.46316139e-02  1.38101410e-02
 -1.30656091e-02  4.59668599e-02  5.52000776e-02 -1.36638489e-02
  3.59862149e-02 -1.52877870e-03  5.45057049e-03 -2.11453903e-02
 -1.03546992e-01  1.92482919e-02 -3.29323933e-02 -8.94579887e-02
  1.63404122e-02 -1.08106107e-01  5.37987798e-04  5.18868417e-02
  4.32391204e-02 -2.56251972e-02 -7.73322359e-02  4.03682608e-03
 -6.69080690e-02 -9.46903229e-02 -1.26358315e-01  3.91567824e-03
  4.05139178e-02 -7.10373148e-02  3.97777818e-02  2.78671235e-02
  4.53375056e-02 -7.53125623e-02  9.38153118e-02 -5.51827885e-02
  2.93869060e-02 -3.03408988e-02 -9.84182581e-03  1.00248061e-01]"
