Student ID,Question ID,difficulty,correct,Response Time,topic
AQklHbi5bt8l,1,hard,0,27232,Misc / Tools
AQklHbi5bt8l,2,easy,1,8933,Misc / Tools
AQklHbi5bt8l,3,easy,1,14965,Misc / Tools
AQklHbi5bt8l,4,easy,1,12691,Misc / Tools
AQklHbi5bt8l,5,medium,0,26452,Misc / Tools
AQklHbi5bt8l,6,easy,1,18691,Misc / Tools
AQklHbi5bt8l,7,easy,1,17205,Data & Features
AQklHbi5bt8l,8,easy,1,12691,Data & Features
AQklHbi5bt8l,9,easy,1,15217,Misc / Tools
AQklHbi5bt8l,10,easy,1,12691,Misc / Tools
AQklHbi5bt8l,11,easy,1,12691,Misc / Tools
AQklHbi5bt8l,12,easy,1,12691,Misc / Tools
AQklHbi5bt8l,13,easy,1,14965,Misc / Tools
AQklHbi5bt8l,14,medium,0,28292,Data & Features
AQklHbi5bt8l,15,medium,0,28170,Data & Features
AQklHbi5bt8l,16,easy,0,28502,Data & Features
AQklHbi5bt8l,17,easy,0,23751,Data & Features
AQklHbi5bt8l,18,hard,0,27363,Clustering & Unsupervised
AQklHbi5bt8l,19,easy,1,14269,Clustering & Unsupervised
AQklHbi5bt8l,20,hard,0,24479,Data & Features
AQklHbi5bt8l,21,hard,0,24394,Misc / Tools
AQklHbi5bt8l,22,easy,1,12691,Data & Features
AQklHbi5bt8l,23,hard,0,25846,Clustering & Unsupervised
AQklHbi5bt8l,24,hard,0,24855,Data & Features
AQklHbi5bt8l,25,hard,0,27419,Clustering & Unsupervised
AQklHbi5bt8l,26,hard,0,29211,Data & Features
AQklHbi5bt8l,27,easy,1,17236,Data & Features
AQklHbi5bt8l,28,medium,0,26213,Data & Features
AQklHbi5bt8l,29,easy,1,12691,Data & Features
AQklHbi5bt8l,30,easy,1,11189,Data & Features
1ggBjCxnkaT8,1,hard,0,28232,Misc / Tools
1ggBjCxnkaT8,2,easy,1,9274,Misc / Tools
1ggBjCxnkaT8,3,easy,1,15769,Misc / Tools
1ggBjCxnkaT8,4,easy,1,13046,Misc / Tools
1ggBjCxnkaT8,5,medium,0,27423,Misc / Tools
1ggBjCxnkaT8,6,easy,1,19403,Misc / Tools
1ggBjCxnkaT8,7,easy,0,21703,Data & Features
1ggBjCxnkaT8,8,easy,1,13046,Data & Features
1ggBjCxnkaT8,9,easy,1,15796,Misc / Tools
1ggBjCxnkaT8,10,easy,1,13046,Misc / Tools
1ggBjCxnkaT8,11,easy,1,13046,Misc / Tools
1ggBjCxnkaT8,12,easy,1,13046,Misc / Tools
1ggBjCxnkaT8,13,easy,1,15769,Misc / Tools
1ggBjCxnkaT8,14,medium,0,29331,Data & Features
1ggBjCxnkaT8,15,medium,0,29205,Data & Features
1ggBjCxnkaT8,16,easy,0,29548,Data & Features
1ggBjCxnkaT8,17,easy,0,24623,Data & Features
1ggBjCxnkaT8,18,hard,0,28368,Clustering & Unsupervised
1ggBjCxnkaT8,19,easy,1,14813,Clustering & Unsupervised
1ggBjCxnkaT8,20,hard,0,25378,Data & Features
1ggBjCxnkaT8,21,hard,0,25290,Misc / Tools
1ggBjCxnkaT8,22,easy,1,13046,Data & Features
1ggBjCxnkaT8,23,hard,0,26796,Clustering & Unsupervised
1ggBjCxnkaT8,24,hard,0,25768,Data & Features
1ggBjCxnkaT8,25,hard,0,28425,Clustering & Unsupervised
1ggBjCxnkaT8,26,hard,0,30284,Data & Features
1ggBjCxnkaT8,27,easy,1,17892,Data & Features
1ggBjCxnkaT8,28,medium,0,27175,Data & Features
1ggBjCxnkaT8,29,easy,1,13046,Data & Features
1ggBjCxnkaT8,30,easy,1,11615,Data & Features
VqXqgB6ructd,1,hard,0,30533,Misc / Tools
VqXqgB6ructd,2,easy,1,11094,Misc / Tools
VqXqgB6ructd,3,easy,1,17117,Misc / Tools
VqXqgB6ructd,4,easy,1,15659,Misc / Tools
VqXqgB6ructd,5,medium,0,33065,Misc / Tools
VqXqgB6ructd,6,easy,1,20195,Misc / Tools
VqXqgB6ructd,7,easy,0,24396,Data & Features
VqXqgB6ructd,8,easy,1,15659,Data & Features
VqXqgB6ructd,9,easy,1,16613,Misc / Tools
VqXqgB6ructd,10,easy,1,15659,Misc / Tools
VqXqgB6ructd,11,easy,1,15659,Misc / Tools
VqXqgB6ructd,12,easy,1,15659,Misc / Tools
VqXqgB6ructd,13,easy,1,17117,Misc / Tools
VqXqgB6ructd,14,medium,1,30463,Data & Features
VqXqgB6ructd,15,medium,0,34713,Data & Features
VqXqgB6ructd,16,easy,1,28512,Data & Features
VqXqgB6ructd,17,easy,1,23169,Data & Features
VqXqgB6ructd,18,hard,0,25873,Clustering & Unsupervised
VqXqgB6ructd,19,easy,1,15909,Clustering & Unsupervised
VqXqgB6ructd,20,hard,0,29881,Data & Features
VqXqgB6ructd,21,hard,0,25431,Misc / Tools
VqXqgB6ructd,22,easy,1,15659,Data & Features
VqXqgB6ructd,23,hard,0,28731,Clustering & Unsupervised
VqXqgB6ructd,24,hard,0,24810,Data & Features
VqXqgB6ructd,25,hard,0,30742,Clustering & Unsupervised
VqXqgB6ructd,26,hard,0,34560,Data & Features
VqXqgB6ructd,27,easy,1,19714,Data & Features
VqXqgB6ructd,28,medium,0,32248,Data & Features
VqXqgB6ructd,29,easy,1,15659,Data & Features
VqXqgB6ructd,30,easy,1,13999,Data & Features
W0EkQhrkI3an,1,hard,0,22271,Misc / Tools
W0EkQhrkI3an,2,easy,1,7500,Misc / Tools
W0EkQhrkI3an,3,easy,1,12642,Misc / Tools
W0EkQhrkI3an,4,easy,1,10621,Misc / Tools
W0EkQhrkI3an,5,medium,1,19486,Misc / Tools
W0EkQhrkI3an,6,easy,1,15826,Misc / Tools
W0EkQhrkI3an,7,easy,1,14620,Data & Features
W0EkQhrkI3an,8,easy,1,10621,Data & Features
W0EkQhrkI3an,9,easy,1,12826,Misc / Tools
W0EkQhrkI3an,10,easy,1,10621,Misc / Tools
W0EkQhrkI3an,11,easy,1,10621,Misc / Tools
W0EkQhrkI3an,12,easy,1,10621,Misc / Tools
W0EkQhrkI3an,13,easy,1,12642,Misc / Tools
W0EkQhrkI3an,14,medium,0,23138,Data & Features
W0EkQhrkI3an,15,medium,0,23039,Data & Features
W0EkQhrkI3an,16,easy,1,21767,Data & Features
W0EkQhrkI3an,17,easy,0,20537,Data & Features
W0EkQhrkI3an,18,hard,0,20653,Clustering & Unsupervised
W0EkQhrkI3an,19,easy,1,11993,Clustering & Unsupervised
W0EkQhrkI3an,20,hard,0,19480,Data & Features
W0EkQhrkI3an,21,hard,0,19120,Misc / Tools
W0EkQhrkI3an,22,easy,1,10621,Data & Features
W0EkQhrkI3an,23,hard,0,20568,Clustering & Unsupervised
W0EkQhrkI3an,24,hard,0,19188,Data & Features
W0EkQhrkI3an,25,hard,0,21815,Clustering & Unsupervised
W0EkQhrkI3an,26,hard,0,23245,Data & Features
W0EkQhrkI3an,27,easy,1,14560,Data & Features
W0EkQhrkI3an,28,medium,0,21465,Data & Features
W0EkQhrkI3an,29,easy,1,10621,Data & Features
W0EkQhrkI3an,30,easy,1,9393,Data & Features
bWRj9XHmvXaq,1,hard,0,25154,Misc / Tools
bWRj9XHmvXaq,2,easy,1,8385,Misc / Tools
bWRj9XHmvXaq,3,easy,0,17325,Misc / Tools
bWRj9XHmvXaq,4,easy,1,11875,Misc / Tools
bWRj9XHmvXaq,5,medium,1,22168,Misc / Tools
bWRj9XHmvXaq,6,easy,0,21078,Misc / Tools
bWRj9XHmvXaq,7,easy,0,20736,Data & Features
bWRj9XHmvXaq,8,easy,1,11875,Data & Features
bWRj9XHmvXaq,9,easy,1,14256,Misc / Tools
bWRj9XHmvXaq,10,easy,1,11875,Misc / Tools
bWRj9XHmvXaq,11,easy,1,11875,Misc / Tools
bWRj9XHmvXaq,12,easy,1,11875,Misc / Tools
bWRj9XHmvXaq,13,easy,1,14134,Misc / Tools
bWRj9XHmvXaq,14,medium,1,24882,Data & Features
bWRj9XHmvXaq,15,medium,0,26021,Data & Features
bWRj9XHmvXaq,16,easy,1,24080,Data & Features
bWRj9XHmvXaq,17,easy,1,19964,Data & Features
bWRj9XHmvXaq,18,hard,1,25532,Clustering & Unsupervised
bWRj9XHmvXaq,19,easy,1,13502,Clustering & Unsupervised
bWRj9XHmvXaq,20,hard,1,24510,Data & Features
bWRj9XHmvXaq,21,hard,0,22198,Misc / Tools
bWRj9XHmvXaq,22,easy,1,11875,Data & Features
bWRj9XHmvXaq,23,hard,0,23879,Clustering & Unsupervised
bWRj9XHmvXaq,24,hard,0,22277,Data & Features
bWRj9XHmvXaq,25,hard,0,25327,Clustering & Unsupervised
bWRj9XHmvXaq,26,hard,0,26987,Data & Features
bWRj9XHmvXaq,27,easy,1,16278,Data & Features
bWRj9XHmvXaq,28,medium,1,21175,Data & Features
bWRj9XHmvXaq,29,easy,1,11875,Data & Features
bWRj9XHmvXaq,30,easy,1,10581,Data & Features
aKKO0pyKuBaK,1,hard,1,25300,Misc / Tools
aKKO0pyKuBaK,2,easy,1,8385,Misc / Tools
aKKO0pyKuBaK,3,easy,1,14134,Misc / Tools
aKKO0pyKuBaK,4,easy,1,11875,Misc / Tools
aKKO0pyKuBaK,5,medium,1,22168,Misc / Tools
aKKO0pyKuBaK,6,easy,1,17508,Misc / Tools
aKKO0pyKuBaK,7,easy,1,16250,Data & Features
aKKO0pyKuBaK,8,easy,1,11875,Data & Features
aKKO0pyKuBaK,9,easy,1,14256,Misc / Tools
aKKO0pyKuBaK,10,easy,1,11875,Misc / Tools
aKKO0pyKuBaK,11,easy,1,11875,Misc / Tools
aKKO0pyKuBaK,12,easy,1,11875,Misc / Tools
aKKO0pyKuBaK,13,easy,1,14134,Misc / Tools
aKKO0pyKuBaK,14,medium,0,26134,Data & Features
aKKO0pyKuBaK,15,medium,1,25025,Data & Features
aKKO0pyKuBaK,16,easy,1,24080,Data & Features
aKKO0pyKuBaK,17,easy,0,22892,Data & Features
aKKO0pyKuBaK,18,hard,0,23977,Clustering & Unsupervised
aKKO0pyKuBaK,19,easy,1,13502,Clustering & Unsupervised
aKKO0pyKuBaK,20,hard,0,22616,Data & Features
aKKO0pyKuBaK,21,hard,0,22198,Misc / Tools
aKKO0pyKuBaK,22,easy,1,11875,Data & Features
aKKO0pyKuBaK,23,hard,0,23879,Clustering & Unsupervised
aKKO0pyKuBaK,24,hard,0,22277,Data & Features
aKKO0pyKuBaK,25,hard,0,25327,Clustering & Unsupervised
aKKO0pyKuBaK,26,hard,1,26871,Data & Features
aKKO0pyKuBaK,27,easy,1,16278,Data & Features
aKKO0pyKuBaK,28,medium,1,21175,Data & Features
aKKO0pyKuBaK,29,easy,1,11875,Data & Features
aKKO0pyKuBaK,30,easy,1,10581,Data & Features
OHaSXzUdzChO,1,hard,1,28666,Misc / Tools
OHaSXzUdzChO,2,easy,1,10308,Misc / Tools
OHaSXzUdzChO,3,easy,1,16137,Misc / Tools
OHaSXzUdzChO,4,easy,1,14711,Misc / Tools
OHaSXzUdzChO,5,medium,1,24641,Misc / Tools
OHaSXzUdzChO,6,easy,1,18515,Misc / Tools
OHaSXzUdzChO,7,easy,1,17050,Data & Features
OHaSXzUdzChO,8,easy,1,14711,Data & Features
OHaSXzUdzChO,9,easy,1,15430,Misc / Tools
OHaSXzUdzChO,10,easy,1,14711,Misc / Tools
OHaSXzUdzChO,11,easy,1,14711,Misc / Tools
OHaSXzUdzChO,12,easy,1,14711,Misc / Tools
OHaSXzUdzChO,13,easy,1,16137,Misc / Tools
OHaSXzUdzChO,14,medium,0,30678,Data & Features
OHaSXzUdzChO,15,medium,1,27453,Data & Features
OHaSXzUdzChO,16,easy,1,26141,Data & Features
OHaSXzUdzChO,17,easy,0,24924,Data & Features
OHaSXzUdzChO,18,hard,0,27376,Clustering & Unsupervised
OHaSXzUdzChO,19,easy,1,14960,Clustering & Unsupervised
OHaSXzUdzChO,20,hard,0,25429,Data & Features
OHaSXzUdzChO,21,hard,0,25345,Misc / Tools
OHaSXzUdzChO,22,easy,1,14711,Data & Features
OHaSXzUdzChO,23,hard,0,27264,Clustering & Unsupervised
OHaSXzUdzChO,24,hard,0,25952,Data & Features
OHaSXzUdzChO,25,hard,1,28572,Clustering & Unsupervised
OHaSXzUdzChO,26,hard,1,30446,Data & Features
OHaSXzUdzChO,27,easy,1,18585,Data & Features
OHaSXzUdzChO,28,medium,1,23165,Data & Features
OHaSXzUdzChO,29,easy,1,14711,Data & Features
OHaSXzUdzChO,30,easy,1,13008,Data & Features
nIdSwhLzwJKt,1,hard,1,26396,Misc / Tools
nIdSwhLzwJKt,2,easy,1,8435,Misc / Tools
nIdSwhLzwJKt,3,easy,1,15118,Misc / Tools
nIdSwhLzwJKt,4,easy,1,11845,Misc / Tools
nIdSwhLzwJKt,5,medium,1,23632,Misc / Tools
nIdSwhLzwJKt,6,easy,0,20152,Misc / Tools
nIdSwhLzwJKt,7,easy,1,17040,Data & Features
nIdSwhLzwJKt,8,easy,1,11845,Data & Features
nIdSwhLzwJKt,9,easy,1,15071,Misc / Tools
nIdSwhLzwJKt,10,easy,1,11845,Misc / Tools
nIdSwhLzwJKt,11,easy,1,11845,Misc / Tools
nIdSwhLzwJKt,12,easy,1,11845,Misc / Tools
nIdSwhLzwJKt,13,easy,0,17185,Misc / Tools
nIdSwhLzwJKt,14,medium,1,26019,Data & Features
nIdSwhLzwJKt,15,medium,1,26168,Data & Features
nIdSwhLzwJKt,16,easy,1,25239,Data & Features
nIdSwhLzwJKt,17,easy,1,20922,Data & Features
nIdSwhLzwJKt,18,hard,0,20843,Clustering & Unsupervised
nIdSwhLzwJKt,19,easy,0,15867,Clustering & Unsupervised
nIdSwhLzwJKt,20,hard,0,21420,Data & Features
nIdSwhLzwJKt,21,hard,0,19597,Misc / Tools
nIdSwhLzwJKt,22,easy,1,11845,Data & Features
nIdSwhLzwJKt,23,hard,0,23431,Clustering & Unsupervised
nIdSwhLzwJKt,24,hard,0,18124,Data & Features
nIdSwhLzwJKt,25,hard,0,25310,Clustering & Unsupervised
nIdSwhLzwJKt,26,hard,0,26965,Data & Features
nIdSwhLzwJKt,27,easy,1,17034,Data & Features
nIdSwhLzwJKt,28,medium,1,22573,Data & Features
nIdSwhLzwJKt,29,easy,0,13200,Data & Features
nIdSwhLzwJKt,30,easy,1,10009,Data & Features
QJccKPT4nu7V,1,hard,1,28547,Misc / Tools
QJccKPT4nu7V,2,easy,1,10223,Misc / Tools
QJccKPT4nu7V,3,easy,1,16004,Misc / Tools
QJccKPT4nu7V,4,easy,1,14590,Misc / Tools
QJccKPT4nu7V,5,medium,0,30354,Misc / Tools
QJccKPT4nu7V,6,easy,0,23182,Misc / Tools
QJccKPT4nu7V,7,easy,1,17137,Data & Features
QJccKPT4nu7V,8,easy,1,14590,Data & Features
QJccKPT4nu7V,9,easy,1,15303,Misc / Tools
QJccKPT4nu7V,10,easy,1,14590,Misc / Tools
QJccKPT4nu7V,11,easy,1,14590,Misc / Tools
QJccKPT4nu7V,12,easy,1,14590,Misc / Tools
QJccKPT4nu7V,13,easy,0,22063,Misc / Tools
QJccKPT4nu7V,14,medium,1,27861,Data & Features
QJccKPT4nu7V,15,medium,1,28021,Data & Features
QJccKPT4nu7V,16,easy,1,26274,Data & Features
QJccKPT4nu7V,17,easy,1,21351,Data & Features
QJccKPT4nu7V,18,hard,0,27864,Clustering & Unsupervised
QJccKPT4nu7V,19,easy,1,14837,Clustering & Unsupervised
QJccKPT4nu7V,20,hard,1,32420,Data & Features
QJccKPT4nu7V,21,hard,0,25796,Misc / Tools
QJccKPT4nu7V,22,easy,1,14590,Data & Features
QJccKPT4nu7V,23,hard,1,30031,Clustering & Unsupervised
QJccKPT4nu7V,24,hard,0,26414,Data & Features
QJccKPT4nu7V,25,hard,1,28453,Clustering & Unsupervised
QJccKPT4nu7V,26,hard,0,31430,Data & Features
QJccKPT4nu7V,27,easy,1,18432,Data & Features
QJccKPT4nu7V,28,medium,1,23645,Data & Features
QJccKPT4nu7V,29,easy,1,14590,Data & Features
QJccKPT4nu7V,30,easy,1,12900,Data & Features
xbNryveuRsXc,1,hard,1,29493,Misc / Tools
xbNryveuRsXc,2,easy,1,10483,Misc / Tools
xbNryveuRsXc,3,easy,1,16173,Misc / Tools
xbNryveuRsXc,4,easy,1,14796,Misc / Tools
xbNryveuRsXc,5,medium,1,25985,Misc / Tools
xbNryveuRsXc,6,easy,1,19082,Misc / Tools
xbNryveuRsXc,7,easy,1,17524,Data & Features
xbNryveuRsXc,8,easy,1,14796,Data & Features
xbNryveuRsXc,9,easy,1,15531,Misc / Tools
xbNryveuRsXc,10,easy,1,14796,Misc / Tools
xbNryveuRsXc,11,easy,1,14796,Misc / Tools
xbNryveuRsXc,12,easy,1,14796,Misc / Tools
xbNryveuRsXc,13,easy,1,16173,Misc / Tools
xbNryveuRsXc,14,medium,1,28784,Data & Features
xbNryveuRsXc,15,medium,1,28950,Data & Features
xbNryveuRsXc,16,easy,1,26941,Data & Features
xbNryveuRsXc,17,easy,0,26506,Data & Features
xbNryveuRsXc,18,hard,0,24899,Clustering & Unsupervised
xbNryveuRsXc,19,easy,1,15033,Clustering & Unsupervised
xbNryveuRsXc,20,hard,0,28757,Data & Features
xbNryveuRsXc,21,hard,0,24474,Misc / Tools
xbNryveuRsXc,22,easy,1,14796,Data & Features
xbNryveuRsXc,23,hard,0,27651,Clustering & Unsupervised
xbNryveuRsXc,24,hard,0,23877,Data & Features
xbNryveuRsXc,25,hard,0,29585,Clustering & Unsupervised
xbNryveuRsXc,26,hard,0,33260,Data & Features
xbNryveuRsXc,27,easy,1,18627,Data & Features
xbNryveuRsXc,28,medium,1,24428,Data & Features
xbNryveuRsXc,29,easy,1,14796,Data & Features
xbNryveuRsXc,30,easy,1,13228,Data & Features
w1PmKgj9FomZ,1,hard,1,29493,Misc / Tools
w1PmKgj9FomZ,2,easy,1,10483,Misc / Tools
w1PmKgj9FomZ,3,easy,1,16173,Misc / Tools
w1PmKgj9FomZ,4,easy,1,14796,Misc / Tools
w1PmKgj9FomZ,5,medium,1,25985,Misc / Tools
w1PmKgj9FomZ,6,easy,1,19082,Misc / Tools
w1PmKgj9FomZ,7,easy,1,17524,Data & Features
w1PmKgj9FomZ,8,easy,1,14796,Data & Features
w1PmKgj9FomZ,9,easy,1,15531,Misc / Tools
w1PmKgj9FomZ,10,easy,1,14796,Misc / Tools
w1PmKgj9FomZ,11,easy,1,14796,Misc / Tools
w1PmKgj9FomZ,12,easy,1,14796,Misc / Tools
w1PmKgj9FomZ,13,easy,1,16173,Misc / Tools
w1PmKgj9FomZ,14,medium,0,33552,Data & Features
w1PmKgj9FomZ,15,medium,1,28950,Data & Features
w1PmKgj9FomZ,16,easy,1,26941,Data & Features
w1PmKgj9FomZ,17,easy,0,26506,Data & Features
w1PmKgj9FomZ,18,hard,0,24899,Clustering & Unsupervised
w1PmKgj9FomZ,19,easy,1,15033,Clustering & Unsupervised
w1PmKgj9FomZ,20,hard,1,33613,Data & Features
w1PmKgj9FomZ,21,hard,0,24474,Misc / Tools
w1PmKgj9FomZ,22,easy,1,14796,Data & Features
w1PmKgj9FomZ,23,hard,0,27651,Clustering & Unsupervised
w1PmKgj9FomZ,24,hard,0,23877,Data & Features
w1PmKgj9FomZ,25,hard,1,29396,Clustering & Unsupervised
w1PmKgj9FomZ,26,hard,1,33047,Data & Features
w1PmKgj9FomZ,27,easy,1,18627,Data & Features
w1PmKgj9FomZ,28,medium,1,24428,Data & Features
w1PmKgj9FomZ,29,easy,1,14796,Data & Features
w1PmKgj9FomZ,30,easy,1,13228,Data & Features
KNvidOVZPDzA,1,hard,0,27569,Misc / Tools
KNvidOVZPDzA,2,easy,1,8835,Misc / Tools
KNvidOVZPDzA,3,easy,1,14892,Misc / Tools
KNvidOVZPDzA,4,easy,1,12552,Misc / Tools
KNvidOVZPDzA,5,medium,1,24531,Misc / Tools
KNvidOVZPDzA,6,easy,1,18600,Misc / Tools
KNvidOVZPDzA,7,easy,1,17122,Data & Features
KNvidOVZPDzA,8,easy,1,12552,Data & Features
KNvidOVZPDzA,9,easy,1,15021,Misc / Tools
KNvidOVZPDzA,10,easy,1,12552,Misc / Tools
KNvidOVZPDzA,11,easy,1,12552,Misc / Tools
KNvidOVZPDzA,12,easy,1,12552,Misc / Tools
KNvidOVZPDzA,13,easy,0,17986,Misc / Tools
KNvidOVZPDzA,14,medium,1,27271,Data & Features
KNvidOVZPDzA,15,medium,0,28519,Data & Features
KNvidOVZPDzA,16,easy,1,25582,Data & Features
KNvidOVZPDzA,17,easy,1,21353,Data & Features
KNvidOVZPDzA,18,hard,0,27707,Clustering & Unsupervised
KNvidOVZPDzA,19,easy,1,14200,Clustering & Unsupervised
KNvidOVZPDzA,20,hard,0,24787,Data & Features
KNvidOVZPDzA,21,hard,0,24700,Misc / Tools
KNvidOVZPDzA,22,easy,1,12552,Data & Features
KNvidOVZPDzA,23,hard,0,26171,Clustering & Unsupervised
KNvidOVZPDzA,24,hard,0,25168,Data & Features
KNvidOVZPDzA,25,hard,0,27758,Clustering & Unsupervised
KNvidOVZPDzA,26,hard,0,29578,Data & Features
KNvidOVZPDzA,27,easy,1,17152,Data & Features
KNvidOVZPDzA,28,medium,0,26537,Data & Features
KNvidOVZPDzA,29,easy,1,12552,Data & Features
KNvidOVZPDzA,30,easy,1,11066,Data & Features
7VpB1pGsv71N,1,hard,0,19967,Misc / Tools
7VpB1pGsv71N,2,easy,1,7078,Misc / Tools
7VpB1pGsv71N,3,easy,0,15882,Misc / Tools
7VpB1pGsv71N,4,easy,1,9940,Misc / Tools
7VpB1pGsv71N,5,medium,1,21012,Misc / Tools
7VpB1pGsv71N,6,easy,0,16495,Misc / Tools
7VpB1pGsv71N,7,easy,1,14108,Data & Features
7VpB1pGsv71N,8,easy,1,9940,Data & Features
7VpB1pGsv71N,9,easy,1,12648,Misc / Tools
7VpB1pGsv71N,10,easy,1,9940,Misc / Tools
7VpB1pGsv71N,11,easy,1,9940,Misc / Tools
7VpB1pGsv71N,12,easy,1,9940,Misc / Tools
7VpB1pGsv71N,13,easy,1,14048,Misc / Tools
7VpB1pGsv71N,14,medium,1,22901,Data & Features
7VpB1pGsv71N,15,medium,1,23375,Data & Features
7VpB1pGsv71N,16,easy,1,20763,Data & Features
7VpB1pGsv71N,17,easy,1,18766,Data & Features
7VpB1pGsv71N,18,hard,0,15034,Clustering & Unsupervised
7VpB1pGsv71N,19,easy,1,12403,Clustering & Unsupervised
7VpB1pGsv71N,20,hard,0,16957,Data & Features
7VpB1pGsv71N,21,hard,0,15270,Misc / Tools
7VpB1pGsv71N,22,easy,1,9940,Data & Features
7VpB1pGsv71N,23,hard,0,17820,Clustering & Unsupervised
7VpB1pGsv71N,24,hard,0,14088,Data & Features
7VpB1pGsv71N,25,hard,1,23501,Clustering & Unsupervised
7VpB1pGsv71N,26,hard,1,25038,Data & Features
7VpB1pGsv71N,27,easy,1,14853,Data & Features
7VpB1pGsv71N,28,medium,0,19674,Data & Features
7VpB1pGsv71N,29,easy,1,9940,Data & Features
7VpB1pGsv71N,30,easy,1,8399,Data & Features
R8OVhINU7nka,1,hard,0,29296,Misc / Tools
R8OVhINU7nka,2,easy,1,10223,Misc / Tools
R8OVhINU7nka,3,easy,1,16004,Misc / Tools
R8OVhINU7nka,4,easy,1,14590,Misc / Tools
R8OVhINU7nka,5,medium,0,30354,Misc / Tools
R8OVhINU7nka,6,easy,1,18610,Misc / Tools
R8OVhINU7nka,7,easy,1,17137,Data & Features
R8OVhINU7nka,8,easy,1,14590,Data & Features
R8OVhINU7nka,9,easy,1,15303,Misc / Tools
R8OVhINU7nka,10,easy,1,14590,Misc / Tools
R8OVhINU7nka,11,easy,1,14590,Misc / Tools
R8OVhINU7nka,12,easy,1,14590,Misc / Tools
R8OVhINU7nka,13,easy,1,16004,Misc / Tools
R8OVhINU7nka,14,medium,0,32004,Data & Features
R8OVhINU7nka,15,medium,0,31867,Data & Features
R8OVhINU7nka,16,easy,1,26274,Data & Features
R8OVhINU7nka,17,easy,0,25475,Data & Features
R8OVhINU7nka,18,hard,0,27864,Clustering & Unsupervised
R8OVhINU7nka,19,easy,1,14837,Clustering & Unsupervised
R8OVhINU7nka,20,hard,0,28860,Data & Features
R8OVhINU7nka,21,hard,0,25796,Misc / Tools
R8OVhINU7nka,22,easy,1,14590,Data & Features
R8OVhINU7nka,23,hard,1,30031,Clustering & Unsupervised
R8OVhINU7nka,24,hard,1,29673,Data & Features
R8OVhINU7nka,25,hard,1,28453,Clustering & Unsupervised
R8OVhINU7nka,26,hard,0,31430,Data & Features
R8OVhINU7nka,27,easy,1,18432,Data & Features
R8OVhINU7nka,28,medium,1,23645,Data & Features
R8OVhINU7nka,29,easy,1,14590,Data & Features
R8OVhINU7nka,30,easy,1,12900,Data & Features
Za018kn2raFk,1,hard,1,29324,Misc / Tools
Za018kn2raFk,2,easy,1,10295,Misc / Tools
Za018kn2raFk,3,easy,1,15884,Misc / Tools
Za018kn2raFk,4,easy,1,14532,Misc / Tools
Za018kn2raFk,5,medium,0,31250,Misc / Tools
Za018kn2raFk,6,easy,1,18741,Misc / Tools
Za018kn2raFk,7,easy,1,17210,Data & Features
Za018kn2raFk,8,easy,1,14532,Data & Features
Za018kn2raFk,9,easy,1,15417,Misc / Tools
Za018kn2raFk,10,easy,1,14532,Misc / Tools
Za018kn2raFk,11,easy,1,14532,Misc / Tools
Za018kn2raFk,12,easy,1,14532,Misc / Tools
Za018kn2raFk,13,easy,0,22217,Misc / Tools
Za018kn2raFk,14,medium,0,32949,Data & Features
Za018kn2raFk,15,medium,0,32807,Data & Features
Za018kn2raFk,16,easy,0,31799,Data & Features
Za018kn2raFk,17,easy,0,26030,Data & Features
Za018kn2raFk,18,hard,0,24222,Clustering & Unsupervised
Za018kn2raFk,19,easy,1,14764,Clustering & Unsupervised
Za018kn2raFk,20,hard,0,27974,Data & Features
Za018kn2raFk,21,hard,0,23808,Misc / Tools
Za018kn2raFk,22,easy,1,14532,Data & Features
Za018kn2raFk,23,hard,1,30958,Clustering & Unsupervised
Za018kn2raFk,24,hard,0,23227,Data & Features
Za018kn2raFk,25,hard,0,29054,Clustering & Unsupervised
Za018kn2raFk,26,hard,1,32858,Data & Features
Za018kn2raFk,27,easy,1,18294,Data & Features
Za018kn2raFk,28,medium,0,30477,Data & Features
Za018kn2raFk,29,easy,1,14532,Data & Features
Za018kn2raFk,30,easy,1,12991,Data & Features
IWu147zvpRWb,1,hard,1,27867,Misc / Tools
IWu147zvpRWb,2,easy,1,8432,Misc / Tools
IWu147zvpRWb,3,easy,1,14985,Misc / Tools
IWu147zvpRWb,4,easy,1,11841,Misc / Tools
IWu147zvpRWb,5,medium,0,26381,Misc / Tools
IWu147zvpRWb,6,easy,1,18693,Misc / Tools
IWu147zvpRWb,7,easy,0,19417,Data & Features
IWu147zvpRWb,8,easy,1,11841,Data & Features
IWu147zvpRWb,9,easy,1,15064,Misc / Tools
IWu147zvpRWb,10,easy,1,11841,Misc / Tools
IWu147zvpRWb,11,easy,1,11841,Misc / Tools
IWu147zvpRWb,12,easy,1,11841,Misc / Tools
IWu147zvpRWb,13,easy,1,14985,Misc / Tools
IWu147zvpRWb,14,medium,0,28216,Data & Features
IWu147zvpRWb,15,medium,0,28033,Data & Features
IWu147zvpRWb,16,easy,0,28425,Data & Features
IWu147zvpRWb,17,easy,0,23687,Data & Features
IWu147zvpRWb,18,hard,0,26719,Clustering & Unsupervised
IWu147zvpRWb,19,easy,1,14126,Clustering & Unsupervised
IWu147zvpRWb,20,hard,0,23923,Data & Features
IWu147zvpRWb,21,hard,0,23610,Misc / Tools
IWu147zvpRWb,22,easy,1,11841,Data & Features
IWu147zvpRWb,23,hard,0,25259,Clustering & Unsupervised
IWu147zvpRWb,24,hard,0,23822,Data & Features
IWu147zvpRWb,25,hard,0,27285,Clustering & Unsupervised
IWu147zvpRWb,26,hard,0,29069,Data & Features
IWu147zvpRWb,27,easy,1,17003,Data & Features
IWu147zvpRWb,28,medium,0,26142,Data & Features
IWu147zvpRWb,29,easy,1,11841,Data & Features
IWu147zvpRWb,30,easy,1,10561,Data & Features
d5279GvwAinX,1,hard,1,26396,Misc / Tools
d5279GvwAinX,2,easy,1,8435,Misc / Tools
d5279GvwAinX,3,easy,1,15118,Misc / Tools
d5279GvwAinX,4,easy,1,11845,Misc / Tools
d5279GvwAinX,5,medium,1,23632,Misc / Tools
d5279GvwAinX,6,easy,0,20152,Misc / Tools
d5279GvwAinX,7,easy,1,17040,Data & Features
d5279GvwAinX,8,easy,1,11845,Data & Features
d5279GvwAinX,9,easy,1,15071,Misc / Tools
d5279GvwAinX,10,easy,1,11845,Misc / Tools
d5279GvwAinX,11,easy,1,11845,Misc / Tools
d5279GvwAinX,12,easy,1,11845,Misc / Tools
d5279GvwAinX,13,easy,1,15118,Misc / Tools
d5279GvwAinX,14,medium,1,26019,Data & Features
d5279GvwAinX,15,medium,0,25614,Data & Features
d5279GvwAinX,16,easy,0,27098,Data & Features
d5279GvwAinX,17,easy,1,20922,Data & Features
d5279GvwAinX,18,hard,0,20843,Clustering & Unsupervised
d5279GvwAinX,19,easy,1,14152,Clustering & Unsupervised
d5279GvwAinX,20,hard,0,21420,Data & Features
d5279GvwAinX,21,hard,0,19597,Misc / Tools
d5279GvwAinX,22,easy,1,11845,Data & Features
d5279GvwAinX,23,hard,0,23431,Clustering & Unsupervised
d5279GvwAinX,24,hard,0,18124,Data & Features
d5279GvwAinX,25,hard,0,25310,Clustering & Unsupervised
d5279GvwAinX,26,hard,0,26965,Data & Features
d5279GvwAinX,27,easy,1,17034,Data & Features
d5279GvwAinX,28,medium,1,22573,Data & Features
d5279GvwAinX,29,easy,1,11845,Data & Features
d5279GvwAinX,30,easy,1,10009,Data & Features
SOvsRqc7VPKI,1,hard,1,29324,Misc / Tools
SOvsRqc7VPKI,2,easy,1,10295,Misc / Tools
SOvsRqc7VPKI,3,easy,1,15884,Misc / Tools
SOvsRqc7VPKI,4,easy,1,14532,Misc / Tools
SOvsRqc7VPKI,5,medium,1,25520,Misc / Tools
SOvsRqc7VPKI,6,easy,1,18741,Misc / Tools
SOvsRqc7VPKI,7,easy,1,17210,Data & Features
SOvsRqc7VPKI,8,easy,1,14532,Data & Features
SOvsRqc7VPKI,9,easy,1,15417,Misc / Tools
SOvsRqc7VPKI,10,easy,1,14532,Misc / Tools
SOvsRqc7VPKI,11,easy,1,14532,Misc / Tools
SOvsRqc7VPKI,12,easy,1,14532,Misc / Tools
SOvsRqc7VPKI,13,easy,1,15884,Misc / Tools
SOvsRqc7VPKI,14,medium,1,28270,Data & Features
SOvsRqc7VPKI,15,medium,1,28432,Data & Features
SOvsRqc7VPKI,16,easy,1,26459,Data & Features
SOvsRqc7VPKI,17,easy,1,21501,Data & Features
SOvsRqc7VPKI,18,hard,0,24222,Clustering & Unsupervised
SOvsRqc7VPKI,19,easy,1,14764,Clustering & Unsupervised
SOvsRqc7VPKI,20,hard,0,27974,Data & Features
SOvsRqc7VPKI,21,hard,0,23808,Misc / Tools
SOvsRqc7VPKI,22,easy,1,14532,Data & Features
SOvsRqc7VPKI,23,hard,0,27154,Clustering & Unsupervised
SOvsRqc7VPKI,24,hard,0,23227,Data & Features
SOvsRqc7VPKI,25,hard,1,29228,Clustering & Unsupervised
SOvsRqc7VPKI,26,hard,0,32662,Data & Features
SOvsRqc7VPKI,27,easy,1,18294,Data & Features
SOvsRqc7VPKI,28,medium,0,30477,Data & Features
SOvsRqc7VPKI,29,easy,1,14532,Data & Features
SOvsRqc7VPKI,30,easy,1,12991,Data & Features
WZiibWz2DWRQ,1,hard,1,25746,Misc / Tools
WZiibWz2DWRQ,2,easy,1,10075,Misc / Tools
WZiibWz2DWRQ,3,easy,1,15772,Misc / Tools
WZiibWz2DWRQ,4,easy,1,14378,Misc / Tools
WZiibWz2DWRQ,5,medium,1,22558,Misc / Tools
WZiibWz2DWRQ,6,easy,1,17816,Misc / Tools
WZiibWz2DWRQ,7,easy,1,16666,Data & Features
WZiibWz2DWRQ,8,easy,1,14378,Data & Features
WZiibWz2DWRQ,9,easy,1,15027,Misc / Tools
WZiibWz2DWRQ,10,easy,1,14378,Misc / Tools
WZiibWz2DWRQ,11,easy,1,14378,Misc / Tools
WZiibWz2DWRQ,12,easy,1,14378,Misc / Tools
WZiibWz2DWRQ,13,easy,1,15772,Misc / Tools
WZiibWz2DWRQ,14,medium,1,25320,Data & Features
WZiibWz2DWRQ,15,medium,1,25466,Data & Features
WZiibWz2DWRQ,16,easy,1,24504,Data & Features
WZiibWz2DWRQ,17,easy,1,20316,Data & Features
WZiibWz2DWRQ,18,hard,0,24400,Clustering & Unsupervised
WZiibWz2DWRQ,19,easy,1,14622,Clustering & Unsupervised
WZiibWz2DWRQ,20,hard,0,23014,Data & Features
WZiibWz2DWRQ,21,hard,0,22589,Misc / Tools
WZiibWz2DWRQ,22,easy,1,14378,Data & Features
WZiibWz2DWRQ,23,hard,0,24300,Clustering & Unsupervised
WZiibWz2DWRQ,24,hard,0,23131,Data & Features
WZiibWz2DWRQ,25,hard,1,25661,Clustering & Unsupervised
WZiibWz2DWRQ,26,hard,0,27463,Data & Features
WZiibWz2DWRQ,27,easy,1,18165,Data & Features
WZiibWz2DWRQ,28,medium,0,24849,Data & Features
WZiibWz2DWRQ,29,easy,1,14378,Data & Features
WZiibWz2DWRQ,30,easy,1,12713,Data & Features
6k8WibIW0Img,1,hard,1,29324,Misc / Tools
6k8WibIW0Img,2,easy,1,10295,Misc / Tools
6k8WibIW0Img,3,easy,1,15884,Misc / Tools
6k8WibIW0Img,4,easy,1,14532,Misc / Tools
6k8WibIW0Img,5,medium,1,25520,Misc / Tools
6k8WibIW0Img,6,easy,1,18741,Misc / Tools
6k8WibIW0Img,7,easy,1,17210,Data & Features
6k8WibIW0Img,8,easy,1,14532,Data & Features
6k8WibIW0Img,9,easy,1,15417,Misc / Tools
6k8WibIW0Img,10,easy,1,14532,Misc / Tools
6k8WibIW0Img,11,easy,1,14532,Misc / Tools
6k8WibIW0Img,12,easy,1,14532,Misc / Tools
6k8WibIW0Img,13,easy,1,15884,Misc / Tools
6k8WibIW0Img,14,medium,1,28270,Data & Features
6k8WibIW0Img,15,medium,1,28432,Data & Features
6k8WibIW0Img,16,easy,1,26459,Data & Features
6k8WibIW0Img,17,easy,1,21501,Data & Features
6k8WibIW0Img,18,hard,0,24222,Clustering & Unsupervised
6k8WibIW0Img,19,easy,1,14764,Clustering & Unsupervised
6k8WibIW0Img,20,hard,0,27974,Data & Features
6k8WibIW0Img,21,hard,0,23808,Misc / Tools
6k8WibIW0Img,22,easy,1,14532,Data & Features
6k8WibIW0Img,23,hard,0,27154,Clustering & Unsupervised
6k8WibIW0Img,24,hard,0,23227,Data & Features
6k8WibIW0Img,25,hard,1,29228,Clustering & Unsupervised
6k8WibIW0Img,26,hard,0,32662,Data & Features
6k8WibIW0Img,27,easy,1,18294,Data & Features
6k8WibIW0Img,28,medium,0,30477,Data & Features
6k8WibIW0Img,29,easy,1,14532,Data & Features
6k8WibIW0Img,30,easy,1,12991,Data & Features
BhvtwuIg7wvF,1,hard,1,22195,Misc / Tools
BhvtwuIg7wvF,2,easy,1,8349,Misc / Tools
BhvtwuIg7wvF,3,easy,0,17454,Misc / Tools
BhvtwuIg7wvF,4,easy,1,12670,Misc / Tools
BhvtwuIg7wvF,5,medium,1,18644,Misc / Tools
BhvtwuIg7wvF,6,easy,0,17917,Misc / Tools
BhvtwuIg7wvF,7,easy,0,17902,Data & Features
BhvtwuIg7wvF,8,easy,1,12670,Data & Features
BhvtwuIg7wvF,9,easy,1,12527,Misc / Tools
BhvtwuIg7wvF,10,easy,1,12670,Misc / Tools
BhvtwuIg7wvF,11,easy,1,12670,Misc / Tools
BhvtwuIg7wvF,12,easy,1,12670,Misc / Tools
BhvtwuIg7wvF,13,easy,1,13070,Misc / Tools
BhvtwuIg7wvF,14,medium,0,21979,Data & Features
BhvtwuIg7wvF,15,medium,0,25288,Data & Features
BhvtwuIg7wvF,16,easy,0,23431,Data & Features
BhvtwuIg7wvF,17,easy,0,19459,Data & Features
BhvtwuIg7wvF,18,hard,0,21034,Clustering & Unsupervised
BhvtwuIg7wvF,19,easy,1,12117,Clustering & Unsupervised
BhvtwuIg7wvF,20,hard,0,19538,Data & Features
BhvtwuIg7wvF,21,hard,0,19474,Misc / Tools
BhvtwuIg7wvF,22,easy,1,12670,Data & Features
BhvtwuIg7wvF,23,hard,0,20948,Clustering & Unsupervised
BhvtwuIg7wvF,24,hard,0,19940,Data & Features
BhvtwuIg7wvF,25,hard,1,22122,Clustering & Unsupervised
BhvtwuIg7wvF,26,hard,0,23675,Data & Features
BhvtwuIg7wvF,27,easy,1,15053,Data & Features
BhvtwuIg7wvF,28,medium,1,17808,Data & Features
BhvtwuIg7wvF,29,easy,1,12670,Data & Features
BhvtwuIg7wvF,30,easy,1,11203,Data & Features
ynjK3wP1cV18,1,hard,1,40351,Misc / Tools
ynjK3wP1cV18,2,easy,1,15587,Misc / Tools
ynjK3wP1cV18,3,easy,1,24049,Misc / Tools
ynjK3wP1cV18,4,easy,1,22001,Misc / Tools
ynjK3wP1cV18,5,medium,1,37821,Misc / Tools
ynjK3wP1cV18,6,easy,1,26823,Misc / Tools
ynjK3wP1cV18,7,easy,1,26057,Data & Features
ynjK3wP1cV18,8,easy,1,22001,Data & Features
ynjK3wP1cV18,9,easy,1,23342,Misc / Tools
ynjK3wP1cV18,10,easy,1,22001,Misc / Tools
ynjK3wP1cV18,11,easy,1,22001,Misc / Tools
ynjK3wP1cV18,12,easy,1,22001,Misc / Tools
ynjK3wP1cV18,13,easy,1,24049,Misc / Tools
ynjK3wP1cV18,14,medium,1,38900,Data & Features
ynjK3wP1cV18,15,medium,1,39124,Data & Features
ynjK3wP1cV18,16,easy,1,37870,Data & Features
ynjK3wP1cV18,17,easy,1,30774,Data & Features
ynjK3wP1cV18,18,hard,0,30562,Clustering & Unsupervised
ynjK3wP1cV18,19,easy,1,22353,Clustering & Unsupervised
ynjK3wP1cV18,20,hard,1,46882,Data & Features
ynjK3wP1cV18,21,hard,0,30040,Misc / Tools
ynjK3wP1cV18,22,easy,1,22001,Data & Features
ynjK3wP1cV18,23,hard,0,34262,Clustering & Unsupervised
ynjK3wP1cV18,24,hard,0,29307,Data & Features
ynjK3wP1cV18,25,hard,1,40219,Clustering & Unsupervised
ynjK3wP1cV18,26,hard,0,41212,Data & Features
ynjK3wP1cV18,27,easy,1,27697,Data & Features
ynjK3wP1cV18,28,medium,1,35556,Data & Features
ynjK3wP1cV18,29,easy,1,22001,Data & Features
ynjK3wP1cV18,30,easy,1,19669,Data & Features
No1fcFHRlYfg,1,hard,1,29115,Misc / Tools
No1fcFHRlYfg,2,easy,1,10081,Misc / Tools
No1fcFHRlYfg,3,easy,1,15554,Misc / Tools
No1fcFHRlYfg,4,easy,1,14586,Misc / Tools
No1fcFHRlYfg,5,medium,1,24162,Misc / Tools
No1fcFHRlYfg,6,easy,1,17765,Misc / Tools
No1fcFHRlYfg,7,easy,1,16551,Data & Features
No1fcFHRlYfg,8,easy,1,14586,Data & Features
No1fcFHRlYfg,9,easy,1,15143,Misc / Tools
No1fcFHRlYfg,10,easy,1,14586,Misc / Tools
No1fcFHRlYfg,11,easy,1,14586,Misc / Tools
No1fcFHRlYfg,12,easy,1,14586,Misc / Tools
No1fcFHRlYfg,13,easy,1,15554,Misc / Tools
No1fcFHRlYfg,14,medium,1,27112,Data & Features
No1fcFHRlYfg,15,medium,1,27275,Data & Features
No1fcFHRlYfg,16,easy,1,25149,Data & Features
No1fcFHRlYfg,17,easy,1,20338,Data & Features
No1fcFHRlYfg,18,hard,0,29767,Clustering & Unsupervised
No1fcFHRlYfg,19,easy,1,14201,Clustering & Unsupervised
No1fcFHRlYfg,20,hard,1,33103,Data & Features
No1fcFHRlYfg,21,hard,0,29581,Misc / Tools
No1fcFHRlYfg,22,easy,1,14586,Data & Features
No1fcFHRlYfg,23,hard,0,31171,Clustering & Unsupervised
No1fcFHRlYfg,24,hard,0,29067,Data & Features
No1fcFHRlYfg,25,hard,1,29020,Clustering & Unsupervised
No1fcFHRlYfg,26,hard,0,34241,Data & Features
No1fcFHRlYfg,27,easy,1,17913,Data & Features
No1fcFHRlYfg,28,medium,1,22715,Data & Features
No1fcFHRlYfg,29,easy,1,14586,Data & Features
No1fcFHRlYfg,30,easy,1,12721,Data & Features
Q7dfzHYyXvOT,1,hard,1,28230,Misc / Tools
Q7dfzHYyXvOT,2,easy,1,8697,Misc / Tools
Q7dfzHYyXvOT,3,easy,1,13267,Misc / Tools
Q7dfzHYyXvOT,4,easy,1,12378,Misc / Tools
Q7dfzHYyXvOT,5,medium,1,21072,Misc / Tools
Q7dfzHYyXvOT,6,easy,1,15233,Misc / Tools
Q7dfzHYyXvOT,7,easy,1,14453,Data & Features
Q7dfzHYyXvOT,8,easy,1,12378,Data & Features
Q7dfzHYyXvOT,9,easy,1,12826,Misc / Tools
Q7dfzHYyXvOT,10,easy,1,12378,Misc / Tools
Q7dfzHYyXvOT,11,easy,1,12378,Misc / Tools
Q7dfzHYyXvOT,12,easy,1,12378,Misc / Tools
Q7dfzHYyXvOT,13,easy,1,13267,Misc / Tools
Q7dfzHYyXvOT,14,medium,1,23644,Data & Features
Q7dfzHYyXvOT,15,medium,1,27862,Data & Features
Q7dfzHYyXvOT,16,easy,1,21566,Data & Features
Q7dfzHYyXvOT,17,easy,1,17737,Data & Features
Q7dfzHYyXvOT,18,hard,0,28862,Clustering & Unsupervised
Q7dfzHYyXvOT,19,easy,1,12238,Clustering & Unsupervised
Q7dfzHYyXvOT,20,hard,1,42635,Data & Features
Q7dfzHYyXvOT,21,hard,0,28681,Misc / Tools
Q7dfzHYyXvOT,22,easy,1,12378,Data & Features
Q7dfzHYyXvOT,23,hard,0,30224,Clustering & Unsupervised
Q7dfzHYyXvOT,24,hard,0,28184,Data & Features
Q7dfzHYyXvOT,25,hard,1,28137,Clustering & Unsupervised
Q7dfzHYyXvOT,26,hard,0,33200,Data & Features
Q7dfzHYyXvOT,27,easy,1,15280,Data & Features
Q7dfzHYyXvOT,28,medium,1,19810,Data & Features
Q7dfzHYyXvOT,29,easy,1,12378,Data & Features
Q7dfzHYyXvOT,30,easy,1,10975,Data & Features
E9vMd75UB2be,1,hard,0,24582,Misc / Tools
E9vMd75UB2be,2,easy,1,8289,Misc / Tools
E9vMd75UB2be,3,easy,1,14920,Misc / Tools
E9vMd75UB2be,4,easy,1,11640,Misc / Tools
E9vMd75UB2be,5,medium,1,23699,Misc / Tools
E9vMd75UB2be,6,easy,0,19416,Misc / Tools
E9vMd75UB2be,7,easy,1,16936,Data & Features
E9vMd75UB2be,8,easy,1,11640,Data & Features
E9vMd75UB2be,9,easy,1,14978,Misc / Tools
E9vMd75UB2be,10,easy,1,11640,Misc / Tools
E9vMd75UB2be,11,easy,1,11640,Misc / Tools
E9vMd75UB2be,12,easy,1,11640,Misc / Tools
E9vMd75UB2be,13,easy,1,14920,Misc / Tools
E9vMd75UB2be,14,medium,0,25721,Data & Features
E9vMd75UB2be,15,medium,1,26497,Data & Features
E9vMd75UB2be,16,easy,1,25381,Data & Features
E9vMd75UB2be,17,easy,0,22068,Data & Features
E9vMd75UB2be,18,hard,1,26077,Clustering & Unsupervised
E9vMd75UB2be,19,easy,1,14065,Clustering & Unsupervised
E9vMd75UB2be,20,hard,0,21701,Data & Features
E9vMd75UB2be,21,hard,0,19854,Misc / Tools
E9vMd75UB2be,22,easy,1,11640,Data & Features
E9vMd75UB2be,23,hard,1,28122,Clustering & Unsupervised
E9vMd75UB2be,24,hard,0,18884,Data & Features
E9vMd75UB2be,25,hard,0,24750,Clustering & Unsupervised
E9vMd75UB2be,26,hard,0,26368,Data & Features
E9vMd75UB2be,27,easy,1,16929,Data & Features
E9vMd75UB2be,28,medium,1,22637,Data & Features
E9vMd75UB2be,29,easy,1,11640,Data & Features
E9vMd75UB2be,30,easy,1,9835,Data & Features
dF0r7wVjsLSV,1,hard,0,24649,Misc / Tools
dF0r7wVjsLSV,2,easy,1,8227,Misc / Tools
dF0r7wVjsLSV,3,easy,1,14913,Misc / Tools
dF0r7wVjsLSV,4,easy,1,11553,Misc / Tools
dF0r7wVjsLSV,5,medium,0,23820,Misc / Tools
dF0r7wVjsLSV,6,easy,1,18315,Misc / Tools
dF0r7wVjsLSV,7,easy,1,16809,Data & Features
dF0r7wVjsLSV,8,easy,1,11553,Data & Features
dF0r7wVjsLSV,9,easy,1,14866,Misc / Tools
dF0r7wVjsLSV,10,easy,1,11553,Misc / Tools
dF0r7wVjsLSV,11,easy,1,11553,Misc / Tools
dF0r7wVjsLSV,12,easy,1,11553,Misc / Tools
dF0r7wVjsLSV,13,easy,1,14913,Misc / Tools
dF0r7wVjsLSV,14,medium,0,25583,Data & Features
dF0r7wVjsLSV,15,medium,0,25133,Data & Features
dF0r7wVjsLSV,16,easy,0,26384,Data & Features
dF0r7wVjsLSV,17,easy,0,21647,Data & Features
dF0r7wVjsLSV,18,hard,0,20438,Clustering & Unsupervised
dF0r7wVjsLSV,19,easy,0,15349,Clustering & Unsupervised
dF0r7wVjsLSV,20,hard,0,21004,Data & Features
dF0r7wVjsLSV,21,hard,0,19216,Misc / Tools
dF0r7wVjsLSV,22,easy,1,11553,Data & Features
dF0r7wVjsLSV,23,hard,0,22975,Clustering & Unsupervised
dF0r7wVjsLSV,24,hard,0,18278,Data & Features
dF0r7wVjsLSV,25,hard,0,24818,Clustering & Unsupervised
dF0r7wVjsLSV,26,hard,0,26441,Data & Features
dF0r7wVjsLSV,27,easy,0,18297,Data & Features
dF0r7wVjsLSV,28,medium,1,22521,Data & Features
dF0r7wVjsLSV,29,easy,1,11553,Data & Features
dF0r7wVjsLSV,30,easy,1,9762,Data & Features
0Hpj01paAdfZ,1,hard,0,24498,Misc / Tools
0Hpj01paAdfZ,2,easy,1,8227,Misc / Tools
0Hpj01paAdfZ,3,easy,0,16523,Misc / Tools
0Hpj01paAdfZ,4,easy,1,11553,Misc / Tools
0Hpj01paAdfZ,5,medium,0,23674,Misc / Tools
0Hpj01paAdfZ,6,easy,0,19502,Misc / Tools
0Hpj01paAdfZ,7,easy,0,18246,Data & Features
0Hpj01paAdfZ,8,easy,1,11553,Data & Features
0Hpj01paAdfZ,9,easy,1,14866,Misc / Tools
0Hpj01paAdfZ,10,easy,1,11553,Misc / Tools
0Hpj01paAdfZ,11,easy,1,11553,Misc / Tools
0Hpj01paAdfZ,12,easy,1,11553,Misc / Tools
0Hpj01paAdfZ,13,easy,1,14913,Misc / Tools
0Hpj01paAdfZ,14,medium,1,25959,Data & Features
0Hpj01paAdfZ,15,medium,0,24979,Data & Features
0Hpj01paAdfZ,16,easy,0,26223,Data & Features
0Hpj01paAdfZ,17,easy,1,20772,Data & Features
0Hpj01paAdfZ,18,hard,0,20312,Clustering & Unsupervised
0Hpj01paAdfZ,19,easy,0,15255,Clustering & Unsupervised
0Hpj01paAdfZ,20,hard,0,20875,Data & Features
0Hpj01paAdfZ,21,hard,0,19099,Misc / Tools
0Hpj01paAdfZ,22,easy,1,11553,Data & Features
0Hpj01paAdfZ,23,hard,0,22835,Clustering & Unsupervised
0Hpj01paAdfZ,24,hard,0,18166,Data & Features
0Hpj01paAdfZ,25,hard,0,24666,Clustering & Unsupervised
0Hpj01paAdfZ,26,hard,0,26279,Data & Features
0Hpj01paAdfZ,27,easy,0,18185,Data & Features
0Hpj01paAdfZ,28,medium,1,22521,Data & Features
0Hpj01paAdfZ,29,easy,1,11553,Data & Features
0Hpj01paAdfZ,30,easy,1,9762,Data & Features
yKhvr1tKGpJF,1,hard,1,31276,Misc / Tools
yKhvr1tKGpJF,2,easy,1,10498,Misc / Tools
yKhvr1tKGpJF,3,easy,1,16368,Misc / Tools
yKhvr1tKGpJF,4,easy,1,14818,Misc / Tools
yKhvr1tKGpJF,5,medium,1,29308,Misc / Tools
yKhvr1tKGpJF,6,easy,0,27206,Misc / Tools
yKhvr1tKGpJF,7,easy,1,17952,Data & Features
yKhvr1tKGpJF,8,easy,1,14818,Data & Features
yKhvr1tKGpJF,9,easy,1,15911,Misc / Tools
yKhvr1tKGpJF,10,easy,1,14818,Misc / Tools
yKhvr1tKGpJF,11,easy,1,14818,Misc / Tools
yKhvr1tKGpJF,12,easy,1,14818,Misc / Tools
yKhvr1tKGpJF,13,easy,1,16368,Misc / Tools
yKhvr1tKGpJF,14,medium,0,37843,Data & Features
yKhvr1tKGpJF,15,medium,1,31187,Data & Features
yKhvr1tKGpJF,16,easy,1,30387,Data & Features
yKhvr1tKGpJF,17,easy,0,29897,Data & Features
yKhvr1tKGpJF,18,hard,0,21605,Clustering & Unsupervised
yKhvr1tKGpJF,19,easy,0,21374,Clustering & Unsupervised
yKhvr1tKGpJF,20,hard,0,24952,Data & Features
yKhvr1tKGpJF,21,hard,0,21236,Misc / Tools
yKhvr1tKGpJF,22,easy,1,14818,Data & Features
yKhvr1tKGpJF,23,hard,0,24591,Clustering & Unsupervised
yKhvr1tKGpJF,24,hard,0,20718,Data & Features
yKhvr1tKGpJF,25,hard,0,31374,Clustering & Unsupervised
yKhvr1tKGpJF,26,hard,0,35271,Data & Features
yKhvr1tKGpJF,27,easy,1,18851,Data & Features
yKhvr1tKGpJF,28,medium,0,35005,Data & Features
yKhvr1tKGpJF,29,easy,1,14818,Data & Features
yKhvr1tKGpJF,30,easy,1,13247,Data & Features
5WCMaHHFn6WV,1,hard,0,28856,Misc / Tools
5WCMaHHFn6WV,2,easy,1,10295,Misc / Tools
5WCMaHHFn6WV,3,easy,1,15884,Misc / Tools
5WCMaHHFn6WV,4,easy,1,14532,Misc / Tools
5WCMaHHFn6WV,5,medium,1,25520,Misc / Tools
5WCMaHHFn6WV,6,easy,1,18741,Misc / Tools
5WCMaHHFn6WV,7,easy,1,17210,Data & Features
5WCMaHHFn6WV,8,easy,1,14532,Data & Features
5WCMaHHFn6WV,9,easy,1,15417,Misc / Tools
5WCMaHHFn6WV,10,easy,1,14532,Misc / Tools
5WCMaHHFn6WV,11,easy,1,14532,Misc / Tools
5WCMaHHFn6WV,12,easy,1,14532,Misc / Tools
5WCMaHHFn6WV,13,easy,1,15884,Misc / Tools
5WCMaHHFn6WV,14,medium,1,28270,Data & Features
5WCMaHHFn6WV,15,medium,1,28432,Data & Features
5WCMaHHFn6WV,16,easy,1,26459,Data & Features
5WCMaHHFn6WV,17,easy,1,21501,Data & Features
5WCMaHHFn6WV,18,hard,0,24222,Clustering & Unsupervised
5WCMaHHFn6WV,19,easy,1,14764,Clustering & Unsupervised
5WCMaHHFn6WV,20,hard,1,34070,Data & Features
5WCMaHHFn6WV,21,hard,0,23808,Misc / Tools
5WCMaHHFn6WV,22,easy,1,14532,Data & Features
5WCMaHHFn6WV,23,hard,0,27154,Clustering & Unsupervised
5WCMaHHFn6WV,24,hard,0,23227,Data & Features
5WCMaHHFn6WV,25,hard,1,29228,Clustering & Unsupervised
5WCMaHHFn6WV,26,hard,0,32662,Data & Features
5WCMaHHFn6WV,27,easy,1,18294,Data & Features
5WCMaHHFn6WV,28,medium,1,23992,Data & Features
5WCMaHHFn6WV,29,easy,1,14532,Data & Features
5WCMaHHFn6WV,30,easy,1,12991,Data & Features
RZdtks4i4HNy,1,hard,1,26395,Misc / Tools
RZdtks4i4HNy,2,easy,1,8227,Misc / Tools
RZdtks4i4HNy,3,easy,1,14913,Misc / Tools
RZdtks4i4HNy,4,easy,1,11553,Misc / Tools
RZdtks4i4HNy,5,medium,1,23577,Misc / Tools
RZdtks4i4HNy,6,easy,1,18315,Misc / Tools
RZdtks4i4HNy,7,easy,1,16809,Data & Features
RZdtks4i4HNy,8,easy,1,11553,Data & Features
RZdtks4i4HNy,9,easy,1,14866,Misc / Tools
RZdtks4i4HNy,10,easy,1,11553,Misc / Tools
RZdtks4i4HNy,11,easy,1,11553,Misc / Tools
RZdtks4i4HNy,12,easy,1,11553,Misc / Tools
RZdtks4i4HNy,13,easy,0,16523,Misc / Tools
RZdtks4i4HNy,14,medium,0,25427,Data & Features
RZdtks4i4HNy,15,medium,0,24979,Data & Features
RZdtks4i4HNy,16,easy,0,26223,Data & Features
RZdtks4i4HNy,17,easy,1,20772,Data & Features
RZdtks4i4HNy,18,hard,0,20312,Clustering & Unsupervised
RZdtks4i4HNy,19,easy,1,13960,Clustering & Unsupervised
RZdtks4i4HNy,20,hard,0,20875,Data & Features
RZdtks4i4HNy,21,hard,0,19099,Misc / Tools
RZdtks4i4HNy,22,easy,1,11553,Data & Features
RZdtks4i4HNy,23,hard,0,22835,Clustering & Unsupervised
RZdtks4i4HNy,24,hard,0,18166,Data & Features
RZdtks4i4HNy,25,hard,0,24666,Clustering & Unsupervised
RZdtks4i4HNy,26,hard,0,26279,Data & Features
RZdtks4i4HNy,27,easy,1,16803,Data & Features
RZdtks4i4HNy,28,medium,0,23460,Data & Features
RZdtks4i4HNy,29,easy,1,11553,Data & Features
RZdtks4i4HNy,30,easy,1,9762,Data & Features
St7VKJfT2MTq,1,hard,0,25627,Misc / Tools
St7VKJfT2MTq,2,easy,1,9328,Misc / Tools
St7VKJfT2MTq,3,easy,1,14857,Misc / Tools
St7VKJfT2MTq,4,easy,1,13036,Misc / Tools
St7VKJfT2MTq,5,medium,1,22584,Misc / Tools
St7VKJfT2MTq,6,easy,0,21474,Misc / Tools
St7VKJfT2MTq,7,easy,1,16555,Data & Features
St7VKJfT2MTq,8,easy,1,13036,Data & Features
St7VKJfT2MTq,9,easy,1,14623,Misc / Tools
St7VKJfT2MTq,10,easy,1,13036,Misc / Tools
St7VKJfT2MTq,11,easy,1,13036,Misc / Tools
St7VKJfT2MTq,12,easy,1,13036,Misc / Tools
St7VKJfT2MTq,13,easy,1,14857,Misc / Tools
St7VKJfT2MTq,14,medium,0,26625,Data & Features
St7VKJfT2MTq,15,medium,1,25495,Data & Features
St7VKJfT2MTq,16,easy,1,24533,Data & Features
St7VKJfT2MTq,17,easy,0,23322,Data & Features
St7VKJfT2MTq,18,hard,0,24428,Clustering & Unsupervised
St7VKJfT2MTq,19,easy,1,13956,Clustering & Unsupervised
St7VKJfT2MTq,20,hard,0,23041,Data & Features
St7VKJfT2MTq,21,hard,0,22615,Misc / Tools
St7VKJfT2MTq,22,easy,1,13036,Data & Features
St7VKJfT2MTq,23,hard,1,25745,Clustering & Unsupervised
St7VKJfT2MTq,24,hard,0,23157,Data & Features
St7VKJfT2MTq,25,hard,0,25803,Clustering & Unsupervised
St7VKJfT2MTq,26,hard,0,27495,Data & Features
St7VKJfT2MTq,27,easy,1,17111,Data & Features
St7VKJfT2MTq,28,medium,1,21573,Data & Features
St7VKJfT2MTq,29,easy,1,13036,Data & Features
St7VKJfT2MTq,30,easy,1,11771,Data & Features
jkDHRLkdOO06,1,hard,0,28856,Misc / Tools
jkDHRLkdOO06,2,easy,1,10295,Misc / Tools
jkDHRLkdOO06,3,easy,1,15884,Misc / Tools
jkDHRLkdOO06,4,easy,1,14532,Misc / Tools
jkDHRLkdOO06,5,medium,1,25520,Misc / Tools
jkDHRLkdOO06,6,easy,1,18741,Misc / Tools
jkDHRLkdOO06,7,easy,1,17210,Data & Features
jkDHRLkdOO06,8,easy,1,14532,Data & Features
jkDHRLkdOO06,9,easy,0,21759,Misc / Tools
jkDHRLkdOO06,10,easy,1,14532,Misc / Tools
jkDHRLkdOO06,11,easy,1,14532,Misc / Tools
jkDHRLkdOO06,12,easy,1,14532,Misc / Tools
jkDHRLkdOO06,13,easy,1,15884,Misc / Tools
jkDHRLkdOO06,14,medium,0,32949,Data & Features
jkDHRLkdOO06,15,medium,0,32807,Data & Features
jkDHRLkdOO06,16,easy,1,26459,Data & Features
jkDHRLkdOO06,17,easy,0,26030,Data & Features
jkDHRLkdOO06,18,hard,0,24222,Clustering & Unsupervised
jkDHRLkdOO06,19,easy,1,14764,Clustering & Unsupervised
jkDHRLkdOO06,20,hard,0,27974,Data & Features
jkDHRLkdOO06,21,hard,0,23808,Misc / Tools
jkDHRLkdOO06,22,easy,1,14532,Data & Features
jkDHRLkdOO06,23,hard,0,27154,Clustering & Unsupervised
jkDHRLkdOO06,24,hard,0,23227,Data & Features
jkDHRLkdOO06,25,hard,0,29054,Clustering & Unsupervised
jkDHRLkdOO06,26,hard,0,32662,Data & Features
jkDHRLkdOO06,27,easy,1,18294,Data & Features
jkDHRLkdOO06,28,medium,1,23992,Data & Features
jkDHRLkdOO06,29,easy,1,14532,Data & Features
jkDHRLkdOO06,30,easy,1,12991,Data & Features
P76XnTmOjZzU,1,hard,0,30533,Misc / Tools
P76XnTmOjZzU,2,easy,1,11094,Misc / Tools
P76XnTmOjZzU,3,easy,1,17117,Misc / Tools
P76XnTmOjZzU,4,easy,1,15659,Misc / Tools
P76XnTmOjZzU,5,medium,1,27500,Misc / Tools
P76XnTmOjZzU,6,easy,1,20195,Misc / Tools
P76XnTmOjZzU,7,easy,1,18546,Data & Features
P76XnTmOjZzU,8,easy,1,15659,Data & Features
P76XnTmOjZzU,9,easy,0,23023,Misc / Tools
P76XnTmOjZzU,10,easy,1,15659,Misc / Tools
P76XnTmOjZzU,11,easy,1,15659,Misc / Tools
P76XnTmOjZzU,12,easy,1,15659,Misc / Tools
P76XnTmOjZzU,13,easy,1,17117,Misc / Tools
P76XnTmOjZzU,14,medium,0,34863,Data & Features
P76XnTmOjZzU,15,medium,0,34713,Data & Features
P76XnTmOjZzU,16,easy,1,28512,Data & Features
P76XnTmOjZzU,17,easy,0,27542,Data & Features
P76XnTmOjZzU,18,hard,0,25873,Clustering & Unsupervised
P76XnTmOjZzU,19,easy,1,15909,Clustering & Unsupervised
P76XnTmOjZzU,20,hard,0,29881,Data & Features
P76XnTmOjZzU,21,hard,0,25431,Misc / Tools
P76XnTmOjZzU,22,easy,1,15659,Data & Features
P76XnTmOjZzU,23,hard,0,28731,Clustering & Unsupervised
P76XnTmOjZzU,24,hard,0,24810,Data & Features
P76XnTmOjZzU,25,hard,0,30742,Clustering & Unsupervised
P76XnTmOjZzU,26,hard,0,34560,Data & Features
P76XnTmOjZzU,27,easy,1,19714,Data & Features
P76XnTmOjZzU,28,medium,1,25853,Data & Features
P76XnTmOjZzU,29,easy,1,15659,Data & Features
P76XnTmOjZzU,30,easy,1,13999,Data & Features
SpXSTCkMzPni,1,hard,1,29493,Misc / Tools
SpXSTCkMzPni,2,easy,1,10483,Misc / Tools
SpXSTCkMzPni,3,easy,1,16173,Misc / Tools
SpXSTCkMzPni,4,easy,1,14796,Misc / Tools
SpXSTCkMzPni,5,medium,1,25985,Misc / Tools
SpXSTCkMzPni,6,easy,1,19082,Misc / Tools
SpXSTCkMzPni,7,easy,1,17524,Data & Features
SpXSTCkMzPni,8,easy,1,14796,Data & Features
SpXSTCkMzPni,9,easy,1,15531,Misc / Tools
SpXSTCkMzPni,10,easy,1,14796,Misc / Tools
SpXSTCkMzPni,11,easy,1,14796,Misc / Tools
SpXSTCkMzPni,12,easy,1,14796,Misc / Tools
SpXSTCkMzPni,13,easy,1,16173,Misc / Tools
SpXSTCkMzPni,14,medium,1,28784,Data & Features
SpXSTCkMzPni,15,medium,1,28950,Data & Features
SpXSTCkMzPni,16,easy,1,26941,Data & Features
SpXSTCkMzPni,17,easy,1,21893,Data & Features
SpXSTCkMzPni,18,hard,0,24899,Clustering & Unsupervised
SpXSTCkMzPni,19,easy,1,15033,Clustering & Unsupervised
SpXSTCkMzPni,20,hard,0,28757,Data & Features
SpXSTCkMzPni,21,hard,0,24474,Misc / Tools
SpXSTCkMzPni,22,easy,1,14796,Data & Features
SpXSTCkMzPni,23,hard,0,27651,Clustering & Unsupervised
SpXSTCkMzPni,24,hard,0,23877,Data & Features
SpXSTCkMzPni,25,hard,1,29396,Clustering & Unsupervised
SpXSTCkMzPni,26,hard,1,33047,Data & Features
SpXSTCkMzPni,27,easy,1,18627,Data & Features
SpXSTCkMzPni,28,medium,1,24428,Data & Features
SpXSTCkMzPni,29,easy,1,14796,Data & Features
SpXSTCkMzPni,30,easy,1,13228,Data & Features
VTLAbK1PHg7B,1,hard,0,27963,Misc / Tools
VTLAbK1PHg7B,2,easy,1,9844,Misc / Tools
VTLAbK1PHg7B,3,easy,1,16106,Misc / Tools
VTLAbK1PHg7B,4,easy,1,14036,Misc / Tools
VTLAbK1PHg7B,5,medium,0,27162,Misc / Tools
VTLAbK1PHg7B,6,easy,1,19218,Misc / Tools
VTLAbK1PHg7B,7,easy,0,21868,Data & Features
VTLAbK1PHg7B,8,easy,1,14036,Data & Features
VTLAbK1PHg7B,9,easy,1,15916,Misc / Tools
VTLAbK1PHg7B,10,easy,1,14036,Misc / Tools
VTLAbK1PHg7B,11,easy,1,14036,Misc / Tools
VTLAbK1PHg7B,12,easy,1,14036,Misc / Tools
VTLAbK1PHg7B,13,easy,1,16106,Misc / Tools
VTLAbK1PHg7B,14,medium,1,28177,Data & Features
VTLAbK1PHg7B,15,medium,0,28926,Data & Features
VTLAbK1PHg7B,16,easy,1,26432,Data & Features
VTLAbK1PHg7B,17,easy,1,22063,Data & Features
VTLAbK1PHg7B,18,hard,0,28346,Clustering & Unsupervised
VTLAbK1PHg7B,19,easy,1,14925,Clustering & Unsupervised
VTLAbK1PHg7B,20,hard,0,25136,Data & Features
VTLAbK1PHg7B,21,hard,0,25048,Misc / Tools
VTLAbK1PHg7B,22,easy,1,14036,Data & Features
VTLAbK1PHg7B,23,hard,0,26540,Clustering & Unsupervised
VTLAbK1PHg7B,24,hard,0,25522,Data & Features
VTLAbK1PHg7B,25,hard,0,28154,Clustering & Unsupervised
VTLAbK1PHg7B,26,hard,0,29995,Data & Features
VTLAbK1PHg7B,27,easy,1,18275,Data & Features
VTLAbK1PHg7B,28,medium,1,24211,Data & Features
VTLAbK1PHg7B,29,easy,1,14036,Data & Features
VTLAbK1PHg7B,30,easy,1,12329,Data & Features
B0dezLVzpGHZ,1,hard,1,22400,Misc / Tools
B0dezLVzpGHZ,2,easy,1,7500,Misc / Tools
B0dezLVzpGHZ,3,easy,0,15496,Misc / Tools
B0dezLVzpGHZ,4,easy,1,10621,Misc / Tools
B0dezLVzpGHZ,5,medium,1,19486,Misc / Tools
B0dezLVzpGHZ,6,easy,1,15826,Misc / Tools
B0dezLVzpGHZ,7,easy,1,14620,Data & Features
B0dezLVzpGHZ,8,easy,1,10621,Data & Features
B0dezLVzpGHZ,9,easy,1,12826,Misc / Tools
B0dezLVzpGHZ,10,easy,1,10621,Misc / Tools
B0dezLVzpGHZ,11,easy,1,10621,Misc / Tools
B0dezLVzpGHZ,12,easy,1,10621,Misc / Tools
B0dezLVzpGHZ,13,easy,1,12642,Misc / Tools
B0dezLVzpGHZ,14,medium,0,23138,Data & Features
B0dezLVzpGHZ,15,medium,1,22157,Data & Features
B0dezLVzpGHZ,16,easy,1,21767,Data & Features
B0dezLVzpGHZ,17,easy,1,17911,Data & Features
B0dezLVzpGHZ,18,hard,0,20653,Clustering & Unsupervised
B0dezLVzpGHZ,19,easy,1,11993,Clustering & Unsupervised
B0dezLVzpGHZ,20,hard,0,19480,Data & Features
B0dezLVzpGHZ,21,hard,0,19120,Misc / Tools
B0dezLVzpGHZ,22,easy,1,10621,Data & Features
B0dezLVzpGHZ,23,hard,1,21766,Clustering & Unsupervised
B0dezLVzpGHZ,24,hard,0,19188,Data & Features
B0dezLVzpGHZ,25,hard,1,21720,Clustering & Unsupervised
B0dezLVzpGHZ,26,hard,0,23245,Data & Features
B0dezLVzpGHZ,27,easy,1,14560,Data & Features
B0dezLVzpGHZ,28,medium,1,18614,Data & Features
B0dezLVzpGHZ,29,easy,1,10621,Data & Features
B0dezLVzpGHZ,30,easy,1,9393,Data & Features
cCanr1FJP4WP,1,hard,0,28856,Misc / Tools
cCanr1FJP4WP,2,easy,1,10295,Misc / Tools
cCanr1FJP4WP,3,easy,1,15884,Misc / Tools
cCanr1FJP4WP,4,easy,1,14532,Misc / Tools
cCanr1FJP4WP,5,medium,1,25520,Misc / Tools
cCanr1FJP4WP,6,easy,1,18741,Misc / Tools
cCanr1FJP4WP,7,easy,1,17210,Data & Features
cCanr1FJP4WP,8,easy,1,14532,Data & Features
cCanr1FJP4WP,9,easy,0,21759,Misc / Tools
cCanr1FJP4WP,10,easy,1,14532,Misc / Tools
cCanr1FJP4WP,11,easy,1,14532,Misc / Tools
cCanr1FJP4WP,12,easy,1,14532,Misc / Tools
cCanr1FJP4WP,13,easy,1,15884,Misc / Tools
cCanr1FJP4WP,14,medium,0,32949,Data & Features
cCanr1FJP4WP,15,medium,0,32807,Data & Features
cCanr1FJP4WP,16,easy,1,26459,Data & Features
cCanr1FJP4WP,17,easy,0,26030,Data & Features
cCanr1FJP4WP,18,hard,0,24222,Clustering & Unsupervised
cCanr1FJP4WP,19,easy,1,14764,Clustering & Unsupervised
cCanr1FJP4WP,20,hard,0,27974,Data & Features
cCanr1FJP4WP,21,hard,0,23808,Misc / Tools
cCanr1FJP4WP,22,easy,1,14532,Data & Features
cCanr1FJP4WP,23,hard,0,27154,Clustering & Unsupervised
cCanr1FJP4WP,24,hard,0,23227,Data & Features
cCanr1FJP4WP,25,hard,0,29054,Clustering & Unsupervised
cCanr1FJP4WP,26,hard,0,32662,Data & Features
cCanr1FJP4WP,27,easy,1,18294,Data & Features
cCanr1FJP4WP,28,medium,1,23992,Data & Features
cCanr1FJP4WP,29,easy,1,14532,Data & Features
cCanr1FJP4WP,30,easy,1,12991,Data & Features
0rzpTGhVxVJU,1,hard,0,24649,Misc / Tools
0rzpTGhVxVJU,2,easy,1,8227,Misc / Tools
0rzpTGhVxVJU,3,easy,1,14913,Misc / Tools
0rzpTGhVxVJU,4,easy,1,11553,Misc / Tools
0rzpTGhVxVJU,5,medium,1,23577,Misc / Tools
0rzpTGhVxVJU,6,easy,1,18315,Misc / Tools
0rzpTGhVxVJU,7,easy,0,18359,Data & Features
0rzpTGhVxVJU,8,easy,1,11553,Data & Features
0rzpTGhVxVJU,9,easy,0,17071,Misc / Tools
0rzpTGhVxVJU,10,easy,1,11553,Misc / Tools
0rzpTGhVxVJU,11,easy,1,11553,Misc / Tools
0rzpTGhVxVJU,12,easy,1,11553,Misc / Tools
0rzpTGhVxVJU,13,easy,1,14913,Misc / Tools
0rzpTGhVxVJU,14,medium,1,25959,Data & Features
0rzpTGhVxVJU,15,medium,0,25133,Data & Features
0rzpTGhVxVJU,16,easy,1,25058,Data & Features
0rzpTGhVxVJU,17,easy,1,20772,Data & Features
0rzpTGhVxVJU,18,hard,0,20438,Clustering & Unsupervised
0rzpTGhVxVJU,19,easy,1,13960,Clustering & Unsupervised
0rzpTGhVxVJU,20,hard,0,21004,Data & Features
0rzpTGhVxVJU,21,hard,0,19216,Misc / Tools
0rzpTGhVxVJU,22,easy,1,11553,Data & Features
0rzpTGhVxVJU,23,hard,0,22975,Clustering & Unsupervised
0rzpTGhVxVJU,24,hard,1,23553,Data & Features
0rzpTGhVxVJU,25,hard,0,24818,Clustering & Unsupervised
0rzpTGhVxVJU,26,hard,1,28028,Data & Features
0rzpTGhVxVJU,27,easy,1,16803,Data & Features
0rzpTGhVxVJU,28,medium,1,22521,Data & Features
0rzpTGhVxVJU,29,easy,1,11553,Data & Features
0rzpTGhVxVJU,30,easy,1,9762,Data & Features
oXHAAQD8R9lF,1,hard,0,25466,Misc / Tools
oXHAAQD8R9lF,2,easy,1,10785,Misc / Tools
oXHAAQD8R9lF,3,easy,1,19330,Misc / Tools
oXHAAQD8R9lF,4,easy,1,15145,Misc / Tools
oXHAAQD8R9lF,5,medium,1,23940,Misc / Tools
oXHAAQD8R9lF,6,easy,0,20415,Misc / Tools
oXHAAQD8R9lF,7,easy,1,18159,Data & Features
oXHAAQD8R9lF,8,easy,1,15145,Data & Features
oXHAAQD8R9lF,9,easy,1,16060,Misc / Tools
oXHAAQD8R9lF,10,easy,1,15145,Misc / Tools
oXHAAQD8R9lF,11,easy,1,15145,Misc / Tools
oXHAAQD8R9lF,12,easy,1,15145,Misc / Tools
oXHAAQD8R9lF,13,easy,1,19330,Misc / Tools
oXHAAQD8R9lF,14,medium,1,26358,Data & Features
oXHAAQD8R9lF,15,medium,0,25948,Data & Features
oXHAAQD8R9lF,16,easy,1,25569,Data & Features
oXHAAQD8R9lF,17,easy,1,21195,Data & Features
oXHAAQD8R9lF,18,hard,0,21115,Clustering & Unsupervised
oXHAAQD8R9lF,19,easy,1,18095,Clustering & Unsupervised
oXHAAQD8R9lF,20,hard,0,21700,Data & Features
oXHAAQD8R9lF,21,hard,0,19853,Misc / Tools
oXHAAQD8R9lF,22,easy,1,15145,Data & Features
oXHAAQD8R9lF,23,hard,0,23737,Clustering & Unsupervised
oXHAAQD8R9lF,24,hard,0,18883,Data & Features
oXHAAQD8R9lF,25,hard,0,25640,Clustering & Unsupervised
oXHAAQD8R9lF,26,hard,0,27317,Data & Features
oXHAAQD8R9lF,27,easy,1,21780,Data & Features
oXHAAQD8R9lF,28,medium,0,24370,Data & Features
oXHAAQD8R9lF,29,easy,1,15145,Data & Features
oXHAAQD8R9lF,30,easy,1,12797,Data & Features
AgiWXtLnmm9y,1,hard,0,22271,Misc / Tools
AgiWXtLnmm9y,2,easy,1,7500,Misc / Tools
AgiWXtLnmm9y,3,easy,1,12642,Misc / Tools
AgiWXtLnmm9y,4,easy,1,10621,Misc / Tools
AgiWXtLnmm9y,5,medium,0,21661,Misc / Tools
AgiWXtLnmm9y,6,easy,1,15826,Misc / Tools
AgiWXtLnmm9y,7,easy,1,14620,Data & Features
AgiWXtLnmm9y,8,easy,1,10621,Data & Features
AgiWXtLnmm9y,9,easy,1,12826,Misc / Tools
AgiWXtLnmm9y,10,easy,1,10621,Misc / Tools
AgiWXtLnmm9y,11,easy,1,10621,Misc / Tools
AgiWXtLnmm9y,12,easy,1,10621,Misc / Tools
AgiWXtLnmm9y,13,easy,1,12642,Misc / Tools
AgiWXtLnmm9y,14,medium,0,23138,Data & Features
AgiWXtLnmm9y,15,medium,1,22157,Data & Features
AgiWXtLnmm9y,16,easy,1,21767,Data & Features
AgiWXtLnmm9y,17,easy,1,17911,Data & Features
AgiWXtLnmm9y,18,hard,0,20653,Clustering & Unsupervised
AgiWXtLnmm9y,19,easy,1,11993,Clustering & Unsupervised
AgiWXtLnmm9y,20,hard,0,19480,Data & Features
AgiWXtLnmm9y,21,hard,0,19120,Misc / Tools
AgiWXtLnmm9y,22,easy,1,10621,Data & Features
AgiWXtLnmm9y,23,hard,0,20568,Clustering & Unsupervised
AgiWXtLnmm9y,24,hard,0,19188,Data & Features
AgiWXtLnmm9y,25,hard,0,21815,Clustering & Unsupervised
AgiWXtLnmm9y,26,hard,0,23245,Data & Features
AgiWXtLnmm9y,27,easy,1,14560,Data & Features
AgiWXtLnmm9y,28,medium,1,18614,Data & Features
AgiWXtLnmm9y,29,easy,1,10621,Data & Features
AgiWXtLnmm9y,30,easy,1,9393,Data & Features
pMrOo2QfC0Kp,1,hard,0,25154,Misc / Tools
pMrOo2QfC0Kp,2,easy,1,8385,Misc / Tools
pMrOo2QfC0Kp,3,easy,1,14134,Misc / Tools
pMrOo2QfC0Kp,4,easy,1,11875,Misc / Tools
pMrOo2QfC0Kp,5,medium,0,24642,Misc / Tools
pMrOo2QfC0Kp,6,easy,1,17508,Misc / Tools
pMrOo2QfC0Kp,7,easy,1,16250,Data & Features
pMrOo2QfC0Kp,8,easy,1,11875,Data & Features
pMrOo2QfC0Kp,9,easy,1,14256,Misc / Tools
pMrOo2QfC0Kp,10,easy,1,11875,Misc / Tools
pMrOo2QfC0Kp,11,easy,1,11875,Misc / Tools
pMrOo2QfC0Kp,12,easy,1,11875,Misc / Tools
pMrOo2QfC0Kp,13,easy,1,14134,Misc / Tools
pMrOo2QfC0Kp,14,medium,0,26134,Data & Features
pMrOo2QfC0Kp,15,medium,1,25025,Data & Features
pMrOo2QfC0Kp,16,easy,1,24080,Data & Features
pMrOo2QfC0Kp,17,easy,1,19964,Data & Features
pMrOo2QfC0Kp,18,hard,0,23977,Clustering & Unsupervised
pMrOo2QfC0Kp,19,easy,1,13502,Clustering & Unsupervised
pMrOo2QfC0Kp,20,hard,0,22616,Data & Features
pMrOo2QfC0Kp,21,hard,0,22198,Misc / Tools
pMrOo2QfC0Kp,22,easy,1,11875,Data & Features
pMrOo2QfC0Kp,23,hard,0,23879,Clustering & Unsupervised
pMrOo2QfC0Kp,24,hard,0,22277,Data & Features
pMrOo2QfC0Kp,25,hard,1,25217,Clustering & Unsupervised
pMrOo2QfC0Kp,26,hard,0,26987,Data & Features
pMrOo2QfC0Kp,27,easy,1,16278,Data & Features
pMrOo2QfC0Kp,28,medium,1,21175,Data & Features
pMrOo2QfC0Kp,29,easy,1,11875,Data & Features
pMrOo2QfC0Kp,30,easy,1,10581,Data & Features
9eci54foOGc9,1,hard,0,29384,Misc / Tools
9eci54foOGc9,2,easy,1,10483,Misc / Tools
9eci54foOGc9,3,easy,1,16173,Misc / Tools
9eci54foOGc9,4,easy,1,14796,Misc / Tools
9eci54foOGc9,5,medium,1,25985,Misc / Tools
9eci54foOGc9,6,easy,1,19082,Misc / Tools
9eci54foOGc9,7,easy,0,23479,Data & Features
9eci54foOGc9,8,easy,1,14796,Data & Features
9eci54foOGc9,9,easy,0,21922,Misc / Tools
9eci54foOGc9,10,easy,1,14796,Misc / Tools
9eci54foOGc9,11,easy,1,14796,Misc / Tools
9eci54foOGc9,12,easy,1,14796,Misc / Tools
9eci54foOGc9,13,easy,1,16173,Misc / Tools
9eci54foOGc9,14,medium,1,28784,Data & Features
9eci54foOGc9,15,medium,0,33408,Data & Features
9eci54foOGc9,16,easy,1,26941,Data & Features
9eci54foOGc9,17,easy,1,21893,Data & Features
9eci54foOGc9,18,hard,0,24899,Clustering & Unsupervised
9eci54foOGc9,19,easy,1,15033,Clustering & Unsupervised
9eci54foOGc9,20,hard,1,33613,Data & Features
9eci54foOGc9,21,hard,0,24474,Misc / Tools
9eci54foOGc9,22,easy,1,14796,Data & Features
9eci54foOGc9,23,hard,1,31136,Clustering & Unsupervised
9eci54foOGc9,24,hard,1,27909,Data & Features
9eci54foOGc9,25,hard,0,29585,Clustering & Unsupervised
9eci54foOGc9,26,hard,1,33047,Data & Features
9eci54foOGc9,27,easy,1,18627,Data & Features
9eci54foOGc9,28,medium,1,24428,Data & Features
9eci54foOGc9,29,easy,1,14796,Data & Features
9eci54foOGc9,30,easy,1,13228,Data & Features
OLMmduueQtv7,1,hard,0,29384,Misc / Tools
OLMmduueQtv7,2,easy,1,10483,Misc / Tools
OLMmduueQtv7,3,easy,1,16173,Misc / Tools
OLMmduueQtv7,4,easy,1,14796,Misc / Tools
OLMmduueQtv7,5,medium,1,25985,Misc / Tools
OLMmduueQtv7,6,easy,1,19082,Misc / Tools
OLMmduueQtv7,7,easy,0,23479,Data & Features
OLMmduueQtv7,8,easy,1,14796,Data & Features
OLMmduueQtv7,9,easy,0,21922,Misc / Tools
OLMmduueQtv7,10,easy,1,14796,Misc / Tools
OLMmduueQtv7,11,easy,1,14796,Misc / Tools
OLMmduueQtv7,12,easy,1,14796,Misc / Tools
OLMmduueQtv7,13,easy,1,16173,Misc / Tools
OLMmduueQtv7,14,medium,1,28784,Data & Features
OLMmduueQtv7,15,medium,0,33408,Data & Features
OLMmduueQtv7,16,easy,1,26941,Data & Features
OLMmduueQtv7,17,easy,0,26506,Data & Features
OLMmduueQtv7,18,hard,0,24899,Clustering & Unsupervised
OLMmduueQtv7,19,easy,1,15033,Clustering & Unsupervised
OLMmduueQtv7,20,hard,1,33613,Data & Features
OLMmduueQtv7,21,hard,0,24474,Misc / Tools
OLMmduueQtv7,22,easy,1,14796,Data & Features
OLMmduueQtv7,23,hard,1,31136,Clustering & Unsupervised
OLMmduueQtv7,24,hard,1,27909,Data & Features
OLMmduueQtv7,25,hard,0,29585,Clustering & Unsupervised
OLMmduueQtv7,26,hard,1,33047,Data & Features
OLMmduueQtv7,27,easy,1,18627,Data & Features
OLMmduueQtv7,28,medium,1,24428,Data & Features
OLMmduueQtv7,29,easy,1,14796,Data & Features
OLMmduueQtv7,30,easy,1,13228,Data & Features
2AQDG30NeIzY,1,hard,1,29846,Misc / Tools
2AQDG30NeIzY,2,easy,1,10220,Misc / Tools
2AQDG30NeIzY,3,easy,1,15768,Misc / Tools
2AQDG30NeIzY,4,easy,1,14428,Misc / Tools
2AQDG30NeIzY,5,medium,1,24768,Misc / Tools
2AQDG30NeIzY,6,easy,1,18210,Misc / Tools
2AQDG30NeIzY,7,easy,1,16967,Data & Features
2AQDG30NeIzY,8,easy,1,14428,Data & Features
2AQDG30NeIzY,9,easy,1,15523,Misc / Tools
2AQDG30NeIzY,10,easy,1,14428,Misc / Tools
2AQDG30NeIzY,11,easy,1,14428,Misc / Tools
2AQDG30NeIzY,12,easy,1,14428,Misc / Tools
2AQDG30NeIzY,13,easy,1,15768,Misc / Tools
2AQDG30NeIzY,14,medium,1,27792,Data & Features
2AQDG30NeIzY,15,medium,1,27960,Data & Features
2AQDG30NeIzY,16,easy,1,25780,Data & Features
2AQDG30NeIzY,17,easy,1,20849,Data & Features
2AQDG30NeIzY,18,hard,0,30514,Clustering & Unsupervised
2AQDG30NeIzY,19,easy,1,14557,Clustering & Unsupervised
2AQDG30NeIzY,20,hard,0,31674,Data & Features
2AQDG30NeIzY,21,hard,0,29993,Misc / Tools
2AQDG30NeIzY,22,easy,1,14428,Data & Features
2AQDG30NeIzY,23,hard,0,31954,Clustering & Unsupervised
2AQDG30NeIzY,24,hard,0,29797,Data & Features
2AQDG30NeIzY,25,hard,0,32022,Clustering & Unsupervised
2AQDG30NeIzY,26,hard,0,34354,Data & Features
2AQDG30NeIzY,27,easy,1,18160,Data & Features
2AQDG30NeIzY,28,medium,1,23285,Data & Features
2AQDG30NeIzY,29,easy,1,14428,Data & Features
2AQDG30NeIzY,30,easy,1,12896,Data & Features
Lo0o6MK08TyI,1,hard,1,28547,Misc / Tools
Lo0o6MK08TyI,2,easy,1,10223,Misc / Tools
Lo0o6MK08TyI,3,easy,1,16004,Misc / Tools
Lo0o6MK08TyI,4,easy,1,14590,Misc / Tools
Lo0o6MK08TyI,5,medium,0,30354,Misc / Tools
Lo0o6MK08TyI,6,easy,1,18610,Misc / Tools
Lo0o6MK08TyI,7,easy,1,17137,Data & Features
Lo0o6MK08TyI,8,easy,1,14590,Data & Features
Lo0o6MK08TyI,9,easy,0,21287,Misc / Tools
Lo0o6MK08TyI,10,easy,1,14590,Misc / Tools
Lo0o6MK08TyI,11,easy,1,14590,Misc / Tools
Lo0o6MK08TyI,12,easy,1,14590,Misc / Tools
Lo0o6MK08TyI,13,easy,1,16004,Misc / Tools
Lo0o6MK08TyI,14,medium,1,27861,Data & Features
Lo0o6MK08TyI,15,medium,1,28021,Data & Features
Lo0o6MK08TyI,16,easy,1,26274,Data & Features
Lo0o6MK08TyI,17,easy,1,21351,Data & Features
Lo0o6MK08TyI,18,hard,0,27864,Clustering & Unsupervised
Lo0o6MK08TyI,19,easy,1,14837,Clustering & Unsupervised
Lo0o6MK08TyI,20,hard,0,28860,Data & Features
Lo0o6MK08TyI,21,hard,0,25796,Misc / Tools
Lo0o6MK08TyI,22,easy,1,14590,Data & Features
Lo0o6MK08TyI,23,hard,0,27749,Clustering & Unsupervised
Lo0o6MK08TyI,24,hard,0,26414,Data & Features
Lo0o6MK08TyI,25,hard,0,29496,Clustering & Unsupervised
Lo0o6MK08TyI,26,hard,0,31430,Data & Features
Lo0o6MK08TyI,27,easy,0,24820,Data & Features
Lo0o6MK08TyI,28,medium,0,29604,Data & Features
Lo0o6MK08TyI,29,easy,1,14590,Data & Features
Lo0o6MK08TyI,30,easy,1,12900,Data & Features
RjR3B2X554Pn,1,hard,0,28388,Misc / Tools
RjR3B2X554Pn,2,easy,1,10088,Misc / Tools
RjR3B2X554Pn,3,easy,1,16900,Misc / Tools
RjR3B2X554Pn,4,easy,1,14332,Misc / Tools
RjR3B2X554Pn,5,medium,1,27219,Misc / Tools
RjR3B2X554Pn,6,easy,0,22695,Misc / Tools
RjR3B2X554Pn,7,easy,1,19430,Data & Features
RjR3B2X554Pn,8,easy,1,14332,Data & Features
RjR3B2X554Pn,9,easy,1,17184,Misc / Tools
RjR3B2X554Pn,10,easy,1,14332,Misc / Tools
RjR3B2X554Pn,11,easy,1,14332,Misc / Tools
RjR3B2X554Pn,12,easy,1,14332,Misc / Tools
RjR3B2X554Pn,13,easy,0,18942,Misc / Tools
RjR3B2X554Pn,14,medium,0,29493,Data & Features
RjR3B2X554Pn,15,medium,0,29366,Data & Features
RjR3B2X554Pn,16,easy,0,29711,Data & Features
RjR3B2X554Pn,17,easy,0,24759,Data & Features
RjR3B2X554Pn,18,hard,0,28884,Clustering & Unsupervised
RjR3B2X554Pn,19,easy,0,18140,Clustering & Unsupervised
RjR3B2X554Pn,20,hard,0,26187,Data & Features
RjR3B2X554Pn,21,hard,0,25750,Misc / Tools
RjR3B2X554Pn,22,easy,1,14332,Data & Features
RjR3B2X554Pn,23,hard,0,27649,Clustering & Unsupervised
RjR3B2X554Pn,24,hard,0,26589,Data & Features
RjR3B2X554Pn,25,hard,0,28582,Clustering & Unsupervised
RjR3B2X554Pn,26,hard,0,29953,Data & Features
RjR3B2X554Pn,27,easy,1,19464,Data & Features
RjR3B2X554Pn,28,medium,0,27325,Data & Features
RjR3B2X554Pn,29,easy,1,14332,Data & Features
RjR3B2X554Pn,30,easy,1,12635,Data & Features
tE1MOwmVibN4,1,hard,0,27657,Misc / Tools
tE1MOwmVibN4,2,easy,1,8863,Misc / Tools
tE1MOwmVibN4,3,easy,1,14939,Misc / Tools
tE1MOwmVibN4,4,easy,1,12592,Misc / Tools
tE1MOwmVibN4,5,medium,0,26865,Misc / Tools
tE1MOwmVibN4,6,easy,1,18659,Misc / Tools
tE1MOwmVibN4,7,easy,0,21261,Data & Features
tE1MOwmVibN4,8,easy,1,12592,Data & Features
tE1MOwmVibN4,9,easy,1,15190,Misc / Tools
tE1MOwmVibN4,10,easy,1,12592,Misc / Tools
tE1MOwmVibN4,11,easy,1,12592,Misc / Tools
tE1MOwmVibN4,12,easy,1,12592,Misc / Tools
tE1MOwmVibN4,13,easy,1,14939,Misc / Tools
tE1MOwmVibN4,14,medium,1,27358,Data & Features
tE1MOwmVibN4,15,medium,0,28610,Data & Features
tE1MOwmVibN4,16,easy,0,28946,Data & Features
tE1MOwmVibN4,17,easy,1,21421,Data & Features
tE1MOwmVibN4,18,hard,0,27795,Clustering & Unsupervised
tE1MOwmVibN4,19,easy,1,14245,Clustering & Unsupervised
tE1MOwmVibN4,20,hard,0,24865,Data & Features
tE1MOwmVibN4,21,hard,0,24779,Misc / Tools
tE1MOwmVibN4,22,easy,1,12592,Data & Features
tE1MOwmVibN4,23,hard,0,26254,Clustering & Unsupervised
tE1MOwmVibN4,24,hard,0,25248,Data & Features
tE1MOwmVibN4,25,hard,0,27846,Clustering & Unsupervised
tE1MOwmVibN4,26,hard,0,29672,Data & Features
tE1MOwmVibN4,27,easy,1,17206,Data & Features
tE1MOwmVibN4,28,medium,0,26622,Data & Features
tE1MOwmVibN4,29,easy,1,12592,Data & Features
tE1MOwmVibN4,30,easy,1,11101,Data & Features
oVyzGGgOFu4f,1,hard,0,30533,Misc / Tools
oVyzGGgOFu4f,2,easy,1,11094,Misc / Tools
oVyzGGgOFu4f,3,easy,1,17117,Misc / Tools
oVyzGGgOFu4f,4,easy,1,15659,Misc / Tools
oVyzGGgOFu4f,5,medium,1,27500,Misc / Tools
oVyzGGgOFu4f,6,easy,1,20195,Misc / Tools
oVyzGGgOFu4f,7,easy,1,18546,Data & Features
oVyzGGgOFu4f,8,easy,1,15659,Data & Features
oVyzGGgOFu4f,9,easy,1,16613,Misc / Tools
oVyzGGgOFu4f,10,easy,1,15659,Misc / Tools
oVyzGGgOFu4f,11,easy,1,15659,Misc / Tools
oVyzGGgOFu4f,12,easy,1,15659,Misc / Tools
oVyzGGgOFu4f,13,easy,1,17117,Misc / Tools
oVyzGGgOFu4f,14,medium,1,30463,Data & Features
oVyzGGgOFu4f,15,medium,1,30638,Data & Features
oVyzGGgOFu4f,16,easy,1,28512,Data & Features
oVyzGGgOFu4f,17,easy,1,23169,Data & Features
oVyzGGgOFu4f,18,hard,0,25873,Clustering & Unsupervised
oVyzGGgOFu4f,19,easy,1,15909,Clustering & Unsupervised
oVyzGGgOFu4f,20,hard,0,29881,Data & Features
oVyzGGgOFu4f,21,hard,0,25431,Misc / Tools
oVyzGGgOFu4f,22,easy,1,15659,Data & Features
oVyzGGgOFu4f,23,hard,1,32952,Clustering & Unsupervised
oVyzGGgOFu4f,24,hard,0,24810,Data & Features
oVyzGGgOFu4f,25,hard,1,31110,Clustering & Unsupervised
oVyzGGgOFu4f,26,hard,1,34974,Data & Features
oVyzGGgOFu4f,27,easy,1,19714,Data & Features
oVyzGGgOFu4f,28,medium,1,25853,Data & Features
oVyzGGgOFu4f,29,easy,1,15659,Data & Features
oVyzGGgOFu4f,30,easy,1,13999,Data & Features
k4QQVURTfMls,1,hard,0,22683,Misc / Tools
k4QQVURTfMls,2,easy,1,8103,Misc / Tools
k4QQVURTfMls,3,easy,1,14607,Misc / Tools
k4QQVURTfMls,4,easy,1,11379,Misc / Tools
k4QQVURTfMls,5,medium,0,22141,Misc / Tools
k4QQVURTfMls,6,easy,0,19051,Misc / Tools
k4QQVURTfMls,7,easy,1,16514,Data & Features
k4QQVURTfMls,8,easy,1,11379,Data & Features
k4QQVURTfMls,9,easy,1,14620,Misc / Tools
k4QQVURTfMls,10,easy,1,11379,Misc / Tools
k4QQVURTfMls,11,easy,1,11379,Misc / Tools
k4QQVURTfMls,12,easy,1,11379,Misc / Tools
k4QQVURTfMls,13,easy,1,14607,Misc / Tools
k4QQVURTfMls,14,medium,1,25097,Data & Features
k4QQVURTfMls,15,medium,0,23113,Data & Features
k4QQVURTfMls,16,easy,0,24235,Data & Features
k4QQVURTfMls,17,easy,1,20324,Data & Features
k4QQVURTfMls,18,hard,0,18290,Clustering & Unsupervised
k4QQVURTfMls,19,easy,1,13674,Clustering & Unsupervised
k4QQVURTfMls,20,hard,0,18797,Data & Features
k4QQVURTfMls,21,hard,0,17197,Misc / Tools
k4QQVURTfMls,22,easy,1,11379,Data & Features
k4QQVURTfMls,23,hard,0,20012,Clustering & Unsupervised
k4QQVURTfMls,24,hard,0,15904,Data & Features
k4QQVURTfMls,25,hard,0,22838,Clustering & Unsupervised
k4QQVURTfMls,26,hard,0,24331,Data & Features
k4QQVURTfMls,27,easy,1,16458,Data & Features
k4QQVURTfMls,28,medium,0,22050,Data & Features
k4QQVURTfMls,29,easy,1,11379,Data & Features
k4QQVURTfMls,30,easy,1,9615,Data & Features
HDHPHpQGlRLt,1,hard,0,31161,Misc / Tools
HDHPHpQGlRLt,2,easy,1,10498,Misc / Tools
HDHPHpQGlRLt,3,easy,1,16368,Misc / Tools
HDHPHpQGlRLt,4,easy,1,14818,Misc / Tools
HDHPHpQGlRLt,5,medium,1,29308,Misc / Tools
HDHPHpQGlRLt,6,easy,1,21523,Misc / Tools
HDHPHpQGlRLt,7,easy,1,17952,Data & Features
HDHPHpQGlRLt,8,easy,1,14818,Data & Features
HDHPHpQGlRLt,9,easy,0,22458,Misc / Tools
HDHPHpQGlRLt,10,easy,1,14818,Misc / Tools
HDHPHpQGlRLt,11,easy,1,14818,Misc / Tools
HDHPHpQGlRLt,12,easy,1,14818,Misc / Tools
HDHPHpQGlRLt,13,easy,1,16368,Misc / Tools
HDHPHpQGlRLt,14,medium,1,32466,Data & Features
HDHPHpQGlRLt,15,medium,0,35990,Data & Features
HDHPHpQGlRLt,16,easy,1,30387,Data & Features
HDHPHpQGlRLt,17,easy,1,24693,Data & Features
HDHPHpQGlRLt,18,hard,0,21605,Clustering & Unsupervised
HDHPHpQGlRLt,19,easy,1,15213,Clustering & Unsupervised
HDHPHpQGlRLt,20,hard,0,24952,Data & Features
HDHPHpQGlRLt,21,hard,0,21236,Misc / Tools
HDHPHpQGlRLt,22,easy,0,19845,Data & Features
HDHPHpQGlRLt,23,hard,0,24591,Clustering & Unsupervised
HDHPHpQGlRLt,24,hard,0,20718,Data & Features
HDHPHpQGlRLt,25,hard,0,31374,Clustering & Unsupervised
HDHPHpQGlRLt,26,hard,0,35271,Data & Features
HDHPHpQGlRLt,27,easy,1,18851,Data & Features
HDHPHpQGlRLt,28,medium,0,35005,Data & Features
HDHPHpQGlRLt,29,easy,1,14818,Data & Features
HDHPHpQGlRLt,30,easy,1,13247,Data & Features
X0HFePMCkBsP,1,hard,0,25414,Misc / Tools
X0HFePMCkBsP,2,easy,1,8472,Misc / Tools
X0HFePMCkBsP,3,easy,0,17503,Misc / Tools
X0HFePMCkBsP,4,easy,1,12136,Misc / Tools
X0HFePMCkBsP,5,medium,0,24896,Misc / Tools
X0HFePMCkBsP,6,easy,1,17689,Misc / Tools
X0HFePMCkBsP,7,easy,1,16417,Data & Features
X0HFePMCkBsP,8,easy,1,12136,Data & Features
X0HFePMCkBsP,9,easy,1,14403,Misc / Tools
X0HFePMCkBsP,10,easy,1,12136,Misc / Tools
X0HFePMCkBsP,11,easy,1,12136,Misc / Tools
X0HFePMCkBsP,12,easy,1,12136,Misc / Tools
X0HFePMCkBsP,13,easy,1,14280,Misc / Tools
X0HFePMCkBsP,14,medium,1,25139,Data & Features
X0HFePMCkBsP,15,medium,1,25283,Data & Features
X0HFePMCkBsP,16,easy,1,24329,Data & Features
X0HFePMCkBsP,17,easy,1,20170,Data & Features
X0HFePMCkBsP,18,hard,0,24225,Clustering & Unsupervised
X0HFePMCkBsP,19,easy,0,16794,Clustering & Unsupervised
X0HFePMCkBsP,20,hard,0,22849,Data & Features
X0HFePMCkBsP,21,hard,0,22427,Misc / Tools
X0HFePMCkBsP,22,easy,1,12136,Data & Features
X0HFePMCkBsP,23,hard,0,24125,Clustering & Unsupervised
X0HFePMCkBsP,24,hard,0,22506,Data & Features
X0HFePMCkBsP,25,hard,0,25588,Clustering & Unsupervised
X0HFePMCkBsP,26,hard,0,27266,Data & Features
X0HFePMCkBsP,27,easy,1,16446,Data & Features
X0HFePMCkBsP,28,medium,1,21393,Data & Features
X0HFePMCkBsP,29,easy,1,12136,Data & Features
X0HFePMCkBsP,30,easy,1,10690,Data & Features
AG7urKue7Fzv,1,hard,0,36410,Misc / Tools
AG7urKue7Fzv,2,easy,1,15587,Misc / Tools
AG7urKue7Fzv,3,easy,1,24049,Misc / Tools
AG7urKue7Fzv,4,easy,1,22001,Misc / Tools
AG7urKue7Fzv,5,medium,0,41980,Misc / Tools
AG7urKue7Fzv,6,easy,1,26823,Misc / Tools
AG7urKue7Fzv,7,easy,1,26057,Data & Features
AG7urKue7Fzv,8,easy,1,22001,Data & Features
AG7urKue7Fzv,9,easy,1,23342,Misc / Tools
AG7urKue7Fzv,10,easy,1,22001,Misc / Tools
AG7urKue7Fzv,11,easy,1,22001,Misc / Tools
AG7urKue7Fzv,12,easy,1,22001,Misc / Tools
AG7urKue7Fzv,13,easy,1,24049,Misc / Tools
AG7urKue7Fzv,14,medium,1,38900,Data & Features
AG7urKue7Fzv,15,medium,1,39124,Data & Features
AG7urKue7Fzv,16,easy,1,37870,Data & Features
AG7urKue7Fzv,17,easy,1,30774,Data & Features
AG7urKue7Fzv,18,hard,0,30562,Clustering & Unsupervised
AG7urKue7Fzv,19,easy,1,22353,Clustering & Unsupervised
AG7urKue7Fzv,20,hard,0,35297,Data & Features
AG7urKue7Fzv,21,hard,0,30040,Misc / Tools
AG7urKue7Fzv,22,easy,1,22001,Data & Features
AG7urKue7Fzv,23,hard,0,34262,Clustering & Unsupervised
AG7urKue7Fzv,24,hard,0,29307,Data & Features
AG7urKue7Fzv,25,hard,1,40219,Clustering & Unsupervised
AG7urKue7Fzv,26,hard,0,41212,Data & Features
AG7urKue7Fzv,27,easy,1,27697,Data & Features
AG7urKue7Fzv,28,medium,0,40943,Data & Features
AG7urKue7Fzv,29,easy,1,22001,Data & Features
AG7urKue7Fzv,30,easy,1,19669,Data & Features
CyGywfdJf5VZ,1,hard,0,22271,Misc / Tools
CyGywfdJf5VZ,2,easy,1,7500,Misc / Tools
CyGywfdJf5VZ,3,easy,1,12642,Misc / Tools
CyGywfdJf5VZ,4,easy,1,10621,Misc / Tools
CyGywfdJf5VZ,5,medium,0,21661,Misc / Tools
CyGywfdJf5VZ,6,easy,1,15826,Misc / Tools
CyGywfdJf5VZ,7,easy,1,14620,Data & Features
CyGywfdJf5VZ,8,easy,1,10621,Data & Features
CyGywfdJf5VZ,9,easy,1,12826,Misc / Tools
CyGywfdJf5VZ,10,easy,1,10621,Misc / Tools
CyGywfdJf5VZ,11,easy,1,10621,Misc / Tools
CyGywfdJf5VZ,12,easy,1,10621,Misc / Tools
CyGywfdJf5VZ,13,easy,1,12642,Misc / Tools
CyGywfdJf5VZ,14,medium,1,22030,Data & Features
CyGywfdJf5VZ,15,medium,0,23039,Data & Features
CyGywfdJf5VZ,16,easy,0,24917,Data & Features
CyGywfdJf5VZ,17,easy,1,17911,Data & Features
CyGywfdJf5VZ,18,hard,0,20653,Clustering & Unsupervised
CyGywfdJf5VZ,19,easy,1,11993,Clustering & Unsupervised
CyGywfdJf5VZ,20,hard,0,19480,Data & Features
CyGywfdJf5VZ,21,hard,0,19120,Misc / Tools
CyGywfdJf5VZ,22,easy,1,10621,Data & Features
CyGywfdJf5VZ,23,hard,0,20568,Clustering & Unsupervised
CyGywfdJf5VZ,24,hard,0,19188,Data & Features
CyGywfdJf5VZ,25,hard,0,21815,Clustering & Unsupervised
CyGywfdJf5VZ,26,hard,0,23245,Data & Features
CyGywfdJf5VZ,27,easy,0,17433,Data & Features
CyGywfdJf5VZ,28,medium,0,21465,Data & Features
CyGywfdJf5VZ,29,easy,1,10621,Data & Features
CyGywfdJf5VZ,30,easy,1,9393,Data & Features
kfwxRJXSzs3o,1,hard,0,24582,Misc / Tools
kfwxRJXSzs3o,2,easy,1,8289,Misc / Tools
kfwxRJXSzs3o,3,easy,1,14920,Misc / Tools
kfwxRJXSzs3o,4,easy,1,11640,Misc / Tools
kfwxRJXSzs3o,5,medium,0,24048,Misc / Tools
kfwxRJXSzs3o,6,easy,0,19416,Misc / Tools
kfwxRJXSzs3o,7,easy,1,16936,Data & Features
kfwxRJXSzs3o,8,easy,1,11640,Data & Features
kfwxRJXSzs3o,9,easy,1,14978,Misc / Tools
kfwxRJXSzs3o,10,easy,1,11640,Misc / Tools
kfwxRJXSzs3o,11,easy,1,11640,Misc / Tools
kfwxRJXSzs3o,12,easy,1,11640,Misc / Tools
kfwxRJXSzs3o,13,easy,1,14920,Misc / Tools
kfwxRJXSzs3o,14,medium,0,25721,Data & Features
kfwxRJXSzs3o,15,medium,1,26497,Data & Features
kfwxRJXSzs3o,16,easy,0,26611,Data & Features
kfwxRJXSzs3o,17,easy,0,22068,Data & Features
kfwxRJXSzs3o,18,hard,0,21116,Clustering & Unsupervised
kfwxRJXSzs3o,19,easy,0,15188,Clustering & Unsupervised
kfwxRJXSzs3o,20,hard,0,21701,Data & Features
kfwxRJXSzs3o,21,hard,0,19854,Misc / Tools
kfwxRJXSzs3o,22,easy,1,11640,Data & Features
kfwxRJXSzs3o,23,hard,0,22913,Clustering & Unsupervised
kfwxRJXSzs3o,24,hard,0,18884,Data & Features
kfwxRJXSzs3o,25,hard,0,24750,Clustering & Unsupervised
kfwxRJXSzs3o,26,hard,0,26368,Data & Features
kfwxRJXSzs3o,27,easy,1,16929,Data & Features
kfwxRJXSzs3o,28,medium,1,22637,Data & Features
kfwxRJXSzs3o,29,easy,1,11640,Data & Features
kfwxRJXSzs3o,30,easy,1,9835,Data & Features
xlLz8YVMGkvs,1,hard,1,29324,Misc / Tools
xlLz8YVMGkvs,2,easy,1,10295,Misc / Tools
xlLz8YVMGkvs,3,easy,1,15884,Misc / Tools
xlLz8YVMGkvs,4,easy,1,14532,Misc / Tools
xlLz8YVMGkvs,5,medium,1,25520,Misc / Tools
xlLz8YVMGkvs,6,easy,1,18741,Misc / Tools
xlLz8YVMGkvs,7,easy,1,17210,Data & Features
xlLz8YVMGkvs,8,easy,1,14532,Data & Features
xlLz8YVMGkvs,9,easy,1,15417,Misc / Tools
xlLz8YVMGkvs,10,easy,1,14532,Misc / Tools
xlLz8YVMGkvs,11,easy,1,14532,Misc / Tools
xlLz8YVMGkvs,12,easy,1,14532,Misc / Tools
xlLz8YVMGkvs,13,easy,1,15884,Misc / Tools
xlLz8YVMGkvs,14,medium,1,28270,Data & Features
xlLz8YVMGkvs,15,medium,1,28432,Data & Features
xlLz8YVMGkvs,16,easy,1,26459,Data & Features
xlLz8YVMGkvs,17,easy,1,21501,Data & Features
xlLz8YVMGkvs,18,hard,0,24222,Clustering & Unsupervised
xlLz8YVMGkvs,19,easy,1,14764,Clustering & Unsupervised
xlLz8YVMGkvs,20,hard,0,27974,Data & Features
xlLz8YVMGkvs,21,hard,0,23808,Misc / Tools
xlLz8YVMGkvs,22,easy,1,14532,Data & Features
xlLz8YVMGkvs,23,hard,0,27154,Clustering & Unsupervised
xlLz8YVMGkvs,24,hard,0,23227,Data & Features
xlLz8YVMGkvs,25,hard,0,29054,Clustering & Unsupervised
xlLz8YVMGkvs,26,hard,1,32858,Data & Features
xlLz8YVMGkvs,27,easy,1,18294,Data & Features
xlLz8YVMGkvs,28,medium,1,23992,Data & Features
xlLz8YVMGkvs,29,easy,1,14532,Data & Features
xlLz8YVMGkvs,30,easy,1,12991,Data & Features
o2VbFpgtLwG2,1,hard,1,30767,Misc / Tools
o2VbFpgtLwG2,2,easy,1,10088,Misc / Tools
o2VbFpgtLwG2,3,easy,1,16900,Misc / Tools
o2VbFpgtLwG2,4,easy,1,14332,Misc / Tools
o2VbFpgtLwG2,5,medium,1,27219,Misc / Tools
o2VbFpgtLwG2,6,easy,1,20941,Misc / Tools
o2VbFpgtLwG2,7,easy,1,19430,Data & Features
o2VbFpgtLwG2,8,easy,1,14332,Data & Features
o2VbFpgtLwG2,9,easy,1,17184,Misc / Tools
o2VbFpgtLwG2,10,easy,1,14332,Misc / Tools
o2VbFpgtLwG2,11,easy,1,14332,Misc / Tools
o2VbFpgtLwG2,12,easy,1,14332,Misc / Tools
o2VbFpgtLwG2,13,easy,1,16900,Misc / Tools
o2VbFpgtLwG2,14,medium,1,30259,Data & Features
o2VbFpgtLwG2,15,medium,1,30433,Data & Features
o2VbFpgtLwG2,16,easy,1,28385,Data & Features
o2VbFpgtLwG2,17,easy,1,23693,Data & Features
o2VbFpgtLwG2,18,hard,0,28884,Clustering & Unsupervised
o2VbFpgtLwG2,19,easy,1,16114,Clustering & Unsupervised
o2VbFpgtLwG2,20,hard,0,26187,Data & Features
o2VbFpgtLwG2,21,hard,0,25750,Misc / Tools
o2VbFpgtLwG2,22,easy,1,14332,Data & Features
o2VbFpgtLwG2,23,hard,0,27649,Clustering & Unsupervised
o2VbFpgtLwG2,24,hard,0,26589,Data & Features
o2VbFpgtLwG2,25,hard,0,28582,Clustering & Unsupervised
o2VbFpgtLwG2,26,hard,1,32137,Data & Features
o2VbFpgtLwG2,27,easy,1,19464,Data & Features
o2VbFpgtLwG2,28,medium,0,27325,Data & Features
o2VbFpgtLwG2,29,easy,1,14332,Data & Features
o2VbFpgtLwG2,30,easy,1,12635,Data & Features
RM55e8d3Jbjm,1,hard,0,25154,Misc / Tools
RM55e8d3Jbjm,2,easy,1,8385,Misc / Tools
RM55e8d3Jbjm,3,easy,1,14134,Misc / Tools
RM55e8d3Jbjm,4,easy,1,11875,Misc / Tools
RM55e8d3Jbjm,5,medium,1,22168,Misc / Tools
RM55e8d3Jbjm,6,easy,1,17508,Misc / Tools
RM55e8d3Jbjm,7,easy,0,20736,Data & Features
RM55e8d3Jbjm,8,easy,1,11875,Data & Features
RM55e8d3Jbjm,9,easy,0,18529,Misc / Tools
RM55e8d3Jbjm,10,easy,1,11875,Misc / Tools
RM55e8d3Jbjm,11,easy,1,11875,Misc / Tools
RM55e8d3Jbjm,12,easy,1,11875,Misc / Tools
RM55e8d3Jbjm,13,easy,1,14134,Misc / Tools
RM55e8d3Jbjm,14,medium,0,26134,Data & Features
RM55e8d3Jbjm,15,medium,0,26021,Data & Features
RM55e8d3Jbjm,16,easy,1,24080,Data & Features
RM55e8d3Jbjm,17,easy,1,19964,Data & Features
RM55e8d3Jbjm,18,hard,0,23977,Clustering & Unsupervised
RM55e8d3Jbjm,19,easy,1,13502,Clustering & Unsupervised
RM55e8d3Jbjm,20,hard,0,22616,Data & Features
RM55e8d3Jbjm,21,hard,0,22198,Misc / Tools
RM55e8d3Jbjm,22,easy,1,11875,Data & Features
RM55e8d3Jbjm,23,hard,1,25270,Clustering & Unsupervised
RM55e8d3Jbjm,24,hard,0,22277,Data & Features
RM55e8d3Jbjm,25,hard,0,25327,Clustering & Unsupervised
RM55e8d3Jbjm,26,hard,1,26871,Data & Features
RM55e8d3Jbjm,27,easy,1,16278,Data & Features
RM55e8d3Jbjm,28,medium,1,21175,Data & Features
RM55e8d3Jbjm,29,easy,1,11875,Data & Features
RM55e8d3Jbjm,30,easy,1,10581,Data & Features
tZNKhSZpzqOT,1,hard,0,28783,Misc / Tools
tZNKhSZpzqOT,2,easy,1,10308,Misc / Tools
tZNKhSZpzqOT,3,easy,1,16137,Misc / Tools
tZNKhSZpzqOT,4,easy,1,14711,Misc / Tools
tZNKhSZpzqOT,5,medium,1,24641,Misc / Tools
tZNKhSZpzqOT,6,easy,0,22681,Misc / Tools
tZNKhSZpzqOT,7,easy,1,17050,Data & Features
tZNKhSZpzqOT,8,easy,1,14711,Data & Features
tZNKhSZpzqOT,9,easy,1,15430,Misc / Tools
tZNKhSZpzqOT,10,easy,1,14711,Misc / Tools
tZNKhSZpzqOT,11,easy,1,14711,Misc / Tools
tZNKhSZpzqOT,12,easy,1,14711,Misc / Tools
tZNKhSZpzqOT,13,easy,1,16137,Misc / Tools
tZNKhSZpzqOT,14,medium,0,30678,Data & Features
tZNKhSZpzqOT,15,medium,1,27453,Data & Features
tZNKhSZpzqOT,16,easy,1,26141,Data & Features
tZNKhSZpzqOT,17,easy,1,21242,Data & Features
tZNKhSZpzqOT,18,hard,0,27376,Clustering & Unsupervised
tZNKhSZpzqOT,19,easy,1,14960,Clustering & Unsupervised
tZNKhSZpzqOT,20,hard,0,25429,Data & Features
tZNKhSZpzqOT,21,hard,0,25345,Misc / Tools
tZNKhSZpzqOT,22,easy,1,14711,Data & Features
tZNKhSZpzqOT,23,hard,0,27264,Clustering & Unsupervised
tZNKhSZpzqOT,24,hard,1,29797,Data & Features
tZNKhSZpzqOT,25,hard,0,28980,Clustering & Unsupervised
tZNKhSZpzqOT,26,hard,0,30880,Data & Features
tZNKhSZpzqOT,27,easy,1,18585,Data & Features
tZNKhSZpzqOT,28,medium,1,23165,Data & Features
tZNKhSZpzqOT,29,easy,1,14711,Data & Features
tZNKhSZpzqOT,30,easy,1,13008,Data & Features
jMkOnTydcqm6,1,hard,0,29296,Misc / Tools
jMkOnTydcqm6,2,easy,1,10223,Misc / Tools
jMkOnTydcqm6,3,easy,1,16004,Misc / Tools
jMkOnTydcqm6,4,easy,1,14590,Misc / Tools
jMkOnTydcqm6,5,medium,0,30354,Misc / Tools
jMkOnTydcqm6,6,easy,1,18610,Misc / Tools
jMkOnTydcqm6,7,easy,1,17137,Data & Features
jMkOnTydcqm6,8,easy,1,14590,Data & Features
jMkOnTydcqm6,9,easy,1,15303,Misc / Tools
jMkOnTydcqm6,10,easy,1,14590,Misc / Tools
jMkOnTydcqm6,11,easy,1,14590,Misc / Tools
jMkOnTydcqm6,12,easy,1,14590,Misc / Tools
jMkOnTydcqm6,13,easy,1,16004,Misc / Tools
jMkOnTydcqm6,14,medium,0,32004,Data & Features
jMkOnTydcqm6,15,medium,1,28021,Data & Features
jMkOnTydcqm6,16,easy,1,26274,Data & Features
jMkOnTydcqm6,17,easy,1,21351,Data & Features
jMkOnTydcqm6,18,hard,1,30755,Clustering & Unsupervised
jMkOnTydcqm6,19,easy,1,14837,Clustering & Unsupervised
jMkOnTydcqm6,20,hard,0,28860,Data & Features
jMkOnTydcqm6,21,hard,0,25796,Misc / Tools
jMkOnTydcqm6,22,easy,1,14590,Data & Features
jMkOnTydcqm6,23,hard,0,27749,Clustering & Unsupervised
jMkOnTydcqm6,24,hard,0,26414,Data & Features
jMkOnTydcqm6,25,hard,1,28453,Clustering & Unsupervised
jMkOnTydcqm6,26,hard,0,31430,Data & Features
jMkOnTydcqm6,27,easy,1,18432,Data & Features
jMkOnTydcqm6,28,medium,1,23645,Data & Features
jMkOnTydcqm6,29,easy,1,14590,Data & Features
jMkOnTydcqm6,30,easy,1,12900,Data & Features
By0gyab68WPW,1,hard,0,28388,Misc / Tools
By0gyab68WPW,2,easy,0,10826,Misc / Tools
By0gyab68WPW,3,easy,1,16900,Misc / Tools
By0gyab68WPW,4,easy,1,14332,Misc / Tools
By0gyab68WPW,5,medium,0,27575,Misc / Tools
By0gyab68WPW,6,easy,0,22695,Misc / Tools
By0gyab68WPW,7,easy,1,19430,Data & Features
By0gyab68WPW,8,easy,1,14332,Data & Features
By0gyab68WPW,9,easy,0,20423,Misc / Tools
By0gyab68WPW,10,easy,1,14332,Misc / Tools
By0gyab68WPW,11,easy,1,14332,Misc / Tools
By0gyab68WPW,12,easy,1,14332,Misc / Tools
By0gyab68WPW,13,easy,1,16900,Misc / Tools
By0gyab68WPW,14,medium,1,30259,Data & Features
By0gyab68WPW,15,medium,1,30433,Data & Features
By0gyab68WPW,16,easy,1,28385,Data & Features
By0gyab68WPW,17,easy,1,23693,Data & Features
By0gyab68WPW,18,hard,0,28884,Clustering & Unsupervised
By0gyab68WPW,19,easy,1,16114,Clustering & Unsupervised
By0gyab68WPW,20,hard,0,26187,Data & Features
By0gyab68WPW,21,hard,0,25750,Misc / Tools
By0gyab68WPW,22,easy,1,14332,Data & Features
By0gyab68WPW,23,hard,0,27649,Clustering & Unsupervised
By0gyab68WPW,24,hard,0,26589,Data & Features
By0gyab68WPW,25,hard,0,28582,Clustering & Unsupervised
By0gyab68WPW,26,hard,0,29953,Data & Features
By0gyab68WPW,27,easy,1,19464,Data & Features
By0gyab68WPW,28,medium,1,26000,Data & Features
By0gyab68WPW,29,easy,1,14332,Data & Features
By0gyab68WPW,30,easy,1,12635,Data & Features
sg62FVLFX6BW,1,hard,1,27729,Misc / Tools
sg62FVLFX6BW,2,easy,1,8835,Misc / Tools
sg62FVLFX6BW,3,easy,1,14892,Misc / Tools
sg62FVLFX6BW,4,easy,1,12552,Misc / Tools
sg62FVLFX6BW,5,medium,0,26780,Misc / Tools
sg62FVLFX6BW,6,easy,1,18600,Misc / Tools
sg62FVLFX6BW,7,easy,0,21194,Data & Features
sg62FVLFX6BW,8,easy,1,12552,Data & Features
sg62FVLFX6BW,9,easy,1,15021,Misc / Tools
sg62FVLFX6BW,10,easy,1,12552,Misc / Tools
sg62FVLFX6BW,11,easy,1,12552,Misc / Tools
sg62FVLFX6BW,12,easy,1,12552,Misc / Tools
sg62FVLFX6BW,13,easy,1,14892,Misc / Tools
sg62FVLFX6BW,14,medium,1,27271,Data & Features
sg62FVLFX6BW,15,medium,1,27428,Data & Features
sg62FVLFX6BW,16,easy,1,25582,Data & Features
sg62FVLFX6BW,17,easy,1,21353,Data & Features
sg62FVLFX6BW,18,hard,0,27707,Clustering & Unsupervised
sg62FVLFX6BW,19,easy,1,14200,Clustering & Unsupervised
sg62FVLFX6BW,20,hard,1,27969,Data & Features
sg62FVLFX6BW,21,hard,0,24700,Misc / Tools
sg62FVLFX6BW,22,easy,1,12552,Data & Features
sg62FVLFX6BW,23,hard,0,26171,Clustering & Unsupervised
sg62FVLFX6BW,24,hard,0,25168,Data & Features
sg62FVLFX6BW,25,hard,1,27638,Clustering & Unsupervised
sg62FVLFX6BW,26,hard,0,29578,Data & Features
sg62FVLFX6BW,27,easy,1,17152,Data & Features
sg62FVLFX6BW,28,medium,1,23433,Data & Features
sg62FVLFX6BW,29,easy,1,12552,Data & Features
sg62FVLFX6BW,30,easy,1,11066,Data & Features
C6BcTLw4mOKQ,1,hard,1,29493,Misc / Tools
C6BcTLw4mOKQ,2,easy,1,10483,Misc / Tools
C6BcTLw4mOKQ,3,easy,1,16173,Misc / Tools
C6BcTLw4mOKQ,4,easy,1,14796,Misc / Tools
C6BcTLw4mOKQ,5,medium,1,25985,Misc / Tools
C6BcTLw4mOKQ,6,easy,1,19082,Misc / Tools
C6BcTLw4mOKQ,7,easy,1,17524,Data & Features
C6BcTLw4mOKQ,8,easy,1,14796,Data & Features
C6BcTLw4mOKQ,9,easy,1,15531,Misc / Tools
C6BcTLw4mOKQ,10,easy,1,14796,Misc / Tools
C6BcTLw4mOKQ,11,easy,1,14796,Misc / Tools
C6BcTLw4mOKQ,12,easy,1,14796,Misc / Tools
C6BcTLw4mOKQ,13,easy,1,16173,Misc / Tools
C6BcTLw4mOKQ,14,medium,1,28784,Data & Features
C6BcTLw4mOKQ,15,medium,0,33408,Data & Features
C6BcTLw4mOKQ,16,easy,1,26941,Data & Features
C6BcTLw4mOKQ,17,easy,1,21893,Data & Features
C6BcTLw4mOKQ,18,hard,1,28596,Clustering & Unsupervised
C6BcTLw4mOKQ,19,easy,1,15033,Clustering & Unsupervised
C6BcTLw4mOKQ,20,hard,0,28757,Data & Features
C6BcTLw4mOKQ,21,hard,0,24474,Misc / Tools
C6BcTLw4mOKQ,22,easy,1,14796,Data & Features
C6BcTLw4mOKQ,23,hard,0,27651,Clustering & Unsupervised
C6BcTLw4mOKQ,24,hard,0,23877,Data & Features
C6BcTLw4mOKQ,25,hard,1,29396,Clustering & Unsupervised
C6BcTLw4mOKQ,26,hard,0,33260,Data & Features
C6BcTLw4mOKQ,27,easy,1,18627,Data & Features
C6BcTLw4mOKQ,28,medium,1,24428,Data & Features
C6BcTLw4mOKQ,29,easy,1,14796,Data & Features
C6BcTLw4mOKQ,30,easy,1,13228,Data & Features
KwlNeadgH2OL,1,hard,1,27277,Misc / Tools
KwlNeadgH2OL,2,easy,1,9460,Misc / Tools
KwlNeadgH2OL,3,easy,1,14595,Misc / Tools
KwlNeadgH2OL,4,easy,1,13612,Misc / Tools
KwlNeadgH2OL,5,medium,1,22565,Misc / Tools
KwlNeadgH2OL,6,easy,1,16705,Misc / Tools
KwlNeadgH2OL,7,easy,1,15646,Data & Features
KwlNeadgH2OL,8,easy,1,13612,Data & Features
KwlNeadgH2OL,9,easy,1,13956,Misc / Tools
KwlNeadgH2OL,10,easy,1,13612,Misc / Tools
KwlNeadgH2OL,11,easy,1,13612,Misc / Tools
KwlNeadgH2OL,12,easy,1,13612,Misc / Tools
KwlNeadgH2OL,13,easy,1,14595,Misc / Tools
KwlNeadgH2OL,14,medium,1,25430,Data & Features
KwlNeadgH2OL,15,medium,1,25576,Data & Features
KwlNeadgH2OL,16,easy,1,23650,Data & Features
KwlNeadgH2OL,17,easy,1,19126,Data & Features
KwlNeadgH2OL,18,hard,0,20758,Clustering & Unsupervised
KwlNeadgH2OL,19,easy,1,13460,Clustering & Unsupervised
KwlNeadgH2OL,20,hard,0,26737,Data & Features
KwlNeadgH2OL,21,hard,0,20349,Misc / Tools
KwlNeadgH2OL,22,easy,1,13612,Data & Features
KwlNeadgH2OL,23,hard,0,25133,Clustering & Unsupervised
KwlNeadgH2OL,24,hard,0,22606,Data & Features
KwlNeadgH2OL,25,hard,0,27317,Clustering & Unsupervised
KwlNeadgH2OL,26,hard,0,29585,Data & Features
KwlNeadgH2OL,27,easy,1,16810,Data & Features
KwlNeadgH2OL,28,medium,1,21213,Data & Features
KwlNeadgH2OL,29,easy,1,13612,Data & Features
KwlNeadgH2OL,30,easy,1,11937,Data & Features
pJCSXvZHMyH1,1,hard,0,29384,Misc / Tools
pJCSXvZHMyH1,2,easy,1,10483,Misc / Tools
pJCSXvZHMyH1,3,easy,1,16173,Misc / Tools
pJCSXvZHMyH1,4,easy,1,14796,Misc / Tools
pJCSXvZHMyH1,5,medium,0,31822,Misc / Tools
pJCSXvZHMyH1,6,easy,0,24121,Misc / Tools
pJCSXvZHMyH1,7,easy,1,17524,Data & Features
pJCSXvZHMyH1,8,easy,1,14796,Data & Features
pJCSXvZHMyH1,9,easy,1,15531,Misc / Tools
pJCSXvZHMyH1,10,easy,1,14796,Misc / Tools
pJCSXvZHMyH1,11,easy,1,14796,Misc / Tools
pJCSXvZHMyH1,12,easy,1,14796,Misc / Tools
pJCSXvZHMyH1,13,easy,1,16173,Misc / Tools
pJCSXvZHMyH1,14,medium,1,28784,Data & Features
pJCSXvZHMyH1,15,medium,0,33408,Data & Features
pJCSXvZHMyH1,16,easy,1,26941,Data & Features
pJCSXvZHMyH1,17,easy,1,21893,Data & Features
pJCSXvZHMyH1,18,hard,0,24899,Clustering & Unsupervised
pJCSXvZHMyH1,19,easy,1,15033,Clustering & Unsupervised
pJCSXvZHMyH1,20,hard,0,28757,Data & Features
pJCSXvZHMyH1,21,hard,0,24474,Misc / Tools
pJCSXvZHMyH1,22,easy,1,14796,Data & Features
pJCSXvZHMyH1,23,hard,0,27651,Clustering & Unsupervised
pJCSXvZHMyH1,24,hard,0,23877,Data & Features
pJCSXvZHMyH1,25,hard,0,29585,Clustering & Unsupervised
pJCSXvZHMyH1,26,hard,1,33047,Data & Features
pJCSXvZHMyH1,27,easy,1,18627,Data & Features
pJCSXvZHMyH1,28,medium,1,24428,Data & Features
pJCSXvZHMyH1,29,easy,1,14796,Data & Features
pJCSXvZHMyH1,30,easy,1,13228,Data & Features
ylh73EEFQ8CD,1,hard,0,27131,Misc / Tools
ylh73EEFQ8CD,2,easy,1,9460,Misc / Tools
ylh73EEFQ8CD,3,easy,1,14595,Misc / Tools
ylh73EEFQ8CD,4,easy,1,13612,Misc / Tools
ylh73EEFQ8CD,5,medium,1,22565,Misc / Tools
ylh73EEFQ8CD,6,easy,1,16705,Misc / Tools
ylh73EEFQ8CD,7,easy,1,15646,Data & Features
ylh73EEFQ8CD,8,easy,1,13612,Data & Features
ylh73EEFQ8CD,9,easy,1,13956,Misc / Tools
ylh73EEFQ8CD,10,easy,1,13612,Misc / Tools
ylh73EEFQ8CD,11,easy,1,13612,Misc / Tools
ylh73EEFQ8CD,12,easy,1,13612,Misc / Tools
ylh73EEFQ8CD,13,easy,1,14595,Misc / Tools
ylh73EEFQ8CD,14,medium,1,25430,Data & Features
ylh73EEFQ8CD,15,medium,1,25576,Data & Features
ylh73EEFQ8CD,16,easy,1,23650,Data & Features
ylh73EEFQ8CD,17,easy,1,19126,Data & Features
ylh73EEFQ8CD,18,hard,0,20758,Clustering & Unsupervised
ylh73EEFQ8CD,19,easy,1,13460,Clustering & Unsupervised
ylh73EEFQ8CD,20,hard,0,26737,Data & Features
ylh73EEFQ8CD,21,hard,0,20349,Misc / Tools
ylh73EEFQ8CD,22,easy,1,13612,Data & Features
ylh73EEFQ8CD,23,hard,1,28349,Clustering & Unsupervised
ylh73EEFQ8CD,24,hard,0,22606,Data & Features
ylh73EEFQ8CD,25,hard,0,27317,Clustering & Unsupervised
ylh73EEFQ8CD,26,hard,1,29445,Data & Features
ylh73EEFQ8CD,27,easy,1,16810,Data & Features
ylh73EEFQ8CD,28,medium,1,21213,Data & Features
ylh73EEFQ8CD,29,easy,1,13612,Data & Features
ylh73EEFQ8CD,30,easy,1,11937,Data & Features
TYE4dgTYGdCn,1,hard,0,29384,Misc / Tools
TYE4dgTYGdCn,2,easy,1,10483,Misc / Tools
TYE4dgTYGdCn,3,easy,1,16173,Misc / Tools
TYE4dgTYGdCn,4,easy,1,14796,Misc / Tools
TYE4dgTYGdCn,5,medium,0,31822,Misc / Tools
TYE4dgTYGdCn,6,easy,0,24121,Misc / Tools
TYE4dgTYGdCn,7,easy,1,17524,Data & Features
TYE4dgTYGdCn,8,easy,1,14796,Data & Features
TYE4dgTYGdCn,9,easy,1,15531,Misc / Tools
TYE4dgTYGdCn,10,easy,1,14796,Misc / Tools
TYE4dgTYGdCn,11,easy,1,14796,Misc / Tools
TYE4dgTYGdCn,12,easy,1,14796,Misc / Tools
TYE4dgTYGdCn,13,easy,1,16173,Misc / Tools
TYE4dgTYGdCn,14,medium,1,28784,Data & Features
TYE4dgTYGdCn,15,medium,0,33408,Data & Features
TYE4dgTYGdCn,16,easy,1,26941,Data & Features
TYE4dgTYGdCn,17,easy,1,21893,Data & Features
TYE4dgTYGdCn,18,hard,0,24899,Clustering & Unsupervised
TYE4dgTYGdCn,19,easy,1,15033,Clustering & Unsupervised
TYE4dgTYGdCn,20,hard,0,28757,Data & Features
TYE4dgTYGdCn,21,hard,0,24474,Misc / Tools
TYE4dgTYGdCn,22,easy,1,14796,Data & Features
TYE4dgTYGdCn,23,hard,0,27651,Clustering & Unsupervised
TYE4dgTYGdCn,24,hard,0,23877,Data & Features
TYE4dgTYGdCn,25,hard,0,29585,Clustering & Unsupervised
TYE4dgTYGdCn,26,hard,1,33047,Data & Features
TYE4dgTYGdCn,27,easy,1,18627,Data & Features
TYE4dgTYGdCn,28,medium,1,24428,Data & Features
TYE4dgTYGdCn,29,easy,1,14796,Data & Features
TYE4dgTYGdCn,30,easy,1,13228,Data & Features
I93EMGZEU4vI,1,hard,0,29296,Misc / Tools
I93EMGZEU4vI,2,easy,1,10223,Misc / Tools
I93EMGZEU4vI,3,easy,1,16004,Misc / Tools
I93EMGZEU4vI,4,easy,1,14590,Misc / Tools
I93EMGZEU4vI,5,medium,1,25151,Misc / Tools
I93EMGZEU4vI,6,easy,1,18610,Misc / Tools
I93EMGZEU4vI,7,easy,1,17137,Data & Features
I93EMGZEU4vI,8,easy,1,14590,Data & Features
I93EMGZEU4vI,9,easy,1,15303,Misc / Tools
I93EMGZEU4vI,10,easy,1,14590,Misc / Tools
I93EMGZEU4vI,11,easy,1,14590,Misc / Tools
I93EMGZEU4vI,12,easy,1,14590,Misc / Tools
I93EMGZEU4vI,13,easy,1,16004,Misc / Tools
I93EMGZEU4vI,14,medium,1,27861,Data & Features
I93EMGZEU4vI,15,medium,1,28021,Data & Features
I93EMGZEU4vI,16,easy,1,26274,Data & Features
I93EMGZEU4vI,17,easy,1,21351,Data & Features
I93EMGZEU4vI,18,hard,0,27864,Clustering & Unsupervised
I93EMGZEU4vI,19,easy,1,14837,Clustering & Unsupervised
I93EMGZEU4vI,20,hard,0,28860,Data & Features
I93EMGZEU4vI,21,hard,0,25796,Misc / Tools
I93EMGZEU4vI,22,easy,1,14590,Data & Features
I93EMGZEU4vI,23,hard,1,30031,Clustering & Unsupervised
I93EMGZEU4vI,24,hard,0,26414,Data & Features
I93EMGZEU4vI,25,hard,0,29496,Clustering & Unsupervised
I93EMGZEU4vI,26,hard,1,30319,Data & Features
I93EMGZEU4vI,27,easy,1,18432,Data & Features
I93EMGZEU4vI,28,medium,1,23645,Data & Features
I93EMGZEU4vI,29,easy,1,14590,Data & Features
I93EMGZEU4vI,30,easy,1,12900,Data & Features
e35NZ2cItyz9,1,hard,0,28783,Misc / Tools
e35NZ2cItyz9,2,easy,1,10308,Misc / Tools
e35NZ2cItyz9,3,easy,1,16137,Misc / Tools
e35NZ2cItyz9,4,easy,1,14711,Misc / Tools
e35NZ2cItyz9,5,medium,1,24641,Misc / Tools
e35NZ2cItyz9,6,easy,1,18515,Misc / Tools
e35NZ2cItyz9,7,easy,1,17050,Data & Features
e35NZ2cItyz9,8,easy,1,14711,Data & Features
e35NZ2cItyz9,9,easy,1,15430,Misc / Tools
e35NZ2cItyz9,10,easy,1,14711,Misc / Tools
e35NZ2cItyz9,11,easy,1,14711,Misc / Tools
e35NZ2cItyz9,12,easy,1,14711,Misc / Tools
e35NZ2cItyz9,13,easy,1,16137,Misc / Tools
e35NZ2cItyz9,14,medium,1,27296,Data & Features
e35NZ2cItyz9,15,medium,1,27453,Data & Features
e35NZ2cItyz9,16,easy,0,30448,Data & Features
e35NZ2cItyz9,17,easy,1,21242,Data & Features
e35NZ2cItyz9,18,hard,0,27376,Clustering & Unsupervised
e35NZ2cItyz9,19,easy,1,14960,Clustering & Unsupervised
e35NZ2cItyz9,20,hard,0,25429,Data & Features
e35NZ2cItyz9,21,hard,0,25345,Misc / Tools
e35NZ2cItyz9,22,easy,1,14711,Data & Features
e35NZ2cItyz9,23,hard,1,30157,Clustering & Unsupervised
e35NZ2cItyz9,24,hard,0,25952,Data & Features
e35NZ2cItyz9,25,hard,0,28980,Clustering & Unsupervised
e35NZ2cItyz9,26,hard,1,30446,Data & Features
e35NZ2cItyz9,27,easy,1,18585,Data & Features
e35NZ2cItyz9,28,medium,1,23165,Data & Features
e35NZ2cItyz9,29,easy,1,14711,Data & Features
e35NZ2cItyz9,30,easy,1,13008,Data & Features
pS17HUA271Nx,1,hard,0,24496,Misc / Tools
pS17HUA271Nx,2,easy,1,8392,Misc / Tools
pS17HUA271Nx,3,easy,1,14145,Misc / Tools
pS17HUA271Nx,4,easy,1,11884,Misc / Tools
pS17HUA271Nx,5,medium,1,21433,Misc / Tools
pS17HUA271Nx,6,easy,0,20956,Misc / Tools
pS17HUA271Nx,7,easy,1,16263,Data & Features
pS17HUA271Nx,8,easy,1,11884,Data & Features
pS17HUA271Nx,9,easy,1,14267,Misc / Tools
pS17HUA271Nx,10,easy,1,11884,Misc / Tools
pS17HUA271Nx,11,easy,1,11884,Misc / Tools
pS17HUA271Nx,12,easy,1,11884,Misc / Tools
pS17HUA271Nx,13,easy,1,14145,Misc / Tools
pS17HUA271Nx,14,medium,1,24231,Data & Features
pS17HUA271Nx,15,medium,0,25340,Data & Features
pS17HUA271Nx,16,easy,1,23942,Data & Features
pS17HUA271Nx,17,easy,1,19700,Data & Features
pS17HUA271Nx,18,hard,0,23037,Clustering & Unsupervised
pS17HUA271Nx,19,easy,1,13340,Clustering & Unsupervised
pS17HUA271Nx,20,hard,0,21728,Data & Features
pS17HUA271Nx,21,hard,0,21327,Misc / Tools
pS17HUA271Nx,22,easy,1,11884,Data & Features
pS17HUA271Nx,23,hard,0,22942,Clustering & Unsupervised
pS17HUA271Nx,24,hard,1,23195,Data & Features
pS17HUA271Nx,25,hard,0,24333,Clustering & Unsupervised
pS17HUA271Nx,26,hard,0,25929,Data & Features
pS17HUA271Nx,27,easy,1,16291,Data & Features
pS17HUA271Nx,28,medium,0,23610,Data & Features
pS17HUA271Nx,29,easy,1,11884,Data & Features
pS17HUA271Nx,30,easy,1,10590,Data & Features
7VLP2mvnxjRS,1,hard,1,25776,Misc / Tools
7VLP2mvnxjRS,2,easy,1,9328,Misc / Tools
7VLP2mvnxjRS,3,easy,1,14857,Misc / Tools
7VLP2mvnxjRS,4,easy,1,13036,Misc / Tools
7VLP2mvnxjRS,5,medium,1,22584,Misc / Tools
7VLP2mvnxjRS,6,easy,0,21474,Misc / Tools
7VLP2mvnxjRS,7,easy,1,16555,Data & Features
7VLP2mvnxjRS,8,easy,1,13036,Data & Features
7VLP2mvnxjRS,9,easy,1,14623,Misc / Tools
7VLP2mvnxjRS,10,easy,1,13036,Misc / Tools
7VLP2mvnxjRS,11,easy,1,13036,Misc / Tools
7VLP2mvnxjRS,12,easy,1,13036,Misc / Tools
7VLP2mvnxjRS,13,easy,1,14857,Misc / Tools
7VLP2mvnxjRS,14,medium,1,25350,Data & Features
7VLP2mvnxjRS,15,medium,1,25495,Data & Features
7VLP2mvnxjRS,16,easy,0,28083,Data & Features
7VLP2mvnxjRS,17,easy,1,20339,Data & Features
7VLP2mvnxjRS,18,hard,0,24428,Clustering & Unsupervised
7VLP2mvnxjRS,19,easy,1,13956,Clustering & Unsupervised
7VLP2mvnxjRS,20,hard,0,23041,Data & Features
7VLP2mvnxjRS,21,hard,0,22615,Misc / Tools
7VLP2mvnxjRS,22,easy,1,13036,Data & Features
7VLP2mvnxjRS,23,hard,0,24328,Clustering & Unsupervised
7VLP2mvnxjRS,24,hard,1,25097,Data & Features
7VLP2mvnxjRS,25,hard,0,25803,Clustering & Unsupervised
7VLP2mvnxjRS,26,hard,0,27495,Data & Features
7VLP2mvnxjRS,27,easy,1,17111,Data & Features
7VLP2mvnxjRS,28,medium,1,21573,Data & Features
7VLP2mvnxjRS,29,easy,1,13036,Data & Features
7VLP2mvnxjRS,30,easy,1,11771,Data & Features
BSLGp0wdoAqj,1,hard,0,25154,Misc / Tools
BSLGp0wdoAqj,2,easy,1,8385,Misc / Tools
BSLGp0wdoAqj,3,easy,1,14134,Misc / Tools
BSLGp0wdoAqj,4,easy,1,11875,Misc / Tools
BSLGp0wdoAqj,5,medium,0,24642,Misc / Tools
BSLGp0wdoAqj,6,easy,1,17508,Misc / Tools
BSLGp0wdoAqj,7,easy,1,16250,Data & Features
BSLGp0wdoAqj,8,easy,1,11875,Data & Features
BSLGp0wdoAqj,9,easy,1,14256,Misc / Tools
BSLGp0wdoAqj,10,easy,1,11875,Misc / Tools
BSLGp0wdoAqj,11,easy,1,11875,Misc / Tools
BSLGp0wdoAqj,12,easy,1,11875,Misc / Tools
BSLGp0wdoAqj,13,easy,1,14134,Misc / Tools
BSLGp0wdoAqj,14,medium,0,26134,Data & Features
BSLGp0wdoAqj,15,medium,1,25025,Data & Features
BSLGp0wdoAqj,16,easy,1,24080,Data & Features
BSLGp0wdoAqj,17,easy,1,19964,Data & Features
BSLGp0wdoAqj,18,hard,1,25532,Clustering & Unsupervised
BSLGp0wdoAqj,19,easy,1,13502,Clustering & Unsupervised
BSLGp0wdoAqj,20,hard,0,22616,Data & Features
BSLGp0wdoAqj,21,hard,0,22198,Misc / Tools
BSLGp0wdoAqj,22,easy,1,11875,Data & Features
BSLGp0wdoAqj,23,hard,0,23879,Clustering & Unsupervised
BSLGp0wdoAqj,24,hard,0,22277,Data & Features
BSLGp0wdoAqj,25,hard,1,25217,Clustering & Unsupervised
BSLGp0wdoAqj,26,hard,0,26987,Data & Features
BSLGp0wdoAqj,27,easy,1,16278,Data & Features
BSLGp0wdoAqj,28,medium,1,21175,Data & Features
BSLGp0wdoAqj,29,easy,1,11875,Data & Features
BSLGp0wdoAqj,30,easy,1,10581,Data & Features
iZblYCxqwouC,1,hard,0,31161,Misc / Tools
iZblYCxqwouC,2,easy,1,10498,Misc / Tools
iZblYCxqwouC,3,easy,1,16368,Misc / Tools
iZblYCxqwouC,4,easy,1,14818,Misc / Tools
iZblYCxqwouC,5,medium,0,35892,Misc / Tools
iZblYCxqwouC,6,easy,1,21523,Misc / Tools
iZblYCxqwouC,7,easy,1,17952,Data & Features
iZblYCxqwouC,8,easy,1,14818,Data & Features
iZblYCxqwouC,9,easy,1,15911,Misc / Tools
iZblYCxqwouC,10,easy,1,14818,Misc / Tools
iZblYCxqwouC,11,easy,1,14818,Misc / Tools
iZblYCxqwouC,12,easy,1,14818,Misc / Tools
iZblYCxqwouC,13,easy,1,16368,Misc / Tools
iZblYCxqwouC,14,medium,1,32466,Data & Features
iZblYCxqwouC,15,medium,0,35990,Data & Features
iZblYCxqwouC,16,easy,1,30387,Data & Features
iZblYCxqwouC,17,easy,1,24693,Data & Features
iZblYCxqwouC,18,hard,0,21605,Clustering & Unsupervised
iZblYCxqwouC,19,easy,1,15213,Clustering & Unsupervised
iZblYCxqwouC,20,hard,0,24952,Data & Features
iZblYCxqwouC,21,hard,0,21236,Misc / Tools
iZblYCxqwouC,22,easy,1,14818,Data & Features
iZblYCxqwouC,23,hard,0,24591,Clustering & Unsupervised
iZblYCxqwouC,24,hard,0,20718,Data & Features
iZblYCxqwouC,25,hard,1,31174,Clustering & Unsupervised
iZblYCxqwouC,26,hard,0,35271,Data & Features
iZblYCxqwouC,27,easy,1,18851,Data & Features
iZblYCxqwouC,28,medium,0,35005,Data & Features
iZblYCxqwouC,29,easy,1,14818,Data & Features
iZblYCxqwouC,30,easy,1,13247,Data & Features
m7l9wOWJlnvS,1,hard,1,29324,Misc / Tools
m7l9wOWJlnvS,2,easy,0,13787,Misc / Tools
m7l9wOWJlnvS,3,easy,1,15884,Misc / Tools
m7l9wOWJlnvS,4,easy,1,14532,Misc / Tools
m7l9wOWJlnvS,5,medium,1,25520,Misc / Tools
m7l9wOWJlnvS,6,easy,1,18741,Misc / Tools
m7l9wOWJlnvS,7,easy,1,17210,Data & Features
m7l9wOWJlnvS,8,easy,1,14532,Data & Features
m7l9wOWJlnvS,9,easy,1,15417,Misc / Tools
m7l9wOWJlnvS,10,easy,1,14532,Misc / Tools
m7l9wOWJlnvS,11,easy,1,14532,Misc / Tools
m7l9wOWJlnvS,12,easy,1,14532,Misc / Tools
m7l9wOWJlnvS,13,easy,1,15884,Misc / Tools
m7l9wOWJlnvS,14,medium,0,32949,Data & Features
m7l9wOWJlnvS,15,medium,1,28432,Data & Features
m7l9wOWJlnvS,16,easy,1,26459,Data & Features
m7l9wOWJlnvS,17,easy,0,26030,Data & Features
m7l9wOWJlnvS,18,hard,0,24222,Clustering & Unsupervised
m7l9wOWJlnvS,19,easy,1,14764,Clustering & Unsupervised
m7l9wOWJlnvS,20,hard,0,27974,Data & Features
m7l9wOWJlnvS,21,hard,0,23808,Misc / Tools
m7l9wOWJlnvS,22,easy,1,14532,Data & Features
m7l9wOWJlnvS,23,hard,0,27154,Clustering & Unsupervised
m7l9wOWJlnvS,24,hard,0,23227,Data & Features
m7l9wOWJlnvS,25,hard,0,29054,Clustering & Unsupervised
m7l9wOWJlnvS,26,hard,0,32662,Data & Features
m7l9wOWJlnvS,27,easy,1,18294,Data & Features
m7l9wOWJlnvS,28,medium,1,23992,Data & Features
m7l9wOWJlnvS,29,easy,1,14532,Data & Features
m7l9wOWJlnvS,30,easy,1,12991,Data & Features
CprL2LITeTET,1,hard,1,40351,Misc / Tools
CprL2LITeTET,2,easy,0,18634,Misc / Tools
CprL2LITeTET,3,easy,1,24049,Misc / Tools
CprL2LITeTET,4,easy,1,22001,Misc / Tools
CprL2LITeTET,5,medium,1,37821,Misc / Tools
CprL2LITeTET,6,easy,1,26823,Misc / Tools
CprL2LITeTET,7,easy,1,26057,Data & Features
CprL2LITeTET,8,easy,1,22001,Data & Features
CprL2LITeTET,9,easy,1,23342,Misc / Tools
CprL2LITeTET,10,easy,1,22001,Misc / Tools
CprL2LITeTET,11,easy,1,22001,Misc / Tools
CprL2LITeTET,12,easy,1,22001,Misc / Tools
CprL2LITeTET,13,easy,1,24049,Misc / Tools
CprL2LITeTET,14,medium,0,41099,Data & Features
CprL2LITeTET,15,medium,1,39124,Data & Features
CprL2LITeTET,16,easy,1,37870,Data & Features
CprL2LITeTET,17,easy,0,33771,Data & Features
CprL2LITeTET,18,hard,0,30562,Clustering & Unsupervised
CprL2LITeTET,19,easy,1,22353,Clustering & Unsupervised
CprL2LITeTET,20,hard,0,35297,Data & Features
CprL2LITeTET,21,hard,0,30040,Misc / Tools
CprL2LITeTET,22,easy,1,22001,Data & Features
CprL2LITeTET,23,hard,0,34262,Clustering & Unsupervised
CprL2LITeTET,24,hard,0,29307,Data & Features
CprL2LITeTET,25,hard,1,40219,Clustering & Unsupervised
CprL2LITeTET,26,hard,0,41212,Data & Features
CprL2LITeTET,27,easy,1,27697,Data & Features
CprL2LITeTET,28,medium,1,35556,Data & Features
CprL2LITeTET,29,easy,1,22001,Data & Features
CprL2LITeTET,30,easy,1,19669,Data & Features
bUBpyoQOQ4Ov,1,hard,0,25597,Misc / Tools
bUBpyoQOQ4Ov,2,easy,1,10075,Misc / Tools
bUBpyoQOQ4Ov,3,easy,1,15772,Misc / Tools
bUBpyoQOQ4Ov,4,easy,1,14378,Misc / Tools
bUBpyoQOQ4Ov,5,medium,1,22558,Misc / Tools
bUBpyoQOQ4Ov,6,easy,0,21449,Misc / Tools
bUBpyoQOQ4Ov,7,easy,1,16666,Data & Features
bUBpyoQOQ4Ov,8,easy,1,14378,Data & Features
bUBpyoQOQ4Ov,9,easy,1,15027,Misc / Tools
bUBpyoQOQ4Ov,10,easy,1,14378,Misc / Tools
bUBpyoQOQ4Ov,11,easy,1,14378,Misc / Tools
bUBpyoQOQ4Ov,12,easy,1,14378,Misc / Tools
bUBpyoQOQ4Ov,13,easy,1,15772,Misc / Tools
bUBpyoQOQ4Ov,14,medium,1,25320,Data & Features
bUBpyoQOQ4Ov,15,medium,0,26479,Data & Features
bUBpyoQOQ4Ov,16,easy,1,24504,Data & Features
bUBpyoQOQ4Ov,17,easy,1,20316,Data & Features
bUBpyoQOQ4Ov,18,hard,0,24400,Clustering & Unsupervised
bUBpyoQOQ4Ov,19,easy,1,14622,Clustering & Unsupervised
bUBpyoQOQ4Ov,20,hard,0,23014,Data & Features
bUBpyoQOQ4Ov,21,hard,0,22589,Misc / Tools
bUBpyoQOQ4Ov,22,easy,1,14378,Data & Features
bUBpyoQOQ4Ov,23,hard,0,24300,Clustering & Unsupervised
bUBpyoQOQ4Ov,24,hard,0,23131,Data & Features
bUBpyoQOQ4Ov,25,hard,0,25773,Clustering & Unsupervised
bUBpyoQOQ4Ov,26,hard,0,27463,Data & Features
bUBpyoQOQ4Ov,27,easy,1,18165,Data & Features
bUBpyoQOQ4Ov,28,medium,0,24849,Data & Features
bUBpyoQOQ4Ov,29,easy,1,14378,Data & Features
bUBpyoQOQ4Ov,30,easy,1,12713,Data & Features
YA6aMV1xcGv9,1,hard,0,31161,Misc / Tools
YA6aMV1xcGv9,2,easy,1,10498,Misc / Tools
YA6aMV1xcGv9,3,easy,1,16368,Misc / Tools
YA6aMV1xcGv9,4,easy,1,14818,Misc / Tools
YA6aMV1xcGv9,5,medium,1,29308,Misc / Tools
YA6aMV1xcGv9,6,easy,1,21523,Misc / Tools
YA6aMV1xcGv9,7,easy,1,17952,Data & Features
YA6aMV1xcGv9,8,easy,1,14818,Data & Features
YA6aMV1xcGv9,9,easy,1,15911,Misc / Tools
YA6aMV1xcGv9,10,easy,1,14818,Misc / Tools
YA6aMV1xcGv9,11,easy,1,14818,Misc / Tools
YA6aMV1xcGv9,12,easy,1,14818,Misc / Tools
YA6aMV1xcGv9,13,easy,1,16368,Misc / Tools
YA6aMV1xcGv9,14,medium,0,37843,Data & Features
YA6aMV1xcGv9,15,medium,1,31187,Data & Features
YA6aMV1xcGv9,16,easy,1,30387,Data & Features
YA6aMV1xcGv9,17,easy,1,24693,Data & Features
YA6aMV1xcGv9,18,hard,1,24813,Clustering & Unsupervised
YA6aMV1xcGv9,19,easy,1,15213,Clustering & Unsupervised
YA6aMV1xcGv9,20,hard,0,24952,Data & Features
YA6aMV1xcGv9,21,hard,0,21236,Misc / Tools
YA6aMV1xcGv9,22,easy,1,14818,Data & Features
YA6aMV1xcGv9,23,hard,0,24591,Clustering & Unsupervised
YA6aMV1xcGv9,24,hard,1,24217,Data & Features
YA6aMV1xcGv9,25,hard,1,31174,Clustering & Unsupervised
YA6aMV1xcGv9,26,hard,0,35271,Data & Features
YA6aMV1xcGv9,27,easy,1,18851,Data & Features
YA6aMV1xcGv9,28,medium,1,27553,Data & Features
YA6aMV1xcGv9,29,easy,1,14818,Data & Features
YA6aMV1xcGv9,30,easy,1,13247,Data & Features
xPRdKA5UBNGM,1,hard,0,30533,Misc / Tools
xPRdKA5UBNGM,2,easy,1,11094,Misc / Tools
xPRdKA5UBNGM,3,easy,1,17117,Misc / Tools
xPRdKA5UBNGM,4,easy,1,15659,Misc / Tools
xPRdKA5UBNGM,5,medium,1,27500,Misc / Tools
xPRdKA5UBNGM,6,easy,1,20195,Misc / Tools
xPRdKA5UBNGM,7,easy,0,24396,Data & Features
xPRdKA5UBNGM,8,easy,1,15659,Data & Features
xPRdKA5UBNGM,9,easy,1,16613,Misc / Tools
xPRdKA5UBNGM,10,easy,1,15659,Misc / Tools
xPRdKA5UBNGM,11,easy,1,15659,Misc / Tools
xPRdKA5UBNGM,12,easy,1,15659,Misc / Tools
xPRdKA5UBNGM,13,easy,1,17117,Misc / Tools
xPRdKA5UBNGM,14,medium,1,30463,Data & Features
xPRdKA5UBNGM,15,medium,1,30638,Data & Features
xPRdKA5UBNGM,16,easy,1,28512,Data & Features
xPRdKA5UBNGM,17,easy,1,23169,Data & Features
xPRdKA5UBNGM,18,hard,0,25873,Clustering & Unsupervised
xPRdKA5UBNGM,19,easy,1,15909,Clustering & Unsupervised
xPRdKA5UBNGM,20,hard,0,29881,Data & Features
xPRdKA5UBNGM,21,hard,0,25431,Misc / Tools
xPRdKA5UBNGM,22,easy,1,15659,Data & Features
xPRdKA5UBNGM,23,hard,1,32952,Clustering & Unsupervised
xPRdKA5UBNGM,24,hard,0,24810,Data & Features
xPRdKA5UBNGM,25,hard,0,30742,Clustering & Unsupervised
xPRdKA5UBNGM,26,hard,1,34974,Data & Features
xPRdKA5UBNGM,27,easy,1,19714,Data & Features
xPRdKA5UBNGM,28,medium,1,25853,Data & Features
xPRdKA5UBNGM,29,easy,1,15659,Data & Features
xPRdKA5UBNGM,30,easy,1,13999,Data & Features
vqNkppoZuHFA,1,hard,0,25202,Misc / Tools
vqNkppoZuHFA,2,easy,1,9241,Misc / Tools
vqNkppoZuHFA,3,easy,1,14719,Misc / Tools
vqNkppoZuHFA,4,easy,1,13189,Misc / Tools
vqNkppoZuHFA,5,medium,0,24688,Misc / Tools
vqNkppoZuHFA,6,easy,0,21117,Misc / Tools
vqNkppoZuHFA,7,easy,1,16280,Data & Features
vqNkppoZuHFA,8,easy,1,13189,Data & Features
vqNkppoZuHFA,9,easy,1,14380,Misc / Tools
vqNkppoZuHFA,10,easy,1,13189,Misc / Tools
vqNkppoZuHFA,11,easy,1,13189,Misc / Tools
vqNkppoZuHFA,12,easy,1,13189,Misc / Tools
vqNkppoZuHFA,13,easy,1,14719,Misc / Tools
vqNkppoZuHFA,14,medium,1,24929,Data & Features
vqNkppoZuHFA,15,medium,0,26070,Data & Features
vqNkppoZuHFA,16,easy,1,24125,Data & Features
vqNkppoZuHFA,17,easy,1,20001,Data & Features
vqNkppoZuHFA,18,hard,0,24022,Clustering & Unsupervised
vqNkppoZuHFA,19,easy,1,13827,Clustering & Unsupervised
vqNkppoZuHFA,20,hard,0,22658,Data & Features
vqNkppoZuHFA,21,hard,0,22240,Misc / Tools
vqNkppoZuHFA,22,easy,1,13189,Data & Features
vqNkppoZuHFA,23,hard,0,23924,Clustering & Unsupervised
vqNkppoZuHFA,24,hard,0,22773,Data & Features
vqNkppoZuHFA,25,hard,0,25374,Clustering & Unsupervised
vqNkppoZuHFA,26,hard,0,27038,Data & Features
vqNkppoZuHFA,27,easy,1,16952,Data & Features
vqNkppoZuHFA,28,medium,1,21214,Data & Features
vqNkppoZuHFA,29,easy,1,13189,Data & Features
vqNkppoZuHFA,30,easy,1,11662,Data & Features
hpYESXQ1czwb,1,hard,0,28856,Misc / Tools
hpYESXQ1czwb,2,easy,1,10295,Misc / Tools
hpYESXQ1czwb,3,easy,1,15884,Misc / Tools
hpYESXQ1czwb,4,easy,1,14532,Misc / Tools
hpYESXQ1czwb,5,medium,0,31250,Misc / Tools
hpYESXQ1czwb,6,easy,0,23687,Misc / Tools
hpYESXQ1czwb,7,easy,1,17210,Data & Features
hpYESXQ1czwb,8,easy,1,14532,Data & Features
hpYESXQ1czwb,9,easy,1,15417,Misc / Tools
hpYESXQ1czwb,10,easy,1,14532,Misc / Tools
hpYESXQ1czwb,11,easy,1,14532,Misc / Tools
hpYESXQ1czwb,12,easy,1,14532,Misc / Tools
hpYESXQ1czwb,13,easy,1,15884,Misc / Tools
hpYESXQ1czwb,14,medium,1,28270,Data & Features
hpYESXQ1czwb,15,medium,0,32807,Data & Features
hpYESXQ1czwb,16,easy,1,26459,Data & Features
hpYESXQ1czwb,17,easy,1,21501,Data & Features
hpYESXQ1czwb,18,hard,0,24222,Clustering & Unsupervised
hpYESXQ1czwb,19,easy,1,14764,Clustering & Unsupervised
hpYESXQ1czwb,20,hard,0,27974,Data & Features
hpYESXQ1czwb,21,hard,0,23808,Misc / Tools
hpYESXQ1czwb,22,easy,1,14532,Data & Features
hpYESXQ1czwb,23,hard,0,27154,Clustering & Unsupervised
hpYESXQ1czwb,24,hard,0,23227,Data & Features
hpYESXQ1czwb,25,hard,0,29054,Clustering & Unsupervised
hpYESXQ1czwb,26,hard,1,32858,Data & Features
hpYESXQ1czwb,27,easy,1,18294,Data & Features
hpYESXQ1czwb,28,medium,1,23992,Data & Features
hpYESXQ1czwb,29,easy,1,14532,Data & Features
hpYESXQ1czwb,30,easy,1,12991,Data & Features
8JOElN1piVew,1,hard,0,25597,Misc / Tools
8JOElN1piVew,2,easy,1,10075,Misc / Tools
8JOElN1piVew,3,easy,1,15772,Misc / Tools
8JOElN1piVew,4,easy,1,14378,Misc / Tools
8JOElN1piVew,5,medium,1,22558,Misc / Tools
8JOElN1piVew,6,easy,1,17816,Misc / Tools
8JOElN1piVew,7,easy,1,16666,Data & Features
8JOElN1piVew,8,easy,1,14378,Data & Features
8JOElN1piVew,9,easy,1,15027,Misc / Tools
8JOElN1piVew,10,easy,1,14378,Misc / Tools
8JOElN1piVew,11,easy,1,14378,Misc / Tools
8JOElN1piVew,12,easy,1,14378,Misc / Tools
8JOElN1piVew,13,easy,1,15772,Misc / Tools
8JOElN1piVew,14,medium,0,26594,Data & Features
8JOElN1piVew,15,medium,0,26479,Data & Features
8JOElN1piVew,16,easy,1,24504,Data & Features
8JOElN1piVew,17,easy,1,20316,Data & Features
8JOElN1piVew,18,hard,0,24400,Clustering & Unsupervised
8JOElN1piVew,19,easy,1,14622,Clustering & Unsupervised
8JOElN1piVew,20,hard,0,23014,Data & Features
8JOElN1piVew,21,hard,0,22589,Misc / Tools
8JOElN1piVew,22,easy,1,14378,Data & Features
8JOElN1piVew,23,hard,0,24300,Clustering & Unsupervised
8JOElN1piVew,24,hard,0,23131,Data & Features
8JOElN1piVew,25,hard,1,25661,Clustering & Unsupervised
8JOElN1piVew,26,hard,0,27463,Data & Features
8JOElN1piVew,27,easy,1,18165,Data & Features
8JOElN1piVew,28,medium,1,21548,Data & Features
8JOElN1piVew,29,easy,1,14378,Data & Features
8JOElN1piVew,30,easy,1,12713,Data & Features
y9lkze6lHiAa,1,hard,0,16414,Misc / Tools
y9lkze6lHiAa,2,easy,1,6361,Misc / Tools
y9lkze6lHiAa,3,easy,1,13874,Misc / Tools
y9lkze6lHiAa,4,easy,1,8932,Misc / Tools
y9lkze6lHiAa,5,medium,0,15862,Misc / Tools
y9lkze6lHiAa,6,easy,0,14983,Misc / Tools
y9lkze6lHiAa,7,easy,0,14063,Data & Features
y9lkze6lHiAa,8,easy,1,8932,Data & Features
y9lkze6lHiAa,9,easy,0,13512,Misc / Tools
y9lkze6lHiAa,10,easy,1,8932,Misc / Tools
y9lkze6lHiAa,11,easy,1,8932,Misc / Tools
y9lkze6lHiAa,12,easy,1,8932,Misc / Tools
y9lkze6lHiAa,13,easy,1,13874,Misc / Tools
y9lkze6lHiAa,14,medium,0,16959,Data & Features
y9lkze6lHiAa,15,medium,0,16725,Data & Features
y9lkze6lHiAa,16,easy,0,15766,Data & Features
y9lkze6lHiAa,17,easy,0,15686,Data & Features
y9lkze6lHiAa,18,hard,0,10112,Clustering & Unsupervised
y9lkze6lHiAa,19,easy,0,13140,Clustering & Unsupervised
y9lkze6lHiAa,20,hard,0,10936,Data & Features
y9lkze6lHiAa,21,hard,0,10108,Misc / Tools
y9lkze6lHiAa,22,easy,1,8932,Data & Features
y9lkze6lHiAa,23,hard,0,13396,Clustering & Unsupervised
y9lkze6lHiAa,24,hard,0,9325,Data & Features
y9lkze6lHiAa,25,hard,0,16527,Clustering & Unsupervised
y9lkze6lHiAa,26,hard,0,16186,Data & Features
y9lkze6lHiAa,27,easy,0,15214,Data & Features
y9lkze6lHiAa,28,medium,1,18594,Data & Features
y9lkze6lHiAa,29,easy,1,8932,Data & Features
y9lkze6lHiAa,30,easy,1,7547,Data & Features
cn7NB6JfQDTq,1,hard,1,28926,Misc / Tools
cn7NB6JfQDTq,2,easy,1,9274,Misc / Tools
cn7NB6JfQDTq,3,easy,1,15769,Misc / Tools
cn7NB6JfQDTq,4,easy,0,14809,Misc / Tools
cn7NB6JfQDTq,5,medium,0,27423,Misc / Tools
cn7NB6JfQDTq,6,easy,1,19403,Misc / Tools
cn7NB6JfQDTq,7,easy,0,21703,Data & Features
cn7NB6JfQDTq,8,easy,1,13046,Data & Features
cn7NB6JfQDTq,9,easy,1,15796,Misc / Tools
cn7NB6JfQDTq,10,easy,1,13046,Misc / Tools
cn7NB6JfQDTq,11,easy,1,13046,Misc / Tools
cn7NB6JfQDTq,12,easy,1,13046,Misc / Tools
cn7NB6JfQDTq,13,easy,1,15769,Misc / Tools
cn7NB6JfQDTq,14,medium,0,29331,Data & Features
cn7NB6JfQDTq,15,medium,0,29205,Data & Features
cn7NB6JfQDTq,16,easy,1,26687,Data & Features
cn7NB6JfQDTq,17,easy,1,22275,Data & Features
cn7NB6JfQDTq,18,hard,0,28368,Clustering & Unsupervised
cn7NB6JfQDTq,19,easy,1,14813,Clustering & Unsupervised
cn7NB6JfQDTq,20,hard,0,25378,Data & Features
cn7NB6JfQDTq,21,hard,0,25290,Misc / Tools
cn7NB6JfQDTq,22,easy,1,13046,Data & Features
cn7NB6JfQDTq,23,hard,1,30076,Clustering & Unsupervised
cn7NB6JfQDTq,24,hard,0,25768,Data & Features
cn7NB6JfQDTq,25,hard,1,28831,Clustering & Unsupervised
cn7NB6JfQDTq,26,hard,0,30284,Data & Features
cn7NB6JfQDTq,27,easy,1,17892,Data & Features
cn7NB6JfQDTq,28,medium,1,24444,Data & Features
cn7NB6JfQDTq,29,easy,1,13046,Data & Features
cn7NB6JfQDTq,30,easy,1,11615,Data & Features
AwYMPKmPfMTD,1,hard,0,27963,Misc / Tools
AwYMPKmPfMTD,2,easy,1,9844,Misc / Tools
AwYMPKmPfMTD,3,easy,1,16106,Misc / Tools
AwYMPKmPfMTD,4,easy,1,14036,Misc / Tools
AwYMPKmPfMTD,5,medium,0,27162,Misc / Tools
AwYMPKmPfMTD,6,easy,1,19218,Misc / Tools
AwYMPKmPfMTD,7,easy,1,17996,Data & Features
AwYMPKmPfMTD,8,easy,1,14036,Data & Features
AwYMPKmPfMTD,9,easy,1,15916,Misc / Tools
AwYMPKmPfMTD,10,easy,1,14036,Misc / Tools
AwYMPKmPfMTD,11,easy,1,14036,Misc / Tools
AwYMPKmPfMTD,12,easy,1,14036,Misc / Tools
AwYMPKmPfMTD,13,easy,1,16106,Misc / Tools
AwYMPKmPfMTD,14,medium,0,29051,Data & Features
AwYMPKmPfMTD,15,medium,1,28339,Data & Features
AwYMPKmPfMTD,16,easy,1,26432,Data & Features
AwYMPKmPfMTD,17,easy,0,24388,Data & Features
AwYMPKmPfMTD,18,hard,0,28346,Clustering & Unsupervised
AwYMPKmPfMTD,19,easy,1,14925,Clustering & Unsupervised
AwYMPKmPfMTD,20,hard,0,25136,Data & Features
AwYMPKmPfMTD,21,hard,0,25048,Misc / Tools
AwYMPKmPfMTD,22,easy,1,14036,Data & Features
AwYMPKmPfMTD,23,hard,0,26540,Clustering & Unsupervised
AwYMPKmPfMTD,24,hard,0,25522,Data & Features
AwYMPKmPfMTD,25,hard,1,28556,Clustering & Unsupervised
AwYMPKmPfMTD,26,hard,0,29995,Data & Features
AwYMPKmPfMTD,27,easy,1,18275,Data & Features
AwYMPKmPfMTD,28,medium,1,24211,Data & Features
AwYMPKmPfMTD,29,easy,1,14036,Data & Features
AwYMPKmPfMTD,30,easy,1,12329,Data & Features
wlfxRfJtBw5L,1,hard,0,24496,Misc / Tools
wlfxRfJtBw5L,2,easy,1,8392,Misc / Tools
wlfxRfJtBw5L,3,easy,1,14145,Misc / Tools
wlfxRfJtBw5L,4,easy,1,11884,Misc / Tools
wlfxRfJtBw5L,5,medium,0,23825,Misc / Tools
wlfxRfJtBw5L,6,easy,1,17407,Misc / Tools
wlfxRfJtBw5L,7,easy,0,20753,Data & Features
wlfxRfJtBw5L,8,easy,1,11884,Data & Features
wlfxRfJtBw5L,9,easy,1,14267,Misc / Tools
wlfxRfJtBw5L,10,easy,1,11884,Misc / Tools
wlfxRfJtBw5L,11,easy,1,11884,Misc / Tools
wlfxRfJtBw5L,12,easy,1,11884,Misc / Tools
wlfxRfJtBw5L,13,easy,1,14145,Misc / Tools
wlfxRfJtBw5L,14,medium,0,25449,Data & Features
wlfxRfJtBw5L,15,medium,0,25340,Data & Features
wlfxRfJtBw5L,16,easy,1,23942,Data & Features
wlfxRfJtBw5L,17,easy,1,19700,Data & Features
wlfxRfJtBw5L,18,hard,0,23037,Clustering & Unsupervised
wlfxRfJtBw5L,19,easy,1,13340,Clustering & Unsupervised
wlfxRfJtBw5L,20,hard,0,21728,Data & Features
wlfxRfJtBw5L,21,hard,0,21327,Misc / Tools
wlfxRfJtBw5L,22,easy,1,11884,Data & Features
wlfxRfJtBw5L,23,hard,0,22942,Clustering & Unsupervised
wlfxRfJtBw5L,24,hard,0,21403,Data & Features
wlfxRfJtBw5L,25,hard,1,24228,Clustering & Unsupervised
wlfxRfJtBw5L,26,hard,0,25929,Data & Features
wlfxRfJtBw5L,27,easy,1,16291,Data & Features
wlfxRfJtBw5L,28,medium,1,20473,Data & Features
wlfxRfJtBw5L,29,easy,1,11884,Data & Features
wlfxRfJtBw5L,30,easy,1,10590,Data & Features
wLeCyVvKyFT8,1,hard,0,25597,Misc / Tools
wLeCyVvKyFT8,2,easy,1,10075,Misc / Tools
wLeCyVvKyFT8,3,easy,1,15772,Misc / Tools
wLeCyVvKyFT8,4,easy,1,14378,Misc / Tools
wLeCyVvKyFT8,5,medium,1,22558,Misc / Tools
wLeCyVvKyFT8,6,easy,1,17816,Misc / Tools
wLeCyVvKyFT8,7,easy,1,16666,Data & Features
wLeCyVvKyFT8,8,easy,1,14378,Data & Features
wLeCyVvKyFT8,9,easy,1,15027,Misc / Tools
wLeCyVvKyFT8,10,easy,1,14378,Misc / Tools
wLeCyVvKyFT8,11,easy,1,14378,Misc / Tools
wLeCyVvKyFT8,12,easy,1,14378,Misc / Tools
wLeCyVvKyFT8,13,easy,1,15772,Misc / Tools
wLeCyVvKyFT8,14,medium,0,26594,Data & Features
wLeCyVvKyFT8,15,medium,0,26479,Data & Features
wLeCyVvKyFT8,16,easy,0,28050,Data & Features
wLeCyVvKyFT8,17,easy,1,20316,Data & Features
wLeCyVvKyFT8,18,hard,0,24400,Clustering & Unsupervised
wLeCyVvKyFT8,19,easy,1,14622,Clustering & Unsupervised
wLeCyVvKyFT8,20,hard,0,23014,Data & Features
wLeCyVvKyFT8,21,hard,0,22589,Misc / Tools
wLeCyVvKyFT8,22,easy,1,14378,Data & Features
wLeCyVvKyFT8,23,hard,0,24300,Clustering & Unsupervised
wLeCyVvKyFT8,24,hard,0,23131,Data & Features
wLeCyVvKyFT8,25,hard,0,25773,Clustering & Unsupervised
wLeCyVvKyFT8,26,hard,1,27344,Data & Features
wLeCyVvKyFT8,27,easy,1,18165,Data & Features
wLeCyVvKyFT8,28,medium,0,24849,Data & Features
wLeCyVvKyFT8,29,easy,1,14378,Data & Features
wLeCyVvKyFT8,30,easy,1,12713,Data & Features
QJyEL3O7YA2f,1,hard,0,30533,Misc / Tools
QJyEL3O7YA2f,2,easy,1,11094,Misc / Tools
QJyEL3O7YA2f,3,easy,1,17117,Misc / Tools
QJyEL3O7YA2f,4,easy,1,15659,Misc / Tools
QJyEL3O7YA2f,5,medium,1,27500,Misc / Tools
QJyEL3O7YA2f,6,easy,1,20195,Misc / Tools
QJyEL3O7YA2f,7,easy,0,24396,Data & Features
QJyEL3O7YA2f,8,easy,1,15659,Data & Features
QJyEL3O7YA2f,9,easy,0,23023,Misc / Tools
QJyEL3O7YA2f,10,easy,1,15659,Misc / Tools
QJyEL3O7YA2f,11,easy,1,15659,Misc / Tools
QJyEL3O7YA2f,12,easy,1,15659,Misc / Tools
QJyEL3O7YA2f,13,easy,1,17117,Misc / Tools
QJyEL3O7YA2f,14,medium,0,34863,Data & Features
QJyEL3O7YA2f,15,medium,0,34713,Data & Features
QJyEL3O7YA2f,16,easy,1,28512,Data & Features
QJyEL3O7YA2f,17,easy,1,23169,Data & Features
QJyEL3O7YA2f,18,hard,0,25873,Clustering & Unsupervised
QJyEL3O7YA2f,19,easy,1,15909,Clustering & Unsupervised
QJyEL3O7YA2f,20,hard,0,29881,Data & Features
QJyEL3O7YA2f,21,hard,0,25431,Misc / Tools
QJyEL3O7YA2f,22,easy,1,15659,Data & Features
QJyEL3O7YA2f,23,hard,1,32952,Clustering & Unsupervised
QJyEL3O7YA2f,24,hard,0,24810,Data & Features
QJyEL3O7YA2f,25,hard,0,30742,Clustering & Unsupervised
QJyEL3O7YA2f,26,hard,1,34974,Data & Features
QJyEL3O7YA2f,27,easy,1,19714,Data & Features
QJyEL3O7YA2f,28,medium,1,25853,Data & Features
QJyEL3O7YA2f,29,easy,1,15659,Data & Features
QJyEL3O7YA2f,30,easy,1,13999,Data & Features
xOKhxIy4WoKi,1,hard,1,30021,Misc / Tools
xOKhxIy4WoKi,2,easy,1,10670,Misc / Tools
xOKhxIy4WoKi,3,easy,1,16463,Misc / Tools
xOKhxIy4WoKi,4,easy,1,15061,Misc / Tools
xOKhxIy4WoKi,5,medium,1,26450,Misc / Tools
xOKhxIy4WoKi,6,easy,1,19424,Misc / Tools
xOKhxIy4WoKi,7,easy,1,17837,Data & Features
xOKhxIy4WoKi,8,easy,1,15061,Data & Features
xOKhxIy4WoKi,9,easy,1,15809,Misc / Tools
xOKhxIy4WoKi,10,easy,1,15061,Misc / Tools
xOKhxIy4WoKi,11,easy,1,15061,Misc / Tools
xOKhxIy4WoKi,12,easy,1,15061,Misc / Tools
xOKhxIy4WoKi,13,easy,1,16463,Misc / Tools
xOKhxIy4WoKi,14,medium,1,29300,Data & Features
xOKhxIy4WoKi,15,medium,1,29468,Data & Features
xOKhxIy4WoKi,16,easy,1,27423,Data & Features
xOKhxIy4WoKi,17,easy,1,22285,Data & Features
xOKhxIy4WoKi,18,hard,0,25345,Clustering & Unsupervised
xOKhxIy4WoKi,19,easy,1,15302,Clustering & Unsupervised
xOKhxIy4WoKi,20,hard,0,29272,Data & Features
xOKhxIy4WoKi,21,hard,0,24913,Misc / Tools
xOKhxIy4WoKi,22,easy,1,15061,Data & Features
xOKhxIy4WoKi,23,hard,0,28146,Clustering & Unsupervised
xOKhxIy4WoKi,24,hard,0,24305,Data & Features
xOKhxIy4WoKi,25,hard,1,29923,Clustering & Unsupervised
xOKhxIy4WoKi,26,hard,0,33855,Data & Features
xOKhxIy4WoKi,27,easy,1,18961,Data & Features
xOKhxIy4WoKi,28,medium,1,24866,Data & Features
xOKhxIy4WoKi,29,easy,1,15061,Data & Features
xOKhxIy4WoKi,30,easy,1,13465,Data & Features
nojDz9QSjRLy,1,hard,0,27657,Misc / Tools
nojDz9QSjRLy,2,easy,1,8863,Misc / Tools
nojDz9QSjRLy,3,easy,1,14939,Misc / Tools
nojDz9QSjRLy,4,easy,1,12592,Misc / Tools
nojDz9QSjRLy,5,medium,0,26865,Misc / Tools
nojDz9QSjRLy,6,easy,1,18659,Misc / Tools
nojDz9QSjRLy,7,easy,1,17176,Data & Features
nojDz9QSjRLy,8,easy,1,12592,Data & Features
nojDz9QSjRLy,9,easy,1,15190,Misc / Tools
nojDz9QSjRLy,10,easy,1,12592,Misc / Tools
nojDz9QSjRLy,11,easy,1,12592,Misc / Tools
nojDz9QSjRLy,12,easy,1,12592,Misc / Tools
nojDz9QSjRLy,13,easy,1,14939,Misc / Tools
nojDz9QSjRLy,14,medium,0,28733,Data & Features
nojDz9QSjRLy,15,medium,0,28610,Data & Features
nojDz9QSjRLy,16,easy,0,28946,Data & Features
nojDz9QSjRLy,17,easy,0,24121,Data & Features
nojDz9QSjRLy,18,hard,0,27795,Clustering & Unsupervised
nojDz9QSjRLy,19,easy,1,14245,Clustering & Unsupervised
nojDz9QSjRLy,20,hard,0,24865,Data & Features
nojDz9QSjRLy,21,hard,0,24779,Misc / Tools
nojDz9QSjRLy,22,easy,1,12592,Data & Features
nojDz9QSjRLy,23,hard,1,28928,Clustering & Unsupervised
nojDz9QSjRLy,24,hard,1,28489,Data & Features
nojDz9QSjRLy,25,hard,0,27846,Clustering & Unsupervised
nojDz9QSjRLy,26,hard,0,29672,Data & Features
nojDz9QSjRLy,27,easy,1,17206,Data & Features
nojDz9QSjRLy,28,medium,1,23507,Data & Features
nojDz9QSjRLy,29,easy,1,12592,Data & Features
nojDz9QSjRLy,30,easy,1,11101,Data & Features
GiEhMndZmOa5,1,hard,1,27729,Misc / Tools
GiEhMndZmOa5,2,easy,1,8835,Misc / Tools
GiEhMndZmOa5,3,easy,1,14892,Misc / Tools
GiEhMndZmOa5,4,easy,1,12552,Misc / Tools
GiEhMndZmOa5,5,medium,1,24531,Misc / Tools
GiEhMndZmOa5,6,easy,1,18600,Misc / Tools
GiEhMndZmOa5,7,easy,1,17122,Data & Features
GiEhMndZmOa5,8,easy,1,12552,Data & Features
GiEhMndZmOa5,9,easy,0,19237,Misc / Tools
GiEhMndZmOa5,10,easy,1,12552,Misc / Tools
GiEhMndZmOa5,11,easy,1,12552,Misc / Tools
GiEhMndZmOa5,12,easy,0,14514,Misc / Tools
GiEhMndZmOa5,13,easy,1,14892,Misc / Tools
GiEhMndZmOa5,14,medium,0,28642,Data & Features
GiEhMndZmOa5,15,medium,0,28519,Data & Features
GiEhMndZmOa5,16,easy,0,28855,Data & Features
GiEhMndZmOa5,17,easy,0,24045,Data & Features
GiEhMndZmOa5,18,hard,0,27707,Clustering & Unsupervised
GiEhMndZmOa5,19,easy,1,14200,Clustering & Unsupervised
GiEhMndZmOa5,20,hard,0,24787,Data & Features
GiEhMndZmOa5,21,hard,0,24700,Misc / Tools
GiEhMndZmOa5,22,easy,1,12552,Data & Features
GiEhMndZmOa5,23,hard,0,26171,Clustering & Unsupervised
GiEhMndZmOa5,24,hard,0,25168,Data & Features
GiEhMndZmOa5,25,hard,0,27758,Clustering & Unsupervised
GiEhMndZmOa5,26,hard,0,29578,Data & Features
GiEhMndZmOa5,27,easy,1,17152,Data & Features
GiEhMndZmOa5,28,medium,1,23433,Data & Features
GiEhMndZmOa5,29,easy,1,12552,Data & Features
GiEhMndZmOa5,30,easy,1,11066,Data & Features
oF1pjrJTOBWB,1,hard,0,27657,Misc / Tools
oF1pjrJTOBWB,2,easy,1,8863,Misc / Tools
oF1pjrJTOBWB,3,easy,1,14939,Misc / Tools
oF1pjrJTOBWB,4,easy,1,12592,Misc / Tools
oF1pjrJTOBWB,5,medium,1,24609,Misc / Tools
oF1pjrJTOBWB,6,easy,1,18659,Misc / Tools
oF1pjrJTOBWB,7,easy,1,17176,Data & Features
oF1pjrJTOBWB,8,easy,1,12592,Data & Features
oF1pjrJTOBWB,9,easy,1,15190,Misc / Tools
oF1pjrJTOBWB,10,easy,1,12592,Misc / Tools
oF1pjrJTOBWB,11,easy,1,12592,Misc / Tools
oF1pjrJTOBWB,12,easy,1,12592,Misc / Tools
oF1pjrJTOBWB,13,easy,1,14939,Misc / Tools
oF1pjrJTOBWB,14,medium,0,28733,Data & Features
oF1pjrJTOBWB,15,medium,0,28610,Data & Features
oF1pjrJTOBWB,16,easy,0,28946,Data & Features
oF1pjrJTOBWB,17,easy,0,24121,Data & Features
oF1pjrJTOBWB,18,hard,0,27795,Clustering & Unsupervised
oF1pjrJTOBWB,19,easy,1,14245,Clustering & Unsupervised
oF1pjrJTOBWB,20,hard,0,24865,Data & Features
oF1pjrJTOBWB,21,hard,0,24779,Misc / Tools
oF1pjrJTOBWB,22,easy,1,12592,Data & Features
oF1pjrJTOBWB,23,hard,0,26254,Clustering & Unsupervised
oF1pjrJTOBWB,24,hard,0,25248,Data & Features
oF1pjrJTOBWB,25,hard,0,27846,Clustering & Unsupervised
oF1pjrJTOBWB,26,hard,0,29672,Data & Features
oF1pjrJTOBWB,27,easy,1,17206,Data & Features
oF1pjrJTOBWB,28,medium,0,26622,Data & Features
oF1pjrJTOBWB,29,easy,1,12592,Data & Features
oF1pjrJTOBWB,30,easy,1,11101,Data & Features
VgoqnXYkjUhL,1,hard,0,27122,Misc / Tools
VgoqnXYkjUhL,2,easy,1,9433,Misc / Tools
VgoqnXYkjUhL,3,easy,1,14554,Misc / Tools
VgoqnXYkjUhL,4,easy,1,12945,Misc / Tools
VgoqnXYkjUhL,5,medium,1,22888,Misc / Tools
VgoqnXYkjUhL,6,easy,0,21059,Misc / Tools
VgoqnXYkjUhL,7,easy,1,15870,Data & Features
VgoqnXYkjUhL,8,easy,1,12945,Data & Features
VgoqnXYkjUhL,9,easy,1,14156,Misc / Tools
VgoqnXYkjUhL,10,easy,1,12945,Misc / Tools
VgoqnXYkjUhL,11,easy,1,12945,Misc / Tools
VgoqnXYkjUhL,12,easy,1,12945,Misc / Tools
VgoqnXYkjUhL,13,easy,1,14554,Misc / Tools
VgoqnXYkjUhL,14,medium,0,30614,Data & Features
VgoqnXYkjUhL,15,medium,1,25942,Data & Features
VgoqnXYkjUhL,16,easy,1,23989,Data & Features
VgoqnXYkjUhL,17,easy,1,19400,Data & Features
VgoqnXYkjUhL,18,hard,0,22003,Clustering & Unsupervised
VgoqnXYkjUhL,19,easy,1,13653,Clustering & Unsupervised
VgoqnXYkjUhL,20,hard,0,26709,Data & Features
VgoqnXYkjUhL,21,hard,0,20983,Misc / Tools
VgoqnXYkjUhL,22,easy,1,12945,Data & Features
VgoqnXYkjUhL,23,hard,0,26256,Clustering & Unsupervised
VgoqnXYkjUhL,24,hard,1,28439,Data & Features
VgoqnXYkjUhL,25,hard,1,27178,Clustering & Unsupervised
VgoqnXYkjUhL,26,hard,0,29575,Data & Features
VgoqnXYkjUhL,27,easy,1,16762,Data & Features
VgoqnXYkjUhL,28,medium,1,21517,Data & Features
VgoqnXYkjUhL,29,easy,1,12945,Data & Features
VgoqnXYkjUhL,30,easy,1,11903,Data & Features
Mcvs7l2qNfTq,1,hard,0,25438,Misc / Tools
Mcvs7l2qNfTq,2,easy,1,8215,Misc / Tools
Mcvs7l2qNfTq,3,easy,1,14945,Misc / Tools
Mcvs7l2qNfTq,4,easy,1,11536,Misc / Tools
Mcvs7l2qNfTq,5,medium,1,23913,Misc / Tools
Mcvs7l2qNfTq,6,easy,1,18668,Misc / Tools
Mcvs7l2qNfTq,7,easy,1,17138,Data & Features
Mcvs7l2qNfTq,8,easy,1,11536,Data & Features
Mcvs7l2qNfTq,9,easy,1,15113,Misc / Tools
Mcvs7l2qNfTq,10,easy,1,11536,Misc / Tools
Mcvs7l2qNfTq,11,easy,1,11536,Misc / Tools
Mcvs7l2qNfTq,12,easy,1,11536,Misc / Tools
Mcvs7l2qNfTq,13,easy,1,14945,Misc / Tools
Mcvs7l2qNfTq,14,medium,0,26384,Data & Features
Mcvs7l2qNfTq,15,medium,0,25920,Data & Features
Mcvs7l2qNfTq,16,easy,0,27124,Data & Features
Mcvs7l2qNfTq,17,easy,1,21171,Data & Features
Mcvs7l2qNfTq,18,hard,0,21092,Clustering & Unsupervised
Mcvs7l2qNfTq,19,easy,1,13990,Clustering & Unsupervised
Mcvs7l2qNfTq,20,hard,0,21676,Data & Features
Mcvs7l2qNfTq,21,hard,0,19831,Misc / Tools
Mcvs7l2qNfTq,22,easy,1,11536,Data & Features
Mcvs7l2qNfTq,23,hard,0,23173,Clustering & Unsupervised
Mcvs7l2qNfTq,24,hard,0,18340,Data & Features
Mcvs7l2qNfTq,25,hard,0,25612,Clustering & Unsupervised
Mcvs7l2qNfTq,26,hard,0,27286,Data & Features
Mcvs7l2qNfTq,27,easy,1,16839,Data & Features
Mcvs7l2qNfTq,28,medium,0,24343,Data & Features
Mcvs7l2qNfTq,29,easy,1,11536,Data & Features
Mcvs7l2qNfTq,30,easy,1,9747,Data & Features
vgAkx62M3oPn,1,hard,1,28547,Misc / Tools
vgAkx62M3oPn,2,easy,1,10223,Misc / Tools
vgAkx62M3oPn,3,easy,1,16004,Misc / Tools
vgAkx62M3oPn,4,easy,1,14590,Misc / Tools
vgAkx62M3oPn,5,medium,1,25151,Misc / Tools
vgAkx62M3oPn,6,easy,1,18610,Misc / Tools
vgAkx62M3oPn,7,easy,1,17137,Data & Features
vgAkx62M3oPn,8,easy,1,14590,Data & Features
vgAkx62M3oPn,9,easy,1,15303,Misc / Tools
vgAkx62M3oPn,10,easy,1,14590,Misc / Tools
vgAkx62M3oPn,11,easy,1,14590,Misc / Tools
vgAkx62M3oPn,12,easy,1,14590,Misc / Tools
vgAkx62M3oPn,13,easy,1,16004,Misc / Tools
vgAkx62M3oPn,14,medium,0,32004,Data & Features
vgAkx62M3oPn,15,medium,1,28021,Data & Features
vgAkx62M3oPn,16,easy,1,26274,Data & Features
vgAkx62M3oPn,17,easy,0,25475,Data & Features
vgAkx62M3oPn,18,hard,0,27864,Clustering & Unsupervised
vgAkx62M3oPn,19,easy,1,14837,Clustering & Unsupervised
vgAkx62M3oPn,20,hard,0,28860,Data & Features
vgAkx62M3oPn,21,hard,0,25796,Misc / Tools
vgAkx62M3oPn,22,easy,1,14590,Data & Features
vgAkx62M3oPn,23,hard,1,30031,Clustering & Unsupervised
vgAkx62M3oPn,24,hard,0,26414,Data & Features
vgAkx62M3oPn,25,hard,0,29496,Clustering & Unsupervised
vgAkx62M3oPn,26,hard,0,31430,Data & Features
vgAkx62M3oPn,27,easy,1,18432,Data & Features
vgAkx62M3oPn,28,medium,0,29604,Data & Features
vgAkx62M3oPn,29,easy,1,14590,Data & Features
vgAkx62M3oPn,30,easy,1,12900,Data & Features
9xt9EeOQtcXZ,1,hard,0,25597,Misc / Tools
9xt9EeOQtcXZ,2,easy,1,10075,Misc / Tools
9xt9EeOQtcXZ,3,easy,1,15772,Misc / Tools
9xt9EeOQtcXZ,4,easy,1,14378,Misc / Tools
9xt9EeOQtcXZ,5,medium,1,22558,Misc / Tools
9xt9EeOQtcXZ,6,easy,1,17816,Misc / Tools
9xt9EeOQtcXZ,7,easy,1,16666,Data & Features
9xt9EeOQtcXZ,8,easy,1,14378,Data & Features
9xt9EeOQtcXZ,9,easy,1,15027,Misc / Tools
9xt9EeOQtcXZ,10,easy,1,14378,Misc / Tools
9xt9EeOQtcXZ,11,easy,1,14378,Misc / Tools
9xt9EeOQtcXZ,12,easy,1,14378,Misc / Tools
9xt9EeOQtcXZ,13,easy,1,15772,Misc / Tools
9xt9EeOQtcXZ,14,medium,1,25320,Data & Features
9xt9EeOQtcXZ,15,medium,0,26479,Data & Features
9xt9EeOQtcXZ,16,easy,0,28050,Data & Features
9xt9EeOQtcXZ,17,easy,1,20316,Data & Features
9xt9EeOQtcXZ,18,hard,1,27737,Clustering & Unsupervised
9xt9EeOQtcXZ,19,easy,1,14622,Clustering & Unsupervised
9xt9EeOQtcXZ,20,hard,0,23014,Data & Features
9xt9EeOQtcXZ,21,hard,0,22589,Misc / Tools
9xt9EeOQtcXZ,22,easy,1,14378,Data & Features
9xt9EeOQtcXZ,23,hard,0,24300,Clustering & Unsupervised
9xt9EeOQtcXZ,24,hard,0,23131,Data & Features
9xt9EeOQtcXZ,25,hard,0,25773,Clustering & Unsupervised
9xt9EeOQtcXZ,26,hard,0,27463,Data & Features
9xt9EeOQtcXZ,27,easy,1,18165,Data & Features
9xt9EeOQtcXZ,28,medium,1,21548,Data & Features
9xt9EeOQtcXZ,29,easy,1,14378,Data & Features
9xt9EeOQtcXZ,30,easy,1,12713,Data & Features
GiNOB0aoa84q,1,hard,0,25597,Misc / Tools
GiNOB0aoa84q,2,easy,1,10075,Misc / Tools
GiNOB0aoa84q,3,easy,1,15772,Misc / Tools
GiNOB0aoa84q,4,easy,1,14378,Misc / Tools
GiNOB0aoa84q,5,medium,0,25076,Misc / Tools
GiNOB0aoa84q,6,easy,1,17816,Misc / Tools
GiNOB0aoa84q,7,easy,1,16666,Data & Features
GiNOB0aoa84q,8,easy,1,14378,Data & Features
GiNOB0aoa84q,9,easy,1,15027,Misc / Tools
GiNOB0aoa84q,10,easy,1,14378,Misc / Tools
GiNOB0aoa84q,11,easy,1,14378,Misc / Tools
GiNOB0aoa84q,12,easy,1,14378,Misc / Tools
GiNOB0aoa84q,13,easy,1,15772,Misc / Tools
GiNOB0aoa84q,14,medium,0,26594,Data & Features
GiNOB0aoa84q,15,medium,0,26479,Data & Features
GiNOB0aoa84q,16,easy,0,28050,Data & Features
GiNOB0aoa84q,17,easy,0,23295,Data & Features
GiNOB0aoa84q,18,hard,0,24400,Clustering & Unsupervised
GiNOB0aoa84q,19,easy,1,14622,Clustering & Unsupervised
GiNOB0aoa84q,20,hard,0,23014,Data & Features
GiNOB0aoa84q,21,hard,0,22589,Misc / Tools
GiNOB0aoa84q,22,easy,1,14378,Data & Features
GiNOB0aoa84q,23,hard,0,24300,Clustering & Unsupervised
GiNOB0aoa84q,24,hard,0,23131,Data & Features
GiNOB0aoa84q,25,hard,0,25773,Clustering & Unsupervised
GiNOB0aoa84q,26,hard,0,27463,Data & Features
GiNOB0aoa84q,27,easy,1,18165,Data & Features
GiNOB0aoa84q,28,medium,0,24849,Data & Features
GiNOB0aoa84q,29,easy,1,14378,Data & Features
GiNOB0aoa84q,30,easy,1,12713,Data & Features
DI3Mqi034afd,1,hard,0,31440,Misc / Tools
DI3Mqi034afd,2,easy,1,9715,Misc / Tools
DI3Mqi034afd,3,easy,1,14990,Misc / Tools
DI3Mqi034afd,4,easy,1,13496,Misc / Tools
DI3Mqi034afd,5,medium,1,23993,Misc / Tools
DI3Mqi034afd,6,easy,1,17640,Misc / Tools
DI3Mqi034afd,7,easy,1,16435,Data & Features
DI3Mqi034afd,8,easy,1,13496,Data & Features
DI3Mqi034afd,9,easy,1,15037,Misc / Tools
DI3Mqi034afd,10,easy,1,13496,Misc / Tools
DI3Mqi034afd,11,easy,1,13496,Misc / Tools
DI3Mqi034afd,12,easy,1,13496,Misc / Tools
DI3Mqi034afd,13,easy,1,14990,Misc / Tools
DI3Mqi034afd,14,medium,1,26922,Data & Features
DI3Mqi034afd,15,medium,1,27102,Data & Features
DI3Mqi034afd,16,easy,1,24973,Data & Features
DI3Mqi034afd,17,easy,1,20196,Data & Features
DI3Mqi034afd,18,hard,0,29578,Clustering & Unsupervised
DI3Mqi034afd,19,easy,1,14102,Clustering & Unsupervised
DI3Mqi034afd,20,hard,0,35149,Data & Features
DI3Mqi034afd,21,hard,0,29392,Misc / Tools
DI3Mqi034afd,22,easy,1,13496,Data & Features
DI3Mqi034afd,23,hard,1,30346,Clustering & Unsupervised
DI3Mqi034afd,24,hard,0,28882,Data & Features
DI3Mqi034afd,25,hard,1,28835,Clustering & Unsupervised
DI3Mqi034afd,26,hard,1,31607,Data & Features
DI3Mqi034afd,27,easy,1,17264,Data & Features
DI3Mqi034afd,28,medium,1,22556,Data & Features
DI3Mqi034afd,29,easy,1,13496,Data & Features
DI3Mqi034afd,30,easy,1,12260,Data & Features
Mr0bz3y2IHmW,1,hard,0,25414,Misc / Tools
Mr0bz3y2IHmW,2,easy,1,8472,Misc / Tools
Mr0bz3y2IHmW,3,easy,1,14280,Misc / Tools
Mr0bz3y2IHmW,4,easy,1,12136,Misc / Tools
Mr0bz3y2IHmW,5,medium,0,24896,Misc / Tools
Mr0bz3y2IHmW,6,easy,1,17689,Misc / Tools
Mr0bz3y2IHmW,7,easy,1,16417,Data & Features
Mr0bz3y2IHmW,8,easy,1,12136,Data & Features
Mr0bz3y2IHmW,9,easy,1,14403,Misc / Tools
Mr0bz3y2IHmW,10,easy,1,12136,Misc / Tools
Mr0bz3y2IHmW,11,easy,1,12136,Misc / Tools
Mr0bz3y2IHmW,12,easy,1,12136,Misc / Tools
Mr0bz3y2IHmW,13,easy,1,14280,Misc / Tools
Mr0bz3y2IHmW,14,medium,0,26403,Data & Features
Mr0bz3y2IHmW,15,medium,0,26290,Data & Features
Mr0bz3y2IHmW,16,easy,0,27849,Data & Features
Mr0bz3y2IHmW,17,easy,0,23128,Data & Features
Mr0bz3y2IHmW,18,hard,0,24225,Clustering & Unsupervised
Mr0bz3y2IHmW,19,easy,1,13641,Clustering & Unsupervised
Mr0bz3y2IHmW,20,hard,0,22849,Data & Features
Mr0bz3y2IHmW,21,hard,0,22427,Misc / Tools
Mr0bz3y2IHmW,22,easy,1,12136,Data & Features
Mr0bz3y2IHmW,23,hard,0,24125,Clustering & Unsupervised
Mr0bz3y2IHmW,24,hard,0,22506,Data & Features
Mr0bz3y2IHmW,25,hard,0,25588,Clustering & Unsupervised
Mr0bz3y2IHmW,26,hard,1,27148,Data & Features
Mr0bz3y2IHmW,27,easy,1,16446,Data & Features
Mr0bz3y2IHmW,28,medium,0,24670,Data & Features
Mr0bz3y2IHmW,29,easy,1,12136,Data & Features
Mr0bz3y2IHmW,30,easy,1,10690,Data & Features
BJE8NOUNFGYz,1,hard,0,25998,Misc / Tools
BJE8NOUNFGYz,2,easy,1,8234,Misc / Tools
BJE8NOUNFGYz,3,easy,1,13794,Misc / Tools
BJE8NOUNFGYz,4,easy,1,11699,Misc / Tools
BJE8NOUNFGYz,5,medium,0,25071,Misc / Tools
BJE8NOUNFGYz,6,easy,1,17074,Misc / Tools
BJE8NOUNFGYz,7,easy,1,15716,Data & Features
BJE8NOUNFGYz,8,easy,1,11699,Data & Features
BJE8NOUNFGYz,9,easy,1,13900,Misc / Tools
BJE8NOUNFGYz,10,easy,1,11699,Misc / Tools
BJE8NOUNFGYz,11,easy,1,11699,Misc / Tools
BJE8NOUNFGYz,12,easy,1,11699,Misc / Tools
BJE8NOUNFGYz,13,easy,1,13794,Misc / Tools
BJE8NOUNFGYz,14,medium,0,27009,Data & Features
BJE8NOUNFGYz,15,medium,0,26893,Data & Features
BJE8NOUNFGYz,16,easy,1,23483,Data & Features
BJE8NOUNFGYz,17,easy,1,19601,Data & Features
BJE8NOUNFGYz,18,hard,0,25515,Clustering & Unsupervised
BJE8NOUNFGYz,19,easy,1,13153,Clustering & Unsupervised
BJE8NOUNFGYz,20,hard,0,22826,Data & Features
BJE8NOUNFGYz,21,hard,0,22747,Misc / Tools
BJE8NOUNFGYz,22,easy,1,11699,Data & Features
BJE8NOUNFGYz,23,hard,0,24675,Clustering & Unsupervised
BJE8NOUNFGYz,24,hard,0,23177,Data & Features
BJE8NOUNFGYz,25,hard,0,26176,Clustering & Unsupervised
BJE8NOUNFGYz,26,hard,0,27887,Data & Features
BJE8NOUNFGYz,27,easy,1,15887,Data & Features
BJE8NOUNFGYz,28,medium,0,24844,Data & Features
BJE8NOUNFGYz,29,easy,1,11699,Data & Features
BJE8NOUNFGYz,30,easy,1,10313,Data & Features
Oc5QucHDsmjC,1,hard,0,29239,Misc / Tools
Oc5QucHDsmjC,2,easy,1,8975,Misc / Tools
Oc5QucHDsmjC,3,easy,1,13848,Misc / Tools
Oc5QucHDsmjC,4,easy,1,12773,Misc / Tools
Oc5QucHDsmjC,5,medium,1,22165,Misc / Tools
Oc5QucHDsmjC,6,easy,1,16296,Misc / Tools
Oc5QucHDsmjC,7,easy,1,15183,Data & Features
Oc5QucHDsmjC,8,easy,1,12773,Data & Features
Oc5QucHDsmjC,9,easy,1,13892,Misc / Tools
Oc5QucHDsmjC,10,easy,1,12773,Misc / Tools
Oc5QucHDsmjC,11,easy,1,12773,Misc / Tools
Oc5QucHDsmjC,12,easy,1,12773,Misc / Tools
Oc5QucHDsmjC,13,easy,1,13848,Misc / Tools
Oc5QucHDsmjC,14,medium,1,24871,Data & Features
Oc5QucHDsmjC,15,medium,1,25204,Data & Features
Oc5QucHDsmjC,16,easy,1,23071,Data & Features
Oc5QucHDsmjC,17,easy,1,18657,Data & Features
Oc5QucHDsmjC,18,hard,0,27506,Clustering & Unsupervised
Oc5QucHDsmjC,19,easy,1,13027,Clustering & Unsupervised
Oc5QucHDsmjC,20,hard,1,35019,Data & Features
Oc5QucHDsmjC,21,hard,0,27334,Misc / Tools
Oc5QucHDsmjC,22,easy,1,12773,Data & Features
Oc5QucHDsmjC,23,hard,1,28221,Clustering & Unsupervised
Oc5QucHDsmjC,24,hard,0,26860,Data & Features
Oc5QucHDsmjC,25,hard,1,26816,Clustering & Unsupervised
Oc5QucHDsmjC,26,hard,1,29394,Data & Features
Oc5QucHDsmjC,27,easy,1,15949,Data & Features
Oc5QucHDsmjC,28,medium,1,20838,Data & Features
Oc5QucHDsmjC,29,easy,1,12773,Data & Features
Oc5QucHDsmjC,30,easy,1,11326,Data & Features
zeQInY6w8eBY,1,hard,0,28783,Misc / Tools
zeQInY6w8eBY,2,easy,1,10308,Misc / Tools
zeQInY6w8eBY,3,easy,1,16137,Misc / Tools
zeQInY6w8eBY,4,easy,1,14711,Misc / Tools
zeQInY6w8eBY,5,medium,0,29096,Misc / Tools
zeQInY6w8eBY,6,easy,1,18515,Misc / Tools
zeQInY6w8eBY,7,easy,1,17050,Data & Features
zeQInY6w8eBY,8,easy,1,14711,Data & Features
zeQInY6w8eBY,9,easy,0,21106,Misc / Tools
zeQInY6w8eBY,10,easy,1,14711,Misc / Tools
zeQInY6w8eBY,11,easy,1,14711,Misc / Tools
zeQInY6w8eBY,12,easy,1,14711,Misc / Tools
zeQInY6w8eBY,13,easy,1,16137,Misc / Tools
zeQInY6w8eBY,14,medium,0,30678,Data & Features
zeQInY6w8eBY,15,medium,0,30546,Data & Features
zeQInY6w8eBY,16,easy,1,26141,Data & Features
zeQInY6w8eBY,17,easy,0,24924,Data & Features
zeQInY6w8eBY,18,hard,0,27376,Clustering & Unsupervised
zeQInY6w8eBY,19,easy,1,14960,Clustering & Unsupervised
zeQInY6w8eBY,20,hard,0,25429,Data & Features
zeQInY6w8eBY,21,hard,0,25345,Misc / Tools
zeQInY6w8eBY,22,easy,1,14711,Data & Features
zeQInY6w8eBY,23,hard,1,30157,Clustering & Unsupervised
zeQInY6w8eBY,24,hard,0,25952,Data & Features
zeQInY6w8eBY,25,hard,0,28980,Clustering & Unsupervised
zeQInY6w8eBY,26,hard,1,30446,Data & Features
zeQInY6w8eBY,27,easy,1,18585,Data & Features
zeQInY6w8eBY,28,medium,0,28377,Data & Features
zeQInY6w8eBY,29,easy,1,14711,Data & Features
zeQInY6w8eBY,30,easy,1,13008,Data & Features
lOuE9tkR89Pk,1,hard,0,24496,Misc / Tools
lOuE9tkR89Pk,2,easy,1,8392,Misc / Tools
lOuE9tkR89Pk,3,easy,1,14145,Misc / Tools
lOuE9tkR89Pk,4,easy,1,11884,Misc / Tools
lOuE9tkR89Pk,5,medium,0,23825,Misc / Tools
lOuE9tkR89Pk,6,easy,1,17407,Misc / Tools
lOuE9tkR89Pk,7,easy,0,20753,Data & Features
lOuE9tkR89Pk,8,easy,1,11884,Data & Features
lOuE9tkR89Pk,9,easy,1,14267,Misc / Tools
lOuE9tkR89Pk,10,easy,1,11884,Misc / Tools
lOuE9tkR89Pk,11,easy,1,11884,Misc / Tools
lOuE9tkR89Pk,12,easy,1,11884,Misc / Tools
lOuE9tkR89Pk,13,easy,1,14145,Misc / Tools
lOuE9tkR89Pk,14,medium,1,24231,Data & Features
lOuE9tkR89Pk,15,medium,0,25340,Data & Features
lOuE9tkR89Pk,16,easy,1,23942,Data & Features
lOuE9tkR89Pk,17,easy,1,19700,Data & Features
lOuE9tkR89Pk,18,hard,0,23037,Clustering & Unsupervised
lOuE9tkR89Pk,19,easy,1,13340,Clustering & Unsupervised
lOuE9tkR89Pk,20,hard,0,21728,Data & Features
lOuE9tkR89Pk,21,hard,0,21327,Misc / Tools
lOuE9tkR89Pk,22,easy,1,11884,Data & Features
lOuE9tkR89Pk,23,hard,0,22942,Clustering & Unsupervised
lOuE9tkR89Pk,24,hard,0,21403,Data & Features
lOuE9tkR89Pk,25,hard,0,24333,Clustering & Unsupervised
lOuE9tkR89Pk,26,hard,0,25929,Data & Features
lOuE9tkR89Pk,27,easy,1,16291,Data & Features
lOuE9tkR89Pk,28,medium,0,23610,Data & Features
lOuE9tkR89Pk,29,easy,1,11884,Data & Features
lOuE9tkR89Pk,30,easy,1,10590,Data & Features
Kji96af6kzzA,1,hard,0,27569,Misc / Tools
Kji96af6kzzA,2,easy,1,8835,Misc / Tools
Kji96af6kzzA,3,easy,1,14892,Misc / Tools
Kji96af6kzzA,4,easy,1,12552,Misc / Tools
Kji96af6kzzA,5,medium,0,26780,Misc / Tools
Kji96af6kzzA,6,easy,1,18600,Misc / Tools
Kji96af6kzzA,7,easy,0,21194,Data & Features
Kji96af6kzzA,8,easy,1,12552,Data & Features
Kji96af6kzzA,9,easy,1,15021,Misc / Tools
Kji96af6kzzA,10,easy,1,12552,Misc / Tools
Kji96af6kzzA,11,easy,1,12552,Misc / Tools
Kji96af6kzzA,12,easy,1,12552,Misc / Tools
Kji96af6kzzA,13,easy,1,14892,Misc / Tools
Kji96af6kzzA,14,medium,1,27271,Data & Features
Kji96af6kzzA,15,medium,0,28519,Data & Features
Kji96af6kzzA,16,easy,1,25582,Data & Features
Kji96af6kzzA,17,easy,1,21353,Data & Features
Kji96af6kzzA,18,hard,0,27707,Clustering & Unsupervised
Kji96af6kzzA,19,easy,1,14200,Clustering & Unsupervised
Kji96af6kzzA,20,hard,0,24787,Data & Features
Kji96af6kzzA,21,hard,0,24700,Misc / Tools
Kji96af6kzzA,22,easy,1,12552,Data & Features
Kji96af6kzzA,23,hard,0,26171,Clustering & Unsupervised
Kji96af6kzzA,24,hard,0,25168,Data & Features
Kji96af6kzzA,25,hard,0,27758,Clustering & Unsupervised
Kji96af6kzzA,26,hard,0,29578,Data & Features
Kji96af6kzzA,27,easy,1,17152,Data & Features
Kji96af6kzzA,28,medium,0,26537,Data & Features
Kji96af6kzzA,29,easy,1,12552,Data & Features
Kji96af6kzzA,30,easy,1,11066,Data & Features
32nLuB1xqIO4,1,hard,0,29296,Misc / Tools
32nLuB1xqIO4,2,easy,1,10223,Misc / Tools
32nLuB1xqIO4,3,easy,1,16004,Misc / Tools
32nLuB1xqIO4,4,easy,1,14590,Misc / Tools
32nLuB1xqIO4,5,medium,1,25151,Misc / Tools
32nLuB1xqIO4,6,easy,1,18610,Misc / Tools
32nLuB1xqIO4,7,easy,1,17137,Data & Features
32nLuB1xqIO4,8,easy,1,14590,Data & Features
32nLuB1xqIO4,9,easy,1,15303,Misc / Tools
32nLuB1xqIO4,10,easy,1,14590,Misc / Tools
32nLuB1xqIO4,11,easy,1,14590,Misc / Tools
32nLuB1xqIO4,12,easy,1,14590,Misc / Tools
32nLuB1xqIO4,13,easy,1,16004,Misc / Tools
32nLuB1xqIO4,14,medium,1,27861,Data & Features
32nLuB1xqIO4,15,medium,0,31867,Data & Features
32nLuB1xqIO4,16,easy,1,26274,Data & Features
32nLuB1xqIO4,17,easy,1,21351,Data & Features
32nLuB1xqIO4,18,hard,0,27864,Clustering & Unsupervised
32nLuB1xqIO4,19,easy,1,14837,Clustering & Unsupervised
32nLuB1xqIO4,20,hard,0,28860,Data & Features
32nLuB1xqIO4,21,hard,0,25796,Misc / Tools
32nLuB1xqIO4,22,easy,1,14590,Data & Features
32nLuB1xqIO4,23,hard,1,30031,Clustering & Unsupervised
32nLuB1xqIO4,24,hard,0,26414,Data & Features
32nLuB1xqIO4,25,hard,0,29496,Clustering & Unsupervised
32nLuB1xqIO4,26,hard,0,31430,Data & Features
32nLuB1xqIO4,27,easy,1,18432,Data & Features
32nLuB1xqIO4,28,medium,1,23645,Data & Features
32nLuB1xqIO4,29,easy,1,14590,Data & Features
32nLuB1xqIO4,30,easy,1,12900,Data & Features
m8rfSXHUenxh,1,hard,0,28232,Misc / Tools
m8rfSXHUenxh,2,easy,1,9274,Misc / Tools
m8rfSXHUenxh,3,easy,1,15769,Misc / Tools
m8rfSXHUenxh,4,easy,1,13046,Misc / Tools
m8rfSXHUenxh,5,medium,0,27423,Misc / Tools
m8rfSXHUenxh,6,easy,0,22244,Misc / Tools
m8rfSXHUenxh,7,easy,1,17861,Data & Features
m8rfSXHUenxh,8,easy,1,13046,Data & Features
m8rfSXHUenxh,9,easy,1,15796,Misc / Tools
m8rfSXHUenxh,10,easy,1,13046,Misc / Tools
m8rfSXHUenxh,11,easy,1,13046,Misc / Tools
m8rfSXHUenxh,12,easy,1,13046,Misc / Tools
m8rfSXHUenxh,13,easy,1,15769,Misc / Tools
m8rfSXHUenxh,14,medium,1,28449,Data & Features
m8rfSXHUenxh,15,medium,0,29205,Data & Features
m8rfSXHUenxh,16,easy,0,29548,Data & Features
m8rfSXHUenxh,17,easy,1,22275,Data & Features
m8rfSXHUenxh,18,hard,0,28368,Clustering & Unsupervised
m8rfSXHUenxh,19,easy,1,14813,Clustering & Unsupervised
m8rfSXHUenxh,20,hard,0,25378,Data & Features
m8rfSXHUenxh,21,hard,0,25290,Misc / Tools
m8rfSXHUenxh,22,easy,1,13046,Data & Features
m8rfSXHUenxh,23,hard,0,26796,Clustering & Unsupervised
m8rfSXHUenxh,24,hard,0,25768,Data & Features
m8rfSXHUenxh,25,hard,1,28831,Clustering & Unsupervised
m8rfSXHUenxh,26,hard,1,30716,Data & Features
m8rfSXHUenxh,27,easy,1,17892,Data & Features
m8rfSXHUenxh,28,medium,0,27175,Data & Features
m8rfSXHUenxh,29,easy,1,13046,Data & Features
m8rfSXHUenxh,30,easy,0,13184,Data & Features
r5xiR4T4onQf,1,hard,0,28388,Misc / Tools
r5xiR4T4onQf,2,easy,1,10088,Misc / Tools
r5xiR4T4onQf,3,easy,1,16900,Misc / Tools
r5xiR4T4onQf,4,easy,1,14332,Misc / Tools
r5xiR4T4onQf,5,medium,1,27219,Misc / Tools
r5xiR4T4onQf,6,easy,1,20941,Misc / Tools
r5xiR4T4onQf,7,easy,1,19430,Data & Features
r5xiR4T4onQf,8,easy,1,14332,Data & Features
r5xiR4T4onQf,9,easy,1,17184,Misc / Tools
r5xiR4T4onQf,10,easy,1,14332,Misc / Tools
r5xiR4T4onQf,11,easy,1,14332,Misc / Tools
r5xiR4T4onQf,12,easy,1,14332,Misc / Tools
r5xiR4T4onQf,13,easy,1,16900,Misc / Tools
r5xiR4T4onQf,14,medium,1,30259,Data & Features
r5xiR4T4onQf,15,medium,1,30433,Data & Features
r5xiR4T4onQf,16,easy,1,28385,Data & Features
r5xiR4T4onQf,17,easy,1,23693,Data & Features
r5xiR4T4onQf,18,hard,0,28884,Clustering & Unsupervised
r5xiR4T4onQf,19,easy,0,18140,Clustering & Unsupervised
r5xiR4T4onQf,20,hard,0,26187,Data & Features
r5xiR4T4onQf,21,hard,0,25750,Misc / Tools
r5xiR4T4onQf,22,easy,1,14332,Data & Features
r5xiR4T4onQf,23,hard,1,32828,Clustering & Unsupervised
r5xiR4T4onQf,24,hard,0,26589,Data & Features
r5xiR4T4onQf,25,hard,0,28582,Clustering & Unsupervised
r5xiR4T4onQf,26,hard,0,29953,Data & Features
r5xiR4T4onQf,27,easy,1,19464,Data & Features
r5xiR4T4onQf,28,medium,1,26000,Data & Features
r5xiR4T4onQf,29,easy,1,14332,Data & Features
r5xiR4T4onQf,30,easy,1,12635,Data & Features
PgdsGKsedBAl,1,hard,0,25154,Misc / Tools
PgdsGKsedBAl,2,easy,1,8385,Misc / Tools
PgdsGKsedBAl,3,easy,1,14134,Misc / Tools
PgdsGKsedBAl,4,easy,1,11875,Misc / Tools
PgdsGKsedBAl,5,medium,0,24642,Misc / Tools
PgdsGKsedBAl,6,easy,1,17508,Misc / Tools
PgdsGKsedBAl,7,easy,1,16250,Data & Features
PgdsGKsedBAl,8,easy,1,11875,Data & Features
PgdsGKsedBAl,9,easy,1,14256,Misc / Tools
PgdsGKsedBAl,10,easy,1,11875,Misc / Tools
PgdsGKsedBAl,11,easy,1,11875,Misc / Tools
PgdsGKsedBAl,12,easy,1,11875,Misc / Tools
PgdsGKsedBAl,13,easy,1,14134,Misc / Tools
PgdsGKsedBAl,14,medium,1,24882,Data & Features
PgdsGKsedBAl,15,medium,0,26021,Data & Features
PgdsGKsedBAl,16,easy,1,24080,Data & Features
PgdsGKsedBAl,17,easy,1,19964,Data & Features
PgdsGKsedBAl,18,hard,0,23977,Clustering & Unsupervised
PgdsGKsedBAl,19,easy,1,13502,Clustering & Unsupervised
PgdsGKsedBAl,20,hard,0,22616,Data & Features
PgdsGKsedBAl,21,hard,0,22198,Misc / Tools
PgdsGKsedBAl,22,easy,1,11875,Data & Features
PgdsGKsedBAl,23,hard,0,23879,Clustering & Unsupervised
PgdsGKsedBAl,24,hard,0,22277,Data & Features
PgdsGKsedBAl,25,hard,0,25327,Clustering & Unsupervised
PgdsGKsedBAl,26,hard,0,26987,Data & Features
PgdsGKsedBAl,27,easy,1,16278,Data & Features
PgdsGKsedBAl,28,medium,1,21175,Data & Features
PgdsGKsedBAl,29,easy,1,11875,Data & Features
PgdsGKsedBAl,30,easy,1,10581,Data & Features
1tnkUsBnGX2u,1,hard,0,31161,Misc / Tools
1tnkUsBnGX2u,2,easy,1,10498,Misc / Tools
1tnkUsBnGX2u,3,easy,1,16368,Misc / Tools
1tnkUsBnGX2u,4,easy,1,14818,Misc / Tools
1tnkUsBnGX2u,5,medium,0,35892,Misc / Tools
1tnkUsBnGX2u,6,easy,1,21523,Misc / Tools
1tnkUsBnGX2u,7,easy,1,17952,Data & Features
1tnkUsBnGX2u,8,easy,1,14818,Data & Features
1tnkUsBnGX2u,9,easy,1,15911,Misc / Tools
1tnkUsBnGX2u,10,easy,1,14818,Misc / Tools
1tnkUsBnGX2u,11,easy,1,14818,Misc / Tools
1tnkUsBnGX2u,12,easy,1,14818,Misc / Tools
1tnkUsBnGX2u,13,easy,1,16368,Misc / Tools
1tnkUsBnGX2u,14,medium,1,32466,Data & Features
1tnkUsBnGX2u,15,medium,0,35990,Data & Features
1tnkUsBnGX2u,16,easy,1,30387,Data & Features
1tnkUsBnGX2u,17,easy,1,24693,Data & Features
1tnkUsBnGX2u,18,hard,0,21605,Clustering & Unsupervised
1tnkUsBnGX2u,19,easy,1,15213,Clustering & Unsupervised
1tnkUsBnGX2u,20,hard,0,24952,Data & Features
1tnkUsBnGX2u,21,hard,0,21236,Misc / Tools
1tnkUsBnGX2u,22,easy,1,14818,Data & Features
1tnkUsBnGX2u,23,hard,0,24591,Clustering & Unsupervised
1tnkUsBnGX2u,24,hard,0,20718,Data & Features
1tnkUsBnGX2u,25,hard,0,31374,Clustering & Unsupervised
1tnkUsBnGX2u,26,hard,0,35271,Data & Features
1tnkUsBnGX2u,27,easy,1,18851,Data & Features
1tnkUsBnGX2u,28,medium,0,35005,Data & Features
1tnkUsBnGX2u,29,easy,1,14818,Data & Features
1tnkUsBnGX2u,30,easy,1,13247,Data & Features
QblvTIly9IZU,1,hard,1,29294,Misc / Tools
QblvTIly9IZU,2,easy,1,9391,Misc / Tools
QblvTIly9IZU,3,easy,1,15733,Misc / Tools
QblvTIly9IZU,4,easy,1,13342,Misc / Tools
QblvTIly9IZU,5,medium,1,25915,Misc / Tools
QblvTIly9IZU,6,easy,1,19650,Misc / Tools
QblvTIly9IZU,7,easy,1,18088,Data & Features
QblvTIly9IZU,8,easy,1,13342,Data & Features
QblvTIly9IZU,9,easy,1,15997,Misc / Tools
QblvTIly9IZU,10,easy,1,13342,Misc / Tools
QblvTIly9IZU,11,easy,1,13342,Misc / Tools
QblvTIly9IZU,12,easy,1,13342,Misc / Tools
QblvTIly9IZU,13,easy,1,15733,Misc / Tools
QblvTIly9IZU,14,medium,0,29331,Data & Features
QblvTIly9IZU,15,medium,0,29205,Data & Features
QblvTIly9IZU,16,easy,0,29548,Data & Features
QblvTIly9IZU,17,easy,0,24623,Data & Features
QblvTIly9IZU,18,hard,0,28368,Clustering & Unsupervised
QblvTIly9IZU,19,easy,1,15001,Clustering & Unsupervised
QblvTIly9IZU,20,hard,0,25378,Data & Features
QblvTIly9IZU,21,hard,0,25290,Misc / Tools
QblvTIly9IZU,22,easy,1,13342,Data & Features
QblvTIly9IZU,23,hard,0,26796,Clustering & Unsupervised
QblvTIly9IZU,24,hard,0,25768,Data & Features
QblvTIly9IZU,25,hard,0,28425,Clustering & Unsupervised
QblvTIly9IZU,26,hard,0,30284,Data & Features
QblvTIly9IZU,27,easy,1,18119,Data & Features
QblvTIly9IZU,28,medium,1,24755,Data & Features
QblvTIly9IZU,29,easy,1,13342,Data & Features
QblvTIly9IZU,30,easy,1,11762,Data & Features
jxlFWYs7WyTt,1,hard,1,25300,Misc / Tools
jxlFWYs7WyTt,2,easy,1,8385,Misc / Tools
jxlFWYs7WyTt,3,easy,1,14134,Misc / Tools
jxlFWYs7WyTt,4,easy,1,11875,Misc / Tools
jxlFWYs7WyTt,5,medium,0,24642,Misc / Tools
jxlFWYs7WyTt,6,easy,1,17508,Misc / Tools
jxlFWYs7WyTt,7,easy,1,16250,Data & Features
jxlFWYs7WyTt,8,easy,1,11875,Data & Features
jxlFWYs7WyTt,9,easy,0,18529,Misc / Tools
jxlFWYs7WyTt,10,easy,1,11875,Misc / Tools
jxlFWYs7WyTt,11,easy,1,11875,Misc / Tools
jxlFWYs7WyTt,12,easy,1,11875,Misc / Tools
jxlFWYs7WyTt,13,easy,1,14134,Misc / Tools
jxlFWYs7WyTt,14,medium,1,24882,Data & Features
jxlFWYs7WyTt,15,medium,1,25025,Data & Features
jxlFWYs7WyTt,16,easy,1,24080,Data & Features
jxlFWYs7WyTt,17,easy,1,19964,Data & Features
jxlFWYs7WyTt,18,hard,0,23977,Clustering & Unsupervised
jxlFWYs7WyTt,19,easy,1,13502,Clustering & Unsupervised
jxlFWYs7WyTt,20,hard,0,22616,Data & Features
jxlFWYs7WyTt,21,hard,0,22198,Misc / Tools
jxlFWYs7WyTt,22,easy,1,11875,Data & Features
jxlFWYs7WyTt,23,hard,0,23879,Clustering & Unsupervised
jxlFWYs7WyTt,24,hard,0,22277,Data & Features
jxlFWYs7WyTt,25,hard,0,25327,Clustering & Unsupervised
jxlFWYs7WyTt,26,hard,0,26987,Data & Features
jxlFWYs7WyTt,27,easy,0,19490,Data & Features
jxlFWYs7WyTt,28,medium,0,24419,Data & Features
jxlFWYs7WyTt,29,easy,1,11875,Data & Features
jxlFWYs7WyTt,30,easy,1,10581,Data & Features
tmTN8RB25aRn,1,hard,1,29846,Misc / Tools
tmTN8RB25aRn,2,easy,1,10220,Misc / Tools
tmTN8RB25aRn,3,easy,1,15768,Misc / Tools
tmTN8RB25aRn,4,easy,1,14428,Misc / Tools
tmTN8RB25aRn,5,medium,1,24768,Misc / Tools
tmTN8RB25aRn,6,easy,1,18210,Misc / Tools
tmTN8RB25aRn,7,easy,1,16967,Data & Features
tmTN8RB25aRn,8,easy,1,14428,Data & Features
tmTN8RB25aRn,9,easy,1,15523,Misc / Tools
tmTN8RB25aRn,10,easy,1,14428,Misc / Tools
tmTN8RB25aRn,11,easy,1,14428,Misc / Tools
tmTN8RB25aRn,12,easy,1,14428,Misc / Tools
tmTN8RB25aRn,13,easy,1,15768,Misc / Tools
tmTN8RB25aRn,14,medium,1,27792,Data & Features
tmTN8RB25aRn,15,medium,0,33188,Data & Features
tmTN8RB25aRn,16,easy,1,25780,Data & Features
tmTN8RB25aRn,17,easy,1,20849,Data & Features
tmTN8RB25aRn,18,hard,1,32449,Clustering & Unsupervised
tmTN8RB25aRn,19,easy,1,14557,Clustering & Unsupervised
tmTN8RB25aRn,20,hard,1,34281,Data & Features
tmTN8RB25aRn,21,hard,0,29993,Misc / Tools
tmTN8RB25aRn,22,easy,1,14428,Data & Features
tmTN8RB25aRn,23,hard,0,31954,Clustering & Unsupervised
tmTN8RB25aRn,24,hard,0,29797,Data & Features
tmTN8RB25aRn,25,hard,1,29748,Clustering & Unsupervised
tmTN8RB25aRn,26,hard,1,31915,Data & Features
tmTN8RB25aRn,27,easy,1,18160,Data & Features
tmTN8RB25aRn,28,medium,1,23285,Data & Features
tmTN8RB25aRn,29,easy,1,14428,Data & Features
tmTN8RB25aRn,30,easy,1,12896,Data & Features
WNh0afD7QG4d,1,hard,1,22195,Misc / Tools
WNh0afD7QG4d,2,easy,1,8349,Misc / Tools
WNh0afD7QG4d,3,easy,1,13070,Misc / Tools
WNh0afD7QG4d,4,easy,1,12670,Misc / Tools
WNh0afD7QG4d,5,medium,1,18644,Misc / Tools
WNh0afD7QG4d,6,easy,1,14882,Misc / Tools
WNh0afD7QG4d,7,easy,1,14029,Data & Features
WNh0afD7QG4d,8,easy,1,12670,Data & Features
WNh0afD7QG4d,9,easy,0,16841,Misc / Tools
WNh0afD7QG4d,10,easy,1,12670,Misc / Tools
WNh0afD7QG4d,11,easy,1,12670,Misc / Tools
WNh0afD7QG4d,12,easy,1,12670,Misc / Tools
WNh0afD7QG4d,13,easy,1,13070,Misc / Tools
WNh0afD7QG4d,14,medium,1,20927,Data & Features
WNh0afD7QG4d,15,medium,1,24320,Data & Features
WNh0afD7QG4d,16,easy,1,20469,Data & Features
WNh0afD7QG4d,17,easy,1,16970,Data & Features
WNh0afD7QG4d,18,hard,0,21034,Clustering & Unsupervised
WNh0afD7QG4d,19,easy,1,12117,Clustering & Unsupervised
WNh0afD7QG4d,20,hard,0,19538,Data & Features
WNh0afD7QG4d,21,hard,0,19474,Misc / Tools
WNh0afD7QG4d,22,easy,1,12670,Data & Features
WNh0afD7QG4d,23,hard,0,20948,Clustering & Unsupervised
WNh0afD7QG4d,24,hard,0,19940,Data & Features
WNh0afD7QG4d,25,hard,0,22218,Clustering & Unsupervised
WNh0afD7QG4d,26,hard,0,23675,Data & Features
WNh0afD7QG4d,27,easy,0,19636,Data & Features
WNh0afD7QG4d,28,medium,0,20537,Data & Features
WNh0afD7QG4d,29,easy,1,12670,Data & Features
WNh0afD7QG4d,30,easy,1,11203,Data & Features
sCNAQlTJzusQ,1,hard,0,25154,Misc / Tools
sCNAQlTJzusQ,2,easy,1,8385,Misc / Tools
sCNAQlTJzusQ,3,easy,1,14134,Misc / Tools
sCNAQlTJzusQ,4,easy,1,11875,Misc / Tools
sCNAQlTJzusQ,5,medium,1,22168,Misc / Tools
sCNAQlTJzusQ,6,easy,0,21078,Misc / Tools
sCNAQlTJzusQ,7,easy,1,16250,Data & Features
sCNAQlTJzusQ,8,easy,1,11875,Data & Features
sCNAQlTJzusQ,9,easy,1,14256,Misc / Tools
sCNAQlTJzusQ,10,easy,1,11875,Misc / Tools
sCNAQlTJzusQ,11,easy,1,11875,Misc / Tools
sCNAQlTJzusQ,12,easy,1,11875,Misc / Tools
sCNAQlTJzusQ,13,easy,1,14134,Misc / Tools
sCNAQlTJzusQ,14,medium,0,26134,Data & Features
sCNAQlTJzusQ,15,medium,1,25025,Data & Features
sCNAQlTJzusQ,16,easy,0,27565,Data & Features
sCNAQlTJzusQ,17,easy,0,22892,Data & Features
sCNAQlTJzusQ,18,hard,0,23977,Clustering & Unsupervised
sCNAQlTJzusQ,19,easy,1,13502,Clustering & Unsupervised
sCNAQlTJzusQ,20,hard,0,22616,Data & Features
sCNAQlTJzusQ,21,hard,0,22198,Misc / Tools
sCNAQlTJzusQ,22,easy,1,11875,Data & Features
sCNAQlTJzusQ,23,hard,1,25270,Clustering & Unsupervised
sCNAQlTJzusQ,24,hard,0,22277,Data & Features
sCNAQlTJzusQ,25,hard,0,25327,Clustering & Unsupervised
sCNAQlTJzusQ,26,hard,0,26987,Data & Features
sCNAQlTJzusQ,27,easy,1,16278,Data & Features
sCNAQlTJzusQ,28,medium,0,24419,Data & Features
sCNAQlTJzusQ,29,easy,1,11875,Data & Features
sCNAQlTJzusQ,30,easy,0,12418,Data & Features
aeQlX5jbZHXw,1,hard,0,31161,Misc / Tools
aeQlX5jbZHXw,2,easy,1,10498,Misc / Tools
aeQlX5jbZHXw,3,easy,1,16368,Misc / Tools
aeQlX5jbZHXw,4,easy,1,14818,Misc / Tools
aeQlX5jbZHXw,5,medium,1,29308,Misc / Tools
aeQlX5jbZHXw,6,easy,1,21523,Misc / Tools
aeQlX5jbZHXw,7,easy,1,17952,Data & Features
aeQlX5jbZHXw,8,easy,1,14818,Data & Features
aeQlX5jbZHXw,9,easy,1,15911,Misc / Tools
aeQlX5jbZHXw,10,easy,1,14818,Misc / Tools
aeQlX5jbZHXw,11,easy,1,14818,Misc / Tools
aeQlX5jbZHXw,12,easy,1,14818,Misc / Tools
aeQlX5jbZHXw,13,easy,1,16368,Misc / Tools
aeQlX5jbZHXw,14,medium,1,32466,Data & Features
aeQlX5jbZHXw,15,medium,0,35990,Data & Features
aeQlX5jbZHXw,16,easy,1,30387,Data & Features
aeQlX5jbZHXw,17,easy,1,24693,Data & Features
aeQlX5jbZHXw,18,hard,0,21605,Clustering & Unsupervised
aeQlX5jbZHXw,19,easy,1,15213,Clustering & Unsupervised
aeQlX5jbZHXw,20,hard,0,24952,Data & Features
aeQlX5jbZHXw,21,hard,0,21236,Misc / Tools
aeQlX5jbZHXw,22,easy,1,14818,Data & Features
aeQlX5jbZHXw,23,hard,0,24591,Clustering & Unsupervised
aeQlX5jbZHXw,24,hard,0,20718,Data & Features
aeQlX5jbZHXw,25,hard,0,31374,Clustering & Unsupervised
aeQlX5jbZHXw,26,hard,1,35045,Data & Features
aeQlX5jbZHXw,27,easy,1,18851,Data & Features
aeQlX5jbZHXw,28,medium,1,27553,Data & Features
aeQlX5jbZHXw,29,easy,1,14818,Data & Features
aeQlX5jbZHXw,30,easy,1,13247,Data & Features
eH9XZKUjDCDF,1,hard,0,30533,Misc / Tools
eH9XZKUjDCDF,2,easy,1,11094,Misc / Tools
eH9XZKUjDCDF,3,easy,1,17117,Misc / Tools
eH9XZKUjDCDF,4,easy,1,15659,Misc / Tools
eH9XZKUjDCDF,5,medium,1,27500,Misc / Tools
eH9XZKUjDCDF,6,easy,1,20195,Misc / Tools
eH9XZKUjDCDF,7,easy,1,18546,Data & Features
eH9XZKUjDCDF,8,easy,1,15659,Data & Features
eH9XZKUjDCDF,9,easy,1,16613,Misc / Tools
eH9XZKUjDCDF,10,easy,1,15659,Misc / Tools
eH9XZKUjDCDF,11,easy,1,15659,Misc / Tools
eH9XZKUjDCDF,12,easy,1,15659,Misc / Tools
eH9XZKUjDCDF,13,easy,1,17117,Misc / Tools
eH9XZKUjDCDF,14,medium,1,30463,Data & Features
eH9XZKUjDCDF,15,medium,0,34713,Data & Features
eH9XZKUjDCDF,16,easy,1,28512,Data & Features
eH9XZKUjDCDF,17,easy,1,23169,Data & Features
eH9XZKUjDCDF,18,hard,0,25873,Clustering & Unsupervised
eH9XZKUjDCDF,19,easy,1,15909,Clustering & Unsupervised
eH9XZKUjDCDF,20,hard,0,29881,Data & Features
eH9XZKUjDCDF,21,hard,0,25431,Misc / Tools
eH9XZKUjDCDF,22,easy,1,15659,Data & Features
eH9XZKUjDCDF,23,hard,0,28731,Clustering & Unsupervised
eH9XZKUjDCDF,24,hard,0,24810,Data & Features
eH9XZKUjDCDF,25,hard,0,30742,Clustering & Unsupervised
eH9XZKUjDCDF,26,hard,1,34974,Data & Features
eH9XZKUjDCDF,27,easy,1,19714,Data & Features
eH9XZKUjDCDF,28,medium,1,25853,Data & Features
eH9XZKUjDCDF,29,easy,1,15659,Data & Features
eH9XZKUjDCDF,30,easy,1,13999,Data & Features
ROaS3EN46XLy,1,hard,0,22067,Misc / Tools
ROaS3EN46XLy,2,easy,1,8349,Misc / Tools
ROaS3EN46XLy,3,easy,1,13070,Misc / Tools
ROaS3EN46XLy,4,easy,1,12670,Misc / Tools
ROaS3EN46XLy,5,medium,1,18644,Misc / Tools
ROaS3EN46XLy,6,easy,1,14882,Misc / Tools
ROaS3EN46XLy,7,easy,1,14029,Data & Features
ROaS3EN46XLy,8,easy,1,12670,Data & Features
ROaS3EN46XLy,9,easy,1,12527,Misc / Tools
ROaS3EN46XLy,10,easy,1,12670,Misc / Tools
ROaS3EN46XLy,11,easy,1,12670,Misc / Tools
ROaS3EN46XLy,12,easy,1,12670,Misc / Tools
ROaS3EN46XLy,13,easy,1,13070,Misc / Tools
ROaS3EN46XLy,14,medium,1,20927,Data & Features
ROaS3EN46XLy,15,medium,0,25288,Data & Features
ROaS3EN46XLy,16,easy,1,20469,Data & Features
ROaS3EN46XLy,17,easy,1,16970,Data & Features
ROaS3EN46XLy,18,hard,0,21034,Clustering & Unsupervised
ROaS3EN46XLy,19,easy,1,12117,Clustering & Unsupervised
ROaS3EN46XLy,20,hard,0,19538,Data & Features
ROaS3EN46XLy,21,hard,0,19474,Misc / Tools
ROaS3EN46XLy,22,easy,1,12670,Data & Features
ROaS3EN46XLy,23,hard,0,20948,Clustering & Unsupervised
ROaS3EN46XLy,24,hard,0,19940,Data & Features
ROaS3EN46XLy,25,hard,0,22218,Clustering & Unsupervised
ROaS3EN46XLy,26,hard,1,23572,Data & Features
ROaS3EN46XLy,27,easy,1,15053,Data & Features
ROaS3EN46XLy,28,medium,1,17808,Data & Features
ROaS3EN46XLy,29,easy,1,12670,Data & Features
ROaS3EN46XLy,30,easy,1,11203,Data & Features
Ui0yLwC2YxnT,1,hard,0,22271,Misc / Tools
Ui0yLwC2YxnT,2,easy,1,7500,Misc / Tools
Ui0yLwC2YxnT,3,easy,1,12642,Misc / Tools
Ui0yLwC2YxnT,4,easy,1,10621,Misc / Tools
Ui0yLwC2YxnT,5,medium,1,19486,Misc / Tools
Ui0yLwC2YxnT,6,easy,1,15826,Misc / Tools
Ui0yLwC2YxnT,7,easy,1,14620,Data & Features
Ui0yLwC2YxnT,8,easy,1,10621,Data & Features
Ui0yLwC2YxnT,9,easy,1,12826,Misc / Tools
Ui0yLwC2YxnT,10,easy,1,10621,Misc / Tools
Ui0yLwC2YxnT,11,easy,1,10621,Misc / Tools
Ui0yLwC2YxnT,12,easy,1,10621,Misc / Tools
Ui0yLwC2YxnT,13,easy,1,12642,Misc / Tools
Ui0yLwC2YxnT,14,medium,1,22030,Data & Features
Ui0yLwC2YxnT,15,medium,0,23039,Data & Features
Ui0yLwC2YxnT,16,easy,1,21767,Data & Features
Ui0yLwC2YxnT,17,easy,1,17911,Data & Features
Ui0yLwC2YxnT,18,hard,0,20653,Clustering & Unsupervised
Ui0yLwC2YxnT,19,easy,0,14764,Clustering & Unsupervised
Ui0yLwC2YxnT,20,hard,0,19480,Data & Features
Ui0yLwC2YxnT,21,hard,0,19120,Misc / Tools
Ui0yLwC2YxnT,22,easy,1,10621,Data & Features
Ui0yLwC2YxnT,23,hard,1,21766,Clustering & Unsupervised
Ui0yLwC2YxnT,24,hard,0,19188,Data & Features
Ui0yLwC2YxnT,25,hard,0,21815,Clustering & Unsupervised
Ui0yLwC2YxnT,26,hard,0,23245,Data & Features
Ui0yLwC2YxnT,27,easy,1,14560,Data & Features
Ui0yLwC2YxnT,28,medium,1,18614,Data & Features
Ui0yLwC2YxnT,29,easy,1,10621,Data & Features
Ui0yLwC2YxnT,30,easy,1,9393,Data & Features
nWRIo9XQJBPf,1,hard,1,31213,Misc / Tools
nWRIo9XQJBPf,2,easy,1,11094,Misc / Tools
nWRIo9XQJBPf,3,easy,1,17117,Misc / Tools
nWRIo9XQJBPf,4,easy,1,15659,Misc / Tools
nWRIo9XQJBPf,5,medium,1,27500,Misc / Tools
nWRIo9XQJBPf,6,easy,1,20195,Misc / Tools
nWRIo9XQJBPf,7,easy,1,18546,Data & Features
nWRIo9XQJBPf,8,easy,1,15659,Data & Features
nWRIo9XQJBPf,9,easy,1,16613,Misc / Tools
nWRIo9XQJBPf,10,easy,1,15659,Misc / Tools
nWRIo9XQJBPf,11,easy,1,15659,Misc / Tools
nWRIo9XQJBPf,12,easy,1,15659,Misc / Tools
nWRIo9XQJBPf,13,easy,1,17117,Misc / Tools
nWRIo9XQJBPf,14,medium,1,30463,Data & Features
nWRIo9XQJBPf,15,medium,1,30638,Data & Features
nWRIo9XQJBPf,16,easy,1,28512,Data & Features
nWRIo9XQJBPf,17,easy,1,23169,Data & Features
nWRIo9XQJBPf,18,hard,1,30264,Clustering & Unsupervised
nWRIo9XQJBPf,19,easy,1,15909,Clustering & Unsupervised
nWRIo9XQJBPf,20,hard,0,29881,Data & Features
nWRIo9XQJBPf,21,hard,0,25431,Misc / Tools
nWRIo9XQJBPf,22,easy,1,15659,Data & Features
nWRIo9XQJBPf,23,hard,1,32952,Clustering & Unsupervised
nWRIo9XQJBPf,24,hard,1,29537,Data & Features
nWRIo9XQJBPf,25,hard,0,30742,Clustering & Unsupervised
nWRIo9XQJBPf,26,hard,1,34974,Data & Features
nWRIo9XQJBPf,27,easy,1,19714,Data & Features
nWRIo9XQJBPf,28,medium,0,32248,Data & Features
nWRIo9XQJBPf,29,easy,1,15659,Data & Features
nWRIo9XQJBPf,30,easy,1,13999,Data & Features
9eci54foOGc9,31,medium,1,26573,Misc / Tools
9eci54foOGc9,32,medium,1,32236,Classification & Modeling
9eci54foOGc9,33,easy,1,15712,Data & Features
9eci54foOGc9,34,easy,1,15328,Data & Features
9eci54foOGc9,35,easy,1,15328,Data & Features
9eci54foOGc9,36,medium,1,25602,Data & Features
9eci54foOGc9,37,easy,1,22203,Classification & Modeling
9eci54foOGc9,38,hard,1,29493,Data & Features
9eci54foOGc9,39,easy,1,15350,Data & Features
9eci54foOGc9,40,easy,1,13228,Data & Features
9eci54foOGc9,41,easy,0,30075,Data & Features
9eci54foOGc9,42,easy,1,10483,Data & Features
9eci54foOGc9,43,medium,1,28520,Data & Features
9eci54foOGc9,44,easy,1,21952,Misc / Tools
9eci54foOGc9,45,hard,0,24474,Data & Features
9eci54foOGc9,46,easy,1,15350,Data & Features
9eci54foOGc9,47,hard,0,24337,Classification & Modeling
9eci54foOGc9,48,easy,1,21083,Classification & Modeling
9eci54foOGc9,49,hard,0,24474,Data & Features
9eci54foOGc9,50,easy,1,17292,Classification & Modeling
9eci54foOGc9,51,easy,1,17292,Classification & Modeling
9eci54foOGc9,52,easy,1,15874,Data & Features
9eci54foOGc9,53,easy,1,14168,Classification & Modeling
9eci54foOGc9,54,easy,1,16496,Classification & Modeling
9eci54foOGc9,55,easy,1,14418,Classification & Modeling
9eci54foOGc9,56,hard,0,24474,Classification & Modeling
9eci54foOGc9,57,easy,1,10483,Classification & Modeling
9eci54foOGc9,58,easy,1,17875,Classification & Modeling
9eci54foOGc9,59,easy,1,15002,Classification & Modeling
9eci54foOGc9,60,easy,1,16496,Classification & Modeling
dF0r7wVjsLSV,31,medium,1,24111,Misc / Tools
dF0r7wVjsLSV,32,medium,1,29072,Classification & Modeling
dF0r7wVjsLSV,33,easy,1,14173,Data & Features
dF0r7wVjsLSV,34,easy,1,14234,Data & Features
dF0r7wVjsLSV,35,easy,1,14234,Data & Features
dF0r7wVjsLSV,36,medium,1,23230,Data & Features
dF0r7wVjsLSV,37,easy,1,21199,Classification & Modeling
dF0r7wVjsLSV,38,hard,1,26395,Data & Features
dF0r7wVjsLSV,39,easy,1,14338,Data & Features
dF0r7wVjsLSV,40,easy,1,9762,Data & Features
dF0r7wVjsLSV,41,easy,1,21835,Data & Features
dF0r7wVjsLSV,42,easy,1,8227,Data & Features
dF0r7wVjsLSV,43,medium,1,25721,Data & Features
dF0r7wVjsLSV,44,easy,0,21705,Misc / Tools
dF0r7wVjsLSV,45,hard,0,19216,Data & Features
dF0r7wVjsLSV,46,easy,1,14338,Data & Features
dF0r7wVjsLSV,47,hard,0,19800,Classification & Modeling
dF0r7wVjsLSV,48,easy,1,20130,Classification & Modeling
dF0r7wVjsLSV,49,hard,0,19216,Data & Features
dF0r7wVjsLSV,50,easy,1,16554,Classification & Modeling
dF0r7wVjsLSV,51,easy,1,16554,Classification & Modeling
dF0r7wVjsLSV,52,easy,1,15032,Data & Features
dF0r7wVjsLSV,53,easy,1,11119,Classification & Modeling
dF0r7wVjsLSV,54,easy,1,16039,Classification & Modeling
dF0r7wVjsLSV,55,easy,1,11316,Classification & Modeling
dF0r7wVjsLSV,56,hard,0,19216,Classification & Modeling
dF0r7wVjsLSV,57,easy,1,8227,Classification & Modeling
dF0r7wVjsLSV,58,easy,1,17146,Classification & Modeling
dF0r7wVjsLSV,59,easy,1,13533,Classification & Modeling
dF0r7wVjsLSV,60,easy,1,16039,Classification & Modeling
BhvtwuIg7wvF,31,medium,1,19066,Misc / Tools
BhvtwuIg7wvF,32,medium,1,26398,Classification & Modeling
BhvtwuIg7wvF,33,easy,1,12697,Data & Features
BhvtwuIg7wvF,34,easy,1,12355,Data & Features
BhvtwuIg7wvF,35,easy,1,12355,Data & Features
BhvtwuIg7wvF,36,medium,1,18369,Data & Features
BhvtwuIg7wvF,37,easy,1,17316,Classification & Modeling
BhvtwuIg7wvF,38,hard,0,22067,Data & Features
BhvtwuIg7wvF,39,easy,1,12381,Data & Features
BhvtwuIg7wvF,40,easy,1,11203,Data & Features
BhvtwuIg7wvF,41,easy,1,17434,Data & Features
BhvtwuIg7wvF,42,easy,1,8349,Data & Features
BhvtwuIg7wvF,43,medium,1,20735,Data & Features
BhvtwuIg7wvF,44,easy,1,17016,Misc / Tools
BhvtwuIg7wvF,45,hard,0,19474,Data & Features
BhvtwuIg7wvF,46,easy,1,12381,Data & Features
BhvtwuIg7wvF,47,hard,0,18663,Classification & Modeling
BhvtwuIg7wvF,48,easy,1,16443,Classification & Modeling
BhvtwuIg7wvF,49,hard,0,19474,Data & Features
BhvtwuIg7wvF,50,easy,1,13843,Classification & Modeling
BhvtwuIg7wvF,51,easy,1,13843,Classification & Modeling
BhvtwuIg7wvF,52,easy,1,12804,Data & Features
BhvtwuIg7wvF,53,easy,1,11284,Classification & Modeling
BhvtwuIg7wvF,54,easy,1,13329,Classification & Modeling
BhvtwuIg7wvF,55,easy,1,11483,Classification & Modeling
BhvtwuIg7wvF,56,hard,0,19474,Classification & Modeling
BhvtwuIg7wvF,57,easy,1,8349,Classification & Modeling
BhvtwuIg7wvF,58,easy,1,14310,Classification & Modeling
BhvtwuIg7wvF,59,easy,1,12123,Classification & Modeling
BhvtwuIg7wvF,60,easy,1,13329,Classification & Modeling
ynjK3wP1cV18,31,medium,1,38677,Misc / Tools
ynjK3wP1cV18,32,medium,1,43565,Classification & Modeling
ynjK3wP1cV18,33,easy,1,23363,Data & Features
ynjK3wP1cV18,34,easy,1,22792,Data & Features
ynjK3wP1cV18,35,easy,1,22792,Data & Features
ynjK3wP1cV18,36,medium,1,37264,Data & Features
ynjK3wP1cV18,37,easy,1,31210,Classification & Modeling
ynjK3wP1cV18,38,hard,0,36410,Data & Features
ynjK3wP1cV18,39,easy,1,22825,Data & Features
ynjK3wP1cV18,40,easy,1,19669,Data & Features
ynjK3wP1cV18,41,easy,1,34456,Data & Features
ynjK3wP1cV18,42,easy,1,15587,Data & Features
ynjK3wP1cV18,43,medium,1,38544,Data & Features
ynjK3wP1cV18,44,easy,1,30856,Misc / Tools
ynjK3wP1cV18,45,hard,0,30040,Data & Features
ynjK3wP1cV18,46,easy,1,22825,Data & Features
ynjK3wP1cV18,47,hard,0,29871,Classification & Modeling
ynjK3wP1cV18,48,easy,1,29636,Classification & Modeling
ynjK3wP1cV18,49,hard,0,30040,Data & Features
ynjK3wP1cV18,50,easy,1,25712,Classification & Modeling
ynjK3wP1cV18,51,easy,0,31496,Classification & Modeling
ynjK3wP1cV18,52,easy,1,23604,Data & Features
ynjK3wP1cV18,53,easy,1,21066,Classification & Modeling
ynjK3wP1cV18,54,easy,1,24529,Classification & Modeling
ynjK3wP1cV18,55,easy,1,21439,Classification & Modeling
ynjK3wP1cV18,56,hard,0,30040,Classification & Modeling
ynjK3wP1cV18,57,easy,1,15587,Classification & Modeling
ynjK3wP1cV18,58,easy,1,26578,Classification & Modeling
ynjK3wP1cV18,59,easy,1,22307,Classification & Modeling
ynjK3wP1cV18,60,easy,1,24529,Classification & Modeling
No1fcFHRlYfg,31,medium,1,24709,Misc / Tools
No1fcFHRlYfg,32,medium,1,30372,Classification & Modeling
No1fcFHRlYfg,33,easy,1,15110,Data & Features
No1fcFHRlYfg,34,easy,1,14480,Data & Features
No1fcFHRlYfg,35,easy,1,14480,Data & Features
No1fcFHRlYfg,36,medium,1,23806,Data & Features
No1fcFHRlYfg,37,easy,1,20726,Classification & Modeling
No1fcFHRlYfg,38,hard,0,31642,Data & Features
No1fcFHRlYfg,39,easy,1,14437,Data & Features
No1fcFHRlYfg,40,easy,1,12721,Data & Features
No1fcFHRlYfg,41,easy,1,22012,Data & Features
No1fcFHRlYfg,42,easy,1,10081,Data & Features
No1fcFHRlYfg,43,medium,1,26863,Data & Features
No1fcFHRlYfg,44,easy,1,20393,Misc / Tools
No1fcFHRlYfg,45,hard,0,29581,Data & Features
No1fcFHRlYfg,46,easy,1,14437,Data & Features
No1fcFHRlYfg,47,hard,0,29094,Classification & Modeling
No1fcFHRlYfg,48,easy,1,19627,Classification & Modeling
No1fcFHRlYfg,49,hard,0,29581,Data & Features
No1fcFHRlYfg,50,easy,1,16332,Classification & Modeling
No1fcFHRlYfg,51,easy,0,22769,Classification & Modeling
No1fcFHRlYfg,52,easy,1,14929,Data & Features
No1fcFHRlYfg,53,easy,1,12932,Classification & Modeling
No1fcFHRlYfg,54,easy,1,15541,Classification & Modeling
No1fcFHRlYfg,55,easy,1,13161,Classification & Modeling
No1fcFHRlYfg,56,hard,0,29581,Classification & Modeling
No1fcFHRlYfg,57,easy,1,10081,Classification & Modeling
No1fcFHRlYfg,58,easy,1,16883,Classification & Modeling
No1fcFHRlYfg,59,easy,1,14427,Classification & Modeling
No1fcFHRlYfg,60,easy,1,15541,Classification & Modeling
Q7dfzHYyXvOT,31,medium,1,21549,Misc / Tools
Q7dfzHYyXvOT,32,medium,1,26504,Classification & Modeling
Q7dfzHYyXvOT,33,easy,1,12889,Data & Features
Q7dfzHYyXvOT,34,easy,1,12478,Data & Features
Q7dfzHYyXvOT,35,easy,1,12478,Data & Features
Q7dfzHYyXvOT,36,medium,1,20762,Data & Features
Q7dfzHYyXvOT,37,easy,1,17773,Classification & Modeling
Q7dfzHYyXvOT,38,hard,0,30680,Data & Features
Q7dfzHYyXvOT,39,easy,1,12441,Data & Features
Q7dfzHYyXvOT,40,easy,1,10975,Data & Features
Q7dfzHYyXvOT,41,easy,1,19197,Data & Features
Q7dfzHYyXvOT,42,easy,1,8697,Data & Features
Q7dfzHYyXvOT,43,medium,1,23428,Data & Features
Q7dfzHYyXvOT,44,easy,1,17785,Misc / Tools
Q7dfzHYyXvOT,45,hard,0,28681,Data & Features
Q7dfzHYyXvOT,46,easy,1,12441,Data & Features
Q7dfzHYyXvOT,47,hard,0,28210,Classification & Modeling
Q7dfzHYyXvOT,48,easy,1,16830,Classification & Modeling
Q7dfzHYyXvOT,49,hard,0,28681,Data & Features
Q7dfzHYyXvOT,50,easy,1,14075,Classification & Modeling
Q7dfzHYyXvOT,51,easy,0,20160,Classification & Modeling
Q7dfzHYyXvOT,52,easy,1,12865,Data & Features
Q7dfzHYyXvOT,53,easy,1,11251,Classification & Modeling
Q7dfzHYyXvOT,54,easy,1,13393,Classification & Modeling
Q7dfzHYyXvOT,55,easy,1,11450,Classification & Modeling
Q7dfzHYyXvOT,56,hard,0,28681,Classification & Modeling
Q7dfzHYyXvOT,57,easy,1,8697,Classification & Modeling
Q7dfzHYyXvOT,58,easy,1,14743,Classification & Modeling
Q7dfzHYyXvOT,59,easy,1,12306,Classification & Modeling
Q7dfzHYyXvOT,60,easy,1,13393,Classification & Modeling
VqXqgB6ructd,31,medium,1,28123,Misc / Tools
VqXqgB6ructd,32,medium,1,34116,Classification & Modeling
VqXqgB6ructd,33,easy,1,16628,Data & Features
VqXqgB6ructd,34,easy,1,16222,Data & Features
VqXqgB6ructd,35,easy,1,16222,Data & Features
VqXqgB6ructd,36,medium,1,27095,Data & Features
VqXqgB6ructd,37,easy,1,23498,Classification & Modeling
VqXqgB6ructd,38,hard,1,31213,Data & Features
VqXqgB6ructd,39,easy,1,16245,Data & Features
VqXqgB6ructd,40,easy,1,13999,Data & Features
VqXqgB6ructd,41,easy,0,31250,Data & Features
VqXqgB6ructd,42,easy,1,11094,Data & Features
VqXqgB6ructd,43,medium,1,30184,Data & Features
VqXqgB6ructd,44,easy,0,27616,Misc / Tools
VqXqgB6ructd,45,hard,0,25431,Data & Features
VqXqgB6ructd,46,easy,1,16245,Data & Features
VqXqgB6ructd,47,hard,0,25288,Classification & Modeling
VqXqgB6ructd,48,easy,1,22313,Classification & Modeling
VqXqgB6ructd,49,hard,0,25431,Data & Features
VqXqgB6ructd,50,easy,1,18300,Classification & Modeling
VqXqgB6ructd,51,easy,1,18300,Classification & Modeling
VqXqgB6ructd,52,easy,1,16800,Data & Features
VqXqgB6ructd,53,easy,1,14994,Classification & Modeling
VqXqgB6ructd,54,easy,1,17458,Classification & Modeling
VqXqgB6ructd,55,easy,1,15259,Classification & Modeling
VqXqgB6ructd,56,hard,0,25431,Classification & Modeling
VqXqgB6ructd,57,easy,1,11094,Classification & Modeling
VqXqgB6ructd,58,easy,1,18917,Classification & Modeling
VqXqgB6ructd,59,easy,1,15877,Classification & Modeling
VqXqgB6ructd,60,easy,1,17458,Classification & Modeling
vqNkppoZuHFA,31,medium,1,22712,Misc / Tools
vqNkppoZuHFA,32,medium,1,27918,Classification & Modeling
vqNkppoZuHFA,33,easy,1,14299,Data & Features
vqNkppoZuHFA,34,easy,1,14098,Data & Features
vqNkppoZuHFA,35,easy,1,14098,Data & Features
vqNkppoZuHFA,36,medium,1,21882,Data & Features
vqNkppoZuHFA,37,easy,1,20409,Classification & Modeling
vqNkppoZuHFA,38,hard,1,25347,Data & Features
vqNkppoZuHFA,39,easy,1,14174,Data & Features
vqNkppoZuHFA,40,easy,1,11662,Data & Features
vqNkppoZuHFA,41,easy,0,23950,Data & Features
vqNkppoZuHFA,42,easy,1,9241,Data & Features
vqNkppoZuHFA,43,medium,1,24700,Data & Features
vqNkppoZuHFA,44,easy,0,22996,Misc / Tools
vqNkppoZuHFA,45,hard,0,22240,Data & Features
vqNkppoZuHFA,46,easy,1,14174,Data & Features
vqNkppoZuHFA,47,hard,0,21314,Classification & Modeling
vqNkppoZuHFA,48,easy,1,19380,Classification & Modeling
vqNkppoZuHFA,49,hard,0,22240,Data & Features
vqNkppoZuHFA,50,easy,1,16033,Classification & Modeling
vqNkppoZuHFA,51,easy,1,16033,Classification & Modeling
vqNkppoZuHFA,52,easy,1,14639,Data & Features
vqNkppoZuHFA,53,easy,1,12490,Classification & Modeling
vqNkppoZuHFA,54,easy,1,15259,Classification & Modeling
vqNkppoZuHFA,55,easy,1,12711,Classification & Modeling
vqNkppoZuHFA,56,hard,0,22240,Classification & Modeling
vqNkppoZuHFA,57,easy,1,9241,Classification & Modeling
vqNkppoZuHFA,58,easy,1,16606,Classification & Modeling
vqNkppoZuHFA,59,easy,1,13653,Classification & Modeling
vqNkppoZuHFA,60,easy,1,15259,Classification & Modeling
hpYESXQ1czwb,31,medium,1,26098,Misc / Tools
hpYESXQ1czwb,32,medium,1,31660,Classification & Modeling
hpYESXQ1czwb,33,easy,1,15431,Data & Features
hpYESXQ1czwb,34,easy,1,15054,Data & Features
hpYESXQ1czwb,35,easy,1,15054,Data & Features
hpYESXQ1czwb,36,medium,1,25144,Data & Features
hpYESXQ1czwb,37,easy,1,21806,Classification & Modeling
hpYESXQ1czwb,38,hard,1,29324,Data & Features
hpYESXQ1czwb,39,easy,1,15076,Data & Features
hpYESXQ1czwb,40,easy,1,12991,Data & Features
hpYESXQ1czwb,41,easy,0,29535,Data & Features
hpYESXQ1czwb,42,easy,1,10295,Data & Features
hpYESXQ1czwb,43,medium,1,28011,Data & Features
hpYESXQ1czwb,44,easy,0,26100,Misc / Tools
hpYESXQ1czwb,45,hard,0,23808,Data & Features
hpYESXQ1czwb,46,easy,1,15076,Data & Features
hpYESXQ1czwb,47,hard,0,23674,Classification & Modeling
hpYESXQ1czwb,48,easy,1,20706,Classification & Modeling
hpYESXQ1czwb,49,hard,0,23808,Data & Features
hpYESXQ1czwb,50,easy,1,16983,Classification & Modeling
hpYESXQ1czwb,51,easy,1,16983,Classification & Modeling
hpYESXQ1czwb,52,easy,1,15590,Data & Features
hpYESXQ1czwb,53,easy,1,13914,Classification & Modeling
hpYESXQ1czwb,54,easy,1,16201,Classification & Modeling
hpYESXQ1czwb,55,easy,1,14160,Classification & Modeling
hpYESXQ1czwb,56,hard,0,23808,Classification & Modeling
hpYESXQ1czwb,57,easy,1,10295,Classification & Modeling
hpYESXQ1czwb,58,easy,1,17555,Classification & Modeling
hpYESXQ1czwb,59,easy,1,14734,Classification & Modeling
hpYESXQ1czwb,60,easy,1,16201,Classification & Modeling
pJCSXvZHMyH1,31,medium,1,26573,Misc / Tools
pJCSXvZHMyH1,32,medium,1,32236,Classification & Modeling
pJCSXvZHMyH1,33,easy,1,15712,Data & Features
pJCSXvZHMyH1,34,easy,1,15328,Data & Features
pJCSXvZHMyH1,35,easy,1,15328,Data & Features
pJCSXvZHMyH1,36,medium,1,25602,Data & Features
pJCSXvZHMyH1,37,easy,1,22203,Classification & Modeling
pJCSXvZHMyH1,38,hard,1,29493,Data & Features
pJCSXvZHMyH1,39,easy,1,15350,Data & Features
pJCSXvZHMyH1,40,easy,1,13228,Data & Features
pJCSXvZHMyH1,41,easy,0,30075,Data & Features
pJCSXvZHMyH1,42,easy,1,10483,Data & Features
pJCSXvZHMyH1,43,medium,1,28520,Data & Features
pJCSXvZHMyH1,44,easy,0,26578,Misc / Tools
pJCSXvZHMyH1,45,hard,0,24474,Data & Features
pJCSXvZHMyH1,46,easy,1,15350,Data & Features
pJCSXvZHMyH1,47,hard,0,24337,Classification & Modeling
pJCSXvZHMyH1,48,easy,1,21083,Classification & Modeling
pJCSXvZHMyH1,49,hard,0,24474,Data & Features
pJCSXvZHMyH1,50,easy,1,17292,Classification & Modeling
pJCSXvZHMyH1,51,easy,1,17292,Classification & Modeling
pJCSXvZHMyH1,52,easy,1,15874,Data & Features
pJCSXvZHMyH1,53,easy,1,14168,Classification & Modeling
pJCSXvZHMyH1,54,easy,1,16496,Classification & Modeling
pJCSXvZHMyH1,55,easy,1,14418,Classification & Modeling
pJCSXvZHMyH1,56,hard,0,24474,Classification & Modeling
pJCSXvZHMyH1,57,easy,1,10483,Classification & Modeling
pJCSXvZHMyH1,58,easy,1,17875,Classification & Modeling
pJCSXvZHMyH1,59,easy,1,15002,Classification & Modeling
pJCSXvZHMyH1,60,easy,1,16496,Classification & Modeling
Mr0bz3y2IHmW,31,medium,1,22904,Misc / Tools
Mr0bz3y2IHmW,32,medium,1,28154,Classification & Modeling
Mr0bz3y2IHmW,33,easy,1,13872,Data & Features
Mr0bz3y2IHmW,34,easy,1,13909,Data & Features
Mr0bz3y2IHmW,35,easy,1,13909,Data & Features
Mr0bz3y2IHmW,36,medium,1,22067,Data & Features
Mr0bz3y2IHmW,37,easy,0,23560,Classification & Modeling
Mr0bz3y2IHmW,38,hard,1,25561,Data & Features
Mr0bz3y2IHmW,39,easy,1,13984,Data & Features
Mr0bz3y2IHmW,40,easy,1,10690,Data & Features
Mr0bz3y2IHmW,41,easy,1,20943,Data & Features
Mr0bz3y2IHmW,42,easy,1,8472,Data & Features
Mr0bz3y2IHmW,43,medium,1,24908,Data & Features
Mr0bz3y2IHmW,44,easy,0,23190,Misc / Tools
Mr0bz3y2IHmW,45,hard,0,22427,Data & Features
Mr0bz3y2IHmW,46,easy,1,13984,Data & Features
Mr0bz3y2IHmW,47,hard,0,21494,Classification & Modeling
Mr0bz3y2IHmW,48,easy,1,19544,Classification & Modeling
Mr0bz3y2IHmW,49,hard,0,22427,Data & Features
Mr0bz3y2IHmW,50,easy,1,16169,Classification & Modeling
Mr0bz3y2IHmW,51,easy,1,16169,Classification & Modeling
Mr0bz3y2IHmW,52,easy,1,14662,Data & Features
Mr0bz3y2IHmW,53,easy,1,11450,Classification & Modeling
Mr0bz3y2IHmW,54,easy,1,15054,Classification & Modeling
Mr0bz3y2IHmW,55,easy,1,11653,Classification & Modeling
Mr0bz3y2IHmW,56,hard,0,22427,Classification & Modeling
Mr0bz3y2IHmW,57,easy,1,8472,Classification & Modeling
Mr0bz3y2IHmW,58,easy,1,16746,Classification & Modeling
Mr0bz3y2IHmW,59,easy,1,13246,Classification & Modeling
Mr0bz3y2IHmW,60,easy,1,15054,Classification & Modeling
1ggBjCxnkaT8,31,medium,1,26170,Misc / Tools
1ggBjCxnkaT8,32,medium,0,32605,Classification & Modeling
1ggBjCxnkaT8,33,easy,1,15092,Data & Features
1ggBjCxnkaT8,34,easy,1,15104,Data & Features
1ggBjCxnkaT8,35,easy,1,15104,Data & Features
1ggBjCxnkaT8,36,medium,1,25214,Data & Features
1ggBjCxnkaT8,37,easy,1,22577,Classification & Modeling
1ggBjCxnkaT8,38,hard,1,28926,Data & Features
1ggBjCxnkaT8,39,easy,1,15214,Data & Features
1ggBjCxnkaT8,40,easy,1,11615,Data & Features
1ggBjCxnkaT8,41,easy,1,23930,Data & Features
1ggBjCxnkaT8,42,easy,1,9274,Data & Features
1ggBjCxnkaT8,43,medium,1,28188,Data & Features
1ggBjCxnkaT8,44,easy,1,22335,Misc / Tools
1ggBjCxnkaT8,45,hard,0,25290,Data & Features
1ggBjCxnkaT8,46,easy,1,15214,Data & Features
1ggBjCxnkaT8,47,hard,0,24374,Classification & Modeling
1ggBjCxnkaT8,48,easy,1,21438,Classification & Modeling
1ggBjCxnkaT8,49,hard,0,25290,Data & Features
1ggBjCxnkaT8,50,easy,1,17590,Classification & Modeling
1ggBjCxnkaT8,51,easy,0,21935,Classification & Modeling
1ggBjCxnkaT8,52,easy,1,15951,Data & Features
1ggBjCxnkaT8,53,easy,1,12534,Classification & Modeling
1ggBjCxnkaT8,54,easy,1,17019,Classification & Modeling
1ggBjCxnkaT8,55,easy,1,12756,Classification & Modeling
1ggBjCxnkaT8,56,hard,0,25290,Classification & Modeling
1ggBjCxnkaT8,57,easy,1,9274,Classification & Modeling
1ggBjCxnkaT8,58,easy,1,18219,Classification & Modeling
1ggBjCxnkaT8,59,easy,1,14410,Classification & Modeling
1ggBjCxnkaT8,60,easy,1,17019,Classification & Modeling
2AQDG30NeIzY,31,medium,1,25329,Misc / Tools
2AQDG30NeIzY,32,medium,0,36878,Classification & Modeling
2AQDG30NeIzY,33,easy,1,15318,Data & Features
2AQDG30NeIzY,34,easy,1,14843,Data & Features
2AQDG30NeIzY,35,easy,1,14843,Data & Features
2AQDG30NeIzY,36,medium,1,24404,Data & Features
2AQDG30NeIzY,37,easy,1,21247,Classification & Modeling
2AQDG30NeIzY,38,hard,1,29846,Data & Features
2AQDG30NeIzY,39,easy,1,14799,Data & Features
2AQDG30NeIzY,40,easy,1,12896,Data & Features
2AQDG30NeIzY,41,easy,1,22564,Data & Features
2AQDG30NeIzY,42,easy,1,10220,Data & Features
2AQDG30NeIzY,43,medium,1,27537,Data & Features
2AQDG30NeIzY,44,easy,1,20905,Misc / Tools
2AQDG30NeIzY,45,hard,0,29993,Data & Features
2AQDG30NeIzY,46,easy,1,14799,Data & Features
2AQDG30NeIzY,47,hard,0,29825,Classification & Modeling
2AQDG30NeIzY,48,easy,1,20120,Classification & Modeling
2AQDG30NeIzY,49,hard,0,29993,Data & Features
2AQDG30NeIzY,50,easy,1,16742,Classification & Modeling
2AQDG30NeIzY,51,easy,1,16742,Classification & Modeling
2AQDG30NeIzY,52,easy,1,15304,Data & Features
2AQDG30NeIzY,53,easy,1,13110,Classification & Modeling
2AQDG30NeIzY,54,easy,1,15931,Classification & Modeling
2AQDG30NeIzY,55,easy,1,13342,Classification & Modeling
2AQDG30NeIzY,56,hard,0,29993,Classification & Modeling
2AQDG30NeIzY,57,easy,1,10220,Classification & Modeling
2AQDG30NeIzY,58,easy,1,17306,Classification & Modeling
2AQDG30NeIzY,59,easy,1,14626,Classification & Modeling
2AQDG30NeIzY,60,easy,1,15931,Classification & Modeling
5WCMaHHFn6WV,31,medium,1,26098,Misc / Tools
5WCMaHHFn6WV,32,medium,0,36627,Classification & Modeling
5WCMaHHFn6WV,33,easy,1,15431,Data & Features
5WCMaHHFn6WV,34,easy,1,15054,Data & Features
5WCMaHHFn6WV,35,easy,1,15054,Data & Features
5WCMaHHFn6WV,36,medium,1,25144,Data & Features
5WCMaHHFn6WV,37,easy,1,21806,Classification & Modeling
5WCMaHHFn6WV,38,hard,0,28856,Data & Features
5WCMaHHFn6WV,39,easy,1,15076,Data & Features
5WCMaHHFn6WV,40,easy,1,12991,Data & Features
5WCMaHHFn6WV,41,easy,1,23250,Data & Features
5WCMaHHFn6WV,42,easy,1,10295,Data & Features
5WCMaHHFn6WV,43,medium,1,28011,Data & Features
5WCMaHHFn6WV,44,easy,1,21559,Misc / Tools
5WCMaHHFn6WV,45,hard,0,23808,Data & Features
5WCMaHHFn6WV,46,easy,1,15076,Data & Features
5WCMaHHFn6WV,47,hard,0,23674,Classification & Modeling
5WCMaHHFn6WV,48,easy,1,20706,Classification & Modeling
5WCMaHHFn6WV,49,hard,0,23808,Data & Features
5WCMaHHFn6WV,50,easy,1,16983,Classification & Modeling
5WCMaHHFn6WV,51,easy,1,16983,Classification & Modeling
5WCMaHHFn6WV,52,easy,1,15590,Data & Features
5WCMaHHFn6WV,53,easy,1,13914,Classification & Modeling
5WCMaHHFn6WV,54,easy,1,16201,Classification & Modeling
5WCMaHHFn6WV,55,easy,1,14160,Classification & Modeling
5WCMaHHFn6WV,56,hard,0,23808,Classification & Modeling
5WCMaHHFn6WV,57,easy,1,10295,Classification & Modeling
5WCMaHHFn6WV,58,easy,1,17555,Classification & Modeling
5WCMaHHFn6WV,59,easy,1,14734,Classification & Modeling
5WCMaHHFn6WV,60,easy,1,16201,Classification & Modeling
TYE4dgTYGdCn,31,medium,0,32542,Misc / Tools
TYE4dgTYGdCn,32,medium,1,32236,Classification & Modeling
TYE4dgTYGdCn,33,easy,1,15712,Data & Features
TYE4dgTYGdCn,34,easy,1,15328,Data & Features
TYE4dgTYGdCn,35,easy,1,15328,Data & Features
TYE4dgTYGdCn,36,medium,1,25602,Data & Features
TYE4dgTYGdCn,37,easy,1,22203,Classification & Modeling
TYE4dgTYGdCn,38,hard,1,29493,Data & Features
TYE4dgTYGdCn,39,easy,1,15350,Data & Features
TYE4dgTYGdCn,40,easy,1,13228,Data & Features
TYE4dgTYGdCn,41,easy,0,30075,Data & Features
TYE4dgTYGdCn,42,easy,1,10483,Data & Features
TYE4dgTYGdCn,43,medium,1,28520,Data & Features
TYE4dgTYGdCn,44,easy,0,26578,Misc / Tools
TYE4dgTYGdCn,45,hard,0,24474,Data & Features
TYE4dgTYGdCn,46,easy,1,15350,Data & Features
TYE4dgTYGdCn,47,hard,0,24337,Classification & Modeling
TYE4dgTYGdCn,48,easy,1,21083,Classification & Modeling
TYE4dgTYGdCn,49,hard,0,24474,Data & Features
TYE4dgTYGdCn,50,easy,1,17292,Classification & Modeling
TYE4dgTYGdCn,51,easy,1,17292,Classification & Modeling
TYE4dgTYGdCn,52,easy,1,15874,Data & Features
TYE4dgTYGdCn,53,easy,1,14168,Classification & Modeling
TYE4dgTYGdCn,54,easy,1,16496,Classification & Modeling
TYE4dgTYGdCn,55,easy,1,14418,Classification & Modeling
TYE4dgTYGdCn,56,hard,0,24474,Classification & Modeling
TYE4dgTYGdCn,57,easy,1,10483,Classification & Modeling
TYE4dgTYGdCn,58,easy,1,17875,Classification & Modeling
TYE4dgTYGdCn,59,easy,1,15002,Classification & Modeling
TYE4dgTYGdCn,60,easy,1,16496,Classification & Modeling
VgoqnXYkjUhL,31,medium,1,23407,Misc / Tools
VgoqnXYkjUhL,32,medium,1,28888,Classification & Modeling
VgoqnXYkjUhL,33,easy,1,14139,Data & Features
VgoqnXYkjUhL,34,easy,1,13921,Data & Features
VgoqnXYkjUhL,35,easy,1,13921,Data & Features
VgoqnXYkjUhL,36,medium,1,22551,Data & Features
VgoqnXYkjUhL,37,easy,1,19770,Classification & Modeling
VgoqnXYkjUhL,38,hard,0,27122,Data & Features
VgoqnXYkjUhL,39,easy,1,13843,Data & Features
VgoqnXYkjUhL,40,easy,1,11903,Data & Features
VgoqnXYkjUhL,41,easy,0,27034,Data & Features
VgoqnXYkjUhL,42,easy,1,9433,Data & Features
VgoqnXYkjUhL,43,medium,1,25558,Data & Features
VgoqnXYkjUhL,44,easy,0,24034,Misc / Tools
VgoqnXYkjUhL,45,hard,0,20983,Data & Features
VgoqnXYkjUhL,46,easy,1,13843,Data & Features
VgoqnXYkjUhL,47,hard,0,20309,Classification & Modeling
VgoqnXYkjUhL,48,easy,1,18722,Classification & Modeling
VgoqnXYkjUhL,49,hard,0,20983,Data & Features
VgoqnXYkjUhL,50,easy,1,15661,Classification & Modeling
VgoqnXYkjUhL,51,easy,1,15661,Classification & Modeling
VgoqnXYkjUhL,52,easy,1,14315,Data & Features
VgoqnXYkjUhL,53,easy,1,12101,Classification & Modeling
VgoqnXYkjUhL,54,easy,1,14942,Classification & Modeling
VgoqnXYkjUhL,55,easy,1,12315,Classification & Modeling
VgoqnXYkjUhL,56,hard,0,20983,Classification & Modeling
VgoqnXYkjUhL,57,easy,1,9433,Classification & Modeling
VgoqnXYkjUhL,58,easy,1,16188,Classification & Modeling
VgoqnXYkjUhL,59,easy,1,13500,Classification & Modeling
VgoqnXYkjUhL,60,easy,1,14942,Classification & Modeling
DI3Mqi034afd,31,medium,1,24536,Misc / Tools
DI3Mqi034afd,32,medium,1,30178,Classification & Modeling
DI3Mqi034afd,33,easy,1,14562,Data & Features
DI3Mqi034afd,34,easy,1,14378,Data & Features
DI3Mqi034afd,35,easy,1,14378,Data & Features
DI3Mqi034afd,36,medium,1,23640,Data & Features
DI3Mqi034afd,37,easy,1,20581,Classification & Modeling
DI3Mqi034afd,38,hard,0,31440,Data & Features
DI3Mqi034afd,39,easy,1,14336,Data & Features
DI3Mqi034afd,40,easy,1,12260,Data & Features
DI3Mqi034afd,41,easy,0,28270,Data & Features
DI3Mqi034afd,42,easy,1,9715,Data & Features
DI3Mqi034afd,43,medium,1,26675,Data & Features
DI3Mqi034afd,44,easy,0,24960,Misc / Tools
DI3Mqi034afd,45,hard,0,29392,Data & Features
DI3Mqi034afd,46,easy,1,14336,Data & Features
DI3Mqi034afd,47,hard,0,28909,Classification & Modeling
DI3Mqi034afd,48,easy,1,19490,Classification & Modeling
DI3Mqi034afd,49,hard,0,29392,Data & Features
DI3Mqi034afd,50,easy,1,16218,Classification & Modeling
DI3Mqi034afd,51,easy,1,16218,Classification & Modeling
DI3Mqi034afd,52,easy,1,14825,Data & Features
DI3Mqi034afd,53,easy,1,12567,Classification & Modeling
DI3Mqi034afd,54,easy,1,15432,Classification & Modeling
DI3Mqi034afd,55,easy,1,12790,Classification & Modeling
DI3Mqi034afd,56,hard,0,29392,Classification & Modeling
DI3Mqi034afd,57,easy,1,9715,Classification & Modeling
DI3Mqi034afd,58,easy,1,16765,Classification & Modeling
DI3Mqi034afd,59,easy,1,13904,Classification & Modeling
DI3Mqi034afd,60,easy,1,15432,Classification & Modeling
Oc5QucHDsmjC,31,medium,1,22667,Misc / Tools
Oc5QucHDsmjC,32,medium,1,28065,Classification & Modeling
Oc5QucHDsmjC,33,easy,1,13452,Data & Features
Oc5QucHDsmjC,34,easy,1,13283,Data & Features
Oc5QucHDsmjC,35,easy,1,13283,Data & Features
Oc5QucHDsmjC,36,medium,1,21839,Data & Features
Oc5QucHDsmjC,37,easy,1,19014,Classification & Modeling
Oc5QucHDsmjC,38,hard,0,29239,Data & Features
Oc5QucHDsmjC,39,easy,1,13244,Data & Features
Oc5QucHDsmjC,40,easy,1,11326,Data & Features
Oc5QucHDsmjC,41,easy,0,26117,Data & Features
Oc5QucHDsmjC,42,easy,1,8975,Data & Features
Oc5QucHDsmjC,43,medium,1,24643,Data & Features
Oc5QucHDsmjC,44,easy,0,23058,Misc / Tools
Oc5QucHDsmjC,45,hard,0,27334,Data & Features
Oc5QucHDsmjC,46,easy,1,13244,Data & Features
Oc5QucHDsmjC,47,hard,0,26885,Classification & Modeling
Oc5QucHDsmjC,48,easy,1,18005,Classification & Modeling
Oc5QucHDsmjC,49,hard,0,27334,Data & Features
Oc5QucHDsmjC,50,easy,1,14983,Classification & Modeling
Oc5QucHDsmjC,51,easy,1,14983,Classification & Modeling
Oc5QucHDsmjC,52,easy,1,13696,Data & Features
Oc5QucHDsmjC,53,easy,1,11610,Classification & Modeling
Oc5QucHDsmjC,54,easy,1,14257,Classification & Modeling
Oc5QucHDsmjC,55,easy,1,11815,Classification & Modeling
Oc5QucHDsmjC,56,hard,0,27334,Classification & Modeling
Oc5QucHDsmjC,57,easy,1,8975,Classification & Modeling
Oc5QucHDsmjC,58,easy,1,15488,Classification & Modeling
Oc5QucHDsmjC,59,easy,1,12845,Classification & Modeling
Oc5QucHDsmjC,60,easy,1,14257,Classification & Modeling
vgAkx62M3oPn,31,medium,1,25721,Misc / Tools
vgAkx62M3oPn,32,medium,0,35576,Classification & Modeling
vgAkx62M3oPn,33,easy,1,15548,Data & Features
vgAkx62M3oPn,34,easy,1,15128,Data & Features
vgAkx62M3oPn,35,easy,1,15128,Data & Features
vgAkx62M3oPn,36,medium,0,29907,Data & Features
vgAkx62M3oPn,37,easy,1,21653,Classification & Modeling
vgAkx62M3oPn,38,hard,0,29296,Data & Features
vgAkx62M3oPn,39,easy,1,15124,Data & Features
vgAkx62M3oPn,40,easy,1,12900,Data & Features
vgAkx62M3oPn,41,easy,1,22913,Data & Features
vgAkx62M3oPn,42,easy,1,10223,Data & Features
vgAkx62M3oPn,43,medium,1,27605,Data & Features
vgAkx62M3oPn,44,easy,1,21408,Misc / Tools
vgAkx62M3oPn,45,hard,0,25796,Data & Features
vgAkx62M3oPn,46,easy,1,15124,Data & Features
vgAkx62M3oPn,47,hard,1,27287,Classification & Modeling
vgAkx62M3oPn,48,easy,1,20561,Classification & Modeling
vgAkx62M3oPn,49,hard,0,25796,Data & Features
vgAkx62M3oPn,50,easy,1,16911,Classification & Modeling
vgAkx62M3oPn,51,easy,1,16911,Classification & Modeling
vgAkx62M3oPn,52,easy,1,15640,Data & Features
vgAkx62M3oPn,53,easy,1,13817,Classification & Modeling
vgAkx62M3oPn,54,easy,1,16282,Classification & Modeling
vgAkx62M3oPn,55,easy,1,14061,Classification & Modeling
vgAkx62M3oPn,56,hard,0,25796,Classification & Modeling
vgAkx62M3oPn,57,easy,1,10223,Classification & Modeling
vgAkx62M3oPn,58,easy,1,17480,Classification & Modeling
vgAkx62M3oPn,59,easy,1,14845,Classification & Modeling
vgAkx62M3oPn,60,easy,1,16282,Classification & Modeling
nWRIo9XQJBPf,31,medium,0,33814,Misc / Tools
nWRIo9XQJBPf,32,medium,1,34116,Classification & Modeling
nWRIo9XQJBPf,33,easy,1,16628,Data & Features
nWRIo9XQJBPf,34,easy,1,16222,Data & Features
nWRIo9XQJBPf,35,easy,1,16222,Data & Features
nWRIo9XQJBPf,36,medium,0,32578,Data & Features
nWRIo9XQJBPf,37,easy,1,23498,Classification & Modeling
nWRIo9XQJBPf,38,hard,1,31213,Data & Features
nWRIo9XQJBPf,39,easy,1,16245,Data & Features
nWRIo9XQJBPf,40,easy,1,13999,Data & Features
nWRIo9XQJBPf,41,easy,1,25053,Data & Features
nWRIo9XQJBPf,42,easy,1,11094,Data & Features
nWRIo9XQJBPf,43,medium,1,30184,Data & Features
nWRIo9XQJBPf,44,easy,1,23232,Misc / Tools
nWRIo9XQJBPf,45,hard,0,25431,Data & Features
nWRIo9XQJBPf,46,easy,1,16245,Data & Features
nWRIo9XQJBPf,47,hard,1,29580,Classification & Modeling
nWRIo9XQJBPf,48,easy,0,26470,Classification & Modeling
nWRIo9XQJBPf,49,hard,0,25431,Data & Features
nWRIo9XQJBPf,50,easy,1,18300,Classification & Modeling
nWRIo9XQJBPf,51,easy,1,18300,Classification & Modeling
nWRIo9XQJBPf,52,easy,1,16800,Data & Features
nWRIo9XQJBPf,53,easy,1,14994,Classification & Modeling
nWRIo9XQJBPf,54,easy,1,17458,Classification & Modeling
nWRIo9XQJBPf,55,easy,1,15259,Classification & Modeling
nWRIo9XQJBPf,56,hard,0,25431,Classification & Modeling
nWRIo9XQJBPf,57,easy,1,11094,Classification & Modeling
nWRIo9XQJBPf,58,easy,1,18917,Classification & Modeling
nWRIo9XQJBPf,59,easy,1,15877,Classification & Modeling
nWRIo9XQJBPf,60,easy,1,17458,Classification & Modeling
0Hpj01paAdfZ,31,medium,1,24111,Misc / Tools
0Hpj01paAdfZ,32,medium,1,29072,Classification & Modeling
0Hpj01paAdfZ,33,easy,1,14173,Data & Features
0Hpj01paAdfZ,34,easy,1,14234,Data & Features
0Hpj01paAdfZ,35,easy,1,14234,Data & Features
0Hpj01paAdfZ,36,medium,1,23230,Data & Features
0Hpj01paAdfZ,37,easy,0,22110,Classification & Modeling
0Hpj01paAdfZ,38,hard,1,26395,Data & Features
0Hpj01paAdfZ,39,easy,1,14338,Data & Features
0Hpj01paAdfZ,40,easy,1,9762,Data & Features
0Hpj01paAdfZ,41,easy,0,22744,Data & Features
0Hpj01paAdfZ,42,easy,1,8227,Data & Features
0Hpj01paAdfZ,43,medium,0,25193,Data & Features
0Hpj01paAdfZ,44,easy,1,20828,Misc / Tools
0Hpj01paAdfZ,45,hard,0,19099,Data & Features
0Hpj01paAdfZ,46,easy,1,14338,Data & Features
0Hpj01paAdfZ,47,hard,0,19679,Classification & Modeling
0Hpj01paAdfZ,48,easy,1,20130,Classification & Modeling
0Hpj01paAdfZ,49,hard,0,19099,Data & Features
0Hpj01paAdfZ,50,easy,1,16554,Classification & Modeling
0Hpj01paAdfZ,51,easy,1,16554,Classification & Modeling
0Hpj01paAdfZ,52,easy,1,15032,Data & Features
0Hpj01paAdfZ,53,easy,1,11119,Classification & Modeling
0Hpj01paAdfZ,54,easy,1,16039,Classification & Modeling
0Hpj01paAdfZ,55,easy,1,11316,Classification & Modeling
0Hpj01paAdfZ,56,hard,0,19099,Classification & Modeling
0Hpj01paAdfZ,57,easy,1,8227,Classification & Modeling
0Hpj01paAdfZ,58,easy,1,17146,Classification & Modeling
0Hpj01paAdfZ,59,easy,0,14646,Classification & Modeling
0Hpj01paAdfZ,60,easy,1,16039,Classification & Modeling
P76XnTmOjZzU,31,medium,0,33814,Misc / Tools
P76XnTmOjZzU,32,medium,1,34116,Classification & Modeling
P76XnTmOjZzU,33,easy,1,16628,Data & Features
P76XnTmOjZzU,34,easy,1,16222,Data & Features
P76XnTmOjZzU,35,easy,1,16222,Data & Features
P76XnTmOjZzU,36,medium,1,27095,Data & Features
P76XnTmOjZzU,37,easy,1,23498,Classification & Modeling
P76XnTmOjZzU,38,hard,0,30533,Data & Features
P76XnTmOjZzU,39,easy,1,16245,Data & Features
P76XnTmOjZzU,40,easy,1,13999,Data & Features
P76XnTmOjZzU,41,easy,0,31250,Data & Features
P76XnTmOjZzU,42,easy,1,11094,Data & Features
P76XnTmOjZzU,43,medium,1,30184,Data & Features
P76XnTmOjZzU,44,easy,1,23232,Misc / Tools
P76XnTmOjZzU,45,hard,0,25431,Data & Features
P76XnTmOjZzU,46,easy,1,16245,Data & Features
P76XnTmOjZzU,47,hard,0,25288,Classification & Modeling
P76XnTmOjZzU,48,easy,1,22313,Classification & Modeling
P76XnTmOjZzU,49,hard,0,25431,Data & Features
P76XnTmOjZzU,50,easy,1,18300,Classification & Modeling
P76XnTmOjZzU,51,easy,1,18300,Classification & Modeling
P76XnTmOjZzU,52,easy,1,16800,Data & Features
P76XnTmOjZzU,53,easy,1,14994,Classification & Modeling
P76XnTmOjZzU,54,easy,1,17458,Classification & Modeling
P76XnTmOjZzU,55,easy,1,15259,Classification & Modeling
P76XnTmOjZzU,56,hard,0,25431,Classification & Modeling
P76XnTmOjZzU,57,easy,1,11094,Classification & Modeling
P76XnTmOjZzU,58,easy,1,18917,Classification & Modeling
P76XnTmOjZzU,59,easy,1,15877,Classification & Modeling
P76XnTmOjZzU,60,easy,1,17458,Classification & Modeling
jkDHRLkdOO06,31,medium,0,31958,Misc / Tools
jkDHRLkdOO06,32,medium,1,31660,Classification & Modeling
jkDHRLkdOO06,33,easy,1,15431,Data & Features
jkDHRLkdOO06,34,easy,1,15054,Data & Features
jkDHRLkdOO06,35,easy,1,15054,Data & Features
jkDHRLkdOO06,36,medium,1,25144,Data & Features
jkDHRLkdOO06,37,easy,1,21806,Classification & Modeling
jkDHRLkdOO06,38,hard,0,28856,Data & Features
jkDHRLkdOO06,39,easy,1,15076,Data & Features
jkDHRLkdOO06,40,easy,1,12991,Data & Features
jkDHRLkdOO06,41,easy,0,29535,Data & Features
jkDHRLkdOO06,42,easy,1,10295,Data & Features
jkDHRLkdOO06,43,medium,1,28011,Data & Features
jkDHRLkdOO06,44,easy,1,21559,Misc / Tools
jkDHRLkdOO06,45,hard,0,23808,Data & Features
jkDHRLkdOO06,46,easy,1,15076,Data & Features
jkDHRLkdOO06,47,hard,0,23674,Classification & Modeling
jkDHRLkdOO06,48,easy,1,20706,Classification & Modeling
jkDHRLkdOO06,49,hard,0,23808,Data & Features
jkDHRLkdOO06,50,easy,1,16983,Classification & Modeling
jkDHRLkdOO06,51,easy,1,16983,Classification & Modeling
jkDHRLkdOO06,52,easy,1,15590,Data & Features
jkDHRLkdOO06,53,easy,1,13914,Classification & Modeling
jkDHRLkdOO06,54,easy,1,16201,Classification & Modeling
jkDHRLkdOO06,55,easy,1,14160,Classification & Modeling
jkDHRLkdOO06,56,hard,0,23808,Classification & Modeling
jkDHRLkdOO06,57,easy,1,10295,Classification & Modeling
jkDHRLkdOO06,58,easy,1,17555,Classification & Modeling
jkDHRLkdOO06,59,easy,1,14734,Classification & Modeling
jkDHRLkdOO06,60,easy,1,16201,Classification & Modeling
cCanr1FJP4WP,31,medium,0,31958,Misc / Tools
cCanr1FJP4WP,32,medium,1,31660,Classification & Modeling
cCanr1FJP4WP,33,easy,1,15431,Data & Features
cCanr1FJP4WP,34,easy,1,15054,Data & Features
cCanr1FJP4WP,35,easy,1,15054,Data & Features
cCanr1FJP4WP,36,medium,1,25144,Data & Features
cCanr1FJP4WP,37,easy,1,21806,Classification & Modeling
cCanr1FJP4WP,38,hard,0,28856,Data & Features
cCanr1FJP4WP,39,easy,1,15076,Data & Features
cCanr1FJP4WP,40,easy,1,12991,Data & Features
cCanr1FJP4WP,41,easy,0,29535,Data & Features
cCanr1FJP4WP,42,easy,1,10295,Data & Features
cCanr1FJP4WP,43,medium,1,28011,Data & Features
cCanr1FJP4WP,44,easy,1,21559,Misc / Tools
cCanr1FJP4WP,45,hard,0,23808,Data & Features
cCanr1FJP4WP,46,easy,1,15076,Data & Features
cCanr1FJP4WP,47,hard,0,23674,Classification & Modeling
cCanr1FJP4WP,48,easy,1,20706,Classification & Modeling
cCanr1FJP4WP,49,hard,0,23808,Data & Features
cCanr1FJP4WP,50,easy,1,16983,Classification & Modeling
cCanr1FJP4WP,51,easy,1,16983,Classification & Modeling
cCanr1FJP4WP,52,easy,1,15590,Data & Features
cCanr1FJP4WP,53,easy,1,13914,Classification & Modeling
cCanr1FJP4WP,54,easy,1,16201,Classification & Modeling
cCanr1FJP4WP,55,easy,1,14160,Classification & Modeling
cCanr1FJP4WP,56,hard,0,23808,Classification & Modeling
cCanr1FJP4WP,57,easy,1,10295,Classification & Modeling
cCanr1FJP4WP,58,easy,1,17555,Classification & Modeling
cCanr1FJP4WP,59,easy,1,14734,Classification & Modeling
cCanr1FJP4WP,60,easy,1,16201,Classification & Modeling
CprL2LITeTET,31,medium,0,42931,Misc / Tools
CprL2LITeTET,32,medium,1,43565,Classification & Modeling
CprL2LITeTET,33,easy,1,23363,Data & Features
CprL2LITeTET,34,easy,1,22792,Data & Features
CprL2LITeTET,35,easy,1,22792,Data & Features
CprL2LITeTET,36,medium,1,37264,Data & Features
CprL2LITeTET,37,easy,1,31210,Classification & Modeling
CprL2LITeTET,38,hard,0,36410,Data & Features
CprL2LITeTET,39,easy,1,22825,Data & Features
CprL2LITeTET,40,easy,1,19669,Data & Features
CprL2LITeTET,41,easy,0,39676,Data & Features
CprL2LITeTET,42,easy,1,15587,Data & Features
CprL2LITeTET,43,medium,1,38544,Data & Features
CprL2LITeTET,44,easy,1,30856,Misc / Tools
CprL2LITeTET,45,hard,0,30040,Data & Features
CprL2LITeTET,46,easy,1,22825,Data & Features
CprL2LITeTET,47,hard,0,29871,Classification & Modeling
CprL2LITeTET,48,easy,1,29636,Classification & Modeling
CprL2LITeTET,49,hard,0,30040,Data & Features
CprL2LITeTET,50,easy,1,25712,Classification & Modeling
CprL2LITeTET,51,easy,1,25712,Classification & Modeling
CprL2LITeTET,52,easy,1,23604,Data & Features
CprL2LITeTET,53,easy,1,21066,Classification & Modeling
CprL2LITeTET,54,easy,1,24529,Classification & Modeling
CprL2LITeTET,55,easy,1,21439,Classification & Modeling
CprL2LITeTET,56,hard,0,30040,Classification & Modeling
CprL2LITeTET,57,easy,1,15587,Classification & Modeling
CprL2LITeTET,58,easy,1,26578,Classification & Modeling
CprL2LITeTET,59,easy,1,22307,Classification & Modeling
CprL2LITeTET,60,easy,1,24529,Classification & Modeling
wLeCyVvKyFT8,31,medium,0,25644,Misc / Tools
wLeCyVvKyFT8,32,medium,0,29562,Classification & Modeling
wLeCyVvKyFT8,33,easy,1,15322,Data & Features
wLeCyVvKyFT8,34,easy,1,14909,Data & Features
wLeCyVvKyFT8,35,easy,1,14909,Data & Features
wLeCyVvKyFT8,36,medium,1,22226,Data & Features
wLeCyVvKyFT8,37,easy,1,20730,Classification & Modeling
wLeCyVvKyFT8,38,hard,1,25746,Data & Features
wLeCyVvKyFT8,39,easy,1,14941,Data & Features
wLeCyVvKyFT8,40,easy,1,12713,Data & Features
wLeCyVvKyFT8,41,easy,1,21094,Data & Features
wLeCyVvKyFT8,42,easy,1,10075,Data & Features
wLeCyVvKyFT8,43,medium,0,26350,Data & Features
wLeCyVvKyFT8,44,easy,1,20370,Misc / Tools
wLeCyVvKyFT8,45,hard,0,22589,Data & Features
wLeCyVvKyFT8,46,easy,1,14941,Data & Features
wLeCyVvKyFT8,47,hard,0,21649,Classification & Modeling
wLeCyVvKyFT8,48,easy,1,19685,Classification & Modeling
wLeCyVvKyFT8,49,hard,0,22589,Data & Features
wLeCyVvKyFT8,50,easy,1,16446,Classification & Modeling
wLeCyVvKyFT8,51,easy,1,16446,Classification & Modeling
wLeCyVvKyFT8,52,easy,1,15359,Data & Features
wLeCyVvKyFT8,53,easy,1,13616,Classification & Modeling
wLeCyVvKyFT8,54,easy,1,16084,Classification & Modeling
wLeCyVvKyFT8,55,easy,1,13857,Classification & Modeling
wLeCyVvKyFT8,56,hard,0,22589,Classification & Modeling
wLeCyVvKyFT8,57,easy,1,10075,Classification & Modeling
wLeCyVvKyFT8,58,easy,1,17000,Classification & Modeling
wLeCyVvKyFT8,59,easy,1,14629,Classification & Modeling
wLeCyVvKyFT8,60,easy,1,16084,Classification & Modeling
w1PmKgj9FomZ,31,medium,1,26573,Misc / Tools
w1PmKgj9FomZ,32,medium,0,37297,Classification & Modeling
w1PmKgj9FomZ,33,easy,1,15712,Data & Features
w1PmKgj9FomZ,34,easy,1,15328,Data & Features
w1PmKgj9FomZ,35,easy,1,15328,Data & Features
w1PmKgj9FomZ,36,medium,1,25602,Data & Features
w1PmKgj9FomZ,37,easy,1,22203,Classification & Modeling
w1PmKgj9FomZ,38,hard,0,29384,Data & Features
w1PmKgj9FomZ,39,easy,1,15350,Data & Features
w1PmKgj9FomZ,40,easy,1,13228,Data & Features
w1PmKgj9FomZ,41,easy,1,23673,Data & Features
w1PmKgj9FomZ,42,easy,1,10483,Data & Features
w1PmKgj9FomZ,43,medium,0,33244,Data & Features
w1PmKgj9FomZ,44,easy,1,21952,Misc / Tools
w1PmKgj9FomZ,45,hard,0,24474,Data & Features
w1PmKgj9FomZ,46,easy,1,15350,Data & Features
w1PmKgj9FomZ,47,hard,0,24337,Classification & Modeling
w1PmKgj9FomZ,48,easy,1,21083,Classification & Modeling
w1PmKgj9FomZ,49,hard,0,24474,Data & Features
w1PmKgj9FomZ,50,easy,1,17292,Classification & Modeling
w1PmKgj9FomZ,51,easy,1,17292,Classification & Modeling
w1PmKgj9FomZ,52,easy,1,15874,Data & Features
w1PmKgj9FomZ,53,easy,1,14168,Classification & Modeling
w1PmKgj9FomZ,54,easy,1,16496,Classification & Modeling
w1PmKgj9FomZ,55,easy,1,14418,Classification & Modeling
w1PmKgj9FomZ,56,hard,0,24474,Classification & Modeling
w1PmKgj9FomZ,57,easy,1,10483,Classification & Modeling
w1PmKgj9FomZ,58,easy,1,17875,Classification & Modeling
w1PmKgj9FomZ,59,easy,1,15002,Classification & Modeling
w1PmKgj9FomZ,60,easy,1,16496,Classification & Modeling
OHaSXzUdzChO,31,medium,1,25199,Misc / Tools
OHaSXzUdzChO,32,medium,0,34102,Classification & Modeling
OHaSXzUdzChO,33,easy,1,15677,Data & Features
OHaSXzUdzChO,34,easy,1,15254,Data & Features
OHaSXzUdzChO,35,easy,1,15254,Data & Features
OHaSXzUdzChO,36,medium,1,24278,Data & Features
OHaSXzUdzChO,37,easy,1,21543,Classification & Modeling
OHaSXzUdzChO,38,hard,0,28783,Data & Features
OHaSXzUdzChO,39,easy,1,15250,Data & Features
OHaSXzUdzChO,40,easy,1,13008,Data & Features
OHaSXzUdzChO,41,easy,1,22448,Data & Features
OHaSXzUdzChO,42,easy,1,10308,Data & Features
OHaSXzUdzChO,43,medium,0,30397,Data & Features
OHaSXzUdzChO,44,easy,1,21300,Misc / Tools
OHaSXzUdzChO,45,hard,0,25345,Data & Features
OHaSXzUdzChO,46,easy,1,15250,Data & Features
OHaSXzUdzChO,47,hard,0,24290,Classification & Modeling
OHaSXzUdzChO,48,easy,1,20457,Classification & Modeling
OHaSXzUdzChO,49,hard,0,25345,Data & Features
OHaSXzUdzChO,50,easy,1,17051,Classification & Modeling
OHaSXzUdzChO,51,easy,1,17051,Classification & Modeling
OHaSXzUdzChO,52,easy,1,15770,Data & Features
OHaSXzUdzChO,53,easy,1,13932,Classification & Modeling
OHaSXzUdzChO,54,easy,1,16417,Classification & Modeling
OHaSXzUdzChO,55,easy,1,14178,Classification & Modeling
OHaSXzUdzChO,56,hard,0,25345,Classification & Modeling
OHaSXzUdzChO,57,easy,1,10308,Classification & Modeling
OHaSXzUdzChO,58,easy,1,17392,Classification & Modeling
OHaSXzUdzChO,59,easy,1,14968,Classification & Modeling
OHaSXzUdzChO,60,easy,1,16417,Classification & Modeling
C6BcTLw4mOKQ,31,medium,1,26573,Misc / Tools
C6BcTLw4mOKQ,32,medium,0,37297,Classification & Modeling
C6BcTLw4mOKQ,33,easy,1,15712,Data & Features
C6BcTLw4mOKQ,34,easy,1,15328,Data & Features
C6BcTLw4mOKQ,35,easy,1,15328,Data & Features
C6BcTLw4mOKQ,36,medium,1,25602,Data & Features
C6BcTLw4mOKQ,37,easy,1,22203,Classification & Modeling
C6BcTLw4mOKQ,38,hard,0,29384,Data & Features
C6BcTLw4mOKQ,39,easy,1,15350,Data & Features
C6BcTLw4mOKQ,40,easy,1,13228,Data & Features
C6BcTLw4mOKQ,41,easy,1,23673,Data & Features
C6BcTLw4mOKQ,42,easy,1,10483,Data & Features
C6BcTLw4mOKQ,43,medium,0,33244,Data & Features
C6BcTLw4mOKQ,44,easy,1,21952,Misc / Tools
C6BcTLw4mOKQ,45,hard,0,24474,Data & Features
C6BcTLw4mOKQ,46,easy,1,15350,Data & Features
C6BcTLw4mOKQ,47,hard,0,24337,Classification & Modeling
C6BcTLw4mOKQ,48,easy,1,21083,Classification & Modeling
C6BcTLw4mOKQ,49,hard,0,24474,Data & Features
C6BcTLw4mOKQ,50,easy,1,17292,Classification & Modeling
C6BcTLw4mOKQ,51,easy,1,17292,Classification & Modeling
C6BcTLw4mOKQ,52,easy,1,15874,Data & Features
C6BcTLw4mOKQ,53,easy,1,14168,Classification & Modeling
C6BcTLw4mOKQ,54,easy,1,16496,Classification & Modeling
C6BcTLw4mOKQ,55,easy,1,14418,Classification & Modeling
C6BcTLw4mOKQ,56,hard,0,24474,Classification & Modeling
C6BcTLw4mOKQ,57,easy,1,10483,Classification & Modeling
C6BcTLw4mOKQ,58,easy,1,17875,Classification & Modeling
C6BcTLw4mOKQ,59,easy,1,15002,Classification & Modeling
C6BcTLw4mOKQ,60,easy,1,16496,Classification & Modeling
tZNKhSZpzqOT,31,medium,0,29755,Misc / Tools
tZNKhSZpzqOT,32,medium,1,30569,Classification & Modeling
tZNKhSZpzqOT,33,easy,1,15677,Data & Features
tZNKhSZpzqOT,34,easy,0,20768,Data & Features
tZNKhSZpzqOT,35,easy,1,15254,Data & Features
tZNKhSZpzqOT,36,medium,1,24278,Data & Features
tZNKhSZpzqOT,37,easy,1,21543,Classification & Modeling
tZNKhSZpzqOT,38,hard,0,28783,Data & Features
tZNKhSZpzqOT,39,easy,1,15250,Data & Features
tZNKhSZpzqOT,40,easy,1,13008,Data & Features
tZNKhSZpzqOT,41,easy,1,22448,Data & Features
tZNKhSZpzqOT,42,easy,1,10308,Data & Features
tZNKhSZpzqOT,43,medium,1,27045,Data & Features
tZNKhSZpzqOT,44,easy,1,21300,Misc / Tools
tZNKhSZpzqOT,45,hard,0,25345,Data & Features
tZNKhSZpzqOT,46,easy,1,15250,Data & Features
tZNKhSZpzqOT,47,hard,0,24290,Classification & Modeling
tZNKhSZpzqOT,48,easy,1,20457,Classification & Modeling
tZNKhSZpzqOT,49,hard,0,25345,Data & Features
tZNKhSZpzqOT,50,easy,1,17051,Classification & Modeling
tZNKhSZpzqOT,51,easy,1,17051,Classification & Modeling
tZNKhSZpzqOT,52,easy,1,15770,Data & Features
tZNKhSZpzqOT,53,easy,1,13932,Classification & Modeling
tZNKhSZpzqOT,54,easy,1,16417,Classification & Modeling
tZNKhSZpzqOT,55,easy,1,14178,Classification & Modeling
tZNKhSZpzqOT,56,hard,0,25345,Classification & Modeling
tZNKhSZpzqOT,57,easy,1,10308,Classification & Modeling
tZNKhSZpzqOT,58,easy,1,17392,Classification & Modeling
tZNKhSZpzqOT,59,easy,1,14968,Classification & Modeling
tZNKhSZpzqOT,60,easy,1,16417,Classification & Modeling
RM55e8d3Jbjm,31,medium,1,22670,Misc / Tools
RM55e8d3Jbjm,32,medium,0,29050,Classification & Modeling
RM55e8d3Jbjm,33,easy,1,13731,Data & Features
RM55e8d3Jbjm,34,easy,1,13767,Data & Features
RM55e8d3Jbjm,35,easy,1,13767,Data & Features
RM55e8d3Jbjm,36,medium,1,21841,Data & Features
RM55e8d3Jbjm,37,easy,1,20371,Classification & Modeling
RM55e8d3Jbjm,38,hard,1,25300,Data & Features
RM55e8d3Jbjm,39,easy,1,13841,Data & Features
RM55e8d3Jbjm,40,easy,1,10581,Data & Features
RM55e8d3Jbjm,41,easy,1,20729,Data & Features
RM55e8d3Jbjm,42,easy,1,8385,Data & Features
RM55e8d3Jbjm,43,medium,0,25894,Data & Features
RM55e8d3Jbjm,44,easy,1,20018,Misc / Tools
RM55e8d3Jbjm,45,hard,0,22198,Data & Features
RM55e8d3Jbjm,46,easy,1,13841,Data & Features
RM55e8d3Jbjm,47,hard,0,21274,Classification & Modeling
RM55e8d3Jbjm,48,easy,1,19344,Classification & Modeling
RM55e8d3Jbjm,49,hard,0,22198,Data & Features
RM55e8d3Jbjm,50,easy,1,16003,Classification & Modeling
RM55e8d3Jbjm,51,easy,1,16003,Classification & Modeling
RM55e8d3Jbjm,52,easy,1,14512,Data & Features
RM55e8d3Jbjm,53,easy,1,11333,Classification & Modeling
RM55e8d3Jbjm,54,easy,1,14900,Classification & Modeling
RM55e8d3Jbjm,55,easy,1,11534,Classification & Modeling
RM55e8d3Jbjm,56,hard,0,22198,Classification & Modeling
RM55e8d3Jbjm,57,easy,0,9841,Classification & Modeling
RM55e8d3Jbjm,58,easy,1,16575,Classification & Modeling
RM55e8d3Jbjm,59,easy,1,13110,Classification & Modeling
RM55e8d3Jbjm,60,easy,1,14900,Classification & Modeling
CyGywfdJf5VZ,31,medium,1,19928,Misc / Tools
CyGywfdJf5VZ,32,medium,1,24672,Classification & Modeling
CyGywfdJf5VZ,33,easy,1,12281,Data & Features
CyGywfdJf5VZ,34,easy,1,12228,Data & Features
CyGywfdJf5VZ,35,easy,1,12228,Data & Features
CyGywfdJf5VZ,36,medium,1,19200,Data & Features
CyGywfdJf5VZ,37,easy,1,18415,Classification & Modeling
CyGywfdJf5VZ,38,hard,0,22271,Data & Features
CyGywfdJf5VZ,39,easy,1,12453,Data & Features
CyGywfdJf5VZ,40,easy,1,9393,Data & Features
CyGywfdJf5VZ,41,easy,1,18222,Data & Features
CyGywfdJf5VZ,42,easy,1,7500,Data & Features
CyGywfdJf5VZ,43,medium,0,22926,Data & Features
CyGywfdJf5VZ,44,easy,0,20593,Misc / Tools
CyGywfdJf5VZ,45,hard,0,19120,Data & Features
CyGywfdJf5VZ,46,easy,1,12453,Data & Features
CyGywfdJf5VZ,47,hard,0,18324,Classification & Modeling
CyGywfdJf5VZ,48,easy,1,17486,Classification & Modeling
CyGywfdJf5VZ,49,hard,0,19120,Data & Features
CyGywfdJf5VZ,50,easy,1,14398,Classification & Modeling
CyGywfdJf5VZ,51,easy,1,14398,Classification & Modeling
CyGywfdJf5VZ,52,easy,1,13056,Data & Features
CyGywfdJf5VZ,53,easy,1,10136,Classification & Modeling
CyGywfdJf5VZ,54,easy,1,13406,Classification & Modeling
CyGywfdJf5VZ,55,easy,1,10316,Classification & Modeling
CyGywfdJf5VZ,56,hard,0,19120,Classification & Modeling
CyGywfdJf5VZ,57,easy,1,7500,Classification & Modeling
CyGywfdJf5VZ,58,easy,0,19030,Classification & Modeling
CyGywfdJf5VZ,59,easy,1,11726,Classification & Modeling
CyGywfdJf5VZ,60,easy,1,13406,Classification & Modeling
R8OVhINU7nka,31,medium,1,25721,Misc / Tools
R8OVhINU7nka,32,medium,1,31202,Classification & Modeling
R8OVhINU7nka,33,easy,1,15548,Data & Features
R8OVhINU7nka,34,easy,1,15128,Data & Features
R8OVhINU7nka,35,easy,1,15128,Data & Features
R8OVhINU7nka,36,medium,0,29907,Data & Features
R8OVhINU7nka,37,easy,0,25648,Classification & Modeling
R8OVhINU7nka,38,hard,0,29296,Data & Features
R8OVhINU7nka,39,easy,1,15124,Data & Features
R8OVhINU7nka,40,easy,1,12900,Data & Features
R8OVhINU7nka,41,easy,1,22913,Data & Features
R8OVhINU7nka,42,easy,1,10223,Data & Features
R8OVhINU7nka,43,medium,0,31711,Data & Features
R8OVhINU7nka,44,easy,1,21408,Misc / Tools
R8OVhINU7nka,45,hard,0,25796,Data & Features
R8OVhINU7nka,46,easy,1,15124,Data & Features
R8OVhINU7nka,47,hard,0,24722,Classification & Modeling
R8OVhINU7nka,48,easy,1,20561,Classification & Modeling
R8OVhINU7nka,49,hard,0,25796,Data & Features
R8OVhINU7nka,50,easy,1,16911,Classification & Modeling
R8OVhINU7nka,51,easy,1,16911,Classification & Modeling
R8OVhINU7nka,52,easy,1,15640,Data & Features
R8OVhINU7nka,53,easy,1,13817,Classification & Modeling
R8OVhINU7nka,54,easy,1,16282,Classification & Modeling
R8OVhINU7nka,55,easy,1,14061,Classification & Modeling
R8OVhINU7nka,56,hard,0,25796,Classification & Modeling
R8OVhINU7nka,57,easy,1,10223,Classification & Modeling
R8OVhINU7nka,58,easy,1,17480,Classification & Modeling
R8OVhINU7nka,59,easy,1,14845,Classification & Modeling
R8OVhINU7nka,60,easy,1,16282,Classification & Modeling
6k8WibIW0Img,31,medium,1,26098,Misc / Tools
6k8WibIW0Img,32,medium,0,36627,Classification & Modeling
6k8WibIW0Img,33,easy,1,15431,Data & Features
6k8WibIW0Img,34,easy,1,15054,Data & Features
6k8WibIW0Img,35,easy,1,15054,Data & Features
6k8WibIW0Img,36,medium,1,25144,Data & Features
6k8WibIW0Img,37,easy,1,21806,Classification & Modeling
6k8WibIW0Img,38,hard,0,28856,Data & Features
6k8WibIW0Img,39,easy,1,15076,Data & Features
6k8WibIW0Img,40,easy,1,12991,Data & Features
6k8WibIW0Img,41,easy,1,23250,Data & Features
6k8WibIW0Img,42,easy,1,10295,Data & Features
6k8WibIW0Img,43,medium,1,28011,Data & Features
6k8WibIW0Img,44,easy,1,21559,Misc / Tools
6k8WibIW0Img,45,hard,0,23808,Data & Features
6k8WibIW0Img,46,easy,1,15076,Data & Features
6k8WibIW0Img,47,hard,0,23674,Classification & Modeling
6k8WibIW0Img,48,easy,1,20706,Classification & Modeling
6k8WibIW0Img,49,hard,0,23808,Data & Features
6k8WibIW0Img,50,easy,1,16983,Classification & Modeling
6k8WibIW0Img,51,easy,0,23303,Classification & Modeling
6k8WibIW0Img,52,easy,1,15590,Data & Features
6k8WibIW0Img,53,easy,1,13914,Classification & Modeling
6k8WibIW0Img,54,easy,1,16201,Classification & Modeling
6k8WibIW0Img,55,easy,1,14160,Classification & Modeling
6k8WibIW0Img,56,hard,0,23808,Classification & Modeling
6k8WibIW0Img,57,easy,1,10295,Classification & Modeling
6k8WibIW0Img,58,easy,1,17555,Classification & Modeling
6k8WibIW0Img,59,easy,1,14734,Classification & Modeling
6k8WibIW0Img,60,easy,1,16201,Classification & Modeling
SOvsRqc7VPKI,31,medium,1,26098,Misc / Tools
SOvsRqc7VPKI,32,medium,0,36627,Classification & Modeling
SOvsRqc7VPKI,33,easy,1,15431,Data & Features
SOvsRqc7VPKI,34,easy,1,15054,Data & Features
SOvsRqc7VPKI,35,easy,1,15054,Data & Features
SOvsRqc7VPKI,36,medium,1,25144,Data & Features
SOvsRqc7VPKI,37,easy,1,21806,Classification & Modeling
SOvsRqc7VPKI,38,hard,0,28856,Data & Features
SOvsRqc7VPKI,39,easy,1,15076,Data & Features
SOvsRqc7VPKI,40,easy,1,12991,Data & Features
SOvsRqc7VPKI,41,easy,1,23250,Data & Features
SOvsRqc7VPKI,42,easy,1,10295,Data & Features
SOvsRqc7VPKI,43,medium,1,28011,Data & Features
SOvsRqc7VPKI,44,easy,1,21559,Misc / Tools
SOvsRqc7VPKI,45,hard,0,23808,Data & Features
SOvsRqc7VPKI,46,easy,1,15076,Data & Features
SOvsRqc7VPKI,47,hard,0,23674,Classification & Modeling
SOvsRqc7VPKI,48,easy,1,20706,Classification & Modeling
SOvsRqc7VPKI,49,hard,0,23808,Data & Features
SOvsRqc7VPKI,50,easy,1,16983,Classification & Modeling
SOvsRqc7VPKI,51,easy,0,23303,Classification & Modeling
SOvsRqc7VPKI,52,easy,1,15590,Data & Features
SOvsRqc7VPKI,53,easy,1,13914,Classification & Modeling
SOvsRqc7VPKI,54,easy,1,16201,Classification & Modeling
SOvsRqc7VPKI,55,easy,1,14160,Classification & Modeling
SOvsRqc7VPKI,56,hard,0,23808,Classification & Modeling
SOvsRqc7VPKI,57,easy,1,10295,Classification & Modeling
SOvsRqc7VPKI,58,easy,1,17555,Classification & Modeling
SOvsRqc7VPKI,59,easy,1,14734,Classification & Modeling
SOvsRqc7VPKI,60,easy,1,16201,Classification & Modeling
RjR3B2X554Pn,31,medium,1,27836,Misc / Tools
RjR3B2X554Pn,32,medium,0,32785,Classification & Modeling
RjR3B2X554Pn,33,easy,1,16418,Data & Features
RjR3B2X554Pn,34,easy,1,16430,Data & Features
RjR3B2X554Pn,35,easy,1,16430,Data & Features
RjR3B2X554Pn,36,medium,1,26818,Data & Features
RjR3B2X554Pn,37,easy,0,25052,Classification & Modeling
RjR3B2X554Pn,38,hard,0,28388,Data & Features
RjR3B2X554Pn,39,easy,1,16550,Data & Features
RjR3B2X554Pn,40,easy,1,12635,Data & Features
RjR3B2X554Pn,41,easy,1,25453,Data & Features
RjR3B2X554Pn,42,easy,1,10088,Data & Features
RjR3B2X554Pn,43,medium,0,29222,Data & Features
RjR3B2X554Pn,44,easy,1,23757,Misc / Tools
RjR3B2X554Pn,45,hard,0,25750,Data & Features
RjR3B2X554Pn,46,easy,0,18561,Data & Features
RjR3B2X554Pn,47,hard,1,29649,Classification & Modeling
RjR3B2X554Pn,48,easy,1,22802,Classification & Modeling
RjR3B2X554Pn,49,hard,0,25750,Data & Features
RjR3B2X554Pn,50,easy,1,19135,Classification & Modeling
RjR3B2X554Pn,51,easy,1,19135,Classification & Modeling
RjR3B2X554Pn,52,easy,1,17352,Data & Features
RjR3B2X554Pn,53,easy,1,13635,Classification & Modeling
RjR3B2X554Pn,54,easy,1,18515,Classification & Modeling
RjR3B2X554Pn,55,easy,1,13876,Classification & Modeling
RjR3B2X554Pn,56,hard,0,25750,Classification & Modeling
RjR3B2X554Pn,57,easy,1,10088,Classification & Modeling
RjR3B2X554Pn,58,easy,1,19819,Classification & Modeling
RjR3B2X554Pn,59,easy,1,15676,Classification & Modeling
RjR3B2X554Pn,60,easy,1,18515,Classification & Modeling
o2VbFpgtLwG2,31,medium,1,27836,Misc / Tools
o2VbFpgtLwG2,32,medium,1,33888,Classification & Modeling
o2VbFpgtLwG2,33,easy,1,16418,Data & Features
o2VbFpgtLwG2,34,easy,1,16430,Data & Features
o2VbFpgtLwG2,35,easy,1,16430,Data & Features
o2VbFpgtLwG2,36,medium,0,27169,Data & Features
o2VbFpgtLwG2,37,easy,0,25052,Classification & Modeling
o2VbFpgtLwG2,38,hard,0,28388,Data & Features
o2VbFpgtLwG2,39,easy,1,16550,Data & Features
o2VbFpgtLwG2,40,easy,1,12635,Data & Features
o2VbFpgtLwG2,41,easy,1,25453,Data & Features
o2VbFpgtLwG2,42,easy,1,10088,Data & Features
o2VbFpgtLwG2,43,medium,1,29982,Data & Features
o2VbFpgtLwG2,44,easy,1,23757,Misc / Tools
o2VbFpgtLwG2,45,hard,0,25750,Data & Features
o2VbFpgtLwG2,46,easy,1,16550,Data & Features
o2VbFpgtLwG2,47,hard,0,24817,Classification & Modeling
o2VbFpgtLwG2,48,easy,1,22802,Classification & Modeling
o2VbFpgtLwG2,49,hard,0,25750,Data & Features
o2VbFpgtLwG2,50,easy,1,19135,Classification & Modeling
o2VbFpgtLwG2,51,easy,1,19135,Classification & Modeling
o2VbFpgtLwG2,52,easy,1,17352,Data & Features
o2VbFpgtLwG2,53,easy,1,13635,Classification & Modeling
o2VbFpgtLwG2,54,easy,1,18515,Classification & Modeling
o2VbFpgtLwG2,55,easy,1,13876,Classification & Modeling
o2VbFpgtLwG2,56,hard,0,25750,Classification & Modeling
o2VbFpgtLwG2,57,easy,1,10088,Classification & Modeling
o2VbFpgtLwG2,58,easy,1,19819,Classification & Modeling
o2VbFpgtLwG2,59,easy,1,15676,Classification & Modeling
o2VbFpgtLwG2,60,easy,1,18515,Classification & Modeling
QJyEL3O7YA2f,31,medium,1,28123,Misc / Tools
QJyEL3O7YA2f,32,medium,1,34116,Classification & Modeling
QJyEL3O7YA2f,33,easy,1,16628,Data & Features
QJyEL3O7YA2f,34,easy,1,16222,Data & Features
QJyEL3O7YA2f,35,easy,1,16222,Data & Features
QJyEL3O7YA2f,36,medium,1,27095,Data & Features
QJyEL3O7YA2f,37,easy,1,23498,Classification & Modeling
QJyEL3O7YA2f,38,hard,0,30533,Data & Features
QJyEL3O7YA2f,39,easy,1,16245,Data & Features
QJyEL3O7YA2f,40,easy,1,13999,Data & Features
QJyEL3O7YA2f,41,easy,1,25053,Data & Features
QJyEL3O7YA2f,42,easy,1,11094,Data & Features
QJyEL3O7YA2f,43,medium,1,30184,Data & Features
QJyEL3O7YA2f,44,easy,1,23232,Misc / Tools
QJyEL3O7YA2f,45,hard,0,25431,Data & Features
QJyEL3O7YA2f,46,easy,1,16245,Data & Features
QJyEL3O7YA2f,47,hard,0,25288,Classification & Modeling
QJyEL3O7YA2f,48,easy,1,22313,Classification & Modeling
QJyEL3O7YA2f,49,hard,0,25431,Data & Features
QJyEL3O7YA2f,50,easy,1,18300,Classification & Modeling
QJyEL3O7YA2f,51,easy,1,18300,Classification & Modeling
QJyEL3O7YA2f,52,easy,1,16800,Data & Features
QJyEL3O7YA2f,53,easy,1,14994,Classification & Modeling
QJyEL3O7YA2f,54,easy,1,17458,Classification & Modeling
QJyEL3O7YA2f,55,easy,1,15259,Classification & Modeling
QJyEL3O7YA2f,56,hard,0,25431,Classification & Modeling
QJyEL3O7YA2f,57,easy,1,11094,Classification & Modeling
QJyEL3O7YA2f,58,easy,1,18917,Classification & Modeling
QJyEL3O7YA2f,59,easy,1,15877,Classification & Modeling
QJyEL3O7YA2f,60,easy,1,17458,Classification & Modeling
tmTN8RB25aRn,31,medium,1,25329,Misc / Tools
tmTN8RB25aRn,32,medium,0,36878,Classification & Modeling
tmTN8RB25aRn,33,easy,1,15318,Data & Features
tmTN8RB25aRn,34,easy,1,14843,Data & Features
tmTN8RB25aRn,35,easy,1,14843,Data & Features
tmTN8RB25aRn,36,medium,1,24404,Data & Features
tmTN8RB25aRn,37,easy,1,21247,Classification & Modeling
tmTN8RB25aRn,38,hard,0,32436,Data & Features
tmTN8RB25aRn,39,easy,1,14799,Data & Features
tmTN8RB25aRn,40,easy,1,12896,Data & Features
tmTN8RB25aRn,41,easy,1,22564,Data & Features
tmTN8RB25aRn,42,easy,1,10220,Data & Features
tmTN8RB25aRn,43,medium,0,32604,Data & Features
tmTN8RB25aRn,44,easy,1,20905,Misc / Tools
tmTN8RB25aRn,45,hard,0,29993,Data & Features
tmTN8RB25aRn,46,easy,1,14799,Data & Features
tmTN8RB25aRn,47,hard,0,29825,Classification & Modeling
tmTN8RB25aRn,48,easy,1,20120,Classification & Modeling
tmTN8RB25aRn,49,hard,0,29993,Data & Features
tmTN8RB25aRn,50,easy,1,16742,Classification & Modeling
tmTN8RB25aRn,51,easy,1,16742,Classification & Modeling
tmTN8RB25aRn,52,easy,1,15304,Data & Features
tmTN8RB25aRn,53,easy,1,13110,Classification & Modeling
tmTN8RB25aRn,54,easy,1,15931,Classification & Modeling
tmTN8RB25aRn,55,easy,1,13342,Classification & Modeling
tmTN8RB25aRn,56,hard,0,29993,Classification & Modeling
tmTN8RB25aRn,57,easy,1,10220,Classification & Modeling
tmTN8RB25aRn,58,easy,1,17306,Classification & Modeling
tmTN8RB25aRn,59,easy,1,14626,Classification & Modeling
tmTN8RB25aRn,60,easy,1,15931,Classification & Modeling
m7l9wOWJlnvS,31,medium,0,31958,Misc / Tools
m7l9wOWJlnvS,32,medium,1,31660,Classification & Modeling
m7l9wOWJlnvS,33,easy,1,15431,Data & Features
m7l9wOWJlnvS,34,easy,1,15054,Data & Features
m7l9wOWJlnvS,35,easy,1,15054,Data & Features
m7l9wOWJlnvS,36,medium,1,25144,Data & Features
m7l9wOWJlnvS,37,easy,1,21806,Classification & Modeling
m7l9wOWJlnvS,38,hard,0,28856,Data & Features
m7l9wOWJlnvS,39,easy,1,15076,Data & Features
m7l9wOWJlnvS,40,easy,1,12991,Data & Features
m7l9wOWJlnvS,41,easy,0,29535,Data & Features
m7l9wOWJlnvS,42,easy,1,10295,Data & Features
m7l9wOWJlnvS,43,medium,0,32647,Data & Features
m7l9wOWJlnvS,44,easy,1,21559,Misc / Tools
m7l9wOWJlnvS,45,hard,0,23808,Data & Features
m7l9wOWJlnvS,46,easy,1,15076,Data & Features
m7l9wOWJlnvS,47,hard,0,23674,Classification & Modeling
m7l9wOWJlnvS,48,easy,1,20706,Classification & Modeling
m7l9wOWJlnvS,49,hard,0,23808,Data & Features
m7l9wOWJlnvS,50,easy,1,16983,Classification & Modeling
m7l9wOWJlnvS,51,easy,1,16983,Classification & Modeling
m7l9wOWJlnvS,52,easy,1,15590,Data & Features
m7l9wOWJlnvS,53,easy,1,13914,Classification & Modeling
m7l9wOWJlnvS,54,easy,1,16201,Classification & Modeling
m7l9wOWJlnvS,55,easy,1,14160,Classification & Modeling
m7l9wOWJlnvS,56,hard,0,23808,Classification & Modeling
m7l9wOWJlnvS,57,easy,1,10295,Classification & Modeling
m7l9wOWJlnvS,58,easy,1,17555,Classification & Modeling
m7l9wOWJlnvS,59,easy,1,14734,Classification & Modeling
m7l9wOWJlnvS,60,easy,1,16201,Classification & Modeling
AQklHbi5bt8l,31,medium,0,27051,Misc / Tools
AQklHbi5bt8l,32,medium,0,31450,Classification & Modeling
AQklHbi5bt8l,33,easy,1,14538,Data & Features
AQklHbi5bt8l,34,easy,1,14549,Data & Features
AQklHbi5bt8l,35,easy,1,14549,Data & Features
AQklHbi5bt8l,36,medium,1,24289,Data & Features
AQklHbi5bt8l,37,easy,1,21748,Classification & Modeling
AQklHbi5bt8l,38,hard,1,27865,Data & Features
AQklHbi5bt8l,39,easy,1,14655,Data & Features
AQklHbi5bt8l,40,easy,1,11189,Data & Features
AQklHbi5bt8l,41,easy,1,23052,Data & Features
AQklHbi5bt8l,42,easy,1,8933,Data & Features
AQklHbi5bt8l,43,medium,0,28032,Data & Features
AQklHbi5bt8l,44,easy,1,21515,Misc / Tools
AQklHbi5bt8l,45,hard,0,24394,Data & Features
AQklHbi5bt8l,46,easy,1,14655,Data & Features
AQklHbi5bt8l,47,hard,0,23510,Classification & Modeling
AQklHbi5bt8l,48,easy,1,20651,Classification & Modeling
AQklHbi5bt8l,49,hard,0,24394,Data & Features
AQklHbi5bt8l,50,easy,1,16945,Classification & Modeling
AQklHbi5bt8l,51,easy,1,16945,Classification & Modeling
AQklHbi5bt8l,52,easy,1,15365,Data & Features
AQklHbi5bt8l,53,easy,1,12074,Classification & Modeling
AQklHbi5bt8l,54,easy,1,16395,Classification & Modeling
AQklHbi5bt8l,55,easy,1,12287,Classification & Modeling
AQklHbi5bt8l,56,hard,0,24394,Classification & Modeling
AQklHbi5bt8l,57,easy,1,8933,Classification & Modeling
AQklHbi5bt8l,58,easy,1,17550,Classification & Modeling
AQklHbi5bt8l,59,easy,1,13881,Classification & Modeling
AQklHbi5bt8l,60,easy,1,16395,Classification & Modeling
KwlNeadgH2OL,31,medium,1,23076,Misc / Tools
KwlNeadgH2OL,32,medium,1,28479,Classification & Modeling
KwlNeadgH2OL,33,easy,1,14179,Data & Features
KwlNeadgH2OL,34,easy,1,13724,Data & Features
KwlNeadgH2OL,35,easy,1,13724,Data & Features
KwlNeadgH2OL,36,medium,0,27785,Data & Features
KwlNeadgH2OL,37,easy,1,19491,Classification & Modeling
KwlNeadgH2OL,38,hard,0,27131,Data & Features
KwlNeadgH2OL,39,easy,1,13647,Data & Features
KwlNeadgH2OL,40,easy,1,11937,Data & Features
KwlNeadgH2OL,41,easy,1,20557,Data & Features
KwlNeadgH2OL,42,easy,1,9460,Data & Features
KwlNeadgH2OL,43,medium,1,25196,Data & Features
KwlNeadgH2OL,44,easy,0,23695,Misc / Tools
KwlNeadgH2OL,45,hard,0,20349,Data & Features
KwlNeadgH2OL,46,easy,1,13647,Data & Features
KwlNeadgH2OL,47,hard,0,19695,Classification & Modeling
KwlNeadgH2OL,48,easy,1,18457,Classification & Modeling
KwlNeadgH2OL,49,hard,0,20349,Data & Features
KwlNeadgH2OL,50,easy,1,15439,Classification & Modeling
KwlNeadgH2OL,51,easy,1,15439,Classification & Modeling
KwlNeadgH2OL,52,easy,1,14113,Data & Features
KwlNeadgH2OL,53,easy,1,12135,Classification & Modeling
KwlNeadgH2OL,54,easy,1,14730,Classification & Modeling
KwlNeadgH2OL,55,easy,1,12350,Classification & Modeling
KwlNeadgH2OL,56,hard,0,20349,Classification & Modeling
KwlNeadgH2OL,57,easy,1,9460,Classification & Modeling
KwlNeadgH2OL,58,easy,1,15959,Classification & Modeling
KwlNeadgH2OL,59,easy,1,13538,Classification & Modeling
KwlNeadgH2OL,60,easy,1,14730,Classification & Modeling
OLMmduueQtv7,31,medium,0,32542,Misc / Tools
OLMmduueQtv7,32,medium,0,37297,Classification & Modeling
OLMmduueQtv7,33,easy,1,15712,Data & Features
OLMmduueQtv7,34,easy,1,15328,Data & Features
OLMmduueQtv7,35,easy,1,15328,Data & Features
OLMmduueQtv7,36,medium,1,25602,Data & Features
OLMmduueQtv7,37,easy,1,22203,Classification & Modeling
OLMmduueQtv7,38,hard,0,29384,Data & Features
OLMmduueQtv7,39,easy,1,15350,Data & Features
OLMmduueQtv7,40,easy,1,13228,Data & Features
OLMmduueQtv7,41,easy,1,23673,Data & Features
OLMmduueQtv7,42,easy,1,10483,Data & Features
OLMmduueQtv7,43,medium,0,33244,Data & Features
OLMmduueQtv7,44,easy,1,21952,Misc / Tools
OLMmduueQtv7,45,hard,0,24474,Data & Features
OLMmduueQtv7,46,easy,0,21538,Data & Features
OLMmduueQtv7,47,hard,1,27950,Classification & Modeling
OLMmduueQtv7,48,easy,1,21083,Classification & Modeling
OLMmduueQtv7,49,hard,0,24474,Data & Features
OLMmduueQtv7,50,easy,1,17292,Classification & Modeling
OLMmduueQtv7,51,easy,1,17292,Classification & Modeling
OLMmduueQtv7,52,easy,1,15874,Data & Features
OLMmduueQtv7,53,easy,1,14168,Classification & Modeling
OLMmduueQtv7,54,easy,1,16496,Classification & Modeling
OLMmduueQtv7,55,easy,1,14418,Classification & Modeling
OLMmduueQtv7,56,hard,0,24474,Classification & Modeling
OLMmduueQtv7,57,easy,1,10483,Classification & Modeling
OLMmduueQtv7,58,easy,1,17875,Classification & Modeling
OLMmduueQtv7,59,easy,1,15002,Classification & Modeling
OLMmduueQtv7,60,easy,1,16496,Classification & Modeling
yKhvr1tKGpJF,31,medium,0,36705,Misc / Tools
yKhvr1tKGpJF,32,medium,0,40179,Classification & Modeling
yKhvr1tKGpJF,33,easy,1,15901,Data & Features
yKhvr1tKGpJF,34,easy,1,15512,Data & Features
yKhvr1tKGpJF,35,easy,1,15512,Data & Features
yKhvr1tKGpJF,36,medium,1,28877,Data & Features
yKhvr1tKGpJF,37,easy,1,25043,Classification & Modeling
yKhvr1tKGpJF,38,hard,0,31161,Data & Features
yKhvr1tKGpJF,39,easy,1,15725,Data & Features
yKhvr1tKGpJF,40,easy,1,13247,Data & Features
yKhvr1tKGpJF,41,easy,1,26701,Data & Features
yKhvr1tKGpJF,42,easy,1,10498,Data & Features
yKhvr1tKGpJF,43,medium,0,37496,Data & Features
yKhvr1tKGpJF,44,easy,1,24759,Misc / Tools
yKhvr1tKGpJF,45,hard,0,21236,Data & Features
yKhvr1tKGpJF,46,easy,1,15725,Data & Features
yKhvr1tKGpJF,47,hard,0,21117,Classification & Modeling
yKhvr1tKGpJF,48,easy,1,23780,Classification & Modeling
yKhvr1tKGpJF,49,hard,0,21236,Data & Features
yKhvr1tKGpJF,50,easy,1,17714,Classification & Modeling
yKhvr1tKGpJF,51,easy,1,17714,Classification & Modeling
yKhvr1tKGpJF,52,easy,1,16262,Data & Features
yKhvr1tKGpJF,53,easy,1,14189,Classification & Modeling
yKhvr1tKGpJF,54,easy,1,16694,Classification & Modeling
yKhvr1tKGpJF,55,easy,1,14440,Classification & Modeling
yKhvr1tKGpJF,56,hard,0,21236,Classification & Modeling
yKhvr1tKGpJF,57,easy,1,10498,Classification & Modeling
yKhvr1tKGpJF,58,easy,1,18311,Classification & Modeling
yKhvr1tKGpJF,59,easy,1,15182,Classification & Modeling
yKhvr1tKGpJF,60,easy,1,16694,Classification & Modeling
xPRdKA5UBNGM,31,medium,0,33814,Misc / Tools
xPRdKA5UBNGM,32,medium,1,34116,Classification & Modeling
xPRdKA5UBNGM,33,easy,1,16628,Data & Features
xPRdKA5UBNGM,34,easy,1,16222,Data & Features
xPRdKA5UBNGM,35,easy,1,16222,Data & Features
xPRdKA5UBNGM,36,medium,1,27095,Data & Features
xPRdKA5UBNGM,37,easy,1,23498,Classification & Modeling
xPRdKA5UBNGM,38,hard,0,30533,Data & Features
xPRdKA5UBNGM,39,easy,1,16245,Data & Features
xPRdKA5UBNGM,40,easy,1,13999,Data & Features
xPRdKA5UBNGM,41,easy,0,31250,Data & Features
xPRdKA5UBNGM,42,easy,1,11094,Data & Features
xPRdKA5UBNGM,43,medium,1,30184,Data & Features
xPRdKA5UBNGM,44,easy,1,23232,Misc / Tools
xPRdKA5UBNGM,45,hard,0,25431,Data & Features
xPRdKA5UBNGM,46,easy,1,16245,Data & Features
xPRdKA5UBNGM,47,hard,0,25288,Classification & Modeling
xPRdKA5UBNGM,48,easy,0,26470,Classification & Modeling
xPRdKA5UBNGM,49,hard,0,25431,Data & Features
xPRdKA5UBNGM,50,easy,1,18300,Classification & Modeling
xPRdKA5UBNGM,51,easy,1,18300,Classification & Modeling
xPRdKA5UBNGM,52,easy,1,16800,Data & Features
xPRdKA5UBNGM,53,easy,1,14994,Classification & Modeling
xPRdKA5UBNGM,54,easy,1,17458,Classification & Modeling
xPRdKA5UBNGM,55,easy,1,15259,Classification & Modeling
xPRdKA5UBNGM,56,hard,0,25431,Classification & Modeling
xPRdKA5UBNGM,57,easy,1,11094,Classification & Modeling
xPRdKA5UBNGM,58,easy,1,18917,Classification & Modeling
xPRdKA5UBNGM,59,easy,1,15877,Classification & Modeling
xPRdKA5UBNGM,60,easy,1,17458,Classification & Modeling
7VLP2mvnxjRS,31,medium,1,23096,Misc / Tools
7VLP2mvnxjRS,32,medium,1,28390,Classification & Modeling
7VLP2mvnxjRS,33,easy,1,14433,Data & Features
7VLP2mvnxjRS,34,easy,1,14230,Data & Features
7VLP2mvnxjRS,35,easy,1,14230,Data & Features
7VLP2mvnxjRS,36,medium,0,24735,Data & Features
7VLP2mvnxjRS,37,easy,1,20754,Classification & Modeling
7VLP2mvnxjRS,38,hard,1,25776,Data & Features
7VLP2mvnxjRS,39,easy,1,14307,Data & Features
7VLP2mvnxjRS,40,easy,1,11771,Data & Features
7VLP2mvnxjRS,41,easy,0,24354,Data & Features
7VLP2mvnxjRS,42,easy,1,9328,Data & Features
7VLP2mvnxjRS,43,medium,1,25117,Data & Features
7VLP2mvnxjRS,44,easy,0,23385,Misc / Tools
7VLP2mvnxjRS,45,hard,0,22615,Data & Features
7VLP2mvnxjRS,46,easy,1,14307,Data & Features
7VLP2mvnxjRS,47,hard,0,21674,Classification & Modeling
7VLP2mvnxjRS,48,easy,1,19708,Classification & Modeling
7VLP2mvnxjRS,49,hard,0,22615,Data & Features
7VLP2mvnxjRS,50,easy,1,16304,Classification & Modeling
7VLP2mvnxjRS,51,easy,1,16304,Classification & Modeling
7VLP2mvnxjRS,52,easy,1,14886,Data & Features
7VLP2mvnxjRS,53,easy,1,12607,Classification & Modeling
7VLP2mvnxjRS,54,easy,1,15402,Classification & Modeling
7VLP2mvnxjRS,55,easy,1,12830,Classification & Modeling
7VLP2mvnxjRS,56,hard,0,22615,Classification & Modeling
7VLP2mvnxjRS,57,easy,1,9328,Classification & Modeling
7VLP2mvnxjRS,58,easy,1,16887,Classification & Modeling
7VLP2mvnxjRS,59,easy,0,18013,Classification & Modeling
7VLP2mvnxjRS,60,easy,1,15402,Classification & Modeling
AG7urKue7Fzv,31,medium,1,38677,Misc / Tools
AG7urKue7Fzv,32,medium,1,43565,Classification & Modeling
AG7urKue7Fzv,33,easy,1,23363,Data & Features
AG7urKue7Fzv,34,easy,1,22792,Data & Features
AG7urKue7Fzv,35,easy,1,22792,Data & Features
AG7urKue7Fzv,36,medium,0,41362,Data & Features
AG7urKue7Fzv,37,easy,1,31210,Classification & Modeling
AG7urKue7Fzv,38,hard,0,36410,Data & Features
AG7urKue7Fzv,39,easy,1,22825,Data & Features
AG7urKue7Fzv,40,easy,1,19669,Data & Features
AG7urKue7Fzv,41,easy,1,34456,Data & Features
AG7urKue7Fzv,42,easy,1,15587,Data & Features
AG7urKue7Fzv,43,medium,1,38544,Data & Features
AG7urKue7Fzv,44,easy,1,30856,Misc / Tools
AG7urKue7Fzv,45,hard,0,30040,Data & Features
AG7urKue7Fzv,46,easy,1,22825,Data & Features
AG7urKue7Fzv,47,hard,0,29871,Classification & Modeling
AG7urKue7Fzv,48,easy,1,29636,Classification & Modeling
AG7urKue7Fzv,49,hard,0,30040,Data & Features
AG7urKue7Fzv,50,easy,1,25712,Classification & Modeling
AG7urKue7Fzv,51,easy,1,25712,Classification & Modeling
AG7urKue7Fzv,52,easy,1,23604,Data & Features
AG7urKue7Fzv,53,easy,1,21066,Classification & Modeling
AG7urKue7Fzv,54,easy,1,24529,Classification & Modeling
AG7urKue7Fzv,55,easy,1,21439,Classification & Modeling
AG7urKue7Fzv,56,hard,0,30040,Classification & Modeling
AG7urKue7Fzv,57,easy,1,15587,Classification & Modeling
AG7urKue7Fzv,58,easy,1,26578,Classification & Modeling
AG7urKue7Fzv,59,easy,1,22307,Classification & Modeling
AG7urKue7Fzv,60,easy,1,24529,Classification & Modeling
Lo0o6MK08TyI,31,medium,0,31041,Misc / Tools
Lo0o6MK08TyI,32,medium,0,35576,Classification & Modeling
Lo0o6MK08TyI,33,easy,1,15548,Data & Features
Lo0o6MK08TyI,34,easy,1,15128,Data & Features
Lo0o6MK08TyI,35,easy,1,15128,Data & Features
Lo0o6MK08TyI,36,medium,1,24781,Data & Features
Lo0o6MK08TyI,37,easy,1,21653,Classification & Modeling
Lo0o6MK08TyI,38,hard,0,29296,Data & Features
Lo0o6MK08TyI,39,easy,1,15124,Data & Features
Lo0o6MK08TyI,40,easy,1,12900,Data & Features
Lo0o6MK08TyI,41,easy,1,22913,Data & Features
Lo0o6MK08TyI,42,easy,1,10223,Data & Features
Lo0o6MK08TyI,43,medium,0,31711,Data & Features
Lo0o6MK08TyI,44,easy,1,21408,Misc / Tools
Lo0o6MK08TyI,45,hard,0,25796,Data & Features
Lo0o6MK08TyI,46,easy,1,15124,Data & Features
Lo0o6MK08TyI,47,hard,0,24722,Classification & Modeling
Lo0o6MK08TyI,48,easy,1,20561,Classification & Modeling
Lo0o6MK08TyI,49,hard,0,25796,Data & Features
Lo0o6MK08TyI,50,easy,1,16911,Classification & Modeling
Lo0o6MK08TyI,51,easy,1,16911,Classification & Modeling
Lo0o6MK08TyI,52,easy,1,15640,Data & Features
Lo0o6MK08TyI,53,easy,1,13817,Classification & Modeling
Lo0o6MK08TyI,54,easy,1,16282,Classification & Modeling
Lo0o6MK08TyI,55,easy,1,14061,Classification & Modeling
Lo0o6MK08TyI,56,hard,0,25796,Classification & Modeling
Lo0o6MK08TyI,57,easy,1,10223,Classification & Modeling
Lo0o6MK08TyI,58,easy,1,17480,Classification & Modeling
Lo0o6MK08TyI,59,easy,1,14845,Classification & Modeling
Lo0o6MK08TyI,60,easy,1,16282,Classification & Modeling
a9ej6jzpNOPn,31,medium,0,33814,Misc / Tools
a9ej6jzpNOPn,32,medium,1,34116,Classification & Modeling
a9ej6jzpNOPn,33,easy,1,16628,Data & Features
a9ej6jzpNOPn,34,easy,1,16222,Data & Features
a9ej6jzpNOPn,35,easy,1,16222,Data & Features
a9ej6jzpNOPn,36,medium,1,27095,Data & Features
a9ej6jzpNOPn,37,easy,1,23498,Classification & Modeling
a9ej6jzpNOPn,38,hard,0,30533,Data & Features
a9ej6jzpNOPn,39,easy,1,16245,Data & Features
a9ej6jzpNOPn,40,easy,1,13999,Data & Features
a9ej6jzpNOPn,41,easy,1,25053,Data & Features
a9ej6jzpNOPn,42,easy,1,11094,Data & Features
a9ej6jzpNOPn,43,medium,1,30184,Data & Features
a9ej6jzpNOPn,44,easy,1,23232,Misc / Tools
a9ej6jzpNOPn,45,hard,0,25431,Data & Features
a9ej6jzpNOPn,46,easy,1,16245,Data & Features
a9ej6jzpNOPn,47,hard,0,25288,Classification & Modeling
a9ej6jzpNOPn,48,easy,1,22313,Classification & Modeling
a9ej6jzpNOPn,49,hard,0,25431,Data & Features
a9ej6jzpNOPn,50,easy,1,18300,Classification & Modeling
a9ej6jzpNOPn,51,easy,1,18300,Classification & Modeling
a9ej6jzpNOPn,52,easy,1,16800,Data & Features
a9ej6jzpNOPn,53,easy,1,14994,Classification & Modeling
a9ej6jzpNOPn,54,easy,1,17458,Classification & Modeling
a9ej6jzpNOPn,55,easy,1,15259,Classification & Modeling
a9ej6jzpNOPn,56,hard,0,25431,Classification & Modeling
a9ej6jzpNOPn,57,easy,1,11094,Classification & Modeling
a9ej6jzpNOPn,58,easy,1,18917,Classification & Modeling
a9ej6jzpNOPn,59,easy,1,15877,Classification & Modeling
a9ej6jzpNOPn,60,easy,1,17458,Classification & Modeling
Za018kn2raFk,31,medium,1,26098,Misc / Tools
Za018kn2raFk,32,medium,0,36627,Classification & Modeling
Za018kn2raFk,33,easy,1,15431,Data & Features
Za018kn2raFk,34,easy,1,15054,Data & Features
Za018kn2raFk,35,easy,1,15054,Data & Features
Za018kn2raFk,36,medium,1,25144,Data & Features
Za018kn2raFk,37,easy,1,21806,Classification & Modeling
Za018kn2raFk,38,hard,0,28856,Data & Features
Za018kn2raFk,39,easy,1,15076,Data & Features
Za018kn2raFk,40,easy,1,12991,Data & Features
Za018kn2raFk,41,easy,1,23250,Data & Features
Za018kn2raFk,42,easy,1,10295,Data & Features
Za018kn2raFk,43,medium,1,28011,Data & Features
Za018kn2raFk,44,easy,1,21559,Misc / Tools
Za018kn2raFk,45,hard,0,23808,Data & Features
Za018kn2raFk,46,easy,1,15076,Data & Features
Za018kn2raFk,47,hard,0,23674,Classification & Modeling
Za018kn2raFk,48,easy,1,20706,Classification & Modeling
Za018kn2raFk,49,hard,0,23808,Data & Features
Za018kn2raFk,50,easy,1,16983,Classification & Modeling
Za018kn2raFk,51,easy,0,23303,Classification & Modeling
Za018kn2raFk,52,easy,1,15590,Data & Features
Za018kn2raFk,53,easy,1,13914,Classification & Modeling
Za018kn2raFk,54,easy,1,16201,Classification & Modeling
Za018kn2raFk,55,easy,1,14160,Classification & Modeling
Za018kn2raFk,56,hard,0,23808,Classification & Modeling
Za018kn2raFk,57,easy,1,10295,Classification & Modeling
Za018kn2raFk,58,easy,1,17555,Classification & Modeling
Za018kn2raFk,59,easy,1,14734,Classification & Modeling
Za018kn2raFk,60,easy,1,16201,Classification & Modeling
N0qYmYE8QD78,31,medium,1,27049,Misc / Tools
N0qYmYE8QD78,32,medium,0,37965,Classification & Modeling
N0qYmYE8QD78,33,easy,1,15993,Data & Features
N0qYmYE8QD78,34,easy,1,15602,Data & Features
N0qYmYE8QD78,35,easy,1,15602,Data & Features
N0qYmYE8QD78,36,medium,1,26061,Data & Features
N0qYmYE8QD78,37,easy,0,27164,Classification & Modeling
N0qYmYE8QD78,38,hard,1,30021,Data & Features
N0qYmYE8QD78,39,easy,1,15625,Data & Features
N0qYmYE8QD78,40,easy,1,13465,Data & Features
N0qYmYE8QD78,41,easy,0,30614,Data & Features
N0qYmYE8QD78,42,easy,1,10670,Data & Features
N0qYmYE8QD78,43,medium,1,29031,Data & Features
N0qYmYE8QD78,44,easy,1,22345,Misc / Tools
N0qYmYE8QD78,45,hard,0,24913,Data & Features
N0qYmYE8QD78,46,easy,1,15625,Data & Features
N0qYmYE8QD78,47,hard,0,24773,Classification & Modeling
N0qYmYE8QD78,48,easy,1,21461,Classification & Modeling
N0qYmYE8QD78,49,hard,0,24913,Data & Features
N0qYmYE8QD78,50,easy,1,17602,Classification & Modeling
N0qYmYE8QD78,51,easy,1,17602,Classification & Modeling
N0qYmYE8QD78,52,easy,1,16158,Data & Features
N0qYmYE8QD78,53,easy,1,14421,Classification & Modeling
N0qYmYE8QD78,54,easy,0,23560,Classification & Modeling
N0qYmYE8QD78,55,easy,1,14676,Classification & Modeling
N0qYmYE8QD78,56,hard,0,24913,Classification & Modeling
N0qYmYE8QD78,57,easy,1,10670,Classification & Modeling
N0qYmYE8QD78,58,easy,0,24378,Classification & Modeling
N0qYmYE8QD78,59,easy,1,15271,Classification & Modeling
N0qYmYE8QD78,60,easy,1,16792,Classification & Modeling
1tnkUsBnGX2u,31,medium,1,29972,Misc / Tools
1tnkUsBnGX2u,32,medium,1,34728,Classification & Modeling
1tnkUsBnGX2u,33,easy,1,15901,Data & Features
1tnkUsBnGX2u,34,easy,1,15512,Data & Features
1tnkUsBnGX2u,35,easy,1,15512,Data & Features
1tnkUsBnGX2u,36,medium,1,28877,Data & Features
1tnkUsBnGX2u,37,easy,1,25043,Classification & Modeling
1tnkUsBnGX2u,38,hard,0,31161,Data & Features
1tnkUsBnGX2u,39,easy,1,15725,Data & Features
1tnkUsBnGX2u,40,easy,1,13247,Data & Features
1tnkUsBnGX2u,41,easy,1,26701,Data & Features
1tnkUsBnGX2u,42,easy,1,10498,Data & Features
1tnkUsBnGX2u,43,medium,1,32168,Data & Features
1tnkUsBnGX2u,44,easy,1,24759,Misc / Tools
1tnkUsBnGX2u,45,hard,0,21236,Data & Features
1tnkUsBnGX2u,46,easy,1,15725,Data & Features
1tnkUsBnGX2u,47,hard,0,21117,Classification & Modeling
1tnkUsBnGX2u,48,easy,1,23780,Classification & Modeling
1tnkUsBnGX2u,49,hard,0,21236,Data & Features
1tnkUsBnGX2u,50,easy,1,17714,Classification & Modeling
1tnkUsBnGX2u,51,easy,1,17714,Classification & Modeling
1tnkUsBnGX2u,52,easy,1,16262,Data & Features
1tnkUsBnGX2u,53,easy,1,14189,Classification & Modeling
1tnkUsBnGX2u,54,easy,1,16694,Classification & Modeling
1tnkUsBnGX2u,55,easy,1,14440,Classification & Modeling
1tnkUsBnGX2u,56,hard,0,21236,Classification & Modeling
1tnkUsBnGX2u,57,easy,1,10498,Classification & Modeling
1tnkUsBnGX2u,58,easy,0,24534,Classification & Modeling
1tnkUsBnGX2u,59,easy,1,15182,Classification & Modeling
1tnkUsBnGX2u,60,easy,1,16694,Classification & Modeling
xlLz8YVMGkvs,31,medium,1,26098,Misc / Tools
xlLz8YVMGkvs,32,medium,0,36627,Classification & Modeling
xlLz8YVMGkvs,33,easy,1,15431,Data & Features
xlLz8YVMGkvs,34,easy,0,21148,Data & Features
xlLz8YVMGkvs,35,easy,1,15054,Data & Features
xlLz8YVMGkvs,36,medium,0,30790,Data & Features
xlLz8YVMGkvs,37,easy,1,21806,Classification & Modeling
xlLz8YVMGkvs,38,hard,0,28856,Data & Features
xlLz8YVMGkvs,39,easy,1,15076,Data & Features
xlLz8YVMGkvs,40,easy,1,12991,Data & Features
xlLz8YVMGkvs,41,easy,1,23250,Data & Features
xlLz8YVMGkvs,42,easy,1,10295,Data & Features
xlLz8YVMGkvs,43,medium,0,32647,Data & Features
xlLz8YVMGkvs,44,easy,1,21559,Misc / Tools
xlLz8YVMGkvs,45,hard,0,23808,Data & Features
xlLz8YVMGkvs,46,easy,1,15076,Data & Features
xlLz8YVMGkvs,47,hard,0,23674,Classification & Modeling
xlLz8YVMGkvs,48,easy,1,20706,Classification & Modeling
xlLz8YVMGkvs,49,hard,0,23808,Data & Features
xlLz8YVMGkvs,50,easy,1,16983,Classification & Modeling
xlLz8YVMGkvs,51,easy,1,16983,Classification & Modeling
xlLz8YVMGkvs,52,easy,1,15590,Data & Features
xlLz8YVMGkvs,53,easy,1,13914,Classification & Modeling
xlLz8YVMGkvs,54,easy,1,16201,Classification & Modeling
xlLz8YVMGkvs,55,easy,1,14160,Classification & Modeling
xlLz8YVMGkvs,56,hard,0,23808,Classification & Modeling
xlLz8YVMGkvs,57,easy,1,10295,Classification & Modeling
xlLz8YVMGkvs,58,easy,1,17555,Classification & Modeling
xlLz8YVMGkvs,59,easy,1,14734,Classification & Modeling
xlLz8YVMGkvs,60,easy,1,16201,Classification & Modeling
kfwxRJXSzs3o,31,medium,1,24235,Misc / Tools
kfwxRJXSzs3o,32,medium,1,29505,Classification & Modeling
kfwxRJXSzs3o,33,easy,1,14280,Data & Features
kfwxRJXSzs3o,34,easy,1,14341,Data & Features
kfwxRJXSzs3o,35,easy,1,14341,Data & Features
kfwxRJXSzs3o,36,medium,1,23350,Data & Features
kfwxRJXSzs3o,37,easy,1,21471,Classification & Modeling
kfwxRJXSzs3o,38,hard,0,24582,Data & Features
kfwxRJXSzs3o,39,easy,1,14446,Data & Features
kfwxRJXSzs3o,40,easy,1,9835,Data & Features
kfwxRJXSzs3o,41,easy,1,22161,Data & Features
kfwxRJXSzs3o,42,easy,1,8289,Data & Features
kfwxRJXSzs3o,43,medium,1,26104,Data & Features
kfwxRJXSzs3o,44,easy,1,21139,Misc / Tools
kfwxRJXSzs3o,45,hard,0,19854,Data & Features
kfwxRJXSzs3o,46,easy,1,14446,Data & Features
kfwxRJXSzs3o,47,hard,0,20457,Classification & Modeling
kfwxRJXSzs3o,48,easy,1,20389,Classification & Modeling
kfwxRJXSzs3o,49,hard,0,19854,Data & Features
kfwxRJXSzs3o,50,easy,1,16679,Classification & Modeling
kfwxRJXSzs3o,51,easy,1,16679,Classification & Modeling
kfwxRJXSzs3o,52,easy,1,15146,Data & Features
kfwxRJXSzs3o,53,easy,1,11203,Classification & Modeling
kfwxRJXSzs3o,54,easy,1,16160,Classification & Modeling
kfwxRJXSzs3o,55,easy,1,11401,Classification & Modeling
kfwxRJXSzs3o,56,hard,0,19854,Classification & Modeling
kfwxRJXSzs3o,57,easy,1,8289,Classification & Modeling
kfwxRJXSzs3o,58,easy,1,17275,Classification & Modeling
kfwxRJXSzs3o,59,easy,0,14582,Classification & Modeling
kfwxRJXSzs3o,60,easy,1,16160,Classification & Modeling
GiNOB0aoa84q,31,medium,1,23069,Misc / Tools
GiNOB0aoa84q,32,medium,1,28357,Classification & Modeling
GiNOB0aoa84q,33,easy,1,15322,Data & Features
GiNOB0aoa84q,34,easy,1,14909,Data & Features
GiNOB0aoa84q,35,easy,1,14909,Data & Features
GiNOB0aoa84q,36,medium,0,24706,Data & Features
GiNOB0aoa84q,37,easy,1,20730,Classification & Modeling
GiNOB0aoa84q,38,hard,0,25597,Data & Features
GiNOB0aoa84q,39,easy,1,14941,Data & Features
GiNOB0aoa84q,40,easy,1,12713,Data & Features
GiNOB0aoa84q,41,easy,1,21094,Data & Features
GiNOB0aoa84q,42,easy,1,10075,Data & Features
GiNOB0aoa84q,43,medium,1,25088,Data & Features
GiNOB0aoa84q,44,easy,1,20370,Misc / Tools
GiNOB0aoa84q,45,hard,0,22589,Data & Features
GiNOB0aoa84q,46,easy,1,14941,Data & Features
GiNOB0aoa84q,47,hard,0,21649,Classification & Modeling
GiNOB0aoa84q,48,easy,1,19685,Classification & Modeling
GiNOB0aoa84q,49,hard,0,22589,Data & Features
GiNOB0aoa84q,50,easy,0,21494,Classification & Modeling
GiNOB0aoa84q,51,easy,1,16446,Classification & Modeling
GiNOB0aoa84q,52,easy,1,15359,Data & Features
GiNOB0aoa84q,53,easy,1,13616,Classification & Modeling
GiNOB0aoa84q,54,easy,1,16084,Classification & Modeling
GiNOB0aoa84q,55,easy,1,13857,Classification & Modeling
GiNOB0aoa84q,56,hard,0,22589,Classification & Modeling
GiNOB0aoa84q,57,easy,1,10075,Classification & Modeling
GiNOB0aoa84q,58,easy,1,17000,Classification & Modeling
GiNOB0aoa84q,59,easy,1,14629,Classification & Modeling
GiNOB0aoa84q,60,easy,1,16084,Classification & Modeling
sCNAQlTJzusQ,31,medium,0,25200,Misc / Tools
sCNAQlTJzusQ,32,medium,0,29050,Classification & Modeling
sCNAQlTJzusQ,33,easy,1,13731,Data & Features
sCNAQlTJzusQ,34,easy,1,13767,Data & Features
sCNAQlTJzusQ,35,easy,1,13767,Data & Features
sCNAQlTJzusQ,36,medium,1,21841,Data & Features
sCNAQlTJzusQ,37,easy,1,20371,Classification & Modeling
sCNAQlTJzusQ,38,hard,0,25154,Data & Features
sCNAQlTJzusQ,39,easy,1,13841,Data & Features
sCNAQlTJzusQ,40,easy,1,10581,Data & Features
sCNAQlTJzusQ,41,easy,1,20729,Data & Features
sCNAQlTJzusQ,42,easy,1,8385,Data & Features
sCNAQlTJzusQ,43,medium,0,25894,Data & Features
sCNAQlTJzusQ,44,easy,1,20018,Misc / Tools
sCNAQlTJzusQ,45,hard,0,22198,Data & Features
sCNAQlTJzusQ,46,easy,0,16977,Data & Features
sCNAQlTJzusQ,47,hard,1,22653,Classification & Modeling
sCNAQlTJzusQ,48,easy,1,19344,Classification & Modeling
sCNAQlTJzusQ,49,hard,0,22198,Data & Features
sCNAQlTJzusQ,50,easy,1,16003,Classification & Modeling
sCNAQlTJzusQ,51,easy,1,16003,Classification & Modeling
sCNAQlTJzusQ,52,easy,1,14512,Data & Features
sCNAQlTJzusQ,53,easy,1,11333,Classification & Modeling
sCNAQlTJzusQ,54,easy,1,14900,Classification & Modeling
sCNAQlTJzusQ,55,easy,1,11534,Classification & Modeling
sCNAQlTJzusQ,56,hard,0,22198,Classification & Modeling
sCNAQlTJzusQ,57,easy,1,8385,Classification & Modeling
sCNAQlTJzusQ,58,easy,1,16575,Classification & Modeling
sCNAQlTJzusQ,59,easy,1,13110,Classification & Modeling
sCNAQlTJzusQ,60,easy,1,14900,Classification & Modeling
W0EkQhrkI3an,31,medium,0,22152,Misc / Tools
W0EkQhrkI3an,32,medium,0,25721,Classification & Modeling
W0EkQhrkI3an,33,easy,1,12281,Data & Features
W0EkQhrkI3an,34,easy,1,12228,Data & Features
W0EkQhrkI3an,35,easy,1,12228,Data & Features
W0EkQhrkI3an,36,medium,1,19200,Data & Features
W0EkQhrkI3an,37,easy,1,18415,Classification & Modeling
W0EkQhrkI3an,38,hard,0,22271,Data & Features
W0EkQhrkI3an,39,easy,1,12453,Data & Features
W0EkQhrkI3an,40,easy,1,9393,Data & Features
W0EkQhrkI3an,41,easy,1,18222,Data & Features
W0EkQhrkI3an,42,easy,1,7500,Data & Features
W0EkQhrkI3an,43,medium,1,21828,Data & Features
W0EkQhrkI3an,44,easy,1,17959,Misc / Tools
W0EkQhrkI3an,45,hard,0,19120,Data & Features
W0EkQhrkI3an,46,easy,0,15274,Data & Features
W0EkQhrkI3an,47,hard,0,18324,Classification & Modeling
W0EkQhrkI3an,48,easy,1,17486,Classification & Modeling
W0EkQhrkI3an,49,hard,0,19120,Data & Features
W0EkQhrkI3an,50,easy,1,14398,Classification & Modeling
W0EkQhrkI3an,51,easy,1,14398,Classification & Modeling
W0EkQhrkI3an,52,easy,1,13056,Data & Features
W0EkQhrkI3an,53,easy,1,10136,Classification & Modeling
W0EkQhrkI3an,54,easy,1,13406,Classification & Modeling
W0EkQhrkI3an,55,easy,1,10316,Classification & Modeling
W0EkQhrkI3an,56,hard,0,19120,Classification & Modeling
W0EkQhrkI3an,57,easy,1,7500,Classification & Modeling
W0EkQhrkI3an,58,easy,1,14913,Classification & Modeling
W0EkQhrkI3an,59,easy,1,11726,Classification & Modeling
W0EkQhrkI3an,60,easy,1,13406,Classification & Modeling
oVyzGGgOFu4f,31,medium,1,28123,Misc / Tools
oVyzGGgOFu4f,32,medium,1,34116,Classification & Modeling
oVyzGGgOFu4f,33,easy,1,16628,Data & Features
oVyzGGgOFu4f,34,easy,1,16222,Data & Features
oVyzGGgOFu4f,35,easy,1,16222,Data & Features
oVyzGGgOFu4f,36,medium,0,32578,Data & Features
oVyzGGgOFu4f,37,easy,1,23498,Classification & Modeling
oVyzGGgOFu4f,38,hard,0,30533,Data & Features
oVyzGGgOFu4f,39,easy,1,16245,Data & Features
oVyzGGgOFu4f,40,easy,1,13999,Data & Features
oVyzGGgOFu4f,41,easy,1,25053,Data & Features
oVyzGGgOFu4f,42,easy,1,11094,Data & Features
oVyzGGgOFu4f,43,medium,1,30184,Data & Features
oVyzGGgOFu4f,44,easy,0,27616,Misc / Tools
oVyzGGgOFu4f,45,hard,0,25431,Data & Features
oVyzGGgOFu4f,46,easy,1,16245,Data & Features
oVyzGGgOFu4f,47,hard,0,25288,Classification & Modeling
oVyzGGgOFu4f,48,easy,1,22313,Classification & Modeling
oVyzGGgOFu4f,49,hard,0,25431,Data & Features
oVyzGGgOFu4f,50,easy,1,18300,Classification & Modeling
oVyzGGgOFu4f,51,easy,1,18300,Classification & Modeling
oVyzGGgOFu4f,52,easy,0,23083,Data & Features
oVyzGGgOFu4f,53,easy,1,14994,Classification & Modeling
oVyzGGgOFu4f,54,easy,1,17458,Classification & Modeling
oVyzGGgOFu4f,55,easy,1,15259,Classification & Modeling
oVyzGGgOFu4f,56,hard,0,25431,Classification & Modeling
oVyzGGgOFu4f,57,easy,1,11094,Classification & Modeling
oVyzGGgOFu4f,58,easy,1,18917,Classification & Modeling
oVyzGGgOFu4f,59,easy,1,15877,Classification & Modeling
oVyzGGgOFu4f,60,easy,1,17458,Classification & Modeling
I93EMGZEU4vI,31,medium,0,31041,Misc / Tools
I93EMGZEU4vI,32,medium,0,35576,Classification & Modeling
I93EMGZEU4vI,33,easy,1,15548,Data & Features
I93EMGZEU4vI,34,easy,1,15128,Data & Features
I93EMGZEU4vI,35,easy,1,15128,Data & Features
I93EMGZEU4vI,36,medium,1,24781,Data & Features
I93EMGZEU4vI,37,easy,1,21653,Classification & Modeling
I93EMGZEU4vI,38,hard,0,29296,Data & Features
I93EMGZEU4vI,39,easy,1,15124,Data & Features
I93EMGZEU4vI,40,easy,1,12900,Data & Features
I93EMGZEU4vI,41,easy,0,28688,Data & Features
I93EMGZEU4vI,42,easy,1,10223,Data & Features
I93EMGZEU4vI,43,medium,1,27605,Data & Features
I93EMGZEU4vI,44,easy,1,21408,Misc / Tools
I93EMGZEU4vI,45,hard,0,25796,Data & Features
I93EMGZEU4vI,46,easy,1,15124,Data & Features
I93EMGZEU4vI,47,hard,0,24722,Classification & Modeling
I93EMGZEU4vI,48,easy,0,24483,Classification & Modeling
I93EMGZEU4vI,49,hard,0,25796,Data & Features
I93EMGZEU4vI,50,easy,1,16911,Classification & Modeling
I93EMGZEU4vI,51,easy,1,16911,Classification & Modeling
I93EMGZEU4vI,52,easy,1,15640,Data & Features
I93EMGZEU4vI,53,easy,1,13817,Classification & Modeling
I93EMGZEU4vI,54,easy,1,16282,Classification & Modeling
I93EMGZEU4vI,55,easy,1,14061,Classification & Modeling
I93EMGZEU4vI,56,hard,0,25796,Classification & Modeling
I93EMGZEU4vI,57,easy,1,10223,Classification & Modeling
I93EMGZEU4vI,58,easy,1,17480,Classification & Modeling
I93EMGZEU4vI,59,easy,1,14845,Classification & Modeling
I93EMGZEU4vI,60,easy,1,16282,Classification & Modeling
e35NZ2cItyz9,31,medium,0,29755,Misc / Tools
e35NZ2cItyz9,32,medium,0,34102,Classification & Modeling
e35NZ2cItyz9,33,easy,1,15677,Data & Features
e35NZ2cItyz9,34,easy,1,15254,Data & Features
e35NZ2cItyz9,35,easy,1,15254,Data & Features
e35NZ2cItyz9,36,medium,1,24278,Data & Features
e35NZ2cItyz9,37,easy,1,21543,Classification & Modeling
e35NZ2cItyz9,38,hard,0,28783,Data & Features
e35NZ2cItyz9,39,easy,1,15250,Data & Features
e35NZ2cItyz9,40,easy,1,13008,Data & Features
e35NZ2cItyz9,41,easy,0,27499,Data & Features
e35NZ2cItyz9,42,easy,1,10308,Data & Features
e35NZ2cItyz9,43,medium,1,27045,Data & Features
e35NZ2cItyz9,44,easy,1,21300,Misc / Tools
e35NZ2cItyz9,45,hard,0,25345,Data & Features
e35NZ2cItyz9,46,easy,1,15250,Data & Features
e35NZ2cItyz9,47,hard,0,24290,Classification & Modeling
e35NZ2cItyz9,48,easy,0,23954,Classification & Modeling
e35NZ2cItyz9,49,hard,0,25345,Data & Features
e35NZ2cItyz9,50,easy,1,17051,Classification & Modeling
e35NZ2cItyz9,51,easy,1,17051,Classification & Modeling
e35NZ2cItyz9,52,easy,1,15770,Data & Features
e35NZ2cItyz9,53,easy,1,13932,Classification & Modeling
e35NZ2cItyz9,54,easy,1,16417,Classification & Modeling
e35NZ2cItyz9,55,easy,1,14178,Classification & Modeling
e35NZ2cItyz9,56,hard,0,25345,Classification & Modeling
e35NZ2cItyz9,57,easy,1,10308,Classification & Modeling
e35NZ2cItyz9,58,easy,1,17392,Classification & Modeling
e35NZ2cItyz9,59,easy,1,14968,Classification & Modeling
e35NZ2cItyz9,60,easy,1,16417,Classification & Modeling
ylh73EEFQ8CD,31,medium,0,28839,Misc / Tools
ylh73EEFQ8CD,32,medium,0,33550,Classification & Modeling
ylh73EEFQ8CD,33,easy,1,14179,Data & Features
ylh73EEFQ8CD,34,easy,1,13724,Data & Features
ylh73EEFQ8CD,35,easy,1,13724,Data & Features
ylh73EEFQ8CD,36,medium,1,22233,Data & Features
ylh73EEFQ8CD,37,easy,1,19491,Classification & Modeling
ylh73EEFQ8CD,38,hard,0,27131,Data & Features
ylh73EEFQ8CD,39,easy,1,13647,Data & Features
ylh73EEFQ8CD,40,easy,1,11937,Data & Features
ylh73EEFQ8CD,41,easy,0,26652,Data & Features
ylh73EEFQ8CD,42,easy,1,9460,Data & Features
ylh73EEFQ8CD,43,medium,1,25196,Data & Features
ylh73EEFQ8CD,44,easy,1,19177,Misc / Tools
ylh73EEFQ8CD,45,hard,0,20349,Data & Features
ylh73EEFQ8CD,46,easy,1,13647,Data & Features
ylh73EEFQ8CD,47,hard,0,19695,Classification & Modeling
ylh73EEFQ8CD,48,easy,0,21927,Classification & Modeling
ylh73EEFQ8CD,49,hard,0,20349,Data & Features
ylh73EEFQ8CD,50,easy,1,15439,Classification & Modeling
ylh73EEFQ8CD,51,easy,1,15439,Classification & Modeling
ylh73EEFQ8CD,52,easy,1,14113,Data & Features
ylh73EEFQ8CD,53,easy,1,12135,Classification & Modeling
ylh73EEFQ8CD,54,easy,1,14730,Classification & Modeling
ylh73EEFQ8CD,55,easy,1,12350,Classification & Modeling
ylh73EEFQ8CD,56,hard,0,20349,Classification & Modeling
ylh73EEFQ8CD,57,easy,1,9460,Classification & Modeling
ylh73EEFQ8CD,58,easy,1,15959,Classification & Modeling
ylh73EEFQ8CD,59,easy,1,13538,Classification & Modeling
ylh73EEFQ8CD,60,easy,1,14730,Classification & Modeling
St7VKJfT2MTq,31,medium,1,23096,Misc / Tools
St7VKJfT2MTq,32,medium,1,28390,Classification & Modeling
St7VKJfT2MTq,33,easy,1,14433,Data & Features
St7VKJfT2MTq,34,easy,1,14230,Data & Features
St7VKJfT2MTq,35,easy,1,14230,Data & Features
St7VKJfT2MTq,36,medium,0,24735,Data & Features
St7VKJfT2MTq,37,easy,1,20754,Classification & Modeling
St7VKJfT2MTq,38,hard,1,25776,Data & Features
St7VKJfT2MTq,39,easy,1,14307,Data & Features
St7VKJfT2MTq,40,easy,1,11771,Data & Features
St7VKJfT2MTq,41,easy,0,24354,Data & Features
St7VKJfT2MTq,42,easy,1,9328,Data & Features
St7VKJfT2MTq,43,medium,0,26380,Data & Features
St7VKJfT2MTq,44,easy,0,23385,Misc / Tools
St7VKJfT2MTq,45,hard,0,22615,Data & Features
St7VKJfT2MTq,46,easy,1,14307,Data & Features
St7VKJfT2MTq,47,hard,0,21674,Classification & Modeling
St7VKJfT2MTq,48,easy,1,19708,Classification & Modeling
St7VKJfT2MTq,49,hard,0,22615,Data & Features
St7VKJfT2MTq,50,easy,1,16304,Classification & Modeling
St7VKJfT2MTq,51,easy,1,16304,Classification & Modeling
St7VKJfT2MTq,52,easy,1,14886,Data & Features
St7VKJfT2MTq,53,easy,1,12607,Classification & Modeling
St7VKJfT2MTq,54,easy,1,15402,Classification & Modeling
St7VKJfT2MTq,55,easy,1,12830,Classification & Modeling
St7VKJfT2MTq,56,hard,0,22615,Classification & Modeling
St7VKJfT2MTq,57,easy,1,9328,Classification & Modeling
St7VKJfT2MTq,58,easy,1,16887,Classification & Modeling
St7VKJfT2MTq,59,easy,0,18013,Classification & Modeling
St7VKJfT2MTq,60,easy,1,15402,Classification & Modeling
RZdtks4i4HNy,31,medium,0,24210,Misc / Tools
RZdtks4i4HNy,32,medium,0,27773,Classification & Modeling
RZdtks4i4HNy,33,easy,1,14173,Data & Features
RZdtks4i4HNy,34,easy,1,14234,Data & Features
RZdtks4i4HNy,35,easy,1,14234,Data & Features
RZdtks4i4HNy,36,medium,1,23230,Data & Features
RZdtks4i4HNy,37,easy,0,22110,Classification & Modeling
RZdtks4i4HNy,38,hard,1,26395,Data & Features
RZdtks4i4HNy,39,easy,1,14338,Data & Features
RZdtks4i4HNy,40,easy,1,9762,Data & Features
RZdtks4i4HNy,41,easy,1,21835,Data & Features
RZdtks4i4HNy,42,easy,1,8227,Data & Features
RZdtks4i4HNy,43,medium,0,25193,Data & Features
RZdtks4i4HNy,44,easy,1,20828,Misc / Tools
RZdtks4i4HNy,45,hard,0,19099,Data & Features
RZdtks4i4HNy,46,easy,0,15610,Data & Features
RZdtks4i4HNy,47,hard,0,19679,Classification & Modeling
RZdtks4i4HNy,48,easy,0,21085,Classification & Modeling
RZdtks4i4HNy,49,hard,0,19099,Data & Features
RZdtks4i4HNy,50,easy,1,16554,Classification & Modeling
RZdtks4i4HNy,51,easy,1,16554,Classification & Modeling
RZdtks4i4HNy,52,easy,1,15032,Data & Features
RZdtks4i4HNy,53,easy,1,11119,Classification & Modeling
RZdtks4i4HNy,54,easy,1,16039,Classification & Modeling
RZdtks4i4HNy,55,easy,1,11316,Classification & Modeling
RZdtks4i4HNy,56,hard,0,19099,Classification & Modeling
RZdtks4i4HNy,57,easy,1,8227,Classification & Modeling
RZdtks4i4HNy,58,easy,1,17146,Classification & Modeling
RZdtks4i4HNy,59,easy,1,13533,Classification & Modeling
RZdtks4i4HNy,60,easy,1,16039,Classification & Modeling
oF1pjrJTOBWB,31,medium,1,25167,Misc / Tools
oF1pjrJTOBWB,32,medium,1,30638,Classification & Modeling
oF1pjrJTOBWB,33,easy,1,14513,Data & Features
oF1pjrJTOBWB,34,easy,1,14524,Data & Features
oF1pjrJTOBWB,35,easy,1,14524,Data & Features
oF1pjrJTOBWB,36,medium,0,26469,Data & Features
oF1pjrJTOBWB,37,easy,1,21711,Classification & Modeling
oF1pjrJTOBWB,38,hard,1,27817,Data & Features
oF1pjrJTOBWB,39,easy,1,14630,Data & Features
oF1pjrJTOBWB,40,easy,1,11101,Data & Features
oF1pjrJTOBWB,41,easy,1,23012,Data & Features
oF1pjrJTOBWB,42,easy,1,8863,Data & Features
oF1pjrJTOBWB,43,medium,0,28470,Data & Features
oF1pjrJTOBWB,44,easy,1,21479,Misc / Tools
oF1pjrJTOBWB,45,hard,0,24779,Data & Features
oF1pjrJTOBWB,46,easy,0,17681,Data & Features
oF1pjrJTOBWB,47,hard,0,23881,Classification & Modeling
oF1pjrJTOBWB,48,easy,1,20616,Classification & Modeling
oF1pjrJTOBWB,49,hard,0,24779,Data & Features
oF1pjrJTOBWB,50,easy,1,16915,Classification & Modeling
oF1pjrJTOBWB,51,easy,1,16915,Classification & Modeling
oF1pjrJTOBWB,52,easy,1,15339,Data & Features
oF1pjrJTOBWB,53,easy,1,11979,Classification & Modeling
oF1pjrJTOBWB,54,easy,1,16367,Classification & Modeling
oF1pjrJTOBWB,55,easy,1,12191,Classification & Modeling
oF1pjrJTOBWB,56,hard,0,24779,Classification & Modeling
oF1pjrJTOBWB,57,easy,1,8863,Classification & Modeling
oF1pjrJTOBWB,58,easy,1,17520,Classification & Modeling
oF1pjrJTOBWB,59,easy,1,13857,Classification & Modeling
oF1pjrJTOBWB,60,easy,1,16367,Classification & Modeling
pS17HUA271Nx,31,medium,0,24365,Misc / Tools
pS17HUA271Nx,32,medium,0,28290,Classification & Modeling
pS17HUA271Nx,33,easy,1,13742,Data & Features
pS17HUA271Nx,34,easy,1,13602,Data & Features
pS17HUA271Nx,35,easy,1,13602,Data & Features
pS17HUA271Nx,36,medium,1,21118,Data & Features
pS17HUA271Nx,37,easy,1,20254,Classification & Modeling
pS17HUA271Nx,38,hard,0,24496,Data & Features
pS17HUA271Nx,39,easy,1,13852,Data & Features
pS17HUA271Nx,40,easy,1,10590,Data & Features
pS17HUA271Nx,41,easy,1,20043,Data & Features
pS17HUA271Nx,42,easy,1,8392,Data & Features
pS17HUA271Nx,43,medium,0,25216,Data & Features
pS17HUA271Nx,44,easy,1,19753,Misc / Tools
pS17HUA271Nx,45,hard,0,21327,Data & Features
pS17HUA271Nx,46,easy,1,13852,Data & Features
pS17HUA271Nx,47,hard,0,20439,Classification & Modeling
pS17HUA271Nx,48,easy,1,19233,Classification & Modeling
pS17HUA271Nx,49,hard,0,21327,Data & Features
pS17HUA271Nx,50,easy,1,16016,Classification & Modeling
pS17HUA271Nx,51,easy,1,16016,Classification & Modeling
pS17HUA271Nx,52,easy,1,14523,Data & Features
pS17HUA271Nx,53,easy,1,11342,Classification & Modeling
pS17HUA271Nx,54,easy,1,14912,Classification & Modeling
pS17HUA271Nx,55,easy,1,11543,Classification & Modeling
pS17HUA271Nx,56,hard,0,21327,Classification & Modeling
pS17HUA271Nx,57,easy,1,8392,Classification & Modeling
pS17HUA271Nx,58,easy,1,16589,Classification & Modeling
pS17HUA271Nx,59,easy,1,13121,Classification & Modeling
pS17HUA271Nx,60,easy,1,14912,Classification & Modeling
tE1MOwmVibN4,31,medium,1,25167,Misc / Tools
tE1MOwmVibN4,32,medium,1,30638,Classification & Modeling
tE1MOwmVibN4,33,easy,1,14513,Data & Features
tE1MOwmVibN4,34,easy,1,14524,Data & Features
tE1MOwmVibN4,35,easy,0,17618,Data & Features
tE1MOwmVibN4,36,medium,0,26469,Data & Features
tE1MOwmVibN4,37,easy,1,21711,Classification & Modeling
tE1MOwmVibN4,38,hard,0,27657,Data & Features
tE1MOwmVibN4,39,easy,1,14630,Data & Features
tE1MOwmVibN4,40,easy,1,11101,Data & Features
tE1MOwmVibN4,41,easy,1,23012,Data & Features
tE1MOwmVibN4,42,easy,1,8863,Data & Features
tE1MOwmVibN4,43,medium,0,28470,Data & Features
tE1MOwmVibN4,44,easy,1,21479,Misc / Tools
tE1MOwmVibN4,45,hard,0,24779,Data & Features
tE1MOwmVibN4,46,easy,1,14630,Data & Features
tE1MOwmVibN4,47,hard,0,23881,Classification & Modeling
tE1MOwmVibN4,48,easy,1,20616,Classification & Modeling
tE1MOwmVibN4,49,hard,0,24779,Data & Features
tE1MOwmVibN4,50,easy,1,16915,Classification & Modeling
tE1MOwmVibN4,51,easy,1,16915,Classification & Modeling
tE1MOwmVibN4,52,easy,1,15339,Data & Features
tE1MOwmVibN4,53,easy,1,11979,Classification & Modeling
tE1MOwmVibN4,54,easy,1,16367,Classification & Modeling
tE1MOwmVibN4,55,easy,1,12191,Classification & Modeling
tE1MOwmVibN4,56,hard,0,24779,Classification & Modeling
tE1MOwmVibN4,57,easy,1,8863,Classification & Modeling
tE1MOwmVibN4,58,easy,0,21687,Classification & Modeling
tE1MOwmVibN4,59,easy,1,13857,Classification & Modeling
tE1MOwmVibN4,60,easy,1,16367,Classification & Modeling
nojDz9QSjRLy,31,medium,1,25167,Misc / Tools
nojDz9QSjRLy,32,medium,1,30638,Classification & Modeling
nojDz9QSjRLy,33,easy,1,14513,Data & Features
nojDz9QSjRLy,34,easy,1,14524,Data & Features
nojDz9QSjRLy,35,easy,1,14524,Data & Features
nojDz9QSjRLy,36,medium,1,24247,Data & Features
nojDz9QSjRLy,37,easy,0,24407,Classification & Modeling
nojDz9QSjRLy,38,hard,0,27657,Data & Features
nojDz9QSjRLy,39,easy,1,14630,Data & Features
nojDz9QSjRLy,40,easy,1,11101,Data & Features
nojDz9QSjRLy,41,easy,1,23012,Data & Features
nojDz9QSjRLy,42,easy,1,8863,Data & Features
nojDz9QSjRLy,43,medium,0,28470,Data & Features
nojDz9QSjRLy,44,easy,1,21479,Misc / Tools
nojDz9QSjRLy,45,hard,0,24779,Data & Features
nojDz9QSjRLy,46,easy,1,14630,Data & Features
nojDz9QSjRLy,47,hard,0,23881,Classification & Modeling
nojDz9QSjRLy,48,easy,1,20616,Classification & Modeling
nojDz9QSjRLy,49,hard,0,24779,Data & Features
nojDz9QSjRLy,50,easy,0,21488,Classification & Modeling
nojDz9QSjRLy,51,easy,0,21488,Classification & Modeling
nojDz9QSjRLy,52,easy,1,15339,Data & Features
nojDz9QSjRLy,53,easy,1,11979,Classification & Modeling
nojDz9QSjRLy,54,easy,1,16367,Classification & Modeling
nojDz9QSjRLy,55,easy,1,12191,Classification & Modeling
nojDz9QSjRLy,56,hard,0,24779,Classification & Modeling
nojDz9QSjRLy,57,easy,1,8863,Classification & Modeling
nojDz9QSjRLy,58,easy,1,17520,Classification & Modeling
nojDz9QSjRLy,59,easy,1,13857,Classification & Modeling
nojDz9QSjRLy,60,easy,1,16367,Classification & Modeling
xbNryveuRsXc,31,medium,1,26573,Misc / Tools
xbNryveuRsXc,32,medium,1,32236,Classification & Modeling
xbNryveuRsXc,33,easy,1,15712,Data & Features
xbNryveuRsXc,34,easy,0,21535,Data & Features
xbNryveuRsXc,35,easy,1,15328,Data & Features
xbNryveuRsXc,36,medium,1,25602,Data & Features
xbNryveuRsXc,37,easy,0,26686,Classification & Modeling
xbNryveuRsXc,38,hard,0,29384,Data & Features
xbNryveuRsXc,39,easy,1,15350,Data & Features
xbNryveuRsXc,40,easy,1,13228,Data & Features
xbNryveuRsXc,41,easy,0,30075,Data & Features
xbNryveuRsXc,42,easy,1,10483,Data & Features
xbNryveuRsXc,43,medium,1,28520,Data & Features
xbNryveuRsXc,44,easy,0,26578,Misc / Tools
xbNryveuRsXc,45,hard,0,24474,Data & Features
xbNryveuRsXc,46,easy,1,15350,Data & Features
xbNryveuRsXc,47,hard,1,27950,Classification & Modeling
xbNryveuRsXc,48,easy,0,25474,Classification & Modeling
xbNryveuRsXc,49,hard,0,24474,Data & Features
xbNryveuRsXc,50,easy,1,17292,Classification & Modeling
xbNryveuRsXc,51,easy,1,17292,Classification & Modeling
xbNryveuRsXc,52,easy,1,15874,Data & Features
xbNryveuRsXc,53,easy,1,14168,Classification & Modeling
xbNryveuRsXc,54,easy,1,16496,Classification & Modeling
xbNryveuRsXc,55,easy,1,14418,Classification & Modeling
xbNryveuRsXc,56,hard,0,24474,Classification & Modeling
xbNryveuRsXc,57,easy,1,10483,Classification & Modeling
xbNryveuRsXc,58,easy,1,17875,Classification & Modeling
xbNryveuRsXc,59,easy,1,15002,Classification & Modeling
xbNryveuRsXc,60,easy,1,16496,Classification & Modeling
iZblYCxqwouC,31,medium,1,29972,Misc / Tools
iZblYCxqwouC,32,medium,1,34728,Classification & Modeling
iZblYCxqwouC,33,easy,1,15901,Data & Features
iZblYCxqwouC,34,easy,1,15512,Data & Features
iZblYCxqwouC,35,easy,1,15512,Data & Features
iZblYCxqwouC,36,medium,1,28877,Data & Features
iZblYCxqwouC,37,easy,1,25043,Classification & Modeling
iZblYCxqwouC,38,hard,0,31161,Data & Features
iZblYCxqwouC,39,easy,1,15725,Data & Features
iZblYCxqwouC,40,easy,1,13247,Data & Features
iZblYCxqwouC,41,easy,1,26701,Data & Features
iZblYCxqwouC,42,easy,1,10498,Data & Features
iZblYCxqwouC,43,medium,1,32168,Data & Features
iZblYCxqwouC,44,easy,1,24759,Misc / Tools
iZblYCxqwouC,45,hard,0,21236,Data & Features
iZblYCxqwouC,46,easy,1,15725,Data & Features
iZblYCxqwouC,47,hard,0,21117,Classification & Modeling
iZblYCxqwouC,48,easy,1,23780,Classification & Modeling
iZblYCxqwouC,49,hard,0,21236,Data & Features
iZblYCxqwouC,50,easy,0,24309,Classification & Modeling
iZblYCxqwouC,51,easy,1,17714,Classification & Modeling
iZblYCxqwouC,52,easy,0,22758,Data & Features
iZblYCxqwouC,53,easy,1,14189,Classification & Modeling
iZblYCxqwouC,54,easy,1,16694,Classification & Modeling
iZblYCxqwouC,55,easy,1,14440,Classification & Modeling
iZblYCxqwouC,56,hard,0,21236,Classification & Modeling
iZblYCxqwouC,57,easy,1,10498,Classification & Modeling
iZblYCxqwouC,58,easy,1,18311,Classification & Modeling
iZblYCxqwouC,59,easy,1,15182,Classification & Modeling
iZblYCxqwouC,60,easy,0,23424,Classification & Modeling
BSLGp0wdoAqj,31,medium,1,22670,Misc / Tools
BSLGp0wdoAqj,32,medium,0,29050,Classification & Modeling
BSLGp0wdoAqj,33,easy,1,13731,Data & Features
BSLGp0wdoAqj,34,easy,1,13767,Data & Features
BSLGp0wdoAqj,35,easy,1,13767,Data & Features
BSLGp0wdoAqj,36,medium,0,24279,Data & Features
BSLGp0wdoAqj,37,easy,0,23319,Classification & Modeling
BSLGp0wdoAqj,38,hard,1,25300,Data & Features
BSLGp0wdoAqj,39,easy,1,13841,Data & Features
BSLGp0wdoAqj,40,easy,1,10581,Data & Features
BSLGp0wdoAqj,41,easy,0,23905,Data & Features
BSLGp0wdoAqj,42,easy,1,8385,Data & Features
BSLGp0wdoAqj,43,medium,1,24654,Data & Features
BSLGp0wdoAqj,44,easy,1,20018,Misc / Tools
BSLGp0wdoAqj,45,hard,0,22198,Data & Features
BSLGp0wdoAqj,46,easy,1,13841,Data & Features
BSLGp0wdoAqj,47,hard,0,21274,Classification & Modeling
BSLGp0wdoAqj,48,easy,1,19344,Classification & Modeling
BSLGp0wdoAqj,49,hard,0,22198,Data & Features
BSLGp0wdoAqj,50,easy,1,16003,Classification & Modeling
BSLGp0wdoAqj,51,easy,1,16003,Classification & Modeling
BSLGp0wdoAqj,52,easy,1,14512,Data & Features
BSLGp0wdoAqj,53,easy,1,11333,Classification & Modeling
BSLGp0wdoAqj,54,easy,0,18276,Classification & Modeling
BSLGp0wdoAqj,55,easy,1,11534,Classification & Modeling
BSLGp0wdoAqj,56,hard,0,22198,Classification & Modeling
BSLGp0wdoAqj,57,easy,1,8385,Classification & Modeling
BSLGp0wdoAqj,58,easy,0,21151,Classification & Modeling
BSLGp0wdoAqj,59,easy,1,13110,Classification & Modeling
BSLGp0wdoAqj,60,easy,1,14900,Classification & Modeling
jMkOnTydcqm6,31,medium,1,25721,Misc / Tools
jMkOnTydcqm6,32,medium,0,35576,Classification & Modeling
jMkOnTydcqm6,33,easy,1,15548,Data & Features
jMkOnTydcqm6,34,easy,1,15128,Data & Features
jMkOnTydcqm6,35,easy,1,15128,Data & Features
jMkOnTydcqm6,36,medium,0,29907,Data & Features
jMkOnTydcqm6,37,easy,0,25648,Classification & Modeling
jMkOnTydcqm6,38,hard,1,28547,Data & Features
jMkOnTydcqm6,39,easy,1,15124,Data & Features
jMkOnTydcqm6,40,easy,1,12900,Data & Features
jMkOnTydcqm6,41,easy,0,28688,Data & Features
jMkOnTydcqm6,42,easy,1,10223,Data & Features
jMkOnTydcqm6,43,medium,1,27605,Data & Features
jMkOnTydcqm6,44,easy,1,21408,Misc / Tools
jMkOnTydcqm6,45,hard,0,25796,Data & Features
jMkOnTydcqm6,46,easy,1,15124,Data & Features
jMkOnTydcqm6,47,hard,0,24722,Classification & Modeling
jMkOnTydcqm6,48,easy,1,20561,Classification & Modeling
jMkOnTydcqm6,49,hard,0,25796,Data & Features
jMkOnTydcqm6,50,easy,1,16911,Classification & Modeling
jMkOnTydcqm6,51,easy,1,16911,Classification & Modeling
jMkOnTydcqm6,52,easy,1,15640,Data & Features
jMkOnTydcqm6,53,easy,1,13817,Classification & Modeling
jMkOnTydcqm6,54,easy,0,22513,Classification & Modeling
jMkOnTydcqm6,55,easy,1,14061,Classification & Modeling
jMkOnTydcqm6,56,hard,0,25796,Classification & Modeling
jMkOnTydcqm6,57,easy,1,10223,Classification & Modeling
jMkOnTydcqm6,58,easy,0,23081,Classification & Modeling
jMkOnTydcqm6,59,easy,1,14845,Classification & Modeling
jMkOnTydcqm6,60,easy,1,16282,Classification & Modeling
32nLuB1xqIO4,31,medium,0,31041,Misc / Tools
32nLuB1xqIO4,32,medium,0,35576,Classification & Modeling
32nLuB1xqIO4,33,easy,0,20936,Data & Features
32nLuB1xqIO4,34,easy,1,15128,Data & Features
32nLuB1xqIO4,35,easy,1,15128,Data & Features
32nLuB1xqIO4,36,medium,1,24781,Data & Features
32nLuB1xqIO4,37,easy,1,21653,Classification & Modeling
32nLuB1xqIO4,38,hard,0,29296,Data & Features
32nLuB1xqIO4,39,easy,1,15124,Data & Features
32nLuB1xqIO4,40,easy,1,12900,Data & Features
32nLuB1xqIO4,41,easy,1,22913,Data & Features
32nLuB1xqIO4,42,easy,1,10223,Data & Features
32nLuB1xqIO4,43,medium,0,31711,Data & Features
32nLuB1xqIO4,44,easy,1,21408,Misc / Tools
32nLuB1xqIO4,45,hard,0,25796,Data & Features
32nLuB1xqIO4,46,easy,1,15124,Data & Features
32nLuB1xqIO4,47,hard,0,24722,Classification & Modeling
32nLuB1xqIO4,48,easy,1,20561,Classification & Modeling
32nLuB1xqIO4,49,hard,0,25796,Data & Features
32nLuB1xqIO4,50,easy,1,16911,Classification & Modeling
32nLuB1xqIO4,51,easy,1,16911,Classification & Modeling
32nLuB1xqIO4,52,easy,1,15640,Data & Features
32nLuB1xqIO4,53,easy,1,13817,Classification & Modeling
32nLuB1xqIO4,54,easy,1,16282,Classification & Modeling
32nLuB1xqIO4,55,easy,1,14061,Classification & Modeling
32nLuB1xqIO4,56,hard,0,25796,Classification & Modeling
32nLuB1xqIO4,57,easy,1,10223,Classification & Modeling
32nLuB1xqIO4,58,easy,1,17480,Classification & Modeling
32nLuB1xqIO4,59,easy,1,14845,Classification & Modeling
32nLuB1xqIO4,60,easy,1,16282,Classification & Modeling
X0HFePMCkBsP,31,medium,0,25460,Misc / Tools
X0HFePMCkBsP,32,medium,1,28154,Classification & Modeling
X0HFePMCkBsP,33,easy,1,13872,Data & Features
X0HFePMCkBsP,34,easy,1,13909,Data & Features
X0HFePMCkBsP,35,easy,1,13909,Data & Features
X0HFePMCkBsP,36,medium,0,24529,Data & Features
X0HFePMCkBsP,37,easy,1,20581,Classification & Modeling
X0HFePMCkBsP,38,hard,1,25561,Data & Features
X0HFePMCkBsP,39,easy,1,13984,Data & Features
X0HFePMCkBsP,40,easy,1,10690,Data & Features
X0HFePMCkBsP,41,easy,1,20943,Data & Features
X0HFePMCkBsP,42,easy,1,8472,Data & Features
X0HFePMCkBsP,43,medium,0,26161,Data & Features
X0HFePMCkBsP,44,easy,1,20224,Misc / Tools
X0HFePMCkBsP,45,hard,0,22427,Data & Features
X0HFePMCkBsP,46,easy,1,13984,Data & Features
X0HFePMCkBsP,47,hard,0,21494,Classification & Modeling
X0HFePMCkBsP,48,easy,0,22490,Classification & Modeling
X0HFePMCkBsP,49,hard,0,22427,Data & Features
X0HFePMCkBsP,50,easy,1,16169,Classification & Modeling
X0HFePMCkBsP,51,easy,0,21174,Classification & Modeling
X0HFePMCkBsP,52,easy,1,14662,Data & Features
X0HFePMCkBsP,53,easy,1,11450,Classification & Modeling
X0HFePMCkBsP,54,easy,1,15054,Classification & Modeling
X0HFePMCkBsP,55,easy,1,11653,Classification & Modeling
X0HFePMCkBsP,56,hard,0,22427,Classification & Modeling
X0HFePMCkBsP,57,easy,1,8472,Classification & Modeling
X0HFePMCkBsP,58,easy,1,16746,Classification & Modeling
X0HFePMCkBsP,59,easy,1,13246,Classification & Modeling
X0HFePMCkBsP,60,easy,1,15054,Classification & Modeling
zeQInY6w8eBY,31,medium,0,29755,Misc / Tools
zeQInY6w8eBY,32,medium,1,30569,Classification & Modeling
zeQInY6w8eBY,33,easy,1,15677,Data & Features
zeQInY6w8eBY,34,easy,1,15254,Data & Features
zeQInY6w8eBY,35,easy,1,15254,Data & Features
zeQInY6w8eBY,36,medium,0,28667,Data & Features
zeQInY6w8eBY,37,easy,1,21543,Classification & Modeling
zeQInY6w8eBY,38,hard,0,28783,Data & Features
zeQInY6w8eBY,39,easy,1,15250,Data & Features
zeQInY6w8eBY,40,easy,1,13008,Data & Features
zeQInY6w8eBY,41,easy,1,22448,Data & Features
zeQInY6w8eBY,42,easy,1,10308,Data & Features
zeQInY6w8eBY,43,medium,1,27045,Data & Features
zeQInY6w8eBY,44,easy,1,21300,Misc / Tools
zeQInY6w8eBY,45,hard,0,25345,Data & Features
zeQInY6w8eBY,46,easy,1,15250,Data & Features
zeQInY6w8eBY,47,hard,0,24290,Classification & Modeling
zeQInY6w8eBY,48,easy,1,20457,Classification & Modeling
zeQInY6w8eBY,49,hard,0,25345,Data & Features
zeQInY6w8eBY,50,easy,1,17051,Classification & Modeling
zeQInY6w8eBY,51,easy,1,17051,Classification & Modeling
zeQInY6w8eBY,52,easy,1,15770,Data & Features
zeQInY6w8eBY,53,easy,1,13932,Classification & Modeling
zeQInY6w8eBY,54,easy,1,16417,Classification & Modeling
zeQInY6w8eBY,55,easy,1,14178,Classification & Modeling
zeQInY6w8eBY,56,hard,0,25345,Classification & Modeling
zeQInY6w8eBY,57,easy,1,10308,Classification & Modeling
zeQInY6w8eBY,58,easy,1,17392,Classification & Modeling
zeQInY6w8eBY,59,easy,1,14968,Classification & Modeling
zeQInY6w8eBY,60,easy,1,16417,Classification & Modeling
jxlFWYs7WyTt,31,medium,1,22670,Misc / Tools
jxlFWYs7WyTt,32,medium,0,29050,Classification & Modeling
jxlFWYs7WyTt,33,easy,1,13731,Data & Features
jxlFWYs7WyTt,34,easy,1,13767,Data & Features
jxlFWYs7WyTt,35,easy,1,13767,Data & Features
jxlFWYs7WyTt,36,medium,0,24279,Data & Features
jxlFWYs7WyTt,37,easy,0,23319,Classification & Modeling
jxlFWYs7WyTt,38,hard,1,25300,Data & Features
jxlFWYs7WyTt,39,easy,1,13841,Data & Features
jxlFWYs7WyTt,40,easy,1,10581,Data & Features
jxlFWYs7WyTt,41,easy,0,23905,Data & Features
jxlFWYs7WyTt,42,easy,1,8385,Data & Features
jxlFWYs7WyTt,43,medium,1,24654,Data & Features
jxlFWYs7WyTt,44,easy,1,20018,Misc / Tools
jxlFWYs7WyTt,45,hard,0,22198,Data & Features
jxlFWYs7WyTt,46,easy,1,13841,Data & Features
jxlFWYs7WyTt,47,hard,0,21274,Classification & Modeling
jxlFWYs7WyTt,48,easy,1,19344,Classification & Modeling
jxlFWYs7WyTt,49,hard,0,22198,Data & Features
jxlFWYs7WyTt,50,easy,1,16003,Classification & Modeling
jxlFWYs7WyTt,51,easy,1,16003,Classification & Modeling
jxlFWYs7WyTt,52,easy,1,14512,Data & Features
jxlFWYs7WyTt,53,easy,1,11333,Classification & Modeling
jxlFWYs7WyTt,54,easy,0,18276,Classification & Modeling
jxlFWYs7WyTt,55,easy,1,11534,Classification & Modeling
jxlFWYs7WyTt,56,hard,0,22198,Classification & Modeling
jxlFWYs7WyTt,57,easy,1,8385,Classification & Modeling
jxlFWYs7WyTt,58,easy,0,21151,Classification & Modeling
jxlFWYs7WyTt,59,easy,1,13110,Classification & Modeling
jxlFWYs7WyTt,60,easy,1,14900,Classification & Modeling
BJE8NOUNFGYz,31,medium,1,23028,Misc / Tools
BJE8NOUNFGYz,32,medium,1,28239,Classification & Modeling
BJE8NOUNFGYz,33,easy,1,13401,Data & Features
BJE8NOUNFGYz,34,easy,1,13411,Data & Features
BJE8NOUNFGYz,35,easy,1,13411,Data & Features
BJE8NOUNFGYz,36,medium,0,24702,Data & Features
BJE8NOUNFGYz,37,easy,1,19866,Classification & Modeling
BJE8NOUNFGYz,38,hard,1,25638,Data & Features
BJE8NOUNFGYz,39,easy,1,13509,Data & Features
BJE8NOUNFGYz,40,easy,1,10313,Data & Features
BJE8NOUNFGYz,41,easy,1,21057,Data & Features
BJE8NOUNFGYz,42,easy,1,8234,Data & Features
BJE8NOUNFGYz,43,medium,1,24803,Data & Features
BJE8NOUNFGYz,44,easy,1,19653,Misc / Tools
BJE8NOUNFGYz,45,hard,0,22747,Data & Features
BJE8NOUNFGYz,46,easy,1,13509,Data & Features
BJE8NOUNFGYz,47,hard,0,21923,Classification & Modeling
BJE8NOUNFGYz,48,easy,0,21815,Classification & Modeling
BJE8NOUNFGYz,49,hard,0,22747,Data & Features
BJE8NOUNFGYz,50,easy,0,20053,Classification & Modeling
BJE8NOUNFGYz,51,easy,0,20053,Classification & Modeling
BJE8NOUNFGYz,52,easy,1,14035,Data & Features
BJE8NOUNFGYz,53,easy,1,11129,Classification & Modeling
BJE8NOUNFGYz,54,easy,1,15112,Classification & Modeling
BJE8NOUNFGYz,55,easy,1,11326,Classification & Modeling
BJE8NOUNFGYz,56,hard,0,22747,Classification & Modeling
BJE8NOUNFGYz,57,easy,1,8234,Classification & Modeling
BJE8NOUNFGYz,58,easy,1,16031,Classification & Modeling
BJE8NOUNFGYz,59,easy,1,12795,Classification & Modeling
BJE8NOUNFGYz,60,easy,1,15112,Classification & Modeling
aKKO0pyKuBaK,31,medium,1,22670,Misc / Tools
aKKO0pyKuBaK,32,medium,0,29050,Classification & Modeling
aKKO0pyKuBaK,33,easy,1,13731,Data & Features
aKKO0pyKuBaK,34,easy,1,13767,Data & Features
aKKO0pyKuBaK,35,easy,1,13767,Data & Features
aKKO0pyKuBaK,36,medium,1,21841,Data & Features
aKKO0pyKuBaK,37,easy,1,20371,Classification & Modeling
aKKO0pyKuBaK,38,hard,0,25154,Data & Features
aKKO0pyKuBaK,39,easy,1,13841,Data & Features
aKKO0pyKuBaK,40,easy,1,10581,Data & Features
aKKO0pyKuBaK,41,easy,1,20729,Data & Features
aKKO0pyKuBaK,42,easy,1,8385,Data & Features
aKKO0pyKuBaK,43,medium,0,25894,Data & Features
aKKO0pyKuBaK,44,easy,0,22953,Misc / Tools
aKKO0pyKuBaK,45,hard,0,22198,Data & Features
aKKO0pyKuBaK,46,easy,1,13841,Data & Features
aKKO0pyKuBaK,47,hard,0,21274,Classification & Modeling
aKKO0pyKuBaK,48,easy,1,19344,Classification & Modeling
aKKO0pyKuBaK,49,hard,0,22198,Data & Features
aKKO0pyKuBaK,50,easy,1,16003,Classification & Modeling
aKKO0pyKuBaK,51,easy,0,20958,Classification & Modeling
aKKO0pyKuBaK,52,easy,1,14512,Data & Features
aKKO0pyKuBaK,53,easy,1,11333,Classification & Modeling
aKKO0pyKuBaK,54,easy,1,14900,Classification & Modeling
aKKO0pyKuBaK,55,easy,1,11534,Classification & Modeling
aKKO0pyKuBaK,56,hard,0,22198,Classification & Modeling
aKKO0pyKuBaK,57,easy,1,8385,Classification & Modeling
aKKO0pyKuBaK,58,easy,1,16575,Classification & Modeling
aKKO0pyKuBaK,59,easy,1,13110,Classification & Modeling
aKKO0pyKuBaK,60,easy,1,14900,Classification & Modeling
0rzpTGhVxVJU,31,medium,1,24111,Misc / Tools
0rzpTGhVxVJU,32,medium,0,27944,Classification & Modeling
0rzpTGhVxVJU,33,easy,1,14173,Data & Features
0rzpTGhVxVJU,34,easy,1,14234,Data & Features
0rzpTGhVxVJU,35,easy,1,14234,Data & Features
0rzpTGhVxVJU,36,medium,1,23230,Data & Features
0rzpTGhVxVJU,37,easy,1,21199,Classification & Modeling
0rzpTGhVxVJU,38,hard,0,24649,Data & Features
0rzpTGhVxVJU,39,easy,1,14338,Data & Features
0rzpTGhVxVJU,40,easy,1,9762,Data & Features
0rzpTGhVxVJU,41,easy,1,21835,Data & Features
0rzpTGhVxVJU,42,easy,1,8227,Data & Features
0rzpTGhVxVJU,43,medium,1,25721,Data & Features
0rzpTGhVxVJU,44,easy,1,20828,Misc / Tools
0rzpTGhVxVJU,45,hard,0,19216,Data & Features
0rzpTGhVxVJU,46,easy,0,15706,Data & Features
0rzpTGhVxVJU,47,hard,0,19800,Classification & Modeling
0rzpTGhVxVJU,48,easy,1,20130,Classification & Modeling
0rzpTGhVxVJU,49,hard,0,19216,Data & Features
0rzpTGhVxVJU,50,easy,0,18555,Classification & Modeling
0rzpTGhVxVJU,51,easy,1,16554,Classification & Modeling
0rzpTGhVxVJU,52,easy,1,15032,Data & Features
0rzpTGhVxVJU,53,easy,1,11119,Classification & Modeling
0rzpTGhVxVJU,54,easy,1,16039,Classification & Modeling
0rzpTGhVxVJU,55,easy,1,11316,Classification & Modeling
0rzpTGhVxVJU,56,hard,0,19216,Classification & Modeling
0rzpTGhVxVJU,57,easy,1,8227,Classification & Modeling
0rzpTGhVxVJU,58,easy,1,17146,Classification & Modeling
0rzpTGhVxVJU,59,easy,1,13533,Classification & Modeling
0rzpTGhVxVJU,60,easy,1,16039,Classification & Modeling
Kji96af6kzzA,31,medium,0,27386,Misc / Tools
Kji96af6kzzA,32,medium,0,31839,Classification & Modeling
Kji96af6kzzA,33,easy,1,14467,Data & Features
Kji96af6kzzA,34,easy,1,14478,Data & Features
Kji96af6kzzA,35,easy,1,14478,Data & Features
Kji96af6kzzA,36,medium,1,24170,Data & Features
Kji96af6kzzA,37,easy,1,21642,Classification & Modeling
Kji96af6kzzA,38,hard,0,27569,Data & Features
Kji96af6kzzA,39,easy,1,14584,Data & Features
Kji96af6kzzA,40,easy,1,11066,Data & Features
Kji96af6kzzA,41,easy,1,22940,Data & Features
Kji96af6kzzA,42,easy,1,8835,Data & Features
Kji96af6kzzA,43,medium,0,28380,Data & Features
Kji96af6kzzA,44,easy,1,21411,Misc / Tools
Kji96af6kzzA,45,hard,0,24700,Data & Features
Kji96af6kzzA,46,easy,1,14584,Data & Features
Kji96af6kzzA,47,hard,0,23806,Classification & Modeling
Kji96af6kzzA,48,easy,0,23302,Classification & Modeling
Kji96af6kzzA,49,hard,0,24700,Data & Features
Kji96af6kzzA,50,easy,1,16862,Classification & Modeling
Kji96af6kzzA,51,easy,1,16862,Classification & Modeling
Kji96af6kzzA,52,easy,1,15290,Data & Features
Kji96af6kzzA,53,easy,1,11941,Classification & Modeling
Kji96af6kzzA,54,easy,1,16315,Classification & Modeling
Kji96af6kzzA,55,easy,1,12152,Classification & Modeling
Kji96af6kzzA,56,hard,0,24700,Classification & Modeling
Kji96af6kzzA,57,easy,1,8835,Classification & Modeling
Kji96af6kzzA,58,easy,1,17465,Classification & Modeling
Kji96af6kzzA,59,easy,1,13814,Classification & Modeling
Kji96af6kzzA,60,easy,1,16315,Classification & Modeling
lOuE9tkR89Pk,31,medium,0,24365,Misc / Tools
lOuE9tkR89Pk,32,medium,0,28290,Classification & Modeling
lOuE9tkR89Pk,33,easy,1,13742,Data & Features
lOuE9tkR89Pk,34,easy,1,13602,Data & Features
lOuE9tkR89Pk,35,easy,1,13602,Data & Features
lOuE9tkR89Pk,36,medium,1,21118,Data & Features
lOuE9tkR89Pk,37,easy,1,20254,Classification & Modeling
lOuE9tkR89Pk,38,hard,0,24496,Data & Features
lOuE9tkR89Pk,39,easy,1,13852,Data & Features
lOuE9tkR89Pk,40,easy,1,10590,Data & Features
lOuE9tkR89Pk,41,easy,1,20043,Data & Features
lOuE9tkR89Pk,42,easy,1,8392,Data & Features
lOuE9tkR89Pk,43,medium,0,25216,Data & Features
lOuE9tkR89Pk,44,easy,1,19753,Misc / Tools
lOuE9tkR89Pk,45,hard,0,21327,Data & Features
lOuE9tkR89Pk,46,easy,1,13852,Data & Features
lOuE9tkR89Pk,47,hard,0,20439,Classification & Modeling
lOuE9tkR89Pk,48,easy,0,22132,Classification & Modeling
lOuE9tkR89Pk,49,hard,0,21327,Data & Features
lOuE9tkR89Pk,50,easy,1,16016,Classification & Modeling
lOuE9tkR89Pk,51,easy,1,16016,Classification & Modeling
lOuE9tkR89Pk,52,easy,1,14523,Data & Features
lOuE9tkR89Pk,53,easy,1,11342,Classification & Modeling
lOuE9tkR89Pk,54,easy,1,14912,Classification & Modeling
lOuE9tkR89Pk,55,easy,1,11543,Classification & Modeling
lOuE9tkR89Pk,56,hard,0,21327,Classification & Modeling
lOuE9tkR89Pk,57,easy,1,8392,Classification & Modeling
lOuE9tkR89Pk,58,easy,1,16589,Classification & Modeling
lOuE9tkR89Pk,59,easy,1,13121,Classification & Modeling
lOuE9tkR89Pk,60,easy,1,14912,Classification & Modeling
QblvTIly9IZU,31,medium,1,26503,Misc / Tools
QblvTIly9IZU,32,medium,1,32265,Classification & Modeling
QblvTIly9IZU,33,easy,1,15284,Data & Features
QblvTIly9IZU,34,easy,1,15295,Data & Features
QblvTIly9IZU,35,easy,1,15295,Data & Features
QblvTIly9IZU,36,medium,1,25534,Data & Features
QblvTIly9IZU,37,easy,1,22863,Classification & Modeling
QblvTIly9IZU,38,hard,1,29294,Data & Features
QblvTIly9IZU,39,easy,1,15407,Data & Features
QblvTIly9IZU,40,easy,1,11762,Data & Features
QblvTIly9IZU,41,easy,1,24234,Data & Features
QblvTIly9IZU,42,easy,1,9391,Data & Features
QblvTIly9IZU,43,medium,1,28546,Data & Features
QblvTIly9IZU,44,easy,0,24689,Misc / Tools
QblvTIly9IZU,45,hard,0,25290,Data & Features
QblvTIly9IZU,46,easy,0,18049,Data & Features
QblvTIly9IZU,47,hard,0,24374,Classification & Modeling
QblvTIly9IZU,48,easy,0,23862,Classification & Modeling
QblvTIly9IZU,49,hard,0,25290,Data & Features
QblvTIly9IZU,50,easy,1,17813,Classification & Modeling
QblvTIly9IZU,51,easy,1,17813,Classification & Modeling
QblvTIly9IZU,52,easy,1,16153,Data & Features
QblvTIly9IZU,53,easy,0,16545,Classification & Modeling
QblvTIly9IZU,54,easy,1,17236,Classification & Modeling
QblvTIly9IZU,55,easy,1,12918,Classification & Modeling
QblvTIly9IZU,56,hard,0,25290,Classification & Modeling
QblvTIly9IZU,57,easy,1,9391,Classification & Modeling
QblvTIly9IZU,58,easy,0,22138,Classification & Modeling
QblvTIly9IZU,59,easy,1,14593,Classification & Modeling
QblvTIly9IZU,60,easy,1,17236,Classification & Modeling
SpXSTCkMzPni,31,medium,0,32542,Misc / Tools
SpXSTCkMzPni,32,medium,0,37297,Classification & Modeling
SpXSTCkMzPni,33,easy,1,15712,Data & Features
SpXSTCkMzPni,34,easy,1,15328,Data & Features
SpXSTCkMzPni,35,easy,1,15328,Data & Features
SpXSTCkMzPni,36,medium,1,25602,Data & Features
SpXSTCkMzPni,37,easy,1,22203,Classification & Modeling
SpXSTCkMzPni,38,hard,0,29384,Data & Features
SpXSTCkMzPni,39,easy,0,21538,Data & Features
SpXSTCkMzPni,40,easy,1,13228,Data & Features
SpXSTCkMzPni,41,easy,0,30075,Data & Features
SpXSTCkMzPni,42,easy,1,10483,Data & Features
SpXSTCkMzPni,43,medium,1,28520,Data & Features
SpXSTCkMzPni,44,easy,1,21952,Misc / Tools
SpXSTCkMzPni,45,hard,0,24474,Data & Features
SpXSTCkMzPni,46,easy,1,15350,Data & Features
SpXSTCkMzPni,47,hard,0,24337,Classification & Modeling
SpXSTCkMzPni,48,easy,0,25474,Classification & Modeling
SpXSTCkMzPni,49,hard,0,24474,Data & Features
SpXSTCkMzPni,50,easy,1,17292,Classification & Modeling
SpXSTCkMzPni,51,easy,1,17292,Classification & Modeling
SpXSTCkMzPni,52,easy,1,15874,Data & Features
SpXSTCkMzPni,53,easy,1,14168,Classification & Modeling
SpXSTCkMzPni,54,easy,1,16496,Classification & Modeling
SpXSTCkMzPni,55,easy,1,14418,Classification & Modeling
SpXSTCkMzPni,56,hard,0,24474,Classification & Modeling
SpXSTCkMzPni,57,easy,1,10483,Classification & Modeling
SpXSTCkMzPni,58,easy,1,17875,Classification & Modeling
SpXSTCkMzPni,59,easy,1,15002,Classification & Modeling
SpXSTCkMzPni,60,easy,1,16496,Classification & Modeling
QJccKPT4nu7V,31,medium,0,31041,Misc / Tools
QJccKPT4nu7V,32,medium,1,31202,Classification & Modeling
QJccKPT4nu7V,33,easy,0,20936,Data & Features
QJccKPT4nu7V,34,easy,1,15128,Data & Features
QJccKPT4nu7V,35,easy,1,15128,Data & Features
QJccKPT4nu7V,36,medium,1,24781,Data & Features
QJccKPT4nu7V,37,easy,0,25648,Classification & Modeling
QJccKPT4nu7V,38,hard,1,28547,Data & Features
QJccKPT4nu7V,39,easy,1,15124,Data & Features
QJccKPT4nu7V,40,easy,1,12900,Data & Features
QJccKPT4nu7V,41,easy,1,22913,Data & Features
QJccKPT4nu7V,42,easy,1,10223,Data & Features
QJccKPT4nu7V,43,medium,1,27605,Data & Features
QJccKPT4nu7V,44,easy,1,21408,Misc / Tools
QJccKPT4nu7V,45,hard,0,25796,Data & Features
QJccKPT4nu7V,46,easy,1,15124,Data & Features
QJccKPT4nu7V,47,hard,0,24722,Classification & Modeling
QJccKPT4nu7V,48,easy,1,20561,Classification & Modeling
QJccKPT4nu7V,49,hard,0,25796,Data & Features
QJccKPT4nu7V,50,easy,1,16911,Classification & Modeling
QJccKPT4nu7V,51,easy,1,16911,Classification & Modeling
QJccKPT4nu7V,52,easy,1,15640,Data & Features
QJccKPT4nu7V,53,easy,1,13817,Classification & Modeling
QJccKPT4nu7V,54,easy,1,16282,Classification & Modeling
QJccKPT4nu7V,55,easy,1,14061,Classification & Modeling
QJccKPT4nu7V,56,hard,0,25796,Classification & Modeling
QJccKPT4nu7V,57,easy,0,13493,Classification & Modeling
QJccKPT4nu7V,58,easy,1,17480,Classification & Modeling
QJccKPT4nu7V,59,easy,1,14845,Classification & Modeling
QJccKPT4nu7V,60,easy,0,22513,Classification & Modeling
bWRj9XHmvXaq,31,medium,1,22670,Misc / Tools
bWRj9XHmvXaq,32,medium,1,27866,Classification & Modeling
bWRj9XHmvXaq,33,easy,1,13731,Data & Features
bWRj9XHmvXaq,34,easy,1,13767,Data & Features
bWRj9XHmvXaq,35,easy,1,13767,Data & Features
bWRj9XHmvXaq,36,medium,0,24279,Data & Features
bWRj9XHmvXaq,37,easy,1,20371,Classification & Modeling
bWRj9XHmvXaq,38,hard,0,25154,Data & Features
bWRj9XHmvXaq,39,easy,1,13841,Data & Features
bWRj9XHmvXaq,40,easy,1,10581,Data & Features
bWRj9XHmvXaq,41,easy,0,23905,Data & Features
bWRj9XHmvXaq,42,easy,1,8385,Data & Features
bWRj9XHmvXaq,43,medium,0,25894,Data & Features
bWRj9XHmvXaq,44,easy,1,20018,Misc / Tools
bWRj9XHmvXaq,45,hard,0,22198,Data & Features
bWRj9XHmvXaq,46,easy,1,13841,Data & Features
bWRj9XHmvXaq,47,hard,0,21274,Classification & Modeling
bWRj9XHmvXaq,48,easy,1,19344,Classification & Modeling
bWRj9XHmvXaq,49,hard,0,22198,Data & Features
bWRj9XHmvXaq,50,easy,1,16003,Classification & Modeling
bWRj9XHmvXaq,51,easy,1,16003,Classification & Modeling
bWRj9XHmvXaq,52,easy,1,14512,Data & Features
bWRj9XHmvXaq,53,easy,1,11333,Classification & Modeling
bWRj9XHmvXaq,54,easy,1,14900,Classification & Modeling
bWRj9XHmvXaq,55,easy,0,15467,Classification & Modeling
bWRj9XHmvXaq,56,hard,0,22198,Classification & Modeling
bWRj9XHmvXaq,57,easy,1,8385,Classification & Modeling
bWRj9XHmvXaq,58,easy,1,16575,Classification & Modeling
bWRj9XHmvXaq,59,easy,1,13110,Classification & Modeling
bWRj9XHmvXaq,60,easy,1,14900,Classification & Modeling
oXHAAQD8R9lF,31,medium,0,25149,Misc / Tools
oXHAAQD8R9lF,32,medium,0,28851,Classification & Modeling
oXHAAQD8R9lF,33,easy,1,18371,Data & Features
oXHAAQD8R9lF,34,easy,1,18450,Data & Features
oXHAAQD8R9lF,35,easy,1,18450,Data & Features
oXHAAQD8R9lF,36,medium,1,23588,Data & Features
oXHAAQD8R9lF,37,easy,1,21630,Classification & Modeling
oXHAAQD8R9lF,38,hard,0,25466,Data & Features
oXHAAQD8R9lF,39,easy,1,18584,Data & Features
oXHAAQD8R9lF,40,easy,1,12797,Data & Features
oXHAAQD8R9lF,41,easy,1,22170,Data & Features
oXHAAQD8R9lF,42,easy,1,10785,Data & Features
oXHAAQD8R9lF,43,medium,0,26171,Data & Features
oXHAAQD8R9lF,44,easy,1,21252,Misc / Tools
oXHAAQD8R9lF,45,hard,0,19853,Data & Features
oXHAAQD8R9lF,46,easy,1,18584,Data & Features
oXHAAQD8R9lF,47,hard,0,20456,Classification & Modeling
oXHAAQD8R9lF,48,easy,1,20540,Classification & Modeling
oXHAAQD8R9lF,49,hard,0,19853,Data & Features
oXHAAQD8R9lF,50,easy,0,20440,Classification & Modeling
oXHAAQD8R9lF,51,easy,1,17884,Classification & Modeling
oXHAAQD8R9lF,52,easy,0,22621,Data & Features
oXHAAQD8R9lF,53,easy,1,14576,Classification & Modeling
oXHAAQD8R9lF,54,easy,1,20790,Classification & Modeling
oXHAAQD8R9lF,55,easy,1,14834,Classification & Modeling
oXHAAQD8R9lF,56,hard,0,19853,Classification & Modeling
oXHAAQD8R9lF,57,easy,1,10785,Classification & Modeling
oXHAAQD8R9lF,58,easy,1,18523,Classification & Modeling
oXHAAQD8R9lF,59,easy,1,17541,Classification & Modeling
oXHAAQD8R9lF,60,easy,1,20790,Classification & Modeling
HDHPHpQGlRLt,31,medium,1,29972,Misc / Tools
HDHPHpQGlRLt,32,medium,1,34728,Classification & Modeling
HDHPHpQGlRLt,33,easy,1,15901,Data & Features
HDHPHpQGlRLt,34,easy,1,15512,Data & Features
HDHPHpQGlRLt,35,easy,1,15512,Data & Features
HDHPHpQGlRLt,36,medium,0,35363,Data & Features
HDHPHpQGlRLt,37,easy,1,25043,Classification & Modeling
HDHPHpQGlRLt,38,hard,0,31161,Data & Features
HDHPHpQGlRLt,39,easy,0,22064,Data & Features
HDHPHpQGlRLt,40,easy,1,13247,Data & Features
HDHPHpQGlRLt,41,easy,0,33922,Data & Features
HDHPHpQGlRLt,42,easy,1,10498,Data & Features
HDHPHpQGlRLt,43,medium,1,32168,Data & Features
HDHPHpQGlRLt,44,easy,0,29977,Misc / Tools
HDHPHpQGlRLt,45,hard,0,21236,Data & Features
HDHPHpQGlRLt,46,easy,1,15725,Data & Features
HDHPHpQGlRLt,47,hard,0,21117,Classification & Modeling
HDHPHpQGlRLt,48,easy,1,23780,Classification & Modeling
HDHPHpQGlRLt,49,hard,0,21236,Data & Features
HDHPHpQGlRLt,50,easy,1,17714,Classification & Modeling
HDHPHpQGlRLt,51,easy,1,17714,Classification & Modeling
HDHPHpQGlRLt,52,easy,1,16262,Data & Features
HDHPHpQGlRLt,53,easy,1,14189,Classification & Modeling
HDHPHpQGlRLt,54,easy,1,16694,Classification & Modeling
HDHPHpQGlRLt,55,easy,1,14440,Classification & Modeling
HDHPHpQGlRLt,56,hard,0,21236,Classification & Modeling
HDHPHpQGlRLt,57,easy,1,10498,Classification & Modeling
HDHPHpQGlRLt,58,easy,1,18311,Classification & Modeling
HDHPHpQGlRLt,59,easy,1,15182,Classification & Modeling
HDHPHpQGlRLt,60,easy,1,16694,Classification & Modeling
WZiibWz2DWRQ,31,medium,1,23069,Misc / Tools
WZiibWz2DWRQ,32,medium,0,29562,Classification & Modeling
WZiibWz2DWRQ,33,easy,1,15322,Data & Features
WZiibWz2DWRQ,34,easy,1,14909,Data & Features
WZiibWz2DWRQ,35,easy,1,14909,Data & Features
WZiibWz2DWRQ,36,medium,0,24706,Data & Features
WZiibWz2DWRQ,37,easy,1,20730,Classification & Modeling
WZiibWz2DWRQ,38,hard,0,25597,Data & Features
WZiibWz2DWRQ,39,easy,1,14941,Data & Features
WZiibWz2DWRQ,40,easy,1,12713,Data & Features
WZiibWz2DWRQ,41,easy,1,21094,Data & Features
WZiibWz2DWRQ,42,easy,0,12881,Data & Features
WZiibWz2DWRQ,43,medium,1,25088,Data & Features
WZiibWz2DWRQ,44,easy,1,20370,Misc / Tools
WZiibWz2DWRQ,45,hard,0,22589,Data & Features
WZiibWz2DWRQ,46,easy,1,14941,Data & Features
WZiibWz2DWRQ,47,hard,0,21649,Classification & Modeling
WZiibWz2DWRQ,48,easy,1,19685,Classification & Modeling
WZiibWz2DWRQ,49,hard,0,22589,Data & Features
WZiibWz2DWRQ,50,easy,0,21494,Classification & Modeling
WZiibWz2DWRQ,51,easy,0,21494,Classification & Modeling
WZiibWz2DWRQ,52,easy,1,15359,Data & Features
WZiibWz2DWRQ,53,easy,1,13616,Classification & Modeling
WZiibWz2DWRQ,54,easy,1,16084,Classification & Modeling
WZiibWz2DWRQ,55,easy,1,13857,Classification & Modeling
WZiibWz2DWRQ,56,hard,0,22589,Classification & Modeling
WZiibWz2DWRQ,57,easy,1,10075,Classification & Modeling
WZiibWz2DWRQ,58,easy,1,17000,Classification & Modeling
WZiibWz2DWRQ,59,easy,1,14629,Classification & Modeling
WZiibWz2DWRQ,60,easy,1,16084,Classification & Modeling
AwYMPKmPfMTD,31,medium,0,27777,Misc / Tools
AwYMPKmPfMTD,32,medium,0,32294,Classification & Modeling
AwYMPKmPfMTD,33,easy,1,15415,Data & Features
AwYMPKmPfMTD,34,easy,1,15218,Data & Features
AwYMPKmPfMTD,35,easy,1,15218,Data & Features
AwYMPKmPfMTD,36,medium,0,26762,Data & Features
AwYMPKmPfMTD,37,easy,0,24677,Classification & Modeling
AwYMPKmPfMTD,38,hard,1,28650,Data & Features
AwYMPKmPfMTD,39,easy,1,15329,Data & Features
AwYMPKmPfMTD,40,easy,1,12329,Data & Features
AwYMPKmPfMTD,41,easy,0,26350,Data & Features
AwYMPKmPfMTD,42,easy,1,9844,Data & Features
AwYMPKmPfMTD,43,medium,1,27919,Data & Features
AwYMPKmPfMTD,44,easy,1,22122,Misc / Tools
AwYMPKmPfMTD,45,hard,0,25048,Data & Features
AwYMPKmPfMTD,46,easy,1,15329,Data & Features
AwYMPKmPfMTD,47,hard,0,24141,Classification & Modeling
AwYMPKmPfMTD,48,easy,1,21234,Classification & Modeling
AwYMPKmPfMTD,49,hard,0,25048,Data & Features
AwYMPKmPfMTD,50,easy,1,17723,Classification & Modeling
AwYMPKmPfMTD,51,easy,1,17723,Classification & Modeling
AwYMPKmPfMTD,52,easy,1,16072,Data & Features
AwYMPKmPfMTD,53,easy,1,13304,Classification & Modeling
AwYMPKmPfMTD,54,easy,0,20344,Classification & Modeling
AwYMPKmPfMTD,55,easy,1,13540,Classification & Modeling
AwYMPKmPfMTD,56,hard,0,25048,Classification & Modeling
AwYMPKmPfMTD,57,easy,1,9844,Classification & Modeling
AwYMPKmPfMTD,58,easy,0,22306,Classification & Modeling
AwYMPKmPfMTD,59,easy,1,14718,Classification & Modeling
AwYMPKmPfMTD,60,easy,1,17148,Classification & Modeling
8JOElN1piVew,31,medium,1,23069,Misc / Tools
8JOElN1piVew,32,medium,0,29562,Classification & Modeling
8JOElN1piVew,33,easy,1,15322,Data & Features
8JOElN1piVew,34,easy,1,14909,Data & Features
8JOElN1piVew,35,easy,1,14909,Data & Features
8JOElN1piVew,36,medium,0,24706,Data & Features
8JOElN1piVew,37,easy,0,23730,Classification & Modeling
8JOElN1piVew,38,hard,1,25746,Data & Features
8JOElN1piVew,39,easy,0,19965,Data & Features
8JOElN1piVew,40,easy,1,12713,Data & Features
8JOElN1piVew,41,easy,0,24326,Data & Features
8JOElN1piVew,42,easy,1,10075,Data & Features
8JOElN1piVew,43,medium,1,25088,Data & Features
8JOElN1piVew,44,easy,1,20370,Misc / Tools
8JOElN1piVew,45,hard,0,22589,Data & Features
8JOElN1piVew,46,easy,1,14941,Data & Features
8JOElN1piVew,47,hard,0,21649,Classification & Modeling
8JOElN1piVew,48,easy,1,19685,Classification & Modeling
8JOElN1piVew,49,hard,0,22589,Data & Features
8JOElN1piVew,50,easy,1,16446,Classification & Modeling
8JOElN1piVew,51,easy,1,16446,Classification & Modeling
8JOElN1piVew,52,easy,1,15359,Data & Features
8JOElN1piVew,53,easy,1,13616,Classification & Modeling
8JOElN1piVew,54,easy,0,21493,Classification & Modeling
8JOElN1piVew,55,easy,1,13857,Classification & Modeling
8JOElN1piVew,56,hard,0,22589,Classification & Modeling
8JOElN1piVew,57,easy,1,10075,Classification & Modeling
8JOElN1piVew,58,easy,0,21693,Classification & Modeling
8JOElN1piVew,59,easy,1,14629,Classification & Modeling
8JOElN1piVew,60,easy,1,16084,Classification & Modeling
sg62FVLFX6BW,31,medium,1,25087,Misc / Tools
sg62FVLFX6BW,32,medium,0,31839,Classification & Modeling
sg62FVLFX6BW,33,easy,1,14467,Data & Features
sg62FVLFX6BW,34,easy,1,14478,Data & Features
sg62FVLFX6BW,35,easy,1,14478,Data & Features
sg62FVLFX6BW,36,medium,0,26386,Data & Features
sg62FVLFX6BW,37,easy,1,21642,Classification & Modeling
sg62FVLFX6BW,38,hard,0,27569,Data & Features
sg62FVLFX6BW,39,easy,1,14584,Data & Features
sg62FVLFX6BW,40,easy,1,11066,Data & Features
sg62FVLFX6BW,41,easy,1,22940,Data & Features
sg62FVLFX6BW,42,easy,1,8835,Data & Features
sg62FVLFX6BW,43,medium,1,27021,Data & Features
sg62FVLFX6BW,44,easy,1,21411,Misc / Tools
sg62FVLFX6BW,45,hard,0,24700,Data & Features
sg62FVLFX6BW,46,easy,1,14584,Data & Features
sg62FVLFX6BW,47,hard,0,23806,Classification & Modeling
sg62FVLFX6BW,48,easy,1,20551,Classification & Modeling
sg62FVLFX6BW,49,hard,0,24700,Data & Features
sg62FVLFX6BW,50,easy,1,16862,Classification & Modeling
sg62FVLFX6BW,51,easy,1,16862,Classification & Modeling
sg62FVLFX6BW,52,easy,1,15290,Data & Features
sg62FVLFX6BW,53,easy,1,11941,Classification & Modeling
sg62FVLFX6BW,54,easy,1,16315,Classification & Modeling
sg62FVLFX6BW,55,easy,1,12152,Classification & Modeling
sg62FVLFX6BW,56,hard,0,24700,Classification & Modeling
sg62FVLFX6BW,57,easy,1,8835,Classification & Modeling
sg62FVLFX6BW,58,easy,0,21618,Classification & Modeling
sg62FVLFX6BW,59,easy,1,13814,Classification & Modeling
sg62FVLFX6BW,60,easy,1,16315,Classification & Modeling
k4QQVURTfMls,31,medium,0,22642,Misc / Tools
k4QQVURTfMls,32,medium,0,25698,Classification & Modeling
k4QQVURTfMls,33,easy,1,13882,Data & Features
k4QQVURTfMls,34,easy,1,13942,Data & Features
k4QQVURTfMls,35,easy,1,13942,Data & Features
k4QQVURTfMls,36,medium,1,23286,Data & Features
k4QQVURTfMls,37,easy,0,20658,Classification & Modeling
k4QQVURTfMls,38,hard,1,25807,Data & Features
k4QQVURTfMls,39,easy,1,14044,Data & Features
k4QQVURTfMls,40,easy,1,9615,Data & Features
k4QQVURTfMls,41,easy,1,21259,Data & Features
k4QQVURTfMls,42,easy,1,8103,Data & Features
k4QQVURTfMls,43,medium,0,23311,Data & Features
k4QQVURTfMls,44,easy,1,20379,Misc / Tools
k4QQVURTfMls,45,hard,0,17197,Data & Features
k4QQVURTfMls,46,easy,1,14044,Data & Features
k4QQVURTfMls,47,hard,0,17720,Classification & Modeling
k4QQVURTfMls,48,easy,0,19700,Classification & Modeling
k4QQVURTfMls,49,hard,0,17197,Data & Features
k4QQVURTfMls,50,easy,1,16281,Classification & Modeling
k4QQVURTfMls,51,easy,1,16281,Classification & Modeling
k4QQVURTfMls,52,easy,0,16884,Data & Features
k4QQVURTfMls,53,easy,1,10952,Classification & Modeling
k4QQVURTfMls,54,easy,1,15711,Classification & Modeling
k4QQVURTfMls,55,easy,0,13833,Classification & Modeling
k4QQVURTfMls,56,hard,0,17197,Classification & Modeling
k4QQVURTfMls,57,easy,1,8103,Classification & Modeling
k4QQVURTfMls,58,easy,1,16845,Classification & Modeling
k4QQVURTfMls,59,easy,1,13265,Classification & Modeling
k4QQVURTfMls,60,easy,1,15711,Classification & Modeling
AgiWXtLnmm9y,31,medium,1,19928,Misc / Tools
AgiWXtLnmm9y,32,medium,0,25721,Classification & Modeling
AgiWXtLnmm9y,33,easy,1,12281,Data & Features
AgiWXtLnmm9y,34,easy,1,12228,Data & Features
AgiWXtLnmm9y,35,easy,1,12228,Data & Features
AgiWXtLnmm9y,36,medium,0,21342,Data & Features
AgiWXtLnmm9y,37,easy,1,18415,Classification & Modeling
AgiWXtLnmm9y,38,hard,0,22271,Data & Features
AgiWXtLnmm9y,39,easy,0,15274,Data & Features
AgiWXtLnmm9y,40,easy,1,9393,Data & Features
AgiWXtLnmm9y,41,easy,0,21014,Data & Features
AgiWXtLnmm9y,42,easy,1,7500,Data & Features
AgiWXtLnmm9y,43,medium,1,21828,Data & Features
AgiWXtLnmm9y,44,easy,0,20593,Misc / Tools
AgiWXtLnmm9y,45,hard,0,19120,Data & Features
AgiWXtLnmm9y,46,easy,1,12453,Data & Features
AgiWXtLnmm9y,47,hard,0,18324,Classification & Modeling
AgiWXtLnmm9y,48,easy,0,20122,Classification & Modeling
AgiWXtLnmm9y,49,hard,0,19120,Data & Features
AgiWXtLnmm9y,50,easy,1,14398,Classification & Modeling
AgiWXtLnmm9y,51,easy,1,14398,Classification & Modeling
AgiWXtLnmm9y,52,easy,1,13056,Data & Features
AgiWXtLnmm9y,53,easy,1,10136,Classification & Modeling
AgiWXtLnmm9y,54,easy,1,13406,Classification & Modeling
AgiWXtLnmm9y,55,easy,1,10316,Classification & Modeling
AgiWXtLnmm9y,56,hard,0,19120,Classification & Modeling
AgiWXtLnmm9y,57,easy,1,7500,Classification & Modeling
AgiWXtLnmm9y,58,easy,1,14913,Classification & Modeling
AgiWXtLnmm9y,59,easy,1,11726,Classification & Modeling
AgiWXtLnmm9y,60,easy,0,16443,Classification & Modeling
pMrOo2QfC0Kp,31,medium,1,22670,Misc / Tools
pMrOo2QfC0Kp,32,medium,0,29050,Classification & Modeling
pMrOo2QfC0Kp,33,easy,1,13731,Data & Features
pMrOo2QfC0Kp,34,easy,1,13767,Data & Features
pMrOo2QfC0Kp,35,easy,0,16948,Data & Features
pMrOo2QfC0Kp,36,medium,0,24279,Data & Features
pMrOo2QfC0Kp,37,easy,1,20371,Classification & Modeling
pMrOo2QfC0Kp,38,hard,0,25154,Data & Features
pMrOo2QfC0Kp,39,easy,0,16977,Data & Features
pMrOo2QfC0Kp,40,easy,1,10581,Data & Features
pMrOo2QfC0Kp,41,easy,0,23905,Data & Features
pMrOo2QfC0Kp,42,easy,1,8385,Data & Features
pMrOo2QfC0Kp,43,medium,1,24654,Data & Features
pMrOo2QfC0Kp,44,easy,0,22953,Misc / Tools
pMrOo2QfC0Kp,45,hard,0,22198,Data & Features
pMrOo2QfC0Kp,46,easy,1,13841,Data & Features
pMrOo2QfC0Kp,47,hard,0,21274,Classification & Modeling
pMrOo2QfC0Kp,48,easy,0,22261,Classification & Modeling
pMrOo2QfC0Kp,49,hard,0,22198,Data & Features
pMrOo2QfC0Kp,50,easy,1,16003,Classification & Modeling
pMrOo2QfC0Kp,51,easy,1,16003,Classification & Modeling
pMrOo2QfC0Kp,52,easy,1,14512,Data & Features
pMrOo2QfC0Kp,53,easy,1,11333,Classification & Modeling
pMrOo2QfC0Kp,54,easy,1,14900,Classification & Modeling
pMrOo2QfC0Kp,55,easy,1,11534,Classification & Modeling
pMrOo2QfC0Kp,56,hard,0,22198,Classification & Modeling
pMrOo2QfC0Kp,57,easy,1,8385,Classification & Modeling
pMrOo2QfC0Kp,58,easy,1,16575,Classification & Modeling
pMrOo2QfC0Kp,59,easy,1,13110,Classification & Modeling
pMrOo2QfC0Kp,60,easy,1,14900,Classification & Modeling
By0gyab68WPW,31,medium,1,27836,Misc / Tools
By0gyab68WPW,32,medium,1,33888,Classification & Modeling
By0gyab68WPW,33,easy,0,17975,Data & Features
By0gyab68WPW,34,easy,1,16430,Data & Features
By0gyab68WPW,35,easy,1,16430,Data & Features
By0gyab68WPW,36,medium,0,27169,Data & Features
By0gyab68WPW,37,easy,1,24013,Classification & Modeling
By0gyab68WPW,38,hard,0,28388,Data & Features
By0gyab68WPW,39,easy,1,16550,Data & Features
By0gyab68WPW,40,easy,1,12635,Data & Features
By0gyab68WPW,41,easy,1,25453,Data & Features
By0gyab68WPW,42,easy,1,10088,Data & Features
By0gyab68WPW,43,medium,0,29222,Data & Features
By0gyab68WPW,44,easy,0,24826,Misc / Tools
By0gyab68WPW,45,hard,0,25750,Data & Features
By0gyab68WPW,46,easy,1,16550,Data & Features
By0gyab68WPW,47,hard,0,24817,Classification & Modeling
By0gyab68WPW,48,easy,0,23994,Classification & Modeling
By0gyab68WPW,49,hard,0,25750,Data & Features
By0gyab68WPW,50,easy,1,19135,Classification & Modeling
By0gyab68WPW,51,easy,1,19135,Classification & Modeling
By0gyab68WPW,52,easy,1,17352,Data & Features
By0gyab68WPW,53,easy,1,13635,Classification & Modeling
By0gyab68WPW,54,easy,1,18515,Classification & Modeling
By0gyab68WPW,55,easy,1,13876,Classification & Modeling
By0gyab68WPW,56,hard,0,25750,Classification & Modeling
By0gyab68WPW,57,easy,1,10088,Classification & Modeling
By0gyab68WPW,58,easy,1,19819,Classification & Modeling
By0gyab68WPW,59,easy,1,15676,Classification & Modeling
By0gyab68WPW,60,easy,1,18515,Classification & Modeling
YA6aMV1xcGv9,31,medium,1,29972,Misc / Tools
YA6aMV1xcGv9,32,medium,1,34728,Classification & Modeling
YA6aMV1xcGv9,33,easy,1,15901,Data & Features
YA6aMV1xcGv9,34,easy,1,15512,Data & Features
YA6aMV1xcGv9,35,easy,0,21793,Data & Features
YA6aMV1xcGv9,36,medium,0,35363,Data & Features
YA6aMV1xcGv9,37,easy,1,25043,Classification & Modeling
YA6aMV1xcGv9,38,hard,0,31161,Data & Features
YA6aMV1xcGv9,39,easy,1,15725,Data & Features
YA6aMV1xcGv9,40,easy,1,13247,Data & Features
YA6aMV1xcGv9,41,easy,1,26701,Data & Features
YA6aMV1xcGv9,42,easy,1,10498,Data & Features
YA6aMV1xcGv9,43,medium,1,32168,Data & Features
YA6aMV1xcGv9,44,easy,1,24759,Misc / Tools
YA6aMV1xcGv9,45,hard,0,21236,Data & Features
YA6aMV1xcGv9,46,easy,1,15725,Data & Features
YA6aMV1xcGv9,47,hard,0,21117,Classification & Modeling
YA6aMV1xcGv9,48,easy,1,23780,Classification & Modeling
YA6aMV1xcGv9,49,hard,0,21236,Data & Features
YA6aMV1xcGv9,50,easy,0,24309,Classification & Modeling
YA6aMV1xcGv9,51,easy,1,17714,Classification & Modeling
YA6aMV1xcGv9,52,easy,1,16262,Data & Features
YA6aMV1xcGv9,53,easy,1,14189,Classification & Modeling
YA6aMV1xcGv9,54,easy,1,16694,Classification & Modeling
YA6aMV1xcGv9,55,easy,1,14440,Classification & Modeling
YA6aMV1xcGv9,56,hard,0,21236,Classification & Modeling
YA6aMV1xcGv9,57,easy,1,10498,Classification & Modeling
YA6aMV1xcGv9,58,easy,1,18311,Classification & Modeling
YA6aMV1xcGv9,59,easy,1,15182,Classification & Modeling
YA6aMV1xcGv9,60,easy,0,23424,Classification & Modeling
eH9XZKUjDCDF,31,medium,0,33814,Misc / Tools
eH9XZKUjDCDF,32,medium,0,38754,Classification & Modeling
eH9XZKUjDCDF,33,easy,1,16628,Data & Features
eH9XZKUjDCDF,34,easy,1,16222,Data & Features
eH9XZKUjDCDF,35,easy,1,16222,Data & Features
eH9XZKUjDCDF,36,medium,1,27095,Data & Features
eH9XZKUjDCDF,37,easy,1,23498,Classification & Modeling
eH9XZKUjDCDF,38,hard,0,30533,Data & Features
eH9XZKUjDCDF,39,easy,1,16245,Data & Features
eH9XZKUjDCDF,40,easy,1,13999,Data & Features
eH9XZKUjDCDF,41,easy,1,25053,Data & Features
eH9XZKUjDCDF,42,easy,1,11094,Data & Features
eH9XZKUjDCDF,43,medium,0,34543,Data & Features
eH9XZKUjDCDF,44,easy,1,23232,Misc / Tools
eH9XZKUjDCDF,45,hard,0,25431,Data & Features
eH9XZKUjDCDF,46,easy,1,16245,Data & Features
eH9XZKUjDCDF,47,hard,0,25288,Classification & Modeling
eH9XZKUjDCDF,48,easy,1,22313,Classification & Modeling
eH9XZKUjDCDF,49,hard,0,25431,Data & Features
eH9XZKUjDCDF,50,easy,0,24657,Classification & Modeling
eH9XZKUjDCDF,51,easy,1,18300,Classification & Modeling
eH9XZKUjDCDF,52,easy,0,23083,Data & Features
eH9XZKUjDCDF,53,easy,1,14994,Classification & Modeling
eH9XZKUjDCDF,54,easy,1,17458,Classification & Modeling
eH9XZKUjDCDF,55,easy,1,15259,Classification & Modeling
eH9XZKUjDCDF,56,hard,0,25431,Classification & Modeling
eH9XZKUjDCDF,57,easy,1,11094,Classification & Modeling
eH9XZKUjDCDF,58,easy,1,18917,Classification & Modeling
eH9XZKUjDCDF,59,easy,1,15877,Classification & Modeling
eH9XZKUjDCDF,60,easy,1,17458,Classification & Modeling
ROaS3EN46XLy,31,medium,0,21194,Misc / Tools
ROaS3EN46XLy,32,medium,0,27520,Classification & Modeling
ROaS3EN46XLy,33,easy,1,12697,Data & Features
ROaS3EN46XLy,34,easy,1,12355,Data & Features
ROaS3EN46XLy,35,easy,1,12355,Data & Features
ROaS3EN46XLy,36,medium,1,18369,Data & Features
ROaS3EN46XLy,37,easy,1,17316,Classification & Modeling
ROaS3EN46XLy,38,hard,0,22067,Data & Features
ROaS3EN46XLy,39,easy,1,12381,Data & Features
ROaS3EN46XLy,40,easy,1,11203,Data & Features
ROaS3EN46XLy,41,easy,1,17434,Data & Features
ROaS3EN46XLy,42,easy,1,8349,Data & Features
ROaS3EN46XLy,43,medium,0,21777,Data & Features
ROaS3EN46XLy,44,easy,1,17016,Misc / Tools
ROaS3EN46XLy,45,hard,0,19474,Data & Features
ROaS3EN46XLy,46,easy,1,12381,Data & Features
ROaS3EN46XLy,47,hard,0,18663,Classification & Modeling
ROaS3EN46XLy,48,easy,1,16443,Classification & Modeling
ROaS3EN46XLy,49,hard,0,19474,Data & Features
ROaS3EN46XLy,50,easy,0,18093,Classification & Modeling
ROaS3EN46XLy,51,easy,1,13843,Classification & Modeling
ROaS3EN46XLy,52,easy,0,17066,Data & Features
ROaS3EN46XLy,53,easy,1,11284,Classification & Modeling
ROaS3EN46XLy,54,easy,1,13329,Classification & Modeling
ROaS3EN46XLy,55,easy,1,11483,Classification & Modeling
ROaS3EN46XLy,56,hard,0,19474,Classification & Modeling
ROaS3EN46XLy,57,easy,1,8349,Classification & Modeling
ROaS3EN46XLy,58,easy,1,14310,Classification & Modeling
ROaS3EN46XLy,59,easy,1,12123,Classification & Modeling
ROaS3EN46XLy,60,easy,1,13329,Classification & Modeling
aeQlX5jbZHXw,31,medium,0,36705,Misc / Tools
aeQlX5jbZHXw,32,medium,0,40179,Classification & Modeling
aeQlX5jbZHXw,33,easy,1,15901,Data & Features
aeQlX5jbZHXw,34,easy,1,15512,Data & Features
aeQlX5jbZHXw,35,easy,1,15512,Data & Features
aeQlX5jbZHXw,36,medium,1,28877,Data & Features
aeQlX5jbZHXw,37,easy,1,25043,Classification & Modeling
aeQlX5jbZHXw,38,hard,0,31161,Data & Features
aeQlX5jbZHXw,39,easy,1,15725,Data & Features
aeQlX5jbZHXw,40,easy,1,13247,Data & Features
aeQlX5jbZHXw,41,easy,1,26701,Data & Features
aeQlX5jbZHXw,42,easy,1,10498,Data & Features
aeQlX5jbZHXw,43,medium,0,37496,Data & Features
aeQlX5jbZHXw,44,easy,1,24759,Misc / Tools
aeQlX5jbZHXw,45,hard,0,21236,Data & Features
aeQlX5jbZHXw,46,easy,1,15725,Data & Features
aeQlX5jbZHXw,47,hard,0,21117,Classification & Modeling
aeQlX5jbZHXw,48,easy,1,23780,Classification & Modeling
aeQlX5jbZHXw,49,hard,0,21236,Data & Features
aeQlX5jbZHXw,50,easy,0,24309,Classification & Modeling
aeQlX5jbZHXw,51,easy,1,17714,Classification & Modeling
aeQlX5jbZHXw,52,easy,0,22758,Data & Features
aeQlX5jbZHXw,53,easy,1,14189,Classification & Modeling
aeQlX5jbZHXw,54,easy,1,16694,Classification & Modeling
aeQlX5jbZHXw,55,easy,1,14440,Classification & Modeling
aeQlX5jbZHXw,56,hard,0,21236,Classification & Modeling
aeQlX5jbZHXw,57,easy,1,10498,Classification & Modeling
aeQlX5jbZHXw,58,easy,1,18311,Classification & Modeling
aeQlX5jbZHXw,59,easy,1,15182,Classification & Modeling
aeQlX5jbZHXw,60,easy,1,16694,Classification & Modeling
wlfxRfJtBw5L,31,medium,1,21919,Misc / Tools
wlfxRfJtBw5L,32,medium,0,28290,Classification & Modeling
wlfxRfJtBw5L,33,easy,1,13742,Data & Features
wlfxRfJtBw5L,34,easy,1,13602,Data & Features
wlfxRfJtBw5L,35,easy,1,13602,Data & Features
wlfxRfJtBw5L,36,medium,0,23474,Data & Features
wlfxRfJtBw5L,37,easy,0,23185,Classification & Modeling
wlfxRfJtBw5L,38,hard,1,24638,Data & Features
wlfxRfJtBw5L,39,easy,0,16990,Data & Features
wlfxRfJtBw5L,40,easy,1,10590,Data & Features
wlfxRfJtBw5L,41,easy,0,23113,Data & Features
wlfxRfJtBw5L,42,easy,1,8392,Data & Features
wlfxRfJtBw5L,43,medium,1,24009,Data & Features
wlfxRfJtBw5L,44,easy,1,19753,Misc / Tools
wlfxRfJtBw5L,45,hard,0,21327,Data & Features
wlfxRfJtBw5L,46,easy,1,13852,Data & Features
wlfxRfJtBw5L,47,hard,0,20439,Classification & Modeling
wlfxRfJtBw5L,48,easy,1,19233,Classification & Modeling
wlfxRfJtBw5L,49,hard,0,21327,Data & Features
wlfxRfJtBw5L,50,easy,1,16016,Classification & Modeling
wlfxRfJtBw5L,51,easy,1,16016,Classification & Modeling
wlfxRfJtBw5L,52,easy,1,14523,Data & Features
wlfxRfJtBw5L,53,easy,1,11342,Classification & Modeling
wlfxRfJtBw5L,54,easy,0,18290,Classification & Modeling
wlfxRfJtBw5L,55,easy,1,11543,Classification & Modeling
wlfxRfJtBw5L,56,hard,0,21327,Classification & Modeling
wlfxRfJtBw5L,57,easy,1,8392,Classification & Modeling
wlfxRfJtBw5L,58,easy,0,21168,Classification & Modeling
wlfxRfJtBw5L,59,easy,1,13121,Classification & Modeling
wlfxRfJtBw5L,60,easy,1,14912,Classification & Modeling
Mcvs7l2qNfTq,31,medium,0,25122,Misc / Tools
Mcvs7l2qNfTq,32,medium,0,28819,Classification & Modeling
Mcvs7l2qNfTq,33,easy,1,14204,Data & Features
Mcvs7l2qNfTq,34,easy,1,14265,Data & Features
Mcvs7l2qNfTq,35,easy,1,14265,Data & Features
Mcvs7l2qNfTq,36,medium,1,23562,Data & Features
Mcvs7l2qNfTq,37,easy,1,21607,Classification & Modeling
Mcvs7l2qNfTq,38,hard,0,25438,Data & Features
Mcvs7l2qNfTq,39,easy,1,14368,Data & Features
Mcvs7l2qNfTq,40,easy,1,9747,Data & Features
Mcvs7l2qNfTq,41,easy,1,22146,Data & Features
Mcvs7l2qNfTq,42,easy,1,8215,Data & Features
Mcvs7l2qNfTq,43,medium,0,26142,Data & Features
Mcvs7l2qNfTq,44,easy,1,21228,Misc / Tools
Mcvs7l2qNfTq,45,hard,0,19831,Data & Features
Mcvs7l2qNfTq,46,easy,1,14368,Data & Features
Mcvs7l2qNfTq,47,hard,0,20434,Classification & Modeling
Mcvs7l2qNfTq,48,easy,1,20517,Classification & Modeling
Mcvs7l2qNfTq,49,hard,0,19831,Data & Features
Mcvs7l2qNfTq,50,easy,0,19290,Classification & Modeling
Mcvs7l2qNfTq,51,easy,1,16829,Classification & Modeling
Mcvs7l2qNfTq,52,easy,0,17793,Data & Features
Mcvs7l2qNfTq,53,easy,1,11102,Classification & Modeling
Mcvs7l2qNfTq,54,easy,1,16074,Classification & Modeling
Mcvs7l2qNfTq,55,easy,1,11299,Classification & Modeling
Mcvs7l2qNfTq,56,hard,0,19831,Classification & Modeling
Mcvs7l2qNfTq,57,easy,1,8215,Classification & Modeling
Mcvs7l2qNfTq,58,easy,1,17481,Classification & Modeling
Mcvs7l2qNfTq,59,easy,1,13571,Classification & Modeling
Mcvs7l2qNfTq,60,easy,1,16074,Classification & Modeling
IWu147zvpRWb,31,medium,1,25212,Misc / Tools
IWu147zvpRWb,32,medium,1,30694,Classification & Modeling
IWu147zvpRWb,33,easy,1,14342,Data & Features
IWu147zvpRWb,34,easy,1,14404,Data & Features
IWu147zvpRWb,35,easy,0,16530,Data & Features
IWu147zvpRWb,36,medium,0,25992,Data & Features
IWu147zvpRWb,37,easy,0,23967,Classification & Modeling
IWu147zvpRWb,38,hard,1,27867,Data & Features
IWu147zvpRWb,39,easy,1,14509,Data & Features
IWu147zvpRWb,40,easy,1,10561,Data & Features
IWu147zvpRWb,41,easy,1,23054,Data & Features
IWu147zvpRWb,42,easy,1,8432,Data & Features
IWu147zvpRWb,43,medium,0,27957,Data & Features
IWu147zvpRWb,44,easy,0,23750,Misc / Tools
IWu147zvpRWb,45,hard,0,23610,Data & Features
IWu147zvpRWb,46,easy,0,16588,Data & Features
IWu147zvpRWb,47,hard,0,22755,Classification & Modeling
IWu147zvpRWb,48,easy,1,20653,Classification & Modeling
IWu147zvpRWb,49,hard,0,23610,Data & Features
IWu147zvpRWb,50,easy,1,16775,Classification & Modeling
IWu147zvpRWb,51,easy,1,16775,Classification & Modeling
IWu147zvpRWb,52,easy,1,15212,Data & Features
IWu147zvpRWb,53,easy,1,11396,Classification & Modeling
IWu147zvpRWb,54,easy,1,16231,Classification & Modeling
IWu147zvpRWb,55,easy,1,11598,Classification & Modeling
IWu147zvpRWb,56,hard,0,23610,Classification & Modeling
IWu147zvpRWb,57,easy,1,8432,Classification & Modeling
IWu147zvpRWb,58,easy,1,17375,Classification & Modeling
IWu147zvpRWb,59,easy,1,13694,Classification & Modeling
IWu147zvpRWb,60,easy,1,16231,Classification & Modeling
bUBpyoQOQ4Ov,31,medium,1,23069,Misc / Tools
bUBpyoQOQ4Ov,32,medium,1,28357,Classification & Modeling
bUBpyoQOQ4Ov,33,easy,1,15322,Data & Features
bUBpyoQOQ4Ov,34,easy,1,14909,Data & Features
bUBpyoQOQ4Ov,35,easy,1,14909,Data & Features
bUBpyoQOQ4Ov,36,medium,0,24706,Data & Features
bUBpyoQOQ4Ov,37,easy,0,23730,Classification & Modeling
bUBpyoQOQ4Ov,38,hard,0,25597,Data & Features
bUBpyoQOQ4Ov,39,easy,1,14941,Data & Features
bUBpyoQOQ4Ov,40,easy,1,12713,Data & Features
bUBpyoQOQ4Ov,41,easy,1,21094,Data & Features
bUBpyoQOQ4Ov,42,easy,1,10075,Data & Features
bUBpyoQOQ4Ov,43,medium,1,25088,Data & Features
bUBpyoQOQ4Ov,44,easy,0,23357,Misc / Tools
bUBpyoQOQ4Ov,45,hard,0,22589,Data & Features
bUBpyoQOQ4Ov,46,easy,1,14941,Data & Features
bUBpyoQOQ4Ov,47,hard,0,21649,Classification & Modeling
bUBpyoQOQ4Ov,48,easy,1,19685,Classification & Modeling
bUBpyoQOQ4Ov,49,hard,0,22589,Data & Features
bUBpyoQOQ4Ov,50,easy,1,16446,Classification & Modeling
bUBpyoQOQ4Ov,51,easy,1,16446,Classification & Modeling
bUBpyoQOQ4Ov,52,easy,1,15359,Data & Features
bUBpyoQOQ4Ov,53,easy,1,13616,Classification & Modeling
bUBpyoQOQ4Ov,54,easy,1,16084,Classification & Modeling
bUBpyoQOQ4Ov,55,easy,1,13857,Classification & Modeling
bUBpyoQOQ4Ov,56,hard,0,22589,Classification & Modeling
bUBpyoQOQ4Ov,57,easy,1,10075,Classification & Modeling
bUBpyoQOQ4Ov,58,easy,0,21693,Classification & Modeling
bUBpyoQOQ4Ov,59,easy,1,14629,Classification & Modeling
bUBpyoQOQ4Ov,60,easy,1,16084,Classification & Modeling
VTLAbK1PHg7B,31,medium,1,25921,Misc / Tools
VTLAbK1PHg7B,32,medium,1,31556,Classification & Modeling
VTLAbK1PHg7B,33,easy,1,15415,Data & Features
VTLAbK1PHg7B,34,easy,1,15218,Data & Features
VTLAbK1PHg7B,35,easy,0,18121,Data & Features
VTLAbK1PHg7B,36,medium,0,26762,Data & Features
VTLAbK1PHg7B,37,easy,1,22361,Classification & Modeling
VTLAbK1PHg7B,38,hard,1,28650,Data & Features
VTLAbK1PHg7B,39,easy,1,15329,Data & Features
VTLAbK1PHg7B,40,easy,1,12329,Data & Features
VTLAbK1PHg7B,41,easy,1,23702,Data & Features
VTLAbK1PHg7B,42,easy,1,9844,Data & Features
VTLAbK1PHg7B,43,medium,1,27919,Data & Features
VTLAbK1PHg7B,44,easy,1,22122,Misc / Tools
VTLAbK1PHg7B,45,hard,0,25048,Data & Features
VTLAbK1PHg7B,46,easy,1,15329,Data & Features
VTLAbK1PHg7B,47,hard,0,24141,Classification & Modeling
VTLAbK1PHg7B,48,easy,1,21234,Classification & Modeling
VTLAbK1PHg7B,49,hard,0,25048,Data & Features
VTLAbK1PHg7B,50,easy,0,22101,Classification & Modeling
VTLAbK1PHg7B,51,easy,1,17723,Classification & Modeling
VTLAbK1PHg7B,52,easy,0,20033,Data & Features
VTLAbK1PHg7B,53,easy,1,13304,Classification & Modeling
VTLAbK1PHg7B,54,easy,1,17148,Classification & Modeling
VTLAbK1PHg7B,55,easy,0,17562,Classification & Modeling
VTLAbK1PHg7B,56,hard,0,25048,Classification & Modeling
VTLAbK1PHg7B,57,easy,1,9844,Classification & Modeling
VTLAbK1PHg7B,58,easy,1,18357,Classification & Modeling
VTLAbK1PHg7B,59,easy,1,14718,Classification & Modeling
VTLAbK1PHg7B,60,easy,0,20344,Classification & Modeling
E9vMd75UB2be,31,medium,0,24593,Misc / Tools
E9vMd75UB2be,32,medium,0,28095,Classification & Modeling
E9vMd75UB2be,33,easy,1,14280,Data & Features
E9vMd75UB2be,34,easy,1,14341,Data & Features
E9vMd75UB2be,35,easy,1,14341,Data & Features
E9vMd75UB2be,36,medium,0,23694,Data & Features
E9vMd75UB2be,37,easy,0,22437,Classification & Modeling
E9vMd75UB2be,38,hard,1,26788,Data & Features
E9vMd75UB2be,39,easy,1,14446,Data & Features
E9vMd75UB2be,40,easy,1,9835,Data & Features
E9vMd75UB2be,41,easy,1,22161,Data & Features
E9vMd75UB2be,42,easy,1,8289,Data & Features
E9vMd75UB2be,43,medium,1,26104,Data & Features
E9vMd75UB2be,44,easy,1,21139,Misc / Tools
E9vMd75UB2be,45,hard,0,19854,Data & Features
E9vMd75UB2be,46,easy,0,15541,Data & Features
E9vMd75UB2be,47,hard,0,20457,Classification & Modeling
E9vMd75UB2be,48,easy,0,21397,Classification & Modeling
E9vMd75UB2be,49,hard,0,19854,Data & Features
E9vMd75UB2be,50,easy,1,16679,Classification & Modeling
E9vMd75UB2be,51,easy,1,16679,Classification & Modeling
E9vMd75UB2be,52,easy,1,15146,Data & Features
E9vMd75UB2be,53,easy,1,11203,Classification & Modeling
E9vMd75UB2be,54,easy,1,16160,Classification & Modeling
E9vMd75UB2be,55,easy,1,11401,Classification & Modeling
E9vMd75UB2be,56,hard,0,19854,Classification & Modeling
E9vMd75UB2be,57,easy,1,8289,Classification & Modeling
E9vMd75UB2be,58,easy,0,18530,Classification & Modeling
E9vMd75UB2be,59,easy,1,13635,Classification & Modeling
E9vMd75UB2be,60,easy,1,16160,Classification & Modeling
r5xiR4T4onQf,31,medium,1,27836,Misc / Tools
r5xiR4T4onQf,32,medium,1,33888,Classification & Modeling
r5xiR4T4onQf,33,easy,1,16418,Data & Features
r5xiR4T4onQf,34,easy,1,16430,Data & Features
r5xiR4T4onQf,35,easy,0,18496,Data & Features
r5xiR4T4onQf,36,medium,0,27169,Data & Features
r5xiR4T4onQf,37,easy,1,24013,Classification & Modeling
r5xiR4T4onQf,38,hard,0,28388,Data & Features
r5xiR4T4onQf,39,easy,0,18561,Data & Features
r5xiR4T4onQf,40,easy,1,12635,Data & Features
r5xiR4T4onQf,41,easy,1,25453,Data & Features
r5xiR4T4onQf,42,easy,1,10088,Data & Features
r5xiR4T4onQf,43,medium,0,29222,Data & Features
r5xiR4T4onQf,44,easy,1,23757,Misc / Tools
r5xiR4T4onQf,45,hard,0,25750,Data & Features
r5xiR4T4onQf,46,easy,1,16550,Data & Features
r5xiR4T4onQf,47,hard,0,24817,Classification & Modeling
r5xiR4T4onQf,48,easy,0,23994,Classification & Modeling
r5xiR4T4onQf,49,hard,0,25750,Data & Features
r5xiR4T4onQf,50,easy,1,19135,Classification & Modeling
r5xiR4T4onQf,51,easy,1,19135,Classification & Modeling
r5xiR4T4onQf,52,easy,0,20447,Data & Features
r5xiR4T4onQf,53,easy,1,13635,Classification & Modeling
r5xiR4T4onQf,54,easy,1,18515,Classification & Modeling
r5xiR4T4onQf,55,easy,1,13876,Classification & Modeling
r5xiR4T4onQf,56,hard,0,25750,Classification & Modeling
r5xiR4T4onQf,57,easy,1,10088,Classification & Modeling
r5xiR4T4onQf,58,easy,1,19819,Classification & Modeling
r5xiR4T4onQf,59,easy,1,15676,Classification & Modeling
r5xiR4T4onQf,60,easy,1,18515,Classification & Modeling
WNh0afD7QG4d,31,medium,1,19066,Misc / Tools
WNh0afD7QG4d,32,medium,0,27520,Classification & Modeling
WNh0afD7QG4d,33,easy,1,12697,Data & Features
WNh0afD7QG4d,34,easy,1,12355,Data & Features
WNh0afD7QG4d,35,easy,0,16571,Data & Features
WNh0afD7QG4d,36,medium,0,20419,Data & Features
WNh0afD7QG4d,37,easy,0,19822,Classification & Modeling
WNh0afD7QG4d,38,hard,0,22067,Data & Features
WNh0afD7QG4d,39,easy,0,16545,Data & Features
WNh0afD7QG4d,40,easy,1,11203,Data & Features
WNh0afD7QG4d,41,easy,0,20105,Data & Features
WNh0afD7QG4d,42,easy,1,8349,Data & Features
WNh0afD7QG4d,43,medium,1,20735,Data & Features
WNh0afD7QG4d,44,easy,0,19511,Misc / Tools
WNh0afD7QG4d,45,hard,0,19474,Data & Features
WNh0afD7QG4d,46,easy,1,12381,Data & Features
WNh0afD7QG4d,47,hard,0,18663,Classification & Modeling
WNh0afD7QG4d,48,easy,0,18922,Classification & Modeling
WNh0afD7QG4d,49,hard,0,19474,Data & Features
WNh0afD7QG4d,50,easy,1,13843,Classification & Modeling
WNh0afD7QG4d,51,easy,1,13843,Classification & Modeling
WNh0afD7QG4d,52,easy,1,12804,Data & Features
WNh0afD7QG4d,53,easy,1,11284,Classification & Modeling
WNh0afD7QG4d,54,easy,1,13329,Classification & Modeling
WNh0afD7QG4d,55,easy,1,11483,Classification & Modeling
WNh0afD7QG4d,56,hard,0,19474,Classification & Modeling
WNh0afD7QG4d,57,easy,1,8349,Classification & Modeling
WNh0afD7QG4d,58,easy,1,14310,Classification & Modeling
WNh0afD7QG4d,59,easy,1,12123,Classification & Modeling
WNh0afD7QG4d,60,easy,1,13329,Classification & Modeling
m8rfSXHUenxh,31,medium,1,26170,Misc / Tools
m8rfSXHUenxh,32,medium,1,31860,Classification & Modeling
m8rfSXHUenxh,33,easy,1,15092,Data & Features
m8rfSXHUenxh,34,easy,1,15104,Data & Features
m8rfSXHUenxh,35,easy,1,15104,Data & Features
m8rfSXHUenxh,36,medium,0,27020,Data & Features
m8rfSXHUenxh,37,easy,1,22577,Classification & Modeling
m8rfSXHUenxh,38,hard,0,28232,Data & Features
m8rfSXHUenxh,39,easy,0,18049,Data & Features
m8rfSXHUenxh,40,easy,1,11615,Data & Features
m8rfSXHUenxh,41,easy,0,26604,Data & Features
m8rfSXHUenxh,42,easy,1,9274,Data & Features
m8rfSXHUenxh,43,medium,1,28188,Data & Features
m8rfSXHUenxh,44,easy,0,24689,Misc / Tools
m8rfSXHUenxh,45,hard,0,25290,Data & Features
m8rfSXHUenxh,46,easy,1,15214,Data & Features
m8rfSXHUenxh,47,hard,0,24374,Classification & Modeling
m8rfSXHUenxh,48,easy,1,21438,Classification & Modeling
m8rfSXHUenxh,49,hard,0,25290,Data & Features
m8rfSXHUenxh,50,easy,1,17590,Classification & Modeling
m8rfSXHUenxh,51,easy,0,21935,Classification & Modeling
m8rfSXHUenxh,52,easy,1,15951,Data & Features
m8rfSXHUenxh,53,easy,0,16545,Classification & Modeling
m8rfSXHUenxh,54,easy,1,17019,Classification & Modeling
m8rfSXHUenxh,55,easy,1,12756,Classification & Modeling
m8rfSXHUenxh,56,hard,0,25290,Classification & Modeling
m8rfSXHUenxh,57,easy,1,9274,Classification & Modeling
m8rfSXHUenxh,58,easy,1,18219,Classification & Modeling
m8rfSXHUenxh,59,easy,1,14410,Classification & Modeling
m8rfSXHUenxh,60,easy,1,17019,Classification & Modeling
cn7NB6JfQDTq,31,medium,0,28045,Misc / Tools
cn7NB6JfQDTq,32,medium,0,32605,Classification & Modeling
cn7NB6JfQDTq,33,easy,0,17478,Data & Features
cn7NB6JfQDTq,34,easy,0,17985,Data & Features
cn7NB6JfQDTq,35,easy,1,15104,Data & Features
cn7NB6JfQDTq,36,medium,1,25214,Data & Features
cn7NB6JfQDTq,37,easy,1,22577,Classification & Modeling
cn7NB6JfQDTq,38,hard,1,28926,Data & Features
cn7NB6JfQDTq,39,easy,1,15214,Data & Features
cn7NB6JfQDTq,40,easy,1,11615,Data & Features
cn7NB6JfQDTq,41,easy,1,23930,Data & Features
cn7NB6JfQDTq,42,easy,1,9274,Data & Features
cn7NB6JfQDTq,43,medium,0,29062,Data & Features
cn7NB6JfQDTq,44,easy,0,24689,Misc / Tools
cn7NB6JfQDTq,45,hard,0,25290,Data & Features
cn7NB6JfQDTq,46,easy,1,15214,Data & Features
cn7NB6JfQDTq,47,hard,0,24374,Classification & Modeling
cn7NB6JfQDTq,48,easy,1,21438,Classification & Modeling
cn7NB6JfQDTq,49,hard,0,25290,Data & Features
cn7NB6JfQDTq,50,easy,0,21935,Classification & Modeling
cn7NB6JfQDTq,51,easy,1,17590,Classification & Modeling
cn7NB6JfQDTq,52,easy,0,19882,Data & Features
cn7NB6JfQDTq,53,easy,1,12534,Classification & Modeling
cn7NB6JfQDTq,54,easy,1,17019,Classification & Modeling
cn7NB6JfQDTq,55,easy,1,12756,Classification & Modeling
cn7NB6JfQDTq,56,hard,0,25290,Classification & Modeling
cn7NB6JfQDTq,57,easy,1,9274,Classification & Modeling
cn7NB6JfQDTq,58,easy,1,18219,Classification & Modeling
cn7NB6JfQDTq,59,easy,0,16688,Classification & Modeling
cn7NB6JfQDTq,60,easy,1,17019,Classification & Modeling
KNvidOVZPDzA,31,medium,0,27386,Misc / Tools
KNvidOVZPDzA,32,medium,0,31839,Classification & Modeling
KNvidOVZPDzA,33,easy,1,14467,Data & Features
KNvidOVZPDzA,34,easy,1,14478,Data & Features
KNvidOVZPDzA,35,easy,1,14478,Data & Features
KNvidOVZPDzA,36,medium,1,24170,Data & Features
KNvidOVZPDzA,37,easy,0,24329,Classification & Modeling
KNvidOVZPDzA,38,hard,0,27569,Data & Features
KNvidOVZPDzA,39,easy,1,14584,Data & Features
KNvidOVZPDzA,40,easy,0,12795,Data & Features
KNvidOVZPDzA,41,easy,1,22940,Data & Features
KNvidOVZPDzA,42,easy,1,8835,Data & Features
KNvidOVZPDzA,43,medium,0,28380,Data & Features
KNvidOVZPDzA,44,easy,1,21411,Misc / Tools
KNvidOVZPDzA,45,hard,0,24700,Data & Features
KNvidOVZPDzA,46,easy,1,14584,Data & Features
KNvidOVZPDzA,47,hard,0,23806,Classification & Modeling
KNvidOVZPDzA,48,easy,1,20551,Classification & Modeling
KNvidOVZPDzA,49,hard,0,24700,Data & Features
KNvidOVZPDzA,50,easy,1,16862,Classification & Modeling
KNvidOVZPDzA,51,easy,0,21420,Classification & Modeling
KNvidOVZPDzA,52,easy,0,19415,Data & Features
KNvidOVZPDzA,53,easy,1,11941,Classification & Modeling
KNvidOVZPDzA,54,easy,1,16315,Classification & Modeling
KNvidOVZPDzA,55,easy,1,12152,Classification & Modeling
KNvidOVZPDzA,56,hard,0,24700,Classification & Modeling
KNvidOVZPDzA,57,easy,1,8835,Classification & Modeling
KNvidOVZPDzA,58,easy,1,17465,Classification & Modeling
KNvidOVZPDzA,59,easy,1,13814,Classification & Modeling
KNvidOVZPDzA,60,easy,1,16315,Classification & Modeling
GiEhMndZmOa5,31,medium,1,25087,Misc / Tools
GiEhMndZmOa5,32,medium,1,30541,Classification & Modeling
GiEhMndZmOa5,33,easy,1,14467,Data & Features
GiEhMndZmOa5,34,easy,1,14478,Data & Features
GiEhMndZmOa5,35,easy,1,14478,Data & Features
GiEhMndZmOa5,36,medium,0,26386,Data & Features
GiEhMndZmOa5,37,easy,1,21642,Classification & Modeling
GiEhMndZmOa5,38,hard,1,27729,Data & Features
GiEhMndZmOa5,39,easy,1,14584,Data & Features
GiEhMndZmOa5,40,easy,1,11066,Data & Features
GiEhMndZmOa5,41,easy,0,25979,Data & Features
GiEhMndZmOa5,42,easy,1,8835,Data & Features
GiEhMndZmOa5,43,medium,1,27021,Data & Features
GiEhMndZmOa5,44,easy,0,24110,Misc / Tools
GiEhMndZmOa5,45,hard,0,24700,Data & Features
GiEhMndZmOa5,46,easy,1,14584,Data & Features
GiEhMndZmOa5,47,hard,0,23806,Classification & Modeling
GiEhMndZmOa5,48,easy,0,23302,Classification & Modeling
GiEhMndZmOa5,49,hard,0,24700,Data & Features
GiEhMndZmOa5,50,easy,1,16862,Classification & Modeling
GiEhMndZmOa5,51,easy,0,21420,Classification & Modeling
GiEhMndZmOa5,52,easy,1,15290,Data & Features
GiEhMndZmOa5,53,easy,1,11941,Classification & Modeling
GiEhMndZmOa5,54,easy,0,19717,Classification & Modeling
GiEhMndZmOa5,55,easy,1,12152,Classification & Modeling
GiEhMndZmOa5,56,hard,0,24700,Classification & Modeling
GiEhMndZmOa5,57,easy,1,8835,Classification & Modeling
GiEhMndZmOa5,58,easy,0,21618,Classification & Modeling
GiEhMndZmOa5,59,easy,0,16297,Classification & Modeling
GiEhMndZmOa5,60,easy,0,19717,Classification & Modeling
9xt9EeOQtcXZ,31,medium,0,25644,Misc / Tools
9xt9EeOQtcXZ,32,medium,0,29562,Classification & Modeling
9xt9EeOQtcXZ,33,easy,1,15322,Data & Features
9xt9EeOQtcXZ,34,easy,0,19997,Data & Features
9xt9EeOQtcXZ,35,easy,1,14909,Data & Features
9xt9EeOQtcXZ,36,medium,1,22226,Data & Features
9xt9EeOQtcXZ,37,easy,0,23730,Classification & Modeling
9xt9EeOQtcXZ,38,hard,1,25746,Data & Features
9xt9EeOQtcXZ,39,easy,1,14941,Data & Features
9xt9EeOQtcXZ,40,easy,1,12713,Data & Features
9xt9EeOQtcXZ,41,easy,1,21094,Data & Features
9xt9EeOQtcXZ,42,easy,1,10075,Data & Features
9xt9EeOQtcXZ,43,medium,0,26350,Data & Features
9xt9EeOQtcXZ,44,easy,0,23357,Misc / Tools
9xt9EeOQtcXZ,45,hard,0,22589,Data & Features
9xt9EeOQtcXZ,46,easy,1,14941,Data & Features
9xt9EeOQtcXZ,47,hard,0,21649,Classification & Modeling
9xt9EeOQtcXZ,48,easy,0,22653,Classification & Modeling
9xt9EeOQtcXZ,49,hard,0,22589,Data & Features
9xt9EeOQtcXZ,50,easy,1,16446,Classification & Modeling
9xt9EeOQtcXZ,51,easy,1,16446,Classification & Modeling
9xt9EeOQtcXZ,52,easy,1,15359,Data & Features
9xt9EeOQtcXZ,53,easy,1,13616,Classification & Modeling
9xt9EeOQtcXZ,54,easy,1,16084,Classification & Modeling
9xt9EeOQtcXZ,55,easy,1,13857,Classification & Modeling
9xt9EeOQtcXZ,56,hard,0,22589,Classification & Modeling
9xt9EeOQtcXZ,57,easy,1,10075,Classification & Modeling
9xt9EeOQtcXZ,58,easy,0,21693,Classification & Modeling
9xt9EeOQtcXZ,59,easy,1,14629,Classification & Modeling
9xt9EeOQtcXZ,60,easy,1,16084,Classification & Modeling
B0dezLVzpGHZ,31,medium,0,22152,Misc / Tools
B0dezLVzpGHZ,32,medium,0,25721,Classification & Modeling
B0dezLVzpGHZ,33,easy,1,12281,Data & Features
B0dezLVzpGHZ,34,easy,1,12228,Data & Features
B0dezLVzpGHZ,35,easy,1,12228,Data & Features
B0dezLVzpGHZ,36,medium,0,21342,Data & Features
B0dezLVzpGHZ,37,easy,0,21079,Classification & Modeling
B0dezLVzpGHZ,38,hard,0,22271,Data & Features
B0dezLVzpGHZ,39,easy,0,15274,Data & Features
B0dezLVzpGHZ,40,easy,1,9393,Data & Features
B0dezLVzpGHZ,41,easy,1,18222,Data & Features
B0dezLVzpGHZ,42,easy,1,7500,Data & Features
B0dezLVzpGHZ,43,medium,0,22926,Data & Features
B0dezLVzpGHZ,44,easy,1,17959,Misc / Tools
B0dezLVzpGHZ,45,hard,0,19120,Data & Features
B0dezLVzpGHZ,46,easy,1,12453,Data & Features
B0dezLVzpGHZ,47,hard,0,18324,Classification & Modeling
B0dezLVzpGHZ,48,easy,1,17486,Classification & Modeling
B0dezLVzpGHZ,49,hard,0,19120,Data & Features
B0dezLVzpGHZ,50,easy,0,18856,Classification & Modeling
B0dezLVzpGHZ,51,easy,0,18856,Classification & Modeling
B0dezLVzpGHZ,52,easy,1,13056,Data & Features
B0dezLVzpGHZ,53,easy,1,10136,Classification & Modeling
B0dezLVzpGHZ,54,easy,1,13406,Classification & Modeling
B0dezLVzpGHZ,55,easy,1,10316,Classification & Modeling
B0dezLVzpGHZ,56,hard,0,19120,Classification & Modeling
B0dezLVzpGHZ,57,easy,1,7500,Classification & Modeling
B0dezLVzpGHZ,58,easy,0,19030,Classification & Modeling
B0dezLVzpGHZ,59,easy,1,11726,Classification & Modeling
B0dezLVzpGHZ,60,easy,1,13406,Classification & Modeling
PgdsGKsedBAl,31,medium,1,22670,Misc / Tools
PgdsGKsedBAl,32,medium,0,29050,Classification & Modeling
PgdsGKsedBAl,33,easy,0,16440,Data & Features
PgdsGKsedBAl,34,easy,0,16948,Data & Features
PgdsGKsedBAl,35,easy,1,13767,Data & Features
PgdsGKsedBAl,36,medium,1,21841,Data & Features
PgdsGKsedBAl,37,easy,1,20371,Classification & Modeling
PgdsGKsedBAl,38,hard,1,25300,Data & Features
PgdsGKsedBAl,39,easy,1,13841,Data & Features
PgdsGKsedBAl,40,easy,1,10581,Data & Features
PgdsGKsedBAl,41,easy,1,20729,Data & Features
PgdsGKsedBAl,42,easy,1,8385,Data & Features
PgdsGKsedBAl,43,medium,1,24654,Data & Features
PgdsGKsedBAl,44,easy,1,20018,Misc / Tools
PgdsGKsedBAl,45,hard,0,22198,Data & Features
PgdsGKsedBAl,46,easy,1,13841,Data & Features
PgdsGKsedBAl,47,hard,0,21274,Classification & Modeling
PgdsGKsedBAl,48,easy,0,22261,Classification & Modeling
PgdsGKsedBAl,49,hard,0,22198,Data & Features
PgdsGKsedBAl,50,easy,0,20958,Classification & Modeling
PgdsGKsedBAl,51,easy,0,20958,Classification & Modeling
PgdsGKsedBAl,52,easy,0,18701,Data & Features
PgdsGKsedBAl,53,easy,1,11333,Classification & Modeling
PgdsGKsedBAl,54,easy,1,14900,Classification & Modeling
PgdsGKsedBAl,55,easy,1,11534,Classification & Modeling
PgdsGKsedBAl,56,hard,0,22198,Classification & Modeling
PgdsGKsedBAl,57,easy,1,8385,Classification & Modeling
PgdsGKsedBAl,58,easy,0,21151,Classification & Modeling
PgdsGKsedBAl,59,easy,1,13110,Classification & Modeling
PgdsGKsedBAl,60,easy,0,18276,Classification & Modeling
Ui0yLwC2YxnT,31,medium,1,19928,Misc / Tools
Ui0yLwC2YxnT,32,medium,0,25721,Classification & Modeling
Ui0yLwC2YxnT,33,easy,1,12281,Data & Features
Ui0yLwC2YxnT,34,easy,0,15054,Data & Features
Ui0yLwC2YxnT,35,easy,1,12228,Data & Features
Ui0yLwC2YxnT,36,medium,0,21342,Data & Features
Ui0yLwC2YxnT,37,easy,0,21079,Classification & Modeling
Ui0yLwC2YxnT,38,hard,1,22400,Data & Features
Ui0yLwC2YxnT,39,easy,1,12453,Data & Features
Ui0yLwC2YxnT,40,easy,0,11023,Data & Features
Ui0yLwC2YxnT,41,easy,1,18222,Data & Features
Ui0yLwC2YxnT,42,easy,1,7500,Data & Features
Ui0yLwC2YxnT,43,medium,0,22926,Data & Features
Ui0yLwC2YxnT,44,easy,1,17959,Misc / Tools
Ui0yLwC2YxnT,45,hard,0,19120,Data & Features
Ui0yLwC2YxnT,46,easy,0,15274,Data & Features
Ui0yLwC2YxnT,47,hard,0,18324,Classification & Modeling
Ui0yLwC2YxnT,48,easy,1,17486,Classification & Modeling
Ui0yLwC2YxnT,49,hard,0,19120,Data & Features
Ui0yLwC2YxnT,50,easy,1,14398,Classification & Modeling
Ui0yLwC2YxnT,51,easy,1,14398,Classification & Modeling
Ui0yLwC2YxnT,52,easy,0,16826,Data & Features
Ui0yLwC2YxnT,53,easy,1,10136,Classification & Modeling
Ui0yLwC2YxnT,54,easy,1,13406,Classification & Modeling
Ui0yLwC2YxnT,55,easy,1,10316,Classification & Modeling
Ui0yLwC2YxnT,56,hard,0,19120,Classification & Modeling
Ui0yLwC2YxnT,57,easy,1,7500,Classification & Modeling
Ui0yLwC2YxnT,58,easy,0,19030,Classification & Modeling
Ui0yLwC2YxnT,59,easy,0,14040,Classification & Modeling
Ui0yLwC2YxnT,60,easy,0,16443,Classification & Modeling
y9lkze6lHiAa,31,medium,1,18594,Misc / Tools
y9lkze6lHiAa,32,medium,0,18596,Classification & Modeling
y9lkze6lHiAa,33,easy,1,12566,Data & Features
y9lkze6lHiAa,34,easy,1,12727,Data & Features
y9lkze6lHiAa,35,easy,1,12727,Data & Features
y9lkze6lHiAa,36,medium,0,15661,Data & Features
y9lkze6lHiAa,37,easy,0,16059,Classification & Modeling
y9lkze6lHiAa,38,hard,0,16414,Data & Features
y9lkze6lHiAa,39,easy,0,13279,Data & Features
y9lkze6lHiAa,40,easy,1,7547,Data & Features
y9lkze6lHiAa,41,easy,1,17619,Data & Features
y9lkze6lHiAa,42,easy,1,6361,Data & Features
y9lkze6lHiAa,43,medium,0,16803,Data & Features
y9lkze6lHiAa,44,easy,0,15728,Misc / Tools
y9lkze6lHiAa,45,hard,0,10108,Data & Features
y9lkze6lHiAa,46,easy,1,12697,Data & Features
y9lkze6lHiAa,47,hard,0,10108,Classification & Modeling
y9lkze6lHiAa,48,easy,0,15399,Classification & Modeling
y9lkze6lHiAa,49,hard,0,10108,Data & Features
y9lkze6lHiAa,50,easy,0,14190,Classification & Modeling
y9lkze6lHiAa,51,easy,1,13631,Classification & Modeling
y9lkze6lHiAa,52,easy,1,12916,Data & Features
y9lkze6lHiAa,53,easy,0,9971,Classification & Modeling
y9lkze6lHiAa,54,easy,0,14856,Classification & Modeling
y9lkze6lHiAa,55,easy,1,8749,Classification & Modeling
y9lkze6lHiAa,56,hard,0,10108,Classification & Modeling
y9lkze6lHiAa,57,easy,1,6361,Classification & Modeling
y9lkze6lHiAa,58,easy,1,13849,Classification & Modeling
y9lkze6lHiAa,59,easy,1,12006,Classification & Modeling
y9lkze6lHiAa,60,easy,1,14205,Classification & Modeling
nIdSwhLzwJKt,31,medium,1,24167,Misc / Tools
nIdSwhLzwJKt,32,medium,0,28479,Classification & Modeling
nIdSwhLzwJKt,33,easy,1,14368,Data & Features
nIdSwhLzwJKt,34,easy,1,14430,Data & Features
nIdSwhLzwJKt,35,easy,1,14430,Data & Features
nIdSwhLzwJKt,36,medium,0,23918,Data & Features
nIdSwhLzwJKt,37,easy,1,21352,Classification & Modeling
nIdSwhLzwJKt,38,hard,0,25138,Data & Features
nIdSwhLzwJKt,39,easy,1,14535,Data & Features
nIdSwhLzwJKt,40,easy,1,10009,Data & Features
nIdSwhLzwJKt,41,easy,1,21885,Data & Features
nIdSwhLzwJKt,42,easy,1,8435,Data & Features
nIdSwhLzwJKt,43,medium,0,25834,Data & Features
nIdSwhLzwJKt,44,easy,0,22292,Misc / Tools
nIdSwhLzwJKt,45,hard,0,19597,Data & Features
nIdSwhLzwJKt,46,easy,0,16236,Data & Features
nIdSwhLzwJKt,47,hard,0,20193,Classification & Modeling
nIdSwhLzwJKt,48,easy,0,21788,Classification & Modeling
nIdSwhLzwJKt,49,hard,0,19597,Data & Features
nIdSwhLzwJKt,50,easy,0,19181,Classification & Modeling
nIdSwhLzwJKt,51,easy,0,19181,Classification & Modeling
nIdSwhLzwJKt,52,easy,1,15239,Data & Features
nIdSwhLzwJKt,53,easy,0,14774,Classification & Modeling
nIdSwhLzwJKt,54,easy,1,16260,Classification & Modeling
nIdSwhLzwJKt,55,easy,1,11602,Classification & Modeling
nIdSwhLzwJKt,56,hard,0,19597,Classification & Modeling
nIdSwhLzwJKt,57,easy,1,8435,Classification & Modeling
nIdSwhLzwJKt,58,easy,0,19358,Classification & Modeling
nIdSwhLzwJKt,59,easy,0,15575,Classification & Modeling
nIdSwhLzwJKt,60,easy,1,16260,Classification & Modeling
d5279GvwAinX,31,medium,1,24167,Misc / Tools
d5279GvwAinX,32,medium,1,29139,Classification & Modeling
d5279GvwAinX,33,easy,1,14368,Data & Features
d5279GvwAinX,34,easy,0,16178,Data & Features
d5279GvwAinX,35,easy,0,16178,Data & Features
d5279GvwAinX,36,medium,0,23918,Data & Features
d5279GvwAinX,37,easy,0,22848,Classification & Modeling
d5279GvwAinX,38,hard,1,26396,Data & Features
d5279GvwAinX,39,easy,0,16236,Data & Features
d5279GvwAinX,40,easy,1,10009,Data & Features
d5279GvwAinX,41,easy,1,21885,Data & Features
d5279GvwAinX,42,easy,0,9400,Data & Features
d5279GvwAinX,43,medium,0,25834,Data & Features
d5279GvwAinX,44,easy,0,22292,Misc / Tools
d5279GvwAinX,45,hard,0,19597,Data & Features
d5279GvwAinX,46,easy,1,14535,Data & Features
d5279GvwAinX,47,hard,1,24030,Classification & Modeling
d5279GvwAinX,48,easy,0,21788,Classification & Modeling
d5279GvwAinX,49,hard,0,19597,Data & Features
d5279GvwAinX,50,easy,0,19181,Classification & Modeling
d5279GvwAinX,51,easy,0,19181,Classification & Modeling
d5279GvwAinX,52,easy,1,15239,Data & Features
d5279GvwAinX,53,easy,1,11400,Classification & Modeling
d5279GvwAinX,54,easy,1,16260,Classification & Modeling
d5279GvwAinX,55,easy,1,11602,Classification & Modeling
d5279GvwAinX,56,hard,0,19597,Classification & Modeling
d5279GvwAinX,57,easy,1,8435,Classification & Modeling
d5279GvwAinX,58,easy,0,19358,Classification & Modeling
d5279GvwAinX,59,easy,0,15575,Classification & Modeling
d5279GvwAinX,60,easy,0,18163,Classification & Modeling
7VpB1pGsv71N,31,medium,0,19758,Misc / Tools
7VpB1pGsv71N,32,medium,1,26028,Classification & Modeling
7VpB1pGsv71N,33,easy,0,13836,Data & Features
7VpB1pGsv71N,34,easy,0,14089,Data & Features
7VpB1pGsv71N,35,easy,0,14089,Data & Features
7VpB1pGsv71N,36,medium,1,20703,Data & Features
7VpB1pGsv71N,37,easy,0,18366,Classification & Modeling
7VpB1pGsv71N,38,hard,0,19967,Data & Features
7VpB1pGsv71N,39,easy,0,13964,Data & Features
7VpB1pGsv71N,40,easy,1,8399,Data & Features
7VpB1pGsv71N,41,easy,0,18978,Data & Features
7VpB1pGsv71N,42,easy,0,7800,Data & Features
7VpB1pGsv71N,43,medium,0,20508,Data & Features
7VpB1pGsv71N,44,easy,0,18715,Misc / Tools
7VpB1pGsv71N,45,hard,0,15270,Data & Features
7VpB1pGsv71N,46,easy,1,12656,Data & Features
7VpB1pGsv71N,47,hard,0,15270,Classification & Modeling
7VpB1pGsv71N,48,easy,0,17543,Classification & Modeling
7VpB1pGsv71N,49,hard,0,15270,Data & Features
7VpB1pGsv71N,50,easy,1,13840,Classification & Modeling
7VpB1pGsv71N,51,easy,1,13840,Classification & Modeling
7VpB1pGsv71N,52,easy,1,12875,Data & Features
7VpB1pGsv71N,53,easy,1,9566,Classification & Modeling
7VpB1pGsv71N,54,easy,0,15621,Classification & Modeling
7VpB1pGsv71N,55,easy,0,12260,Classification & Modeling
7VpB1pGsv71N,56,hard,0,15270,Classification & Modeling
7VpB1pGsv71N,57,easy,1,7078,Classification & Modeling
7VpB1pGsv71N,58,easy,1,14391,Classification & Modeling
7VpB1pGsv71N,59,easy,1,11971,Classification & Modeling
7VpB1pGsv71N,60,easy,0,15621,Classification & Modeling
BOOMKrcykzvF,31,medium,0,18387,Misc / Tools
BOOMKrcykzvF,32,medium,0,20894,Classification & Modeling
BOOMKrcykzvF,33,easy,0,13910,Data & Features
BOOMKrcykzvF,34,easy,0,14164,Data & Features
BOOMKrcykzvF,35,easy,0,14164,Data & Features
BOOMKrcykzvF,36,medium,0,17715,Data & Features
BOOMKrcykzvF,37,easy,0,17583,Classification & Modeling
BOOMKrcykzvF,38,hard,0,18442,Data & Features
BOOMKrcykzvF,39,easy,1,13153,Data & Features
BOOMKrcykzvF,40,easy,1,8834,Data & Features
BOOMKrcykzvF,41,easy,1,19004,Data & Features
BOOMKrcykzvF,42,easy,1,7445,Data & Features
BOOMKrcykzvF,43,medium,0,18942,Data & Features
BOOMKrcykzvF,44,easy,0,17404,Misc / Tools
BOOMKrcykzvF,45,hard,0,14438,Data & Features
BOOMKrcykzvF,46,easy,1,13153,Data & Features
BOOMKrcykzvF,47,hard,0,14438,Classification & Modeling
BOOMKrcykzvF,48,easy,0,16916,Classification & Modeling
BOOMKrcykzvF,49,hard,0,14438,Data & Features
BOOMKrcykzvF,50,easy,1,14219,Classification & Modeling
BOOMKrcykzvF,51,easy,1,14219,Classification & Modeling
BOOMKrcykzvF,52,easy,0,14420,Data & Features
BOOMKrcykzvF,53,easy,0,12503,Classification & Modeling
BOOMKrcykzvF,54,easy,0,15705,Classification & Modeling
BOOMKrcykzvF,55,easy,1,10240,Classification & Modeling
BOOMKrcykzvF,56,hard,0,14438,Classification & Modeling
BOOMKrcykzvF,57,easy,0,7955,Classification & Modeling
BOOMKrcykzvF,58,easy,1,14640,Classification & Modeling
BOOMKrcykzvF,59,easy,1,12479,Classification & Modeling
BOOMKrcykzvF,60,easy,0,15705,Classification & Modeling
KwlNeadgH2OL,61,easy,1,13612,Clustering & Unsupervised
KwlNeadgH2OL,62,easy,1,14595,Clustering & Unsupervised
KwlNeadgH2OL,63,easy,1,16810,Clustering & Unsupervised
KwlNeadgH2OL,64,easy,1,9460,Clustering & Unsupervised
KwlNeadgH2OL,65,easy,1,13612,Clustering & Unsupervised
KwlNeadgH2OL,66,easy,1,9460,Clustering & Unsupervised
KwlNeadgH2OL,67,medium,1,25830,Clustering & Unsupervised
KwlNeadgH2OL,68,easy,1,16810,Clustering & Unsupervised
KwlNeadgH2OL,69,easy,1,13647,Clustering & Unsupervised
KwlNeadgH2OL,70,easy,1,9460,Clustering & Unsupervised
KwlNeadgH2OL,71,easy,1,13821,Clustering & Unsupervised
KwlNeadgH2OL,72,medium,0,30596,Clustering & Unsupervised
KwlNeadgH2OL,73,easy,0,18283,Classification & Modeling
KwlNeadgH2OL,74,easy,1,9460,Misc / Tools
KwlNeadgH2OL,75,medium,0,33135,Classification & Modeling
KwlNeadgH2OL,76,easy,1,18911,Clustering & Unsupervised
KwlNeadgH2OL,77,medium,1,26273,Clustering & Unsupervised
KwlNeadgH2OL,78,medium,1,25779,Clustering & Unsupervised
KwlNeadgH2OL,79,easy,1,18713,Classification & Modeling
KwlNeadgH2OL,80,easy,1,13538,Clustering & Unsupervised
KwlNeadgH2OL,81,easy,1,18251,Clustering & Unsupervised
KwlNeadgH2OL,82,easy,1,13956,Clustering & Unsupervised
KwlNeadgH2OL,83,easy,1,14595,Clustering & Unsupervised
KwlNeadgH2OL,84,easy,1,13647,Clustering & Unsupervised
KwlNeadgH2OL,85,medium,0,30975,Clustering & Unsupervised
KwlNeadgH2OL,86,easy,1,13175,Clustering & Unsupervised
KwlNeadgH2OL,87,easy,1,13821,Clustering & Unsupervised
KwlNeadgH2OL,88,easy,1,13399,Clustering & Unsupervised
KwlNeadgH2OL,89,easy,1,18251,Misc / Tools
KwlNeadgH2OL,90,hard,0,27668,Classification & Modeling
AQklHbi5bt8l,61,easy,1,12691,Clustering & Unsupervised
AQklHbi5bt8l,62,easy,1,14965,Clustering & Unsupervised
AQklHbi5bt8l,63,easy,1,17236,Clustering & Unsupervised
AQklHbi5bt8l,64,easy,1,8933,Clustering & Unsupervised
AQklHbi5bt8l,65,easy,1,12691,Clustering & Unsupervised
AQklHbi5bt8l,66,easy,1,8933,Clustering & Unsupervised
AQklHbi5bt8l,67,medium,1,27433,Clustering & Unsupervised
AQklHbi5bt8l,68,easy,1,17236,Clustering & Unsupervised
AQklHbi5bt8l,69,easy,1,14655,Clustering & Unsupervised
AQklHbi5bt8l,70,easy,1,8933,Clustering & Unsupervised
AQklHbi5bt8l,71,easy,1,15047,Clustering & Unsupervised
AQklHbi5bt8l,72,medium,1,27781,Clustering & Unsupervised
AQklHbi5bt8l,73,easy,1,13509,Classification & Modeling
AQklHbi5bt8l,74,easy,1,8933,Misc / Tools
AQklHbi5bt8l,75,medium,0,31060,Classification & Modeling
AQklHbi5bt8l,76,easy,0,23356,Clustering & Unsupervised
AQklHbi5bt8l,77,medium,1,28423,Clustering & Unsupervised
AQklHbi5bt8l,78,medium,1,27781,Clustering & Unsupervised
AQklHbi5bt8l,79,easy,1,20881,Classification & Modeling
AQklHbi5bt8l,80,easy,1,13881,Clustering & Unsupervised
AQklHbi5bt8l,81,easy,0,21489,Clustering & Unsupervised
AQklHbi5bt8l,82,easy,1,15217,Clustering & Unsupervised
AQklHbi5bt8l,83,easy,1,14965,Clustering & Unsupervised
AQklHbi5bt8l,84,easy,1,14655,Clustering & Unsupervised
AQklHbi5bt8l,85,medium,0,29036,Clustering & Unsupervised
AQklHbi5bt8l,86,easy,1,13509,Clustering & Unsupervised
AQklHbi5bt8l,87,easy,1,15047,Clustering & Unsupervised
AQklHbi5bt8l,88,easy,1,14893,Clustering & Unsupervised
AQklHbi5bt8l,89,easy,1,20069,Misc / Tools
AQklHbi5bt8l,90,hard,0,27771,Classification & Modeling
X0HFePMCkBsP,61,easy,1,12136,Clustering & Unsupervised
X0HFePMCkBsP,62,easy,1,14280,Clustering & Unsupervised
X0HFePMCkBsP,63,easy,1,16446,Clustering & Unsupervised
X0HFePMCkBsP,64,easy,1,8472,Clustering & Unsupervised
X0HFePMCkBsP,65,easy,1,12136,Clustering & Unsupervised
X0HFePMCkBsP,66,easy,1,8472,Clustering & Unsupervised
X0HFePMCkBsP,67,medium,1,25165,Clustering & Unsupervised
X0HFePMCkBsP,68,easy,1,16446,Clustering & Unsupervised
X0HFePMCkBsP,69,easy,1,13984,Clustering & Unsupervised
X0HFePMCkBsP,70,easy,1,8472,Clustering & Unsupervised
X0HFePMCkBsP,71,easy,1,14358,Clustering & Unsupervised
X0HFePMCkBsP,72,medium,1,25484,Clustering & Unsupervised
X0HFePMCkBsP,73,easy,1,12891,Classification & Modeling
X0HFePMCkBsP,74,easy,1,8472,Misc / Tools
X0HFePMCkBsP,75,medium,0,28986,Classification & Modeling
X0HFePMCkBsP,76,easy,1,19970,Clustering & Unsupervised
X0HFePMCkBsP,77,medium,0,27458,Clustering & Unsupervised
X0HFePMCkBsP,78,medium,1,25484,Clustering & Unsupervised
X0HFePMCkBsP,79,easy,1,19760,Classification & Modeling
X0HFePMCkBsP,80,easy,1,13246,Clustering & Unsupervised
X0HFePMCkBsP,81,easy,0,21505,Clustering & Unsupervised
X0HFePMCkBsP,82,easy,1,14403,Clustering & Unsupervised
X0HFePMCkBsP,83,easy,1,14280,Clustering & Unsupervised
X0HFePMCkBsP,84,easy,1,13984,Clustering & Unsupervised
X0HFePMCkBsP,85,medium,1,25817,Clustering & Unsupervised
X0HFePMCkBsP,86,easy,1,12891,Clustering & Unsupervised
X0HFePMCkBsP,87,easy,1,14358,Clustering & Unsupervised
X0HFePMCkBsP,88,easy,1,14211,Clustering & Unsupervised
X0HFePMCkBsP,89,easy,1,19150,Misc / Tools
X0HFePMCkBsP,90,hard,0,25917,Classification & Modeling
QJccKPT4nu7V,61,easy,1,14590,Clustering & Unsupervised
QJccKPT4nu7V,62,easy,1,16004,Clustering & Unsupervised
QJccKPT4nu7V,63,easy,1,18432,Clustering & Unsupervised
QJccKPT4nu7V,64,easy,1,10223,Clustering & Unsupervised
QJccKPT4nu7V,65,easy,1,14590,Clustering & Unsupervised
QJccKPT4nu7V,66,easy,1,10223,Clustering & Unsupervised
QJccKPT4nu7V,67,medium,1,27890,Clustering & Unsupervised
QJccKPT4nu7V,68,easy,1,18432,Clustering & Unsupervised
QJccKPT4nu7V,69,easy,1,15124,Clustering & Unsupervised
QJccKPT4nu7V,70,easy,1,10223,Clustering & Unsupervised
QJccKPT4nu7V,71,easy,1,15317,Clustering & Unsupervised
QJccKPT4nu7V,72,medium,1,28243,Clustering & Unsupervised
QJccKPT4nu7V,73,easy,1,14447,Classification & Modeling
QJccKPT4nu7V,74,easy,1,10223,Misc / Tools
QJccKPT4nu7V,75,medium,0,35136,Classification & Modeling
QJccKPT4nu7V,76,easy,1,21009,Clustering & Unsupervised
QJccKPT4nu7V,77,medium,0,33283,Clustering & Unsupervised
QJccKPT4nu7V,78,medium,1,28243,Clustering & Unsupervised
QJccKPT4nu7V,79,easy,1,20789,Classification & Modeling
QJccKPT4nu7V,80,easy,1,14845,Clustering & Unsupervised
QJccKPT4nu7V,81,easy,0,23228,Clustering & Unsupervised
QJccKPT4nu7V,82,easy,1,15303,Clustering & Unsupervised
QJccKPT4nu7V,83,easy,1,16004,Clustering & Unsupervised
QJccKPT4nu7V,84,easy,1,15124,Clustering & Unsupervised
QJccKPT4nu7V,85,medium,1,28613,Clustering & Unsupervised
QJccKPT4nu7V,86,easy,1,14447,Clustering & Unsupervised
QJccKPT4nu7V,87,easy,1,15317,Clustering & Unsupervised
QJccKPT4nu7V,88,easy,1,14811,Clustering & Unsupervised
QJccKPT4nu7V,89,easy,1,19990,Misc / Tools
QJccKPT4nu7V,90,hard,0,29876,Classification & Modeling
W0EkQhrkI3an,61,easy,1,10621,Clustering & Unsupervised
W0EkQhrkI3an,62,easy,1,12642,Clustering & Unsupervised
W0EkQhrkI3an,63,easy,1,14560,Clustering & Unsupervised
W0EkQhrkI3an,64,easy,1,7500,Clustering & Unsupervised
W0EkQhrkI3an,65,easy,1,10621,Clustering & Unsupervised
W0EkQhrkI3an,66,easy,1,7500,Clustering & Unsupervised
W0EkQhrkI3an,67,medium,0,22931,Clustering & Unsupervised
W0EkQhrkI3an,68,easy,1,14560,Clustering & Unsupervised
W0EkQhrkI3an,69,easy,1,12453,Clustering & Unsupervised
W0EkQhrkI3an,70,easy,1,7500,Clustering & Unsupervised
W0EkQhrkI3an,71,easy,1,12786,Clustering & Unsupervised
W0EkQhrkI3an,72,medium,1,22332,Clustering & Unsupervised
W0EkQhrkI3an,73,easy,1,11412,Classification & Modeling
W0EkQhrkI3an,74,easy,1,7500,Misc / Tools
W0EkQhrkI3an,75,medium,1,24202,Classification & Modeling
W0EkQhrkI3an,76,easy,1,17867,Clustering & Unsupervised
W0EkQhrkI3an,77,medium,0,23916,Clustering & Unsupervised
W0EkQhrkI3an,78,medium,1,22332,Clustering & Unsupervised
W0EkQhrkI3an,79,easy,1,17680,Classification & Modeling
W0EkQhrkI3an,80,easy,0,14040,Clustering & Unsupervised
W0EkQhrkI3an,81,easy,1,17054,Clustering & Unsupervised
W0EkQhrkI3an,82,easy,1,12826,Clustering & Unsupervised
W0EkQhrkI3an,83,easy,1,12642,Clustering & Unsupervised
W0EkQhrkI3an,84,easy,1,12453,Clustering & Unsupervised
W0EkQhrkI3an,85,medium,0,23747,Clustering & Unsupervised
W0EkQhrkI3an,86,easy,1,11412,Clustering & Unsupervised
W0EkQhrkI3an,87,easy,1,12786,Clustering & Unsupervised
W0EkQhrkI3an,88,easy,1,12655,Clustering & Unsupervised
W0EkQhrkI3an,89,easy,1,17054,Misc / Tools
W0EkQhrkI3an,90,hard,0,22712,Classification & Modeling
9eci54foOGc9,61,easy,1,14796,Clustering & Unsupervised
9eci54foOGc9,62,easy,1,16173,Clustering & Unsupervised
9eci54foOGc9,63,easy,1,18627,Clustering & Unsupervised
9eci54foOGc9,64,easy,1,10483,Clustering & Unsupervised
9eci54foOGc9,65,easy,1,14796,Clustering & Unsupervised
9eci54foOGc9,66,easy,1,10483,Clustering & Unsupervised
9eci54foOGc9,67,medium,1,28814,Clustering & Unsupervised
9eci54foOGc9,68,easy,1,18627,Clustering & Unsupervised
9eci54foOGc9,69,easy,1,15350,Clustering & Unsupervised
9eci54foOGc9,70,easy,1,10483,Clustering & Unsupervised
9eci54foOGc9,71,easy,1,15545,Clustering & Unsupervised
9eci54foOGc9,72,medium,1,29179,Clustering & Unsupervised
9eci54foOGc9,73,easy,1,14600,Classification & Modeling
9eci54foOGc9,74,easy,1,10483,Misc / Tools
9eci54foOGc9,75,medium,1,31622,Classification & Modeling
9eci54foOGc9,76,easy,1,21543,Clustering & Unsupervised
9eci54foOGc9,77,medium,1,29739,Clustering & Unsupervised
9eci54foOGc9,78,medium,1,29179,Clustering & Unsupervised
9eci54foOGc9,79,easy,0,25622,Classification & Modeling
9eci54foOGc9,80,easy,1,15002,Clustering & Unsupervised
9eci54foOGc9,81,easy,1,20441,Clustering & Unsupervised
9eci54foOGc9,82,easy,1,15531,Clustering & Unsupervised
9eci54foOGc9,83,easy,1,16173,Clustering & Unsupervised
9eci54foOGc9,84,easy,1,15350,Clustering & Unsupervised
9eci54foOGc9,85,medium,0,34434,Clustering & Unsupervised
9eci54foOGc9,86,easy,1,14600,Clustering & Unsupervised
9eci54foOGc9,87,easy,1,15545,Clustering & Unsupervised
9eci54foOGc9,88,easy,1,15006,Clustering & Unsupervised
9eci54foOGc9,89,easy,1,20441,Misc / Tools
9eci54foOGc9,90,hard,0,29966,Classification & Modeling
HDHPHpQGlRLt,61,easy,1,14818,Clustering & Unsupervised
HDHPHpQGlRLt,62,easy,1,16368,Clustering & Unsupervised
HDHPHpQGlRLt,63,easy,1,18851,Clustering & Unsupervised
HDHPHpQGlRLt,64,easy,1,10498,Clustering & Unsupervised
HDHPHpQGlRLt,65,easy,1,14818,Clustering & Unsupervised
HDHPHpQGlRLt,66,easy,1,10498,Clustering & Unsupervised
HDHPHpQGlRLt,67,medium,0,35821,Clustering & Unsupervised
HDHPHpQGlRLt,68,easy,1,18851,Clustering & Unsupervised
HDHPHpQGlRLt,69,easy,1,15725,Clustering & Unsupervised
HDHPHpQGlRLt,70,easy,1,10498,Clustering & Unsupervised
HDHPHpQGlRLt,71,easy,1,15925,Clustering & Unsupervised
HDHPHpQGlRLt,72,medium,1,31434,Clustering & Unsupervised
HDHPHpQGlRLt,73,easy,1,14775,Classification & Modeling
HDHPHpQGlRLt,74,easy,1,10498,Misc / Tools
HDHPHpQGlRLt,75,medium,1,34066,Classification & Modeling
HDHPHpQGlRLt,76,easy,1,24298,Clustering & Unsupervised
HDHPHpQGlRLt,77,medium,1,33543,Clustering & Unsupervised
HDHPHpQGlRLt,78,medium,1,31434,Clustering & Unsupervised
HDHPHpQGlRLt,79,easy,1,24044,Classification & Modeling
HDHPHpQGlRLt,80,easy,1,15182,Clustering & Unsupervised
HDHPHpQGlRLt,81,easy,1,20940,Clustering & Unsupervised
HDHPHpQGlRLt,82,easy,1,15911,Clustering & Unsupervised
HDHPHpQGlRLt,83,easy,1,16368,Clustering & Unsupervised
HDHPHpQGlRLt,84,easy,1,15725,Clustering & Unsupervised
HDHPHpQGlRLt,85,medium,1,31846,Clustering & Unsupervised
HDHPHpQGlRLt,86,easy,1,14775,Clustering & Unsupervised
HDHPHpQGlRLt,87,easy,0,22287,Clustering & Unsupervised
HDHPHpQGlRLt,88,easy,1,15186,Clustering & Unsupervised
HDHPHpQGlRLt,89,easy,1,20940,Misc / Tools
HDHPHpQGlRLt,90,hard,0,31778,Classification & Modeling
y9lkze6lHiAa,61,easy,1,8932,Clustering & Unsupervised
y9lkze6lHiAa,62,easy,1,13874,Clustering & Unsupervised
y9lkze6lHiAa,63,easy,1,14897,Clustering & Unsupervised
y9lkze6lHiAa,64,easy,1,6361,Clustering & Unsupervised
y9lkze6lHiAa,65,easy,0,8909,Clustering & Unsupervised
y9lkze6lHiAa,66,easy,1,6361,Clustering & Unsupervised
y9lkze6lHiAa,67,medium,0,16647,Clustering & Unsupervised
y9lkze6lHiAa,68,easy,0,15214,Clustering & Unsupervised
y9lkze6lHiAa,69,easy,0,13279,Clustering & Unsupervised
y9lkze6lHiAa,70,easy,1,6361,Clustering & Unsupervised
y9lkze6lHiAa,71,easy,1,13503,Clustering & Unsupervised
y9lkze6lHiAa,72,medium,0,17192,Clustering & Unsupervised
y9lkze6lHiAa,73,easy,0,11978,Classification & Modeling
y9lkze6lHiAa,74,easy,1,6361,Misc / Tools
y9lkze6lHiAa,75,medium,0,18742,Classification & Modeling
y9lkze6lHiAa,76,easy,1,17372,Clustering & Unsupervised
y9lkze6lHiAa,77,medium,0,17705,Clustering & Unsupervised
y9lkze6lHiAa,78,medium,0,17192,Clustering & Unsupervised
y9lkze6lHiAa,79,easy,0,15418,Classification & Modeling
y9lkze6lHiAa,80,easy,0,12262,Clustering & Unsupervised
y9lkze6lHiAa,81,easy,1,13762,Clustering & Unsupervised
y9lkze6lHiAa,82,easy,0,13512,Clustering & Unsupervised
y9lkze6lHiAa,83,easy,0,14121,Clustering & Unsupervised
y9lkze6lHiAa,84,easy,0,13279,Clustering & Unsupervised
y9lkze6lHiAa,85,medium,0,17415,Clustering & Unsupervised
y9lkze6lHiAa,86,easy,1,11729,Clustering & Unsupervised
y9lkze6lHiAa,87,easy,1,13503,Clustering & Unsupervised
y9lkze6lHiAa,88,easy,1,13473,Clustering & Unsupervised
y9lkze6lHiAa,89,easy,0,14190,Misc / Tools
y9lkze6lHiAa,90,hard,1,22012,Classification & Modeling
B0dezLVzpGHZ,61,easy,1,10621,Clustering & Unsupervised
B0dezLVzpGHZ,62,easy,1,12642,Clustering & Unsupervised
B0dezLVzpGHZ,63,easy,1,14560,Clustering & Unsupervised
B0dezLVzpGHZ,64,easy,1,7500,Clustering & Unsupervised
B0dezLVzpGHZ,65,easy,1,10621,Clustering & Unsupervised
B0dezLVzpGHZ,66,easy,1,7500,Clustering & Unsupervised
B0dezLVzpGHZ,67,medium,1,22053,Clustering & Unsupervised
B0dezLVzpGHZ,68,easy,1,14560,Clustering & Unsupervised
B0dezLVzpGHZ,69,easy,1,12453,Clustering & Unsupervised
B0dezLVzpGHZ,70,easy,1,7500,Clustering & Unsupervised
B0dezLVzpGHZ,71,easy,1,12786,Clustering & Unsupervised
B0dezLVzpGHZ,72,medium,0,23456,Clustering & Unsupervised
B0dezLVzpGHZ,73,easy,1,11412,Classification & Modeling
B0dezLVzpGHZ,74,easy,1,7500,Misc / Tools
B0dezLVzpGHZ,75,medium,0,25402,Classification & Modeling
B0dezLVzpGHZ,76,easy,0,20487,Clustering & Unsupervised
B0dezLVzpGHZ,77,medium,0,23916,Clustering & Unsupervised
B0dezLVzpGHZ,78,medium,1,22332,Clustering & Unsupervised
B0dezLVzpGHZ,79,easy,0,20239,Classification & Modeling
B0dezLVzpGHZ,80,easy,1,11726,Clustering & Unsupervised
B0dezLVzpGHZ,81,easy,1,17054,Clustering & Unsupervised
B0dezLVzpGHZ,82,easy,1,12826,Clustering & Unsupervised
B0dezLVzpGHZ,83,easy,1,12642,Clustering & Unsupervised
B0dezLVzpGHZ,84,easy,1,12453,Clustering & Unsupervised
B0dezLVzpGHZ,85,medium,1,22625,Clustering & Unsupervised
B0dezLVzpGHZ,86,easy,1,11412,Clustering & Unsupervised
B0dezLVzpGHZ,87,easy,1,12786,Clustering & Unsupervised
B0dezLVzpGHZ,88,easy,0,15522,Clustering & Unsupervised
B0dezLVzpGHZ,89,easy,0,19151,Misc / Tools
B0dezLVzpGHZ,90,hard,0,22712,Classification & Modeling
xPRdKA5UBNGM,61,easy,1,15659,Clustering & Unsupervised
xPRdKA5UBNGM,62,easy,1,17117,Clustering & Unsupervised
xPRdKA5UBNGM,63,easy,1,19714,Clustering & Unsupervised
xPRdKA5UBNGM,64,easy,1,11094,Clustering & Unsupervised
xPRdKA5UBNGM,65,easy,1,15659,Clustering & Unsupervised
xPRdKA5UBNGM,66,easy,1,11094,Clustering & Unsupervised
xPRdKA5UBNGM,67,medium,0,34551,Clustering & Unsupervised
xPRdKA5UBNGM,68,easy,1,19714,Clustering & Unsupervised
xPRdKA5UBNGM,69,easy,1,16245,Clustering & Unsupervised
xPRdKA5UBNGM,70,easy,1,11094,Clustering & Unsupervised
xPRdKA5UBNGM,71,easy,1,16452,Clustering & Unsupervised
xPRdKA5UBNGM,72,medium,1,30881,Clustering & Unsupervised
xPRdKA5UBNGM,73,easy,1,15451,Classification & Modeling
xPRdKA5UBNGM,74,easy,1,11094,Misc / Tools
xPRdKA5UBNGM,75,medium,1,33467,Classification & Modeling
xPRdKA5UBNGM,76,easy,0,26950,Clustering & Unsupervised
xPRdKA5UBNGM,77,medium,1,31474,Clustering & Unsupervised
xPRdKA5UBNGM,78,medium,1,30881,Clustering & Unsupervised
xPRdKA5UBNGM,79,easy,1,22560,Classification & Modeling
xPRdKA5UBNGM,80,easy,1,15877,Clustering & Unsupervised
xPRdKA5UBNGM,81,easy,1,21633,Clustering & Unsupervised
xPRdKA5UBNGM,82,easy,1,16613,Clustering & Unsupervised
xPRdKA5UBNGM,83,easy,1,17117,Clustering & Unsupervised
xPRdKA5UBNGM,84,easy,1,16245,Clustering & Unsupervised
xPRdKA5UBNGM,85,medium,0,35780,Clustering & Unsupervised
xPRdKA5UBNGM,86,easy,1,15451,Clustering & Unsupervised
xPRdKA5UBNGM,87,easy,1,16452,Clustering & Unsupervised
xPRdKA5UBNGM,88,easy,1,15881,Clustering & Unsupervised
xPRdKA5UBNGM,89,easy,0,25043,Misc / Tools
xPRdKA5UBNGM,90,hard,0,31137,Classification & Modeling
P76XnTmOjZzU,61,easy,1,15659,Clustering & Unsupervised
P76XnTmOjZzU,62,easy,1,17117,Clustering & Unsupervised
P76XnTmOjZzU,63,easy,1,19714,Clustering & Unsupervised
P76XnTmOjZzU,64,easy,1,11094,Clustering & Unsupervised
P76XnTmOjZzU,65,easy,1,15659,Clustering & Unsupervised
P76XnTmOjZzU,66,easy,1,11094,Clustering & Unsupervised
P76XnTmOjZzU,67,medium,0,34551,Clustering & Unsupervised
P76XnTmOjZzU,68,easy,1,19714,Clustering & Unsupervised
P76XnTmOjZzU,69,easy,1,16245,Clustering & Unsupervised
P76XnTmOjZzU,70,easy,1,11094,Clustering & Unsupervised
P76XnTmOjZzU,71,easy,1,16452,Clustering & Unsupervised
P76XnTmOjZzU,72,medium,0,35341,Clustering & Unsupervised
P76XnTmOjZzU,73,easy,1,15451,Classification & Modeling
P76XnTmOjZzU,74,easy,1,11094,Misc / Tools
P76XnTmOjZzU,75,medium,1,33467,Classification & Modeling
P76XnTmOjZzU,76,easy,0,26950,Clustering & Unsupervised
P76XnTmOjZzU,77,medium,1,31474,Clustering & Unsupervised
P76XnTmOjZzU,78,medium,0,35341,Clustering & Unsupervised
P76XnTmOjZzU,79,easy,1,22560,Classification & Modeling
P76XnTmOjZzU,80,easy,1,15877,Clustering & Unsupervised
P76XnTmOjZzU,81,easy,1,21633,Clustering & Unsupervised
P76XnTmOjZzU,82,easy,1,16613,Clustering & Unsupervised
P76XnTmOjZzU,83,easy,1,17117,Clustering & Unsupervised
P76XnTmOjZzU,84,easy,1,16245,Clustering & Unsupervised
P76XnTmOjZzU,85,medium,1,31285,Clustering & Unsupervised
P76XnTmOjZzU,86,easy,1,15451,Clustering & Unsupervised
P76XnTmOjZzU,87,easy,1,16452,Clustering & Unsupervised
P76XnTmOjZzU,88,easy,1,15881,Clustering & Unsupervised
P76XnTmOjZzU,89,easy,1,21633,Misc / Tools
P76XnTmOjZzU,90,hard,0,31137,Classification & Modeling
jkDHRLkdOO06,61,easy,1,14532,Clustering & Unsupervised
jkDHRLkdOO06,62,easy,1,15884,Clustering & Unsupervised
jkDHRLkdOO06,63,easy,1,18294,Clustering & Unsupervised
jkDHRLkdOO06,64,easy,1,10295,Clustering & Unsupervised
jkDHRLkdOO06,65,easy,1,14532,Clustering & Unsupervised
jkDHRLkdOO06,66,easy,1,10295,Clustering & Unsupervised
jkDHRLkdOO06,67,medium,0,32654,Clustering & Unsupervised
jkDHRLkdOO06,68,easy,1,18294,Clustering & Unsupervised
jkDHRLkdOO06,69,easy,1,15076,Clustering & Unsupervised
jkDHRLkdOO06,70,easy,1,10295,Clustering & Unsupervised
jkDHRLkdOO06,71,easy,1,15267,Clustering & Unsupervised
jkDHRLkdOO06,72,medium,0,33401,Clustering & Unsupervised
jkDHRLkdOO06,73,easy,1,14339,Classification & Modeling
jkDHRLkdOO06,74,easy,1,10295,Misc / Tools
jkDHRLkdOO06,75,medium,1,31057,Classification & Modeling
jkDHRLkdOO06,76,easy,0,25470,Clustering & Unsupervised
jkDHRLkdOO06,77,medium,1,29208,Clustering & Unsupervised
jkDHRLkdOO06,78,medium,0,33401,Clustering & Unsupervised
jkDHRLkdOO06,79,easy,1,20936,Classification & Modeling
jkDHRLkdOO06,80,easy,1,14734,Clustering & Unsupervised
jkDHRLkdOO06,81,easy,1,20075,Clustering & Unsupervised
jkDHRLkdOO06,82,easy,1,15417,Clustering & Unsupervised
jkDHRLkdOO06,83,easy,1,15884,Clustering & Unsupervised
jkDHRLkdOO06,84,easy,1,15076,Clustering & Unsupervised
jkDHRLkdOO06,85,medium,1,29033,Clustering & Unsupervised
jkDHRLkdOO06,86,easy,1,14339,Clustering & Unsupervised
jkDHRLkdOO06,87,easy,1,15267,Clustering & Unsupervised
jkDHRLkdOO06,88,easy,1,14737,Clustering & Unsupervised
jkDHRLkdOO06,89,easy,1,20075,Misc / Tools
jkDHRLkdOO06,90,hard,0,29428,Classification & Modeling
cCanr1FJP4WP,61,easy,1,14532,Clustering & Unsupervised
cCanr1FJP4WP,62,easy,1,15884,Clustering & Unsupervised
cCanr1FJP4WP,63,easy,1,18294,Clustering & Unsupervised
cCanr1FJP4WP,64,easy,1,10295,Clustering & Unsupervised
cCanr1FJP4WP,65,easy,1,14532,Clustering & Unsupervised
cCanr1FJP4WP,66,easy,1,10295,Clustering & Unsupervised
cCanr1FJP4WP,67,medium,0,32654,Clustering & Unsupervised
cCanr1FJP4WP,68,easy,1,18294,Clustering & Unsupervised
cCanr1FJP4WP,69,easy,1,15076,Clustering & Unsupervised
cCanr1FJP4WP,70,easy,1,10295,Clustering & Unsupervised
cCanr1FJP4WP,71,easy,1,15267,Clustering & Unsupervised
cCanr1FJP4WP,72,medium,0,33401,Clustering & Unsupervised
cCanr1FJP4WP,73,easy,1,14339,Classification & Modeling
cCanr1FJP4WP,74,easy,1,10295,Misc / Tools
cCanr1FJP4WP,75,medium,1,31057,Classification & Modeling
cCanr1FJP4WP,76,easy,0,25470,Clustering & Unsupervised
cCanr1FJP4WP,77,medium,1,29208,Clustering & Unsupervised
cCanr1FJP4WP,78,medium,0,33401,Clustering & Unsupervised
cCanr1FJP4WP,79,easy,1,20936,Classification & Modeling
cCanr1FJP4WP,80,easy,1,14734,Clustering & Unsupervised
cCanr1FJP4WP,81,easy,1,20075,Clustering & Unsupervised
cCanr1FJP4WP,82,easy,1,15417,Clustering & Unsupervised
cCanr1FJP4WP,83,easy,1,15884,Clustering & Unsupervised
cCanr1FJP4WP,84,easy,1,15076,Clustering & Unsupervised
cCanr1FJP4WP,85,medium,1,29033,Clustering & Unsupervised
cCanr1FJP4WP,86,easy,1,14339,Clustering & Unsupervised
cCanr1FJP4WP,87,easy,1,15267,Clustering & Unsupervised
cCanr1FJP4WP,88,easy,1,14737,Clustering & Unsupervised
cCanr1FJP4WP,89,easy,1,20075,Misc / Tools
cCanr1FJP4WP,90,hard,0,29428,Classification & Modeling
m7l9wOWJlnvS,61,easy,1,14532,Clustering & Unsupervised
m7l9wOWJlnvS,62,easy,1,15884,Clustering & Unsupervised
m7l9wOWJlnvS,63,easy,1,18294,Clustering & Unsupervised
m7l9wOWJlnvS,64,easy,1,10295,Clustering & Unsupervised
m7l9wOWJlnvS,65,easy,1,14532,Clustering & Unsupervised
m7l9wOWJlnvS,66,easy,1,10295,Clustering & Unsupervised
m7l9wOWJlnvS,67,medium,0,32654,Clustering & Unsupervised
m7l9wOWJlnvS,68,easy,1,18294,Clustering & Unsupervised
m7l9wOWJlnvS,69,easy,1,15076,Clustering & Unsupervised
m7l9wOWJlnvS,70,easy,1,10295,Clustering & Unsupervised
m7l9wOWJlnvS,71,easy,1,15267,Clustering & Unsupervised
m7l9wOWJlnvS,72,medium,0,33401,Clustering & Unsupervised
m7l9wOWJlnvS,73,easy,1,14339,Classification & Modeling
m7l9wOWJlnvS,74,easy,1,10295,Misc / Tools
m7l9wOWJlnvS,75,medium,1,31057,Classification & Modeling
m7l9wOWJlnvS,76,easy,0,25470,Clustering & Unsupervised
m7l9wOWJlnvS,77,medium,1,29208,Clustering & Unsupervised
m7l9wOWJlnvS,78,medium,0,33401,Clustering & Unsupervised
m7l9wOWJlnvS,79,easy,1,20936,Classification & Modeling
m7l9wOWJlnvS,80,easy,1,14734,Clustering & Unsupervised
m7l9wOWJlnvS,81,easy,1,20075,Clustering & Unsupervised
m7l9wOWJlnvS,82,easy,1,15417,Clustering & Unsupervised
m7l9wOWJlnvS,83,easy,1,15884,Clustering & Unsupervised
m7l9wOWJlnvS,84,easy,1,15076,Clustering & Unsupervised
m7l9wOWJlnvS,85,medium,1,29033,Clustering & Unsupervised
m7l9wOWJlnvS,86,easy,1,14339,Clustering & Unsupervised
m7l9wOWJlnvS,87,easy,1,15267,Clustering & Unsupervised
m7l9wOWJlnvS,88,easy,1,14737,Clustering & Unsupervised
m7l9wOWJlnvS,89,easy,1,20075,Misc / Tools
m7l9wOWJlnvS,90,hard,0,29428,Classification & Modeling
oVyzGGgOFu4f,61,easy,1,15659,Clustering & Unsupervised
oVyzGGgOFu4f,62,easy,0,23508,Clustering & Unsupervised
oVyzGGgOFu4f,63,easy,1,19714,Clustering & Unsupervised
oVyzGGgOFu4f,64,easy,1,11094,Clustering & Unsupervised
oVyzGGgOFu4f,65,easy,1,15659,Clustering & Unsupervised
oVyzGGgOFu4f,66,easy,1,11094,Clustering & Unsupervised
oVyzGGgOFu4f,67,medium,1,30495,Clustering & Unsupervised
oVyzGGgOFu4f,68,easy,1,19714,Clustering & Unsupervised
oVyzGGgOFu4f,69,easy,1,16245,Clustering & Unsupervised
oVyzGGgOFu4f,70,easy,1,11094,Clustering & Unsupervised
oVyzGGgOFu4f,71,easy,1,16452,Clustering & Unsupervised
oVyzGGgOFu4f,72,medium,1,30881,Clustering & Unsupervised
oVyzGGgOFu4f,73,easy,1,15451,Classification & Modeling
oVyzGGgOFu4f,74,easy,1,11094,Misc / Tools
oVyzGGgOFu4f,75,medium,1,33467,Classification & Modeling
oVyzGGgOFu4f,76,easy,1,22799,Clustering & Unsupervised
oVyzGGgOFu4f,77,medium,0,36256,Clustering & Unsupervised
oVyzGGgOFu4f,78,medium,1,30881,Clustering & Unsupervised
oVyzGGgOFu4f,79,easy,1,22560,Classification & Modeling
oVyzGGgOFu4f,80,easy,1,15877,Clustering & Unsupervised
oVyzGGgOFu4f,81,easy,1,21633,Clustering & Unsupervised
oVyzGGgOFu4f,82,easy,1,16613,Clustering & Unsupervised
oVyzGGgOFu4f,83,easy,1,17117,Clustering & Unsupervised
oVyzGGgOFu4f,84,easy,1,16245,Clustering & Unsupervised
oVyzGGgOFu4f,85,medium,1,31285,Clustering & Unsupervised
oVyzGGgOFu4f,86,easy,0,20729,Clustering & Unsupervised
oVyzGGgOFu4f,87,easy,0,22606,Clustering & Unsupervised
oVyzGGgOFu4f,88,easy,1,15881,Clustering & Unsupervised
oVyzGGgOFu4f,89,easy,1,21633,Misc / Tools
oVyzGGgOFu4f,90,hard,0,31137,Classification & Modeling
w1PmKgj9FomZ,61,easy,1,14796,Clustering & Unsupervised
w1PmKgj9FomZ,62,easy,1,16173,Clustering & Unsupervised
w1PmKgj9FomZ,63,easy,1,18627,Clustering & Unsupervised
w1PmKgj9FomZ,64,easy,1,10483,Clustering & Unsupervised
w1PmKgj9FomZ,65,easy,1,14796,Clustering & Unsupervised
w1PmKgj9FomZ,66,easy,1,10483,Clustering & Unsupervised
w1PmKgj9FomZ,67,medium,1,28814,Clustering & Unsupervised
w1PmKgj9FomZ,68,easy,1,18627,Clustering & Unsupervised
w1PmKgj9FomZ,69,easy,0,21538,Clustering & Unsupervised
w1PmKgj9FomZ,70,easy,1,10483,Clustering & Unsupervised
w1PmKgj9FomZ,71,easy,1,15545,Clustering & Unsupervised
w1PmKgj9FomZ,72,medium,0,34012,Clustering & Unsupervised
w1PmKgj9FomZ,73,easy,1,14600,Classification & Modeling
w1PmKgj9FomZ,74,easy,1,10483,Misc / Tools
w1PmKgj9FomZ,75,medium,0,36835,Classification & Modeling
w1PmKgj9FomZ,76,easy,1,21543,Clustering & Unsupervised
w1PmKgj9FomZ,77,medium,0,34893,Clustering & Unsupervised
w1PmKgj9FomZ,78,medium,0,34012,Clustering & Unsupervised
w1PmKgj9FomZ,79,easy,0,25622,Classification & Modeling
w1PmKgj9FomZ,80,easy,1,15002,Clustering & Unsupervised
w1PmKgj9FomZ,81,easy,1,20441,Clustering & Unsupervised
w1PmKgj9FomZ,82,easy,0,21922,Clustering & Unsupervised
w1PmKgj9FomZ,83,easy,1,16173,Clustering & Unsupervised
w1PmKgj9FomZ,84,easy,1,15350,Clustering & Unsupervised
w1PmKgj9FomZ,85,medium,0,34434,Clustering & Unsupervised
w1PmKgj9FomZ,86,easy,1,14600,Clustering & Unsupervised
w1PmKgj9FomZ,87,easy,1,15545,Clustering & Unsupervised
w1PmKgj9FomZ,88,easy,1,15006,Clustering & Unsupervised
w1PmKgj9FomZ,89,easy,0,24101,Misc / Tools
w1PmKgj9FomZ,90,hard,0,29966,Classification & Modeling
Mr0bz3y2IHmW,61,easy,1,12136,Clustering & Unsupervised
Mr0bz3y2IHmW,62,easy,1,14280,Clustering & Unsupervised
Mr0bz3y2IHmW,63,easy,1,16446,Clustering & Unsupervised
Mr0bz3y2IHmW,64,easy,1,8472,Clustering & Unsupervised
Mr0bz3y2IHmW,65,easy,1,12136,Clustering & Unsupervised
Mr0bz3y2IHmW,66,easy,1,8472,Clustering & Unsupervised
Mr0bz3y2IHmW,67,medium,0,26166,Clustering & Unsupervised
Mr0bz3y2IHmW,68,easy,1,16446,Clustering & Unsupervised
Mr0bz3y2IHmW,69,easy,1,13984,Clustering & Unsupervised
Mr0bz3y2IHmW,70,easy,1,8472,Clustering & Unsupervised
Mr0bz3y2IHmW,71,easy,1,14358,Clustering & Unsupervised
Mr0bz3y2IHmW,72,medium,1,25484,Clustering & Unsupervised
Mr0bz3y2IHmW,73,easy,1,12891,Classification & Modeling
Mr0bz3y2IHmW,74,easy,1,8472,Misc / Tools
Mr0bz3y2IHmW,75,medium,1,27617,Classification & Modeling
Mr0bz3y2IHmW,76,easy,1,19970,Clustering & Unsupervised
Mr0bz3y2IHmW,77,medium,1,25973,Clustering & Unsupervised
Mr0bz3y2IHmW,78,medium,1,25484,Clustering & Unsupervised
Mr0bz3y2IHmW,79,easy,0,22620,Classification & Modeling
Mr0bz3y2IHmW,80,easy,1,13246,Clustering & Unsupervised
Mr0bz3y2IHmW,81,easy,1,19150,Clustering & Unsupervised
Mr0bz3y2IHmW,82,easy,1,14403,Clustering & Unsupervised
Mr0bz3y2IHmW,83,easy,1,14280,Clustering & Unsupervised
Mr0bz3y2IHmW,84,easy,1,13984,Clustering & Unsupervised
Mr0bz3y2IHmW,85,medium,1,25817,Clustering & Unsupervised
Mr0bz3y2IHmW,86,easy,1,12891,Clustering & Unsupervised
Mr0bz3y2IHmW,87,easy,1,14358,Clustering & Unsupervised
Mr0bz3y2IHmW,88,easy,1,14211,Clustering & Unsupervised
Mr0bz3y2IHmW,89,easy,0,21505,Misc / Tools
Mr0bz3y2IHmW,90,hard,0,25917,Classification & Modeling
aKKO0pyKuBaK,61,easy,1,11875,Clustering & Unsupervised
aKKO0pyKuBaK,62,easy,1,14134,Clustering & Unsupervised
aKKO0pyKuBaK,63,easy,1,16278,Clustering & Unsupervised
aKKO0pyKuBaK,64,easy,1,8385,Clustering & Unsupervised
aKKO0pyKuBaK,65,easy,1,11875,Clustering & Unsupervised
aKKO0pyKuBaK,66,easy,1,8385,Clustering & Unsupervised
aKKO0pyKuBaK,67,medium,1,24908,Clustering & Unsupervised
aKKO0pyKuBaK,68,easy,1,16278,Clustering & Unsupervised
aKKO0pyKuBaK,69,easy,0,16977,Clustering & Unsupervised
aKKO0pyKuBaK,70,easy,1,8385,Clustering & Unsupervised
aKKO0pyKuBaK,71,easy,1,14212,Clustering & Unsupervised
aKKO0pyKuBaK,72,medium,0,26492,Clustering & Unsupervised
aKKO0pyKuBaK,73,easy,1,12759,Classification & Modeling
aKKO0pyKuBaK,74,easy,1,8385,Misc / Tools
aKKO0pyKuBaK,75,medium,0,28691,Classification & Modeling
aKKO0pyKuBaK,76,easy,1,19766,Clustering & Unsupervised
aKKO0pyKuBaK,77,medium,0,27012,Clustering & Unsupervised
aKKO0pyKuBaK,78,medium,0,26492,Clustering & Unsupervised
aKKO0pyKuBaK,79,easy,0,22389,Classification & Modeling
aKKO0pyKuBaK,80,easy,1,13110,Clustering & Unsupervised
aKKO0pyKuBaK,81,easy,1,18955,Clustering & Unsupervised
aKKO0pyKuBaK,82,easy,0,18529,Clustering & Unsupervised
aKKO0pyKuBaK,83,easy,1,14134,Clustering & Unsupervised
aKKO0pyKuBaK,84,easy,1,13841,Clustering & Unsupervised
aKKO0pyKuBaK,85,medium,0,26821,Clustering & Unsupervised
aKKO0pyKuBaK,86,easy,1,12759,Clustering & Unsupervised
aKKO0pyKuBaK,87,easy,1,14212,Clustering & Unsupervised
aKKO0pyKuBaK,88,easy,1,14066,Clustering & Unsupervised
aKKO0pyKuBaK,89,easy,0,21286,Misc / Tools
aKKO0pyKuBaK,90,hard,0,25653,Classification & Modeling
OHaSXzUdzChO,61,easy,1,14711,Clustering & Unsupervised
OHaSXzUdzChO,62,easy,1,16137,Clustering & Unsupervised
OHaSXzUdzChO,63,easy,1,18585,Clustering & Unsupervised
OHaSXzUdzChO,64,easy,1,10308,Clustering & Unsupervised
OHaSXzUdzChO,65,easy,1,14711,Clustering & Unsupervised
OHaSXzUdzChO,66,easy,1,10308,Clustering & Unsupervised
OHaSXzUdzChO,67,medium,1,27324,Clustering & Unsupervised
OHaSXzUdzChO,68,easy,1,18585,Clustering & Unsupervised
OHaSXzUdzChO,69,easy,0,20736,Clustering & Unsupervised
OHaSXzUdzChO,70,easy,1,10308,Clustering & Unsupervised
OHaSXzUdzChO,71,easy,1,15444,Clustering & Unsupervised
OHaSXzUdzChO,72,medium,0,31099,Clustering & Unsupervised
OHaSXzUdzChO,73,easy,1,14567,Classification & Modeling
OHaSXzUdzChO,74,easy,1,10308,Misc / Tools
OHaSXzUdzChO,75,medium,0,33680,Classification & Modeling
OHaSXzUdzChO,76,easy,1,20903,Clustering & Unsupervised
OHaSXzUdzChO,77,medium,0,31904,Clustering & Unsupervised
OHaSXzUdzChO,78,medium,0,31099,Clustering & Unsupervised
OHaSXzUdzChO,79,easy,0,24092,Classification & Modeling
OHaSXzUdzChO,80,easy,1,14968,Clustering & Unsupervised
OHaSXzUdzChO,81,easy,1,20156,Clustering & Unsupervised
OHaSXzUdzChO,82,easy,0,21106,Clustering & Unsupervised
OHaSXzUdzChO,83,easy,1,16137,Clustering & Unsupervised
OHaSXzUdzChO,84,easy,1,15250,Clustering & Unsupervised
OHaSXzUdzChO,85,medium,0,31485,Clustering & Unsupervised
OHaSXzUdzChO,86,easy,1,14567,Clustering & Unsupervised
OHaSXzUdzChO,87,easy,1,15444,Clustering & Unsupervised
OHaSXzUdzChO,88,easy,1,14934,Clustering & Unsupervised
OHaSXzUdzChO,89,easy,0,23031,Misc / Tools
OHaSXzUdzChO,90,hard,0,28638,Classification & Modeling
e35NZ2cItyz9,61,easy,1,14711,Clustering & Unsupervised
e35NZ2cItyz9,62,easy,1,16137,Clustering & Unsupervised
e35NZ2cItyz9,63,easy,1,18585,Clustering & Unsupervised
e35NZ2cItyz9,64,easy,1,10308,Clustering & Unsupervised
e35NZ2cItyz9,65,easy,1,14711,Clustering & Unsupervised
e35NZ2cItyz9,66,easy,1,10308,Clustering & Unsupervised
e35NZ2cItyz9,67,medium,0,30403,Clustering & Unsupervised
e35NZ2cItyz9,68,easy,1,18585,Clustering & Unsupervised
e35NZ2cItyz9,69,easy,1,15250,Clustering & Unsupervised
e35NZ2cItyz9,70,easy,1,10308,Clustering & Unsupervised
e35NZ2cItyz9,71,easy,1,15444,Clustering & Unsupervised
e35NZ2cItyz9,72,medium,1,27670,Clustering & Unsupervised
e35NZ2cItyz9,73,easy,1,14567,Classification & Modeling
e35NZ2cItyz9,74,easy,1,10308,Misc / Tools
e35NZ2cItyz9,75,medium,1,29987,Classification & Modeling
e35NZ2cItyz9,76,easy,1,20903,Clustering & Unsupervised
e35NZ2cItyz9,77,medium,0,31904,Clustering & Unsupervised
e35NZ2cItyz9,78,medium,1,27670,Clustering & Unsupervised
e35NZ2cItyz9,79,easy,1,20684,Classification & Modeling
e35NZ2cItyz9,80,easy,1,14968,Clustering & Unsupervised
e35NZ2cItyz9,81,easy,1,20156,Clustering & Unsupervised
e35NZ2cItyz9,82,easy,1,15430,Clustering & Unsupervised
e35NZ2cItyz9,83,easy,1,16137,Clustering & Unsupervised
e35NZ2cItyz9,84,easy,1,15250,Clustering & Unsupervised
e35NZ2cItyz9,85,medium,0,31485,Clustering & Unsupervised
e35NZ2cItyz9,86,easy,1,14567,Clustering & Unsupervised
e35NZ2cItyz9,87,easy,1,15444,Clustering & Unsupervised
e35NZ2cItyz9,88,easy,1,14934,Clustering & Unsupervised
e35NZ2cItyz9,89,easy,1,20156,Misc / Tools
e35NZ2cItyz9,90,hard,0,28638,Classification & Modeling
C6BcTLw4mOKQ,61,easy,1,14796,Clustering & Unsupervised
C6BcTLw4mOKQ,62,easy,1,16173,Clustering & Unsupervised
C6BcTLw4mOKQ,63,easy,1,18627,Clustering & Unsupervised
C6BcTLw4mOKQ,64,easy,1,10483,Clustering & Unsupervised
C6BcTLw4mOKQ,65,easy,1,14796,Clustering & Unsupervised
C6BcTLw4mOKQ,66,easy,1,10483,Clustering & Unsupervised
C6BcTLw4mOKQ,67,medium,0,33251,Clustering & Unsupervised
C6BcTLw4mOKQ,68,easy,1,18627,Clustering & Unsupervised
C6BcTLw4mOKQ,69,easy,1,15350,Clustering & Unsupervised
C6BcTLw4mOKQ,70,easy,1,10483,Clustering & Unsupervised
C6BcTLw4mOKQ,71,easy,1,15545,Clustering & Unsupervised
C6BcTLw4mOKQ,72,medium,1,29179,Clustering & Unsupervised
C6BcTLw4mOKQ,73,easy,1,14600,Classification & Modeling
C6BcTLw4mOKQ,74,easy,1,10483,Misc / Tools
C6BcTLw4mOKQ,75,medium,1,31622,Classification & Modeling
C6BcTLw4mOKQ,76,easy,0,25936,Clustering & Unsupervised
C6BcTLw4mOKQ,77,medium,1,29739,Clustering & Unsupervised
C6BcTLw4mOKQ,78,medium,1,29179,Clustering & Unsupervised
C6BcTLw4mOKQ,79,easy,0,25622,Classification & Modeling
C6BcTLw4mOKQ,80,easy,1,15002,Clustering & Unsupervised
C6BcTLw4mOKQ,81,easy,1,20441,Clustering & Unsupervised
C6BcTLw4mOKQ,82,easy,1,15531,Clustering & Unsupervised
C6BcTLw4mOKQ,83,easy,1,16173,Clustering & Unsupervised
C6BcTLw4mOKQ,84,easy,1,15350,Clustering & Unsupervised
C6BcTLw4mOKQ,85,medium,0,34434,Clustering & Unsupervised
C6BcTLw4mOKQ,86,easy,1,14600,Clustering & Unsupervised
C6BcTLw4mOKQ,87,easy,1,15545,Clustering & Unsupervised
C6BcTLw4mOKQ,88,easy,1,15006,Clustering & Unsupervised
C6BcTLw4mOKQ,89,easy,1,20441,Misc / Tools
C6BcTLw4mOKQ,90,hard,0,29966,Classification & Modeling
1ggBjCxnkaT8,61,easy,1,13046,Clustering & Unsupervised
1ggBjCxnkaT8,62,easy,1,15769,Clustering & Unsupervised
1ggBjCxnkaT8,63,easy,1,17892,Clustering & Unsupervised
1ggBjCxnkaT8,64,easy,1,9274,Clustering & Unsupervised
1ggBjCxnkaT8,65,easy,1,13046,Clustering & Unsupervised
1ggBjCxnkaT8,66,easy,1,9274,Clustering & Unsupervised
1ggBjCxnkaT8,67,medium,0,29068,Clustering & Unsupervised
1ggBjCxnkaT8,68,easy,1,17892,Clustering & Unsupervised
1ggBjCxnkaT8,69,easy,1,15214,Clustering & Unsupervised
1ggBjCxnkaT8,70,easy,1,9274,Clustering & Unsupervised
1ggBjCxnkaT8,71,easy,1,15621,Clustering & Unsupervised
1ggBjCxnkaT8,72,medium,1,28839,Clustering & Unsupervised
1ggBjCxnkaT8,73,easy,1,14024,Classification & Modeling
1ggBjCxnkaT8,74,easy,1,9274,Misc / Tools
1ggBjCxnkaT8,75,medium,1,31776,Classification & Modeling
1ggBjCxnkaT8,76,easy,1,21905,Clustering & Unsupervised
1ggBjCxnkaT8,77,medium,0,30621,Clustering & Unsupervised
1ggBjCxnkaT8,78,medium,1,28839,Clustering & Unsupervised
1ggBjCxnkaT8,79,easy,1,21676,Classification & Modeling
1ggBjCxnkaT8,80,easy,0,16688,Clustering & Unsupervised
1ggBjCxnkaT8,81,easy,1,20834,Clustering & Unsupervised
1ggBjCxnkaT8,82,easy,1,15796,Clustering & Unsupervised
1ggBjCxnkaT8,83,easy,1,15769,Clustering & Unsupervised
1ggBjCxnkaT8,84,easy,1,15214,Clustering & Unsupervised
1ggBjCxnkaT8,85,medium,0,30102,Clustering & Unsupervised
1ggBjCxnkaT8,86,easy,1,14024,Clustering & Unsupervised
1ggBjCxnkaT8,87,easy,1,15621,Clustering & Unsupervised
1ggBjCxnkaT8,88,easy,0,18341,Clustering & Unsupervised
1ggBjCxnkaT8,89,easy,1,20834,Misc / Tools
1ggBjCxnkaT8,90,hard,0,28791,Classification & Modeling
6k8WibIW0Img,61,easy,1,14532,Clustering & Unsupervised
6k8WibIW0Img,62,easy,1,15884,Clustering & Unsupervised
6k8WibIW0Img,63,easy,1,18294,Clustering & Unsupervised
6k8WibIW0Img,64,easy,1,10295,Clustering & Unsupervised
6k8WibIW0Img,65,easy,1,14532,Clustering & Unsupervised
6k8WibIW0Img,66,easy,1,10295,Clustering & Unsupervised
6k8WibIW0Img,67,medium,0,32654,Clustering & Unsupervised
6k8WibIW0Img,68,easy,1,18294,Clustering & Unsupervised
6k8WibIW0Img,69,easy,1,15076,Clustering & Unsupervised
6k8WibIW0Img,70,easy,1,10295,Clustering & Unsupervised
6k8WibIW0Img,71,easy,1,15267,Clustering & Unsupervised
6k8WibIW0Img,72,medium,0,33401,Clustering & Unsupervised
6k8WibIW0Img,73,easy,1,14339,Classification & Modeling
6k8WibIW0Img,74,easy,1,10295,Misc / Tools
6k8WibIW0Img,75,medium,1,31057,Classification & Modeling
6k8WibIW0Img,76,easy,1,21157,Clustering & Unsupervised
6k8WibIW0Img,77,medium,1,29208,Clustering & Unsupervised
6k8WibIW0Img,78,medium,1,28658,Clustering & Unsupervised
6k8WibIW0Img,79,easy,1,20936,Classification & Modeling
6k8WibIW0Img,80,easy,1,14734,Clustering & Unsupervised
6k8WibIW0Img,81,easy,1,20075,Clustering & Unsupervised
6k8WibIW0Img,82,easy,1,15417,Clustering & Unsupervised
6k8WibIW0Img,83,easy,1,15884,Clustering & Unsupervised
6k8WibIW0Img,84,easy,1,15076,Clustering & Unsupervised
6k8WibIW0Img,85,medium,1,29033,Clustering & Unsupervised
6k8WibIW0Img,86,easy,1,14339,Clustering & Unsupervised
6k8WibIW0Img,87,easy,1,15267,Clustering & Unsupervised
6k8WibIW0Img,88,easy,1,14737,Clustering & Unsupervised
6k8WibIW0Img,89,easy,1,20075,Misc / Tools
6k8WibIW0Img,90,hard,0,29428,Classification & Modeling
SOvsRqc7VPKI,61,easy,1,14532,Clustering & Unsupervised
SOvsRqc7VPKI,62,easy,1,15884,Clustering & Unsupervised
SOvsRqc7VPKI,63,easy,1,18294,Clustering & Unsupervised
SOvsRqc7VPKI,64,easy,1,10295,Clustering & Unsupervised
SOvsRqc7VPKI,65,easy,1,14532,Clustering & Unsupervised
SOvsRqc7VPKI,66,easy,1,10295,Clustering & Unsupervised
SOvsRqc7VPKI,67,medium,1,28299,Clustering & Unsupervised
SOvsRqc7VPKI,68,easy,1,18294,Clustering & Unsupervised
SOvsRqc7VPKI,69,easy,1,15076,Clustering & Unsupervised
SOvsRqc7VPKI,70,easy,1,10295,Clustering & Unsupervised
SOvsRqc7VPKI,71,easy,1,15267,Clustering & Unsupervised
SOvsRqc7VPKI,72,medium,0,33401,Clustering & Unsupervised
SOvsRqc7VPKI,73,easy,1,14339,Classification & Modeling
SOvsRqc7VPKI,74,easy,1,10295,Misc / Tools
SOvsRqc7VPKI,75,medium,1,31057,Classification & Modeling
SOvsRqc7VPKI,76,easy,1,21157,Clustering & Unsupervised
SOvsRqc7VPKI,77,medium,1,29208,Clustering & Unsupervised
SOvsRqc7VPKI,78,medium,1,28658,Clustering & Unsupervised
SOvsRqc7VPKI,79,easy,1,20936,Classification & Modeling
SOvsRqc7VPKI,80,easy,1,14734,Clustering & Unsupervised
SOvsRqc7VPKI,81,easy,1,20075,Clustering & Unsupervised
SOvsRqc7VPKI,82,easy,1,15417,Clustering & Unsupervised
SOvsRqc7VPKI,83,easy,1,15884,Clustering & Unsupervised
SOvsRqc7VPKI,84,easy,1,15076,Clustering & Unsupervised
SOvsRqc7VPKI,85,medium,1,29033,Clustering & Unsupervised
SOvsRqc7VPKI,86,easy,1,14339,Clustering & Unsupervised
SOvsRqc7VPKI,87,easy,1,15267,Clustering & Unsupervised
SOvsRqc7VPKI,88,easy,1,14737,Clustering & Unsupervised
SOvsRqc7VPKI,89,easy,1,20075,Misc / Tools
SOvsRqc7VPKI,90,hard,0,29428,Classification & Modeling
o2VbFpgtLwG2,61,easy,1,14332,Clustering & Unsupervised
o2VbFpgtLwG2,62,easy,0,18942,Clustering & Unsupervised
o2VbFpgtLwG2,63,easy,1,19464,Clustering & Unsupervised
o2VbFpgtLwG2,64,easy,1,10088,Clustering & Unsupervised
o2VbFpgtLwG2,65,easy,1,14332,Clustering & Unsupervised
o2VbFpgtLwG2,66,easy,1,10088,Clustering & Unsupervised
o2VbFpgtLwG2,67,medium,0,29228,Clustering & Unsupervised
o2VbFpgtLwG2,68,easy,1,19464,Clustering & Unsupervised
o2VbFpgtLwG2,69,easy,1,16550,Clustering & Unsupervised
o2VbFpgtLwG2,70,easy,1,10088,Clustering & Unsupervised
o2VbFpgtLwG2,71,easy,1,16993,Clustering & Unsupervised
o2VbFpgtLwG2,72,medium,0,29897,Clustering & Unsupervised
o2VbFpgtLwG2,73,easy,1,15256,Classification & Modeling
o2VbFpgtLwG2,74,easy,1,10088,Misc / Tools
o2VbFpgtLwG2,75,medium,1,33242,Classification & Modeling
o2VbFpgtLwG2,76,easy,1,23299,Clustering & Unsupervised
o2VbFpgtLwG2,77,medium,0,30789,Clustering & Unsupervised
o2VbFpgtLwG2,78,medium,1,30674,Clustering & Unsupervised
o2VbFpgtLwG2,79,easy,1,23055,Classification & Modeling
o2VbFpgtLwG2,80,easy,0,17162,Clustering & Unsupervised
o2VbFpgtLwG2,81,easy,1,22664,Clustering & Unsupervised
o2VbFpgtLwG2,82,easy,1,17184,Clustering & Unsupervised
o2VbFpgtLwG2,83,easy,1,16900,Clustering & Unsupervised
o2VbFpgtLwG2,84,easy,1,16550,Clustering & Unsupervised
o2VbFpgtLwG2,85,medium,0,30268,Clustering & Unsupervised
o2VbFpgtLwG2,86,easy,1,15256,Clustering & Unsupervised
o2VbFpgtLwG2,87,easy,0,20024,Clustering & Unsupervised
o2VbFpgtLwG2,88,easy,1,16818,Clustering & Unsupervised
o2VbFpgtLwG2,89,easy,0,22911,Misc / Tools
o2VbFpgtLwG2,90,hard,0,28950,Classification & Modeling
ylh73EEFQ8CD,61,easy,1,13612,Clustering & Unsupervised
ylh73EEFQ8CD,62,easy,1,14595,Clustering & Unsupervised
ylh73EEFQ8CD,63,easy,1,16810,Clustering & Unsupervised
ylh73EEFQ8CD,64,easy,1,9460,Clustering & Unsupervised
ylh73EEFQ8CD,65,easy,1,13612,Clustering & Unsupervised
ylh73EEFQ8CD,66,easy,1,9460,Clustering & Unsupervised
ylh73EEFQ8CD,67,medium,0,30350,Clustering & Unsupervised
ylh73EEFQ8CD,68,easy,1,16810,Clustering & Unsupervised
ylh73EEFQ8CD,69,easy,1,13647,Clustering & Unsupervised
ylh73EEFQ8CD,70,easy,1,9460,Clustering & Unsupervised
ylh73EEFQ8CD,71,easy,1,13821,Clustering & Unsupervised
ylh73EEFQ8CD,72,medium,1,25779,Clustering & Unsupervised
ylh73EEFQ8CD,73,easy,1,13175,Classification & Modeling
ylh73EEFQ8CD,74,easy,1,9460,Misc / Tools
ylh73EEFQ8CD,75,medium,0,33135,Classification & Modeling
ylh73EEFQ8CD,76,easy,1,18911,Clustering & Unsupervised
ylh73EEFQ8CD,77,medium,1,26273,Clustering & Unsupervised
ylh73EEFQ8CD,78,medium,1,25779,Clustering & Unsupervised
ylh73EEFQ8CD,79,easy,1,18713,Classification & Modeling
ylh73EEFQ8CD,80,easy,1,13538,Clustering & Unsupervised
ylh73EEFQ8CD,81,easy,1,18251,Clustering & Unsupervised
ylh73EEFQ8CD,82,easy,1,13956,Clustering & Unsupervised
ylh73EEFQ8CD,83,easy,1,14595,Clustering & Unsupervised
ylh73EEFQ8CD,84,easy,1,13647,Clustering & Unsupervised
ylh73EEFQ8CD,85,medium,0,30975,Clustering & Unsupervised
ylh73EEFQ8CD,86,easy,1,13175,Clustering & Unsupervised
ylh73EEFQ8CD,87,easy,1,13821,Clustering & Unsupervised
ylh73EEFQ8CD,88,easy,1,13399,Clustering & Unsupervised
ylh73EEFQ8CD,89,easy,1,18251,Misc / Tools
ylh73EEFQ8CD,90,hard,1,27279,Classification & Modeling
WZiibWz2DWRQ,61,easy,1,14378,Clustering & Unsupervised
WZiibWz2DWRQ,62,easy,1,15772,Clustering & Unsupervised
WZiibWz2DWRQ,63,easy,1,18165,Clustering & Unsupervised
WZiibWz2DWRQ,64,easy,1,10075,Clustering & Unsupervised
WZiibWz2DWRQ,65,easy,1,14378,Clustering & Unsupervised
WZiibWz2DWRQ,66,easy,1,10075,Clustering & Unsupervised
WZiibWz2DWRQ,67,medium,0,26355,Clustering & Unsupervised
WZiibWz2DWRQ,68,easy,1,18165,Clustering & Unsupervised
WZiibWz2DWRQ,69,easy,1,14941,Clustering & Unsupervised
WZiibWz2DWRQ,70,easy,1,10075,Clustering & Unsupervised
WZiibWz2DWRQ,71,easy,1,15041,Clustering & Unsupervised
WZiibWz2DWRQ,72,medium,0,26959,Clustering & Unsupervised
WZiibWz2DWRQ,73,easy,1,14237,Classification & Modeling
WZiibWz2DWRQ,74,easy,1,10075,Misc / Tools
WZiibWz2DWRQ,75,medium,1,27817,Classification & Modeling
WZiibWz2DWRQ,76,easy,0,23063,Clustering & Unsupervised
WZiibWz2DWRQ,77,medium,1,26160,Clustering & Unsupervised
WZiibWz2DWRQ,78,medium,1,25668,Clustering & Unsupervised
WZiibWz2DWRQ,79,easy,1,19903,Classification & Modeling
WZiibWz2DWRQ,80,easy,1,14629,Clustering & Unsupervised
WZiibWz2DWRQ,81,easy,1,19440,Clustering & Unsupervised
WZiibWz2DWRQ,82,easy,1,15027,Clustering & Unsupervised
WZiibWz2DWRQ,83,easy,1,15772,Clustering & Unsupervised
WZiibWz2DWRQ,84,easy,1,14941,Clustering & Unsupervised
WZiibWz2DWRQ,85,medium,0,27293,Clustering & Unsupervised
WZiibWz2DWRQ,86,easy,1,14237,Clustering & Unsupervised
WZiibWz2DWRQ,87,easy,1,15041,Clustering & Unsupervised
WZiibWz2DWRQ,88,easy,1,15183,Clustering & Unsupervised
WZiibWz2DWRQ,89,easy,1,19440,Misc / Tools
WZiibWz2DWRQ,90,hard,0,26105,Classification & Modeling
SpXSTCkMzPni,61,easy,1,14796,Clustering & Unsupervised
SpXSTCkMzPni,62,easy,1,16173,Clustering & Unsupervised
SpXSTCkMzPni,63,easy,1,18627,Clustering & Unsupervised
SpXSTCkMzPni,64,easy,1,10483,Clustering & Unsupervised
SpXSTCkMzPni,65,easy,1,14796,Clustering & Unsupervised
SpXSTCkMzPni,66,easy,1,10483,Clustering & Unsupervised
SpXSTCkMzPni,67,medium,0,33251,Clustering & Unsupervised
SpXSTCkMzPni,68,easy,1,18627,Clustering & Unsupervised
SpXSTCkMzPni,69,easy,1,15350,Clustering & Unsupervised
SpXSTCkMzPni,70,easy,1,10483,Clustering & Unsupervised
SpXSTCkMzPni,71,easy,1,15545,Clustering & Unsupervised
SpXSTCkMzPni,72,medium,1,29179,Clustering & Unsupervised
SpXSTCkMzPni,73,easy,1,14600,Classification & Modeling
SpXSTCkMzPni,74,easy,1,10483,Misc / Tools
SpXSTCkMzPni,75,medium,0,36835,Classification & Modeling
SpXSTCkMzPni,76,easy,1,21543,Clustering & Unsupervised
SpXSTCkMzPni,77,medium,1,29739,Clustering & Unsupervised
SpXSTCkMzPni,78,medium,1,29179,Clustering & Unsupervised
SpXSTCkMzPni,79,easy,1,21317,Classification & Modeling
SpXSTCkMzPni,80,easy,1,15002,Clustering & Unsupervised
SpXSTCkMzPni,81,easy,1,20441,Clustering & Unsupervised
SpXSTCkMzPni,82,easy,1,15531,Clustering & Unsupervised
SpXSTCkMzPni,83,easy,1,16173,Clustering & Unsupervised
SpXSTCkMzPni,84,easy,1,15350,Clustering & Unsupervised
SpXSTCkMzPni,85,medium,0,34434,Clustering & Unsupervised
SpXSTCkMzPni,86,easy,1,14600,Clustering & Unsupervised
SpXSTCkMzPni,87,easy,1,15545,Clustering & Unsupervised
SpXSTCkMzPni,88,easy,1,15006,Clustering & Unsupervised
SpXSTCkMzPni,89,easy,1,20441,Misc / Tools
SpXSTCkMzPni,90,hard,1,29606,Classification & Modeling
I93EMGZEU4vI,61,easy,1,14590,Clustering & Unsupervised
I93EMGZEU4vI,62,easy,1,16004,Clustering & Unsupervised
I93EMGZEU4vI,63,easy,1,18432,Clustering & Unsupervised
I93EMGZEU4vI,64,easy,1,10223,Clustering & Unsupervised
I93EMGZEU4vI,65,easy,1,14590,Clustering & Unsupervised
I93EMGZEU4vI,66,easy,1,10223,Clustering & Unsupervised
I93EMGZEU4vI,67,medium,0,31718,Clustering & Unsupervised
I93EMGZEU4vI,68,easy,1,18432,Clustering & Unsupervised
I93EMGZEU4vI,69,easy,1,15124,Clustering & Unsupervised
I93EMGZEU4vI,70,easy,1,10223,Clustering & Unsupervised
I93EMGZEU4vI,71,easy,1,15317,Clustering & Unsupervised
I93EMGZEU4vI,72,medium,0,32443,Clustering & Unsupervised
I93EMGZEU4vI,73,easy,1,14447,Classification & Modeling
I93EMGZEU4vI,74,easy,1,10223,Misc / Tools
I93EMGZEU4vI,75,medium,0,35136,Classification & Modeling
I93EMGZEU4vI,76,easy,1,21009,Clustering & Unsupervised
I93EMGZEU4vI,77,medium,1,28785,Clustering & Unsupervised
I93EMGZEU4vI,78,medium,1,28243,Clustering & Unsupervised
I93EMGZEU4vI,79,easy,1,20789,Classification & Modeling
I93EMGZEU4vI,80,easy,1,14845,Clustering & Unsupervised
I93EMGZEU4vI,81,easy,1,19990,Clustering & Unsupervised
I93EMGZEU4vI,82,easy,1,15303,Clustering & Unsupervised
I93EMGZEU4vI,83,easy,1,16004,Clustering & Unsupervised
I93EMGZEU4vI,84,easy,1,15124,Clustering & Unsupervised
I93EMGZEU4vI,85,medium,0,32846,Clustering & Unsupervised
I93EMGZEU4vI,86,easy,1,14447,Clustering & Unsupervised
I93EMGZEU4vI,87,easy,1,15317,Clustering & Unsupervised
I93EMGZEU4vI,88,easy,1,14811,Clustering & Unsupervised
I93EMGZEU4vI,89,easy,1,19990,Misc / Tools
I93EMGZEU4vI,90,hard,1,28656,Classification & Modeling
N0qYmYE8QD78,61,easy,1,15061,Clustering & Unsupervised
N0qYmYE8QD78,62,easy,1,16463,Clustering & Unsupervised
N0qYmYE8QD78,63,easy,1,18961,Clustering & Unsupervised
N0qYmYE8QD78,64,easy,1,10670,Clustering & Unsupervised
N0qYmYE8QD78,65,easy,1,15061,Clustering & Unsupervised
N0qYmYE8QD78,66,easy,1,10670,Clustering & Unsupervised
N0qYmYE8QD78,67,medium,1,29330,Clustering & Unsupervised
N0qYmYE8QD78,68,easy,1,18961,Clustering & Unsupervised
N0qYmYE8QD78,69,easy,1,15625,Clustering & Unsupervised
N0qYmYE8QD78,70,easy,1,10670,Clustering & Unsupervised
N0qYmYE8QD78,71,easy,1,15824,Clustering & Unsupervised
N0qYmYE8QD78,72,medium,0,34621,Clustering & Unsupervised
N0qYmYE8QD78,73,easy,1,14861,Classification & Modeling
N0qYmYE8QD78,74,easy,0,14290,Misc / Tools
N0qYmYE8QD78,75,medium,0,37494,Classification & Modeling
N0qYmYE8QD78,76,easy,1,21928,Clustering & Unsupervised
N0qYmYE8QD78,77,medium,0,35518,Clustering & Unsupervised
N0qYmYE8QD78,78,medium,0,34621,Clustering & Unsupervised
N0qYmYE8QD78,79,easy,1,21699,Classification & Modeling
N0qYmYE8QD78,80,easy,1,15271,Clustering & Unsupervised
N0qYmYE8QD78,81,easy,1,20807,Clustering & Unsupervised
N0qYmYE8QD78,82,easy,1,15809,Clustering & Unsupervised
N0qYmYE8QD78,83,easy,1,16463,Clustering & Unsupervised
N0qYmYE8QD78,84,easy,1,15625,Clustering & Unsupervised
N0qYmYE8QD78,85,medium,0,35051,Clustering & Unsupervised
N0qYmYE8QD78,86,easy,1,14861,Clustering & Unsupervised
N0qYmYE8QD78,87,easy,1,15824,Clustering & Unsupervised
N0qYmYE8QD78,88,easy,1,15274,Clustering & Unsupervised
N0qYmYE8QD78,89,easy,1,20807,Misc / Tools
N0qYmYE8QD78,90,hard,0,30503,Classification & Modeling
k4QQVURTfMls,61,easy,1,11379,Clustering & Unsupervised
k4QQVURTfMls,62,easy,1,14607,Clustering & Unsupervised
k4QQVURTfMls,63,easy,1,16458,Clustering & Unsupervised
k4QQVURTfMls,64,easy,1,8103,Clustering & Unsupervised
k4QQVURTfMls,65,easy,1,11379,Clustering & Unsupervised
k4QQVURTfMls,66,easy,1,8103,Clustering & Unsupervised
k4QQVURTfMls,67,medium,0,23004,Clustering & Unsupervised
k4QQVURTfMls,68,easy,1,16458,Clustering & Unsupervised
k4QQVURTfMls,69,easy,1,14044,Clustering & Unsupervised
k4QQVURTfMls,70,easy,0,8801,Clustering & Unsupervised
k4QQVURTfMls,71,easy,1,14478,Clustering & Unsupervised
k4QQVURTfMls,72,medium,1,25565,Clustering & Unsupervised
k4QQVURTfMls,73,easy,1,12958,Classification & Modeling
k4QQVURTfMls,74,easy,1,8103,Misc / Tools
k4QQVURTfMls,75,medium,0,26260,Classification & Modeling
k4QQVURTfMls,76,easy,1,20084,Clustering & Unsupervised
k4QQVURTfMls,77,medium,1,26029,Clustering & Unsupervised
k4QQVURTfMls,78,medium,0,23849,Clustering & Unsupervised
k4QQVURTfMls,79,easy,0,19834,Classification & Modeling
k4QQVURTfMls,80,easy,0,14488,Clustering & Unsupervised
k4QQVURTfMls,81,easy,1,19339,Clustering & Unsupervised
k4QQVURTfMls,82,easy,0,16840,Clustering & Unsupervised
k4QQVURTfMls,83,easy,1,14607,Clustering & Unsupervised
k4QQVURTfMls,84,easy,0,15431,Clustering & Unsupervised
k4QQVURTfMls,85,medium,0,24145,Clustering & Unsupervised
k4QQVURTfMls,86,easy,0,14153,Clustering & Unsupervised
k4QQVURTfMls,87,easy,0,16534,Clustering & Unsupervised
k4QQVURTfMls,88,easy,1,14271,Clustering & Unsupervised
k4QQVURTfMls,89,easy,0,18590,Misc / Tools
k4QQVURTfMls,90,hard,0,23132,Classification & Modeling
ynjK3wP1cV18,61,easy,1,22001,Clustering & Unsupervised
ynjK3wP1cV18,62,easy,1,24049,Clustering & Unsupervised
ynjK3wP1cV18,63,easy,1,27697,Clustering & Unsupervised
ynjK3wP1cV18,64,easy,1,15587,Clustering & Unsupervised
ynjK3wP1cV18,65,easy,1,22001,Clustering & Unsupervised
ynjK3wP1cV18,66,easy,1,15587,Clustering & Unsupervised
ynjK3wP1cV18,67,medium,0,40730,Clustering & Unsupervised
ynjK3wP1cV18,68,easy,1,27697,Clustering & Unsupervised
ynjK3wP1cV18,69,easy,1,22825,Clustering & Unsupervised
ynjK3wP1cV18,70,easy,1,15587,Clustering & Unsupervised
ynjK3wP1cV18,71,easy,1,23115,Clustering & Unsupervised
ynjK3wP1cV18,72,medium,0,41662,Clustering & Unsupervised
ynjK3wP1cV18,73,easy,1,21709,Classification & Modeling
ynjK3wP1cV18,74,easy,1,15587,Misc / Tools
ynjK3wP1cV18,75,medium,1,42736,Classification & Modeling
ynjK3wP1cV18,76,easy,1,30282,Clustering & Unsupervised
ynjK3wP1cV18,77,medium,1,40191,Clustering & Unsupervised
ynjK3wP1cV18,78,medium,1,39434,Clustering & Unsupervised
ynjK3wP1cV18,79,easy,1,29965,Classification & Modeling
ynjK3wP1cV18,80,easy,1,22307,Clustering & Unsupervised
ynjK3wP1cV18,81,easy,1,30394,Clustering & Unsupervised
ynjK3wP1cV18,82,easy,1,23342,Clustering & Unsupervised
ynjK3wP1cV18,83,easy,1,24049,Clustering & Unsupervised
ynjK3wP1cV18,84,easy,1,22825,Clustering & Unsupervised
ynjK3wP1cV18,85,medium,0,42179,Clustering & Unsupervised
ynjK3wP1cV18,86,easy,1,21709,Clustering & Unsupervised
ynjK3wP1cV18,87,easy,1,23115,Clustering & Unsupervised
ynjK3wP1cV18,88,easy,1,22313,Clustering & Unsupervised
ynjK3wP1cV18,89,easy,1,30394,Misc / Tools
ynjK3wP1cV18,90,hard,0,37131,Classification & Modeling
YA6aMV1xcGv9,61,easy,1,14818,Clustering & Unsupervised
YA6aMV1xcGv9,62,easy,1,16368,Clustering & Unsupervised
YA6aMV1xcGv9,63,easy,1,18851,Clustering & Unsupervised
YA6aMV1xcGv9,64,easy,1,10498,Clustering & Unsupervised
YA6aMV1xcGv9,65,easy,1,14818,Clustering & Unsupervised
YA6aMV1xcGv9,66,easy,1,10498,Clustering & Unsupervised
YA6aMV1xcGv9,67,medium,0,35821,Clustering & Unsupervised
YA6aMV1xcGv9,68,easy,1,18851,Clustering & Unsupervised
YA6aMV1xcGv9,69,easy,1,15725,Clustering & Unsupervised
YA6aMV1xcGv9,70,easy,1,10498,Clustering & Unsupervised
YA6aMV1xcGv9,71,easy,1,15925,Clustering & Unsupervised
YA6aMV1xcGv9,72,medium,1,31434,Clustering & Unsupervised
YA6aMV1xcGv9,73,easy,1,14775,Classification & Modeling
YA6aMV1xcGv9,74,easy,1,10498,Misc / Tools
YA6aMV1xcGv9,75,medium,0,39682,Classification & Modeling
YA6aMV1xcGv9,76,easy,1,24298,Clustering & Unsupervised
YA6aMV1xcGv9,77,medium,0,39356,Clustering & Unsupervised
YA6aMV1xcGv9,78,medium,0,36641,Clustering & Unsupervised
YA6aMV1xcGv9,79,easy,1,24044,Classification & Modeling
YA6aMV1xcGv9,80,easy,1,15182,Clustering & Unsupervised
YA6aMV1xcGv9,81,easy,1,20940,Clustering & Unsupervised
YA6aMV1xcGv9,82,easy,1,15911,Clustering & Unsupervised
YA6aMV1xcGv9,83,easy,1,16368,Clustering & Unsupervised
YA6aMV1xcGv9,84,easy,1,15725,Clustering & Unsupervised
YA6aMV1xcGv9,85,medium,1,31846,Clustering & Unsupervised
YA6aMV1xcGv9,86,easy,1,14775,Clustering & Unsupervised
YA6aMV1xcGv9,87,easy,1,15925,Clustering & Unsupervised
YA6aMV1xcGv9,88,easy,1,15186,Clustering & Unsupervised
YA6aMV1xcGv9,89,easy,1,20940,Misc / Tools
YA6aMV1xcGv9,90,hard,0,31778,Classification & Modeling
Q7dfzHYyXvOT,61,easy,1,12378,Clustering & Unsupervised
Q7dfzHYyXvOT,62,easy,1,13267,Clustering & Unsupervised
Q7dfzHYyXvOT,63,easy,1,15280,Clustering & Unsupervised
Q7dfzHYyXvOT,64,easy,1,8697,Clustering & Unsupervised
Q7dfzHYyXvOT,65,easy,1,12378,Clustering & Unsupervised
Q7dfzHYyXvOT,66,easy,1,8697,Clustering & Unsupervised
Q7dfzHYyXvOT,67,medium,0,32916,Clustering & Unsupervised
Q7dfzHYyXvOT,68,easy,1,15280,Clustering & Unsupervised
Q7dfzHYyXvOT,69,easy,1,12441,Clustering & Unsupervised
Q7dfzHYyXvOT,70,easy,1,8697,Clustering & Unsupervised
Q7dfzHYyXvOT,71,easy,1,12599,Clustering & Unsupervised
Q7dfzHYyXvOT,72,medium,1,23969,Clustering & Unsupervised
Q7dfzHYyXvOT,73,easy,1,11977,Classification & Modeling
Q7dfzHYyXvOT,74,easy,1,8697,Misc / Tools
Q7dfzHYyXvOT,75,medium,1,25579,Classification & Modeling
Q7dfzHYyXvOT,76,easy,1,17538,Clustering & Unsupervised
Q7dfzHYyXvOT,77,medium,1,24429,Clustering & Unsupervised
Q7dfzHYyXvOT,78,medium,0,28379,Clustering & Unsupervised
Q7dfzHYyXvOT,79,easy,1,17064,Classification & Modeling
Q7dfzHYyXvOT,80,easy,1,12306,Clustering & Unsupervised
Q7dfzHYyXvOT,81,easy,1,16637,Clustering & Unsupervised
Q7dfzHYyXvOT,82,easy,1,12826,Clustering & Unsupervised
Q7dfzHYyXvOT,83,easy,1,13267,Clustering & Unsupervised
Q7dfzHYyXvOT,84,easy,1,12441,Clustering & Unsupervised
Q7dfzHYyXvOT,85,medium,1,24283,Clustering & Unsupervised
Q7dfzHYyXvOT,86,easy,1,11977,Clustering & Unsupervised
Q7dfzHYyXvOT,87,easy,1,12599,Clustering & Unsupervised
Q7dfzHYyXvOT,88,easy,1,12182,Clustering & Unsupervised
Q7dfzHYyXvOT,89,easy,1,16637,Misc / Tools
Q7dfzHYyXvOT,90,hard,1,27260,Classification & Modeling
nIdSwhLzwJKt,61,easy,1,11845,Clustering & Unsupervised
nIdSwhLzwJKt,62,easy,1,15118,Clustering & Unsupervised
nIdSwhLzwJKt,63,easy,1,17034,Clustering & Unsupervised
nIdSwhLzwJKt,64,easy,1,8435,Clustering & Unsupervised
nIdSwhLzwJKt,65,easy,1,11845,Clustering & Unsupervised
nIdSwhLzwJKt,66,easy,0,9400,Clustering & Unsupervised
nIdSwhLzwJKt,67,medium,1,26045,Clustering & Unsupervised
nIdSwhLzwJKt,68,easy,1,17034,Clustering & Unsupervised
nIdSwhLzwJKt,69,easy,1,14535,Clustering & Unsupervised
nIdSwhLzwJKt,70,easy,1,8435,Clustering & Unsupervised
nIdSwhLzwJKt,71,easy,1,14924,Clustering & Unsupervised
nIdSwhLzwJKt,72,medium,0,26431,Clustering & Unsupervised
nIdSwhLzwJKt,73,easy,0,15215,Classification & Modeling
nIdSwhLzwJKt,74,easy,1,8435,Misc / Tools
nIdSwhLzwJKt,75,medium,0,29103,Classification & Modeling
nIdSwhLzwJKt,76,easy,1,20674,Clustering & Unsupervised
nIdSwhLzwJKt,77,medium,0,27219,Clustering & Unsupervised
nIdSwhLzwJKt,78,medium,0,26431,Clustering & Unsupervised
nIdSwhLzwJKt,79,easy,0,21936,Classification & Modeling
nIdSwhLzwJKt,80,easy,1,14027,Clustering & Unsupervised
nIdSwhLzwJKt,81,easy,0,19481,Clustering & Unsupervised
nIdSwhLzwJKt,82,easy,1,15071,Clustering & Unsupervised
nIdSwhLzwJKt,83,easy,1,15118,Clustering & Unsupervised
nIdSwhLzwJKt,84,easy,1,14535,Clustering & Unsupervised
nIdSwhLzwJKt,85,medium,1,26721,Clustering & Unsupervised
nIdSwhLzwJKt,86,easy,1,13703,Clustering & Unsupervised
nIdSwhLzwJKt,87,easy,1,14924,Clustering & Unsupervised
nIdSwhLzwJKt,88,easy,0,16499,Clustering & Unsupervised
nIdSwhLzwJKt,89,easy,0,19481,Misc / Tools
nIdSwhLzwJKt,90,hard,0,25636,Classification & Modeling
No1fcFHRlYfg,61,easy,1,14586,Clustering & Unsupervised
No1fcFHRlYfg,62,easy,1,15554,Clustering & Unsupervised
No1fcFHRlYfg,63,easy,1,17913,Clustering & Unsupervised
No1fcFHRlYfg,64,easy,1,10081,Clustering & Unsupervised
No1fcFHRlYfg,65,easy,1,14586,Clustering & Unsupervised
No1fcFHRlYfg,66,easy,1,10081,Clustering & Unsupervised
No1fcFHRlYfg,67,medium,0,32224,Clustering & Unsupervised
No1fcFHRlYfg,68,easy,1,17913,Clustering & Unsupervised
No1fcFHRlYfg,69,easy,1,14437,Clustering & Unsupervised
No1fcFHRlYfg,70,easy,1,10081,Clustering & Unsupervised
No1fcFHRlYfg,71,easy,1,14620,Clustering & Unsupervised
No1fcFHRlYfg,72,medium,1,27484,Clustering & Unsupervised
No1fcFHRlYfg,73,easy,1,14041,Classification & Modeling
No1fcFHRlYfg,74,easy,1,10081,Misc / Tools
No1fcFHRlYfg,75,medium,1,29785,Classification & Modeling
No1fcFHRlYfg,76,easy,1,20110,Clustering & Unsupervised
No1fcFHRlYfg,77,medium,1,28011,Clustering & Unsupervised
No1fcFHRlYfg,78,medium,0,32540,Clustering & Unsupervised
No1fcFHRlYfg,79,easy,1,19900,Classification & Modeling
No1fcFHRlYfg,80,easy,1,14427,Clustering & Unsupervised
No1fcFHRlYfg,81,easy,1,19306,Clustering & Unsupervised
No1fcFHRlYfg,82,easy,1,15143,Clustering & Unsupervised
No1fcFHRlYfg,83,easy,1,15554,Clustering & Unsupervised
No1fcFHRlYfg,84,easy,1,14437,Clustering & Unsupervised
No1fcFHRlYfg,85,medium,1,27844,Clustering & Unsupervised
No1fcFHRlYfg,86,easy,1,14041,Clustering & Unsupervised
No1fcFHRlYfg,87,easy,1,14620,Clustering & Unsupervised
No1fcFHRlYfg,88,easy,1,14137,Clustering & Unsupervised
No1fcFHRlYfg,89,easy,1,19306,Misc / Tools
No1fcFHRlYfg,90,hard,1,29118,Classification & Modeling
E9vMd75UB2be,61,easy,1,11640,Clustering & Unsupervised
E9vMd75UB2be,62,easy,1,14920,Clustering & Unsupervised
E9vMd75UB2be,63,easy,0,18105,Clustering & Unsupervised
E9vMd75UB2be,64,easy,1,8289,Clustering & Unsupervised
E9vMd75UB2be,65,easy,1,11640,Clustering & Unsupervised
E9vMd75UB2be,66,easy,1,8289,Clustering & Unsupervised
E9vMd75UB2be,67,medium,1,26373,Clustering & Unsupervised
E9vMd75UB2be,68,easy,1,16929,Clustering & Unsupervised
E9vMd75UB2be,69,easy,1,14446,Clustering & Unsupervised
E9vMd75UB2be,70,easy,0,8896,Clustering & Unsupervised
E9vMd75UB2be,71,easy,0,16585,Clustering & Unsupervised
E9vMd75UB2be,72,medium,0,26074,Clustering & Unsupervised
E9vMd75UB2be,73,easy,1,13269,Classification & Modeling
E9vMd75UB2be,74,easy,1,8289,Misc / Tools
E9vMd75UB2be,75,medium,0,28710,Classification & Modeling
E9vMd75UB2be,76,easy,1,20833,Clustering & Unsupervised
E9vMd75UB2be,77,medium,1,27324,Clustering & Unsupervised
E9vMd75UB2be,78,medium,0,26074,Clustering & Unsupervised
E9vMd75UB2be,79,easy,1,20615,Classification & Modeling
E9vMd75UB2be,80,easy,1,13635,Clustering & Unsupervised
E9vMd75UB2be,81,easy,1,19755,Clustering & Unsupervised
E9vMd75UB2be,82,easy,0,16892,Clustering & Unsupervised
E9vMd75UB2be,83,easy,1,14920,Clustering & Unsupervised
E9vMd75UB2be,84,easy,1,14446,Clustering & Unsupervised
E9vMd75UB2be,85,medium,1,27057,Clustering & Unsupervised
E9vMd75UB2be,86,easy,1,13269,Clustering & Unsupervised
E9vMd75UB2be,87,easy,1,14832,Clustering & Unsupervised
E9vMd75UB2be,88,easy,0,15793,Clustering & Unsupervised
E9vMd75UB2be,89,easy,1,19755,Misc / Tools
E9vMd75UB2be,90,hard,0,25069,Classification & Modeling
wLeCyVvKyFT8,61,easy,1,14378,Clustering & Unsupervised
wLeCyVvKyFT8,62,easy,1,15772,Clustering & Unsupervised
wLeCyVvKyFT8,63,easy,1,18165,Clustering & Unsupervised
wLeCyVvKyFT8,64,easy,1,10075,Clustering & Unsupervised
wLeCyVvKyFT8,65,easy,1,14378,Clustering & Unsupervised
wLeCyVvKyFT8,66,easy,1,10075,Clustering & Unsupervised
wLeCyVvKyFT8,67,medium,0,26355,Clustering & Unsupervised
wLeCyVvKyFT8,68,easy,1,18165,Clustering & Unsupervised
wLeCyVvKyFT8,69,easy,1,14941,Clustering & Unsupervised
wLeCyVvKyFT8,70,easy,1,10075,Clustering & Unsupervised
wLeCyVvKyFT8,71,easy,1,15041,Clustering & Unsupervised
wLeCyVvKyFT8,72,medium,1,25668,Clustering & Unsupervised
wLeCyVvKyFT8,73,easy,1,14237,Classification & Modeling
wLeCyVvKyFT8,74,easy,1,10075,Misc / Tools
wLeCyVvKyFT8,75,medium,0,29196,Classification & Modeling
wLeCyVvKyFT8,76,easy,1,20114,Clustering & Unsupervised
wLeCyVvKyFT8,77,medium,1,26160,Clustering & Unsupervised
wLeCyVvKyFT8,78,medium,1,25668,Clustering & Unsupervised
wLeCyVvKyFT8,79,easy,0,22783,Classification & Modeling
wLeCyVvKyFT8,80,easy,1,14629,Clustering & Unsupervised
wLeCyVvKyFT8,81,easy,1,19440,Clustering & Unsupervised
wLeCyVvKyFT8,82,easy,1,15027,Clustering & Unsupervised
wLeCyVvKyFT8,83,easy,1,15772,Clustering & Unsupervised
wLeCyVvKyFT8,84,easy,1,14941,Clustering & Unsupervised
wLeCyVvKyFT8,85,medium,0,27293,Clustering & Unsupervised
wLeCyVvKyFT8,86,easy,1,14237,Clustering & Unsupervised
wLeCyVvKyFT8,87,easy,1,15041,Clustering & Unsupervised
wLeCyVvKyFT8,88,easy,1,15183,Clustering & Unsupervised
wLeCyVvKyFT8,89,easy,0,21830,Misc / Tools
wLeCyVvKyFT8,90,hard,0,26105,Classification & Modeling
32nLuB1xqIO4,61,easy,1,14590,Clustering & Unsupervised
32nLuB1xqIO4,62,easy,1,16004,Clustering & Unsupervised
32nLuB1xqIO4,63,easy,1,18432,Clustering & Unsupervised
32nLuB1xqIO4,64,easy,1,10223,Clustering & Unsupervised
32nLuB1xqIO4,65,easy,1,14590,Clustering & Unsupervised
32nLuB1xqIO4,66,easy,1,10223,Clustering & Unsupervised
32nLuB1xqIO4,67,medium,0,31718,Clustering & Unsupervised
32nLuB1xqIO4,68,easy,1,18432,Clustering & Unsupervised
32nLuB1xqIO4,69,easy,1,15124,Clustering & Unsupervised
32nLuB1xqIO4,70,easy,1,10223,Clustering & Unsupervised
32nLuB1xqIO4,71,easy,1,15317,Clustering & Unsupervised
32nLuB1xqIO4,72,medium,1,28243,Clustering & Unsupervised
32nLuB1xqIO4,73,easy,1,14447,Classification & Modeling
32nLuB1xqIO4,74,easy,1,10223,Misc / Tools
32nLuB1xqIO4,75,medium,1,30608,Classification & Modeling
32nLuB1xqIO4,76,easy,0,24927,Clustering & Unsupervised
32nLuB1xqIO4,77,medium,0,33283,Clustering & Unsupervised
32nLuB1xqIO4,78,medium,1,28243,Clustering & Unsupervised
32nLuB1xqIO4,79,easy,0,24625,Classification & Modeling
32nLuB1xqIO4,80,easy,1,14845,Clustering & Unsupervised
32nLuB1xqIO4,81,easy,1,19990,Clustering & Unsupervised
32nLuB1xqIO4,82,easy,1,15303,Clustering & Unsupervised
32nLuB1xqIO4,83,easy,1,16004,Clustering & Unsupervised
32nLuB1xqIO4,84,easy,1,15124,Clustering & Unsupervised
32nLuB1xqIO4,85,medium,1,28613,Clustering & Unsupervised
32nLuB1xqIO4,86,easy,1,14447,Clustering & Unsupervised
32nLuB1xqIO4,87,easy,1,15317,Clustering & Unsupervised
32nLuB1xqIO4,88,easy,1,14811,Clustering & Unsupervised
32nLuB1xqIO4,89,easy,1,19990,Misc / Tools
32nLuB1xqIO4,90,hard,1,28656,Classification & Modeling
AG7urKue7Fzv,61,easy,1,22001,Clustering & Unsupervised
AG7urKue7Fzv,62,easy,1,24049,Clustering & Unsupervised
AG7urKue7Fzv,63,easy,1,27697,Clustering & Unsupervised
AG7urKue7Fzv,64,easy,1,15587,Clustering & Unsupervised
AG7urKue7Fzv,65,easy,1,22001,Clustering & Unsupervised
AG7urKue7Fzv,66,easy,1,15587,Clustering & Unsupervised
AG7urKue7Fzv,67,medium,0,40730,Clustering & Unsupervised
AG7urKue7Fzv,68,easy,1,27697,Clustering & Unsupervised
AG7urKue7Fzv,69,easy,1,22825,Clustering & Unsupervised
AG7urKue7Fzv,70,easy,1,15587,Clustering & Unsupervised
AG7urKue7Fzv,71,easy,1,23115,Clustering & Unsupervised
AG7urKue7Fzv,72,medium,1,39434,Clustering & Unsupervised
AG7urKue7Fzv,73,easy,1,21709,Classification & Modeling
AG7urKue7Fzv,74,easy,1,15587,Misc / Tools
AG7urKue7Fzv,75,medium,1,42736,Classification & Modeling
AG7urKue7Fzv,76,easy,1,30282,Clustering & Unsupervised
AG7urKue7Fzv,77,medium,0,42741,Clustering & Unsupervised
AG7urKue7Fzv,78,medium,1,39434,Clustering & Unsupervised
AG7urKue7Fzv,79,easy,1,29965,Classification & Modeling
AG7urKue7Fzv,80,easy,1,22307,Clustering & Unsupervised
AG7urKue7Fzv,81,easy,1,30394,Clustering & Unsupervised
AG7urKue7Fzv,82,easy,1,23342,Clustering & Unsupervised
AG7urKue7Fzv,83,easy,1,24049,Clustering & Unsupervised
AG7urKue7Fzv,84,easy,1,22825,Clustering & Unsupervised
AG7urKue7Fzv,85,medium,1,39951,Clustering & Unsupervised
AG7urKue7Fzv,86,easy,1,21709,Clustering & Unsupervised
AG7urKue7Fzv,87,easy,1,23115,Clustering & Unsupervised
AG7urKue7Fzv,88,easy,1,22313,Clustering & Unsupervised
AG7urKue7Fzv,89,easy,1,30394,Misc / Tools
AG7urKue7Fzv,90,hard,1,40355,Classification & Modeling
By0gyab68WPW,61,easy,1,14332,Clustering & Unsupervised
By0gyab68WPW,62,easy,1,16900,Clustering & Unsupervised
By0gyab68WPW,63,easy,1,19464,Clustering & Unsupervised
By0gyab68WPW,64,easy,1,10088,Clustering & Unsupervised
By0gyab68WPW,65,easy,1,14332,Clustering & Unsupervised
By0gyab68WPW,66,easy,1,10088,Clustering & Unsupervised
By0gyab68WPW,67,medium,0,29228,Clustering & Unsupervised
By0gyab68WPW,68,easy,1,19464,Clustering & Unsupervised
By0gyab68WPW,69,easy,1,16550,Clustering & Unsupervised
By0gyab68WPW,70,easy,1,10088,Clustering & Unsupervised
By0gyab68WPW,71,easy,1,16993,Clustering & Unsupervised
By0gyab68WPW,72,medium,0,29897,Clustering & Unsupervised
By0gyab68WPW,73,easy,1,15256,Classification & Modeling
By0gyab68WPW,74,easy,1,10088,Misc / Tools
By0gyab68WPW,75,medium,0,32378,Classification & Modeling
By0gyab68WPW,76,easy,1,23299,Clustering & Unsupervised
By0gyab68WPW,77,medium,0,30789,Clustering & Unsupervised
By0gyab68WPW,78,medium,0,29897,Clustering & Unsupervised
By0gyab68WPW,79,easy,0,24052,Classification & Modeling
By0gyab68WPW,80,easy,1,15676,Clustering & Unsupervised
By0gyab68WPW,81,easy,1,22664,Clustering & Unsupervised
By0gyab68WPW,82,easy,0,20423,Clustering & Unsupervised
By0gyab68WPW,83,easy,1,16900,Clustering & Unsupervised
By0gyab68WPW,84,easy,0,18561,Clustering & Unsupervised
By0gyab68WPW,85,medium,1,31076,Clustering & Unsupervised
By0gyab68WPW,86,easy,1,15256,Clustering & Unsupervised
By0gyab68WPW,87,easy,1,16993,Clustering & Unsupervised
By0gyab68WPW,88,easy,1,16818,Clustering & Unsupervised
By0gyab68WPW,89,easy,0,22911,Misc / Tools
By0gyab68WPW,90,hard,0,28950,Classification & Modeling
xbNryveuRsXc,61,easy,1,14796,Clustering & Unsupervised
xbNryveuRsXc,62,easy,1,16173,Clustering & Unsupervised
xbNryveuRsXc,63,easy,1,18627,Clustering & Unsupervised
xbNryveuRsXc,64,easy,1,10483,Clustering & Unsupervised
xbNryveuRsXc,65,easy,1,14796,Clustering & Unsupervised
xbNryveuRsXc,66,easy,1,10483,Clustering & Unsupervised
xbNryveuRsXc,67,medium,1,28814,Clustering & Unsupervised
xbNryveuRsXc,68,easy,0,25452,Clustering & Unsupervised
xbNryveuRsXc,69,easy,1,15350,Clustering & Unsupervised
xbNryveuRsXc,70,easy,1,10483,Clustering & Unsupervised
xbNryveuRsXc,71,easy,1,15545,Clustering & Unsupervised
xbNryveuRsXc,72,medium,0,34012,Clustering & Unsupervised
xbNryveuRsXc,73,easy,1,14600,Classification & Modeling
xbNryveuRsXc,74,easy,1,10483,Misc / Tools
xbNryveuRsXc,75,medium,1,31622,Classification & Modeling
xbNryveuRsXc,76,easy,1,21543,Clustering & Unsupervised
xbNryveuRsXc,77,medium,0,34893,Clustering & Unsupervised
xbNryveuRsXc,78,medium,1,29179,Clustering & Unsupervised
xbNryveuRsXc,79,easy,0,25622,Classification & Modeling
xbNryveuRsXc,80,easy,1,15002,Clustering & Unsupervised
xbNryveuRsXc,81,easy,1,20441,Clustering & Unsupervised
xbNryveuRsXc,82,easy,1,15531,Clustering & Unsupervised
xbNryveuRsXc,83,easy,1,16173,Clustering & Unsupervised
xbNryveuRsXc,84,easy,1,15350,Clustering & Unsupervised
xbNryveuRsXc,85,medium,1,29561,Clustering & Unsupervised
xbNryveuRsXc,86,easy,1,14600,Clustering & Unsupervised
xbNryveuRsXc,87,easy,1,15545,Clustering & Unsupervised
xbNryveuRsXc,88,easy,1,15006,Clustering & Unsupervised
xbNryveuRsXc,89,easy,1,20441,Misc / Tools
xbNryveuRsXc,90,hard,1,29606,Classification & Modeling
d5279GvwAinX,61,easy,1,11845,Clustering & Unsupervised
d5279GvwAinX,62,easy,1,15118,Clustering & Unsupervised
d5279GvwAinX,63,easy,1,17034,Clustering & Unsupervised
d5279GvwAinX,64,easy,1,8435,Clustering & Unsupervised
d5279GvwAinX,65,easy,1,11845,Clustering & Unsupervised
d5279GvwAinX,66,easy,1,8435,Clustering & Unsupervised
d5279GvwAinX,67,medium,1,26045,Clustering & Unsupervised
d5279GvwAinX,68,easy,1,17034,Clustering & Unsupervised
d5279GvwAinX,69,easy,1,14535,Clustering & Unsupervised
d5279GvwAinX,70,easy,1,8435,Clustering & Unsupervised
d5279GvwAinX,71,easy,1,14924,Clustering & Unsupervised
d5279GvwAinX,72,medium,0,26431,Clustering & Unsupervised
d5279GvwAinX,73,easy,1,13703,Classification & Modeling
d5279GvwAinX,74,easy,1,8435,Misc / Tools
d5279GvwAinX,75,medium,1,29062,Classification & Modeling
d5279GvwAinX,76,easy,1,20674,Clustering & Unsupervised
d5279GvwAinX,77,medium,1,26985,Clustering & Unsupervised
d5279GvwAinX,78,medium,0,26431,Clustering & Unsupervised
d5279GvwAinX,79,easy,0,21936,Classification & Modeling
d5279GvwAinX,80,easy,1,14027,Clustering & Unsupervised
d5279GvwAinX,81,easy,1,19877,Clustering & Unsupervised
d5279GvwAinX,82,easy,1,15071,Clustering & Unsupervised
d5279GvwAinX,83,easy,1,15118,Clustering & Unsupervised
d5279GvwAinX,84,easy,0,16236,Clustering & Unsupervised
d5279GvwAinX,85,medium,0,26759,Clustering & Unsupervised
d5279GvwAinX,86,easy,0,15215,Clustering & Unsupervised
d5279GvwAinX,87,easy,1,14924,Clustering & Unsupervised
d5279GvwAinX,88,easy,1,14771,Clustering & Unsupervised
d5279GvwAinX,89,easy,1,19877,Misc / Tools
d5279GvwAinX,90,hard,1,26498,Classification & Modeling
AgiWXtLnmm9y,61,easy,1,10621,Clustering & Unsupervised
AgiWXtLnmm9y,62,easy,1,12642,Clustering & Unsupervised
AgiWXtLnmm9y,63,easy,1,14560,Clustering & Unsupervised
AgiWXtLnmm9y,64,easy,1,7500,Clustering & Unsupervised
AgiWXtLnmm9y,65,easy,1,10621,Clustering & Unsupervised
AgiWXtLnmm9y,66,easy,1,7500,Clustering & Unsupervised
AgiWXtLnmm9y,67,medium,0,22931,Clustering & Unsupervised
AgiWXtLnmm9y,68,easy,1,14560,Clustering & Unsupervised
AgiWXtLnmm9y,69,easy,1,12453,Clustering & Unsupervised
AgiWXtLnmm9y,70,easy,1,7500,Clustering & Unsupervised
AgiWXtLnmm9y,71,easy,1,12786,Clustering & Unsupervised
AgiWXtLnmm9y,72,medium,1,22332,Clustering & Unsupervised
AgiWXtLnmm9y,73,easy,1,11412,Classification & Modeling
AgiWXtLnmm9y,74,easy,1,7500,Misc / Tools
AgiWXtLnmm9y,75,medium,0,25402,Classification & Modeling
AgiWXtLnmm9y,76,easy,1,17867,Clustering & Unsupervised
AgiWXtLnmm9y,77,medium,0,23916,Clustering & Unsupervised
AgiWXtLnmm9y,78,medium,0,23456,Clustering & Unsupervised
AgiWXtLnmm9y,79,easy,1,17680,Classification & Modeling
AgiWXtLnmm9y,80,easy,1,11726,Clustering & Unsupervised
AgiWXtLnmm9y,81,easy,0,19151,Clustering & Unsupervised
AgiWXtLnmm9y,82,easy,0,16671,Clustering & Unsupervised
AgiWXtLnmm9y,83,easy,1,12642,Clustering & Unsupervised
AgiWXtLnmm9y,84,easy,1,12453,Clustering & Unsupervised
AgiWXtLnmm9y,85,medium,1,22625,Clustering & Unsupervised
AgiWXtLnmm9y,86,easy,1,11412,Clustering & Unsupervised
AgiWXtLnmm9y,87,easy,1,12786,Clustering & Unsupervised
AgiWXtLnmm9y,88,easy,1,12655,Clustering & Unsupervised
AgiWXtLnmm9y,89,easy,1,17054,Misc / Tools
AgiWXtLnmm9y,90,hard,0,22712,Classification & Modeling
pMrOo2QfC0Kp,61,easy,1,11875,Clustering & Unsupervised
pMrOo2QfC0Kp,62,easy,1,14134,Clustering & Unsupervised
pMrOo2QfC0Kp,63,easy,1,16278,Clustering & Unsupervised
pMrOo2QfC0Kp,64,easy,1,8385,Clustering & Unsupervised
pMrOo2QfC0Kp,65,easy,1,11875,Clustering & Unsupervised
pMrOo2QfC0Kp,66,easy,1,8385,Clustering & Unsupervised
pMrOo2QfC0Kp,67,medium,0,25899,Clustering & Unsupervised
pMrOo2QfC0Kp,68,easy,1,16278,Clustering & Unsupervised
pMrOo2QfC0Kp,69,easy,1,13841,Clustering & Unsupervised
pMrOo2QfC0Kp,70,easy,1,8385,Clustering & Unsupervised
pMrOo2QfC0Kp,71,easy,1,14212,Clustering & Unsupervised
pMrOo2QfC0Kp,72,medium,1,25224,Clustering & Unsupervised
pMrOo2QfC0Kp,73,easy,1,12759,Classification & Modeling
pMrOo2QfC0Kp,74,easy,1,8385,Misc / Tools
pMrOo2QfC0Kp,75,medium,0,28691,Classification & Modeling
pMrOo2QfC0Kp,76,easy,1,19766,Clustering & Unsupervised
pMrOo2QfC0Kp,77,medium,0,27012,Clustering & Unsupervised
pMrOo2QfC0Kp,78,medium,0,26492,Clustering & Unsupervised
pMrOo2QfC0Kp,79,easy,1,19559,Classification & Modeling
pMrOo2QfC0Kp,80,easy,0,15697,Clustering & Unsupervised
pMrOo2QfC0Kp,81,easy,0,21286,Clustering & Unsupervised
pMrOo2QfC0Kp,82,easy,0,18529,Clustering & Unsupervised
pMrOo2QfC0Kp,83,easy,1,14134,Clustering & Unsupervised
pMrOo2QfC0Kp,84,easy,1,13841,Clustering & Unsupervised
pMrOo2QfC0Kp,85,medium,1,25554,Clustering & Unsupervised
pMrOo2QfC0Kp,86,easy,1,12759,Clustering & Unsupervised
pMrOo2QfC0Kp,87,easy,1,14212,Clustering & Unsupervised
pMrOo2QfC0Kp,88,easy,1,14066,Clustering & Unsupervised
pMrOo2QfC0Kp,89,easy,1,18955,Misc / Tools
pMrOo2QfC0Kp,90,hard,0,25653,Classification & Modeling
OLMmduueQtv7,61,easy,1,14796,Clustering & Unsupervised
OLMmduueQtv7,62,easy,1,16173,Clustering & Unsupervised
OLMmduueQtv7,63,easy,1,18627,Clustering & Unsupervised
OLMmduueQtv7,64,easy,1,10483,Clustering & Unsupervised
OLMmduueQtv7,65,easy,1,14796,Clustering & Unsupervised
OLMmduueQtv7,66,easy,1,10483,Clustering & Unsupervised
OLMmduueQtv7,67,medium,0,33251,Clustering & Unsupervised
OLMmduueQtv7,68,easy,1,18627,Clustering & Unsupervised
OLMmduueQtv7,69,easy,1,15350,Clustering & Unsupervised
OLMmduueQtv7,70,easy,1,10483,Clustering & Unsupervised
OLMmduueQtv7,71,easy,1,15545,Clustering & Unsupervised
OLMmduueQtv7,72,medium,0,34012,Clustering & Unsupervised
OLMmduueQtv7,73,easy,1,14600,Classification & Modeling
OLMmduueQtv7,74,easy,1,10483,Misc / Tools
OLMmduueQtv7,75,medium,1,31622,Classification & Modeling
OLMmduueQtv7,76,easy,1,21543,Clustering & Unsupervised
OLMmduueQtv7,77,medium,0,34893,Clustering & Unsupervised
OLMmduueQtv7,78,medium,0,34012,Clustering & Unsupervised
OLMmduueQtv7,79,easy,1,21317,Classification & Modeling
OLMmduueQtv7,80,easy,1,15002,Clustering & Unsupervised
OLMmduueQtv7,81,easy,1,20441,Clustering & Unsupervised
OLMmduueQtv7,82,easy,1,15531,Clustering & Unsupervised
OLMmduueQtv7,83,easy,1,16173,Clustering & Unsupervised
OLMmduueQtv7,84,easy,1,15350,Clustering & Unsupervised
OLMmduueQtv7,85,medium,0,34434,Clustering & Unsupervised
OLMmduueQtv7,86,easy,1,14600,Clustering & Unsupervised
OLMmduueQtv7,87,easy,1,15545,Clustering & Unsupervised
OLMmduueQtv7,88,easy,1,15006,Clustering & Unsupervised
OLMmduueQtv7,89,easy,1,20441,Misc / Tools
OLMmduueQtv7,90,hard,1,29606,Classification & Modeling
Za018kn2raFk,61,easy,1,14532,Clustering & Unsupervised
Za018kn2raFk,62,easy,1,15884,Clustering & Unsupervised
Za018kn2raFk,63,easy,1,18294,Clustering & Unsupervised
Za018kn2raFk,64,easy,1,10295,Clustering & Unsupervised
Za018kn2raFk,65,easy,1,14532,Clustering & Unsupervised
Za018kn2raFk,66,easy,1,10295,Clustering & Unsupervised
Za018kn2raFk,67,medium,0,32654,Clustering & Unsupervised
Za018kn2raFk,68,easy,1,18294,Clustering & Unsupervised
Za018kn2raFk,69,easy,1,15076,Clustering & Unsupervised
Za018kn2raFk,70,easy,1,10295,Clustering & Unsupervised
Za018kn2raFk,71,easy,1,15267,Clustering & Unsupervised
Za018kn2raFk,72,medium,1,28658,Clustering & Unsupervised
Za018kn2raFk,73,easy,1,14339,Classification & Modeling
Za018kn2raFk,74,easy,1,10295,Misc / Tools
Za018kn2raFk,75,medium,0,36173,Classification & Modeling
Za018kn2raFk,76,easy,1,21157,Clustering & Unsupervised
Za018kn2raFk,77,medium,1,29208,Clustering & Unsupervised
Za018kn2raFk,78,medium,1,28658,Clustering & Unsupervised
Za018kn2raFk,79,easy,1,20936,Classification & Modeling
Za018kn2raFk,80,easy,1,14734,Clustering & Unsupervised
Za018kn2raFk,81,easy,1,20075,Clustering & Unsupervised
Za018kn2raFk,82,easy,1,15417,Clustering & Unsupervised
Za018kn2raFk,83,easy,1,15884,Clustering & Unsupervised
Za018kn2raFk,84,easy,1,15076,Clustering & Unsupervised
Za018kn2raFk,85,medium,1,29033,Clustering & Unsupervised
Za018kn2raFk,86,easy,1,14339,Clustering & Unsupervised
Za018kn2raFk,87,easy,1,15267,Clustering & Unsupervised
Za018kn2raFk,88,easy,1,14737,Clustering & Unsupervised
Za018kn2raFk,89,easy,1,20075,Misc / Tools
Za018kn2raFk,90,hard,1,29327,Classification & Modeling
m8rfSXHUenxh,61,easy,1,13046,Clustering & Unsupervised
m8rfSXHUenxh,62,easy,1,15769,Clustering & Unsupervised
m8rfSXHUenxh,63,easy,1,17892,Clustering & Unsupervised
m8rfSXHUenxh,64,easy,1,9274,Clustering & Unsupervised
m8rfSXHUenxh,65,easy,1,13046,Clustering & Unsupervised
m8rfSXHUenxh,66,easy,1,9274,Clustering & Unsupervised
m8rfSXHUenxh,67,medium,0,29068,Clustering & Unsupervised
m8rfSXHUenxh,68,easy,1,17892,Clustering & Unsupervised
m8rfSXHUenxh,69,easy,1,15214,Clustering & Unsupervised
m8rfSXHUenxh,70,easy,1,9274,Clustering & Unsupervised
m8rfSXHUenxh,71,easy,1,15621,Clustering & Unsupervised
m8rfSXHUenxh,72,medium,1,28839,Clustering & Unsupervised
m8rfSXHUenxh,73,easy,1,14024,Classification & Modeling
m8rfSXHUenxh,74,easy,1,9274,Misc / Tools
m8rfSXHUenxh,75,medium,1,31776,Classification & Modeling
m8rfSXHUenxh,76,easy,1,21905,Clustering & Unsupervised
m8rfSXHUenxh,77,medium,1,29506,Clustering & Unsupervised
m8rfSXHUenxh,78,medium,0,29733,Clustering & Unsupervised
m8rfSXHUenxh,79,easy,1,21676,Classification & Modeling
m8rfSXHUenxh,80,easy,1,14410,Clustering & Unsupervised
m8rfSXHUenxh,81,easy,1,20834,Clustering & Unsupervised
m8rfSXHUenxh,82,easy,1,15796,Clustering & Unsupervised
m8rfSXHUenxh,83,easy,1,15769,Clustering & Unsupervised
m8rfSXHUenxh,84,easy,1,15214,Clustering & Unsupervised
m8rfSXHUenxh,85,medium,0,30102,Clustering & Unsupervised
m8rfSXHUenxh,86,easy,1,14024,Clustering & Unsupervised
m8rfSXHUenxh,87,easy,0,19471,Clustering & Unsupervised
m8rfSXHUenxh,88,easy,0,18341,Clustering & Unsupervised
m8rfSXHUenxh,89,easy,1,20834,Misc / Tools
m8rfSXHUenxh,90,hard,0,28791,Classification & Modeling
oXHAAQD8R9lF,61,easy,0,16878,Clustering & Unsupervised
oXHAAQD8R9lF,62,easy,1,19330,Clustering & Unsupervised
oXHAAQD8R9lF,63,easy,0,24183,Clustering & Unsupervised
oXHAAQD8R9lF,64,easy,0,12019,Clustering & Unsupervised
oXHAAQD8R9lF,65,easy,1,15145,Clustering & Unsupervised
oXHAAQD8R9lF,66,easy,0,12019,Clustering & Unsupervised
oXHAAQD8R9lF,67,medium,0,25827,Clustering & Unsupervised
oXHAAQD8R9lF,68,easy,1,21780,Clustering & Unsupervised
oXHAAQD8R9lF,69,easy,1,18584,Clustering & Unsupervised
oXHAAQD8R9lF,70,easy,1,10785,Clustering & Unsupervised
oXHAAQD8R9lF,71,easy,0,18464,Clustering & Unsupervised
oXHAAQD8R9lF,72,medium,0,26775,Clustering & Unsupervised
oXHAAQD8R9lF,73,easy,0,18955,Classification & Modeling
oXHAAQD8R9lF,74,easy,1,10785,Misc / Tools
oXHAAQD8R9lF,75,medium,1,29441,Classification & Modeling
oXHAAQD8R9lF,76,easy,1,20944,Clustering & Unsupervised
oXHAAQD8R9lF,77,medium,1,27337,Clustering & Unsupervised
oXHAAQD8R9lF,78,medium,0,26775,Clustering & Unsupervised
oXHAAQD8R9lF,79,easy,0,22223,Classification & Modeling
oXHAAQD8R9lF,80,easy,1,17541,Clustering & Unsupervised
oXHAAQD8R9lF,81,easy,1,21182,Clustering & Unsupervised
oXHAAQD8R9lF,82,easy,1,16060,Clustering & Unsupervised
oXHAAQD8R9lF,83,easy,1,19330,Clustering & Unsupervised
oXHAAQD8R9lF,84,easy,1,18584,Clustering & Unsupervised
oXHAAQD8R9lF,85,medium,0,27108,Clustering & Unsupervised
oXHAAQD8R9lF,86,easy,1,17071,Clustering & Unsupervised
oXHAAQD8R9lF,87,easy,1,15904,Clustering & Unsupervised
oXHAAQD8R9lF,88,easy,1,18886,Clustering & Unsupervised
oXHAAQD8R9lF,89,easy,1,21182,Misc / Tools
oXHAAQD8R9lF,90,hard,0,25970,Classification & Modeling
dF0r7wVjsLSV,61,easy,1,11553,Clustering & Unsupervised
dF0r7wVjsLSV,62,easy,0,16625,Clustering & Unsupervised
dF0r7wVjsLSV,63,easy,1,16803,Clustering & Unsupervised
dF0r7wVjsLSV,64,easy,1,8227,Clustering & Unsupervised
dF0r7wVjsLSV,65,easy,1,11553,Clustering & Unsupervised
dF0r7wVjsLSV,66,easy,0,8991,Clustering & Unsupervised
dF0r7wVjsLSV,67,medium,0,25016,Clustering & Unsupervised
dF0r7wVjsLSV,68,easy,1,16803,Clustering & Unsupervised
dF0r7wVjsLSV,69,easy,0,15706,Clustering & Unsupervised
dF0r7wVjsLSV,70,easy,1,8227,Clustering & Unsupervised
dF0r7wVjsLSV,71,easy,1,14721,Clustering & Unsupervised
dF0r7wVjsLSV,72,medium,1,26315,Clustering & Unsupervised
dF0r7wVjsLSV,73,easy,1,13170,Classification & Modeling
dF0r7wVjsLSV,74,easy,1,8227,Misc / Tools
dF0r7wVjsLSV,75,medium,0,28556,Classification & Modeling
dF0r7wVjsLSV,76,easy,1,20526,Clustering & Unsupervised
dF0r7wVjsLSV,77,medium,1,26923,Clustering & Unsupervised
dF0r7wVjsLSV,78,medium,0,25934,Clustering & Unsupervised
dF0r7wVjsLSV,79,easy,1,20353,Classification & Modeling
dF0r7wVjsLSV,80,easy,1,13533,Clustering & Unsupervised
dF0r7wVjsLSV,81,easy,1,19607,Clustering & Unsupervised
dF0r7wVjsLSV,82,easy,1,14866,Clustering & Unsupervised
dF0r7wVjsLSV,83,easy,1,14913,Clustering & Unsupervised
dF0r7wVjsLSV,84,easy,0,15706,Clustering & Unsupervised
dF0r7wVjsLSV,85,medium,0,26256,Clustering & Unsupervised
dF0r7wVjsLSV,86,easy,1,13170,Clustering & Unsupervised
dF0r7wVjsLSV,87,easy,1,14721,Clustering & Unsupervised
dF0r7wVjsLSV,88,easy,1,14570,Clustering & Unsupervised
dF0r7wVjsLSV,89,easy,1,19607,Misc / Tools
dF0r7wVjsLSV,90,hard,1,26496,Classification & Modeling
vqNkppoZuHFA,61,easy,1,13189,Clustering & Unsupervised
vqNkppoZuHFA,62,easy,1,14719,Clustering & Unsupervised
vqNkppoZuHFA,63,easy,1,16952,Clustering & Unsupervised
vqNkppoZuHFA,64,easy,1,9241,Clustering & Unsupervised
vqNkppoZuHFA,65,easy,1,13189,Clustering & Unsupervised
vqNkppoZuHFA,66,easy,1,9241,Clustering & Unsupervised
vqNkppoZuHFA,67,medium,0,25948,Clustering & Unsupervised
vqNkppoZuHFA,68,easy,1,16952,Clustering & Unsupervised
vqNkppoZuHFA,69,easy,1,14174,Clustering & Unsupervised
vqNkppoZuHFA,70,easy,1,9241,Clustering & Unsupervised
vqNkppoZuHFA,71,easy,1,14336,Clustering & Unsupervised
vqNkppoZuHFA,72,medium,1,25271,Clustering & Unsupervised
vqNkppoZuHFA,73,easy,1,13287,Classification & Modeling
vqNkppoZuHFA,74,easy,1,9241,Misc / Tools
vqNkppoZuHFA,75,medium,1,27387,Classification & Modeling
vqNkppoZuHFA,76,easy,1,19803,Clustering & Unsupervised
vqNkppoZuHFA,77,medium,0,27229,Clustering & Unsupervised
vqNkppoZuHFA,78,medium,0,26542,Clustering & Unsupervised
vqNkppoZuHFA,79,easy,0,22431,Classification & Modeling
vqNkppoZuHFA,80,easy,1,13653,Clustering & Unsupervised
vqNkppoZuHFA,81,easy,1,18990,Clustering & Unsupervised
vqNkppoZuHFA,82,easy,1,14380,Clustering & Unsupervised
vqNkppoZuHFA,83,easy,0,19696,Clustering & Unsupervised
vqNkppoZuHFA,84,easy,1,14174,Clustering & Unsupervised
vqNkppoZuHFA,85,medium,1,25602,Clustering & Unsupervised
vqNkppoZuHFA,86,easy,1,13287,Clustering & Unsupervised
vqNkppoZuHFA,87,easy,0,19145,Clustering & Unsupervised
vqNkppoZuHFA,88,easy,1,14404,Clustering & Unsupervised
vqNkppoZuHFA,89,easy,1,18990,Misc / Tools
vqNkppoZuHFA,90,hard,1,25445,Classification & Modeling
R8OVhINU7nka,61,easy,1,14590,Clustering & Unsupervised
R8OVhINU7nka,62,easy,1,16004,Clustering & Unsupervised
R8OVhINU7nka,63,easy,1,18432,Clustering & Unsupervised
R8OVhINU7nka,64,easy,1,10223,Clustering & Unsupervised
R8OVhINU7nka,65,easy,1,14590,Clustering & Unsupervised
R8OVhINU7nka,66,easy,1,10223,Clustering & Unsupervised
R8OVhINU7nka,67,medium,0,31718,Clustering & Unsupervised
R8OVhINU7nka,68,easy,1,18432,Clustering & Unsupervised
R8OVhINU7nka,69,easy,1,15124,Clustering & Unsupervised
R8OVhINU7nka,70,easy,1,10223,Clustering & Unsupervised
R8OVhINU7nka,71,easy,1,15317,Clustering & Unsupervised
R8OVhINU7nka,72,medium,0,32443,Clustering & Unsupervised
R8OVhINU7nka,73,easy,1,14447,Classification & Modeling
R8OVhINU7nka,74,easy,1,10223,Misc / Tools
R8OVhINU7nka,75,medium,0,35136,Classification & Modeling
R8OVhINU7nka,76,easy,1,21009,Clustering & Unsupervised
R8OVhINU7nka,77,medium,1,28785,Clustering & Unsupervised
R8OVhINU7nka,78,medium,1,28243,Clustering & Unsupervised
R8OVhINU7nka,79,easy,1,20789,Classification & Modeling
R8OVhINU7nka,80,easy,1,14845,Clustering & Unsupervised
R8OVhINU7nka,81,easy,1,19990,Clustering & Unsupervised
R8OVhINU7nka,82,easy,1,15303,Clustering & Unsupervised
R8OVhINU7nka,83,easy,1,16004,Clustering & Unsupervised
R8OVhINU7nka,84,easy,1,15124,Clustering & Unsupervised
R8OVhINU7nka,85,medium,0,32846,Clustering & Unsupervised
R8OVhINU7nka,86,easy,1,14447,Clustering & Unsupervised
R8OVhINU7nka,87,easy,0,21125,Clustering & Unsupervised
R8OVhINU7nka,88,easy,1,14811,Clustering & Unsupervised
R8OVhINU7nka,89,easy,0,23228,Misc / Tools
R8OVhINU7nka,90,hard,1,28656,Classification & Modeling
vgAkx62M3oPn,61,easy,1,14590,Clustering & Unsupervised
vgAkx62M3oPn,62,easy,1,16004,Clustering & Unsupervised
vgAkx62M3oPn,63,easy,1,18432,Clustering & Unsupervised
vgAkx62M3oPn,64,easy,1,10223,Clustering & Unsupervised
vgAkx62M3oPn,65,easy,1,14590,Clustering & Unsupervised
vgAkx62M3oPn,66,easy,1,10223,Clustering & Unsupervised
vgAkx62M3oPn,67,medium,1,27890,Clustering & Unsupervised
vgAkx62M3oPn,68,easy,1,18432,Clustering & Unsupervised
vgAkx62M3oPn,69,easy,1,15124,Clustering & Unsupervised
vgAkx62M3oPn,70,easy,1,10223,Clustering & Unsupervised
vgAkx62M3oPn,71,easy,1,15317,Clustering & Unsupervised
vgAkx62M3oPn,72,medium,0,32443,Clustering & Unsupervised
vgAkx62M3oPn,73,easy,1,14447,Classification & Modeling
vgAkx62M3oPn,74,easy,1,10223,Misc / Tools
vgAkx62M3oPn,75,medium,1,30608,Classification & Modeling
vgAkx62M3oPn,76,easy,1,21009,Clustering & Unsupervised
vgAkx62M3oPn,77,medium,0,33283,Clustering & Unsupervised
vgAkx62M3oPn,78,medium,0,32443,Clustering & Unsupervised
vgAkx62M3oPn,79,easy,1,20789,Classification & Modeling
vgAkx62M3oPn,80,easy,1,14845,Clustering & Unsupervised
vgAkx62M3oPn,81,easy,1,19990,Clustering & Unsupervised
vgAkx62M3oPn,82,easy,1,15303,Clustering & Unsupervised
vgAkx62M3oPn,83,easy,1,16004,Clustering & Unsupervised
vgAkx62M3oPn,84,easy,0,20913,Clustering & Unsupervised
vgAkx62M3oPn,85,medium,0,32846,Clustering & Unsupervised
vgAkx62M3oPn,86,easy,1,14447,Clustering & Unsupervised
vgAkx62M3oPn,87,easy,1,15317,Clustering & Unsupervised
vgAkx62M3oPn,88,easy,1,14811,Clustering & Unsupervised
vgAkx62M3oPn,89,easy,1,19990,Misc / Tools
vgAkx62M3oPn,90,hard,1,28656,Classification & Modeling
KNvidOVZPDzA,61,easy,1,12552,Clustering & Unsupervised
KNvidOVZPDzA,62,easy,1,14892,Clustering & Unsupervised
KNvidOVZPDzA,63,easy,0,20235,Clustering & Unsupervised
KNvidOVZPDzA,64,easy,1,8835,Clustering & Unsupervised
KNvidOVZPDzA,65,easy,1,12552,Clustering & Unsupervised
KNvidOVZPDzA,66,easy,1,8835,Clustering & Unsupervised
KNvidOVZPDzA,67,medium,0,28386,Clustering & Unsupervised
KNvidOVZPDzA,68,easy,1,17152,Clustering & Unsupervised
KNvidOVZPDzA,69,easy,1,14584,Clustering & Unsupervised
KNvidOVZPDzA,70,easy,1,8835,Clustering & Unsupervised
KNvidOVZPDzA,71,easy,1,14974,Clustering & Unsupervised
KNvidOVZPDzA,72,medium,1,27645,Clustering & Unsupervised
KNvidOVZPDzA,73,easy,1,13443,Classification & Modeling
KNvidOVZPDzA,74,easy,1,8835,Misc / Tools
KNvidOVZPDzA,75,medium,1,29960,Classification & Modeling
KNvidOVZPDzA,76,easy,1,20999,Clustering & Unsupervised
KNvidOVZPDzA,77,medium,1,28004,Clustering & Unsupervised
KNvidOVZPDzA,78,medium,1,27645,Clustering & Unsupervised
KNvidOVZPDzA,79,easy,0,23359,Classification & Modeling
KNvidOVZPDzA,80,easy,1,13814,Clustering & Unsupervised
KNvidOVZPDzA,81,easy,1,19972,Clustering & Unsupervised
KNvidOVZPDzA,82,easy,1,15021,Clustering & Unsupervised
KNvidOVZPDzA,83,easy,0,17986,Clustering & Unsupervised
KNvidOVZPDzA,84,easy,1,14584,Clustering & Unsupervised
KNvidOVZPDzA,85,medium,0,29396,Clustering & Unsupervised
KNvidOVZPDzA,86,easy,1,13443,Clustering & Unsupervised
KNvidOVZPDzA,87,easy,0,19014,Clustering & Unsupervised
KNvidOVZPDzA,88,easy,1,14820,Clustering & Unsupervised
KNvidOVZPDzA,89,easy,1,19972,Misc / Tools
KNvidOVZPDzA,90,hard,0,28116,Classification & Modeling
VTLAbK1PHg7B,61,easy,1,14036,Clustering & Unsupervised
VTLAbK1PHg7B,62,easy,1,16106,Clustering & Unsupervised
VTLAbK1PHg7B,63,easy,1,18275,Clustering & Unsupervised
VTLAbK1PHg7B,64,easy,1,9844,Clustering & Unsupervised
VTLAbK1PHg7B,65,easy,1,14036,Clustering & Unsupervised
VTLAbK1PHg7B,66,easy,1,9844,Clustering & Unsupervised
VTLAbK1PHg7B,67,medium,0,28791,Clustering & Unsupervised
VTLAbK1PHg7B,68,easy,1,18275,Clustering & Unsupervised
VTLAbK1PHg7B,69,easy,1,15329,Clustering & Unsupervised
VTLAbK1PHg7B,70,easy,1,9844,Clustering & Unsupervised
VTLAbK1PHg7B,71,easy,1,15739,Clustering & Unsupervised
VTLAbK1PHg7B,72,medium,1,28564,Clustering & Unsupervised
VTLAbK1PHg7B,73,easy,1,14324,Classification & Modeling
VTLAbK1PHg7B,74,easy,1,9844,Misc / Tools
VTLAbK1PHg7B,75,medium,0,32427,Classification & Modeling
VTLAbK1PHg7B,76,easy,1,21696,Clustering & Unsupervised
VTLAbK1PHg7B,77,medium,0,30328,Clustering & Unsupervised
VTLAbK1PHg7B,78,medium,0,29450,Clustering & Unsupervised
VTLAbK1PHg7B,79,easy,1,21469,Classification & Modeling
VTLAbK1PHg7B,80,easy,0,17045,Clustering & Unsupervised
VTLAbK1PHg7B,81,easy,0,22447,Clustering & Unsupervised
VTLAbK1PHg7B,82,easy,0,20009,Clustering & Unsupervised
VTLAbK1PHg7B,83,easy,1,16106,Clustering & Unsupervised
VTLAbK1PHg7B,84,easy,1,15329,Clustering & Unsupervised
VTLAbK1PHg7B,85,medium,1,28938,Clustering & Unsupervised
VTLAbK1PHg7B,86,easy,1,14324,Clustering & Unsupervised
VTLAbK1PHg7B,87,easy,1,15739,Clustering & Unsupervised
VTLAbK1PHg7B,88,easy,1,15577,Clustering & Unsupervised
VTLAbK1PHg7B,89,easy,1,20992,Misc / Tools
VTLAbK1PHg7B,90,hard,0,28517,Classification & Modeling
7VpB1pGsv71N,61,easy,1,9940,Clustering & Unsupervised
7VpB1pGsv71N,62,easy,1,14048,Clustering & Unsupervised
7VpB1pGsv71N,63,easy,1,14853,Clustering & Unsupervised
7VpB1pGsv71N,64,easy,1,7078,Clustering & Unsupervised
7VpB1pGsv71N,65,easy,1,9940,Clustering & Unsupervised
7VpB1pGsv71N,66,easy,1,7078,Clustering & Unsupervised
7VpB1pGsv71N,67,medium,1,23265,Clustering & Unsupervised
7VpB1pGsv71N,68,easy,1,14853,Clustering & Unsupervised
7VpB1pGsv71N,69,easy,0,13964,Clustering & Unsupervised
7VpB1pGsv71N,70,easy,1,7078,Clustering & Unsupervised
7VpB1pGsv71N,71,easy,0,14047,Clustering & Unsupervised
7VpB1pGsv71N,72,medium,1,23328,Clustering & Unsupervised
7VpB1pGsv71N,73,easy,1,11694,Classification & Modeling
7VpB1pGsv71N,74,easy,1,7078,Misc / Tools
7VpB1pGsv71N,75,medium,1,25959,Classification & Modeling
7VpB1pGsv71N,76,easy,1,18579,Clustering & Unsupervised
7VpB1pGsv71N,77,medium,1,23752,Clustering & Unsupervised
7VpB1pGsv71N,78,medium,0,20982,Clustering & Unsupervised
7VpB1pGsv71N,79,easy,1,17702,Classification & Modeling
7VpB1pGsv71N,80,easy,1,11971,Clustering & Unsupervised
7VpB1pGsv71N,81,easy,0,15852,Clustering & Unsupervised
7VpB1pGsv71N,82,easy,1,12648,Clustering & Unsupervised
7VpB1pGsv71N,83,easy,0,15882,Clustering & Unsupervised
7VpB1pGsv71N,84,easy,0,13964,Clustering & Unsupervised
7VpB1pGsv71N,85,medium,0,21254,Clustering & Unsupervised
7VpB1pGsv71N,86,easy,1,11694,Clustering & Unsupervised
7VpB1pGsv71N,87,easy,1,12608,Clustering & Unsupervised
7VpB1pGsv71N,88,easy,0,14190,Clustering & Unsupervised
7VpB1pGsv71N,89,easy,0,15852,Misc / Tools
7VpB1pGsv71N,90,hard,0,20363,Classification & Modeling
1tnkUsBnGX2u,61,easy,1,14818,Clustering & Unsupervised
1tnkUsBnGX2u,62,easy,1,16368,Clustering & Unsupervised
1tnkUsBnGX2u,63,easy,1,18851,Clustering & Unsupervised
1tnkUsBnGX2u,64,easy,1,10498,Clustering & Unsupervised
1tnkUsBnGX2u,65,easy,1,14818,Clustering & Unsupervised
1tnkUsBnGX2u,66,easy,1,10498,Clustering & Unsupervised
1tnkUsBnGX2u,67,medium,1,31041,Clustering & Unsupervised
1tnkUsBnGX2u,68,easy,1,18851,Clustering & Unsupervised
1tnkUsBnGX2u,69,easy,0,22064,Clustering & Unsupervised
1tnkUsBnGX2u,70,easy,1,10498,Clustering & Unsupervised
1tnkUsBnGX2u,71,easy,1,15925,Clustering & Unsupervised
1tnkUsBnGX2u,72,medium,1,31434,Clustering & Unsupervised
1tnkUsBnGX2u,73,easy,1,14775,Classification & Modeling
1tnkUsBnGX2u,74,easy,1,10498,Misc / Tools
1tnkUsBnGX2u,75,medium,1,34066,Classification & Modeling
1tnkUsBnGX2u,76,easy,0,29254,Clustering & Unsupervised
1tnkUsBnGX2u,77,medium,1,33543,Clustering & Unsupervised
1tnkUsBnGX2u,78,medium,1,31434,Clustering & Unsupervised
1tnkUsBnGX2u,79,easy,1,24044,Classification & Modeling
1tnkUsBnGX2u,80,easy,1,15182,Clustering & Unsupervised
1tnkUsBnGX2u,81,easy,1,20940,Clustering & Unsupervised
1tnkUsBnGX2u,82,easy,1,15911,Clustering & Unsupervised
1tnkUsBnGX2u,83,easy,1,16368,Clustering & Unsupervised
1tnkUsBnGX2u,84,easy,1,15725,Clustering & Unsupervised
1tnkUsBnGX2u,85,medium,0,37096,Clustering & Unsupervised
1tnkUsBnGX2u,86,easy,1,14775,Clustering & Unsupervised
1tnkUsBnGX2u,87,easy,1,15925,Clustering & Unsupervised
1tnkUsBnGX2u,88,easy,1,15186,Clustering & Unsupervised
1tnkUsBnGX2u,89,easy,1,20940,Misc / Tools
1tnkUsBnGX2u,90,hard,1,31397,Classification & Modeling
bUBpyoQOQ4Ov,61,easy,1,14378,Clustering & Unsupervised
bUBpyoQOQ4Ov,62,easy,1,15772,Clustering & Unsupervised
bUBpyoQOQ4Ov,63,easy,1,18165,Clustering & Unsupervised
bUBpyoQOQ4Ov,64,easy,1,10075,Clustering & Unsupervised
bUBpyoQOQ4Ov,65,easy,1,14378,Clustering & Unsupervised
bUBpyoQOQ4Ov,66,easy,1,10075,Clustering & Unsupervised
bUBpyoQOQ4Ov,67,medium,1,25347,Clustering & Unsupervised
bUBpyoQOQ4Ov,68,easy,0,23695,Clustering & Unsupervised
bUBpyoQOQ4Ov,69,easy,0,19965,Clustering & Unsupervised
bUBpyoQOQ4Ov,70,easy,1,10075,Clustering & Unsupervised
bUBpyoQOQ4Ov,71,easy,1,15041,Clustering & Unsupervised
bUBpyoQOQ4Ov,72,medium,1,25668,Clustering & Unsupervised
bUBpyoQOQ4Ov,73,easy,1,14237,Classification & Modeling
bUBpyoQOQ4Ov,74,easy,1,10075,Misc / Tools
bUBpyoQOQ4Ov,75,medium,1,27817,Classification & Modeling
bUBpyoQOQ4Ov,76,easy,0,23063,Clustering & Unsupervised
bUBpyoQOQ4Ov,77,medium,1,26160,Clustering & Unsupervised
bUBpyoQOQ4Ov,78,medium,1,25668,Clustering & Unsupervised
bUBpyoQOQ4Ov,79,easy,1,19903,Classification & Modeling
bUBpyoQOQ4Ov,80,easy,1,14629,Clustering & Unsupervised
bUBpyoQOQ4Ov,81,easy,1,19440,Clustering & Unsupervised
bUBpyoQOQ4Ov,82,easy,1,15027,Clustering & Unsupervised
bUBpyoQOQ4Ov,83,easy,1,15772,Clustering & Unsupervised
bUBpyoQOQ4Ov,84,easy,1,14941,Clustering & Unsupervised
bUBpyoQOQ4Ov,85,medium,0,27293,Clustering & Unsupervised
bUBpyoQOQ4Ov,86,easy,1,14237,Clustering & Unsupervised
bUBpyoQOQ4Ov,87,easy,1,15041,Clustering & Unsupervised
bUBpyoQOQ4Ov,88,easy,1,15183,Clustering & Unsupervised
bUBpyoQOQ4Ov,89,easy,1,19440,Misc / Tools
bUBpyoQOQ4Ov,90,hard,1,25845,Classification & Modeling
CprL2LITeTET,61,easy,1,22001,Clustering & Unsupervised
CprL2LITeTET,62,easy,1,24049,Clustering & Unsupervised
CprL2LITeTET,63,easy,1,27697,Clustering & Unsupervised
CprL2LITeTET,64,easy,1,15587,Clustering & Unsupervised
CprL2LITeTET,65,easy,1,22001,Clustering & Unsupervised
CprL2LITeTET,66,easy,1,15587,Clustering & Unsupervised
CprL2LITeTET,67,medium,0,40730,Clustering & Unsupervised
CprL2LITeTET,68,easy,1,27697,Clustering & Unsupervised
CprL2LITeTET,69,easy,1,22825,Clustering & Unsupervised
CprL2LITeTET,70,easy,1,15587,Clustering & Unsupervised
CprL2LITeTET,71,easy,1,23115,Clustering & Unsupervised
CprL2LITeTET,72,medium,0,41662,Clustering & Unsupervised
CprL2LITeTET,73,easy,1,21709,Classification & Modeling
CprL2LITeTET,74,easy,1,15587,Misc / Tools
CprL2LITeTET,75,medium,1,42736,Classification & Modeling
CprL2LITeTET,76,easy,0,33044,Clustering & Unsupervised
CprL2LITeTET,77,medium,1,40191,Clustering & Unsupervised
CprL2LITeTET,78,medium,0,41662,Clustering & Unsupervised
CprL2LITeTET,79,easy,1,29965,Classification & Modeling
CprL2LITeTET,80,easy,1,22307,Clustering & Unsupervised
CprL2LITeTET,81,easy,1,30394,Clustering & Unsupervised
CprL2LITeTET,82,easy,1,23342,Clustering & Unsupervised
CprL2LITeTET,83,easy,1,24049,Clustering & Unsupervised
CprL2LITeTET,84,easy,1,22825,Clustering & Unsupervised
CprL2LITeTET,85,medium,1,39951,Clustering & Unsupervised
CprL2LITeTET,86,easy,1,21709,Clustering & Unsupervised
CprL2LITeTET,87,easy,1,23115,Clustering & Unsupervised
CprL2LITeTET,88,easy,1,22313,Clustering & Unsupervised
CprL2LITeTET,89,easy,1,30394,Misc / Tools
CprL2LITeTET,90,hard,0,37131,Classification & Modeling
oF1pjrJTOBWB,61,easy,1,12592,Clustering & Unsupervised
oF1pjrJTOBWB,62,easy,1,14939,Clustering & Unsupervised
oF1pjrJTOBWB,63,easy,1,17206,Clustering & Unsupervised
oF1pjrJTOBWB,64,easy,1,8863,Clustering & Unsupervised
oF1pjrJTOBWB,65,easy,1,12592,Clustering & Unsupervised
oF1pjrJTOBWB,66,easy,1,8863,Clustering & Unsupervised
oF1pjrJTOBWB,67,medium,0,28476,Clustering & Unsupervised
oF1pjrJTOBWB,68,easy,1,17206,Clustering & Unsupervised
oF1pjrJTOBWB,69,easy,1,14630,Clustering & Unsupervised
oF1pjrJTOBWB,70,easy,1,8863,Clustering & Unsupervised
oF1pjrJTOBWB,71,easy,1,15021,Clustering & Unsupervised
oF1pjrJTOBWB,72,medium,0,29127,Clustering & Unsupervised
oF1pjrJTOBWB,73,easy,1,13486,Classification & Modeling
oF1pjrJTOBWB,74,easy,1,8863,Misc / Tools
oF1pjrJTOBWB,75,medium,0,31545,Classification & Modeling
oF1pjrJTOBWB,76,easy,1,21065,Clustering & Unsupervised
oF1pjrJTOBWB,77,medium,1,28374,Clustering & Unsupervised
oF1pjrJTOBWB,78,medium,0,29127,Clustering & Unsupervised
oF1pjrJTOBWB,79,easy,1,20845,Classification & Modeling
oF1pjrJTOBWB,80,easy,1,13857,Clustering & Unsupervised
oF1pjrJTOBWB,81,easy,1,20035,Clustering & Unsupervised
oF1pjrJTOBWB,82,easy,1,15190,Clustering & Unsupervised
oF1pjrJTOBWB,83,easy,1,14939,Clustering & Unsupervised
oF1pjrJTOBWB,84,easy,0,17681,Clustering & Unsupervised
oF1pjrJTOBWB,85,medium,0,29489,Clustering & Unsupervised
oF1pjrJTOBWB,86,easy,1,13486,Clustering & Unsupervised
oF1pjrJTOBWB,87,easy,1,15021,Clustering & Unsupervised
oF1pjrJTOBWB,88,easy,1,14867,Clustering & Unsupervised
oF1pjrJTOBWB,89,easy,1,20035,Misc / Tools
oF1pjrJTOBWB,90,hard,0,28205,Classification & Modeling
VqXqgB6ructd,61,easy,1,15659,Clustering & Unsupervised
VqXqgB6ructd,62,easy,1,17117,Clustering & Unsupervised
VqXqgB6ructd,63,easy,1,19714,Clustering & Unsupervised
VqXqgB6ructd,64,easy,1,11094,Clustering & Unsupervised
VqXqgB6ructd,65,easy,1,15659,Clustering & Unsupervised
VqXqgB6ructd,66,easy,1,11094,Clustering & Unsupervised
VqXqgB6ructd,67,medium,1,30495,Clustering & Unsupervised
VqXqgB6ructd,68,easy,1,19714,Clustering & Unsupervised
VqXqgB6ructd,69,easy,1,16245,Clustering & Unsupervised
VqXqgB6ructd,70,easy,1,11094,Clustering & Unsupervised
VqXqgB6ructd,71,easy,0,22606,Clustering & Unsupervised
VqXqgB6ructd,72,medium,0,35341,Clustering & Unsupervised
VqXqgB6ructd,73,easy,1,15451,Classification & Modeling
VqXqgB6ructd,74,easy,1,11094,Misc / Tools
VqXqgB6ructd,75,medium,0,38274,Classification & Modeling
VqXqgB6ructd,76,easy,1,22799,Clustering & Unsupervised
VqXqgB6ructd,77,medium,1,31474,Clustering & Unsupervised
VqXqgB6ructd,78,medium,0,35341,Clustering & Unsupervised
VqXqgB6ructd,79,easy,1,22560,Classification & Modeling
VqXqgB6ructd,80,easy,1,15877,Clustering & Unsupervised
VqXqgB6ructd,81,easy,1,21633,Clustering & Unsupervised
VqXqgB6ructd,82,easy,1,16613,Clustering & Unsupervised
VqXqgB6ructd,83,easy,1,17117,Clustering & Unsupervised
VqXqgB6ructd,84,easy,1,16245,Clustering & Unsupervised
VqXqgB6ructd,85,medium,1,31285,Clustering & Unsupervised
VqXqgB6ructd,86,easy,1,15451,Clustering & Unsupervised
VqXqgB6ructd,87,easy,1,16452,Clustering & Unsupervised
VqXqgB6ructd,88,easy,1,15881,Clustering & Unsupervised
VqXqgB6ructd,89,easy,1,21633,Misc / Tools
VqXqgB6ructd,90,hard,0,31137,Classification & Modeling
Lo0o6MK08TyI,61,easy,1,14590,Clustering & Unsupervised
Lo0o6MK08TyI,62,easy,1,16004,Clustering & Unsupervised
Lo0o6MK08TyI,63,easy,1,18432,Clustering & Unsupervised
Lo0o6MK08TyI,64,easy,1,10223,Clustering & Unsupervised
Lo0o6MK08TyI,65,easy,1,14590,Clustering & Unsupervised
Lo0o6MK08TyI,66,easy,1,10223,Clustering & Unsupervised
Lo0o6MK08TyI,67,medium,1,27890,Clustering & Unsupervised
Lo0o6MK08TyI,68,easy,1,18432,Clustering & Unsupervised
Lo0o6MK08TyI,69,easy,1,15124,Clustering & Unsupervised
Lo0o6MK08TyI,70,easy,1,10223,Clustering & Unsupervised
Lo0o6MK08TyI,71,easy,1,15317,Clustering & Unsupervised
Lo0o6MK08TyI,72,medium,0,32443,Clustering & Unsupervised
Lo0o6MK08TyI,73,easy,1,14447,Classification & Modeling
Lo0o6MK08TyI,74,easy,1,10223,Misc / Tools
Lo0o6MK08TyI,75,medium,1,30608,Classification & Modeling
Lo0o6MK08TyI,76,easy,0,24927,Clustering & Unsupervised
Lo0o6MK08TyI,77,medium,1,28785,Clustering & Unsupervised
Lo0o6MK08TyI,78,medium,1,28243,Clustering & Unsupervised
Lo0o6MK08TyI,79,easy,1,20789,Classification & Modeling
Lo0o6MK08TyI,80,easy,1,14845,Clustering & Unsupervised
Lo0o6MK08TyI,81,easy,1,19990,Clustering & Unsupervised
Lo0o6MK08TyI,82,easy,0,21287,Clustering & Unsupervised
Lo0o6MK08TyI,83,easy,1,16004,Clustering & Unsupervised
Lo0o6MK08TyI,84,easy,1,15124,Clustering & Unsupervised
Lo0o6MK08TyI,85,medium,0,32846,Clustering & Unsupervised
Lo0o6MK08TyI,86,easy,1,14447,Clustering & Unsupervised
Lo0o6MK08TyI,87,easy,1,15317,Clustering & Unsupervised
Lo0o6MK08TyI,88,easy,1,14811,Clustering & Unsupervised
Lo0o6MK08TyI,89,easy,1,19990,Misc / Tools
Lo0o6MK08TyI,90,hard,1,28656,Classification & Modeling
Ui0yLwC2YxnT,61,easy,1,10621,Clustering & Unsupervised
Ui0yLwC2YxnT,62,easy,1,12642,Clustering & Unsupervised
Ui0yLwC2YxnT,63,easy,1,14560,Clustering & Unsupervised
Ui0yLwC2YxnT,64,easy,1,7500,Clustering & Unsupervised
Ui0yLwC2YxnT,65,easy,1,10621,Clustering & Unsupervised
Ui0yLwC2YxnT,66,easy,1,7500,Clustering & Unsupervised
Ui0yLwC2YxnT,67,medium,0,22931,Clustering & Unsupervised
Ui0yLwC2YxnT,68,easy,1,14560,Clustering & Unsupervised
Ui0yLwC2YxnT,69,easy,1,12453,Clustering & Unsupervised
Ui0yLwC2YxnT,70,easy,1,7500,Clustering & Unsupervised
Ui0yLwC2YxnT,71,easy,1,12786,Clustering & Unsupervised
Ui0yLwC2YxnT,72,medium,1,22332,Clustering & Unsupervised
Ui0yLwC2YxnT,73,easy,1,11412,Classification & Modeling
Ui0yLwC2YxnT,74,easy,1,7500,Misc / Tools
Ui0yLwC2YxnT,75,medium,1,24202,Classification & Modeling
Ui0yLwC2YxnT,76,easy,1,17867,Clustering & Unsupervised
Ui0yLwC2YxnT,77,medium,1,22622,Clustering & Unsupervised
Ui0yLwC2YxnT,78,medium,1,22332,Clustering & Unsupervised
Ui0yLwC2YxnT,79,easy,1,17680,Classification & Modeling
Ui0yLwC2YxnT,80,easy,1,11726,Clustering & Unsupervised
Ui0yLwC2YxnT,81,easy,1,17054,Clustering & Unsupervised
Ui0yLwC2YxnT,82,easy,1,12826,Clustering & Unsupervised
Ui0yLwC2YxnT,83,easy,1,12642,Clustering & Unsupervised
Ui0yLwC2YxnT,84,easy,1,12453,Clustering & Unsupervised
Ui0yLwC2YxnT,85,medium,1,22625,Clustering & Unsupervised
Ui0yLwC2YxnT,86,easy,1,11412,Clustering & Unsupervised
Ui0yLwC2YxnT,87,easy,1,12786,Clustering & Unsupervised
Ui0yLwC2YxnT,88,easy,1,12655,Clustering & Unsupervised
Ui0yLwC2YxnT,89,easy,1,17054,Misc / Tools
Ui0yLwC2YxnT,90,hard,0,22712,Classification & Modeling
WNh0afD7QG4d,61,easy,1,12670,Clustering & Unsupervised
WNh0afD7QG4d,62,easy,1,13070,Clustering & Unsupervised
WNh0afD7QG4d,63,easy,1,15053,Clustering & Unsupervised
WNh0afD7QG4d,64,easy,1,8349,Clustering & Unsupervised
WNh0afD7QG4d,65,easy,1,12670,Clustering & Unsupervised
WNh0afD7QG4d,66,easy,1,8349,Clustering & Unsupervised
WNh0afD7QG4d,67,medium,1,24207,Clustering & Unsupervised
WNh0afD7QG4d,68,easy,1,15053,Clustering & Unsupervised
WNh0afD7QG4d,69,easy,1,12381,Clustering & Unsupervised
WNh0afD7QG4d,70,easy,1,8349,Clustering & Unsupervised
WNh0afD7QG4d,71,easy,1,12539,Clustering & Unsupervised
WNh0afD7QG4d,72,medium,1,21214,Clustering & Unsupervised
WNh0afD7QG4d,73,easy,1,11798,Classification & Modeling
WNh0afD7QG4d,74,easy,1,8349,Misc / Tools
WNh0afD7QG4d,75,medium,0,26266,Classification & Modeling
WNh0afD7QG4d,76,easy,1,16802,Clustering & Unsupervised
WNh0afD7QG4d,77,medium,1,21621,Clustering & Unsupervised
WNh0afD7QG4d,78,medium,1,21214,Clustering & Unsupervised
WNh0afD7QG4d,79,easy,1,16626,Classification & Modeling
WNh0afD7QG4d,80,easy,1,12123,Clustering & Unsupervised
WNh0afD7QG4d,81,easy,1,16364,Clustering & Unsupervised
WNh0afD7QG4d,82,easy,1,12527,Clustering & Unsupervised
WNh0afD7QG4d,83,easy,1,13070,Clustering & Unsupervised
WNh0afD7QG4d,84,easy,1,12381,Clustering & Unsupervised
WNh0afD7QG4d,85,medium,0,22557,Clustering & Unsupervised
WNh0afD7QG4d,86,easy,1,11798,Clustering & Unsupervised
WNh0afD7QG4d,87,easy,1,12539,Clustering & Unsupervised
WNh0afD7QG4d,88,easy,1,12582,Clustering & Unsupervised
WNh0afD7QG4d,89,easy,1,16364,Misc / Tools
WNh0afD7QG4d,90,hard,1,22280,Classification & Modeling
nojDz9QSjRLy,61,easy,1,12592,Clustering & Unsupervised
nojDz9QSjRLy,62,easy,1,14939,Clustering & Unsupervised
nojDz9QSjRLy,63,easy,1,17206,Clustering & Unsupervised
nojDz9QSjRLy,64,easy,1,8863,Clustering & Unsupervised
nojDz9QSjRLy,65,easy,1,12592,Clustering & Unsupervised
nojDz9QSjRLy,66,easy,1,8863,Clustering & Unsupervised
nojDz9QSjRLy,67,medium,0,28476,Clustering & Unsupervised
nojDz9QSjRLy,68,easy,1,17206,Clustering & Unsupervised
nojDz9QSjRLy,69,easy,1,14630,Clustering & Unsupervised
nojDz9QSjRLy,70,easy,1,8863,Clustering & Unsupervised
nojDz9QSjRLy,71,easy,1,15021,Clustering & Unsupervised
nojDz9QSjRLy,72,medium,0,29127,Clustering & Unsupervised
nojDz9QSjRLy,73,easy,0,15910,Classification & Modeling
nojDz9QSjRLy,74,easy,1,8863,Misc / Tools
nojDz9QSjRLy,75,medium,0,31545,Classification & Modeling
nojDz9QSjRLy,76,easy,0,23721,Clustering & Unsupervised
nojDz9QSjRLy,77,medium,1,28374,Clustering & Unsupervised
nojDz9QSjRLy,78,medium,1,27733,Clustering & Unsupervised
nojDz9QSjRLy,79,easy,1,20845,Classification & Modeling
nojDz9QSjRLy,80,easy,1,13857,Clustering & Unsupervised
nojDz9QSjRLy,81,easy,1,20035,Clustering & Unsupervised
nojDz9QSjRLy,82,easy,1,15190,Clustering & Unsupervised
nojDz9QSjRLy,83,easy,1,14939,Clustering & Unsupervised
nojDz9QSjRLy,84,easy,1,14630,Clustering & Unsupervised
nojDz9QSjRLy,85,medium,0,29489,Clustering & Unsupervised
nojDz9QSjRLy,86,easy,1,13486,Clustering & Unsupervised
nojDz9QSjRLy,87,easy,0,19074,Clustering & Unsupervised
nojDz9QSjRLy,88,easy,1,14867,Clustering & Unsupervised
nojDz9QSjRLy,89,easy,0,21825,Misc / Tools
nojDz9QSjRLy,90,hard,1,27924,Classification & Modeling
bWRj9XHmvXaq,61,easy,1,11875,Clustering & Unsupervised
bWRj9XHmvXaq,62,easy,1,14134,Clustering & Unsupervised
bWRj9XHmvXaq,63,easy,1,16278,Clustering & Unsupervised
bWRj9XHmvXaq,64,easy,1,8385,Clustering & Unsupervised
bWRj9XHmvXaq,65,easy,1,11875,Clustering & Unsupervised
bWRj9XHmvXaq,66,easy,1,8385,Clustering & Unsupervised
bWRj9XHmvXaq,67,medium,1,24908,Clustering & Unsupervised
bWRj9XHmvXaq,68,easy,1,16278,Clustering & Unsupervised
bWRj9XHmvXaq,69,easy,1,13841,Clustering & Unsupervised
bWRj9XHmvXaq,70,easy,1,8385,Clustering & Unsupervised
bWRj9XHmvXaq,71,easy,1,14212,Clustering & Unsupervised
bWRj9XHmvXaq,72,medium,0,26492,Clustering & Unsupervised
bWRj9XHmvXaq,73,easy,1,12759,Classification & Modeling
bWRj9XHmvXaq,74,easy,1,8385,Misc / Tools
bWRj9XHmvXaq,75,medium,0,28691,Classification & Modeling
bWRj9XHmvXaq,76,easy,0,22664,Clustering & Unsupervised
bWRj9XHmvXaq,77,medium,0,27012,Clustering & Unsupervised
bWRj9XHmvXaq,78,medium,0,26492,Clustering & Unsupervised
bWRj9XHmvXaq,79,easy,1,19559,Classification & Modeling
bWRj9XHmvXaq,80,easy,1,13110,Clustering & Unsupervised
bWRj9XHmvXaq,81,easy,1,18955,Clustering & Unsupervised
bWRj9XHmvXaq,82,easy,1,14256,Clustering & Unsupervised
bWRj9XHmvXaq,83,easy,1,14134,Clustering & Unsupervised
bWRj9XHmvXaq,84,easy,1,13841,Clustering & Unsupervised
bWRj9XHmvXaq,85,medium,1,25554,Clustering & Unsupervised
bWRj9XHmvXaq,86,easy,1,12759,Clustering & Unsupervised
bWRj9XHmvXaq,87,easy,1,14212,Clustering & Unsupervised
bWRj9XHmvXaq,88,easy,0,17252,Clustering & Unsupervised
bWRj9XHmvXaq,89,easy,1,18955,Misc / Tools
bWRj9XHmvXaq,90,hard,1,25397,Classification & Modeling
xOKhxIy4WoKi,61,easy,1,15061,Clustering & Unsupervised
xOKhxIy4WoKi,62,easy,1,16463,Clustering & Unsupervised
xOKhxIy4WoKi,63,easy,1,18961,Clustering & Unsupervised
xOKhxIy4WoKi,64,easy,1,10670,Clustering & Unsupervised
xOKhxIy4WoKi,65,easy,1,15061,Clustering & Unsupervised
xOKhxIy4WoKi,66,easy,1,10670,Clustering & Unsupervised
xOKhxIy4WoKi,67,medium,1,29330,Clustering & Unsupervised
xOKhxIy4WoKi,68,easy,1,18961,Clustering & Unsupervised
xOKhxIy4WoKi,69,easy,1,15625,Clustering & Unsupervised
xOKhxIy4WoKi,70,easy,1,10670,Clustering & Unsupervised
xOKhxIy4WoKi,71,easy,1,15824,Clustering & Unsupervised
xOKhxIy4WoKi,72,medium,0,34621,Clustering & Unsupervised
xOKhxIy4WoKi,73,easy,1,14861,Classification & Modeling
xOKhxIy4WoKi,74,easy,1,10670,Misc / Tools
xOKhxIy4WoKi,75,medium,0,37494,Classification & Modeling
xOKhxIy4WoKi,76,easy,1,21928,Clustering & Unsupervised
xOKhxIy4WoKi,77,medium,1,30272,Clustering & Unsupervised
xOKhxIy4WoKi,78,medium,1,29702,Clustering & Unsupervised
xOKhxIy4WoKi,79,easy,0,26080,Classification & Modeling
xOKhxIy4WoKi,80,easy,1,15271,Clustering & Unsupervised
xOKhxIy4WoKi,81,easy,1,20807,Clustering & Unsupervised
xOKhxIy4WoKi,82,easy,1,15809,Clustering & Unsupervised
xOKhxIy4WoKi,83,easy,0,23029,Clustering & Unsupervised
xOKhxIy4WoKi,84,easy,1,15625,Clustering & Unsupervised
xOKhxIy4WoKi,85,medium,0,35051,Clustering & Unsupervised
xOKhxIy4WoKi,86,easy,1,14861,Clustering & Unsupervised
xOKhxIy4WoKi,87,easy,1,15824,Clustering & Unsupervised
xOKhxIy4WoKi,88,easy,1,15274,Clustering & Unsupervised
xOKhxIy4WoKi,89,easy,1,20807,Misc / Tools
xOKhxIy4WoKi,90,hard,0,30503,Classification & Modeling
7VLP2mvnxjRS,61,easy,1,13036,Clustering & Unsupervised
7VLP2mvnxjRS,62,easy,1,14857,Clustering & Unsupervised
7VLP2mvnxjRS,63,easy,1,17111,Clustering & Unsupervised
7VLP2mvnxjRS,64,easy,1,9328,Clustering & Unsupervised
7VLP2mvnxjRS,65,easy,1,13036,Clustering & Unsupervised
7VLP2mvnxjRS,66,easy,1,9328,Clustering & Unsupervised
7VLP2mvnxjRS,67,medium,1,25376,Clustering & Unsupervised
7VLP2mvnxjRS,68,easy,0,22365,Clustering & Unsupervised
7VLP2mvnxjRS,69,easy,1,14307,Clustering & Unsupervised
7VLP2mvnxjRS,70,easy,1,9328,Clustering & Unsupervised
7VLP2mvnxjRS,71,easy,1,14578,Clustering & Unsupervised
7VLP2mvnxjRS,72,medium,1,25698,Clustering & Unsupervised
7VLP2mvnxjRS,73,easy,1,13412,Classification & Modeling
7VLP2mvnxjRS,74,easy,1,9328,Misc / Tools
7VLP2mvnxjRS,75,medium,0,29230,Classification & Modeling
7VLP2mvnxjRS,76,easy,0,23090,Clustering & Unsupervised
7VLP2mvnxjRS,77,medium,1,26191,Clustering & Unsupervised
7VLP2mvnxjRS,78,medium,0,26990,Clustering & Unsupervised
7VLP2mvnxjRS,79,easy,1,19926,Classification & Modeling
7VLP2mvnxjRS,80,easy,1,13781,Clustering & Unsupervised
7VLP2mvnxjRS,81,easy,1,19311,Clustering & Unsupervised
7VLP2mvnxjRS,82,easy,1,14623,Clustering & Unsupervised
7VLP2mvnxjRS,83,easy,1,14857,Clustering & Unsupervised
7VLP2mvnxjRS,84,easy,0,19156,Clustering & Unsupervised
7VLP2mvnxjRS,85,medium,1,26034,Clustering & Unsupervised
7VLP2mvnxjRS,86,easy,0,17530,Clustering & Unsupervised
7VLP2mvnxjRS,87,easy,1,14578,Clustering & Unsupervised
7VLP2mvnxjRS,88,easy,0,19467,Clustering & Unsupervised
7VLP2mvnxjRS,89,easy,1,19311,Misc / Tools
7VLP2mvnxjRS,90,hard,1,25875,Classification & Modeling
BhvtwuIg7wvF,61,easy,1,12670,Clustering & Unsupervised
BhvtwuIg7wvF,62,easy,1,13070,Clustering & Unsupervised
BhvtwuIg7wvF,63,easy,1,15053,Clustering & Unsupervised
BhvtwuIg7wvF,64,easy,1,8349,Clustering & Unsupervised
BhvtwuIg7wvF,65,easy,1,12670,Clustering & Unsupervised
BhvtwuIg7wvF,66,easy,1,8349,Clustering & Unsupervised
BhvtwuIg7wvF,67,medium,0,25170,Clustering & Unsupervised
BhvtwuIg7wvF,68,easy,1,15053,Clustering & Unsupervised
BhvtwuIg7wvF,69,easy,1,12381,Clustering & Unsupervised
BhvtwuIg7wvF,70,easy,1,8349,Clustering & Unsupervised
BhvtwuIg7wvF,71,easy,1,12539,Clustering & Unsupervised
BhvtwuIg7wvF,72,medium,1,21214,Clustering & Unsupervised
BhvtwuIg7wvF,73,easy,1,11798,Classification & Modeling
BhvtwuIg7wvF,74,easy,1,8349,Misc / Tools
BhvtwuIg7wvF,75,medium,1,25026,Classification & Modeling
BhvtwuIg7wvF,76,easy,1,16802,Clustering & Unsupervised
BhvtwuIg7wvF,77,medium,0,22857,Clustering & Unsupervised
BhvtwuIg7wvF,78,medium,1,21214,Clustering & Unsupervised
BhvtwuIg7wvF,79,easy,1,16626,Classification & Modeling
BhvtwuIg7wvF,80,easy,1,12123,Clustering & Unsupervised
BhvtwuIg7wvF,81,easy,1,16364,Clustering & Unsupervised
BhvtwuIg7wvF,82,easy,1,12527,Clustering & Unsupervised
BhvtwuIg7wvF,83,easy,1,13070,Clustering & Unsupervised
BhvtwuIg7wvF,84,easy,1,12381,Clustering & Unsupervised
BhvtwuIg7wvF,85,medium,1,21492,Clustering & Unsupervised
BhvtwuIg7wvF,86,easy,1,11798,Clustering & Unsupervised
BhvtwuIg7wvF,87,easy,1,12539,Clustering & Unsupervised
BhvtwuIg7wvF,88,easy,1,12582,Clustering & Unsupervised
BhvtwuIg7wvF,89,easy,1,16364,Misc / Tools
BhvtwuIg7wvF,90,hard,0,22504,Classification & Modeling
RM55e8d3Jbjm,61,easy,1,11875,Clustering & Unsupervised
RM55e8d3Jbjm,62,easy,0,17325,Clustering & Unsupervised
RM55e8d3Jbjm,63,easy,1,16278,Clustering & Unsupervised
RM55e8d3Jbjm,64,easy,1,8385,Clustering & Unsupervised
RM55e8d3Jbjm,65,easy,1,11875,Clustering & Unsupervised
RM55e8d3Jbjm,66,easy,1,8385,Clustering & Unsupervised
RM55e8d3Jbjm,67,medium,0,25899,Clustering & Unsupervised
RM55e8d3Jbjm,68,easy,1,16278,Clustering & Unsupervised
RM55e8d3Jbjm,69,easy,1,13841,Clustering & Unsupervised
RM55e8d3Jbjm,70,easy,1,8385,Clustering & Unsupervised
RM55e8d3Jbjm,71,easy,1,14212,Clustering & Unsupervised
RM55e8d3Jbjm,72,medium,1,25224,Clustering & Unsupervised
RM55e8d3Jbjm,73,easy,1,12759,Classification & Modeling
RM55e8d3Jbjm,74,easy,1,8385,Misc / Tools
RM55e8d3Jbjm,75,medium,1,27335,Classification & Modeling
RM55e8d3Jbjm,76,easy,1,19766,Clustering & Unsupervised
RM55e8d3Jbjm,77,medium,0,27012,Clustering & Unsupervised
RM55e8d3Jbjm,78,medium,1,25224,Clustering & Unsupervised
RM55e8d3Jbjm,79,easy,1,19559,Classification & Modeling
RM55e8d3Jbjm,80,easy,1,13110,Clustering & Unsupervised
RM55e8d3Jbjm,81,easy,1,18955,Clustering & Unsupervised
RM55e8d3Jbjm,82,easy,1,14256,Clustering & Unsupervised
RM55e8d3Jbjm,83,easy,1,14134,Clustering & Unsupervised
RM55e8d3Jbjm,84,easy,1,13841,Clustering & Unsupervised
RM55e8d3Jbjm,85,medium,0,26821,Clustering & Unsupervised
RM55e8d3Jbjm,86,easy,1,12759,Clustering & Unsupervised
RM55e8d3Jbjm,87,easy,1,14212,Clustering & Unsupervised
RM55e8d3Jbjm,88,easy,1,14066,Clustering & Unsupervised
RM55e8d3Jbjm,89,easy,1,18955,Misc / Tools
RM55e8d3Jbjm,90,hard,0,25653,Classification & Modeling
r5xiR4T4onQf,61,easy,1,14332,Clustering & Unsupervised
r5xiR4T4onQf,62,easy,1,16900,Clustering & Unsupervised
r5xiR4T4onQf,63,easy,1,19464,Clustering & Unsupervised
r5xiR4T4onQf,64,easy,1,10088,Clustering & Unsupervised
r5xiR4T4onQf,65,easy,1,14332,Clustering & Unsupervised
r5xiR4T4onQf,66,easy,1,10088,Clustering & Unsupervised
r5xiR4T4onQf,67,medium,0,29228,Clustering & Unsupervised
r5xiR4T4onQf,68,easy,1,19464,Clustering & Unsupervised
r5xiR4T4onQf,69,easy,1,16550,Clustering & Unsupervised
r5xiR4T4onQf,70,easy,1,10088,Clustering & Unsupervised
r5xiR4T4onQf,71,easy,1,16993,Clustering & Unsupervised
r5xiR4T4onQf,72,medium,1,30674,Clustering & Unsupervised
r5xiR4T4onQf,73,easy,1,15256,Classification & Modeling
r5xiR4T4onQf,74,easy,1,10088,Misc / Tools
r5xiR4T4onQf,75,medium,1,33242,Classification & Modeling
r5xiR4T4onQf,76,easy,0,24348,Clustering & Unsupervised
r5xiR4T4onQf,77,medium,0,30789,Clustering & Unsupervised
r5xiR4T4onQf,78,medium,1,30674,Clustering & Unsupervised
r5xiR4T4onQf,79,easy,0,24052,Classification & Modeling
r5xiR4T4onQf,80,easy,1,15676,Clustering & Unsupervised
r5xiR4T4onQf,81,easy,1,22664,Clustering & Unsupervised
r5xiR4T4onQf,82,easy,1,17184,Clustering & Unsupervised
r5xiR4T4onQf,83,easy,1,16900,Clustering & Unsupervised
r5xiR4T4onQf,84,easy,0,18561,Clustering & Unsupervised
r5xiR4T4onQf,85,medium,0,30268,Clustering & Unsupervised
r5xiR4T4onQf,86,easy,1,15256,Clustering & Unsupervised
r5xiR4T4onQf,87,easy,1,16993,Clustering & Unsupervised
r5xiR4T4onQf,88,easy,1,16818,Clustering & Unsupervised
r5xiR4T4onQf,89,easy,1,22664,Misc / Tools
r5xiR4T4onQf,90,hard,1,30886,Classification & Modeling
2AQDG30NeIzY,61,easy,1,14428,Clustering & Unsupervised
2AQDG30NeIzY,62,easy,1,15768,Clustering & Unsupervised
2AQDG30NeIzY,63,easy,1,18160,Clustering & Unsupervised
2AQDG30NeIzY,64,easy,1,10220,Clustering & Unsupervised
2AQDG30NeIzY,65,easy,1,14428,Clustering & Unsupervised
2AQDG30NeIzY,66,easy,1,10220,Clustering & Unsupervised
2AQDG30NeIzY,67,medium,0,33032,Clustering & Unsupervised
2AQDG30NeIzY,68,easy,1,18160,Clustering & Unsupervised
2AQDG30NeIzY,69,easy,1,14799,Clustering & Unsupervised
2AQDG30NeIzY,70,easy,1,10220,Clustering & Unsupervised
2AQDG30NeIzY,71,easy,1,14987,Clustering & Unsupervised
2AQDG30NeIzY,72,medium,1,28173,Clustering & Unsupervised
2AQDG30NeIzY,73,easy,1,14234,Classification & Modeling
2AQDG30NeIzY,74,easy,1,10220,Misc / Tools
2AQDG30NeIzY,75,medium,1,30532,Classification & Modeling
2AQDG30NeIzY,76,easy,1,20615,Clustering & Unsupervised
2AQDG30NeIzY,77,medium,0,34220,Clustering & Unsupervised
2AQDG30NeIzY,78,medium,1,28173,Clustering & Unsupervised
2AQDG30NeIzY,79,easy,1,20399,Classification & Modeling
2AQDG30NeIzY,80,easy,1,14626,Clustering & Unsupervised
2AQDG30NeIzY,81,easy,1,19791,Clustering & Unsupervised
2AQDG30NeIzY,82,easy,1,15523,Clustering & Unsupervised
2AQDG30NeIzY,83,easy,1,15768,Clustering & Unsupervised
2AQDG30NeIzY,84,easy,1,14799,Clustering & Unsupervised
2AQDG30NeIzY,85,medium,1,28542,Clustering & Unsupervised
2AQDG30NeIzY,86,easy,0,19704,Clustering & Unsupervised
2AQDG30NeIzY,87,easy,1,14987,Clustering & Unsupervised
2AQDG30NeIzY,88,easy,1,14492,Clustering & Unsupervised
2AQDG30NeIzY,89,easy,1,19791,Misc / Tools
2AQDG30NeIzY,90,hard,0,33078,Classification & Modeling
sCNAQlTJzusQ,61,easy,1,11875,Clustering & Unsupervised
sCNAQlTJzusQ,62,easy,1,14134,Clustering & Unsupervised
sCNAQlTJzusQ,63,easy,1,16278,Clustering & Unsupervised
sCNAQlTJzusQ,64,easy,1,8385,Clustering & Unsupervised
sCNAQlTJzusQ,65,easy,1,11875,Clustering & Unsupervised
sCNAQlTJzusQ,66,easy,1,8385,Clustering & Unsupervised
sCNAQlTJzusQ,67,medium,1,24908,Clustering & Unsupervised
sCNAQlTJzusQ,68,easy,1,16278,Clustering & Unsupervised
sCNAQlTJzusQ,69,easy,1,13841,Clustering & Unsupervised
sCNAQlTJzusQ,70,easy,1,8385,Clustering & Unsupervised
sCNAQlTJzusQ,71,easy,0,18314,Clustering & Unsupervised
sCNAQlTJzusQ,72,medium,1,25224,Clustering & Unsupervised
sCNAQlTJzusQ,73,easy,1,12759,Classification & Modeling
sCNAQlTJzusQ,74,easy,1,8385,Misc / Tools
sCNAQlTJzusQ,75,medium,0,28691,Classification & Modeling
sCNAQlTJzusQ,76,easy,0,22664,Clustering & Unsupervised
sCNAQlTJzusQ,77,medium,0,27012,Clustering & Unsupervised
sCNAQlTJzusQ,78,medium,0,26492,Clustering & Unsupervised
sCNAQlTJzusQ,79,easy,1,19559,Classification & Modeling
sCNAQlTJzusQ,80,easy,1,13110,Clustering & Unsupervised
sCNAQlTJzusQ,81,easy,1,18955,Clustering & Unsupervised
sCNAQlTJzusQ,82,easy,1,14256,Clustering & Unsupervised
sCNAQlTJzusQ,83,easy,1,14134,Clustering & Unsupervised
sCNAQlTJzusQ,84,easy,1,13841,Clustering & Unsupervised
sCNAQlTJzusQ,85,medium,1,25554,Clustering & Unsupervised
sCNAQlTJzusQ,86,easy,1,12759,Clustering & Unsupervised
sCNAQlTJzusQ,87,easy,1,14212,Clustering & Unsupervised
sCNAQlTJzusQ,88,easy,1,14066,Clustering & Unsupervised
sCNAQlTJzusQ,89,easy,1,18955,Misc / Tools
sCNAQlTJzusQ,90,hard,1,25397,Classification & Modeling
yKhvr1tKGpJF,61,easy,1,14818,Clustering & Unsupervised
yKhvr1tKGpJF,62,easy,1,16368,Clustering & Unsupervised
yKhvr1tKGpJF,63,easy,1,18851,Clustering & Unsupervised
yKhvr1tKGpJF,64,easy,1,10498,Clustering & Unsupervised
yKhvr1tKGpJF,65,easy,1,14818,Clustering & Unsupervised
yKhvr1tKGpJF,66,easy,1,10498,Clustering & Unsupervised
yKhvr1tKGpJF,67,medium,0,35821,Clustering & Unsupervised
yKhvr1tKGpJF,68,easy,1,18851,Clustering & Unsupervised
yKhvr1tKGpJF,69,easy,1,15725,Clustering & Unsupervised
yKhvr1tKGpJF,70,easy,1,10498,Clustering & Unsupervised
yKhvr1tKGpJF,71,easy,1,15925,Clustering & Unsupervised
yKhvr1tKGpJF,72,medium,1,31434,Clustering & Unsupervised
yKhvr1tKGpJF,73,easy,1,14775,Classification & Modeling
yKhvr1tKGpJF,74,easy,1,10498,Misc / Tools
yKhvr1tKGpJF,75,medium,1,34066,Classification & Modeling
yKhvr1tKGpJF,76,easy,1,24298,Clustering & Unsupervised
yKhvr1tKGpJF,77,medium,0,39356,Clustering & Unsupervised
yKhvr1tKGpJF,78,medium,1,31434,Clustering & Unsupervised
yKhvr1tKGpJF,79,easy,1,24044,Classification & Modeling
yKhvr1tKGpJF,80,easy,0,20745,Clustering & Unsupervised
yKhvr1tKGpJF,81,easy,1,20940,Clustering & Unsupervised
yKhvr1tKGpJF,82,easy,1,15911,Clustering & Unsupervised
yKhvr1tKGpJF,83,easy,1,16368,Clustering & Unsupervised
yKhvr1tKGpJF,84,easy,1,15725,Clustering & Unsupervised
yKhvr1tKGpJF,85,medium,0,37096,Clustering & Unsupervised
yKhvr1tKGpJF,86,easy,1,14775,Clustering & Unsupervised
yKhvr1tKGpJF,87,easy,1,15925,Clustering & Unsupervised
yKhvr1tKGpJF,88,easy,1,15186,Clustering & Unsupervised
yKhvr1tKGpJF,89,easy,1,20940,Misc / Tools
yKhvr1tKGpJF,90,hard,0,31778,Classification & Modeling
IWu147zvpRWb,61,easy,1,11841,Clustering & Unsupervised
IWu147zvpRWb,62,easy,0,17436,Clustering & Unsupervised
IWu147zvpRWb,63,easy,1,17003,Clustering & Unsupervised
IWu147zvpRWb,64,easy,1,8432,Clustering & Unsupervised
IWu147zvpRWb,65,easy,1,11841,Clustering & Unsupervised
IWu147zvpRWb,66,easy,1,8432,Clustering & Unsupervised
IWu147zvpRWb,67,medium,1,27435,Clustering & Unsupervised
IWu147zvpRWb,68,easy,1,17003,Clustering & Unsupervised
IWu147zvpRWb,69,easy,1,14509,Clustering & Unsupervised
IWu147zvpRWb,70,easy,1,8432,Clustering & Unsupervised
IWu147zvpRWb,71,easy,1,14897,Clustering & Unsupervised
IWu147zvpRWb,72,medium,0,28603,Clustering & Unsupervised
IWu147zvpRWb,73,easy,1,13327,Classification & Modeling
IWu147zvpRWb,74,easy,1,8432,Misc / Tools
IWu147zvpRWb,75,medium,0,31494,Classification & Modeling
IWu147zvpRWb,76,easy,0,23293,Clustering & Unsupervised
IWu147zvpRWb,77,medium,1,28425,Clustering & Unsupervised
IWu147zvpRWb,78,medium,0,28603,Clustering & Unsupervised
IWu147zvpRWb,79,easy,1,20882,Classification & Modeling
IWu147zvpRWb,80,easy,1,13694,Clustering & Unsupervised
IWu147zvpRWb,81,easy,0,19932,Clustering & Unsupervised
IWu147zvpRWb,82,easy,1,15064,Clustering & Unsupervised
IWu147zvpRWb,83,easy,1,14985,Clustering & Unsupervised
IWu147zvpRWb,84,easy,0,16588,Clustering & Unsupervised
IWu147zvpRWb,85,medium,0,28958,Clustering & Unsupervised
IWu147zvpRWb,86,easy,1,13327,Clustering & Unsupervised
IWu147zvpRWb,87,easy,1,14897,Clustering & Unsupervised
IWu147zvpRWb,88,easy,0,16857,Clustering & Unsupervised
IWu147zvpRWb,89,easy,1,19869,Misc / Tools
IWu147zvpRWb,90,hard,1,27974,Classification & Modeling
9znYM6tmzKLF,61,easy,1,15659,Clustering & Unsupervised
9znYM6tmzKLF,62,easy,1,17117,Clustering & Unsupervised
9znYM6tmzKLF,63,easy,1,19714,Clustering & Unsupervised
9znYM6tmzKLF,64,easy,1,11094,Clustering & Unsupervised
9znYM6tmzKLF,65,easy,1,15659,Clustering & Unsupervised
9znYM6tmzKLF,66,easy,1,11094,Clustering & Unsupervised
9znYM6tmzKLF,67,medium,1,30495,Clustering & Unsupervised
9znYM6tmzKLF,68,easy,0,26447,Clustering & Unsupervised
9znYM6tmzKLF,69,easy,1,16245,Clustering & Unsupervised
9znYM6tmzKLF,70,easy,1,11094,Clustering & Unsupervised
9znYM6tmzKLF,71,easy,1,16452,Clustering & Unsupervised
9znYM6tmzKLF,72,medium,0,35341,Clustering & Unsupervised
9znYM6tmzKLF,73,easy,1,15451,Classification & Modeling
9znYM6tmzKLF,74,easy,1,11094,Misc / Tools
9znYM6tmzKLF,75,medium,0,38274,Classification & Modeling
9znYM6tmzKLF,76,easy,1,22799,Clustering & Unsupervised
9znYM6tmzKLF,77,medium,1,31474,Clustering & Unsupervised
9znYM6tmzKLF,78,medium,0,35341,Clustering & Unsupervised
9znYM6tmzKLF,79,easy,0,26623,Classification & Modeling
9znYM6tmzKLF,80,easy,1,15877,Clustering & Unsupervised
9znYM6tmzKLF,81,easy,1,21633,Clustering & Unsupervised
9znYM6tmzKLF,82,easy,1,16613,Clustering & Unsupervised
9znYM6tmzKLF,83,easy,1,17117,Clustering & Unsupervised
9znYM6tmzKLF,84,easy,1,16245,Clustering & Unsupervised
9znYM6tmzKLF,85,medium,1,31285,Clustering & Unsupervised
9znYM6tmzKLF,86,easy,1,15451,Clustering & Unsupervised
9znYM6tmzKLF,87,easy,1,16452,Clustering & Unsupervised
9znYM6tmzKLF,88,easy,0,21877,Clustering & Unsupervised
9znYM6tmzKLF,89,easy,1,21633,Misc / Tools
9znYM6tmzKLF,90,hard,1,31333,Classification & Modeling
9xt9EeOQtcXZ,61,easy,1,14378,Clustering & Unsupervised
9xt9EeOQtcXZ,62,easy,1,15772,Clustering & Unsupervised
9xt9EeOQtcXZ,63,easy,1,18165,Clustering & Unsupervised
9xt9EeOQtcXZ,64,easy,1,10075,Clustering & Unsupervised
9xt9EeOQtcXZ,65,easy,1,14378,Clustering & Unsupervised
9xt9EeOQtcXZ,66,easy,1,10075,Clustering & Unsupervised
9xt9EeOQtcXZ,67,medium,1,25347,Clustering & Unsupervised
9xt9EeOQtcXZ,68,easy,1,18165,Clustering & Unsupervised
9xt9EeOQtcXZ,69,easy,1,14941,Clustering & Unsupervised
9xt9EeOQtcXZ,70,easy,1,10075,Clustering & Unsupervised
9xt9EeOQtcXZ,71,easy,0,20048,Clustering & Unsupervised
9xt9EeOQtcXZ,72,medium,1,25668,Clustering & Unsupervised
9xt9EeOQtcXZ,73,easy,1,14237,Classification & Modeling
9xt9EeOQtcXZ,74,easy,1,10075,Misc / Tools
9xt9EeOQtcXZ,75,medium,0,29196,Classification & Modeling
9xt9EeOQtcXZ,76,easy,0,23063,Clustering & Unsupervised
9xt9EeOQtcXZ,77,medium,0,27657,Clustering & Unsupervised
9xt9EeOQtcXZ,78,medium,0,26959,Clustering & Unsupervised
9xt9EeOQtcXZ,79,easy,1,19903,Classification & Modeling
9xt9EeOQtcXZ,80,easy,1,14629,Clustering & Unsupervised
9xt9EeOQtcXZ,81,easy,1,19440,Clustering & Unsupervised
9xt9EeOQtcXZ,82,easy,1,15027,Clustering & Unsupervised
9xt9EeOQtcXZ,83,easy,0,21063,Clustering & Unsupervised
9xt9EeOQtcXZ,84,easy,1,14941,Clustering & Unsupervised
9xt9EeOQtcXZ,85,medium,1,26004,Clustering & Unsupervised
9xt9EeOQtcXZ,86,easy,1,14237,Clustering & Unsupervised
9xt9EeOQtcXZ,87,easy,1,15041,Clustering & Unsupervised
9xt9EeOQtcXZ,88,easy,1,15183,Clustering & Unsupervised
9xt9EeOQtcXZ,89,easy,1,19440,Misc / Tools
9xt9EeOQtcXZ,90,hard,1,25845,Classification & Modeling
pJCSXvZHMyH1,61,easy,1,14796,Clustering & Unsupervised
pJCSXvZHMyH1,62,easy,1,16173,Clustering & Unsupervised
pJCSXvZHMyH1,63,easy,1,18627,Clustering & Unsupervised
pJCSXvZHMyH1,64,easy,1,10483,Clustering & Unsupervised
pJCSXvZHMyH1,65,easy,1,14796,Clustering & Unsupervised
pJCSXvZHMyH1,66,easy,1,10483,Clustering & Unsupervised
pJCSXvZHMyH1,67,medium,1,28814,Clustering & Unsupervised
pJCSXvZHMyH1,68,easy,1,18627,Clustering & Unsupervised
pJCSXvZHMyH1,69,easy,1,15350,Clustering & Unsupervised
pJCSXvZHMyH1,70,easy,1,10483,Clustering & Unsupervised
pJCSXvZHMyH1,71,easy,1,15545,Clustering & Unsupervised
pJCSXvZHMyH1,72,medium,1,29179,Clustering & Unsupervised
pJCSXvZHMyH1,73,easy,1,14600,Classification & Modeling
pJCSXvZHMyH1,74,easy,1,10483,Misc / Tools
pJCSXvZHMyH1,75,medium,1,31622,Classification & Modeling
pJCSXvZHMyH1,76,easy,0,25936,Clustering & Unsupervised
pJCSXvZHMyH1,77,medium,1,29739,Clustering & Unsupervised
pJCSXvZHMyH1,78,medium,1,29179,Clustering & Unsupervised
pJCSXvZHMyH1,79,easy,1,21317,Classification & Modeling
pJCSXvZHMyH1,80,easy,1,15002,Clustering & Unsupervised
pJCSXvZHMyH1,81,easy,0,24101,Clustering & Unsupervised
pJCSXvZHMyH1,82,easy,1,15531,Clustering & Unsupervised
pJCSXvZHMyH1,83,easy,1,16173,Clustering & Unsupervised
pJCSXvZHMyH1,84,easy,1,15350,Clustering & Unsupervised
pJCSXvZHMyH1,85,medium,0,34434,Clustering & Unsupervised
pJCSXvZHMyH1,86,easy,1,14600,Clustering & Unsupervised
pJCSXvZHMyH1,87,easy,1,15545,Clustering & Unsupervised
pJCSXvZHMyH1,88,easy,1,15006,Clustering & Unsupervised
pJCSXvZHMyH1,89,easy,1,20441,Misc / Tools
pJCSXvZHMyH1,90,hard,0,29966,Classification & Modeling
TYE4dgTYGdCn,61,easy,1,14796,Clustering & Unsupervised
TYE4dgTYGdCn,62,easy,1,16173,Clustering & Unsupervised
TYE4dgTYGdCn,63,easy,1,18627,Clustering & Unsupervised
TYE4dgTYGdCn,64,easy,1,10483,Clustering & Unsupervised
TYE4dgTYGdCn,65,easy,1,14796,Clustering & Unsupervised
TYE4dgTYGdCn,66,easy,1,10483,Clustering & Unsupervised
TYE4dgTYGdCn,67,medium,1,28814,Clustering & Unsupervised
TYE4dgTYGdCn,68,easy,1,18627,Clustering & Unsupervised
TYE4dgTYGdCn,69,easy,1,15350,Clustering & Unsupervised
TYE4dgTYGdCn,70,easy,1,10483,Clustering & Unsupervised
TYE4dgTYGdCn,71,easy,1,15545,Clustering & Unsupervised
TYE4dgTYGdCn,72,medium,1,29179,Clustering & Unsupervised
TYE4dgTYGdCn,73,easy,1,14600,Classification & Modeling
TYE4dgTYGdCn,74,easy,1,10483,Misc / Tools
TYE4dgTYGdCn,75,medium,1,31622,Classification & Modeling
TYE4dgTYGdCn,76,easy,0,25936,Clustering & Unsupervised
TYE4dgTYGdCn,77,medium,1,29739,Clustering & Unsupervised
TYE4dgTYGdCn,78,medium,1,29179,Clustering & Unsupervised
TYE4dgTYGdCn,79,easy,1,21317,Classification & Modeling
TYE4dgTYGdCn,80,easy,1,15002,Clustering & Unsupervised
TYE4dgTYGdCn,81,easy,0,24101,Clustering & Unsupervised
TYE4dgTYGdCn,82,easy,1,15531,Clustering & Unsupervised
TYE4dgTYGdCn,83,easy,1,16173,Clustering & Unsupervised
TYE4dgTYGdCn,84,easy,1,15350,Clustering & Unsupervised
TYE4dgTYGdCn,85,medium,0,34434,Clustering & Unsupervised
TYE4dgTYGdCn,86,easy,1,14600,Clustering & Unsupervised
TYE4dgTYGdCn,87,easy,1,15545,Clustering & Unsupervised
TYE4dgTYGdCn,88,easy,1,15006,Clustering & Unsupervised
TYE4dgTYGdCn,89,easy,1,20441,Misc / Tools
TYE4dgTYGdCn,90,hard,0,29966,Classification & Modeling
Oc5QucHDsmjC,61,easy,1,12773,Clustering & Unsupervised
Oc5QucHDsmjC,62,easy,1,13848,Clustering & Unsupervised
Oc5QucHDsmjC,63,easy,1,15949,Clustering & Unsupervised
Oc5QucHDsmjC,64,easy,1,8975,Clustering & Unsupervised
Oc5QucHDsmjC,65,easy,1,12773,Clustering & Unsupervised
Oc5QucHDsmjC,66,easy,1,8975,Clustering & Unsupervised
Oc5QucHDsmjC,67,medium,0,29776,Clustering & Unsupervised
Oc5QucHDsmjC,68,easy,1,15949,Clustering & Unsupervised
Oc5QucHDsmjC,69,easy,1,13244,Clustering & Unsupervised
Oc5QucHDsmjC,70,easy,1,8975,Clustering & Unsupervised
Oc5QucHDsmjC,71,easy,1,13412,Clustering & Unsupervised
Oc5QucHDsmjC,72,medium,1,25381,Clustering & Unsupervised
Oc5QucHDsmjC,73,easy,1,12500,Classification & Modeling
Oc5QucHDsmjC,74,easy,1,8975,Misc / Tools
Oc5QucHDsmjC,75,medium,1,27085,Classification & Modeling
Oc5QucHDsmjC,76,easy,1,18448,Clustering & Unsupervised
Oc5QucHDsmjC,77,medium,0,30624,Clustering & Unsupervised
Oc5QucHDsmjC,78,medium,0,29851,Clustering & Unsupervised
Oc5QucHDsmjC,79,easy,1,18255,Classification & Modeling
Oc5QucHDsmjC,80,easy,1,12845,Clustering & Unsupervised
Oc5QucHDsmjC,81,easy,1,17711,Clustering & Unsupervised
Oc5QucHDsmjC,82,easy,1,13892,Clustering & Unsupervised
Oc5QucHDsmjC,83,easy,1,13848,Clustering & Unsupervised
Oc5QucHDsmjC,84,easy,1,13244,Clustering & Unsupervised
Oc5QucHDsmjC,85,medium,1,25713,Clustering & Unsupervised
Oc5QucHDsmjC,86,easy,1,12500,Clustering & Unsupervised
Oc5QucHDsmjC,87,easy,1,13412,Clustering & Unsupervised
Oc5QucHDsmjC,88,easy,1,12969,Clustering & Unsupervised
Oc5QucHDsmjC,89,easy,1,17711,Misc / Tools
Oc5QucHDsmjC,90,hard,1,26906,Classification & Modeling
hpYESXQ1czwb,61,easy,1,14532,Clustering & Unsupervised
hpYESXQ1czwb,62,easy,1,15884,Clustering & Unsupervised
hpYESXQ1czwb,63,easy,1,18294,Clustering & Unsupervised
hpYESXQ1czwb,64,easy,1,10295,Clustering & Unsupervised
hpYESXQ1czwb,65,easy,1,14532,Clustering & Unsupervised
hpYESXQ1czwb,66,easy,1,10295,Clustering & Unsupervised
hpYESXQ1czwb,67,medium,1,28299,Clustering & Unsupervised
hpYESXQ1czwb,68,easy,1,18294,Clustering & Unsupervised
hpYESXQ1czwb,69,easy,1,15076,Clustering & Unsupervised
hpYESXQ1czwb,70,easy,1,10295,Clustering & Unsupervised
hpYESXQ1czwb,71,easy,1,15267,Clustering & Unsupervised
hpYESXQ1czwb,72,medium,1,28658,Clustering & Unsupervised
hpYESXQ1czwb,73,easy,1,14339,Classification & Modeling
hpYESXQ1czwb,74,easy,1,10295,Misc / Tools
hpYESXQ1czwb,75,medium,1,31057,Classification & Modeling
hpYESXQ1czwb,76,easy,0,25470,Clustering & Unsupervised
hpYESXQ1czwb,77,medium,1,29208,Clustering & Unsupervised
hpYESXQ1czwb,78,medium,1,28658,Clustering & Unsupervised
hpYESXQ1czwb,79,easy,1,20936,Classification & Modeling
hpYESXQ1czwb,80,easy,1,14734,Clustering & Unsupervised
hpYESXQ1czwb,81,easy,1,20075,Clustering & Unsupervised
hpYESXQ1czwb,82,easy,1,15417,Clustering & Unsupervised
hpYESXQ1czwb,83,easy,1,15884,Clustering & Unsupervised
hpYESXQ1czwb,84,easy,1,15076,Clustering & Unsupervised
hpYESXQ1czwb,85,medium,0,33816,Clustering & Unsupervised
hpYESXQ1czwb,86,easy,1,14339,Clustering & Unsupervised
hpYESXQ1czwb,87,easy,1,15267,Clustering & Unsupervised
hpYESXQ1czwb,88,easy,1,14737,Clustering & Unsupervised
hpYESXQ1czwb,89,easy,1,20075,Misc / Tools
hpYESXQ1czwb,90,hard,0,29428,Classification & Modeling
St7VKJfT2MTq,61,easy,1,13036,Clustering & Unsupervised
St7VKJfT2MTq,62,easy,1,14857,Clustering & Unsupervised
St7VKJfT2MTq,63,easy,1,17111,Clustering & Unsupervised
St7VKJfT2MTq,64,easy,1,9328,Clustering & Unsupervised
St7VKJfT2MTq,65,easy,1,13036,Clustering & Unsupervised
St7VKJfT2MTq,66,easy,1,9328,Clustering & Unsupervised
St7VKJfT2MTq,67,medium,1,25376,Clustering & Unsupervised
St7VKJfT2MTq,68,easy,0,22365,Clustering & Unsupervised
St7VKJfT2MTq,69,easy,1,14307,Clustering & Unsupervised
St7VKJfT2MTq,70,easy,1,9328,Clustering & Unsupervised
St7VKJfT2MTq,71,easy,1,14578,Clustering & Unsupervised
St7VKJfT2MTq,72,medium,0,26990,Clustering & Unsupervised
St7VKJfT2MTq,73,easy,1,13412,Classification & Modeling
St7VKJfT2MTq,74,easy,1,9328,Misc / Tools
St7VKJfT2MTq,75,medium,0,29230,Classification & Modeling
St7VKJfT2MTq,76,easy,0,23090,Clustering & Unsupervised
St7VKJfT2MTq,77,medium,0,27689,Clustering & Unsupervised
St7VKJfT2MTq,78,medium,0,26990,Clustering & Unsupervised
St7VKJfT2MTq,79,easy,1,19926,Classification & Modeling
St7VKJfT2MTq,80,easy,1,13781,Clustering & Unsupervised
St7VKJfT2MTq,81,easy,1,19311,Clustering & Unsupervised
St7VKJfT2MTq,82,easy,1,14623,Clustering & Unsupervised
St7VKJfT2MTq,83,easy,1,14857,Clustering & Unsupervised
St7VKJfT2MTq,84,easy,1,14307,Clustering & Unsupervised
St7VKJfT2MTq,85,medium,1,26034,Clustering & Unsupervised
St7VKJfT2MTq,86,easy,1,13412,Clustering & Unsupervised
St7VKJfT2MTq,87,easy,1,14578,Clustering & Unsupervised
St7VKJfT2MTq,88,easy,1,14539,Clustering & Unsupervised
St7VKJfT2MTq,89,easy,1,19311,Misc / Tools
St7VKJfT2MTq,90,hard,1,25875,Classification & Modeling
VgoqnXYkjUhL,61,easy,1,12945,Clustering & Unsupervised
VgoqnXYkjUhL,62,easy,1,14554,Clustering & Unsupervised
VgoqnXYkjUhL,63,easy,1,16762,Clustering & Unsupervised
VgoqnXYkjUhL,64,easy,1,9433,Clustering & Unsupervised
VgoqnXYkjUhL,65,easy,1,12945,Clustering & Unsupervised
VgoqnXYkjUhL,66,easy,1,9433,Clustering & Unsupervised
VgoqnXYkjUhL,67,medium,0,30340,Clustering & Unsupervised
VgoqnXYkjUhL,68,easy,1,16762,Clustering & Unsupervised
VgoqnXYkjUhL,69,easy,1,13843,Clustering & Unsupervised
VgoqnXYkjUhL,70,easy,1,9433,Clustering & Unsupervised
VgoqnXYkjUhL,71,easy,1,14019,Clustering & Unsupervised
VgoqnXYkjUhL,72,medium,1,26148,Clustering & Unsupervised
VgoqnXYkjUhL,73,easy,1,13138,Classification & Modeling
VgoqnXYkjUhL,74,easy,1,9433,Misc / Tools
VgoqnXYkjUhL,75,medium,1,28337,Classification & Modeling
VgoqnXYkjUhL,76,easy,1,19182,Clustering & Unsupervised
VgoqnXYkjUhL,77,medium,0,31838,Clustering & Unsupervised
VgoqnXYkjUhL,78,medium,0,31034,Clustering & Unsupervised
VgoqnXYkjUhL,79,easy,1,18982,Classification & Modeling
VgoqnXYkjUhL,80,easy,1,13500,Clustering & Unsupervised
VgoqnXYkjUhL,81,easy,1,18512,Clustering & Unsupervised
VgoqnXYkjUhL,82,easy,1,14156,Clustering & Unsupervised
VgoqnXYkjUhL,83,easy,1,14554,Clustering & Unsupervised
VgoqnXYkjUhL,84,easy,1,13843,Clustering & Unsupervised
VgoqnXYkjUhL,85,medium,1,26491,Clustering & Unsupervised
VgoqnXYkjUhL,86,easy,1,13138,Clustering & Unsupervised
VgoqnXYkjUhL,87,easy,1,14019,Clustering & Unsupervised
VgoqnXYkjUhL,88,easy,1,13592,Clustering & Unsupervised
VgoqnXYkjUhL,89,easy,1,18512,Misc / Tools
VgoqnXYkjUhL,90,hard,1,27270,Classification & Modeling
DI3Mqi034afd,61,easy,1,13496,Clustering & Unsupervised
DI3Mqi034afd,62,easy,1,14990,Clustering & Unsupervised
DI3Mqi034afd,63,easy,1,17264,Clustering & Unsupervised
DI3Mqi034afd,64,easy,1,9715,Clustering & Unsupervised
DI3Mqi034afd,65,easy,1,13496,Clustering & Unsupervised
DI3Mqi034afd,66,easy,1,9715,Clustering & Unsupervised
DI3Mqi034afd,67,medium,0,32018,Clustering & Unsupervised
DI3Mqi034afd,68,easy,1,17264,Clustering & Unsupervised
DI3Mqi034afd,69,easy,1,14336,Clustering & Unsupervised
DI3Mqi034afd,70,easy,1,9715,Clustering & Unsupervised
DI3Mqi034afd,71,easy,1,14518,Clustering & Unsupervised
DI3Mqi034afd,72,medium,1,27292,Clustering & Unsupervised
DI3Mqi034afd,73,easy,1,13531,Classification & Modeling
DI3Mqi034afd,74,easy,1,9715,Misc / Tools
DI3Mqi034afd,75,medium,1,28665,Classification & Modeling
DI3Mqi034afd,76,easy,1,19970,Clustering & Unsupervised
DI3Mqi034afd,77,medium,0,33149,Clustering & Unsupervised
DI3Mqi034afd,78,medium,0,32313,Clustering & Unsupervised
DI3Mqi034afd,79,easy,1,19760,Classification & Modeling
DI3Mqi034afd,80,easy,1,13904,Clustering & Unsupervised
DI3Mqi034afd,81,easy,1,19171,Clustering & Unsupervised
DI3Mqi034afd,82,easy,1,15037,Clustering & Unsupervised
DI3Mqi034afd,83,easy,1,14990,Clustering & Unsupervised
DI3Mqi034afd,84,easy,1,14336,Clustering & Unsupervised
DI3Mqi034afd,85,medium,1,27649,Clustering & Unsupervised
DI3Mqi034afd,86,easy,1,13531,Clustering & Unsupervised
DI3Mqi034afd,87,easy,1,14518,Clustering & Unsupervised
DI3Mqi034afd,88,easy,1,14038,Clustering & Unsupervised
DI3Mqi034afd,89,easy,1,19171,Misc / Tools
DI3Mqi034afd,90,hard,1,28932,Classification & Modeling
tZNKhSZpzqOT,61,easy,1,14711,Clustering & Unsupervised
tZNKhSZpzqOT,62,easy,1,16137,Clustering & Unsupervised
tZNKhSZpzqOT,63,easy,1,18585,Clustering & Unsupervised
tZNKhSZpzqOT,64,easy,1,10308,Clustering & Unsupervised
tZNKhSZpzqOT,65,easy,1,14711,Clustering & Unsupervised
tZNKhSZpzqOT,66,easy,1,10308,Clustering & Unsupervised
tZNKhSZpzqOT,67,medium,0,30403,Clustering & Unsupervised
tZNKhSZpzqOT,68,easy,1,18585,Clustering & Unsupervised
tZNKhSZpzqOT,69,easy,1,15250,Clustering & Unsupervised
tZNKhSZpzqOT,70,easy,1,10308,Clustering & Unsupervised
tZNKhSZpzqOT,71,easy,1,15444,Clustering & Unsupervised
tZNKhSZpzqOT,72,medium,1,27670,Clustering & Unsupervised
tZNKhSZpzqOT,73,easy,1,14567,Classification & Modeling
tZNKhSZpzqOT,74,easy,1,10308,Misc / Tools
tZNKhSZpzqOT,75,medium,1,29987,Classification & Modeling
tZNKhSZpzqOT,76,easy,1,20903,Clustering & Unsupervised
tZNKhSZpzqOT,77,medium,1,28201,Clustering & Unsupervised
tZNKhSZpzqOT,78,medium,1,27670,Clustering & Unsupervised
tZNKhSZpzqOT,79,easy,1,20684,Classification & Modeling
tZNKhSZpzqOT,80,easy,0,19820,Clustering & Unsupervised
tZNKhSZpzqOT,81,easy,1,20156,Clustering & Unsupervised
tZNKhSZpzqOT,82,easy,1,15430,Clustering & Unsupervised
tZNKhSZpzqOT,83,easy,1,16137,Clustering & Unsupervised
tZNKhSZpzqOT,84,easy,1,15250,Clustering & Unsupervised
tZNKhSZpzqOT,85,medium,0,31485,Clustering & Unsupervised
tZNKhSZpzqOT,86,easy,1,14567,Clustering & Unsupervised
tZNKhSZpzqOT,87,easy,1,15444,Clustering & Unsupervised
tZNKhSZpzqOT,88,easy,1,14934,Clustering & Unsupervised
tZNKhSZpzqOT,89,easy,1,20156,Misc / Tools
tZNKhSZpzqOT,90,hard,0,28638,Classification & Modeling
xlLz8YVMGkvs,61,easy,1,14532,Clustering & Unsupervised
xlLz8YVMGkvs,62,easy,1,15884,Clustering & Unsupervised
xlLz8YVMGkvs,63,easy,1,18294,Clustering & Unsupervised
xlLz8YVMGkvs,64,easy,0,13787,Clustering & Unsupervised
xlLz8YVMGkvs,65,easy,1,14532,Clustering & Unsupervised
xlLz8YVMGkvs,66,easy,1,10295,Clustering & Unsupervised
xlLz8YVMGkvs,67,medium,0,32654,Clustering & Unsupervised
xlLz8YVMGkvs,68,easy,1,18294,Clustering & Unsupervised
xlLz8YVMGkvs,69,easy,1,15076,Clustering & Unsupervised
xlLz8YVMGkvs,70,easy,1,10295,Clustering & Unsupervised
xlLz8YVMGkvs,71,easy,1,15267,Clustering & Unsupervised
xlLz8YVMGkvs,72,medium,0,33401,Clustering & Unsupervised
xlLz8YVMGkvs,73,easy,1,14339,Classification & Modeling
xlLz8YVMGkvs,74,easy,1,10295,Misc / Tools
xlLz8YVMGkvs,75,medium,0,36173,Classification & Modeling
xlLz8YVMGkvs,76,easy,0,25470,Clustering & Unsupervised
xlLz8YVMGkvs,77,medium,1,29208,Clustering & Unsupervised
xlLz8YVMGkvs,78,medium,1,28658,Clustering & Unsupervised
xlLz8YVMGkvs,79,easy,1,20936,Classification & Modeling
xlLz8YVMGkvs,80,easy,1,14734,Clustering & Unsupervised
xlLz8YVMGkvs,81,easy,1,20075,Clustering & Unsupervised
xlLz8YVMGkvs,82,easy,1,15417,Clustering & Unsupervised
xlLz8YVMGkvs,83,easy,1,15884,Clustering & Unsupervised
xlLz8YVMGkvs,84,easy,1,15076,Clustering & Unsupervised
xlLz8YVMGkvs,85,medium,1,29033,Clustering & Unsupervised
xlLz8YVMGkvs,86,easy,1,14339,Clustering & Unsupervised
xlLz8YVMGkvs,87,easy,1,15267,Clustering & Unsupervised
xlLz8YVMGkvs,88,easy,1,14737,Clustering & Unsupervised
xlLz8YVMGkvs,89,easy,1,20075,Misc / Tools
xlLz8YVMGkvs,90,hard,0,29428,Classification & Modeling
8JOElN1piVew,61,easy,1,14378,Clustering & Unsupervised
8JOElN1piVew,62,easy,1,15772,Clustering & Unsupervised
8JOElN1piVew,63,easy,1,18165,Clustering & Unsupervised
8JOElN1piVew,64,easy,1,10075,Clustering & Unsupervised
8JOElN1piVew,65,easy,1,14378,Clustering & Unsupervised
8JOElN1piVew,66,easy,1,10075,Clustering & Unsupervised
8JOElN1piVew,67,medium,1,25347,Clustering & Unsupervised
8JOElN1piVew,68,easy,1,18165,Clustering & Unsupervised
8JOElN1piVew,69,easy,1,14941,Clustering & Unsupervised
8JOElN1piVew,70,easy,1,10075,Clustering & Unsupervised
8JOElN1piVew,71,easy,0,20048,Clustering & Unsupervised
8JOElN1piVew,72,medium,0,26959,Clustering & Unsupervised
8JOElN1piVew,73,easy,1,14237,Classification & Modeling
8JOElN1piVew,74,easy,1,10075,Misc / Tools
8JOElN1piVew,75,medium,0,29196,Classification & Modeling
8JOElN1piVew,76,easy,1,20114,Clustering & Unsupervised
8JOElN1piVew,77,medium,1,26160,Clustering & Unsupervised
8JOElN1piVew,78,medium,0,26959,Clustering & Unsupervised
8JOElN1piVew,79,easy,1,19903,Classification & Modeling
8JOElN1piVew,80,easy,1,14629,Clustering & Unsupervised
8JOElN1piVew,81,easy,1,19440,Clustering & Unsupervised
8JOElN1piVew,82,easy,1,15027,Clustering & Unsupervised
8JOElN1piVew,83,easy,1,15772,Clustering & Unsupervised
8JOElN1piVew,84,easy,1,14941,Clustering & Unsupervised
8JOElN1piVew,85,medium,1,26004,Clustering & Unsupervised
8JOElN1piVew,86,easy,1,14237,Clustering & Unsupervised
8JOElN1piVew,87,easy,1,15041,Clustering & Unsupervised
8JOElN1piVew,88,easy,1,15183,Clustering & Unsupervised
8JOElN1piVew,89,easy,1,19440,Misc / Tools
8JOElN1piVew,90,hard,0,26105,Classification & Modeling
0rzpTGhVxVJU,61,easy,1,11553,Clustering & Unsupervised
0rzpTGhVxVJU,62,easy,1,14913,Clustering & Unsupervised
0rzpTGhVxVJU,63,easy,1,16803,Clustering & Unsupervised
0rzpTGhVxVJU,64,easy,1,8227,Clustering & Unsupervised
0rzpTGhVxVJU,65,easy,1,11553,Clustering & Unsupervised
0rzpTGhVxVJU,66,easy,1,8227,Clustering & Unsupervised
0rzpTGhVxVJU,67,medium,0,25016,Clustering & Unsupervised
0rzpTGhVxVJU,68,easy,1,16803,Clustering & Unsupervised
0rzpTGhVxVJU,69,easy,0,15706,Clustering & Unsupervised
0rzpTGhVxVJU,70,easy,1,8227,Clustering & Unsupervised
0rzpTGhVxVJU,71,easy,0,16761,Clustering & Unsupervised
0rzpTGhVxVJU,72,medium,1,26315,Clustering & Unsupervised
0rzpTGhVxVJU,73,easy,1,13170,Classification & Modeling
0rzpTGhVxVJU,74,easy,1,8227,Misc / Tools
0rzpTGhVxVJU,75,medium,0,28556,Classification & Modeling
0rzpTGhVxVJU,76,easy,1,20526,Clustering & Unsupervised
0rzpTGhVxVJU,77,medium,0,26708,Clustering & Unsupervised
0rzpTGhVxVJU,78,medium,0,25934,Clustering & Unsupervised
0rzpTGhVxVJU,79,easy,1,20353,Classification & Modeling
0rzpTGhVxVJU,80,easy,1,13533,Clustering & Unsupervised
0rzpTGhVxVJU,81,easy,0,18845,Clustering & Unsupervised
0rzpTGhVxVJU,82,easy,0,17071,Clustering & Unsupervised
0rzpTGhVxVJU,83,easy,1,14913,Clustering & Unsupervised
0rzpTGhVxVJU,84,easy,1,14338,Clustering & Unsupervised
0rzpTGhVxVJU,85,medium,1,26659,Clustering & Unsupervised
0rzpTGhVxVJU,86,easy,1,13170,Clustering & Unsupervised
0rzpTGhVxVJU,87,easy,1,14721,Clustering & Unsupervised
0rzpTGhVxVJU,88,easy,1,14570,Clustering & Unsupervised
0rzpTGhVxVJU,89,easy,1,19607,Misc / Tools
0rzpTGhVxVJU,90,hard,0,25137,Classification & Modeling
iZblYCxqwouC,61,easy,1,14818,Clustering & Unsupervised
iZblYCxqwouC,62,easy,1,16368,Clustering & Unsupervised
iZblYCxqwouC,63,easy,0,25757,Clustering & Unsupervised
iZblYCxqwouC,64,easy,1,10498,Clustering & Unsupervised
iZblYCxqwouC,65,easy,1,14818,Clustering & Unsupervised
iZblYCxqwouC,66,easy,1,10498,Clustering & Unsupervised
iZblYCxqwouC,67,medium,0,35821,Clustering & Unsupervised
iZblYCxqwouC,68,easy,1,18851,Clustering & Unsupervised
iZblYCxqwouC,69,easy,1,15725,Clustering & Unsupervised
iZblYCxqwouC,70,easy,1,10498,Clustering & Unsupervised
iZblYCxqwouC,71,easy,1,15925,Clustering & Unsupervised
iZblYCxqwouC,72,medium,1,31434,Clustering & Unsupervised
iZblYCxqwouC,73,easy,1,14775,Classification & Modeling
iZblYCxqwouC,74,easy,1,10498,Misc / Tools
iZblYCxqwouC,75,medium,0,39682,Classification & Modeling
iZblYCxqwouC,76,easy,1,24298,Clustering & Unsupervised
iZblYCxqwouC,77,medium,1,33543,Clustering & Unsupervised
iZblYCxqwouC,78,medium,1,31434,Clustering & Unsupervised
iZblYCxqwouC,79,easy,1,24044,Classification & Modeling
iZblYCxqwouC,80,easy,1,15182,Clustering & Unsupervised
iZblYCxqwouC,81,easy,1,20940,Clustering & Unsupervised
iZblYCxqwouC,82,easy,1,15911,Clustering & Unsupervised
iZblYCxqwouC,83,easy,1,16368,Clustering & Unsupervised
iZblYCxqwouC,84,easy,1,15725,Clustering & Unsupervised
iZblYCxqwouC,85,medium,1,31846,Clustering & Unsupervised
iZblYCxqwouC,86,easy,0,20189,Clustering & Unsupervised
iZblYCxqwouC,87,easy,0,22287,Clustering & Unsupervised
iZblYCxqwouC,88,easy,1,15186,Clustering & Unsupervised
iZblYCxqwouC,89,easy,1,20940,Misc / Tools
iZblYCxqwouC,90,hard,1,31397,Classification & Modeling
sg62FVLFX6BW,61,easy,1,12552,Clustering & Unsupervised
sg62FVLFX6BW,62,easy,1,14892,Clustering & Unsupervised
sg62FVLFX6BW,63,easy,1,17152,Clustering & Unsupervised
sg62FVLFX6BW,64,easy,1,8835,Clustering & Unsupervised
sg62FVLFX6BW,65,easy,1,12552,Clustering & Unsupervised
sg62FVLFX6BW,66,easy,1,8835,Clustering & Unsupervised
sg62FVLFX6BW,67,medium,0,28386,Clustering & Unsupervised
sg62FVLFX6BW,68,easy,1,17152,Clustering & Unsupervised
sg62FVLFX6BW,69,easy,1,14584,Clustering & Unsupervised
sg62FVLFX6BW,70,easy,1,8835,Clustering & Unsupervised
sg62FVLFX6BW,71,easy,1,14974,Clustering & Unsupervised
sg62FVLFX6BW,72,medium,1,27645,Clustering & Unsupervised
sg62FVLFX6BW,73,easy,1,13443,Classification & Modeling
sg62FVLFX6BW,74,easy,1,8835,Misc / Tools
sg62FVLFX6BW,75,medium,0,31445,Classification & Modeling
sg62FVLFX6BW,76,easy,1,20999,Clustering & Unsupervised
sg62FVLFX6BW,77,medium,1,28004,Clustering & Unsupervised
sg62FVLFX6BW,78,medium,1,27645,Clustering & Unsupervised
sg62FVLFX6BW,79,easy,0,23359,Classification & Modeling
sg62FVLFX6BW,80,easy,1,13814,Clustering & Unsupervised
sg62FVLFX6BW,81,easy,1,19972,Clustering & Unsupervised
sg62FVLFX6BW,82,easy,1,15021,Clustering & Unsupervised
sg62FVLFX6BW,83,easy,1,14892,Clustering & Unsupervised
sg62FVLFX6BW,84,easy,1,14584,Clustering & Unsupervised
sg62FVLFX6BW,85,medium,1,28007,Clustering & Unsupervised
sg62FVLFX6BW,86,easy,1,13443,Clustering & Unsupervised
sg62FVLFX6BW,87,easy,1,14974,Clustering & Unsupervised
sg62FVLFX6BW,88,easy,1,14820,Clustering & Unsupervised
sg62FVLFX6BW,89,easy,1,19972,Misc / Tools
sg62FVLFX6BW,90,hard,1,27836,Classification & Modeling
zeQInY6w8eBY,61,easy,1,14711,Clustering & Unsupervised
zeQInY6w8eBY,62,easy,1,16137,Clustering & Unsupervised
zeQInY6w8eBY,63,easy,1,18585,Clustering & Unsupervised
zeQInY6w8eBY,64,easy,1,10308,Clustering & Unsupervised
zeQInY6w8eBY,65,easy,1,14711,Clustering & Unsupervised
zeQInY6w8eBY,66,easy,1,10308,Clustering & Unsupervised
zeQInY6w8eBY,67,medium,0,30403,Clustering & Unsupervised
zeQInY6w8eBY,68,easy,1,18585,Clustering & Unsupervised
zeQInY6w8eBY,69,easy,1,15250,Clustering & Unsupervised
zeQInY6w8eBY,70,easy,1,10308,Clustering & Unsupervised
zeQInY6w8eBY,71,easy,1,15444,Clustering & Unsupervised
zeQInY6w8eBY,72,medium,1,27670,Clustering & Unsupervised
zeQInY6w8eBY,73,easy,1,14567,Classification & Modeling
zeQInY6w8eBY,74,easy,1,10308,Misc / Tools
zeQInY6w8eBY,75,medium,1,29987,Classification & Modeling
zeQInY6w8eBY,76,easy,1,20903,Clustering & Unsupervised
zeQInY6w8eBY,77,medium,1,28201,Clustering & Unsupervised
zeQInY6w8eBY,78,medium,0,31099,Clustering & Unsupervised
zeQInY6w8eBY,79,easy,1,20684,Classification & Modeling
zeQInY6w8eBY,80,easy,1,14968,Clustering & Unsupervised
zeQInY6w8eBY,81,easy,1,20156,Clustering & Unsupervised
zeQInY6w8eBY,82,easy,1,15430,Clustering & Unsupervised
zeQInY6w8eBY,83,easy,1,16137,Clustering & Unsupervised
zeQInY6w8eBY,84,easy,1,15250,Clustering & Unsupervised
zeQInY6w8eBY,85,medium,1,28033,Clustering & Unsupervised
zeQInY6w8eBY,86,easy,1,14567,Clustering & Unsupervised
zeQInY6w8eBY,87,easy,1,15444,Clustering & Unsupervised
zeQInY6w8eBY,88,easy,1,14934,Clustering & Unsupervised
zeQInY6w8eBY,89,easy,1,20156,Misc / Tools
zeQInY6w8eBY,90,hard,0,28638,Classification & Modeling
5WCMaHHFn6WV,61,easy,1,14532,Clustering & Unsupervised
5WCMaHHFn6WV,62,easy,1,15884,Clustering & Unsupervised
5WCMaHHFn6WV,63,easy,1,18294,Clustering & Unsupervised
5WCMaHHFn6WV,64,easy,1,10295,Clustering & Unsupervised
5WCMaHHFn6WV,65,easy,1,14532,Clustering & Unsupervised
5WCMaHHFn6WV,66,easy,1,10295,Clustering & Unsupervised
5WCMaHHFn6WV,67,medium,0,32654,Clustering & Unsupervised
5WCMaHHFn6WV,68,easy,1,18294,Clustering & Unsupervised
5WCMaHHFn6WV,69,easy,1,15076,Clustering & Unsupervised
5WCMaHHFn6WV,70,easy,1,10295,Clustering & Unsupervised
5WCMaHHFn6WV,71,easy,1,15267,Clustering & Unsupervised
5WCMaHHFn6WV,72,medium,1,28658,Clustering & Unsupervised
5WCMaHHFn6WV,73,easy,0,19591,Classification & Modeling
5WCMaHHFn6WV,74,easy,1,10295,Misc / Tools
5WCMaHHFn6WV,75,medium,1,31057,Classification & Modeling
5WCMaHHFn6WV,76,easy,1,21157,Clustering & Unsupervised
5WCMaHHFn6WV,77,medium,1,29208,Clustering & Unsupervised
5WCMaHHFn6WV,78,medium,1,28658,Clustering & Unsupervised
5WCMaHHFn6WV,79,easy,1,20936,Classification & Modeling
5WCMaHHFn6WV,80,easy,1,14734,Clustering & Unsupervised
5WCMaHHFn6WV,81,easy,1,20075,Clustering & Unsupervised
5WCMaHHFn6WV,82,easy,1,15417,Clustering & Unsupervised
5WCMaHHFn6WV,83,easy,1,15884,Clustering & Unsupervised
5WCMaHHFn6WV,84,easy,1,15076,Clustering & Unsupervised
5WCMaHHFn6WV,85,medium,0,33816,Clustering & Unsupervised
5WCMaHHFn6WV,86,easy,1,14339,Clustering & Unsupervised
5WCMaHHFn6WV,87,easy,1,15267,Clustering & Unsupervised
5WCMaHHFn6WV,88,easy,1,14737,Clustering & Unsupervised
5WCMaHHFn6WV,89,easy,1,20075,Misc / Tools
5WCMaHHFn6WV,90,hard,0,29428,Classification & Modeling
RjR3B2X554Pn,61,easy,1,14332,Clustering & Unsupervised
RjR3B2X554Pn,62,easy,1,16900,Clustering & Unsupervised
RjR3B2X554Pn,63,easy,1,19464,Clustering & Unsupervised
RjR3B2X554Pn,64,easy,1,10088,Clustering & Unsupervised
RjR3B2X554Pn,65,easy,1,14332,Clustering & Unsupervised
RjR3B2X554Pn,66,easy,1,10088,Clustering & Unsupervised
RjR3B2X554Pn,67,medium,1,30290,Clustering & Unsupervised
RjR3B2X554Pn,68,easy,1,19464,Clustering & Unsupervised
RjR3B2X554Pn,69,easy,1,16550,Clustering & Unsupervised
RjR3B2X554Pn,70,easy,1,10088,Clustering & Unsupervised
RjR3B2X554Pn,71,easy,1,16993,Clustering & Unsupervised
RjR3B2X554Pn,72,medium,0,29897,Clustering & Unsupervised
RjR3B2X554Pn,73,easy,1,15256,Classification & Modeling
RjR3B2X554Pn,74,easy,1,10088,Misc / Tools
RjR3B2X554Pn,75,medium,0,32378,Classification & Modeling
RjR3B2X554Pn,76,easy,0,24348,Clustering & Unsupervised
RjR3B2X554Pn,77,medium,0,30789,Clustering & Unsupervised
RjR3B2X554Pn,78,medium,1,30674,Clustering & Unsupervised
RjR3B2X554Pn,79,easy,1,23055,Classification & Modeling
RjR3B2X554Pn,80,easy,1,15676,Clustering & Unsupervised
RjR3B2X554Pn,81,easy,1,22664,Clustering & Unsupervised
RjR3B2X554Pn,82,easy,1,17184,Clustering & Unsupervised
RjR3B2X554Pn,83,easy,1,16900,Clustering & Unsupervised
RjR3B2X554Pn,84,easy,1,16550,Clustering & Unsupervised
RjR3B2X554Pn,85,medium,1,31076,Clustering & Unsupervised
RjR3B2X554Pn,86,easy,1,15256,Clustering & Unsupervised
RjR3B2X554Pn,87,easy,1,16993,Clustering & Unsupervised
RjR3B2X554Pn,88,easy,1,16818,Clustering & Unsupervised
RjR3B2X554Pn,89,easy,1,22664,Misc / Tools
RjR3B2X554Pn,90,hard,1,30886,Classification & Modeling
aeQlX5jbZHXw,61,easy,1,14818,Clustering & Unsupervised
aeQlX5jbZHXw,62,easy,1,16368,Clustering & Unsupervised
aeQlX5jbZHXw,63,easy,1,18851,Clustering & Unsupervised
aeQlX5jbZHXw,64,easy,1,10498,Clustering & Unsupervised
aeQlX5jbZHXw,65,easy,1,14818,Clustering & Unsupervised
aeQlX5jbZHXw,66,easy,1,10498,Clustering & Unsupervised
aeQlX5jbZHXw,67,medium,0,35821,Clustering & Unsupervised
aeQlX5jbZHXw,68,easy,1,18851,Clustering & Unsupervised
aeQlX5jbZHXw,69,easy,1,15725,Clustering & Unsupervised
aeQlX5jbZHXw,70,easy,1,10498,Clustering & Unsupervised
aeQlX5jbZHXw,71,easy,1,15925,Clustering & Unsupervised
aeQlX5jbZHXw,72,medium,1,31434,Clustering & Unsupervised
aeQlX5jbZHXw,73,easy,1,14775,Classification & Modeling
aeQlX5jbZHXw,74,easy,1,10498,Misc / Tools
aeQlX5jbZHXw,75,medium,0,39682,Classification & Modeling
aeQlX5jbZHXw,76,easy,1,24298,Clustering & Unsupervised
aeQlX5jbZHXw,77,medium,1,33543,Clustering & Unsupervised
aeQlX5jbZHXw,78,medium,1,31434,Clustering & Unsupervised
aeQlX5jbZHXw,79,easy,1,24044,Classification & Modeling
aeQlX5jbZHXw,80,easy,1,15182,Clustering & Unsupervised
aeQlX5jbZHXw,81,easy,1,20940,Clustering & Unsupervised
aeQlX5jbZHXw,82,easy,1,15911,Clustering & Unsupervised
aeQlX5jbZHXw,83,easy,1,16368,Clustering & Unsupervised
aeQlX5jbZHXw,84,easy,1,15725,Clustering & Unsupervised
aeQlX5jbZHXw,85,medium,1,31846,Clustering & Unsupervised
aeQlX5jbZHXw,86,easy,0,20189,Clustering & Unsupervised
aeQlX5jbZHXw,87,easy,0,22287,Clustering & Unsupervised
aeQlX5jbZHXw,88,easy,1,15186,Clustering & Unsupervised
aeQlX5jbZHXw,89,easy,1,20940,Misc / Tools
aeQlX5jbZHXw,90,hard,1,31397,Classification & Modeling
ROaS3EN46XLy,61,easy,1,12670,Clustering & Unsupervised
ROaS3EN46XLy,62,easy,1,13070,Clustering & Unsupervised
ROaS3EN46XLy,63,easy,1,15053,Clustering & Unsupervised
ROaS3EN46XLy,64,easy,1,8349,Clustering & Unsupervised
ROaS3EN46XLy,65,easy,1,12670,Clustering & Unsupervised
ROaS3EN46XLy,66,easy,1,8349,Clustering & Unsupervised
ROaS3EN46XLy,67,medium,0,25170,Clustering & Unsupervised
ROaS3EN46XLy,68,easy,1,15053,Clustering & Unsupervised
ROaS3EN46XLy,69,easy,1,12381,Clustering & Unsupervised
ROaS3EN46XLy,70,easy,1,8349,Clustering & Unsupervised
ROaS3EN46XLy,71,easy,1,12539,Clustering & Unsupervised
ROaS3EN46XLy,72,medium,1,21214,Clustering & Unsupervised
ROaS3EN46XLy,73,easy,1,11798,Classification & Modeling
ROaS3EN46XLy,74,easy,1,8349,Misc / Tools
ROaS3EN46XLy,75,medium,0,26266,Classification & Modeling
ROaS3EN46XLy,76,easy,1,16802,Clustering & Unsupervised
ROaS3EN46XLy,77,medium,1,21621,Clustering & Unsupervised
ROaS3EN46XLy,78,medium,1,21214,Clustering & Unsupervised
ROaS3EN46XLy,79,easy,1,16626,Classification & Modeling
ROaS3EN46XLy,80,easy,1,12123,Clustering & Unsupervised
ROaS3EN46XLy,81,easy,0,18376,Clustering & Unsupervised
ROaS3EN46XLy,82,easy,1,12527,Clustering & Unsupervised
ROaS3EN46XLy,83,easy,1,13070,Clustering & Unsupervised
ROaS3EN46XLy,84,easy,1,12381,Clustering & Unsupervised
ROaS3EN46XLy,85,medium,1,21492,Clustering & Unsupervised
ROaS3EN46XLy,86,easy,0,15391,Clustering & Unsupervised
ROaS3EN46XLy,87,easy,0,16712,Clustering & Unsupervised
ROaS3EN46XLy,88,easy,1,12582,Clustering & Unsupervised
ROaS3EN46XLy,89,easy,1,16364,Misc / Tools
ROaS3EN46XLy,90,hard,1,22280,Classification & Modeling
lOuE9tkR89Pk,61,easy,1,11884,Clustering & Unsupervised
lOuE9tkR89Pk,62,easy,1,14145,Clustering & Unsupervised
lOuE9tkR89Pk,63,easy,1,16291,Clustering & Unsupervised
lOuE9tkR89Pk,64,easy,1,8392,Clustering & Unsupervised
lOuE9tkR89Pk,65,easy,1,11884,Clustering & Unsupervised
lOuE9tkR89Pk,66,easy,1,8392,Clustering & Unsupervised
lOuE9tkR89Pk,67,medium,1,24256,Clustering & Unsupervised
lOuE9tkR89Pk,68,easy,1,16291,Clustering & Unsupervised
lOuE9tkR89Pk,69,easy,0,16990,Clustering & Unsupervised
lOuE9tkR89Pk,70,easy,1,8392,Clustering & Unsupervised
lOuE9tkR89Pk,71,easy,0,18329,Clustering & Unsupervised
lOuE9tkR89Pk,72,medium,0,25799,Clustering & Unsupervised
lOuE9tkR89Pk,73,easy,1,12769,Classification & Modeling
lOuE9tkR89Pk,74,easy,0,9848,Misc / Tools
lOuE9tkR89Pk,75,medium,0,27940,Classification & Modeling
lOuE9tkR89Pk,76,easy,1,19652,Clustering & Unsupervised
lOuE9tkR89Pk,77,medium,1,24882,Clustering & Unsupervised
lOuE9tkR89Pk,78,medium,1,24563,Clustering & Unsupervised
lOuE9tkR89Pk,79,easy,1,19446,Classification & Modeling
lOuE9tkR89Pk,80,easy,1,13121,Clustering & Unsupervised
lOuE9tkR89Pk,81,easy,1,18970,Clustering & Unsupervised
lOuE9tkR89Pk,82,easy,1,14267,Clustering & Unsupervised
lOuE9tkR89Pk,83,easy,1,14145,Clustering & Unsupervised
lOuE9tkR89Pk,84,easy,1,13852,Clustering & Unsupervised
lOuE9tkR89Pk,85,medium,1,24885,Clustering & Unsupervised
lOuE9tkR89Pk,86,easy,1,12769,Clustering & Unsupervised
lOuE9tkR89Pk,87,easy,1,14223,Clustering & Unsupervised
lOuE9tkR89Pk,88,easy,1,14077,Clustering & Unsupervised
lOuE9tkR89Pk,89,easy,1,18970,Misc / Tools
lOuE9tkR89Pk,90,hard,0,24981,Classification & Modeling
Kji96af6kzzA,61,easy,1,12552,Clustering & Unsupervised
Kji96af6kzzA,62,easy,1,14892,Clustering & Unsupervised
Kji96af6kzzA,63,easy,1,17152,Clustering & Unsupervised
Kji96af6kzzA,64,easy,1,8835,Clustering & Unsupervised
Kji96af6kzzA,65,easy,1,12552,Clustering & Unsupervised
Kji96af6kzzA,66,easy,1,8835,Clustering & Unsupervised
Kji96af6kzzA,67,medium,1,27299,Clustering & Unsupervised
Kji96af6kzzA,68,easy,1,17152,Clustering & Unsupervised
Kji96af6kzzA,69,easy,0,17625,Clustering & Unsupervised
Kji96af6kzzA,70,easy,1,8835,Clustering & Unsupervised
Kji96af6kzzA,71,easy,0,19014,Clustering & Unsupervised
Kji96af6kzzA,72,medium,0,29035,Clustering & Unsupervised
Kji96af6kzzA,73,easy,1,13443,Classification & Modeling
Kji96af6kzzA,74,easy,0,10216,Misc / Tools
Kji96af6kzzA,75,medium,0,31445,Classification & Modeling
Kji96af6kzzA,76,easy,1,20999,Clustering & Unsupervised
Kji96af6kzzA,77,medium,1,28004,Clustering & Unsupervised
Kji96af6kzzA,78,medium,1,27645,Clustering & Unsupervised
Kji96af6kzzA,79,easy,1,20779,Classification & Modeling
Kji96af6kzzA,80,easy,1,13814,Clustering & Unsupervised
Kji96af6kzzA,81,easy,1,19972,Clustering & Unsupervised
Kji96af6kzzA,82,easy,1,15021,Clustering & Unsupervised
Kji96af6kzzA,83,easy,1,14892,Clustering & Unsupervised
Kji96af6kzzA,84,easy,1,14584,Clustering & Unsupervised
Kji96af6kzzA,85,medium,1,28007,Clustering & Unsupervised
Kji96af6kzzA,86,easy,1,13443,Clustering & Unsupervised
Kji96af6kzzA,87,easy,1,14974,Clustering & Unsupervised
Kji96af6kzzA,88,easy,1,14820,Clustering & Unsupervised
Kji96af6kzzA,89,easy,1,19972,Misc / Tools
Kji96af6kzzA,90,hard,0,28116,Classification & Modeling
QJyEL3O7YA2f,61,easy,1,15659,Clustering & Unsupervised
QJyEL3O7YA2f,62,easy,1,17117,Clustering & Unsupervised
QJyEL3O7YA2f,63,easy,1,19714,Clustering & Unsupervised
QJyEL3O7YA2f,64,easy,1,11094,Clustering & Unsupervised
QJyEL3O7YA2f,65,easy,1,15659,Clustering & Unsupervised
QJyEL3O7YA2f,66,easy,1,11094,Clustering & Unsupervised
QJyEL3O7YA2f,67,medium,0,34551,Clustering & Unsupervised
QJyEL3O7YA2f,68,easy,1,19714,Clustering & Unsupervised
QJyEL3O7YA2f,69,easy,1,16245,Clustering & Unsupervised
QJyEL3O7YA2f,70,easy,1,11094,Clustering & Unsupervised
QJyEL3O7YA2f,71,easy,1,16452,Clustering & Unsupervised
QJyEL3O7YA2f,72,medium,1,30881,Clustering & Unsupervised
QJyEL3O7YA2f,73,easy,1,15451,Classification & Modeling
QJyEL3O7YA2f,74,easy,1,11094,Misc / Tools
QJyEL3O7YA2f,75,medium,1,33467,Classification & Modeling
QJyEL3O7YA2f,76,easy,1,22799,Clustering & Unsupervised
QJyEL3O7YA2f,77,medium,1,31474,Clustering & Unsupervised
QJyEL3O7YA2f,78,medium,0,35341,Clustering & Unsupervised
QJyEL3O7YA2f,79,easy,1,22560,Classification & Modeling
QJyEL3O7YA2f,80,easy,1,15877,Clustering & Unsupervised
QJyEL3O7YA2f,81,easy,0,25043,Clustering & Unsupervised
QJyEL3O7YA2f,82,easy,1,16613,Clustering & Unsupervised
QJyEL3O7YA2f,83,easy,1,17117,Clustering & Unsupervised
QJyEL3O7YA2f,84,easy,1,16245,Clustering & Unsupervised
QJyEL3O7YA2f,85,medium,1,31285,Clustering & Unsupervised
QJyEL3O7YA2f,86,easy,1,15451,Clustering & Unsupervised
QJyEL3O7YA2f,87,easy,1,16452,Clustering & Unsupervised
QJyEL3O7YA2f,88,easy,1,15881,Clustering & Unsupervised
QJyEL3O7YA2f,89,easy,1,21633,Misc / Tools
QJyEL3O7YA2f,90,hard,0,31137,Classification & Modeling
GiNOB0aoa84q,61,easy,1,14378,Clustering & Unsupervised
GiNOB0aoa84q,62,easy,1,15772,Clustering & Unsupervised
GiNOB0aoa84q,63,easy,1,18165,Clustering & Unsupervised
GiNOB0aoa84q,64,easy,0,12881,Clustering & Unsupervised
GiNOB0aoa84q,65,easy,1,14378,Clustering & Unsupervised
GiNOB0aoa84q,66,easy,1,10075,Clustering & Unsupervised
GiNOB0aoa84q,67,medium,0,26355,Clustering & Unsupervised
GiNOB0aoa84q,68,easy,1,18165,Clustering & Unsupervised
GiNOB0aoa84q,69,easy,1,14941,Clustering & Unsupervised
GiNOB0aoa84q,70,easy,1,10075,Clustering & Unsupervised
GiNOB0aoa84q,71,easy,1,15041,Clustering & Unsupervised
GiNOB0aoa84q,72,medium,1,25668,Clustering & Unsupervised
GiNOB0aoa84q,73,easy,1,14237,Classification & Modeling
GiNOB0aoa84q,74,easy,1,10075,Misc / Tools
GiNOB0aoa84q,75,medium,0,29196,Classification & Modeling
GiNOB0aoa84q,76,easy,1,20114,Clustering & Unsupervised
GiNOB0aoa84q,77,medium,1,26160,Clustering & Unsupervised
GiNOB0aoa84q,78,medium,1,25668,Clustering & Unsupervised
GiNOB0aoa84q,79,easy,1,19903,Classification & Modeling
GiNOB0aoa84q,80,easy,1,14629,Clustering & Unsupervised
GiNOB0aoa84q,81,easy,1,19440,Clustering & Unsupervised
GiNOB0aoa84q,82,easy,1,15027,Clustering & Unsupervised
GiNOB0aoa84q,83,easy,1,15772,Clustering & Unsupervised
GiNOB0aoa84q,84,easy,1,14941,Clustering & Unsupervised
GiNOB0aoa84q,85,medium,0,27293,Clustering & Unsupervised
GiNOB0aoa84q,86,easy,1,14237,Clustering & Unsupervised
GiNOB0aoa84q,87,easy,1,15041,Clustering & Unsupervised
GiNOB0aoa84q,88,easy,1,15183,Clustering & Unsupervised
GiNOB0aoa84q,89,easy,0,21830,Misc / Tools
GiNOB0aoa84q,90,hard,1,25845,Classification & Modeling
PgdsGKsedBAl,61,easy,1,11875,Clustering & Unsupervised
PgdsGKsedBAl,62,easy,1,14134,Clustering & Unsupervised
PgdsGKsedBAl,63,easy,1,16278,Clustering & Unsupervised
PgdsGKsedBAl,64,easy,1,8385,Clustering & Unsupervised
PgdsGKsedBAl,65,easy,1,11875,Clustering & Unsupervised
PgdsGKsedBAl,66,easy,1,8385,Clustering & Unsupervised
PgdsGKsedBAl,67,medium,1,24908,Clustering & Unsupervised
PgdsGKsedBAl,68,easy,1,16278,Clustering & Unsupervised
PgdsGKsedBAl,69,easy,1,13841,Clustering & Unsupervised
PgdsGKsedBAl,70,easy,1,8385,Clustering & Unsupervised
PgdsGKsedBAl,71,easy,1,14212,Clustering & Unsupervised
PgdsGKsedBAl,72,medium,1,25224,Clustering & Unsupervised
PgdsGKsedBAl,73,easy,1,12759,Classification & Modeling
PgdsGKsedBAl,74,easy,1,8385,Misc / Tools
PgdsGKsedBAl,75,medium,0,28691,Classification & Modeling
PgdsGKsedBAl,76,easy,1,19766,Clustering & Unsupervised
PgdsGKsedBAl,77,medium,0,27012,Clustering & Unsupervised
PgdsGKsedBAl,78,medium,0,26492,Clustering & Unsupervised
PgdsGKsedBAl,79,easy,1,19559,Classification & Modeling
PgdsGKsedBAl,80,easy,1,13110,Clustering & Unsupervised
PgdsGKsedBAl,81,easy,1,18955,Clustering & Unsupervised
PgdsGKsedBAl,82,easy,1,14256,Clustering & Unsupervised
PgdsGKsedBAl,83,easy,1,14134,Clustering & Unsupervised
PgdsGKsedBAl,84,easy,1,13841,Clustering & Unsupervised
PgdsGKsedBAl,85,medium,1,25554,Clustering & Unsupervised
PgdsGKsedBAl,86,easy,1,12759,Clustering & Unsupervised
PgdsGKsedBAl,87,easy,1,14212,Clustering & Unsupervised
PgdsGKsedBAl,88,easy,1,14066,Clustering & Unsupervised
PgdsGKsedBAl,89,easy,1,18955,Misc / Tools
PgdsGKsedBAl,90,hard,0,25653,Classification & Modeling
AwYMPKmPfMTD,61,easy,1,14036,Clustering & Unsupervised
AwYMPKmPfMTD,62,easy,1,16106,Clustering & Unsupervised
AwYMPKmPfMTD,63,easy,1,18275,Clustering & Unsupervised
AwYMPKmPfMTD,64,easy,1,9844,Clustering & Unsupervised
AwYMPKmPfMTD,65,easy,1,14036,Clustering & Unsupervised
AwYMPKmPfMTD,66,easy,1,9844,Clustering & Unsupervised
AwYMPKmPfMTD,67,medium,1,28206,Clustering & Unsupervised
AwYMPKmPfMTD,68,easy,1,18275,Clustering & Unsupervised
AwYMPKmPfMTD,69,easy,1,15329,Clustering & Unsupervised
AwYMPKmPfMTD,70,easy,1,9844,Clustering & Unsupervised
AwYMPKmPfMTD,71,easy,0,19618,Clustering & Unsupervised
AwYMPKmPfMTD,72,medium,0,29450,Clustering & Unsupervised
AwYMPKmPfMTD,73,easy,1,14324,Classification & Modeling
AwYMPKmPfMTD,74,easy,1,9844,Misc / Tools
AwYMPKmPfMTD,75,medium,0,32427,Classification & Modeling
AwYMPKmPfMTD,76,easy,1,21696,Clustering & Unsupervised
AwYMPKmPfMTD,77,medium,1,29224,Clustering & Unsupervised
AwYMPKmPfMTD,78,medium,0,29450,Clustering & Unsupervised
AwYMPKmPfMTD,79,easy,1,21469,Classification & Modeling
AwYMPKmPfMTD,80,easy,1,14718,Clustering & Unsupervised
AwYMPKmPfMTD,81,easy,0,22447,Clustering & Unsupervised
AwYMPKmPfMTD,82,easy,1,15916,Clustering & Unsupervised
AwYMPKmPfMTD,83,easy,1,16106,Clustering & Unsupervised
AwYMPKmPfMTD,84,easy,1,15329,Clustering & Unsupervised
AwYMPKmPfMTD,85,medium,1,28938,Clustering & Unsupervised
AwYMPKmPfMTD,86,easy,1,14324,Clustering & Unsupervised
AwYMPKmPfMTD,87,easy,1,15739,Clustering & Unsupervised
AwYMPKmPfMTD,88,easy,1,15577,Clustering & Unsupervised
AwYMPKmPfMTD,89,easy,1,20992,Misc / Tools
AwYMPKmPfMTD,90,hard,0,28517,Classification & Modeling
jxlFWYs7WyTt,61,easy,1,11875,Clustering & Unsupervised
jxlFWYs7WyTt,62,easy,1,14134,Clustering & Unsupervised
jxlFWYs7WyTt,63,easy,1,16278,Clustering & Unsupervised
jxlFWYs7WyTt,64,easy,1,8385,Clustering & Unsupervised
jxlFWYs7WyTt,65,easy,1,11875,Clustering & Unsupervised
jxlFWYs7WyTt,66,easy,1,8385,Clustering & Unsupervised
jxlFWYs7WyTt,67,medium,1,24908,Clustering & Unsupervised
jxlFWYs7WyTt,68,easy,1,16278,Clustering & Unsupervised
jxlFWYs7WyTt,69,easy,1,13841,Clustering & Unsupervised
jxlFWYs7WyTt,70,easy,1,8385,Clustering & Unsupervised
jxlFWYs7WyTt,71,easy,0,18314,Clustering & Unsupervised
jxlFWYs7WyTt,72,medium,0,26492,Clustering & Unsupervised
jxlFWYs7WyTt,73,easy,1,12759,Classification & Modeling
jxlFWYs7WyTt,74,easy,1,8385,Misc / Tools
jxlFWYs7WyTt,75,medium,0,28691,Classification & Modeling
jxlFWYs7WyTt,76,easy,1,19766,Clustering & Unsupervised
jxlFWYs7WyTt,77,medium,1,25551,Clustering & Unsupervised
jxlFWYs7WyTt,78,medium,0,26492,Clustering & Unsupervised
jxlFWYs7WyTt,79,easy,1,19559,Classification & Modeling
jxlFWYs7WyTt,80,easy,1,13110,Clustering & Unsupervised
jxlFWYs7WyTt,81,easy,1,18955,Clustering & Unsupervised
jxlFWYs7WyTt,82,easy,1,14256,Clustering & Unsupervised
jxlFWYs7WyTt,83,easy,1,14134,Clustering & Unsupervised
jxlFWYs7WyTt,84,easy,1,13841,Clustering & Unsupervised
jxlFWYs7WyTt,85,medium,1,25554,Clustering & Unsupervised
jxlFWYs7WyTt,86,easy,1,12759,Clustering & Unsupervised
jxlFWYs7WyTt,87,easy,1,14212,Clustering & Unsupervised
jxlFWYs7WyTt,88,easy,1,14066,Clustering & Unsupervised
jxlFWYs7WyTt,89,easy,1,18955,Misc / Tools
jxlFWYs7WyTt,90,hard,0,25653,Classification & Modeling
wlfxRfJtBw5L,61,easy,1,11884,Clustering & Unsupervised
wlfxRfJtBw5L,62,easy,1,14145,Clustering & Unsupervised
wlfxRfJtBw5L,63,easy,0,19506,Clustering & Unsupervised
wlfxRfJtBw5L,64,easy,1,8392,Clustering & Unsupervised
wlfxRfJtBw5L,65,easy,1,11884,Clustering & Unsupervised
wlfxRfJtBw5L,66,easy,1,8392,Clustering & Unsupervised
wlfxRfJtBw5L,67,medium,1,24256,Clustering & Unsupervised
wlfxRfJtBw5L,68,easy,1,16291,Clustering & Unsupervised
wlfxRfJtBw5L,69,easy,1,13852,Clustering & Unsupervised
wlfxRfJtBw5L,70,easy,1,8392,Clustering & Unsupervised
wlfxRfJtBw5L,71,easy,1,14223,Clustering & Unsupervised
wlfxRfJtBw5L,72,medium,0,25799,Clustering & Unsupervised
wlfxRfJtBw5L,73,easy,1,12769,Classification & Modeling
wlfxRfJtBw5L,74,easy,1,8392,Misc / Tools
wlfxRfJtBw5L,75,medium,1,26620,Classification & Modeling
wlfxRfJtBw5L,76,easy,0,22534,Clustering & Unsupervised
wlfxRfJtBw5L,77,medium,1,24882,Clustering & Unsupervised
wlfxRfJtBw5L,78,medium,1,24563,Clustering & Unsupervised
wlfxRfJtBw5L,79,easy,0,22260,Classification & Modeling
wlfxRfJtBw5L,80,easy,1,13121,Clustering & Unsupervised
wlfxRfJtBw5L,81,easy,1,18970,Clustering & Unsupervised
wlfxRfJtBw5L,82,easy,1,14267,Clustering & Unsupervised
wlfxRfJtBw5L,83,easy,1,14145,Clustering & Unsupervised
wlfxRfJtBw5L,84,easy,1,13852,Clustering & Unsupervised
wlfxRfJtBw5L,85,medium,0,26119,Clustering & Unsupervised
wlfxRfJtBw5L,86,easy,1,12769,Clustering & Unsupervised
wlfxRfJtBw5L,87,easy,1,14223,Clustering & Unsupervised
wlfxRfJtBw5L,88,easy,1,14077,Clustering & Unsupervised
wlfxRfJtBw5L,89,easy,1,18970,Misc / Tools
wlfxRfJtBw5L,90,hard,0,24981,Classification & Modeling
jMkOnTydcqm6,61,easy,1,14590,Clustering & Unsupervised
jMkOnTydcqm6,62,easy,1,16004,Clustering & Unsupervised
jMkOnTydcqm6,63,easy,0,24820,Clustering & Unsupervised
jMkOnTydcqm6,64,easy,1,10223,Clustering & Unsupervised
jMkOnTydcqm6,65,easy,1,14590,Clustering & Unsupervised
jMkOnTydcqm6,66,easy,1,10223,Clustering & Unsupervised
jMkOnTydcqm6,67,medium,1,27890,Clustering & Unsupervised
jMkOnTydcqm6,68,easy,1,18432,Clustering & Unsupervised
jMkOnTydcqm6,69,easy,1,15124,Clustering & Unsupervised
jMkOnTydcqm6,70,easy,1,10223,Clustering & Unsupervised
jMkOnTydcqm6,71,easy,1,15317,Clustering & Unsupervised
jMkOnTydcqm6,72,medium,1,28243,Clustering & Unsupervised
jMkOnTydcqm6,73,easy,1,14447,Classification & Modeling
jMkOnTydcqm6,74,easy,1,10223,Misc / Tools
jMkOnTydcqm6,75,medium,1,30608,Classification & Modeling
jMkOnTydcqm6,76,easy,0,24927,Clustering & Unsupervised
jMkOnTydcqm6,77,medium,1,28785,Clustering & Unsupervised
jMkOnTydcqm6,78,medium,1,28243,Clustering & Unsupervised
jMkOnTydcqm6,79,easy,0,24625,Classification & Modeling
jMkOnTydcqm6,80,easy,1,14845,Clustering & Unsupervised
jMkOnTydcqm6,81,easy,1,19990,Clustering & Unsupervised
jMkOnTydcqm6,82,easy,1,15303,Clustering & Unsupervised
jMkOnTydcqm6,83,easy,1,16004,Clustering & Unsupervised
jMkOnTydcqm6,84,easy,1,15124,Clustering & Unsupervised
jMkOnTydcqm6,85,medium,0,32846,Clustering & Unsupervised
jMkOnTydcqm6,86,easy,1,14447,Clustering & Unsupervised
jMkOnTydcqm6,87,easy,1,15317,Clustering & Unsupervised
jMkOnTydcqm6,88,easy,1,14811,Clustering & Unsupervised
jMkOnTydcqm6,89,easy,1,19990,Misc / Tools
jMkOnTydcqm6,90,hard,0,29876,Classification & Modeling
BSLGp0wdoAqj,61,easy,1,11875,Clustering & Unsupervised
BSLGp0wdoAqj,62,easy,1,14134,Clustering & Unsupervised
BSLGp0wdoAqj,63,easy,0,19490,Clustering & Unsupervised
BSLGp0wdoAqj,64,easy,1,8385,Clustering & Unsupervised
BSLGp0wdoAqj,65,easy,1,11875,Clustering & Unsupervised
BSLGp0wdoAqj,66,easy,1,8385,Clustering & Unsupervised
BSLGp0wdoAqj,67,medium,1,24908,Clustering & Unsupervised
BSLGp0wdoAqj,68,easy,1,16278,Clustering & Unsupervised
BSLGp0wdoAqj,69,easy,1,13841,Clustering & Unsupervised
BSLGp0wdoAqj,70,easy,1,8385,Clustering & Unsupervised
BSLGp0wdoAqj,71,easy,1,14212,Clustering & Unsupervised
BSLGp0wdoAqj,72,medium,0,26492,Clustering & Unsupervised
BSLGp0wdoAqj,73,easy,1,12759,Classification & Modeling
BSLGp0wdoAqj,74,easy,1,8385,Misc / Tools
BSLGp0wdoAqj,75,medium,1,27335,Classification & Modeling
BSLGp0wdoAqj,76,easy,0,22664,Clustering & Unsupervised
BSLGp0wdoAqj,77,medium,1,25551,Clustering & Unsupervised
BSLGp0wdoAqj,78,medium,1,25224,Clustering & Unsupervised
BSLGp0wdoAqj,79,easy,0,22389,Classification & Modeling
BSLGp0wdoAqj,80,easy,1,13110,Clustering & Unsupervised
BSLGp0wdoAqj,81,easy,0,21286,Clustering & Unsupervised
BSLGp0wdoAqj,82,easy,0,18529,Clustering & Unsupervised
BSLGp0wdoAqj,83,easy,1,14134,Clustering & Unsupervised
BSLGp0wdoAqj,84,easy,1,13841,Clustering & Unsupervised
BSLGp0wdoAqj,85,medium,0,26821,Clustering & Unsupervised
BSLGp0wdoAqj,86,easy,1,12759,Clustering & Unsupervised
BSLGp0wdoAqj,87,easy,1,14212,Clustering & Unsupervised
BSLGp0wdoAqj,88,easy,1,14066,Clustering & Unsupervised
BSLGp0wdoAqj,89,easy,1,18955,Misc / Tools
BSLGp0wdoAqj,90,hard,0,25653,Classification & Modeling
a9ej6jzpNOPn,61,easy,1,15659,Clustering & Unsupervised
a9ej6jzpNOPn,62,easy,1,17117,Clustering & Unsupervised
a9ej6jzpNOPn,63,easy,1,19714,Clustering & Unsupervised
a9ej6jzpNOPn,64,easy,1,11094,Clustering & Unsupervised
a9ej6jzpNOPn,65,easy,1,15659,Clustering & Unsupervised
a9ej6jzpNOPn,66,easy,1,11094,Clustering & Unsupervised
a9ej6jzpNOPn,67,medium,1,30495,Clustering & Unsupervised
a9ej6jzpNOPn,68,easy,1,19714,Clustering & Unsupervised
a9ej6jzpNOPn,69,easy,1,16245,Clustering & Unsupervised
a9ej6jzpNOPn,70,easy,1,11094,Clustering & Unsupervised
a9ej6jzpNOPn,71,easy,1,16452,Clustering & Unsupervised
a9ej6jzpNOPn,72,medium,1,30881,Clustering & Unsupervised
a9ej6jzpNOPn,73,easy,1,15451,Classification & Modeling
a9ej6jzpNOPn,74,easy,1,11094,Misc / Tools
a9ej6jzpNOPn,75,medium,0,38274,Classification & Modeling
a9ej6jzpNOPn,76,easy,1,22799,Clustering & Unsupervised
a9ej6jzpNOPn,77,medium,0,36256,Clustering & Unsupervised
a9ej6jzpNOPn,78,medium,1,30881,Clustering & Unsupervised
a9ej6jzpNOPn,79,easy,1,22560,Classification & Modeling
a9ej6jzpNOPn,80,easy,1,15877,Clustering & Unsupervised
a9ej6jzpNOPn,81,easy,0,25043,Clustering & Unsupervised
a9ej6jzpNOPn,82,easy,1,16613,Clustering & Unsupervised
a9ej6jzpNOPn,83,easy,1,17117,Clustering & Unsupervised
a9ej6jzpNOPn,84,easy,1,16245,Clustering & Unsupervised
a9ej6jzpNOPn,85,medium,1,31285,Clustering & Unsupervised
a9ej6jzpNOPn,86,easy,1,15451,Clustering & Unsupervised
a9ej6jzpNOPn,87,easy,1,16452,Clustering & Unsupervised
a9ej6jzpNOPn,88,easy,1,15881,Clustering & Unsupervised
a9ej6jzpNOPn,89,easy,1,21633,Misc / Tools
a9ej6jzpNOPn,90,hard,0,31137,Classification & Modeling
eH9XZKUjDCDF,61,easy,1,15659,Clustering & Unsupervised
eH9XZKUjDCDF,62,easy,1,17117,Clustering & Unsupervised
eH9XZKUjDCDF,63,easy,1,19714,Clustering & Unsupervised
eH9XZKUjDCDF,64,easy,1,11094,Clustering & Unsupervised
eH9XZKUjDCDF,65,easy,1,15659,Clustering & Unsupervised
eH9XZKUjDCDF,66,easy,1,11094,Clustering & Unsupervised
eH9XZKUjDCDF,67,medium,1,30495,Clustering & Unsupervised
eH9XZKUjDCDF,68,easy,1,19714,Clustering & Unsupervised
eH9XZKUjDCDF,69,easy,1,16245,Clustering & Unsupervised
eH9XZKUjDCDF,70,easy,1,11094,Clustering & Unsupervised
eH9XZKUjDCDF,71,easy,1,16452,Clustering & Unsupervised
eH9XZKUjDCDF,72,medium,1,30881,Clustering & Unsupervised
eH9XZKUjDCDF,73,easy,0,20729,Classification & Modeling
eH9XZKUjDCDF,74,easy,1,11094,Misc / Tools
eH9XZKUjDCDF,75,medium,0,38274,Classification & Modeling
eH9XZKUjDCDF,76,easy,1,22799,Clustering & Unsupervised
eH9XZKUjDCDF,77,medium,1,31474,Clustering & Unsupervised
eH9XZKUjDCDF,78,medium,1,30881,Clustering & Unsupervised
eH9XZKUjDCDF,79,easy,1,22560,Classification & Modeling
eH9XZKUjDCDF,80,easy,1,15877,Clustering & Unsupervised
eH9XZKUjDCDF,81,easy,1,21633,Clustering & Unsupervised
eH9XZKUjDCDF,82,easy,1,16613,Clustering & Unsupervised
eH9XZKUjDCDF,83,easy,1,17117,Clustering & Unsupervised
eH9XZKUjDCDF,84,easy,1,16245,Clustering & Unsupervised
eH9XZKUjDCDF,85,medium,1,31285,Clustering & Unsupervised
eH9XZKUjDCDF,86,easy,1,15451,Clustering & Unsupervised
eH9XZKUjDCDF,87,easy,1,16452,Clustering & Unsupervised
eH9XZKUjDCDF,88,easy,1,15881,Clustering & Unsupervised
eH9XZKUjDCDF,89,easy,1,21633,Misc / Tools
eH9XZKUjDCDF,90,hard,0,31137,Classification & Modeling
RZdtks4i4HNy,61,easy,1,11553,Clustering & Unsupervised
RZdtks4i4HNy,62,easy,0,16523,Clustering & Unsupervised
RZdtks4i4HNy,63,easy,1,16803,Clustering & Unsupervised
RZdtks4i4HNy,64,easy,1,8227,Clustering & Unsupervised
RZdtks4i4HNy,65,easy,1,11553,Clustering & Unsupervised
RZdtks4i4HNy,66,easy,1,8227,Clustering & Unsupervised
RZdtks4i4HNy,67,medium,1,25986,Clustering & Unsupervised
RZdtks4i4HNy,68,easy,0,18185,Clustering & Unsupervised
RZdtks4i4HNy,69,easy,0,15610,Clustering & Unsupervised
RZdtks4i4HNy,70,easy,1,8227,Clustering & Unsupervised
RZdtks4i4HNy,71,easy,0,16658,Clustering & Unsupervised
RZdtks4i4HNy,72,medium,0,25775,Clustering & Unsupervised
RZdtks4i4HNy,73,easy,0,14254,Classification & Modeling
RZdtks4i4HNy,74,easy,1,8227,Misc / Tools
RZdtks4i4HNy,75,medium,0,28381,Classification & Modeling
RZdtks4i4HNy,76,easy,1,20526,Clustering & Unsupervised
RZdtks4i4HNy,77,medium,1,26923,Clustering & Unsupervised
RZdtks4i4HNy,78,medium,1,26315,Clustering & Unsupervised
RZdtks4i4HNy,79,easy,1,20353,Classification & Modeling
RZdtks4i4HNy,80,easy,1,13533,Clustering & Unsupervised
RZdtks4i4HNy,81,easy,1,19607,Clustering & Unsupervised
RZdtks4i4HNy,82,easy,1,14866,Clustering & Unsupervised
RZdtks4i4HNy,83,easy,1,14913,Clustering & Unsupervised
RZdtks4i4HNy,84,easy,0,15610,Clustering & Unsupervised
RZdtks4i4HNy,85,medium,0,26095,Clustering & Unsupervised
RZdtks4i4HNy,86,easy,1,13170,Clustering & Unsupervised
RZdtks4i4HNy,87,easy,0,16658,Clustering & Unsupervised
RZdtks4i4HNy,88,easy,1,14570,Clustering & Unsupervised
RZdtks4i4HNy,89,easy,1,19607,Misc / Tools
RZdtks4i4HNy,90,hard,0,24983,Classification & Modeling
cn7NB6JfQDTq,61,easy,1,13046,Clustering & Unsupervised
cn7NB6JfQDTq,62,easy,1,15769,Clustering & Unsupervised
cn7NB6JfQDTq,63,easy,1,17892,Clustering & Unsupervised
cn7NB6JfQDTq,64,easy,1,9274,Clustering & Unsupervised
cn7NB6JfQDTq,65,easy,1,13046,Clustering & Unsupervised
cn7NB6JfQDTq,66,easy,1,9274,Clustering & Unsupervised
cn7NB6JfQDTq,67,medium,0,29068,Clustering & Unsupervised
cn7NB6JfQDTq,68,easy,1,17892,Clustering & Unsupervised
cn7NB6JfQDTq,69,easy,1,15214,Clustering & Unsupervised
cn7NB6JfQDTq,70,easy,1,9274,Clustering & Unsupervised
cn7NB6JfQDTq,71,easy,1,15621,Clustering & Unsupervised
cn7NB6JfQDTq,72,medium,1,28839,Clustering & Unsupervised
cn7NB6JfQDTq,73,easy,1,14024,Classification & Modeling
cn7NB6JfQDTq,74,easy,1,9274,Misc / Tools
cn7NB6JfQDTq,75,medium,1,31776,Classification & Modeling
cn7NB6JfQDTq,76,easy,1,21905,Clustering & Unsupervised
cn7NB6JfQDTq,77,medium,0,30621,Clustering & Unsupervised
cn7NB6JfQDTq,78,medium,1,28839,Clustering & Unsupervised
cn7NB6JfQDTq,79,easy,1,21676,Classification & Modeling
cn7NB6JfQDTq,80,easy,1,14410,Clustering & Unsupervised
cn7NB6JfQDTq,81,easy,1,20834,Clustering & Unsupervised
cn7NB6JfQDTq,82,easy,1,15796,Clustering & Unsupervised
cn7NB6JfQDTq,83,easy,1,15769,Clustering & Unsupervised
cn7NB6JfQDTq,84,easy,1,15214,Clustering & Unsupervised
cn7NB6JfQDTq,85,medium,0,30102,Clustering & Unsupervised
cn7NB6JfQDTq,86,easy,1,14024,Clustering & Unsupervised
cn7NB6JfQDTq,87,easy,0,19471,Clustering & Unsupervised
cn7NB6JfQDTq,88,easy,1,15460,Clustering & Unsupervised
cn7NB6JfQDTq,89,easy,0,22279,Misc / Tools
cn7NB6JfQDTq,90,hard,0,28791,Classification & Modeling
tE1MOwmVibN4,61,easy,1,12592,Clustering & Unsupervised
tE1MOwmVibN4,62,easy,1,14939,Clustering & Unsupervised
tE1MOwmVibN4,63,easy,1,17206,Clustering & Unsupervised
tE1MOwmVibN4,64,easy,1,8863,Clustering & Unsupervised
tE1MOwmVibN4,65,easy,1,12592,Clustering & Unsupervised
tE1MOwmVibN4,66,easy,1,8863,Clustering & Unsupervised
tE1MOwmVibN4,67,medium,1,27386,Clustering & Unsupervised
tE1MOwmVibN4,68,easy,1,17206,Clustering & Unsupervised
tE1MOwmVibN4,69,easy,1,14630,Clustering & Unsupervised
tE1MOwmVibN4,70,easy,1,8863,Clustering & Unsupervised
tE1MOwmVibN4,71,easy,1,15021,Clustering & Unsupervised
tE1MOwmVibN4,72,medium,0,29127,Clustering & Unsupervised
tE1MOwmVibN4,73,easy,1,13486,Classification & Modeling
tE1MOwmVibN4,74,easy,1,8863,Misc / Tools
tE1MOwmVibN4,75,medium,0,31545,Classification & Modeling
tE1MOwmVibN4,76,easy,1,21065,Clustering & Unsupervised
tE1MOwmVibN4,77,medium,0,29997,Clustering & Unsupervised
tE1MOwmVibN4,78,medium,1,27733,Clustering & Unsupervised
tE1MOwmVibN4,79,easy,0,23433,Classification & Modeling
tE1MOwmVibN4,80,easy,1,13857,Clustering & Unsupervised
tE1MOwmVibN4,81,easy,0,21825,Clustering & Unsupervised
tE1MOwmVibN4,82,easy,1,15190,Clustering & Unsupervised
tE1MOwmVibN4,83,easy,1,14939,Clustering & Unsupervised
tE1MOwmVibN4,84,easy,1,14630,Clustering & Unsupervised
tE1MOwmVibN4,85,medium,1,28096,Clustering & Unsupervised
tE1MOwmVibN4,86,easy,1,13486,Clustering & Unsupervised
tE1MOwmVibN4,87,easy,1,15021,Clustering & Unsupervised
tE1MOwmVibN4,88,easy,1,14867,Clustering & Unsupervised
tE1MOwmVibN4,89,easy,0,21825,Misc / Tools
tE1MOwmVibN4,90,hard,1,27924,Classification & Modeling
CyGywfdJf5VZ,61,easy,1,10621,Clustering & Unsupervised
CyGywfdJf5VZ,62,easy,1,12642,Clustering & Unsupervised
CyGywfdJf5VZ,63,easy,1,14560,Clustering & Unsupervised
CyGywfdJf5VZ,64,easy,1,7500,Clustering & Unsupervised
CyGywfdJf5VZ,65,easy,1,10621,Clustering & Unsupervised
CyGywfdJf5VZ,66,easy,1,7500,Clustering & Unsupervised
CyGywfdJf5VZ,67,medium,1,22053,Clustering & Unsupervised
CyGywfdJf5VZ,68,easy,1,14560,Clustering & Unsupervised
CyGywfdJf5VZ,69,easy,1,12453,Clustering & Unsupervised
CyGywfdJf5VZ,70,easy,1,7500,Clustering & Unsupervised
CyGywfdJf5VZ,71,easy,1,12786,Clustering & Unsupervised
CyGywfdJf5VZ,72,medium,0,23456,Clustering & Unsupervised
CyGywfdJf5VZ,73,easy,1,11412,Classification & Modeling
CyGywfdJf5VZ,74,easy,1,7500,Misc / Tools
CyGywfdJf5VZ,75,medium,1,24202,Classification & Modeling
CyGywfdJf5VZ,76,easy,1,17867,Clustering & Unsupervised
CyGywfdJf5VZ,77,medium,0,23916,Clustering & Unsupervised
CyGywfdJf5VZ,78,medium,1,22332,Clustering & Unsupervised
CyGywfdJf5VZ,79,easy,0,20239,Classification & Modeling
CyGywfdJf5VZ,80,easy,1,11726,Clustering & Unsupervised
CyGywfdJf5VZ,81,easy,1,17054,Clustering & Unsupervised
CyGywfdJf5VZ,82,easy,1,12826,Clustering & Unsupervised
CyGywfdJf5VZ,83,easy,1,12642,Clustering & Unsupervised
CyGywfdJf5VZ,84,easy,1,12453,Clustering & Unsupervised
CyGywfdJf5VZ,85,medium,1,22625,Clustering & Unsupervised
CyGywfdJf5VZ,86,easy,1,11412,Clustering & Unsupervised
CyGywfdJf5VZ,87,easy,1,12786,Clustering & Unsupervised
CyGywfdJf5VZ,88,easy,1,12655,Clustering & Unsupervised
CyGywfdJf5VZ,89,easy,1,17054,Misc / Tools
CyGywfdJf5VZ,90,hard,1,22486,Classification & Modeling
nWRIo9XQJBPf,61,easy,1,15659,Clustering & Unsupervised
nWRIo9XQJBPf,62,easy,1,17117,Clustering & Unsupervised
nWRIo9XQJBPf,63,easy,1,19714,Clustering & Unsupervised
nWRIo9XQJBPf,64,easy,1,11094,Clustering & Unsupervised
nWRIo9XQJBPf,65,easy,1,15659,Clustering & Unsupervised
nWRIo9XQJBPf,66,easy,1,11094,Clustering & Unsupervised
nWRIo9XQJBPf,67,medium,1,30495,Clustering & Unsupervised
nWRIo9XQJBPf,68,easy,1,19714,Clustering & Unsupervised
nWRIo9XQJBPf,69,easy,1,16245,Clustering & Unsupervised
nWRIo9XQJBPf,70,easy,1,11094,Clustering & Unsupervised
nWRIo9XQJBPf,71,easy,0,22606,Clustering & Unsupervised
nWRIo9XQJBPf,72,medium,0,35341,Clustering & Unsupervised
nWRIo9XQJBPf,73,easy,1,15451,Classification & Modeling
nWRIo9XQJBPf,74,easy,1,11094,Misc / Tools
nWRIo9XQJBPf,75,medium,1,33467,Classification & Modeling
nWRIo9XQJBPf,76,easy,0,26950,Clustering & Unsupervised
nWRIo9XQJBPf,77,medium,0,36256,Clustering & Unsupervised
nWRIo9XQJBPf,78,medium,0,35341,Clustering & Unsupervised
nWRIo9XQJBPf,79,easy,1,22560,Classification & Modeling
nWRIo9XQJBPf,80,easy,1,15877,Clustering & Unsupervised
nWRIo9XQJBPf,81,easy,1,21633,Clustering & Unsupervised
nWRIo9XQJBPf,82,easy,1,16613,Clustering & Unsupervised
nWRIo9XQJBPf,83,easy,1,17117,Clustering & Unsupervised
nWRIo9XQJBPf,84,easy,1,16245,Clustering & Unsupervised
nWRIo9XQJBPf,85,medium,1,31285,Clustering & Unsupervised
nWRIo9XQJBPf,86,easy,1,15451,Clustering & Unsupervised
nWRIo9XQJBPf,87,easy,1,16452,Clustering & Unsupervised
nWRIo9XQJBPf,88,easy,1,15881,Clustering & Unsupervised
nWRIo9XQJBPf,89,easy,1,21633,Misc / Tools
nWRIo9XQJBPf,90,hard,0,31137,Classification & Modeling
BOOMKrcykzvF,61,easy,1,10455,Clustering & Unsupervised
BOOMKrcykzvF,62,easy,1,13583,Clustering & Unsupervised
BOOMKrcykzvF,63,easy,1,15484,Clustering & Unsupervised
BOOMKrcykzvF,64,easy,1,7445,Clustering & Unsupervised
BOOMKrcykzvF,65,easy,1,10455,Clustering & Unsupervised
BOOMKrcykzvF,66,easy,1,7445,Clustering & Unsupervised
BOOMKrcykzvF,67,medium,1,23322,Clustering & Unsupervised
BOOMKrcykzvF,68,easy,1,15484,Clustering & Unsupervised
BOOMKrcykzvF,69,easy,1,13153,Clustering & Unsupervised
BOOMKrcykzvF,70,easy,0,7955,Clustering & Unsupervised
BOOMKrcykzvF,71,easy,1,13989,Clustering & Unsupervised
BOOMKrcykzvF,72,medium,0,19379,Clustering & Unsupervised
BOOMKrcykzvF,73,easy,1,12191,Classification & Modeling
BOOMKrcykzvF,74,easy,1,7445,Misc / Tools
BOOMKrcykzvF,75,medium,0,21351,Classification & Modeling
BOOMKrcykzvF,76,easy,1,18442,Clustering & Unsupervised
BOOMKrcykzvF,77,medium,1,23378,Clustering & Unsupervised
BOOMKrcykzvF,78,medium,1,22850,Clustering & Unsupervised
BOOMKrcykzvF,79,easy,0,16882,Classification & Modeling
BOOMKrcykzvF,80,easy,1,12479,Clustering & Unsupervised
BOOMKrcykzvF,81,easy,1,14792,Clustering & Unsupervised
BOOMKrcykzvF,82,easy,0,14166,Clustering & Unsupervised
BOOMKrcykzvF,83,easy,1,13583,Clustering & Unsupervised
BOOMKrcykzvF,84,easy,1,13153,Clustering & Unsupervised
BOOMKrcykzvF,85,medium,1,23646,Clustering & Unsupervised
BOOMKrcykzvF,86,easy,1,12191,Clustering & Unsupervised
BOOMKrcykzvF,87,easy,0,15076,Clustering & Unsupervised
BOOMKrcykzvF,88,easy,0,14896,Clustering & Unsupervised
BOOMKrcykzvF,89,easy,0,15754,Misc / Tools
BOOMKrcykzvF,90,hard,0,18808,Classification & Modeling
tmTN8RB25aRn,61,easy,1,14428,Clustering & Unsupervised
tmTN8RB25aRn,62,easy,1,15768,Clustering & Unsupervised
tmTN8RB25aRn,63,easy,1,18160,Clustering & Unsupervised
tmTN8RB25aRn,64,easy,1,10220,Clustering & Unsupervised
tmTN8RB25aRn,65,easy,1,14428,Clustering & Unsupervised
tmTN8RB25aRn,66,easy,1,10220,Clustering & Unsupervised
tmTN8RB25aRn,67,medium,0,33032,Clustering & Unsupervised
tmTN8RB25aRn,68,easy,1,18160,Clustering & Unsupervised
tmTN8RB25aRn,69,easy,1,14799,Clustering & Unsupervised
tmTN8RB25aRn,70,easy,1,10220,Clustering & Unsupervised
tmTN8RB25aRn,71,easy,1,14987,Clustering & Unsupervised
tmTN8RB25aRn,72,medium,1,28173,Clustering & Unsupervised
tmTN8RB25aRn,73,easy,1,14234,Classification & Modeling
tmTN8RB25aRn,74,easy,1,10220,Misc / Tools
tmTN8RB25aRn,75,medium,1,30532,Classification & Modeling
tmTN8RB25aRn,76,easy,1,20615,Clustering & Unsupervised
tmTN8RB25aRn,77,medium,1,28714,Clustering & Unsupervised
tmTN8RB25aRn,78,medium,0,33357,Clustering & Unsupervised
tmTN8RB25aRn,79,easy,1,20399,Classification & Modeling
tmTN8RB25aRn,80,easy,1,14626,Clustering & Unsupervised
tmTN8RB25aRn,81,easy,1,19791,Clustering & Unsupervised
tmTN8RB25aRn,82,easy,1,15523,Clustering & Unsupervised
tmTN8RB25aRn,83,easy,1,15768,Clustering & Unsupervised
tmTN8RB25aRn,84,easy,1,14799,Clustering & Unsupervised
tmTN8RB25aRn,85,medium,1,28542,Clustering & Unsupervised
tmTN8RB25aRn,86,easy,1,14234,Clustering & Unsupervised
tmTN8RB25aRn,87,easy,1,14987,Clustering & Unsupervised
tmTN8RB25aRn,88,easy,1,14492,Clustering & Unsupervised
tmTN8RB25aRn,89,easy,1,19791,Misc / Tools
tmTN8RB25aRn,90,hard,0,33078,Classification & Modeling
kfwxRJXSzs3o,61,easy,1,11640,Clustering & Unsupervised
kfwxRJXSzs3o,62,easy,1,14920,Clustering & Unsupervised
kfwxRJXSzs3o,63,easy,1,16929,Clustering & Unsupervised
kfwxRJXSzs3o,64,easy,1,8289,Clustering & Unsupervised
kfwxRJXSzs3o,65,easy,1,11640,Clustering & Unsupervised
kfwxRJXSzs3o,66,easy,1,8289,Clustering & Unsupervised
kfwxRJXSzs3o,67,medium,1,26373,Clustering & Unsupervised
kfwxRJXSzs3o,68,easy,1,16929,Clustering & Unsupervised
kfwxRJXSzs3o,69,easy,1,14446,Clustering & Unsupervised
kfwxRJXSzs3o,70,easy,1,8289,Clustering & Unsupervised
kfwxRJXSzs3o,71,easy,1,14832,Clustering & Unsupervised
kfwxRJXSzs3o,72,medium,0,26074,Clustering & Unsupervised
kfwxRJXSzs3o,73,easy,1,13269,Classification & Modeling
kfwxRJXSzs3o,74,easy,1,8289,Misc / Tools
kfwxRJXSzs3o,75,medium,1,29427,Classification & Modeling
kfwxRJXSzs3o,76,easy,0,21807,Clustering & Unsupervised
kfwxRJXSzs3o,77,medium,1,27324,Clustering & Unsupervised
kfwxRJXSzs3o,78,medium,1,26707,Clustering & Unsupervised
kfwxRJXSzs3o,79,easy,0,21542,Classification & Modeling
kfwxRJXSzs3o,80,easy,1,13635,Clustering & Unsupervised
kfwxRJXSzs3o,81,easy,1,19755,Clustering & Unsupervised
kfwxRJXSzs3o,82,easy,0,16892,Clustering & Unsupervised
kfwxRJXSzs3o,83,easy,1,14920,Clustering & Unsupervised
kfwxRJXSzs3o,84,easy,1,14446,Clustering & Unsupervised
kfwxRJXSzs3o,85,medium,0,26397,Clustering & Unsupervised
kfwxRJXSzs3o,86,easy,1,13269,Clustering & Unsupervised
kfwxRJXSzs3o,87,easy,1,14832,Clustering & Unsupervised
kfwxRJXSzs3o,88,easy,1,14680,Clustering & Unsupervised
kfwxRJXSzs3o,89,easy,1,19755,Misc / Tools
kfwxRJXSzs3o,90,hard,0,25069,Classification & Modeling
BJE8NOUNFGYz,61,easy,1,11699,Clustering & Unsupervised
BJE8NOUNFGYz,62,easy,1,13794,Clustering & Unsupervised
BJE8NOUNFGYz,63,easy,1,15887,Clustering & Unsupervised
BJE8NOUNFGYz,64,easy,1,8234,Clustering & Unsupervised
BJE8NOUNFGYz,65,easy,1,11699,Clustering & Unsupervised
BJE8NOUNFGYz,66,easy,1,8234,Clustering & Unsupervised
BJE8NOUNFGYz,67,medium,0,26767,Clustering & Unsupervised
BJE8NOUNFGYz,68,easy,1,15887,Clustering & Unsupervised
BJE8NOUNFGYz,69,easy,1,13509,Clustering & Unsupervised
BJE8NOUNFGYz,70,easy,1,8234,Clustering & Unsupervised
BJE8NOUNFGYz,71,easy,0,17800,Clustering & Unsupervised
BJE8NOUNFGYz,72,medium,1,25561,Clustering & Unsupervised
BJE8NOUNFGYz,73,easy,1,12452,Classification & Modeling
BJE8NOUNFGYz,74,easy,1,8234,Misc / Tools
BJE8NOUNFGYz,75,medium,0,29652,Classification & Modeling
BJE8NOUNFGYz,76,easy,1,19275,Clustering & Unsupervised
BJE8NOUNFGYz,77,medium,1,25963,Clustering & Unsupervised
BJE8NOUNFGYz,78,medium,0,27380,Clustering & Unsupervised
BJE8NOUNFGYz,79,easy,1,19073,Classification & Modeling
BJE8NOUNFGYz,80,easy,1,12795,Clustering & Unsupervised
BJE8NOUNFGYz,81,easy,0,20367,Clustering & Unsupervised
BJE8NOUNFGYz,82,easy,0,18155,Clustering & Unsupervised
BJE8NOUNFGYz,83,easy,1,13794,Clustering & Unsupervised
BJE8NOUNFGYz,84,easy,1,13509,Clustering & Unsupervised
BJE8NOUNFGYz,85,medium,0,27720,Clustering & Unsupervised
BJE8NOUNFGYz,86,easy,1,12452,Clustering & Unsupervised
BJE8NOUNFGYz,87,easy,1,13745,Clustering & Unsupervised
BJE8NOUNFGYz,88,easy,1,13728,Clustering & Unsupervised
BJE8NOUNFGYz,89,easy,1,18333,Misc / Tools
BJE8NOUNFGYz,90,hard,0,26513,Classification & Modeling
GiEhMndZmOa5,61,easy,1,12552,Clustering & Unsupervised
GiEhMndZmOa5,62,easy,1,14892,Clustering & Unsupervised
GiEhMndZmOa5,63,easy,1,17152,Clustering & Unsupervised
GiEhMndZmOa5,64,easy,1,8835,Clustering & Unsupervised
GiEhMndZmOa5,65,easy,1,12552,Clustering & Unsupervised
GiEhMndZmOa5,66,easy,1,8835,Clustering & Unsupervised
GiEhMndZmOa5,67,medium,1,27299,Clustering & Unsupervised
GiEhMndZmOa5,68,easy,1,17152,Clustering & Unsupervised
GiEhMndZmOa5,69,easy,1,14584,Clustering & Unsupervised
GiEhMndZmOa5,70,easy,1,8835,Clustering & Unsupervised
GiEhMndZmOa5,71,easy,1,14974,Clustering & Unsupervised
GiEhMndZmOa5,72,medium,0,29035,Clustering & Unsupervised
GiEhMndZmOa5,73,easy,1,13443,Classification & Modeling
GiEhMndZmOa5,74,easy,1,8835,Misc / Tools
GiEhMndZmOa5,75,medium,1,29960,Classification & Modeling
GiEhMndZmOa5,76,easy,1,20999,Clustering & Unsupervised
GiEhMndZmOa5,77,medium,1,28004,Clustering & Unsupervised
GiEhMndZmOa5,78,medium,0,29035,Clustering & Unsupervised
GiEhMndZmOa5,79,easy,1,20779,Classification & Modeling
GiEhMndZmOa5,80,easy,1,13814,Clustering & Unsupervised
GiEhMndZmOa5,81,easy,1,19972,Clustering & Unsupervised
GiEhMndZmOa5,82,easy,1,15021,Clustering & Unsupervised
GiEhMndZmOa5,83,easy,1,14892,Clustering & Unsupervised
GiEhMndZmOa5,84,easy,1,14584,Clustering & Unsupervised
GiEhMndZmOa5,85,medium,1,28007,Clustering & Unsupervised
GiEhMndZmOa5,86,easy,1,13443,Clustering & Unsupervised
GiEhMndZmOa5,87,easy,1,14974,Clustering & Unsupervised
GiEhMndZmOa5,88,easy,1,14820,Clustering & Unsupervised
GiEhMndZmOa5,89,easy,1,19972,Misc / Tools
GiEhMndZmOa5,90,hard,0,28116,Classification & Modeling
dF0r7wVjsLSV,91,easy,1,16554,Classification & Modeling
dF0r7wVjsLSV,92,easy,1,11553,Classification & Modeling
dF0r7wVjsLSV,93,easy,1,11553,Classification & Modeling
dF0r7wVjsLSV,94,easy,1,11553,Classification & Modeling
dF0r7wVjsLSV,95,easy,1,14234,Classification & Modeling
dF0r7wVjsLSV,96,easy,1,11208,Classification & Modeling
dF0r7wVjsLSV,97,easy,1,14458,Classification & Modeling
dF0r7wVjsLSV,98,easy,1,11208,Classification & Modeling
dF0r7wVjsLSV,99,easy,1,11208,Classification & Modeling
dF0r7wVjsLSV,100,easy,1,11846,Classification & Modeling
dF0r7wVjsLSV,101,easy,1,11208,Classification & Modeling
dF0r7wVjsLSV,102,easy,0,15706,Classification & Modeling
dF0r7wVjsLSV,103,hard,0,19310,Clustering & Unsupervised
dF0r7wVjsLSV,104,easy,1,11846,Classification & Modeling
dF0r7wVjsLSV,105,easy,1,15426,Classification & Modeling
dF0r7wVjsLSV,106,easy,0,14132,Classification & Modeling
dF0r7wVjsLSV,107,medium,0,27993,Classification & Modeling
dF0r7wVjsLSV,108,medium,0,23692,Classification & Modeling
dF0r7wVjsLSV,109,medium,0,25153,Classification & Modeling
dF0r7wVjsLSV,110,easy,1,14338,Classification & Modeling
dF0r7wVjsLSV,111,medium,0,25895,Classification & Modeling
dF0r7wVjsLSV,112,easy,1,25058,Classification & Modeling
dF0r7wVjsLSV,113,easy,1,16554,Classification & Modeling
dF0r7wVjsLSV,114,easy,1,22272,Classification & Modeling
dF0r7wVjsLSV,115,easy,1,14338,Classification & Modeling
dF0r7wVjsLSV,116,easy,1,16893,Classification & Modeling
dF0r7wVjsLSV,117,easy,1,11208,Classification & Modeling
dF0r7wVjsLSV,118,hard,0,20085,Classification & Modeling
dF0r7wVjsLSV,119,hard,1,26395,Classification & Modeling
dF0r7wVjsLSV,120,easy,1,14458,Classification & Modeling
W0EkQhrkI3an,91,easy,1,14398,Classification & Modeling
W0EkQhrkI3an,92,easy,1,10621,Classification & Modeling
W0EkQhrkI3an,93,easy,1,10621,Classification & Modeling
W0EkQhrkI3an,94,easy,1,10621,Classification & Modeling
W0EkQhrkI3an,95,easy,1,12156,Classification & Modeling
W0EkQhrkI3an,96,easy,1,10218,Classification & Modeling
W0EkQhrkI3an,97,easy,1,12420,Classification & Modeling
W0EkQhrkI3an,98,easy,1,10218,Classification & Modeling
W0EkQhrkI3an,99,easy,1,10218,Classification & Modeling
W0EkQhrkI3an,100,easy,1,10332,Classification & Modeling
W0EkQhrkI3an,101,easy,1,10218,Classification & Modeling
W0EkQhrkI3an,102,easy,1,12453,Classification & Modeling
W0EkQhrkI3an,103,hard,0,16323,Clustering & Unsupervised
W0EkQhrkI3an,104,easy,1,10332,Classification & Modeling
W0EkQhrkI3an,105,easy,1,13418,Classification & Modeling
W0EkQhrkI3an,106,easy,1,10136,Classification & Modeling
W0EkQhrkI3an,107,medium,1,24247,Classification & Modeling
W0EkQhrkI3an,108,medium,0,21545,Classification & Modeling
W0EkQhrkI3an,109,medium,0,22726,Classification & Modeling
W0EkQhrkI3an,110,easy,1,12453,Classification & Modeling
W0EkQhrkI3an,111,medium,0,23420,Classification & Modeling
W0EkQhrkI3an,112,easy,1,21767,Classification & Modeling
W0EkQhrkI3an,113,easy,1,14398,Classification & Modeling
W0EkQhrkI3an,114,easy,1,18408,Classification & Modeling
W0EkQhrkI3an,115,easy,1,12453,Classification & Modeling
W0EkQhrkI3an,116,easy,1,14694,Classification & Modeling
W0EkQhrkI3an,117,easy,1,10218,Classification & Modeling
W0EkQhrkI3an,118,hard,0,18628,Classification & Modeling
W0EkQhrkI3an,119,hard,1,22400,Classification & Modeling
W0EkQhrkI3an,120,easy,1,12420,Classification & Modeling
d5279GvwAinX,91,easy,1,16782,Classification & Modeling
d5279GvwAinX,92,easy,1,11845,Classification & Modeling
d5279GvwAinX,93,easy,1,11845,Classification & Modeling
d5279GvwAinX,94,easy,1,11845,Classification & Modeling
d5279GvwAinX,95,easy,1,14430,Classification & Modeling
d5279GvwAinX,96,easy,0,14774,Classification & Modeling
d5279GvwAinX,97,easy,1,14657,Classification & Modeling
d5279GvwAinX,98,easy,1,11492,Classification & Modeling
d5279GvwAinX,99,easy,1,11492,Classification & Modeling
d5279GvwAinX,100,easy,0,13335,Classification & Modeling
d5279GvwAinX,101,easy,1,11492,Classification & Modeling
d5279GvwAinX,102,easy,0,16236,Classification & Modeling
d5279GvwAinX,103,hard,0,19693,Clustering & Unsupervised
d5279GvwAinX,104,easy,1,12009,Classification & Modeling
d5279GvwAinX,105,easy,1,15639,Classification & Modeling
d5279GvwAinX,106,easy,0,14774,Classification & Modeling
d5279GvwAinX,107,medium,1,28488,Classification & Modeling
d5279GvwAinX,108,medium,1,22657,Classification & Modeling
d5279GvwAinX,109,medium,1,26514,Classification & Modeling
d5279GvwAinX,110,easy,1,14535,Classification & Modeling
d5279GvwAinX,111,medium,1,26163,Classification & Modeling
d5279GvwAinX,112,easy,0,27098,Classification & Modeling
d5279GvwAinX,113,easy,1,16782,Classification & Modeling
d5279GvwAinX,114,easy,0,23790,Classification & Modeling
d5279GvwAinX,115,easy,1,14535,Classification & Modeling
d5279GvwAinX,116,easy,1,17126,Classification & Modeling
d5279GvwAinX,117,easy,1,11492,Classification & Modeling
d5279GvwAinX,118,hard,0,20484,Classification & Modeling
d5279GvwAinX,119,hard,0,25138,Classification & Modeling
d5279GvwAinX,120,easy,1,14657,Classification & Modeling
AQklHbi5bt8l,91,easy,1,16945,Classification & Modeling
AQklHbi5bt8l,92,easy,1,12691,Classification & Modeling
AQklHbi5bt8l,93,easy,1,12691,Classification & Modeling
AQklHbi5bt8l,94,easy,1,12691,Classification & Modeling
AQklHbi5bt8l,95,easy,1,14549,Classification & Modeling
AQklHbi5bt8l,96,easy,1,12171,Classification & Modeling
AQklHbi5bt8l,97,easy,1,14778,Classification & Modeling
AQklHbi5bt8l,98,easy,1,12171,Classification & Modeling
AQklHbi5bt8l,99,easy,1,12171,Classification & Modeling
AQklHbi5bt8l,100,easy,1,12231,Classification & Modeling
AQklHbi5bt8l,101,easy,1,12171,Classification & Modeling
AQklHbi5bt8l,102,easy,1,14655,Classification & Modeling
AQklHbi5bt8l,103,hard,0,19017,Clustering & Unsupervised
AQklHbi5bt8l,104,easy,1,12231,Classification & Modeling
AQklHbi5bt8l,105,easy,0,19878,Classification & Modeling
AQklHbi5bt8l,106,easy,1,12074,Classification & Modeling
AQklHbi5bt8l,107,medium,1,30162,Classification & Modeling
AQklHbi5bt8l,108,medium,1,23635,Classification & Modeling
AQklHbi5bt8l,109,medium,0,27789,Classification & Modeling
AQklHbi5bt8l,110,easy,1,14655,Classification & Modeling
AQklHbi5bt8l,111,medium,0,28636,Classification & Modeling
AQklHbi5bt8l,112,easy,1,25708,Classification & Modeling
AQklHbi5bt8l,113,easy,1,16945,Classification & Modeling
AQklHbi5bt8l,114,easy,1,23287,Classification & Modeling
AQklHbi5bt8l,115,easy,0,17409,Classification & Modeling
AQklHbi5bt8l,116,easy,0,21040,Classification & Modeling
AQklHbi5bt8l,117,easy,1,12171,Classification & Modeling
AQklHbi5bt8l,118,hard,0,23409,Classification & Modeling
AQklHbi5bt8l,119,hard,0,27232,Classification & Modeling
AQklHbi5bt8l,120,easy,1,14778,Classification & Modeling
B0dezLVzpGHZ,91,easy,1,14398,Classification & Modeling
B0dezLVzpGHZ,92,easy,1,10621,Classification & Modeling
B0dezLVzpGHZ,93,easy,1,10621,Classification & Modeling
B0dezLVzpGHZ,94,easy,1,10621,Classification & Modeling
B0dezLVzpGHZ,95,easy,1,12156,Classification & Modeling
B0dezLVzpGHZ,96,easy,1,10218,Classification & Modeling
B0dezLVzpGHZ,97,easy,1,12420,Classification & Modeling
B0dezLVzpGHZ,98,easy,1,10218,Classification & Modeling
B0dezLVzpGHZ,99,easy,1,10218,Classification & Modeling
B0dezLVzpGHZ,100,easy,1,10332,Classification & Modeling
B0dezLVzpGHZ,101,easy,1,10218,Classification & Modeling
B0dezLVzpGHZ,102,easy,1,12453,Classification & Modeling
B0dezLVzpGHZ,103,hard,1,17357,Clustering & Unsupervised
B0dezLVzpGHZ,104,easy,1,10332,Classification & Modeling
B0dezLVzpGHZ,105,easy,1,13418,Classification & Modeling
B0dezLVzpGHZ,106,easy,1,10136,Classification & Modeling
B0dezLVzpGHZ,107,medium,1,24247,Classification & Modeling
B0dezLVzpGHZ,108,medium,1,18683,Classification & Modeling
B0dezLVzpGHZ,109,medium,0,22726,Classification & Modeling
B0dezLVzpGHZ,110,easy,1,12453,Classification & Modeling
B0dezLVzpGHZ,111,medium,0,23420,Classification & Modeling
B0dezLVzpGHZ,112,easy,1,21767,Classification & Modeling
B0dezLVzpGHZ,113,easy,1,14398,Classification & Modeling
B0dezLVzpGHZ,114,easy,0,21228,Classification & Modeling
B0dezLVzpGHZ,115,easy,1,12453,Classification & Modeling
B0dezLVzpGHZ,116,easy,1,14694,Classification & Modeling
B0dezLVzpGHZ,117,easy,1,10218,Classification & Modeling
B0dezLVzpGHZ,118,hard,1,20178,Classification & Modeling
B0dezLVzpGHZ,119,hard,0,22271,Classification & Modeling
B0dezLVzpGHZ,120,easy,1,12420,Classification & Modeling
jkDHRLkdOO06,91,easy,1,16983,Classification & Modeling
jkDHRLkdOO06,92,easy,1,14532,Classification & Modeling
jkDHRLkdOO06,93,easy,1,14532,Classification & Modeling
jkDHRLkdOO06,94,easy,1,14532,Classification & Modeling
jkDHRLkdOO06,95,easy,1,15298,Classification & Modeling
jkDHRLkdOO06,96,easy,1,14026,Classification & Modeling
jkDHRLkdOO06,97,easy,1,15204,Classification & Modeling
jkDHRLkdOO06,98,easy,1,14026,Classification & Modeling
jkDHRLkdOO06,99,easy,1,14026,Classification & Modeling
jkDHRLkdOO06,100,easy,1,12983,Classification & Modeling
jkDHRLkdOO06,101,easy,1,14026,Classification & Modeling
jkDHRLkdOO06,102,easy,1,15076,Classification & Modeling
jkDHRLkdOO06,103,hard,0,21346,Clustering & Unsupervised
jkDHRLkdOO06,104,easy,1,12983,Classification & Modeling
jkDHRLkdOO06,105,easy,1,15957,Classification & Modeling
jkDHRLkdOO06,106,easy,1,13914,Classification & Modeling
jkDHRLkdOO06,107,medium,1,31115,Classification & Modeling
jkDHRLkdOO06,108,medium,1,24081,Classification & Modeling
jkDHRLkdOO06,109,medium,1,29345,Classification & Modeling
jkDHRLkdOO06,110,easy,1,15076,Classification & Modeling
jkDHRLkdOO06,111,medium,1,28427,Classification & Modeling
jkDHRLkdOO06,112,easy,1,26459,Classification & Modeling
jkDHRLkdOO06,113,easy,1,16983,Classification & Modeling
jkDHRLkdOO06,114,easy,1,23726,Classification & Modeling
jkDHRLkdOO06,115,easy,1,15076,Classification & Modeling
jkDHRLkdOO06,116,easy,1,17297,Classification & Modeling
jkDHRLkdOO06,117,easy,1,14026,Classification & Modeling
jkDHRLkdOO06,118,hard,0,24361,Classification & Modeling
jkDHRLkdOO06,119,hard,1,29324,Classification & Modeling
jkDHRLkdOO06,120,easy,1,15204,Classification & Modeling
P76XnTmOjZzU,91,easy,1,18300,Classification & Modeling
P76XnTmOjZzU,92,easy,1,15659,Classification & Modeling
P76XnTmOjZzU,93,easy,1,15659,Classification & Modeling
P76XnTmOjZzU,94,easy,1,15659,Classification & Modeling
P76XnTmOjZzU,95,easy,1,16485,Classification & Modeling
P76XnTmOjZzU,96,easy,1,15115,Classification & Modeling
P76XnTmOjZzU,97,easy,1,16384,Classification & Modeling
P76XnTmOjZzU,98,easy,1,15115,Classification & Modeling
P76XnTmOjZzU,99,easy,1,15115,Classification & Modeling
P76XnTmOjZzU,100,easy,1,13990,Classification & Modeling
P76XnTmOjZzU,101,easy,1,15115,Classification & Modeling
P76XnTmOjZzU,102,easy,1,16245,Classification & Modeling
P76XnTmOjZzU,103,hard,0,22801,Clustering & Unsupervised
P76XnTmOjZzU,104,easy,1,13990,Classification & Modeling
P76XnTmOjZzU,105,easy,1,17195,Classification & Modeling
P76XnTmOjZzU,106,easy,1,14994,Classification & Modeling
P76XnTmOjZzU,107,medium,1,33529,Classification & Modeling
P76XnTmOjZzU,108,medium,1,25949,Classification & Modeling
P76XnTmOjZzU,109,medium,1,31352,Classification & Modeling
P76XnTmOjZzU,110,easy,1,16245,Classification & Modeling
P76XnTmOjZzU,111,medium,1,30632,Classification & Modeling
P76XnTmOjZzU,112,easy,1,28512,Classification & Modeling
P76XnTmOjZzU,113,easy,1,18300,Classification & Modeling
P76XnTmOjZzU,114,easy,1,25567,Classification & Modeling
P76XnTmOjZzU,115,easy,1,16245,Classification & Modeling
P76XnTmOjZzU,116,easy,1,18639,Classification & Modeling
P76XnTmOjZzU,117,easy,1,15115,Classification & Modeling
P76XnTmOjZzU,118,hard,0,26021,Classification & Modeling
P76XnTmOjZzU,119,hard,1,31213,Classification & Modeling
P76XnTmOjZzU,120,easy,0,22718,Classification & Modeling
cCanr1FJP4WP,91,easy,1,16983,Classification & Modeling
cCanr1FJP4WP,92,easy,1,14532,Classification & Modeling
cCanr1FJP4WP,93,easy,1,14532,Classification & Modeling
cCanr1FJP4WP,94,easy,1,14532,Classification & Modeling
cCanr1FJP4WP,95,easy,1,15298,Classification & Modeling
cCanr1FJP4WP,96,easy,1,14026,Classification & Modeling
cCanr1FJP4WP,97,easy,1,15204,Classification & Modeling
cCanr1FJP4WP,98,easy,1,14026,Classification & Modeling
cCanr1FJP4WP,99,easy,1,14026,Classification & Modeling
cCanr1FJP4WP,100,easy,1,12983,Classification & Modeling
cCanr1FJP4WP,101,easy,1,14026,Classification & Modeling
cCanr1FJP4WP,102,easy,1,15076,Classification & Modeling
cCanr1FJP4WP,103,hard,0,21346,Clustering & Unsupervised
cCanr1FJP4WP,104,easy,1,12983,Classification & Modeling
cCanr1FJP4WP,105,easy,1,15957,Classification & Modeling
cCanr1FJP4WP,106,easy,1,13914,Classification & Modeling
cCanr1FJP4WP,107,medium,1,31115,Classification & Modeling
cCanr1FJP4WP,108,medium,1,24081,Classification & Modeling
cCanr1FJP4WP,109,medium,1,29345,Classification & Modeling
cCanr1FJP4WP,110,easy,1,15076,Classification & Modeling
cCanr1FJP4WP,111,medium,1,28427,Classification & Modeling
cCanr1FJP4WP,112,easy,1,26459,Classification & Modeling
cCanr1FJP4WP,113,easy,1,16983,Classification & Modeling
cCanr1FJP4WP,114,easy,1,23726,Classification & Modeling
cCanr1FJP4WP,115,easy,1,15076,Classification & Modeling
cCanr1FJP4WP,116,easy,1,17297,Classification & Modeling
cCanr1FJP4WP,117,easy,1,14026,Classification & Modeling
cCanr1FJP4WP,118,hard,0,24361,Classification & Modeling
cCanr1FJP4WP,119,hard,1,29324,Classification & Modeling
cCanr1FJP4WP,120,easy,1,15204,Classification & Modeling
k4QQVURTfMls,91,easy,1,16281,Classification & Modeling
k4QQVURTfMls,92,easy,1,11379,Classification & Modeling
k4QQVURTfMls,93,easy,1,11379,Classification & Modeling
k4QQVURTfMls,94,easy,1,11379,Classification & Modeling
k4QQVURTfMls,95,easy,1,13942,Classification & Modeling
k4QQVURTfMls,96,easy,0,13833,Classification & Modeling
k4QQVURTfMls,97,easy,1,14161,Classification & Modeling
k4QQVURTfMls,98,easy,0,13833,Classification & Modeling
k4QQVURTfMls,99,easy,1,11040,Classification & Modeling
k4QQVURTfMls,100,easy,1,11603,Classification & Modeling
k4QQVURTfMls,101,easy,1,11040,Classification & Modeling
k4QQVURTfMls,102,easy,1,14044,Classification & Modeling
k4QQVURTfMls,103,hard,0,17733,Clustering & Unsupervised
k4QQVURTfMls,104,easy,1,11603,Classification & Modeling
k4QQVURTfMls,105,easy,0,17475,Classification & Modeling
k4QQVURTfMls,106,easy,1,11117,Classification & Modeling
k4QQVURTfMls,107,medium,1,27852,Classification & Modeling
k4QQVURTfMls,108,medium,0,22132,Classification & Modeling
k4QQVURTfMls,109,medium,0,23146,Classification & Modeling
k4QQVURTfMls,110,easy,0,15431,Classification & Modeling
k4QQVURTfMls,111,medium,1,25236,Classification & Modeling
k4QQVURTfMls,112,easy,0,24235,Classification & Modeling
k4QQVURTfMls,113,easy,1,16281,Classification & Modeling
k4QQVURTfMls,114,easy,1,22039,Classification & Modeling
k4QQVURTfMls,115,easy,1,14044,Classification & Modeling
k4QQVURTfMls,116,easy,0,18201,Classification & Modeling
k4QQVURTfMls,117,easy,1,11040,Classification & Modeling
k4QQVURTfMls,118,hard,0,17974,Classification & Modeling
k4QQVURTfMls,119,hard,0,22683,Classification & Modeling
k4QQVURTfMls,120,easy,1,14161,Classification & Modeling
m7l9wOWJlnvS,91,easy,1,16983,Classification & Modeling
m7l9wOWJlnvS,92,easy,1,14532,Classification & Modeling
m7l9wOWJlnvS,93,easy,1,14532,Classification & Modeling
m7l9wOWJlnvS,94,easy,1,14532,Classification & Modeling
m7l9wOWJlnvS,95,easy,1,15298,Classification & Modeling
m7l9wOWJlnvS,96,easy,1,14026,Classification & Modeling
m7l9wOWJlnvS,97,easy,1,15204,Classification & Modeling
m7l9wOWJlnvS,98,easy,1,14026,Classification & Modeling
m7l9wOWJlnvS,99,easy,1,14026,Classification & Modeling
m7l9wOWJlnvS,100,easy,1,12983,Classification & Modeling
m7l9wOWJlnvS,101,easy,1,14026,Classification & Modeling
m7l9wOWJlnvS,102,easy,1,15076,Classification & Modeling
m7l9wOWJlnvS,103,hard,0,21346,Clustering & Unsupervised
m7l9wOWJlnvS,104,easy,1,12983,Classification & Modeling
m7l9wOWJlnvS,105,easy,1,15957,Classification & Modeling
m7l9wOWJlnvS,106,easy,1,13914,Classification & Modeling
m7l9wOWJlnvS,107,medium,1,31115,Classification & Modeling
m7l9wOWJlnvS,108,medium,1,24081,Classification & Modeling
m7l9wOWJlnvS,109,medium,0,29446,Classification & Modeling
m7l9wOWJlnvS,110,easy,1,15076,Classification & Modeling
m7l9wOWJlnvS,111,medium,1,28427,Classification & Modeling
m7l9wOWJlnvS,112,easy,1,26459,Classification & Modeling
m7l9wOWJlnvS,113,easy,1,16983,Classification & Modeling
m7l9wOWJlnvS,114,easy,1,23726,Classification & Modeling
m7l9wOWJlnvS,115,easy,1,15076,Classification & Modeling
m7l9wOWJlnvS,116,easy,1,17297,Classification & Modeling
m7l9wOWJlnvS,117,easy,1,14026,Classification & Modeling
m7l9wOWJlnvS,118,hard,0,24361,Classification & Modeling
m7l9wOWJlnvS,119,hard,1,29324,Classification & Modeling
m7l9wOWJlnvS,120,easy,1,15204,Classification & Modeling
kfwxRJXSzs3o,91,easy,1,16679,Classification & Modeling
kfwxRJXSzs3o,92,easy,1,11640,Classification & Modeling
kfwxRJXSzs3o,93,easy,1,11640,Classification & Modeling
kfwxRJXSzs3o,94,easy,1,11640,Classification & Modeling
kfwxRJXSzs3o,95,easy,1,14341,Classification & Modeling
kfwxRJXSzs3o,96,easy,1,11293,Classification & Modeling
kfwxRJXSzs3o,97,easy,0,15774,Classification & Modeling
kfwxRJXSzs3o,98,easy,1,11293,Classification & Modeling
kfwxRJXSzs3o,99,easy,1,11293,Classification & Modeling
kfwxRJXSzs3o,100,easy,0,12764,Classification & Modeling
kfwxRJXSzs3o,101,easy,1,11293,Classification & Modeling
kfwxRJXSzs3o,102,easy,1,14446,Classification & Modeling
kfwxRJXSzs3o,103,hard,0,16858,Clustering & Unsupervised
kfwxRJXSzs3o,104,easy,0,12764,Classification & Modeling
kfwxRJXSzs3o,105,easy,0,17529,Classification & Modeling
kfwxRJXSzs3o,106,easy,1,11203,Classification & Modeling
kfwxRJXSzs3o,107,medium,0,28143,Classification & Modeling
kfwxRJXSzs3o,108,medium,0,23919,Classification & Modeling
kfwxRJXSzs3o,109,medium,0,25084,Classification & Modeling
kfwxRJXSzs3o,110,easy,0,15541,Classification & Modeling
kfwxRJXSzs3o,111,medium,0,26034,Classification & Modeling
kfwxRJXSzs3o,112,easy,1,25381,Classification & Modeling
kfwxRJXSzs3o,113,easy,0,18360,Classification & Modeling
kfwxRJXSzs3o,114,easy,1,22387,Classification & Modeling
kfwxRJXSzs3o,115,easy,1,14446,Classification & Modeling
kfwxRJXSzs3o,116,easy,1,17021,Classification & Modeling
kfwxRJXSzs3o,117,easy,1,11293,Classification & Modeling
kfwxRJXSzs3o,118,hard,0,20752,Classification & Modeling
kfwxRJXSzs3o,119,hard,1,26788,Classification & Modeling
kfwxRJXSzs3o,120,easy,1,14567,Classification & Modeling
0Hpj01paAdfZ,91,easy,1,16554,Classification & Modeling
0Hpj01paAdfZ,92,easy,1,11553,Classification & Modeling
0Hpj01paAdfZ,93,easy,1,11553,Classification & Modeling
0Hpj01paAdfZ,94,easy,1,11553,Classification & Modeling
0Hpj01paAdfZ,95,easy,1,14234,Classification & Modeling
0Hpj01paAdfZ,96,easy,1,11208,Classification & Modeling
0Hpj01paAdfZ,97,easy,1,14458,Classification & Modeling
0Hpj01paAdfZ,98,easy,1,11208,Classification & Modeling
0Hpj01paAdfZ,99,easy,1,11208,Classification & Modeling
0Hpj01paAdfZ,100,easy,1,11846,Classification & Modeling
0Hpj01paAdfZ,101,easy,1,11208,Classification & Modeling
0Hpj01paAdfZ,102,easy,0,15610,Classification & Modeling
0Hpj01paAdfZ,103,hard,0,19192,Clustering & Unsupervised
0Hpj01paAdfZ,104,easy,1,11846,Classification & Modeling
0Hpj01paAdfZ,105,easy,1,15426,Classification & Modeling
0Hpj01paAdfZ,106,easy,1,11119,Classification & Modeling
0Hpj01paAdfZ,107,medium,0,27821,Classification & Modeling
0Hpj01paAdfZ,108,medium,0,23547,Classification & Modeling
0Hpj01paAdfZ,109,medium,0,24999,Classification & Modeling
0Hpj01paAdfZ,110,easy,1,14338,Classification & Modeling
0Hpj01paAdfZ,111,medium,0,25736,Classification & Modeling
0Hpj01paAdfZ,112,easy,0,26223,Classification & Modeling
0Hpj01paAdfZ,113,easy,1,16554,Classification & Modeling
0Hpj01paAdfZ,114,easy,1,22272,Classification & Modeling
0Hpj01paAdfZ,115,easy,1,14338,Classification & Modeling
0Hpj01paAdfZ,116,easy,1,16893,Classification & Modeling
0Hpj01paAdfZ,117,easy,1,11208,Classification & Modeling
0Hpj01paAdfZ,118,hard,0,19962,Classification & Modeling
0Hpj01paAdfZ,119,hard,0,24498,Classification & Modeling
0Hpj01paAdfZ,120,easy,1,14458,Classification & Modeling
CprL2LITeTET,91,easy,1,25712,Classification & Modeling
CprL2LITeTET,92,easy,1,22001,Classification & Modeling
CprL2LITeTET,93,easy,1,22001,Classification & Modeling
CprL2LITeTET,94,easy,1,22001,Classification & Modeling
CprL2LITeTET,95,easy,1,23161,Classification & Modeling
CprL2LITeTET,96,easy,1,21236,Classification & Modeling
CprL2LITeTET,97,easy,1,23019,Classification & Modeling
CprL2LITeTET,98,easy,1,21236,Classification & Modeling
CprL2LITeTET,99,easy,1,21236,Classification & Modeling
CprL2LITeTET,100,easy,1,19656,Classification & Modeling
CprL2LITeTET,101,easy,1,21236,Classification & Modeling
CprL2LITeTET,102,easy,1,22825,Classification & Modeling
CprL2LITeTET,103,hard,1,33971,Clustering & Unsupervised
CprL2LITeTET,104,easy,1,19656,Classification & Modeling
CprL2LITeTET,105,easy,1,24159,Classification & Modeling
CprL2LITeTET,106,easy,1,21066,Classification & Modeling
CprL2LITeTET,107,medium,0,45204,Classification & Modeling
CprL2LITeTET,108,medium,1,35687,Classification & Modeling
CprL2LITeTET,109,medium,1,40379,Classification & Modeling
CprL2LITeTET,110,easy,1,22825,Classification & Modeling
CprL2LITeTET,111,medium,1,39117,Classification & Modeling
CprL2LITeTET,112,easy,1,37870,Classification & Modeling
CprL2LITeTET,113,easy,1,25712,Classification & Modeling
CprL2LITeTET,114,easy,1,35162,Classification & Modeling
CprL2LITeTET,115,easy,1,22825,Classification & Modeling
CprL2LITeTET,116,easy,1,26187,Classification & Modeling
CprL2LITeTET,117,easy,1,21236,Classification & Modeling
CprL2LITeTET,118,hard,0,30738,Classification & Modeling
CprL2LITeTET,119,hard,1,40351,Classification & Modeling
CprL2LITeTET,120,easy,1,23019,Classification & Modeling
BhvtwuIg7wvF,91,easy,1,13843,Classification & Modeling
BhvtwuIg7wvF,92,easy,1,12670,Classification & Modeling
BhvtwuIg7wvF,93,easy,1,12670,Classification & Modeling
BhvtwuIg7wvF,94,easy,1,12670,Classification & Modeling
BhvtwuIg7wvF,95,easy,1,12555,Classification & Modeling
BhvtwuIg7wvF,96,easy,1,11375,Classification & Modeling
BhvtwuIg7wvF,97,easy,1,12508,Classification & Modeling
BhvtwuIg7wvF,98,easy,1,11375,Classification & Modeling
BhvtwuIg7wvF,99,easy,1,11375,Classification & Modeling
BhvtwuIg7wvF,100,easy,1,10682,Classification & Modeling
BhvtwuIg7wvF,101,easy,1,11375,Classification & Modeling
BhvtwuIg7wvF,102,easy,1,12381,Classification & Modeling
BhvtwuIg7wvF,103,hard,1,18619,Clustering & Unsupervised
BhvtwuIg7wvF,104,easy,1,10682,Classification & Modeling
BhvtwuIg7wvF,105,easy,1,13105,Classification & Modeling
BhvtwuIg7wvF,106,easy,1,11284,Classification & Modeling
BhvtwuIg7wvF,107,medium,1,23450,Classification & Modeling
BhvtwuIg7wvF,108,medium,0,20613,Classification & Modeling
BhvtwuIg7wvF,109,medium,0,23064,Classification & Modeling
BhvtwuIg7wvF,110,easy,1,12381,Classification & Modeling
BhvtwuIg7wvF,111,medium,1,21043,Classification & Modeling
BhvtwuIg7wvF,112,easy,1,20469,Classification & Modeling
BhvtwuIg7wvF,113,easy,0,18093,Classification & Modeling
BhvtwuIg7wvF,114,easy,0,20309,Classification & Modeling
BhvtwuIg7wvF,115,easy,1,12381,Classification & Modeling
BhvtwuIg7wvF,116,easy,1,14099,Classification & Modeling
BhvtwuIg7wvF,117,easy,1,11375,Classification & Modeling
BhvtwuIg7wvF,118,hard,1,21646,Classification & Modeling
BhvtwuIg7wvF,119,hard,0,22067,Classification & Modeling
BhvtwuIg7wvF,120,easy,1,12508,Classification & Modeling
e35NZ2cItyz9,91,easy,1,17051,Classification & Modeling
e35NZ2cItyz9,92,easy,1,14711,Classification & Modeling
e35NZ2cItyz9,93,easy,1,14711,Classification & Modeling
e35NZ2cItyz9,94,easy,1,14711,Classification & Modeling
e35NZ2cItyz9,95,easy,1,15502,Classification & Modeling
e35NZ2cItyz9,96,easy,1,14044,Classification & Modeling
e35NZ2cItyz9,97,easy,1,15407,Classification & Modeling
e35NZ2cItyz9,98,easy,1,14044,Classification & Modeling
e35NZ2cItyz9,99,easy,1,14044,Classification & Modeling
e35NZ2cItyz9,100,easy,1,13189,Classification & Modeling
e35NZ2cItyz9,101,easy,1,14044,Classification & Modeling
e35NZ2cItyz9,102,easy,1,15250,Classification & Modeling
e35NZ2cItyz9,103,hard,0,21637,Clustering & Unsupervised
e35NZ2cItyz9,104,easy,1,13189,Classification & Modeling
e35NZ2cItyz9,105,easy,1,16142,Classification & Modeling
e35NZ2cItyz9,106,easy,1,13932,Classification & Modeling
e35NZ2cItyz9,107,medium,0,33742,Classification & Modeling
e35NZ2cItyz9,108,medium,1,23251,Classification & Modeling
e35NZ2cItyz9,109,medium,0,28655,Classification & Modeling
e35NZ2cItyz9,110,easy,1,15250,Classification & Modeling
e35NZ2cItyz9,111,medium,0,31051,Classification & Modeling
e35NZ2cItyz9,112,easy,0,30448,Classification & Modeling
e35NZ2cItyz9,113,easy,1,17051,Classification & Modeling
e35NZ2cItyz9,114,easy,0,28063,Classification & Modeling
e35NZ2cItyz9,115,easy,1,15250,Classification & Modeling
e35NZ2cItyz9,116,easy,1,17366,Classification & Modeling
e35NZ2cItyz9,117,easy,1,14044,Classification & Modeling
e35NZ2cItyz9,118,hard,0,24692,Classification & Modeling
e35NZ2cItyz9,119,hard,0,28783,Classification & Modeling
e35NZ2cItyz9,120,easy,1,15407,Classification & Modeling
Za018kn2raFk,91,easy,1,16983,Classification & Modeling
Za018kn2raFk,92,easy,1,14532,Classification & Modeling
Za018kn2raFk,93,easy,1,14532,Classification & Modeling
Za018kn2raFk,94,easy,1,14532,Classification & Modeling
Za018kn2raFk,95,easy,1,15298,Classification & Modeling
Za018kn2raFk,96,easy,1,14026,Classification & Modeling
Za018kn2raFk,97,easy,1,15204,Classification & Modeling
Za018kn2raFk,98,easy,1,14026,Classification & Modeling
Za018kn2raFk,99,easy,1,14026,Classification & Modeling
Za018kn2raFk,100,easy,1,12983,Classification & Modeling
Za018kn2raFk,101,easy,1,14026,Classification & Modeling
Za018kn2raFk,102,easy,1,15076,Classification & Modeling
Za018kn2raFk,103,hard,1,24687,Clustering & Unsupervised
Za018kn2raFk,104,easy,1,12983,Classification & Modeling
Za018kn2raFk,105,easy,1,15957,Classification & Modeling
Za018kn2raFk,106,easy,1,13914,Classification & Modeling
Za018kn2raFk,107,medium,0,36240,Classification & Modeling
Za018kn2raFk,108,medium,0,30590,Classification & Modeling
Za018kn2raFk,109,medium,1,29345,Classification & Modeling
Za018kn2raFk,110,easy,1,15076,Classification & Modeling
Za018kn2raFk,111,medium,1,28427,Classification & Modeling
Za018kn2raFk,112,easy,1,26459,Classification & Modeling
Za018kn2raFk,113,easy,1,16983,Classification & Modeling
Za018kn2raFk,114,easy,1,23726,Classification & Modeling
Za018kn2raFk,115,easy,1,15076,Classification & Modeling
Za018kn2raFk,116,easy,1,17297,Classification & Modeling
Za018kn2raFk,117,easy,1,14026,Classification & Modeling
Za018kn2raFk,118,hard,0,24361,Classification & Modeling
Za018kn2raFk,119,hard,0,28856,Classification & Modeling
Za018kn2raFk,120,easy,1,15204,Classification & Modeling
I93EMGZEU4vI,91,easy,1,16911,Classification & Modeling
I93EMGZEU4vI,92,easy,1,14590,Classification & Modeling
I93EMGZEU4vI,93,easy,1,14590,Classification & Modeling
I93EMGZEU4vI,94,easy,1,14590,Classification & Modeling
I93EMGZEU4vI,95,easy,1,15374,Classification & Modeling
I93EMGZEU4vI,96,easy,1,13928,Classification & Modeling
I93EMGZEU4vI,97,easy,1,15280,Classification & Modeling
I93EMGZEU4vI,98,easy,1,13928,Classification & Modeling
I93EMGZEU4vI,99,easy,1,13928,Classification & Modeling
I93EMGZEU4vI,100,easy,1,13081,Classification & Modeling
I93EMGZEU4vI,101,easy,1,13928,Classification & Modeling
I93EMGZEU4vI,102,easy,1,15124,Classification & Modeling
I93EMGZEU4vI,103,hard,0,22022,Clustering & Unsupervised
I93EMGZEU4vI,104,easy,1,13081,Classification & Modeling
I93EMGZEU4vI,105,easy,1,16009,Classification & Modeling
I93EMGZEU4vI,106,easy,1,13817,Classification & Modeling
I93EMGZEU4vI,107,medium,0,35201,Classification & Modeling
I93EMGZEU4vI,108,medium,1,23732,Classification & Modeling
I93EMGZEU4vI,109,medium,0,29894,Classification & Modeling
I93EMGZEU4vI,110,easy,1,15124,Classification & Modeling
I93EMGZEU4vI,111,medium,0,32394,Classification & Modeling
I93EMGZEU4vI,112,easy,0,31121,Classification & Modeling
I93EMGZEU4vI,113,easy,1,16911,Classification & Modeling
I93EMGZEU4vI,114,easy,0,29276,Classification & Modeling
I93EMGZEU4vI,115,easy,1,15124,Classification & Modeling
I93EMGZEU4vI,116,easy,1,17223,Classification & Modeling
I93EMGZEU4vI,117,easy,1,13928,Classification & Modeling
I93EMGZEU4vI,118,hard,0,25132,Classification & Modeling
I93EMGZEU4vI,119,hard,0,29296,Classification & Modeling
I93EMGZEU4vI,120,easy,1,15280,Classification & Modeling
xOKhxIy4WoKi,91,easy,1,17602,Classification & Modeling
xOKhxIy4WoKi,92,easy,1,15061,Classification & Modeling
xOKhxIy4WoKi,93,easy,1,15061,Classification & Modeling
xOKhxIy4WoKi,94,easy,1,15061,Classification & Modeling
xOKhxIy4WoKi,95,easy,1,15855,Classification & Modeling
xOKhxIy4WoKi,96,easy,1,14538,Classification & Modeling
xOKhxIy4WoKi,97,easy,1,15758,Classification & Modeling
xOKhxIy4WoKi,98,easy,1,14538,Classification & Modeling
xOKhxIy4WoKi,99,easy,1,14538,Classification & Modeling
xOKhxIy4WoKi,100,easy,1,13456,Classification & Modeling
xOKhxIy4WoKi,101,easy,1,14538,Classification & Modeling
xOKhxIy4WoKi,102,easy,1,15625,Classification & Modeling
xOKhxIy4WoKi,103,hard,0,22337,Clustering & Unsupervised
xOKhxIy4WoKi,104,easy,1,13456,Classification & Modeling
xOKhxIy4WoKi,105,easy,1,16539,Classification & Modeling
xOKhxIy4WoKi,106,easy,1,14421,Classification & Modeling
xOKhxIy4WoKi,107,medium,0,37564,Classification & Modeling
xOKhxIy4WoKi,108,medium,1,24958,Classification & Modeling
xOKhxIy4WoKi,109,medium,0,30522,Classification & Modeling
xOKhxIy4WoKi,110,easy,1,15625,Classification & Modeling
xOKhxIy4WoKi,111,medium,0,34568,Classification & Modeling
xOKhxIy4WoKi,112,easy,1,27423,Classification & Modeling
xOKhxIy4WoKi,113,easy,1,17602,Classification & Modeling
xOKhxIy4WoKi,114,easy,1,24591,Classification & Modeling
xOKhxIy4WoKi,115,easy,1,15625,Classification & Modeling
xOKhxIy4WoKi,116,easy,1,17927,Classification & Modeling
xOKhxIy4WoKi,117,easy,1,14538,Classification & Modeling
xOKhxIy4WoKi,118,hard,0,25491,Classification & Modeling
xOKhxIy4WoKi,119,hard,1,30021,Classification & Modeling
xOKhxIy4WoKi,120,easy,1,15758,Classification & Modeling
xPRdKA5UBNGM,91,easy,1,18300,Classification & Modeling
xPRdKA5UBNGM,92,easy,1,15659,Classification & Modeling
xPRdKA5UBNGM,93,easy,1,15659,Classification & Modeling
xPRdKA5UBNGM,94,easy,1,15659,Classification & Modeling
xPRdKA5UBNGM,95,easy,1,16485,Classification & Modeling
xPRdKA5UBNGM,96,easy,1,15115,Classification & Modeling
xPRdKA5UBNGM,97,easy,1,16384,Classification & Modeling
xPRdKA5UBNGM,98,easy,1,15115,Classification & Modeling
xPRdKA5UBNGM,99,easy,1,15115,Classification & Modeling
xPRdKA5UBNGM,100,easy,1,13990,Classification & Modeling
xPRdKA5UBNGM,101,easy,1,15115,Classification & Modeling
xPRdKA5UBNGM,102,easy,1,16245,Classification & Modeling
xPRdKA5UBNGM,103,hard,0,22801,Clustering & Unsupervised
xPRdKA5UBNGM,104,easy,1,13990,Classification & Modeling
xPRdKA5UBNGM,105,easy,1,17195,Classification & Modeling
xPRdKA5UBNGM,106,easy,1,14994,Classification & Modeling
xPRdKA5UBNGM,107,medium,0,38346,Classification & Modeling
xPRdKA5UBNGM,108,medium,1,25949,Classification & Modeling
xPRdKA5UBNGM,109,medium,0,31156,Classification & Modeling
xPRdKA5UBNGM,110,easy,1,16245,Classification & Modeling
xPRdKA5UBNGM,111,medium,0,35287,Classification & Modeling
xPRdKA5UBNGM,112,easy,0,33646,Classification & Modeling
xPRdKA5UBNGM,113,easy,1,18300,Classification & Modeling
xPRdKA5UBNGM,114,easy,0,31891,Classification & Modeling
xPRdKA5UBNGM,115,easy,1,16245,Classification & Modeling
xPRdKA5UBNGM,116,easy,1,18639,Classification & Modeling
xPRdKA5UBNGM,117,easy,1,15115,Classification & Modeling
xPRdKA5UBNGM,118,hard,0,26021,Classification & Modeling
xPRdKA5UBNGM,119,hard,0,30533,Classification & Modeling
xPRdKA5UBNGM,120,easy,1,16384,Classification & Modeling
QJccKPT4nu7V,91,easy,0,22870,Classification & Modeling
QJccKPT4nu7V,92,easy,1,14590,Classification & Modeling
QJccKPT4nu7V,93,easy,1,14590,Classification & Modeling
QJccKPT4nu7V,94,easy,1,14590,Classification & Modeling
QJccKPT4nu7V,95,easy,1,15374,Classification & Modeling
QJccKPT4nu7V,96,easy,1,13928,Classification & Modeling
QJccKPT4nu7V,97,easy,1,15280,Classification & Modeling
QJccKPT4nu7V,98,easy,1,13928,Classification & Modeling
QJccKPT4nu7V,99,easy,1,13928,Classification & Modeling
QJccKPT4nu7V,100,easy,1,13081,Classification & Modeling
QJccKPT4nu7V,101,easy,1,13928,Classification & Modeling
QJccKPT4nu7V,102,easy,1,15124,Classification & Modeling
QJccKPT4nu7V,103,hard,0,22022,Clustering & Unsupervised
QJccKPT4nu7V,104,easy,1,13081,Classification & Modeling
QJccKPT4nu7V,105,easy,1,16009,Classification & Modeling
QJccKPT4nu7V,106,easy,1,13817,Classification & Modeling
QJccKPT4nu7V,107,medium,1,30665,Classification & Modeling
QJccKPT4nu7V,108,medium,0,29713,Classification & Modeling
QJccKPT4nu7V,109,medium,0,29894,Classification & Modeling
QJccKPT4nu7V,110,easy,1,15124,Classification & Modeling
QJccKPT4nu7V,111,medium,1,28016,Classification & Modeling
QJccKPT4nu7V,112,easy,1,26274,Classification & Modeling
QJccKPT4nu7V,113,easy,1,16911,Classification & Modeling
QJccKPT4nu7V,114,easy,1,23383,Classification & Modeling
QJccKPT4nu7V,115,easy,1,15124,Classification & Modeling
QJccKPT4nu7V,116,easy,1,17223,Classification & Modeling
QJccKPT4nu7V,117,easy,1,13928,Classification & Modeling
QJccKPT4nu7V,118,hard,1,27840,Classification & Modeling
QJccKPT4nu7V,119,hard,0,29296,Classification & Modeling
QJccKPT4nu7V,120,easy,1,15280,Classification & Modeling
Mr0bz3y2IHmW,91,easy,1,16169,Classification & Modeling
Mr0bz3y2IHmW,92,easy,1,12136,Classification & Modeling
Mr0bz3y2IHmW,93,easy,1,12136,Classification & Modeling
Mr0bz3y2IHmW,94,easy,1,12136,Classification & Modeling
Mr0bz3y2IHmW,95,easy,1,14135,Classification & Modeling
Mr0bz3y2IHmW,96,easy,0,15626,Classification & Modeling
Mr0bz3y2IHmW,97,easy,1,14128,Classification & Modeling
Mr0bz3y2IHmW,98,easy,1,11542,Classification & Modeling
Mr0bz3y2IHmW,99,easy,1,11542,Classification & Modeling
Mr0bz3y2IHmW,100,easy,1,11671,Classification & Modeling
Mr0bz3y2IHmW,101,easy,1,11542,Classification & Modeling
Mr0bz3y2IHmW,102,easy,1,13984,Classification & Modeling
Mr0bz3y2IHmW,103,hard,0,19146,Clustering & Unsupervised
Mr0bz3y2IHmW,104,easy,1,11671,Classification & Modeling
Mr0bz3y2IHmW,105,easy,1,15067,Classification & Modeling
Mr0bz3y2IHmW,106,easy,1,11450,Classification & Modeling
Mr0bz3y2IHmW,107,medium,1,27669,Classification & Modeling
Mr0bz3y2IHmW,108,medium,1,21472,Classification & Modeling
Mr0bz3y2IHmW,109,medium,0,25933,Classification & Modeling
Mr0bz3y2IHmW,110,easy,1,13984,Classification & Modeling
Mr0bz3y2IHmW,111,medium,0,26724,Classification & Modeling
Mr0bz3y2IHmW,112,easy,0,27849,Classification & Modeling
Mr0bz3y2IHmW,113,easy,1,16169,Classification & Modeling
Mr0bz3y2IHmW,114,easy,1,21156,Classification & Modeling
Mr0bz3y2IHmW,115,easy,1,13984,Classification & Modeling
Mr0bz3y2IHmW,116,easy,0,21055,Classification & Modeling
Mr0bz3y2IHmW,117,easy,1,11542,Classification & Modeling
Mr0bz3y2IHmW,118,hard,1,23668,Classification & Modeling
Mr0bz3y2IHmW,119,hard,0,25414,Classification & Modeling
Mr0bz3y2IHmW,120,easy,1,14128,Classification & Modeling
HDHPHpQGlRLt,91,easy,0,24309,Classification & Modeling
HDHPHpQGlRLt,92,easy,1,14818,Classification & Modeling
HDHPHpQGlRLt,93,easy,1,14818,Classification & Modeling
HDHPHpQGlRLt,94,easy,1,14818,Classification & Modeling
HDHPHpQGlRLt,95,easy,1,15763,Classification & Modeling
HDHPHpQGlRLt,96,easy,1,14303,Classification & Modeling
HDHPHpQGlRLt,97,easy,1,15667,Classification & Modeling
HDHPHpQGlRLt,98,easy,1,14303,Classification & Modeling
HDHPHpQGlRLt,99,easy,1,14303,Classification & Modeling
HDHPHpQGlRLt,100,easy,1,13378,Classification & Modeling
HDHPHpQGlRLt,101,easy,1,14303,Classification & Modeling
HDHPHpQGlRLt,102,easy,1,15725,Classification & Modeling
HDHPHpQGlRLt,103,hard,0,19040,Clustering & Unsupervised
HDHPHpQGlRLt,104,easy,1,13378,Classification & Modeling
HDHPHpQGlRLt,105,easy,1,16644,Classification & Modeling
HDHPHpQGlRLt,106,easy,1,14189,Classification & Modeling
HDHPHpQGlRLt,107,medium,1,34130,Classification & Modeling
HDHPHpQGlRLt,108,medium,1,27655,Classification & Modeling
HDHPHpQGlRLt,109,medium,0,31798,Classification & Modeling
HDHPHpQGlRLt,110,easy,1,15725,Classification & Modeling
HDHPHpQGlRLt,111,medium,1,32647,Classification & Modeling
HDHPHpQGlRLt,112,easy,1,30387,Classification & Modeling
HDHPHpQGlRLt,113,easy,1,17714,Classification & Modeling
HDHPHpQGlRLt,114,easy,1,27248,Classification & Modeling
HDHPHpQGlRLt,115,easy,1,15725,Classification & Modeling
HDHPHpQGlRLt,116,easy,1,18042,Classification & Modeling
HDHPHpQGlRLt,117,easy,1,14303,Classification & Modeling
HDHPHpQGlRLt,118,hard,1,25046,Classification & Modeling
HDHPHpQGlRLt,119,hard,0,31161,Classification & Modeling
HDHPHpQGlRLt,120,easy,1,15667,Classification & Modeling
nojDz9QSjRLy,91,easy,1,16915,Classification & Modeling
nojDz9QSjRLy,92,easy,1,12592,Classification & Modeling
nojDz9QSjRLy,93,easy,1,12592,Classification & Modeling
nojDz9QSjRLy,94,easy,1,12592,Classification & Modeling
nojDz9QSjRLy,95,easy,1,14524,Classification & Modeling
nojDz9QSjRLy,96,easy,1,12076,Classification & Modeling
nojDz9QSjRLy,97,easy,1,14753,Classification & Modeling
nojDz9QSjRLy,98,easy,1,12076,Classification & Modeling
nojDz9QSjRLy,99,easy,1,12076,Classification & Modeling
nojDz9QSjRLy,100,easy,1,12210,Classification & Modeling
nojDz9QSjRLy,101,easy,1,12076,Classification & Modeling
nojDz9QSjRLy,102,easy,1,14630,Classification & Modeling
nojDz9QSjRLy,103,hard,0,19317,Clustering & Unsupervised
nojDz9QSjRLy,104,easy,1,12210,Classification & Modeling
nojDz9QSjRLy,105,easy,1,15763,Classification & Modeling
nojDz9QSjRLy,106,easy,1,11979,Classification & Modeling
nojDz9QSjRLy,107,medium,1,30111,Classification & Modeling
nojDz9QSjRLy,108,medium,1,23594,Classification & Modeling
nojDz9QSjRLy,109,medium,0,28222,Classification & Modeling
nojDz9QSjRLy,110,easy,1,14630,Classification & Modeling
nojDz9QSjRLy,111,medium,1,27510,Classification & Modeling
nojDz9QSjRLy,112,easy,0,28946,Classification & Modeling
nojDz9QSjRLy,113,easy,0,21488,Classification & Modeling
nojDz9QSjRLy,114,easy,1,23247,Classification & Modeling
nojDz9QSjRLy,115,easy,1,14630,Classification & Modeling
nojDz9QSjRLy,116,easy,1,17262,Classification & Modeling
nojDz9QSjRLy,117,easy,1,12076,Classification & Modeling
nojDz9QSjRLy,118,hard,0,23778,Classification & Modeling
nojDz9QSjRLy,119,hard,1,27817,Classification & Modeling
nojDz9QSjRLy,120,easy,1,14753,Classification & Modeling
7VLP2mvnxjRS,91,easy,0,21351,Classification & Modeling
7VLP2mvnxjRS,92,easy,1,13036,Classification & Modeling
7VLP2mvnxjRS,93,easy,1,13036,Classification & Modeling
7VLP2mvnxjRS,94,easy,1,13036,Classification & Modeling
7VLP2mvnxjRS,95,easy,1,14461,Classification & Modeling
7VLP2mvnxjRS,96,easy,1,12709,Classification & Modeling
7VLP2mvnxjRS,97,easy,1,14454,Classification & Modeling
7VLP2mvnxjRS,98,easy,1,12709,Classification & Modeling
7VLP2mvnxjRS,99,easy,1,12709,Classification & Modeling
7VLP2mvnxjRS,100,easy,1,12143,Classification & Modeling
7VLP2mvnxjRS,101,easy,1,12709,Classification & Modeling
7VLP2mvnxjRS,102,easy,1,14307,Classification & Modeling
7VLP2mvnxjRS,103,hard,1,20530,Clustering & Unsupervised
7VLP2mvnxjRS,104,easy,1,12143,Classification & Modeling
7VLP2mvnxjRS,105,easy,0,20606,Classification & Modeling
7VLP2mvnxjRS,106,easy,1,12607,Classification & Modeling
7VLP2mvnxjRS,107,medium,0,29284,Classification & Modeling
7VLP2mvnxjRS,108,medium,1,21653,Classification & Modeling
7VLP2mvnxjRS,109,medium,0,26151,Classification & Modeling
7VLP2mvnxjRS,110,easy,1,14307,Classification & Modeling
7VLP2mvnxjRS,111,medium,0,26949,Classification & Modeling
7VLP2mvnxjRS,112,easy,0,28083,Classification & Modeling
7VLP2mvnxjRS,113,easy,1,16304,Classification & Modeling
7VLP2mvnxjRS,114,easy,1,21334,Classification & Modeling
7VLP2mvnxjRS,115,easy,1,14307,Classification & Modeling
7VLP2mvnxjRS,116,easy,1,16638,Classification & Modeling
7VLP2mvnxjRS,117,easy,1,12709,Classification & Modeling
7VLP2mvnxjRS,118,hard,0,22033,Classification & Modeling
7VLP2mvnxjRS,119,hard,1,25776,Classification & Modeling
7VLP2mvnxjRS,120,easy,1,14454,Classification & Modeling
WZiibWz2DWRQ,91,easy,1,16446,Classification & Modeling
WZiibWz2DWRQ,92,easy,1,14378,Classification & Modeling
WZiibWz2DWRQ,93,easy,1,14378,Classification & Modeling
WZiibWz2DWRQ,94,easy,1,14378,Classification & Modeling
WZiibWz2DWRQ,95,easy,1,15151,Classification & Modeling
WZiibWz2DWRQ,96,easy,1,13726,Classification & Modeling
WZiibWz2DWRQ,97,easy,1,15094,Classification & Modeling
WZiibWz2DWRQ,98,easy,1,13726,Classification & Modeling
WZiibWz2DWRQ,99,easy,1,13726,Classification & Modeling
WZiibWz2DWRQ,100,easy,1,12891,Classification & Modeling
WZiibWz2DWRQ,101,easy,1,13726,Classification & Modeling
WZiibWz2DWRQ,102,easy,1,14941,Classification & Modeling
WZiibWz2DWRQ,103,hard,0,19284,Clustering & Unsupervised
WZiibWz2DWRQ,104,easy,1,12891,Classification & Modeling
WZiibWz2DWRQ,105,easy,1,15721,Classification & Modeling
WZiibWz2DWRQ,106,easy,1,13616,Classification & Modeling
WZiibWz2DWRQ,107,medium,1,27869,Classification & Modeling
WZiibWz2DWRQ,108,medium,0,24941,Classification & Modeling
WZiibWz2DWRQ,109,medium,0,26121,Classification & Modeling
WZiibWz2DWRQ,110,easy,1,14941,Classification & Modeling
WZiibWz2DWRQ,111,medium,0,26917,Classification & Modeling
WZiibWz2DWRQ,112,easy,1,24504,Classification & Modeling
WZiibWz2DWRQ,113,easy,1,16446,Classification & Modeling
WZiibWz2DWRQ,114,easy,0,24574,Classification & Modeling
WZiibWz2DWRQ,115,easy,1,14941,Classification & Modeling
WZiibWz2DWRQ,116,easy,1,16750,Classification & Modeling
WZiibWz2DWRQ,117,easy,1,13726,Classification & Modeling
WZiibWz2DWRQ,118,hard,0,22007,Classification & Modeling
WZiibWz2DWRQ,119,hard,0,25597,Classification & Modeling
WZiibWz2DWRQ,120,easy,1,15094,Classification & Modeling
6k8WibIW0Img,91,easy,1,16983,Classification & Modeling
6k8WibIW0Img,92,easy,1,14532,Classification & Modeling
6k8WibIW0Img,93,easy,1,14532,Classification & Modeling
6k8WibIW0Img,94,easy,1,14532,Classification & Modeling
6k8WibIW0Img,95,easy,1,15298,Classification & Modeling
6k8WibIW0Img,96,easy,1,14026,Classification & Modeling
6k8WibIW0Img,97,easy,1,15204,Classification & Modeling
6k8WibIW0Img,98,easy,1,14026,Classification & Modeling
6k8WibIW0Img,99,easy,1,14026,Classification & Modeling
6k8WibIW0Img,100,easy,1,12983,Classification & Modeling
6k8WibIW0Img,101,easy,1,14026,Classification & Modeling
6k8WibIW0Img,102,easy,1,15076,Classification & Modeling
6k8WibIW0Img,103,hard,0,21346,Clustering & Unsupervised
6k8WibIW0Img,104,easy,1,12983,Classification & Modeling
6k8WibIW0Img,105,easy,1,15957,Classification & Modeling
6k8WibIW0Img,106,easy,1,13914,Classification & Modeling
6k8WibIW0Img,107,medium,1,31115,Classification & Modeling
6k8WibIW0Img,108,medium,0,30590,Classification & Modeling
6k8WibIW0Img,109,medium,0,29446,Classification & Modeling
6k8WibIW0Img,110,easy,1,15076,Classification & Modeling
6k8WibIW0Img,111,medium,0,33350,Classification & Modeling
6k8WibIW0Img,112,easy,1,26459,Classification & Modeling
6k8WibIW0Img,113,easy,1,16983,Classification & Modeling
6k8WibIW0Img,114,easy,0,30140,Classification & Modeling
6k8WibIW0Img,115,easy,1,15076,Classification & Modeling
6k8WibIW0Img,116,easy,1,17297,Classification & Modeling
6k8WibIW0Img,117,easy,1,14026,Classification & Modeling
6k8WibIW0Img,118,hard,0,24361,Classification & Modeling
6k8WibIW0Img,119,hard,0,28856,Classification & Modeling
6k8WibIW0Img,120,easy,1,15204,Classification & Modeling
C6BcTLw4mOKQ,91,easy,0,23730,Classification & Modeling
C6BcTLw4mOKQ,92,easy,1,14796,Classification & Modeling
C6BcTLw4mOKQ,93,easy,1,14796,Classification & Modeling
C6BcTLw4mOKQ,94,easy,1,14796,Classification & Modeling
C6BcTLw4mOKQ,95,easy,1,15576,Classification & Modeling
C6BcTLw4mOKQ,96,easy,1,14282,Classification & Modeling
C6BcTLw4mOKQ,97,easy,1,15481,Classification & Modeling
C6BcTLw4mOKQ,98,easy,1,14282,Classification & Modeling
C6BcTLw4mOKQ,99,easy,1,14282,Classification & Modeling
C6BcTLw4mOKQ,100,easy,1,13219,Classification & Modeling
C6BcTLw4mOKQ,101,easy,1,14282,Classification & Modeling
C6BcTLw4mOKQ,102,easy,1,15350,Classification & Modeling
C6BcTLw4mOKQ,103,hard,1,24830,Clustering & Unsupervised
C6BcTLw4mOKQ,104,easy,1,13219,Classification & Modeling
C6BcTLw4mOKQ,105,easy,1,16248,Classification & Modeling
C6BcTLw4mOKQ,106,easy,1,14168,Classification & Modeling
C6BcTLw4mOKQ,107,medium,1,31681,Classification & Modeling
C6BcTLw4mOKQ,108,medium,1,24519,Classification & Modeling
C6BcTLw4mOKQ,109,medium,1,29625,Classification & Modeling
C6BcTLw4mOKQ,110,easy,0,21538,Classification & Modeling
C6BcTLw4mOKQ,111,medium,0,33960,Classification & Modeling
C6BcTLw4mOKQ,112,easy,0,32381,Classification & Modeling
C6BcTLw4mOKQ,113,easy,1,17292,Classification & Modeling
C6BcTLw4mOKQ,114,easy,0,30692,Classification & Modeling
C6BcTLw4mOKQ,115,easy,1,15350,Classification & Modeling
C6BcTLw4mOKQ,116,easy,1,17612,Classification & Modeling
C6BcTLw4mOKQ,117,easy,1,14282,Classification & Modeling
C6BcTLw4mOKQ,118,hard,0,25043,Classification & Modeling
C6BcTLw4mOKQ,119,hard,0,29384,Classification & Modeling
C6BcTLw4mOKQ,120,easy,1,15481,Classification & Modeling
7VpB1pGsv71N,91,easy,0,15607,Classification & Modeling
7VpB1pGsv71N,92,easy,1,9940,Classification & Modeling
7VpB1pGsv71N,93,easy,1,9940,Classification & Modeling
7VpB1pGsv71N,94,easy,1,9940,Classification & Modeling
7VpB1pGsv71N,95,easy,1,12647,Classification & Modeling
7VpB1pGsv71N,96,easy,1,9643,Classification & Modeling
7VpB1pGsv71N,97,easy,1,12762,Classification & Modeling
7VpB1pGsv71N,98,easy,1,9643,Classification & Modeling
7VpB1pGsv71N,99,easy,1,9643,Classification & Modeling
7VpB1pGsv71N,100,easy,0,11564,Classification & Modeling
7VpB1pGsv71N,101,easy,0,12260,Classification & Modeling
7VpB1pGsv71N,102,easy,1,12656,Classification & Modeling
7VpB1pGsv71N,103,hard,0,16492,Clustering & Unsupervised
7VpB1pGsv71N,104,easy,0,11564,Classification & Modeling
7VpB1pGsv71N,105,easy,0,14622,Classification & Modeling
7VpB1pGsv71N,106,easy,1,10120,Classification & Modeling
7VpB1pGsv71N,107,medium,0,22660,Classification & Modeling
7VpB1pGsv71N,108,medium,1,19863,Classification & Modeling
7VpB1pGsv71N,109,medium,1,23684,Classification & Modeling
7VpB1pGsv71N,110,easy,0,13964,Classification & Modeling
7VpB1pGsv71N,111,medium,0,20950,Classification & Modeling
7VpB1pGsv71N,112,easy,1,20763,Classification & Modeling
7VpB1pGsv71N,113,easy,0,15607,Classification & Modeling
7VpB1pGsv71N,114,easy,0,19356,Classification & Modeling
7VpB1pGsv71N,115,easy,0,13964,Classification & Modeling
7VpB1pGsv71N,116,easy,0,15520,Classification & Modeling
7VpB1pGsv71N,117,easy,1,9643,Classification & Modeling
7VpB1pGsv71N,118,hard,1,23257,Classification & Modeling
7VpB1pGsv71N,119,hard,0,19967,Classification & Modeling
7VpB1pGsv71N,120,easy,0,14173,Classification & Modeling
o2VbFpgtLwG2,91,easy,1,19135,Classification & Modeling
o2VbFpgtLwG2,92,easy,1,14332,Classification & Modeling
o2VbFpgtLwG2,93,easy,1,14332,Classification & Modeling
o2VbFpgtLwG2,94,easy,1,14332,Classification & Modeling
o2VbFpgtLwG2,95,easy,1,16430,Classification & Modeling
o2VbFpgtLwG2,96,easy,1,13745,Classification & Modeling
o2VbFpgtLwG2,97,easy,0,18840,Classification & Modeling
o2VbFpgtLwG2,98,easy,1,13745,Classification & Modeling
o2VbFpgtLwG2,99,easy,1,13745,Classification & Modeling
o2VbFpgtLwG2,100,easy,1,13813,Classification & Modeling
o2VbFpgtLwG2,101,easy,1,13745,Classification & Modeling
o2VbFpgtLwG2,102,easy,1,16550,Classification & Modeling
o2VbFpgtLwG2,103,hard,0,20343,Clustering & Unsupervised
o2VbFpgtLwG2,104,easy,1,13813,Classification & Modeling
o2VbFpgtLwG2,105,easy,0,21193,Classification & Modeling
o2VbFpgtLwG2,106,easy,1,13635,Classification & Modeling
o2VbFpgtLwG2,107,medium,0,32439,Classification & Modeling
o2VbFpgtLwG2,108,medium,1,26096,Classification & Modeling
o2VbFpgtLwG2,109,medium,0,28968,Classification & Modeling
o2VbFpgtLwG2,110,easy,1,16550,Classification & Modeling
o2VbFpgtLwG2,111,medium,0,29852,Classification & Modeling
o2VbFpgtLwG2,112,easy,1,28385,Classification & Modeling
o2VbFpgtLwG2,113,easy,0,22558,Classification & Modeling
o2VbFpgtLwG2,114,easy,0,27023,Classification & Modeling
o2VbFpgtLwG2,115,easy,1,16550,Classification & Modeling
o2VbFpgtLwG2,116,easy,1,19528,Classification & Modeling
o2VbFpgtLwG2,117,easy,0,17015,Classification & Modeling
o2VbFpgtLwG2,118,hard,0,25041,Classification & Modeling
o2VbFpgtLwG2,119,hard,0,28388,Classification & Modeling
o2VbFpgtLwG2,120,easy,1,16689,Classification & Modeling
BSLGp0wdoAqj,91,easy,1,16003,Classification & Modeling
BSLGp0wdoAqj,92,easy,1,11875,Classification & Modeling
BSLGp0wdoAqj,93,easy,1,11875,Classification & Modeling
BSLGp0wdoAqj,94,easy,1,11875,Classification & Modeling
BSLGp0wdoAqj,95,easy,1,13990,Classification & Modeling
BSLGp0wdoAqj,96,easy,1,11424,Classification & Modeling
BSLGp0wdoAqj,97,easy,1,13983,Classification & Modeling
BSLGp0wdoAqj,98,easy,1,11424,Classification & Modeling
BSLGp0wdoAqj,99,easy,1,11424,Classification & Modeling
BSLGp0wdoAqj,100,easy,1,11552,Classification & Modeling
BSLGp0wdoAqj,101,easy,1,11424,Classification & Modeling
BSLGp0wdoAqj,102,easy,1,13841,Classification & Modeling
BSLGp0wdoAqj,103,hard,0,18950,Clustering & Unsupervised
BSLGp0wdoAqj,104,easy,0,13832,Classification & Modeling
BSLGp0wdoAqj,105,easy,1,14913,Classification & Modeling
BSLGp0wdoAqj,106,easy,1,11333,Classification & Modeling
BSLGp0wdoAqj,107,medium,0,28744,Classification & Modeling
BSLGp0wdoAqj,108,medium,1,21253,Classification & Modeling
BSLGp0wdoAqj,109,medium,1,25413,Classification & Modeling
BSLGp0wdoAqj,110,easy,1,13841,Classification & Modeling
BSLGp0wdoAqj,111,medium,0,26452,Classification & Modeling
BSLGp0wdoAqj,112,easy,1,24080,Classification & Modeling
BSLGp0wdoAqj,113,easy,1,16003,Classification & Modeling
BSLGp0wdoAqj,114,easy,0,24148,Classification & Modeling
BSLGp0wdoAqj,115,easy,1,13841,Classification & Modeling
BSLGp0wdoAqj,116,easy,1,16332,Classification & Modeling
BSLGp0wdoAqj,117,easy,1,11424,Classification & Modeling
BSLGp0wdoAqj,118,hard,0,21627,Classification & Modeling
BSLGp0wdoAqj,119,hard,0,25154,Classification & Modeling
BSLGp0wdoAqj,120,easy,1,13983,Classification & Modeling
1ggBjCxnkaT8,91,easy,1,17590,Classification & Modeling
1ggBjCxnkaT8,92,easy,1,13046,Classification & Modeling
1ggBjCxnkaT8,93,easy,1,13046,Classification & Modeling
1ggBjCxnkaT8,94,easy,1,13046,Classification & Modeling
1ggBjCxnkaT8,95,easy,0,17985,Classification & Modeling
1ggBjCxnkaT8,96,easy,1,12635,Classification & Modeling
1ggBjCxnkaT8,97,easy,1,15341,Classification & Modeling
1ggBjCxnkaT8,98,easy,1,12635,Classification & Modeling
1ggBjCxnkaT8,99,easy,1,12635,Classification & Modeling
1ggBjCxnkaT8,100,easy,1,12614,Classification & Modeling
1ggBjCxnkaT8,101,easy,1,12635,Classification & Modeling
1ggBjCxnkaT8,102,easy,1,15214,Classification & Modeling
1ggBjCxnkaT8,103,hard,0,19715,Clustering & Unsupervised
1ggBjCxnkaT8,104,easy,1,12614,Classification & Modeling
1ggBjCxnkaT8,105,easy,1,16392,Classification & Modeling
1ggBjCxnkaT8,106,easy,1,12534,Classification & Modeling
1ggBjCxnkaT8,107,medium,0,32093,Classification & Modeling
1ggBjCxnkaT8,108,medium,0,27276,Classification & Modeling
1ggBjCxnkaT8,109,medium,0,28809,Classification & Modeling
1ggBjCxnkaT8,110,easy,1,15214,Classification & Modeling
1ggBjCxnkaT8,111,medium,0,29688,Classification & Modeling
1ggBjCxnkaT8,112,easy,1,26687,Classification & Modeling
1ggBjCxnkaT8,113,easy,1,17590,Classification & Modeling
1ggBjCxnkaT8,114,easy,1,24174,Classification & Modeling
1ggBjCxnkaT8,115,easy,0,18049,Classification & Modeling
1ggBjCxnkaT8,116,easy,1,17951,Classification & Modeling
1ggBjCxnkaT8,117,easy,1,12635,Classification & Modeling
1ggBjCxnkaT8,118,hard,0,24268,Classification & Modeling
1ggBjCxnkaT8,119,hard,0,28232,Classification & Modeling
1ggBjCxnkaT8,120,easy,1,15341,Classification & Modeling
jMkOnTydcqm6,91,easy,1,16911,Classification & Modeling
jMkOnTydcqm6,92,easy,1,14590,Classification & Modeling
jMkOnTydcqm6,93,easy,1,14590,Classification & Modeling
jMkOnTydcqm6,94,easy,1,14590,Classification & Modeling
jMkOnTydcqm6,95,easy,1,15374,Classification & Modeling
jMkOnTydcqm6,96,easy,1,13928,Classification & Modeling
jMkOnTydcqm6,97,easy,1,15280,Classification & Modeling
jMkOnTydcqm6,98,easy,1,13928,Classification & Modeling
jMkOnTydcqm6,99,easy,1,13928,Classification & Modeling
jMkOnTydcqm6,100,easy,1,13081,Classification & Modeling
jMkOnTydcqm6,101,easy,1,13928,Classification & Modeling
jMkOnTydcqm6,102,easy,1,15124,Classification & Modeling
jMkOnTydcqm6,103,hard,0,22022,Clustering & Unsupervised
jMkOnTydcqm6,104,easy,1,13081,Classification & Modeling
jMkOnTydcqm6,105,easy,1,16009,Classification & Modeling
jMkOnTydcqm6,106,easy,1,13817,Classification & Modeling
jMkOnTydcqm6,107,medium,1,30665,Classification & Modeling
jMkOnTydcqm6,108,medium,1,23732,Classification & Modeling
jMkOnTydcqm6,109,medium,1,28674,Classification & Modeling
jMkOnTydcqm6,110,easy,1,15124,Classification & Modeling
jMkOnTydcqm6,111,medium,0,32394,Classification & Modeling
jMkOnTydcqm6,112,easy,1,26274,Classification & Modeling
jMkOnTydcqm6,113,easy,0,22870,Classification & Modeling
jMkOnTydcqm6,114,easy,0,29276,Classification & Modeling
jMkOnTydcqm6,115,easy,1,15124,Classification & Modeling
jMkOnTydcqm6,116,easy,0,22742,Classification & Modeling
jMkOnTydcqm6,117,easy,1,13928,Classification & Modeling
jMkOnTydcqm6,118,hard,0,25132,Classification & Modeling
jMkOnTydcqm6,119,hard,0,29296,Classification & Modeling
jMkOnTydcqm6,120,easy,1,15280,Classification & Modeling
lOuE9tkR89Pk,91,easy,1,16016,Classification & Modeling
lOuE9tkR89Pk,92,easy,1,11884,Classification & Modeling
lOuE9tkR89Pk,93,easy,1,11884,Classification & Modeling
lOuE9tkR89Pk,94,easy,1,11884,Classification & Modeling
lOuE9tkR89Pk,95,easy,1,13602,Classification & Modeling
lOuE9tkR89Pk,96,easy,1,11434,Classification & Modeling
lOuE9tkR89Pk,97,easy,1,13816,Classification & Modeling
lOuE9tkR89Pk,98,easy,1,11434,Classification & Modeling
lOuE9tkR89Pk,99,easy,1,11434,Classification & Modeling
lOuE9tkR89Pk,100,easy,1,11561,Classification & Modeling
lOuE9tkR89Pk,101,easy,1,11434,Classification & Modeling
lOuE9tkR89Pk,102,easy,1,13852,Classification & Modeling
lOuE9tkR89Pk,103,hard,0,18207,Clustering & Unsupervised
lOuE9tkR89Pk,104,easy,1,11561,Classification & Modeling
lOuE9tkR89Pk,105,easy,1,14925,Classification & Modeling
lOuE9tkR89Pk,106,easy,1,11342,Classification & Modeling
lOuE9tkR89Pk,107,medium,1,26669,Classification & Modeling
lOuE9tkR89Pk,108,medium,1,20549,Classification & Modeling
lOuE9tkR89Pk,109,medium,0,24997,Classification & Modeling
lOuE9tkR89Pk,110,easy,1,13852,Classification & Modeling
lOuE9tkR89Pk,111,medium,0,25759,Classification & Modeling
lOuE9tkR89Pk,112,easy,1,23942,Classification & Modeling
lOuE9tkR89Pk,113,easy,1,16016,Classification & Modeling
lOuE9tkR89Pk,114,easy,1,20247,Classification & Modeling
lOuE9tkR89Pk,115,easy,1,13852,Classification & Modeling
lOuE9tkR89Pk,116,easy,1,16345,Classification & Modeling
lOuE9tkR89Pk,117,easy,1,11434,Classification & Modeling
lOuE9tkR89Pk,118,hard,0,20778,Classification & Modeling
lOuE9tkR89Pk,119,hard,1,24638,Classification & Modeling
lOuE9tkR89Pk,120,easy,1,13816,Classification & Modeling
KNvidOVZPDzA,91,easy,1,16862,Classification & Modeling
KNvidOVZPDzA,92,easy,1,12552,Classification & Modeling
KNvidOVZPDzA,93,easy,1,12552,Classification & Modeling
KNvidOVZPDzA,94,easy,1,12552,Classification & Modeling
KNvidOVZPDzA,95,easy,1,14478,Classification & Modeling
KNvidOVZPDzA,96,easy,0,16058,Classification & Modeling
KNvidOVZPDzA,97,easy,1,14706,Classification & Modeling
KNvidOVZPDzA,98,easy,1,12037,Classification & Modeling
KNvidOVZPDzA,99,easy,1,12037,Classification & Modeling
KNvidOVZPDzA,100,easy,1,12172,Classification & Modeling
KNvidOVZPDzA,101,easy,1,12037,Classification & Modeling
KNvidOVZPDzA,102,easy,1,14584,Classification & Modeling
KNvidOVZPDzA,103,hard,0,19256,Clustering & Unsupervised
KNvidOVZPDzA,104,easy,1,12172,Classification & Modeling
KNvidOVZPDzA,105,easy,1,15713,Classification & Modeling
KNvidOVZPDzA,106,easy,1,11941,Classification & Modeling
KNvidOVZPDzA,107,medium,1,30016,Classification & Modeling
KNvidOVZPDzA,108,medium,1,23519,Classification & Modeling
KNvidOVZPDzA,109,medium,1,27853,Classification & Modeling
KNvidOVZPDzA,110,easy,1,14584,Classification & Modeling
KNvidOVZPDzA,111,medium,0,28991,Classification & Modeling
KNvidOVZPDzA,112,easy,1,25582,Classification & Modeling
KNvidOVZPDzA,113,easy,1,16862,Classification & Modeling
KNvidOVZPDzA,114,easy,1,23173,Classification & Modeling
KNvidOVZPDzA,115,easy,1,14584,Classification & Modeling
KNvidOVZPDzA,116,easy,0,21300,Classification & Modeling
KNvidOVZPDzA,117,easy,1,12037,Classification & Modeling
KNvidOVZPDzA,118,hard,0,23703,Classification & Modeling
KNvidOVZPDzA,119,hard,1,27729,Classification & Modeling
KNvidOVZPDzA,120,easy,1,14706,Classification & Modeling
IWu147zvpRWb,91,easy,0,19625,Classification & Modeling
IWu147zvpRWb,92,easy,1,11841,Classification & Modeling
IWu147zvpRWb,93,easy,1,11841,Classification & Modeling
IWu147zvpRWb,94,easy,1,11841,Classification & Modeling
IWu147zvpRWb,95,easy,1,14404,Classification & Modeling
IWu147zvpRWb,96,easy,1,11488,Classification & Modeling
IWu147zvpRWb,97,easy,1,14630,Classification & Modeling
IWu147zvpRWb,98,easy,1,11488,Classification & Modeling
IWu147zvpRWb,99,easy,1,11488,Classification & Modeling
IWu147zvpRWb,100,easy,1,11987,Classification & Modeling
IWu147zvpRWb,101,easy,1,11488,Classification & Modeling
IWu147zvpRWb,102,easy,1,14509,Classification & Modeling
IWu147zvpRWb,103,hard,0,18585,Clustering & Unsupervised
IWu147zvpRWb,104,easy,1,11987,Classification & Modeling
IWu147zvpRWb,105,easy,1,15632,Classification & Modeling
IWu147zvpRWb,106,easy,1,11396,Classification & Modeling
IWu147zvpRWb,107,medium,1,30008,Classification & Modeling
IWu147zvpRWb,108,medium,0,26239,Classification & Modeling
IWu147zvpRWb,109,medium,0,27653,Classification & Modeling
IWu147zvpRWb,110,easy,1,14509,Classification & Modeling
IWu147zvpRWb,111,medium,0,28559,Classification & Modeling
IWu147zvpRWb,112,easy,1,25710,Classification & Modeling
IWu147zvpRWb,113,easy,1,16775,Classification & Modeling
IWu147zvpRWb,114,easy,0,25853,Classification & Modeling
IWu147zvpRWb,115,easy,1,14509,Classification & Modeling
IWu147zvpRWb,116,easy,1,17119,Classification & Modeling
IWu147zvpRWb,117,easy,1,11488,Classification & Modeling
IWu147zvpRWb,118,hard,1,27121,Classification & Modeling
IWu147zvpRWb,119,hard,0,27100,Classification & Modeling
IWu147zvpRWb,120,easy,1,14630,Classification & Modeling
SOvsRqc7VPKI,91,easy,1,16983,Classification & Modeling
SOvsRqc7VPKI,92,easy,1,14532,Classification & Modeling
SOvsRqc7VPKI,93,easy,1,14532,Classification & Modeling
SOvsRqc7VPKI,94,easy,1,14532,Classification & Modeling
SOvsRqc7VPKI,95,easy,1,15298,Classification & Modeling
SOvsRqc7VPKI,96,easy,1,14026,Classification & Modeling
SOvsRqc7VPKI,97,easy,1,15204,Classification & Modeling
SOvsRqc7VPKI,98,easy,1,14026,Classification & Modeling
SOvsRqc7VPKI,99,easy,1,14026,Classification & Modeling
SOvsRqc7VPKI,100,easy,1,12983,Classification & Modeling
SOvsRqc7VPKI,101,easy,1,14026,Classification & Modeling
SOvsRqc7VPKI,102,easy,1,15076,Classification & Modeling
SOvsRqc7VPKI,103,hard,0,21346,Clustering & Unsupervised
SOvsRqc7VPKI,104,easy,1,12983,Classification & Modeling
SOvsRqc7VPKI,105,easy,1,15957,Classification & Modeling
SOvsRqc7VPKI,106,easy,1,13914,Classification & Modeling
SOvsRqc7VPKI,107,medium,1,31115,Classification & Modeling
SOvsRqc7VPKI,108,medium,0,30590,Classification & Modeling
SOvsRqc7VPKI,109,medium,0,29446,Classification & Modeling
SOvsRqc7VPKI,110,easy,1,15076,Classification & Modeling
SOvsRqc7VPKI,111,medium,0,33350,Classification & Modeling
SOvsRqc7VPKI,112,easy,1,26459,Classification & Modeling
SOvsRqc7VPKI,113,easy,1,16983,Classification & Modeling
SOvsRqc7VPKI,114,easy,0,30140,Classification & Modeling
SOvsRqc7VPKI,115,easy,1,15076,Classification & Modeling
SOvsRqc7VPKI,116,easy,1,17297,Classification & Modeling
SOvsRqc7VPKI,117,easy,1,14026,Classification & Modeling
SOvsRqc7VPKI,118,hard,0,24361,Classification & Modeling
SOvsRqc7VPKI,119,hard,0,28856,Classification & Modeling
SOvsRqc7VPKI,120,easy,1,15204,Classification & Modeling
vqNkppoZuHFA,91,easy,1,16033,Classification & Modeling
vqNkppoZuHFA,92,easy,1,13189,Classification & Modeling
vqNkppoZuHFA,93,easy,1,13189,Classification & Modeling
vqNkppoZuHFA,94,easy,1,13189,Classification & Modeling
vqNkppoZuHFA,95,easy,1,14327,Classification & Modeling
vqNkppoZuHFA,96,easy,1,12591,Classification & Modeling
vqNkppoZuHFA,97,easy,1,14320,Classification & Modeling
vqNkppoZuHFA,98,easy,1,12591,Classification & Modeling
vqNkppoZuHFA,99,easy,1,12591,Classification & Modeling
vqNkppoZuHFA,100,easy,1,12030,Classification & Modeling
vqNkppoZuHFA,101,easy,1,12591,Classification & Modeling
vqNkppoZuHFA,102,easy,1,14174,Classification & Modeling
vqNkppoZuHFA,103,hard,0,18986,Clustering & Unsupervised
vqNkppoZuHFA,104,easy,1,12030,Classification & Modeling
vqNkppoZuHFA,105,easy,1,15044,Classification & Modeling
vqNkppoZuHFA,106,easy,1,12490,Classification & Modeling
vqNkppoZuHFA,107,medium,0,28798,Classification & Modeling
vqNkppoZuHFA,108,medium,0,24555,Classification & Modeling
vqNkppoZuHFA,109,medium,0,25717,Classification & Modeling
vqNkppoZuHFA,110,easy,1,14174,Classification & Modeling
vqNkppoZuHFA,111,medium,1,25067,Classification & Modeling
vqNkppoZuHFA,112,easy,1,24125,Classification & Modeling
vqNkppoZuHFA,113,easy,1,16033,Classification & Modeling
vqNkppoZuHFA,114,easy,1,20979,Classification & Modeling
vqNkppoZuHFA,115,easy,1,14174,Classification & Modeling
vqNkppoZuHFA,116,easy,1,16362,Classification & Modeling
vqNkppoZuHFA,117,easy,1,12591,Classification & Modeling
vqNkppoZuHFA,118,hard,0,21667,Classification & Modeling
vqNkppoZuHFA,119,hard,0,25202,Classification & Modeling
vqNkppoZuHFA,120,easy,1,14320,Classification & Modeling
bWRj9XHmvXaq,91,easy,1,16003,Classification & Modeling
bWRj9XHmvXaq,92,easy,1,11875,Classification & Modeling
bWRj9XHmvXaq,93,easy,1,11875,Classification & Modeling
bWRj9XHmvXaq,94,easy,1,11875,Classification & Modeling
bWRj9XHmvXaq,95,easy,1,13990,Classification & Modeling
bWRj9XHmvXaq,96,easy,1,11424,Classification & Modeling
bWRj9XHmvXaq,97,easy,1,13983,Classification & Modeling
bWRj9XHmvXaq,98,easy,1,11424,Classification & Modeling
bWRj9XHmvXaq,99,easy,1,11424,Classification & Modeling
bWRj9XHmvXaq,100,easy,1,11552,Classification & Modeling
bWRj9XHmvXaq,101,easy,1,11424,Classification & Modeling
bWRj9XHmvXaq,102,easy,1,13841,Classification & Modeling
bWRj9XHmvXaq,103,hard,0,18950,Clustering & Unsupervised
bWRj9XHmvXaq,104,easy,1,11552,Classification & Modeling
bWRj9XHmvXaq,105,easy,1,14913,Classification & Modeling
bWRj9XHmvXaq,106,easy,1,11333,Classification & Modeling
bWRj9XHmvXaq,107,medium,0,28744,Classification & Modeling
bWRj9XHmvXaq,108,medium,1,21253,Classification & Modeling
bWRj9XHmvXaq,109,medium,0,25669,Classification & Modeling
bWRj9XHmvXaq,110,easy,1,13841,Classification & Modeling
bWRj9XHmvXaq,111,medium,1,25021,Classification & Modeling
bWRj9XHmvXaq,112,easy,1,24080,Classification & Modeling
bWRj9XHmvXaq,113,easy,1,16003,Classification & Modeling
bWRj9XHmvXaq,114,easy,1,20940,Classification & Modeling
bWRj9XHmvXaq,115,easy,0,16977,Classification & Modeling
bWRj9XHmvXaq,116,easy,0,20840,Classification & Modeling
bWRj9XHmvXaq,117,easy,1,11424,Classification & Modeling
bWRj9XHmvXaq,118,hard,0,21627,Classification & Modeling
bWRj9XHmvXaq,119,hard,1,25300,Classification & Modeling
bWRj9XHmvXaq,120,easy,1,13983,Classification & Modeling
SpXSTCkMzPni,91,easy,1,17292,Classification & Modeling
SpXSTCkMzPni,92,easy,1,14796,Classification & Modeling
SpXSTCkMzPni,93,easy,1,14796,Classification & Modeling
SpXSTCkMzPni,94,easy,1,14796,Classification & Modeling
SpXSTCkMzPni,95,easy,1,15576,Classification & Modeling
SpXSTCkMzPni,96,easy,1,14282,Classification & Modeling
SpXSTCkMzPni,97,easy,1,15481,Classification & Modeling
SpXSTCkMzPni,98,easy,1,14282,Classification & Modeling
SpXSTCkMzPni,99,easy,1,14282,Classification & Modeling
SpXSTCkMzPni,100,easy,1,13219,Classification & Modeling
SpXSTCkMzPni,101,easy,1,14282,Classification & Modeling
SpXSTCkMzPni,102,easy,0,21538,Classification & Modeling
SpXSTCkMzPni,103,hard,0,21944,Clustering & Unsupervised
SpXSTCkMzPni,104,easy,1,13219,Classification & Modeling
SpXSTCkMzPni,105,easy,1,16248,Classification & Modeling
SpXSTCkMzPni,106,easy,1,14168,Classification & Modeling
SpXSTCkMzPni,107,medium,1,31681,Classification & Modeling
SpXSTCkMzPni,108,medium,1,24519,Classification & Modeling
SpXSTCkMzPni,109,medium,0,29985,Classification & Modeling
SpXSTCkMzPni,110,easy,0,21538,Classification & Modeling
SpXSTCkMzPni,111,medium,1,28944,Classification & Modeling
SpXSTCkMzPni,112,easy,1,26941,Classification & Modeling
SpXSTCkMzPni,113,easy,1,17292,Classification & Modeling
SpXSTCkMzPni,114,easy,1,24158,Classification & Modeling
SpXSTCkMzPni,115,easy,1,15350,Classification & Modeling
SpXSTCkMzPni,116,easy,1,17612,Classification & Modeling
SpXSTCkMzPni,117,easy,1,14282,Classification & Modeling
SpXSTCkMzPni,118,hard,0,25043,Classification & Modeling
SpXSTCkMzPni,119,hard,0,29384,Classification & Modeling
SpXSTCkMzPni,120,easy,1,15481,Classification & Modeling
pMrOo2QfC0Kp,91,easy,0,20958,Classification & Modeling
pMrOo2QfC0Kp,92,easy,1,11875,Classification & Modeling
pMrOo2QfC0Kp,93,easy,1,11875,Classification & Modeling
pMrOo2QfC0Kp,94,easy,1,11875,Classification & Modeling
pMrOo2QfC0Kp,95,easy,1,13990,Classification & Modeling
pMrOo2QfC0Kp,96,easy,1,11424,Classification & Modeling
pMrOo2QfC0Kp,97,easy,1,13983,Classification & Modeling
pMrOo2QfC0Kp,98,easy,1,11424,Classification & Modeling
pMrOo2QfC0Kp,99,easy,1,11424,Classification & Modeling
pMrOo2QfC0Kp,100,easy,1,11552,Classification & Modeling
pMrOo2QfC0Kp,101,easy,1,11424,Classification & Modeling
pMrOo2QfC0Kp,102,easy,1,13841,Classification & Modeling
pMrOo2QfC0Kp,103,hard,0,18950,Clustering & Unsupervised
pMrOo2QfC0Kp,104,easy,1,11552,Classification & Modeling
pMrOo2QfC0Kp,105,easy,1,14913,Classification & Modeling
pMrOo2QfC0Kp,106,easy,1,11333,Classification & Modeling
pMrOo2QfC0Kp,107,medium,1,27386,Classification & Modeling
pMrOo2QfC0Kp,108,medium,0,24509,Classification & Modeling
pMrOo2QfC0Kp,109,medium,0,25669,Classification & Modeling
pMrOo2QfC0Kp,110,easy,1,13841,Classification & Modeling
pMrOo2QfC0Kp,111,medium,1,25021,Classification & Modeling
pMrOo2QfC0Kp,112,easy,1,24080,Classification & Modeling
pMrOo2QfC0Kp,113,easy,1,16003,Classification & Modeling
pMrOo2QfC0Kp,114,easy,1,20940,Classification & Modeling
pMrOo2QfC0Kp,115,easy,1,13841,Classification & Modeling
pMrOo2QfC0Kp,116,easy,1,16332,Classification & Modeling
pMrOo2QfC0Kp,117,easy,1,11424,Classification & Modeling
pMrOo2QfC0Kp,118,hard,1,23427,Classification & Modeling
pMrOo2QfC0Kp,119,hard,0,25154,Classification & Modeling
pMrOo2QfC0Kp,120,easy,1,13983,Classification & Modeling
WNh0afD7QG4d,91,easy,0,18093,Classification & Modeling
WNh0afD7QG4d,92,easy,1,12670,Classification & Modeling
WNh0afD7QG4d,93,easy,1,12670,Classification & Modeling
WNh0afD7QG4d,94,easy,1,12670,Classification & Modeling
WNh0afD7QG4d,95,easy,1,12555,Classification & Modeling
WNh0afD7QG4d,96,easy,1,11375,Classification & Modeling
WNh0afD7QG4d,97,easy,1,12508,Classification & Modeling
WNh0afD7QG4d,98,easy,1,11375,Classification & Modeling
WNh0afD7QG4d,99,easy,1,11375,Classification & Modeling
WNh0afD7QG4d,100,easy,1,10682,Classification & Modeling
WNh0afD7QG4d,101,easy,1,11375,Classification & Modeling
WNh0afD7QG4d,102,easy,1,12381,Classification & Modeling
WNh0afD7QG4d,103,hard,0,16624,Clustering & Unsupervised
WNh0afD7QG4d,104,easy,1,10682,Classification & Modeling
WNh0afD7QG4d,105,easy,1,13105,Classification & Modeling
WNh0afD7QG4d,106,easy,1,11284,Classification & Modeling
WNh0afD7QG4d,107,medium,1,23450,Classification & Modeling
WNh0afD7QG4d,108,medium,0,20613,Classification & Modeling
WNh0afD7QG4d,109,medium,0,23064,Classification & Modeling
WNh0afD7QG4d,110,easy,1,12381,Classification & Modeling
WNh0afD7QG4d,111,medium,1,21043,Classification & Modeling
WNh0afD7QG4d,112,easy,1,20469,Classification & Modeling
WNh0afD7QG4d,113,easy,1,13843,Classification & Modeling
WNh0afD7QG4d,114,easy,1,17611,Classification & Modeling
WNh0afD7QG4d,115,easy,1,12381,Classification & Modeling
WNh0afD7QG4d,116,easy,1,14099,Classification & Modeling
WNh0afD7QG4d,117,easy,1,11375,Classification & Modeling
WNh0afD7QG4d,118,hard,1,21646,Classification & Modeling
WNh0afD7QG4d,119,hard,0,22067,Classification & Modeling
WNh0afD7QG4d,120,easy,1,12508,Classification & Modeling
aKKO0pyKuBaK,91,easy,1,16003,Classification & Modeling
aKKO0pyKuBaK,92,easy,1,11875,Classification & Modeling
aKKO0pyKuBaK,93,easy,1,11875,Classification & Modeling
aKKO0pyKuBaK,94,easy,1,11875,Classification & Modeling
aKKO0pyKuBaK,95,easy,1,13990,Classification & Modeling
aKKO0pyKuBaK,96,easy,1,11424,Classification & Modeling
aKKO0pyKuBaK,97,easy,1,13983,Classification & Modeling
aKKO0pyKuBaK,98,easy,1,11424,Classification & Modeling
aKKO0pyKuBaK,99,easy,1,11424,Classification & Modeling
aKKO0pyKuBaK,100,easy,1,11552,Classification & Modeling
aKKO0pyKuBaK,101,easy,1,11424,Classification & Modeling
aKKO0pyKuBaK,102,easy,1,13841,Classification & Modeling
aKKO0pyKuBaK,103,hard,0,18950,Clustering & Unsupervised
aKKO0pyKuBaK,104,easy,1,11552,Classification & Modeling
aKKO0pyKuBaK,105,easy,1,14913,Classification & Modeling
aKKO0pyKuBaK,106,easy,1,11333,Classification & Modeling
aKKO0pyKuBaK,107,medium,1,27386,Classification & Modeling
aKKO0pyKuBaK,108,medium,1,21253,Classification & Modeling
aKKO0pyKuBaK,109,medium,1,25413,Classification & Modeling
aKKO0pyKuBaK,110,easy,1,13841,Classification & Modeling
aKKO0pyKuBaK,111,medium,1,25021,Classification & Modeling
aKKO0pyKuBaK,112,easy,1,24080,Classification & Modeling
aKKO0pyKuBaK,113,easy,1,16003,Classification & Modeling
aKKO0pyKuBaK,114,easy,1,20940,Classification & Modeling
aKKO0pyKuBaK,115,easy,1,13841,Classification & Modeling
aKKO0pyKuBaK,116,easy,1,16332,Classification & Modeling
aKKO0pyKuBaK,117,easy,1,11424,Classification & Modeling
aKKO0pyKuBaK,118,hard,0,21627,Classification & Modeling
aKKO0pyKuBaK,119,hard,0,25154,Classification & Modeling
aKKO0pyKuBaK,120,easy,1,13983,Classification & Modeling
w1PmKgj9FomZ,91,easy,1,17292,Classification & Modeling
w1PmKgj9FomZ,92,easy,1,14796,Classification & Modeling
w1PmKgj9FomZ,93,easy,1,14796,Classification & Modeling
w1PmKgj9FomZ,94,easy,1,14796,Classification & Modeling
w1PmKgj9FomZ,95,easy,1,15576,Classification & Modeling
w1PmKgj9FomZ,96,easy,1,14282,Classification & Modeling
w1PmKgj9FomZ,97,easy,1,15481,Classification & Modeling
w1PmKgj9FomZ,98,easy,1,14282,Classification & Modeling
w1PmKgj9FomZ,99,easy,1,14282,Classification & Modeling
w1PmKgj9FomZ,100,easy,1,13219,Classification & Modeling
w1PmKgj9FomZ,101,easy,1,14282,Classification & Modeling
w1PmKgj9FomZ,102,easy,1,15350,Classification & Modeling
w1PmKgj9FomZ,103,hard,0,21944,Clustering & Unsupervised
w1PmKgj9FomZ,104,easy,1,13219,Classification & Modeling
w1PmKgj9FomZ,105,easy,1,16248,Classification & Modeling
w1PmKgj9FomZ,106,easy,1,14168,Classification & Modeling
w1PmKgj9FomZ,107,medium,1,31681,Classification & Modeling
w1PmKgj9FomZ,108,medium,1,24519,Classification & Modeling
w1PmKgj9FomZ,109,medium,1,29625,Classification & Modeling
w1PmKgj9FomZ,110,easy,1,15350,Classification & Modeling
w1PmKgj9FomZ,111,medium,1,28944,Classification & Modeling
w1PmKgj9FomZ,112,easy,1,26941,Classification & Modeling
w1PmKgj9FomZ,113,easy,1,17292,Classification & Modeling
w1PmKgj9FomZ,114,easy,1,24158,Classification & Modeling
w1PmKgj9FomZ,115,easy,1,15350,Classification & Modeling
w1PmKgj9FomZ,116,easy,1,17612,Classification & Modeling
w1PmKgj9FomZ,117,easy,1,14282,Classification & Modeling
w1PmKgj9FomZ,118,hard,0,25043,Classification & Modeling
w1PmKgj9FomZ,119,hard,0,29384,Classification & Modeling
w1PmKgj9FomZ,120,easy,1,15481,Classification & Modeling
No1fcFHRlYfg,91,easy,1,16332,Classification & Modeling
No1fcFHRlYfg,92,easy,1,14586,Classification & Modeling
No1fcFHRlYfg,93,easy,1,14586,Classification & Modeling
No1fcFHRlYfg,94,easy,1,14586,Classification & Modeling
No1fcFHRlYfg,95,easy,1,14715,Classification & Modeling
No1fcFHRlYfg,96,easy,1,13036,Classification & Modeling
No1fcFHRlYfg,97,easy,1,14585,Classification & Modeling
No1fcFHRlYfg,98,easy,1,13036,Classification & Modeling
No1fcFHRlYfg,99,easy,1,13036,Classification & Modeling
No1fcFHRlYfg,100,easy,1,12712,Classification & Modeling
No1fcFHRlYfg,101,easy,1,13036,Classification & Modeling
No1fcFHRlYfg,102,easy,1,14437,Classification & Modeling
No1fcFHRlYfg,103,hard,0,25211,Clustering & Unsupervised
No1fcFHRlYfg,104,easy,1,12712,Classification & Modeling
No1fcFHRlYfg,105,easy,0,21912,Classification & Modeling
No1fcFHRlYfg,106,easy,1,12932,Classification & Modeling
No1fcFHRlYfg,107,medium,0,35306,Classification & Modeling
No1fcFHRlYfg,108,medium,1,22799,Classification & Modeling
No1fcFHRlYfg,109,medium,1,29136,Classification & Modeling
No1fcFHRlYfg,110,easy,1,14437,Classification & Modeling
No1fcFHRlYfg,111,medium,1,27262,Classification & Modeling
No1fcFHRlYfg,112,easy,1,25149,Classification & Modeling
No1fcFHRlYfg,113,easy,1,16332,Classification & Modeling
No1fcFHRlYfg,114,easy,1,22463,Classification & Modeling
No1fcFHRlYfg,115,easy,1,14437,Classification & Modeling
No1fcFHRlYfg,116,easy,1,16634,Classification & Modeling
No1fcFHRlYfg,117,easy,1,13036,Classification & Modeling
No1fcFHRlYfg,118,hard,0,28552,Classification & Modeling
No1fcFHRlYfg,119,hard,1,29115,Classification & Modeling
No1fcFHRlYfg,120,easy,1,14585,Classification & Modeling
Q7dfzHYyXvOT,91,easy,1,14075,Classification & Modeling
Q7dfzHYyXvOT,92,easy,1,12378,Classification & Modeling
Q7dfzHYyXvOT,93,easy,1,12378,Classification & Modeling
Q7dfzHYyXvOT,94,easy,1,12378,Classification & Modeling
Q7dfzHYyXvOT,95,easy,1,12680,Classification & Modeling
Q7dfzHYyXvOT,96,easy,1,11341,Classification & Modeling
Q7dfzHYyXvOT,97,easy,1,12568,Classification & Modeling
Q7dfzHYyXvOT,98,easy,1,11341,Classification & Modeling
Q7dfzHYyXvOT,99,easy,1,11341,Classification & Modeling
Q7dfzHYyXvOT,100,easy,1,11547,Classification & Modeling
Q7dfzHYyXvOT,101,easy,1,11341,Classification & Modeling
Q7dfzHYyXvOT,102,easy,1,12441,Classification & Modeling
Q7dfzHYyXvOT,103,hard,0,24445,Clustering & Unsupervised
Q7dfzHYyXvOT,104,easy,1,11547,Classification & Modeling
Q7dfzHYyXvOT,105,easy,1,13168,Classification & Modeling
Q7dfzHYyXvOT,106,easy,1,11123,Classification & Modeling
Q7dfzHYyXvOT,107,medium,1,25753,Classification & Modeling
Q7dfzHYyXvOT,108,medium,1,19883,Classification & Modeling
Q7dfzHYyXvOT,109,medium,1,27277,Classification & Modeling
Q7dfzHYyXvOT,110,easy,1,12441,Classification & Modeling
Q7dfzHYyXvOT,111,medium,1,23776,Classification & Modeling
Q7dfzHYyXvOT,112,easy,1,21566,Classification & Modeling
Q7dfzHYyXvOT,113,easy,1,14075,Classification & Modeling
Q7dfzHYyXvOT,114,easy,1,19590,Classification & Modeling
Q7dfzHYyXvOT,115,easy,1,12441,Classification & Modeling
Q7dfzHYyXvOT,116,easy,1,14335,Classification & Modeling
Q7dfzHYyXvOT,117,easy,1,11341,Classification & Modeling
Q7dfzHYyXvOT,118,hard,0,27684,Classification & Modeling
Q7dfzHYyXvOT,119,hard,1,28230,Classification & Modeling
Q7dfzHYyXvOT,120,easy,1,12568,Classification & Modeling
tZNKhSZpzqOT,91,easy,1,17051,Classification & Modeling
tZNKhSZpzqOT,92,easy,1,14711,Classification & Modeling
tZNKhSZpzqOT,93,easy,1,14711,Classification & Modeling
tZNKhSZpzqOT,94,easy,1,14711,Classification & Modeling
tZNKhSZpzqOT,95,easy,1,15502,Classification & Modeling
tZNKhSZpzqOT,96,easy,1,14044,Classification & Modeling
tZNKhSZpzqOT,97,easy,1,15407,Classification & Modeling
tZNKhSZpzqOT,98,easy,1,14044,Classification & Modeling
tZNKhSZpzqOT,99,easy,1,14044,Classification & Modeling
tZNKhSZpzqOT,100,easy,1,13189,Classification & Modeling
tZNKhSZpzqOT,101,easy,1,14044,Classification & Modeling
tZNKhSZpzqOT,102,easy,0,20736,Classification & Modeling
tZNKhSZpzqOT,103,hard,0,21637,Clustering & Unsupervised
tZNKhSZpzqOT,104,easy,1,13189,Classification & Modeling
tZNKhSZpzqOT,105,easy,1,16142,Classification & Modeling
tZNKhSZpzqOT,106,easy,1,13932,Classification & Modeling
tZNKhSZpzqOT,107,medium,0,33742,Classification & Modeling
tZNKhSZpzqOT,108,medium,0,28482,Classification & Modeling
tZNKhSZpzqOT,109,medium,1,28092,Classification & Modeling
tZNKhSZpzqOT,110,easy,1,15250,Classification & Modeling
tZNKhSZpzqOT,111,medium,1,27448,Classification & Modeling
tZNKhSZpzqOT,112,easy,1,26141,Classification & Modeling
tZNKhSZpzqOT,113,easy,1,17051,Classification & Modeling
tZNKhSZpzqOT,114,easy,0,28063,Classification & Modeling
tZNKhSZpzqOT,115,easy,1,15250,Classification & Modeling
tZNKhSZpzqOT,116,easy,1,17366,Classification & Modeling
tZNKhSZpzqOT,117,easy,1,14044,Classification & Modeling
tZNKhSZpzqOT,118,hard,0,24692,Classification & Modeling
tZNKhSZpzqOT,119,hard,0,28783,Classification & Modeling
tZNKhSZpzqOT,120,easy,1,15407,Classification & Modeling
xlLz8YVMGkvs,91,easy,1,16983,Classification & Modeling
xlLz8YVMGkvs,92,easy,1,14532,Classification & Modeling
xlLz8YVMGkvs,93,easy,1,14532,Classification & Modeling
xlLz8YVMGkvs,94,easy,1,14532,Classification & Modeling
xlLz8YVMGkvs,95,easy,1,15298,Classification & Modeling
xlLz8YVMGkvs,96,easy,1,14026,Classification & Modeling
xlLz8YVMGkvs,97,easy,1,15204,Classification & Modeling
xlLz8YVMGkvs,98,easy,1,14026,Classification & Modeling
xlLz8YVMGkvs,99,easy,1,14026,Classification & Modeling
xlLz8YVMGkvs,100,easy,1,12983,Classification & Modeling
xlLz8YVMGkvs,101,easy,1,14026,Classification & Modeling
xlLz8YVMGkvs,102,easy,1,15076,Classification & Modeling
xlLz8YVMGkvs,103,hard,1,24687,Clustering & Unsupervised
xlLz8YVMGkvs,104,easy,1,12983,Classification & Modeling
xlLz8YVMGkvs,105,easy,1,15957,Classification & Modeling
xlLz8YVMGkvs,106,easy,1,13914,Classification & Modeling
xlLz8YVMGkvs,107,medium,1,31115,Classification & Modeling
xlLz8YVMGkvs,108,medium,1,24081,Classification & Modeling
xlLz8YVMGkvs,109,medium,0,29446,Classification & Modeling
xlLz8YVMGkvs,110,easy,1,15076,Classification & Modeling
xlLz8YVMGkvs,111,medium,0,33350,Classification & Modeling
xlLz8YVMGkvs,112,easy,1,26459,Classification & Modeling
xlLz8YVMGkvs,113,easy,1,16983,Classification & Modeling
xlLz8YVMGkvs,114,easy,0,30140,Classification & Modeling
xlLz8YVMGkvs,115,easy,1,15076,Classification & Modeling
xlLz8YVMGkvs,116,easy,1,17297,Classification & Modeling
xlLz8YVMGkvs,117,easy,1,14026,Classification & Modeling
xlLz8YVMGkvs,118,hard,0,24361,Classification & Modeling
xlLz8YVMGkvs,119,hard,0,28856,Classification & Modeling
xlLz8YVMGkvs,120,easy,1,15204,Classification & Modeling
xbNryveuRsXc,91,easy,0,23730,Classification & Modeling
xbNryveuRsXc,92,easy,1,14796,Classification & Modeling
xbNryveuRsXc,93,easy,1,14796,Classification & Modeling
xbNryveuRsXc,94,easy,1,14796,Classification & Modeling
xbNryveuRsXc,95,easy,1,15576,Classification & Modeling
xbNryveuRsXc,96,easy,1,14282,Classification & Modeling
xbNryveuRsXc,97,easy,1,15481,Classification & Modeling
xbNryveuRsXc,98,easy,1,14282,Classification & Modeling
xbNryveuRsXc,99,easy,1,14282,Classification & Modeling
xbNryveuRsXc,100,easy,1,13219,Classification & Modeling
xbNryveuRsXc,101,easy,1,14282,Classification & Modeling
xbNryveuRsXc,102,easy,1,15350,Classification & Modeling
xbNryveuRsXc,103,hard,0,21944,Clustering & Unsupervised
xbNryveuRsXc,104,easy,1,13219,Classification & Modeling
xbNryveuRsXc,105,easy,1,16248,Classification & Modeling
xbNryveuRsXc,106,easy,1,14168,Classification & Modeling
xbNryveuRsXc,107,medium,1,31681,Classification & Modeling
xbNryveuRsXc,108,medium,1,24519,Classification & Modeling
xbNryveuRsXc,109,medium,0,29985,Classification & Modeling
xbNryveuRsXc,110,easy,1,15350,Classification & Modeling
xbNryveuRsXc,111,medium,1,28944,Classification & Modeling
xbNryveuRsXc,112,easy,1,26941,Classification & Modeling
xbNryveuRsXc,113,easy,0,23730,Classification & Modeling
xbNryveuRsXc,114,easy,1,24158,Classification & Modeling
xbNryveuRsXc,115,easy,0,21538,Classification & Modeling
xbNryveuRsXc,116,easy,1,17612,Classification & Modeling
xbNryveuRsXc,117,easy,1,14282,Classification & Modeling
xbNryveuRsXc,118,hard,0,25043,Classification & Modeling
xbNryveuRsXc,119,hard,0,29384,Classification & Modeling
xbNryveuRsXc,120,easy,1,15481,Classification & Modeling
VTLAbK1PHg7B,91,easy,1,17723,Classification & Modeling
VTLAbK1PHg7B,92,easy,1,14036,Classification & Modeling
VTLAbK1PHg7B,93,easy,1,14036,Classification & Modeling
VTLAbK1PHg7B,94,easy,1,14036,Classification & Modeling
VTLAbK1PHg7B,95,easy,1,15218,Classification & Modeling
VTLAbK1PHg7B,96,easy,1,13412,Classification & Modeling
VTLAbK1PHg7B,97,easy,0,18458,Classification & Modeling
VTLAbK1PHg7B,98,easy,1,13412,Classification & Modeling
VTLAbK1PHg7B,99,easy,1,13412,Classification & Modeling
VTLAbK1PHg7B,100,easy,1,12884,Classification & Modeling
VTLAbK1PHg7B,101,easy,1,13412,Classification & Modeling
VTLAbK1PHg7B,102,easy,1,15329,Classification & Modeling
VTLAbK1PHg7B,103,hard,0,19527,Clustering & Unsupervised
VTLAbK1PHg7B,104,easy,1,12884,Classification & Modeling
VTLAbK1PHg7B,105,easy,1,16516,Classification & Modeling
VTLAbK1PHg7B,106,easy,1,13304,Classification & Modeling
VTLAbK1PHg7B,107,medium,0,31787,Classification & Modeling
VTLAbK1PHg7B,108,medium,1,24301,Classification & Modeling
VTLAbK1PHg7B,109,medium,0,28534,Classification & Modeling
VTLAbK1PHg7B,110,easy,1,15329,Classification & Modeling
VTLAbK1PHg7B,111,medium,1,28334,Classification & Modeling
VTLAbK1PHg7B,112,easy,0,29267,Classification & Modeling
VTLAbK1PHg7B,113,easy,1,17723,Classification & Modeling
VTLAbK1PHg7B,114,easy,1,23943,Classification & Modeling
VTLAbK1PHg7B,115,easy,0,18185,Classification & Modeling
VTLAbK1PHg7B,116,easy,1,18087,Classification & Modeling
VTLAbK1PHg7B,117,easy,1,13412,Classification & Modeling
VTLAbK1PHg7B,118,hard,0,24037,Classification & Modeling
VTLAbK1PHg7B,119,hard,0,27963,Classification & Modeling
VTLAbK1PHg7B,120,easy,1,15457,Classification & Modeling
ynjK3wP1cV18,91,easy,1,25712,Classification & Modeling
ynjK3wP1cV18,92,easy,1,22001,Classification & Modeling
ynjK3wP1cV18,93,easy,1,22001,Classification & Modeling
ynjK3wP1cV18,94,easy,1,22001,Classification & Modeling
ynjK3wP1cV18,95,easy,1,23161,Classification & Modeling
ynjK3wP1cV18,96,easy,1,21236,Classification & Modeling
ynjK3wP1cV18,97,easy,0,29020,Classification & Modeling
ynjK3wP1cV18,98,easy,1,21236,Classification & Modeling
ynjK3wP1cV18,99,easy,1,21236,Classification & Modeling
ynjK3wP1cV18,100,easy,1,19656,Classification & Modeling
ynjK3wP1cV18,101,easy,1,21236,Classification & Modeling
ynjK3wP1cV18,102,easy,1,22825,Classification & Modeling
ynjK3wP1cV18,103,hard,0,26934,Clustering & Unsupervised
ynjK3wP1cV18,104,easy,1,19656,Classification & Modeling
ynjK3wP1cV18,105,easy,1,24159,Classification & Modeling
ynjK3wP1cV18,106,easy,1,21066,Classification & Modeling
ynjK3wP1cV18,107,medium,1,42815,Classification & Modeling
ynjK3wP1cV18,108,medium,0,41094,Classification & Modeling
ynjK3wP1cV18,109,medium,0,37154,Classification & Modeling
ynjK3wP1cV18,110,easy,1,22825,Classification & Modeling
ynjK3wP1cV18,111,medium,0,41599,Classification & Modeling
ynjK3wP1cV18,112,easy,1,37870,Classification & Modeling
ynjK3wP1cV18,113,easy,1,25712,Classification & Modeling
ynjK3wP1cV18,114,easy,0,40489,Classification & Modeling
ynjK3wP1cV18,115,easy,1,22825,Classification & Modeling
ynjK3wP1cV18,116,easy,1,26187,Classification & Modeling
ynjK3wP1cV18,117,easy,1,21236,Classification & Modeling
ynjK3wP1cV18,118,hard,0,30738,Classification & Modeling
ynjK3wP1cV18,119,hard,1,40351,Classification & Modeling
ynjK3wP1cV18,120,easy,1,23019,Classification & Modeling
By0gyab68WPW,91,easy,1,19135,Classification & Modeling
By0gyab68WPW,92,easy,1,14332,Classification & Modeling
By0gyab68WPW,93,easy,1,14332,Classification & Modeling
By0gyab68WPW,94,easy,1,14332,Classification & Modeling
By0gyab68WPW,95,easy,1,16430,Classification & Modeling
By0gyab68WPW,96,easy,1,13745,Classification & Modeling
By0gyab68WPW,97,easy,1,16689,Classification & Modeling
By0gyab68WPW,98,easy,1,13745,Classification & Modeling
By0gyab68WPW,99,easy,1,13745,Classification & Modeling
By0gyab68WPW,100,easy,1,13813,Classification & Modeling
By0gyab68WPW,101,easy,1,13745,Classification & Modeling
By0gyab68WPW,102,easy,1,16550,Classification & Modeling
By0gyab68WPW,103,hard,0,20343,Clustering & Unsupervised
By0gyab68WPW,104,easy,1,13813,Classification & Modeling
By0gyab68WPW,105,easy,1,17832,Classification & Modeling
By0gyab68WPW,106,easy,1,13635,Classification & Modeling
By0gyab68WPW,107,medium,1,33304,Classification & Modeling
By0gyab68WPW,108,medium,1,26096,Classification & Modeling
By0gyab68WPW,109,medium,0,28968,Classification & Modeling
By0gyab68WPW,110,easy,1,16550,Classification & Modeling
By0gyab68WPW,111,medium,0,29852,Classification & Modeling
By0gyab68WPW,112,easy,0,29711,Classification & Modeling
By0gyab68WPW,113,easy,1,19135,Classification & Modeling
By0gyab68WPW,114,easy,1,25712,Classification & Modeling
By0gyab68WPW,115,easy,1,16550,Classification & Modeling
By0gyab68WPW,116,easy,1,19528,Classification & Modeling
By0gyab68WPW,117,easy,1,13745,Classification & Modeling
By0gyab68WPW,118,hard,1,30434,Classification & Modeling
By0gyab68WPW,119,hard,0,28388,Classification & Modeling
By0gyab68WPW,120,easy,1,16689,Classification & Modeling
Kji96af6kzzA,91,easy,1,16862,Classification & Modeling
Kji96af6kzzA,92,easy,1,12552,Classification & Modeling
Kji96af6kzzA,93,easy,1,12552,Classification & Modeling
Kji96af6kzzA,94,easy,1,12552,Classification & Modeling
Kji96af6kzzA,95,easy,1,14478,Classification & Modeling
Kji96af6kzzA,96,easy,1,12037,Classification & Modeling
Kji96af6kzzA,97,easy,1,14706,Classification & Modeling
Kji96af6kzzA,98,easy,1,12037,Classification & Modeling
Kji96af6kzzA,99,easy,1,12037,Classification & Modeling
Kji96af6kzzA,100,easy,1,12172,Classification & Modeling
Kji96af6kzzA,101,easy,1,12037,Classification & Modeling
Kji96af6kzzA,102,easy,1,14584,Classification & Modeling
Kji96af6kzzA,103,hard,0,19256,Clustering & Unsupervised
Kji96af6kzzA,104,easy,1,12172,Classification & Modeling
Kji96af6kzzA,105,easy,1,15713,Classification & Modeling
Kji96af6kzzA,106,easy,1,11941,Classification & Modeling
Kji96af6kzzA,107,medium,1,30016,Classification & Modeling
Kji96af6kzzA,108,medium,1,23519,Classification & Modeling
Kji96af6kzzA,109,medium,0,28133,Classification & Modeling
Kji96af6kzzA,110,easy,1,14584,Classification & Modeling
Kji96af6kzzA,111,medium,1,27423,Classification & Modeling
Kji96af6kzzA,112,easy,0,28855,Classification & Modeling
Kji96af6kzzA,113,easy,0,21420,Classification & Modeling
Kji96af6kzzA,114,easy,1,23173,Classification & Modeling
Kji96af6kzzA,115,easy,1,14584,Classification & Modeling
Kji96af6kzzA,116,easy,1,17208,Classification & Modeling
Kji96af6kzzA,117,easy,1,12037,Classification & Modeling
Kji96af6kzzA,118,hard,0,23703,Classification & Modeling
Kji96af6kzzA,119,hard,1,27729,Classification & Modeling
Kji96af6kzzA,120,easy,1,14706,Classification & Modeling
YA6aMV1xcGv9,91,easy,0,24309,Classification & Modeling
YA6aMV1xcGv9,92,easy,1,14818,Classification & Modeling
YA6aMV1xcGv9,93,easy,1,14818,Classification & Modeling
YA6aMV1xcGv9,94,easy,1,14818,Classification & Modeling
YA6aMV1xcGv9,95,easy,1,15763,Classification & Modeling
YA6aMV1xcGv9,96,easy,1,14303,Classification & Modeling
YA6aMV1xcGv9,97,easy,1,15667,Classification & Modeling
YA6aMV1xcGv9,98,easy,1,14303,Classification & Modeling
YA6aMV1xcGv9,99,easy,1,14303,Classification & Modeling
YA6aMV1xcGv9,100,easy,1,13378,Classification & Modeling
YA6aMV1xcGv9,101,easy,1,14303,Classification & Modeling
YA6aMV1xcGv9,102,easy,1,15725,Classification & Modeling
YA6aMV1xcGv9,103,hard,0,19040,Clustering & Unsupervised
YA6aMV1xcGv9,104,easy,1,13378,Classification & Modeling
YA6aMV1xcGv9,105,easy,1,16644,Classification & Modeling
YA6aMV1xcGv9,106,easy,1,14189,Classification & Modeling
YA6aMV1xcGv9,107,medium,1,34130,Classification & Modeling
YA6aMV1xcGv9,108,medium,1,27655,Classification & Modeling
YA6aMV1xcGv9,109,medium,1,31416,Classification & Modeling
YA6aMV1xcGv9,110,easy,1,15725,Classification & Modeling
YA6aMV1xcGv9,111,medium,1,32647,Classification & Modeling
YA6aMV1xcGv9,112,easy,1,30387,Classification & Modeling
YA6aMV1xcGv9,113,easy,1,17714,Classification & Modeling
YA6aMV1xcGv9,114,easy,1,27248,Classification & Modeling
YA6aMV1xcGv9,115,easy,1,15725,Classification & Modeling
YA6aMV1xcGv9,116,easy,1,18042,Classification & Modeling
YA6aMV1xcGv9,117,easy,1,14303,Classification & Modeling
YA6aMV1xcGv9,118,hard,0,21729,Classification & Modeling
YA6aMV1xcGv9,119,hard,0,31161,Classification & Modeling
YA6aMV1xcGv9,120,easy,1,15667,Classification & Modeling
RM55e8d3Jbjm,91,easy,0,20958,Classification & Modeling
RM55e8d3Jbjm,92,easy,1,11875,Classification & Modeling
RM55e8d3Jbjm,93,easy,1,11875,Classification & Modeling
RM55e8d3Jbjm,94,easy,1,11875,Classification & Modeling
RM55e8d3Jbjm,95,easy,1,13990,Classification & Modeling
RM55e8d3Jbjm,96,easy,1,11424,Classification & Modeling
RM55e8d3Jbjm,97,easy,0,17264,Classification & Modeling
RM55e8d3Jbjm,98,easy,1,11424,Classification & Modeling
RM55e8d3Jbjm,99,easy,1,11424,Classification & Modeling
RM55e8d3Jbjm,100,easy,0,13832,Classification & Modeling
RM55e8d3Jbjm,101,easy,0,15467,Classification & Modeling
RM55e8d3Jbjm,102,easy,1,13841,Classification & Modeling
RM55e8d3Jbjm,103,hard,1,20151,Clustering & Unsupervised
RM55e8d3Jbjm,104,easy,1,11552,Classification & Modeling
RM55e8d3Jbjm,105,easy,1,14913,Classification & Modeling
RM55e8d3Jbjm,106,easy,1,11333,Classification & Modeling
RM55e8d3Jbjm,107,medium,0,28744,Classification & Modeling
RM55e8d3Jbjm,108,medium,0,24509,Classification & Modeling
RM55e8d3Jbjm,109,medium,0,25669,Classification & Modeling
RM55e8d3Jbjm,110,easy,1,13841,Classification & Modeling
RM55e8d3Jbjm,111,medium,1,25021,Classification & Modeling
RM55e8d3Jbjm,112,easy,1,24080,Classification & Modeling
RM55e8d3Jbjm,113,easy,1,16003,Classification & Modeling
RM55e8d3Jbjm,114,easy,0,24148,Classification & Modeling
RM55e8d3Jbjm,115,easy,1,13841,Classification & Modeling
RM55e8d3Jbjm,116,easy,1,16332,Classification & Modeling
RM55e8d3Jbjm,117,easy,1,11424,Classification & Modeling
RM55e8d3Jbjm,118,hard,1,23427,Classification & Modeling
RM55e8d3Jbjm,119,hard,0,25154,Classification & Modeling
RM55e8d3Jbjm,120,easy,1,13983,Classification & Modeling
AgiWXtLnmm9y,91,easy,0,18856,Classification & Modeling
AgiWXtLnmm9y,92,easy,1,10621,Classification & Modeling
AgiWXtLnmm9y,93,easy,1,10621,Classification & Modeling
AgiWXtLnmm9y,94,easy,1,10621,Classification & Modeling
AgiWXtLnmm9y,95,easy,0,14966,Classification & Modeling
AgiWXtLnmm9y,96,easy,1,10218,Classification & Modeling
AgiWXtLnmm9y,97,easy,1,12420,Classification & Modeling
AgiWXtLnmm9y,98,easy,1,10218,Classification & Modeling
AgiWXtLnmm9y,99,easy,1,10218,Classification & Modeling
AgiWXtLnmm9y,100,easy,1,10332,Classification & Modeling
AgiWXtLnmm9y,101,easy,1,10218,Classification & Modeling
AgiWXtLnmm9y,102,easy,1,12453,Classification & Modeling
AgiWXtLnmm9y,103,hard,0,16323,Clustering & Unsupervised
AgiWXtLnmm9y,104,easy,1,10332,Classification & Modeling
AgiWXtLnmm9y,105,easy,1,13418,Classification & Modeling
AgiWXtLnmm9y,106,easy,1,10136,Classification & Modeling
AgiWXtLnmm9y,107,medium,0,25449,Classification & Modeling
AgiWXtLnmm9y,108,medium,0,21545,Classification & Modeling
AgiWXtLnmm9y,109,medium,0,22726,Classification & Modeling
AgiWXtLnmm9y,110,easy,1,12453,Classification & Modeling
AgiWXtLnmm9y,111,medium,0,23420,Classification & Modeling
AgiWXtLnmm9y,112,easy,1,21767,Classification & Modeling
AgiWXtLnmm9y,113,easy,1,14398,Classification & Modeling
AgiWXtLnmm9y,114,easy,1,18408,Classification & Modeling
AgiWXtLnmm9y,115,easy,1,12453,Classification & Modeling
AgiWXtLnmm9y,116,easy,1,14694,Classification & Modeling
AgiWXtLnmm9y,117,easy,1,10218,Classification & Modeling
AgiWXtLnmm9y,118,hard,1,20178,Classification & Modeling
AgiWXtLnmm9y,119,hard,1,22400,Classification & Modeling
AgiWXtLnmm9y,120,easy,1,12420,Classification & Modeling
9eci54foOGc9,91,easy,0,23730,Classification & Modeling
9eci54foOGc9,92,easy,1,14796,Classification & Modeling
9eci54foOGc9,93,easy,1,14796,Classification & Modeling
9eci54foOGc9,94,easy,1,14796,Classification & Modeling
9eci54foOGc9,95,easy,1,15576,Classification & Modeling
9eci54foOGc9,96,easy,1,14282,Classification & Modeling
9eci54foOGc9,97,easy,1,15481,Classification & Modeling
9eci54foOGc9,98,easy,1,14282,Classification & Modeling
9eci54foOGc9,99,easy,1,14282,Classification & Modeling
9eci54foOGc9,100,easy,1,13219,Classification & Modeling
9eci54foOGc9,101,easy,1,14282,Classification & Modeling
9eci54foOGc9,102,easy,1,15350,Classification & Modeling
9eci54foOGc9,103,hard,0,21944,Clustering & Unsupervised
9eci54foOGc9,104,easy,0,18062,Classification & Modeling
9eci54foOGc9,105,easy,1,16248,Classification & Modeling
9eci54foOGc9,106,easy,1,14168,Classification & Modeling
9eci54foOGc9,107,medium,1,31681,Classification & Modeling
9eci54foOGc9,108,medium,0,31150,Classification & Modeling
9eci54foOGc9,109,medium,0,29985,Classification & Modeling
9eci54foOGc9,110,easy,1,15350,Classification & Modeling
9eci54foOGc9,111,medium,0,33960,Classification & Modeling
9eci54foOGc9,112,easy,1,26941,Classification & Modeling
9eci54foOGc9,113,easy,1,17292,Classification & Modeling
9eci54foOGc9,114,easy,1,24158,Classification & Modeling
9eci54foOGc9,115,easy,1,15350,Classification & Modeling
9eci54foOGc9,116,easy,0,23597,Classification & Modeling
9eci54foOGc9,117,easy,1,14282,Classification & Modeling
9eci54foOGc9,118,hard,0,25043,Classification & Modeling
9eci54foOGc9,119,hard,0,29384,Classification & Modeling
9eci54foOGc9,120,easy,1,15481,Classification & Modeling
jxlFWYs7WyTt,91,easy,0,20958,Classification & Modeling
jxlFWYs7WyTt,92,easy,1,11875,Classification & Modeling
jxlFWYs7WyTt,93,easy,1,11875,Classification & Modeling
jxlFWYs7WyTt,94,easy,1,11875,Classification & Modeling
jxlFWYs7WyTt,95,easy,1,13990,Classification & Modeling
jxlFWYs7WyTt,96,easy,1,11424,Classification & Modeling
jxlFWYs7WyTt,97,easy,1,13983,Classification & Modeling
jxlFWYs7WyTt,98,easy,1,11424,Classification & Modeling
jxlFWYs7WyTt,99,easy,1,11424,Classification & Modeling
jxlFWYs7WyTt,100,easy,1,11552,Classification & Modeling
jxlFWYs7WyTt,101,easy,1,11424,Classification & Modeling
jxlFWYs7WyTt,102,easy,1,13841,Classification & Modeling
jxlFWYs7WyTt,103,hard,0,18950,Clustering & Unsupervised
jxlFWYs7WyTt,104,easy,1,11552,Classification & Modeling
jxlFWYs7WyTt,105,easy,1,14913,Classification & Modeling
jxlFWYs7WyTt,106,easy,1,11333,Classification & Modeling
jxlFWYs7WyTt,107,medium,1,27386,Classification & Modeling
jxlFWYs7WyTt,108,medium,0,24509,Classification & Modeling
jxlFWYs7WyTt,109,medium,0,25669,Classification & Modeling
jxlFWYs7WyTt,110,easy,1,13841,Classification & Modeling
jxlFWYs7WyTt,111,medium,1,25021,Classification & Modeling
jxlFWYs7WyTt,112,easy,1,24080,Classification & Modeling
jxlFWYs7WyTt,113,easy,1,16003,Classification & Modeling
jxlFWYs7WyTt,114,easy,1,20940,Classification & Modeling
jxlFWYs7WyTt,115,easy,1,13841,Classification & Modeling
jxlFWYs7WyTt,116,easy,1,16332,Classification & Modeling
jxlFWYs7WyTt,117,easy,1,11424,Classification & Modeling
jxlFWYs7WyTt,118,hard,1,23427,Classification & Modeling
jxlFWYs7WyTt,119,hard,0,25154,Classification & Modeling
jxlFWYs7WyTt,120,easy,1,13983,Classification & Modeling
1tnkUsBnGX2u,91,easy,1,17714,Classification & Modeling
1tnkUsBnGX2u,92,easy,1,14818,Classification & Modeling
1tnkUsBnGX2u,93,easy,1,14818,Classification & Modeling
1tnkUsBnGX2u,94,easy,1,14818,Classification & Modeling
1tnkUsBnGX2u,95,easy,1,15763,Classification & Modeling
1tnkUsBnGX2u,96,easy,1,14303,Classification & Modeling
1tnkUsBnGX2u,97,easy,1,15667,Classification & Modeling
1tnkUsBnGX2u,98,easy,1,14303,Classification & Modeling
1tnkUsBnGX2u,99,easy,1,14303,Classification & Modeling
1tnkUsBnGX2u,100,easy,1,13378,Classification & Modeling
1tnkUsBnGX2u,101,easy,1,14303,Classification & Modeling
1tnkUsBnGX2u,102,easy,1,15725,Classification & Modeling
1tnkUsBnGX2u,103,hard,0,19040,Clustering & Unsupervised
1tnkUsBnGX2u,104,easy,1,13378,Classification & Modeling
1tnkUsBnGX2u,105,easy,1,16644,Classification & Modeling
1tnkUsBnGX2u,106,easy,1,14189,Classification & Modeling
1tnkUsBnGX2u,107,medium,0,39755,Classification & Modeling
1tnkUsBnGX2u,108,medium,0,35135,Classification & Modeling
1tnkUsBnGX2u,109,medium,1,31416,Classification & Modeling
1tnkUsBnGX2u,110,easy,1,15725,Classification & Modeling
1tnkUsBnGX2u,111,medium,1,32647,Classification & Modeling
1tnkUsBnGX2u,112,easy,1,30387,Classification & Modeling
1tnkUsBnGX2u,113,easy,1,17714,Classification & Modeling
1tnkUsBnGX2u,114,easy,1,27248,Classification & Modeling
1tnkUsBnGX2u,115,easy,1,15725,Classification & Modeling
1tnkUsBnGX2u,116,easy,1,18042,Classification & Modeling
1tnkUsBnGX2u,117,easy,1,14303,Classification & Modeling
1tnkUsBnGX2u,118,hard,0,21729,Classification & Modeling
1tnkUsBnGX2u,119,hard,0,31161,Classification & Modeling
1tnkUsBnGX2u,120,easy,1,15667,Classification & Modeling
E9vMd75UB2be,91,easy,1,16679,Classification & Modeling
E9vMd75UB2be,92,easy,1,11640,Classification & Modeling
E9vMd75UB2be,93,easy,1,11640,Classification & Modeling
E9vMd75UB2be,94,easy,1,11640,Classification & Modeling
E9vMd75UB2be,95,easy,0,15486,Classification & Modeling
E9vMd75UB2be,96,easy,1,11293,Classification & Modeling
E9vMd75UB2be,97,easy,1,14567,Classification & Modeling
E9vMd75UB2be,98,easy,1,11293,Classification & Modeling
E9vMd75UB2be,99,easy,1,11293,Classification & Modeling
E9vMd75UB2be,100,easy,1,11935,Classification & Modeling
E9vMd75UB2be,101,easy,1,11293,Classification & Modeling
E9vMd75UB2be,102,easy,1,14446,Classification & Modeling
E9vMd75UB2be,103,hard,0,16858,Clustering & Unsupervised
E9vMd75UB2be,104,easy,1,11935,Classification & Modeling
E9vMd75UB2be,105,easy,1,15543,Classification & Modeling
E9vMd75UB2be,106,easy,1,11203,Classification & Modeling
E9vMd75UB2be,107,medium,0,28143,Classification & Modeling
E9vMd75UB2be,108,medium,1,22721,Classification & Modeling
E9vMd75UB2be,109,medium,1,26907,Classification & Modeling
E9vMd75UB2be,110,easy,0,15541,Classification & Modeling
E9vMd75UB2be,111,medium,0,26034,Classification & Modeling
E9vMd75UB2be,112,easy,0,26611,Classification & Modeling
E9vMd75UB2be,113,easy,1,16679,Classification & Modeling
E9vMd75UB2be,114,easy,0,23567,Classification & Modeling
E9vMd75UB2be,115,easy,1,14446,Classification & Modeling
E9vMd75UB2be,116,easy,0,18257,Classification & Modeling
E9vMd75UB2be,117,easy,1,11293,Classification & Modeling
E9vMd75UB2be,118,hard,0,20752,Classification & Modeling
E9vMd75UB2be,119,hard,1,26788,Classification & Modeling
E9vMd75UB2be,120,easy,1,14567,Classification & Modeling
oVyzGGgOFu4f,91,easy,1,18300,Classification & Modeling
oVyzGGgOFu4f,92,easy,1,15659,Classification & Modeling
oVyzGGgOFu4f,93,easy,1,15659,Classification & Modeling
oVyzGGgOFu4f,94,easy,1,15659,Classification & Modeling
oVyzGGgOFu4f,95,easy,1,16485,Classification & Modeling
oVyzGGgOFu4f,96,easy,1,15115,Classification & Modeling
oVyzGGgOFu4f,97,easy,1,16384,Classification & Modeling
oVyzGGgOFu4f,98,easy,1,15115,Classification & Modeling
oVyzGGgOFu4f,99,easy,1,15115,Classification & Modeling
oVyzGGgOFu4f,100,easy,1,13990,Classification & Modeling
oVyzGGgOFu4f,101,easy,1,15115,Classification & Modeling
oVyzGGgOFu4f,102,easy,1,16245,Classification & Modeling
oVyzGGgOFu4f,103,hard,0,22801,Clustering & Unsupervised
oVyzGGgOFu4f,104,easy,1,13990,Classification & Modeling
oVyzGGgOFu4f,105,easy,1,17195,Classification & Modeling
oVyzGGgOFu4f,106,easy,1,14994,Classification & Modeling
oVyzGGgOFu4f,107,medium,0,38346,Classification & Modeling
oVyzGGgOFu4f,108,medium,0,32368,Classification & Modeling
oVyzGGgOFu4f,109,medium,1,31352,Classification & Modeling
oVyzGGgOFu4f,110,easy,1,16245,Classification & Modeling
oVyzGGgOFu4f,111,medium,1,30632,Classification & Modeling
oVyzGGgOFu4f,112,easy,1,28512,Classification & Modeling
oVyzGGgOFu4f,113,easy,1,18300,Classification & Modeling
oVyzGGgOFu4f,114,easy,1,25567,Classification & Modeling
oVyzGGgOFu4f,115,easy,1,16245,Classification & Modeling
oVyzGGgOFu4f,116,easy,1,18639,Classification & Modeling
oVyzGGgOFu4f,117,easy,1,15115,Classification & Modeling
oVyzGGgOFu4f,118,hard,0,26021,Classification & Modeling
oVyzGGgOFu4f,119,hard,0,30533,Classification & Modeling
oVyzGGgOFu4f,120,easy,1,16384,Classification & Modeling
bUBpyoQOQ4Ov,91,easy,1,16446,Classification & Modeling
bUBpyoQOQ4Ov,92,easy,1,14378,Classification & Modeling
bUBpyoQOQ4Ov,93,easy,1,14378,Classification & Modeling
bUBpyoQOQ4Ov,94,easy,1,14378,Classification & Modeling
bUBpyoQOQ4Ov,95,easy,1,15151,Classification & Modeling
bUBpyoQOQ4Ov,96,easy,1,13726,Classification & Modeling
bUBpyoQOQ4Ov,97,easy,1,15094,Classification & Modeling
bUBpyoQOQ4Ov,98,easy,1,13726,Classification & Modeling
bUBpyoQOQ4Ov,99,easy,1,13726,Classification & Modeling
bUBpyoQOQ4Ov,100,easy,1,12891,Classification & Modeling
bUBpyoQOQ4Ov,101,easy,1,13726,Classification & Modeling
bUBpyoQOQ4Ov,102,easy,1,14941,Classification & Modeling
bUBpyoQOQ4Ov,103,hard,0,19284,Clustering & Unsupervised
bUBpyoQOQ4Ov,104,easy,1,12891,Classification & Modeling
bUBpyoQOQ4Ov,105,easy,1,15721,Classification & Modeling
bUBpyoQOQ4Ov,106,easy,1,13616,Classification & Modeling
bUBpyoQOQ4Ov,107,medium,0,29250,Classification & Modeling
bUBpyoQOQ4Ov,108,medium,0,24941,Classification & Modeling
bUBpyoQOQ4Ov,109,medium,1,25861,Classification & Modeling
bUBpyoQOQ4Ov,110,easy,1,14941,Classification & Modeling
bUBpyoQOQ4Ov,111,medium,1,25461,Classification & Modeling
bUBpyoQOQ4Ov,112,easy,1,24504,Classification & Modeling
bUBpyoQOQ4Ov,113,easy,1,16446,Classification & Modeling
bUBpyoQOQ4Ov,114,easy,1,21309,Classification & Modeling
bUBpyoQOQ4Ov,115,easy,1,14941,Classification & Modeling
bUBpyoQOQ4Ov,116,easy,1,16750,Classification & Modeling
bUBpyoQOQ4Ov,117,easy,1,13726,Classification & Modeling
bUBpyoQOQ4Ov,118,hard,0,22007,Classification & Modeling
bUBpyoQOQ4Ov,119,hard,0,25597,Classification & Modeling
bUBpyoQOQ4Ov,120,easy,1,15094,Classification & Modeling
N0qYmYE8QD78,91,easy,0,24155,Classification & Modeling
N0qYmYE8QD78,92,easy,1,15061,Classification & Modeling
N0qYmYE8QD78,93,easy,1,15061,Classification & Modeling
N0qYmYE8QD78,94,easy,1,15061,Classification & Modeling
N0qYmYE8QD78,95,easy,1,15855,Classification & Modeling
N0qYmYE8QD78,96,easy,1,14538,Classification & Modeling
N0qYmYE8QD78,97,easy,1,15758,Classification & Modeling
N0qYmYE8QD78,98,easy,1,14538,Classification & Modeling
N0qYmYE8QD78,99,easy,1,14538,Classification & Modeling
N0qYmYE8QD78,100,easy,1,13456,Classification & Modeling
N0qYmYE8QD78,101,easy,1,14538,Classification & Modeling
N0qYmYE8QD78,102,easy,1,15625,Classification & Modeling
N0qYmYE8QD78,103,hard,1,25274,Clustering & Unsupervised
N0qYmYE8QD78,104,easy,1,13456,Classification & Modeling
N0qYmYE8QD78,105,easy,1,16539,Classification & Modeling
N0qYmYE8QD78,106,easy,1,14421,Classification & Modeling
N0qYmYE8QD78,107,medium,0,37564,Classification & Modeling
N0qYmYE8QD78,108,medium,0,31708,Classification & Modeling
N0qYmYE8QD78,109,medium,1,30155,Classification & Modeling
N0qYmYE8QD78,110,easy,1,15625,Classification & Modeling
N0qYmYE8QD78,111,medium,1,29463,Classification & Modeling
N0qYmYE8QD78,112,easy,1,27423,Classification & Modeling
N0qYmYE8QD78,113,easy,1,17602,Classification & Modeling
N0qYmYE8QD78,114,easy,1,24591,Classification & Modeling
N0qYmYE8QD78,115,easy,0,21923,Classification & Modeling
N0qYmYE8QD78,116,easy,1,17927,Classification & Modeling
N0qYmYE8QD78,117,easy,1,14538,Classification & Modeling
N0qYmYE8QD78,118,hard,0,25491,Classification & Modeling
N0qYmYE8QD78,119,hard,0,29910,Classification & Modeling
N0qYmYE8QD78,120,easy,1,15758,Classification & Modeling
r5xiR4T4onQf,91,easy,1,19135,Classification & Modeling
r5xiR4T4onQf,92,easy,1,14332,Classification & Modeling
r5xiR4T4onQf,93,easy,1,14332,Classification & Modeling
r5xiR4T4onQf,94,easy,1,14332,Classification & Modeling
r5xiR4T4onQf,95,easy,1,16430,Classification & Modeling
r5xiR4T4onQf,96,easy,1,13745,Classification & Modeling
r5xiR4T4onQf,97,easy,0,18840,Classification & Modeling
r5xiR4T4onQf,98,easy,1,13745,Classification & Modeling
r5xiR4T4onQf,99,easy,1,13745,Classification & Modeling
r5xiR4T4onQf,100,easy,1,13813,Classification & Modeling
r5xiR4T4onQf,101,easy,0,17015,Classification & Modeling
r5xiR4T4onQf,102,easy,0,18561,Classification & Modeling
r5xiR4T4onQf,103,hard,0,20343,Clustering & Unsupervised
r5xiR4T4onQf,104,easy,1,13813,Classification & Modeling
r5xiR4T4onQf,105,easy,1,17832,Classification & Modeling
r5xiR4T4onQf,106,easy,1,13635,Classification & Modeling
r5xiR4T4onQf,107,medium,0,32439,Classification & Modeling
r5xiR4T4onQf,108,medium,0,27427,Classification & Modeling
r5xiR4T4onQf,109,medium,0,28968,Classification & Modeling
r5xiR4T4onQf,110,easy,0,18561,Classification & Modeling
r5xiR4T4onQf,111,medium,1,30427,Classification & Modeling
r5xiR4T4onQf,112,easy,1,28385,Classification & Modeling
r5xiR4T4onQf,113,easy,0,22558,Classification & Modeling
r5xiR4T4onQf,114,easy,1,25712,Classification & Modeling
r5xiR4T4onQf,115,easy,1,16550,Classification & Modeling
r5xiR4T4onQf,116,easy,1,19528,Classification & Modeling
r5xiR4T4onQf,117,easy,0,17015,Classification & Modeling
r5xiR4T4onQf,118,hard,0,25041,Classification & Modeling
r5xiR4T4onQf,119,hard,0,28388,Classification & Modeling
r5xiR4T4onQf,120,easy,1,16689,Classification & Modeling
pS17HUA271Nx,91,easy,1,16016,Classification & Modeling
pS17HUA271Nx,92,easy,1,11884,Classification & Modeling
pS17HUA271Nx,93,easy,1,11884,Classification & Modeling
pS17HUA271Nx,94,easy,1,11884,Classification & Modeling
pS17HUA271Nx,95,easy,0,16746,Classification & Modeling
pS17HUA271Nx,96,easy,1,11434,Classification & Modeling
pS17HUA271Nx,97,easy,1,13816,Classification & Modeling
pS17HUA271Nx,98,easy,1,11434,Classification & Modeling
pS17HUA271Nx,99,easy,0,15479,Classification & Modeling
pS17HUA271Nx,100,easy,1,11561,Classification & Modeling
pS17HUA271Nx,101,easy,1,11434,Classification & Modeling
pS17HUA271Nx,102,easy,1,13852,Classification & Modeling
pS17HUA271Nx,103,hard,0,18207,Clustering & Unsupervised
pS17HUA271Nx,104,easy,1,11561,Classification & Modeling
pS17HUA271Nx,105,easy,1,14925,Classification & Modeling
pS17HUA271Nx,106,easy,1,11342,Classification & Modeling
pS17HUA271Nx,107,medium,0,27992,Classification & Modeling
pS17HUA271Nx,108,medium,1,20549,Classification & Modeling
pS17HUA271Nx,109,medium,1,24748,Classification & Modeling
pS17HUA271Nx,110,easy,0,16990,Classification & Modeling
pS17HUA271Nx,111,medium,0,25759,Classification & Modeling
pS17HUA271Nx,112,easy,0,27406,Classification & Modeling
pS17HUA271Nx,113,easy,1,16016,Classification & Modeling
pS17HUA271Nx,114,easy,0,23348,Classification & Modeling
pS17HUA271Nx,115,easy,1,13852,Classification & Modeling
pS17HUA271Nx,116,easy,0,20857,Classification & Modeling
pS17HUA271Nx,117,easy,1,11434,Classification & Modeling
pS17HUA271Nx,118,hard,0,20778,Classification & Modeling
pS17HUA271Nx,119,hard,1,24638,Classification & Modeling
pS17HUA271Nx,120,easy,1,13816,Classification & Modeling
Lo0o6MK08TyI,91,easy,1,16911,Classification & Modeling
Lo0o6MK08TyI,92,easy,1,14590,Classification & Modeling
Lo0o6MK08TyI,93,easy,1,14590,Classification & Modeling
Lo0o6MK08TyI,94,easy,1,14590,Classification & Modeling
Lo0o6MK08TyI,95,easy,1,15374,Classification & Modeling
Lo0o6MK08TyI,96,easy,1,13928,Classification & Modeling
Lo0o6MK08TyI,97,easy,1,15280,Classification & Modeling
Lo0o6MK08TyI,98,easy,1,13928,Classification & Modeling
Lo0o6MK08TyI,99,easy,1,13928,Classification & Modeling
Lo0o6MK08TyI,100,easy,1,13081,Classification & Modeling
Lo0o6MK08TyI,101,easy,1,13928,Classification & Modeling
Lo0o6MK08TyI,102,easy,1,15124,Classification & Modeling
Lo0o6MK08TyI,103,hard,0,22022,Clustering & Unsupervised
Lo0o6MK08TyI,104,easy,1,13081,Classification & Modeling
Lo0o6MK08TyI,105,easy,1,16009,Classification & Modeling
Lo0o6MK08TyI,106,easy,1,13817,Classification & Modeling
Lo0o6MK08TyI,107,medium,1,30665,Classification & Modeling
Lo0o6MK08TyI,108,medium,0,29713,Classification & Modeling
Lo0o6MK08TyI,109,medium,1,28674,Classification & Modeling
Lo0o6MK08TyI,110,easy,1,15124,Classification & Modeling
Lo0o6MK08TyI,111,medium,1,28016,Classification & Modeling
Lo0o6MK08TyI,112,easy,1,26274,Classification & Modeling
Lo0o6MK08TyI,113,easy,1,16911,Classification & Modeling
Lo0o6MK08TyI,114,easy,1,23383,Classification & Modeling
Lo0o6MK08TyI,115,easy,1,15124,Classification & Modeling
Lo0o6MK08TyI,116,easy,1,17223,Classification & Modeling
Lo0o6MK08TyI,117,easy,1,13928,Classification & Modeling
Lo0o6MK08TyI,118,hard,0,25132,Classification & Modeling
Lo0o6MK08TyI,119,hard,0,29296,Classification & Modeling
Lo0o6MK08TyI,120,easy,1,15280,Classification & Modeling
OHaSXzUdzChO,91,easy,1,17051,Classification & Modeling
OHaSXzUdzChO,92,easy,1,14711,Classification & Modeling
OHaSXzUdzChO,93,easy,1,14711,Classification & Modeling
OHaSXzUdzChO,94,easy,1,14711,Classification & Modeling
OHaSXzUdzChO,95,easy,1,15502,Classification & Modeling
OHaSXzUdzChO,96,easy,1,14044,Classification & Modeling
OHaSXzUdzChO,97,easy,1,15407,Classification & Modeling
OHaSXzUdzChO,98,easy,1,14044,Classification & Modeling
OHaSXzUdzChO,99,easy,1,14044,Classification & Modeling
OHaSXzUdzChO,100,easy,1,13189,Classification & Modeling
OHaSXzUdzChO,101,easy,1,14044,Classification & Modeling
OHaSXzUdzChO,102,easy,1,15250,Classification & Modeling
OHaSXzUdzChO,103,hard,0,21637,Clustering & Unsupervised
OHaSXzUdzChO,104,easy,1,13189,Classification & Modeling
OHaSXzUdzChO,105,easy,1,16142,Classification & Modeling
OHaSXzUdzChO,106,easy,1,13932,Classification & Modeling
OHaSXzUdzChO,107,medium,1,30043,Classification & Modeling
OHaSXzUdzChO,108,medium,1,23251,Classification & Modeling
OHaSXzUdzChO,109,medium,0,28655,Classification & Modeling
OHaSXzUdzChO,110,easy,1,15250,Classification & Modeling
OHaSXzUdzChO,111,medium,1,27448,Classification & Modeling
OHaSXzUdzChO,112,easy,1,26141,Classification & Modeling
OHaSXzUdzChO,113,easy,1,17051,Classification & Modeling
OHaSXzUdzChO,114,easy,1,22909,Classification & Modeling
OHaSXzUdzChO,115,easy,1,15250,Classification & Modeling
OHaSXzUdzChO,116,easy,1,17366,Classification & Modeling
OHaSXzUdzChO,117,easy,1,14044,Classification & Modeling
OHaSXzUdzChO,118,hard,0,24692,Classification & Modeling
OHaSXzUdzChO,119,hard,0,28783,Classification & Modeling
OHaSXzUdzChO,120,easy,1,15407,Classification & Modeling
0rzpTGhVxVJU,91,easy,1,16554,Classification & Modeling
0rzpTGhVxVJU,92,easy,1,11553,Classification & Modeling
0rzpTGhVxVJU,93,easy,1,11553,Classification & Modeling
0rzpTGhVxVJU,94,easy,1,11553,Classification & Modeling
0rzpTGhVxVJU,95,easy,1,14234,Classification & Modeling
0rzpTGhVxVJU,96,easy,1,11208,Classification & Modeling
0rzpTGhVxVJU,97,easy,1,14458,Classification & Modeling
0rzpTGhVxVJU,98,easy,1,11208,Classification & Modeling
0rzpTGhVxVJU,99,easy,1,11208,Classification & Modeling
0rzpTGhVxVJU,100,easy,1,11846,Classification & Modeling
0rzpTGhVxVJU,101,easy,1,11208,Classification & Modeling
0rzpTGhVxVJU,102,easy,1,14338,Classification & Modeling
0rzpTGhVxVJU,103,hard,1,22973,Clustering & Unsupervised
0rzpTGhVxVJU,104,easy,1,11846,Classification & Modeling
0rzpTGhVxVJU,105,easy,0,17715,Classification & Modeling
0rzpTGhVxVJU,106,easy,1,11119,Classification & Modeling
0rzpTGhVxVJU,107,medium,1,28423,Classification & Modeling
0rzpTGhVxVJU,108,medium,1,22605,Classification & Modeling
0rzpTGhVxVJU,109,medium,1,26512,Classification & Modeling
0rzpTGhVxVJU,110,easy,1,14338,Classification & Modeling
0rzpTGhVxVJU,111,medium,1,26103,Classification & Modeling
0rzpTGhVxVJU,112,easy,1,25058,Classification & Modeling
0rzpTGhVxVJU,113,easy,0,18555,Classification & Modeling
0rzpTGhVxVJU,114,easy,0,23343,Classification & Modeling
0rzpTGhVxVJU,115,easy,1,14338,Classification & Modeling
0rzpTGhVxVJU,116,easy,1,16893,Classification & Modeling
0rzpTGhVxVJU,117,easy,0,14132,Classification & Modeling
0rzpTGhVxVJU,118,hard,0,20085,Classification & Modeling
0rzpTGhVxVJU,119,hard,0,24649,Classification & Modeling
0rzpTGhVxVJU,120,easy,0,15942,Classification & Modeling
Oc5QucHDsmjC,91,easy,1,14983,Classification & Modeling
Oc5QucHDsmjC,92,easy,1,12773,Classification & Modeling
Oc5QucHDsmjC,93,easy,1,12773,Classification & Modeling
Oc5QucHDsmjC,94,easy,1,12773,Classification & Modeling
Oc5QucHDsmjC,95,easy,1,13499,Classification & Modeling
Oc5QucHDsmjC,96,easy,1,11704,Classification & Modeling
Oc5QucHDsmjC,97,easy,1,13379,Classification & Modeling
Oc5QucHDsmjC,98,easy,1,11704,Classification & Modeling
Oc5QucHDsmjC,99,easy,1,11704,Classification & Modeling
Oc5QucHDsmjC,100,easy,1,12052,Classification & Modeling
Oc5QucHDsmjC,101,easy,1,11704,Classification & Modeling
Oc5QucHDsmjC,102,easy,1,13244,Classification & Modeling
Oc5QucHDsmjC,103,hard,0,23296,Clustering & Unsupervised
Oc5QucHDsmjC,104,easy,1,12052,Classification & Modeling
Oc5QucHDsmjC,105,easy,1,14018,Classification & Modeling
Oc5QucHDsmjC,106,easy,1,11610,Classification & Modeling
Oc5QucHDsmjC,107,medium,1,27270,Classification & Modeling
Oc5QucHDsmjC,108,medium,1,20915,Classification & Modeling
Oc5QucHDsmjC,109,medium,0,29836,Classification & Modeling
Oc5QucHDsmjC,110,easy,1,13244,Classification & Modeling
Oc5QucHDsmjC,111,medium,1,25010,Classification & Modeling
Oc5QucHDsmjC,112,easy,1,23071,Classification & Modeling
Oc5QucHDsmjC,113,easy,1,14983,Classification & Modeling
Oc5QucHDsmjC,114,easy,1,20607,Classification & Modeling
Oc5QucHDsmjC,115,easy,1,13244,Classification & Modeling
Oc5QucHDsmjC,116,easy,1,15260,Classification & Modeling
Oc5QucHDsmjC,117,easy,1,11704,Classification & Modeling
Oc5QucHDsmjC,118,hard,0,26384,Classification & Modeling
Oc5QucHDsmjC,119,hard,1,26904,Classification & Modeling
Oc5QucHDsmjC,120,easy,1,13379,Classification & Modeling
GiNOB0aoa84q,91,easy,1,16446,Classification & Modeling
GiNOB0aoa84q,92,easy,1,14378,Classification & Modeling
GiNOB0aoa84q,93,easy,1,14378,Classification & Modeling
GiNOB0aoa84q,94,easy,1,14378,Classification & Modeling
GiNOB0aoa84q,95,easy,1,15151,Classification & Modeling
GiNOB0aoa84q,96,easy,1,13726,Classification & Modeling
GiNOB0aoa84q,97,easy,1,15094,Classification & Modeling
GiNOB0aoa84q,98,easy,1,13726,Classification & Modeling
GiNOB0aoa84q,99,easy,1,13726,Classification & Modeling
GiNOB0aoa84q,100,easy,1,12891,Classification & Modeling
GiNOB0aoa84q,101,easy,1,13726,Classification & Modeling
GiNOB0aoa84q,102,easy,1,14941,Classification & Modeling
GiNOB0aoa84q,103,hard,1,21598,Clustering & Unsupervised
GiNOB0aoa84q,104,easy,1,12891,Classification & Modeling
GiNOB0aoa84q,105,easy,1,15721,Classification & Modeling
GiNOB0aoa84q,106,easy,1,13616,Classification & Modeling
GiNOB0aoa84q,107,medium,1,27869,Classification & Modeling
GiNOB0aoa84q,108,medium,1,21628,Classification & Modeling
GiNOB0aoa84q,109,medium,0,26121,Classification & Modeling
GiNOB0aoa84q,110,easy,1,14941,Classification & Modeling
GiNOB0aoa84q,111,medium,1,25461,Classification & Modeling
GiNOB0aoa84q,112,easy,1,24504,Classification & Modeling
GiNOB0aoa84q,113,easy,1,16446,Classification & Modeling
GiNOB0aoa84q,114,easy,0,24574,Classification & Modeling
GiNOB0aoa84q,115,easy,1,14941,Classification & Modeling
GiNOB0aoa84q,116,easy,1,16750,Classification & Modeling
GiNOB0aoa84q,117,easy,1,13726,Classification & Modeling
GiNOB0aoa84q,118,hard,0,22007,Classification & Modeling
GiNOB0aoa84q,119,hard,0,25597,Classification & Modeling
GiNOB0aoa84q,120,easy,1,15094,Classification & Modeling
VgoqnXYkjUhL,91,easy,1,15661,Classification & Modeling
VgoqnXYkjUhL,92,easy,1,12945,Classification & Modeling
VgoqnXYkjUhL,93,easy,1,12945,Classification & Modeling
VgoqnXYkjUhL,94,easy,1,12945,Classification & Modeling
VgoqnXYkjUhL,95,easy,1,14147,Classification & Modeling
VgoqnXYkjUhL,96,easy,1,12198,Classification & Modeling
VgoqnXYkjUhL,97,easy,1,14022,Classification & Modeling
VgoqnXYkjUhL,98,easy,1,12198,Classification & Modeling
VgoqnXYkjUhL,99,easy,1,12198,Classification & Modeling
VgoqnXYkjUhL,100,easy,1,11895,Classification & Modeling
VgoqnXYkjUhL,101,easy,1,12198,Classification & Modeling
VgoqnXYkjUhL,102,easy,1,13843,Classification & Modeling
VgoqnXYkjUhL,103,hard,0,20641,Clustering & Unsupervised
VgoqnXYkjUhL,104,easy,1,11895,Classification & Modeling
VgoqnXYkjUhL,105,easy,1,14652,Classification & Modeling
VgoqnXYkjUhL,106,easy,1,12101,Classification & Modeling
VgoqnXYkjUhL,107,medium,1,28390,Classification & Modeling
VgoqnXYkjUhL,108,medium,1,21597,Classification & Modeling
VgoqnXYkjUhL,109,medium,0,27676,Classification & Modeling
VgoqnXYkjUhL,110,easy,1,13843,Classification & Modeling
VgoqnXYkjUhL,111,medium,1,25938,Classification & Modeling
VgoqnXYkjUhL,112,easy,1,23989,Classification & Modeling
VgoqnXYkjUhL,113,easy,1,15661,Classification & Modeling
VgoqnXYkjUhL,114,easy,1,21279,Classification & Modeling
VgoqnXYkjUhL,115,easy,1,13843,Classification & Modeling
VgoqnXYkjUhL,116,easy,1,15950,Classification & Modeling
VgoqnXYkjUhL,117,easy,1,12198,Classification & Modeling
VgoqnXYkjUhL,118,hard,0,23901,Classification & Modeling
VgoqnXYkjUhL,119,hard,1,27268,Classification & Modeling
VgoqnXYkjUhL,120,easy,1,14022,Classification & Modeling
DI3Mqi034afd,91,easy,1,16218,Classification & Modeling
DI3Mqi034afd,92,easy,1,13496,Classification & Modeling
DI3Mqi034afd,93,easy,1,13496,Classification & Modeling
DI3Mqi034afd,94,easy,1,13496,Classification & Modeling
DI3Mqi034afd,95,easy,1,14612,Classification & Modeling
DI3Mqi034afd,96,easy,1,12669,Classification & Modeling
DI3Mqi034afd,97,easy,1,14483,Classification & Modeling
DI3Mqi034afd,98,easy,1,12669,Classification & Modeling
DI3Mqi034afd,99,easy,1,12669,Classification & Modeling
DI3Mqi034afd,100,easy,1,13046,Classification & Modeling
DI3Mqi034afd,101,easy,1,12669,Classification & Modeling
DI3Mqi034afd,102,easy,1,14336,Classification & Modeling
DI3Mqi034afd,103,hard,0,25051,Clustering & Unsupervised
DI3Mqi034afd,104,easy,1,13046,Classification & Modeling
DI3Mqi034afd,105,easy,1,15174,Classification & Modeling
DI3Mqi034afd,106,easy,1,12567,Classification & Modeling
DI3Mqi034afd,107,medium,1,28860,Classification & Modeling
DI3Mqi034afd,108,medium,1,22639,Classification & Modeling
DI3Mqi034afd,109,medium,0,32082,Classification & Modeling
DI3Mqi034afd,110,easy,1,14336,Classification & Modeling
DI3Mqi034afd,111,medium,1,27072,Classification & Modeling
DI3Mqi034afd,112,easy,1,24973,Classification & Modeling
DI3Mqi034afd,113,easy,1,16218,Classification & Modeling
DI3Mqi034afd,114,easy,1,22306,Classification & Modeling
DI3Mqi034afd,115,easy,1,14336,Classification & Modeling
DI3Mqi034afd,116,easy,1,16518,Classification & Modeling
DI3Mqi034afd,117,easy,1,12669,Classification & Modeling
DI3Mqi034afd,118,hard,0,28370,Classification & Modeling
DI3Mqi034afd,119,hard,1,28930,Classification & Modeling
DI3Mqi034afd,120,easy,1,14483,Classification & Modeling
2AQDG30NeIzY,91,easy,1,16742,Classification & Modeling
2AQDG30NeIzY,92,easy,1,14428,Classification & Modeling
2AQDG30NeIzY,93,easy,1,14428,Classification & Modeling
2AQDG30NeIzY,94,easy,1,14428,Classification & Modeling
2AQDG30NeIzY,95,easy,1,15084,Classification & Modeling
2AQDG30NeIzY,96,easy,1,13216,Classification & Modeling
2AQDG30NeIzY,97,easy,1,14951,Classification & Modeling
2AQDG30NeIzY,98,easy,1,13216,Classification & Modeling
2AQDG30NeIzY,99,easy,1,13216,Classification & Modeling
2AQDG30NeIzY,100,easy,1,12888,Classification & Modeling
2AQDG30NeIzY,101,easy,1,13216,Classification & Modeling
2AQDG30NeIzY,102,easy,1,14799,Classification & Modeling
2AQDG30NeIzY,103,hard,1,26249,Clustering & Unsupervised
2AQDG30NeIzY,104,easy,1,12888,Classification & Modeling
2AQDG30NeIzY,105,easy,1,15664,Classification & Modeling
2AQDG30NeIzY,106,easy,1,13110,Classification & Modeling
2AQDG30NeIzY,107,medium,1,30589,Classification & Modeling
2AQDG30NeIzY,108,medium,1,23371,Classification & Modeling
2AQDG30NeIzY,109,medium,0,33098,Classification & Modeling
2AQDG30NeIzY,110,easy,1,14799,Classification & Modeling
2AQDG30NeIzY,111,medium,1,27947,Classification & Modeling
2AQDG30NeIzY,112,easy,1,25780,Classification & Modeling
2AQDG30NeIzY,113,easy,1,16742,Classification & Modeling
2AQDG30NeIzY,114,easy,0,29782,Classification & Modeling
2AQDG30NeIzY,115,easy,1,14799,Classification & Modeling
2AQDG30NeIzY,116,easy,0,23210,Classification & Modeling
2AQDG30NeIzY,117,easy,1,13216,Classification & Modeling
2AQDG30NeIzY,118,hard,0,29269,Classification & Modeling
2AQDG30NeIzY,119,hard,0,32436,Classification & Modeling
2AQDG30NeIzY,120,easy,1,14951,Classification & Modeling
y9lkze6lHiAa,91,easy,1,13631,Classification & Modeling
y9lkze6lHiAa,92,easy,1,8932,Classification & Modeling
y9lkze6lHiAa,93,easy,1,8932,Classification & Modeling
y9lkze6lHiAa,94,easy,1,8932,Classification & Modeling
y9lkze6lHiAa,95,easy,0,13398,Classification & Modeling
y9lkze6lHiAa,96,easy,1,8666,Classification & Modeling
y9lkze6lHiAa,97,easy,0,13479,Classification & Modeling
y9lkze6lHiAa,98,easy,0,9971,Classification & Modeling
y9lkze6lHiAa,99,easy,0,9971,Classification & Modeling
y9lkze6lHiAa,100,easy,1,9927,Classification & Modeling
y9lkze6lHiAa,101,easy,0,9971,Classification & Modeling
y9lkze6lHiAa,102,easy,0,13279,Classification & Modeling
y9lkze6lHiAa,103,hard,0,12674,Clustering & Unsupervised
y9lkze6lHiAa,104,easy,0,10104,Classification & Modeling
y9lkze6lHiAa,105,easy,1,13058,Classification & Modeling
y9lkze6lHiAa,106,easy,0,11450,Classification & Modeling
y9lkze6lHiAa,107,medium,0,18372,Classification & Modeling
y9lkze6lHiAa,108,medium,0,16221,Classification & Modeling
y9lkze6lHiAa,109,medium,0,16750,Classification & Modeling
y9lkze6lHiAa,110,easy,1,12697,Classification & Modeling
y9lkze6lHiAa,111,medium,1,21015,Classification & Modeling
y9lkze6lHiAa,112,easy,0,15766,Classification & Modeling
y9lkze6lHiAa,113,easy,1,13631,Classification & Modeling
y9lkze6lHiAa,114,easy,0,15901,Classification & Modeling
y9lkze6lHiAa,115,easy,1,12697,Classification & Modeling
y9lkze6lHiAa,116,easy,1,13762,Classification & Modeling
y9lkze6lHiAa,117,easy,0,9971,Classification & Modeling
y9lkze6lHiAa,118,hard,0,11679,Classification & Modeling
y9lkze6lHiAa,119,hard,0,16414,Classification & Modeling
y9lkze6lHiAa,120,easy,0,13479,Classification & Modeling
TYE4dgTYGdCn,91,easy,1,17292,Classification & Modeling
TYE4dgTYGdCn,92,easy,1,14796,Classification & Modeling
TYE4dgTYGdCn,93,easy,1,14796,Classification & Modeling
TYE4dgTYGdCn,94,easy,1,14796,Classification & Modeling
TYE4dgTYGdCn,95,easy,1,15576,Classification & Modeling
TYE4dgTYGdCn,96,easy,1,14282,Classification & Modeling
TYE4dgTYGdCn,97,easy,0,21864,Classification & Modeling
TYE4dgTYGdCn,98,easy,1,14282,Classification & Modeling
TYE4dgTYGdCn,99,easy,1,14282,Classification & Modeling
TYE4dgTYGdCn,100,easy,1,13219,Classification & Modeling
TYE4dgTYGdCn,101,easy,1,14282,Classification & Modeling
TYE4dgTYGdCn,102,easy,1,15350,Classification & Modeling
TYE4dgTYGdCn,103,hard,0,21944,Clustering & Unsupervised
TYE4dgTYGdCn,104,easy,1,13219,Classification & Modeling
TYE4dgTYGdCn,105,easy,0,22934,Classification & Modeling
TYE4dgTYGdCn,106,easy,1,14168,Classification & Modeling
TYE4dgTYGdCn,107,medium,0,36903,Classification & Modeling
TYE4dgTYGdCn,108,medium,1,24519,Classification & Modeling
TYE4dgTYGdCn,109,medium,0,29985,Classification & Modeling
TYE4dgTYGdCn,110,easy,1,15350,Classification & Modeling
TYE4dgTYGdCn,111,medium,1,28944,Classification & Modeling
TYE4dgTYGdCn,112,easy,1,26941,Classification & Modeling
TYE4dgTYGdCn,113,easy,1,17292,Classification & Modeling
TYE4dgTYGdCn,114,easy,0,30692,Classification & Modeling
TYE4dgTYGdCn,115,easy,1,15350,Classification & Modeling
TYE4dgTYGdCn,116,easy,0,23597,Classification & Modeling
TYE4dgTYGdCn,117,easy,1,14282,Classification & Modeling
TYE4dgTYGdCn,118,hard,0,25043,Classification & Modeling
TYE4dgTYGdCn,119,hard,1,29493,Classification & Modeling
TYE4dgTYGdCn,120,easy,1,15481,Classification & Modeling
pJCSXvZHMyH1,91,easy,1,17292,Classification & Modeling
pJCSXvZHMyH1,92,easy,1,14796,Classification & Modeling
pJCSXvZHMyH1,93,easy,1,14796,Classification & Modeling
pJCSXvZHMyH1,94,easy,1,14796,Classification & Modeling
pJCSXvZHMyH1,95,easy,1,15576,Classification & Modeling
pJCSXvZHMyH1,96,easy,1,14282,Classification & Modeling
pJCSXvZHMyH1,97,easy,0,21864,Classification & Modeling
pJCSXvZHMyH1,98,easy,1,14282,Classification & Modeling
pJCSXvZHMyH1,99,easy,1,14282,Classification & Modeling
pJCSXvZHMyH1,100,easy,1,13219,Classification & Modeling
pJCSXvZHMyH1,101,easy,1,14282,Classification & Modeling
pJCSXvZHMyH1,102,easy,1,15350,Classification & Modeling
pJCSXvZHMyH1,103,hard,0,21944,Clustering & Unsupervised
pJCSXvZHMyH1,104,easy,1,13219,Classification & Modeling
pJCSXvZHMyH1,105,easy,0,22934,Classification & Modeling
pJCSXvZHMyH1,106,easy,1,14168,Classification & Modeling
pJCSXvZHMyH1,107,medium,0,36903,Classification & Modeling
pJCSXvZHMyH1,108,medium,1,24519,Classification & Modeling
pJCSXvZHMyH1,109,medium,0,29985,Classification & Modeling
pJCSXvZHMyH1,110,easy,1,15350,Classification & Modeling
pJCSXvZHMyH1,111,medium,1,28944,Classification & Modeling
pJCSXvZHMyH1,112,easy,1,26941,Classification & Modeling
pJCSXvZHMyH1,113,easy,1,17292,Classification & Modeling
pJCSXvZHMyH1,114,easy,0,30692,Classification & Modeling
pJCSXvZHMyH1,115,easy,1,15350,Classification & Modeling
pJCSXvZHMyH1,116,easy,0,23597,Classification & Modeling
pJCSXvZHMyH1,117,easy,1,14282,Classification & Modeling
pJCSXvZHMyH1,118,hard,0,25043,Classification & Modeling
pJCSXvZHMyH1,119,hard,1,29493,Classification & Modeling
pJCSXvZHMyH1,120,easy,1,15481,Classification & Modeling
yKhvr1tKGpJF,91,easy,1,17714,Classification & Modeling
yKhvr1tKGpJF,92,easy,1,14818,Classification & Modeling
yKhvr1tKGpJF,93,easy,1,14818,Classification & Modeling
yKhvr1tKGpJF,94,easy,1,14818,Classification & Modeling
yKhvr1tKGpJF,95,easy,1,15763,Classification & Modeling
yKhvr1tKGpJF,96,easy,1,14303,Classification & Modeling
yKhvr1tKGpJF,97,easy,1,15667,Classification & Modeling
yKhvr1tKGpJF,98,easy,1,14303,Classification & Modeling
yKhvr1tKGpJF,99,easy,1,14303,Classification & Modeling
yKhvr1tKGpJF,100,easy,1,13378,Classification & Modeling
yKhvr1tKGpJF,101,easy,1,14303,Classification & Modeling
yKhvr1tKGpJF,102,easy,1,15725,Classification & Modeling
yKhvr1tKGpJF,103,hard,0,19040,Clustering & Unsupervised
yKhvr1tKGpJF,104,easy,1,13378,Classification & Modeling
yKhvr1tKGpJF,105,easy,1,16644,Classification & Modeling
yKhvr1tKGpJF,106,easy,1,14189,Classification & Modeling
yKhvr1tKGpJF,107,medium,1,34130,Classification & Modeling
yKhvr1tKGpJF,108,medium,1,27655,Classification & Modeling
yKhvr1tKGpJF,109,medium,0,31798,Classification & Modeling
yKhvr1tKGpJF,110,easy,1,15725,Classification & Modeling
yKhvr1tKGpJF,111,medium,1,32647,Classification & Modeling
yKhvr1tKGpJF,112,easy,1,30387,Classification & Modeling
yKhvr1tKGpJF,113,easy,1,17714,Classification & Modeling
yKhvr1tKGpJF,114,easy,1,27248,Classification & Modeling
yKhvr1tKGpJF,115,easy,1,15725,Classification & Modeling
yKhvr1tKGpJF,116,easy,1,18042,Classification & Modeling
yKhvr1tKGpJF,117,easy,1,14303,Classification & Modeling
yKhvr1tKGpJF,118,hard,1,25046,Classification & Modeling
yKhvr1tKGpJF,119,hard,1,31276,Classification & Modeling
yKhvr1tKGpJF,120,easy,1,15667,Classification & Modeling
hpYESXQ1czwb,91,easy,1,16983,Classification & Modeling
hpYESXQ1czwb,92,easy,1,14532,Classification & Modeling
hpYESXQ1czwb,93,easy,1,14532,Classification & Modeling
hpYESXQ1czwb,94,easy,1,14532,Classification & Modeling
hpYESXQ1czwb,95,easy,1,15298,Classification & Modeling
hpYESXQ1czwb,96,easy,1,14026,Classification & Modeling
hpYESXQ1czwb,97,easy,0,21471,Classification & Modeling
hpYESXQ1czwb,98,easy,1,14026,Classification & Modeling
hpYESXQ1czwb,99,easy,1,14026,Classification & Modeling
hpYESXQ1czwb,100,easy,1,12983,Classification & Modeling
hpYESXQ1czwb,101,easy,1,14026,Classification & Modeling
hpYESXQ1czwb,102,easy,1,15076,Classification & Modeling
hpYESXQ1czwb,103,hard,0,21346,Clustering & Unsupervised
hpYESXQ1czwb,104,easy,1,12983,Classification & Modeling
hpYESXQ1czwb,105,easy,0,22521,Classification & Modeling
hpYESXQ1czwb,106,easy,1,13914,Classification & Modeling
hpYESXQ1czwb,107,medium,0,36240,Classification & Modeling
hpYESXQ1czwb,108,medium,1,24081,Classification & Modeling
hpYESXQ1czwb,109,medium,0,29446,Classification & Modeling
hpYESXQ1czwb,110,easy,1,15076,Classification & Modeling
hpYESXQ1czwb,111,medium,1,28427,Classification & Modeling
hpYESXQ1czwb,112,easy,1,26459,Classification & Modeling
hpYESXQ1czwb,113,easy,1,16983,Classification & Modeling
hpYESXQ1czwb,114,easy,0,30140,Classification & Modeling
hpYESXQ1czwb,115,easy,1,15076,Classification & Modeling
hpYESXQ1czwb,116,easy,0,23173,Classification & Modeling
hpYESXQ1czwb,117,easy,1,14026,Classification & Modeling
hpYESXQ1czwb,118,hard,0,24361,Classification & Modeling
hpYESXQ1czwb,119,hard,1,29324,Classification & Modeling
hpYESXQ1czwb,120,easy,1,15204,Classification & Modeling
Ui0yLwC2YxnT,91,easy,1,14398,Classification & Modeling
Ui0yLwC2YxnT,92,easy,1,10621,Classification & Modeling
Ui0yLwC2YxnT,93,easy,1,10621,Classification & Modeling
Ui0yLwC2YxnT,94,easy,1,10621,Classification & Modeling
Ui0yLwC2YxnT,95,easy,1,12156,Classification & Modeling
Ui0yLwC2YxnT,96,easy,1,10218,Classification & Modeling
Ui0yLwC2YxnT,97,easy,1,12420,Classification & Modeling
Ui0yLwC2YxnT,98,easy,1,10218,Classification & Modeling
Ui0yLwC2YxnT,99,easy,1,10218,Classification & Modeling
Ui0yLwC2YxnT,100,easy,1,10332,Classification & Modeling
Ui0yLwC2YxnT,101,easy,1,10218,Classification & Modeling
Ui0yLwC2YxnT,102,easy,1,12453,Classification & Modeling
Ui0yLwC2YxnT,103,hard,0,16323,Clustering & Unsupervised
Ui0yLwC2YxnT,104,easy,1,10332,Classification & Modeling
Ui0yLwC2YxnT,105,easy,1,13418,Classification & Modeling
Ui0yLwC2YxnT,106,easy,1,10136,Classification & Modeling
Ui0yLwC2YxnT,107,medium,0,25449,Classification & Modeling
Ui0yLwC2YxnT,108,medium,1,18683,Classification & Modeling
Ui0yLwC2YxnT,109,medium,0,22726,Classification & Modeling
Ui0yLwC2YxnT,110,easy,1,12453,Classification & Modeling
Ui0yLwC2YxnT,111,medium,0,23420,Classification & Modeling
Ui0yLwC2YxnT,112,easy,1,21767,Classification & Modeling
Ui0yLwC2YxnT,113,easy,1,14398,Classification & Modeling
Ui0yLwC2YxnT,114,easy,1,18408,Classification & Modeling
Ui0yLwC2YxnT,115,easy,1,12453,Classification & Modeling
Ui0yLwC2YxnT,116,easy,1,14694,Classification & Modeling
Ui0yLwC2YxnT,117,easy,1,10218,Classification & Modeling
Ui0yLwC2YxnT,118,hard,1,20178,Classification & Modeling
Ui0yLwC2YxnT,119,hard,0,22271,Classification & Modeling
Ui0yLwC2YxnT,120,easy,1,12420,Classification & Modeling
8JOElN1piVew,91,easy,0,21494,Classification & Modeling
8JOElN1piVew,92,easy,1,14378,Classification & Modeling
8JOElN1piVew,93,easy,1,14378,Classification & Modeling
8JOElN1piVew,94,easy,1,14378,Classification & Modeling
8JOElN1piVew,95,easy,0,20321,Classification & Modeling
8JOElN1piVew,96,easy,1,13726,Classification & Modeling
8JOElN1piVew,97,easy,1,15094,Classification & Modeling
8JOElN1piVew,98,easy,1,13726,Classification & Modeling
8JOElN1piVew,99,easy,1,13726,Classification & Modeling
8JOElN1piVew,100,easy,1,12891,Classification & Modeling
8JOElN1piVew,101,easy,1,13726,Classification & Modeling
8JOElN1piVew,102,easy,1,14941,Classification & Modeling
8JOElN1piVew,103,hard,0,19284,Clustering & Unsupervised
8JOElN1piVew,104,easy,1,12891,Classification & Modeling
8JOElN1piVew,105,easy,1,15721,Classification & Modeling
8JOElN1piVew,106,easy,1,13616,Classification & Modeling
8JOElN1piVew,107,medium,0,29250,Classification & Modeling
8JOElN1piVew,108,medium,0,24941,Classification & Modeling
8JOElN1piVew,109,medium,0,26121,Classification & Modeling
8JOElN1piVew,110,easy,1,14941,Classification & Modeling
8JOElN1piVew,111,medium,0,26917,Classification & Modeling
8JOElN1piVew,112,easy,1,24504,Classification & Modeling
8JOElN1piVew,113,easy,1,16446,Classification & Modeling
8JOElN1piVew,114,easy,1,21309,Classification & Modeling
8JOElN1piVew,115,easy,1,14941,Classification & Modeling
8JOElN1piVew,116,easy,1,16750,Classification & Modeling
8JOElN1piVew,117,easy,1,13726,Classification & Modeling
8JOElN1piVew,118,hard,1,25109,Classification & Modeling
8JOElN1piVew,119,hard,1,25746,Classification & Modeling
8JOElN1piVew,120,easy,1,15094,Classification & Modeling
nIdSwhLzwJKt,91,easy,1,16782,Classification & Modeling
nIdSwhLzwJKt,92,easy,1,11845,Classification & Modeling
nIdSwhLzwJKt,93,easy,1,11845,Classification & Modeling
nIdSwhLzwJKt,94,easy,1,11845,Classification & Modeling
nIdSwhLzwJKt,95,easy,1,14430,Classification & Modeling
nIdSwhLzwJKt,96,easy,1,11492,Classification & Modeling
nIdSwhLzwJKt,97,easy,1,14657,Classification & Modeling
nIdSwhLzwJKt,98,easy,1,11492,Classification & Modeling
nIdSwhLzwJKt,99,easy,1,11492,Classification & Modeling
nIdSwhLzwJKt,100,easy,1,12009,Classification & Modeling
nIdSwhLzwJKt,101,easy,1,11492,Classification & Modeling
nIdSwhLzwJKt,102,easy,1,14535,Classification & Modeling
nIdSwhLzwJKt,103,hard,0,19693,Clustering & Unsupervised
nIdSwhLzwJKt,104,easy,1,12009,Classification & Modeling
nIdSwhLzwJKt,105,easy,1,15639,Classification & Modeling
nIdSwhLzwJKt,106,easy,1,11400,Classification & Modeling
nIdSwhLzwJKt,107,medium,1,28488,Classification & Modeling
nIdSwhLzwJKt,108,medium,1,22657,Classification & Modeling
nIdSwhLzwJKt,109,medium,0,25652,Classification & Modeling
nIdSwhLzwJKt,110,easy,1,14535,Classification & Modeling
nIdSwhLzwJKt,111,medium,0,26390,Classification & Modeling
nIdSwhLzwJKt,112,easy,1,25239,Classification & Modeling
nIdSwhLzwJKt,113,easy,1,16782,Classification & Modeling
nIdSwhLzwJKt,114,easy,1,22323,Classification & Modeling
nIdSwhLzwJKt,115,easy,1,14535,Classification & Modeling
nIdSwhLzwJKt,116,easy,1,17126,Classification & Modeling
nIdSwhLzwJKt,117,easy,1,11492,Classification & Modeling
nIdSwhLzwJKt,118,hard,0,20484,Classification & Modeling
nIdSwhLzwJKt,119,hard,1,26396,Classification & Modeling
nIdSwhLzwJKt,120,easy,1,14657,Classification & Modeling
m8rfSXHUenxh,91,easy,1,17590,Classification & Modeling
m8rfSXHUenxh,92,easy,1,13046,Classification & Modeling
m8rfSXHUenxh,93,easy,1,13046,Classification & Modeling
m8rfSXHUenxh,94,easy,1,13046,Classification & Modeling
m8rfSXHUenxh,95,easy,1,15104,Classification & Modeling
m8rfSXHUenxh,96,easy,1,12635,Classification & Modeling
m8rfSXHUenxh,97,easy,1,15341,Classification & Modeling
m8rfSXHUenxh,98,easy,1,12635,Classification & Modeling
m8rfSXHUenxh,99,easy,1,12635,Classification & Modeling
m8rfSXHUenxh,100,easy,1,12614,Classification & Modeling
m8rfSXHUenxh,101,easy,1,12635,Classification & Modeling
m8rfSXHUenxh,102,easy,1,15214,Classification & Modeling
m8rfSXHUenxh,103,hard,0,19715,Clustering & Unsupervised
m8rfSXHUenxh,104,easy,1,12614,Classification & Modeling
m8rfSXHUenxh,105,easy,1,16392,Classification & Modeling
m8rfSXHUenxh,106,easy,1,12534,Classification & Modeling
m8rfSXHUenxh,107,medium,1,31149,Classification & Modeling
m8rfSXHUenxh,108,medium,1,24535,Classification & Modeling
m8rfSXHUenxh,109,medium,0,28809,Classification & Modeling
m8rfSXHUenxh,110,easy,1,15214,Classification & Modeling
m8rfSXHUenxh,111,medium,1,28607,Classification & Modeling
m8rfSXHUenxh,112,easy,0,29548,Classification & Modeling
m8rfSXHUenxh,113,easy,0,21935,Classification & Modeling
m8rfSXHUenxh,114,easy,1,24174,Classification & Modeling
m8rfSXHUenxh,115,easy,1,15214,Classification & Modeling
m8rfSXHUenxh,116,easy,1,17951,Classification & Modeling
m8rfSXHUenxh,117,easy,1,12635,Classification & Modeling
m8rfSXHUenxh,118,hard,0,24268,Classification & Modeling
m8rfSXHUenxh,119,hard,1,28926,Classification & Modeling
m8rfSXHUenxh,120,easy,1,15341,Classification & Modeling
wLeCyVvKyFT8,91,easy,1,16446,Classification & Modeling
wLeCyVvKyFT8,92,easy,1,14378,Classification & Modeling
wLeCyVvKyFT8,93,easy,1,14378,Classification & Modeling
wLeCyVvKyFT8,94,easy,1,14378,Classification & Modeling
wLeCyVvKyFT8,95,easy,1,15151,Classification & Modeling
wLeCyVvKyFT8,96,easy,1,13726,Classification & Modeling
wLeCyVvKyFT8,97,easy,1,15094,Classification & Modeling
wLeCyVvKyFT8,98,easy,1,13726,Classification & Modeling
wLeCyVvKyFT8,99,easy,1,13726,Classification & Modeling
wLeCyVvKyFT8,100,easy,1,12891,Classification & Modeling
wLeCyVvKyFT8,101,easy,1,13726,Classification & Modeling
wLeCyVvKyFT8,102,easy,1,14941,Classification & Modeling
wLeCyVvKyFT8,103,hard,0,19284,Clustering & Unsupervised
wLeCyVvKyFT8,104,easy,1,12891,Classification & Modeling
wLeCyVvKyFT8,105,easy,1,15721,Classification & Modeling
wLeCyVvKyFT8,106,easy,1,13616,Classification & Modeling
wLeCyVvKyFT8,107,medium,0,29250,Classification & Modeling
wLeCyVvKyFT8,108,medium,0,24941,Classification & Modeling
wLeCyVvKyFT8,109,medium,1,25861,Classification & Modeling
wLeCyVvKyFT8,110,easy,1,14941,Classification & Modeling
wLeCyVvKyFT8,111,medium,1,25461,Classification & Modeling
wLeCyVvKyFT8,112,easy,1,24504,Classification & Modeling
wLeCyVvKyFT8,113,easy,1,16446,Classification & Modeling
wLeCyVvKyFT8,114,easy,1,21309,Classification & Modeling
wLeCyVvKyFT8,115,easy,1,14941,Classification & Modeling
wLeCyVvKyFT8,116,easy,1,16750,Classification & Modeling
wLeCyVvKyFT8,117,easy,1,13726,Classification & Modeling
wLeCyVvKyFT8,118,hard,0,22007,Classification & Modeling
wLeCyVvKyFT8,119,hard,0,25597,Classification & Modeling
wLeCyVvKyFT8,120,easy,1,15094,Classification & Modeling
5WCMaHHFn6WV,91,easy,1,16983,Classification & Modeling
5WCMaHHFn6WV,92,easy,1,14532,Classification & Modeling
5WCMaHHFn6WV,93,easy,1,14532,Classification & Modeling
5WCMaHHFn6WV,94,easy,1,14532,Classification & Modeling
5WCMaHHFn6WV,95,easy,1,15298,Classification & Modeling
5WCMaHHFn6WV,96,easy,1,14026,Classification & Modeling
5WCMaHHFn6WV,97,easy,1,15204,Classification & Modeling
5WCMaHHFn6WV,98,easy,1,14026,Classification & Modeling
5WCMaHHFn6WV,99,easy,1,14026,Classification & Modeling
5WCMaHHFn6WV,100,easy,1,12983,Classification & Modeling
5WCMaHHFn6WV,101,easy,1,14026,Classification & Modeling
5WCMaHHFn6WV,102,easy,1,15076,Classification & Modeling
5WCMaHHFn6WV,103,hard,1,24687,Clustering & Unsupervised
5WCMaHHFn6WV,104,easy,1,12983,Classification & Modeling
5WCMaHHFn6WV,105,easy,0,22521,Classification & Modeling
5WCMaHHFn6WV,106,easy,1,13914,Classification & Modeling
5WCMaHHFn6WV,107,medium,1,31115,Classification & Modeling
5WCMaHHFn6WV,108,medium,1,24081,Classification & Modeling
5WCMaHHFn6WV,109,medium,0,29446,Classification & Modeling
5WCMaHHFn6WV,110,easy,1,15076,Classification & Modeling
5WCMaHHFn6WV,111,medium,0,33350,Classification & Modeling
5WCMaHHFn6WV,112,easy,0,31799,Classification & Modeling
5WCMaHHFn6WV,113,easy,0,23303,Classification & Modeling
5WCMaHHFn6WV,114,easy,1,23726,Classification & Modeling
5WCMaHHFn6WV,115,easy,1,15076,Classification & Modeling
5WCMaHHFn6WV,116,easy,1,17297,Classification & Modeling
5WCMaHHFn6WV,117,easy,1,14026,Classification & Modeling
5WCMaHHFn6WV,118,hard,1,29258,Classification & Modeling
5WCMaHHFn6WV,119,hard,0,28856,Classification & Modeling
5WCMaHHFn6WV,120,easy,1,15204,Classification & Modeling
OLMmduueQtv7,91,easy,1,17292,Classification & Modeling
OLMmduueQtv7,92,easy,1,14796,Classification & Modeling
OLMmduueQtv7,93,easy,1,14796,Classification & Modeling
OLMmduueQtv7,94,easy,1,14796,Classification & Modeling
OLMmduueQtv7,95,easy,1,15576,Classification & Modeling
OLMmduueQtv7,96,easy,1,14282,Classification & Modeling
OLMmduueQtv7,97,easy,1,15481,Classification & Modeling
OLMmduueQtv7,98,easy,1,14282,Classification & Modeling
OLMmduueQtv7,99,easy,1,14282,Classification & Modeling
OLMmduueQtv7,100,easy,1,13219,Classification & Modeling
OLMmduueQtv7,101,easy,1,14282,Classification & Modeling
OLMmduueQtv7,102,easy,1,15350,Classification & Modeling
OLMmduueQtv7,103,hard,0,21944,Clustering & Unsupervised
OLMmduueQtv7,104,easy,1,13219,Classification & Modeling
OLMmduueQtv7,105,easy,1,16248,Classification & Modeling
OLMmduueQtv7,106,easy,1,14168,Classification & Modeling
OLMmduueQtv7,107,medium,0,36903,Classification & Modeling
OLMmduueQtv7,108,medium,0,31150,Classification & Modeling
OLMmduueQtv7,109,medium,1,29625,Classification & Modeling
OLMmduueQtv7,110,easy,1,15350,Classification & Modeling
OLMmduueQtv7,111,medium,1,28944,Classification & Modeling
OLMmduueQtv7,112,easy,1,26941,Classification & Modeling
OLMmduueQtv7,113,easy,1,17292,Classification & Modeling
OLMmduueQtv7,114,easy,1,24158,Classification & Modeling
OLMmduueQtv7,115,easy,1,15350,Classification & Modeling
OLMmduueQtv7,116,easy,1,17612,Classification & Modeling
OLMmduueQtv7,117,easy,1,14282,Classification & Modeling
OLMmduueQtv7,118,hard,0,25043,Classification & Modeling
OLMmduueQtv7,119,hard,1,29493,Classification & Modeling
OLMmduueQtv7,120,easy,1,15481,Classification & Modeling
CyGywfdJf5VZ,91,easy,1,14398,Classification & Modeling
CyGywfdJf5VZ,92,easy,1,10621,Classification & Modeling
CyGywfdJf5VZ,93,easy,1,10621,Classification & Modeling
CyGywfdJf5VZ,94,easy,1,10621,Classification & Modeling
CyGywfdJf5VZ,95,easy,1,12156,Classification & Modeling
CyGywfdJf5VZ,96,easy,1,10218,Classification & Modeling
CyGywfdJf5VZ,97,easy,1,12420,Classification & Modeling
CyGywfdJf5VZ,98,easy,1,10218,Classification & Modeling
CyGywfdJf5VZ,99,easy,1,10218,Classification & Modeling
CyGywfdJf5VZ,100,easy,1,10332,Classification & Modeling
CyGywfdJf5VZ,101,easy,1,10218,Classification & Modeling
CyGywfdJf5VZ,102,easy,1,12453,Classification & Modeling
CyGywfdJf5VZ,103,hard,0,16323,Clustering & Unsupervised
CyGywfdJf5VZ,104,easy,1,10332,Classification & Modeling
CyGywfdJf5VZ,105,easy,1,13418,Classification & Modeling
CyGywfdJf5VZ,106,easy,1,10136,Classification & Modeling
CyGywfdJf5VZ,107,medium,0,25449,Classification & Modeling
CyGywfdJf5VZ,108,medium,0,21545,Classification & Modeling
CyGywfdJf5VZ,109,medium,1,22500,Classification & Modeling
CyGywfdJf5VZ,110,easy,1,12453,Classification & Modeling
CyGywfdJf5VZ,111,medium,0,23420,Classification & Modeling
CyGywfdJf5VZ,112,easy,1,21767,Classification & Modeling
CyGywfdJf5VZ,113,easy,1,14398,Classification & Modeling
CyGywfdJf5VZ,114,easy,1,18408,Classification & Modeling
CyGywfdJf5VZ,115,easy,1,12453,Classification & Modeling
CyGywfdJf5VZ,116,easy,1,14694,Classification & Modeling
CyGywfdJf5VZ,117,easy,1,10218,Classification & Modeling
CyGywfdJf5VZ,118,hard,0,18628,Classification & Modeling
CyGywfdJf5VZ,119,hard,0,22271,Classification & Modeling
CyGywfdJf5VZ,120,easy,0,15334,Classification & Modeling
tE1MOwmVibN4,91,easy,1,16915,Classification & Modeling
tE1MOwmVibN4,92,easy,1,12592,Classification & Modeling
tE1MOwmVibN4,93,easy,1,12592,Classification & Modeling
tE1MOwmVibN4,94,easy,1,12592,Classification & Modeling
tE1MOwmVibN4,95,easy,1,14524,Classification & Modeling
tE1MOwmVibN4,96,easy,1,12076,Classification & Modeling
tE1MOwmVibN4,97,easy,1,14753,Classification & Modeling
tE1MOwmVibN4,98,easy,1,12076,Classification & Modeling
tE1MOwmVibN4,99,easy,1,12076,Classification & Modeling
tE1MOwmVibN4,100,easy,1,12210,Classification & Modeling
tE1MOwmVibN4,101,easy,1,12076,Classification & Modeling
tE1MOwmVibN4,102,easy,1,14630,Classification & Modeling
tE1MOwmVibN4,103,hard,0,19317,Clustering & Unsupervised
tE1MOwmVibN4,104,easy,1,12210,Classification & Modeling
tE1MOwmVibN4,105,easy,1,15763,Classification & Modeling
tE1MOwmVibN4,106,easy,1,11979,Classification & Modeling
tE1MOwmVibN4,107,medium,0,31603,Classification & Modeling
tE1MOwmVibN4,108,medium,0,26720,Classification & Modeling
tE1MOwmVibN4,109,medium,1,27941,Classification & Modeling
tE1MOwmVibN4,110,easy,1,14630,Classification & Modeling
tE1MOwmVibN4,111,medium,0,29083,Classification & Modeling
tE1MOwmVibN4,112,easy,1,25664,Classification & Modeling
tE1MOwmVibN4,113,easy,1,16915,Classification & Modeling
tE1MOwmVibN4,114,easy,1,23247,Classification & Modeling
tE1MOwmVibN4,115,easy,1,14630,Classification & Modeling
tE1MOwmVibN4,116,easy,1,17262,Classification & Modeling
tE1MOwmVibN4,117,easy,1,12076,Classification & Modeling
tE1MOwmVibN4,118,hard,0,23778,Classification & Modeling
tE1MOwmVibN4,119,hard,0,27657,Classification & Modeling
tE1MOwmVibN4,120,easy,0,17946,Classification & Modeling
aeQlX5jbZHXw,91,easy,1,17714,Classification & Modeling
aeQlX5jbZHXw,92,easy,1,14818,Classification & Modeling
aeQlX5jbZHXw,93,easy,1,14818,Classification & Modeling
aeQlX5jbZHXw,94,easy,1,14818,Classification & Modeling
aeQlX5jbZHXw,95,easy,1,15763,Classification & Modeling
aeQlX5jbZHXw,96,easy,1,14303,Classification & Modeling
aeQlX5jbZHXw,97,easy,1,15667,Classification & Modeling
aeQlX5jbZHXw,98,easy,1,14303,Classification & Modeling
aeQlX5jbZHXw,99,easy,1,14303,Classification & Modeling
aeQlX5jbZHXw,100,easy,1,13378,Classification & Modeling
aeQlX5jbZHXw,101,easy,1,14303,Classification & Modeling
aeQlX5jbZHXw,102,easy,1,15725,Classification & Modeling
aeQlX5jbZHXw,103,hard,0,19040,Clustering & Unsupervised
aeQlX5jbZHXw,104,easy,1,13378,Classification & Modeling
aeQlX5jbZHXw,105,easy,1,16644,Classification & Modeling
aeQlX5jbZHXw,106,easy,1,14189,Classification & Modeling
aeQlX5jbZHXw,107,medium,1,34130,Classification & Modeling
aeQlX5jbZHXw,108,medium,0,35135,Classification & Modeling
aeQlX5jbZHXw,109,medium,0,31798,Classification & Modeling
aeQlX5jbZHXw,110,easy,1,15725,Classification & Modeling
aeQlX5jbZHXw,111,medium,1,32647,Classification & Modeling
aeQlX5jbZHXw,112,easy,1,30387,Classification & Modeling
aeQlX5jbZHXw,113,easy,1,17714,Classification & Modeling
aeQlX5jbZHXw,114,easy,1,27248,Classification & Modeling
aeQlX5jbZHXw,115,easy,1,15725,Classification & Modeling
aeQlX5jbZHXw,116,easy,1,18042,Classification & Modeling
aeQlX5jbZHXw,117,easy,1,14303,Classification & Modeling
aeQlX5jbZHXw,118,hard,0,21729,Classification & Modeling
aeQlX5jbZHXw,119,hard,0,31161,Classification & Modeling
aeQlX5jbZHXw,120,easy,1,15667,Classification & Modeling
BJE8NOUNFGYz,91,easy,1,15478,Classification & Modeling
BJE8NOUNFGYz,92,easy,1,11699,Classification & Modeling
BJE8NOUNFGYz,93,easy,1,11699,Classification & Modeling
BJE8NOUNFGYz,94,easy,1,11699,Classification & Modeling
BJE8NOUNFGYz,95,easy,1,13411,Classification & Modeling
BJE8NOUNFGYz,96,easy,1,11219,Classification & Modeling
BJE8NOUNFGYz,97,easy,1,13622,Classification & Modeling
BJE8NOUNFGYz,98,easy,1,11219,Classification & Modeling
BJE8NOUNFGYz,99,easy,1,11219,Classification & Modeling
BJE8NOUNFGYz,100,easy,1,11200,Classification & Modeling
BJE8NOUNFGYz,101,easy,1,11219,Classification & Modeling
BJE8NOUNFGYz,102,easy,1,13509,Classification & Modeling
BJE8NOUNFGYz,103,hard,1,19708,Clustering & Unsupervised
BJE8NOUNFGYz,104,easy,1,11200,Classification & Modeling
BJE8NOUNFGYz,105,easy,1,14424,Classification & Modeling
BJE8NOUNFGYz,106,easy,1,11129,Classification & Modeling
BJE8NOUNFGYz,107,medium,1,27752,Classification & Modeling
BJE8NOUNFGYz,108,medium,1,21589,Classification & Modeling
BJE8NOUNFGYz,109,medium,0,26529,Classification & Modeling
BJE8NOUNFGYz,110,easy,1,13509,Classification & Modeling
BJE8NOUNFGYz,111,medium,1,25172,Classification & Modeling
BJE8NOUNFGYz,112,easy,0,27013,Classification & Modeling
BJE8NOUNFGYz,113,easy,1,15478,Classification & Modeling
BJE8NOUNFGYz,114,easy,1,21271,Classification & Modeling
BJE8NOUNFGYz,115,easy,1,13509,Classification & Modeling
BJE8NOUNFGYz,116,easy,0,19941,Classification & Modeling
BJE8NOUNFGYz,117,easy,1,11219,Classification & Modeling
BJE8NOUNFGYz,118,hard,0,22347,Classification & Modeling
BJE8NOUNFGYz,119,hard,0,25998,Classification & Modeling
BJE8NOUNFGYz,120,easy,1,13622,Classification & Modeling
ROaS3EN46XLy,91,easy,1,13843,Classification & Modeling
ROaS3EN46XLy,92,easy,1,12670,Classification & Modeling
ROaS3EN46XLy,93,easy,1,12670,Classification & Modeling
ROaS3EN46XLy,94,easy,1,12670,Classification & Modeling
ROaS3EN46XLy,95,easy,1,12555,Classification & Modeling
ROaS3EN46XLy,96,easy,1,11375,Classification & Modeling
ROaS3EN46XLy,97,easy,1,12508,Classification & Modeling
ROaS3EN46XLy,98,easy,1,11375,Classification & Modeling
ROaS3EN46XLy,99,easy,1,11375,Classification & Modeling
ROaS3EN46XLy,100,easy,1,10682,Classification & Modeling
ROaS3EN46XLy,101,easy,1,11375,Classification & Modeling
ROaS3EN46XLy,102,easy,1,12381,Classification & Modeling
ROaS3EN46XLy,103,hard,0,16624,Clustering & Unsupervised
ROaS3EN46XLy,104,easy,1,10682,Classification & Modeling
ROaS3EN46XLy,105,easy,1,13105,Classification & Modeling
ROaS3EN46XLy,106,easy,0,16778,Classification & Modeling
ROaS3EN46XLy,107,medium,0,24613,Classification & Modeling
ROaS3EN46XLy,108,medium,1,17875,Classification & Modeling
ROaS3EN46XLy,109,medium,0,23064,Classification & Modeling
ROaS3EN46XLy,110,easy,1,12381,Classification & Modeling
ROaS3EN46XLy,111,medium,1,21043,Classification & Modeling
ROaS3EN46XLy,112,easy,1,20469,Classification & Modeling
ROaS3EN46XLy,113,easy,1,13843,Classification & Modeling
ROaS3EN46XLy,114,easy,0,20309,Classification & Modeling
ROaS3EN46XLy,115,easy,1,12381,Classification & Modeling
ROaS3EN46XLy,116,easy,1,14099,Classification & Modeling
ROaS3EN46XLy,117,easy,1,11375,Classification & Modeling
ROaS3EN46XLy,118,hard,0,18972,Classification & Modeling
ROaS3EN46XLy,119,hard,0,22067,Classification & Modeling
ROaS3EN46XLy,120,easy,1,12508,Classification & Modeling
zeQInY6w8eBY,91,easy,1,17051,Classification & Modeling
zeQInY6w8eBY,92,easy,1,14711,Classification & Modeling
zeQInY6w8eBY,93,easy,1,14711,Classification & Modeling
zeQInY6w8eBY,94,easy,1,14711,Classification & Modeling
zeQInY6w8eBY,95,easy,1,15502,Classification & Modeling
zeQInY6w8eBY,96,easy,1,14044,Classification & Modeling
zeQInY6w8eBY,97,easy,1,15407,Classification & Modeling
zeQInY6w8eBY,98,easy,1,14044,Classification & Modeling
zeQInY6w8eBY,99,easy,1,14044,Classification & Modeling
zeQInY6w8eBY,100,easy,1,13189,Classification & Modeling
zeQInY6w8eBY,101,easy,1,14044,Classification & Modeling
zeQInY6w8eBY,102,easy,1,15250,Classification & Modeling
zeQInY6w8eBY,103,hard,0,21637,Clustering & Unsupervised
zeQInY6w8eBY,104,easy,1,13189,Classification & Modeling
zeQInY6w8eBY,105,easy,1,16142,Classification & Modeling
zeQInY6w8eBY,106,easy,1,13932,Classification & Modeling
zeQInY6w8eBY,107,medium,0,33742,Classification & Modeling
zeQInY6w8eBY,108,medium,1,23251,Classification & Modeling
zeQInY6w8eBY,109,medium,0,28655,Classification & Modeling
zeQInY6w8eBY,110,easy,1,15250,Classification & Modeling
zeQInY6w8eBY,111,medium,1,27448,Classification & Modeling
zeQInY6w8eBY,112,easy,1,26141,Classification & Modeling
zeQInY6w8eBY,113,easy,1,17051,Classification & Modeling
zeQInY6w8eBY,114,easy,0,28063,Classification & Modeling
zeQInY6w8eBY,115,easy,1,15250,Classification & Modeling
zeQInY6w8eBY,116,easy,1,17366,Classification & Modeling
zeQInY6w8eBY,117,easy,1,14044,Classification & Modeling
zeQInY6w8eBY,118,hard,0,24692,Classification & Modeling
zeQInY6w8eBY,119,hard,0,28783,Classification & Modeling
zeQInY6w8eBY,120,easy,1,15407,Classification & Modeling
oXHAAQD8R9lF,91,easy,1,17884,Classification & Modeling
oXHAAQD8R9lF,92,easy,1,15145,Classification & Modeling
oXHAAQD8R9lF,93,easy,1,15145,Classification & Modeling
oXHAAQD8R9lF,94,easy,1,15145,Classification & Modeling
oXHAAQD8R9lF,95,easy,1,18450,Classification & Modeling
oXHAAQD8R9lF,96,easy,1,14694,Classification & Modeling
oXHAAQD8R9lF,97,easy,1,18740,Classification & Modeling
oXHAAQD8R9lF,98,easy,1,14694,Classification & Modeling
oXHAAQD8R9lF,99,easy,1,14694,Classification & Modeling
oXHAAQD8R9lF,100,easy,1,15355,Classification & Modeling
oXHAAQD8R9lF,101,easy,1,14694,Classification & Modeling
oXHAAQD8R9lF,102,easy,1,18584,Classification & Modeling
oXHAAQD8R9lF,103,hard,0,19950,Clustering & Unsupervised
oXHAAQD8R9lF,104,easy,1,15355,Classification & Modeling
oXHAAQD8R9lF,105,easy,0,19514,Classification & Modeling
oXHAAQD8R9lF,106,easy,1,14576,Classification & Modeling
oXHAAQD8R9lF,107,medium,0,28901,Classification & Modeling
oXHAAQD8R9lF,108,medium,1,22952,Classification & Modeling
oXHAAQD8R9lF,109,medium,0,25986,Classification & Modeling
oXHAAQD8R9lF,110,easy,1,18584,Classification & Modeling
oXHAAQD8R9lF,111,medium,1,26504,Classification & Modeling
oXHAAQD8R9lF,112,easy,1,25569,Classification & Modeling
oXHAAQD8R9lF,113,easy,0,20440,Classification & Modeling
oXHAAQD8R9lF,114,easy,0,24100,Classification & Modeling
oXHAAQD8R9lF,115,easy,1,18584,Classification & Modeling
oXHAAQD8R9lF,116,easy,1,18250,Classification & Modeling
oXHAAQD8R9lF,117,easy,1,14694,Classification & Modeling
oXHAAQD8R9lF,118,hard,0,20751,Classification & Modeling
oXHAAQD8R9lF,119,hard,0,25466,Classification & Modeling
oXHAAQD8R9lF,120,easy,1,18740,Classification & Modeling
QJyEL3O7YA2f,91,easy,1,18300,Classification & Modeling
QJyEL3O7YA2f,92,easy,1,15659,Classification & Modeling
QJyEL3O7YA2f,93,easy,1,15659,Classification & Modeling
QJyEL3O7YA2f,94,easy,1,15659,Classification & Modeling
QJyEL3O7YA2f,95,easy,1,16485,Classification & Modeling
QJyEL3O7YA2f,96,easy,1,15115,Classification & Modeling
QJyEL3O7YA2f,97,easy,1,16384,Classification & Modeling
QJyEL3O7YA2f,98,easy,1,15115,Classification & Modeling
QJyEL3O7YA2f,99,easy,1,15115,Classification & Modeling
QJyEL3O7YA2f,100,easy,1,13990,Classification & Modeling
QJyEL3O7YA2f,101,easy,1,15115,Classification & Modeling
QJyEL3O7YA2f,102,easy,1,16245,Classification & Modeling
QJyEL3O7YA2f,103,hard,0,22801,Clustering & Unsupervised
QJyEL3O7YA2f,104,easy,1,13990,Classification & Modeling
QJyEL3O7YA2f,105,easy,1,17195,Classification & Modeling
QJyEL3O7YA2f,106,easy,1,14994,Classification & Modeling
QJyEL3O7YA2f,107,medium,0,38346,Classification & Modeling
QJyEL3O7YA2f,108,medium,1,25949,Classification & Modeling
QJyEL3O7YA2f,109,medium,0,31156,Classification & Modeling
QJyEL3O7YA2f,110,easy,1,16245,Classification & Modeling
QJyEL3O7YA2f,111,medium,1,30632,Classification & Modeling
QJyEL3O7YA2f,112,easy,1,28512,Classification & Modeling
QJyEL3O7YA2f,113,easy,1,18300,Classification & Modeling
QJyEL3O7YA2f,114,easy,0,31891,Classification & Modeling
QJyEL3O7YA2f,115,easy,1,16245,Classification & Modeling
QJyEL3O7YA2f,116,easy,1,18639,Classification & Modeling
QJyEL3O7YA2f,117,easy,1,15115,Classification & Modeling
QJyEL3O7YA2f,118,hard,0,26021,Classification & Modeling
QJyEL3O7YA2f,119,hard,0,30533,Classification & Modeling
QJyEL3O7YA2f,120,easy,1,16384,Classification & Modeling
sg62FVLFX6BW,91,easy,0,21420,Classification & Modeling
sg62FVLFX6BW,92,easy,1,12552,Classification & Modeling
sg62FVLFX6BW,93,easy,1,12552,Classification & Modeling
sg62FVLFX6BW,94,easy,1,12552,Classification & Modeling
sg62FVLFX6BW,95,easy,1,14478,Classification & Modeling
sg62FVLFX6BW,96,easy,1,12037,Classification & Modeling
sg62FVLFX6BW,97,easy,1,14706,Classification & Modeling
sg62FVLFX6BW,98,easy,1,12037,Classification & Modeling
sg62FVLFX6BW,99,easy,1,12037,Classification & Modeling
sg62FVLFX6BW,100,easy,1,12172,Classification & Modeling
sg62FVLFX6BW,101,easy,1,12037,Classification & Modeling
sg62FVLFX6BW,102,easy,1,14584,Classification & Modeling
sg62FVLFX6BW,103,hard,0,19256,Clustering & Unsupervised
sg62FVLFX6BW,104,easy,0,14360,Classification & Modeling
sg62FVLFX6BW,105,easy,1,15713,Classification & Modeling
sg62FVLFX6BW,106,easy,1,11941,Classification & Modeling
sg62FVLFX6BW,107,medium,1,30016,Classification & Modeling
sg62FVLFX6BW,108,medium,1,23519,Classification & Modeling
sg62FVLFX6BW,109,medium,0,28133,Classification & Modeling
sg62FVLFX6BW,110,easy,1,14584,Classification & Modeling
sg62FVLFX6BW,111,medium,0,28991,Classification & Modeling
sg62FVLFX6BW,112,easy,0,28855,Classification & Modeling
sg62FVLFX6BW,113,easy,0,21420,Classification & Modeling
sg62FVLFX6BW,114,easy,0,26244,Classification & Modeling
sg62FVLFX6BW,115,easy,1,14584,Classification & Modeling
sg62FVLFX6BW,116,easy,0,21300,Classification & Modeling
sg62FVLFX6BW,117,easy,1,12037,Classification & Modeling
sg62FVLFX6BW,118,hard,0,23703,Classification & Modeling
sg62FVLFX6BW,119,hard,0,27569,Classification & Modeling
sg62FVLFX6BW,120,easy,1,14706,Classification & Modeling
KwlNeadgH2OL,91,easy,1,15439,Classification & Modeling
KwlNeadgH2OL,92,easy,1,13612,Classification & Modeling
KwlNeadgH2OL,93,easy,1,13612,Classification & Modeling
KwlNeadgH2OL,94,easy,1,13612,Classification & Modeling
KwlNeadgH2OL,95,easy,1,13947,Classification & Modeling
KwlNeadgH2OL,96,easy,1,12233,Classification & Modeling
KwlNeadgH2OL,97,easy,1,13824,Classification & Modeling
KwlNeadgH2OL,98,easy,1,12233,Classification & Modeling
KwlNeadgH2OL,99,easy,1,12233,Classification & Modeling
KwlNeadgH2OL,100,easy,1,11929,Classification & Modeling
KwlNeadgH2OL,101,easy,1,12233,Classification & Modeling
KwlNeadgH2OL,102,easy,1,13647,Classification & Modeling
KwlNeadgH2OL,103,hard,1,22607,Clustering & Unsupervised
KwlNeadgH2OL,104,easy,1,11929,Classification & Modeling
KwlNeadgH2OL,105,easy,1,14445,Classification & Modeling
KwlNeadgH2OL,106,easy,1,12135,Classification & Modeling
KwlNeadgH2OL,107,medium,0,33196,Classification & Modeling
KwlNeadgH2OL,108,medium,1,21292,Classification & Modeling
KwlNeadgH2OL,109,medium,1,27296,Classification & Modeling
KwlNeadgH2OL,110,easy,1,13647,Classification & Modeling
KwlNeadgH2OL,111,medium,1,25571,Classification & Modeling
KwlNeadgH2OL,112,easy,1,23650,Classification & Modeling
KwlNeadgH2OL,113,easy,1,15439,Classification & Modeling
KwlNeadgH2OL,114,easy,1,20978,Classification & Modeling
KwlNeadgH2OL,115,easy,1,13647,Classification & Modeling
KwlNeadgH2OL,116,easy,1,15725,Classification & Modeling
KwlNeadgH2OL,117,easy,1,12233,Classification & Modeling
KwlNeadgH2OL,118,hard,0,22548,Classification & Modeling
KwlNeadgH2OL,119,hard,0,27131,Classification & Modeling
KwlNeadgH2OL,120,easy,1,13824,Classification & Modeling
VqXqgB6ructd,91,easy,1,18300,Classification & Modeling
VqXqgB6ructd,92,easy,1,15659,Classification & Modeling
VqXqgB6ructd,93,easy,1,15659,Classification & Modeling
VqXqgB6ructd,94,easy,1,15659,Classification & Modeling
VqXqgB6ructd,95,easy,1,16485,Classification & Modeling
VqXqgB6ructd,96,easy,1,15115,Classification & Modeling
VqXqgB6ructd,97,easy,1,16384,Classification & Modeling
VqXqgB6ructd,98,easy,1,15115,Classification & Modeling
VqXqgB6ructd,99,easy,1,15115,Classification & Modeling
VqXqgB6ructd,100,easy,1,13990,Classification & Modeling
VqXqgB6ructd,101,easy,1,15115,Classification & Modeling
VqXqgB6ructd,102,easy,1,16245,Classification & Modeling
VqXqgB6ructd,103,hard,1,26278,Clustering & Unsupervised
VqXqgB6ructd,104,easy,1,13990,Classification & Modeling
VqXqgB6ructd,105,easy,1,17195,Classification & Modeling
VqXqgB6ructd,106,easy,1,14994,Classification & Modeling
VqXqgB6ructd,107,medium,0,38346,Classification & Modeling
VqXqgB6ructd,108,medium,1,25949,Classification & Modeling
VqXqgB6ructd,109,medium,1,31352,Classification & Modeling
VqXqgB6ructd,110,easy,1,16245,Classification & Modeling
VqXqgB6ructd,111,medium,1,30632,Classification & Modeling
VqXqgB6ructd,112,easy,0,33646,Classification & Modeling
VqXqgB6ructd,113,easy,1,18300,Classification & Modeling
VqXqgB6ructd,114,easy,1,25567,Classification & Modeling
VqXqgB6ructd,115,easy,1,16245,Classification & Modeling
VqXqgB6ructd,116,easy,1,18639,Classification & Modeling
VqXqgB6ructd,117,easy,1,15115,Classification & Modeling
VqXqgB6ructd,118,hard,0,26021,Classification & Modeling
VqXqgB6ructd,119,hard,1,31213,Classification & Modeling
VqXqgB6ructd,120,easy,1,16384,Classification & Modeling
GiEhMndZmOa5,91,easy,1,16862,Classification & Modeling
GiEhMndZmOa5,92,easy,1,12552,Classification & Modeling
GiEhMndZmOa5,93,easy,1,12552,Classification & Modeling
GiEhMndZmOa5,94,easy,1,12552,Classification & Modeling
GiEhMndZmOa5,95,easy,1,14478,Classification & Modeling
GiEhMndZmOa5,96,easy,1,12037,Classification & Modeling
GiEhMndZmOa5,97,easy,1,14706,Classification & Modeling
GiEhMndZmOa5,98,easy,0,16058,Classification & Modeling
GiEhMndZmOa5,99,easy,1,12037,Classification & Modeling
GiEhMndZmOa5,100,easy,1,12172,Classification & Modeling
GiEhMndZmOa5,101,easy,1,12037,Classification & Modeling
GiEhMndZmOa5,102,easy,0,17625,Classification & Modeling
GiEhMndZmOa5,103,hard,1,21319,Clustering & Unsupervised
GiEhMndZmOa5,104,easy,1,12172,Classification & Modeling
GiEhMndZmOa5,105,easy,1,15713,Classification & Modeling
GiEhMndZmOa5,106,easy,1,11941,Classification & Modeling
GiEhMndZmOa5,107,medium,1,30016,Classification & Modeling
GiEhMndZmOa5,108,medium,1,23519,Classification & Modeling
GiEhMndZmOa5,109,medium,1,27853,Classification & Modeling
GiEhMndZmOa5,110,easy,1,14584,Classification & Modeling
GiEhMndZmOa5,111,medium,1,27423,Classification & Modeling
GiEhMndZmOa5,112,easy,1,25582,Classification & Modeling
GiEhMndZmOa5,113,easy,1,16862,Classification & Modeling
GiEhMndZmOa5,114,easy,1,23173,Classification & Modeling
GiEhMndZmOa5,115,easy,1,14584,Classification & Modeling
GiEhMndZmOa5,116,easy,1,17208,Classification & Modeling
GiEhMndZmOa5,117,easy,1,12037,Classification & Modeling
GiEhMndZmOa5,118,hard,1,26733,Classification & Modeling
GiEhMndZmOa5,119,hard,0,27569,Classification & Modeling
GiEhMndZmOa5,120,easy,0,17889,Classification & Modeling
32nLuB1xqIO4,91,easy,1,16911,Classification & Modeling
32nLuB1xqIO4,92,easy,1,14590,Classification & Modeling
32nLuB1xqIO4,93,easy,1,14590,Classification & Modeling
32nLuB1xqIO4,94,easy,1,14590,Classification & Modeling
32nLuB1xqIO4,95,easy,1,15374,Classification & Modeling
32nLuB1xqIO4,96,easy,1,13928,Classification & Modeling
32nLuB1xqIO4,97,easy,1,15280,Classification & Modeling
32nLuB1xqIO4,98,easy,1,13928,Classification & Modeling
32nLuB1xqIO4,99,easy,1,13928,Classification & Modeling
32nLuB1xqIO4,100,easy,1,13081,Classification & Modeling
32nLuB1xqIO4,101,easy,1,13928,Classification & Modeling
32nLuB1xqIO4,102,easy,1,15124,Classification & Modeling
32nLuB1xqIO4,103,hard,0,22022,Clustering & Unsupervised
32nLuB1xqIO4,104,easy,1,13081,Classification & Modeling
32nLuB1xqIO4,105,easy,1,16009,Classification & Modeling
32nLuB1xqIO4,106,easy,1,13817,Classification & Modeling
32nLuB1xqIO4,107,medium,1,30665,Classification & Modeling
32nLuB1xqIO4,108,medium,1,23732,Classification & Modeling
32nLuB1xqIO4,109,medium,0,29894,Classification & Modeling
32nLuB1xqIO4,110,easy,1,15124,Classification & Modeling
32nLuB1xqIO4,111,medium,0,32394,Classification & Modeling
32nLuB1xqIO4,112,easy,1,26274,Classification & Modeling
32nLuB1xqIO4,113,easy,1,16911,Classification & Modeling
32nLuB1xqIO4,114,easy,1,23383,Classification & Modeling
32nLuB1xqIO4,115,easy,1,15124,Classification & Modeling
32nLuB1xqIO4,116,easy,1,17223,Classification & Modeling
32nLuB1xqIO4,117,easy,1,13928,Classification & Modeling
32nLuB1xqIO4,118,hard,0,25132,Classification & Modeling
32nLuB1xqIO4,119,hard,1,28547,Classification & Modeling
32nLuB1xqIO4,120,easy,1,15280,Classification & Modeling
iZblYCxqwouC,91,easy,1,17714,Classification & Modeling
iZblYCxqwouC,92,easy,1,14818,Classification & Modeling
iZblYCxqwouC,93,easy,1,14818,Classification & Modeling
iZblYCxqwouC,94,easy,1,14818,Classification & Modeling
iZblYCxqwouC,95,easy,1,15763,Classification & Modeling
iZblYCxqwouC,96,easy,1,14303,Classification & Modeling
iZblYCxqwouC,97,easy,1,15667,Classification & Modeling
iZblYCxqwouC,98,easy,1,14303,Classification & Modeling
iZblYCxqwouC,99,easy,1,14303,Classification & Modeling
iZblYCxqwouC,100,easy,1,13378,Classification & Modeling
iZblYCxqwouC,101,easy,1,14303,Classification & Modeling
iZblYCxqwouC,102,easy,1,15725,Classification & Modeling
iZblYCxqwouC,103,hard,1,21544,Clustering & Unsupervised
iZblYCxqwouC,104,easy,1,13378,Classification & Modeling
iZblYCxqwouC,105,easy,1,16644,Classification & Modeling
iZblYCxqwouC,106,easy,1,14189,Classification & Modeling
iZblYCxqwouC,107,medium,0,39755,Classification & Modeling
iZblYCxqwouC,108,medium,1,27655,Classification & Modeling
iZblYCxqwouC,109,medium,1,31416,Classification & Modeling
iZblYCxqwouC,110,easy,1,15725,Classification & Modeling
iZblYCxqwouC,111,medium,1,32647,Classification & Modeling
iZblYCxqwouC,112,easy,1,30387,Classification & Modeling
iZblYCxqwouC,113,easy,1,17714,Classification & Modeling
iZblYCxqwouC,114,easy,1,27248,Classification & Modeling
iZblYCxqwouC,115,easy,1,15725,Classification & Modeling
iZblYCxqwouC,116,easy,1,18042,Classification & Modeling
iZblYCxqwouC,117,easy,1,14303,Classification & Modeling
iZblYCxqwouC,118,hard,0,21729,Classification & Modeling
iZblYCxqwouC,119,hard,0,31161,Classification & Modeling
iZblYCxqwouC,120,easy,1,15667,Classification & Modeling
St7VKJfT2MTq,91,easy,1,16304,Classification & Modeling
St7VKJfT2MTq,92,easy,1,13036,Classification & Modeling
St7VKJfT2MTq,93,easy,1,13036,Classification & Modeling
St7VKJfT2MTq,94,easy,1,13036,Classification & Modeling
St7VKJfT2MTq,95,easy,1,14461,Classification & Modeling
St7VKJfT2MTq,96,easy,1,12709,Classification & Modeling
St7VKJfT2MTq,97,easy,1,14454,Classification & Modeling
St7VKJfT2MTq,98,easy,1,12709,Classification & Modeling
St7VKJfT2MTq,99,easy,1,12709,Classification & Modeling
St7VKJfT2MTq,100,easy,0,15872,Classification & Modeling
St7VKJfT2MTq,101,easy,1,12709,Classification & Modeling
St7VKJfT2MTq,102,easy,1,14307,Classification & Modeling
St7VKJfT2MTq,103,hard,0,19306,Clustering & Unsupervised
St7VKJfT2MTq,104,easy,1,12143,Classification & Modeling
St7VKJfT2MTq,105,easy,1,15298,Classification & Modeling
St7VKJfT2MTq,106,easy,1,12607,Classification & Modeling
St7VKJfT2MTq,107,medium,0,29284,Classification & Modeling
St7VKJfT2MTq,108,medium,0,24970,Classification & Modeling
St7VKJfT2MTq,109,medium,0,26151,Classification & Modeling
St7VKJfT2MTq,110,easy,1,14307,Classification & Modeling
St7VKJfT2MTq,111,medium,1,25491,Classification & Modeling
St7VKJfT2MTq,112,easy,1,24533,Classification & Modeling
St7VKJfT2MTq,113,easy,1,16304,Classification & Modeling
St7VKJfT2MTq,114,easy,1,21334,Classification & Modeling
St7VKJfT2MTq,115,easy,0,19156,Classification & Modeling
St7VKJfT2MTq,116,easy,1,16638,Classification & Modeling
St7VKJfT2MTq,117,easy,1,12709,Classification & Modeling
St7VKJfT2MTq,118,hard,1,23867,Classification & Modeling
St7VKJfT2MTq,119,hard,0,25627,Classification & Modeling
St7VKJfT2MTq,120,easy,0,19480,Classification & Modeling
9xt9EeOQtcXZ,91,easy,1,16446,Classification & Modeling
9xt9EeOQtcXZ,92,easy,1,14378,Classification & Modeling
9xt9EeOQtcXZ,93,easy,1,14378,Classification & Modeling
9xt9EeOQtcXZ,94,easy,1,14378,Classification & Modeling
9xt9EeOQtcXZ,95,easy,1,15151,Classification & Modeling
9xt9EeOQtcXZ,96,easy,1,13726,Classification & Modeling
9xt9EeOQtcXZ,97,easy,1,15094,Classification & Modeling
9xt9EeOQtcXZ,98,easy,1,13726,Classification & Modeling
9xt9EeOQtcXZ,99,easy,1,13726,Classification & Modeling
9xt9EeOQtcXZ,100,easy,1,12891,Classification & Modeling
9xt9EeOQtcXZ,101,easy,1,13726,Classification & Modeling
9xt9EeOQtcXZ,102,easy,1,14941,Classification & Modeling
9xt9EeOQtcXZ,103,hard,1,21598,Clustering & Unsupervised
9xt9EeOQtcXZ,104,easy,1,12891,Classification & Modeling
9xt9EeOQtcXZ,105,easy,1,15721,Classification & Modeling
9xt9EeOQtcXZ,106,easy,1,13616,Classification & Modeling
9xt9EeOQtcXZ,107,medium,0,29250,Classification & Modeling
9xt9EeOQtcXZ,108,medium,1,21628,Classification & Modeling
9xt9EeOQtcXZ,109,medium,1,25861,Classification & Modeling
9xt9EeOQtcXZ,110,easy,1,14941,Classification & Modeling
9xt9EeOQtcXZ,111,medium,1,25461,Classification & Modeling
9xt9EeOQtcXZ,112,easy,1,24504,Classification & Modeling
9xt9EeOQtcXZ,113,easy,1,16446,Classification & Modeling
9xt9EeOQtcXZ,114,easy,1,21309,Classification & Modeling
9xt9EeOQtcXZ,115,easy,1,14941,Classification & Modeling
9xt9EeOQtcXZ,116,easy,1,16750,Classification & Modeling
9xt9EeOQtcXZ,117,easy,1,13726,Classification & Modeling
9xt9EeOQtcXZ,118,hard,0,22007,Classification & Modeling
9xt9EeOQtcXZ,119,hard,0,25597,Classification & Modeling
9xt9EeOQtcXZ,120,easy,1,15094,Classification & Modeling
RjR3B2X554Pn,91,easy,1,19135,Classification & Modeling
RjR3B2X554Pn,92,easy,1,14332,Classification & Modeling
RjR3B2X554Pn,93,easy,1,14332,Classification & Modeling
RjR3B2X554Pn,94,easy,1,14332,Classification & Modeling
RjR3B2X554Pn,95,easy,1,16430,Classification & Modeling
RjR3B2X554Pn,96,easy,1,13745,Classification & Modeling
RjR3B2X554Pn,97,easy,1,16689,Classification & Modeling
RjR3B2X554Pn,98,easy,1,13745,Classification & Modeling
RjR3B2X554Pn,99,easy,1,13745,Classification & Modeling
RjR3B2X554Pn,100,easy,1,13813,Classification & Modeling
RjR3B2X554Pn,101,easy,1,13745,Classification & Modeling
RjR3B2X554Pn,102,easy,0,18561,Classification & Modeling
RjR3B2X554Pn,103,hard,1,24270,Clustering & Unsupervised
RjR3B2X554Pn,104,easy,1,13813,Classification & Modeling
RjR3B2X554Pn,105,easy,1,17832,Classification & Modeling
RjR3B2X554Pn,106,easy,1,13635,Classification & Modeling
RjR3B2X554Pn,107,medium,1,33304,Classification & Modeling
RjR3B2X554Pn,108,medium,0,27427,Classification & Modeling
RjR3B2X554Pn,109,medium,0,28968,Classification & Modeling
RjR3B2X554Pn,110,easy,1,16550,Classification & Modeling
RjR3B2X554Pn,111,medium,1,30427,Classification & Modeling
RjR3B2X554Pn,112,easy,0,29711,Classification & Modeling
RjR3B2X554Pn,113,easy,0,22558,Classification & Modeling
RjR3B2X554Pn,114,easy,1,25712,Classification & Modeling
RjR3B2X554Pn,115,easy,0,18561,Classification & Modeling
RjR3B2X554Pn,116,easy,1,19528,Classification & Modeling
RjR3B2X554Pn,117,easy,1,13745,Classification & Modeling
RjR3B2X554Pn,118,hard,0,25041,Classification & Modeling
RjR3B2X554Pn,119,hard,1,30767,Classification & Modeling
RjR3B2X554Pn,120,easy,1,16689,Classification & Modeling
a9ej6jzpNOPn,91,easy,1,18300,Classification & Modeling
a9ej6jzpNOPn,92,easy,1,15659,Classification & Modeling
a9ej6jzpNOPn,93,easy,1,15659,Classification & Modeling
a9ej6jzpNOPn,94,easy,1,15659,Classification & Modeling
a9ej6jzpNOPn,95,easy,1,16485,Classification & Modeling
a9ej6jzpNOPn,96,easy,1,15115,Classification & Modeling
a9ej6jzpNOPn,97,easy,1,16384,Classification & Modeling
a9ej6jzpNOPn,98,easy,1,15115,Classification & Modeling
a9ej6jzpNOPn,99,easy,1,15115,Classification & Modeling
a9ej6jzpNOPn,100,easy,1,13990,Classification & Modeling
a9ej6jzpNOPn,101,easy,1,15115,Classification & Modeling
a9ej6jzpNOPn,102,easy,1,16245,Classification & Modeling
a9ej6jzpNOPn,103,hard,0,22801,Clustering & Unsupervised
a9ej6jzpNOPn,104,easy,1,13990,Classification & Modeling
a9ej6jzpNOPn,105,easy,1,17195,Classification & Modeling
a9ej6jzpNOPn,106,easy,0,22928,Classification & Modeling
a9ej6jzpNOPn,107,medium,0,38346,Classification & Modeling
a9ej6jzpNOPn,108,medium,1,25949,Classification & Modeling
a9ej6jzpNOPn,109,medium,0,31156,Classification & Modeling
a9ej6jzpNOPn,110,easy,1,16245,Classification & Modeling
a9ej6jzpNOPn,111,medium,1,30632,Classification & Modeling
a9ej6jzpNOPn,112,easy,1,28512,Classification & Modeling
a9ej6jzpNOPn,113,easy,0,24657,Classification & Modeling
a9ej6jzpNOPn,114,easy,0,31891,Classification & Modeling
a9ej6jzpNOPn,115,easy,1,16245,Classification & Modeling
a9ej6jzpNOPn,116,easy,1,18639,Classification & Modeling
a9ej6jzpNOPn,117,easy,1,15115,Classification & Modeling
a9ej6jzpNOPn,118,hard,0,26021,Classification & Modeling
a9ej6jzpNOPn,119,hard,0,30533,Classification & Modeling
a9ej6jzpNOPn,120,easy,1,16384,Classification & Modeling
vgAkx62M3oPn,91,easy,1,16911,Classification & Modeling
vgAkx62M3oPn,92,easy,1,14590,Classification & Modeling
vgAkx62M3oPn,93,easy,1,14590,Classification & Modeling
vgAkx62M3oPn,94,easy,1,14590,Classification & Modeling
vgAkx62M3oPn,95,easy,1,15374,Classification & Modeling
vgAkx62M3oPn,96,easy,1,13928,Classification & Modeling
vgAkx62M3oPn,97,easy,1,15280,Classification & Modeling
vgAkx62M3oPn,98,easy,1,13928,Classification & Modeling
vgAkx62M3oPn,99,easy,1,13928,Classification & Modeling
vgAkx62M3oPn,100,easy,1,13081,Classification & Modeling
vgAkx62M3oPn,101,easy,1,13928,Classification & Modeling
vgAkx62M3oPn,102,easy,0,20913,Classification & Modeling
vgAkx62M3oPn,103,hard,1,23948,Clustering & Unsupervised
vgAkx62M3oPn,104,easy,1,13081,Classification & Modeling
vgAkx62M3oPn,105,easy,1,16009,Classification & Modeling
vgAkx62M3oPn,106,easy,1,13817,Classification & Modeling
vgAkx62M3oPn,107,medium,0,35201,Classification & Modeling
vgAkx62M3oPn,108,medium,1,23732,Classification & Modeling
vgAkx62M3oPn,109,medium,1,28674,Classification & Modeling
vgAkx62M3oPn,110,easy,1,15124,Classification & Modeling
vgAkx62M3oPn,111,medium,1,28016,Classification & Modeling
vgAkx62M3oPn,112,easy,0,31121,Classification & Modeling
vgAkx62M3oPn,113,easy,0,22870,Classification & Modeling
vgAkx62M3oPn,114,easy,1,23383,Classification & Modeling
vgAkx62M3oPn,115,easy,1,15124,Classification & Modeling
vgAkx62M3oPn,116,easy,1,17223,Classification & Modeling
vgAkx62M3oPn,117,easy,1,13928,Classification & Modeling
vgAkx62M3oPn,118,hard,0,25132,Classification & Modeling
vgAkx62M3oPn,119,hard,0,29296,Classification & Modeling
vgAkx62M3oPn,120,easy,0,21267,Classification & Modeling
ylh73EEFQ8CD,91,easy,1,15439,Classification & Modeling
ylh73EEFQ8CD,92,easy,1,13612,Classification & Modeling
ylh73EEFQ8CD,93,easy,1,13612,Classification & Modeling
ylh73EEFQ8CD,94,easy,1,13612,Classification & Modeling
ylh73EEFQ8CD,95,easy,1,13947,Classification & Modeling
ylh73EEFQ8CD,96,easy,1,12233,Classification & Modeling
ylh73EEFQ8CD,97,easy,1,13824,Classification & Modeling
ylh73EEFQ8CD,98,easy,1,12233,Classification & Modeling
ylh73EEFQ8CD,99,easy,1,12233,Classification & Modeling
ylh73EEFQ8CD,100,easy,1,11929,Classification & Modeling
ylh73EEFQ8CD,101,easy,1,12233,Classification & Modeling
ylh73EEFQ8CD,102,easy,1,13647,Classification & Modeling
ylh73EEFQ8CD,103,hard,0,19758,Clustering & Unsupervised
ylh73EEFQ8CD,104,easy,1,11929,Classification & Modeling
ylh73EEFQ8CD,105,easy,1,14445,Classification & Modeling
ylh73EEFQ8CD,106,easy,1,12135,Classification & Modeling
ylh73EEFQ8CD,107,medium,1,27989,Classification & Modeling
ylh73EEFQ8CD,108,medium,1,21292,Classification & Modeling
ylh73EEFQ8CD,109,medium,0,27685,Classification & Modeling
ylh73EEFQ8CD,110,easy,1,13647,Classification & Modeling
ylh73EEFQ8CD,111,medium,0,30549,Classification & Modeling
ylh73EEFQ8CD,112,easy,1,23650,Classification & Modeling
ylh73EEFQ8CD,113,easy,1,15439,Classification & Modeling
ylh73EEFQ8CD,114,easy,1,20978,Classification & Modeling
ylh73EEFQ8CD,115,easy,1,13647,Classification & Modeling
ylh73EEFQ8CD,116,easy,1,15725,Classification & Modeling
ylh73EEFQ8CD,117,easy,1,12233,Classification & Modeling
ylh73EEFQ8CD,118,hard,0,22548,Classification & Modeling
ylh73EEFQ8CD,119,hard,0,27131,Classification & Modeling
ylh73EEFQ8CD,120,easy,1,13824,Classification & Modeling
tmTN8RB25aRn,91,easy,1,16742,Classification & Modeling
tmTN8RB25aRn,92,easy,1,14428,Classification & Modeling
tmTN8RB25aRn,93,easy,1,14428,Classification & Modeling
tmTN8RB25aRn,94,easy,1,14428,Classification & Modeling
tmTN8RB25aRn,95,easy,1,15084,Classification & Modeling
tmTN8RB25aRn,96,easy,1,13216,Classification & Modeling
tmTN8RB25aRn,97,easy,1,14951,Classification & Modeling
tmTN8RB25aRn,98,easy,1,13216,Classification & Modeling
tmTN8RB25aRn,99,easy,1,13216,Classification & Modeling
tmTN8RB25aRn,100,easy,1,12888,Classification & Modeling
tmTN8RB25aRn,101,easy,1,13216,Classification & Modeling
tmTN8RB25aRn,102,easy,1,14799,Classification & Modeling
tmTN8RB25aRn,103,hard,0,25844,Clustering & Unsupervised
tmTN8RB25aRn,104,easy,1,12888,Classification & Modeling
tmTN8RB25aRn,105,easy,1,15664,Classification & Modeling
tmTN8RB25aRn,106,easy,1,13110,Classification & Modeling
tmTN8RB25aRn,107,medium,0,36192,Classification & Modeling
tmTN8RB25aRn,108,medium,1,23371,Classification & Modeling
tmTN8RB25aRn,109,medium,0,33098,Classification & Modeling
tmTN8RB25aRn,110,easy,1,14799,Classification & Modeling
tmTN8RB25aRn,111,medium,1,27947,Classification & Modeling
tmTN8RB25aRn,112,easy,1,25780,Classification & Modeling
tmTN8RB25aRn,113,easy,1,16742,Classification & Modeling
tmTN8RB25aRn,114,easy,0,29782,Classification & Modeling
tmTN8RB25aRn,115,easy,1,14799,Classification & Modeling
tmTN8RB25aRn,116,easy,1,17052,Classification & Modeling
tmTN8RB25aRn,117,easy,1,13216,Classification & Modeling
tmTN8RB25aRn,118,hard,0,29269,Classification & Modeling
tmTN8RB25aRn,119,hard,0,32436,Classification & Modeling
tmTN8RB25aRn,120,easy,1,14951,Classification & Modeling
nWRIo9XQJBPf,91,easy,1,18300,Classification & Modeling
nWRIo9XQJBPf,92,easy,1,15659,Classification & Modeling
nWRIo9XQJBPf,93,easy,1,15659,Classification & Modeling
nWRIo9XQJBPf,94,easy,1,15659,Classification & Modeling
nWRIo9XQJBPf,95,easy,1,16485,Classification & Modeling
nWRIo9XQJBPf,96,easy,1,15115,Classification & Modeling
nWRIo9XQJBPf,97,easy,1,16384,Classification & Modeling
nWRIo9XQJBPf,98,easy,1,15115,Classification & Modeling
nWRIo9XQJBPf,99,easy,1,15115,Classification & Modeling
nWRIo9XQJBPf,100,easy,1,13990,Classification & Modeling
nWRIo9XQJBPf,101,easy,1,15115,Classification & Modeling
nWRIo9XQJBPf,102,easy,0,22379,Classification & Modeling
nWRIo9XQJBPf,103,hard,1,26278,Clustering & Unsupervised
nWRIo9XQJBPf,104,easy,1,13990,Classification & Modeling
nWRIo9XQJBPf,105,easy,0,23830,Classification & Modeling
nWRIo9XQJBPf,106,easy,1,14994,Classification & Modeling
nWRIo9XQJBPf,107,medium,1,33529,Classification & Modeling
nWRIo9XQJBPf,108,medium,0,32368,Classification & Modeling
nWRIo9XQJBPf,109,medium,0,31156,Classification & Modeling
nWRIo9XQJBPf,110,easy,1,16245,Classification & Modeling
nWRIo9XQJBPf,111,medium,1,30632,Classification & Modeling
nWRIo9XQJBPf,112,easy,1,28512,Classification & Modeling
nWRIo9XQJBPf,113,easy,1,18300,Classification & Modeling
nWRIo9XQJBPf,114,easy,0,31891,Classification & Modeling
nWRIo9XQJBPf,115,easy,1,16245,Classification & Modeling
nWRIo9XQJBPf,116,easy,1,18639,Classification & Modeling
nWRIo9XQJBPf,117,easy,1,15115,Classification & Modeling
nWRIo9XQJBPf,118,hard,1,30549,Classification & Modeling
nWRIo9XQJBPf,119,hard,0,30533,Classification & Modeling
nWRIo9XQJBPf,120,easy,1,16384,Classification & Modeling
QblvTIly9IZU,91,easy,1,17813,Classification & Modeling
QblvTIly9IZU,92,easy,1,13342,Classification & Modeling
QblvTIly9IZU,93,easy,1,13342,Classification & Modeling
QblvTIly9IZU,94,easy,1,13342,Classification & Modeling
QblvTIly9IZU,95,easy,0,17985,Classification & Modeling
QblvTIly9IZU,96,easy,1,12795,Classification & Modeling
QblvTIly9IZU,97,easy,1,15536,Classification & Modeling
QblvTIly9IZU,98,easy,1,12795,Classification & Modeling
QblvTIly9IZU,99,easy,0,16545,Classification & Modeling
QblvTIly9IZU,100,easy,0,14608,Classification & Modeling
QblvTIly9IZU,101,easy,1,12795,Classification & Modeling
QblvTIly9IZU,102,easy,0,18049,Classification & Modeling
QblvTIly9IZU,103,hard,0,19715,Clustering & Unsupervised
QblvTIly9IZU,104,easy,1,12774,Classification & Modeling
QblvTIly9IZU,105,easy,1,16600,Classification & Modeling
QblvTIly9IZU,106,easy,1,12693,Classification & Modeling
QblvTIly9IZU,107,medium,0,32093,Classification & Modeling
QblvTIly9IZU,108,medium,0,27276,Classification & Modeling
QblvTIly9IZU,109,medium,1,29424,Classification & Modeling
QblvTIly9IZU,110,easy,1,15407,Classification & Modeling
QblvTIly9IZU,111,medium,1,28970,Classification & Modeling
QblvTIly9IZU,112,easy,0,29548,Classification & Modeling
QblvTIly9IZU,113,easy,1,17813,Classification & Modeling
QblvTIly9IZU,114,easy,0,26875,Classification & Modeling
QblvTIly9IZU,115,easy,0,18049,Classification & Modeling
QblvTIly9IZU,116,easy,1,18179,Classification & Modeling
QblvTIly9IZU,117,easy,1,12795,Classification & Modeling
QblvTIly9IZU,118,hard,1,28236,Classification & Modeling
QblvTIly9IZU,119,hard,0,28232,Classification & Modeling
QblvTIly9IZU,120,easy,1,15536,Classification & Modeling
cn7NB6JfQDTq,91,easy,1,17590,Classification & Modeling
cn7NB6JfQDTq,92,easy,1,13046,Classification & Modeling
cn7NB6JfQDTq,93,easy,1,13046,Classification & Modeling
cn7NB6JfQDTq,94,easy,1,13046,Classification & Modeling
cn7NB6JfQDTq,95,easy,1,15104,Classification & Modeling
cn7NB6JfQDTq,96,easy,1,12635,Classification & Modeling
cn7NB6JfQDTq,97,easy,1,15341,Classification & Modeling
cn7NB6JfQDTq,98,easy,1,12635,Classification & Modeling
cn7NB6JfQDTq,99,easy,1,12635,Classification & Modeling
cn7NB6JfQDTq,100,easy,1,12614,Classification & Modeling
cn7NB6JfQDTq,101,easy,1,12635,Classification & Modeling
cn7NB6JfQDTq,102,easy,1,15214,Classification & Modeling
cn7NB6JfQDTq,103,hard,1,22236,Clustering & Unsupervised
cn7NB6JfQDTq,104,easy,1,12614,Classification & Modeling
cn7NB6JfQDTq,105,easy,1,16392,Classification & Modeling
cn7NB6JfQDTq,106,easy,1,12534,Classification & Modeling
cn7NB6JfQDTq,107,medium,1,31149,Classification & Modeling
cn7NB6JfQDTq,108,medium,1,24535,Classification & Modeling
cn7NB6JfQDTq,109,medium,0,28809,Classification & Modeling
cn7NB6JfQDTq,110,easy,1,15214,Classification & Modeling
cn7NB6JfQDTq,111,medium,0,29688,Classification & Modeling
cn7NB6JfQDTq,112,easy,0,29548,Classification & Modeling
cn7NB6JfQDTq,113,easy,1,17590,Classification & Modeling
cn7NB6JfQDTq,114,easy,1,24174,Classification & Modeling
cn7NB6JfQDTq,115,easy,1,15214,Classification & Modeling
cn7NB6JfQDTq,116,easy,1,17951,Classification & Modeling
cn7NB6JfQDTq,117,easy,1,12635,Classification & Modeling
cn7NB6JfQDTq,118,hard,0,24268,Classification & Modeling
cn7NB6JfQDTq,119,hard,0,28232,Classification & Modeling
cn7NB6JfQDTq,120,easy,1,15341,Classification & Modeling
AG7urKue7Fzv,91,easy,1,25712,Classification & Modeling
AG7urKue7Fzv,92,easy,0,26302,Classification & Modeling
AG7urKue7Fzv,93,easy,1,22001,Classification & Modeling
AG7urKue7Fzv,94,easy,1,22001,Classification & Modeling
AG7urKue7Fzv,95,easy,1,23161,Classification & Modeling
AG7urKue7Fzv,96,easy,1,21236,Classification & Modeling
AG7urKue7Fzv,97,easy,1,23019,Classification & Modeling
AG7urKue7Fzv,98,easy,1,21236,Classification & Modeling
AG7urKue7Fzv,99,easy,1,21236,Classification & Modeling
AG7urKue7Fzv,100,easy,1,19656,Classification & Modeling
AG7urKue7Fzv,101,easy,1,21236,Classification & Modeling
AG7urKue7Fzv,102,easy,1,22825,Classification & Modeling
AG7urKue7Fzv,103,hard,1,33971,Clustering & Unsupervised
AG7urKue7Fzv,104,easy,1,19656,Classification & Modeling
AG7urKue7Fzv,105,easy,1,24159,Classification & Modeling
AG7urKue7Fzv,106,easy,1,21066,Classification & Modeling
AG7urKue7Fzv,107,medium,1,42815,Classification & Modeling
AG7urKue7Fzv,108,medium,0,41094,Classification & Modeling
AG7urKue7Fzv,109,medium,1,40379,Classification & Modeling
AG7urKue7Fzv,110,easy,1,22825,Classification & Modeling
AG7urKue7Fzv,111,medium,1,39117,Classification & Modeling
AG7urKue7Fzv,112,easy,1,37870,Classification & Modeling
AG7urKue7Fzv,113,easy,1,25712,Classification & Modeling
AG7urKue7Fzv,114,easy,0,40489,Classification & Modeling
AG7urKue7Fzv,115,easy,1,22825,Classification & Modeling
AG7urKue7Fzv,116,easy,1,26187,Classification & Modeling
AG7urKue7Fzv,117,easy,1,21236,Classification & Modeling
AG7urKue7Fzv,118,hard,0,30738,Classification & Modeling
AG7urKue7Fzv,119,hard,0,36410,Classification & Modeling
AG7urKue7Fzv,120,easy,1,23019,Classification & Modeling
PgdsGKsedBAl,91,easy,1,16003,Classification & Modeling
PgdsGKsedBAl,92,easy,1,11875,Classification & Modeling
PgdsGKsedBAl,93,easy,1,11875,Classification & Modeling
PgdsGKsedBAl,94,easy,1,11875,Classification & Modeling
PgdsGKsedBAl,95,easy,0,17223,Classification & Modeling
PgdsGKsedBAl,96,easy,1,11424,Classification & Modeling
PgdsGKsedBAl,97,easy,1,13983,Classification & Modeling
PgdsGKsedBAl,98,easy,1,11424,Classification & Modeling
PgdsGKsedBAl,99,easy,1,11424,Classification & Modeling
PgdsGKsedBAl,100,easy,1,11552,Classification & Modeling
PgdsGKsedBAl,101,easy,1,11424,Classification & Modeling
PgdsGKsedBAl,102,easy,1,13841,Classification & Modeling
PgdsGKsedBAl,103,hard,0,18950,Clustering & Unsupervised
PgdsGKsedBAl,104,easy,1,11552,Classification & Modeling
PgdsGKsedBAl,105,easy,1,14913,Classification & Modeling
PgdsGKsedBAl,106,easy,1,11333,Classification & Modeling
PgdsGKsedBAl,107,medium,0,28744,Classification & Modeling
PgdsGKsedBAl,108,medium,1,21253,Classification & Modeling
PgdsGKsedBAl,109,medium,1,25413,Classification & Modeling
PgdsGKsedBAl,110,easy,0,16977,Classification & Modeling
PgdsGKsedBAl,111,medium,0,26452,Classification & Modeling
PgdsGKsedBAl,112,easy,0,27565,Classification & Modeling
PgdsGKsedBAl,113,easy,1,16003,Classification & Modeling
PgdsGKsedBAl,114,easy,1,20940,Classification & Modeling
PgdsGKsedBAl,115,easy,1,13841,Classification & Modeling
PgdsGKsedBAl,116,easy,1,16332,Classification & Modeling
PgdsGKsedBAl,117,easy,1,11424,Classification & Modeling
PgdsGKsedBAl,118,hard,0,21627,Classification & Modeling
PgdsGKsedBAl,119,hard,1,25300,Classification & Modeling
PgdsGKsedBAl,120,easy,1,13983,Classification & Modeling
R8OVhINU7nka,91,easy,1,16911,Classification & Modeling
R8OVhINU7nka,92,easy,1,14590,Classification & Modeling
R8OVhINU7nka,93,easy,1,14590,Classification & Modeling
R8OVhINU7nka,94,easy,1,14590,Classification & Modeling
R8OVhINU7nka,95,easy,1,15374,Classification & Modeling
R8OVhINU7nka,96,easy,1,13928,Classification & Modeling
R8OVhINU7nka,97,easy,1,15280,Classification & Modeling
R8OVhINU7nka,98,easy,1,13928,Classification & Modeling
R8OVhINU7nka,99,easy,1,13928,Classification & Modeling
R8OVhINU7nka,100,easy,1,13081,Classification & Modeling
R8OVhINU7nka,101,easy,1,13928,Classification & Modeling
R8OVhINU7nka,102,easy,1,15124,Classification & Modeling
R8OVhINU7nka,103,hard,0,22022,Clustering & Unsupervised
R8OVhINU7nka,104,easy,1,13081,Classification & Modeling
R8OVhINU7nka,105,easy,1,16009,Classification & Modeling
R8OVhINU7nka,106,easy,1,13817,Classification & Modeling
R8OVhINU7nka,107,medium,0,35201,Classification & Modeling
R8OVhINU7nka,108,medium,1,23732,Classification & Modeling
R8OVhINU7nka,109,medium,1,28674,Classification & Modeling
R8OVhINU7nka,110,easy,0,20913,Classification & Modeling
R8OVhINU7nka,111,medium,0,32394,Classification & Modeling
R8OVhINU7nka,112,easy,0,31121,Classification & Modeling
R8OVhINU7nka,113,easy,1,16911,Classification & Modeling
R8OVhINU7nka,114,easy,1,23383,Classification & Modeling
R8OVhINU7nka,115,easy,1,15124,Classification & Modeling
R8OVhINU7nka,116,easy,0,22742,Classification & Modeling
R8OVhINU7nka,117,easy,1,13928,Classification & Modeling
R8OVhINU7nka,118,hard,0,25132,Classification & Modeling
R8OVhINU7nka,119,hard,1,28547,Classification & Modeling
R8OVhINU7nka,120,easy,1,15280,Classification & Modeling
BOOMKrcykzvF,91,easy,0,15511,Classification & Modeling
BOOMKrcykzvF,92,easy,1,10455,Classification & Modeling
BOOMKrcykzvF,93,easy,1,10455,Classification & Modeling
BOOMKrcykzvF,94,easy,1,10455,Classification & Modeling
BOOMKrcykzvF,95,easy,0,14164,Classification & Modeling
BOOMKrcykzvF,96,easy,1,10143,Classification & Modeling
BOOMKrcykzvF,97,easy,1,13263,Classification & Modeling
BOOMKrcykzvF,98,easy,0,12503,Classification & Modeling
BOOMKrcykzvF,99,easy,0,12503,Classification & Modeling
BOOMKrcykzvF,100,easy,1,10916,Classification & Modeling
BOOMKrcykzvF,101,easy,1,10143,Classification & Modeling
BOOMKrcykzvF,102,easy,1,13153,Classification & Modeling
BOOMKrcykzvF,103,hard,0,15594,Clustering & Unsupervised
BOOMKrcykzvF,104,easy,1,10916,Classification & Modeling
BOOMKrcykzvF,105,easy,0,14701,Classification & Modeling
BOOMKrcykzvF,106,easy,1,10427,Classification & Modeling
BOOMKrcykzvF,107,medium,1,25210,Classification & Modeling
BOOMKrcykzvF,108,medium,1,19784,Classification & Modeling
BOOMKrcykzvF,109,medium,0,18819,Classification & Modeling
BOOMKrcykzvF,110,easy,0,14038,Classification & Modeling
BOOMKrcykzvF,111,medium,0,19350,Classification & Modeling
BOOMKrcykzvF,112,easy,1,19044,Classification & Modeling
BOOMKrcykzvF,113,easy,1,14219,Classification & Modeling
BOOMKrcykzvF,114,easy,1,19383,Classification & Modeling
BOOMKrcykzvF,115,easy,0,14038,Classification & Modeling
BOOMKrcykzvF,116,easy,0,15424,Classification & Modeling
BOOMKrcykzvF,117,easy,1,10143,Classification & Modeling
BOOMKrcykzvF,118,hard,0,15332,Classification & Modeling
BOOMKrcykzvF,119,hard,0,18442,Classification & Modeling
BOOMKrcykzvF,120,easy,0,14249,Classification & Modeling
sCNAQlTJzusQ,91,easy,1,16003,Classification & Modeling
sCNAQlTJzusQ,92,easy,1,11875,Classification & Modeling
sCNAQlTJzusQ,93,easy,1,11875,Classification & Modeling
sCNAQlTJzusQ,94,easy,1,11875,Classification & Modeling
sCNAQlTJzusQ,95,easy,1,13990,Classification & Modeling
sCNAQlTJzusQ,96,easy,1,11424,Classification & Modeling
sCNAQlTJzusQ,97,easy,1,13983,Classification & Modeling
sCNAQlTJzusQ,98,easy,1,11424,Classification & Modeling
sCNAQlTJzusQ,99,easy,1,11424,Classification & Modeling
sCNAQlTJzusQ,100,easy,1,11552,Classification & Modeling
sCNAQlTJzusQ,101,easy,1,11424,Classification & Modeling
sCNAQlTJzusQ,102,easy,1,13841,Classification & Modeling
sCNAQlTJzusQ,103,hard,0,18950,Clustering & Unsupervised
sCNAQlTJzusQ,104,easy,1,11552,Classification & Modeling
sCNAQlTJzusQ,105,easy,1,14913,Classification & Modeling
sCNAQlTJzusQ,106,easy,1,11333,Classification & Modeling
sCNAQlTJzusQ,107,medium,0,28744,Classification & Modeling
sCNAQlTJzusQ,108,medium,1,21253,Classification & Modeling
sCNAQlTJzusQ,109,medium,1,25413,Classification & Modeling
sCNAQlTJzusQ,110,easy,0,16977,Classification & Modeling
sCNAQlTJzusQ,111,medium,0,26452,Classification & Modeling
sCNAQlTJzusQ,112,easy,1,24080,Classification & Modeling
sCNAQlTJzusQ,113,easy,1,16003,Classification & Modeling
sCNAQlTJzusQ,114,easy,0,24148,Classification & Modeling
sCNAQlTJzusQ,115,easy,1,13841,Classification & Modeling
sCNAQlTJzusQ,116,easy,0,20840,Classification & Modeling
sCNAQlTJzusQ,117,easy,1,11424,Classification & Modeling
sCNAQlTJzusQ,118,hard,0,21627,Classification & Modeling
sCNAQlTJzusQ,119,hard,1,25300,Classification & Modeling
sCNAQlTJzusQ,120,easy,1,13983,Classification & Modeling
jkDHRLkdOO06,121,easy,1,14532,Classification & Modeling
jkDHRLkdOO06,122,hard,0,32490,Rules & Patterns
jkDHRLkdOO06,123,easy,1,14678,Rules & Patterns
jkDHRLkdOO06,124,easy,1,14339,Rules & Patterns
jkDHRLkdOO06,125,easy,1,14532,Rules & Patterns
jkDHRLkdOO06,126,easy,1,18130,Rules & Patterns
jkDHRLkdOO06,127,medium,1,29208,Rules & Patterns
jkDHRLkdOO06,128,easy,1,19809,Rules & Patterns
jkDHRLkdOO06,129,easy,1,14678,Rules & Patterns
jkDHRLkdOO06,130,easy,1,12991,Rules & Patterns
jkDHRLkdOO06,131,easy,1,14026,Clustering & Unsupervised
jkDHRLkdOO06,132,easy,1,20706,Rules & Patterns
jkDHRLkdOO06,133,easy,1,20936,Rules & Patterns
jkDHRLkdOO06,134,medium,0,31584,Rules & Patterns
jkDHRLkdOO06,135,easy,1,12991,Rules & Patterns
jkDHRLkdOO06,136,easy,1,16983,Rules & Patterns
jkDHRLkdOO06,137,easy,1,14339,Rules & Patterns
jkDHRLkdOO06,138,easy,1,14532,Rules & Patterns
jkDHRLkdOO06,139,easy,1,15298,Rules & Patterns
jkDHRLkdOO06,140,easy,1,12991,Rules & Patterns
jkDHRLkdOO06,141,easy,1,14532,Data & Features
jkDHRLkdOO06,142,easy,1,16983,Rules & Patterns
jkDHRLkdOO06,143,easy,1,15298,Rules & Patterns
jkDHRLkdOO06,144,easy,1,18130,Data & Features
jkDHRLkdOO06,145,hard,0,27974,Data & Features
jkDHRLkdOO06,146,easy,1,20880,Rules & Patterns
jkDHRLkdOO06,147,medium,1,28904,Misc / Tools
jkDHRLkdOO06,148,medium,1,29208,Rules & Patterns
jkDHRLkdOO06,149,easy,1,24033,Rules & Patterns
jkDHRLkdOO06,150,easy,1,16439,Rules & Patterns
cCanr1FJP4WP,121,easy,1,14532,Classification & Modeling
cCanr1FJP4WP,122,hard,0,32490,Rules & Patterns
cCanr1FJP4WP,123,easy,1,14678,Rules & Patterns
cCanr1FJP4WP,124,easy,1,14339,Rules & Patterns
cCanr1FJP4WP,125,easy,1,14532,Rules & Patterns
cCanr1FJP4WP,126,easy,1,18130,Rules & Patterns
cCanr1FJP4WP,127,medium,1,29208,Rules & Patterns
cCanr1FJP4WP,128,easy,1,19809,Rules & Patterns
cCanr1FJP4WP,129,easy,1,14678,Rules & Patterns
cCanr1FJP4WP,130,easy,1,12991,Rules & Patterns
cCanr1FJP4WP,131,easy,1,14026,Clustering & Unsupervised
cCanr1FJP4WP,132,easy,1,20706,Rules & Patterns
cCanr1FJP4WP,133,easy,1,20936,Rules & Patterns
cCanr1FJP4WP,134,medium,0,31584,Rules & Patterns
cCanr1FJP4WP,135,easy,1,12991,Rules & Patterns
cCanr1FJP4WP,136,easy,1,16983,Rules & Patterns
cCanr1FJP4WP,137,easy,1,14339,Rules & Patterns
cCanr1FJP4WP,138,easy,1,14532,Rules & Patterns
cCanr1FJP4WP,139,easy,1,15298,Rules & Patterns
cCanr1FJP4WP,140,easy,1,12991,Rules & Patterns
cCanr1FJP4WP,141,easy,1,14532,Data & Features
cCanr1FJP4WP,142,easy,1,16983,Rules & Patterns
cCanr1FJP4WP,143,easy,1,15298,Rules & Patterns
cCanr1FJP4WP,144,easy,1,18130,Data & Features
cCanr1FJP4WP,145,hard,0,27974,Data & Features
cCanr1FJP4WP,146,easy,1,20880,Rules & Patterns
cCanr1FJP4WP,147,medium,1,28904,Misc / Tools
cCanr1FJP4WP,148,medium,1,29208,Rules & Patterns
cCanr1FJP4WP,149,easy,1,24033,Rules & Patterns
cCanr1FJP4WP,150,easy,1,16439,Rules & Patterns
P76XnTmOjZzU,121,easy,1,15659,Classification & Modeling
P76XnTmOjZzU,122,hard,0,34377,Rules & Patterns
P76XnTmOjZzU,123,easy,1,15817,Rules & Patterns
P76XnTmOjZzU,124,easy,1,15451,Rules & Patterns
P76XnTmOjZzU,125,easy,1,15659,Rules & Patterns
P76XnTmOjZzU,126,easy,1,19536,Rules & Patterns
P76XnTmOjZzU,127,medium,1,31474,Rules & Patterns
P76XnTmOjZzU,128,easy,1,21346,Rules & Patterns
P76XnTmOjZzU,129,easy,1,15817,Rules & Patterns
P76XnTmOjZzU,130,easy,1,13999,Rules & Patterns
P76XnTmOjZzU,131,easy,1,15115,Clustering & Unsupervised
P76XnTmOjZzU,132,easy,1,22313,Rules & Patterns
P76XnTmOjZzU,133,easy,1,22560,Rules & Patterns
P76XnTmOjZzU,134,medium,0,33419,Rules & Patterns
P76XnTmOjZzU,135,easy,1,13999,Rules & Patterns
P76XnTmOjZzU,136,easy,1,18300,Rules & Patterns
P76XnTmOjZzU,137,easy,1,15451,Rules & Patterns
P76XnTmOjZzU,138,easy,1,15659,Rules & Patterns
P76XnTmOjZzU,139,easy,1,16485,Rules & Patterns
P76XnTmOjZzU,140,easy,1,13999,Rules & Patterns
P76XnTmOjZzU,141,easy,1,15659,Data & Features
P76XnTmOjZzU,142,easy,1,18300,Rules & Patterns
P76XnTmOjZzU,143,easy,1,16485,Rules & Patterns
P76XnTmOjZzU,144,easy,1,19536,Data & Features
P76XnTmOjZzU,145,hard,0,29881,Data & Features
P76XnTmOjZzU,146,easy,1,22500,Rules & Patterns
P76XnTmOjZzU,147,medium,1,31146,Misc / Tools
P76XnTmOjZzU,148,medium,1,31474,Rules & Patterns
P76XnTmOjZzU,149,easy,1,25897,Rules & Patterns
P76XnTmOjZzU,150,easy,1,17714,Rules & Patterns
m7l9wOWJlnvS,121,easy,1,14532,Classification & Modeling
m7l9wOWJlnvS,122,hard,0,32490,Rules & Patterns
m7l9wOWJlnvS,123,easy,1,14678,Rules & Patterns
m7l9wOWJlnvS,124,easy,1,14339,Rules & Patterns
m7l9wOWJlnvS,125,easy,1,14532,Rules & Patterns
m7l9wOWJlnvS,126,easy,1,18130,Rules & Patterns
m7l9wOWJlnvS,127,medium,1,29208,Rules & Patterns
m7l9wOWJlnvS,128,easy,1,19809,Rules & Patterns
m7l9wOWJlnvS,129,easy,1,14678,Rules & Patterns
m7l9wOWJlnvS,130,easy,1,12991,Rules & Patterns
m7l9wOWJlnvS,131,easy,1,14026,Clustering & Unsupervised
m7l9wOWJlnvS,132,easy,1,20706,Rules & Patterns
m7l9wOWJlnvS,133,easy,1,20936,Rules & Patterns
m7l9wOWJlnvS,134,medium,0,31584,Rules & Patterns
m7l9wOWJlnvS,135,easy,1,12991,Rules & Patterns
m7l9wOWJlnvS,136,easy,1,16983,Rules & Patterns
m7l9wOWJlnvS,137,easy,1,14339,Rules & Patterns
m7l9wOWJlnvS,138,easy,1,14532,Rules & Patterns
m7l9wOWJlnvS,139,easy,1,15298,Rules & Patterns
m7l9wOWJlnvS,140,easy,1,12991,Rules & Patterns
m7l9wOWJlnvS,141,easy,1,14532,Data & Features
m7l9wOWJlnvS,142,easy,1,16983,Rules & Patterns
m7l9wOWJlnvS,143,easy,1,15298,Rules & Patterns
m7l9wOWJlnvS,144,easy,1,18130,Data & Features
m7l9wOWJlnvS,145,hard,0,27974,Data & Features
m7l9wOWJlnvS,146,easy,1,20880,Rules & Patterns
m7l9wOWJlnvS,147,medium,1,28904,Misc / Tools
m7l9wOWJlnvS,148,medium,1,29208,Rules & Patterns
m7l9wOWJlnvS,149,easy,1,24033,Rules & Patterns
m7l9wOWJlnvS,150,easy,1,16439,Rules & Patterns
d5279GvwAinX,121,easy,1,11845,Classification & Modeling
d5279GvwAinX,122,hard,0,28304,Rules & Patterns
d5279GvwAinX,123,easy,1,14027,Rules & Patterns
d5279GvwAinX,124,easy,1,13703,Rules & Patterns
d5279GvwAinX,125,easy,1,11845,Rules & Patterns
d5279GvwAinX,126,easy,1,17839,Rules & Patterns
d5279GvwAinX,127,medium,1,27546,Rules & Patterns
d5279GvwAinX,128,easy,0,20569,Rules & Patterns
d5279GvwAinX,129,easy,0,15575,Rules & Patterns
d5279GvwAinX,130,easy,1,10009,Rules & Patterns
d5279GvwAinX,131,easy,1,11492,Clustering & Unsupervised
d5279GvwAinX,132,easy,1,20275,Rules & Patterns
d5279GvwAinX,133,easy,0,21936,Rules & Patterns
d5279GvwAinX,134,medium,0,25034,Rules & Patterns
d5279GvwAinX,135,easy,1,10009,Rules & Patterns
d5279GvwAinX,136,easy,1,16782,Rules & Patterns
d5279GvwAinX,137,easy,1,13703,Rules & Patterns
d5279GvwAinX,138,easy,1,11845,Rules & Patterns
d5279GvwAinX,139,easy,1,14430,Rules & Patterns
d5279GvwAinX,140,easy,1,10009,Rules & Patterns
d5279GvwAinX,141,easy,1,11845,Data & Features
d5279GvwAinX,142,easy,1,16782,Rules & Patterns
d5279GvwAinX,143,easy,1,14430,Rules & Patterns
d5279GvwAinX,144,easy,0,19476,Data & Features
d5279GvwAinX,145,hard,0,21420,Data & Features
d5279GvwAinX,146,easy,0,21878,Rules & Patterns
d5279GvwAinX,147,medium,0,26640,Misc / Tools
d5279GvwAinX,148,medium,1,27546,Rules & Patterns
d5279GvwAinX,149,easy,1,22622,Rules & Patterns
d5279GvwAinX,150,easy,0,18684,Rules & Patterns
IWu147zvpRWb,121,easy,1,11841,Classification & Modeling
IWu147zvpRWb,122,hard,1,30885,Rules & Patterns
IWu147zvpRWb,123,easy,1,13643,Rules & Patterns
IWu147zvpRWb,124,easy,1,13327,Rules & Patterns
IWu147zvpRWb,125,easy,1,11841,Rules & Patterns
IWu147zvpRWb,126,easy,1,18076,Rules & Patterns
IWu147zvpRWb,127,medium,0,30068,Rules & Patterns
IWu147zvpRWb,128,easy,1,19759,Rules & Patterns
IWu147zvpRWb,129,easy,0,15506,Rules & Patterns
IWu147zvpRWb,130,easy,1,10561,Rules & Patterns
IWu147zvpRWb,131,easy,0,15000,Clustering & Unsupervised
IWu147zvpRWb,132,easy,1,20653,Rules & Patterns
IWu147zvpRWb,133,easy,1,20882,Rules & Patterns
IWu147zvpRWb,134,medium,0,26988,Rules & Patterns
IWu147zvpRWb,135,easy,1,10561,Rules & Patterns
IWu147zvpRWb,136,easy,1,16775,Rules & Patterns
IWu147zvpRWb,137,easy,1,13327,Rules & Patterns
IWu147zvpRWb,138,easy,1,11841,Rules & Patterns
IWu147zvpRWb,139,easy,1,14404,Rules & Patterns
IWu147zvpRWb,140,easy,1,10561,Rules & Patterns
IWu147zvpRWb,141,easy,1,11841,Data & Features
IWu147zvpRWb,142,easy,1,16775,Rules & Patterns
IWu147zvpRWb,143,easy,1,14404,Rules & Patterns
IWu147zvpRWb,144,easy,1,18076,Data & Features
IWu147zvpRWb,145,hard,0,23923,Data & Features
IWu147zvpRWb,146,easy,1,20827,Rules & Patterns
IWu147zvpRWb,147,medium,1,28022,Misc / Tools
IWu147zvpRWb,148,medium,0,30068,Rules & Patterns
IWu147zvpRWb,149,easy,1,23830,Rules & Patterns
IWu147zvpRWb,150,easy,1,16214,Rules & Patterns
W0EkQhrkI3an,121,easy,1,10621,Classification & Modeling
W0EkQhrkI3an,122,hard,0,25076,Rules & Patterns
W0EkQhrkI3an,123,easy,1,11682,Rules & Patterns
W0EkQhrkI3an,124,easy,1,11412,Rules & Patterns
W0EkQhrkI3an,125,easy,1,10621,Rules & Patterns
W0EkQhrkI3an,126,easy,1,15310,Rules & Patterns
W0EkQhrkI3an,127,medium,0,23916,Rules & Patterns
W0EkQhrkI3an,128,easy,1,16729,Rules & Patterns
W0EkQhrkI3an,129,easy,1,11682,Rules & Patterns
W0EkQhrkI3an,130,easy,1,9393,Rules & Patterns
W0EkQhrkI3an,131,easy,1,10218,Clustering & Unsupervised
W0EkQhrkI3an,132,easy,0,20122,Rules & Patterns
W0EkQhrkI3an,133,easy,0,20239,Rules & Patterns
W0EkQhrkI3an,134,medium,0,22179,Rules & Patterns
W0EkQhrkI3an,135,easy,1,9393,Rules & Patterns
W0EkQhrkI3an,136,easy,1,14398,Rules & Patterns
W0EkQhrkI3an,137,easy,1,11412,Rules & Patterns
W0EkQhrkI3an,138,easy,1,10621,Rules & Patterns
W0EkQhrkI3an,139,easy,1,12156,Rules & Patterns
W0EkQhrkI3an,140,easy,1,9393,Rules & Patterns
W0EkQhrkI3an,141,easy,1,10621,Data & Features
W0EkQhrkI3an,142,easy,1,14398,Rules & Patterns
W0EkQhrkI3an,143,easy,1,12156,Rules & Patterns
W0EkQhrkI3an,144,easy,1,15310,Data & Features
W0EkQhrkI3an,145,hard,0,19480,Data & Features
W0EkQhrkI3an,146,easy,0,20185,Rules & Patterns
W0EkQhrkI3an,147,medium,0,23641,Misc / Tools
W0EkQhrkI3an,148,medium,1,22622,Rules & Patterns
W0EkQhrkI3an,149,easy,0,21722,Rules & Patterns
W0EkQhrkI3an,150,easy,1,13917,Rules & Patterns
w1PmKgj9FomZ,121,easy,1,14796,Classification & Modeling
w1PmKgj9FomZ,122,hard,0,33085,Rules & Patterns
w1PmKgj9FomZ,123,easy,1,14945,Rules & Patterns
w1PmKgj9FomZ,124,easy,1,14600,Rules & Patterns
w1PmKgj9FomZ,125,easy,1,14796,Rules & Patterns
w1PmKgj9FomZ,126,easy,1,18460,Rules & Patterns
w1PmKgj9FomZ,127,medium,1,29739,Rules & Patterns
w1PmKgj9FomZ,128,easy,1,20170,Rules & Patterns
w1PmKgj9FomZ,129,easy,1,14945,Rules & Patterns
w1PmKgj9FomZ,130,easy,1,13228,Rules & Patterns
w1PmKgj9FomZ,131,easy,1,14282,Clustering & Unsupervised
w1PmKgj9FomZ,132,easy,1,21083,Rules & Patterns
w1PmKgj9FomZ,133,easy,0,25622,Rules & Patterns
w1PmKgj9FomZ,134,medium,0,32162,Rules & Patterns
w1PmKgj9FomZ,135,easy,1,13228,Rules & Patterns
w1PmKgj9FomZ,136,easy,1,17292,Rules & Patterns
w1PmKgj9FomZ,137,easy,1,14600,Rules & Patterns
w1PmKgj9FomZ,138,easy,1,14796,Rules & Patterns
w1PmKgj9FomZ,139,easy,1,15576,Rules & Patterns
w1PmKgj9FomZ,140,easy,1,13228,Rules & Patterns
w1PmKgj9FomZ,141,easy,1,14796,Data & Features
w1PmKgj9FomZ,142,easy,1,17292,Rules & Patterns
w1PmKgj9FomZ,143,easy,1,15576,Rules & Patterns
w1PmKgj9FomZ,144,easy,1,18460,Data & Features
w1PmKgj9FomZ,145,hard,0,28757,Data & Features
w1PmKgj9FomZ,146,easy,1,21260,Rules & Patterns
w1PmKgj9FomZ,147,medium,0,34281,Misc / Tools
w1PmKgj9FomZ,148,medium,1,29739,Rules & Patterns
w1PmKgj9FomZ,149,easy,1,24470,Rules & Patterns
w1PmKgj9FomZ,150,easy,1,16738,Rules & Patterns
7VLP2mvnxjRS,121,easy,1,13036,Classification & Modeling
7VLP2mvnxjRS,122,hard,0,28854,Rules & Patterns
7VLP2mvnxjRS,123,easy,1,13729,Rules & Patterns
7VLP2mvnxjRS,124,easy,1,13412,Rules & Patterns
7VLP2mvnxjRS,125,easy,1,13036,Rules & Patterns
7VLP2mvnxjRS,126,easy,0,21327,Rules & Patterns
7VLP2mvnxjRS,127,medium,0,27689,Rules & Patterns
7VLP2mvnxjRS,128,easy,1,18854,Rules & Patterns
7VLP2mvnxjRS,129,easy,1,13729,Rules & Patterns
7VLP2mvnxjRS,130,easy,1,11771,Rules & Patterns
7VLP2mvnxjRS,131,easy,1,12709,Clustering & Unsupervised
7VLP2mvnxjRS,132,easy,1,19708,Rules & Patterns
7VLP2mvnxjRS,133,easy,0,22810,Rules & Patterns
7VLP2mvnxjRS,134,medium,1,24918,Rules & Patterns
7VLP2mvnxjRS,135,easy,1,11771,Rules & Patterns
7VLP2mvnxjRS,136,easy,1,16304,Rules & Patterns
7VLP2mvnxjRS,137,easy,1,13412,Rules & Patterns
7VLP2mvnxjRS,138,easy,1,13036,Rules & Patterns
7VLP2mvnxjRS,139,easy,1,14461,Rules & Patterns
7VLP2mvnxjRS,140,easy,1,11771,Rules & Patterns
7VLP2mvnxjRS,141,easy,1,13036,Data & Features
7VLP2mvnxjRS,142,easy,1,16304,Rules & Patterns
7VLP2mvnxjRS,143,easy,1,14461,Rules & Patterns
7VLP2mvnxjRS,144,easy,0,21327,Data & Features
7VLP2mvnxjRS,145,hard,0,23041,Data & Features
7VLP2mvnxjRS,146,easy,0,22749,Rules & Patterns
7VLP2mvnxjRS,147,medium,1,25918,Misc / Tools
7VLP2mvnxjRS,148,medium,1,26191,Rules & Patterns
7VLP2mvnxjRS,149,easy,1,21830,Rules & Patterns
7VLP2mvnxjRS,150,easy,1,15759,Rules & Patterns
St7VKJfT2MTq,121,easy,1,13036,Classification & Modeling
St7VKJfT2MTq,122,hard,1,28567,Rules & Patterns
St7VKJfT2MTq,123,easy,1,13729,Rules & Patterns
St7VKJfT2MTq,124,easy,1,13412,Rules & Patterns
St7VKJfT2MTq,125,easy,1,13036,Rules & Patterns
St7VKJfT2MTq,126,easy,1,17255,Rules & Patterns
St7VKJfT2MTq,127,medium,0,27689,Rules & Patterns
St7VKJfT2MTq,128,easy,1,18854,Rules & Patterns
St7VKJfT2MTq,129,easy,1,13729,Rules & Patterns
St7VKJfT2MTq,130,easy,1,11771,Rules & Patterns
St7VKJfT2MTq,131,easy,1,12709,Clustering & Unsupervised
St7VKJfT2MTq,132,easy,1,19708,Rules & Patterns
St7VKJfT2MTq,133,easy,1,19926,Rules & Patterns
St7VKJfT2MTq,134,medium,1,24918,Rules & Patterns
St7VKJfT2MTq,135,easy,1,11771,Rules & Patterns
St7VKJfT2MTq,136,easy,0,21351,Rules & Patterns
St7VKJfT2MTq,137,easy,1,13412,Rules & Patterns
St7VKJfT2MTq,138,easy,1,13036,Rules & Patterns
St7VKJfT2MTq,139,easy,1,14461,Rules & Patterns
St7VKJfT2MTq,140,easy,1,11771,Rules & Patterns
St7VKJfT2MTq,141,easy,1,13036,Data & Features
St7VKJfT2MTq,142,easy,1,16304,Rules & Patterns
St7VKJfT2MTq,143,easy,1,14461,Rules & Patterns
St7VKJfT2MTq,144,easy,1,17255,Data & Features
St7VKJfT2MTq,145,hard,0,23041,Data & Features
St7VKJfT2MTq,146,easy,1,19873,Rules & Patterns
St7VKJfT2MTq,147,medium,1,25918,Misc / Tools
St7VKJfT2MTq,148,medium,0,27689,Rules & Patterns
St7VKJfT2MTq,149,easy,1,21830,Rules & Patterns
St7VKJfT2MTq,150,easy,1,15759,Rules & Patterns
BhvtwuIg7wvF,121,easy,1,12670,Classification & Modeling
BhvtwuIg7wvF,122,hard,1,24599,Rules & Patterns
BhvtwuIg7wvF,123,easy,1,12078,Rules & Patterns
BhvtwuIg7wvF,124,easy,0,15391,Rules & Patterns
BhvtwuIg7wvF,125,easy,1,12670,Rules & Patterns
BhvtwuIg7wvF,126,easy,1,14397,Rules & Patterns
BhvtwuIg7wvF,127,medium,0,22857,Rules & Patterns
BhvtwuIg7wvF,128,easy,1,15731,Rules & Patterns
BhvtwuIg7wvF,129,easy,1,12078,Rules & Patterns
BhvtwuIg7wvF,130,easy,1,11203,Rules & Patterns
BhvtwuIg7wvF,131,easy,1,11375,Clustering & Unsupervised
BhvtwuIg7wvF,132,easy,0,18922,Rules & Patterns
BhvtwuIg7wvF,133,easy,0,19032,Rules & Patterns
BhvtwuIg7wvF,134,medium,0,22509,Rules & Patterns
BhvtwuIg7wvF,135,easy,1,11203,Rules & Patterns
BhvtwuIg7wvF,136,easy,1,13843,Rules & Patterns
BhvtwuIg7wvF,137,easy,1,11798,Rules & Patterns
BhvtwuIg7wvF,138,easy,1,12670,Rules & Patterns
BhvtwuIg7wvF,139,easy,1,12555,Rules & Patterns
BhvtwuIg7wvF,140,easy,1,11203,Rules & Patterns
BhvtwuIg7wvF,141,easy,1,12670,Data & Features
BhvtwuIg7wvF,142,easy,1,13843,Rules & Patterns
BhvtwuIg7wvF,143,easy,1,12555,Rules & Patterns
BhvtwuIg7wvF,144,easy,1,14397,Data & Features
BhvtwuIg7wvF,145,hard,0,19538,Data & Features
BhvtwuIg7wvF,146,easy,1,16581,Rules & Patterns
BhvtwuIg7wvF,147,medium,0,22457,Misc / Tools
BhvtwuIg7wvF,148,medium,0,22857,Rules & Patterns
BhvtwuIg7wvF,149,easy,0,20782,Rules & Patterns
BhvtwuIg7wvF,150,easy,1,13500,Rules & Patterns
KwlNeadgH2OL,121,easy,1,13612,Classification & Modeling
KwlNeadgH2OL,122,hard,1,30118,Rules & Patterns
KwlNeadgH2OL,123,easy,1,13487,Rules & Patterns
KwlNeadgH2OL,124,easy,1,13175,Rules & Patterns
KwlNeadgH2OL,125,easy,1,13612,Rules & Patterns
KwlNeadgH2OL,126,easy,1,16160,Rules & Patterns
KwlNeadgH2OL,127,medium,0,31388,Rules & Patterns
KwlNeadgH2OL,128,easy,1,17706,Rules & Patterns
KwlNeadgH2OL,129,easy,1,13487,Rules & Patterns
KwlNeadgH2OL,130,easy,1,11937,Rules & Patterns
KwlNeadgH2OL,131,easy,1,12233,Clustering & Unsupervised
KwlNeadgH2OL,132,easy,1,18457,Rules & Patterns
KwlNeadgH2OL,133,easy,0,22842,Rules & Patterns
KwlNeadgH2OL,134,medium,0,29356,Rules & Patterns
KwlNeadgH2OL,135,easy,1,11937,Rules & Patterns
KwlNeadgH2OL,136,easy,1,15439,Rules & Patterns
KwlNeadgH2OL,137,easy,1,13175,Rules & Patterns
KwlNeadgH2OL,138,easy,1,13612,Rules & Patterns
KwlNeadgH2OL,139,easy,1,13947,Rules & Patterns
KwlNeadgH2OL,140,easy,1,11937,Rules & Patterns
KwlNeadgH2OL,141,easy,1,13612,Data & Features
KwlNeadgH2OL,142,easy,1,15439,Rules & Patterns
KwlNeadgH2OL,143,easy,1,13947,Rules & Patterns
KwlNeadgH2OL,144,easy,1,16160,Data & Features
KwlNeadgH2OL,145,hard,0,26737,Data & Features
KwlNeadgH2OL,146,easy,1,18664,Rules & Patterns
KwlNeadgH2OL,147,medium,1,26000,Misc / Tools
KwlNeadgH2OL,148,medium,0,31388,Rules & Patterns
KwlNeadgH2OL,149,easy,1,21249,Rules & Patterns
KwlNeadgH2OL,150,easy,1,14945,Rules & Patterns
C6BcTLw4mOKQ,121,easy,1,14796,Classification & Modeling
C6BcTLw4mOKQ,122,hard,1,32687,Rules & Patterns
C6BcTLw4mOKQ,123,easy,1,14945,Rules & Patterns
C6BcTLw4mOKQ,124,easy,1,14600,Rules & Patterns
C6BcTLw4mOKQ,125,easy,1,14796,Rules & Patterns
C6BcTLw4mOKQ,126,easy,1,18460,Rules & Patterns
C6BcTLw4mOKQ,127,medium,0,34893,Rules & Patterns
C6BcTLw4mOKQ,128,easy,1,20170,Rules & Patterns
C6BcTLw4mOKQ,129,easy,1,14945,Rules & Patterns
C6BcTLw4mOKQ,130,easy,1,13228,Rules & Patterns
C6BcTLw4mOKQ,131,easy,1,14282,Clustering & Unsupervised
C6BcTLw4mOKQ,132,easy,1,21083,Rules & Patterns
C6BcTLw4mOKQ,133,easy,0,25622,Rules & Patterns
C6BcTLw4mOKQ,134,medium,0,32162,Rules & Patterns
C6BcTLw4mOKQ,135,easy,1,13228,Rules & Patterns
C6BcTLw4mOKQ,136,easy,1,17292,Rules & Patterns
C6BcTLw4mOKQ,137,easy,1,14600,Rules & Patterns
C6BcTLw4mOKQ,138,easy,1,14796,Rules & Patterns
C6BcTLw4mOKQ,139,easy,1,15576,Rules & Patterns
C6BcTLw4mOKQ,140,easy,1,13228,Rules & Patterns
C6BcTLw4mOKQ,141,easy,1,14796,Data & Features
C6BcTLw4mOKQ,142,easy,0,23730,Rules & Patterns
C6BcTLw4mOKQ,143,easy,1,15576,Rules & Patterns
C6BcTLw4mOKQ,144,easy,1,18460,Data & Features
C6BcTLw4mOKQ,145,hard,0,28757,Data & Features
C6BcTLw4mOKQ,146,easy,1,21260,Rules & Patterns
C6BcTLw4mOKQ,147,medium,1,29430,Misc / Tools
C6BcTLw4mOKQ,148,medium,0,34893,Rules & Patterns
C6BcTLw4mOKQ,149,easy,1,24470,Rules & Patterns
C6BcTLw4mOKQ,150,easy,1,16738,Rules & Patterns
k4QQVURTfMls,121,easy,1,11379,Classification & Modeling
k4QQVURTfMls,122,hard,1,28602,Rules & Patterns
k4QQVURTfMls,123,easy,1,13265,Rules & Patterns
k4QQVURTfMls,124,easy,1,12958,Rules & Patterns
k4QQVURTfMls,125,easy,1,11379,Rules & Patterns
k4QQVURTfMls,126,easy,1,17767,Rules & Patterns
k4QQVURTfMls,127,medium,1,26570,Rules & Patterns
k4QQVURTfMls,128,easy,1,18804,Rules & Patterns
k4QQVURTfMls,129,easy,0,14488,Rules & Patterns
k4QQVURTfMls,130,easy,1,9615,Rules & Patterns
k4QQVURTfMls,131,easy,1,11040,Clustering & Unsupervised
k4QQVURTfMls,132,easy,1,19714,Rules & Patterns
k4QQVURTfMls,133,easy,0,19834,Rules & Patterns
k4QQVURTfMls,134,medium,1,25004,Rules & Patterns
k4QQVURTfMls,135,easy,1,9615,Rules & Patterns
k4QQVURTfMls,136,easy,1,16281,Rules & Patterns
k4QQVURTfMls,137,easy,1,12958,Rules & Patterns
k4QQVURTfMls,138,easy,1,11379,Rules & Patterns
k4QQVURTfMls,139,easy,1,13942,Rules & Patterns
k4QQVURTfMls,140,easy,1,9615,Rules & Patterns
k4QQVURTfMls,141,easy,1,11379,Data & Features
k4QQVURTfMls,142,easy,1,16281,Rules & Patterns
k4QQVURTfMls,143,easy,1,13942,Rules & Patterns
k4QQVURTfMls,144,easy,0,18627,Data & Features
k4QQVURTfMls,145,hard,0,18797,Data & Features
k4QQVURTfMls,146,easy,0,19781,Rules & Patterns
k4QQVURTfMls,147,medium,1,26008,Misc / Tools
k4QQVURTfMls,148,medium,0,25071,Rules & Patterns
k4QQVURTfMls,149,easy,0,21743,Rules & Patterns
k4QQVURTfMls,150,easy,0,17830,Rules & Patterns
pS17HUA271Nx,121,easy,1,11884,Classification & Modeling
pS17HUA271Nx,122,hard,0,27581,Rules & Patterns
pS17HUA271Nx,123,easy,1,13071,Rules & Patterns
pS17HUA271Nx,124,easy,1,12769,Rules & Patterns
pS17HUA271Nx,125,easy,1,11884,Rules & Patterns
pS17HUA271Nx,126,easy,1,16839,Rules & Patterns
pS17HUA271Nx,127,medium,1,24882,Rules & Patterns
pS17HUA271Nx,128,easy,1,18400,Rules & Patterns
pS17HUA271Nx,129,easy,1,13071,Rules & Patterns
pS17HUA271Nx,130,easy,1,10590,Rules & Patterns
pS17HUA271Nx,131,easy,1,11434,Clustering & Unsupervised
pS17HUA271Nx,132,easy,1,19233,Rules & Patterns
pS17HUA271Nx,133,easy,1,19446,Rules & Patterns
pS17HUA271Nx,134,medium,1,23818,Rules & Patterns
pS17HUA271Nx,135,easy,1,10590,Rules & Patterns
pS17HUA271Nx,136,easy,1,16016,Rules & Patterns
pS17HUA271Nx,137,easy,1,12769,Rules & Patterns
pS17HUA271Nx,138,easy,1,11884,Rules & Patterns
pS17HUA271Nx,139,easy,1,13602,Rules & Patterns
pS17HUA271Nx,140,easy,1,10590,Rules & Patterns
pS17HUA271Nx,141,easy,1,11884,Data & Features
pS17HUA271Nx,142,easy,1,16016,Rules & Patterns
pS17HUA271Nx,143,easy,1,13602,Rules & Patterns
pS17HUA271Nx,144,easy,0,20813,Data & Features
pS17HUA271Nx,145,hard,0,21728,Data & Features
pS17HUA271Nx,146,easy,1,19395,Rules & Patterns
pS17HUA271Nx,147,medium,1,24774,Misc / Tools
pS17HUA271Nx,148,medium,1,24882,Rules & Patterns
pS17HUA271Nx,149,easy,1,20718,Rules & Patterns
pS17HUA271Nx,150,easy,1,15481,Rules & Patterns
xPRdKA5UBNGM,121,easy,1,15659,Classification & Modeling
xPRdKA5UBNGM,122,hard,0,34377,Rules & Patterns
xPRdKA5UBNGM,123,easy,1,15817,Rules & Patterns
xPRdKA5UBNGM,124,easy,1,15451,Rules & Patterns
xPRdKA5UBNGM,125,easy,1,15659,Rules & Patterns
xPRdKA5UBNGM,126,easy,1,19536,Rules & Patterns
xPRdKA5UBNGM,127,medium,1,31474,Rules & Patterns
xPRdKA5UBNGM,128,easy,1,21346,Rules & Patterns
xPRdKA5UBNGM,129,easy,1,15817,Rules & Patterns
xPRdKA5UBNGM,130,easy,1,13999,Rules & Patterns
xPRdKA5UBNGM,131,easy,1,15115,Clustering & Unsupervised
xPRdKA5UBNGM,132,easy,1,22313,Rules & Patterns
xPRdKA5UBNGM,133,easy,1,22560,Rules & Patterns
xPRdKA5UBNGM,134,medium,1,29944,Rules & Patterns
xPRdKA5UBNGM,135,easy,1,13999,Rules & Patterns
xPRdKA5UBNGM,136,easy,1,18300,Rules & Patterns
xPRdKA5UBNGM,137,easy,1,15451,Rules & Patterns
xPRdKA5UBNGM,138,easy,1,15659,Rules & Patterns
xPRdKA5UBNGM,139,easy,1,16485,Rules & Patterns
xPRdKA5UBNGM,140,easy,1,13999,Rules & Patterns
xPRdKA5UBNGM,141,easy,1,15659,Data & Features
xPRdKA5UBNGM,142,easy,1,18300,Rules & Patterns
xPRdKA5UBNGM,143,easy,1,16485,Rules & Patterns
xPRdKA5UBNGM,144,easy,1,19536,Data & Features
xPRdKA5UBNGM,145,hard,1,35573,Data & Features
xPRdKA5UBNGM,146,easy,1,22500,Rules & Patterns
xPRdKA5UBNGM,147,medium,0,35621,Misc / Tools
xPRdKA5UBNGM,148,medium,1,31474,Rules & Patterns
xPRdKA5UBNGM,149,easy,1,25897,Rules & Patterns
xPRdKA5UBNGM,150,easy,1,17714,Rules & Patterns
OHaSXzUdzChO,121,easy,1,14711,Classification & Modeling
OHaSXzUdzChO,122,hard,0,32408,Rules & Patterns
OHaSXzUdzChO,123,easy,1,14912,Rules & Patterns
OHaSXzUdzChO,124,easy,1,14567,Rules & Patterns
OHaSXzUdzChO,125,easy,1,14711,Rules & Patterns
OHaSXzUdzChO,126,easy,1,17911,Rules & Patterns
OHaSXzUdzChO,127,medium,0,31904,Rules & Patterns
OHaSXzUdzChO,128,easy,1,19571,Rules & Patterns
OHaSXzUdzChO,129,easy,1,14912,Rules & Patterns
OHaSXzUdzChO,130,easy,1,13008,Rules & Patterns
OHaSXzUdzChO,131,easy,1,14044,Clustering & Unsupervised
OHaSXzUdzChO,132,easy,0,23954,Rules & Patterns
OHaSXzUdzChO,133,easy,1,20684,Rules & Patterns
OHaSXzUdzChO,134,medium,1,26831,Rules & Patterns
OHaSXzUdzChO,135,easy,1,13008,Rules & Patterns
OHaSXzUdzChO,136,easy,1,17051,Rules & Patterns
OHaSXzUdzChO,137,easy,1,14567,Rules & Patterns
OHaSXzUdzChO,138,easy,1,14711,Rules & Patterns
OHaSXzUdzChO,139,easy,1,15502,Rules & Patterns
OHaSXzUdzChO,140,easy,1,13008,Rules & Patterns
OHaSXzUdzChO,141,easy,1,14711,Data & Features
OHaSXzUdzChO,142,easy,1,17051,Rules & Patterns
OHaSXzUdzChO,143,easy,1,15502,Rules & Patterns
OHaSXzUdzChO,144,easy,1,17911,Data & Features
OHaSXzUdzChO,145,hard,0,25429,Data & Features
OHaSXzUdzChO,146,easy,1,20629,Rules & Patterns
OHaSXzUdzChO,147,medium,0,31345,Misc / Tools
OHaSXzUdzChO,148,medium,1,28201,Rules & Patterns
OHaSXzUdzChO,149,easy,0,28425,Rules & Patterns
OHaSXzUdzChO,150,easy,1,16629,Rules & Patterns
KNvidOVZPDzA,121,easy,1,12552,Classification & Modeling
KNvidOVZPDzA,122,hard,0,31041,Rules & Patterns
KNvidOVZPDzA,123,easy,1,13762,Rules & Patterns
KNvidOVZPDzA,124,easy,1,13443,Rules & Patterns
KNvidOVZPDzA,125,easy,1,12552,Rules & Patterns
KNvidOVZPDzA,126,easy,1,17993,Rules & Patterns
KNvidOVZPDzA,127,medium,1,28004,Rules & Patterns
KNvidOVZPDzA,128,easy,1,19661,Rules & Patterns
KNvidOVZPDzA,129,easy,1,13762,Rules & Patterns
KNvidOVZPDzA,130,easy,1,11066,Rules & Patterns
KNvidOVZPDzA,131,easy,1,12037,Clustering & Unsupervised
KNvidOVZPDzA,132,easy,1,20551,Rules & Patterns
KNvidOVZPDzA,133,easy,1,20779,Rules & Patterns
KNvidOVZPDzA,134,medium,1,26807,Rules & Patterns
KNvidOVZPDzA,135,easy,1,11066,Rules & Patterns
KNvidOVZPDzA,136,easy,1,16862,Rules & Patterns
KNvidOVZPDzA,137,easy,1,13443,Rules & Patterns
KNvidOVZPDzA,138,easy,1,12552,Rules & Patterns
KNvidOVZPDzA,139,easy,1,14478,Rules & Patterns
KNvidOVZPDzA,140,easy,1,11066,Rules & Patterns
KNvidOVZPDzA,141,easy,1,12552,Data & Features
KNvidOVZPDzA,142,easy,1,16862,Rules & Patterns
KNvidOVZPDzA,143,easy,1,14478,Rules & Patterns
KNvidOVZPDzA,144,easy,0,21573,Data & Features
KNvidOVZPDzA,145,hard,0,24787,Data & Features
KNvidOVZPDzA,146,easy,0,23297,Rules & Patterns
KNvidOVZPDzA,147,medium,1,27883,Misc / Tools
KNvidOVZPDzA,148,medium,1,28004,Rules & Patterns
KNvidOVZPDzA,149,easy,0,26854,Rules & Patterns
KNvidOVZPDzA,150,easy,1,16298,Rules & Patterns
y9lkze6lHiAa,121,easy,1,8932,Classification & Modeling
y9lkze6lHiAa,122,hard,0,18481,Rules & Patterns
y9lkze6lHiAa,123,easy,1,12006,Rules & Patterns
y9lkze6lHiAa,124,easy,1,11729,Rules & Patterns
y9lkze6lHiAa,125,easy,1,8932,Rules & Patterns
y9lkze6lHiAa,126,easy,1,14636,Rules & Patterns
y9lkze6lHiAa,127,medium,1,22126,Rules & Patterns
y9lkze6lHiAa,128,easy,1,16435,Rules & Patterns
y9lkze6lHiAa,129,easy,1,12006,Rules & Patterns
y9lkze6lHiAa,130,easy,1,7547,Rules & Patterns
y9lkze6lHiAa,131,easy,1,8666,Clustering & Unsupervised
y9lkze6lHiAa,132,easy,1,16508,Rules & Patterns
y9lkze6lHiAa,133,easy,1,16529,Rules & Patterns
y9lkze6lHiAa,134,medium,0,16347,Rules & Patterns
y9lkze6lHiAa,135,easy,1,7547,Rules & Patterns
y9lkze6lHiAa,136,easy,1,13631,Rules & Patterns
y9lkze6lHiAa,137,easy,1,11729,Rules & Patterns
y9lkze6lHiAa,138,easy,1,8932,Rules & Patterns
y9lkze6lHiAa,139,easy,1,12727,Rules & Patterns
y9lkze6lHiAa,140,easy,1,7547,Rules & Patterns
y9lkze6lHiAa,141,easy,1,8932,Data & Features
y9lkze6lHiAa,142,easy,0,14190,Rules & Patterns
y9lkze6lHiAa,143,easy,1,12727,Rules & Patterns
y9lkze6lHiAa,144,easy,1,14636,Data & Features
y9lkze6lHiAa,145,hard,0,10936,Data & Features
y9lkze6lHiAa,146,easy,0,15377,Rules & Patterns
y9lkze6lHiAa,147,medium,1,21826,Misc / Tools
y9lkze6lHiAa,148,medium,1,22126,Rules & Patterns
y9lkze6lHiAa,149,easy,0,15789,Rules & Patterns
y9lkze6lHiAa,150,easy,1,12992,Rules & Patterns
CprL2LITeTET,121,easy,1,22001,Classification & Modeling
CprL2LITeTET,122,hard,0,40995,Rules & Patterns
CprL2LITeTET,123,easy,1,22223,Rules & Patterns
CprL2LITeTET,124,easy,1,21709,Rules & Patterns
CprL2LITeTET,125,easy,1,22001,Rules & Patterns
CprL2LITeTET,126,easy,1,29400,Rules & Patterns
CprL2LITeTET,127,medium,1,40191,Rules & Patterns
CprL2LITeTET,128,easy,1,28352,Rules & Patterns
CprL2LITeTET,129,easy,1,22223,Rules & Patterns
CprL2LITeTET,130,easy,1,19669,Rules & Patterns
CprL2LITeTET,131,easy,1,21236,Clustering & Unsupervised
CprL2LITeTET,132,easy,1,29636,Rules & Patterns
CprL2LITeTET,133,easy,1,29965,Rules & Patterns
CprL2LITeTET,134,medium,0,39396,Rules & Patterns
CprL2LITeTET,135,easy,1,19669,Rules & Patterns
CprL2LITeTET,136,easy,1,25712,Rules & Patterns
CprL2LITeTET,137,easy,1,21709,Rules & Patterns
CprL2LITeTET,138,easy,1,22001,Rules & Patterns
CprL2LITeTET,139,easy,1,23161,Rules & Patterns
CprL2LITeTET,140,easy,1,19669,Rules & Patterns
CprL2LITeTET,141,easy,1,22001,Data & Features
CprL2LITeTET,142,easy,1,25712,Rules & Patterns
CprL2LITeTET,143,easy,1,23161,Rules & Patterns
CprL2LITeTET,144,easy,1,29400,Data & Features
CprL2LITeTET,145,hard,0,35297,Data & Features
CprL2LITeTET,146,easy,0,32557,Rules & Patterns
CprL2LITeTET,147,medium,1,39773,Misc / Tools
CprL2LITeTET,148,medium,1,40191,Rules & Patterns
CprL2LITeTET,149,easy,0,41012,Rules & Patterns
CprL2LITeTET,150,easy,1,24888,Rules & Patterns
RZdtks4i4HNy,121,easy,1,11553,Classification & Modeling
RZdtks4i4HNy,122,hard,1,29253,Rules & Patterns
RZdtks4i4HNy,123,easy,1,13482,Rules & Patterns
RZdtks4i4HNy,124,easy,1,13170,Rules & Patterns
RZdtks4i4HNy,125,easy,1,11553,Rules & Patterns
RZdtks4i4HNy,126,easy,1,17712,Rules & Patterns
RZdtks4i4HNy,127,medium,1,27483,Rules & Patterns
RZdtks4i4HNy,128,easy,1,19218,Rules & Patterns
RZdtks4i4HNy,129,easy,1,13482,Rules & Patterns
RZdtks4i4HNy,130,easy,1,9762,Rules & Patterns
RZdtks4i4HNy,131,easy,1,11208,Clustering & Unsupervised
RZdtks4i4HNy,132,easy,1,20130,Rules & Patterns
RZdtks4i4HNy,133,easy,0,21228,Rules & Patterns
RZdtks4i4HNy,134,medium,0,24397,Rules & Patterns
RZdtks4i4HNy,135,easy,1,9762,Rules & Patterns
RZdtks4i4HNy,136,easy,1,16554,Rules & Patterns
RZdtks4i4HNy,137,easy,1,13170,Rules & Patterns
RZdtks4i4HNy,138,easy,1,11553,Rules & Patterns
RZdtks4i4HNy,139,easy,0,15555,Rules & Patterns
RZdtks4i4HNy,140,easy,1,9762,Rules & Patterns
RZdtks4i4HNy,141,easy,1,11553,Data & Features
RZdtks4i4HNy,142,easy,1,16554,Rules & Patterns
RZdtks4i4HNy,143,easy,1,14234,Rules & Patterns
RZdtks4i4HNy,144,easy,1,17712,Data & Features
RZdtks4i4HNy,145,hard,0,20875,Data & Features
RZdtks4i4HNy,146,easy,1,20299,Rules & Patterns
RZdtks4i4HNy,147,medium,1,26541,Misc / Tools
RZdtks4i4HNy,148,medium,0,27096,Rules & Patterns
RZdtks4i4HNy,149,easy,1,22570,Rules & Patterns
RZdtks4i4HNy,150,easy,0,17964,Rules & Patterns
xlLz8YVMGkvs,121,easy,1,14532,Classification & Modeling
xlLz8YVMGkvs,122,hard,1,32378,Rules & Patterns
xlLz8YVMGkvs,123,easy,1,14678,Rules & Patterns
xlLz8YVMGkvs,124,easy,1,14339,Rules & Patterns
xlLz8YVMGkvs,125,easy,1,14532,Rules & Patterns
xlLz8YVMGkvs,126,easy,1,18130,Rules & Patterns
xlLz8YVMGkvs,127,medium,1,29208,Rules & Patterns
xlLz8YVMGkvs,128,easy,1,19809,Rules & Patterns
xlLz8YVMGkvs,129,easy,1,14678,Rules & Patterns
xlLz8YVMGkvs,130,easy,1,12991,Rules & Patterns
xlLz8YVMGkvs,131,easy,1,14026,Clustering & Unsupervised
xlLz8YVMGkvs,132,easy,1,20706,Rules & Patterns
xlLz8YVMGkvs,133,easy,1,20936,Rules & Patterns
xlLz8YVMGkvs,134,medium,1,27788,Rules & Patterns
xlLz8YVMGkvs,135,easy,1,12991,Rules & Patterns
xlLz8YVMGkvs,136,easy,1,16983,Rules & Patterns
xlLz8YVMGkvs,137,easy,1,14339,Rules & Patterns
xlLz8YVMGkvs,138,easy,1,14532,Rules & Patterns
xlLz8YVMGkvs,139,easy,1,15298,Rules & Patterns
xlLz8YVMGkvs,140,easy,1,12991,Rules & Patterns
xlLz8YVMGkvs,141,easy,1,14532,Data & Features
xlLz8YVMGkvs,142,easy,1,16983,Rules & Patterns
xlLz8YVMGkvs,143,easy,1,15298,Rules & Patterns
xlLz8YVMGkvs,144,easy,0,23526,Data & Features
xlLz8YVMGkvs,145,hard,0,27974,Data & Features
xlLz8YVMGkvs,146,easy,1,20880,Rules & Patterns
xlLz8YVMGkvs,147,medium,1,28904,Misc / Tools
xlLz8YVMGkvs,148,medium,1,29208,Rules & Patterns
xlLz8YVMGkvs,149,easy,0,30529,Rules & Patterns
xlLz8YVMGkvs,150,easy,1,16439,Rules & Patterns
By0gyab68WPW,121,easy,1,14332,Classification & Modeling
By0gyab68WPW,122,hard,1,34099,Rules & Patterns
By0gyab68WPW,123,easy,0,17098,Rules & Patterns
By0gyab68WPW,124,easy,1,15256,Rules & Patterns
By0gyab68WPW,125,easy,1,14332,Rules & Patterns
By0gyab68WPW,126,easy,1,20419,Rules & Patterns
By0gyab68WPW,127,medium,1,32036,Rules & Patterns
By0gyab68WPW,128,easy,0,22797,Rules & Patterns
By0gyab68WPW,129,easy,1,15617,Rules & Patterns
By0gyab68WPW,130,easy,1,12635,Rules & Patterns
By0gyab68WPW,131,easy,1,13745,Clustering & Unsupervised
By0gyab68WPW,132,easy,1,23137,Rules & Patterns
By0gyab68WPW,133,easy,1,23055,Rules & Patterns
By0gyab68WPW,134,medium,1,29744,Rules & Patterns
By0gyab68WPW,135,easy,1,12635,Rules & Patterns
By0gyab68WPW,136,easy,1,19135,Rules & Patterns
By0gyab68WPW,137,easy,1,15256,Rules & Patterns
By0gyab68WPW,138,easy,1,14332,Rules & Patterns
By0gyab68WPW,139,easy,1,16430,Rules & Patterns
By0gyab68WPW,140,easy,1,12635,Rules & Patterns
By0gyab68WPW,141,easy,1,14332,Data & Features
By0gyab68WPW,142,easy,1,19135,Rules & Patterns
By0gyab68WPW,143,easy,1,16430,Rules & Patterns
By0gyab68WPW,144,easy,1,20419,Data & Features
By0gyab68WPW,145,hard,1,31840,Data & Features
By0gyab68WPW,146,easy,0,23988,Rules & Patterns
By0gyab68WPW,147,medium,1,30938,Misc / Tools
By0gyab68WPW,148,medium,0,31429,Rules & Patterns
By0gyab68WPW,149,easy,0,27652,Rules & Patterns
By0gyab68WPW,150,easy,1,18496,Rules & Patterns
7VpB1pGsv71N,121,easy,1,9940,Classification & Modeling
7VpB1pGsv71N,122,hard,0,22482,Rules & Patterns
7VpB1pGsv71N,123,easy,1,11971,Rules & Patterns
7VpB1pGsv71N,124,easy,1,11694,Rules & Patterns
7VpB1pGsv71N,125,easy,1,9940,Rules & Patterns
7VpB1pGsv71N,126,easy,0,16223,Rules & Patterns
7VpB1pGsv71N,127,medium,0,22057,Rules & Patterns
7VpB1pGsv71N,128,easy,1,17331,Rules & Patterns
7VpB1pGsv71N,129,easy,1,11971,Rules & Patterns
7VpB1pGsv71N,130,easy,1,8399,Rules & Patterns
7VpB1pGsv71N,131,easy,1,9643,Clustering & Unsupervised
7VpB1pGsv71N,132,easy,1,17560,Rules & Patterns
7VpB1pGsv71N,133,easy,0,17633,Rules & Patterns
7VpB1pGsv71N,134,medium,1,22845,Rules & Patterns
7VpB1pGsv71N,135,easy,1,8399,Rules & Patterns
7VpB1pGsv71N,136,easy,0,15607,Rules & Patterns
7VpB1pGsv71N,137,easy,1,11694,Rules & Patterns
7VpB1pGsv71N,138,easy,1,9940,Rules & Patterns
7VpB1pGsv71N,139,easy,1,12647,Rules & Patterns
7VpB1pGsv71N,140,easy,1,8399,Rules & Patterns
7VpB1pGsv71N,141,easy,1,9940,Data & Features
7VpB1pGsv71N,142,easy,1,13840,Rules & Patterns
7VpB1pGsv71N,143,easy,1,12647,Rules & Patterns
7VpB1pGsv71N,144,easy,1,15249,Data & Features
7VpB1pGsv71N,145,hard,0,16957,Data & Features
7VpB1pGsv71N,146,easy,0,17586,Rules & Patterns
7VpB1pGsv71N,147,medium,0,21160,Misc / Tools
7VpB1pGsv71N,148,medium,1,24245,Rules & Patterns
7VpB1pGsv71N,149,easy,1,19724,Rules & Patterns
7VpB1pGsv71N,150,easy,0,15073,Rules & Patterns
No1fcFHRlYfg,121,easy,1,14586,Classification & Modeling
No1fcFHRlYfg,122,hard,1,32148,Rules & Patterns
No1fcFHRlYfg,123,easy,1,14373,Rules & Patterns
No1fcFHRlYfg,124,easy,1,14041,Rules & Patterns
No1fcFHRlYfg,125,easy,1,14586,Rules & Patterns
No1fcFHRlYfg,126,easy,1,17185,Rules & Patterns
No1fcFHRlYfg,127,medium,1,28011,Rules & Patterns
No1fcFHRlYfg,128,easy,0,22966,Rules & Patterns
No1fcFHRlYfg,129,easy,1,14373,Rules & Patterns
No1fcFHRlYfg,130,easy,1,12721,Rules & Patterns
No1fcFHRlYfg,131,easy,1,13036,Clustering & Unsupervised
No1fcFHRlYfg,132,easy,1,19627,Rules & Patterns
No1fcFHRlYfg,133,easy,1,19900,Rules & Patterns
No1fcFHRlYfg,134,medium,0,31168,Rules & Patterns
No1fcFHRlYfg,135,easy,1,12721,Rules & Patterns
No1fcFHRlYfg,136,easy,1,16332,Rules & Patterns
No1fcFHRlYfg,137,easy,1,14041,Rules & Patterns
No1fcFHRlYfg,138,easy,1,14586,Rules & Patterns
No1fcFHRlYfg,139,easy,1,14715,Rules & Patterns
No1fcFHRlYfg,140,easy,1,12721,Rules & Patterns
No1fcFHRlYfg,141,easy,1,14586,Data & Features
No1fcFHRlYfg,142,easy,1,16332,Rules & Patterns
No1fcFHRlYfg,143,easy,1,14715,Rules & Patterns
No1fcFHRlYfg,144,easy,1,17185,Data & Features
No1fcFHRlYfg,145,hard,0,30899,Data & Features
No1fcFHRlYfg,146,easy,1,19847,Rules & Patterns
No1fcFHRlYfg,147,medium,0,32797,Misc / Tools
No1fcFHRlYfg,148,medium,0,33383,Rules & Patterns
No1fcFHRlYfg,149,easy,0,29428,Rules & Patterns
No1fcFHRlYfg,150,easy,1,15809,Rules & Patterns
nojDz9QSjRLy,121,easy,1,12592,Classification & Modeling
nojDz9QSjRLy,122,hard,0,31140,Rules & Patterns
nojDz9QSjRLy,123,easy,1,13805,Rules & Patterns
nojDz9QSjRLy,124,easy,1,13486,Rules & Patterns
nojDz9QSjRLy,125,easy,1,12592,Rules & Patterns
nojDz9QSjRLy,126,easy,1,18050,Rules & Patterns
nojDz9QSjRLy,127,medium,1,28964,Rules & Patterns
nojDz9QSjRLy,128,easy,1,19723,Rules & Patterns
nojDz9QSjRLy,129,easy,1,13805,Rules & Patterns
nojDz9QSjRLy,130,easy,1,11101,Rules & Patterns
nojDz9QSjRLy,131,easy,1,12076,Clustering & Unsupervised
nojDz9QSjRLy,132,easy,1,20616,Rules & Patterns
nojDz9QSjRLy,133,easy,0,23433,Rules & Patterns
nojDz9QSjRLy,134,medium,0,27543,Rules & Patterns
nojDz9QSjRLy,135,easy,1,11101,Rules & Patterns
nojDz9QSjRLy,136,easy,0,21488,Rules & Patterns
nojDz9QSjRLy,137,easy,1,13486,Rules & Patterns
nojDz9QSjRLy,138,easy,1,12592,Rules & Patterns
nojDz9QSjRLy,139,easy,1,14524,Rules & Patterns
nojDz9QSjRLy,140,easy,1,11101,Rules & Patterns
nojDz9QSjRLy,141,easy,1,12592,Data & Features
nojDz9QSjRLy,142,easy,1,16915,Rules & Patterns
nojDz9QSjRLy,143,easy,1,14524,Rules & Patterns
nojDz9QSjRLy,144,easy,0,21642,Data & Features
nojDz9QSjRLy,145,hard,0,24865,Data & Features
nojDz9QSjRLy,146,easy,0,23371,Rules & Patterns
nojDz9QSjRLy,147,medium,1,27971,Misc / Tools
nojDz9QSjRLy,148,medium,1,28964,Rules & Patterns
nojDz9QSjRLy,149,easy,0,26940,Rules & Patterns
nojDz9QSjRLy,150,easy,1,16350,Rules & Patterns
kfwxRJXSzs3o,121,easy,1,11640,Classification & Modeling
kfwxRJXSzs3o,122,hard,1,29689,Rules & Patterns
kfwxRJXSzs3o,123,easy,1,13583,Rules & Patterns
kfwxRJXSzs3o,124,easy,1,13269,Rules & Patterns
kfwxRJXSzs3o,125,easy,1,11640,Rules & Patterns
kfwxRJXSzs3o,126,easy,1,17845,Rules & Patterns
kfwxRJXSzs3o,127,medium,0,27410,Rules & Patterns
kfwxRJXSzs3o,128,easy,0,20417,Rules & Patterns
kfwxRJXSzs3o,129,easy,1,13583,Rules & Patterns
kfwxRJXSzs3o,130,easy,0,10556,Rules & Patterns
kfwxRJXSzs3o,131,easy,1,11293,Clustering & Unsupervised
kfwxRJXSzs3o,132,easy,0,21397,Rules & Patterns
kfwxRJXSzs3o,133,easy,1,20615,Rules & Patterns
kfwxRJXSzs3o,134,medium,1,25897,Rules & Patterns
kfwxRJXSzs3o,135,easy,1,9835,Rules & Patterns
kfwxRJXSzs3o,136,easy,1,16679,Rules & Patterns
kfwxRJXSzs3o,137,easy,0,14191,Rules & Patterns
kfwxRJXSzs3o,138,easy,1,11640,Rules & Patterns
kfwxRJXSzs3o,139,easy,1,14341,Rules & Patterns
kfwxRJXSzs3o,140,easy,1,9835,Rules & Patterns
kfwxRJXSzs3o,141,easy,1,11640,Data & Features
kfwxRJXSzs3o,142,easy,1,16679,Rules & Patterns
kfwxRJXSzs3o,143,easy,1,14341,Rules & Patterns
kfwxRJXSzs3o,144,easy,0,18763,Data & Features
kfwxRJXSzs3o,145,hard,0,21701,Data & Features
kfwxRJXSzs3o,146,easy,1,20560,Rules & Patterns
kfwxRJXSzs3o,147,medium,1,26936,Misc / Tools
kfwxRJXSzs3o,148,medium,0,27410,Rules & Patterns
kfwxRJXSzs3o,149,easy,0,24115,Rules & Patterns
kfwxRJXSzs3o,150,easy,1,16121,Rules & Patterns
sCNAQlTJzusQ,121,easy,1,11875,Classification & Modeling
sCNAQlTJzusQ,122,hard,0,28322,Rules & Patterns
sCNAQlTJzusQ,123,easy,1,13061,Rules & Patterns
sCNAQlTJzusQ,124,easy,1,12759,Rules & Patterns
sCNAQlTJzusQ,125,easy,1,11875,Rules & Patterns
sCNAQlTJzusQ,126,easy,0,20934,Rules & Patterns
sCNAQlTJzusQ,127,medium,1,25551,Rules & Patterns
sCNAQlTJzusQ,128,easy,1,18506,Rules & Patterns
sCNAQlTJzusQ,129,easy,1,13061,Rules & Patterns
sCNAQlTJzusQ,130,easy,1,10581,Rules & Patterns
sCNAQlTJzusQ,131,easy,1,11424,Clustering & Unsupervised
sCNAQlTJzusQ,132,easy,1,19344,Rules & Patterns
sCNAQlTJzusQ,133,easy,1,19559,Rules & Patterns
sCNAQlTJzusQ,134,medium,0,25051,Rules & Patterns
sCNAQlTJzusQ,135,easy,1,10581,Rules & Patterns
sCNAQlTJzusQ,136,easy,1,16003,Rules & Patterns
sCNAQlTJzusQ,137,easy,1,12759,Rules & Patterns
sCNAQlTJzusQ,138,easy,1,11875,Rules & Patterns
sCNAQlTJzusQ,139,easy,1,13990,Rules & Patterns
sCNAQlTJzusQ,140,easy,1,10581,Rules & Patterns
sCNAQlTJzusQ,141,easy,1,11875,Data & Features
sCNAQlTJzusQ,142,easy,1,16003,Rules & Patterns
sCNAQlTJzusQ,143,easy,1,13990,Rules & Patterns
sCNAQlTJzusQ,144,easy,1,16937,Data & Features
sCNAQlTJzusQ,145,hard,0,22616,Data & Features
sCNAQlTJzusQ,146,easy,1,19507,Rules & Patterns
sCNAQlTJzusQ,147,medium,1,25440,Misc / Tools
sCNAQlTJzusQ,148,medium,1,25551,Rules & Patterns
sCNAQlTJzusQ,149,easy,0,24710,Rules & Patterns
sCNAQlTJzusQ,150,easy,1,15469,Rules & Patterns
bWRj9XHmvXaq,121,easy,1,11875,Classification & Modeling
bWRj9XHmvXaq,122,hard,0,28322,Rules & Patterns
bWRj9XHmvXaq,123,easy,1,13061,Rules & Patterns
bWRj9XHmvXaq,124,easy,1,12759,Rules & Patterns
bWRj9XHmvXaq,125,easy,1,11875,Rules & Patterns
bWRj9XHmvXaq,126,easy,1,16937,Rules & Patterns
bWRj9XHmvXaq,127,medium,0,27012,Rules & Patterns
bWRj9XHmvXaq,128,easy,1,18506,Rules & Patterns
bWRj9XHmvXaq,129,easy,1,13061,Rules & Patterns
bWRj9XHmvXaq,130,easy,1,10581,Rules & Patterns
bWRj9XHmvXaq,131,easy,1,11424,Clustering & Unsupervised
bWRj9XHmvXaq,132,easy,1,19344,Rules & Patterns
bWRj9XHmvXaq,133,easy,1,19559,Rules & Patterns
bWRj9XHmvXaq,134,medium,0,25051,Rules & Patterns
bWRj9XHmvXaq,135,easy,1,10581,Rules & Patterns
bWRj9XHmvXaq,136,easy,1,16003,Rules & Patterns
bWRj9XHmvXaq,137,easy,1,12759,Rules & Patterns
bWRj9XHmvXaq,138,easy,1,11875,Rules & Patterns
bWRj9XHmvXaq,139,easy,1,13990,Rules & Patterns
bWRj9XHmvXaq,140,easy,1,10581,Rules & Patterns
bWRj9XHmvXaq,141,easy,0,13935,Data & Features
bWRj9XHmvXaq,142,easy,1,16003,Rules & Patterns
bWRj9XHmvXaq,143,easy,0,17223,Rules & Patterns
bWRj9XHmvXaq,144,easy,1,16937,Data & Features
bWRj9XHmvXaq,145,hard,0,22616,Data & Features
bWRj9XHmvXaq,146,easy,0,22330,Rules & Patterns
bWRj9XHmvXaq,147,medium,1,25440,Misc / Tools
bWRj9XHmvXaq,148,medium,1,25551,Rules & Patterns
bWRj9XHmvXaq,149,easy,1,21428,Rules & Patterns
bWRj9XHmvXaq,150,easy,1,15469,Rules & Patterns
BJE8NOUNFGYz,121,easy,1,11699,Classification & Modeling
BJE8NOUNFGYz,122,hard,0,29271,Rules & Patterns
BJE8NOUNFGYz,123,easy,1,12747,Rules & Patterns
BJE8NOUNFGYz,124,easy,1,12452,Rules & Patterns
BJE8NOUNFGYz,125,easy,1,11699,Rules & Patterns
BJE8NOUNFGYz,126,easy,1,16517,Rules & Patterns
BJE8NOUNFGYz,127,medium,1,26503,Rules & Patterns
BJE8NOUNFGYz,128,easy,1,18047,Rules & Patterns
BJE8NOUNFGYz,129,easy,0,15337,Rules & Patterns
BJE8NOUNFGYz,130,easy,1,10313,Rules & Patterns
BJE8NOUNFGYz,131,easy,1,11219,Clustering & Unsupervised
BJE8NOUNFGYz,132,easy,1,18864,Rules & Patterns
BJE8NOUNFGYz,133,easy,1,19073,Rules & Patterns
BJE8NOUNFGYz,134,medium,0,25890,Rules & Patterns
BJE8NOUNFGYz,135,easy,1,10313,Rules & Patterns
BJE8NOUNFGYz,136,easy,1,15478,Rules & Patterns
BJE8NOUNFGYz,137,easy,1,12452,Rules & Patterns
BJE8NOUNFGYz,138,easy,1,11699,Rules & Patterns
BJE8NOUNFGYz,139,easy,0,16592,Rules & Patterns
BJE8NOUNFGYz,140,easy,1,10313,Rules & Patterns
BJE8NOUNFGYz,141,easy,1,11699,Data & Features
BJE8NOUNFGYz,142,easy,0,20053,Rules & Patterns
BJE8NOUNFGYz,143,easy,1,13411,Rules & Patterns
BJE8NOUNFGYz,144,easy,0,20196,Data & Features
BJE8NOUNFGYz,145,hard,1,25254,Data & Features
BJE8NOUNFGYz,146,easy,0,21810,Rules & Patterns
BJE8NOUNFGYz,147,medium,0,27597,Misc / Tools
BJE8NOUNFGYz,148,medium,0,28575,Rules & Patterns
BJE8NOUNFGYz,149,easy,0,25141,Rules & Patterns
BJE8NOUNFGYz,150,easy,1,14961,Rules & Patterns
VTLAbK1PHg7B,121,easy,1,14036,Classification & Modeling
VTLAbK1PHg7B,122,hard,0,31484,Rules & Patterns
VTLAbK1PHg7B,123,easy,1,14663,Rules & Patterns
VTLAbK1PHg7B,124,easy,1,14324,Rules & Patterns
VTLAbK1PHg7B,125,easy,1,14036,Rules & Patterns
VTLAbK1PHg7B,126,easy,1,18585,Rules & Patterns
VTLAbK1PHg7B,127,medium,1,29832,Rules & Patterns
VTLAbK1PHg7B,128,easy,1,20314,Rules & Patterns
VTLAbK1PHg7B,129,easy,1,14663,Rules & Patterns
VTLAbK1PHg7B,130,easy,1,12329,Rules & Patterns
VTLAbK1PHg7B,131,easy,1,13412,Clustering & Unsupervised
VTLAbK1PHg7B,132,easy,1,21234,Rules & Patterns
VTLAbK1PHg7B,133,easy,1,21469,Rules & Patterns
VTLAbK1PHg7B,134,medium,0,27847,Rules & Patterns
VTLAbK1PHg7B,135,easy,1,12329,Rules & Patterns
VTLAbK1PHg7B,136,easy,1,17723,Rules & Patterns
VTLAbK1PHg7B,137,easy,1,14324,Rules & Patterns
VTLAbK1PHg7B,138,easy,1,14036,Rules & Patterns
VTLAbK1PHg7B,139,easy,0,18121,Rules & Patterns
VTLAbK1PHg7B,140,easy,1,12329,Rules & Patterns
VTLAbK1PHg7B,141,easy,1,14036,Data & Features
VTLAbK1PHg7B,142,easy,1,17723,Rules & Patterns
VTLAbK1PHg7B,143,easy,1,15218,Rules & Patterns
VTLAbK1PHg7B,144,easy,0,21873,Data & Features
VTLAbK1PHg7B,145,hard,1,28893,Data & Features
VTLAbK1PHg7B,146,easy,0,23629,Rules & Patterns
VTLAbK1PHg7B,147,medium,0,29683,Misc / Tools
VTLAbK1PHg7B,148,medium,0,30959,Rules & Patterns
VTLAbK1PHg7B,149,easy,0,27238,Rules & Patterns
VTLAbK1PHg7B,150,easy,1,17131,Rules & Patterns
wLeCyVvKyFT8,121,easy,1,14378,Classification & Modeling
wLeCyVvKyFT8,122,hard,0,28821,Rules & Patterns
wLeCyVvKyFT8,123,easy,1,14574,Rules & Patterns
wLeCyVvKyFT8,124,easy,1,14237,Rules & Patterns
wLeCyVvKyFT8,125,easy,1,14378,Rules & Patterns
wLeCyVvKyFT8,126,easy,0,21302,Rules & Patterns
wLeCyVvKyFT8,127,medium,1,26160,Rules & Patterns
wLeCyVvKyFT8,128,easy,0,21594,Rules & Patterns
wLeCyVvKyFT8,129,easy,1,14574,Rules & Patterns
wLeCyVvKyFT8,130,easy,1,12713,Rules & Patterns
wLeCyVvKyFT8,131,easy,1,13726,Clustering & Unsupervised
wLeCyVvKyFT8,132,easy,1,19685,Rules & Patterns
wLeCyVvKyFT8,133,easy,1,19903,Rules & Patterns
wLeCyVvKyFT8,134,medium,0,25492,Rules & Patterns
wLeCyVvKyFT8,135,easy,1,12713,Rules & Patterns
wLeCyVvKyFT8,136,easy,0,21494,Rules & Patterns
wLeCyVvKyFT8,137,easy,1,14237,Rules & Patterns
wLeCyVvKyFT8,138,easy,1,14378,Rules & Patterns
wLeCyVvKyFT8,139,easy,1,15151,Rules & Patterns
wLeCyVvKyFT8,140,easy,1,12713,Rules & Patterns
wLeCyVvKyFT8,141,easy,1,14378,Data & Features
wLeCyVvKyFT8,142,easy,0,21494,Rules & Patterns
wLeCyVvKyFT8,143,easy,1,15151,Rules & Patterns
wLeCyVvKyFT8,144,easy,1,17235,Data & Features
wLeCyVvKyFT8,145,hard,0,23014,Data & Features
wLeCyVvKyFT8,146,easy,1,19850,Rules & Patterns
wLeCyVvKyFT8,147,medium,1,25888,Misc / Tools
wLeCyVvKyFT8,148,medium,1,26160,Rules & Patterns
wLeCyVvKyFT8,149,easy,1,21805,Rules & Patterns
wLeCyVvKyFT8,150,easy,1,16195,Rules & Patterns
1tnkUsBnGX2u,121,easy,1,14818,Classification & Modeling
1tnkUsBnGX2u,122,hard,0,35085,Rules & Patterns
1tnkUsBnGX2u,123,easy,1,15125,Rules & Patterns
1tnkUsBnGX2u,124,easy,1,14775,Rules & Patterns
1tnkUsBnGX2u,125,easy,1,14818,Rules & Patterns
1tnkUsBnGX2u,126,easy,0,27020,Rules & Patterns
1tnkUsBnGX2u,127,medium,1,33543,Rules & Patterns
1tnkUsBnGX2u,128,easy,0,27390,Rules & Patterns
1tnkUsBnGX2u,129,easy,1,15125,Rules & Patterns
1tnkUsBnGX2u,130,easy,1,13247,Rules & Patterns
1tnkUsBnGX2u,131,easy,1,14303,Clustering & Unsupervised
1tnkUsBnGX2u,132,easy,1,23780,Rules & Patterns
1tnkUsBnGX2u,133,easy,1,24044,Rules & Patterns
1tnkUsBnGX2u,134,medium,0,34107,Rules & Patterns
1tnkUsBnGX2u,135,easy,1,13247,Rules & Patterns
1tnkUsBnGX2u,136,easy,0,24309,Rules & Patterns
1tnkUsBnGX2u,137,easy,1,14775,Rules & Patterns
1tnkUsBnGX2u,138,easy,1,14818,Rules & Patterns
1tnkUsBnGX2u,139,easy,1,15763,Rules & Patterns
1tnkUsBnGX2u,140,easy,1,13247,Rules & Patterns
1tnkUsBnGX2u,141,easy,1,14818,Data & Features
1tnkUsBnGX2u,142,easy,0,24309,Rules & Patterns
1tnkUsBnGX2u,143,easy,1,15763,Rules & Patterns
1tnkUsBnGX2u,144,easy,1,20821,Data & Features
1tnkUsBnGX2u,145,hard,0,24952,Data & Features
1tnkUsBnGX2u,146,easy,1,23980,Rules & Patterns
1tnkUsBnGX2u,147,medium,1,31705,Misc / Tools
1tnkUsBnGX2u,148,medium,1,33543,Rules & Patterns
1tnkUsBnGX2u,149,easy,1,27600,Rules & Patterns
1tnkUsBnGX2u,150,easy,1,17147,Rules & Patterns
E9vMd75UB2be,121,easy,1,11640,Classification & Modeling
E9vMd75UB2be,122,hard,0,27678,Rules & Patterns
E9vMd75UB2be,123,easy,1,13583,Rules & Patterns
E9vMd75UB2be,124,easy,0,14191,Rules & Patterns
E9vMd75UB2be,125,easy,1,11640,Rules & Patterns
E9vMd75UB2be,126,easy,0,18763,Rules & Patterns
E9vMd75UB2be,127,medium,0,27410,Rules & Patterns
E9vMd75UB2be,128,easy,0,20417,Rules & Patterns
E9vMd75UB2be,129,easy,1,13583,Rules & Patterns
E9vMd75UB2be,130,easy,1,9835,Rules & Patterns
E9vMd75UB2be,131,easy,1,11293,Clustering & Unsupervised
E9vMd75UB2be,132,easy,1,20389,Rules & Patterns
E9vMd75UB2be,133,easy,1,20615,Rules & Patterns
E9vMd75UB2be,134,medium,0,24481,Rules & Patterns
E9vMd75UB2be,135,easy,1,9835,Rules & Patterns
E9vMd75UB2be,136,easy,1,16679,Rules & Patterns
E9vMd75UB2be,137,easy,1,13269,Rules & Patterns
E9vMd75UB2be,138,easy,1,11640,Rules & Patterns
E9vMd75UB2be,139,easy,1,14341,Rules & Patterns
E9vMd75UB2be,140,easy,1,9835,Rules & Patterns
E9vMd75UB2be,141,easy,1,11640,Data & Features
E9vMd75UB2be,142,easy,1,16679,Rules & Patterns
E9vMd75UB2be,143,easy,1,14341,Rules & Patterns
E9vMd75UB2be,144,easy,1,17845,Data & Features
E9vMd75UB2be,145,hard,0,21701,Data & Features
E9vMd75UB2be,146,easy,0,21485,Rules & Patterns
E9vMd75UB2be,147,medium,1,26936,Misc / Tools
E9vMd75UB2be,148,medium,1,27892,Rules & Patterns
E9vMd75UB2be,149,easy,1,22907,Rules & Patterns
E9vMd75UB2be,150,easy,0,17885,Rules & Patterns
Ui0yLwC2YxnT,121,easy,1,10621,Classification & Modeling
Ui0yLwC2YxnT,122,hard,1,24826,Rules & Patterns
Ui0yLwC2YxnT,123,easy,1,11682,Rules & Patterns
Ui0yLwC2YxnT,124,easy,1,11412,Rules & Patterns
Ui0yLwC2YxnT,125,easy,1,10621,Rules & Patterns
Ui0yLwC2YxnT,126,easy,1,15310,Rules & Patterns
Ui0yLwC2YxnT,127,medium,0,23916,Rules & Patterns
Ui0yLwC2YxnT,128,easy,0,19182,Rules & Patterns
Ui0yLwC2YxnT,129,easy,1,11682,Rules & Patterns
Ui0yLwC2YxnT,130,easy,1,9393,Rules & Patterns
Ui0yLwC2YxnT,131,easy,1,10218,Clustering & Unsupervised
Ui0yLwC2YxnT,132,easy,0,20122,Rules & Patterns
Ui0yLwC2YxnT,133,easy,1,17680,Rules & Patterns
Ui0yLwC2YxnT,134,medium,0,22179,Rules & Patterns
Ui0yLwC2YxnT,135,easy,1,9393,Rules & Patterns
Ui0yLwC2YxnT,136,easy,1,14398,Rules & Patterns
Ui0yLwC2YxnT,137,easy,0,13664,Rules & Patterns
Ui0yLwC2YxnT,138,easy,1,10621,Rules & Patterns
Ui0yLwC2YxnT,139,easy,1,12156,Rules & Patterns
Ui0yLwC2YxnT,140,easy,1,9393,Rules & Patterns
Ui0yLwC2YxnT,141,easy,1,10621,Data & Features
Ui0yLwC2YxnT,142,easy,1,14398,Rules & Patterns
Ui0yLwC2YxnT,143,easy,1,12156,Rules & Patterns
Ui0yLwC2YxnT,144,easy,1,15310,Data & Features
Ui0yLwC2YxnT,145,hard,0,19480,Data & Features
Ui0yLwC2YxnT,146,easy,1,17633,Rules & Patterns
Ui0yLwC2YxnT,147,medium,0,23641,Misc / Tools
Ui0yLwC2YxnT,148,medium,0,23916,Rules & Patterns
Ui0yLwC2YxnT,149,easy,1,18836,Rules & Patterns
Ui0yLwC2YxnT,150,easy,1,13917,Rules & Patterns
DI3Mqi034afd,121,easy,1,13496,Classification & Modeling
DI3Mqi034afd,122,hard,0,35399,Rules & Patterns
DI3Mqi034afd,123,easy,1,13851,Rules & Patterns
DI3Mqi034afd,124,easy,1,13531,Rules & Patterns
DI3Mqi034afd,125,easy,1,13496,Rules & Patterns
DI3Mqi034afd,126,easy,1,17065,Rules & Patterns
DI3Mqi034afd,127,medium,1,27815,Rules & Patterns
DI3Mqi034afd,128,easy,1,18697,Rules & Patterns
DI3Mqi034afd,129,easy,1,13851,Rules & Patterns
DI3Mqi034afd,130,easy,1,12260,Rules & Patterns
DI3Mqi034afd,131,easy,1,12669,Clustering & Unsupervised
DI3Mqi034afd,132,easy,1,19490,Rules & Patterns
DI3Mqi034afd,133,easy,1,19760,Rules & Patterns
DI3Mqi034afd,134,medium,1,26488,Rules & Patterns
DI3Mqi034afd,135,easy,1,12260,Rules & Patterns
DI3Mqi034afd,136,easy,1,16218,Rules & Patterns
DI3Mqi034afd,137,easy,1,13531,Rules & Patterns
DI3Mqi034afd,138,easy,1,13496,Rules & Patterns
DI3Mqi034afd,139,easy,1,14612,Rules & Patterns
DI3Mqi034afd,140,easy,1,12260,Rules & Patterns
DI3Mqi034afd,141,easy,1,13496,Data & Features
DI3Mqi034afd,142,easy,1,16218,Rules & Patterns
DI3Mqi034afd,143,easy,1,14612,Rules & Patterns
DI3Mqi034afd,144,easy,1,17065,Data & Features
DI3Mqi034afd,145,hard,0,35149,Data & Features
DI3Mqi034afd,146,easy,1,19708,Rules & Patterns
DI3Mqi034afd,147,medium,1,27526,Misc / Tools
DI3Mqi034afd,148,medium,1,27815,Rules & Patterns
DI3Mqi034afd,149,easy,1,22594,Rules & Patterns
DI3Mqi034afd,150,easy,1,15699,Rules & Patterns
Q7dfzHYyXvOT,121,easy,1,12378,Classification & Modeling
Q7dfzHYyXvOT,122,hard,0,33353,Rules & Patterns
Q7dfzHYyXvOT,123,easy,1,12260,Rules & Patterns
Q7dfzHYyXvOT,124,easy,1,11977,Rules & Patterns
Q7dfzHYyXvOT,125,easy,1,12378,Rules & Patterns
Q7dfzHYyXvOT,126,easy,1,14736,Rules & Patterns
Q7dfzHYyXvOT,127,medium,1,24429,Rules & Patterns
Q7dfzHYyXvOT,128,easy,1,16421,Rules & Patterns
Q7dfzHYyXvOT,129,easy,1,12260,Rules & Patterns
Q7dfzHYyXvOT,130,easy,1,10975,Rules & Patterns
Q7dfzHYyXvOT,131,easy,1,11341,Clustering & Unsupervised
Q7dfzHYyXvOT,132,easy,1,16830,Rules & Patterns
Q7dfzHYyXvOT,133,easy,1,17064,Rules & Patterns
Q7dfzHYyXvOT,134,medium,1,23847,Rules & Patterns
Q7dfzHYyXvOT,135,easy,1,10975,Rules & Patterns
Q7dfzHYyXvOT,136,easy,1,14075,Rules & Patterns
Q7dfzHYyXvOT,137,easy,1,11977,Rules & Patterns
Q7dfzHYyXvOT,138,easy,1,12378,Rules & Patterns
Q7dfzHYyXvOT,139,easy,1,12680,Rules & Patterns
Q7dfzHYyXvOT,140,easy,1,10975,Rules & Patterns
Q7dfzHYyXvOT,141,easy,1,12378,Data & Features
Q7dfzHYyXvOT,142,easy,1,14075,Rules & Patterns
Q7dfzHYyXvOT,143,easy,1,12680,Rules & Patterns
Q7dfzHYyXvOT,144,easy,1,14736,Data & Features
Q7dfzHYyXvOT,145,hard,0,34299,Data & Features
Q7dfzHYyXvOT,146,easy,1,17018,Rules & Patterns
Q7dfzHYyXvOT,147,medium,1,24175,Misc / Tools
Q7dfzHYyXvOT,148,medium,1,24429,Rules & Patterns
Q7dfzHYyXvOT,149,easy,1,19843,Rules & Patterns
Q7dfzHYyXvOT,150,easy,1,13624,Rules & Patterns
Oc5QucHDsmjC,121,easy,1,12773,Classification & Modeling
Oc5QucHDsmjC,122,hard,0,32920,Rules & Patterns
Oc5QucHDsmjC,123,easy,1,12796,Rules & Patterns
Oc5QucHDsmjC,124,easy,1,12500,Rules & Patterns
Oc5QucHDsmjC,125,easy,1,12773,Rules & Patterns
Oc5QucHDsmjC,126,easy,1,15765,Rules & Patterns
Oc5QucHDsmjC,127,medium,1,25696,Rules & Patterns
Oc5QucHDsmjC,128,easy,1,17273,Rules & Patterns
Oc5QucHDsmjC,129,easy,1,12796,Rules & Patterns
Oc5QucHDsmjC,130,easy,1,11326,Rules & Patterns
Oc5QucHDsmjC,131,easy,1,11704,Clustering & Unsupervised
Oc5QucHDsmjC,132,easy,1,18005,Rules & Patterns
Oc5QucHDsmjC,133,easy,1,18255,Rules & Patterns
Oc5QucHDsmjC,134,medium,1,24633,Rules & Patterns
Oc5QucHDsmjC,135,easy,1,11326,Rules & Patterns
Oc5QucHDsmjC,136,easy,1,14983,Rules & Patterns
Oc5QucHDsmjC,137,easy,1,12500,Rules & Patterns
Oc5QucHDsmjC,138,easy,1,12773,Rules & Patterns
Oc5QucHDsmjC,139,easy,1,13499,Rules & Patterns
Oc5QucHDsmjC,140,easy,1,11326,Rules & Patterns
Oc5QucHDsmjC,141,easy,1,12773,Data & Features
Oc5QucHDsmjC,142,easy,1,14983,Rules & Patterns
Oc5QucHDsmjC,143,easy,1,13499,Rules & Patterns
Oc5QucHDsmjC,144,easy,1,15765,Data & Features
Oc5QucHDsmjC,145,hard,0,32688,Data & Features
Oc5QucHDsmjC,146,easy,1,18207,Rules & Patterns
Oc5QucHDsmjC,147,medium,1,25599,Misc / Tools
Oc5QucHDsmjC,148,medium,1,25696,Rules & Patterns
Oc5QucHDsmjC,149,easy,1,20873,Rules & Patterns
Oc5QucHDsmjC,150,easy,1,14503,Rules & Patterns
VgoqnXYkjUhL,121,easy,1,12945,Classification & Modeling
VgoqnXYkjUhL,122,hard,0,30537,Rules & Patterns
VgoqnXYkjUhL,123,easy,1,13449,Rules & Patterns
VgoqnXYkjUhL,124,easy,0,18232,Rules & Patterns
VgoqnXYkjUhL,125,easy,1,12945,Rules & Patterns
VgoqnXYkjUhL,126,easy,1,16392,Rules & Patterns
VgoqnXYkjUhL,127,medium,1,26650,Rules & Patterns
VgoqnXYkjUhL,128,easy,1,17960,Rules & Patterns
VgoqnXYkjUhL,129,easy,1,13449,Rules & Patterns
VgoqnXYkjUhL,130,easy,1,11903,Rules & Patterns
VgoqnXYkjUhL,131,easy,1,12198,Clustering & Unsupervised
VgoqnXYkjUhL,132,easy,1,18722,Rules & Patterns
VgoqnXYkjUhL,133,easy,1,18982,Rules & Patterns
VgoqnXYkjUhL,134,medium,0,29346,Rules & Patterns
VgoqnXYkjUhL,135,easy,1,11903,Rules & Patterns
VgoqnXYkjUhL,136,easy,1,15661,Rules & Patterns
VgoqnXYkjUhL,137,easy,1,13138,Rules & Patterns
VgoqnXYkjUhL,138,easy,0,17607,Rules & Patterns
VgoqnXYkjUhL,139,easy,1,14147,Rules & Patterns
VgoqnXYkjUhL,140,easy,1,11903,Rules & Patterns
VgoqnXYkjUhL,141,easy,1,12945,Data & Features
VgoqnXYkjUhL,142,easy,1,15661,Rules & Patterns
VgoqnXYkjUhL,143,easy,1,14147,Rules & Patterns
VgoqnXYkjUhL,144,easy,1,16392,Data & Features
VgoqnXYkjUhL,145,hard,0,26709,Data & Features
VgoqnXYkjUhL,146,easy,1,18931,Rules & Patterns
VgoqnXYkjUhL,147,medium,1,26373,Misc / Tools
VgoqnXYkjUhL,148,medium,1,26650,Rules & Patterns
VgoqnXYkjUhL,149,easy,1,21554,Rules & Patterns
VgoqnXYkjUhL,150,easy,1,15159,Rules & Patterns
bUBpyoQOQ4Ov,121,easy,1,14378,Classification & Modeling
bUBpyoQOQ4Ov,122,hard,0,28821,Rules & Patterns
bUBpyoQOQ4Ov,123,easy,1,14574,Rules & Patterns
bUBpyoQOQ4Ov,124,easy,1,14237,Rules & Patterns
bUBpyoQOQ4Ov,125,easy,1,14378,Rules & Patterns
bUBpyoQOQ4Ov,126,easy,0,21302,Rules & Patterns
bUBpyoQOQ4Ov,127,medium,1,26160,Rules & Patterns
bUBpyoQOQ4Ov,128,easy,0,21594,Rules & Patterns
bUBpyoQOQ4Ov,129,easy,1,14574,Rules & Patterns
bUBpyoQOQ4Ov,130,easy,1,12713,Rules & Patterns
bUBpyoQOQ4Ov,131,easy,1,13726,Clustering & Unsupervised
bUBpyoQOQ4Ov,132,easy,1,19685,Rules & Patterns
bUBpyoQOQ4Ov,133,easy,1,19903,Rules & Patterns
bUBpyoQOQ4Ov,134,medium,0,25492,Rules & Patterns
bUBpyoQOQ4Ov,135,easy,1,12713,Rules & Patterns
bUBpyoQOQ4Ov,136,easy,0,21494,Rules & Patterns
bUBpyoQOQ4Ov,137,easy,1,14237,Rules & Patterns
bUBpyoQOQ4Ov,138,easy,1,14378,Rules & Patterns
bUBpyoQOQ4Ov,139,easy,1,15151,Rules & Patterns
bUBpyoQOQ4Ov,140,easy,1,12713,Rules & Patterns
bUBpyoQOQ4Ov,141,easy,1,14378,Data & Features
bUBpyoQOQ4Ov,142,easy,0,21494,Rules & Patterns
bUBpyoQOQ4Ov,143,easy,1,15151,Rules & Patterns
bUBpyoQOQ4Ov,144,easy,1,17235,Data & Features
bUBpyoQOQ4Ov,145,hard,0,23014,Data & Features
bUBpyoQOQ4Ov,146,easy,1,19850,Rules & Patterns
bUBpyoQOQ4Ov,147,medium,1,25888,Misc / Tools
bUBpyoQOQ4Ov,148,medium,1,26160,Rules & Patterns
bUBpyoQOQ4Ov,149,easy,1,21805,Rules & Patterns
bUBpyoQOQ4Ov,150,easy,1,16195,Rules & Patterns
I93EMGZEU4vI,121,easy,1,14590,Classification & Modeling
I93EMGZEU4vI,122,hard,0,32985,Rules & Patterns
I93EMGZEU4vI,123,easy,1,14789,Rules & Patterns
I93EMGZEU4vI,124,easy,1,14447,Rules & Patterns
I93EMGZEU4vI,125,easy,1,14590,Rules & Patterns
I93EMGZEU4vI,126,easy,1,18003,Rules & Patterns
I93EMGZEU4vI,127,medium,1,28785,Rules & Patterns
I93EMGZEU4vI,128,easy,1,19671,Rules & Patterns
I93EMGZEU4vI,129,easy,1,14789,Rules & Patterns
I93EMGZEU4vI,130,easy,1,12900,Rules & Patterns
I93EMGZEU4vI,131,easy,1,13928,Clustering & Unsupervised
I93EMGZEU4vI,132,easy,1,20561,Rules & Patterns
I93EMGZEU4vI,133,easy,0,24625,Rules & Patterns
I93EMGZEU4vI,134,medium,0,30678,Rules & Patterns
I93EMGZEU4vI,135,easy,1,12900,Rules & Patterns
I93EMGZEU4vI,136,easy,1,16911,Rules & Patterns
I93EMGZEU4vI,137,easy,1,14447,Rules & Patterns
I93EMGZEU4vI,138,easy,1,14590,Rules & Patterns
I93EMGZEU4vI,139,easy,1,15374,Rules & Patterns
I93EMGZEU4vI,140,easy,1,12900,Rules & Patterns
I93EMGZEU4vI,141,easy,1,14590,Data & Features
I93EMGZEU4vI,142,easy,1,16911,Rules & Patterns
I93EMGZEU4vI,143,easy,0,21286,Rules & Patterns
I93EMGZEU4vI,144,easy,1,18003,Data & Features
I93EMGZEU4vI,145,hard,0,28860,Data & Features
I93EMGZEU4vI,146,easy,1,20734,Rules & Patterns
I93EMGZEU4vI,147,medium,0,32700,Misc / Tools
I93EMGZEU4vI,148,medium,1,28785,Rules & Patterns
I93EMGZEU4vI,149,easy,1,23685,Rules & Patterns
I93EMGZEU4vI,150,easy,1,16492,Rules & Patterns
QJccKPT4nu7V,121,easy,1,14590,Classification & Modeling
QJccKPT4nu7V,122,hard,1,31638,Rules & Patterns
QJccKPT4nu7V,123,easy,1,14789,Rules & Patterns
QJccKPT4nu7V,124,easy,1,14447,Rules & Patterns
QJccKPT4nu7V,125,easy,1,14590,Rules & Patterns
QJccKPT4nu7V,126,easy,1,18003,Rules & Patterns
QJccKPT4nu7V,127,medium,0,33283,Rules & Patterns
QJccKPT4nu7V,128,easy,0,23339,Rules & Patterns
QJccKPT4nu7V,129,easy,1,14789,Rules & Patterns
QJccKPT4nu7V,130,easy,1,12900,Rules & Patterns
QJccKPT4nu7V,131,easy,1,13928,Clustering & Unsupervised
QJccKPT4nu7V,132,easy,1,20561,Rules & Patterns
QJccKPT4nu7V,133,easy,0,24625,Rules & Patterns
QJccKPT4nu7V,134,medium,0,30678,Rules & Patterns
QJccKPT4nu7V,135,easy,1,12900,Rules & Patterns
QJccKPT4nu7V,136,easy,1,16911,Rules & Patterns
QJccKPT4nu7V,137,easy,0,19454,Rules & Patterns
QJccKPT4nu7V,138,easy,1,14590,Rules & Patterns
QJccKPT4nu7V,139,easy,1,15374,Rules & Patterns
QJccKPT4nu7V,140,easy,1,12900,Rules & Patterns
QJccKPT4nu7V,141,easy,1,14590,Data & Features
QJccKPT4nu7V,142,easy,1,16911,Rules & Patterns
QJccKPT4nu7V,143,easy,1,15374,Rules & Patterns
QJccKPT4nu7V,144,easy,1,18003,Data & Features
QJccKPT4nu7V,145,hard,0,28860,Data & Features
QJccKPT4nu7V,146,easy,1,20734,Rules & Patterns
QJccKPT4nu7V,147,medium,0,32700,Misc / Tools
QJccKPT4nu7V,148,medium,0,33283,Rules & Patterns
QJccKPT4nu7V,149,easy,1,23685,Rules & Patterns
QJccKPT4nu7V,150,easy,1,16492,Rules & Patterns
HDHPHpQGlRLt,121,easy,1,14818,Classification & Modeling
HDHPHpQGlRLt,122,hard,1,34664,Rules & Patterns
HDHPHpQGlRLt,123,easy,1,15125,Rules & Patterns
HDHPHpQGlRLt,124,easy,1,14775,Rules & Patterns
HDHPHpQGlRLt,125,easy,1,14818,Rules & Patterns
HDHPHpQGlRLt,126,easy,1,20821,Rules & Patterns
HDHPHpQGlRLt,127,medium,0,39356,Rules & Patterns
HDHPHpQGlRLt,128,easy,1,22750,Rules & Patterns
HDHPHpQGlRLt,129,easy,1,15125,Rules & Patterns
HDHPHpQGlRLt,130,easy,1,13247,Rules & Patterns
HDHPHpQGlRLt,131,easy,1,14303,Clustering & Unsupervised
HDHPHpQGlRLt,132,easy,1,23780,Rules & Patterns
HDHPHpQGlRLt,133,easy,1,24044,Rules & Patterns
HDHPHpQGlRLt,134,medium,0,34107,Rules & Patterns
HDHPHpQGlRLt,135,easy,1,13247,Rules & Patterns
HDHPHpQGlRLt,136,easy,1,17714,Rules & Patterns
HDHPHpQGlRLt,137,easy,1,14775,Rules & Patterns
HDHPHpQGlRLt,138,easy,1,14818,Rules & Patterns
HDHPHpQGlRLt,139,easy,1,15763,Rules & Patterns
HDHPHpQGlRLt,140,easy,1,13247,Rules & Patterns
HDHPHpQGlRLt,141,easy,1,14818,Data & Features
HDHPHpQGlRLt,142,easy,1,17714,Rules & Patterns
HDHPHpQGlRLt,143,easy,1,15763,Rules & Patterns
HDHPHpQGlRLt,144,easy,1,20821,Data & Features
HDHPHpQGlRLt,145,hard,0,24952,Data & Features
HDHPHpQGlRLt,146,easy,1,23980,Rules & Patterns
HDHPHpQGlRLt,147,medium,0,36931,Misc / Tools
HDHPHpQGlRLt,148,medium,1,33543,Rules & Patterns
HDHPHpQGlRLt,149,easy,1,27600,Rules & Patterns
HDHPHpQGlRLt,150,easy,1,17147,Rules & Patterns
0rzpTGhVxVJU,121,easy,1,11553,Classification & Modeling
0rzpTGhVxVJU,122,hard,0,27753,Rules & Patterns
0rzpTGhVxVJU,123,easy,1,13482,Rules & Patterns
0rzpTGhVxVJU,124,easy,0,14341,Rules & Patterns
0rzpTGhVxVJU,125,easy,1,11553,Rules & Patterns
0rzpTGhVxVJU,126,easy,0,18963,Rules & Patterns
0rzpTGhVxVJU,127,medium,0,27263,Rules & Patterns
0rzpTGhVxVJU,128,easy,1,19218,Rules & Patterns
0rzpTGhVxVJU,129,easy,0,14681,Rules & Patterns
0rzpTGhVxVJU,130,easy,1,9762,Rules & Patterns
0rzpTGhVxVJU,131,easy,1,11208,Clustering & Unsupervised
0rzpTGhVxVJU,132,easy,0,21215,Rules & Patterns
0rzpTGhVxVJU,133,easy,0,21359,Rules & Patterns
0rzpTGhVxVJU,134,medium,0,24547,Rules & Patterns
0rzpTGhVxVJU,135,easy,1,9762,Rules & Patterns
0rzpTGhVxVJU,136,easy,0,18555,Rules & Patterns
0rzpTGhVxVJU,137,easy,1,13170,Rules & Patterns
0rzpTGhVxVJU,138,easy,1,11553,Rules & Patterns
0rzpTGhVxVJU,139,easy,0,15651,Rules & Patterns
0rzpTGhVxVJU,140,easy,1,9762,Rules & Patterns
0rzpTGhVxVJU,141,easy,1,11553,Data & Features
0rzpTGhVxVJU,142,easy,0,18555,Rules & Patterns
0rzpTGhVxVJU,143,easy,1,14234,Rules & Patterns
0rzpTGhVxVJU,144,easy,0,18963,Data & Features
0rzpTGhVxVJU,145,hard,0,21004,Data & Features
0rzpTGhVxVJU,146,easy,1,20299,Rules & Patterns
0rzpTGhVxVJU,147,medium,0,26139,Misc / Tools
0rzpTGhVxVJU,148,medium,0,27263,Rules & Patterns
0rzpTGhVxVJU,149,easy,0,23655,Rules & Patterns
0rzpTGhVxVJU,150,easy,1,16001,Rules & Patterns
0Hpj01paAdfZ,121,easy,1,11553,Classification & Modeling
0Hpj01paAdfZ,122,hard,1,29253,Rules & Patterns
0Hpj01paAdfZ,123,easy,1,13482,Rules & Patterns
0Hpj01paAdfZ,124,easy,1,13170,Rules & Patterns
0Hpj01paAdfZ,125,easy,1,11553,Rules & Patterns
0Hpj01paAdfZ,126,easy,1,17712,Rules & Patterns
0Hpj01paAdfZ,127,medium,1,27483,Rules & Patterns
0Hpj01paAdfZ,128,easy,0,19905,Rules & Patterns
0Hpj01paAdfZ,129,easy,1,13482,Rules & Patterns
0Hpj01paAdfZ,130,easy,1,9762,Rules & Patterns
0Hpj01paAdfZ,131,easy,1,11208,Clustering & Unsupervised
0Hpj01paAdfZ,132,easy,1,20130,Rules & Patterns
0Hpj01paAdfZ,133,easy,1,20353,Rules & Patterns
0Hpj01paAdfZ,134,medium,1,25516,Rules & Patterns
0Hpj01paAdfZ,135,easy,1,9762,Rules & Patterns
0Hpj01paAdfZ,136,easy,1,16554,Rules & Patterns
0Hpj01paAdfZ,137,easy,1,13170,Rules & Patterns
0Hpj01paAdfZ,138,easy,1,11553,Rules & Patterns
0Hpj01paAdfZ,139,easy,1,14234,Rules & Patterns
0Hpj01paAdfZ,140,easy,1,9762,Rules & Patterns
0Hpj01paAdfZ,141,easy,1,11553,Data & Features
0Hpj01paAdfZ,142,easy,1,16554,Rules & Patterns
0Hpj01paAdfZ,143,easy,1,14234,Rules & Patterns
0Hpj01paAdfZ,144,easy,0,18847,Data & Features
0Hpj01paAdfZ,145,hard,0,20875,Data & Features
0Hpj01paAdfZ,146,easy,1,20299,Rules & Patterns
0Hpj01paAdfZ,147,medium,0,25979,Misc / Tools
0Hpj01paAdfZ,148,medium,0,27096,Rules & Patterns
0Hpj01paAdfZ,149,easy,0,23510,Rules & Patterns
0Hpj01paAdfZ,150,easy,1,16001,Rules & Patterns
vgAkx62M3oPn,121,easy,1,14590,Classification & Modeling
vgAkx62M3oPn,122,hard,0,32985,Rules & Patterns
vgAkx62M3oPn,123,easy,1,14789,Rules & Patterns
vgAkx62M3oPn,124,easy,1,14447,Rules & Patterns
vgAkx62M3oPn,125,easy,1,14590,Rules & Patterns
vgAkx62M3oPn,126,easy,1,18003,Rules & Patterns
vgAkx62M3oPn,127,medium,1,28785,Rules & Patterns
vgAkx62M3oPn,128,easy,1,19671,Rules & Patterns
vgAkx62M3oPn,129,easy,0,19915,Rules & Patterns
vgAkx62M3oPn,130,easy,1,12900,Rules & Patterns
vgAkx62M3oPn,131,easy,1,13928,Clustering & Unsupervised
vgAkx62M3oPn,132,easy,1,20561,Rules & Patterns
vgAkx62M3oPn,133,easy,1,20789,Rules & Patterns
vgAkx62M3oPn,134,medium,1,27386,Rules & Patterns
vgAkx62M3oPn,135,easy,1,12900,Rules & Patterns
vgAkx62M3oPn,136,easy,1,16911,Rules & Patterns
vgAkx62M3oPn,137,easy,1,14447,Rules & Patterns
vgAkx62M3oPn,138,easy,1,14590,Rules & Patterns
vgAkx62M3oPn,139,easy,1,15374,Rules & Patterns
vgAkx62M3oPn,140,easy,1,12900,Rules & Patterns
vgAkx62M3oPn,141,easy,1,14590,Data & Features
vgAkx62M3oPn,142,easy,0,22870,Rules & Patterns
vgAkx62M3oPn,143,easy,0,21286,Rules & Patterns
vgAkx62M3oPn,144,easy,1,18003,Data & Features
vgAkx62M3oPn,145,hard,0,28860,Data & Features
vgAkx62M3oPn,146,easy,1,20734,Rules & Patterns
vgAkx62M3oPn,147,medium,0,32700,Misc / Tools
vgAkx62M3oPn,148,medium,1,28785,Rules & Patterns
vgAkx62M3oPn,149,easy,1,23685,Rules & Patterns
vgAkx62M3oPn,150,easy,1,16492,Rules & Patterns
VqXqgB6ructd,121,easy,1,15659,Classification & Modeling
VqXqgB6ructd,122,hard,0,34377,Rules & Patterns
VqXqgB6ructd,123,easy,1,15817,Rules & Patterns
VqXqgB6ructd,124,easy,1,15451,Rules & Patterns
VqXqgB6ructd,125,easy,1,15659,Rules & Patterns
VqXqgB6ructd,126,easy,1,19536,Rules & Patterns
VqXqgB6ructd,127,medium,1,31474,Rules & Patterns
VqXqgB6ructd,128,easy,1,21346,Rules & Patterns
VqXqgB6ructd,129,easy,1,15817,Rules & Patterns
VqXqgB6ructd,130,easy,1,13999,Rules & Patterns
VqXqgB6ructd,131,easy,1,15115,Clustering & Unsupervised
VqXqgB6ructd,132,easy,1,22313,Rules & Patterns
VqXqgB6ructd,133,easy,1,22560,Rules & Patterns
VqXqgB6ructd,134,medium,0,33419,Rules & Patterns
VqXqgB6ructd,135,easy,1,13999,Rules & Patterns
VqXqgB6ructd,136,easy,1,18300,Rules & Patterns
VqXqgB6ructd,137,easy,1,15451,Rules & Patterns
VqXqgB6ructd,138,easy,1,15659,Rules & Patterns
VqXqgB6ructd,139,easy,1,16485,Rules & Patterns
VqXqgB6ructd,140,easy,1,13999,Rules & Patterns
VqXqgB6ructd,141,easy,1,15659,Data & Features
VqXqgB6ructd,142,easy,1,18300,Rules & Patterns
VqXqgB6ructd,143,easy,0,22739,Rules & Patterns
VqXqgB6ructd,144,easy,1,19536,Data & Features
VqXqgB6ructd,145,hard,0,29881,Data & Features
VqXqgB6ructd,146,easy,1,22500,Rules & Patterns
VqXqgB6ructd,147,medium,1,31146,Misc / Tools
VqXqgB6ructd,148,medium,1,31474,Rules & Patterns
VqXqgB6ructd,149,easy,1,25897,Rules & Patterns
VqXqgB6ructd,150,easy,1,17714,Rules & Patterns
9xt9EeOQtcXZ,121,easy,1,14378,Classification & Modeling
9xt9EeOQtcXZ,122,hard,0,28821,Rules & Patterns
9xt9EeOQtcXZ,123,easy,1,14574,Rules & Patterns
9xt9EeOQtcXZ,124,easy,1,14237,Rules & Patterns
9xt9EeOQtcXZ,125,easy,1,14378,Rules & Patterns
9xt9EeOQtcXZ,126,easy,1,17235,Rules & Patterns
9xt9EeOQtcXZ,127,medium,1,26160,Rules & Patterns
9xt9EeOQtcXZ,128,easy,1,18832,Rules & Patterns
9xt9EeOQtcXZ,129,easy,1,14574,Rules & Patterns
9xt9EeOQtcXZ,130,easy,1,12713,Rules & Patterns
9xt9EeOQtcXZ,131,easy,1,13726,Clustering & Unsupervised
9xt9EeOQtcXZ,132,easy,1,19685,Rules & Patterns
9xt9EeOQtcXZ,133,easy,1,19903,Rules & Patterns
9xt9EeOQtcXZ,134,medium,0,25492,Rules & Patterns
9xt9EeOQtcXZ,135,easy,1,12713,Rules & Patterns
9xt9EeOQtcXZ,136,easy,1,16446,Rules & Patterns
9xt9EeOQtcXZ,137,easy,1,14237,Rules & Patterns
9xt9EeOQtcXZ,138,easy,1,14378,Rules & Patterns
9xt9EeOQtcXZ,139,easy,0,20321,Rules & Patterns
9xt9EeOQtcXZ,140,easy,1,12713,Rules & Patterns
9xt9EeOQtcXZ,141,easy,1,14378,Data & Features
9xt9EeOQtcXZ,142,easy,0,21494,Rules & Patterns
9xt9EeOQtcXZ,143,easy,0,20321,Rules & Patterns
9xt9EeOQtcXZ,144,easy,1,17235,Data & Features
9xt9EeOQtcXZ,145,hard,0,23014,Data & Features
9xt9EeOQtcXZ,146,easy,1,19850,Rules & Patterns
9xt9EeOQtcXZ,147,medium,1,25888,Misc / Tools
9xt9EeOQtcXZ,148,medium,1,26160,Rules & Patterns
9xt9EeOQtcXZ,149,easy,1,21805,Rules & Patterns
9xt9EeOQtcXZ,150,easy,1,16195,Rules & Patterns
X0HFePMCkBsP,121,easy,1,12136,Classification & Modeling
X0HFePMCkBsP,122,hard,1,28329,Rules & Patterns
X0HFePMCkBsP,123,easy,1,13196,Rules & Patterns
X0HFePMCkBsP,124,easy,1,12891,Rules & Patterns
X0HFePMCkBsP,125,easy,1,12136,Rules & Patterns
X0HFePMCkBsP,126,easy,1,17112,Rules & Patterns
X0HFePMCkBsP,127,medium,0,27458,Rules & Patterns
X0HFePMCkBsP,128,easy,1,18697,Rules & Patterns
X0HFePMCkBsP,129,easy,1,13196,Rules & Patterns
X0HFePMCkBsP,130,easy,1,10690,Rules & Patterns
X0HFePMCkBsP,131,easy,1,11542,Clustering & Unsupervised
X0HFePMCkBsP,132,easy,0,22490,Rules & Patterns
X0HFePMCkBsP,133,easy,1,19760,Rules & Patterns
X0HFePMCkBsP,134,medium,1,24711,Rules & Patterns
X0HFePMCkBsP,135,easy,1,10690,Rules & Patterns
X0HFePMCkBsP,136,easy,1,16169,Rules & Patterns
X0HFePMCkBsP,137,easy,1,12891,Rules & Patterns
X0HFePMCkBsP,138,easy,1,12136,Rules & Patterns
X0HFePMCkBsP,139,easy,1,14135,Rules & Patterns
X0HFePMCkBsP,140,easy,1,10690,Rules & Patterns
X0HFePMCkBsP,141,easy,1,12136,Data & Features
X0HFePMCkBsP,142,easy,1,16169,Rules & Patterns
X0HFePMCkBsP,143,easy,1,14135,Rules & Patterns
X0HFePMCkBsP,144,easy,1,17112,Data & Features
X0HFePMCkBsP,145,hard,0,22849,Data & Features
X0HFePMCkBsP,146,easy,1,19708,Rules & Patterns
X0HFePMCkBsP,147,medium,0,26977,Misc / Tools
X0HFePMCkBsP,148,medium,0,27458,Rules & Patterns
X0HFePMCkBsP,149,easy,0,24965,Rules & Patterns
X0HFePMCkBsP,150,easy,1,15628,Rules & Patterns
32nLuB1xqIO4,121,easy,1,14590,Classification & Modeling
32nLuB1xqIO4,122,hard,1,31638,Rules & Patterns
32nLuB1xqIO4,123,easy,1,14789,Rules & Patterns
32nLuB1xqIO4,124,easy,1,14447,Rules & Patterns
32nLuB1xqIO4,125,easy,1,14590,Rules & Patterns
32nLuB1xqIO4,126,easy,1,18003,Rules & Patterns
32nLuB1xqIO4,127,medium,0,33283,Rules & Patterns
32nLuB1xqIO4,128,easy,1,19671,Rules & Patterns
32nLuB1xqIO4,129,easy,1,14789,Rules & Patterns
32nLuB1xqIO4,130,easy,1,12900,Rules & Patterns
32nLuB1xqIO4,131,easy,1,13928,Clustering & Unsupervised
32nLuB1xqIO4,132,easy,1,20561,Rules & Patterns
32nLuB1xqIO4,133,easy,1,20789,Rules & Patterns
32nLuB1xqIO4,134,medium,0,30678,Rules & Patterns
32nLuB1xqIO4,135,easy,1,12900,Rules & Patterns
32nLuB1xqIO4,136,easy,0,22870,Rules & Patterns
32nLuB1xqIO4,137,easy,1,14447,Rules & Patterns
32nLuB1xqIO4,138,easy,1,14590,Rules & Patterns
32nLuB1xqIO4,139,easy,1,15374,Rules & Patterns
32nLuB1xqIO4,140,easy,1,12900,Rules & Patterns
32nLuB1xqIO4,141,easy,1,14590,Data & Features
32nLuB1xqIO4,142,easy,1,16911,Rules & Patterns
32nLuB1xqIO4,143,easy,1,15374,Rules & Patterns
32nLuB1xqIO4,144,easy,0,23024,Data & Features
32nLuB1xqIO4,145,hard,0,28860,Data & Features
32nLuB1xqIO4,146,easy,1,20734,Rules & Patterns
32nLuB1xqIO4,147,medium,0,32700,Misc / Tools
32nLuB1xqIO4,148,medium,0,33283,Rules & Patterns
32nLuB1xqIO4,149,easy,1,23685,Rules & Patterns
32nLuB1xqIO4,150,easy,0,22477,Rules & Patterns
GiEhMndZmOa5,121,easy,1,12552,Classification & Modeling
GiEhMndZmOa5,122,hard,0,31041,Rules & Patterns
GiEhMndZmOa5,123,easy,0,16235,Rules & Patterns
GiEhMndZmOa5,124,easy,1,13443,Rules & Patterns
GiEhMndZmOa5,125,easy,1,12552,Rules & Patterns
GiEhMndZmOa5,126,easy,0,21573,Rules & Patterns
GiEhMndZmOa5,127,medium,1,28004,Rules & Patterns
GiEhMndZmOa5,128,easy,0,22139,Rules & Patterns
GiEhMndZmOa5,129,easy,1,13762,Rules & Patterns
GiEhMndZmOa5,130,easy,1,11066,Rules & Patterns
GiEhMndZmOa5,131,easy,1,12037,Clustering & Unsupervised
GiEhMndZmOa5,132,easy,1,20551,Rules & Patterns
GiEhMndZmOa5,133,easy,1,20779,Rules & Patterns
GiEhMndZmOa5,134,medium,0,27456,Rules & Patterns
GiEhMndZmOa5,135,easy,1,11066,Rules & Patterns
GiEhMndZmOa5,136,easy,1,16862,Rules & Patterns
GiEhMndZmOa5,137,easy,1,13443,Rules & Patterns
GiEhMndZmOa5,138,easy,1,12552,Rules & Patterns
GiEhMndZmOa5,139,easy,1,14478,Rules & Patterns
GiEhMndZmOa5,140,easy,1,11066,Rules & Patterns
GiEhMndZmOa5,141,easy,1,12552,Data & Features
GiEhMndZmOa5,142,easy,1,16862,Rules & Patterns
GiEhMndZmOa5,143,easy,1,14478,Rules & Patterns
GiEhMndZmOa5,144,easy,1,17993,Data & Features
GiEhMndZmOa5,145,hard,0,24787,Data & Features
GiEhMndZmOa5,146,easy,1,20724,Rules & Patterns
GiEhMndZmOa5,147,medium,0,29265,Misc / Tools
GiEhMndZmOa5,148,medium,1,28004,Rules & Patterns
GiEhMndZmOa5,149,easy,1,23712,Rules & Patterns
GiEhMndZmOa5,150,easy,1,16298,Rules & Patterns
ylh73EEFQ8CD,121,easy,1,13612,Classification & Modeling
ylh73EEFQ8CD,122,hard,0,30547,Rules & Patterns
ylh73EEFQ8CD,123,easy,1,13487,Rules & Patterns
ylh73EEFQ8CD,124,easy,1,13175,Rules & Patterns
ylh73EEFQ8CD,125,easy,1,13612,Rules & Patterns
ylh73EEFQ8CD,126,easy,1,16160,Rules & Patterns
ylh73EEFQ8CD,127,medium,0,31388,Rules & Patterns
ylh73EEFQ8CD,128,easy,1,17706,Rules & Patterns
ylh73EEFQ8CD,129,easy,1,13487,Rules & Patterns
ylh73EEFQ8CD,130,easy,1,11937,Rules & Patterns
ylh73EEFQ8CD,131,easy,1,12233,Clustering & Unsupervised
ylh73EEFQ8CD,132,easy,1,18457,Rules & Patterns
ylh73EEFQ8CD,133,easy,1,18713,Rules & Patterns
ylh73EEFQ8CD,134,medium,1,25363,Rules & Patterns
ylh73EEFQ8CD,135,easy,1,11937,Rules & Patterns
ylh73EEFQ8CD,136,easy,1,15439,Rules & Patterns
ylh73EEFQ8CD,137,easy,1,13175,Rules & Patterns
ylh73EEFQ8CD,138,easy,1,13612,Rules & Patterns
ylh73EEFQ8CD,139,easy,1,13947,Rules & Patterns
ylh73EEFQ8CD,140,easy,1,11937,Rules & Patterns
ylh73EEFQ8CD,141,easy,1,13612,Data & Features
ylh73EEFQ8CD,142,easy,1,15439,Rules & Patterns
ylh73EEFQ8CD,143,easy,1,13947,Rules & Patterns
ylh73EEFQ8CD,144,easy,1,16160,Data & Features
ylh73EEFQ8CD,145,hard,0,26737,Data & Features
ylh73EEFQ8CD,146,easy,1,18664,Rules & Patterns
ylh73EEFQ8CD,147,medium,0,30838,Misc / Tools
ylh73EEFQ8CD,148,medium,1,26273,Rules & Patterns
ylh73EEFQ8CD,149,easy,1,21249,Rules & Patterns
ylh73EEFQ8CD,150,easy,1,14945,Rules & Patterns
OLMmduueQtv7,121,easy,1,14796,Classification & Modeling
OLMmduueQtv7,122,hard,1,32687,Rules & Patterns
OLMmduueQtv7,123,easy,1,14945,Rules & Patterns
OLMmduueQtv7,124,easy,1,14600,Rules & Patterns
OLMmduueQtv7,125,easy,1,14796,Rules & Patterns
OLMmduueQtv7,126,easy,1,18460,Rules & Patterns
OLMmduueQtv7,127,medium,0,34893,Rules & Patterns
OLMmduueQtv7,128,easy,1,20170,Rules & Patterns
OLMmduueQtv7,129,easy,1,14945,Rules & Patterns
OLMmduueQtv7,130,easy,1,13228,Rules & Patterns
OLMmduueQtv7,131,easy,1,14282,Clustering & Unsupervised
OLMmduueQtv7,132,easy,1,21083,Rules & Patterns
OLMmduueQtv7,133,easy,0,25622,Rules & Patterns
OLMmduueQtv7,134,medium,0,32162,Rules & Patterns
OLMmduueQtv7,135,easy,1,13228,Rules & Patterns
OLMmduueQtv7,136,easy,1,17292,Rules & Patterns
OLMmduueQtv7,137,easy,1,14600,Rules & Patterns
OLMmduueQtv7,138,easy,1,14796,Rules & Patterns
OLMmduueQtv7,139,easy,1,15576,Rules & Patterns
OLMmduueQtv7,140,easy,1,13228,Rules & Patterns
OLMmduueQtv7,141,easy,1,14796,Data & Features
OLMmduueQtv7,142,easy,1,17292,Rules & Patterns
OLMmduueQtv7,143,easy,1,15576,Rules & Patterns
OLMmduueQtv7,144,easy,1,18460,Data & Features
OLMmduueQtv7,145,hard,0,28757,Data & Features
OLMmduueQtv7,146,easy,1,21260,Rules & Patterns
OLMmduueQtv7,147,medium,0,34281,Misc / Tools
OLMmduueQtv7,148,medium,0,34893,Rules & Patterns
OLMmduueQtv7,149,easy,1,24470,Rules & Patterns
OLMmduueQtv7,150,easy,1,16738,Rules & Patterns
SpXSTCkMzPni,121,easy,1,14796,Classification & Modeling
SpXSTCkMzPni,122,hard,0,33085,Rules & Patterns
SpXSTCkMzPni,123,easy,1,14945,Rules & Patterns
SpXSTCkMzPni,124,easy,1,14600,Rules & Patterns
SpXSTCkMzPni,125,easy,1,14796,Rules & Patterns
SpXSTCkMzPni,126,easy,1,18460,Rules & Patterns
SpXSTCkMzPni,127,medium,1,29739,Rules & Patterns
SpXSTCkMzPni,128,easy,1,20170,Rules & Patterns
SpXSTCkMzPni,129,easy,1,14945,Rules & Patterns
SpXSTCkMzPni,130,easy,1,13228,Rules & Patterns
SpXSTCkMzPni,131,easy,1,14282,Clustering & Unsupervised
SpXSTCkMzPni,132,easy,1,21083,Rules & Patterns
SpXSTCkMzPni,133,easy,0,25622,Rules & Patterns
SpXSTCkMzPni,134,medium,0,32162,Rules & Patterns
SpXSTCkMzPni,135,easy,1,13228,Rules & Patterns
SpXSTCkMzPni,136,easy,1,17292,Rules & Patterns
SpXSTCkMzPni,137,easy,1,14600,Rules & Patterns
SpXSTCkMzPni,138,easy,1,14796,Rules & Patterns
SpXSTCkMzPni,139,easy,1,15576,Rules & Patterns
SpXSTCkMzPni,140,easy,1,13228,Rules & Patterns
SpXSTCkMzPni,141,easy,1,14796,Data & Features
SpXSTCkMzPni,142,easy,0,23730,Rules & Patterns
SpXSTCkMzPni,143,easy,1,15576,Rules & Patterns
SpXSTCkMzPni,144,easy,1,18460,Data & Features
SpXSTCkMzPni,145,hard,0,28757,Data & Features
SpXSTCkMzPni,146,easy,1,21260,Rules & Patterns
SpXSTCkMzPni,147,medium,0,34281,Misc / Tools
SpXSTCkMzPni,148,medium,0,34893,Rules & Patterns
SpXSTCkMzPni,149,easy,1,24470,Rules & Patterns
SpXSTCkMzPni,150,easy,1,16738,Rules & Patterns
e35NZ2cItyz9,121,easy,1,14711,Classification & Modeling
e35NZ2cItyz9,122,hard,0,32408,Rules & Patterns
e35NZ2cItyz9,123,easy,1,14912,Rules & Patterns
e35NZ2cItyz9,124,easy,1,14567,Rules & Patterns
e35NZ2cItyz9,125,easy,1,14711,Rules & Patterns
e35NZ2cItyz9,126,easy,1,17911,Rules & Patterns
e35NZ2cItyz9,127,medium,0,31904,Rules & Patterns
e35NZ2cItyz9,128,easy,1,19571,Rules & Patterns
e35NZ2cItyz9,129,easy,1,14912,Rules & Patterns
e35NZ2cItyz9,130,easy,1,13008,Rules & Patterns
e35NZ2cItyz9,131,easy,1,14044,Clustering & Unsupervised
e35NZ2cItyz9,132,easy,1,20457,Rules & Patterns
e35NZ2cItyz9,133,easy,1,20684,Rules & Patterns
e35NZ2cItyz9,134,medium,1,26831,Rules & Patterns
e35NZ2cItyz9,135,easy,0,16882,Rules & Patterns
e35NZ2cItyz9,136,easy,1,17051,Rules & Patterns
e35NZ2cItyz9,137,easy,1,14567,Rules & Patterns
e35NZ2cItyz9,138,easy,1,14711,Rules & Patterns
e35NZ2cItyz9,139,easy,1,15502,Rules & Patterns
e35NZ2cItyz9,140,easy,1,13008,Rules & Patterns
e35NZ2cItyz9,141,easy,1,14711,Data & Features
e35NZ2cItyz9,142,easy,1,17051,Rules & Patterns
e35NZ2cItyz9,143,easy,1,15502,Rules & Patterns
e35NZ2cItyz9,144,easy,1,17911,Data & Features
e35NZ2cItyz9,145,hard,0,25429,Data & Features
e35NZ2cItyz9,146,easy,1,20629,Rules & Patterns
e35NZ2cItyz9,147,medium,0,31345,Misc / Tools
e35NZ2cItyz9,148,medium,0,31904,Rules & Patterns
e35NZ2cItyz9,149,easy,1,23205,Rules & Patterns
e35NZ2cItyz9,150,easy,1,16629,Rules & Patterns
sg62FVLFX6BW,121,easy,1,12552,Classification & Modeling
sg62FVLFX6BW,122,hard,0,31041,Rules & Patterns
sg62FVLFX6BW,123,easy,1,13762,Rules & Patterns
sg62FVLFX6BW,124,easy,0,15860,Rules & Patterns
sg62FVLFX6BW,125,easy,1,12552,Rules & Patterns
sg62FVLFX6BW,126,easy,1,17993,Rules & Patterns
sg62FVLFX6BW,127,medium,0,29605,Rules & Patterns
sg62FVLFX6BW,128,easy,1,19661,Rules & Patterns
sg62FVLFX6BW,129,easy,1,13762,Rules & Patterns
sg62FVLFX6BW,130,easy,1,11066,Rules & Patterns
sg62FVLFX6BW,131,easy,1,12037,Clustering & Unsupervised
sg62FVLFX6BW,132,easy,0,23302,Rules & Patterns
sg62FVLFX6BW,133,easy,0,23359,Rules & Patterns
sg62FVLFX6BW,134,medium,0,27456,Rules & Patterns
sg62FVLFX6BW,135,easy,1,11066,Rules & Patterns
sg62FVLFX6BW,136,easy,1,16862,Rules & Patterns
sg62FVLFX6BW,137,easy,1,13443,Rules & Patterns
sg62FVLFX6BW,138,easy,1,12552,Rules & Patterns
sg62FVLFX6BW,139,easy,0,17563,Rules & Patterns
sg62FVLFX6BW,140,easy,1,11066,Rules & Patterns
sg62FVLFX6BW,141,easy,1,12552,Data & Features
sg62FVLFX6BW,142,easy,1,16862,Rules & Patterns
sg62FVLFX6BW,143,easy,1,14478,Rules & Patterns
sg62FVLFX6BW,144,easy,0,21573,Data & Features
sg62FVLFX6BW,145,hard,0,24787,Data & Features
sg62FVLFX6BW,146,easy,1,20724,Rules & Patterns
sg62FVLFX6BW,147,medium,0,29265,Misc / Tools
sg62FVLFX6BW,148,medium,0,29605,Rules & Patterns
sg62FVLFX6BW,149,easy,1,23712,Rules & Patterns
sg62FVLFX6BW,150,easy,1,16298,Rules & Patterns
QJyEL3O7YA2f,121,easy,1,15659,Classification & Modeling
QJyEL3O7YA2f,122,hard,0,34377,Rules & Patterns
QJyEL3O7YA2f,123,easy,1,15817,Rules & Patterns
QJyEL3O7YA2f,124,easy,1,15451,Rules & Patterns
QJyEL3O7YA2f,125,easy,1,15659,Rules & Patterns
QJyEL3O7YA2f,126,easy,0,24892,Rules & Patterns
QJyEL3O7YA2f,127,medium,1,31474,Rules & Patterns
QJyEL3O7YA2f,128,easy,1,21346,Rules & Patterns
QJyEL3O7YA2f,129,easy,1,15817,Rules & Patterns
QJyEL3O7YA2f,130,easy,1,13999,Rules & Patterns
QJyEL3O7YA2f,131,easy,1,15115,Clustering & Unsupervised
QJyEL3O7YA2f,132,easy,1,22313,Rules & Patterns
QJyEL3O7YA2f,133,easy,1,22560,Rules & Patterns
QJyEL3O7YA2f,134,medium,1,29944,Rules & Patterns
QJyEL3O7YA2f,135,easy,1,13999,Rules & Patterns
QJyEL3O7YA2f,136,easy,1,18300,Rules & Patterns
QJyEL3O7YA2f,137,easy,1,15451,Rules & Patterns
QJyEL3O7YA2f,138,easy,1,15659,Rules & Patterns
QJyEL3O7YA2f,139,easy,1,16485,Rules & Patterns
QJyEL3O7YA2f,140,easy,1,13999,Rules & Patterns
QJyEL3O7YA2f,141,easy,1,15659,Data & Features
QJyEL3O7YA2f,142,easy,1,18300,Rules & Patterns
QJyEL3O7YA2f,143,easy,1,16485,Rules & Patterns
QJyEL3O7YA2f,144,easy,1,19536,Data & Features
QJyEL3O7YA2f,145,hard,0,29881,Data & Features
QJyEL3O7YA2f,146,easy,1,22500,Rules & Patterns
QJyEL3O7YA2f,147,medium,0,35621,Misc / Tools
QJyEL3O7YA2f,148,medium,0,36256,Rules & Patterns
QJyEL3O7YA2f,149,easy,1,25897,Rules & Patterns
QJyEL3O7YA2f,150,easy,1,17714,Rules & Patterns
1ggBjCxnkaT8,121,easy,1,13046,Classification & Modeling
1ggBjCxnkaT8,122,hard,1,32059,Rules & Patterns
1ggBjCxnkaT8,123,easy,1,14356,Rules & Patterns
1ggBjCxnkaT8,124,easy,1,14024,Rules & Patterns
1ggBjCxnkaT8,125,easy,1,13046,Rules & Patterns
1ggBjCxnkaT8,126,easy,1,18764,Rules & Patterns
1ggBjCxnkaT8,127,medium,0,31257,Rules & Patterns
1ggBjCxnkaT8,128,easy,0,22672,Rules & Patterns
1ggBjCxnkaT8,129,easy,1,14356,Rules & Patterns
1ggBjCxnkaT8,130,easy,1,11615,Rules & Patterns
1ggBjCxnkaT8,131,easy,1,12635,Clustering & Unsupervised
1ggBjCxnkaT8,132,easy,1,21438,Rules & Patterns
1ggBjCxnkaT8,133,easy,1,21676,Rules & Patterns
1ggBjCxnkaT8,134,medium,0,28116,Rules & Patterns
1ggBjCxnkaT8,135,easy,1,11615,Rules & Patterns
1ggBjCxnkaT8,136,easy,0,21935,Rules & Patterns
1ggBjCxnkaT8,137,easy,1,14024,Rules & Patterns
1ggBjCxnkaT8,138,easy,1,13046,Rules & Patterns
1ggBjCxnkaT8,139,easy,1,15104,Rules & Patterns
1ggBjCxnkaT8,140,easy,1,11615,Rules & Patterns
1ggBjCxnkaT8,141,easy,1,13046,Data & Features
1ggBjCxnkaT8,142,easy,0,21935,Rules & Patterns
1ggBjCxnkaT8,143,easy,1,15104,Rules & Patterns
1ggBjCxnkaT8,144,easy,1,18764,Data & Features
1ggBjCxnkaT8,145,hard,1,29171,Data & Features
1ggBjCxnkaT8,146,easy,0,23857,Rules & Patterns
1ggBjCxnkaT8,147,medium,1,29087,Misc / Tools
1ggBjCxnkaT8,148,medium,0,31257,Rules & Patterns
1ggBjCxnkaT8,149,easy,0,27500,Rules & Patterns
1ggBjCxnkaT8,150,easy,1,17002,Rules & Patterns
9eci54foOGc9,121,easy,1,14796,Classification & Modeling
9eci54foOGc9,122,hard,1,32687,Rules & Patterns
9eci54foOGc9,123,easy,1,14945,Rules & Patterns
9eci54foOGc9,124,easy,1,14600,Rules & Patterns
9eci54foOGc9,125,easy,1,14796,Rules & Patterns
9eci54foOGc9,126,easy,0,23956,Rules & Patterns
9eci54foOGc9,127,medium,0,34893,Rules & Patterns
9eci54foOGc9,128,easy,1,20170,Rules & Patterns
9eci54foOGc9,129,easy,1,14945,Rules & Patterns
9eci54foOGc9,130,easy,1,13228,Rules & Patterns
9eci54foOGc9,131,easy,1,14282,Clustering & Unsupervised
9eci54foOGc9,132,easy,1,21083,Rules & Patterns
9eci54foOGc9,133,easy,1,21317,Rules & Patterns
9eci54foOGc9,134,medium,1,28294,Rules & Patterns
9eci54foOGc9,135,easy,1,13228,Rules & Patterns
9eci54foOGc9,136,easy,1,17292,Rules & Patterns
9eci54foOGc9,137,easy,1,14600,Rules & Patterns
9eci54foOGc9,138,easy,1,14796,Rules & Patterns
9eci54foOGc9,139,easy,1,15576,Rules & Patterns
9eci54foOGc9,140,easy,1,13228,Rules & Patterns
9eci54foOGc9,141,easy,1,14796,Data & Features
9eci54foOGc9,142,easy,1,17292,Rules & Patterns
9eci54foOGc9,143,easy,1,15576,Rules & Patterns
9eci54foOGc9,144,easy,0,23956,Data & Features
9eci54foOGc9,145,hard,0,28757,Data & Features
9eci54foOGc9,146,easy,1,21260,Rules & Patterns
9eci54foOGc9,147,medium,0,34281,Misc / Tools
9eci54foOGc9,148,medium,0,34893,Rules & Patterns
9eci54foOGc9,149,easy,0,31088,Rules & Patterns
9eci54foOGc9,150,easy,1,16738,Rules & Patterns
oVyzGGgOFu4f,121,easy,1,15659,Classification & Modeling
oVyzGGgOFu4f,122,hard,0,34377,Rules & Patterns
oVyzGGgOFu4f,123,easy,1,15817,Rules & Patterns
oVyzGGgOFu4f,124,easy,1,15451,Rules & Patterns
oVyzGGgOFu4f,125,easy,1,15659,Rules & Patterns
oVyzGGgOFu4f,126,easy,0,24892,Rules & Patterns
oVyzGGgOFu4f,127,medium,0,36256,Rules & Patterns
oVyzGGgOFu4f,128,easy,0,25233,Rules & Patterns
oVyzGGgOFu4f,129,easy,1,15817,Rules & Patterns
oVyzGGgOFu4f,130,easy,1,13999,Rules & Patterns
oVyzGGgOFu4f,131,easy,1,15115,Clustering & Unsupervised
oVyzGGgOFu4f,132,easy,1,22313,Rules & Patterns
oVyzGGgOFu4f,133,easy,1,22560,Rules & Patterns
oVyzGGgOFu4f,134,medium,0,33419,Rules & Patterns
oVyzGGgOFu4f,135,easy,1,13999,Rules & Patterns
oVyzGGgOFu4f,136,easy,0,24657,Rules & Patterns
oVyzGGgOFu4f,137,easy,1,15451,Rules & Patterns
oVyzGGgOFu4f,138,easy,1,15659,Rules & Patterns
oVyzGGgOFu4f,139,easy,1,16485,Rules & Patterns
oVyzGGgOFu4f,140,easy,1,13999,Rules & Patterns
oVyzGGgOFu4f,141,easy,1,15659,Data & Features
oVyzGGgOFu4f,142,easy,0,24657,Rules & Patterns
oVyzGGgOFu4f,143,easy,1,16485,Rules & Patterns
oVyzGGgOFu4f,144,easy,1,19536,Data & Features
oVyzGGgOFu4f,145,hard,1,35573,Data & Features
oVyzGGgOFu4f,146,easy,1,22500,Rules & Patterns
oVyzGGgOFu4f,147,medium,1,31146,Misc / Tools
oVyzGGgOFu4f,148,medium,1,31474,Rules & Patterns
oVyzGGgOFu4f,149,easy,1,25897,Rules & Patterns
oVyzGGgOFu4f,150,easy,1,17714,Rules & Patterns
GiNOB0aoa84q,121,easy,1,14378,Classification & Modeling
GiNOB0aoa84q,122,hard,1,28534,Rules & Patterns
GiNOB0aoa84q,123,easy,1,14574,Rules & Patterns
GiNOB0aoa84q,124,easy,1,14237,Rules & Patterns
GiNOB0aoa84q,125,easy,1,14378,Rules & Patterns
GiNOB0aoa84q,126,easy,0,21302,Rules & Patterns
GiNOB0aoa84q,127,medium,0,27657,Rules & Patterns
GiNOB0aoa84q,128,easy,1,18832,Rules & Patterns
GiNOB0aoa84q,129,easy,1,14574,Rules & Patterns
GiNOB0aoa84q,130,easy,1,12713,Rules & Patterns
GiNOB0aoa84q,131,easy,1,13726,Clustering & Unsupervised
GiNOB0aoa84q,132,easy,1,19685,Rules & Patterns
GiNOB0aoa84q,133,easy,1,19903,Rules & Patterns
GiNOB0aoa84q,134,medium,0,25492,Rules & Patterns
GiNOB0aoa84q,135,easy,1,12713,Rules & Patterns
GiNOB0aoa84q,136,easy,1,16446,Rules & Patterns
GiNOB0aoa84q,137,easy,1,14237,Rules & Patterns
GiNOB0aoa84q,138,easy,1,14378,Rules & Patterns
GiNOB0aoa84q,139,easy,0,20321,Rules & Patterns
GiNOB0aoa84q,140,easy,1,12713,Rules & Patterns
GiNOB0aoa84q,141,easy,1,14378,Data & Features
GiNOB0aoa84q,142,easy,1,16446,Rules & Patterns
GiNOB0aoa84q,143,easy,1,15151,Rules & Patterns
GiNOB0aoa84q,144,easy,1,17235,Data & Features
GiNOB0aoa84q,145,hard,0,23014,Data & Features
GiNOB0aoa84q,146,easy,1,19850,Rules & Patterns
GiNOB0aoa84q,147,medium,1,25888,Misc / Tools
GiNOB0aoa84q,148,medium,1,26160,Rules & Patterns
GiNOB0aoa84q,149,easy,1,21805,Rules & Patterns
GiNOB0aoa84q,150,easy,0,21332,Rules & Patterns
pJCSXvZHMyH1,121,easy,1,14796,Classification & Modeling
pJCSXvZHMyH1,122,hard,0,33085,Rules & Patterns
pJCSXvZHMyH1,123,easy,1,14945,Rules & Patterns
pJCSXvZHMyH1,124,easy,1,14600,Rules & Patterns
pJCSXvZHMyH1,125,easy,1,14796,Rules & Patterns
pJCSXvZHMyH1,126,easy,1,18460,Rules & Patterns
pJCSXvZHMyH1,127,medium,1,29739,Rules & Patterns
pJCSXvZHMyH1,128,easy,1,20170,Rules & Patterns
pJCSXvZHMyH1,129,easy,1,14945,Rules & Patterns
pJCSXvZHMyH1,130,easy,1,13228,Rules & Patterns
pJCSXvZHMyH1,131,easy,1,14282,Clustering & Unsupervised
pJCSXvZHMyH1,132,easy,1,21083,Rules & Patterns
pJCSXvZHMyH1,133,easy,1,21317,Rules & Patterns
pJCSXvZHMyH1,134,medium,1,28294,Rules & Patterns
pJCSXvZHMyH1,135,easy,1,13228,Rules & Patterns
pJCSXvZHMyH1,136,easy,1,17292,Rules & Patterns
pJCSXvZHMyH1,137,easy,1,14600,Rules & Patterns
pJCSXvZHMyH1,138,easy,1,14796,Rules & Patterns
pJCSXvZHMyH1,139,easy,1,15576,Rules & Patterns
pJCSXvZHMyH1,140,easy,1,13228,Rules & Patterns
pJCSXvZHMyH1,141,easy,1,14796,Data & Features
pJCSXvZHMyH1,142,easy,1,17292,Rules & Patterns
pJCSXvZHMyH1,143,easy,0,21884,Rules & Patterns
pJCSXvZHMyH1,144,easy,1,18460,Data & Features
pJCSXvZHMyH1,145,hard,0,28757,Data & Features
pJCSXvZHMyH1,146,easy,1,21260,Rules & Patterns
pJCSXvZHMyH1,147,medium,1,29430,Misc / Tools
pJCSXvZHMyH1,148,medium,1,29739,Rules & Patterns
pJCSXvZHMyH1,149,easy,1,24470,Rules & Patterns
pJCSXvZHMyH1,150,easy,1,16738,Rules & Patterns
TYE4dgTYGdCn,121,easy,1,14796,Classification & Modeling
TYE4dgTYGdCn,122,hard,0,33085,Rules & Patterns
TYE4dgTYGdCn,123,easy,1,14945,Rules & Patterns
TYE4dgTYGdCn,124,easy,1,14600,Rules & Patterns
TYE4dgTYGdCn,125,easy,1,14796,Rules & Patterns
TYE4dgTYGdCn,126,easy,1,18460,Rules & Patterns
TYE4dgTYGdCn,127,medium,1,29739,Rules & Patterns
TYE4dgTYGdCn,128,easy,1,20170,Rules & Patterns
TYE4dgTYGdCn,129,easy,1,14945,Rules & Patterns
TYE4dgTYGdCn,130,easy,1,13228,Rules & Patterns
TYE4dgTYGdCn,131,easy,1,14282,Clustering & Unsupervised
TYE4dgTYGdCn,132,easy,1,21083,Rules & Patterns
TYE4dgTYGdCn,133,easy,1,21317,Rules & Patterns
TYE4dgTYGdCn,134,medium,1,28294,Rules & Patterns
TYE4dgTYGdCn,135,easy,1,13228,Rules & Patterns
TYE4dgTYGdCn,136,easy,1,17292,Rules & Patterns
TYE4dgTYGdCn,137,easy,1,14600,Rules & Patterns
TYE4dgTYGdCn,138,easy,1,14796,Rules & Patterns
TYE4dgTYGdCn,139,easy,1,15576,Rules & Patterns
TYE4dgTYGdCn,140,easy,1,13228,Rules & Patterns
TYE4dgTYGdCn,141,easy,1,14796,Data & Features
TYE4dgTYGdCn,142,easy,1,17292,Rules & Patterns
TYE4dgTYGdCn,143,easy,1,15576,Rules & Patterns
TYE4dgTYGdCn,144,easy,1,18460,Data & Features
TYE4dgTYGdCn,145,hard,0,28757,Data & Features
TYE4dgTYGdCn,146,easy,1,21260,Rules & Patterns
TYE4dgTYGdCn,147,medium,1,29430,Misc / Tools
TYE4dgTYGdCn,148,medium,1,29739,Rules & Patterns
TYE4dgTYGdCn,149,easy,1,24470,Rules & Patterns
TYE4dgTYGdCn,150,easy,1,16738,Rules & Patterns
hpYESXQ1czwb,121,easy,1,14532,Classification & Modeling
hpYESXQ1czwb,122,hard,0,32490,Rules & Patterns
hpYESXQ1czwb,123,easy,1,14678,Rules & Patterns
hpYESXQ1czwb,124,easy,1,14339,Rules & Patterns
hpYESXQ1czwb,125,easy,1,14532,Rules & Patterns
hpYESXQ1czwb,126,easy,1,18130,Rules & Patterns
hpYESXQ1czwb,127,medium,1,29208,Rules & Patterns
hpYESXQ1czwb,128,easy,1,19809,Rules & Patterns
hpYESXQ1czwb,129,easy,1,14678,Rules & Patterns
hpYESXQ1czwb,130,easy,1,12991,Rules & Patterns
hpYESXQ1czwb,131,easy,1,14026,Clustering & Unsupervised
hpYESXQ1czwb,132,easy,1,20706,Rules & Patterns
hpYESXQ1czwb,133,easy,1,20936,Rules & Patterns
hpYESXQ1czwb,134,medium,1,27788,Rules & Patterns
hpYESXQ1czwb,135,easy,1,12991,Rules & Patterns
hpYESXQ1czwb,136,easy,1,16983,Rules & Patterns
hpYESXQ1czwb,137,easy,1,14339,Rules & Patterns
hpYESXQ1czwb,138,easy,1,14532,Rules & Patterns
hpYESXQ1czwb,139,easy,1,15298,Rules & Patterns
hpYESXQ1czwb,140,easy,1,12991,Rules & Patterns
hpYESXQ1czwb,141,easy,1,14532,Data & Features
hpYESXQ1czwb,142,easy,1,16983,Rules & Patterns
hpYESXQ1czwb,143,easy,1,15298,Rules & Patterns
hpYESXQ1czwb,144,easy,1,18130,Data & Features
hpYESXQ1czwb,145,hard,0,27974,Data & Features
hpYESXQ1czwb,146,easy,1,20880,Rules & Patterns
hpYESXQ1czwb,147,medium,1,28904,Misc / Tools
hpYESXQ1czwb,148,medium,1,29208,Rules & Patterns
hpYESXQ1czwb,149,easy,1,24033,Rules & Patterns
hpYESXQ1czwb,150,easy,1,16439,Rules & Patterns
CyGywfdJf5VZ,121,easy,1,10621,Classification & Modeling
CyGywfdJf5VZ,122,hard,0,25076,Rules & Patterns
CyGywfdJf5VZ,123,easy,1,11682,Rules & Patterns
CyGywfdJf5VZ,124,easy,0,13664,Rules & Patterns
CyGywfdJf5VZ,125,easy,1,10621,Rules & Patterns
CyGywfdJf5VZ,126,easy,1,15310,Rules & Patterns
CyGywfdJf5VZ,127,medium,0,23916,Rules & Patterns
CyGywfdJf5VZ,128,easy,1,16729,Rules & Patterns
CyGywfdJf5VZ,129,easy,1,11682,Rules & Patterns
CyGywfdJf5VZ,130,easy,1,9393,Rules & Patterns
CyGywfdJf5VZ,131,easy,0,13834,Clustering & Unsupervised
CyGywfdJf5VZ,132,easy,0,20122,Rules & Patterns
CyGywfdJf5VZ,133,easy,1,17680,Rules & Patterns
CyGywfdJf5VZ,134,medium,1,21655,Rules & Patterns
CyGywfdJf5VZ,135,easy,1,9393,Rules & Patterns
CyGywfdJf5VZ,136,easy,0,18856,Rules & Patterns
CyGywfdJf5VZ,137,easy,1,11412,Rules & Patterns
CyGywfdJf5VZ,138,easy,1,10621,Rules & Patterns
CyGywfdJf5VZ,139,easy,1,12156,Rules & Patterns
CyGywfdJf5VZ,140,easy,1,9393,Rules & Patterns
CyGywfdJf5VZ,141,easy,1,10621,Data & Features
CyGywfdJf5VZ,142,easy,0,18856,Rules & Patterns
CyGywfdJf5VZ,143,easy,1,12156,Rules & Patterns
CyGywfdJf5VZ,144,easy,1,15310,Data & Features
CyGywfdJf5VZ,145,hard,0,19480,Data & Features
CyGywfdJf5VZ,146,easy,1,17633,Rules & Patterns
CyGywfdJf5VZ,147,medium,1,22524,Misc / Tools
CyGywfdJf5VZ,148,medium,1,22622,Rules & Patterns
CyGywfdJf5VZ,149,easy,1,18836,Rules & Patterns
CyGywfdJf5VZ,150,easy,1,13917,Rules & Patterns
tE1MOwmVibN4,121,easy,1,12592,Classification & Modeling
tE1MOwmVibN4,122,hard,1,30830,Rules & Patterns
tE1MOwmVibN4,123,easy,1,13805,Rules & Patterns
tE1MOwmVibN4,124,easy,1,13486,Rules & Patterns
tE1MOwmVibN4,125,easy,1,12592,Rules & Patterns
tE1MOwmVibN4,126,easy,0,21642,Rules & Patterns
tE1MOwmVibN4,127,medium,0,30620,Rules & Patterns
tE1MOwmVibN4,128,easy,1,19723,Rules & Patterns
tE1MOwmVibN4,129,easy,1,13805,Rules & Patterns
tE1MOwmVibN4,130,easy,1,11101,Rules & Patterns
tE1MOwmVibN4,131,easy,1,12076,Clustering & Unsupervised
tE1MOwmVibN4,132,easy,1,20616,Rules & Patterns
tE1MOwmVibN4,133,easy,1,20845,Rules & Patterns
tE1MOwmVibN4,134,medium,0,27543,Rules & Patterns
tE1MOwmVibN4,135,easy,1,11101,Rules & Patterns
tE1MOwmVibN4,136,easy,1,16915,Rules & Patterns
tE1MOwmVibN4,137,easy,1,13486,Rules & Patterns
tE1MOwmVibN4,138,easy,1,12592,Rules & Patterns
tE1MOwmVibN4,139,easy,1,14524,Rules & Patterns
tE1MOwmVibN4,140,easy,1,11101,Rules & Patterns
tE1MOwmVibN4,141,easy,1,12592,Data & Features
tE1MOwmVibN4,142,easy,1,16915,Rules & Patterns
tE1MOwmVibN4,143,easy,1,14524,Rules & Patterns
tE1MOwmVibN4,144,easy,1,18050,Data & Features
tE1MOwmVibN4,145,hard,0,24865,Data & Features
tE1MOwmVibN4,146,easy,1,20789,Rules & Patterns
tE1MOwmVibN4,147,medium,1,27971,Misc / Tools
tE1MOwmVibN4,148,medium,0,30620,Rules & Patterns
tE1MOwmVibN4,149,easy,1,23788,Rules & Patterns
tE1MOwmVibN4,150,easy,0,20932,Rules & Patterns
2AQDG30NeIzY,121,easy,1,14428,Classification & Modeling
2AQDG30NeIzY,122,hard,1,32954,Rules & Patterns
2AQDG30NeIzY,123,easy,1,14571,Rules & Patterns
2AQDG30NeIzY,124,easy,1,14234,Rules & Patterns
2AQDG30NeIzY,125,easy,1,14428,Rules & Patterns
2AQDG30NeIzY,126,easy,0,23225,Rules & Patterns
2AQDG30NeIzY,127,medium,0,34220,Rules & Patterns
2AQDG30NeIzY,128,easy,1,19301,Rules & Patterns
2AQDG30NeIzY,129,easy,1,14571,Rules & Patterns
2AQDG30NeIzY,130,easy,1,12896,Rules & Patterns
2AQDG30NeIzY,131,easy,1,13216,Clustering & Unsupervised
2AQDG30NeIzY,132,easy,1,20120,Rules & Patterns
2AQDG30NeIzY,133,easy,1,20399,Rules & Patterns
2AQDG30NeIzY,134,medium,0,31950,Rules & Patterns
2AQDG30NeIzY,135,easy,1,12896,Rules & Patterns
2AQDG30NeIzY,136,easy,1,16742,Rules & Patterns
2AQDG30NeIzY,137,easy,1,14234,Rules & Patterns
2AQDG30NeIzY,138,easy,1,14428,Rules & Patterns
2AQDG30NeIzY,139,easy,1,15084,Rules & Patterns
2AQDG30NeIzY,140,easy,1,12896,Rules & Patterns
2AQDG30NeIzY,141,easy,1,14428,Data & Features
2AQDG30NeIzY,142,easy,1,16742,Rules & Patterns
2AQDG30NeIzY,143,easy,1,15084,Rules & Patterns
2AQDG30NeIzY,144,easy,1,17616,Data & Features
2AQDG30NeIzY,145,hard,0,31674,Data & Features
2AQDG30NeIzY,146,easy,1,20345,Rules & Patterns
2AQDG30NeIzY,147,medium,1,28415,Misc / Tools
2AQDG30NeIzY,148,medium,1,28714,Rules & Patterns
2AQDG30NeIzY,149,easy,1,23324,Rules & Patterns
2AQDG30NeIzY,150,easy,1,16206,Rules & Patterns
o2VbFpgtLwG2,121,easy,1,14332,Classification & Modeling
o2VbFpgtLwG2,122,hard,0,31963,Rules & Patterns
o2VbFpgtLwG2,123,easy,1,15617,Rules & Patterns
o2VbFpgtLwG2,124,easy,1,15256,Rules & Patterns
o2VbFpgtLwG2,125,easy,1,14332,Rules & Patterns
o2VbFpgtLwG2,126,easy,1,20419,Rules & Patterns
o2VbFpgtLwG2,127,medium,0,31429,Rules & Patterns
o2VbFpgtLwG2,128,easy,1,21815,Rules & Patterns
o2VbFpgtLwG2,129,easy,1,15617,Rules & Patterns
o2VbFpgtLwG2,130,easy,1,12635,Rules & Patterns
o2VbFpgtLwG2,131,easy,1,13745,Clustering & Unsupervised
o2VbFpgtLwG2,132,easy,1,23137,Rules & Patterns
o2VbFpgtLwG2,133,easy,1,23055,Rules & Patterns
o2VbFpgtLwG2,134,medium,0,28271,Rules & Patterns
o2VbFpgtLwG2,135,easy,1,12635,Rules & Patterns
o2VbFpgtLwG2,136,easy,1,19135,Rules & Patterns
o2VbFpgtLwG2,137,easy,0,16702,Rules & Patterns
o2VbFpgtLwG2,138,easy,1,14332,Rules & Patterns
o2VbFpgtLwG2,139,easy,1,16430,Rules & Patterns
o2VbFpgtLwG2,140,easy,1,12635,Rules & Patterns
o2VbFpgtLwG2,141,easy,1,14332,Data & Features
o2VbFpgtLwG2,142,easy,1,19135,Rules & Patterns
o2VbFpgtLwG2,143,easy,1,16430,Rules & Patterns
o2VbFpgtLwG2,144,easy,1,20419,Data & Features
o2VbFpgtLwG2,145,hard,0,26187,Data & Features
o2VbFpgtLwG2,146,easy,1,22994,Rules & Patterns
o2VbFpgtLwG2,147,medium,0,30134,Misc / Tools
o2VbFpgtLwG2,148,medium,0,31429,Rules & Patterns
o2VbFpgtLwG2,149,easy,0,27652,Rules & Patterns
o2VbFpgtLwG2,150,easy,1,18496,Rules & Patterns
Lo0o6MK08TyI,121,easy,1,14590,Classification & Modeling
Lo0o6MK08TyI,122,hard,0,32985,Rules & Patterns
Lo0o6MK08TyI,123,easy,1,14789,Rules & Patterns
Lo0o6MK08TyI,124,easy,1,14447,Rules & Patterns
Lo0o6MK08TyI,125,easy,1,14590,Rules & Patterns
Lo0o6MK08TyI,126,easy,0,23024,Rules & Patterns
Lo0o6MK08TyI,127,medium,1,28785,Rules & Patterns
Lo0o6MK08TyI,128,easy,0,23339,Rules & Patterns
Lo0o6MK08TyI,129,easy,1,14789,Rules & Patterns
Lo0o6MK08TyI,130,easy,1,12900,Rules & Patterns
Lo0o6MK08TyI,131,easy,1,13928,Clustering & Unsupervised
Lo0o6MK08TyI,132,easy,1,20561,Rules & Patterns
Lo0o6MK08TyI,133,easy,1,20789,Rules & Patterns
Lo0o6MK08TyI,134,medium,1,27386,Rules & Patterns
Lo0o6MK08TyI,135,easy,1,12900,Rules & Patterns
Lo0o6MK08TyI,136,easy,1,16911,Rules & Patterns
Lo0o6MK08TyI,137,easy,1,14447,Rules & Patterns
Lo0o6MK08TyI,138,easy,1,14590,Rules & Patterns
Lo0o6MK08TyI,139,easy,1,15374,Rules & Patterns
Lo0o6MK08TyI,140,easy,1,12900,Rules & Patterns
Lo0o6MK08TyI,141,easy,1,14590,Data & Features
Lo0o6MK08TyI,142,easy,0,22870,Rules & Patterns
Lo0o6MK08TyI,143,easy,1,15374,Rules & Patterns
Lo0o6MK08TyI,144,easy,1,18003,Data & Features
Lo0o6MK08TyI,145,hard,0,28860,Data & Features
Lo0o6MK08TyI,146,easy,1,20734,Rules & Patterns
Lo0o6MK08TyI,147,medium,1,28486,Misc / Tools
Lo0o6MK08TyI,148,medium,1,28785,Rules & Patterns
Lo0o6MK08TyI,149,easy,1,23685,Rules & Patterns
Lo0o6MK08TyI,150,easy,0,22477,Rules & Patterns
SOvsRqc7VPKI,121,easy,1,14532,Classification & Modeling
SOvsRqc7VPKI,122,hard,0,32490,Rules & Patterns
SOvsRqc7VPKI,123,easy,1,14678,Rules & Patterns
SOvsRqc7VPKI,124,easy,1,14339,Rules & Patterns
SOvsRqc7VPKI,125,easy,1,14532,Rules & Patterns
SOvsRqc7VPKI,126,easy,0,23526,Rules & Patterns
SOvsRqc7VPKI,127,medium,1,29208,Rules & Patterns
SOvsRqc7VPKI,128,easy,0,23847,Rules & Patterns
SOvsRqc7VPKI,129,easy,1,14678,Rules & Patterns
SOvsRqc7VPKI,130,easy,1,12991,Rules & Patterns
SOvsRqc7VPKI,131,easy,1,14026,Clustering & Unsupervised
SOvsRqc7VPKI,132,easy,1,20706,Rules & Patterns
SOvsRqc7VPKI,133,easy,1,20936,Rules & Patterns
SOvsRqc7VPKI,134,medium,1,27788,Rules & Patterns
SOvsRqc7VPKI,135,easy,1,12991,Rules & Patterns
SOvsRqc7VPKI,136,easy,1,16983,Rules & Patterns
SOvsRqc7VPKI,137,easy,1,14339,Rules & Patterns
SOvsRqc7VPKI,138,easy,1,14532,Rules & Patterns
SOvsRqc7VPKI,139,easy,1,15298,Rules & Patterns
SOvsRqc7VPKI,140,easy,1,12991,Rules & Patterns
SOvsRqc7VPKI,141,easy,1,14532,Data & Features
SOvsRqc7VPKI,142,easy,0,23303,Rules & Patterns
SOvsRqc7VPKI,143,easy,1,15298,Rules & Patterns
SOvsRqc7VPKI,144,easy,1,18130,Data & Features
SOvsRqc7VPKI,145,hard,0,27974,Data & Features
SOvsRqc7VPKI,146,easy,1,20880,Rules & Patterns
SOvsRqc7VPKI,147,medium,1,28904,Misc / Tools
SOvsRqc7VPKI,148,medium,1,29208,Rules & Patterns
SOvsRqc7VPKI,149,easy,1,24033,Rules & Patterns
SOvsRqc7VPKI,150,easy,0,22733,Rules & Patterns
6k8WibIW0Img,121,easy,1,14532,Classification & Modeling
6k8WibIW0Img,122,hard,0,32490,Rules & Patterns
6k8WibIW0Img,123,easy,1,14678,Rules & Patterns
6k8WibIW0Img,124,easy,1,14339,Rules & Patterns
6k8WibIW0Img,125,easy,1,14532,Rules & Patterns
6k8WibIW0Img,126,easy,0,23526,Rules & Patterns
6k8WibIW0Img,127,medium,1,29208,Rules & Patterns
6k8WibIW0Img,128,easy,0,23847,Rules & Patterns
6k8WibIW0Img,129,easy,1,14678,Rules & Patterns
6k8WibIW0Img,130,easy,1,12991,Rules & Patterns
6k8WibIW0Img,131,easy,1,14026,Clustering & Unsupervised
6k8WibIW0Img,132,easy,1,20706,Rules & Patterns
6k8WibIW0Img,133,easy,1,20936,Rules & Patterns
6k8WibIW0Img,134,medium,1,27788,Rules & Patterns
6k8WibIW0Img,135,easy,1,12991,Rules & Patterns
6k8WibIW0Img,136,easy,1,16983,Rules & Patterns
6k8WibIW0Img,137,easy,1,14339,Rules & Patterns
6k8WibIW0Img,138,easy,1,14532,Rules & Patterns
6k8WibIW0Img,139,easy,1,15298,Rules & Patterns
6k8WibIW0Img,140,easy,1,12991,Rules & Patterns
6k8WibIW0Img,141,easy,1,14532,Data & Features
6k8WibIW0Img,142,easy,0,23303,Rules & Patterns
6k8WibIW0Img,143,easy,1,15298,Rules & Patterns
6k8WibIW0Img,144,easy,1,18130,Data & Features
6k8WibIW0Img,145,hard,1,34070,Data & Features
6k8WibIW0Img,146,easy,1,20880,Rules & Patterns
6k8WibIW0Img,147,medium,1,28904,Misc / Tools
6k8WibIW0Img,148,medium,1,29208,Rules & Patterns
6k8WibIW0Img,149,easy,1,24033,Rules & Patterns
6k8WibIW0Img,150,easy,0,22733,Rules & Patterns
B0dezLVzpGHZ,121,easy,1,10621,Classification & Modeling
B0dezLVzpGHZ,122,hard,1,24826,Rules & Patterns
B0dezLVzpGHZ,123,easy,0,13987,Rules & Patterns
B0dezLVzpGHZ,124,easy,1,11412,Rules & Patterns
B0dezLVzpGHZ,125,easy,1,10621,Rules & Patterns
B0dezLVzpGHZ,126,easy,0,18923,Rules & Patterns
B0dezLVzpGHZ,127,medium,0,23916,Rules & Patterns
B0dezLVzpGHZ,128,easy,1,16729,Rules & Patterns
B0dezLVzpGHZ,129,easy,1,11682,Rules & Patterns
B0dezLVzpGHZ,130,easy,1,9393,Rules & Patterns
B0dezLVzpGHZ,131,easy,1,10218,Clustering & Unsupervised
B0dezLVzpGHZ,132,easy,1,17486,Rules & Patterns
B0dezLVzpGHZ,133,easy,1,17680,Rules & Patterns
B0dezLVzpGHZ,134,medium,1,21655,Rules & Patterns
B0dezLVzpGHZ,135,easy,1,9393,Rules & Patterns
B0dezLVzpGHZ,136,easy,0,18856,Rules & Patterns
B0dezLVzpGHZ,137,easy,1,11412,Rules & Patterns
B0dezLVzpGHZ,138,easy,1,10621,Rules & Patterns
B0dezLVzpGHZ,139,easy,1,12156,Rules & Patterns
B0dezLVzpGHZ,140,easy,1,9393,Rules & Patterns
B0dezLVzpGHZ,141,easy,1,10621,Data & Features
B0dezLVzpGHZ,142,easy,1,14398,Rules & Patterns
B0dezLVzpGHZ,143,easy,1,12156,Rules & Patterns
B0dezLVzpGHZ,144,easy,1,15310,Data & Features
B0dezLVzpGHZ,145,hard,0,19480,Data & Features
B0dezLVzpGHZ,146,easy,1,17633,Rules & Patterns
B0dezLVzpGHZ,147,medium,0,23641,Misc / Tools
B0dezLVzpGHZ,148,medium,1,22622,Rules & Patterns
B0dezLVzpGHZ,149,easy,1,18836,Rules & Patterns
B0dezLVzpGHZ,150,easy,1,13917,Rules & Patterns
YA6aMV1xcGv9,121,easy,1,14818,Classification & Modeling
YA6aMV1xcGv9,122,hard,0,35085,Rules & Patterns
YA6aMV1xcGv9,123,easy,1,15125,Rules & Patterns
YA6aMV1xcGv9,124,easy,1,14775,Rules & Patterns
YA6aMV1xcGv9,125,easy,1,14818,Rules & Patterns
YA6aMV1xcGv9,126,easy,1,20821,Rules & Patterns
YA6aMV1xcGv9,127,medium,0,39356,Rules & Patterns
YA6aMV1xcGv9,128,easy,1,22750,Rules & Patterns
YA6aMV1xcGv9,129,easy,1,15125,Rules & Patterns
YA6aMV1xcGv9,130,easy,1,13247,Rules & Patterns
YA6aMV1xcGv9,131,easy,1,14303,Clustering & Unsupervised
YA6aMV1xcGv9,132,easy,0,28733,Rules & Patterns
YA6aMV1xcGv9,133,easy,1,24044,Rules & Patterns
YA6aMV1xcGv9,134,medium,1,30005,Rules & Patterns
YA6aMV1xcGv9,135,easy,1,13247,Rules & Patterns
YA6aMV1xcGv9,136,easy,1,17714,Rules & Patterns
YA6aMV1xcGv9,137,easy,1,14775,Rules & Patterns
YA6aMV1xcGv9,138,easy,1,14818,Rules & Patterns
YA6aMV1xcGv9,139,easy,1,15763,Rules & Patterns
YA6aMV1xcGv9,140,easy,1,13247,Rules & Patterns
YA6aMV1xcGv9,141,easy,1,14818,Data & Features
YA6aMV1xcGv9,142,easy,1,17714,Rules & Patterns
YA6aMV1xcGv9,143,easy,1,15763,Rules & Patterns
YA6aMV1xcGv9,144,easy,0,27020,Data & Features
YA6aMV1xcGv9,145,hard,0,24952,Data & Features
YA6aMV1xcGv9,146,easy,1,23980,Rules & Patterns
YA6aMV1xcGv9,147,medium,0,36931,Misc / Tools
YA6aMV1xcGv9,148,medium,0,39356,Rules & Patterns
YA6aMV1xcGv9,149,easy,0,35064,Rules & Patterns
YA6aMV1xcGv9,150,easy,1,17147,Rules & Patterns
nIdSwhLzwJKt,121,easy,1,11845,Classification & Modeling
nIdSwhLzwJKt,122,hard,0,28304,Rules & Patterns
nIdSwhLzwJKt,123,easy,0,15575,Rules & Patterns
nIdSwhLzwJKt,124,easy,1,13703,Rules & Patterns
nIdSwhLzwJKt,125,easy,1,11845,Rules & Patterns
nIdSwhLzwJKt,126,easy,1,17839,Rules & Patterns
nIdSwhLzwJKt,127,medium,1,27546,Rules & Patterns
nIdSwhLzwJKt,128,easy,0,20569,Rules & Patterns
nIdSwhLzwJKt,129,easy,0,15575,Rules & Patterns
nIdSwhLzwJKt,130,easy,1,10009,Rules & Patterns
nIdSwhLzwJKt,131,easy,1,11492,Clustering & Unsupervised
nIdSwhLzwJKt,132,easy,0,21788,Rules & Patterns
nIdSwhLzwJKt,133,easy,1,20500,Rules & Patterns
nIdSwhLzwJKt,134,medium,0,25034,Rules & Patterns
nIdSwhLzwJKt,135,easy,1,10009,Rules & Patterns
nIdSwhLzwJKt,136,easy,1,16782,Rules & Patterns
nIdSwhLzwJKt,137,easy,1,13703,Rules & Patterns
nIdSwhLzwJKt,138,easy,1,11845,Rules & Patterns
nIdSwhLzwJKt,139,easy,1,14430,Rules & Patterns
nIdSwhLzwJKt,140,easy,1,10009,Rules & Patterns
nIdSwhLzwJKt,141,easy,1,11845,Data & Features
nIdSwhLzwJKt,142,easy,1,16782,Rules & Patterns
nIdSwhLzwJKt,143,easy,1,14430,Rules & Patterns
nIdSwhLzwJKt,144,easy,1,17839,Data & Features
nIdSwhLzwJKt,145,hard,0,21420,Data & Features
nIdSwhLzwJKt,146,easy,1,20446,Rules & Patterns
nIdSwhLzwJKt,147,medium,0,26640,Misc / Tools
nIdSwhLzwJKt,148,medium,0,27785,Rules & Patterns
nIdSwhLzwJKt,149,easy,0,24108,Rules & Patterns
nIdSwhLzwJKt,150,easy,1,16221,Rules & Patterns
zeQInY6w8eBY,121,easy,1,14711,Classification & Modeling
zeQInY6w8eBY,122,hard,1,31771,Rules & Patterns
zeQInY6w8eBY,123,easy,1,14912,Rules & Patterns
zeQInY6w8eBY,124,easy,1,14567,Rules & Patterns
zeQInY6w8eBY,125,easy,1,14711,Rules & Patterns
zeQInY6w8eBY,126,easy,1,17911,Rules & Patterns
zeQInY6w8eBY,127,medium,0,31904,Rules & Patterns
zeQInY6w8eBY,128,easy,1,19571,Rules & Patterns
zeQInY6w8eBY,129,easy,1,14912,Rules & Patterns
zeQInY6w8eBY,130,easy,1,13008,Rules & Patterns
zeQInY6w8eBY,131,easy,1,14044,Clustering & Unsupervised
zeQInY6w8eBY,132,easy,1,20457,Rules & Patterns
zeQInY6w8eBY,133,easy,1,20684,Rules & Patterns
zeQInY6w8eBY,134,medium,1,26831,Rules & Patterns
zeQInY6w8eBY,135,easy,1,13008,Rules & Patterns
zeQInY6w8eBY,136,easy,1,17051,Rules & Patterns
zeQInY6w8eBY,137,easy,1,14567,Rules & Patterns
zeQInY6w8eBY,138,easy,1,14711,Rules & Patterns
zeQInY6w8eBY,139,easy,1,15502,Rules & Patterns
zeQInY6w8eBY,140,easy,1,13008,Rules & Patterns
zeQInY6w8eBY,141,easy,1,14711,Data & Features
zeQInY6w8eBY,142,easy,1,17051,Rules & Patterns
zeQInY6w8eBY,143,easy,1,15502,Rules & Patterns
zeQInY6w8eBY,144,easy,1,17911,Data & Features
zeQInY6w8eBY,145,hard,0,25429,Data & Features
zeQInY6w8eBY,146,easy,0,24028,Rules & Patterns
zeQInY6w8eBY,147,medium,0,31345,Misc / Tools
zeQInY6w8eBY,148,medium,0,31904,Rules & Patterns
zeQInY6w8eBY,149,easy,0,28425,Rules & Patterns
zeQInY6w8eBY,150,easy,1,16629,Rules & Patterns
dF0r7wVjsLSV,121,easy,1,11553,Classification & Modeling
dF0r7wVjsLSV,122,hard,1,29253,Rules & Patterns
dF0r7wVjsLSV,123,easy,1,13482,Rules & Patterns
dF0r7wVjsLSV,124,easy,0,14341,Rules & Patterns
dF0r7wVjsLSV,125,easy,1,11553,Rules & Patterns
dF0r7wVjsLSV,126,easy,0,18963,Rules & Patterns
dF0r7wVjsLSV,127,medium,0,27263,Rules & Patterns
dF0r7wVjsLSV,128,easy,1,19218,Rules & Patterns
dF0r7wVjsLSV,129,easy,1,13482,Rules & Patterns
dF0r7wVjsLSV,130,easy,1,9762,Rules & Patterns
dF0r7wVjsLSV,131,easy,1,11208,Clustering & Unsupervised
dF0r7wVjsLSV,132,easy,0,21215,Rules & Patterns
dF0r7wVjsLSV,133,easy,1,20353,Rules & Patterns
dF0r7wVjsLSV,134,medium,1,25516,Rules & Patterns
dF0r7wVjsLSV,135,easy,0,10668,Rules & Patterns
dF0r7wVjsLSV,136,easy,0,18555,Rules & Patterns
dF0r7wVjsLSV,137,easy,0,14341,Rules & Patterns
dF0r7wVjsLSV,138,easy,1,11553,Rules & Patterns
dF0r7wVjsLSV,139,easy,0,15651,Rules & Patterns
dF0r7wVjsLSV,140,easy,0,10668,Rules & Patterns
dF0r7wVjsLSV,141,easy,1,11553,Data & Features
dF0r7wVjsLSV,142,easy,1,16554,Rules & Patterns
dF0r7wVjsLSV,143,easy,1,14234,Rules & Patterns
dF0r7wVjsLSV,144,easy,1,17712,Data & Features
dF0r7wVjsLSV,145,hard,0,21004,Data & Features
dF0r7wVjsLSV,146,easy,0,21302,Rules & Patterns
dF0r7wVjsLSV,147,medium,0,26139,Misc / Tools
dF0r7wVjsLSV,148,medium,1,27483,Rules & Patterns
dF0r7wVjsLSV,149,easy,1,22570,Rules & Patterns
dF0r7wVjsLSV,150,easy,0,18075,Rules & Patterns
QblvTIly9IZU,121,easy,1,13342,Classification & Modeling
QblvTIly9IZU,122,hard,1,32466,Rules & Patterns
QblvTIly9IZU,123,easy,1,14538,Rules & Patterns
QblvTIly9IZU,124,easy,1,14202,Rules & Patterns
QblvTIly9IZU,125,easy,1,13342,Rules & Patterns
QblvTIly9IZU,126,easy,1,19002,Rules & Patterns
QblvTIly9IZU,127,medium,1,30501,Rules & Patterns
QblvTIly9IZU,128,easy,1,20770,Rules & Patterns
QblvTIly9IZU,129,easy,1,14538,Rules & Patterns
QblvTIly9IZU,130,easy,1,11762,Rules & Patterns
QblvTIly9IZU,131,easy,1,12795,Clustering & Unsupervised
QblvTIly9IZU,132,easy,1,21710,Rules & Patterns
QblvTIly9IZU,133,easy,1,21951,Rules & Patterns
QblvTIly9IZU,134,medium,1,28319,Rules & Patterns
QblvTIly9IZU,135,easy,1,11762,Rules & Patterns
QblvTIly9IZU,136,easy,1,17813,Rules & Patterns
QblvTIly9IZU,137,easy,1,14202,Rules & Patterns
QblvTIly9IZU,138,easy,1,13342,Rules & Patterns
QblvTIly9IZU,139,easy,1,15295,Rules & Patterns
QblvTIly9IZU,140,easy,1,11762,Rules & Patterns
QblvTIly9IZU,141,easy,1,13342,Data & Features
QblvTIly9IZU,142,easy,1,17813,Rules & Patterns
QblvTIly9IZU,143,easy,0,17985,Rules & Patterns
QblvTIly9IZU,144,easy,1,19002,Data & Features
QblvTIly9IZU,145,hard,1,29542,Data & Features
QblvTIly9IZU,146,easy,0,23857,Rules & Patterns
QblvTIly9IZU,147,medium,0,29969,Misc / Tools
QblvTIly9IZU,148,medium,1,30501,Rules & Patterns
QblvTIly9IZU,149,easy,0,27500,Rules & Patterns
QblvTIly9IZU,150,easy,1,17218,Rules & Patterns
ynjK3wP1cV18,121,easy,1,22001,Classification & Modeling
ynjK3wP1cV18,122,hard,1,44554,Rules & Patterns
ynjK3wP1cV18,123,easy,1,22223,Rules & Patterns
ynjK3wP1cV18,124,easy,1,21709,Rules & Patterns
ynjK3wP1cV18,125,easy,1,22001,Rules & Patterns
ynjK3wP1cV18,126,easy,1,29400,Rules & Patterns
ynjK3wP1cV18,127,medium,0,42741,Rules & Patterns
ynjK3wP1cV18,128,easy,0,30939,Rules & Patterns
ynjK3wP1cV18,129,easy,1,22223,Rules & Patterns
ynjK3wP1cV18,130,easy,1,19669,Rules & Patterns
ynjK3wP1cV18,131,easy,1,21236,Clustering & Unsupervised
ynjK3wP1cV18,132,easy,1,29636,Rules & Patterns
ynjK3wP1cV18,133,easy,1,29965,Rules & Patterns
ynjK3wP1cV18,134,medium,1,38238,Rules & Patterns
ynjK3wP1cV18,135,easy,1,19669,Rules & Patterns
ynjK3wP1cV18,136,easy,1,25712,Rules & Patterns
ynjK3wP1cV18,137,easy,1,21709,Rules & Patterns
ynjK3wP1cV18,138,easy,1,22001,Rules & Patterns
ynjK3wP1cV18,139,easy,1,23161,Rules & Patterns
ynjK3wP1cV18,140,easy,1,19669,Rules & Patterns
ynjK3wP1cV18,141,easy,1,22001,Data & Features
ynjK3wP1cV18,142,easy,1,25712,Rules & Patterns
ynjK3wP1cV18,143,easy,1,23161,Rules & Patterns
ynjK3wP1cV18,144,easy,1,29400,Data & Features
ynjK3wP1cV18,145,hard,0,35297,Data & Features
ynjK3wP1cV18,146,easy,0,32557,Rules & Patterns
ynjK3wP1cV18,147,medium,0,41992,Misc / Tools
ynjK3wP1cV18,148,medium,1,40191,Rules & Patterns
ynjK3wP1cV18,149,easy,0,41012,Rules & Patterns
ynjK3wP1cV18,150,easy,1,24888,Rules & Patterns
oF1pjrJTOBWB,121,easy,1,12592,Classification & Modeling
oF1pjrJTOBWB,122,hard,0,31140,Rules & Patterns
oF1pjrJTOBWB,123,easy,1,13805,Rules & Patterns
oF1pjrJTOBWB,124,easy,1,13486,Rules & Patterns
oF1pjrJTOBWB,125,easy,1,12592,Rules & Patterns
oF1pjrJTOBWB,126,easy,1,18050,Rules & Patterns
oF1pjrJTOBWB,127,medium,0,30620,Rules & Patterns
oF1pjrJTOBWB,128,easy,1,19723,Rules & Patterns
oF1pjrJTOBWB,129,easy,1,13805,Rules & Patterns
oF1pjrJTOBWB,130,easy,1,11101,Rules & Patterns
oF1pjrJTOBWB,131,easy,1,12076,Clustering & Unsupervised
oF1pjrJTOBWB,132,easy,0,23376,Rules & Patterns
oF1pjrJTOBWB,133,easy,0,23433,Rules & Patterns
oF1pjrJTOBWB,134,medium,1,26891,Rules & Patterns
oF1pjrJTOBWB,135,easy,1,11101,Rules & Patterns
oF1pjrJTOBWB,136,easy,1,16915,Rules & Patterns
oF1pjrJTOBWB,137,easy,1,13486,Rules & Patterns
oF1pjrJTOBWB,138,easy,1,12592,Rules & Patterns
oF1pjrJTOBWB,139,easy,1,14524,Rules & Patterns
oF1pjrJTOBWB,140,easy,1,11101,Rules & Patterns
oF1pjrJTOBWB,141,easy,1,12592,Data & Features
oF1pjrJTOBWB,142,easy,1,16915,Rules & Patterns
oF1pjrJTOBWB,143,easy,1,14524,Rules & Patterns
oF1pjrJTOBWB,144,easy,1,18050,Data & Features
oF1pjrJTOBWB,145,hard,0,24865,Data & Features
oF1pjrJTOBWB,146,easy,1,20789,Rules & Patterns
oF1pjrJTOBWB,147,medium,0,29358,Misc / Tools
oF1pjrJTOBWB,148,medium,1,28964,Rules & Patterns
oF1pjrJTOBWB,149,easy,1,23788,Rules & Patterns
oF1pjrJTOBWB,150,easy,1,16350,Rules & Patterns
m8rfSXHUenxh,121,easy,1,13046,Classification & Modeling
m8rfSXHUenxh,122,hard,0,31787,Rules & Patterns
m8rfSXHUenxh,123,easy,1,14356,Rules & Patterns
m8rfSXHUenxh,124,easy,1,14024,Rules & Patterns
m8rfSXHUenxh,125,easy,1,13046,Rules & Patterns
m8rfSXHUenxh,126,easy,1,18764,Rules & Patterns
m8rfSXHUenxh,127,medium,0,31257,Rules & Patterns
m8rfSXHUenxh,128,easy,0,22672,Rules & Patterns
m8rfSXHUenxh,129,easy,1,14356,Rules & Patterns
m8rfSXHUenxh,130,easy,1,11615,Rules & Patterns
m8rfSXHUenxh,131,easy,0,16545,Clustering & Unsupervised
m8rfSXHUenxh,132,easy,0,23862,Rules & Patterns
m8rfSXHUenxh,133,easy,0,23920,Rules & Patterns
m8rfSXHUenxh,134,medium,1,27964,Rules & Patterns
m8rfSXHUenxh,135,easy,1,11615,Rules & Patterns
m8rfSXHUenxh,136,easy,1,17590,Rules & Patterns
m8rfSXHUenxh,137,easy,0,16241,Rules & Patterns
m8rfSXHUenxh,138,easy,1,13046,Rules & Patterns
m8rfSXHUenxh,139,easy,1,15104,Rules & Patterns
m8rfSXHUenxh,140,easy,1,11615,Rules & Patterns
m8rfSXHUenxh,141,easy,1,13046,Data & Features
m8rfSXHUenxh,142,easy,1,17590,Rules & Patterns
m8rfSXHUenxh,143,easy,1,15104,Rules & Patterns
m8rfSXHUenxh,144,easy,1,18764,Data & Features
m8rfSXHUenxh,145,hard,0,25378,Data & Features
m8rfSXHUenxh,146,easy,1,21618,Rules & Patterns
m8rfSXHUenxh,147,medium,0,29969,Misc / Tools
m8rfSXHUenxh,148,medium,0,31257,Rules & Patterns
m8rfSXHUenxh,149,easy,1,24736,Rules & Patterns
m8rfSXHUenxh,150,easy,1,17002,Rules & Patterns
WZiibWz2DWRQ,121,easy,1,14378,Classification & Modeling
WZiibWz2DWRQ,122,hard,0,28821,Rules & Patterns
WZiibWz2DWRQ,123,easy,1,14574,Rules & Patterns
WZiibWz2DWRQ,124,easy,1,14237,Rules & Patterns
WZiibWz2DWRQ,125,easy,1,14378,Rules & Patterns
WZiibWz2DWRQ,126,easy,1,17235,Rules & Patterns
WZiibWz2DWRQ,127,medium,0,27657,Rules & Patterns
WZiibWz2DWRQ,128,easy,1,18832,Rules & Patterns
WZiibWz2DWRQ,129,easy,1,14574,Rules & Patterns
WZiibWz2DWRQ,130,easy,1,12713,Rules & Patterns
WZiibWz2DWRQ,131,easy,1,13726,Clustering & Unsupervised
WZiibWz2DWRQ,132,easy,1,19685,Rules & Patterns
WZiibWz2DWRQ,133,easy,1,19903,Rules & Patterns
WZiibWz2DWRQ,134,medium,0,25492,Rules & Patterns
WZiibWz2DWRQ,135,easy,1,12713,Rules & Patterns
WZiibWz2DWRQ,136,easy,1,16446,Rules & Patterns
WZiibWz2DWRQ,137,easy,1,14237,Rules & Patterns
WZiibWz2DWRQ,138,easy,1,14378,Rules & Patterns
WZiibWz2DWRQ,139,easy,1,15151,Rules & Patterns
WZiibWz2DWRQ,140,easy,1,12713,Rules & Patterns
WZiibWz2DWRQ,141,easy,1,14378,Data & Features
WZiibWz2DWRQ,142,easy,1,16446,Rules & Patterns
WZiibWz2DWRQ,143,easy,1,15151,Rules & Patterns
WZiibWz2DWRQ,144,easy,1,17235,Data & Features
WZiibWz2DWRQ,145,hard,0,23014,Data & Features
WZiibWz2DWRQ,146,easy,1,19850,Rules & Patterns
WZiibWz2DWRQ,147,medium,0,27172,Misc / Tools
WZiibWz2DWRQ,148,medium,0,27657,Rules & Patterns
WZiibWz2DWRQ,149,easy,1,21805,Rules & Patterns
WZiibWz2DWRQ,150,easy,0,21332,Rules & Patterns
N0qYmYE8QD78,121,easy,1,15061,Classification & Modeling
N0qYmYE8QD78,122,hard,1,33272,Rules & Patterns
N0qYmYE8QD78,123,easy,1,15213,Rules & Patterns
N0qYmYE8QD78,124,easy,1,14861,Rules & Patterns
N0qYmYE8QD78,125,easy,1,15061,Rules & Patterns
N0qYmYE8QD78,126,easy,1,18790,Rules & Patterns
N0qYmYE8QD78,127,medium,1,30272,Rules & Patterns
N0qYmYE8QD78,128,easy,1,20531,Rules & Patterns
N0qYmYE8QD78,129,easy,1,15213,Rules & Patterns
N0qYmYE8QD78,130,easy,1,13465,Rules & Patterns
N0qYmYE8QD78,131,easy,1,14538,Clustering & Unsupervised
N0qYmYE8QD78,132,easy,1,21461,Rules & Patterns
N0qYmYE8QD78,133,easy,1,21699,Rules & Patterns
N0qYmYE8QD78,134,medium,0,32738,Rules & Patterns
N0qYmYE8QD78,135,easy,1,13465,Rules & Patterns
N0qYmYE8QD78,136,easy,0,24155,Rules & Patterns
N0qYmYE8QD78,137,easy,1,14861,Rules & Patterns
N0qYmYE8QD78,138,easy,1,15061,Rules & Patterns
N0qYmYE8QD78,139,easy,1,15855,Rules & Patterns
N0qYmYE8QD78,140,easy,1,13465,Rules & Patterns
N0qYmYE8QD78,141,easy,1,15061,Data & Features
N0qYmYE8QD78,142,easy,1,17602,Rules & Patterns
N0qYmYE8QD78,143,easy,1,15855,Rules & Patterns
N0qYmYE8QD78,144,easy,1,18790,Data & Features
N0qYmYE8QD78,145,hard,0,29272,Data & Features
N0qYmYE8QD78,146,easy,1,21641,Rules & Patterns
N0qYmYE8QD78,147,medium,1,29957,Misc / Tools
N0qYmYE8QD78,148,medium,1,30272,Rules & Patterns
N0qYmYE8QD78,149,easy,1,24908,Rules & Patterns
N0qYmYE8QD78,150,easy,1,17038,Rules & Patterns
oXHAAQD8R9lF,121,easy,1,15145,Classification & Modeling
oXHAAQD8R9lF,122,hard,0,28673,Rules & Patterns
oXHAAQD8R9lF,123,easy,1,17475,Rules & Patterns
oXHAAQD8R9lF,124,easy,1,17071,Rules & Patterns
oXHAAQD8R9lF,125,easy,1,15145,Rules & Patterns
oXHAAQD8R9lF,126,easy,1,18072,Rules & Patterns
oXHAAQD8R9lF,127,medium,1,27905,Rules & Patterns
oXHAAQD8R9lF,128,easy,0,20838,Rules & Patterns
oXHAAQD8R9lF,129,easy,1,17475,Rules & Patterns
oXHAAQD8R9lF,130,easy,1,12797,Rules & Patterns
oXHAAQD8R9lF,131,easy,1,14694,Clustering & Unsupervised
oXHAAQD8R9lF,132,easy,1,20540,Rules & Patterns
oXHAAQD8R9lF,133,easy,0,22223,Rules & Patterns
oXHAAQD8R9lF,134,medium,0,25361,Rules & Patterns
oXHAAQD8R9lF,135,easy,1,12797,Rules & Patterns
oXHAAQD8R9lF,136,easy,1,17884,Rules & Patterns
oXHAAQD8R9lF,137,easy,1,17071,Rules & Patterns
oXHAAQD8R9lF,138,easy,1,15145,Rules & Patterns
oXHAAQD8R9lF,139,easy,1,18450,Rules & Patterns
oXHAAQD8R9lF,140,easy,1,12797,Rules & Patterns
oXHAAQD8R9lF,141,easy,1,15145,Data & Features
oXHAAQD8R9lF,142,easy,1,17884,Rules & Patterns
oXHAAQD8R9lF,143,easy,1,18450,Rules & Patterns
oXHAAQD8R9lF,144,easy,0,19730,Data & Features
oXHAAQD8R9lF,145,hard,0,21700,Data & Features
oXHAAQD8R9lF,146,easy,0,22164,Rules & Patterns
oXHAAQD8R9lF,147,medium,0,26987,Misc / Tools
oXHAAQD8R9lF,148,medium,0,28148,Rules & Patterns
oXHAAQD8R9lF,149,easy,0,24422,Rules & Patterns
oXHAAQD8R9lF,150,easy,1,17286,Rules & Patterns
xOKhxIy4WoKi,121,easy,1,15061,Classification & Modeling
xOKhxIy4WoKi,122,hard,1,33272,Rules & Patterns
xOKhxIy4WoKi,123,easy,1,15213,Rules & Patterns
xOKhxIy4WoKi,124,easy,1,14861,Rules & Patterns
xOKhxIy4WoKi,125,easy,1,15061,Rules & Patterns
xOKhxIy4WoKi,126,easy,1,18790,Rules & Patterns
xOKhxIy4WoKi,127,medium,0,35518,Rules & Patterns
xOKhxIy4WoKi,128,easy,1,20531,Rules & Patterns
xOKhxIy4WoKi,129,easy,0,20787,Rules & Patterns
xOKhxIy4WoKi,130,easy,1,13465,Rules & Patterns
xOKhxIy4WoKi,131,easy,1,14538,Clustering & Unsupervised
xOKhxIy4WoKi,132,easy,1,21461,Rules & Patterns
xOKhxIy4WoKi,133,easy,0,26080,Rules & Patterns
xOKhxIy4WoKi,134,medium,0,32738,Rules & Patterns
xOKhxIy4WoKi,135,easy,1,13465,Rules & Patterns
xOKhxIy4WoKi,136,easy,1,17602,Rules & Patterns
xOKhxIy4WoKi,137,easy,1,14861,Rules & Patterns
xOKhxIy4WoKi,138,easy,1,15061,Rules & Patterns
xOKhxIy4WoKi,139,easy,1,15855,Rules & Patterns
xOKhxIy4WoKi,140,easy,1,13465,Rules & Patterns
xOKhxIy4WoKi,141,easy,1,15061,Data & Features
xOKhxIy4WoKi,142,easy,1,17602,Rules & Patterns
xOKhxIy4WoKi,143,easy,1,15855,Rules & Patterns
xOKhxIy4WoKi,144,easy,0,24385,Data & Features
xOKhxIy4WoKi,145,hard,0,29272,Data & Features
xOKhxIy4WoKi,146,easy,0,26011,Rules & Patterns
xOKhxIy4WoKi,147,medium,1,29957,Misc / Tools
xOKhxIy4WoKi,148,medium,1,30272,Rules & Patterns
xOKhxIy4WoKi,149,easy,0,31645,Rules & Patterns
xOKhxIy4WoKi,150,easy,1,17038,Rules & Patterns
RM55e8d3Jbjm,121,easy,1,11875,Classification & Modeling
RM55e8d3Jbjm,122,hard,1,28040,Rules & Patterns
RM55e8d3Jbjm,123,easy,0,15638,Rules & Patterns
RM55e8d3Jbjm,124,easy,1,12759,Rules & Patterns
RM55e8d3Jbjm,125,easy,1,11875,Rules & Patterns
RM55e8d3Jbjm,126,easy,1,16937,Rules & Patterns
RM55e8d3Jbjm,127,medium,0,27012,Rules & Patterns
RM55e8d3Jbjm,128,easy,1,18506,Rules & Patterns
RM55e8d3Jbjm,129,easy,1,13061,Rules & Patterns
RM55e8d3Jbjm,130,easy,1,10581,Rules & Patterns
RM55e8d3Jbjm,131,easy,1,11424,Clustering & Unsupervised
RM55e8d3Jbjm,132,easy,0,22261,Rules & Patterns
RM55e8d3Jbjm,133,easy,1,19559,Rules & Patterns
RM55e8d3Jbjm,134,medium,1,24458,Rules & Patterns
RM55e8d3Jbjm,135,easy,1,10581,Rules & Patterns
RM55e8d3Jbjm,136,easy,1,16003,Rules & Patterns
RM55e8d3Jbjm,137,easy,1,12759,Rules & Patterns
RM55e8d3Jbjm,138,easy,1,11875,Rules & Patterns
RM55e8d3Jbjm,139,easy,1,13990,Rules & Patterns
RM55e8d3Jbjm,140,easy,1,10581,Rules & Patterns
RM55e8d3Jbjm,141,easy,1,11875,Data & Features
RM55e8d3Jbjm,142,easy,1,16003,Rules & Patterns
RM55e8d3Jbjm,143,easy,1,13990,Rules & Patterns
RM55e8d3Jbjm,144,easy,1,16937,Data & Features
RM55e8d3Jbjm,145,hard,0,22616,Data & Features
RM55e8d3Jbjm,146,easy,1,19507,Rules & Patterns
RM55e8d3Jbjm,147,medium,0,26702,Misc / Tools
RM55e8d3Jbjm,148,medium,0,27012,Rules & Patterns
RM55e8d3Jbjm,149,easy,0,24710,Rules & Patterns
RM55e8d3Jbjm,150,easy,1,15469,Rules & Patterns
tZNKhSZpzqOT,121,easy,1,14711,Classification & Modeling
tZNKhSZpzqOT,122,hard,0,32408,Rules & Patterns
tZNKhSZpzqOT,123,easy,1,14912,Rules & Patterns
tZNKhSZpzqOT,124,easy,1,14567,Rules & Patterns
tZNKhSZpzqOT,125,easy,1,14711,Rules & Patterns
tZNKhSZpzqOT,126,easy,1,17911,Rules & Patterns
tZNKhSZpzqOT,127,medium,1,28201,Rules & Patterns
tZNKhSZpzqOT,128,easy,0,22834,Rules & Patterns
tZNKhSZpzqOT,129,easy,1,14912,Rules & Patterns
tZNKhSZpzqOT,130,easy,1,13008,Rules & Patterns
tZNKhSZpzqOT,131,easy,1,14044,Clustering & Unsupervised
tZNKhSZpzqOT,132,easy,1,20457,Rules & Patterns
tZNKhSZpzqOT,133,easy,1,20684,Rules & Patterns
tZNKhSZpzqOT,134,medium,0,29407,Rules & Patterns
tZNKhSZpzqOT,135,easy,1,13008,Rules & Patterns
tZNKhSZpzqOT,136,easy,0,22676,Rules & Patterns
tZNKhSZpzqOT,137,easy,1,14567,Rules & Patterns
tZNKhSZpzqOT,138,easy,1,14711,Rules & Patterns
tZNKhSZpzqOT,139,easy,1,15502,Rules & Patterns
tZNKhSZpzqOT,140,easy,1,13008,Rules & Patterns
tZNKhSZpzqOT,141,easy,1,14711,Data & Features
tZNKhSZpzqOT,142,easy,1,17051,Rules & Patterns
tZNKhSZpzqOT,143,easy,1,15502,Rules & Patterns
tZNKhSZpzqOT,144,easy,1,17911,Data & Features
tZNKhSZpzqOT,145,hard,0,25429,Data & Features
tZNKhSZpzqOT,146,easy,1,20629,Rules & Patterns
tZNKhSZpzqOT,147,medium,0,31345,Misc / Tools
tZNKhSZpzqOT,148,medium,0,31904,Rules & Patterns
tZNKhSZpzqOT,149,easy,1,23205,Rules & Patterns
tZNKhSZpzqOT,150,easy,1,16629,Rules & Patterns
AgiWXtLnmm9y,121,easy,1,10621,Classification & Modeling
AgiWXtLnmm9y,122,hard,0,25076,Rules & Patterns
AgiWXtLnmm9y,123,easy,1,11682,Rules & Patterns
AgiWXtLnmm9y,124,easy,1,11412,Rules & Patterns
AgiWXtLnmm9y,125,easy,1,10621,Rules & Patterns
AgiWXtLnmm9y,126,easy,1,15310,Rules & Patterns
AgiWXtLnmm9y,127,medium,1,22622,Rules & Patterns
AgiWXtLnmm9y,128,easy,1,16729,Rules & Patterns
AgiWXtLnmm9y,129,easy,1,11682,Rules & Patterns
AgiWXtLnmm9y,130,easy,1,9393,Rules & Patterns
AgiWXtLnmm9y,131,easy,1,10218,Clustering & Unsupervised
AgiWXtLnmm9y,132,easy,0,20122,Rules & Patterns
AgiWXtLnmm9y,133,easy,1,17680,Rules & Patterns
AgiWXtLnmm9y,134,medium,1,21655,Rules & Patterns
AgiWXtLnmm9y,135,easy,1,9393,Rules & Patterns
AgiWXtLnmm9y,136,easy,1,14398,Rules & Patterns
AgiWXtLnmm9y,137,easy,1,11412,Rules & Patterns
AgiWXtLnmm9y,138,easy,1,10621,Rules & Patterns
AgiWXtLnmm9y,139,easy,1,12156,Rules & Patterns
AgiWXtLnmm9y,140,easy,1,9393,Rules & Patterns
AgiWXtLnmm9y,141,easy,1,10621,Data & Features
AgiWXtLnmm9y,142,easy,1,14398,Rules & Patterns
AgiWXtLnmm9y,143,easy,1,12156,Rules & Patterns
AgiWXtLnmm9y,144,easy,1,15310,Data & Features
AgiWXtLnmm9y,145,hard,0,19480,Data & Features
AgiWXtLnmm9y,146,easy,1,17633,Rules & Patterns
AgiWXtLnmm9y,147,medium,1,22524,Misc / Tools
AgiWXtLnmm9y,148,medium,1,22622,Rules & Patterns
AgiWXtLnmm9y,149,easy,1,18836,Rules & Patterns
AgiWXtLnmm9y,150,easy,1,13917,Rules & Patterns
Za018kn2raFk,121,easy,1,14532,Classification & Modeling
Za018kn2raFk,122,hard,0,32490,Rules & Patterns
Za018kn2raFk,123,easy,1,14678,Rules & Patterns
Za018kn2raFk,124,easy,1,14339,Rules & Patterns
Za018kn2raFk,125,easy,1,14532,Rules & Patterns
Za018kn2raFk,126,easy,1,18130,Rules & Patterns
Za018kn2raFk,127,medium,1,29208,Rules & Patterns
Za018kn2raFk,128,easy,1,19809,Rules & Patterns
Za018kn2raFk,129,easy,1,14678,Rules & Patterns
Za018kn2raFk,130,easy,1,12991,Rules & Patterns
Za018kn2raFk,131,easy,1,14026,Clustering & Unsupervised
Za018kn2raFk,132,easy,1,20706,Rules & Patterns
Za018kn2raFk,133,easy,1,20936,Rules & Patterns
Za018kn2raFk,134,medium,0,31584,Rules & Patterns
Za018kn2raFk,135,easy,1,12991,Rules & Patterns
Za018kn2raFk,136,easy,1,16983,Rules & Patterns
Za018kn2raFk,137,easy,1,14339,Rules & Patterns
Za018kn2raFk,138,easy,1,14532,Rules & Patterns
Za018kn2raFk,139,easy,1,15298,Rules & Patterns
Za018kn2raFk,140,easy,1,12991,Rules & Patterns
Za018kn2raFk,141,easy,1,14532,Data & Features
Za018kn2raFk,142,easy,1,16983,Rules & Patterns
Za018kn2raFk,143,easy,0,21491,Rules & Patterns
Za018kn2raFk,144,easy,1,18130,Data & Features
Za018kn2raFk,145,hard,0,27974,Data & Features
Za018kn2raFk,146,easy,1,20880,Rules & Patterns
Za018kn2raFk,147,medium,1,28904,Misc / Tools
Za018kn2raFk,148,medium,1,29208,Rules & Patterns
Za018kn2raFk,149,easy,1,24033,Rules & Patterns
Za018kn2raFk,150,easy,1,16439,Rules & Patterns
jMkOnTydcqm6,121,easy,1,14590,Classification & Modeling
jMkOnTydcqm6,122,hard,0,32985,Rules & Patterns
jMkOnTydcqm6,123,easy,1,14789,Rules & Patterns
jMkOnTydcqm6,124,easy,1,14447,Rules & Patterns
jMkOnTydcqm6,125,easy,1,14590,Rules & Patterns
jMkOnTydcqm6,126,easy,1,18003,Rules & Patterns
jMkOnTydcqm6,127,medium,1,28785,Rules & Patterns
jMkOnTydcqm6,128,easy,1,19671,Rules & Patterns
jMkOnTydcqm6,129,easy,1,14789,Rules & Patterns
jMkOnTydcqm6,130,easy,1,12900,Rules & Patterns
jMkOnTydcqm6,131,easy,1,13928,Clustering & Unsupervised
jMkOnTydcqm6,132,easy,0,24483,Rules & Patterns
jMkOnTydcqm6,133,easy,1,20789,Rules & Patterns
jMkOnTydcqm6,134,medium,1,27386,Rules & Patterns
jMkOnTydcqm6,135,easy,1,12900,Rules & Patterns
jMkOnTydcqm6,136,easy,1,16911,Rules & Patterns
jMkOnTydcqm6,137,easy,1,14447,Rules & Patterns
jMkOnTydcqm6,138,easy,1,14590,Rules & Patterns
jMkOnTydcqm6,139,easy,1,15374,Rules & Patterns
jMkOnTydcqm6,140,easy,1,12900,Rules & Patterns
jMkOnTydcqm6,141,easy,1,14590,Data & Features
jMkOnTydcqm6,142,easy,1,16911,Rules & Patterns
jMkOnTydcqm6,143,easy,1,15374,Rules & Patterns
jMkOnTydcqm6,144,easy,1,18003,Data & Features
jMkOnTydcqm6,145,hard,0,28860,Data & Features
jMkOnTydcqm6,146,easy,1,20734,Rules & Patterns
jMkOnTydcqm6,147,medium,1,28486,Misc / Tools
jMkOnTydcqm6,148,medium,1,28785,Rules & Patterns
jMkOnTydcqm6,149,easy,1,23685,Rules & Patterns
jMkOnTydcqm6,150,easy,1,16492,Rules & Patterns
cn7NB6JfQDTq,121,easy,1,13046,Classification & Modeling
cn7NB6JfQDTq,122,hard,0,31787,Rules & Patterns
cn7NB6JfQDTq,123,easy,1,14356,Rules & Patterns
cn7NB6JfQDTq,124,easy,1,14024,Rules & Patterns
cn7NB6JfQDTq,125,easy,1,13046,Rules & Patterns
cn7NB6JfQDTq,126,easy,1,18764,Rules & Patterns
cn7NB6JfQDTq,127,medium,0,31257,Rules & Patterns
cn7NB6JfQDTq,128,easy,0,22672,Rules & Patterns
cn7NB6JfQDTq,129,easy,1,14356,Rules & Patterns
cn7NB6JfQDTq,130,easy,1,11615,Rules & Patterns
cn7NB6JfQDTq,131,easy,1,12635,Clustering & Unsupervised
cn7NB6JfQDTq,132,easy,0,23862,Rules & Patterns
cn7NB6JfQDTq,133,easy,1,21676,Rules & Patterns
cn7NB6JfQDTq,134,medium,0,28116,Rules & Patterns
cn7NB6JfQDTq,135,easy,1,11615,Rules & Patterns
cn7NB6JfQDTq,136,easy,1,17590,Rules & Patterns
cn7NB6JfQDTq,137,easy,1,14024,Rules & Patterns
cn7NB6JfQDTq,138,easy,1,13046,Rules & Patterns
cn7NB6JfQDTq,139,easy,1,15104,Rules & Patterns
cn7NB6JfQDTq,140,easy,1,11615,Rules & Patterns
cn7NB6JfQDTq,141,easy,1,13046,Data & Features
cn7NB6JfQDTq,142,easy,1,17590,Rules & Patterns
cn7NB6JfQDTq,143,easy,1,15104,Rules & Patterns
cn7NB6JfQDTq,144,easy,1,18764,Data & Features
cn7NB6JfQDTq,145,hard,0,25378,Data & Features
cn7NB6JfQDTq,146,easy,0,23857,Rules & Patterns
cn7NB6JfQDTq,147,medium,0,29969,Misc / Tools
cn7NB6JfQDTq,148,medium,0,31257,Rules & Patterns
cn7NB6JfQDTq,149,easy,0,27500,Rules & Patterns
cn7NB6JfQDTq,150,easy,1,17002,Rules & Patterns
5WCMaHHFn6WV,121,easy,1,14532,Classification & Modeling
5WCMaHHFn6WV,122,hard,0,32490,Rules & Patterns
5WCMaHHFn6WV,123,easy,1,14678,Rules & Patterns
5WCMaHHFn6WV,124,easy,1,14339,Rules & Patterns
5WCMaHHFn6WV,125,easy,1,14532,Rules & Patterns
5WCMaHHFn6WV,126,easy,1,18130,Rules & Patterns
5WCMaHHFn6WV,127,medium,1,29208,Rules & Patterns
5WCMaHHFn6WV,128,easy,0,23847,Rules & Patterns
5WCMaHHFn6WV,129,easy,1,14678,Rules & Patterns
5WCMaHHFn6WV,130,easy,1,12991,Rules & Patterns
5WCMaHHFn6WV,131,easy,0,21669,Clustering & Unsupervised
5WCMaHHFn6WV,132,easy,1,20706,Rules & Patterns
5WCMaHHFn6WV,133,easy,1,20936,Rules & Patterns
5WCMaHHFn6WV,134,medium,1,27788,Rules & Patterns
5WCMaHHFn6WV,135,easy,1,12991,Rules & Patterns
5WCMaHHFn6WV,136,easy,1,16983,Rules & Patterns
5WCMaHHFn6WV,137,easy,1,14339,Rules & Patterns
5WCMaHHFn6WV,138,easy,1,14532,Rules & Patterns
5WCMaHHFn6WV,139,easy,1,15298,Rules & Patterns
5WCMaHHFn6WV,140,easy,1,12991,Rules & Patterns
5WCMaHHFn6WV,141,easy,1,14532,Data & Features
5WCMaHHFn6WV,142,easy,1,16983,Rules & Patterns
5WCMaHHFn6WV,143,easy,1,15298,Rules & Patterns
5WCMaHHFn6WV,144,easy,1,18130,Data & Features
5WCMaHHFn6WV,145,hard,0,27974,Data & Features
5WCMaHHFn6WV,146,easy,1,20880,Rules & Patterns
5WCMaHHFn6WV,147,medium,0,33665,Misc / Tools
5WCMaHHFn6WV,148,medium,0,34266,Rules & Patterns
5WCMaHHFn6WV,149,easy,0,30529,Rules & Patterns
5WCMaHHFn6WV,150,easy,1,16439,Rules & Patterns
aKKO0pyKuBaK,121,easy,0,13935,Classification & Modeling
aKKO0pyKuBaK,122,hard,0,28322,Rules & Patterns
aKKO0pyKuBaK,123,easy,1,13061,Rules & Patterns
aKKO0pyKuBaK,124,easy,1,12759,Rules & Patterns
aKKO0pyKuBaK,125,easy,1,11875,Rules & Patterns
aKKO0pyKuBaK,126,easy,1,16937,Rules & Patterns
aKKO0pyKuBaK,127,medium,0,27012,Rules & Patterns
aKKO0pyKuBaK,128,easy,1,18506,Rules & Patterns
aKKO0pyKuBaK,129,easy,1,13061,Rules & Patterns
aKKO0pyKuBaK,130,easy,1,10581,Rules & Patterns
aKKO0pyKuBaK,131,easy,1,11424,Clustering & Unsupervised
aKKO0pyKuBaK,132,easy,0,22261,Rules & Patterns
aKKO0pyKuBaK,133,easy,1,19559,Rules & Patterns
aKKO0pyKuBaK,134,medium,1,24458,Rules & Patterns
aKKO0pyKuBaK,135,easy,1,10581,Rules & Patterns
aKKO0pyKuBaK,136,easy,1,16003,Rules & Patterns
aKKO0pyKuBaK,137,easy,1,12759,Rules & Patterns
aKKO0pyKuBaK,138,easy,1,11875,Rules & Patterns
aKKO0pyKuBaK,139,easy,1,13990,Rules & Patterns
aKKO0pyKuBaK,140,easy,1,10581,Rules & Patterns
aKKO0pyKuBaK,141,easy,1,11875,Data & Features
aKKO0pyKuBaK,142,easy,1,16003,Rules & Patterns
aKKO0pyKuBaK,143,easy,1,13990,Rules & Patterns
aKKO0pyKuBaK,144,easy,1,16937,Data & Features
aKKO0pyKuBaK,145,hard,0,22616,Data & Features
aKKO0pyKuBaK,146,easy,0,22330,Rules & Patterns
aKKO0pyKuBaK,147,medium,0,26702,Misc / Tools
aKKO0pyKuBaK,148,medium,1,25551,Rules & Patterns
aKKO0pyKuBaK,149,easy,0,24710,Rules & Patterns
aKKO0pyKuBaK,150,easy,1,15469,Rules & Patterns
yKhvr1tKGpJF,121,easy,1,14818,Classification & Modeling
yKhvr1tKGpJF,122,hard,0,35085,Rules & Patterns
yKhvr1tKGpJF,123,easy,1,15125,Rules & Patterns
yKhvr1tKGpJF,124,easy,1,14775,Rules & Patterns
yKhvr1tKGpJF,125,easy,1,14818,Rules & Patterns
yKhvr1tKGpJF,126,easy,1,20821,Rules & Patterns
yKhvr1tKGpJF,127,medium,0,39356,Rules & Patterns
yKhvr1tKGpJF,128,easy,1,22750,Rules & Patterns
yKhvr1tKGpJF,129,easy,1,15125,Rules & Patterns
yKhvr1tKGpJF,130,easy,1,13247,Rules & Patterns
yKhvr1tKGpJF,131,easy,1,14303,Clustering & Unsupervised
yKhvr1tKGpJF,132,easy,1,23780,Rules & Patterns
yKhvr1tKGpJF,133,easy,1,24044,Rules & Patterns
yKhvr1tKGpJF,134,medium,0,34107,Rules & Patterns
yKhvr1tKGpJF,135,easy,1,13247,Rules & Patterns
yKhvr1tKGpJF,136,easy,1,17714,Rules & Patterns
yKhvr1tKGpJF,137,easy,1,14775,Rules & Patterns
yKhvr1tKGpJF,138,easy,1,14818,Rules & Patterns
yKhvr1tKGpJF,139,easy,1,15763,Rules & Patterns
yKhvr1tKGpJF,140,easy,1,13247,Rules & Patterns
yKhvr1tKGpJF,141,easy,1,14818,Data & Features
yKhvr1tKGpJF,142,easy,1,17714,Rules & Patterns
yKhvr1tKGpJF,143,easy,1,15763,Rules & Patterns
yKhvr1tKGpJF,144,easy,1,20821,Data & Features
yKhvr1tKGpJF,145,hard,0,24952,Data & Features
yKhvr1tKGpJF,146,easy,1,23980,Rules & Patterns
yKhvr1tKGpJF,147,medium,0,36931,Misc / Tools
yKhvr1tKGpJF,148,medium,1,33543,Rules & Patterns
yKhvr1tKGpJF,149,easy,1,27600,Rules & Patterns
yKhvr1tKGpJF,150,easy,1,17147,Rules & Patterns
BOOMKrcykzvF,121,easy,1,10455,Classification & Modeling
BOOMKrcykzvF,122,hard,0,20765,Rules & Patterns
BOOMKrcykzvF,123,easy,1,12479,Rules & Patterns
BOOMKrcykzvF,124,easy,1,12191,Rules & Patterns
BOOMKrcykzvF,125,easy,0,11171,Rules & Patterns
BOOMKrcykzvF,126,easy,1,15472,Rules & Patterns
BOOMKrcykzvF,127,medium,1,23864,Rules & Patterns
BOOMKrcykzvF,128,easy,0,16374,Rules & Patterns
BOOMKrcykzvF,129,easy,1,12479,Rules & Patterns
BOOMKrcykzvF,130,easy,1,8834,Rules & Patterns
BOOMKrcykzvF,131,easy,1,10143,Clustering & Unsupervised
BOOMKrcykzvF,132,easy,0,16916,Rules & Patterns
BOOMKrcykzvF,133,easy,0,16882,Rules & Patterns
BOOMKrcykzvF,134,medium,1,22901,Rules & Patterns
BOOMKrcykzvF,135,easy,1,8834,Rules & Patterns
BOOMKrcykzvF,136,easy,1,14219,Rules & Patterns
BOOMKrcykzvF,137,easy,1,12191,Rules & Patterns
BOOMKrcykzvF,138,easy,1,10455,Rules & Patterns
BOOMKrcykzvF,139,easy,1,13184,Rules & Patterns
BOOMKrcykzvF,140,easy,1,8834,Rules & Patterns
BOOMKrcykzvF,141,easy,1,10455,Data & Features
BOOMKrcykzvF,142,easy,0,15511,Rules & Patterns
BOOMKrcykzvF,143,easy,0,14164,Rules & Patterns
BOOMKrcykzvF,144,easy,0,15991,Data & Features
BOOMKrcykzvF,145,hard,0,16033,Data & Features
BOOMKrcykzvF,146,easy,0,16837,Rules & Patterns
BOOMKrcykzvF,147,medium,1,23541,Misc / Tools
BOOMKrcykzvF,148,medium,0,20372,Rules & Patterns
BOOMKrcykzvF,149,easy,1,20081,Rules & Patterns
BOOMKrcykzvF,150,easy,0,14979,Rules & Patterns
r5xiR4T4onQf,121,easy,1,14332,Classification & Modeling
r5xiR4T4onQf,122,hard,0,31963,Rules & Patterns
r5xiR4T4onQf,123,easy,1,15617,Rules & Patterns
r5xiR4T4onQf,124,easy,1,15256,Rules & Patterns
r5xiR4T4onQf,125,easy,1,14332,Rules & Patterns
r5xiR4T4onQf,126,easy,1,20419,Rules & Patterns
r5xiR4T4onQf,127,medium,1,32036,Rules & Patterns
r5xiR4T4onQf,128,easy,1,21815,Rules & Patterns
r5xiR4T4onQf,129,easy,1,15617,Rules & Patterns
r5xiR4T4onQf,130,easy,1,12635,Rules & Patterns
r5xiR4T4onQf,131,easy,1,13745,Clustering & Unsupervised
r5xiR4T4onQf,132,easy,1,23137,Rules & Patterns
r5xiR4T4onQf,133,easy,1,23055,Rules & Patterns
r5xiR4T4onQf,134,medium,0,28271,Rules & Patterns
r5xiR4T4onQf,135,easy,1,12635,Rules & Patterns
r5xiR4T4onQf,136,easy,0,22558,Rules & Patterns
r5xiR4T4onQf,137,easy,1,15256,Rules & Patterns
r5xiR4T4onQf,138,easy,1,14332,Rules & Patterns
r5xiR4T4onQf,139,easy,1,16430,Rules & Patterns
r5xiR4T4onQf,140,easy,1,12635,Rules & Patterns
r5xiR4T4onQf,141,easy,1,14332,Data & Features
r5xiR4T4onQf,142,easy,1,19135,Rules & Patterns
r5xiR4T4onQf,143,easy,1,16430,Rules & Patterns
r5xiR4T4onQf,144,easy,1,20419,Data & Features
r5xiR4T4onQf,145,hard,0,26187,Data & Features
r5xiR4T4onQf,146,easy,0,23988,Rules & Patterns
r5xiR4T4onQf,147,medium,1,30938,Misc / Tools
r5xiR4T4onQf,148,medium,1,32036,Rules & Patterns
r5xiR4T4onQf,149,easy,1,26310,Rules & Patterns
r5xiR4T4onQf,150,easy,1,18496,Rules & Patterns
R8OVhINU7nka,121,easy,1,14590,Classification & Modeling
R8OVhINU7nka,122,hard,0,32985,Rules & Patterns
R8OVhINU7nka,123,easy,1,14789,Rules & Patterns
R8OVhINU7nka,124,easy,1,14447,Rules & Patterns
R8OVhINU7nka,125,easy,1,14590,Rules & Patterns
R8OVhINU7nka,126,easy,1,18003,Rules & Patterns
R8OVhINU7nka,127,medium,1,28785,Rules & Patterns
R8OVhINU7nka,128,easy,1,19671,Rules & Patterns
R8OVhINU7nka,129,easy,1,14789,Rules & Patterns
R8OVhINU7nka,130,easy,1,12900,Rules & Patterns
R8OVhINU7nka,131,easy,1,13928,Clustering & Unsupervised
R8OVhINU7nka,132,easy,0,24483,Rules & Patterns
R8OVhINU7nka,133,easy,0,24625,Rules & Patterns
R8OVhINU7nka,134,medium,1,27386,Rules & Patterns
R8OVhINU7nka,135,easy,1,12900,Rules & Patterns
R8OVhINU7nka,136,easy,1,16911,Rules & Patterns
R8OVhINU7nka,137,easy,1,14447,Rules & Patterns
R8OVhINU7nka,138,easy,1,14590,Rules & Patterns
R8OVhINU7nka,139,easy,1,15374,Rules & Patterns
R8OVhINU7nka,140,easy,1,12900,Rules & Patterns
R8OVhINU7nka,141,easy,1,14590,Data & Features
R8OVhINU7nka,142,easy,1,16911,Rules & Patterns
R8OVhINU7nka,143,easy,1,15374,Rules & Patterns
R8OVhINU7nka,144,easy,1,18003,Data & Features
R8OVhINU7nka,145,hard,1,32420,Data & Features
R8OVhINU7nka,146,easy,1,20734,Rules & Patterns
R8OVhINU7nka,147,medium,1,28486,Misc / Tools
R8OVhINU7nka,148,medium,1,28785,Rules & Patterns
R8OVhINU7nka,149,easy,1,23685,Rules & Patterns
R8OVhINU7nka,150,easy,1,16492,Rules & Patterns
WNh0afD7QG4d,121,easy,1,12670,Classification & Modeling
WNh0afD7QG4d,122,hard,0,24846,Rules & Patterns
WNh0afD7QG4d,123,easy,1,12078,Rules & Patterns
WNh0afD7QG4d,124,easy,1,11798,Rules & Patterns
WNh0afD7QG4d,125,easy,1,12670,Rules & Patterns
WNh0afD7QG4d,126,easy,0,17794,Rules & Patterns
WNh0afD7QG4d,127,medium,1,21621,Rules & Patterns
WNh0afD7QG4d,128,easy,1,15731,Rules & Patterns
WNh0afD7QG4d,129,easy,1,12078,Rules & Patterns
WNh0afD7QG4d,130,easy,1,11203,Rules & Patterns
WNh0afD7QG4d,131,easy,1,11375,Clustering & Unsupervised
WNh0afD7QG4d,132,easy,0,18922,Rules & Patterns
WNh0afD7QG4d,133,easy,0,19032,Rules & Patterns
WNh0afD7QG4d,134,medium,0,22509,Rules & Patterns
WNh0afD7QG4d,135,easy,1,11203,Rules & Patterns
WNh0afD7QG4d,136,easy,1,13843,Rules & Patterns
WNh0afD7QG4d,137,easy,1,11798,Rules & Patterns
WNh0afD7QG4d,138,easy,1,12670,Rules & Patterns
WNh0afD7QG4d,139,easy,1,12555,Rules & Patterns
WNh0afD7QG4d,140,easy,1,11203,Rules & Patterns
WNh0afD7QG4d,141,easy,1,12670,Data & Features
WNh0afD7QG4d,142,easy,1,13843,Rules & Patterns
WNh0afD7QG4d,143,easy,1,12555,Rules & Patterns
WNh0afD7QG4d,144,easy,1,14397,Data & Features
WNh0afD7QG4d,145,hard,1,22605,Data & Features
WNh0afD7QG4d,146,easy,1,16581,Rules & Patterns
WNh0afD7QG4d,147,medium,1,21396,Misc / Tools
WNh0afD7QG4d,148,medium,1,21621,Rules & Patterns
WNh0afD7QG4d,149,easy,1,18021,Rules & Patterns
WNh0afD7QG4d,150,easy,1,13500,Rules & Patterns
PgdsGKsedBAl,121,easy,1,11875,Classification & Modeling
PgdsGKsedBAl,122,hard,0,28322,Rules & Patterns
PgdsGKsedBAl,123,easy,1,13061,Rules & Patterns
PgdsGKsedBAl,124,easy,1,12759,Rules & Patterns
PgdsGKsedBAl,125,easy,1,11875,Rules & Patterns
PgdsGKsedBAl,126,easy,1,16937,Rules & Patterns
PgdsGKsedBAl,127,medium,1,25551,Rules & Patterns
PgdsGKsedBAl,128,easy,1,18506,Rules & Patterns
PgdsGKsedBAl,129,easy,1,13061,Rules & Patterns
PgdsGKsedBAl,130,easy,1,10581,Rules & Patterns
PgdsGKsedBAl,131,easy,1,11424,Clustering & Unsupervised
PgdsGKsedBAl,132,easy,0,22261,Rules & Patterns
PgdsGKsedBAl,133,easy,0,22389,Rules & Patterns
PgdsGKsedBAl,134,medium,1,24458,Rules & Patterns
PgdsGKsedBAl,135,easy,1,10581,Rules & Patterns
PgdsGKsedBAl,136,easy,1,16003,Rules & Patterns
PgdsGKsedBAl,137,easy,0,15277,Rules & Patterns
PgdsGKsedBAl,138,easy,1,11875,Rules & Patterns
PgdsGKsedBAl,139,easy,1,13990,Rules & Patterns
PgdsGKsedBAl,140,easy,1,10581,Rules & Patterns
PgdsGKsedBAl,141,easy,1,11875,Data & Features
PgdsGKsedBAl,142,easy,1,16003,Rules & Patterns
PgdsGKsedBAl,143,easy,1,13990,Rules & Patterns
PgdsGKsedBAl,144,easy,1,16937,Data & Features
PgdsGKsedBAl,145,hard,1,24510,Data & Features
PgdsGKsedBAl,146,easy,1,19507,Rules & Patterns
PgdsGKsedBAl,147,medium,1,25440,Misc / Tools
PgdsGKsedBAl,148,medium,1,25551,Rules & Patterns
PgdsGKsedBAl,149,easy,1,21428,Rules & Patterns
PgdsGKsedBAl,150,easy,1,15469,Rules & Patterns
wlfxRfJtBw5L,121,easy,1,11884,Classification & Modeling
wlfxRfJtBw5L,122,hard,0,27581,Rules & Patterns
wlfxRfJtBw5L,123,easy,1,13071,Rules & Patterns
wlfxRfJtBw5L,124,easy,1,12769,Rules & Patterns
wlfxRfJtBw5L,125,easy,1,11884,Rules & Patterns
wlfxRfJtBw5L,126,easy,1,16839,Rules & Patterns
wlfxRfJtBw5L,127,medium,1,24882,Rules & Patterns
wlfxRfJtBw5L,128,easy,1,18400,Rules & Patterns
wlfxRfJtBw5L,129,easy,1,13071,Rules & Patterns
wlfxRfJtBw5L,130,easy,1,10590,Rules & Patterns
wlfxRfJtBw5L,131,easy,1,11434,Clustering & Unsupervised
wlfxRfJtBw5L,132,easy,1,19233,Rules & Patterns
wlfxRfJtBw5L,133,easy,1,19446,Rules & Patterns
wlfxRfJtBw5L,134,medium,0,24395,Rules & Patterns
wlfxRfJtBw5L,135,easy,1,10590,Rules & Patterns
wlfxRfJtBw5L,136,easy,1,16016,Rules & Patterns
wlfxRfJtBw5L,137,easy,1,12769,Rules & Patterns
wlfxRfJtBw5L,138,easy,1,11884,Rules & Patterns
wlfxRfJtBw5L,139,easy,1,13602,Rules & Patterns
wlfxRfJtBw5L,140,easy,1,10590,Rules & Patterns
wlfxRfJtBw5L,141,easy,1,11884,Data & Features
wlfxRfJtBw5L,142,easy,1,16016,Rules & Patterns
wlfxRfJtBw5L,143,easy,1,13602,Rules & Patterns
wlfxRfJtBw5L,144,easy,1,16839,Data & Features
wlfxRfJtBw5L,145,hard,0,21728,Data & Features
wlfxRfJtBw5L,146,easy,1,19395,Rules & Patterns
wlfxRfJtBw5L,147,medium,1,24774,Misc / Tools
wlfxRfJtBw5L,148,medium,1,24882,Rules & Patterns
wlfxRfJtBw5L,149,easy,1,20718,Rules & Patterns
wlfxRfJtBw5L,150,easy,1,15481,Rules & Patterns
BSLGp0wdoAqj,121,easy,1,11875,Classification & Modeling
BSLGp0wdoAqj,122,hard,0,28322,Rules & Patterns
BSLGp0wdoAqj,123,easy,0,15638,Rules & Patterns
BSLGp0wdoAqj,124,easy,1,12759,Rules & Patterns
BSLGp0wdoAqj,125,easy,1,11875,Rules & Patterns
BSLGp0wdoAqj,126,easy,1,16937,Rules & Patterns
BSLGp0wdoAqj,127,medium,1,25551,Rules & Patterns
BSLGp0wdoAqj,128,easy,1,18506,Rules & Patterns
BSLGp0wdoAqj,129,easy,1,13061,Rules & Patterns
BSLGp0wdoAqj,130,easy,1,10581,Rules & Patterns
BSLGp0wdoAqj,131,easy,1,11424,Clustering & Unsupervised
BSLGp0wdoAqj,132,easy,1,19344,Rules & Patterns
BSLGp0wdoAqj,133,easy,1,19559,Rules & Patterns
BSLGp0wdoAqj,134,medium,0,25051,Rules & Patterns
BSLGp0wdoAqj,135,easy,1,10581,Rules & Patterns
BSLGp0wdoAqj,136,easy,1,16003,Rules & Patterns
BSLGp0wdoAqj,137,easy,1,12759,Rules & Patterns
BSLGp0wdoAqj,138,easy,1,11875,Rules & Patterns
BSLGp0wdoAqj,139,easy,1,13990,Rules & Patterns
BSLGp0wdoAqj,140,easy,0,12418,Rules & Patterns
BSLGp0wdoAqj,141,easy,1,11875,Data & Features
BSLGp0wdoAqj,142,easy,1,16003,Rules & Patterns
BSLGp0wdoAqj,143,easy,1,13990,Rules & Patterns
BSLGp0wdoAqj,144,easy,1,16937,Data & Features
BSLGp0wdoAqj,145,hard,0,22616,Data & Features
BSLGp0wdoAqj,146,easy,1,19507,Rules & Patterns
BSLGp0wdoAqj,147,medium,1,25440,Misc / Tools
BSLGp0wdoAqj,148,medium,1,25551,Rules & Patterns
BSLGp0wdoAqj,149,easy,1,21428,Rules & Patterns
BSLGp0wdoAqj,150,easy,1,15469,Rules & Patterns
jxlFWYs7WyTt,121,easy,1,11875,Classification & Modeling
jxlFWYs7WyTt,122,hard,0,28322,Rules & Patterns
jxlFWYs7WyTt,123,easy,1,13061,Rules & Patterns
jxlFWYs7WyTt,124,easy,1,12759,Rules & Patterns
jxlFWYs7WyTt,125,easy,1,11875,Rules & Patterns
jxlFWYs7WyTt,126,easy,1,16937,Rules & Patterns
jxlFWYs7WyTt,127,medium,0,27012,Rules & Patterns
jxlFWYs7WyTt,128,easy,0,21220,Rules & Patterns
jxlFWYs7WyTt,129,easy,1,13061,Rules & Patterns
jxlFWYs7WyTt,130,easy,1,10581,Rules & Patterns
jxlFWYs7WyTt,131,easy,1,11424,Clustering & Unsupervised
jxlFWYs7WyTt,132,easy,0,22261,Rules & Patterns
jxlFWYs7WyTt,133,easy,1,19559,Rules & Patterns
jxlFWYs7WyTt,134,medium,1,24458,Rules & Patterns
jxlFWYs7WyTt,135,easy,1,10581,Rules & Patterns
jxlFWYs7WyTt,136,easy,1,16003,Rules & Patterns
jxlFWYs7WyTt,137,easy,1,12759,Rules & Patterns
jxlFWYs7WyTt,138,easy,1,11875,Rules & Patterns
jxlFWYs7WyTt,139,easy,1,13990,Rules & Patterns
jxlFWYs7WyTt,140,easy,1,10581,Rules & Patterns
jxlFWYs7WyTt,141,easy,1,11875,Data & Features
jxlFWYs7WyTt,142,easy,1,16003,Rules & Patterns
jxlFWYs7WyTt,143,easy,1,13990,Rules & Patterns
jxlFWYs7WyTt,144,easy,1,16937,Data & Features
jxlFWYs7WyTt,145,hard,0,22616,Data & Features
jxlFWYs7WyTt,146,easy,1,19507,Rules & Patterns
jxlFWYs7WyTt,147,medium,0,26702,Misc / Tools
jxlFWYs7WyTt,148,medium,0,27012,Rules & Patterns
jxlFWYs7WyTt,149,easy,1,21428,Rules & Patterns
jxlFWYs7WyTt,150,easy,1,15469,Rules & Patterns
aeQlX5jbZHXw,121,easy,1,14818,Classification & Modeling
aeQlX5jbZHXw,122,hard,1,34664,Rules & Patterns
aeQlX5jbZHXw,123,easy,1,15125,Rules & Patterns
aeQlX5jbZHXw,124,easy,1,14775,Rules & Patterns
aeQlX5jbZHXw,125,easy,1,14818,Rules & Patterns
aeQlX5jbZHXw,126,easy,1,20821,Rules & Patterns
aeQlX5jbZHXw,127,medium,1,33543,Rules & Patterns
aeQlX5jbZHXw,128,easy,1,22750,Rules & Patterns
aeQlX5jbZHXw,129,easy,1,15125,Rules & Patterns
aeQlX5jbZHXw,130,easy,1,13247,Rules & Patterns
aeQlX5jbZHXw,131,easy,1,14303,Clustering & Unsupervised
aeQlX5jbZHXw,132,easy,1,23780,Rules & Patterns
aeQlX5jbZHXw,133,easy,1,24044,Rules & Patterns
aeQlX5jbZHXw,134,medium,0,34107,Rules & Patterns
aeQlX5jbZHXw,135,easy,1,13247,Rules & Patterns
aeQlX5jbZHXw,136,easy,1,17714,Rules & Patterns
aeQlX5jbZHXw,137,easy,1,14775,Rules & Patterns
aeQlX5jbZHXw,138,easy,1,14818,Rules & Patterns
aeQlX5jbZHXw,139,easy,1,15763,Rules & Patterns
aeQlX5jbZHXw,140,easy,1,13247,Rules & Patterns
aeQlX5jbZHXw,141,easy,1,14818,Data & Features
aeQlX5jbZHXw,142,easy,1,17714,Rules & Patterns
aeQlX5jbZHXw,143,easy,1,15763,Rules & Patterns
aeQlX5jbZHXw,144,easy,1,20821,Data & Features
aeQlX5jbZHXw,145,hard,0,24952,Data & Features
aeQlX5jbZHXw,146,easy,1,23980,Rules & Patterns
aeQlX5jbZHXw,147,medium,0,36931,Misc / Tools
aeQlX5jbZHXw,148,medium,0,39356,Rules & Patterns
aeQlX5jbZHXw,149,easy,0,35064,Rules & Patterns
aeQlX5jbZHXw,150,easy,1,17147,Rules & Patterns
ROaS3EN46XLy,121,easy,1,12670,Classification & Modeling
ROaS3EN46XLy,122,hard,0,24846,Rules & Patterns
ROaS3EN46XLy,123,easy,1,12078,Rules & Patterns
ROaS3EN46XLy,124,easy,1,11798,Rules & Patterns
ROaS3EN46XLy,125,easy,1,12670,Rules & Patterns
ROaS3EN46XLy,126,easy,1,14397,Rules & Patterns
ROaS3EN46XLy,127,medium,1,21621,Rules & Patterns
ROaS3EN46XLy,128,easy,1,15731,Rules & Patterns
ROaS3EN46XLy,129,easy,1,12078,Rules & Patterns
ROaS3EN46XLy,130,easy,1,11203,Rules & Patterns
ROaS3EN46XLy,131,easy,1,11375,Clustering & Unsupervised
ROaS3EN46XLy,132,easy,1,16443,Rules & Patterns
ROaS3EN46XLy,133,easy,1,16626,Rules & Patterns
ROaS3EN46XLy,134,medium,0,22509,Rules & Patterns
ROaS3EN46XLy,135,easy,1,11203,Rules & Patterns
ROaS3EN46XLy,136,easy,1,13843,Rules & Patterns
ROaS3EN46XLy,137,easy,1,11798,Rules & Patterns
ROaS3EN46XLy,138,easy,1,12670,Rules & Patterns
ROaS3EN46XLy,139,easy,1,12555,Rules & Patterns
ROaS3EN46XLy,140,easy,1,11203,Rules & Patterns
ROaS3EN46XLy,141,easy,1,12670,Data & Features
ROaS3EN46XLy,142,easy,1,13843,Rules & Patterns
ROaS3EN46XLy,143,easy,1,12555,Rules & Patterns
ROaS3EN46XLy,144,easy,1,14397,Data & Features
ROaS3EN46XLy,145,hard,0,19538,Data & Features
ROaS3EN46XLy,146,easy,1,16581,Rules & Patterns
ROaS3EN46XLy,147,medium,0,22457,Misc / Tools
ROaS3EN46XLy,148,medium,1,21621,Rules & Patterns
ROaS3EN46XLy,149,easy,0,20782,Rules & Patterns
ROaS3EN46XLy,150,easy,1,13500,Rules & Patterns
xbNryveuRsXc,121,easy,1,14796,Classification & Modeling
xbNryveuRsXc,122,hard,0,33085,Rules & Patterns
xbNryveuRsXc,123,easy,1,14945,Rules & Patterns
xbNryveuRsXc,124,easy,1,14600,Rules & Patterns
xbNryveuRsXc,125,easy,1,14796,Rules & Patterns
xbNryveuRsXc,126,easy,1,18460,Rules & Patterns
xbNryveuRsXc,127,medium,1,29739,Rules & Patterns
xbNryveuRsXc,128,easy,1,20170,Rules & Patterns
xbNryveuRsXc,129,easy,1,14945,Rules & Patterns
xbNryveuRsXc,130,easy,1,13228,Rules & Patterns
xbNryveuRsXc,131,easy,1,14282,Clustering & Unsupervised
xbNryveuRsXc,132,easy,0,25474,Rules & Patterns
xbNryveuRsXc,133,easy,0,25622,Rules & Patterns
xbNryveuRsXc,134,medium,1,28294,Rules & Patterns
xbNryveuRsXc,135,easy,1,13228,Rules & Patterns
xbNryveuRsXc,136,easy,1,17292,Rules & Patterns
xbNryveuRsXc,137,easy,1,14600,Rules & Patterns
xbNryveuRsXc,138,easy,1,14796,Rules & Patterns
xbNryveuRsXc,139,easy,1,15576,Rules & Patterns
xbNryveuRsXc,140,easy,1,13228,Rules & Patterns
xbNryveuRsXc,141,easy,1,14796,Data & Features
xbNryveuRsXc,142,easy,1,17292,Rules & Patterns
xbNryveuRsXc,143,easy,1,15576,Rules & Patterns
xbNryveuRsXc,144,easy,1,18460,Data & Features
xbNryveuRsXc,145,hard,1,33613,Data & Features
xbNryveuRsXc,146,easy,1,21260,Rules & Patterns
xbNryveuRsXc,147,medium,1,29430,Misc / Tools
xbNryveuRsXc,148,medium,1,29739,Rules & Patterns
xbNryveuRsXc,149,easy,1,24470,Rules & Patterns
xbNryveuRsXc,150,easy,1,16738,Rules & Patterns
eH9XZKUjDCDF,121,easy,1,15659,Classification & Modeling
eH9XZKUjDCDF,122,hard,1,34593,Rules & Patterns
eH9XZKUjDCDF,123,easy,1,15817,Rules & Patterns
eH9XZKUjDCDF,124,easy,1,15451,Rules & Patterns
eH9XZKUjDCDF,125,easy,1,15659,Rules & Patterns
eH9XZKUjDCDF,126,easy,1,19536,Rules & Patterns
eH9XZKUjDCDF,127,medium,1,31474,Rules & Patterns
eH9XZKUjDCDF,128,easy,1,21346,Rules & Patterns
eH9XZKUjDCDF,129,easy,1,15817,Rules & Patterns
eH9XZKUjDCDF,130,easy,1,13999,Rules & Patterns
eH9XZKUjDCDF,131,easy,1,15115,Clustering & Unsupervised
eH9XZKUjDCDF,132,easy,1,22313,Rules & Patterns
eH9XZKUjDCDF,133,easy,1,22560,Rules & Patterns
eH9XZKUjDCDF,134,medium,0,33419,Rules & Patterns
eH9XZKUjDCDF,135,easy,1,13999,Rules & Patterns
eH9XZKUjDCDF,136,easy,1,18300,Rules & Patterns
eH9XZKUjDCDF,137,easy,1,15451,Rules & Patterns
eH9XZKUjDCDF,138,easy,1,15659,Rules & Patterns
eH9XZKUjDCDF,139,easy,1,16485,Rules & Patterns
eH9XZKUjDCDF,140,easy,1,13999,Rules & Patterns
eH9XZKUjDCDF,141,easy,1,15659,Data & Features
eH9XZKUjDCDF,142,easy,1,18300,Rules & Patterns
eH9XZKUjDCDF,143,easy,1,16485,Rules & Patterns
eH9XZKUjDCDF,144,easy,1,19536,Data & Features
eH9XZKUjDCDF,145,hard,0,29881,Data & Features
eH9XZKUjDCDF,146,easy,1,22500,Rules & Patterns
eH9XZKUjDCDF,147,medium,1,31146,Misc / Tools
eH9XZKUjDCDF,148,medium,1,31474,Rules & Patterns
eH9XZKUjDCDF,149,easy,0,32303,Rules & Patterns
eH9XZKUjDCDF,150,easy,1,17714,Rules & Patterns
a9ej6jzpNOPn,121,easy,1,15659,Classification & Modeling
a9ej6jzpNOPn,122,hard,1,34593,Rules & Patterns
a9ej6jzpNOPn,123,easy,1,15817,Rules & Patterns
a9ej6jzpNOPn,124,easy,1,15451,Rules & Patterns
a9ej6jzpNOPn,125,easy,1,15659,Rules & Patterns
a9ej6jzpNOPn,126,easy,1,19536,Rules & Patterns
a9ej6jzpNOPn,127,medium,1,31474,Rules & Patterns
a9ej6jzpNOPn,128,easy,1,21346,Rules & Patterns
a9ej6jzpNOPn,129,easy,1,15817,Rules & Patterns
a9ej6jzpNOPn,130,easy,1,13999,Rules & Patterns
a9ej6jzpNOPn,131,easy,1,15115,Clustering & Unsupervised
a9ej6jzpNOPn,132,easy,1,22313,Rules & Patterns
a9ej6jzpNOPn,133,easy,1,22560,Rules & Patterns
a9ej6jzpNOPn,134,medium,1,29944,Rules & Patterns
a9ej6jzpNOPn,135,easy,1,13999,Rules & Patterns
a9ej6jzpNOPn,136,easy,1,18300,Rules & Patterns
a9ej6jzpNOPn,137,easy,1,15451,Rules & Patterns
a9ej6jzpNOPn,138,easy,1,15659,Rules & Patterns
a9ej6jzpNOPn,139,easy,1,16485,Rules & Patterns
a9ej6jzpNOPn,140,easy,1,13999,Rules & Patterns
a9ej6jzpNOPn,141,easy,1,15659,Data & Features
a9ej6jzpNOPn,142,easy,1,18300,Rules & Patterns
a9ej6jzpNOPn,143,easy,1,16485,Rules & Patterns
a9ej6jzpNOPn,144,easy,1,19536,Data & Features
a9ej6jzpNOPn,145,hard,0,29881,Data & Features
a9ej6jzpNOPn,146,easy,0,26552,Rules & Patterns
a9ej6jzpNOPn,147,medium,0,35621,Misc / Tools
a9ej6jzpNOPn,148,medium,0,36256,Rules & Patterns
a9ej6jzpNOPn,149,easy,0,32303,Rules & Patterns
a9ej6jzpNOPn,150,easy,0,24053,Rules & Patterns
RjR3B2X554Pn,121,easy,1,14332,Classification & Modeling
RjR3B2X554Pn,122,hard,1,34099,Rules & Patterns
RjR3B2X554Pn,123,easy,0,17098,Rules & Patterns
RjR3B2X554Pn,124,easy,1,15256,Rules & Patterns
RjR3B2X554Pn,125,easy,1,14332,Rules & Patterns
RjR3B2X554Pn,126,easy,1,20419,Rules & Patterns
RjR3B2X554Pn,127,medium,1,32036,Rules & Patterns
RjR3B2X554Pn,128,easy,1,21815,Rules & Patterns
RjR3B2X554Pn,129,easy,1,15617,Rules & Patterns
RjR3B2X554Pn,130,easy,1,12635,Rules & Patterns
RjR3B2X554Pn,131,easy,1,13745,Clustering & Unsupervised
RjR3B2X554Pn,132,easy,1,23137,Rules & Patterns
RjR3B2X554Pn,133,easy,0,24052,Rules & Patterns
RjR3B2X554Pn,134,medium,0,28271,Rules & Patterns
RjR3B2X554Pn,135,easy,1,12635,Rules & Patterns
RjR3B2X554Pn,136,easy,0,22558,Rules & Patterns
RjR3B2X554Pn,137,easy,1,15256,Rules & Patterns
RjR3B2X554Pn,138,easy,1,14332,Rules & Patterns
RjR3B2X554Pn,139,easy,0,18496,Rules & Patterns
RjR3B2X554Pn,140,easy,1,12635,Rules & Patterns
RjR3B2X554Pn,141,easy,1,14332,Data & Features
RjR3B2X554Pn,142,easy,1,19135,Rules & Patterns
RjR3B2X554Pn,143,easy,1,16430,Rules & Patterns
RjR3B2X554Pn,144,easy,1,20419,Data & Features
RjR3B2X554Pn,145,hard,0,26187,Data & Features
RjR3B2X554Pn,146,easy,1,22994,Rules & Patterns
RjR3B2X554Pn,147,medium,1,30938,Misc / Tools
RjR3B2X554Pn,148,medium,0,31429,Rules & Patterns
RjR3B2X554Pn,149,easy,1,26310,Rules & Patterns
RjR3B2X554Pn,150,easy,1,18496,Rules & Patterns
iZblYCxqwouC,121,easy,1,14818,Classification & Modeling
iZblYCxqwouC,122,hard,1,34664,Rules & Patterns
iZblYCxqwouC,123,easy,1,15125,Rules & Patterns
iZblYCxqwouC,124,easy,1,14775,Rules & Patterns
iZblYCxqwouC,125,easy,1,14818,Rules & Patterns
iZblYCxqwouC,126,easy,1,20821,Rules & Patterns
iZblYCxqwouC,127,medium,1,33543,Rules & Patterns
iZblYCxqwouC,128,easy,0,27390,Rules & Patterns
iZblYCxqwouC,129,easy,1,15125,Rules & Patterns
iZblYCxqwouC,130,easy,0,17742,Rules & Patterns
iZblYCxqwouC,131,easy,1,14303,Clustering & Unsupervised
iZblYCxqwouC,132,easy,1,23780,Rules & Patterns
iZblYCxqwouC,133,easy,1,24044,Rules & Patterns
iZblYCxqwouC,134,medium,0,34107,Rules & Patterns
iZblYCxqwouC,135,easy,1,13247,Rules & Patterns
iZblYCxqwouC,136,easy,1,17714,Rules & Patterns
iZblYCxqwouC,137,easy,1,14775,Rules & Patterns
iZblYCxqwouC,138,easy,1,14818,Rules & Patterns
iZblYCxqwouC,139,easy,1,15763,Rules & Patterns
iZblYCxqwouC,140,easy,1,13247,Rules & Patterns
iZblYCxqwouC,141,easy,1,14818,Data & Features
iZblYCxqwouC,142,easy,1,17714,Rules & Patterns
iZblYCxqwouC,143,easy,1,15763,Rules & Patterns
iZblYCxqwouC,144,easy,1,20821,Data & Features
iZblYCxqwouC,145,hard,0,24952,Data & Features
iZblYCxqwouC,146,easy,0,28822,Rules & Patterns
iZblYCxqwouC,147,medium,1,31705,Misc / Tools
iZblYCxqwouC,148,medium,1,33543,Rules & Patterns
iZblYCxqwouC,149,easy,1,27600,Rules & Patterns
iZblYCxqwouC,150,easy,0,23714,Rules & Patterns
pMrOo2QfC0Kp,121,easy,1,11875,Classification & Modeling
pMrOo2QfC0Kp,122,hard,0,28322,Rules & Patterns
pMrOo2QfC0Kp,123,easy,1,13061,Rules & Patterns
pMrOo2QfC0Kp,124,easy,1,12759,Rules & Patterns
pMrOo2QfC0Kp,125,easy,1,11875,Rules & Patterns
pMrOo2QfC0Kp,126,easy,1,16937,Rules & Patterns
pMrOo2QfC0Kp,127,medium,1,25551,Rules & Patterns
pMrOo2QfC0Kp,128,easy,0,21220,Rules & Patterns
pMrOo2QfC0Kp,129,easy,1,13061,Rules & Patterns
pMrOo2QfC0Kp,130,easy,1,10581,Rules & Patterns
pMrOo2QfC0Kp,131,easy,1,11424,Clustering & Unsupervised
pMrOo2QfC0Kp,132,easy,1,19344,Rules & Patterns
pMrOo2QfC0Kp,133,easy,1,19559,Rules & Patterns
pMrOo2QfC0Kp,134,medium,1,24458,Rules & Patterns
pMrOo2QfC0Kp,135,easy,1,10581,Rules & Patterns
pMrOo2QfC0Kp,136,easy,0,20958,Rules & Patterns
pMrOo2QfC0Kp,137,easy,1,12759,Rules & Patterns
pMrOo2QfC0Kp,138,easy,1,11875,Rules & Patterns
pMrOo2QfC0Kp,139,easy,1,13990,Rules & Patterns
pMrOo2QfC0Kp,140,easy,1,10581,Rules & Patterns
pMrOo2QfC0Kp,141,easy,1,11875,Data & Features
pMrOo2QfC0Kp,142,easy,1,16003,Rules & Patterns
pMrOo2QfC0Kp,143,easy,1,13990,Rules & Patterns
pMrOo2QfC0Kp,144,easy,1,16937,Data & Features
pMrOo2QfC0Kp,145,hard,0,22616,Data & Features
pMrOo2QfC0Kp,146,easy,1,19507,Rules & Patterns
pMrOo2QfC0Kp,147,medium,1,25440,Misc / Tools
pMrOo2QfC0Kp,148,medium,1,25551,Rules & Patterns
pMrOo2QfC0Kp,149,easy,1,21428,Rules & Patterns
pMrOo2QfC0Kp,150,easy,1,15469,Rules & Patterns
8JOElN1piVew,121,easy,1,14378,Classification & Modeling
8JOElN1piVew,122,hard,0,28821,Rules & Patterns
8JOElN1piVew,123,easy,0,19012,Rules & Patterns
8JOElN1piVew,124,easy,1,14237,Rules & Patterns
8JOElN1piVew,125,easy,1,14378,Rules & Patterns
8JOElN1piVew,126,easy,1,17235,Rules & Patterns
8JOElN1piVew,127,medium,1,26160,Rules & Patterns
8JOElN1piVew,128,easy,1,18832,Rules & Patterns
8JOElN1piVew,129,easy,1,14574,Rules & Patterns
8JOElN1piVew,130,easy,1,12713,Rules & Patterns
8JOElN1piVew,131,easy,1,13726,Clustering & Unsupervised
8JOElN1piVew,132,easy,1,19685,Rules & Patterns
8JOElN1piVew,133,easy,1,19903,Rules & Patterns
8JOElN1piVew,134,medium,0,25492,Rules & Patterns
8JOElN1piVew,135,easy,1,12713,Rules & Patterns
8JOElN1piVew,136,easy,1,16446,Rules & Patterns
8JOElN1piVew,137,easy,1,14237,Rules & Patterns
8JOElN1piVew,138,easy,1,14378,Rules & Patterns
8JOElN1piVew,139,easy,1,15151,Rules & Patterns
8JOElN1piVew,140,easy,1,12713,Rules & Patterns
8JOElN1piVew,141,easy,1,14378,Data & Features
8JOElN1piVew,142,easy,1,16446,Rules & Patterns
8JOElN1piVew,143,easy,1,15151,Rules & Patterns
8JOElN1piVew,144,easy,1,17235,Data & Features
8JOElN1piVew,145,hard,0,23014,Data & Features
8JOElN1piVew,146,easy,1,19850,Rules & Patterns
8JOElN1piVew,147,medium,1,25888,Misc / Tools
8JOElN1piVew,148,medium,1,26160,Rules & Patterns
8JOElN1piVew,149,easy,1,21805,Rules & Patterns
8JOElN1piVew,150,easy,1,16195,Rules & Patterns
AG7urKue7Fzv,121,easy,1,22001,Classification & Modeling
AG7urKue7Fzv,122,hard,1,44554,Rules & Patterns
AG7urKue7Fzv,123,easy,1,22223,Rules & Patterns
AG7urKue7Fzv,124,easy,1,21709,Rules & Patterns
AG7urKue7Fzv,125,easy,1,22001,Rules & Patterns
AG7urKue7Fzv,126,easy,1,29400,Rules & Patterns
AG7urKue7Fzv,127,medium,1,40191,Rules & Patterns
AG7urKue7Fzv,128,easy,1,28352,Rules & Patterns
AG7urKue7Fzv,129,easy,1,22223,Rules & Patterns
AG7urKue7Fzv,130,easy,1,19669,Rules & Patterns
AG7urKue7Fzv,131,easy,1,21236,Clustering & Unsupervised
AG7urKue7Fzv,132,easy,1,29636,Rules & Patterns
AG7urKue7Fzv,133,easy,0,32644,Rules & Patterns
AG7urKue7Fzv,134,medium,0,39396,Rules & Patterns
AG7urKue7Fzv,135,easy,1,19669,Rules & Patterns
AG7urKue7Fzv,136,easy,1,25712,Rules & Patterns
AG7urKue7Fzv,137,easy,1,21709,Rules & Patterns
AG7urKue7Fzv,138,easy,1,22001,Rules & Patterns
AG7urKue7Fzv,139,easy,1,23161,Rules & Patterns
AG7urKue7Fzv,140,easy,1,19669,Rules & Patterns
AG7urKue7Fzv,141,easy,1,22001,Data & Features
AG7urKue7Fzv,142,easy,1,25712,Rules & Patterns
AG7urKue7Fzv,143,easy,1,23161,Rules & Patterns
AG7urKue7Fzv,144,easy,0,34057,Data & Features
AG7urKue7Fzv,145,hard,0,35297,Data & Features
AG7urKue7Fzv,146,easy,1,29885,Rules & Patterns
AG7urKue7Fzv,147,medium,0,41992,Misc / Tools
AG7urKue7Fzv,148,medium,0,42741,Rules & Patterns
AG7urKue7Fzv,149,easy,1,35616,Rules & Patterns
AG7urKue7Fzv,150,easy,1,24888,Rules & Patterns
nWRIo9XQJBPf,121,easy,1,15659,Classification & Modeling
nWRIo9XQJBPf,122,hard,1,34593,Rules & Patterns
nWRIo9XQJBPf,123,easy,1,15817,Rules & Patterns
nWRIo9XQJBPf,124,easy,1,15451,Rules & Patterns
nWRIo9XQJBPf,125,easy,1,15659,Rules & Patterns
nWRIo9XQJBPf,126,easy,1,19536,Rules & Patterns
nWRIo9XQJBPf,127,medium,1,31474,Rules & Patterns
nWRIo9XQJBPf,128,easy,0,25233,Rules & Patterns
nWRIo9XQJBPf,129,easy,1,15817,Rules & Patterns
nWRIo9XQJBPf,130,easy,1,13999,Rules & Patterns
nWRIo9XQJBPf,131,easy,1,15115,Clustering & Unsupervised
nWRIo9XQJBPf,132,easy,0,26470,Rules & Patterns
nWRIo9XQJBPf,133,easy,1,22560,Rules & Patterns
nWRIo9XQJBPf,134,medium,0,33419,Rules & Patterns
nWRIo9XQJBPf,135,easy,1,13999,Rules & Patterns
nWRIo9XQJBPf,136,easy,1,18300,Rules & Patterns
nWRIo9XQJBPf,137,easy,1,15451,Rules & Patterns
nWRIo9XQJBPf,138,easy,1,15659,Rules & Patterns
nWRIo9XQJBPf,139,easy,1,16485,Rules & Patterns
nWRIo9XQJBPf,140,easy,1,13999,Rules & Patterns
nWRIo9XQJBPf,141,easy,1,15659,Data & Features
nWRIo9XQJBPf,142,easy,1,18300,Rules & Patterns
nWRIo9XQJBPf,143,easy,1,16485,Rules & Patterns
nWRIo9XQJBPf,144,easy,0,24892,Data & Features
nWRIo9XQJBPf,145,hard,0,29881,Data & Features
nWRIo9XQJBPf,146,easy,1,22500,Rules & Patterns
nWRIo9XQJBPf,147,medium,0,35621,Misc / Tools
nWRIo9XQJBPf,148,medium,0,36256,Rules & Patterns
nWRIo9XQJBPf,149,easy,0,32303,Rules & Patterns
nWRIo9XQJBPf,150,easy,1,17714,Rules & Patterns
