question_id,question_correct_rate,question_avg_response_time,question_response_time_std,question_interaction_count,difficulty_encoded,response_time_log,topic_Classification & Modeling,topic_Clustering & Unsupervised,topic_Data & Features,topic_Misc / Tools,topic_Rules & Patterns,topic_unknown,difficulty_x_topic_Classification & Modeling,difficulty_x_topic_Clustering & Unsupervised,difficulty_x_topic_Data & Features,difficulty_x_topic_Misc / Tools,difficulty_x_topic_Rules & Patterns,difficulty_x_topic_unknown,correct
60,0.5639081468225616,-0.39356127607322594,-0.5054953305423884,1.3746950211952755,0,-0.5205751486573563,1,0,0,0,0,0,0,0,0,0,0,0,1
123,0.571438167048103,-0.6840795948613619,-0.9021211614649218,0.044705529144561655,0,-0.5182212051362692,0,0,0,0,1,0,0,0,0,0,0,0,1
18,-2.4343978230082954,1.0177194408864998,0.4521127441273781,-0.14529296971982605,2,1.2581339668556293,0,1,0,0,0,0,0,2,0,0,0,0,0
127,-0.46932085171134913,1.7709001151868076,1.9743001549316421,0.044705529144561655,1,1.5855925326782425,0,0,0,0,1,0,0,0,0,0,1,0,0
37,-0.14288165029942937,0.5315173616469385,-0.15303395999237152,0.23470402800894935,0,0.6334458553227629,1,0,0,0,0,0,0,0,0,0,0,0,0
19,0.41532431423418525,-0.6571303014721108,-0.7501408747855717,0.044705529144561655,0,-0.5088243344471783,0,1,0,0,0,0,0,0,0,0,0,0,1
64,0.7873413403536483,-1.4919267395728504,-1.0766909350482308,0.4247025268733371,0,-1.5486547928714207,0,1,0,0,0,0,0,0,0,0,0,0,1
25,-1.7628263678899887,1.4498047182125795,0.584622380062202,-0.5252899674486015,2,1.4246289345135237,0,1,0,0,0,0,0,2,0,0,0,0,0
6,0.1719788116721598,0.05240828769427301,-0.16026262363182758,-2.4252749560924785,0,0.13864189039782432,0,0,0,1,0,0,0,0,0,0,0,0,1
140,0.8211270579955481,-1.127551348708158,-1.0601330941468274,-0.5252899674486015,0,-0.7029595508621821,0,0,0,0,1,0,0,0,0,0,0,0,1
16,0.21959235036825592,1.2561008669520632,0.5017135098894712,-1.6652809606349277,0,1.3770222500011353,0,0,1,0,0,0,0,0,0,0,0,0,1
136,0.2523266582218214,-0.18408511239477296,0.06133515553783667,-1.0952854640417646,0,-0.6871283289938064,0,0,0,0,1,0,0,0,0,0,0,0,1
33,0.6011599987965244,-0.6063342631501952,-0.6314189384589611,0.9946980234665002,0,-0.4181849133644879,0,0,1,0,0,0,0,0,0,0,0,0,1
34,0.557947263245004,-0.6131880188226092,-0.5788228591444924,1.1846965223308878,0,-0.2720144584805468,0,0,1,0,0,0,0,0,0,0,0,0,1
78,-0.49186887080798847,1.5982034292388005,1.4417259435401013,-1.2852839629061523,1,1.3863400071535936,0,1,0,0,0,0,0,1,0,0,0,0,0
33,0.6011599987965244,-0.6063342631501952,-0.6314189384589611,0.9946980234665002,0,-0.9883976361388955,0,0,1,0,0,0,0,0,0,0,0,0,1
31,-0.6477068319312879,1.323288078781502,2.643086533744072,-1.6652809606349277,1,1.0158380921140953,0,0,0,1,0,0,0,0,0,1,0,0,1
17,-0.216094144145666,0.5684545686580579,0.13318035259690775,0.6147010257377248,0,0.5517754752405072,0,0,1,0,0,0,0,0,0,0,0,0,1
25,-1.7628263678899887,1.4498047182125795,0.584622380062202,-0.5252899674486015,2,1.5182625198492892,0,1,0,0,0,0,0,2,0,0,0,0,1
8,0.87495942103483,-0.8984325713737316,-0.5130526742349769,-0.5252899674486015,0,-0.9091120663054266,0,0,1,0,0,0,0,0,0,0,0,0,1
13,0.7407326956815721,-0.4981075397435976,-0.43427655070294097,0.6147010257377248,0,-0.228893851517803,0,0,0,1,0,0,0,0,0,0,0,0,1
118,-1.9971101542298264,0.8931602193651963,0.5906525920214545,-2.045277958363703,2,1.4536446334798847,1,0,0,0,0,0,2,0,0,0,0,0,0
131,0.7795899707999938,-0.9387925848847133,-0.4271797432259956,0.044705529144561655,0,-0.6444387214649604,0,1,0,0,0,0,0,0,0,0,0,0,1
114,-0.43384167408889446,0.9148979635939658,2.10097912665727,1.5646935200596632,0,0.7800759096751159,1,0,0,0,0,0,0,0,0,0,0,0,1
21,-2.7676530217861797,0.6985240642502534,0.31180836380932325,0.23470402800894935,2,1.529673516842617,0,0,0,1,0,0,0,0,0,2,0,0,0
133,0.011516665670379445,0.47816069958173024,0.15388538998420156,0.23470402800894935,0,0.8033783177956335,0,0,0,0,1,0,0,0,0,0,0,0,0
37,-0.14288165029942937,0.5315173616469385,-0.15303395999237152,0.23470402800894935,0,0.6945635647654393,1,0,0,0,0,0,0,0,0,0,0,0,1
104,0.5776438242263447,-1.0395741656627533,-1.5218095460448768,0.23470402800894935,0,0.28943958303802875,1,0,0,0,0,0,0,0,0,0,0,0,1
58,0.3112484123582404,-0.13923291907309093,-0.3105121175681538,0.044705529144561655,0,-0.08287500976197573,1,0,0,0,0,0,0,0,0,0,0,0,1
117,0.698366237690158,-0.997379566363776,-1.1364031117008466,-1.0952854640417646,0,-0.4786848344574604,1,0,0,0,0,0,0,0,0,0,0,0,1
139,0.5837145758137556,-0.589336051094232,-0.6046010879164883,0.4247025268733371,0,-0.6080194421210421,0,0,0,0,1,0,0,0,0,0,0,0,1
11,0.8836658726759392,-0.8740654801664903,-0.6658099877571334,0.044705529144561655,0,-0.582051556094339,0,0,0,1,0,0,0,0,0,0,0,0,1
94,0.8779275295488443,-0.8909817385797031,-0.8887889027719983,-0.33529146858421377,0,-0.541055760551514,1,0,0,0,0,0,0,0,0,0,0,0,1
113,0.23927994985554413,-0.1777783432435181,0.3065056136374489,-0.33529146858421377,0,-0.7357262379317319,1,0,0,0,0,0,0,0,0,0,0,0,1
138,0.8098761325572423,-0.836674845801153,-0.8422281012524391,-1.0952854640417646,0,-1.3088506378613907,0,0,0,0,1,0,0,0,0,0,0,0,1
134,-1.1483563674384258,1.4644828359650577,1.593681064379727,0.8046995246021125,1,1.0523930575505913,0,0,0,0,1,0,0,0,0,0,1,0,1
132,-0.013756060275637085,0.3838628894046642,-0.16758445331811073,-0.14529296971982605,0,0.7662070232486556,0,0,0,0,1,0,0,0,0,0,0,0,1
112,0.17764706769534208,1.2871149009542924,1.1243285544636878,1.3746950211952755,0,1.4534448189196143,1,0,0,0,0,0,0,0,0,0,0,0,0
92,0.8445864344413765,-0.8705751691755431,-0.2768351416516325,0.8046995246021125,0,-1.0219813878192128,1,0,0,0,0,0,0,0,0,0,0,0,1
103,-2.0718162968765546,0.3708976950805329,0.269305075539882,-1.2852839629061523,2,0.5306197500168971,0,1,0,0,0,0,0,2,0,0,0,0,0
87,0.3291811201388895,-0.5441181906402285,-0.6788569831328753,0.4247025268733371,0,-1.0110533147885796,0,1,0,0,0,0,0,0,0,0,0,0,1
118,-1.9971101542298264,0.8931602193651963,0.5906525920214545,-2.045277958363703,2,0.4517592640818264,1,0,0,0,0,0,2,0,0,0,0,0,0
113,0.23927994985554413,-0.1777783432435181,0.3065056136374489,-0.33529146858421377,0,-0.15038749395986498,1,0,0,0,0,0,0,0,0,0,0,0,1
150,0.3449995673040472,-0.2984901021510301,-0.089671566242416,-1.47528246177054,0,-0.18045427748735185,0,0,0,0,1,0,0,0,0,0,0,0,1
77,-0.6575427035321258,1.7424298157650362,1.8163409156462293,0.23470402800894935,1,1.128740996923241,0,1,0,0,0,0,0,1,0,0,0,0,1
49,-2.8306517767246246,0.7355700264671651,0.5936632702315654,1.754692018924051,2,1.0790866800065675,0,0,1,0,0,0,0,0,2,0,0,0,0
87,0.3291811201388895,-0.5441181906402285,-0.6788569831328753,0.4247025268733371,0,-0.4494273300167694,0,1,0,0,0,0,0,0,0,0,0,0,1
6,0.1719788116721598,0.05240828769427301,-0.16026262363182758,-2.4252749560924785,0,0.15005382069389206,0,0,0,1,0,0,0,0,0,0,0,0,1
79,-0.06786942641887178,0.36944756736185524,-0.2042326804366343,-0.9052869651773768,0,0.9484613359719888,1,0,0,0,0,0,0,0,0,0,0,0,0
78,-0.49186887080798847,1.5982034292388005,1.4417259435401013,-1.2852839629061523,1,1.662311112135622,0,1,0,0,0,0,0,1,0,0,0,0,1
35,0.6011599987965244,-0.6068030014459013,-0.544545466619914,0.9946980234665002,0,-0.5188095133931908,0,0,1,0,0,0,0,0,0,0,0,0,1
14,-0.7618273357298131,1.582321823073024,1.3386654494707158,-0.7152884663129891,1,1.0333077139469131,0,0,1,0,0,0,0,0,1,0,0,0,1
145,-2.297523072029207,1.3377599240336107,1.7801044194955888,-1.2852839629061523,2,0.750620788255712,0,0,1,0,0,0,0,0,2,0,0,0,0
17,-0.216094144145666,0.5684545686580579,0.13318035259690775,0.6147010257377248,0,1.110710800774996,0,0,1,0,0,0,0,0,0,0,0,0,0
77,-0.6575427035321258,1.7424298157650362,1.8163409156462293,0.23470402800894935,1,1.8176462062127414,0,1,0,0,0,0,0,1,0,0,0,0,0
101,0.7275520198620213,-0.9609850058121482,-0.6735695044943646,0.044705529144561655,0,-1.3310329804142804,1,0,0,0,0,0,0,0,0,0,0,0,1
131,0.7795899707999938,-0.9387925848847133,-0.4271797432259956,0.044705529144561655,0,-0.4786848344574604,0,1,0,0,0,0,0,0,0,0,0,0,1
76,0.1408167633547376,0.49801409431163635,0.2718437585817132,-1.0952854640417646,0,0.4692975587516601,0,1,0,0,0,0,0,0,0,0,0,0,1
39,0.6484176629626337,-0.6268169021022602,-1.3414694560000502,-0.9052869651773768,0,-0.13899790812644644,0,0,1,0,0,0,0,0,0,0,0,0,0
143,0.636665004955273,-0.6176826362864679,-0.9534319304906913,-1.2852839629061523,0,-0.48081355616840427,0,0,0,0,1,0,0,0,0,0,0,0,1
54,0.4385768515256023,-0.3761904536237241,-0.5622559522349857,0.6147010257377248,0,-0.22303855730825342,1,0,0,0,0,0,0,0,0,0,0,0,1
7,0.19673452778807235,-0.13760846456842266,-0.012840738619519537,-0.14529296971982605,0,-0.11156953321178227,0,0,1,0,0,0,0,0,0,0,0,0,1
5,-0.45167828223904755,1.1978345167031514,1.8171131704315873,0.23470402800894935,1,1.2030373333850914,0,0,0,1,0,0,0,0,0,1,0,0,0
139,0.5837145758137556,-0.589336051094232,-0.6046010879164883,0.4247025268733371,0,-0.48081355616840427,0,0,0,0,1,0,0,0,0,0,0,0,1
7,0.19673452778807235,-0.13760846456842266,-0.012840738619519537,-0.14529296971982605,0,-0.11413004198385017,0,0,1,0,0,0,0,0,0,0,0,0,1
6,0.1719788116721598,0.05240828769427301,-0.16026262363182758,-2.4252749560924785,0,-0.018869065137233503,0,0,0,1,0,0,0,0,0,0,0,0,1
115,0.5837145758137556,-0.6097811663211553,-0.7158215384941234,0.4247025268733371,0,-0.7361487166121127,1,0,0,0,0,0,0,0,0,0,0,0,1
58,0.3112484123582404,-0.13923291907309093,-0.3105121175681538,0.044705529144561655,0,0.19480040140996996,1,0,0,0,0,0,0,0,0,0,0,0,0
114,-0.43384167408889446,0.9148979635939658,2.10097912665727,1.5646935200596632,0,0.8924754115702648,1,0,0,0,0,0,0,0,0,0,0,0,1
25,-1.7628263678899887,1.4498047182125795,0.584622380062202,-0.5252899674486015,2,1.6380244877146537,0,1,0,0,0,0,0,2,0,0,0,0,1
68,0.7134623319169836,-0.15222737396103334,-0.16937230144714704,-0.5252899674486015,0,-0.5880700533777269,0,1,0,0,0,0,0,0,0,0,0,0,1
80,0.6764769010612613,-0.7904715800807489,-1.5618805353693874,-1.8552794594993154,0,-0.5313883683589445,0,1,0,0,0,0,0,0,0,0,0,0,1
28,-0.3652449498354038,0.996586460244493,2.103074662036828,0.044705529144561655,1,0.8253820757405759,0,0,1,0,0,0,0,0,1,0,0,0,0
54,0.4385768515256023,-0.3761904536237241,-0.5622559522349857,0.6147010257377248,0,-0.057305250132123585,1,0,0,0,0,0,0,0,0,0,0,0,1
125,0.8836658726759392,-0.845301563118997,-0.34775545093729304,0.044705529144561655,0,-0.6146995975981465,0,0,0,0,1,0,0,0,0,0,0,0,1
76,0.1408167633547376,0.49801409431163635,0.2718437585817132,-1.0952854640417646,0,0.7568398979102504,0,1,0,0,0,0,0,0,0,0,0,0,0
98,0.699758221626367,-0.9317558249441866,-0.5340336397585176,0.9946980234665002,0,-0.6444387214649604,1,0,0,0,0,0,0,0,0,0,0,0,1
31,-0.6477068319312879,1.323288078781502,2.643086533744072,-1.6652809606349277,1,0.757600513386294,0,0,0,1,0,0,0,0,0,1,0,0,1
36,-0.3013556766395101,0.9855648400200623,0.9113744608395141,0.8046995246021125,1,2.006699629459198,0,0,1,0,0,0,0,0,1,0,0,0,0
118,-1.9971101542298264,0.8931602193651963,0.5906525920214545,-2.045277958363703,2,0.956406371137485,1,0,0,0,0,0,2,0,0,0,0,0,0
7,0.19673452778807235,-0.13760846456842266,-0.012840738619519537,-0.14529296971982605,0,-0.6896223045660165,0,0,1,0,0,0,0,0,0,0,0,0,0
16,0.21959235036825592,1.2561008669520632,0.5017135098894712,-1.6652809606349277,0,1.3770222500011353,0,0,1,0,0,0,0,0,0,0,0,0,1
115,0.5837145758137556,-0.6097811663211553,-0.7158215384941234,0.4247025268733371,0,-1.0451345804730474,1,0,0,0,0,0,0,0,0,0,0,0,1
113,0.23927994985554413,-0.1777783432435181,0.3065056136374489,-0.33529146858421377,0,-0.17975558895140453,1,0,0,0,0,0,0,0,0,0,0,0,1
16,0.21959235036825592,1.2561008669520632,0.5017135098894712,-1.6652809606349277,0,1.4211963167267467,0,0,1,0,0,0,0,0,0,0,0,0,0
88,0.5868563428230743,-0.609900930429728,-0.9578919694679864,-1.0952854640417646,0,-0.6590109375393958,0,1,0,0,0,0,0,0,0,0,0,0,1
123,0.571438167048103,-0.6840795948613619,-0.9021211614649218,0.044705529144561655,0,-0.5644684225599546,0,0,0,0,1,0,0,0,0,0,0,0,1
33,0.6011599987965244,-0.6063342631501952,-0.6314189384589611,0.9946980234665002,0,-0.6668400886182665,0,0,1,0,0,0,0,0,0,0,0,0,1
144,0.10309660860634964,-0.008655822412093747,0.31166173817874393,0.044705529144561655,0,-0.09489582504941428,0,0,1,0,0,0,0,0,0,0,0,0,1
85,-0.6431577254499988,1.6644709085746359,1.47068889288518,1.3746950211952755,1,1.6484176933245926,0,1,0,0,0,0,0,1,0,0,0,0,1
141,0.8382480314886213,-0.8544477243555477,-0.951651508455736,0.4247025268733371,0,-0.6342200006200504,0,0,1,0,0,0,0,0,0,0,0,0,1
111,-0.6700050794587804,1.543549407313917,1.1701659444693266,-1.8552794594993154,1,1.750276972296139,1,0,0,0,0,0,1,0,0,0,0,0,0
9,0.37292262858513153,-0.49504293376147385,-0.26843925490163933,-0.9052869651773768,0,-0.8064907853244492,0,0,0,1,0,0,0,0,0,0,0,0,0
133,0.011516665670379445,0.47816069958173024,0.15388538998420156,0.23470402800894935,0,1.064515238977991,0,0,0,0,1,0,0,0,0,0,0,0,0
122,-1.476076712217983,2.008145649809295,1.8270131029191168,-1.0952854640417646,2,1.7111109477996433,0,0,0,0,1,0,0,0,0,0,2,0,0
20,-2.4217516321998738,1.1199489577150297,2.6280987022231224,-0.33529146858421377,2,2.0012371080451494,0,0,1,0,0,0,0,0,2,0,0,0,0
14,-0.7618273357298131,1.582321823073024,1.3386654494707158,-0.7152884663129891,1,1.4047853347857104,0,0,1,0,0,0,0,0,1,0,0,0,1
124,0.6540890037452556,-0.8160574649792502,-1.2391588545392942,-0.7152884663129891,0,-0.828211052914354,0,0,0,0,1,0,0,0,0,0,0,0,1
42,0.8719222867414198,-1.4814140890005991,-1.1392712444449196,-0.7152884663129891,0,-2.527713090863871,0,0,1,0,0,0,0,0,0,0,0,0,1
112,0.17764706769534208,1.2871149009542924,1.1243285544636878,1.3746950211952755,0,-0.35538546332742144,1,0,0,0,0,0,0,0,0,0,0,0,0
69,0.5456450141594062,-0.6164158115977786,-0.7721737910156989,0.8046995246021125,0,-0.7102791696556441,0,1,0,0,0,0,0,0,0,0,0,0,0
94,0.8779275295488443,-0.8909817385797031,-0.8887889027719983,-0.33529146858421377,0,-0.541055760551514,1,0,0,0,0,0,0,0,0,0,0,0,1
69,0.5456450141594062,-0.6164158115977786,-0.7721737910156989,0.8046995246021125,0,-0.6334040435359538,0,1,0,0,0,0,0,0,0,0,0,0,1
130,0.7630056452433375,-1.1133002572992534,-0.5927498925862508,-0.7152884663129891,0,-0.8686028262237491,0,0,0,0,1,0,0,0,0,0,0,0,1
4,0.8174639659923786,-0.8919133713132138,-0.8631966977018697,-0.7152884663129891,0,-1.5104151033334305,0,0,0,1,0,0,0,0,0,0,0,0,1
20,-2.4217516321998738,1.1199489577150297,2.6280987022231224,-0.33529146858421377,2,0.750620788255712,0,0,1,0,0,0,0,0,2,0,0,0,0
15,-1.0662090005941842,1.6282472257747163,0.9084553795449245,-0.14529296971982605,1,1.3688062190810046,0,0,1,0,0,0,0,0,1,0,0,0,1
140,0.8211270579955481,-1.127551348708158,-1.0601330941468274,-0.5252899674486015,0,-1.248828706381889,0,0,0,0,1,0,0,0,0,0,0,0,1
127,-0.46932085171134913,1.7709001151868076,1.9743001549316421,0.044705529144561655,1,1.3449520386720353,0,0,0,0,1,0,0,0,0,0,1,0,1
20,-2.4217516321998738,1.1199489577150297,2.6280987022231224,-0.33529146858421377,2,0.9768218865510628,0,0,1,0,0,0,0,0,2,0,0,0,0
31,-0.6477068319312879,1.323288078781502,2.643086533744072,-1.6652809606349277,1,1.0757916939662664,0,0,0,1,0,0,0,0,0,1,0,0,1
97,0.5802383111671098,-0.6133000595661697,-0.1405974457680445,-1.2852839629061523,0,-0.3568695393251004,1,0,0,0,0,0,0,0,0,0,0,0,1
144,0.10309660860634964,-0.008655822412093747,0.31166173817874393,0.044705529144561655,0,0.15364015341029316,0,0,1,0,0,0,0,0,0,0,0,0,1
27,0.5868563428230743,-0.128963105635196,-0.14672158137823135,-1.0952854640417646,0,0.9715251926822439,0,0,1,0,0,0,0,0,0,0,0,0,0
106,0.7873413403536483,-0.9412859156945045,-0.7362814229866637,0.4247025268733371,0,-0.7840715555048042,1,0,0,0,0,0,0,0,0,0,0,0,1
3,0.7835082455194236,-0.5362768529714969,-0.898957350657006,0.23470402800894935,0,-0.9037379574072725,0,0,0,1,0,0,0,0,0,0,0,0,1
149,-0.28826545392087316,0.9538533304641673,1.2853374985845787,-0.9052869651773768,0,0.7003859324841104,0,0,0,0,1,0,0,0,0,0,0,0,1
59,0.6243319687747093,-0.7343586820128495,-1.0351599987055027,-1.6652809606349277,0,-0.4657523420664681,1,0,0,0,0,0,0,0,0,0,0,0,1
21,-2.7676530217861797,0.6985240642502534,0.31180836380932325,0.23470402800894935,2,0.8498018238924656,0,0,0,1,0,0,0,0,0,2,0,0,0
115,0.5837145758137556,-0.6097811663211553,-0.7158215384941234,0.4247025268733371,0,0.06199216615031687,1,0,0,0,0,0,0,0,0,0,0,0,0
150,0.3449995673040472,-0.2984901021510301,-0.089671566242416,-1.47528246177054,0,-0.18045427748735185,0,0,0,0,1,0,0,0,0,0,0,0,1
147,-0.9041758586796569,1.7324680759636433,2.261208193243707,-1.8552794594993154,1,1.0947155976524725,0,0,0,1,0,0,0,0,0,1,0,0,1
96,0.8316279217379663,-0.9365823448414491,-0.4407835491983754,0.044705529144561655,0,-1.1350212539981126,1,0,0,0,0,0,0,0,0,0,0,0,1
69,0.5456450141594062,-0.6164158115977786,-0.7721737910156989,0.8046995246021125,0,-0.7361487166121127,0,1,0,0,0,0,0,0,0,0,0,0,1
84,0.6175373346578993,-0.6152472640161171,-0.8696044337708005,1.5646935200596632,0,-0.2678716580606958,0,1,0,0,0,0,0,0,0,0,0,0,1
112,0.17764706769534208,1.2871149009542924,1.1243285544636878,1.3746950211952755,0,0.40794775678109985,1,0,0,0,0,0,0,0,0,0,0,0,1
149,-0.28826545392087316,0.9538533304641673,1.2853374985845787,-0.9052869651773768,0,0.9299978712432163,0,0,0,0,1,0,0,0,0,0,0,0,1
8,0.87495942103483,-0.8984325713737316,-0.5130526742349769,-0.5252899674486015,0,-0.9091120663054266,0,0,1,0,0,0,0,0,0,0,0,0,1
119,-1.6551616418114246,1.4390779241391296,1.1887650990216085,-0.5252899674486015,2,1.2955975138091818,1,0,0,0,0,0,2,0,0,0,0,0,1
44,0.10395245939498345,0.5018832971696904,0.07615580763557432,-1.6652809606349277,0,0.34280104953729906,0,0,0,1,0,0,0,0,0,0,0,0,1
104,0.5776438242263447,-1.0395741656627533,-1.5218095460448768,0.23470402800894935,0,-0.9440597707627015,1,0,0,0,0,0,0,0,0,0,0,0,1
17,-0.216094144145666,0.5684545686580579,0.13318035259690775,0.6147010257377248,0,1.0476907784431502,0,0,1,0,0,0,0,0,0,0,0,0,0
63,0.7229609979473463,-0.10936015689958539,-0.12096587909777386,-0.14529296971982605,0,0.12561234512358396,0,1,0,0,0,0,0,0,0,0,0,0,1
83,0.7275520198620213,-0.5637364070823583,-1.1515332948201789,0.044705529144561655,0,-0.11498404338624724,0,1,0,0,0,0,0,0,0,0,0,0,1
78,-0.49186887080798847,1.5982034292388005,1.4417259435401013,-1.2852839629061523,1,1.8397912488702128,0,1,0,0,0,0,0,1,0,0,0,0,0
13,0.7407326956815721,-0.4981075397435976,-0.43427655070294097,0.6147010257377248,0,-0.5039420643358964,0,0,0,1,0,0,0,0,0,0,0,0,1
35,0.6011599987965244,-0.6068030014459013,-0.544545466619914,0.9946980234665002,0,-0.7218185740447893,0,0,1,0,0,0,0,0,0,0,0,0,1
33,0.6011599987965244,-0.6063342631501952,-0.6314189384589611,0.9946980234665002,0,-0.4389124456874902,0,0,1,0,0,0,0,0,0,0,0,0,1
5,-0.45167828223904755,1.1978345167031514,1.8171131704315873,0.23470402800894935,1,1.6981832063133524,0,0,0,1,0,0,0,0,0,1,0,0,0
136,0.2523266582218214,-0.18408511239477296,0.06133515553783667,-1.0952854640417646,0,0.0015568339616238193,0,0,0,0,1,0,0,0,0,0,0,0,1
18,-2.4343978230082954,1.0177194408864998,0.4521127441273781,-0.14529296971982605,2,0.46089230380917456,0,1,0,0,0,0,0,2,0,0,0,0,0
117,0.698366237690158,-0.997379566363776,-1.1364031117008466,-1.0952854640417646,0,-0.828211052914354,1,0,0,0,0,0,0,0,0,0,0,0,1
23,-1.8861366533103854,1.2684735019520244,1.2729808069009627,-0.9052869651773768,2,1.0081694626164932,0,1,0,0,0,0,0,2,0,0,0,0,0
16,0.21959235036825592,1.2561008669520632,0.5017135098894712,-1.6652809606349277,0,1.4211963167267467,0,0,1,0,0,0,0,0,0,0,0,0,0
122,-1.476076712217983,2.008145649809295,1.8270131029191168,-1.0952854640417646,2,1.9240108709798263,0,0,0,0,1,0,0,0,0,0,2,0,0
86,0.5896547736035872,-0.7775309608791905,-0.5982968799555161,0.6147010257377248,0,-0.8121225530437559,0,1,0,0,0,0,0,0,0,0,0,0,1
23,-1.8861366533103854,1.2684735019520244,1.2729808069009627,-0.9052869651773768,2,0.42205604370311567,0,1,0,0,0,0,0,2,0,0,0,0,0
81,0.2925005814966524,0.22433561239885857,-0.21074700583093897,-0.33529146858421377,0,0.5523194086835143,0,1,0,0,0,0,0,0,0,0,0,0,0
80,0.6764769010612613,-0.7904715800807489,-1.5618805353693874,-1.8552794594993154,0,-0.7799942395070375,0,1,0,0,0,0,0,0,0,0,0,0,1
109,-1.6414077047803937,1.4986347749050806,0.9043220990792102,-2.045277958363703,1,1.6606362138762203,1,0,0,0,0,0,1,0,0,0,0,0,1
41,-0.36097776354714145,0.9301598485369481,1.3561384079006145,-1.0952854640417646,0,0.6778082379864336,0,0,1,0,0,0,0,0,0,0,0,0,1
39,0.6484176629626337,-0.6268169021022602,-1.3414694560000502,-0.9052869651773768,0,-0.4862391234973629,0,0,1,0,0,0,0,0,0,0,0,0,1
54,0.4385768515256023,-0.3761904536237241,-0.5622559522349857,0.6147010257377248,0,-0.23707538865557884,1,0,0,0,0,0,0,0,0,0,0,0,1
35,0.6011599987965244,-0.6068030014459013,-0.544545466619914,0.9946980234665002,0,-0.47617106869809117,0,0,1,0,0,0,0,0,0,0,0,0,1
106,0.7873413403536483,-0.9412859156945045,-0.7362814229866637,0.4247025268733371,0,-1.6470776042061326,1,0,0,0,0,0,0,0,0,0,0,0,1
145,-2.297523072029207,1.3377599240336107,1.7801044194955888,-1.2852839629061523,2,0.4833920671429253,0,0,1,0,0,0,0,0,2,0,0,0,0
97,0.5802383111671098,-0.6133000595661697,-0.1405974457680445,-1.2852839629061523,0,-0.4615182952568739,1,0,0,0,0,0,0,0,0,0,0,0,1
144,0.10309660860634964,-0.008655822412093747,0.31166173817874393,0.044705529144561655,0,-0.09489582504941428,0,0,1,0,0,0,0,0,0,0,0,0,1
66,0.7935622906716993,-1.5432498057769413,-1.4771114080245087,-1.8552794594993154,0,-1.6015674013343646,0,1,0,0,0,0,0,0,0,0,0,0,1
39,0.6484176629626337,-0.6268169021022602,-1.3414694560000502,-0.9052869651773768,0,-0.2678716580606958,0,0,1,0,0,0,0,0,0,0,0,0,1
104,0.5776438242263447,-1.0395741656627533,-1.5218095460448768,0.23470402800894935,0,-1.1693622351518156,1,0,0,0,0,0,0,0,0,0,0,0,1
23,-1.8861366533103854,1.2684735019520244,1.2729808069009627,-0.9052869651773768,2,1.5287973270126674,0,1,0,0,0,0,0,2,0,0,0,0,1
150,0.3449995673040472,-0.2984901021510301,-0.089671566242416,-1.47528246177054,0,-0.4109932020905524,0,0,0,0,1,0,0,0,0,0,0,0,1
70,0.7320421401961541,-1.5234907131179805,-1.5084354987500674,0.23470402800894935,0,-1.3830163985953974,0,1,0,0,0,0,0,0,0,0,0,0,1
91,0.30197982181992733,-0.20291795588207354,-0.2588889040503444,-0.14529296971982605,0,-0.19077937183105542,1,0,0,0,0,0,0,0,0,0,0,0,1
30,0.8994463162754491,-1.1530952875169582,-1.1322444734329258,1.1846965223308878,0,-0.921465112055533,0,0,1,0,0,0,0,0,0,0,0,0,1
54,0.4385768515256023,-0.3761904536237241,-0.5622559522349857,0.6147010257377248,0,-0.2758021481268141,1,0,0,0,0,0,0,0,0,0,0,0,1
95,0.5954685842064011,-0.6255228636459196,-0.8176952131316845,0.8046995246021125,0,-0.44349610989737803,1,0,0,0,0,0,0,0,0,0,0,0,1
92,0.8445864344413765,-0.8705751691755431,-0.2768351416516325,0.8046995246021125,0,-0.541055760551514,1,0,0,0,0,0,0,0,0,0,0,0,1
27,0.5868563428230743,-0.128963105635196,-0.14672158137823135,-1.0952854640417646,0,-0.49070338258133983,0,0,1,0,0,0,0,0,0,0,0,0,1
94,0.8779275295488443,-0.8909817385797031,-0.8887889027719983,-0.33529146858421377,0,-1.2277588228742016,1,0,0,0,0,0,0,0,0,0,0,0,1
107,-0.7904156161072389,2.1470811184540333,1.698761831375732,-2.805271953821254,1,1.9932733620338203,1,0,0,0,0,0,1,0,0,0,0,0,0
103,-2.0718162968765546,0.3708976950805329,0.269305075539882,-1.2852839629061523,2,0.1824821853901977,0,1,0,0,0,0,0,2,0,0,0,0,0
150,0.3449995673040472,-0.2984901021510301,-0.089671566242416,-1.47528246177054,0,-0.18045427748735185,0,0,0,0,1,0,0,0,0,0,0,0,1
6,0.1719788116721598,0.05240828769427301,-0.16026262363182758,-2.4252749560924785,0,0.1145782620252658,0,0,0,1,0,0,0,0,0,0,0,0,1
123,0.571438167048103,-0.6840795948613619,-0.9021211614649218,0.044705529144561655,0,-0.7911667498962813,0,0,0,0,1,0,0,0,0,0,0,0,1
118,-1.9971101542298264,0.8931602193651963,0.5906525920214545,-2.045277958363703,2,0.9169437142964751,1,0,0,0,0,0,2,0,0,0,0,0,0
130,0.7630056452433375,-1.1133002572992534,-0.5927498925862508,-0.7152884663129891,0,-0.8686028262237491,0,0,0,0,1,0,0,0,0,0,0,0,1
23,-1.8861366533103854,1.2684735019520244,1.2729808069009627,-0.9052869651773768,2,1.287360661657196,0,1,0,0,0,0,0,2,0,0,0,0,0
3,0.7835082455194236,-0.5362768529714969,-0.898957350657006,0.23470402800894935,0,-0.3335823818194815,0,0,0,1,0,0,0,0,0,0,0,0,1
37,-0.14288165029942937,0.5315173616469385,-0.15303395999237152,0.23470402800894935,0,0.6664536814083727,1,0,0,0,0,0,0,0,0,0,0,0,1
120,0.6118243713433028,-0.5441126359700348,-0.5312969821658854,-0.33529146858421377,0,-0.6981594725501672,1,0,0,0,0,0,0,0,0,0,0,0,1
121,0.8282062919792007,-0.851095731236515,-0.3735646324671911,-0.14529296971982605,0,-0.5579019100541608,1,0,0,0,0,0,0,0,0,0,0,0,1
14,-0.7618273357298131,1.582321823073024,1.3386654494707158,-0.7152884663129891,1,0.7663334007658509,0,0,1,0,0,0,0,0,1,0,0,0,0
149,-0.28826545392087316,0.9538533304641673,1.2853374985845787,-0.9052869651773768,0,0.9299978712432163,0,0,0,0,1,0,0,0,0,0,0,0,1
83,0.7275520198620213,-0.5637364070823583,-1.1515332948201789,0.044705529144561655,0,-0.9037379574072725,0,1,0,0,0,0,0,0,0,0,0,0,1
48,0.16766263121020925,0.32605085053546096,-0.26687040585718486,1.1846965223308878,0,0.6601701739008216,1,0,0,0,0,0,0,0,0,0,0,0,1
121,0.8282062919792007,-0.851095731236515,-0.3735646324671911,-0.14529296971982605,0,-0.6248502124184935,1,0,0,0,0,0,0,0,0,0,0,0,1
62,0.7131172445439711,-0.5227263011585528,-0.8184503332202685,1.5646935200596632,0,-0.6748971258300321,0,1,0,0,0,0,0,0,0,0,0,0,1
72,-0.8119410195019346,1.5684677119960315,1.8939026463982478,0.23470402800894935,1,1.662311112135622,0,1,0,0,0,0,0,1,0,0,0,0,1
32,-1.0341189394750192,2.184606312461486,2.4801445704931173,-0.7152884663129891,1,1.4115837650435625,1,0,0,0,0,0,1,0,0,0,0,0,0
128,-0.06786942641887178,0.24122995524865057,-0.12649798167401216,-0.9052869651773768,0,0.7168842277227688,0,0,0,0,1,0,0,0,0,0,0,0,1
99,0.6951157243003914,-0.9436623991337402,-0.7024983918234182,0.8046995246021125,0,-0.9113541965955824,1,0,0,0,0,0,0,0,0,0,0,0,1
59,0.6243319687747093,-0.7343586820128495,-1.0351599987055027,-1.6652809606349277,0,-0.8923506643364822,1,0,0,0,0,0,0,0,0,0,0,0,1
126,0.27288075850196764,-0.008865798446604262,0.10985525972984662,-0.7152884663129891,0,-0.2193185562126318,0,0,0,0,1,0,0,0,0,0,0,0,1
23,-1.8861366533103854,1.2684735019520244,1.2729808069009627,-0.9052869651773768,2,0.9096126639922024,0,1,0,0,0,0,0,2,0,0,0,0,0
144,0.10309660860634964,-0.008655822412093747,0.31166173817874393,0.044705529144561655,0,0.030955736224753703,0,0,1,0,0,0,0,0,0,0,0,0,1
37,-0.14288165029942937,0.5315173616469385,-0.15303395999237152,0.23470402800894935,0,0.09874270842708956,1,0,0,0,0,0,0,0,0,0,0,0,1
99,0.6951157243003914,-0.9436623991337402,-0.7024983918234182,0.8046995246021125,0,-0.4786848344574604,1,0,0,0,0,0,0,0,0,0,0,0,1
62,0.7131172445439711,-0.5227263011585528,-0.8184503332202685,1.5646935200596632,0,-1.0010909388894653,0,1,0,0,0,0,0,0,0,0,0,0,1
111,-0.6700050794587804,1.543549407313917,1.1701659444693266,-1.8552794594993154,1,1.0004806693752455,1,0,0,0,0,0,1,0,0,0,0,0,1
2,0.7873413403536483,-1.5406960664772213,-1.3308391136178341,0.4247025268733371,0,-1.6015674013343646,0,0,0,1,0,0,0,0,0,0,0,0,1
64,0.7873413403536483,-1.4919267395728504,-1.0766909350482308,0.4247025268733371,0,-1.9069485326697655,0,1,0,0,0,0,0,0,0,0,0,0,1
145,-2.297523072029207,1.3377599240336107,1.7801044194955888,-1.2852839629061523,2,1.1890720866647118,0,0,1,0,0,0,0,0,2,0,0,0,0
148,-0.6806168979914329,1.7403995922432274,1.5443258585630333,0.9946980234665002,1,1.8521963234215162,0,0,0,0,1,0,0,0,0,0,1,0,1
96,0.8316279217379663,-0.9365823448414491,-0.4407835491983754,0.044705529144561655,0,-0.6444387214649604,1,0,0,0,0,0,0,0,0,0,0,0,1
97,0.5802383111671098,-0.6133000595661697,-0.1405974457680445,-1.2852839629061523,0,-0.3738041297216775,1,0,0,0,0,0,0,0,0,0,0,0,1
41,-0.36097776354714145,0.9301598485369481,1.3561384079006145,-1.0952854640417646,0,0.42049181345244036,0,0,1,0,0,0,0,0,0,0,0,0,1
54,0.4385768515256023,-0.3761904536237241,-0.5622559522349857,0.6147010257377248,0,-0.4905091425745482,1,0,0,0,0,0,0,0,0,0,0,0,1
35,0.6011599987965244,-0.6068030014459013,-0.544545466619914,0.9946980234665002,0,-0.7870795356771855,0,0,1,0,0,0,0,0,0,0,0,0,1
30,0.8994463162754491,-1.1530952875169582,-1.1322444734329258,1.1846965223308878,0,-0.8686028262237491,0,0,1,0,0,0,0,0,0,0,0,0,1
90,-1.686864809997518,1.466103265290234,0.0976579672697802,0.23470402800894935,2,1.4694863595722807,1,0,0,0,0,0,2,0,0,0,0,0,0
129,0.636665004955273,-0.7146520815572139,-0.7771776962728781,-1.2852839629061523,0,-0.3459421437233373,0,0,0,0,1,0,0,0,0,0,0,0,1
143,0.636665004955273,-0.6176826362864679,-0.9534319304906913,-1.2852839629061523,0,-0.4717289237821046,0,0,0,0,1,0,0,0,0,0,0,0,1
138,0.8098761325572423,-0.836674845801153,-0.8422281012524391,-1.0952854640417646,0,-0.9091120663054266,0,0,0,0,1,0,0,0,0,0,0,0,1
34,0.557947263245004,-0.6131880188226092,-0.5788228591444924,1.1846965223308878,0,-0.632384417255125,0,0,1,0,0,0,0,0,0,0,0,0,1
118,-1.9971101542298264,0.8931602193651963,0.5906525920214545,-2.045277958363703,2,0.8368773590572306,1,0,0,0,0,0,2,0,0,0,0,0,0
37,-0.14288165029942937,0.5315173616469385,-0.15303395999237152,0.23470402800894935,0,0.5104135272964481,1,0,0,0,0,0,0,0,0,0,0,0,1
134,-1.1483563674384258,1.4644828359650577,1.593681064379727,0.8046995246021125,1,1.0496414216546348,0,0,0,0,1,0,0,0,0,0,1,0,0
61,0.8506607372710999,-0.8671196883049148,-0.6140864249192279,1.1846965223308878,0,-1.0219813878192128,0,1,0,0,0,0,0,0,0,0,0,0,1
98,0.699758221626367,-0.9317558249441866,-0.5340336397585176,0.9946980234665002,0,-1.3098786519978918,1,0,0,0,0,0,0,0,0,0,0,0,1
92,0.8445864344413765,-0.8705751691755431,-0.2768351416516325,0.8046995246021125,0,-0.5367113448425321,1,0,0,0,0,0,0,0,0,0,0,0,1
61,0.8506607372710999,-0.8671196883049148,-0.6140864249192279,1.1846965223308878,0,-0.5936985154902521,0,1,0,0,0,0,0,0,0,0,0,0,1
21,-2.7676530217861797,0.6985240642502534,0.31180836380932325,0.23470402800894935,2,0.2622390452483806,0,0,0,1,0,0,0,0,0,2,0,0,0
101,0.7275520198620213,-0.9609850058121482,-0.6735695044943646,0.044705529144561655,0,-1.2799575563434429,1,0,0,0,0,0,0,0,0,0,0,0,1
23,-1.8861366533103854,1.2684735019520244,1.2729808069009627,-0.9052869651773768,2,1.2977057952135302,0,1,0,0,0,0,0,2,0,0,0,0,0
27,0.5868563428230743,-0.128963105635196,-0.14672158137823135,-1.0952854640417646,0,-0.14727684114830444,0,0,1,0,0,0,0,0,0,0,0,0,1
89,0.19688002383044065,0.2573054397215892,-0.2718394827699518,0.8046995246021125,0,-0.12576588508123718,0,0,0,1,0,0,0,0,0,0,0,0,1
124,0.6540890037452556,-0.8160574649792502,-1.2391588545392942,-0.7152884663129891,0,-0.5452087325277153,0,0,0,0,1,0,0,0,0,0,0,0,1
76,0.1408167633547376,0.49801409431163635,0.2718437585817132,-1.0952854640417646,0,0.23220533435044954,0,1,0,0,0,0,0,0,0,0,0,0,1
71,0.39617430401842063,-0.5265553816936333,-0.6520679608564841,0.8046995246021125,0,0.10651284520128072,0,1,0,0,0,0,0,0,0,0,0,0,0
49,-2.8306517767246246,0.7355700264671651,0.5936632702315654,1.754692018924051,2,0.930475816111056,0,0,1,0,0,0,0,0,2,0,0,0,0
8,0.87495942103483,-0.8984325713737316,-0.5130526742349769,-0.5252899674486015,0,-0.5367113448425321,0,0,1,0,0,0,0,0,0,0,0,0,1
43,-0.5362326291556553,1.3821815505789712,1.456308739033318,0.4247025268733371,1,1.7298052302690277,0,0,1,0,0,0,0,0,1,0,0,0,1
65,0.8316279217379663,-0.8351742574545239,-0.6081633840025297,0.044705529144561655,0,-0.9946220089326006,0,1,0,0,0,0,0,0,0,0,0,0,1
4,0.8174639659923786,-0.8919133713132138,-0.8631966977018697,-0.7152884663129891,0,-2.0168111542707665,0,0,0,1,0,0,0,0,0,0,0,0,1
72,-0.8119410195019346,1.5684677119960315,1.8939026463982478,0.23470402800894935,1,0.5124817953405869,0,1,0,0,0,0,0,1,0,0,0,0,1
130,0.7630056452433375,-1.1133002572992534,-0.5927498925862508,-0.7152884663129891,0,-1.354428674269445,0,0,0,0,1,0,0,0,0,0,0,0,1
67,-1.1729209839729045,1.65903663734724,1.5038528877880608,0.6147010257377248,1,1.5596942374037013,0,1,0,0,0,0,0,1,0,0,0,0,0
46,0.5194002161101307,-0.6337818278746727,-0.9679701560557576,0.044705529144561655,0,-1.0620891621177804,0,0,1,0,0,0,0,0,0,0,0,0,1
54,0.4385768515256023,-0.3761904536237241,-0.5622559522349857,0.6147010257377248,0,-0.5182212051362692,1,0,0,0,0,0,0,0,0,0,0,0,1
96,0.8316279217379663,-0.9365823448414491,-0.4407835491983754,0.044705529144561655,0,-0.71782708397197,1,0,0,0,0,0,0,0,0,0,0,0,1
134,-1.1483563674384258,1.4644828359650577,1.593681064379727,0.8046995246021125,1,1.6762314153886095,0,0,0,0,1,0,0,0,0,0,1,0,0
28,-0.3652449498354038,0.996586460244493,2.103074662036828,0.044705529144561655,1,0.9537999332376064,0,0,1,0,0,0,0,0,1,0,0,0,0
38,-1.7965354299615945,1.4952750914331256,0.8465973008691576,-0.7152884663129891,2,1.3048626034332207,0,0,1,0,0,0,0,0,2,0,0,0,1
27,0.5868563428230743,-0.128963105635196,-0.14672158137823135,-1.0952854640417646,0,0.07946631665249361,0,0,1,0,0,0,0,0,0,0,0,0,1
76,0.1408167633547376,0.49801409431163635,0.2718437585817132,-1.0952854640417646,0,0.6092766947992583,0,1,0,0,0,0,0,0,0,0,0,0,1
45,-2.8517285660606486,0.7266761270872851,0.7627815300785532,2.324687515517214,2,0.8498018238924656,0,0,1,0,0,0,0,0,2,0,0,0,0
140,0.8211270579955481,-1.127551348708158,-1.0601330941468274,-0.5252899674486015,0,-1.248828706381889,0,0,0,0,1,0,0,0,0,0,0,0,1
86,0.5896547736035872,-0.7775309608791905,-0.5982968799555161,0.6147010257377248,0,-0.6108515839222447,0,1,0,0,0,0,0,0,0,0,0,0,1
30,0.8994463162754491,-1.1530952875169582,-1.1322444734329258,1.1846965223308878,0,-1.0027104098963309,0,0,1,0,0,0,0,0,0,0,0,0,1
84,0.6175373346578993,-0.6152472640161171,-0.8696044337708005,1.5646935200596632,0,-0.3629993267994116,0,1,0,0,0,0,0,0,0,0,0,0,1
25,-1.7628263678899887,1.4498047182125795,0.584622380062202,-0.5252899674486015,2,1.3841923892486618,0,1,0,0,0,0,0,2,0,0,0,0,0
131,0.7795899707999938,-0.9387925848847133,-0.4271797432259956,0.044705529144561655,0,-0.4786848344574604,0,1,0,0,0,0,0,0,0,0,0,0,1
133,0.011516665670379445,0.47816069958173024,0.15388538998420156,0.23470402800894935,0,0.07322608769326225,0,0,0,0,1,0,0,0,0,0,0,0,1
23,-1.8861366533103854,1.2684735019520244,1.2729808069009627,-0.9052869651773768,2,1.1674475327895375,0,1,0,0,0,0,0,2,0,0,0,0,0
86,0.5896547736035872,-0.7775309608791905,-0.5982968799555161,0.6147010257377248,0,-0.6358525981535107,0,1,0,0,0,0,0,0,0,0,0,0,1
77,-0.6575427035321258,1.7424298157650362,1.8163409156462293,0.23470402800894935,1,1.8294426200873077,0,1,0,0,0,0,0,1,0,0,0,0,0
93,0.8994463162754491,-0.8325098004271332,-0.3683505395136735,1.1846965223308878,0,-0.9091120663054266,1,0,0,0,0,0,0,0,0,0,0,0,1
128,-0.06786942641887178,0.24122995524865057,-0.12649798167401216,-0.9052869651773768,0,0.7068416622811171,0,0,0,0,1,0,0,0,0,0,0,0,0
112,0.17764706769534208,1.2871149009542924,1.1243285544636878,1.3746950211952755,0,0.883019079857918,1,0,0,0,0,0,0,0,0,0,0,0,1
14,-0.7618273357298131,1.582321823073024,1.3386654494707158,-0.7152884663129891,1,1.4317840814971414,0,0,1,0,0,0,0,0,1,0,0,0,0
18,-2.4343978230082954,1.0177194408864998,0.4521127441273781,-0.14529296971982605,2,0.8704848349583336,0,1,0,0,0,0,0,2,0,0,0,0,0
7,0.19673452778807235,-0.13760846456842266,-0.012840738619519537,-0.14529296971982605,0,-0.261578636519157,0,0,1,0,0,0,0,0,0,0,0,0,1
21,-2.7676530217861797,0.6985240642502534,0.31180836380932325,0.23470402800894935,2,1.0790866800065675,0,0,0,1,0,0,0,0,0,2,0,0,0
44,0.10395245939498345,0.5018832971696904,0.07615580763557432,-1.6652809606349277,0,0.8774278999878569,0,0,0,1,0,0,0,0,0,0,0,0,0
68,0.7134623319169836,-0.15222737396103334,-0.16937230144714704,-0.5252899674486015,0,1.157183153613569,0,1,0,0,0,0,0,0,0,0,0,0,0
149,-0.28826545392087316,0.9538533304641673,1.2853374985845787,-0.9052869651773768,0,0.6936568202779831,0,0,0,0,1,0,0,0,0,0,0,0,1
84,0.6175373346578993,-0.6152472640161171,-0.8696044337708005,1.5646935200596632,0,-0.4862391234973629,0,1,0,0,0,0,0,0,0,0,0,0,1
64,0.7873413403536483,-1.4919267395728504,-1.0766909350482308,0.4247025268733371,0,-1.6015674013343646,0,1,0,0,0,0,0,0,0,0,0,0,1
19,0.41532431423418525,-0.6571303014721108,-0.7501408747855717,0.044705529144561655,0,-0.45978795064341477,0,1,0,0,0,0,0,0,0,0,0,0,1
23,-1.8861366533103854,1.2684735019520244,1.2729808069009627,-0.9052869651773768,2,1.3993962528980435,0,1,0,0,0,0,0,2,0,0,0,0,0
38,-1.7965354299615945,1.4952750914331256,0.8465973008691576,-0.7152884663129891,2,0.6715491079848512,0,0,1,0,0,0,0,0,2,0,0,0,1
147,-0.9041758586796569,1.7324680759636433,2.261208193243707,-1.8552794594993154,1,1.1852418240957565,0,0,0,1,0,0,0,0,0,1,0,0,0
36,-0.3013556766395101,0.9855648400200623,0.9113744608395141,0.8046995246021125,1,0.9221004817160978,0,0,1,0,0,0,0,0,1,0,0,0,1
64,0.7873413403536483,-1.4919267395728504,-1.0766909350482308,0.4247025268733371,0,-2.30161085726415,0,1,0,0,0,0,0,0,0,0,0,0,1
57,0.8414513104002286,-1.5283443989530991,-1.2665670015914527,0.6147010257377248,0,-1.5978775760105133,1,0,0,0,0,0,0,0,0,0,0,0,1
85,-0.6431577254499988,1.6644709085746359,1.47068889288518,1.3746950211952755,1,1.19147711487556,0,1,0,0,0,0,0,1,0,0,0,0,0
141,0.8382480314886213,-0.8544477243555477,-0.951651508455736,0.4247025268733371,0,-0.48914982367580595,0,0,1,0,0,0,0,0,0,0,0,0,1
42,0.8719222867414198,-1.4814140890005991,-1.1392712444449196,-0.7152884663129891,0,-1.8899729900721793,0,0,1,0,0,0,0,0,0,0,0,0,1
25,-1.7628263678899887,1.4498047182125795,0.584622380062202,-0.5252899674486015,2,1.3680862168519252,0,1,0,0,0,0,0,2,0,0,0,0,0
66,0.7935622906716993,-1.5432498057769413,-1.4771114080245087,-1.8552794594993154,0,-1.5978775760105133,0,1,0,0,0,0,0,0,0,0,0,0,1
48,0.16766263121020925,0.32605085053546096,-0.26687040585718486,1.1846965223308878,0,0.29375045992143356,1,0,0,0,0,0,0,0,0,0,0,0,1
67,-1.1729209839729045,1.65903663734724,1.5038528877880608,0.6147010257377248,1,1.459732427936535,0,1,0,0,0,0,0,1,0,0,0,0,1
72,-0.8119410195019346,1.5684677119960315,1.8939026463982478,0.23470402800894935,1,1.5157206842203463,0,1,0,0,0,0,0,1,0,0,0,0,0
16,0.21959235036825592,1.2561008669520632,0.5017135098894712,-1.6652809606349277,0,1.5632568545717744,0,0,1,0,0,0,0,0,0,0,0,0,1
24,-2.344122048566307,0.793312820011672,0.8280969369076001,0.8046995246021125,2,0.7654486434265159,0,0,1,0,0,0,0,0,2,0,0,0,0
63,0.7229609979473463,-0.10936015689958539,-0.12096587909777386,-0.14529296971982605,0,0.07642786856844672,0,1,0,0,0,0,0,0,0,0,0,0,1
140,0.8211270579955481,-1.127551348708158,-1.0601330941468274,-0.5252899674486015,0,-1.8696693138030762,0,0,0,0,1,0,0,0,0,0,0,0,1
20,-2.4217516321998738,1.1199489577150297,2.6280987022231224,-0.33529146858421377,2,0.27183293890030996,0,0,1,0,0,0,0,0,2,0,0,0,0
46,0.5194002161101307,-0.6337818278746727,-0.9679701560557576,0.044705529144561655,0,-0.5740461135989312,0,0,1,0,0,0,0,0,0,0,0,0,1
106,0.7873413403536483,-0.9412859156945045,-0.7362814229866637,0.4247025268733371,0,-0.6635410487183109,1,0,0,0,0,0,0,0,0,0,0,0,1
8,0.87495942103483,-0.8984325713737316,-0.5130526742349769,-0.5252899674486015,0,-0.4728870937811973,0,0,1,0,0,0,0,0,0,0,0,0,1
55,0.7873413403536483,-0.9280036154226032,-0.5858373140388665,0.4247025268733371,0,-0.7287641377505131,1,0,0,0,0,0,0,0,0,0,0,0,1
36,-0.3013556766395101,0.9855648400200623,0.9113744608395141,0.8046995246021125,1,0.5976523529848141,0,0,1,0,0,0,0,0,1,0,0,0,1
102,0.6484176629626337,-0.6110760714536377,-0.4339534015937101,-0.9052869651773768,0,-0.43357390256863715,1,0,0,0,0,0,0,0,0,0,0,0,1
23,-1.8861366533103854,1.2684735019520244,1.2729808069009627,-0.9052869651773768,2,1.287149154935383,0,1,0,0,0,0,0,2,0,0,0,0,0
90,-1.686864809997518,1.466103265290234,0.0976579672697802,0.23470402800894935,2,1.634551860769447,1,0,0,0,0,0,2,0,0,0,0,0,0
72,-0.8119410195019346,1.5684677119960315,1.8939026463982478,0.23470402800894935,1,1.4301731814805572,0,1,0,0,0,0,0,1,0,0,0,0,0
29,0.8282062919792007,-0.8808244674849,-0.5624359792255084,-0.14529296971982605,0,-1.1205295112078435,0,0,1,0,0,0,0,0,0,0,0,0,1
85,-0.6431577254499988,1.6644709085746359,1.47068889288518,1.3746950211952755,1,1.056744525885079,0,1,0,0,0,0,0,1,0,0,0,0,1
79,-0.06786942641887178,0.36944756736185524,-0.2042326804366343,-0.9052869651773768,0,0.7941296979815401,1,0,0,0,0,0,0,0,0,0,0,0,0
60,0.5639081468225616,-0.39356127607322594,-0.5054953305423884,1.3746950211952755,0,-0.2758021481268141,1,0,0,0,0,0,0,0,0,0,0,0,1
10,0.8944100044883714,-0.9042156872234491,-0.570120787160374,0.8046995246021125,0,-1.2644782511340256,0,0,0,1,0,0,0,0,0,0,0,0,1
74,0.7229609979473463,-1.5103695110581181,-1.1802316330172162,-0.14529296971982605,0,-2.527713090863871,0,0,0,1,0,0,0,0,0,0,0,0,1
107,-0.7904156161072389,2.1470811184540333,1.698761831375732,-2.805271953821254,1,1.3228873172970574,1,0,0,0,0,0,1,0,0,0,0,0,1
55,0.7873413403536483,-0.9280036154226032,-0.5858373140388665,0.4247025268733371,0,-1.269290893516381,1,0,0,0,0,0,0,0,0,0,0,0,1
6,0.1719788116721598,0.05240828769427301,-0.16026262363182758,-2.4252749560924785,0,0.002049245545030861,0,0,0,1,0,0,0,0,0,0,0,0,1
46,0.5194002161101307,-0.6337818278746727,-0.9679701560557576,0.044705529144561655,0,-0.4595957533196652,0,0,1,0,0,0,0,0,0,0,0,0,1
140,0.8211270579955481,-1.127551348708158,-1.0601330941468274,-0.5252899674486015,0,-1.390405375821077,0,0,0,0,1,0,0,0,0,0,0,0,1
20,-2.4217516321998738,1.1199489577150297,2.6280987022231224,-0.33529146858421377,2,1.6845519001773421,0,0,1,0,0,0,0,0,2,0,0,0,0
58,0.3112484123582404,-0.13923291907309093,-0.3105121175681538,0.044705529144561655,0,-0.04110380588452751,1,0,0,0,0,0,0,0,0,0,0,0,1
149,-0.28826545392087316,0.9538533304641673,1.2853374985845787,-0.9052869651773768,0,1.0957319792113744,0,0,0,0,1,0,0,0,0,0,0,0,1
40,0.7947628643943812,-1.1178728649985321,-0.8323861883069975,0.8046995246021125,0,-1.5189617338096912,0,0,1,0,0,0,0,0,0,0,0,0,1
101,0.7275520198620213,-0.9609850058121482,-0.6735695044943646,0.044705529144561655,0,-0.6973254800507812,1,0,0,0,0,0,0,0,0,0,0,0,1
6,0.1719788116721598,0.05240828769427301,-0.16026262363182758,-2.4252749560924785,0,0.5547658578738917,0,0,0,1,0,0,0,0,0,0,0,0,1
96,0.8316279217379663,-0.9365823448414491,-0.4407835491983754,0.044705529144561655,0,-0.6444387214649604,1,0,0,0,0,0,0,0,0,0,0,0,1
46,0.5194002161101307,-0.6337818278746727,-0.9679701560557576,0.044705529144561655,0,-0.4862391234973629,0,0,1,0,0,0,0,0,0,0,0,0,1
141,0.8382480314886213,-0.8544477243555477,-0.951651508455736,0.4247025268733371,0,-0.7849306627254241,0,0,1,0,0,0,0,0,0,0,0,0,1
5,-0.45167828223904755,1.1978345167031514,1.8171131704315873,0.23470402800894935,1,0.8518889937125602,0,0,0,1,0,0,0,0,0,1,0,0,0
111,-0.6700050794587804,1.543549407313917,1.1701659444693266,-1.8552794594993154,1,1.4209942724938753,1,0,0,0,0,0,1,0,0,0,0,0,1
16,0.21959235036825592,1.2561008669520632,0.5017135098894712,-1.6652809606349277,0,0.9375164440787802,0,0,1,0,0,0,0,0,0,0,0,0,1
5,-0.45167828223904755,1.1978345167031514,1.8171131704315873,0.23470402800894935,1,1.4575382908627337,0,0,0,1,0,0,0,0,0,1,0,0,1
144,0.10309660860634964,-0.008655822412093747,0.31166173817874393,0.044705529144561655,0,0.9198230313563776,0,0,1,0,0,0,0,0,0,0,0,0,0
69,0.5456450141594062,-0.6164158115977786,-0.7721737910156989,0.8046995246021125,0,-1.0451345804730474,0,1,0,0,0,0,0,0,0,0,0,0,1
61,0.8506607372710999,-0.8671196883049148,-0.6140864249192279,1.1846965223308878,0,-0.37529758541356556,0,1,0,0,0,0,0,0,0,0,0,0,1
122,-1.476076712217983,2.008145649809295,1.8270131029191168,-1.0952854640417646,2,1.9423263114497018,0,0,0,0,1,0,0,0,0,0,2,0,1
88,0.5868563428230743,-0.609900930429728,-0.9578919694679864,-1.0952854640417646,0,-1.015001309279376,0,1,0,0,0,0,0,0,0,0,0,0,1
35,0.6011599987965244,-0.6068030014459013,-0.544545466619914,0.9946980234665002,0,-0.2170180677067337,0,0,1,0,0,0,0,0,0,0,0,0,0
15,-1.0662090005941842,1.6282472257747163,0.9084553795449245,-0.14529296971982605,1,1.1014848113266111,0,0,1,0,0,0,0,0,1,0,0,0,0
97,0.5802383111671098,-0.6133000595661697,-0.1405974457680445,-1.2852839629061523,0,-0.4827501033790255,1,0,0,0,0,0,0,0,0,0,0,0,1
112,0.17764706769534208,1.2871149009542924,1.1243285544636878,1.3746950211952755,0,0.883019079857918,1,0,0,0,0,0,0,0,0,0,0,0,1
7,0.19673452778807235,-0.13760846456842266,-0.012840738619519537,-0.14529296971982605,0,0.02428526662137044,0,0,1,0,0,0,0,0,0,0,0,0,1
15,-1.0662090005941842,1.6282472257747163,0.9084553795449245,-0.14529296971982605,1,0.995577253860947,0,0,1,0,0,0,0,0,1,0,0,0,1
131,0.7795899707999938,-0.9387925848847133,-0.4271797432259956,0.044705529144561655,0,-0.7564998117600239,0,1,0,0,0,0,0,0,0,0,0,0,1
31,-0.6477068319312879,1.323288078781502,2.643086533744072,-1.6652809606349277,1,1.8757257324319911,0,0,0,1,0,0,0,0,0,1,0,0,0
60,0.5639081468225616,-0.39356127607322594,-0.5054953305423884,1.3746950211952755,0,-0.24599440423581667,1,0,0,0,0,0,0,0,0,0,0,0,1
32,-1.0341189394750192,2.184606312461486,2.4801445704931173,-0.7152884663129891,1,1.3154603438054726,1,0,0,0,0,0,1,0,0,0,0,0,1
107,-0.7904156161072389,2.1470811184540333,1.698761831375732,-2.805271953821254,1,0.9032281069809827,1,0,0,0,0,0,1,0,0,0,0,0,1
47,-2.5046840203435257,0.6818492256678579,0.5827053507963547,0.9946980234665002,2,0.13785861924398307,1,0,0,0,0,0,2,0,0,0,0,0,0
95,0.5954685842064011,-0.6255228636459196,-0.8176952131316845,0.8046995246021125,0,-0.704839989327217,1,0,0,0,0,0,0,0,0,0,0,0,1
87,0.3291811201388895,-0.5441181906402285,-0.6788569831328753,0.4247025268733371,0,0.20155336677776015,0,1,0,0,0,0,0,0,0,0,0,0,0
69,0.5456450141594062,-0.6164158115977786,-0.7721737910156989,0.8046995246021125,0,-0.7357262379317319,0,1,0,0,0,0,0,0,0,0,0,0,1
39,0.6484176629626337,-0.6268169021022602,-1.3414694560000502,-0.9052869651773768,0,-1.0620891621177804,0,0,1,0,0,0,0,0,0,0,0,0,1
147,-0.9041758586796569,1.7324680759636433,2.261208193243707,-1.8552794594993154,1,1.6158036917727578,0,0,0,1,0,0,0,0,0,1,0,0,1
147,-0.9041758586796569,1.7324680759636433,2.261208193243707,-1.8552794594993154,1,1.4169504534485258,0,0,0,1,0,0,0,0,0,1,0,0,1
71,0.39617430401842063,-0.5265553816936333,-0.6520679608564841,0.8046995246021125,0,-0.6987851230566735,0,1,0,0,0,0,0,0,0,0,0,0,1
2,0.7873413403536483,-1.5406960664772213,-1.3308391136178341,0.4247025268733371,0,-1.6229462520895097,0,0,0,1,0,0,0,0,0,0,0,0,1
36,-0.3013556766395101,0.9855648400200623,0.9113744608395141,0.8046995246021125,1,0.9614940742069086,0,0,1,0,0,0,0,0,1,0,0,0,0
95,0.5954685842064011,-0.6255228636459196,-0.8176952131316845,0.8046995246021125,0,-0.22498901961825263,1,0,0,0,0,0,0,0,0,0,0,0,1
121,0.8282062919792007,-0.851095731236515,-0.3735646324671911,-0.14529296971982605,0,-1.5564749707005316,1,0,0,0,0,0,0,0,0,0,0,0,1
4,0.8174639659923786,-0.8919133713132138,-0.8631966977018697,-0.7152884663129891,0,-0.5367113448425321,0,0,0,1,0,0,0,0,0,0,0,0,1
65,0.8316279217379663,-0.8351742574545239,-0.6081633840025297,0.044705529144561655,0,-0.6248502124184935,0,1,0,0,0,0,0,0,0,0,0,0,1
69,0.5456450141594062,-0.6164158115977786,-0.7721737910156989,0.8046995246021125,0,0.33504904461714086,0,1,0,0,0,0,0,0,0,0,0,0,0
102,0.6484176629626337,-0.6110760714536377,-0.4339534015937101,-0.9052869651773768,0,-0.6393248973132779,1,0,0,0,0,0,0,0,0,0,0,0,1
106,0.7873413403536483,-0.9412859156945045,-0.7362814229866637,0.4247025268733371,0,-0.616118564266185,1,0,0,0,0,0,0,0,0,0,0,0,1
4,0.8174639659923786,-0.8919133713132138,-0.8631966977018697,-0.7152884663129891,0,-0.5936985154902521,0,0,0,1,0,0,0,0,0,0,0,0,1
124,0.6540890037452556,-0.8160574649792502,-1.2391588545392942,-0.7152884663129891,0,-0.4143975974858073,0,0,0,0,1,0,0,0,0,0,0,0,1
10,0.8944100044883714,-0.9042156872234491,-0.570120787160374,0.8046995246021125,0,-1.5104151033334305,0,0,0,1,0,0,0,0,0,0,0,0,1
63,0.7229609979473463,-0.10936015689958539,-0.12096587909777386,-0.14529296971982605,0,-0.5880700533777269,0,1,0,0,0,0,0,0,0,0,0,0,1
56,-2.7501337051038597,0.7573538710448432,1.1620503577838586,-0.14529296971982605,2,1.0790866800065675,1,0,0,0,0,0,2,0,0,0,0,0,0
13,0.7407326956815721,-0.4981075397435976,-0.43427655070294097,0.6147010257377248,0,-0.24581575706704745,0,0,0,1,0,0,0,0,0,0,0,0,1
111,-0.6700050794587804,1.543549407313917,1.1701659444693266,-1.8552794594993154,1,1.3897116517673844,1,0,0,0,0,0,1,0,0,0,0,0,0
54,0.4385768515256023,-0.3761904536237241,-0.5622559522349857,0.6147010257377248,0,-0.3249431731900004,1,0,0,0,0,0,0,0,0,0,0,0,1
13,0.7407326956815721,-0.4981075397435976,-0.43427655070294097,0.6147010257377248,0,-0.3335823818194815,0,0,0,1,0,0,0,0,0,0,0,0,1
150,0.3449995673040472,-0.2984901021510301,-0.089671566242416,-1.47528246177054,0,-0.4109932020905524,0,0,0,0,1,0,0,0,0,0,0,0,1
88,0.5868563428230743,-0.609900930429728,-0.9578919694679864,-1.0952854640417646,0,-0.4649820592352366,0,1,0,0,0,0,0,0,0,0,0,0,1
133,0.011516665670379445,0.47816069958173024,0.15388538998420156,0.23470402800894935,0,0.5266445285326186,0,0,0,0,1,0,0,0,0,0,0,0,1
102,0.6484176629626337,-0.6110760714536377,-0.4339534015937101,-0.9052869651773768,0,-0.43357390256863715,1,0,0,0,0,0,0,0,0,0,0,0,1
28,-0.3652449498354038,0.996586460244493,2.103074662036828,0.044705529144561655,1,0.6873017239537835,0,0,1,0,0,0,0,0,1,0,0,0,1
3,0.7835082455194236,-0.5362768529714969,-0.898957350657006,0.23470402800894935,0,-1.0010909388894653,0,0,0,1,0,0,0,0,0,0,0,0,1
31,-0.6477068319312879,1.323288078781502,2.643086533744072,-1.6652809606349277,1,0.7065837065486665,0,0,0,1,0,0,0,0,0,1,0,0,1
14,-0.7618273357298131,1.582321823073024,1.3386654494707158,-0.7152884663129891,1,1.3520977170281951,0,0,1,0,0,0,0,0,1,0,0,0,1
75,-0.9536307757207662,1.9969399054105164,1.8021985275224652,2.8946830121103773,1,1.6633341890052886,1,0,0,0,0,0,1,0,0,0,0,0,0
22,0.8623717801079255,-0.8396147420954507,-0.35312544696697257,-1.2852839629061523,0,-0.6342200006200504,0,0,1,0,0,0,0,0,0,0,0,0,1
5,-0.45167828223904755,1.1978345167031514,1.8171131704315873,0.23470402800894935,1,1.000947232787666,0,0,0,1,0,0,0,0,0,1,0,0,0
37,-0.14288165029942937,0.5315173616469385,-0.15303395999237152,0.23470402800894935,0,0.5929628279887943,1,0,0,0,0,0,0,0,0,0,0,0,1
104,0.5776438242263447,-1.0395741656627533,-1.5218095460448768,0.23470402800894935,0,-1.4936701284936467,1,0,0,0,0,0,0,0,0,0,0,0,1
18,-2.4343978230082954,1.0177194408864998,0.4521127441273781,-0.14529296971982605,2,1.3025490816818177,0,1,0,0,0,0,0,2,0,0,0,0,0
34,0.557947263245004,-0.6131880188226092,-0.5788228591444924,1.1846965223308878,0,-0.23476089370354453,0,0,1,0,0,0,0,0,0,0,0,0,1
108,-0.5785143810257847,0.9937179674315499,1.0592202097888943,-0.5252899674486015,1,0.940137430034875,1,0,0,0,0,0,1,0,0,0,0,0,0
3,0.7835082455194236,-0.5362768529714969,-0.898957350657006,0.23470402800894935,0,-0.2808600449322061,0,0,0,1,0,0,0,0,0,0,0,0,1
110,0.4072251158517818,-0.5934627057048354,-0.6739330429991417,-0.14529296971982605,0,-1.0620891621177804,1,0,0,0,0,0,0,0,0,0,0,0,1
66,0.7935622906716993,-1.5432498057769413,-1.4771114080245087,-1.8552794594993154,0,-1.5978775760105133,0,1,0,0,0,0,0,0,0,0,0,0,1
71,0.39617430401842063,-0.5265553816936333,-0.6520679608564841,0.8046995246021125,0,0.3471798856073561,0,1,0,0,0,0,0,0,0,0,0,0,0
86,0.5896547736035872,-0.7775309608791905,-0.5982968799555161,0.6147010257377248,0,-0.8121225530437559,0,1,0,0,0,0,0,0,0,0,0,0,1
38,-1.7965354299615945,1.4952750914331256,0.8465973008691576,-0.7152884663129891,2,1.577272546760986,0,0,1,0,0,0,0,0,2,0,0,0,0
22,0.8623717801079255,-0.8396147420954507,-0.35312544696697257,-1.2852839629061523,0,-0.9946220089326006,0,0,1,0,0,0,0,0,0,0,0,0,1
5,-0.45167828223904755,1.1978345167031514,1.8171131704315873,0.23470402800894935,1,0.6921017467126871,0,0,0,1,0,0,0,0,0,1,0,0,1
88,0.5868563428230743,-0.609900930429728,-0.9578919694679864,-1.0952854640417646,0,-0.3503822602507097,0,1,0,0,0,0,0,0,0,0,0,0,0
150,0.3449995673040472,-0.2984901021510301,-0.089671566242416,-1.47528246177054,0,0.879738596418772,0,0,0,0,1,0,0,0,0,0,0,0,0
131,0.7795899707999938,-0.9387925848847133,-0.4271797432259956,0.044705529144561655,0,-1.2265094376036856,0,1,0,0,0,0,0,0,0,0,0,0,1
84,0.6175373346578993,-0.6152472640161171,-0.8696044337708005,1.5646935200596632,0,-0.5125403191255566,0,1,0,0,0,0,0,0,0,0,0,0,1
32,-1.0341189394750192,2.184606312461486,2.4801445704931173,-0.7152884663129891,1,1.110486122620362,1,0,0,0,0,0,1,0,0,0,0,0,1
143,0.636665004955273,-0.6176826362864679,-0.9534319304906913,-1.2852839629061523,0,-0.3908373635117881,0,0,0,0,1,0,0,0,0,0,0,0,1
81,0.2925005814966524,0.22433561239885857,-0.21074700583093897,-0.33529146858421377,0,0.7776850694514704,0,1,0,0,0,0,0,0,0,0,0,0,0
140,0.8211270579955481,-1.127551348708158,-1.0601330941468274,-0.5252899674486015,0,-0.9176413228041005,0,0,0,0,1,0,0,0,0,0,0,0,1
74,0.7229609979473463,-1.5103695110581181,-1.1802316330172162,-0.14529296971982605,0,-2.1714059985305165,0,0,0,1,0,0,0,0,0,0,0,0,1
116,0.3178236217096313,-0.16359767667756062,-0.31680944558207025,-0.9052869651773768,0,-0.11464241289562353,1,0,0,0,0,0,0,0,0,0,0,0,1
96,0.8316279217379663,-0.9365823448414491,-0.4407835491983754,0.044705529144561655,0,-0.4786848344574604,1,0,0,0,0,0,0,0,0,0,0,0,1
107,-0.7904156161072389,2.1470811184540333,1.698761831375732,-2.805271953821254,1,1.6324850988372468,1,0,0,0,0,0,1,0,0,0,0,0,1
99,0.6951157243003914,-0.9436623991337402,-0.7024983918234182,0.8046995246021125,0,-0.6444387214649604,1,0,0,0,0,0,0,0,0,0,0,0,1
119,-1.6551616418114246,1.4390779241391296,1.1887650990216085,-0.5252899674486015,2,1.4382188219425125,1,0,0,0,0,0,2,0,0,0,0,0,1
5,-0.45167828223904755,1.1978345167031514,1.8171131704315873,0.23470402800894935,1,0.9503606207224711,0,0,0,1,0,0,0,0,0,1,0,0,1
37,-0.14288165029942937,0.5315173616469385,-0.15303395999237152,0.23470402800894935,0,0.5170268422475451,1,0,0,0,0,0,0,0,0,0,0,0,1
78,-0.49186887080798847,1.5982034292388005,1.4417259435401013,-1.2852839629061523,1,1.3493036611882165,0,1,0,0,0,0,0,1,0,0,0,0,1
46,0.5194002161101307,-0.6337818278746727,-0.9679701560557576,0.044705529144561655,0,0.7265081240541009,0,0,1,0,0,0,0,0,0,0,0,0,1
150,0.3449995673040472,-0.2984901021510301,-0.089671566242416,-1.47528246177054,0,0.004346070536107533,0,0,0,0,1,0,0,0,0,0,0,0,0
8,0.87495942103483,-0.8984325713737316,-0.5130526742349769,-0.5252899674486015,0,-1.1840986321103852,0,0,1,0,0,0,0,0,0,0,0,0,1
39,0.6484176629626337,-0.6268169021022602,-1.3414694560000502,-0.9052869651773768,0,0.6273560050443392,0,0,1,0,0,0,0,0,0,0,0,0,0
21,-2.7676530217861797,0.6985240642502534,0.31180836380932325,0.23470402800894935,2,1.0426360041833376,0,0,0,1,0,0,0,0,0,2,0,0,0
135,0.8590329851059717,-1.0932919784839112,-0.4318651669755144,-1.47528246177054,0,-0.9420190871122128,0,0,0,0,1,0,0,0,0,0,0,0,1
111,-0.6700050794587804,1.543549407313917,1.1701659444693266,-1.8552794594993154,1,0.8017556768253823,1,0,0,0,0,0,1,0,0,0,0,0,0
123,0.571438167048103,-0.6840795948613619,-0.9021211614649218,0.044705529144561655,0,-1.2320107301434349,0,0,0,0,1,0,0,0,0,0,0,0,1
16,0.21959235036825592,1.2561008669520632,0.5017135098894712,-1.6652809606349277,0,1.1323114322644516,0,0,1,0,0,0,0,0,0,0,0,0,0
92,0.8445864344413765,-0.8705751691755431,-0.2768351416516325,0.8046995246021125,0,-0.9091120663054266,1,0,0,0,0,0,0,0,0,0,0,0,1
86,0.5896547736035872,-0.7775309608791905,-0.5982968799555161,0.6147010257377248,0,-0.8468009831726713,0,1,0,0,0,0,0,0,0,0,0,0,1
69,0.5456450141594062,-0.6164158115977786,-0.7721737910156989,0.8046995246021125,0,-0.4862391234973629,0,1,0,0,0,0,0,0,0,0,0,0,1
14,-0.7618273357298131,1.582321823073024,1.3386654494707158,-0.7152884663129891,1,1.4047853347857104,0,0,1,0,0,0,0,0,1,0,0,0,1
134,-1.1483563674384258,1.4644828359650577,1.593681064379727,0.8046995246021125,1,1.3522011493250834,0,0,0,0,1,0,0,0,0,0,1,0,0
57,0.8414513104002286,-1.5283443989530991,-1.2665670015914527,0.6147010257377248,0,-2.355507719856086,1,0,0,0,0,0,0,0,0,0,0,0,0
127,-0.46932085171134913,1.7709001151868076,1.9743001549316421,0.044705529144561655,1,1.3140984299302483,0,0,0,0,1,0,0,0,0,0,1,0,1
102,0.6484176629626337,-0.6110760714536377,-0.4339534015937101,-0.9052869651773768,0,-0.21348238481281745,1,0,0,0,0,0,0,0,0,0,0,0,1
4,0.8174639659923786,-0.8919133713132138,-0.8631966977018697,-0.7152884663129891,0,0.6189949251013752,0,0,0,1,0,0,0,0,0,0,0,0,1
108,-0.5785143810257847,0.9937179674315499,1.0592202097888943,-0.5252899674486015,1,1.6357724429238212,1,0,0,0,0,0,1,0,0,0,0,0,0
48,0.16766263121020925,0.32605085053546096,-0.26687040585718486,1.1846965223308878,0,-0.05261932152263262,1,0,0,0,0,0,0,0,0,0,0,0,1
139,0.5837145758137556,-0.589336051094232,-0.6046010879164883,0.4247025268733371,0,0.769238577228509,0,0,0,0,1,0,0,0,0,0,0,0,1
47,-2.5046840203435257,0.6818492256678579,0.5827053507963547,0.9946980234665002,2,0.6086098792578247,1,0,0,0,0,0,2,0,0,0,0,0,0
96,0.8316279217379663,-0.9365823448414491,-0.4407835491983754,0.044705529144561655,0,-0.6973254800507812,1,0,0,0,0,0,0,0,0,0,0,0,1
37,-0.14288165029942937,0.5315173616469385,-0.15303395999237152,0.23470402800894935,0,0.9987303932823128,1,0,0,0,0,0,0,0,0,0,0,0,0
75,-0.9536307757207662,1.9969399054105164,1.8021985275224652,2.8946830121103773,1,1.8455635339195786,1,0,0,0,0,0,1,0,0,0,0,0,1
134,-1.1483563674384258,1.4644828359650577,1.593681064379727,0.8046995246021125,1,1.6374616390959826,0,0,0,0,1,0,0,0,0,0,1,0,0
34,0.557947263245004,-0.6131880188226092,-0.5788228591444924,1.1846965223308878,0,-0.4905091425745482,0,0,1,0,0,0,0,0,0,0,0,0,1
106,0.7873413403536483,-0.9412859156945045,-0.7362814229866637,0.4247025268733371,0,-0.7799942395070375,1,0,0,0,0,0,0,0,0,0,0,0,1
7,0.19673452778807235,-0.13760846456842266,-0.012840738619519537,-0.14529296971982605,0,-0.26697182539791453,0,0,1,0,0,0,0,0,0,0,0,0,1
80,0.6764769010612613,-0.7904715800807489,-1.5618805353693874,-1.8552794594993154,0,-0.741858161018483,0,1,0,0,0,0,0,0,0,0,0,0,1
66,0.7935622906716993,-1.5432498057769413,-1.4771114080245087,-1.8552794594993154,0,-1.997561211984532,0,1,0,0,0,0,0,0,0,0,0,0,0
100,0.749518392531599,-1.006279002020887,-1.2034575986084581,-1.2852839629061523,0,-1.1408381202633373,1,0,0,0,0,0,0,0,0,0,0,0,1
133,0.011516665670379445,0.47816069958173024,0.15388538998420156,0.23470402800894935,0,0.5754784504660216,0,0,0,0,1,0,0,0,0,0,0,0,1
129,0.636665004955273,-0.7146520815572139,-0.7771776962728781,-1.2852839629061523,0,-0.752885636660388,0,0,0,0,1,0,0,0,0,0,0,0,1
59,0.6243319687747093,-0.7343586820128495,-1.0351599987055027,-1.6652809606349277,0,-0.5006267707012593,1,0,0,0,0,0,0,0,0,0,0,0,1
35,0.6011599987965244,-0.6068030014459013,-0.544545466619914,0.9946980234665002,0,-0.45191820068175276,0,0,1,0,0,0,0,0,0,0,0,0,1
111,-0.6700050794587804,1.543549407313917,1.1701659444693266,-1.8552794594993154,1,1.2121659136845375,1,0,0,0,0,0,1,0,0,0,0,0,0
102,0.6484176629626337,-0.6110760714536377,-0.4339534015937101,-0.9052869651773768,0,-0.7357262379317319,1,0,0,0,0,0,0,0,0,0,0,0,1
31,-0.6477068319312879,1.323288078781502,2.643086533744072,-1.6652809606349277,1,0.9378739896170586,0,0,0,1,0,0,0,0,0,1,0,0,1
37,-0.14288165029942937,0.5315173616469385,-0.15303395999237152,0.23470402800894935,0,0.8114780439286693,1,0,0,0,0,0,0,0,0,0,0,0,1
37,-0.14288165029942937,0.5315173616469385,-0.15303395999237152,0.23470402800894935,0,0.37707208483958804,1,0,0,0,0,0,0,0,0,0,0,0,1
83,0.7275520198620213,-0.5637364070823583,-1.1515332948201789,0.044705529144561655,0,-0.6775877457144585,0,1,0,0,0,0,0,0,0,0,0,0,0
107,-0.7904156161072389,2.1470811184540333,1.698761831375732,-2.805271953821254,1,1.6851980577716519,1,0,0,0,0,0,1,0,0,0,0,0,1
36,-0.3013556766395101,0.9855648400200623,0.9113744608395141,0.8046995246021125,1,0.5976523529848141,0,0,1,0,0,0,0,0,1,0,0,0,1
19,0.41532431423418525,-0.6571303014721108,-0.7501408747855717,0.044705529144561655,0,-0.5473864549798589,0,1,0,0,0,0,0,0,0,0,0,0,1
92,0.8445864344413765,-0.8705751691755431,-0.2768351416516325,0.8046995246021125,0,-1.1818834326752623,1,0,0,0,0,0,0,0,0,0,0,0,1
17,-0.216094144145666,0.5684545686580579,0.13318035259690775,0.6147010257377248,0,0.3349025826611813,0,0,1,0,0,0,0,0,0,0,0,0,1
34,0.557947263245004,-0.6131880188226092,-0.5788228591444924,1.1846965223308878,0,-0.5953086393831761,0,0,1,0,0,0,0,0,0,0,0,0,1
81,0.2925005814966524,0.22433561239885857,-0.21074700583093897,-0.33529146858421377,0,0.11410444104372777,0,1,0,0,0,0,0,0,0,0,0,0,1
123,0.571438167048103,-0.6840795948613619,-0.9021211614649218,0.044705529144561655,0,-1.0908055823148393,0,0,0,0,1,0,0,0,0,0,0,0,1
90,-1.686864809997518,1.466103265290234,0.0976579672697802,0.23470402800894935,2,1.5136660489269695,1,0,0,0,0,0,2,0,0,0,0,0,0
62,0.7131172445439711,-0.5227263011585528,-0.8184503332202685,1.5646935200596632,0,-0.24581575706704745,0,1,0,0,0,0,0,0,0,0,0,0,1
105,0.2782744290039161,-0.384410448702575,0.23238496909487238,0.4247025268733371,0,-0.3790345650674089,1,0,0,0,0,0,0,0,0,0,0,0,1
89,0.19688002383044065,0.2573054397215892,-0.2718394827699518,0.8046995246021125,0,0.18556660757497762,0,0,0,1,0,0,0,0,0,0,0,0,1
83,0.7275520198620213,-0.5637364070823583,-1.1515332948201789,0.044705529144561655,0,-0.31157523236981904,0,1,0,0,0,0,0,0,0,0,0,0,1
85,-0.6431577254499988,1.6644709085746359,1.47068889288518,1.3746950211952755,1,1.229367376661449,0,1,0,0,0,0,0,1,0,0,0,0,0
105,0.2782744290039161,-0.384410448702575,0.23238496909487238,0.4247025268733371,0,-0.36374320525194653,1,0,0,0,0,0,0,0,0,0,0,0,1
30,0.8994463162754491,-1.1530952875169582,-1.1322444734329258,1.1846965223308878,0,-1.8696693138030762,0,0,1,0,0,0,0,0,0,0,0,0,1
116,0.3178236217096313,-0.16359767667756062,-0.31680944558207025,-0.9052869651773768,0,-0.08439604292041018,1,0,0,0,0,0,0,0,0,0,0,0,1
96,0.8316279217379663,-0.9365823448414491,-0.4407835491983754,0.044705529144561655,0,-0.4786848344574604,1,0,0,0,0,0,0,0,0,0,0,0,1
43,-0.5362326291556553,1.3821815505789712,1.456308739033318,0.4247025268733371,1,1.5436569662668642,0,0,1,0,0,0,0,0,1,0,0,0,1
44,0.10395245939498345,0.5018832971696904,0.07615580763557432,-1.6652809606349277,0,0.21730072800696096,0,0,0,1,0,0,0,0,0,0,0,0,1
1,-1.7425855298397428,1.4435683236909782,0.755493055739396,1.754692018924051,2,1.51072834908058,0,0,0,1,0,0,0,0,0,2,0,0,1
22,0.8623717801079255,-0.8396147420954507,-0.35312544696697257,-1.2852839629061523,0,-0.5936985154902521,0,0,1,0,0,0,0,0,0,0,0,0,1
59,0.6243319687747093,-0.7343586820128495,-1.0351599987055027,-1.6652809606349277,0,-0.3348712590413754,1,0,0,0,0,0,0,0,0,0,0,0,1
128,-0.06786942641887178,0.24122995524865057,-0.12649798167401216,-0.9052869651773768,0,0.8545878274815807,0,0,0,0,1,0,0,0,0,0,0,0,0
21,-2.7676530217861797,0.6985240642502534,0.31180836380932325,0.23470402800894935,2,0.9573535910287182,0,0,0,1,0,0,0,0,0,2,0,0,0
79,-0.06786942641887178,0.36944756736185524,-0.2042326804366343,-0.9052869651773768,0,0.32595450288796274,1,0,0,0,0,0,0,0,0,0,0,0,1
130,0.7630056452433375,-1.1133002572992534,-0.5927498925862508,-0.7152884663129891,0,-0.921465112055533,0,0,0,0,1,0,0,0,0,0,0,0,1
1,-1.7425855298397428,1.4435683236909782,0.755493055739396,1.754692018924051,2,1.6416803653828267,0,0,0,1,0,0,0,0,0,2,0,0,1
102,0.6484176629626337,-0.6110760714536377,-0.4339534015937101,-0.9052869651773768,0,-0.2678716580606958,1,0,0,0,0,0,0,0,0,0,0,0,1
66,0.7935622906716993,-1.5432498057769413,-1.4771114080245087,-1.8552794594993154,0,-1.6015674013343646,0,1,0,0,0,0,0,0,0,0,0,0,1
124,0.6540890037452556,-0.8160574649792502,-1.2391588545392942,-0.7152884663129891,0,-0.5800481398874742,0,0,0,0,1,0,0,0,0,0,0,0,1
128,-0.06786942641887178,0.24122995524865057,-0.12649798167401216,-0.9052869651773768,0,0.40050998709810565,0,0,0,0,1,0,0,0,0,0,0,0,0
115,0.5837145758137556,-0.6097811663211553,-0.7158215384941234,0.4247025268733371,0,0.12545500815756572,1,0,0,0,0,0,0,0,0,0,0,0,1
9,0.37292262858513153,-0.49504293376147385,-0.26843925490163933,-0.9052869651773768,0,-0.10356109359885127,0,0,0,1,0,0,0,0,0,0,0,0,1
106,0.7873413403536483,-0.9412859156945045,-0.7362814229866637,0.4247025268733371,0,-1.1678926717498384,1,0,0,0,0,0,0,0,0,0,0,0,1
92,0.8445864344413765,-0.8705751691755431,-0.2768351416516325,0.8046995246021125,0,0.6189949251013752,1,0,0,0,0,0,0,0,0,0,0,0,1
126,0.27288075850196764,-0.008865798446604262,0.10985525972984662,-0.7152884663129891,0,-0.14589539022800474,0,0,0,0,1,0,0,0,0,0,0,0,1
63,0.7229609979473463,-0.10936015689958539,-0.12096587909777386,-0.14529296971982605,0,0.13221286491476222,0,1,0,0,0,0,0,0,0,0,0,0,1
77,-0.6575427035321258,1.7424298157650362,1.8163409156462293,0.23470402800894935,1,1.3244539855269548,0,1,0,0,0,0,0,1,0,0,0,0,1
76,0.1408167633547376,0.49801409431163635,0.2718437585817132,-1.0952854640417646,0,0.2888444802771498,0,1,0,0,0,0,0,0,0,0,0,0,1
140,0.8211270579955481,-1.127551348708158,-1.0601330941468274,-0.5252899674486015,0,-0.9847153612230256,0,0,0,0,1,0,0,0,0,0,0,0,1
109,-1.6414077047803937,1.4986347749050806,0.9043220990792102,-2.045277958363703,1,1.488995861376642,1,0,0,0,0,0,1,0,0,0,0,0,1
28,-0.3652449498354038,0.996586460244493,2.103074662036828,0.044705529144561655,1,1.236585598034596,0,0,1,0,0,0,0,0,1,0,0,0,0
145,-2.297523072029207,1.3377599240336107,1.7801044194955888,-1.2852839629061523,2,0.2631398110983523,0,0,1,0,0,0,0,0,2,0,0,0,0
37,-0.14288165029942937,0.5315173616469385,-0.15303395999237152,0.23470402800894935,0,0.4348229581473801,1,0,0,0,0,0,0,0,0,0,0,0,0
16,0.21959235036825592,1.2561008669520632,0.5017135098894712,-1.6652809606349277,0,1.3639685140224482,0,0,1,0,0,0,0,0,0,0,0,0,1
95,0.5954685842064011,-0.6255228636459196,-0.8176952131316845,0.8046995246021125,0,-0.3908373635117881,1,0,0,0,0,0,0,0,0,0,0,0,1
51,0.4603761052363052,-0.2619855889323155,-0.6336115049159111,1.1846965223308878,0,-0.19077937183105542,1,0,0,0,0,0,0,0,0,0,0,0,1
12,0.8445864344413765,-0.8591353314034568,-0.4076848427469738,0.8046995246021125,0,-1.242542024291626,0,0,0,1,0,0,0,0,0,0,0,0,1
40,0.7947628643943812,-1.1178728649985321,-0.8323861883069975,0.8046995246021125,0,-0.8686028262237491,0,0,1,0,0,0,0,0,0,0,0,0,1
129,0.636665004955273,-0.7146520815572139,-0.7771776962728781,-1.2852839629061523,0,-0.6025651883970645,0,0,0,0,1,0,0,0,0,0,0,0,0
93,0.8994463162754491,-0.8325098004271332,-0.3683505395136735,1.1846965223308878,0,-0.9897796855609986,1,0,0,0,0,0,0,0,0,0,0,0,1
58,0.3112484123582404,-0.13923291907309093,-0.3105121175681538,0.044705529144561655,0,-0.08287500976197573,1,0,0,0,0,0,0,0,0,0,0,0,1
135,0.8590329851059717,-1.0932919784839112,-0.4318651669755144,-1.47528246177054,0,-1.354428674269445,0,0,0,0,1,0,0,0,0,0,0,0,1
32,-1.0341189394750192,2.184606312461486,2.4801445704931173,-0.7152884663129891,1,1.9005253633959174,1,0,0,0,0,0,1,0,0,0,0,0,0
79,-0.06786942641887178,0.36944756736185524,-0.2042326804366343,-0.9052869651773768,0,0.9484613359719888,1,0,0,0,0,0,0,0,0,0,0,0,0
150,0.3449995673040472,-0.2984901021510301,-0.089671566242416,-1.47528246177054,0,-0.19955808206034137,0,0,0,0,1,0,0,0,0,0,0,0,1
86,0.5896547736035872,-0.7775309608791905,-0.5982968799555161,0.6147010257377248,0,-0.8595540523758494,0,1,0,0,0,0,0,0,0,0,0,0,1
79,-0.06786942641887178,0.36944756736185524,-0.2042326804366343,-0.9052869651773768,0,0.45189998865083425,1,0,0,0,0,0,0,0,0,0,0,0,1
63,0.7229609979473463,-0.10936015689958539,-0.12096587909777386,-0.14529296971982605,0,-0.3330301797252788,0,1,0,0,0,0,0,0,0,0,0,0,1
19,0.41532431423418525,-0.6571303014721108,-0.7501408747855717,0.044705529144561655,0,-0.8086555664280265,0,1,0,0,0,0,0,0,0,0,0,0,1
109,-1.6414077047803937,1.4986347749050806,0.9043220990792102,-2.045277958363703,1,1.636335616742311,1,0,0,0,0,0,1,0,0,0,0,0,0
51,0.4603761052363052,-0.2619855889323155,-0.6336115049159111,1.1846965223308878,0,-0.15038749395986498,1,0,0,0,0,0,0,0,0,0,0,0,1
39,0.6484176629626337,-0.6268169021022602,-1.3414694560000502,-0.9052869651773768,0,-0.6334040435359538,0,0,1,0,0,0,0,0,0,0,0,0,1
2,0.7873413403536483,-1.5406960664772213,-1.3308391136178341,0.4247025268733371,0,-1.6220880903280588,0,0,0,1,0,0,0,0,0,0,0,0,1
1,-1.7425855298397428,1.4435683236909782,0.755493055739396,1.754692018924051,2,1.404683745868709,0,0,0,1,0,0,0,0,0,2,0,0,0
27,0.5868563428230743,-0.128963105635196,-0.14672158137823135,-1.0952854640417646,0,0.2607371519533423,0,0,1,0,0,0,0,0,0,0,0,0,1
143,0.636665004955273,-0.6176826362864679,-0.9534319304906913,-1.2852839629061523,0,-0.6195674955349612,0,0,0,0,1,0,0,0,0,0,0,0,1
50,0.41095822980262053,-0.23896483537564048,-0.5632507939667125,-1.2852839629061523,0,-0.13796468762885905,1,0,0,0,0,0,0,0,0,0,0,0,1
135,0.8590329851059717,-1.0932919784839112,-0.4318651669755144,-1.47528246177054,0,-0.15540607186005317,0,0,0,0,1,0,0,0,0,0,0,0,0
94,0.8779275295488443,-0.8909817385797031,-0.8887889027719983,-0.33529146858421377,0,-1.1924823405396157,1,0,0,0,0,0,0,0,0,0,0,0,1
39,0.6484176629626337,-0.6268169021022602,-1.3414694560000502,-0.9052869651773768,0,0.7265081240541009,0,0,1,0,0,0,0,0,0,0,0,0,1
124,0.6540890037452556,-0.8160574649792502,-1.2391588545392942,-0.7152884663129891,0,-0.5452087325277153,0,0,0,0,1,0,0,0,0,0,0,0,1
47,-2.5046840203435257,0.6818492256678579,0.5827053507963547,0.9946980234665002,2,0.385001597400498,1,0,0,0,0,0,2,0,0,0,0,0,0
76,0.1408167633547376,0.49801409431163635,0.2718437585817132,-1.0952854640417646,0,0.4160790210065884,0,1,0,0,0,0,0,0,0,0,0,0,1
7,0.19673452778807235,-0.13760846456842266,-0.012840738619519537,-0.14529296971982605,0,-0.11156953321178227,0,0,1,0,0,0,0,0,0,0,0,0,1
112,0.17764706769534208,1.2871149009542924,1.1243285544636878,1.3746950211952755,0,0.9340579147801001,1,0,0,0,0,0,0,0,0,0,0,0,1
5,-0.45167828223904755,1.1978345167031514,1.8171131704315873,0.23470402800894935,1,1.2351864401155919,0,0,0,1,0,0,0,0,0,1,0,0,0
52,0.4115905262319561,-0.46252089123866197,-0.12288851185595892,1.1846965223308878,0,-0.38821039936333235,0,0,1,0,0,0,0,0,0,0,0,0,1
47,-2.5046840203435257,0.6818492256678579,0.5827053507963547,0.9946980234665002,2,0.13785861924398307,1,0,0,0,0,0,2,0,0,0,0,0,0
75,-0.9536307757207662,1.9969399054105164,1.8021985275224652,2.8946830121103773,1,1.693953250722511,1,0,0,0,0,0,1,0,0,0,0,0,1
9,0.37292262858513153,-0.49504293376147385,-0.26843925490163933,-0.9052869651773768,0,-0.6244435105845719,0,0,0,1,0,0,0,0,0,0,0,0,1
107,-0.7904156161072389,2.1470811184540333,1.698761831375732,-2.805271953821254,1,1.455142807629895,1,0,0,0,0,0,1,0,0,0,0,0,0
90,-1.686864809997518,1.466103265290234,0.0976579672697802,0.23470402800894935,2,1.4871198956363425,1,0,0,0,0,0,2,0,0,0,0,0,1
118,-1.9971101542298264,0.8931602193651963,0.5906525920214545,-2.045277958363703,2,0.9976797245431247,1,0,0,0,0,0,2,0,0,0,0,0,0
65,0.8316279217379663,-0.8351742574545239,-0.6081633840025297,0.044705529144561655,0,0.6189949251013752,0,1,0,0,0,0,0,0,0,0,0,0,1
135,0.8590329851059717,-1.0932919784839112,-0.4318651669755144,-1.47528246177054,0,-0.7029595508621821,0,0,0,0,1,0,0,0,0,0,0,0,1
57,0.8414513104002286,-1.5283443989530991,-1.2665670015914527,0.6147010257377248,0,-2.2572064911002956,1,0,0,0,0,0,0,0,0,0,0,0,1
120,0.6118243713433028,-0.5441126359700348,-0.5312969821658854,-0.33529146858421377,0,-0.4087258050931359,1,0,0,0,0,0,0,0,0,0,0,0,1
6,0.1719788116721598,0.05240828769427301,-0.16026262363182758,-2.4252749560924785,0,0.20277950492923882,0,0,0,1,0,0,0,0,0,0,0,0,1
32,-1.0341189394750192,2.184606312461486,2.4801445704931173,-0.7152884663129891,1,1.7359799572883787,1,0,0,0,0,0,1,0,0,0,0,0,1
126,0.27288075850196764,-0.008865798446604262,0.10985525972984662,-0.7152884663129891,0,-0.5529370778296041,0,0,0,0,1,0,0,0,0,0,0,0,1
140,0.8211270579955481,-1.127551348708158,-1.0601330941468274,-0.5252899674486015,0,-0.921465112055533,0,0,0,0,1,0,0,0,0,0,0,0,1
66,0.7935622906716993,-1.5432498057769413,-1.4771114080245087,-1.8552794594993154,0,-1.6015674013343646,0,1,0,0,0,0,0,0,0,0,0,0,1
127,-0.46932085171134913,1.7709001151868076,1.9743001549316421,0.044705529144561655,1,1.4870211272516485,0,0,0,0,1,0,0,0,0,0,1,0,0
54,0.4385768515256023,-0.3761904536237241,-0.5622559522349857,0.6147010257377248,0,0.1145782620252658,1,0,0,0,0,0,0,0,0,0,0,0,1
137,0.6903733883222437,-0.785365729465504,-1.0442505310428574,0.6147010257377248,0,-0.632792225104776,0,0,0,0,1,0,0,0,0,0,0,0,1
95,0.5954685842064011,-0.6255228636459196,-0.8176952131316845,0.8046995246021125,0,-0.4047620859253608,1,0,0,0,0,0,0,0,0,0,0,0,1
61,0.8506607372710999,-0.8671196883049148,-0.6140864249192279,1.1846965223308878,0,-0.5367113448425321,0,1,0,0,0,0,0,0,0,0,0,0,1
18,-2.4343978230082954,1.0177194408864998,0.4521127441273781,-0.14529296971982605,2,1.36221673297879,0,1,0,0,0,0,0,2,0,0,0,0,0
109,-1.6414077047803937,1.4986347749050806,0.9043220990792102,-2.045277958363703,1,1.3916511396447477,1,0,0,0,0,0,1,0,0,0,0,0,0
103,-2.0718162968765546,0.3708976950805329,0.269305075539882,-1.2852839629061523,2,-0.2538657042272534,0,1,0,0,0,0,0,2,0,0,0,0,0
92,0.8445864344413765,-0.8705751691755431,-0.2768351416516325,0.8046995246021125,0,-0.8772362600332224,1,0,0,0,0,0,0,0,0,0,0,0,1
23,-1.8861366533103854,1.2684735019520244,1.2729808069009627,-0.9052869651773768,2,1.360257617355444,0,1,0,0,0,0,0,2,0,0,0,0,1
68,0.7134623319169836,-0.15222737396103334,-0.16937230144714704,-0.5252899674486015,0,0.2980549910027095,0,1,0,0,0,0,0,0,0,0,0,0,1
27,0.5868563428230743,-0.128963105635196,-0.14672158137823135,-1.0952854640417646,0,-0.17626464819040394,0,0,1,0,0,0,0,0,0,0,0,0,1
101,0.7275520198620213,-0.9609850058121482,-0.6735695044943646,0.044705529144561655,0,-1.3098786519978918,1,0,0,0,0,0,0,0,0,0,0,0,1
83,0.7275520198620213,-0.5637364070823583,-1.1515332948201789,0.044705529144561655,0,-0.31157523236981904,0,1,0,0,0,0,0,0,0,0,0,0,1
90,-1.686864809997518,1.466103265290234,0.0976579672697802,0.23470402800894935,2,0.6827538985424192,1,0,0,0,0,0,2,0,0,0,0,0,1
5,-0.45167828223904755,1.1978345167031514,1.8171131704315873,0.23470402800894935,1,1.1056513620922914,0,0,0,1,0,0,0,0,0,1,0,0,1
143,0.636665004955273,-0.6176826362864679,-0.9534319304906913,-1.2852839629061523,0,-0.6542824039982863,0,0,0,0,1,0,0,0,0,0,0,0,1
1,-1.7425855298397428,1.4435683236909782,0.755493055739396,1.754692018924051,2,1.577272546760986,0,0,0,1,0,0,0,0,0,2,0,0,0
133,0.011516665670379445,0.47816069958173024,0.15388538998420156,0.23470402800894935,0,0.20140006335267177,0,0,0,0,1,0,0,0,0,0,0,0,1
137,0.6903733883222437,-0.785365729465504,-1.0442505310428574,0.6147010257377248,0,-0.9741545768515992,0,0,0,0,1,0,0,0,0,0,0,0,1
104,0.5776438242263447,-1.0395741656627533,-1.5218095460448768,0.23470402800894935,0,0.28943958303802875,1,0,0,0,0,0,0,0,0,0,0,0,1
43,-0.5362326291556553,1.3821815505789712,1.456308739033318,0.4247025268733371,1,1.5240223489333438,0,0,1,0,0,0,0,0,1,0,0,0,1
43,-0.5362326291556553,1.3821815505789712,1.456308739033318,0.4247025268733371,1,1.0151417744108036,0,0,1,0,0,0,0,0,1,0,0,0,0
57,0.8414513104002286,-1.5283443989530991,-1.2665670015914527,0.6147010257377248,0,-1.6609568883157624,1,0,0,0,0,0,0,0,0,0,0,0,1
105,0.2782744290039161,-0.384410448702575,0.23238496909487238,0.4247025268733371,0,-0.10168994098023723,1,0,0,0,0,0,0,0,0,0,0,0,1
149,-0.28826545392087316,0.9538533304641673,1.2853374985845787,-0.9052869651773768,0,0.9299978712432163,0,0,0,0,1,0,0,0,0,0,0,0,1
145,-2.297523072029207,1.3377599240336107,1.7801044194955888,-1.2852839629061523,2,0.5824847516300922,0,0,1,0,0,0,0,0,2,0,0,0,0
94,0.8779275295488443,-0.8909817385797031,-0.8887889027719983,-0.33529146858421377,0,-0.9946220089326006,1,0,0,0,0,0,0,0,0,0,0,0,1
105,0.2782744290039161,-0.384410448702575,0.23238496909487238,0.4247025268733371,0,-0.4191325092706227,1,0,0,0,0,0,0,0,0,0,0,0,1
37,-0.14288165029942937,0.5315173616469385,-0.15303395999237152,0.23470402800894935,0,0.7294531175013451,1,0,0,0,0,0,0,0,0,0,0,0,0
61,0.8506607372710999,-0.8671196883049148,-0.6140864249192279,1.1846965223308878,0,0.6189949251013752,0,1,0,0,0,0,0,0,0,0,0,0,1
125,0.8836658726759392,-0.845301563118997,-0.34775545093729304,0.044705529144561655,0,-1.1840986321103852,0,0,0,0,1,0,0,0,0,0,0,0,1
22,0.8623717801079255,-0.8396147420954507,-0.35312544696697257,-1.2852839629061523,0,-1.1924823405396157,0,0,1,0,0,0,0,0,0,0,0,0,1
138,0.8098761325572423,-0.836674845801153,-0.8422281012524391,-1.0952854640417646,0,-0.5579019100541608,0,0,0,0,1,0,0,0,0,0,0,0,1
97,0.5802383111671098,-0.6133000595661697,-0.1405974457680445,-1.2852839629061523,0,-0.5830537791500964,1,0,0,0,0,0,0,0,0,0,0,0,1
103,-2.0718162968765546,0.3708976950805329,0.269305075539882,-1.2852839629061523,2,0.6114094832832185,0,1,0,0,0,0,0,2,0,0,0,0,0
124,0.6540890037452556,-0.8160574649792502,-1.2391588545392942,-0.7152884663129891,0,-0.4143975974858073,0,0,0,0,1,0,0,0,0,0,0,0,1
128,-0.06786942641887178,0.24122995524865057,-0.12649798167401216,-0.9052869651773768,0,0.3857213970794974,0,0,0,0,1,0,0,0,0,0,0,0,1
42,0.8719222867414198,-1.4814140890005991,-1.1392712444449196,-0.7152884663129891,0,-2.527713090863871,0,0,1,0,0,0,0,0,0,0,0,0,1
4,0.8174639659923786,-0.8919133713132138,-0.8631966977018697,-0.7152884663129891,0,-0.37529758541356556,0,0,0,1,0,0,0,0,0,0,0,0,1
88,0.5868563428230743,-0.609900930429728,-0.9578919694679864,-1.0952854640417646,0,0.6024680312242335,0,1,0,0,0,0,0,0,0,0,0,0,0
119,-1.6551616418114246,1.4390779241391296,1.1887650990216085,-0.5252899674486015,2,1.3642775429454468,1,0,0,0,0,0,2,0,0,0,0,0,0
111,-0.6700050794587804,1.543549407313917,1.1701659444693266,-1.8552794594993154,1,1.5113161251993754,1,0,0,0,0,0,1,0,0,0,0,0,0
132,-0.013756060275637085,0.3838628894046642,-0.16758445331811073,-0.14529296971982605,0,0.7662070232486556,0,0,0,0,1,0,0,0,0,0,0,0,1
70,0.7320421401961541,-1.5234907131179805,-1.5084354987500674,0.23470402800894935,0,-1.5486547928714207,0,1,0,0,0,0,0,0,0,0,0,0,1
110,0.4072251158517818,-0.5934627057048354,-0.6739330429991417,-0.14529296971982605,0,-0.7361487166121127,1,0,0,0,0,0,0,0,0,0,0,0,1
49,-2.8306517767246246,0.7355700264671651,0.5936632702315654,1.754692018924051,2,0.9573535910287182,0,0,1,0,0,0,0,0,2,0,0,0,0
111,-0.6700050794587804,1.543549407313917,1.1701659444693266,-1.8552794594993154,1,1.8353230294866314,1,0,0,0,0,0,1,0,0,0,0,0,0
122,-1.476076712217983,2.008145649809295,1.8270131029191168,-1.0952854640417646,2,0.972231973103302,0,0,0,0,1,0,0,0,0,0,2,0,1
28,-0.3652449498354038,0.996586460244493,2.103074662036828,0.044705529144561655,1,0.8723135562335593,0,0,1,0,0,0,0,0,1,0,0,0,1
11,0.8836658726759392,-0.8740654801664903,-0.6658099877571334,0.044705529144561655,0,-1.1818834326752623,0,0,0,1,0,0,0,0,0,0,0,0,1
22,0.8623717801079255,-0.8396147420954507,-0.35312544696697257,-1.2852839629061523,0,-0.37529758541356556,0,0,1,0,0,0,0,0,0,0,0,0,1
134,-1.1483563674384258,1.4644828359650577,1.593681064379727,0.8046995246021125,1,1.0496414216546348,0,0,0,0,1,0,0,0,0,0,1,0,0
25,-1.7628263678899887,1.4498047182125795,0.584622380062202,-0.5252899674486015,2,1.4850450586664072,0,1,0,0,0,0,0,2,0,0,0,0,0
31,-0.6477068319312879,1.323288078781502,2.643086533744072,-1.6652809606349277,1,1.098440604196541,0,0,0,1,0,0,0,0,0,1,0,0,1
80,0.6764769010612613,-0.7904715800807489,-1.5618805353693874,-1.8552794594993154,0,-0.4657523420664681,0,1,0,0,0,0,0,0,0,0,0,0,1
42,0.8719222867414198,-1.4814140890005991,-1.1392712444449196,-0.7152884663129891,0,-1.6220880903280588,0,0,1,0,0,0,0,0,0,0,0,0,1
22,0.8623717801079255,-0.8396147420954507,-0.35312544696697257,-1.2852839629061523,0,-1.0126783140975046,0,0,1,0,0,0,0,0,0,0,0,0,1
23,-1.8861366533103854,1.2684735019520244,1.2729808069009627,-0.9052869651773768,2,1.126507258993864,0,1,0,0,0,0,0,2,0,0,0,0,0
33,0.6011599987965244,-0.6063342631501952,-0.6314189384589611,0.9946980234665002,0,-0.6738629308833866,0,0,1,0,0,0,0,0,0,0,0,0,1
89,0.19688002383044065,0.2573054397215892,-0.2718394827699518,0.8046995246021125,0,0.12639890299505843,0,0,0,1,0,0,0,0,0,0,0,0,0
97,0.5802383111671098,-0.6133000595661697,-0.1405974457680445,-1.2852839629061523,0,-0.43528880019250904,1,0,0,0,0,0,0,0,0,0,0,0,1
86,0.5896547736035872,-0.7775309608791905,-0.5982968799555161,0.6147010257377248,0,0.36767303598720474,0,1,0,0,0,0,0,0,0,0,0,0,0
4,0.8174639659923786,-0.8919133713132138,-0.8631966977018697,-0.7152884663129891,0,-0.582051556094339,0,0,0,1,0,0,0,0,0,0,0,0,1
11,0.8836658726759392,-0.8740654801664903,-0.6658099877571334,0.044705529144561655,0,-0.6146995975981465,0,0,0,1,0,0,0,0,0,0,0,0,1
7,0.19673452778807235,-0.13760846456842266,-0.012840738619519537,-0.14529296971982605,0,-0.2125991316629119,0,0,1,0,0,0,0,0,0,0,0,0,1
120,0.6118243713433028,-0.5441126359700348,-0.5312969821658854,-0.33529146858421377,0,-0.4827501033790255,1,0,0,0,0,0,0,0,0,0,0,0,1
53,0.7449392943473863,-0.9472344072451417,-0.5003318121008618,0.8046995246021125,0,-1.3764348379030698,1,0,0,0,0,0,0,0,0,0,0,0,1
35,0.6011599987965244,-0.6068030014459013,-0.544545466619914,0.9946980234665002,0,-0.45191820068175276,0,0,1,0,0,0,0,0,0,0,0,0,1
139,0.5837145758137556,-0.589336051094232,-0.6046010879164883,0.4247025268733371,0,-0.4290057529480883,0,0,0,0,1,0,0,0,0,0,0,0,1
74,0.7229609979473463,-1.5103695110581181,-1.1802316330172162,-0.14529296971982605,0,-1.3830163985953974,0,0,0,1,0,0,0,0,0,0,0,0,1
135,0.8590329851059717,-1.0932919784839112,-0.4318651669755144,-1.47528246177054,0,-0.9847153612230256,0,0,0,0,1,0,0,0,0,0,0,0,1
56,-2.7501337051038597,0.7573538710448432,1.1620503577838586,-0.14529296971982605,2,0.8498018238924656,1,0,0,0,0,0,2,0,0,0,0,0,0
53,0.7449392943473863,-0.9472344072451417,-0.5003318121008618,0.8046995246021125,0,-0.5021864406795146,1,0,0,0,0,0,0,0,0,0,0,0,1
136,0.2523266582218214,-0.18408511239477296,0.06133515553783667,-1.0952854640417646,0,0.12088854971611447,0,0,0,0,1,0,0,0,0,0,0,0,0
122,-1.476076712217983,2.008145649809295,1.8270131029191168,-1.0952854640417646,2,1.4085416457750253,0,0,0,0,1,0,0,0,0,0,2,0,0
123,0.571438167048103,-0.6840795948613619,-0.9021211614649218,0.044705529144561655,0,-0.5644684225599546,0,0,0,0,1,0,0,0,0,0,0,0,1
83,0.7275520198620213,-0.5637364070823583,-1.1515332948201789,0.044705529144561655,0,-0.672622379561173,0,1,0,0,0,0,0,0,0,0,0,0,1
32,-1.0341189394750192,2.184606312461486,2.4801445704931173,-0.7152884663129891,1,1.7386093359209158,1,0,0,0,0,0,1,0,0,0,0,0,1
137,0.6903733883222437,-0.785365729465504,-1.0442505310428574,0.6147010257377248,0,-0.8214604991016333,0,0,0,0,1,0,0,0,0,0,0,0,1
44,0.10395245939498345,0.5018832971696904,0.07615580763557432,-1.6652809606349277,0,0.34280104953729906,0,0,0,1,0,0,0,0,0,0,0,0,1
20,-2.4217516321998738,1.1199489577150297,2.6280987022231224,-0.33529146858421377,2,0.2631398110983523,0,0,1,0,0,0,0,0,2,0,0,0,0
38,-1.7965354299615945,1.4952750914331256,0.8465973008691576,-0.7152884663129891,2,1.5278234747436492,0,0,1,0,0,0,0,0,2,0,0,0,1
38,-1.7965354299615945,1.4952750914331256,0.8465973008691576,-0.7152884663129891,2,1.3642775429454468,0,0,1,0,0,0,0,0,2,0,0,0,0
112,0.17764706769534208,1.2871149009542924,1.1243285544636878,1.3746950211952755,0,0.9340579147801001,1,0,0,0,0,0,0,0,0,0,0,0,1
75,-0.9536307757207662,1.9969399054105164,1.8021985275224652,2.8946830121103773,1,1.3953224347674875,1,0,0,0,0,0,1,0,0,0,0,0,0
58,0.3112484123582404,-0.13923291907309093,-0.3105121175681538,0.044705529144561655,0,-0.6387118389551506,1,0,0,0,0,0,0,0,0,0,0,0,1
146,0.02374097332904994,0.3971563049073773,0.06930060509945626,0.4247025268733371,0,0.4660783992944808,0,0,0,0,1,0,0,0,0,0,0,0,1
81,0.2925005814966524,0.22433561239885857,-0.21074700583093897,-0.33529146858421377,0,0.6776779760009273,0,1,0,0,0,0,0,0,0,0,0,0,0
119,-1.6551616418114246,1.4390779241391296,1.1887650990216085,-0.5252899674486015,2,0.6277535560178483,1,0,0,0,0,0,2,0,0,0,0,0,0
29,0.8282062919792007,-0.8808244674849,-0.5624359792255084,-0.14529296971982605,0,-1.1840986321103852,0,0,1,0,0,0,0,0,0,0,0,0,1
60,0.5639081468225616,-0.39356127607322594,-0.5054953305423884,1.3746950211952755,0,-0.24099640441863698,1,0,0,0,0,0,0,0,0,0,0,0,1
7,0.19673452778807235,-0.13760846456842266,-0.012840738619519537,-0.14529296971982605,0,0.509723779402899,0,0,1,0,0,0,0,0,0,0,0,0,0
28,-0.3652449498354038,0.996586460244493,2.103074662036828,0.044705529144561655,1,0.7023241483575211,0,0,1,0,0,0,0,0,1,0,0,0,1
18,-2.4343978230082954,1.0177194408864998,0.4521127441273781,-0.14529296971982605,2,0.49880411422083887,0,1,0,0,0,0,0,2,0,0,0,0,0
96,0.8316279217379663,-0.9365823448414491,-0.4407835491983754,0.044705529144561655,0,-0.4786848344574604,1,0,0,0,0,0,0,0,0,0,0,0,1
73,0.5954685842064011,-0.7202236558591159,-0.4782030303955875,0.8046995246021125,0,-0.586664628978523,1,0,0,0,0,0,0,0,0,0,0,0,1
77,-0.6575427035321258,1.7424298157650362,1.8163409156462293,0.23470402800894935,1,0.8630362305737946,0,1,0,0,0,0,0,1,0,0,0,0,0
67,-1.1729209839729045,1.65903663734724,1.5038528877880608,0.6147010257377248,1,1.8073072932107566,0,1,0,0,0,0,0,1,0,0,0,0,0
129,0.636665004955273,-0.7146520815572139,-0.7771776962728781,-1.2852839629061523,0,-0.5852598797309028,0,0,0,0,1,0,0,0,0,0,0,0,1
129,0.636665004955273,-0.7146520815572139,-0.7771776962728781,-1.2852839629061523,0,-0.5852598797309028,0,0,0,0,1,0,0,0,0,0,0,0,1
98,0.699758221626367,-0.9317558249441866,-0.5340336397585176,0.9946980234665002,0,-1.3531239911704993,1,0,0,0,0,0,0,0,0,0,0,0,1
144,0.10309660860634964,-0.008655822412093747,0.31166173817874393,0.044705529144561655,0,0.1534843173271635,0,0,1,0,0,0,0,0,0,0,0,0,0
95,0.5954685842064011,-0.6255228636459196,-0.8176952131316845,0.8046995246021125,0,-0.48081355616840427,1,0,0,0,0,0,0,0,0,0,0,0,1
33,0.6011599987965244,-0.6063342631501952,-0.6314189384589611,0.9946980234665002,0,-0.3654176239794527,0,0,1,0,0,0,0,0,0,0,0,0,1
98,0.699758221626367,-0.9317558249441866,-0.5340336397585176,0.9946980234665002,0,-0.7564998117600239,1,0,0,0,0,0,0,0,0,0,0,0,1
68,0.7134623319169836,-0.15222737396103334,-0.16937230144714704,-0.5252899674486015,0,-0.2619378731511995,0,1,0,0,0,0,0,0,0,0,0,0,1
12,0.8445864344413765,-0.8591353314034568,-0.4076848427469738,0.8046995246021125,0,-0.6248502124184935,0,0,0,1,0,0,0,0,0,0,0,0,1
19,0.41532431423418525,-0.6571303014721108,-0.7501408747855717,0.044705529144561655,0,-0.49459089469492656,0,1,0,0,0,0,0,0,0,0,0,0,1
66,0.7935622906716993,-1.5432498057769413,-1.4771114080245087,-1.8552794594993154,0,-1.6220880903280588,0,1,0,0,0,0,0,0,0,0,0,0,1
129,0.636665004955273,-0.7146520815572139,-0.7771776962728781,-1.2852839629061523,0,-0.3459421437233373,0,0,0,0,1,0,0,0,0,0,0,0,1
111,-0.6700050794587804,1.543549407313917,1.1701659444693266,-1.8552794594993154,1,1.3682919498650719,1,0,0,0,0,0,1,0,0,0,0,0,1
72,-0.8119410195019346,1.5684677119960315,1.8939026463982478,0.23470402800894935,1,1.5157206842203463,0,1,0,0,0,0,0,1,0,0,0,0,0
73,0.5954685842064011,-0.7202236558591159,-0.4782030303955875,0.8046995246021125,0,-0.5452087325277153,1,0,0,0,0,0,0,0,0,0,0,0,1
61,0.8506607372710999,-0.8671196883049148,-0.6140864249192279,1.1846965223308878,0,-0.6248502124184935,0,1,0,0,0,0,0,0,0,0,0,0,1
91,0.30197982181992733,-0.20291795588207354,-0.2588889040503444,-0.14529296971982605,0,-0.6871283289938064,1,0,0,0,0,0,0,0,0,0,0,0,1
144,0.10309660860634964,-0.008655822412093747,0.31166173817874393,0.044705529144561655,0,-0.09489582504941428,0,0,1,0,0,0,0,0,0,0,0,0,1
100,0.749518392531599,-1.006279002020887,-1.2034575986084581,-1.2852839629061523,0,-0.8705928959160799,1,0,0,0,0,0,0,0,0,0,0,0,1
71,0.39617430401842063,-0.5265553816936333,-0.6520679608564841,0.8046995246021125,0,-0.49303526961173993,0,1,0,0,0,0,0,0,0,0,0,0,1
109,-1.6414077047803937,1.4986347749050806,0.9043220990792102,-2.045277958363703,1,1.3178683309867714,1,0,0,0,0,0,1,0,0,0,0,0,1
16,0.21959235036825592,1.2561008669520632,0.5017135098894712,-1.6652809606349277,0,0.9017806094605461,0,0,1,0,0,0,0,0,0,0,0,0,0
132,-0.013756060275637085,0.3838628894046642,-0.16758445331811073,-0.14529296971982605,0,0.40623302675865447,0,0,0,0,1,0,0,0,0,0,0,0,1
130,0.7630056452433375,-1.1133002572992534,-0.5927498925862508,-0.7152884663129891,0,-0.9429258818108978,0,0,0,0,1,0,0,0,0,0,0,0,1
4,0.8174639659923786,-0.8919133713132138,-0.8631966977018697,-0.7152884663129891,0,-0.5367113448425321,0,0,0,1,0,0,0,0,0,0,0,0,1
103,-2.0718162968765546,0.3708976950805329,0.269305075539882,-1.2852839629061523,2,0.41664878791007753,0,1,0,0,0,0,0,2,0,0,0,0,1
79,-0.06786942641887178,0.36944756736185524,-0.2042326804366343,-0.9052869651773768,0,0.2749740890938811,1,0,0,0,0,0,0,0,0,0,0,0,1
16,0.21959235036825592,1.2561008669520632,0.5017135098894712,-1.6652809606349277,0,1.4813858077043105,0,0,1,0,0,0,0,0,0,0,0,0,0
98,0.699758221626367,-0.9317558249441866,-0.5340336397585176,0.9946980234665002,0,-0.4786848344574604,1,0,0,0,0,0,0,0,0,0,0,0,1
150,0.3449995673040472,-0.2984901021510301,-0.089671566242416,-1.47528246177054,0,-0.19955808206034137,0,0,0,0,1,0,0,0,0,0,0,0,1
88,0.5868563428230743,-0.609900930429728,-0.9578919694679864,-1.0952854640417646,0,-0.4649820592352366,0,1,0,0,0,0,0,0,0,0,0,0,1
7,0.19673452778807235,-0.13760846456842266,-0.012840738619519537,-0.14529296971982605,0,-0.3646733195067975,0,0,1,0,0,0,0,0,0,0,0,0,1
125,0.8836658726759392,-0.845301563118997,-0.34775545093729304,0.044705529144561655,0,-0.5936985154902521,0,0,0,0,1,0,0,0,0,0,0,0,1
87,0.3291811201388895,-0.5441181906402285,-0.6788569831328753,0.4247025268733371,0,-0.5559149655045513,0,1,0,0,0,0,0,0,0,0,0,0,1
35,0.6011599987965244,-0.6068030014459013,-0.544545466619914,0.9946980234665002,0,-1.0984473962022683,0,0,1,0,0,0,0,0,0,0,0,0,1
119,-1.6551616418114246,1.4390779241391296,1.1887650990216085,-0.5252899674486015,2,0.6277535560178483,1,0,0,0,0,0,2,0,0,0,0,0,0
132,-0.013756060275637085,0.3838628894046642,-0.16758445331811073,-0.14529296971982605,0,0.49436932864110106,0,0,0,0,1,0,0,0,0,0,0,0,1
53,0.7449392943473863,-0.9472344072451417,-0.5003318121008618,0.8046995246021125,0,-1.6470776042061326,1,0,0,0,0,0,0,0,0,0,0,0,1
107,-0.7904156161072389,2.1470811184540333,1.698761831375732,-2.805271953821254,1,2.565855232610489,1,0,0,0,0,0,1,0,0,0,0,0,1
130,0.7630056452433375,-1.1133002572992534,-0.5927498925862508,-0.7152884663129891,0,-0.8644060103474139,0,0,0,0,1,0,0,0,0,0,0,0,1
69,0.5456450141594062,-0.6164158115977786,-0.7721737910156989,0.8046995246021125,0,-0.2678716580606958,0,1,0,0,0,0,0,0,0,0,0,0,1
29,0.8282062919792007,-0.8808244674849,-0.5624359792255084,-0.14529296971982605,0,-0.9113541965955824,0,0,1,0,0,0,0,0,0,0,0,0,1
49,-2.8306517767246246,0.7355700264671651,0.5936632702315654,1.754692018924051,2,0.6994809919048968,0,0,1,0,0,0,0,0,2,0,0,0,0
126,0.27288075850196764,-0.008865798446604262,0.10985525972984662,-0.7152884663129891,0,-0.14589539022800474,0,0,0,0,1,0,0,0,0,0,0,0,1
99,0.6951157243003914,-0.9436623991337402,-0.7024983918234182,0.8046995246021125,0,-1.6235184998762977,1,0,0,0,0,0,0,0,0,0,0,0,1
10,0.8944100044883714,-0.9042156872234491,-0.570120787160374,0.8046995246021125,0,-0.6248502124184935,0,0,0,1,0,0,0,0,0,0,0,0,1
105,0.2782744290039161,-0.384410448702575,0.23238496909487238,0.4247025268733371,0,-0.10168994098023723,1,0,0,0,0,0,0,0,0,0,0,0,1
28,-0.3652449498354038,0.996586460244493,2.103074662036828,0.044705529144561655,1,1.9769463913051406,0,0,1,0,0,0,0,0,1,0,0,0,0
74,0.7229609979473463,-1.5103695110581181,-1.1802316330172162,-0.14529296971982605,0,-1.6015674013343646,0,0,0,1,0,0,0,0,0,0,0,0,1
76,0.1408167633547376,0.49801409431163635,0.2718437585817132,-1.0952854640417646,0,0.9841038738155685,0,1,0,0,0,0,0,0,0,0,0,0,0
107,-0.7904156161072389,2.1470811184540333,1.698761831375732,-2.805271953821254,1,0.9032281069809827,1,0,0,0,0,0,1,0,0,0,0,0,1
97,0.5802383111671098,-0.6133000595661697,-0.1405974457680445,-1.2852839629061523,0,-0.43528880019250904,1,0,0,0,0,0,0,0,0,0,0,0,1
133,0.011516665670379445,0.47816069958173024,0.15388538998420156,0.23470402800894935,0,0.25803179859113207,0,0,0,0,1,0,0,0,0,0,0,0,1
91,0.30197982181992733,-0.20291795588207354,-0.2588889040503444,-0.14529296971982605,0,-0.15038749395986498,1,0,0,0,0,0,0,0,0,0,0,0,1
56,-2.7501337051038597,0.7573538710448432,1.1620503577838586,-0.14529296971982605,2,0.930475816111056,1,0,0,0,0,0,2,0,0,0,0,0,0
14,-0.7618273357298131,1.582321823073024,1.3386654494707158,-0.7152884663129891,1,1.2468971673956375,0,0,1,0,0,0,0,0,1,0,0,0,1
133,0.011516665670379445,0.47816069958173024,0.15388538998420156,0.23470402800894935,0,0.8786442836082106,0,0,0,0,1,0,0,0,0,0,0,0,1
57,0.8414513104002286,-1.5283443989530991,-1.2665670015914527,0.6147010257377248,0,-1.5978775760105133,1,0,0,0,0,0,0,0,0,0,0,0,1
121,0.8282062919792007,-0.851095731236515,-0.3735646324671911,-0.14529296971982605,0,-0.582051556094339,1,0,0,0,0,0,0,0,0,0,0,0,1
91,0.30197982181992733,-0.20291795588207354,-0.2588889040503444,-0.14529296971982605,0,-0.6207857372611594,1,0,0,0,0,0,0,0,0,0,0,0,1
103,-2.0718162968765546,0.3708976950805329,0.269305075539882,-1.2852839629061523,2,1.8892710449946912,0,1,0,0,0,0,0,2,0,0,0,0,1
62,0.7131172445439711,-0.5227263011585528,-0.8184503332202685,1.5646935200596632,0,-0.6748971258300321,0,1,0,0,0,0,0,0,0,0,0,0,1
108,-0.5785143810257847,0.9937179674315499,1.0592202097888943,-0.5252899674486015,1,0.4193536656590877,1,0,0,0,0,0,1,0,0,0,0,0,1
88,0.5868563428230743,-0.609900930429728,-0.9578919694679864,-1.0952854640417646,0,-0.6889986112329156,0,1,0,0,0,0,0,0,0,0,0,0,1
100,0.749518392531599,-1.006279002020887,-1.2034575986084581,-1.2852839629061523,0,-0.9440597707627015,1,0,0,0,0,0,0,0,0,0,0,0,1
116,0.3178236217096313,-0.16359767667756062,-0.31680944558207025,-0.9052869651773768,0,-0.07275495750453133,1,0,0,0,0,0,0,0,0,0,0,0,1
10,0.8944100044883714,-0.9042156872234491,-0.570120787160374,0.8046995246021125,0,-0.5367113448425321,0,0,0,1,0,0,0,0,0,0,0,0,1
53,0.7449392943473863,-0.9472344072451417,-0.5003318121008618,0.8046995246021125,0,-0.6678718023435204,1,0,0,0,0,0,0,0,0,0,0,0,1
68,0.7134623319169836,-0.15222737396103334,-0.16937230144714704,-0.5252899674486015,0,0.014496094344214859,0,1,0,0,0,0,0,0,0,0,0,0,1
113,0.23927994985554413,-0.1777783432435181,0.3065056136374489,-0.33529146858421377,0,-0.3850236837635037,1,0,0,0,0,0,0,0,0,0,0,0,0
96,0.8316279217379663,-0.9365823448414491,-0.4407835491983754,0.044705529144561655,0,-1.2973103134639286,1,0,0,0,0,0,0,0,0,0,0,0,1
134,-1.1483563674384258,1.4644828359650577,1.593681064379727,0.8046995246021125,1,1.9009540605542024,0,0,0,0,1,0,0,0,0,0,1,0,0
147,-0.9041758586796569,1.7324680759636433,2.261208193243707,-1.8552794594993154,1,1.9158337065078326,0,0,0,1,0,0,0,0,0,1,0,0,0
82,0.43099450240883586,-0.49403836800935974,-0.2876567344431154,0.4247025268733371,0,-0.4425405871685061,0,1,0,0,0,0,0,0,0,0,0,0,1
47,-2.5046840203435257,0.6818492256678579,0.5827053507963547,0.9946980234665002,2,0.8495561765316719,1,0,0,0,0,0,2,0,0,0,0,0,0
20,-2.4217516321998738,1.1199489577150297,2.6280987022231224,-0.33529146858421377,2,0.7295810934387463,0,0,1,0,0,0,0,0,2,0,0,0,0
50,0.41095822980262053,-0.23896483537564048,-0.5632507939667125,-1.2852839629061523,0,-0.6871283289938064,1,0,0,0,0,0,0,0,0,0,0,0,1
59,0.6243319687747093,-0.7343586820128495,-1.0351599987055027,-1.6652809606349277,0,-0.3348712590413754,1,0,0,0,0,0,0,0,0,0,0,0,1
8,0.87495942103483,-0.8984325713737316,-0.5130526742349769,-0.5252899674486015,0,-1.5104151033334305,0,0,1,0,0,0,0,0,0,0,0,0,1
9,0.37292262858513153,-0.49504293376147385,-0.26843925490163933,-0.9052869651773768,0,-0.4957581568411524,0,0,0,1,0,0,0,0,0,0,0,0,1
135,0.8590329851059717,-1.0932919784839112,-0.4318651669755144,-1.47528246177054,0,-0.921465112055533,0,0,0,0,1,0,0,0,0,0,0,0,1
116,0.3178236217096313,-0.16359767667756062,-0.31680944558207025,-0.9052869651773768,0,-0.08439604292041018,1,0,0,0,0,0,0,0,0,0,0,0,1
71,0.39617430401842063,-0.5265553816936333,-0.6520679608564841,0.8046995246021125,0,-0.6588051900507497,0,1,0,0,0,0,0,0,0,0,0,0,1
132,-0.013756060275637085,0.3838628894046642,-0.16758445331811073,-0.14529296971982605,0,0.5431951505349,0,0,0,0,1,0,0,0,0,0,0,0,1
25,-1.7628263678899887,1.4498047182125795,0.584622380062202,-0.5252899674486015,2,1.3079094517912808,0,1,0,0,0,0,0,2,0,0,0,0,0
61,0.8506607372710999,-0.8671196883049148,-0.6140864249192279,1.1846965223308878,0,-0.6342200006200504,0,1,0,0,0,0,0,0,0,0,0,0,1
131,0.7795899707999938,-0.9387925848847133,-0.4271797432259956,0.044705529144561655,0,-0.21436590483076506,0,1,0,0,0,0,0,0,0,0,0,0,0
22,0.8623717801079255,-0.8396147420954507,-0.35312544696697257,-1.2852839629061523,0,-0.5936985154902521,0,0,1,0,0,0,0,0,0,0,0,0,1
62,0.7131172445439711,-0.5227263011585528,-0.8184503332202685,1.5646935200596632,0,-1.0010909388894653,0,1,0,0,0,0,0,0,0,0,0,0,1
32,-1.0341189394750192,2.184606312461486,2.4801445704931173,-0.7152884663129891,1,1.5618130734092388,1,0,0,0,0,0,1,0,0,0,0,0,1
56,-2.7501337051038597,0.7573538710448432,1.1620503577838586,-0.14529296971982605,2,1.0426360041833376,1,0,0,0,0,0,2,0,0,0,0,0,0
18,-2.4343978230082954,1.0177194408864998,0.4521127441273781,-0.14529296971982605,2,-1.6540090117328308,0,1,0,0,0,0,0,2,0,0,0,0,0
45,-2.8517285660606486,0.7266761270872851,0.7627815300785532,2.324687515517214,2,0.20859665033439054,0,0,1,0,0,0,0,0,2,0,0,0,0
11,0.8836658726759392,-0.8740654801664903,-0.6658099877571334,0.044705529144561655,0,-0.8435118078630077,0,0,0,1,0,0,0,0,0,0,0,0,1
59,0.6243319687747093,-0.7343586820128495,-1.0351599987055027,-1.6652809606349277,0,-0.7673692164427254,1,0,0,0,0,0,0,0,0,0,0,0,1
41,-0.36097776354714145,0.9301598485369481,1.3561384079006145,-1.0952854640417646,0,0.7377599256037094,0,0,1,0,0,0,0,0,0,0,0,0,1
64,0.7873413403536483,-1.4919267395728504,-1.0766909350482308,0.4247025268733371,0,-2.1991466185850777,0,1,0,0,0,0,0,0,0,0,0,0,1
96,0.8316279217379663,-0.9365823448414491,-0.4407835491983754,0.044705529144561655,0,-1.645059034699605,1,0,0,0,0,0,0,0,0,0,0,0,1
94,0.8779275295488443,-0.8909817385797031,-0.8887889027719983,-0.33529146858421377,0,-0.6952415388414604,1,0,0,0,0,0,0,0,0,0,0,0,1
147,-0.9041758586796569,1.7324680759636433,2.261208193243707,-1.8552794594993154,1,1.2152024520479068,0,0,0,1,0,0,0,0,0,1,0,0,0
19,0.41532431423418525,-0.6571303014721108,-0.7501408747855717,0.044705529144561655,0,-0.8086555664280265,0,1,0,0,0,0,0,0,0,0,0,0,1
56,-2.7501337051038597,0.7573538710448432,1.1620503577838586,-0.14529296971982605,2,0.6961173300417199,1,0,0,0,0,0,2,0,0,0,0,0,0
2,0.7873413403536483,-1.5406960664772213,-1.3308391136178341,0.4247025268733371,0,-1.8572444547395923,0,0,0,1,0,0,0,0,0,0,0,0,1
30,0.8994463162754491,-1.1530952875169582,-1.1322444734329258,1.1846965223308878,0,-0.8166792199995808,0,0,1,0,0,0,0,0,0,0,0,0,1
21,-2.7676530217861797,0.6985240642502534,0.31180836380932325,0.23470402800894935,2,0.8498018238924656,0,0,0,1,0,0,0,0,0,2,0,0,0
150,0.3449995673040472,-0.2984901021510301,-0.089671566242416,-1.47528246177054,0,-0.18045427748735185,0,0,0,0,1,0,0,0,0,0,0,0,1
44,0.10395245939498345,0.5018832971696904,0.07615580763557432,-1.6652809606349277,0,0.7781885667074452,0,0,0,1,0,0,0,0,0,0,0,0,1
56,-2.7501337051038597,0.7573538710448432,1.1620503577838586,-0.14529296971982605,2,0.5155126114031782,1,0,0,0,0,0,2,0,0,0,0,0,0
49,-2.8306517767246246,0.7355700264671651,0.5936632702315654,1.754692018924051,2,0.6961173300417199,0,0,1,0,0,0,0,0,2,0,0,0,0
130,0.7630056452433375,-1.1133002572992534,-0.5927498925862508,-0.7152884663129891,0,-1.0908055823148393,0,0,0,0,1,0,0,0,0,0,0,0,1
60,0.5639081468225616,-0.39356127607322594,-0.5054953305423884,1.3746950211952755,0,-0.5205751486573563,1,0,0,0,0,0,0,0,0,0,0,0,1
78,-0.49186887080798847,1.5982034292388005,1.4417259435401013,-1.2852839629061523,1,2.0048799225584677,0,1,0,0,0,0,0,1,0,0,0,0,0
16,0.21959235036825592,1.2561008669520632,0.5017135098894712,-1.6652809606349277,0,1.3770222500011353,0,0,1,0,0,0,0,0,0,0,0,0,1
58,0.3112484123582404,-0.13923291907309093,-0.3105121175681538,0.044705529144561655,0,-0.06838045492172672,1,0,0,0,0,0,0,0,0,0,0,0,1
52,0.4115905262319561,-0.46252089123866197,-0.12288851185595892,1.1846965223308878,0,-0.44502559600281477,0,0,1,0,0,0,0,0,0,0,0,0,1
95,0.5954685842064011,-0.6255228636459196,-0.8176952131316845,0.8046995246021125,0,-0.44349610989737803,1,0,0,0,0,0,0,0,0,0,0,0,1
59,0.6243319687747093,-0.7343586820128495,-1.0351599987055027,-1.6652809606349277,0,-0.5742459827887958,1,0,0,0,0,0,0,0,0,0,0,0,1
96,0.8316279217379663,-0.9365823448414491,-0.4407835491983754,0.044705529144561655,0,-1.3531239911704993,1,0,0,0,0,0,0,0,0,0,0,0,1
71,0.39617430401842063,-0.5265553816936333,-0.6520679608564841,0.8046995246021125,0,-0.828211052914354,0,1,0,0,0,0,0,0,0,0,0,0,1
100,0.749518392531599,-1.006279002020887,-1.2034575986084581,-1.2852839629061523,0,-0.835632849236466,1,0,0,0,0,0,0,0,0,0,0,0,1
65,0.8316279217379663,-0.8351742574545239,-0.6081633840025297,0.044705529144561655,0,-0.6342200006200504,0,1,0,0,0,0,0,0,0,0,0,0,1
1,-1.7425855298397428,1.4435683236909782,0.755493055739396,1.754692018924051,2,1.404683745868709,0,0,0,1,0,0,0,0,0,2,0,0,0
144,0.10309660860634964,-0.008655822412093747,0.31166173817874393,0.044705529144561655,0,0.4566805989457567,0,0,1,0,0,0,0,0,0,0,0,0,0
23,-1.8861366533103854,1.2684735019520244,1.2729808069009627,-0.9052869651773768,2,0.8585089627404795,0,1,0,0,0,0,0,2,0,0,0,0,0
120,0.6118243713433028,-0.5441126359700348,-0.5312969821658854,-0.33529146858421377,0,-0.4615182952568739,1,0,0,0,0,0,0,0,0,0,0,0,1
78,-0.49186887080798847,1.5982034292388005,1.4417259435401013,-1.2852839629061523,1,1.4716715531517408,0,1,0,0,0,0,0,1,0,0,0,0,0
128,-0.06786942641887178,0.24122995524865057,-0.12649798167401216,-0.9052869651773768,0,-0.36188386381385956,0,0,0,0,1,0,0,0,0,0,0,0,1
76,0.1408167633547376,0.49801409431163635,0.2718437585817132,-1.0952854640417646,0,-0.16929524447145186,0,1,0,0,0,0,0,0,0,0,0,0,1
103,-2.0718162968765546,0.3708976950805329,0.269305075539882,-1.2852839629061523,2,0.5269188553005997,0,1,0,0,0,0,0,2,0,0,0,0,1
6,0.1719788116721598,0.05240828769427301,-0.16026262363182758,-2.4252749560924785,0,-0.026980084624031717,0,0,0,1,0,0,0,0,0,0,0,0,1
135,0.8590329851059717,-1.0932919784839112,-0.4318651669755144,-1.47528246177054,0,-1.757004681838704,0,0,0,0,1,0,0,0,0,0,0,0,1
94,0.8779275295488443,-0.8909817385797031,-0.8887889027719983,-0.33529146858421377,0,-0.5367113448425321,1,0,0,0,0,0,0,0,0,0,0,0,1
142,0.20762560795863036,-0.22174690730544638,-0.4173018343601306,-0.9052869651773768,0,-0.035279892027226124,0,0,0,0,1,0,0,0,0,0,0,0,1
86,0.5896547736035872,-0.7775309608791905,-0.5982968799555161,0.6147010257377248,0,-0.9718637924170455,0,1,0,0,0,0,0,0,0,0,0,0,1
32,-1.0341189394750192,2.184606312461486,2.4801445704931173,-0.7152884663129891,1,1.4316834262407376,1,0,0,0,0,0,1,0,0,0,0,0,0
119,-1.6551616418114246,1.4390779241391296,1.1887650990216085,-0.5252899674486015,2,1.0275346208193834,1,0,0,0,0,0,2,0,0,0,0,0,1
121,0.8282062919792007,-0.851095731236515,-0.3735646324671911,-0.14529296971982605,0,-0.6342200006200504,1,0,0,0,0,0,0,0,0,0,0,0,1
134,-1.1483563674384258,1.4644828359650577,1.593681064379727,0.8046995246021125,1,1.2163945156585652,0,0,0,0,1,0,0,0,0,0,1,0,0
59,0.6243319687747093,-0.7343586820128495,-1.0351599987055027,-1.6652809606349277,0,-0.3348712590413754,1,0,0,0,0,0,0,0,0,0,0,0,1
120,0.6118243713433028,-0.5441126359700348,-0.5312969821658854,-0.33529146858421377,0,-0.4469385793113591,1,0,0,0,0,0,0,0,0,0,0,0,1
52,0.4115905262319561,-0.46252089123866197,-0.12288851185595892,1.1846965223308878,0,-0.43071797287472424,0,0,1,0,0,0,0,0,0,0,0,0,1
105,0.2782744290039161,-0.384410448702575,0.23238496909487238,0.4247025268733371,0,-0.36374320525194653,1,0,0,0,0,0,0,0,0,0,0,0,1
124,0.6540890037452556,-0.8160574649792502,-1.2391588545392942,-0.7152884663129891,0,-0.632792225104776,0,0,0,0,1,0,0,0,0,0,0,0,1
72,-0.8119410195019346,1.5684677119960315,1.8939026463982478,0.23470402800894935,1,1.5907447806106803,0,1,0,0,0,0,0,1,0,0,0,0,1
108,-0.5785143810257847,0.9937179674315499,1.0592202097888943,-0.5252899674486015,1,1.4976688837084082,1,0,0,0,0,0,1,0,0,0,0,0,0
51,0.4603761052363052,-0.2619855889323155,-0.6336115049159111,1.1846965223308878,0,-0.3093835993789686,1,0,0,0,0,0,0,0,0,0,0,0,1
82,0.43099450240883586,-0.49403836800935974,-0.2876567344431154,0.4247025268733371,0,-0.4872090350061956,0,1,0,0,0,0,0,0,0,0,0,0,1
82,0.43099450240883586,-0.49403836800935974,-0.2876567344431154,0.4247025268733371,0,-0.42083895610980593,0,1,0,0,0,0,0,0,0,0,0,0,1
83,0.7275520198620213,-0.5637364070823583,-1.1515332948201789,0.044705529144561655,0,-0.228893851517803,0,1,0,0,0,0,0,0,0,0,0,0,1
122,-1.476076712217983,2.008145649809295,1.8270131029191168,-1.0952854640417646,2,1.3574713511311525,0,0,0,0,1,0,0,0,0,0,2,0,0
129,0.636665004955273,-0.7146520815572139,-0.7771776962728781,-1.2852839629061523,0,-0.8201557383834043,0,0,0,0,1,0,0,0,0,0,0,0,1
130,0.7630056452433375,-1.1133002572992534,-0.5927498925862508,-0.7152884663129891,0,-0.9420190871122128,0,0,0,0,1,0,0,0,0,0,0,0,1
142,0.20762560795863036,-0.22174690730544638,-0.4173018343601306,-0.9052869651773768,0,-0.014739441260441948,0,0,0,0,1,0,0,0,0,0,0,0,1
81,0.2925005814966524,0.22433561239885857,-0.21074700583093897,-0.33529146858421377,0,0.35111523956661955,0,1,0,0,0,0,0,0,0,0,0,0,1
26,-1.7158982377047827,1.8471569501199987,1.7057295448363428,0.9946980234665002,2,1.6619389954194173,0,0,1,0,0,0,0,0,2,0,0,0,0
61,0.8506607372710999,-0.8671196883049148,-0.6140864249192279,1.1846965223308878,0,-0.541055760551514,0,1,0,0,0,0,0,0,0,0,0,0,1
140,0.8211270579955481,-1.127551348708158,-1.0601330941468274,-0.5252899674486015,0,-1.0908055823148393,0,0,0,0,1,0,0,0,0,0,0,0,1
47,-2.5046840203435257,0.6818492256678579,0.5827053507963547,0.9946980234665002,2,0.40623302675865447,1,0,0,0,0,0,2,0,0,0,0,0,0
63,0.7229609979473463,-0.10936015689958539,-0.12096587909777386,-0.14529296971982605,0,-0.1291970220911031,0,1,0,0,0,0,0,0,0,0,0,0,1
87,0.3291811201388895,-0.5441181906402285,-0.6788569831328753,0.4247025268733371,0,-0.6289203448609112,0,1,0,0,0,0,0,0,0,0,0,0,1
38,-1.7965354299615945,1.4952750914331256,0.8465973008691576,-0.7152884663129891,2,1.078632419850906,0,0,1,0,0,0,0,0,2,0,0,0,1
88,0.5868563428230743,-0.609900930429728,-0.9578919694679864,-1.0952854640417646,0,-0.5363167178269341,0,1,0,0,0,0,0,0,0,0,0,0,1
59,0.6243319687747093,-0.7343586820128495,-1.0351599987055027,-1.6652809606349277,0,-0.3348712590413754,1,0,0,0,0,0,0,0,0,0,0,0,1
45,-2.8517285660606486,0.7266761270872851,0.7627815300785532,2.324687515517214,2,0.6961173300417199,0,0,1,0,0,0,0,0,2,0,0,0,0
144,0.10309660860634964,-0.008655822412093747,0.31166173817874393,0.044705529144561655,0,0.01759954596589156,0,0,1,0,0,0,0,0,0,0,0,0,1
69,0.5456450141594062,-0.6164158115977786,-0.7721737910156989,0.8046995246021125,0,-0.13899790812644644,0,1,0,0,0,0,0,0,0,0,0,0,0
49,-2.8306517767246246,0.7355700264671651,0.5936632702315654,1.754692018924051,2,0.3185995360315559,0,0,1,0,0,0,0,0,2,0,0,0,0
23,-1.8861366533103854,1.2684735019520244,1.2729808069009627,-0.9052869651773768,2,1.7891925718648345,0,1,0,0,0,0,0,2,0,0,0,0,1
119,-1.6551616418114246,1.4390779241391296,1.1887650990216085,-0.5252899674486015,2,0.6546610070800198,1,0,0,0,0,0,2,0,0,0,0,0,0
52,0.4115905262319561,-0.46252089123866197,-0.12288851185595892,1.1846965223308878,0,-0.37884760261850076,0,0,1,0,0,0,0,0,0,0,0,0,1
12,0.8445864344413765,-0.8591353314034568,-0.4076848427469738,0.8046995246021125,0,-0.5936985154902521,0,0,0,1,0,0,0,0,0,0,0,0,1
111,-0.6700050794587804,1.543549407313917,1.1701659444693266,-1.8552794594993154,1,1.7730257026754215,1,0,0,0,0,0,1,0,0,0,0,0,1
71,0.39617430401842063,-0.5265553816936333,-0.6520679608564841,0.8046995246021125,0,-0.6588051900507497,0,1,0,0,0,0,0,0,0,0,0,0,1
30,0.8994463162754491,-1.1530952875169582,-1.1322444734329258,1.1846965223308878,0,-1.5214476996355537,0,0,1,0,0,0,0,0,0,0,0,0,1
85,-0.6431577254499988,1.6644709085746359,1.47068889288518,1.3746950211952755,1,1.7003877130409093,0,1,0,0,0,0,0,1,0,0,0,0,1
83,0.7275520198620213,-0.5637364070823583,-1.1515332948201789,0.044705529144561655,0,0.7525260024708933,0,1,0,0,0,0,0,0,0,0,0,0,0
95,0.5954685842064011,-0.6255228636459196,-0.8176952131316845,0.8046995246021125,0,-0.22498901961825263,1,0,0,0,0,0,0,0,0,0,0,0,1
11,0.8836658726759392,-0.8740654801664903,-0.6658099877571334,0.044705529144561655,0,-0.5579019100541608,0,0,0,1,0,0,0,0,0,0,0,0,1
24,-2.344122048566307,0.793312820011672,0.8280969369076001,0.8046995246021125,2,0.9703468455591258,0,0,1,0,0,0,0,0,2,0,0,0,0
10,0.8944100044883714,-0.9042156872234491,-0.570120787160374,0.8046995246021125,0,-0.5936985154902521,0,0,0,1,0,0,0,0,0,0,0,0,1
15,-1.0662090005941842,1.6282472257747163,0.9084553795449245,-0.14529296971982605,1,2.3022392177915774,0,0,1,0,0,0,0,0,1,0,0,0,1
79,-0.06786942641887178,0.36944756736185524,-0.2042326804366343,-0.9052869651773768,0,0.5266445285326186,1,0,0,0,0,0,0,0,0,0,0,0,1
73,0.5954685842064011,-0.7202236558591159,-0.4782030303955875,0.8046995246021125,0,-0.828211052914354,1,0,0,0,0,0,0,0,0,0,0,0,1
108,-0.5785143810257847,0.9937179674315499,1.0592202097888943,-0.5252899674486015,1,1.101597498899838,1,0,0,0,0,0,1,0,0,0,0,0,1
89,0.19688002383044065,0.2573054397215892,-0.2718394827699518,0.8046995246021125,0,-0.015234688307297826,0,0,0,1,0,0,0,0,0,0,0,0,1
112,0.17764706769534208,1.2871149009542924,1.1243285544636878,1.3746950211952755,0,1.263149816355168,1,0,0,0,0,0,0,0,0,0,0,0,1
88,0.5868563428230743,-0.609900930429728,-0.9578919694679864,-1.0952854640417646,0,-0.33413468821099124,0,1,0,0,0,0,0,0,0,0,0,0,1
40,0.7947628643943812,-1.1178728649985321,-0.8323861883069975,0.8046995246021125,0,-0.8644060103474139,0,0,1,0,0,0,0,0,0,0,0,0,1
99,0.6951157243003914,-0.9436623991337402,-0.7024983918234182,0.8046995246021125,0,-1.2973103134639286,1,0,0,0,0,0,0,0,0,0,0,0,1
123,0.571438167048103,-0.6840795948613619,-0.9021211614649218,0.044705529144561655,0,-0.5644684225599546,0,0,0,0,1,0,0,0,0,0,0,0,1
76,0.1408167633547376,0.49801409431163635,0.2718437585817132,-1.0952854640417646,0,0.9841038738155685,0,1,0,0,0,0,0,0,0,0,0,0,0
117,0.698366237690158,-0.997379566363776,-1.1364031117008466,-1.0952854640417646,0,-1.1121090424874114,1,0,0,0,0,0,0,0,0,0,0,0,1
69,0.5456450141594062,-0.6164158115977786,-0.7721737910156989,0.8046995246021125,0,0.7265081240541009,0,1,0,0,0,0,0,0,0,0,0,0,1
62,0.7131172445439711,-0.5227263011585528,-0.8184503332202685,1.5646935200596632,0,-0.6448482139990492,0,1,0,0,0,0,0,0,0,0,0,0,1
91,0.30197982181992733,-0.20291795588207354,-0.2588889040503444,-0.14529296971982605,0,-0.014739441260441948,1,0,0,0,0,0,0,0,0,0,0,0,1
149,-0.28826545392087316,0.9538533304641673,1.2853374985845787,-0.9052869651773768,0,1.0957319792113744,0,0,0,0,1,0,0,0,0,0,0,0,1
100,0.749518392531599,-1.006279002020887,-1.2034575986084581,-1.2852839629061523,0,-0.835632849236466,1,0,0,0,0,0,0,0,0,0,0,0,1
118,-1.9971101542298264,0.8931602193651963,0.5906525920214545,-2.045277958363703,2,0.3660794345212872,1,0,0,0,0,0,2,0,0,0,0,0,1
103,-2.0718162968765546,0.3708976950805329,0.269305075539882,-1.2852839629061523,2,-0.2538657042272534,0,1,0,0,0,0,0,2,0,0,0,0,0
6,0.1719788116721598,0.05240828769427301,-0.16026262363182758,-2.4252749560924785,0,-0.5241096207006679,0,0,0,1,0,0,0,0,0,0,0,0,1
111,-0.6700050794587804,1.543549407313917,1.1701659444693266,-1.8552794594993154,1,1.3587100194462522,1,0,0,0,0,0,1,0,0,0,0,0,1
96,0.8316279217379663,-0.9365823448414491,-0.4407835491983754,0.044705529144561655,0,-1.3531239911704993,1,0,0,0,0,0,0,0,0,0,0,0,1
81,0.2925005814966524,0.22433561239885857,-0.21074700583093897,-0.33529146858421377,0,0.5696720711580664,0,1,0,0,0,0,0,0,0,0,0,0,1
46,0.5194002161101307,-0.6337818278746727,-0.9679701560557576,0.044705529144561655,0,-0.5832542649875578,0,0,1,0,0,0,0,0,0,0,0,0,1
115,0.5837145758137556,-0.6097811663211553,-0.7158215384941234,0.4247025268733371,0,-0.7361487166121127,1,0,0,0,0,0,0,0,0,0,0,0,1
113,0.23927994985554413,-0.1777783432435181,0.3065056136374489,-0.33529146858421377,0,-0.03328578874065527,1,0,0,0,0,0,0,0,0,0,0,0,1
51,0.4603761052363052,-0.2619855889323155,-0.6336115049159111,1.1846965223308878,0,-0.25727123573123006,1,0,0,0,0,0,0,0,0,0,0,0,1
97,0.5802383111671098,-0.6133000595661697,-0.1405974457680445,-1.2852839629061523,0,-0.4087258050931359,1,0,0,0,0,0,0,0,0,0,0,0,1
77,-0.6575427035321258,1.7424298157650362,1.8163409156462293,0.23470402800894935,1,1.6660296771653067,0,1,0,0,0,0,0,1,0,0,0,0,1
139,0.5837145758137556,-0.589336051094232,-0.6046010879164883,0.4247025268733371,0,-0.22498901961825263,0,0,0,0,1,0,0,0,0,0,0,0,1
71,0.39617430401842063,-0.5265553816936333,-0.6520679608564841,0.8046995246021125,0,0.7634253351422585,0,1,0,0,0,0,0,0,0,0,0,0,1
132,-0.013756060275637085,0.3838628894046642,-0.16758445331811073,-0.14529296971982605,0,0.931550906530668,0,0,0,0,1,0,0,0,0,0,0,0,0
8,0.87495942103483,-0.8984325713737316,-0.5130526742349769,-0.5252899674486015,0,-1.1840986321103852,0,0,1,0,0,0,0,0,0,0,0,0,1
59,0.6243319687747093,-0.7343586820128495,-1.0351599987055027,-1.6652809606349277,0,-0.6944083780177709,1,0,0,0,0,0,0,0,0,0,0,0,0
90,-1.686864809997518,1.466103265290234,0.0976579672697802,0.23470402800894935,2,1.3917531823290041,1,0,0,0,0,0,2,0,0,0,0,0,1
17,-0.216094144145666,0.5684545686580579,0.13318035259690775,0.6147010257377248,0,0.9837519367785189,0,0,1,0,0,0,0,0,0,0,0,0,0
73,0.5954685842064011,-0.7202236558591159,-0.4782030303955875,0.8046995246021125,0,-0.4143975974858073,1,0,0,0,0,0,0,0,0,0,0,0,1
69,0.5456450141594062,-0.6164158115977786,-0.7721737910156989,0.8046995246021125,0,-0.43357390256863715,0,1,0,0,0,0,0,0,0,0,0,0,1
138,0.8098761325572423,-0.836674845801153,-0.8422281012524391,-1.0952854640417646,0,-0.5936985154902521,0,0,0,0,1,0,0,0,0,0,0,0,1
142,0.20762560795863036,-0.22174690730544638,-0.4173018343601306,-0.9052869651773768,0,-0.5043323461090697,0,0,0,0,1,0,0,0,0,0,0,0,1
63,0.7229609979473463,-0.10936015689958539,-0.12096587909777386,-0.14529296971982605,0,-0.1291970220911031,0,1,0,0,0,0,0,0,0,0,0,0,1
100,0.749518392531599,-1.006279002020887,-1.2034575986084581,-1.2852839629061523,0,-1.007574211247707,1,0,0,0,0,0,0,0,0,0,0,0,1
142,0.20762560795863036,-0.22174690730544638,-0.4173018343601306,-0.9052869651773768,0,-0.15887218520508103,0,0,0,0,1,0,0,0,0,0,0,0,1
88,0.5868563428230743,-0.609900930429728,-0.9578919694679864,-1.0952854640417646,0,-0.998085727323715,0,1,0,0,0,0,0,0,0,0,0,0,1
127,-0.46932085171134913,1.7709001151868076,1.9743001549316421,0.044705529144561655,1,1.6580289082526547,0,0,0,0,1,0,0,0,0,0,1,0,0
110,0.4072251158517818,-0.5934627057048354,-0.6739330429991417,-0.14529296971982605,0,-0.3629993267994116,1,0,0,0,0,0,0,0,0,0,0,0,1
65,0.8316279217379663,-0.8351742574545239,-0.6081633840025297,0.044705529144561655,0,-0.6342200006200504,0,1,0,0,0,0,0,0,0,0,0,0,1
125,0.8836658726759392,-0.845301563118997,-0.34775545093729304,0.044705529144561655,0,-0.5367113448425321,0,0,0,0,1,0,0,0,0,0,0,0,1
97,0.5802383111671098,-0.6133000595661697,-0.1405974457680445,-1.2852839629061523,0,-0.4615182952568739,1,0,0,0,0,0,0,0,0,0,0,0,1
50,0.41095822980262053,-0.23896483537564048,-0.5632507939667125,-1.2852839629061523,0,0.3479090545464161,1,0,0,0,0,0,0,0,0,0,0,0,0
120,0.6118243713433028,-0.5441126359700348,-0.5312969821658854,-0.33529146858421377,0,-0.4827501033790255,1,0,0,0,0,0,0,0,0,0,0,0,1
105,0.2782744290039161,-0.384410448702575,0.23238496909487238,0.4247025268733371,0,-0.24153149597788018,1,0,0,0,0,0,0,0,0,0,0,0,1
93,0.8994463162754491,-0.8325098004271332,-0.3683505395136735,1.1846965223308878,0,-1.0126783140975046,1,0,0,0,0,0,0,0,0,0,0,0,1
115,0.5837145758137556,-0.6097811663211553,-0.7158215384941234,0.4247025268733371,0,-0.6329961503589533,1,0,0,0,0,0,0,0,0,0,0,0,1
22,0.8623717801079255,-0.8396147420954507,-0.35312544696697257,-1.2852839629061523,0,-0.582051556094339,0,0,1,0,0,0,0,0,0,0,0,0,1
133,0.011516665670379445,0.47816069958173024,0.15388538998420156,0.23470402800894935,0,0.8786442836082106,0,0,0,0,1,0,0,0,0,0,0,0,1
86,0.5896547736035872,-0.7775309608791905,-0.5982968799555161,0.6147010257377248,0,-0.586664628978523,0,1,0,0,0,0,0,0,0,0,0,0,1
20,-2.4217516321998738,1.1199489577150297,2.6280987022231224,-0.33529146858421377,2,0.699610286277661,0,0,1,0,0,0,0,0,2,0,0,0,0
124,0.6540890037452556,-0.8160574649792502,-1.2391588545392942,-0.7152884663129891,0,-0.6536662020823717,0,0,0,0,1,0,0,0,0,0,0,0,1
61,0.8506607372710999,-0.8671196883049148,-0.6140864249192279,1.1846965223308878,0,-0.5579019100541608,0,1,0,0,0,0,0,0,0,0,0,0,1
48,0.16766263121020925,0.32605085053546096,-0.26687040585718486,1.1846965223308878,0,1.0475759941923386,1,0,0,0,0,0,0,0,0,0,0,0,0
126,0.27288075850196764,-0.008865798446604262,0.10985525972984662,-0.7152884663129891,0,0.5615508304783923,0,0,0,0,1,0,0,0,0,0,0,0,0
52,0.4115905262319561,-0.46252089123866197,-0.12288851185595892,1.1846965223308878,0,-0.32127464155696805,0,0,1,0,0,0,0,0,0,0,0,0,1
119,-1.6551616418114246,1.4390779241391296,1.1887650990216085,-0.5252899674486015,2,1.4759379040922591,1,0,0,0,0,0,2,0,0,0,0,0,1
23,-1.8861366533103854,1.2684735019520244,1.2729808069009627,-0.9052869651773768,2,0.8585089627404795,0,1,0,0,0,0,0,2,0,0,0,0,0
6,0.1719788116721598,0.05240828769427301,-0.16026262363182758,-2.4252749560924785,0,0.12954302047570618,0,0,0,1,0,0,0,0,0,0,0,0,1
139,0.5837145758137556,-0.589336051094232,-0.6046010879164883,0.4247025268733371,0,-0.6195674955349612,0,0,0,0,1,0,0,0,0,0,0,0,1
142,0.20762560795863036,-0.22174690730544638,-0.4173018343601306,-0.9052869651773768,0,-0.31175794261894346,0,0,0,0,1,0,0,0,0,0,0,0,1
108,-0.5785143810257847,0.9937179674315499,1.0592202097888943,-0.5252899674486015,1,0.5178524559694202,1,0,0,0,0,0,1,0,0,0,0,0,1
95,0.5954685842064011,-0.6255228636459196,-0.8176952131316845,0.8046995246021125,0,-0.3559419035652782,1,0,0,0,0,0,0,0,0,0,0,0,1
48,0.16766263121020925,0.32605085053546096,-0.26687040585718486,1.1846965223308878,0,0.42887200059354225,1,0,0,0,0,0,0,0,0,0,0,0,1
12,0.8445864344413765,-0.8591353314034568,-0.4076848427469738,0.8046995246021125,0,-0.6146995975981465,0,0,0,1,0,0,0,0,0,0,0,0,1
11,0.8836658726759392,-0.8740654801664903,-0.6658099877571334,0.044705529144561655,0,-1.7041708105417428,0,0,0,1,0,0,0,0,0,0,0,0,1
121,0.8282062919792007,-0.851095731236515,-0.3735646324671911,-0.14529296971982605,0,-0.9318369761433365,1,0,0,0,0,0,0,0,0,0,0,0,1
68,0.7134623319169836,-0.15222737396103334,-0.16937230144714704,-0.5252899674486015,0,-0.2619378731511995,0,1,0,0,0,0,0,0,0,0,0,0,1
6,0.1719788116721598,0.05240828769427301,-0.16026262363182758,-2.4252749560924785,0,0.8879935280184145,0,0,0,1,0,0,0,0,0,0,0,0,0
56,-2.7501337051038597,0.7573538710448432,1.1620503577838586,-0.14529296971982605,2,0.5280159050906811,1,0,0,0,0,0,2,0,0,0,0,0,0
144,0.10309660860634964,-0.008655822412093747,0.31166173817874393,0.044705529144561655,0,0.2715336056846566,0,0,1,0,0,0,0,0,0,0,0,0,1
143,0.636665004955273,-0.6176826362864679,-0.9534319304906913,-1.2852839629061523,0,-0.23476089370354453,0,0,0,0,1,0,0,0,0,0,0,0,1
147,-0.9041758586796569,1.7324680759636433,2.261208193243707,-1.8552794594993154,1,1.2107550197363637,0,0,0,1,0,0,0,0,0,1,0,0,1
62,0.7131172445439711,-0.5227263011585528,-0.8184503332202685,1.5646935200596632,0,-0.3335823818194815,0,1,0,0,0,0,0,0,0,0,0,0,1
133,0.011516665670379445,0.47816069958173024,0.15388538998420156,0.23470402800894935,0,0.6923609830764349,0,0,0,0,1,0,0,0,0,0,0,0,1
12,0.8445864344413765,-0.8591353314034568,-0.4076848427469738,0.8046995246021125,0,-0.9113541965955824,0,0,0,1,0,0,0,0,0,0,0,0,1
46,0.5194002161101307,-0.6337818278746727,-0.9679701560557576,0.044705529144561655,0,-1.0451345804730474,0,0,1,0,0,0,0,0,0,0,0,0,1
149,-0.28826545392087316,0.9538533304641673,1.2853374985845787,-0.9052869651773768,0,1.3680862168519252,0,0,0,0,1,0,0,0,0,0,0,0,0
8,0.87495942103483,-0.8984325713737316,-0.5130526742349769,-0.5252899674486015,0,-0.5367113448425321,0,0,1,0,0,0,0,0,0,0,0,0,1
138,0.8098761325572423,-0.836674845801153,-0.8422281012524391,-1.0952854640417646,0,-0.37529758541356556,0,0,0,0,1,0,0,0,0,0,0,0,1
4,0.8174639659923786,-0.8919133713132138,-0.8631966977018697,-0.7152884663129891,0,-0.582051556094339,0,0,0,1,0,0,0,0,0,0,0,0,1
129,0.636665004955273,-0.7146520815572139,-0.7771776962728781,-1.2852839629061523,0,0.6483520808330911,0,0,0,0,1,0,0,0,0,0,0,0,1
22,0.8623717801079255,-0.8396147420954507,-0.35312544696697257,-1.2852839629061523,0,-1.2644782511340256,0,0,1,0,0,0,0,0,0,0,0,0,1
128,-0.06786942641887178,0.24122995524865057,-0.12649798167401216,-0.9052869651773768,0,0.3649199059088579,0,0,0,0,1,0,0,0,0,0,0,0,1
146,0.02374097332904994,0.3971563049073773,0.06930060509945626,0.4247025268733371,0,0.6845738775527235,0,0,0,0,1,0,0,0,0,0,0,0,1
32,-1.0341189394750192,2.184606312461486,2.4801445704931173,-0.7152884663129891,1,2.1093930177413243,1,0,0,0,0,0,1,0,0,0,0,0,0
120,0.6118243713433028,-0.5441126359700348,-0.5312969821658854,-0.33529146858421377,0,-0.4087258050931359,1,0,0,0,0,0,0,0,0,0,0,0,1
95,0.5954685842064011,-0.6255228636459196,-0.8176952131316845,0.8046995246021125,0,0.02965537547795911,1,0,0,0,0,0,0,0,0,0,0,0,0
31,-0.6477068319312879,1.323288078781502,2.643086533744072,-1.6652809606349277,1,1.3068591729993102,0,0,0,1,0,0,0,0,0,1,0,0,1
19,0.41532431423418525,-0.6571303014721108,-0.7501408747855717,0.044705529144561655,0,-0.5329645366661572,0,1,0,0,0,0,0,0,0,0,0,0,1
37,-0.14288165029942937,0.5315173616469385,-0.15303395999237152,0.23470402800894935,0,0.39391461463640615,1,0,0,0,0,0,0,0,0,0,0,0,1
3,0.7835082455194236,-0.5362768529714969,-0.898957350657006,0.23470402800894935,0,-0.3335823818194815,0,0,0,1,0,0,0,0,0,0,0,0,1
108,-0.5785143810257847,0.9937179674315499,1.0592202097888943,-0.5252899674486015,1,1.101597498899838,1,0,0,0,0,0,1,0,0,0,0,0,1
10,0.8944100044883714,-0.9042156872234491,-0.570120787160374,0.8046995246021125,0,-0.5367113448425321,0,0,0,1,0,0,0,0,0,0,0,0,1
89,0.19688002383044065,0.2573054397215892,-0.2718394827699518,0.8046995246021125,0,0.5696720711580664,0,0,0,1,0,0,0,0,0,0,0,0,1
138,0.8098761325572423,-0.836674845801153,-0.8422281012524391,-1.0952854640417646,0,-1.5104151033334305,0,0,0,0,1,0,0,0,0,0,0,0,1
120,0.6118243713433028,-0.5441126359700348,-0.5312969821658854,-0.33529146858421377,0,-0.7063033890552082,1,0,0,0,0,0,0,0,0,0,0,0,1
84,0.6175373346578993,-0.6152472640161171,-0.8696044337708005,1.5646935200596632,0,-0.7338258388591478,0,1,0,0,0,0,0,0,0,0,0,0,1
46,0.5194002161101307,-0.6337818278746727,-0.9679701560557576,0.044705529144561655,0,-0.7774220186862999,0,0,1,0,0,0,0,0,0,0,0,0,1
22,0.8623717801079255,-0.8396147420954507,-0.35312544696697257,-1.2852839629061523,0,-0.6952415388414604,0,0,1,0,0,0,0,0,0,0,0,0,1
46,0.5194002161101307,-0.6337818278746727,-0.9679701560557576,0.044705529144561655,0,-0.2678716580606958,0,0,1,0,0,0,0,0,0,0,0,0,1
16,0.21959235036825592,1.2561008669520632,0.5017135098894712,-1.6652809606349277,0,1.0599467325124254,0,0,1,0,0,0,0,0,0,0,0,0,1
108,-0.5785143810257847,0.9937179674315499,1.0592202097888943,-0.5252899674486015,1,0.8831405085970616,1,0,0,0,0,0,1,0,0,0,0,0,1
107,-0.7904156161072389,2.1470811184540333,1.698761831375732,-2.805271953821254,1,1.8694928219030713,1,0,0,0,0,0,1,0,0,0,0,0,0
100,0.749518392531599,-1.006279002020887,-1.2034575986084581,-1.2852839629061523,0,-0.9012781210680701,1,0,0,0,0,0,0,0,0,0,0,0,1
144,0.10309660860634964,-0.008655822412093747,0.31166173817874393,0.044705529144561655,0,0.04020410638779345,0,0,1,0,0,0,0,0,0,0,0,0,1
97,0.5802383111671098,-0.6133000595661697,-0.1405974457680445,-1.2852839629061523,0,-1.0528932297666427,1,0,0,0,0,0,0,0,0,0,0,0,1
20,-2.4217516321998738,1.1199489577150297,2.6280987022231224,-0.33529146858421377,2,0.2631398110983523,0,0,1,0,0,0,0,0,2,0,0,0,0
26,-1.7158982377047827,1.8471569501199987,1.7057295448363428,0.9946980234665002,2,1.4936312440742894,0,0,1,0,0,0,0,0,2,0,0,0,0
22,0.8623717801079255,-0.8396147420954507,-0.35312544696697257,-1.2852839629061523,0,-0.541055760551514,0,0,1,0,0,0,0,0,0,0,0,0,1
51,0.4603761052363052,-0.2619855889323155,-0.6336115049159111,1.1846965223308878,0,0.6102099811752685,1,0,0,0,0,0,0,0,0,0,0,0,0
150,0.3449995673040472,-0.2984901021510301,-0.089671566242416,-1.47528246177054,0,-0.13469522911649573,0,0,0,0,1,0,0,0,0,0,0,0,1
97,0.5802383111671098,-0.6133000595661697,-0.1405974457680445,-1.2852839629061523,0,-0.3738041297216775,1,0,0,0,0,0,0,0,0,0,0,0,1
122,-1.476076712217983,2.008145649809295,1.8270131029191168,-1.0952854640417646,2,1.6934931040345729,0,0,0,0,1,0,0,0,0,0,2,0,1
4,0.8174639659923786,-0.8919133713132138,-0.8631966977018697,-0.7152884663129891,0,-0.5936985154902521,0,0,0,1,0,0,0,0,0,0,0,0,1
104,0.5776438242263447,-1.0395741656627533,-1.5218095460448768,0.23470402800894935,0,-1.1912479337581603,1,0,0,0,0,0,0,0,0,0,0,0,1
14,-0.7618273357298131,1.582321823073024,1.3386654494707158,-0.7152884663129891,1,1.0600610322048678,0,0,1,0,0,0,0,0,1,0,0,0,0
76,0.1408167633547376,0.49801409431163635,0.2718437585817132,-1.0952854640417646,0,0.9093719902322996,0,1,0,0,0,0,0,0,0,0,0,0,1
126,0.27288075850196764,-0.008865798446604262,0.10985525972984662,-0.7152884663129891,0,1.21985957652679,0,0,0,0,1,0,0,0,0,0,0,0,0
21,-2.7676530217861797,0.6985240642502534,0.31180836380932325,0.23470402800894935,2,0.9209020447398293,0,0,0,1,0,0,0,0,0,2,0,0,0
122,-1.476076712217983,2.008145649809295,1.8270131029191168,-1.0952854640417646,2,1.7589297503444832,0,0,0,0,1,0,0,0,0,0,2,0,0
17,-0.216094144145666,0.5684545686580579,0.13318035259690775,0.6147010257377248,0,0.7702483972095893,0,0,1,0,0,0,0,0,0,0,0,0,1
116,0.3178236217096313,-0.16359767667756062,-0.31680944558207025,-0.9052869651773768,0,-0.19797596800386688,1,0,0,0,0,0,0,0,0,0,0,0,1
65,0.8316279217379663,-0.8351742574545239,-0.6081633840025297,0.044705529144561655,0,-1.5104151033334305,0,1,0,0,0,0,0,0,0,0,0,0,1
55,0.7873413403536483,-0.9280036154226032,-0.5858373140388665,0.4247025268733371,0,0.5433315429965577,1,0,0,0,0,0,0,0,0,0,0,0,1
18,-2.4343978230082954,1.0177194408864998,0.4521127441273781,-0.14529296971982605,2,0.5658849654912445,0,1,0,0,0,0,0,2,0,0,0,0,0
50,0.41095822980262053,-0.23896483537564048,-0.5632507939667125,-1.2852839629061523,0,-0.5043323461090697,1,0,0,0,0,0,0,0,0,0,0,0,1
106,0.7873413403536483,-0.9412859156945045,-0.7362814229866637,0.4247025268733371,0,-0.7412232275275134,1,0,0,0,0,0,0,0,0,0,0,0,1
32,-1.0341189394750192,2.184606312461486,2.4801445704931173,-0.7152884663129891,1,2.0242593911840516,1,0,0,0,0,0,1,0,0,0,0,0,0
42,0.8719222867414198,-1.4814140890005991,-1.1392712444449196,-0.7152884663129891,0,-1.8572444547395923,0,0,1,0,0,0,0,0,0,0,0,0,1
132,-0.013756060275637085,0.3838628894046642,-0.16758445331811073,-0.14529296971982605,0,0.7869857640198243,0,0,0,0,1,0,0,0,0,0,0,0,0
37,-0.14288165029942937,0.5315173616469385,-0.15303395999237152,0.23470402800894935,0,0.4449965081552307,1,0,0,0,0,0,0,0,0,0,0,0,1
130,0.7630056452433375,-1.1133002572992534,-0.5927498925862508,-0.7152884663129891,0,-0.9420190871122128,0,0,0,0,1,0,0,0,0,0,0,0,1
113,0.23927994985554413,-0.1777783432435181,0.3065056136374489,-0.33529146858421377,0,-0.4092924895394364,1,0,0,0,0,0,0,0,0,0,0,0,1
72,-0.8119410195019346,1.5684677119960315,1.8939026463982478,0.23470402800894935,1,1.662311112135622,0,1,0,0,0,0,0,1,0,0,0,0,1
88,0.5868563428230743,-0.609900930429728,-0.9578919694679864,-1.0952854640417646,0,-0.3906496449316426,0,1,0,0,0,0,0,0,0,0,0,0,1
111,-0.6700050794587804,1.543549407313917,1.1701659444693266,-1.8552794594993154,1,1.2658143201944732,1,0,0,0,0,0,1,0,0,0,0,0,1
63,0.7229609979473463,-0.10936015689958539,-0.12096587909777386,-0.14529296971982605,0,0.10144080979247293,0,1,0,0,0,0,0,0,0,0,0,0,1
142,0.20762560795863036,-0.22174690730544638,-0.4173018343601306,-0.9052869651773768,0,-0.1496959517593678,0,0,0,0,1,0,0,0,0,0,0,0,1
50,0.41095822980262053,-0.23896483537564048,-0.5632507939667125,-1.2852839629061523,0,-0.30628159508946806,1,0,0,0,0,0,0,0,0,0,0,0,1
116,0.3178236217096313,-0.16359767667756062,-0.31680944558207025,-0.9052869651773768,0,-0.03162507414515355,1,0,0,0,0,0,0,0,0,0,0,0,1
46,0.5194002161101307,-0.6337818278746727,-0.9679701560557576,0.044705529144561655,0,-0.45268504948471877,0,0,1,0,0,0,0,0,0,0,0,0,1
18,-2.4343978230082954,1.0177194408864998,0.4521127441273781,-0.14529296971982605,2,1.5800485064847751,0,1,0,0,0,0,0,2,0,0,0,0,0
126,0.27288075850196764,-0.008865798446604262,0.10985525972984662,-0.7152884663129891,0,0.04376584395500663,0,0,0,0,1,0,0,0,0,0,0,0,1
121,0.8282062919792007,-0.851095731236515,-0.3735646324671911,-0.14529296971982605,0,-0.582051556094339,1,0,0,0,0,0,0,0,0,0,0,0,1
28,-0.3652449498354038,0.996586460244493,2.103074662036828,0.044705529144561655,1,0.5123439563068233,0,0,1,0,0,0,0,0,1,0,0,0,1
29,0.8282062919792007,-0.8808244674849,-0.5624359792255084,-0.14529296971982605,0,-1.5104151033334305,0,0,1,0,0,0,0,0,0,0,0,0,1
38,-1.7965354299615945,1.4952750914331256,0.8465973008691576,-0.7152884663129891,2,1.4120904773741305,0,0,1,0,0,0,0,0,2,0,0,0,0
44,0.10395245939498345,0.5018832971696904,0.07615580763557432,-1.6652809606349277,0,0.3038338705376142,0,0,0,1,0,0,0,0,0,0,0,0,1
138,0.8098761325572423,-0.836674845801153,-0.8422281012524391,-1.0952854640417646,0,-0.8435118078630077,0,0,0,0,1,0,0,0,0,0,0,0,1
67,-1.1729209839729045,1.65903663734724,1.5038528877880608,0.6147010257377248,1,0.9818742235503554,0,1,0,0,0,0,0,1,0,0,0,0,1
63,0.7229609979473463,-0.10936015689958539,-0.12096587909777386,-0.14529296971982605,0,1.292221098705144,0,1,0,0,0,0,0,0,0,0,0,0,1
118,-1.9971101542298264,0.8931602193651963,0.5906525920214545,-2.045277958363703,2,0.5714287043919691,1,0,0,0,0,0,2,0,0,0,0,0,1
24,-2.344122048566307,0.793312820011672,0.8280969369076001,0.8046995246021125,2,0.7775591815903695,0,0,1,0,0,0,0,0,2,0,0,0,0
41,-0.36097776354714145,0.9301598485369481,1.3561384079006145,-1.0952854640417646,0,0.5968489683427863,0,0,1,0,0,0,0,0,0,0,0,0,1
50,0.41095822980262053,-0.23896483537564048,-0.5632507939667125,-1.2852839629061523,0,-0.15038749395986498,1,0,0,0,0,0,0,0,0,0,0,0,1
43,-0.5362326291556553,1.3821815505789712,1.456308739033318,0.4247025268733371,1,1.2225638012753013,0,0,1,0,0,0,0,0,1,0,0,0,1
81,0.2925005814966524,0.22433561239885857,-0.21074700583093897,-0.33529146858421377,0,0.26328991176728483,0,1,0,0,0,0,0,0,0,0,0,0,0
107,-0.7904156161072389,2.1470811184540333,1.698761831375732,-2.805271953821254,1,1.8694928219030713,1,0,0,0,0,0,1,0,0,0,0,0,0
26,-1.7158982377047827,1.8471569501199987,1.7057295448363428,0.9946980234665002,2,1.2162861663178655,0,0,1,0,0,0,0,0,2,0,0,0,0
59,0.6243319687747093,-0.7343586820128495,-1.0351599987055027,-1.6652809606349277,0,-0.25852690567465003,1,0,0,0,0,0,0,0,0,0,0,0,0
150,0.3449995673040472,-0.2984901021510301,-0.089671566242416,-1.47528246177054,0,-0.4109932020905524,0,0,0,0,1,0,0,0,0,0,0,0,1
65,0.8316279217379663,-0.8351742574545239,-0.6081633840025297,0.044705529144561655,0,-1.1205295112078435,0,1,0,0,0,0,0,0,0,0,0,0,1
147,-0.9041758586796569,1.7324680759636433,2.261208193243707,-1.8552794594993154,1,1.1489899795963494,0,0,0,1,0,0,0,0,0,1,0,0,1
89,0.19688002383044065,0.2573054397215892,-0.2718394827699518,0.8046995246021125,0,0.28214121567484823,0,0,0,1,0,0,0,0,0,0,0,0,1
55,0.7873413403536483,-0.9280036154226032,-0.5858373140388665,0.4247025268733371,0,-0.8004379101631504,1,0,0,0,0,0,0,0,0,0,0,0,1
58,0.3112484123582404,-0.13923291907309093,-0.3105121175681538,0.044705529144561655,0,1.1716312336117816,1,0,0,0,0,0,0,0,0,0,0,0,1
91,0.30197982181992733,-0.20291795588207354,-0.2588889040503444,-0.14529296971982605,0,-0.2815833163138744,1,0,0,0,0,0,0,0,0,0,0,0,1
47,-2.5046840203435257,0.6818492256678579,0.5827053507963547,0.9946980234665002,2,1.5131766371898745,1,0,0,0,0,0,2,0,0,0,0,0,0
137,0.6903733883222437,-0.785365729465504,-1.0442505310428574,0.6147010257377248,0,-0.5452087325277153,0,0,0,0,1,0,0,0,0,0,0,0,1
43,-0.5362326291556553,1.3821815505789712,1.456308739033318,0.4247025268733371,1,1.9380968187091696,0,0,1,0,0,0,0,0,1,0,0,0,0
30,0.8994463162754491,-1.1530952875169582,-1.1322444734329258,1.1846965223308878,0,-1.7352212665230327,0,0,1,0,0,0,0,0,0,0,0,0,1
78,-0.49186887080798847,1.5982034292388005,1.4417259435401013,-1.2852839629061523,1,1.4716715531517408,0,1,0,0,0,0,0,1,0,0,0,0,0
125,0.8836658726759392,-0.845301563118997,-0.34775545093729304,0.044705529144561655,0,-0.4728870937811973,0,0,0,0,1,0,0,0,0,0,0,0,1
14,-0.7618273357298131,1.582321823073024,1.3386654494707158,-0.7152884663129891,1,1.1223703401589682,0,0,1,0,0,0,0,0,1,0,0,0,0
14,-0.7618273357298131,1.582321823073024,1.3386654494707158,-0.7152884663129891,1,1.756768955013922,0,0,1,0,0,0,0,0,1,0,0,0,1
50,0.41095822980262053,-0.23896483537564048,-0.5632507939667125,-1.2852839629061523,0,1.0747683567095718,1,0,0,0,0,0,0,0,0,0,0,0,1
27,0.5868563428230743,-0.128963105635196,-0.14672158137823135,-1.0952854640417646,0,0.07946631665249361,0,0,1,0,0,0,0,0,0,0,0,0,1
87,0.3291811201388895,-0.5441181906402285,-0.6788569831328753,0.4247025268733371,0,-0.23084822458886836,0,1,0,0,0,0,0,0,0,0,0,0,1
65,0.8316279217379663,-0.8351742574545239,-0.6081633840025297,0.044705529144561655,0,-1.06279774081706,0,1,0,0,0,0,0,0,0,0,0,0,1
22,0.8623717801079255,-0.8396147420954507,-0.35312544696697257,-1.2852839629061523,0,-1.1818834326752623,0,0,1,0,0,0,0,0,0,0,0,0,1
125,0.8836658726759392,-0.845301563118997,-0.34775545093729304,0.044705529144561655,0,-0.5936985154902521,0,0,0,0,1,0,0,0,0,0,0,0,1
70,0.7320421401961541,-1.5234907131179805,-1.5084354987500674,0.23470402800894935,0,-1.6609568883157624,0,1,0,0,0,0,0,0,0,0,0,0,1
135,0.8590329851059717,-1.0932919784839112,-0.4318651669755144,-1.47528246177054,0,-0.9847153612230256,0,0,0,0,1,0,0,0,0,0,0,0,1
60,0.5639081468225616,-0.39356127607322594,-0.5054953305423884,1.3746950211952755,0,-0.26121944401395253,1,0,0,0,0,0,0,0,0,0,0,0,1
25,-1.7628263678899887,1.4498047182125795,0.584622380062202,-0.5252899674486015,2,2.3829547554566286,0,1,0,0,0,0,0,2,0,0,0,0,1
22,0.8623717801079255,-0.8396147420954507,-0.35312544696697257,-1.2852839629061523,0,-1.2644782511340256,0,0,1,0,0,0,0,0,0,0,0,0,1
9,0.37292262858513153,-0.49504293376147385,-0.26843925490163933,-0.9052869651773768,0,-0.20237284457454974,0,0,0,1,0,0,0,0,0,0,0,0,1
142,0.20762560795863036,-0.22174690730544638,-0.4173018343601306,-0.9052869651773768,0,-0.014739441260441948,0,0,0,0,1,0,0,0,0,0,0,0,1
108,-0.5785143810257847,0.9937179674315499,1.0592202097888943,-0.5252899674486015,1,1.9877856784318368,1,0,0,0,0,0,1,0,0,0,0,0,0
120,0.6118243713433028,-0.5441126359700348,-0.5312969821658854,-0.33529146858421377,0,-0.6668400886182665,1,0,0,0,0,0,0,0,0,0,0,0,0
117,0.698366237690158,-0.997379566363776,-1.1364031117008466,-1.0952854640417646,0,-1.2672635522921598,1,0,0,0,0,0,0,0,0,0,0,0,1
37,-0.14288165029942937,0.5315173616469385,-0.15303395999237152,0.23470402800894935,0,0.39391461463640615,1,0,0,0,0,0,0,0,0,0,0,0,1
88,0.5868563428230743,-0.609900930429728,-0.9578919694679864,-1.0952854640417646,0,0.2611878009431916,0,1,0,0,0,0,0,0,0,0,0,0,0
141,0.8382480314886213,-0.8544477243555477,-0.951651508455736,0.4247025268733371,0,-0.9091120663054266,0,0,1,0,0,0,0,0,0,0,0,0,1
117,0.698366237690158,-0.997379566363776,-1.1364031117008466,-1.0952854640417646,0,-1.6235184998762977,1,0,0,0,0,0,0,0,0,0,0,0,1
61,0.8506607372710999,-0.8671196883049148,-0.6140864249192279,1.1846965223308878,0,-0.582051556094339,0,1,0,0,0,0,0,0,0,0,0,0,1
43,-0.5362326291556553,1.3821815505789712,1.456308739033318,0.4247025268733371,1,1.3155650801432106,0,0,1,0,0,0,0,0,1,0,0,0,1
53,0.7449392943473863,-0.9472344072451417,-0.5003318121008618,0.8046995246021125,0,-1.3183735867963873,1,0,0,0,0,0,0,0,0,0,0,0,1
71,0.39617430401842063,-0.5265553816936333,-0.6520679608564841,0.8046995246021125,0,-0.4494273300167694,0,1,0,0,0,0,0,0,0,0,0,0,1
11,0.8836658726759392,-0.8740654801664903,-0.6658099877571334,0.044705529144561655,0,-0.5367113448425321,0,0,0,1,0,0,0,0,0,0,0,0,1
67,-1.1729209839729045,1.65903663734724,1.5038528877880608,0.6147010257377248,1,1.373327892516526,0,1,0,0,0,0,0,1,0,0,0,0,0
53,0.7449392943473863,-0.9472344072451417,-0.5003318121008618,0.8046995246021125,0,-0.7207676535730432,1,0,0,0,0,0,0,0,0,0,0,0,1
8,0.87495942103483,-0.8984325713737316,-0.5130526742349769,-0.5252899674486015,0,-0.541055760551514,0,0,1,0,0,0,0,0,0,0,0,0,1
67,-1.1729209839729045,1.65903663734724,1.5038528877880608,0.6147010257377248,1,1.3125262022558541,0,1,0,0,0,0,0,1,0,0,0,0,1
123,0.571438167048103,-0.6840795948613619,-0.9021211614649218,0.044705529144561655,0,-0.3831507661428501,0,0,0,0,1,0,0,0,0,0,0,0,1
36,-0.3013556766395101,0.9855648400200623,0.9113744608395141,0.8046995246021125,1,0.8632807481908897,0,0,1,0,0,0,0,0,1,0,0,0,0
55,0.7873413403536483,-0.9280036154226032,-0.5858373140388665,0.4247025268733371,0,-1.269290893516381,1,0,0,0,0,0,0,0,0,0,0,0,1
123,0.571438167048103,-0.6840795948613619,-0.9021211614649218,0.044705529144561655,0,-0.5117576140402735,0,0,0,0,1,0,0,0,0,0,0,0,1
74,0.7229609979473463,-1.5103695110581181,-1.1802316330172162,-0.14529296971982605,0,-2.2141666606617356,0,0,0,1,0,0,0,0,0,0,0,0,1
43,-0.5362326291556553,1.3821815505789712,1.456308739033318,0.4247025268733371,1,1.448945377839294,0,0,1,0,0,0,0,0,1,0,0,0,0
39,0.6484176629626337,-0.6268169021022602,-1.3414694560000502,-0.9052869651773768,0,-0.47694430495067025,0,0,1,0,0,0,0,0,0,0,0,0,1
145,-2.297523072029207,1.3377599240336107,1.7801044194955888,-1.2852839629061523,2,0.2631398110983523,0,0,1,0,0,0,0,0,2,0,0,0,0
65,0.8316279217379663,-0.8351742574545239,-0.6081633840025297,0.044705529144561655,0,-0.8099552047521524,0,1,0,0,0,0,0,0,0,0,0,0,1
24,-2.344122048566307,0.793312820011672,0.8280969369076001,0.8046995246021125,2,1.1535322765724183,0,0,1,0,0,0,0,0,2,0,0,0,0
149,-0.28826545392087316,0.9538533304641673,1.2853374985845787,-0.9052869651773768,0,0.8473444211837352,0,0,0,0,1,0,0,0,0,0,0,0,1
25,-1.7628263678899887,1.4498047182125795,0.584622380062202,-0.5252899674486015,2,1.6567243831358636,0,1,0,0,0,0,0,2,0,0,0,0,0
66,0.7935622906716993,-1.5432498057769413,-1.4771114080245087,-1.8552794594993154,0,-1.6015674013343646,0,1,0,0,0,0,0,0,0,0,0,0,1
10,0.8944100044883714,-0.9042156872234491,-0.570120787160374,0.8046995246021125,0,-0.37529758541356556,0,0,0,1,0,0,0,0,0,0,0,0,1
68,0.7134623319169836,-0.15222737396103334,-0.16937230144714704,-0.5252899674486015,0,0.2607371519533423,0,1,0,0,0,0,0,0,0,0,0,0,1
57,0.8414513104002286,-1.5283443989530991,-1.2665670015914527,0.6147010257377248,0,-2.0027690249036056,1,0,0,0,0,0,0,0,0,0,0,0,1
142,0.20762560795863036,-0.22174690730544638,-0.4173018343601306,-0.9052869651773768,0,0.2108897101647518,0,0,0,0,1,0,0,0,0,0,0,0,1
135,0.8590329851059717,-1.0932919784839112,-0.4318651669755144,-1.47528246177054,0,-1.0743955643393241,0,0,0,0,1,0,0,0,0,0,0,0,1
6,0.1719788116721598,0.05240828769427301,-0.16026262363182758,-2.4252749560924785,0,0.4746084178745439,0,0,0,1,0,0,0,0,0,0,0,0,1
148,-0.6806168979914329,1.7403995922432274,1.5443258585630333,0.9946980234665002,1,1.3244539855269548,0,0,0,0,1,0,0,0,0,0,1,0,1
49,-2.8306517767246246,0.7355700264671651,0.5936632702315654,1.754692018924051,2,0.6961173300417199,0,0,1,0,0,0,0,0,2,0,0,0,0
52,0.4115905262319561,-0.46252089123866197,-0.12288851185595892,1.1846965223308878,0,0.7179122870367736,0,0,1,0,0,0,0,0,0,0,0,0,0
54,0.4385768515256023,-0.3761904536237241,-0.5622559522349857,0.6147010257377248,0,-0.5205751486573563,1,0,0,0,0,0,0,0,0,0,0,0,1
69,0.5456450141594062,-0.6164158115977786,-0.7721737910156989,0.8046995246021125,0,-0.47694430495067025,0,1,0,0,0,0,0,0,0,0,0,0,1
42,0.8719222867414198,-1.4814140890005991,-1.1392712444449196,-0.7152884663129891,0,-1.664727225595357,0,0,1,0,0,0,0,0,0,0,0,0,1
94,0.8779275295488443,-0.8909817385797031,-0.8887889027719983,-0.33529146858421377,0,-0.9113541965955824,1,0,0,0,0,0,0,0,0,0,0,0,1
69,0.5456450141594062,-0.6164158115977786,-0.7721737910156989,0.8046995246021125,0,-0.6128762230539886,0,1,0,0,0,0,0,0,0,0,0,0,1
32,-1.0341189394750192,2.184606312461486,2.4801445704931173,-0.7152884663129891,1,1.7359799572883787,1,0,0,0,0,0,1,0,0,0,0,0,1
37,-0.14288165029942937,0.5315173616469385,-0.15303395999237152,0.23470402800894935,0,0.57237414691969,1,0,0,0,0,0,0,0,0,0,0,0,1
29,0.8282062919792007,-0.8808244674849,-0.5624359792255084,-0.14529296971982605,0,-1.0219813878192128,0,0,1,0,0,0,0,0,0,0,0,0,1
20,-2.4217516321998738,1.1199489577150297,2.6280987022231224,-0.33529146858421377,2,0.9347738082505805,0,0,1,0,0,0,0,0,2,0,0,0,1
120,0.6118243713433028,-0.5441126359700348,-0.5312969821658854,-0.33529146858421377,0,-0.4087258050931359,1,0,0,0,0,0,0,0,0,0,0,0,1
32,-1.0341189394750192,2.184606312461486,2.4801445704931173,-0.7152884663129891,1,1.4338970419264323,1,0,0,0,0,0,1,0,0,0,0,0,1
47,-2.5046840203435257,0.6818492256678579,0.5827053507963547,0.9946980234665002,2,1.4174562367553587,1,0,0,0,0,0,2,0,0,0,0,0,0
27,0.5868563428230743,-0.128963105635196,-0.14672158137823135,-1.0952854640417646,0,0.13221286491476222,0,0,1,0,0,0,0,0,0,0,0,0,1
28,-0.3652449498354038,0.996586460244493,2.103074662036828,0.044705529144561655,1,0.5071012526196745,0,0,1,0,0,0,0,0,1,0,0,0,1
97,0.5802383111671098,-0.6133000595661697,-0.1405974457680445,-1.2852839629061523,0,-0.6981594725501672,1,0,0,0,0,0,0,0,0,0,0,0,1
122,-1.476076712217983,2.008145649809295,1.8270131029191168,-1.0952854640417646,2,1.7589297503444832,0,0,0,0,1,0,0,0,0,0,2,0,0
82,0.43099450240883586,-0.49403836800935974,-0.2876567344431154,0.4247025268733371,0,-0.39929719635324684,0,1,0,0,0,0,0,0,0,0,0,0,1
56,-2.7501337051038597,0.7573538710448432,1.1620503577838586,-0.14529296971982605,2,1.0843056060575786,1,0,0,0,0,0,2,0,0,0,0,0,0
36,-0.3013556766395101,0.9855648400200623,0.9113744608395141,0.8046995246021125,1,1.150430984168833,0,0,1,0,0,0,0,0,1,0,0,0,0
46,0.5194002161101307,-0.6337818278746727,-0.9679701560557576,0.044705529144561655,0,-0.4375768959126591,0,0,1,0,0,0,0,0,0,0,0,0,1
96,0.8316279217379663,-0.9365823448414491,-0.4407835491983754,0.044705529144561655,0,-0.6973254800507812,1,0,0,0,0,0,0,0,0,0,0,0,1
110,0.4072251158517818,-0.5934627057048354,-0.6739330429991417,-0.14529296971982605,0,-0.21348238481281745,1,0,0,0,0,0,0,0,0,0,0,0,1
102,0.6484176629626337,-0.6110760714536377,-0.4339534015937101,-0.9052869651773768,0,-0.540462960026225,1,0,0,0,0,0,0,0,0,0,0,0,1
17,-0.216094144145666,0.5684545686580579,0.13318035259690775,0.6147010257377248,0,0.6278860609992337,0,0,1,0,0,0,0,0,0,0,0,0,0
149,-0.28826545392087316,0.9538533304641673,1.2853374985845787,-0.9052869651773768,0,0.9616122876235823,0,0,0,0,1,0,0,0,0,0,0,0,1
139,0.5837145758137556,-0.589336051094232,-0.6046010879164883,0.4247025268733371,0,-0.44349610989737803,0,0,0,0,1,0,0,0,0,0,0,0,1
20,-2.4217516321998738,1.1199489577150297,2.6280987022231224,-0.33529146858421377,2,0.46537811282870994,0,0,1,0,0,0,0,0,2,0,0,0,0
65,0.8316279217379663,-0.8351742574545239,-0.6081633840025297,0.044705529144561655,0,-1.0126783140975046,0,1,0,0,0,0,0,0,0,0,0,0,1
17,-0.216094144145666,0.5684545686580579,0.13318035259690775,0.6147010257377248,0,0.8356434731445146,0,0,1,0,0,0,0,0,0,0,0,0,1
87,0.3291811201388895,-0.5441181906402285,-0.6788569831328753,0.4247025268733371,0,-0.5060892589848083,0,1,0,0,0,0,0,0,0,0,0,0,1
9,0.37292262858513153,-0.49504293376147385,-0.26843925490163933,-0.9052869651773768,0,0.497557510425322,0,0,0,1,0,0,0,0,0,0,0,0,0
73,0.5954685842064011,-0.7202236558591159,-0.4782030303955875,0.8046995246021125,0,-1.1588466473372305,1,0,0,0,0,0,0,0,0,0,0,0,0
14,-0.7618273357298131,1.582321823073024,1.3386654494707158,-0.7152884663129891,1,1.5509136153242682,0,0,1,0,0,0,0,0,1,0,0,0,1
24,-2.344122048566307,0.793312820011672,0.8280969369076001,0.8046995246021125,2,1.505923750032496,0,0,1,0,0,0,0,0,2,0,0,0,0
40,0.7947628643943812,-1.1178728649985321,-0.8323861883069975,0.8046995246021125,0,-0.8686028262237491,0,0,1,0,0,0,0,0,0,0,0,0,1
124,0.6540890037452556,-0.8160574649792502,-1.2391588545392942,-0.7152884663129891,0,-0.632384417255125,0,0,0,0,1,0,0,0,0,0,0,0,0
84,0.6175373346578993,-0.6152472640161171,-0.8696044337708005,1.5646935200596632,0,-1.0451345804730474,0,1,0,0,0,0,0,0,0,0,0,0,1
136,0.2523266582218214,-0.18408511239477296,0.06133515553783667,-1.0952854640417646,0,-0.12628029904705726,0,0,0,0,1,0,0,0,0,0,0,0,1
72,-0.8119410195019346,1.5684677119960315,1.8939026463982478,0.23470402800894935,1,1.269646945439004,0,1,0,0,0,0,0,1,0,0,0,0,1
83,0.7275520198620213,-0.5637364070823583,-1.1515332948201789,0.044705529144561655,0,-0.15229007871291853,0,1,0,0,0,0,0,0,0,0,0,0,1
53,0.7449392943473863,-0.9472344072451417,-0.5003318121008618,0.8046995246021125,0,-1.0364598987293356,1,0,0,0,0,0,0,0,0,0,0,0,1
128,-0.06786942641887178,0.24122995524865057,-0.12649798167401216,-0.9052869651773768,0,0.15986679655334404,0,0,0,0,1,0,0,0,0,0,0,0,1
140,0.8211270579955481,-1.127551348708158,-1.0601330941468274,-0.5252899674486015,0,-1.596459651247649,0,0,0,0,1,0,0,0,0,0,0,0,1
18,-2.4343978230082954,1.0177194408864998,0.4521127441273781,-0.14529296971982605,2,0.5658849654912445,0,1,0,0,0,0,0,2,0,0,0,0,0
146,0.02374097332904994,0.3971563049073773,0.06930060509945626,0.4247025268733371,0,0.5188153774537478,0,0,0,0,1,0,0,0,0,0,0,0,1
149,-0.28826545392087316,0.9538533304641673,1.2853374985845787,-0.9052869651773768,0,0.5418308759085103,0,0,0,0,1,0,0,0,0,0,0,0,1
27,0.5868563428230743,-0.128963105635196,-0.14672158137823135,-1.0952854640417646,0,0.16716620021691742,0,0,1,0,0,0,0,0,0,0,0,0,1
2,0.7873413403536483,-1.5406960664772213,-1.3308391136178341,0.4247025268733371,0,-1.6629864658369384,0,0,0,1,0,0,0,0,0,0,0,0,1
3,0.7835082455194236,-0.5362768529714969,-0.898957350657006,0.23470402800894935,0,-0.31157523236981904,0,0,0,1,0,0,0,0,0,0,0,0,1
72,-0.8119410195019346,1.5684677119960315,1.8939026463982478,0.23470402800894935,1,1.892798047950116,0,1,0,0,0,0,0,1,0,0,0,0,0
45,-2.8517285660606486,0.7266761270872851,0.7627815300785532,2.324687515517214,2,1.026378633224804,0,0,1,0,0,0,0,0,2,0,0,0,0
109,-1.6414077047803937,1.4986347749050806,0.9043220990792102,-2.045277958363703,1,1.4712743666685766,1,0,0,0,0,0,1,0,0,0,0,0,0
91,0.30197982181992733,-0.20291795588207354,-0.2588889040503444,-0.14529296971982605,0,1.0747683567095718,1,0,0,0,0,0,0,0,0,0,0,0,1
55,0.7873413403536483,-0.9280036154226032,-0.5858373140388665,0.4247025268733371,0,-1.269290893516381,1,0,0,0,0,0,0,0,0,0,0,0,1
146,0.02374097332904994,0.3971563049073773,0.06930060509945626,0.4247025268733371,0,0.2671898272317345,0,0,0,0,1,0,0,0,0,0,0,0,1
105,0.2782744290039161,-0.384410448702575,0.23238496909487238,0.4247025268733371,0,-0.8818956115106357,1,0,0,0,0,0,0,0,0,0,0,0,1
3,0.7835082455194236,-0.5362768529714969,-0.898957350657006,0.23470402800894935,0,-0.40589402897736376,0,0,0,1,0,0,0,0,0,0,0,0,0
65,0.8316279217379663,-0.8351742574545239,-0.6081633840025297,0.044705529144561655,0,-0.37529758541356556,0,1,0,0,0,0,0,0,0,0,0,0,1
40,0.7947628643943812,-1.1178728649985321,-0.8323861883069975,0.8046995246021125,0,-0.8644060103474139,0,0,1,0,0,0,0,0,0,0,0,0,1
139,0.5837145758137556,-0.589336051094232,-0.6046010879164883,0.4247025268733371,0,-0.22498901961825263,0,0,0,0,1,0,0,0,0,0,0,0,1
38,-1.7965354299615945,1.4952750914331256,0.8465973008691576,-0.7152884663129891,2,1.2879950900482946,0,0,1,0,0,0,0,0,2,0,0,0,0
104,0.5776438242263447,-1.0395741656627533,-1.5218095460448768,0.23470402800894935,0,-1.2659971774158616,1,0,0,0,0,0,0,0,0,0,0,0,1
82,0.43099450240883586,-0.49403836800935974,-0.2876567344431154,0.4247025268733371,0,-0.10356109359885127,0,1,0,0,0,0,0,0,0,0,0,0,1
53,0.7449392943473863,-0.9472344072451417,-0.5003318121008618,0.8046995246021125,0,-1.3333641445069562,1,0,0,0,0,0,0,0,0,0,0,0,1
88,0.5868563428230743,-0.609900930429728,-0.9578919694679864,-1.0952854640417646,0,-0.5139105573451033,0,1,0,0,0,0,0,0,0,0,0,0,1
89,0.19688002383044065,0.2573054397215892,-0.2718394827699518,0.8046995246021125,0,0.08569325728206496,0,0,0,1,0,0,0,0,0,0,0,0,1
105,0.2782744290039161,-0.384410448702575,0.23238496909487238,0.4247025268733371,0,-0.3201749789249577,1,0,0,0,0,0,0,0,0,0,0,0,1
13,0.7407326956815721,-0.4981075397435976,-0.43427655070294097,0.6147010257377248,0,-0.6748971258300321,0,0,0,1,0,0,0,0,0,0,0,0,1
42,0.8719222867414198,-1.4814140890005991,-1.1392712444449196,-0.7152884663129891,0,-2.2572064911002956,0,0,1,0,0,0,0,0,0,0,0,0,1
126,0.27288075850196764,-0.008865798446604262,0.10985525972984662,-0.7152884663129891,0,0.15364015341029316,0,0,0,0,1,0,0,0,0,0,0,0,1
105,0.2782744290039161,-0.384410448702575,0.23238496909487238,0.4247025268733371,0,-0.3201749789249577,1,0,0,0,0,0,0,0,0,0,0,0,1
78,-0.49186887080798847,1.5982034292388005,1.4417259435401013,-1.2852839629061523,1,1.0999067291614035,0,1,0,0,0,0,0,1,0,0,0,0,0
26,-1.7158982377047827,1.8471569501199987,1.7057295448363428,0.9946980234665002,2,1.939535532726462,0,0,1,0,0,0,0,0,2,0,0,0,0
111,-0.6700050794587804,1.543549407313917,1.1701659444693266,-1.8552794594993154,1,1.5867382614346626,1,0,0,0,0,0,1,0,0,0,0,0,1
128,-0.06786942641887178,0.24122995524865057,-0.12649798167401216,-0.9052869651773768,0,0.11315656869145482,0,0,0,0,1,0,0,0,0,0,0,0,1
13,0.7407326956815721,-0.4981075397435976,-0.43427655070294097,0.6147010257377248,0,-0.5180251286832396,0,0,0,1,0,0,0,0,0,0,0,0,1
53,0.7449392943473863,-0.9472344072451417,-0.5003318121008618,0.8046995246021125,0,-0.6678718023435204,1,0,0,0,0,0,0,0,0,0,0,0,1
65,0.8316279217379663,-0.8351742574545239,-0.6081633840025297,0.044705529144561655,0,-0.48914982367580595,0,1,0,0,0,0,0,0,0,0,0,0,1
49,-2.8306517767246246,0.7355700264671651,0.5936632702315654,1.754692018924051,2,0.8498018238924656,0,0,1,0,0,0,0,0,2,0,0,0,0
67,-1.1729209839729045,1.65903663734724,1.5038528877880608,0.6147010257377248,1,1.433494690966951,0,1,0,0,0,0,0,1,0,0,0,0,0
122,-1.476076712217983,2.008145649809295,1.8270131029191168,-1.0952854640417646,2,1.8031437410899083,0,0,0,0,1,0,0,0,0,0,2,0,0
127,-0.46932085171134913,1.7709001151868076,1.9743001549316421,0.044705529144561655,1,1.3251848102185537,0,0,0,0,1,0,0,0,0,0,1,0,1
21,-2.7676530217861797,0.6985240642502534,0.31180836380932325,0.23470402800894935,2,0.9573535910287182,0,0,0,1,0,0,0,0,0,2,0,0,0
27,0.5868563428230743,-0.128963105635196,-0.14672158137823135,-1.0952854640417646,0,-0.16912122202482074,0,0,1,0,0,0,0,0,0,0,0,0,1
100,0.749518392531599,-1.006279002020887,-1.2034575986084581,-1.2852839629061523,0,-0.9440597707627015,1,0,0,0,0,0,0,0,0,0,0,0,1
16,0.21959235036825592,1.2561008669520632,0.5017135098894712,-1.6652809606349277,0,1.137992818277596,0,0,1,0,0,0,0,0,0,0,0,0,1
14,-0.7618273357298131,1.582321823073024,1.3386654494707158,-0.7152884663129891,1,1.3424624866114874,0,0,1,0,0,0,0,0,1,0,0,0,1
31,-0.6477068319312879,1.323288078781502,2.643086533744072,-1.6652809606349277,1,1.8757257324319911,0,0,0,1,0,0,0,0,0,1,0,0,0
46,0.5194002161101307,-0.6337818278746727,-0.9679701560557576,0.044705529144561655,0,-0.3629993267994116,0,0,1,0,0,0,0,0,0,0,0,0,1
141,0.8382480314886213,-0.8544477243555477,-0.951651508455736,0.4247025268733371,0,-0.8435118078630077,0,0,1,0,0,0,0,0,0,0,0,0,1
145,-2.297523072029207,1.3377599240336107,1.7801044194955888,-1.2852839629061523,2,1.7766956492344734,0,0,1,0,0,0,0,0,2,0,0,0,0
101,0.7275520198620213,-0.9609850058121482,-0.6735695044943646,0.044705529144561655,0,-0.71782708397197,1,0,0,0,0,0,0,0,0,0,0,0,1
150,0.3449995673040472,-0.2984901021510301,-0.089671566242416,-1.47528246177054,0,-0.2768852469160973,0,0,0,0,1,0,0,0,0,0,0,0,1
43,-0.5362326291556553,1.3821815505789712,1.456308739033318,0.4247025268733371,1,1.448945377839294,0,0,1,0,0,0,0,0,1,0,0,0,0
35,0.6011599987965244,-0.6068030014459013,-0.544545466619914,0.9946980234665002,0,-0.5953086393831761,0,0,1,0,0,0,0,0,0,0,0,0,1
128,-0.06786942641887178,0.24122995524865057,-0.12649798167401216,-0.9052869651773768,0,0.31211182703858675,0,0,0,0,1,0,0,0,0,0,0,0,1
24,-2.344122048566307,0.793312820011672,0.8280969369076001,0.8046995246021125,2,0.7775591815903695,0,0,1,0,0,0,0,0,2,0,0,0,0
29,0.8282062919792007,-0.8808244674849,-0.5624359792255084,-0.14529296971982605,0,-0.5828533070572514,0,0,1,0,0,0,0,0,0,0,0,0,1
76,0.1408167633547376,0.49801409431163635,0.2718437585817132,-1.0952854640417646,0,0.010407580799390668,0,1,0,0,0,0,0,0,0,0,0,0,1
25,-1.7628263678899887,1.4498047182125795,0.584622380062202,-0.5252899674486015,2,1.2518252713036866,0,1,0,0,0,0,0,2,0,0,0,0,0
18,-2.4343978230082954,1.0177194408864998,0.4521127441273781,-0.14529296971982605,2,0.4875655019823957,0,1,0,0,0,0,0,2,0,0,0,0,0
19,0.41532431423418525,-0.6571303014721108,-0.7501408747855717,0.044705529144561655,0,-0.9133735847925019,0,1,0,0,0,0,0,0,0,0,0,0,1
54,0.4385768515256023,-0.3761904536237241,-0.5622559522349857,0.6147010257377248,0,-0.18815088969348284,1,0,0,0,0,0,0,0,0,0,0,0,1
43,-0.5362326291556553,1.3821815505789712,1.456308739033318,0.4247025268733371,1,1.687965688524832,0,0,1,0,0,0,0,0,1,0,0,0,0
61,0.8506607372710999,-0.8671196883049148,-0.6140864249192279,1.1846965223308878,0,-0.6248502124184935,0,1,0,0,0,0,0,0,0,0,0,0,1
131,0.7795899707999938,-0.9387925848847133,-0.4271797432259956,0.044705529144561655,0,-1.6235184998762977,0,1,0,0,0,0,0,0,0,0,0,0,1
113,0.23927994985554413,-0.1777783432435181,0.3065056136374489,-0.33529146858421377,0,-0.15038749395986498,1,0,0,0,0,0,0,0,0,0,0,0,1
131,0.7795899707999938,-0.9387925848847133,-0.4271797432259956,0.044705529144561655,0,-0.6444387214649604,0,1,0,0,0,0,0,0,0,0,0,0,1
138,0.8098761325572423,-0.836674845801153,-0.8422281012524391,-1.0952854640417646,0,-0.48914982367580595,0,0,0,0,1,0,0,0,0,0,0,0,1
120,0.6118243713433028,-0.5441126359700348,-0.5312969821658854,-0.33529146858421377,0,0.7512559975948356,1,0,0,0,0,0,0,0,0,0,0,0,1
107,-0.7904156161072389,2.1470811184540333,1.698761831375732,-2.805271953821254,1,1.5273364269600556,1,0,0,0,0,0,1,0,0,0,0,0,1
145,-2.297523072029207,1.3377599240336107,1.7801044194955888,-1.2852839629061523,2,0.9870350364085471,0,0,1,0,0,0,0,0,2,0,0,0,0
8,0.87495942103483,-0.8984325713737316,-0.5130526742349769,-0.5252899674486015,0,-0.582051556094339,0,0,1,0,0,0,0,0,0,0,0,0,1
129,0.636665004955273,-0.7146520815572139,-0.7771776962728781,-1.2852839629061523,0,-0.7911667498962813,0,0,0,0,1,0,0,0,0,0,0,0,1
79,-0.06786942641887178,0.36944756736185524,-0.2042326804366343,-0.9052869651773768,0,0.7558254360852776,1,0,0,0,0,0,0,0,0,0,0,0,1
3,0.7835082455194236,-0.5362768529714969,-0.898957350657006,0.23470402800894935,0,-1.0010909388894653,0,0,0,1,0,0,0,0,0,0,0,0,1
130,0.7630056452433375,-1.1133002572992534,-0.5927498925862508,-0.7152884663129891,0,-1.5214476996355537,0,0,0,0,1,0,0,0,0,0,0,0,1
28,-0.3652449498354038,0.996586460244493,2.103074662036828,0.044705529144561655,1,0.1270279969965533,0,0,1,0,0,0,0,0,1,0,0,0,1
31,-0.6477068319312879,1.323288078781502,2.643086533744072,-1.6652809606349277,1,0.8867810280295855,0,0,0,1,0,0,0,0,0,1,0,0,1
104,0.5776438242263447,-1.0395741656627533,-1.5218095460448768,0.23470402800894935,0,-1.2647313507300786,1,0,0,0,0,0,0,0,0,0,0,0,1
22,0.8623717801079255,-0.8396147420954507,-0.35312544696697257,-1.2852839629061523,0,-0.541055760551514,0,0,1,0,0,0,0,0,0,0,0,0,1
21,-2.7676530217861797,0.6985240642502534,0.31180836380932325,0.23470402800894935,2,0.6450607829807791,0,0,0,1,0,0,0,0,0,2,0,0,0
111,-0.6700050794587804,1.543549407313917,1.1701659444693266,-1.8552794594993154,1,1.2086917186595056,1,0,0,0,0,0,1,0,0,0,0,0,0
68,0.7134623319169836,-0.15222737396103334,-0.16937230144714704,-0.5252899674486015,0,1.292221098705144,0,1,0,0,0,0,0,0,0,0,0,0,1
66,0.7935622906716993,-1.5432498057769413,-1.4771114080245087,-1.8552794594993154,0,-1.7325468417006236,0,1,0,0,0,0,0,0,0,0,0,0,1
21,-2.7676530217861797,0.6985240642502534,0.31180836380932325,0.23470402800894935,2,1.0843056060575786,0,0,0,1,0,0,0,0,0,2,0,0,0
18,-2.4343978230082954,1.0177194408864998,0.4521127441273781,-0.14529296971982605,2,1.2581339668556293,0,1,0,0,0,0,0,2,0,0,0,0,0
13,0.7407326956815721,-0.4981075397435976,-0.43427655070294097,0.6147010257377248,0,-0.35427290040424014,0,0,0,1,0,0,0,0,0,0,0,0,1
54,0.4385768515256023,-0.3761904536237241,-0.5622559522349857,0.6147010257377248,0,-0.829519413643633,1,0,0,0,0,0,0,0,0,0,0,0,1
142,0.20762560795863036,-0.22174690730544638,-0.4173018343601306,-0.9052869651773768,0,-0.03328578874065527,0,0,0,0,1,0,0,0,0,0,0,0,1
92,0.8445864344413765,-0.8705751691755431,-0.2768351416516325,0.8046995246021125,0,-0.6248502124184935,1,0,0,0,0,0,0,0,0,0,0,0,1
35,0.6011599987965244,-0.6068030014459013,-0.544545466619914,0.9946980234665002,0,-0.6686974354911406,0,0,1,0,0,0,0,0,0,0,0,0,0
87,0.3291811201388895,-0.5441181906402285,-0.6788569831328753,0.4247025268733371,0,-0.3824019348503688,0,1,0,0,0,0,0,0,0,0,0,0,1
124,0.6540890037452556,-0.8160574649792502,-1.2391588545392942,-0.7152884663129891,0,-1.2031198046445253,0,0,0,0,1,0,0,0,0,0,0,0,1
140,0.8211270579955481,-1.127551348708158,-1.0601330941468274,-0.5252899674486015,0,-0.921465112055533,0,0,0,0,1,0,0,0,0,0,0,0,1
110,0.4072251158517818,-0.5934627057048354,-0.6739330429991417,-0.14529296971982605,0,-0.13675972494702254,1,0,0,0,0,0,0,0,0,0,0,0,0
56,-2.7501337051038597,0.7573538710448432,1.1620503577838586,-0.14529296971982605,2,0.8498018238924656,1,0,0,0,0,0,2,0,0,0,0,0,0
148,-0.6806168979914329,1.7403995922432274,1.5443258585630333,0.9946980234665002,1,2.560796913543565,0,0,0,0,1,0,0,0,0,0,1,0,0
24,-2.344122048566307,0.793312820011672,0.8280969369076001,0.8046995246021125,2,0.6554486666621949,0,0,1,0,0,0,0,0,2,0,0,0,0
3,0.7835082455194236,-0.5362768529714969,-0.898957350657006,0.23470402800894935,0,-0.36151213735545046,0,0,0,1,0,0,0,0,0,0,0,0,1
137,0.6903733883222437,-0.785365729465504,-1.0442505310428574,0.6147010257377248,0,-0.8803416693015039,0,0,0,0,1,0,0,0,0,0,0,0,1
135,0.8590329851059717,-1.0932919784839112,-0.4318651669755144,-1.47528246177054,0,-0.8644060103474139,0,0,0,0,1,0,0,0,0,0,0,0,1
80,0.6764769010612613,-0.7904715800807489,-1.5618805353693874,-1.8552794594993154,0,-0.5313883683589445,0,1,0,0,0,0,0,0,0,0,0,0,1
78,-0.49186887080798847,1.5982034292388005,1.4417259435401013,-1.2852839629061523,1,2.325317181673223,0,1,0,0,0,0,0,1,0,0,0,0,1
47,-2.5046840203435257,0.6818492256678579,0.5827053507963547,0.9946980234665002,2,0.9185036962919458,1,0,0,0,0,0,2,0,0,0,0,0,0
122,-1.476076712217983,2.008145649809295,1.8270131029191168,-1.0952854640417646,2,1.4085416457750253,0,0,0,0,1,0,0,0,0,0,2,0,0
5,-0.45167828223904755,1.1978345167031514,1.8171131704315873,0.23470402800894935,1,0.6921017467126871,0,0,0,1,0,0,0,0,0,1,0,0,1
40,0.7947628643943812,-1.1178728649985321,-0.8323861883069975,0.8046995246021125,0,-2.5094477978387704,0,0,1,0,0,0,0,0,0,0,0,0,1
11,0.8836658726759392,-0.8740654801664903,-0.6658099877571334,0.044705529144561655,0,-0.9946220089326006,0,0,0,1,0,0,0,0,0,0,0,0,1
97,0.5802383111671098,-0.6133000595661697,-0.1405974457680445,-1.2852839629061523,0,-0.2429588856852284,1,0,0,0,0,0,0,0,0,0,0,0,1
62,0.7131172445439711,-0.5227263011585528,-0.8184503332202685,1.5646935200596632,0,-0.3335823818194815,0,1,0,0,0,0,0,0,0,0,0,0,1
54,0.4385768515256023,-0.3761904536237241,-0.5622559522349857,0.6147010257377248,0,-0.29699527729790115,1,0,0,0,0,0,0,0,0,0,0,0,1
124,0.6540890037452556,-0.8160574649792502,-1.2391588545392942,-0.7152884663129891,0,-0.6108515839222447,0,0,0,0,1,0,0,0,0,0,0,0,1
3,0.7835082455194236,-0.5362768529714969,-0.898957350657006,0.23470402800894935,0,-0.21825656739356272,0,0,0,1,0,0,0,0,0,0,0,0,0
59,0.6243319687747093,-0.7343586820128495,-1.0351599987055027,-1.6652809606349277,0,-0.3721249032834125,1,0,0,0,0,0,0,0,0,0,0,0,1
30,0.8994463162754491,-1.1530952875169582,-1.1322444734329258,1.1846965223308878,0,-0.9847153612230256,0,0,1,0,0,0,0,0,0,0,0,0,1
43,-0.5362326291556553,1.3821815505789712,1.456308739033318,0.4247025268733371,1,1.3251848102185537,0,0,1,0,0,0,0,0,1,0,0,0,1
9,0.37292262858513153,-0.49504293376147385,-0.26843925490163933,-0.9052869651773768,0,-0.39929719635324684,0,0,0,1,0,0,0,0,0,0,0,0,1
110,0.4072251158517818,-0.5934627057048354,-0.6739330429991417,-0.14529296971982605,0,-0.5125403191255566,1,0,0,0,0,0,0,0,0,0,0,0,1
21,-2.7676530217861797,0.6985240642502534,0.31180836380932325,0.23470402800894935,2,0.930475816111056,0,0,0,1,0,0,0,0,0,2,0,0,0
98,0.699758221626367,-0.9317558249441866,-0.5340336397585176,0.9946980234665002,0,-0.7605444771624128,1,0,0,0,0,0,0,0,0,0,0,0,1
51,0.4603761052363052,-0.2619855889323155,-0.6336115049159111,1.1846965223308878,0,-0.7357262379317319,1,0,0,0,0,0,0,0,0,0,0,0,1
142,0.20762560795863036,-0.22174690730544638,-0.4173018343601306,-0.9052869651773768,0,-0.6207857372611594,0,0,0,0,1,0,0,0,0,0,0,0,1
32,-1.0341189394750192,2.184606312461486,2.4801445704931173,-0.7152884663129891,1,1.0757916939662664,1,0,0,0,0,0,1,0,0,0,0,0,0
22,0.8623717801079255,-0.8396147420954507,-0.35312544696697257,-1.2852839629061523,0,-1.1840986321103852,0,0,1,0,0,0,0,0,0,0,0,0,1
97,0.5802383111671098,-0.6133000595661697,-0.1405974457680445,-1.2852839629061523,0,-0.5588958888465464,1,0,0,0,0,0,0,0,0,0,0,0,1
16,0.21959235036825592,1.2561008669520632,0.5017135098894712,-1.6652809606349277,0,1.137992818277596,0,0,1,0,0,0,0,0,0,0,0,0,1
114,-0.43384167408889446,0.9148979635939658,2.10097912665727,1.5646935200596632,0,0.5289754861539789,1,0,0,0,0,0,0,0,0,0,0,0,1
51,0.4603761052363052,-0.2619855889323155,-0.6336115049159111,1.1846965223308878,0,0.7871112467233518,1,0,0,0,0,0,0,0,0,0,0,0,0
102,0.6484176629626337,-0.6110760714536377,-0.4339534015937101,-0.9052869651773768,0,-0.540462960026225,1,0,0,0,0,0,0,0,0,0,0,0,1
52,0.4115905262319561,-0.46252089123866197,-0.12288851185595892,1.1846965223308878,0,-0.4423495200848213,0,0,1,0,0,0,0,0,0,0,0,0,1
110,0.4072251158517818,-0.5934627057048354,-0.6739330429991417,-0.14529296971982605,0,-0.3974151172632668,1,0,0,0,0,0,0,0,0,0,0,0,0
108,-0.5785143810257847,0.9937179674315499,1.0592202097888943,-0.5252899674486015,1,0.6981877336550086,1,0,0,0,0,0,1,0,0,0,0,0,1
14,-0.7618273357298131,1.582321823073024,1.3386654494707158,-0.7152884663129891,1,1.1767975445323398,0,0,1,0,0,0,0,0,1,0,0,0,0
75,-0.9536307757207662,1.9969399054105164,1.8021985275224652,2.8946830121103773,1,1.816410994942036,1,0,0,0,0,0,1,0,0,0,0,0,0
52,0.4115905262319561,-0.46252089123866197,-0.12288851185595892,1.1846965223308878,0,-0.5977254887647764,0,0,1,0,0,0,0,0,0,0,0,0,1
122,-1.476076712217983,2.008145649809295,1.8270131029191168,-1.0952854640417646,2,1.9423263114497018,0,0,0,0,1,0,0,0,0,0,2,0,1
96,0.8316279217379663,-0.9365823448414491,-0.4407835491983754,0.044705529144561655,0,-0.71782708397197,1,0,0,0,0,0,0,0,0,0,0,0,1
15,-1.0662090005941842,1.6282472257747163,0.9084553795449245,-0.14529296971982605,1,1.0164182302334774,0,0,1,0,0,0,0,0,1,0,0,0,1
78,-0.49186887080798847,1.5982034292388005,1.4417259435401013,-1.2852839629061523,1,1.0697602128685024,0,1,0,0,0,0,0,1,0,0,0,0,1
76,0.1408167633547376,0.49801409431163635,0.2718437585817132,-1.0952854640417646,0,0.7866092835977224,0,1,0,0,0,0,0,0,0,0,0,0,1
6,0.1719788116721598,0.05240828769427301,-0.16026262363182758,-2.4252749560924785,0,0.3623092842067965,0,0,0,1,0,0,0,0,0,0,0,0,0
32,-1.0341189394750192,2.184606312461486,2.4801445704931173,-0.7152884663129891,1,1.7853599109247948,1,0,0,0,0,0,1,0,0,0,0,0,0
87,0.3291811201388895,-0.5441181906402285,-0.6788569831328753,0.4247025268733371,0,-0.1362434643281435,0,1,0,0,0,0,0,0,0,0,0,0,1
18,-2.4343978230082954,1.0177194408864998,0.4521127441273781,-0.14529296971982605,2,1.2964410087832743,0,1,0,0,0,0,0,2,0,0,0,0,1
114,-0.43384167408889446,0.9148979635939658,2.10097912665727,1.5646935200596632,0,0.8924754115702648,1,0,0,0,0,0,0,0,0,0,0,0,1
43,-0.5362326291556553,1.3821815505789712,1.456308739033318,0.4247025268733371,1,1.7730257026754215,0,0,1,0,0,0,0,0,1,0,0,0,0
136,0.2523266582218214,-0.18408511239477296,0.06133515553783667,-1.0952854640417646,0,-0.13796468762885905,0,0,0,0,1,0,0,0,0,0,0,0,1
75,-0.9536307757207662,1.9969399054105164,1.8021985275224652,2.8946830121103773,1,1.584446354836559,1,0,0,0,0,0,1,0,0,0,0,0,1
135,0.8590329851059717,-1.0932919784839112,-0.4318651669755144,-1.47528246177054,0,-1.390405375821077,0,0,0,0,1,0,0,0,0,0,0,0,1
100,0.749518392531599,-1.006279002020887,-1.2034575986084581,-1.2852839629061523,0,-0.835632849236466,1,0,0,0,0,0,0,0,0,0,0,0,1
139,0.5837145758137556,-0.589336051094232,-0.6046010879164883,0.4247025268733371,0,-0.6722089793793636,0,0,0,0,1,0,0,0,0,0,0,0,1
19,0.41532431423418525,-0.6571303014721108,-0.7501408747855717,0.044705529144561655,0,-0.704839989327217,0,1,0,0,0,0,0,0,0,0,0,0,1
15,-1.0662090005941842,1.6282472257747163,0.9084553795449245,-0.14529296971982605,1,1.4191752459194296,0,0,1,0,0,0,0,0,1,0,0,0,0
27,0.5868563428230743,-0.128963105635196,-0.14672158137823135,-1.0952854640417646,0,-0.5880700533777269,0,0,1,0,0,0,0,0,0,0,0,0,1
63,0.7229609979473463,-0.10936015689958539,-0.12096587909777386,-0.14529296971982605,0,-0.2319147970679844,0,1,0,0,0,0,0,0,0,0,0,0,1
72,-0.8119410195019346,1.5684677119960315,1.8939026463982478,0.23470402800894935,1,1.3919572570154657,0,1,0,0,0,0,0,1,0,0,0,0,1
38,-1.7965354299615945,1.4952750914331256,0.8465973008691576,-0.7152884663129891,2,1.4191752459194296,0,0,1,0,0,0,0,0,2,0,0,0,1
71,0.39617430401842063,-0.5265553816936333,-0.6520679608564841,0.8046995246021125,0,-0.23084822458886836,0,1,0,0,0,0,0,0,0,0,0,0,1
63,0.7229609979473463,-0.10936015689958539,-0.12096587909777386,-0.14529296971982605,0,0.04910032919450471,0,1,0,0,0,0,0,0,0,0,0,0,0
42,0.8719222867414198,-1.4814140890005991,-1.1392712444449196,-0.7152884663129891,0,-1.5444739988773186,0,0,1,0,0,0,0,0,0,0,0,0,1
58,0.3112484123582404,-0.13923291907309093,-0.3105121175681538,0.044705529144561655,0,0.17738576518345753,1,0,0,0,0,0,0,0,0,0,0,0,1
45,-2.8517285660606486,0.7266761270872851,0.7627815300785532,2.324687515517214,2,0.6450607829807791,0,0,1,0,0,0,0,0,2,0,0,0,0
73,0.5954685842064011,-0.7202236558591159,-0.4782030303955875,0.8046995246021125,0,-0.8071400513999809,1,0,0,0,0,0,0,0,0,0,0,0,1
116,0.3178236217096313,-0.16359767667756062,-0.31680944558207025,-0.9052869651773768,0,-0.08439604292041018,1,0,0,0,0,0,0,0,0,0,0,0,1
20,-2.4217516321998738,1.1199489577150297,2.6280987022231224,-0.33529146858421377,2,1.0085184733206334,0,0,1,0,0,0,0,0,2,0,0,0,0
108,-0.5785143810257847,0.9937179674315499,1.0592202097888943,-0.5252899674486015,1,0.8140900907134765,1,0,0,0,0,0,1,0,0,0,0,0,1
85,-0.6431577254499988,1.6644709085746359,1.47068889288518,1.3746950211952755,1,1.387362128238194,0,1,0,0,0,0,0,1,0,0,0,0,1
80,0.6764769010612613,-0.7904715800807489,-1.5618805353693874,-1.8552794594993154,0,-0.6183497611276497,0,1,0,0,0,0,0,0,0,0,0,0,1
21,-2.7676530217861797,0.6985240642502534,0.31180836380932325,0.23470402800894935,2,0.930475816111056,0,0,0,1,0,0,0,0,0,2,0,0,0
111,-0.6700050794587804,1.543549407313917,1.1701659444693266,-1.8552794594993154,1,0.4888163718239671,1,0,0,0,0,0,1,0,0,0,0,0,1
56,-2.7501337051038597,0.7573538710448432,1.1620503577838586,-0.14529296971982605,2,0.8498018238924656,1,0,0,0,0,0,2,0,0,0,0,0,0
17,-0.216094144145666,0.5684545686580579,0.13318035259690775,0.6147010257377248,0,1.5157206842203463,0,0,1,0,0,0,0,0,0,0,0,0,0
62,0.7131172445439711,-0.5227263011585528,-0.8184503332202685,1.5646935200596632,0,-0.06099232627315147,0,1,0,0,0,0,0,0,0,0,0,0,0
95,0.5954685842064011,-0.6255228636459196,-0.8176952131316845,0.8046995246021125,0,-0.22498901961825263,1,0,0,0,0,0,0,0,0,0,0,0,1
131,0.7795899707999938,-0.9387925848847133,-0.4271797432259956,0.044705529144561655,0,-0.6444387214649604,0,1,0,0,0,0,0,0,0,0,0,0,1
63,0.7229609979473463,-0.10936015689958539,-0.12096587909777386,-0.14529296971982605,0,-0.10901126453982037,0,1,0,0,0,0,0,0,0,0,0,0,1
90,-1.686864809997518,1.466103265290234,0.0976579672697802,0.23470402800894935,2,1.634551860769447,1,0,0,0,0,0,2,0,0,0,0,0,0
89,0.19688002383044065,0.2573054397215892,-0.2718394827699518,0.8046995246021125,0,-0.19815171618922492,0,0,0,1,0,0,0,0,0,0,0,0,1
131,0.7795899707999938,-0.9387925848847133,-0.4271797432259956,0.044705529144561655,0,-1.1350212539981126,0,1,0,0,0,0,0,0,0,0,0,0,1
34,0.557947263245004,-0.6131880188226092,-0.5788228591444924,1.1846965223308878,0,-0.6195674955349612,0,0,1,0,0,0,0,0,0,0,0,0,1
61,0.8506607372710999,-0.8671196883049148,-0.6140864249192279,1.1846965223308878,0,-0.37529758541356556,0,1,0,0,0,0,0,0,0,0,0,0,1
108,-0.5785143810257847,0.9937179674315499,1.0592202097888943,-0.5252899674486015,1,0.1409904458056997,1,0,0,0,0,0,1,0,0,0,0,0,1
32,-1.0341189394750192,2.184606312461486,2.4801445704931173,-0.7152884663129891,1,2.0242593911840516,1,0,0,0,0,0,1,0,0,0,0,0,0
10,0.8944100044883714,-0.9042156872234491,-0.570120787160374,0.8046995246021125,0,-0.9946220089326006,0,0,0,1,0,0,0,0,0,0,0,0,1
26,-1.7158982377047827,1.8471569501199987,1.7057295448363428,0.9946980234665002,2,1.2674118578925881,0,0,1,0,0,0,0,0,2,0,0,0,0
25,-1.7628263678899887,1.4498047182125795,0.584622380062202,-0.5252899674486015,2,0.9533257857346596,0,1,0,0,0,0,0,2,0,0,0,0,0
79,-0.06786942641887178,0.36944756736185524,-0.2042326804366343,-0.9052869651773768,0,0.325513726173476,1,0,0,0,0,0,0,0,0,0,0,0,1
31,-0.6477068319312879,1.323288078781502,2.643086533744072,-1.6652809606349277,1,0.7065837065486665,0,0,0,1,0,0,0,0,0,1,0,0,1
42,0.8719222867414198,-1.4814140890005991,-1.1392712444449196,-0.7152884663129891,0,-1.6015674013343646,0,0,1,0,0,0,0,0,0,0,0,0,1
39,0.6484176629626337,-0.6268169021022602,-1.3414694560000502,-0.9052869651773768,0,0.040042106100713924,0,0,1,0,0,0,0,0,0,0,0,0,0
38,-1.7965354299615945,1.4952750914331256,0.8465973008691576,-0.7152884663129891,2,1.4563407945427587,0,0,1,0,0,0,0,0,2,0,0,0,0
123,0.571438167048103,-0.6840795948613619,-0.9021211614649218,0.044705529144561655,0,-0.5644684225599546,0,0,0,0,1,0,0,0,0,0,0,0,1
17,-0.216094144145666,0.5684545686580579,0.13318035259690775,0.6147010257377248,0,0.3349025826611813,0,0,1,0,0,0,0,0,0,0,0,0,1
79,-0.06786942641887178,0.36944756736185524,-0.2042326804366343,-0.9052869651773768,0,0.5266445285326186,1,0,0,0,0,0,0,0,0,0,0,0,1
74,0.7229609979473463,-1.5103695110581181,-1.1802316330172162,-0.14529296971982605,0,-1.8899729900721793,0,0,0,1,0,0,0,0,0,0,0,0,1
126,0.27288075850196764,-0.008865798446604262,0.10985525972984662,-0.7152884663129891,0,0.030955736224753703,0,0,0,0,1,0,0,0,0,0,0,0,1
15,-1.0662090005941842,1.6282472257747163,0.9084553795449245,-0.14529296971982605,1,1.7873214347958124,0,0,1,0,0,0,0,0,1,0,0,0,0
121,0.8282062919792007,-0.851095731236515,-0.3735646324671911,-0.14529296971982605,0,-0.5367113448425321,1,0,0,0,0,0,0,0,0,0,0,0,1
28,-0.3652449498354038,0.996586460244493,2.103074662036828,0.044705529144561655,1,0.5581603120673777,0,0,1,0,0,0,0,0,1,0,0,0,1
56,-2.7501337051038597,0.7573538710448432,1.1620503577838586,-0.14529296971982605,2,1.0426360041833376,1,0,0,0,0,0,2,0,0,0,0,0,0
138,0.8098761325572423,-0.836674845801153,-0.8422281012524391,-1.0952854640417646,0,-1.1818834326752623,0,0,0,0,1,0,0,0,0,0,0,0,1
119,-1.6551616418114246,1.4390779241391296,1.1887650990216085,-0.5252899674486015,2,1.1071138770926763,1,0,0,0,0,0,2,0,0,0,0,0,0
90,-1.686864809997518,1.466103265290234,0.0976579672697802,0.23470402800894935,2,1.634551860769447,1,0,0,0,0,0,2,0,0,0,0,0,0
96,0.8316279217379663,-0.9365823448414491,-0.4407835491983754,0.044705529144561655,0,-1.2809754612118396,1,0,0,0,0,0,0,0,0,0,0,0,1
33,0.6011599987965244,-0.6063342631501952,-0.6314189384589611,0.9946980234665002,0,-0.5924915041160055,0,0,1,0,0,0,0,0,0,0,0,0,1
40,0.7947628643943812,-1.1178728649985321,-0.8323861883069975,0.8046995246021125,0,-0.9828759611427755,0,0,1,0,0,0,0,0,0,0,0,0,1
80,0.6764769010612613,-0.7904715800807489,-1.5618805353693874,-1.8552794594993154,0,-0.5006267707012593,0,1,0,0,0,0,0,0,0,0,0,0,1
82,0.43099450240883586,-0.49403836800935974,-0.2876567344431154,0.4247025268733371,0,-0.6497666024560536,0,1,0,0,0,0,0,0,0,0,0,0,1
41,-0.36097776354714145,0.9301598485369481,1.3561384079006145,-1.0952854640417646,0,0.06793547280242282,0,0,1,0,0,0,0,0,0,0,0,0,1
4,0.8174639659923786,-0.8919133713132138,-0.8631966977018697,-0.7152884663129891,0,-0.5936985154902521,0,0,0,1,0,0,0,0,0,0,0,0,1
24,-2.344122048566307,0.793312820011672,0.8280969369076001,0.8046995246021125,2,0.8582640457688419,0,0,1,0,0,0,0,0,2,0,0,0,0
83,0.7275520198620213,-0.5637364070823583,-1.1515332948201789,0.044705529144561655,0,-0.4781045428370012,0,1,0,0,0,0,0,0,0,0,0,0,1
31,-0.6477068319312879,1.323288078781502,2.643086533744072,-1.6652809606349277,1,1.012122480202286,0,0,0,1,0,0,0,0,0,1,0,0,1
98,0.699758221626367,-0.9317558249441866,-0.5340336397585176,0.9946980234665002,0,-0.7605444771624128,1,0,0,0,0,0,0,0,0,0,0,0,1
83,0.7275520198620213,-0.5637364070823583,-1.1515332948201789,0.044705529144561655,0,-0.5129317502460351,0,1,0,0,0,0,0,0,0,0,0,0,1
49,-2.8306517767246246,0.7355700264671651,0.5936632702315654,1.754692018924051,2,0.6450607829807791,0,0,1,0,0,0,0,0,2,0,0,0,0
143,0.636665004955273,-0.6176826362864679,-0.9534319304906913,-1.2852839629061523,0,-0.4717289237821046,0,0,0,0,1,0,0,0,0,0,0,0,1
56,-2.7501337051038597,0.7573538710448432,1.1620503577838586,-0.14529296971982605,2,0.5280159050906811,1,0,0,0,0,0,2,0,0,0,0,0,0
80,0.6764769010612613,-0.7904715800807489,-1.5618805353693874,-1.8552794594993154,0,-0.10730699465759275,0,1,0,0,0,0,0,0,0,0,0,0,0
107,-0.7904156161072389,2.1470811184540333,1.698761831375732,-2.805271953821254,1,1.374559863681535,1,0,0,0,0,0,1,0,0,0,0,0,1
57,0.8414513104002286,-1.5283443989530991,-1.2665670015914527,0.6147010257377248,0,-2.2572064911002956,1,0,0,0,0,0,0,0,0,0,0,0,1
117,0.698366237690158,-0.997379566363776,-1.1364031117008466,-1.0952854640417646,0,-0.640142508441533,1,0,0,0,0,0,0,0,0,0,0,0,1
99,0.6951157243003914,-0.9436623991337402,-0.7024983918234182,0.8046995246021125,0,-0.4786848344574604,1,0,0,0,0,0,0,0,0,0,0,0,1
35,0.6011599987965244,-0.6068030014459013,-0.544545466619914,0.9946980234665002,0,-0.2720144584805468,0,0,1,0,0,0,0,0,0,0,0,0,1
25,-1.7628263678899887,1.4498047182125795,0.584622380062202,-0.5252899674486015,2,1.081697307338302,0,1,0,0,0,0,0,2,0,0,0,0,0
8,0.87495942103483,-0.8984325713737316,-0.5130526742349769,-0.5252899674486015,0,-0.9946220089326006,0,0,1,0,0,0,0,0,0,0,0,0,1
115,0.5837145758137556,-0.6097811663211553,-0.7158215384941234,0.4247025268733371,0,-0.45268504948471877,1,0,0,0,0,0,0,0,0,0,0,0,1
34,0.557947263245004,-0.6131880188226092,-0.5788228591444924,1.1846965223308878,0,-0.48081355616840427,0,0,1,0,0,0,0,0,0,0,0,0,1
79,-0.06786942641887178,0.36944756736185524,-0.2042326804366343,-0.9052869651773768,0,0.30486989753911725,1,0,0,0,0,0,0,0,0,0,0,0,1
57,0.8414513104002286,-1.5283443989530991,-1.2665670015914527,0.6147010257377248,0,-2.2572064911002956,1,0,0,0,0,0,0,0,0,0,0,0,1
2,0.7873413403536483,-1.5406960664772213,-1.3308391136178341,0.4247025268733371,0,-2.201586490383834,0,0,0,1,0,0,0,0,0,0,0,0,1
70,0.7320421401961541,-1.5234907131179805,-1.5084354987500674,0.23470402800894935,0,-1.6220880903280588,0,1,0,0,0,0,0,0,0,0,0,0,1
64,0.7873413403536483,-1.4919267395728504,-1.0766909350482308,0.4247025268733371,0,-2.1842033326588233,0,1,0,0,0,0,0,0,0,0,0,0,1
58,0.3112484123582404,-0.13923291907309093,-0.3105121175681538,0.044705529144561655,0,0.6592526999116178,1,0,0,0,0,0,0,0,0,0,0,0,0
76,0.1408167633547376,0.49801409431163635,0.2718437585817132,-1.0952854640417646,0,0.6062080834914603,0,1,0,0,0,0,0,0,0,0,0,0,1
132,-0.013756060275637085,0.3838628894046642,-0.16758445331811073,-0.14529296971982605,0,0.3964971844162096,0,0,0,0,1,0,0,0,0,0,0,0,1
121,0.8282062919792007,-0.851095731236515,-0.3735646324671911,-0.14529296971982605,0,-0.6248502124184935,1,0,0,0,0,0,0,0,0,0,0,0,1
101,0.7275520198620213,-0.9609850058121482,-0.6735695044943646,0.044705529144561655,0,-0.6444387214649604,1,0,0,0,0,0,0,0,0,0,0,0,1
54,0.4385768515256023,-0.3761904536237241,-0.5622559522349857,0.6147010257377248,0,-0.5205751486573563,1,0,0,0,0,0,0,0,0,0,0,0,1
43,-0.5362326291556553,1.3821815505789712,1.456308739033318,0.4247025268733371,1,1.0178100923110025,0,0,1,0,0,0,0,0,1,0,0,0,0
4,0.8174639659923786,-0.8919133713132138,-0.8631966977018697,-0.7152884663129891,0,-1.0219813878192128,0,0,0,1,0,0,0,0,0,0,0,0,1
91,0.30197982181992733,-0.20291795588207354,-0.2588889040503444,-0.14529296971982605,0,0.2108897101647518,1,0,0,0,0,0,0,0,0,0,0,0,1
72,-0.8119410195019346,1.5684677119960315,1.8939026463982478,0.23470402800894935,1,1.662311112135622,0,1,0,0,0,0,0,1,0,0,0,0,1
1,-1.7425855298397428,1.4435683236909782,0.755493055739396,1.754692018924051,2,1.0616607589665117,0,0,0,1,0,0,0,0,0,2,0,0,0
90,-1.686864809997518,1.466103265290234,0.0976579672697802,0.23470402800894935,2,1.4197817138471809,1,0,0,0,0,0,2,0,0,0,0,0,1
131,0.7795899707999938,-0.9387925848847133,-0.4271797432259956,0.044705529144561655,0,-1.645059034699605,0,1,0,0,0,0,0,0,0,0,0,0,1
34,0.557947263245004,-0.6131880188226092,-0.5788228591444924,1.1846965223308878,0,-0.7518234935441537,0,0,1,0,0,0,0,0,0,0,0,0,1
17,-0.216094144145666,0.5684545686580579,0.13318035259690775,0.6147010257377248,0,0.3349025826611813,0,0,1,0,0,0,0,0,0,0,0,0,1
9,0.37292262858513153,-0.49504293376147385,-0.26843925490163933,-0.9052869651773768,0,-0.4872090350061956,0,0,0,1,0,0,0,0,0,0,0,0,1
33,0.6011599987965244,-0.6063342631501952,-0.6314189384589611,0.9946980234665002,0,-0.33045461450459196,0,0,1,0,0,0,0,0,0,0,0,0,1
134,-1.1483563674384258,1.4644828359650577,1.593681064379727,0.8046995246021125,1,0.9313120317046443,0,0,0,0,1,0,0,0,0,0,1,0,0
130,0.7630056452433375,-1.1133002572992534,-0.5927498925862508,-0.7152884663129891,0,-0.8644060103474139,0,0,0,0,1,0,0,0,0,0,0,0,1
45,-2.8517285660606486,0.7266761270872851,0.7627815300785532,2.324687515517214,2,0.20859665033439054,0,0,1,0,0,0,0,0,2,0,0,0,0
97,0.5802383111671098,-0.6133000595661697,-0.1405974457680445,-1.2852839629061523,0,-0.4827501033790255,1,0,0,0,0,0,0,0,0,0,0,0,1
79,-0.06786942641887178,0.36944756736185524,-0.2042326804366343,-0.9052869651773768,0,0.32595450288796274,1,0,0,0,0,0,0,0,0,0,0,0,1
9,0.37292262858513153,-0.49504293376147385,-0.26843925490163933,-0.9052869651773768,0,-0.3013616358736121,0,0,0,1,0,0,0,0,0,0,0,0,1
138,0.8098761325572423,-0.836674845801153,-0.8422281012524391,-1.0952854640417646,0,-1.0126783140975046,0,0,0,0,1,0,0,0,0,0,0,0,1
111,-0.6700050794587804,1.543549407313917,1.1701659444693266,-1.8552794594993154,1,1.3818384251306226,1,0,0,0,0,0,1,0,0,0,0,0,0
90,-1.686864809997518,1.466103265290234,0.0976579672697802,0.23470402800894935,2,1.3068591729993102,1,0,0,0,0,0,2,0,0,0,0,0,1
122,-1.476076712217983,2.008145649809295,1.8270131029191168,-1.0952854640417646,2,1.9240108709798263,0,0,0,0,1,0,0,0,0,0,2,0,0
74,0.7229609979473463,-1.5103695110581181,-1.1802316330172162,-0.14529296971982605,0,-1.664727225595357,0,0,0,1,0,0,0,0,0,0,0,0,1
50,0.41095822980262053,-0.23896483537564048,-0.5632507939667125,-1.2852839629061523,0,-0.0852414033325207,1,0,0,0,0,0,0,0,0,0,0,0,1
3,0.7835082455194236,-0.5362768529714969,-0.898957350657006,0.23470402800894935,0,-0.3548291289538345,0,0,0,1,0,0,0,0,0,0,0,0,1
70,0.7320421401961541,-1.5234907131179805,-1.5084354987500674,0.23470402800894935,0,-1.6015674013343646,0,1,0,0,0,0,0,0,0,0,0,0,1
42,0.8719222867414198,-1.4814140890005991,-1.1392712444449196,-0.7152884663129891,0,-2.527713090863871,0,0,1,0,0,0,0,0,0,0,0,0,1
36,-0.3013556766395101,0.9855648400200623,0.9113744608395141,0.8046995246021125,1,0.9070846010198836,0,0,1,0,0,0,0,0,1,0,0,0,0
68,0.7134623319169836,-0.15222737396103334,-0.16937230144714704,-0.5252899674486015,0,0.058774531383370764,0,1,0,0,0,0,0,0,0,0,0,0,1
87,0.3291811201388895,-0.5441181906402285,-0.6788569831328753,0.4247025268733371,0,-0.5339500734558984,0,1,0,0,0,0,0,0,0,0,0,0,1
139,0.5837145758137556,-0.589336051094232,-0.6046010879164883,0.4247025268733371,0,-0.22498901961825263,0,0,0,0,1,0,0,0,0,0,0,0,1
107,-0.7904156161072389,2.1470811184540333,1.698761831375732,-2.805271953821254,1,1.3103236623908032,1,0,0,0,0,0,1,0,0,0,0,0,1
108,-0.5785143810257847,0.9937179674315499,1.0592202097888943,-0.5252899674486015,1,0.9358473199442459,1,0,0,0,0,0,1,0,0,0,0,0,1
82,0.43099450240883586,-0.49403836800935974,-0.2876567344431154,0.4247025268733371,0,-0.3286163129534113,0,1,0,0,0,0,0,0,0,0,0,0,1
27,0.5868563428230743,-0.128963105635196,-0.14672158137823135,-1.0952854640417646,0,-0.1291970220911031,0,0,1,0,0,0,0,0,0,0,0,0,1
138,0.8098761325572423,-0.836674845801153,-0.8422281012524391,-1.0952854640417646,0,-0.582051556094339,0,0,0,0,1,0,0,0,0,0,0,0,1
140,0.8211270579955481,-1.127551348708158,-1.0601330941468274,-0.5252899674486015,0,0.2913728310223451,0,0,0,0,1,0,0,0,0,0,0,0,1
103,-2.0718162968765546,0.3708976950805329,0.269305075539882,-1.2852839629061523,2,1.1384379507031883,0,1,0,0,0,0,0,2,0,0,0,0,1
113,0.23927994985554413,-0.1777783432435181,0.3065056136374489,-0.33529146858421377,0,-0.0852414033325207,1,0,0,0,0,0,0,0,0,0,0,0,1
107,-0.7904156161072389,2.1470811184540333,1.698761831375732,-2.805271953821254,1,0.9470360624192443,1,0,0,0,0,0,1,0,0,0,0,0,0
29,0.8282062919792007,-0.8808244674849,-0.5624359792255084,-0.14529296971982605,0,-0.6342200006200504,0,0,1,0,0,0,0,0,0,0,0,0,1
133,0.011516665670379445,0.47816069958173024,0.15388538998420156,0.23470402800894935,0,0.5266445285326186,0,0,0,0,1,0,0,0,0,0,0,0,1
82,0.43099450240883586,-0.49403836800935974,-0.2876567344431154,0.4247025268733371,0,-0.3286163129534113,0,1,0,0,0,0,0,0,0,0,0,0,1
143,0.636665004955273,-0.6176826362864679,-0.9534319304906913,-1.2852839629061523,0,-1.1157148461189013,0,0,0,0,1,0,0,0,0,0,0,0,1
99,0.6951157243003914,-0.9436623991337402,-0.7024983918234182,0.8046995246021125,0,-0.4786848344574604,1,0,0,0,0,0,0,0,0,0,0,0,1
80,0.6764769010612613,-0.7904715800807489,-1.5618805353693874,-1.8552794594993154,0,-0.5742459827887958,0,1,0,0,0,0,0,0,0,0,0,0,1
94,0.8779275295488443,-0.8909817385797031,-0.8887889027719983,-0.33529146858421377,0,-0.37529758541356556,1,0,0,0,0,0,0,0,0,0,0,0,1
74,0.7229609979473463,-1.5103695110581181,-1.1802316330172162,-0.14529296971982605,0,-2.0487374165456993,0,0,0,1,0,0,0,0,0,0,0,0,1
12,0.8445864344413765,-0.8591353314034568,-0.4076848427469738,0.8046995246021125,0,-0.5579019100541608,0,0,0,1,0,0,0,0,0,0,0,0,1
142,0.20762560795863036,-0.22174690730544638,-0.4173018343601306,-0.9052869651773768,0,-0.31175794261894346,0,0,0,0,1,0,0,0,0,0,0,0,1
97,0.5802383111671098,-0.6133000595661697,-0.1405974457680445,-1.2852839629061523,0,-0.5740461135989312,1,0,0,0,0,0,0,0,0,0,0,0,1
92,0.8445864344413765,-0.8705751691755431,-0.2768351416516325,0.8046995246021125,0,-0.541055760551514,1,0,0,0,0,0,0,0,0,0,0,0,1
100,0.749518392531599,-1.006279002020887,-1.2034575986084581,-1.2852839629061523,0,-0.8450462959426079,1,0,0,0,0,0,0,0,0,0,0,0,0
30,0.8994463162754491,-1.1530952875169582,-1.1322444734329258,1.1846965223308878,0,-2.5094477978387704,0,0,1,0,0,0,0,0,0,0,0,0,1
115,0.5837145758137556,-0.6097811663211553,-0.7158215384941234,0.4247025268733371,0,-0.4862391234973629,1,0,0,0,0,0,0,0,0,0,0,0,1
77,-0.6575427035321258,1.7424298157650362,1.8163409156462293,0.23470402800894935,1,1.6016870014917497,0,1,0,0,0,0,0,1,0,0,0,0,0
50,0.41095822980262053,-0.23896483537564048,-0.5632507939667125,-1.2852839629061523,0,1.0747683567095718,1,0,0,0,0,0,0,0,0,0,0,0,1
56,-2.7501337051038597,0.7573538710448432,1.1620503577838586,-0.14529296971982605,2,0.8498018238924656,1,0,0,0,0,0,2,0,0,0,0,0,0
62,0.7131172445439711,-0.5227263011585528,-0.8184503332202685,1.5646935200596632,0,-0.3335823818194815,0,1,0,0,0,0,0,0,0,0,0,0,1
63,0.7229609979473463,-0.10936015689958539,-0.12096587909777386,-0.14529296971982605,0,0.3743277939344589,0,1,0,0,0,0,0,0,0,0,0,0,0
133,0.011516665670379445,0.47816069958173024,0.15388538998420156,0.23470402800894935,0,0.4287301634154722,0,0,0,0,1,0,0,0,0,0,0,0,1
10,0.8944100044883714,-0.9042156872234491,-0.570120787160374,0.8046995246021125,0,-1.1818834326752623,0,0,0,1,0,0,0,0,0,0,0,0,1
115,0.5837145758137556,-0.6097811663211553,-0.7158215384941234,0.4247025268733371,0,-0.4862391234973629,1,0,0,0,0,0,0,0,0,0,0,0,1
105,0.2782744290039161,-0.384410448702575,0.23238496909487238,0.4247025268733371,0,-0.5180251286832396,1,0,0,0,0,0,0,0,0,0,0,0,1
29,0.8282062919792007,-0.8808244674849,-0.5624359792255084,-0.14529296971982605,0,-1.7041708105417428,0,0,1,0,0,0,0,0,0,0,0,0,1
114,-0.43384167408889446,0.9148979635939658,2.10097912665727,1.5646935200596632,0,1.2444299974553799,1,0,0,0,0,0,0,0,0,0,0,0,1
36,-0.3013556766395101,0.9855648400200623,0.9113744608395141,0.8046995246021125,1,0.6911942384139408,0,0,1,0,0,0,0,0,1,0,0,0,1
113,0.23927994985554413,-0.1777783432435181,0.3065056136374489,-0.33529146858421377,0,-0.0852414033325207,1,0,0,0,0,0,0,0,0,0,0,0,1
58,0.3112484123582404,-0.13923291907309093,-0.3105121175681538,0.044705529144561655,0,0.08218225451428235,1,0,0,0,0,0,0,0,0,0,0,0,1
50,0.41095822980262053,-0.23896483537564048,-0.5632507939667125,-1.2852839629061523,0,-0.17399776949641602,1,0,0,0,0,0,0,0,0,0,0,0,1
75,-0.9536307757207662,1.9969399054105164,1.8021985275224652,2.8946830121103773,1,1.8455635339195786,1,0,0,0,0,0,1,0,0,0,0,0,1
22,0.8623717801079255,-0.8396147420954507,-0.35312544696697257,-1.2852839629061523,0,-1.0219813878192128,0,0,1,0,0,0,0,0,0,0,0,0,1
136,0.2523266582218214,-0.18408511239477296,0.06133515553783667,-1.0952854640417646,0,-0.0852414033325207,0,0,0,0,1,0,0,0,0,0,0,0,1
46,0.5194002161101307,-0.6337818278746727,-0.9679701560557576,0.044705529144561655,0,-0.43357390256863715,0,0,1,0,0,0,0,0,0,0,0,0,1
48,0.16766263121020925,0.32605085053546096,-0.26687040585718486,1.1846965223308878,0,0.6363539152308914,1,0,0,0,0,0,0,0,0,0,0,0,0
77,-0.6575427035321258,1.7424298157650362,1.8163409156462293,0.23470402800894935,1,2.0194882975604322,0,1,0,0,0,0,0,1,0,0,0,0,0
112,0.17764706769534208,1.2871149009542924,1.1243285544636878,1.3746950211952755,0,1.861161554258513,1,0,0,0,0,0,0,0,0,0,0,0,0
141,0.8382480314886213,-0.8544477243555477,-0.951651508455736,0.4247025268733371,0,-0.37529758541356556,0,0,1,0,0,0,0,0,0,0,0,0,1
144,0.10309660860634964,-0.008655822412093747,0.31166173817874393,0.044705529144561655,0,0.2715336056846566,0,0,1,0,0,0,0,0,0,0,0,0,1
49,-2.8306517767246246,0.7355700264671651,0.5936632702315654,1.754692018924051,2,-1.6551658453672071,0,0,1,0,0,0,0,0,2,0,0,0,0
126,0.27288075850196764,-0.008865798446604262,0.10985525972984662,-0.7152884663129891,0,-0.015069596638591384,0,0,0,0,1,0,0,0,0,0,0,0,1
68,0.7134623319169836,-0.15222737396103334,-0.16937230144714704,-0.5252899674486015,0,0.8358902919824894,0,1,0,0,0,0,0,0,0,0,0,0,0
135,0.8590329851059717,-1.0932919784839112,-0.4318651669755144,-1.47528246177054,0,-1.0027104098963309,0,0,0,0,1,0,0,0,0,0,0,0,1
88,0.5868563428230743,-0.609900930429728,-0.9578919694679864,-1.0952854640417646,0,-0.4655597523353666,0,1,0,0,0,0,0,0,0,0,0,0,1
30,0.8994463162754491,-1.1530952875169582,-1.1322444734329258,1.1846965223308878,0,-1.0533641132106792,0,0,1,0,0,0,0,0,0,0,0,0,0
102,0.6484176629626337,-0.6110760714536377,-0.4339534015937101,-0.9052869651773768,0,-0.4595957533196652,1,0,0,0,0,0,0,0,0,0,0,0,1
96,0.8316279217379663,-0.9365823448414491,-0.4407835491983754,0.044705529144561655,0,-0.640142508441533,1,0,0,0,0,0,0,0,0,0,0,0,1
68,0.7134623319169836,-0.15222737396103334,-0.16937230144714704,-0.5252899674486015,0,0.07642786856844672,0,1,0,0,0,0,0,0,0,0,0,0,1
75,-0.9536307757207662,1.9969399054105164,1.8021985275224652,2.8946830121103773,1,1.4252342725327634,1,0,0,0,0,0,1,0,0,0,0,0,0
86,0.5896547736035872,-0.7775309608791905,-0.5982968799555161,0.6147010257377248,0,-0.6977424465681186,0,1,0,0,0,0,0,0,0,0,0,0,1
66,0.7935622906716993,-1.5432498057769413,-1.4771114080245087,-1.8552794594993154,0,-1.3830163985953974,0,1,0,0,0,0,0,0,0,0,0,0,1
130,0.7630056452433375,-1.1133002572992534,-0.5927498925862508,-0.7152884663129891,0,-1.5189617338096912,0,0,0,0,1,0,0,0,0,0,0,0,1
22,0.8623717801079255,-0.8396147420954507,-0.35312544696697257,-1.2852839629061523,0,-0.5367113448425321,0,0,1,0,0,0,0,0,0,0,0,0,1
62,0.7131172445439711,-0.5227263011585528,-0.8184503332202685,1.5646935200596632,0,-0.11498404338624724,0,1,0,0,0,0,0,0,0,0,0,0,1
31,-0.6477068319312879,1.323288078781502,2.643086533744072,-1.6652809606349277,1,1.0670248785166598,0,0,0,1,0,0,0,0,0,1,0,0,0
117,0.698366237690158,-0.997379566363776,-1.1364031117008466,-1.0952854640417646,0,-1.6235184998762977,1,0,0,0,0,0,0,0,0,0,0,0,1
94,0.8779275295488443,-0.8909817385797031,-0.8887889027719983,-0.33529146858421377,0,-0.9091120663054266,1,0,0,0,0,0,0,0,0,0,0,0,1
24,-2.344122048566307,0.793312820011672,0.8280969369076001,0.8046995246021125,2,-0.32990300268521133,0,0,1,0,0,0,0,0,2,0,0,0,0
36,-0.3013556766395101,0.9855648400200623,0.9113744608395141,0.8046995246021125,1,0.7779368289162137,0,0,1,0,0,0,0,0,1,0,0,0,1
51,0.4603761052363052,-0.2619855889323155,-0.6336115049159111,1.1846965223308878,0,0.5407389977418323,1,0,0,0,0,0,0,0,0,0,0,0,0
14,-0.7618273357298131,1.582321823073024,1.3386654494707158,-0.7152884663129891,1,0.9788203655964565,0,0,1,0,0,0,0,0,1,0,0,0,1
52,0.4115905262319561,-0.46252089123866197,-0.12288851185595892,1.1846965223308878,0,-0.0017280306627977559,0,0,1,0,0,0,0,0,0,0,0,0,0
13,0.7407326956815721,-0.4981075397435976,-0.43427655070294097,0.6147010257377248,0,0.6475625071328274,0,0,0,1,0,0,0,0,0,0,0,0,0
56,-2.7501337051038597,0.7573538710448432,1.1620503577838586,-0.14529296971982605,2,0.9573535910287182,1,0,0,0,0,0,2,0,0,0,0,0,0
2,0.7873413403536483,-1.5406960664772213,-1.3308391136178341,0.4247025268733371,0,-2.0487374165456993,0,0,0,1,0,0,0,0,0,0,0,0,1
115,0.5837145758137556,-0.6097811663211553,-0.7158215384941234,0.4247025268733371,0,-0.43357390256863715,1,0,0,0,0,0,0,0,0,0,0,0,1
34,0.557947263245004,-0.6131880188226092,-0.5788228591444924,1.1846965223308878,0,-0.38596059261172316,0,0,1,0,0,0,0,0,0,0,0,0,1
42,0.8719222867414198,-1.4814140890005991,-1.1392712444449196,-0.7152884663129891,0,-2.201586490383834,0,0,1,0,0,0,0,0,0,0,0,0,1
83,0.7275520198620213,-0.5637364070823583,-1.1515332948201789,0.044705529144561655,0,-0.2873759366182292,0,1,0,0,0,0,0,0,0,0,0,0,1
14,-0.7618273357298131,1.582321823073024,1.3386654494707158,-0.7152884663129891,1,1.1502093373726077,0,0,1,0,0,0,0,0,1,0,0,0,0
42,0.8719222867414198,-1.4814140890005991,-1.1392712444449196,-0.7152884663129891,0,-2.261474338388401,0,0,1,0,0,0,0,0,0,0,0,0,1
9,0.37292262858513153,-0.49504293376147385,-0.26843925490163933,-0.9052869651773768,0,-0.5053082784951104,0,0,0,1,0,0,0,0,0,0,0,0,1
83,0.7275520198620213,-0.5637364070823583,-1.1515332948201789,0.044705529144561655,0,-0.5039420643358964,0,1,0,0,0,0,0,0,0,0,0,0,1
86,0.5896547736035872,-0.7775309608791905,-0.5982968799555161,0.6147010257377248,0,-0.6536662020823717,0,1,0,0,0,0,0,0,0,0,0,0,1
135,0.8590329851059717,-1.0932919784839112,-0.4318651669755144,-1.47528246177054,0,-1.390405375821077,0,0,0,0,1,0,0,0,0,0,0,0,1
134,-1.1483563674384258,1.4644828359650577,1.593681064379727,0.8046995246021125,1,0.8545878274815807,0,0,0,0,1,0,0,0,0,0,1,0,1
81,0.2925005814966524,0.22433561239885857,-0.21074700583093897,-0.33529146858421377,0,0.237661472686875,0,1,0,0,0,0,0,0,0,0,0,0,1
35,0.6011599987965244,-0.6068030014459013,-0.544545466619914,0.9946980234665002,0,-0.4377676513960203,0,0,1,0,0,0,0,0,0,0,0,0,1
59,0.6243319687747093,-0.7343586820128495,-1.0351599987055027,-1.6652809606349277,0,-0.55333395434774,1,0,0,0,0,0,0,0,0,0,0,0,1
61,0.8506607372710999,-0.8671196883049148,-0.6140864249192279,1.1846965223308878,0,-0.5367113448425321,0,1,0,0,0,0,0,0,0,0,0,0,1
41,-0.36097776354714145,0.9301598485369481,1.3561384079006145,-1.0952854640417646,0,0.7377599256037094,0,0,1,0,0,0,0,0,0,0,0,0,1
66,0.7935622906716993,-1.5432498057769413,-1.4771114080245087,-1.8552794594993154,0,-1.3830163985953974,0,1,0,0,0,0,0,0,0,0,0,0,1
149,-0.28826545392087316,0.9538533304641673,1.2853374985845787,-0.9052869651773768,0,1.4694863595722807,0,0,0,0,1,0,0,0,0,0,0,0,0
26,-1.7158982377047827,1.8471569501199987,1.7057295448363428,0.9946980234665002,2,1.2218068703930818,0,0,1,0,0,0,0,0,2,0,0,0,0
13,0.7407326956815721,-0.4981075397435976,-0.43427655070294097,0.6147010257377248,0,-0.7460945778132928,0,0,0,1,0,0,0,0,0,0,0,0,1
85,-0.6431577254499988,1.6644709085746359,1.47068889288518,1.3746950211952755,1,1.4224082890500394,0,1,0,0,0,0,0,1,0,0,0,0,0
81,0.2925005814966524,0.22433561239885857,-0.21074700583093897,-0.33529146858421377,0,0.3094536100351275,0,1,0,0,0,0,0,0,0,0,0,0,1
25,-1.7628263678899887,1.4498047182125795,0.584622380062202,-0.5252899674486015,2,0.9135809238374708,0,1,0,0,0,0,0,2,0,0,0,0,0
96,0.8316279217379663,-0.9365823448414491,-0.4407835491983754,0.044705529144561655,0,-0.7605444771624128,1,0,0,0,0,0,0,0,0,0,0,0,1
125,0.8836658726759392,-0.845301563118997,-0.34775545093729304,0.044705529144561655,0,-0.48914982367580595,0,0,0,0,1,0,0,0,0,0,0,0,1
67,-1.1729209839729045,1.65903663734724,1.5038528877880608,0.6147010257377248,1,1.3125262022558541,0,1,0,0,0,0,0,1,0,0,0,0,1
29,0.8282062919792007,-0.8808244674849,-0.5624359792255084,-0.14529296971982605,0,-1.2644782511340256,0,0,1,0,0,0,0,0,0,0,0,0,1
19,0.41532431423418525,-0.6571303014721108,-0.7501408747855717,0.044705529144561655,0,-0.32898388082280977,0,1,0,0,0,0,0,0,0,0,0,0,1
85,-0.6431577254499988,1.6644709085746359,1.47068889288518,1.3746950211952755,1,1.9288552652206614,0,1,0,0,0,0,0,1,0,0,0,0,0
103,-2.0718162968765546,0.3708976950805329,0.269305075539882,-1.2852839629061523,2,-0.07427073439263222,0,1,0,0,0,0,0,2,0,0,0,0,1
124,0.6540890037452556,-0.8160574649792502,-1.2391588545392942,-0.7152884663129891,0,-0.9289020660065892,0,0,0,0,1,0,0,0,0,0,0,0,1
37,-0.14288165029942937,0.5315173616469385,-0.15303395999237152,0.23470402800894935,0,0.5574817363835577,1,0,0,0,0,0,0,0,0,0,0,0,1
57,0.8414513104002286,-1.5283443989530991,-1.2665670015914527,0.6147010257377248,0,-2.201586490383834,1,0,0,0,0,0,0,0,0,0,0,0,1
100,0.749518392531599,-1.006279002020887,-1.2034575986084581,-1.2852839629061523,0,-1.5910777988598863,1,0,0,0,0,0,0,0,0,0,0,0,1
66,0.7935622906716993,-1.5432498057769413,-1.4771114080245087,-1.8552794594993154,0,-1.4969566544717006,0,1,0,0,0,0,0,0,0,0,0,0,1
97,0.5802383111671098,-0.6133000595661697,-0.1405974457680445,-1.2852839629061523,0,-0.4087258050931359,1,0,0,0,0,0,0,0,0,0,0,0,1
98,0.699758221626367,-0.9317558249441866,-0.5340336397585176,0.9946980234665002,0,-0.7564998117600239,1,0,0,0,0,0,0,0,0,0,0,0,1
1,-1.7425855298397428,1.4435683236909782,0.755493055739396,1.754692018924051,2,1.4591341901723465,0,0,0,1,0,0,0,0,0,2,0,0,1
70,0.7320421401961541,-1.5234907131179805,-1.5084354987500674,0.23470402800894935,0,-2.2572064911002956,0,1,0,0,0,0,0,0,0,0,0,0,1
28,-0.3652449498354038,0.996586460244493,2.103074662036828,0.044705529144561655,1,0.5468755158682426,0,0,1,0,0,0,0,0,1,0,0,0,0
43,-0.5362326291556553,1.3821815505789712,1.456308739033318,0.4247025268733371,1,1.3727117122414711,0,0,1,0,0,0,0,0,1,0,0,0,0
103,-2.0718162968765546,0.3708976950805329,0.269305075539882,-1.2852839629061523,2,-0.15956590116377156,0,1,0,0,0,0,0,2,0,0,0,0,0
39,0.6484176629626337,-0.6268169021022602,-1.3414694560000502,-0.9052869651773768,0,-0.43357390256863715,0,0,1,0,0,0,0,0,0,0,0,0,1
116,0.3178236217096313,-0.16359767667756062,-0.31680944558207025,-0.9052869651773768,0,-0.21914153129014413,1,0,0,0,0,0,0,0,0,0,0,0,1
39,0.6484176629626337,-0.6268169021022602,-1.3414694560000502,-0.9052869651773768,0,-0.13675972494702254,0,0,1,0,0,0,0,0,0,0,0,0,0
2,0.7873413403536483,-1.5406960664772213,-1.3308391136178341,0.4247025268733371,0,-1.9173711979113528,0,0,0,1,0,0,0,0,0,0,0,0,1
47,-2.5046840203435257,0.6818492256678579,0.5827053507963547,0.9946980234665002,2,-0.6126736960475586,1,0,0,0,0,0,2,0,0,0,0,0,0
58,0.3112484123582404,-0.13923291907309093,-0.3105121175681538,0.044705529144561655,0,-0.40740396830280506,1,0,0,0,0,0,0,0,0,0,0,0,1
123,0.571438167048103,-0.6840795948613619,-0.9021211614649218,0.044705529144561655,0,-0.5424394293013066,0,0,0,0,1,0,0,0,0,0,0,0,1
21,-2.7676530217861797,0.6985240642502534,0.31180836380932325,0.23470402800894935,2,0.8498018238924656,0,0,0,1,0,0,0,0,0,2,0,0,0
149,-0.28826545392087316,0.9538533304641673,1.2853374985845787,-0.9052869651773768,0,0.877306233792117,0,0,0,0,1,0,0,0,0,0,0,0,1
43,-0.5362326291556553,1.3821815505789712,1.456308739033318,0.4247025268733371,1,1.7691717795150939,0,0,1,0,0,0,0,0,1,0,0,0,0
106,0.7873413403536483,-0.9412859156945045,-0.7362814229866637,0.4247025268733371,0,-1.3206946766241636,1,0,0,0,0,0,0,0,0,0,0,0,1
3,0.7835082455194236,-0.5362768529714969,-0.898957350657006,0.23470402800894935,0,-0.24581575706704745,0,0,0,1,0,0,0,0,0,0,0,0,1
1,-1.7425855298397428,1.4435683236909782,0.755493055739396,1.754692018924051,2,1.380609517282671,0,0,0,1,0,0,0,0,0,2,0,0,1
77,-0.6575427035321258,1.7424298157650362,1.8163409156462293,0.23470402800894935,1,1.6016870014917497,0,1,0,0,0,0,0,1,0,0,0,0,0
44,0.10395245939498345,0.5018832971696904,0.07615580763557432,-1.6652809606349277,0,0.7781885667074452,0,0,0,1,0,0,0,0,0,0,0,0,1
137,0.6903733883222437,-0.785365729465504,-1.0442505310428574,0.6147010257377248,0,-0.44751271842400636,0,0,0,0,1,0,0,0,0,0,0,0,0
126,0.27288075850196764,-0.008865798446604262,0.10985525972984662,-0.7152884663129891,0,0.1783130479504338,0,0,0,0,1,0,0,0,0,0,0,0,0
43,-0.5362326291556553,1.3821815505789712,1.456308739033318,0.4247025268733371,1,1.0953932246092757,0,0,1,0,0,0,0,0,1,0,0,0,0
136,0.2523266582218214,-0.18408511239477296,0.06133515553783667,-1.0952854640417646,0,-0.15038749395986498,0,0,0,0,1,0,0,0,0,0,0,0,1
86,0.5896547736035872,-0.7775309608791905,-0.5982968799555161,0.6147010257377248,0,-0.9741545768515992,0,1,0,0,0,0,0,0,0,0,0,0,1
91,0.30197982181992733,-0.20291795588207354,-0.2588889040503444,-0.14529296971982605,0,-0.0852414033325207,1,0,0,0,0,0,0,0,0,0,0,0,1
109,-1.6414077047803937,1.4986347749050806,0.9043220990792102,-2.045277958363703,1,1.636335616742311,1,0,0,0,0,0,1,0,0,0,0,0,0
38,-1.7965354299615945,1.4952750914331256,0.8465973008691576,-0.7152884663129891,2,1.046657557945568,0,0,1,0,0,0,0,0,2,0,0,0,0
48,0.16766263121020925,0.32605085053546096,-0.26687040585718486,1.1846965223308878,0,1.490081396984428,1,0,0,0,0,0,0,0,0,0,0,0,1
143,0.636665004955273,-0.6176826362864679,-0.9534319304906913,-1.2852839629061523,0,-0.22498901961825263,0,0,0,0,1,0,0,0,0,0,0,0,1
129,0.636665004955273,-0.7146520815572139,-0.7771776962728781,-1.2852839629061523,0,-0.5117576140402735,0,0,0,0,1,0,0,0,0,0,0,0,1
35,0.6011599987965244,-0.6068030014459013,-0.544545466619914,0.9946980234665002,0,-0.4377676513960203,0,0,1,0,0,0,0,0,0,0,0,0,1
88,0.5868563428230743,-0.609900930429728,-0.9578919694679864,-1.0952854640417646,0,-0.5139105573451033,0,1,0,0,0,0,0,0,0,0,0,0,1
51,0.4603761052363052,-0.2619855889323155,-0.6336115049159111,1.1846965223308878,0,-0.0852414033325207,1,0,0,0,0,0,0,0,0,0,0,0,1
122,-1.476076712217983,2.008145649809295,1.8270131029191168,-1.0952854640417646,2,1.2799488087307485,0,0,0,0,1,0,0,0,0,0,2,0,0
35,0.6011599987965244,-0.6068030014459013,-0.544545466619914,0.9946980234665002,0,-0.2720144584805468,0,0,1,0,0,0,0,0,0,0,0,0,1
6,0.1719788116721598,0.05240828769427301,-0.16026262363182758,-2.4252749560924785,0,0.12954302047570618,0,0,0,1,0,0,0,0,0,0,0,0,1
85,-0.6431577254499988,1.6644709085746359,1.47068889288518,1.3746950211952755,1,1.4302738887345796,0,1,0,0,0,0,0,1,0,0,0,0,0
14,-0.7618273357298131,1.582321823073024,1.3386654494707158,-0.7152884663129891,1,0.9843384749774906,0,0,1,0,0,0,0,0,1,0,0,0,1
41,-0.36097776354714145,0.9301598485369481,1.3561384079006145,-1.0952854640417646,0,1.1851323142677832,0,0,1,0,0,0,0,0,0,0,0,0,1
78,-0.49186887080798847,1.5982034292388005,1.4417259435401013,-1.2852839629061523,1,0.9410899336853681,0,1,0,0,0,0,0,1,0,0,0,0,1
20,-2.4217516321998738,1.1199489577150297,2.6280987022231224,-0.33529146858421377,2,1.514155378766493,0,0,1,0,0,0,0,0,2,0,0,0,0
64,0.7873413403536483,-1.4919267395728504,-1.0766909350482308,0.4247025268733371,0,-1.8488874205369659,0,1,0,0,0,0,0,0,0,0,0,0,1
81,0.2925005814966524,0.22433561239885857,-0.21074700583093897,-0.33529146858421377,0,-0.12576588508123718,0,1,0,0,0,0,0,0,0,0,0,0,1
44,0.10395245939498345,0.5018832971696904,0.07615580763557432,-1.6652809606349277,0,0.5596526245167914,0,0,0,1,0,0,0,0,0,0,0,0,1
92,0.8445864344413765,-0.8705751691755431,-0.2768351416516325,0.8046995246021125,0,-0.582051556094339,1,0,0,0,0,0,0,0,0,0,0,0,1
120,0.6118243713433028,-0.5441126359700348,-0.5312969821658854,-0.33529146858421377,0,-0.3738041297216775,1,0,0,0,0,0,0,0,0,0,0,0,1
40,0.7947628643943812,-1.1178728649985321,-0.8323861883069975,0.8046995246021125,0,-0.7029595508621821,0,0,1,0,0,0,0,0,0,0,0,0,1
126,0.27288075850196764,-0.008865798446604262,0.10985525972984662,-0.7152884663129891,0,-0.28321133130321585,0,0,0,0,1,0,0,0,0,0,0,0,1
45,-2.8517285660606486,0.7266761270872851,0.7627815300785532,2.324687515517214,2,1.0426360041833376,0,0,1,0,0,0,0,0,2,0,0,0,0
143,0.636665004955273,-0.6176826362864679,-0.9534319304906913,-1.2852839629061523,0,-0.3559419035652782,0,0,0,0,1,0,0,0,0,0,0,0,1
144,0.10309660860634964,-0.008655822412093747,0.31166173817874393,0.044705529144561655,0,-0.6209888269012114,0,0,1,0,0,0,0,0,0,0,0,0,1
15,-1.0662090005941842,1.6282472257747163,0.9084553795449245,-0.14529296971982605,1,1.8404040013613596,0,0,1,0,0,0,0,0,1,0,0,0,0
135,0.8590329851059717,-1.0932919784839112,-0.4318651669755144,-1.47528246177054,0,-1.8696693138030762,0,0,0,0,1,0,0,0,0,0,0,0,1
81,0.2925005814966524,0.22433561239885857,-0.21074700583093897,-0.33529146858421377,0,0.25712945765170786,0,1,0,0,0,0,0,0,0,0,0,0,1
37,-0.14288165029942937,0.5315173616469385,-0.15303395999237152,0.23470402800894935,0,0.5929628279887943,1,0,0,0,0,0,0,0,0,0,0,0,1
56,-2.7501337051038597,0.7573538710448432,1.1620503577838586,-0.14529296971982605,2,0.6961173300417199,1,0,0,0,0,0,2,0,0,0,0,0,0
42,0.8719222867414198,-1.4814140890005991,-1.1392712444449196,-0.7152884663129891,0,-1.6220880903280588,0,0,1,0,0,0,0,0,0,0,0,0,1
105,0.2782744290039161,-0.384410448702575,0.23238496909487238,0.4247025268733371,0,-0.2046618358312772,1,0,0,0,0,0,0,0,0,0,0,0,1
113,0.23927994985554413,-0.1777783432435181,0.3065056136374489,-0.33529146858421377,0,-0.30628159508946806,1,0,0,0,0,0,0,0,0,0,0,0,1
65,0.8316279217379663,-0.8351742574545239,-0.6081633840025297,0.044705529144561655,0,-0.6248502124184935,0,1,0,0,0,0,0,0,0,0,0,0,1
44,0.10395245939498345,0.5018832971696904,0.07615580763557432,-1.6652809606349277,0,0.5487820313987416,0,0,0,1,0,0,0,0,0,0,0,0,1
42,0.8719222867414198,-1.4814140890005991,-1.1392712444449196,-0.7152884663129891,0,-2.1991466185850777,0,0,1,0,0,0,0,0,0,0,0,0,1
17,-0.216094144145666,0.5684545686580579,0.13318035259690775,0.6147010257377248,0,-0.010945331221683475,0,0,1,0,0,0,0,0,0,0,0,0,1
140,0.8211270579955481,-1.127551348708158,-1.0601330941468274,-0.5252899674486015,0,-1.7352212665230327,0,0,0,0,1,0,0,0,0,0,0,0,1
66,0.7935622906716993,-1.5432498057769413,-1.4771114080245087,-1.8552794594993154,0,-1.5444739988773186,0,1,0,0,0,0,0,0,0,0,0,0,1
116,0.3178236217096313,-0.16359767667756062,-0.31680944558207025,-0.9052869651773768,0,0.33153193141636333,1,0,0,0,0,0,0,0,0,0,0,0,0
21,-2.7676530217861797,0.6985240642502534,0.31180836380932325,0.23470402800894935,2,1.525094961713356,0,0,0,1,0,0,0,0,0,2,0,0,0
31,-0.6477068319312879,1.323288078781502,2.643086533744072,-1.6652809606349277,1,1.6255225234764767,0,0,0,1,0,0,0,0,0,1,0,0,0
137,0.6903733883222437,-0.785365729465504,-1.0442505310428574,0.6147010257377248,0,-0.4143975974858073,0,0,0,0,1,0,0,0,0,0,0,0,1
84,0.6175373346578993,-0.6152472640161171,-0.8696044337708005,1.5646935200596632,0,0.12183391946878534,0,1,0,0,0,0,0,0,0,0,0,0,0
1,-1.7425855298397428,1.4435683236909782,0.755493055739396,1.754692018924051,2,0.6715491079848512,0,0,0,1,0,0,0,0,0,2,0,0,1
77,-0.6575427035321258,1.7424298157650362,1.8163409156462293,0.23470402800894935,1,1.13788152458289,0,1,0,0,0,0,0,1,0,0,0,0,1
3,0.7835082455194236,-0.5362768529714969,-0.898957350657006,0.23470402800894935,0,-0.35427290040424014,0,0,0,1,0,0,0,0,0,0,0,0,1
29,0.8282062919792007,-0.8808244674849,-0.5624359792255084,-0.14529296971982605,0,-0.541055760551514,0,0,1,0,0,0,0,0,0,0,0,0,1
83,0.7275520198620213,-0.5637364070823583,-1.1515332948201789,0.044705529144561655,0,-0.2808600449322061,0,1,0,0,0,0,0,0,0,0,0,0,1
68,0.7134623319169836,-0.15222737396103334,-0.16937230144714704,-0.5252899674486015,0,-0.13452325357133968,0,1,0,0,0,0,0,0,0,0,0,0,1
121,0.8282062919792007,-0.851095731236515,-0.3735646324671911,-0.14529296971982605,0,-0.37529758541356556,1,0,0,0,0,0,0,0,0,0,0,0,1
22,0.8623717801079255,-0.8396147420954507,-0.35312544696697257,-1.2852839629061523,0,-1.1818834326752623,0,0,1,0,0,0,0,0,0,0,0,0,1
80,0.6764769010612613,-0.7904715800807489,-1.5618805353693874,-1.8552794594993154,0,-0.6971170190860771,0,1,0,0,0,0,0,0,0,0,0,0,1
111,-0.6700050794587804,1.543549407313917,1.1701659444693266,-1.8552794594993154,1,1.56710345625926,1,0,0,0,0,0,1,0,0,0,0,0,1
84,0.6175373346578993,-0.6152472640161171,-0.8696044337708005,1.5646935200596632,0,-0.43357390256863715,0,1,0,0,0,0,0,0,0,0,0,0,1
129,0.636665004955273,-0.7146520815572139,-0.7771776962728781,-1.2852839629061523,0,-0.3459421437233373,0,0,0,0,1,0,0,0,0,0,0,0,1
90,-1.686864809997518,1.466103265290234,0.0976579672697802,0.23470402800894935,2,1.3917531823290041,1,0,0,0,0,0,2,0,0,0,0,0,1
84,0.6175373346578993,-0.6152472640161171,-0.8696044337708005,1.5646935200596632,0,-0.7361487166121127,0,1,0,0,0,0,0,0,0,0,0,0,1
139,0.5837145758137556,-0.589336051094232,-0.6046010879164883,0.4247025268733371,0,-0.4047620859253608,0,0,0,0,1,0,0,0,0,0,0,0,1
144,0.10309660860634964,-0.008655822412093747,0.31166173817874393,0.044705529144561655,0,0.16654568325306895,0,0,1,0,0,0,0,0,0,0,0,0,0
31,-0.6477068319312879,1.323288078781502,2.643086533744072,-1.6652809606349277,1,1.5230469048716058,0,0,0,1,0,0,0,0,0,1,0,0,1
67,-1.1729209839729045,1.65903663734724,1.5038528877880608,0.6147010257377248,1,1.0124710194483497,0,1,0,0,0,0,0,1,0,0,0,0,0
48,0.16766263121020925,0.32605085053546096,-0.26687040585718486,1.1846965223308878,0,0.7869857640198243,1,0,0,0,0,0,0,0,0,0,0,0,0
125,0.8836658726759392,-0.845301563118997,-0.34775545093729304,0.044705529144561655,0,-0.6248502124184935,0,0,0,0,1,0,0,0,0,0,0,0,1
141,0.8382480314886213,-0.8544477243555477,-0.951651508455736,0.4247025268733371,0,-0.9709479808902496,0,0,1,0,0,0,0,0,0,0,0,0,1
123,0.571438167048103,-0.6840795948613619,-0.9021211614649218,0.044705529144561655,0,-0.8129899423511627,0,0,0,0,1,0,0,0,0,0,0,0,1
7,0.19673452778807235,-0.13760846456842266,-0.012840738619519537,-0.14529296971982605,0,-0.14072075397912345,0,0,1,0,0,0,0,0,0,0,0,0,1
85,-0.6431577254499988,1.6644709085746359,1.47068889288518,1.3746950211952755,1,2.0409789070364432,0,1,0,0,0,0,0,1,0,0,0,0,0
3,0.7835082455194236,-0.5362768529714969,-0.898957350657006,0.23470402800894935,0,0.8792522857272842,0,0,0,1,0,0,0,0,0,0,0,0,1
13,0.7407326956815721,-0.4981075397435976,-0.43427655070294097,0.6147010257377248,0,-0.15229007871291853,0,0,0,1,0,0,0,0,0,0,0,0,1
41,-0.36097776354714145,0.9301598485369481,1.3561384079006145,-1.0952854640417646,0,0.35548165247461805,0,0,1,0,0,0,0,0,0,0,0,0,0
112,0.17764706769534208,1.2871149009542924,1.1243285544636878,1.3746950211952755,0,1.3770222500011353,1,0,0,0,0,0,0,0,0,0,0,0,1
108,-0.5785143810257847,0.9937179674315499,1.0592202097888943,-0.5252899674486015,1,0.5648020338313676,1,0,0,0,0,0,1,0,0,0,0,0,1
70,0.7320421401961541,-1.5234907131179805,-1.5084354987500674,0.23470402800894935,0,-1.7325468417006236,0,1,0,0,0,0,0,0,0,0,0,0,1
11,0.8836658726759392,-0.8740654801664903,-0.6658099877571334,0.044705529144561655,0,-0.5936985154902521,0,0,0,1,0,0,0,0,0,0,0,0,1
127,-0.46932085171134913,1.7709001151868076,1.9743001549316421,0.044705529144561655,1,1.447544138541662,0,0,0,0,1,0,0,0,0,0,1,0,1
47,-2.5046840203435257,0.6818492256678579,0.5827053507963547,0.9946980234665002,2,0.08425744745860134,1,0,0,0,0,0,2,0,0,0,0,0,0
133,0.011516665670379445,0.47816069958173024,0.15388538998420156,0.23470402800894935,0,0.3913297619777504,0,0,0,0,1,0,0,0,0,0,0,0,1
78,-0.49186887080798847,1.5982034292388005,1.4417259435401013,-1.2852839629061523,1,1.2960192917099822,0,1,0,0,0,0,0,1,0,0,0,0,1
83,0.7275520198620213,-0.5637364070823583,-1.1515332948201789,0.044705529144561655,0,-0.35427290040424014,0,1,0,0,0,0,0,0,0,0,0,0,1
50,0.41095822980262053,-0.23896483537564048,-0.5632507939667125,-1.2852839629061523,0,-0.12628029904705726,1,0,0,0,0,0,0,0,0,0,0,0,1
49,-2.8306517767246246,0.7355700264671651,0.5936632702315654,1.754692018924051,2,0.6750715169807299,0,0,1,0,0,0,0,0,2,0,0,0,0
103,-2.0718162968765546,0.3708976950805329,0.269305075539882,-1.2852839629061523,2,-0.9936990431927017,0,1,0,0,0,0,0,2,0,0,0,0,0
18,-2.4343978230082954,1.0177194408864998,0.4521127441273781,-0.14529296971982605,2,1.4843531190614536,0,1,0,0,0,0,0,2,0,0,0,0,0
80,0.6764769010612613,-0.7904715800807489,-1.5618805353693874,-1.8552794594993154,0,-0.5006267707012593,0,1,0,0,0,0,0,0,0,0,0,0,1
139,0.5837145758137556,-0.589336051094232,-0.6046010879164883,0.4247025268733371,0,-0.8093053133879607,0,0,0,0,1,0,0,0,0,0,0,0,1
96,0.8316279217379663,-0.9365823448414491,-0.4407835491983754,0.044705529144561655,0,-0.4786848344574604,1,0,0,0,0,0,0,0,0,0,0,0,1
25,-1.7628263678899887,1.4498047182125795,0.584622380062202,-0.5252899674486015,2,1.2986540261620645,0,1,0,0,0,0,0,2,0,0,0,0,0
17,-0.216094144145666,0.5684545686580579,0.13318035259690775,0.6147010257377248,0,0.3349025826611813,0,0,1,0,0,0,0,0,0,0,0,0,1
66,0.7935622906716993,-1.5432498057769413,-1.4771114080245087,-1.8552794594993154,0,-1.6220880903280588,0,1,0,0,0,0,0,0,0,0,0,0,1
102,0.6484176629626337,-0.6110760714536377,-0.4339534015937101,-0.9052869651773768,0,-0.2678716580606958,1,0,0,0,0,0,0,0,0,0,0,0,1
25,-1.7628263678899887,1.4498047182125795,0.584622380062202,-0.5252899674486015,2,0.7281730499878353,0,1,0,0,0,0,0,2,0,0,0,0,0
120,0.6118243713433028,-0.5441126359700348,-0.5312969821658854,-0.33529146858421377,0,-0.8136406532201085,1,0,0,0,0,0,0,0,0,0,0,0,0
105,0.2782744290039161,-0.384410448702575,0.23238496909487238,0.4247025268733371,0,-0.2864700829567741,1,0,0,0,0,0,0,0,0,0,0,0,1
62,0.7131172445439711,-0.5227263011585528,-0.8184503332202685,1.5646935200596632,0,-0.3335823818194815,0,1,0,0,0,0,0,0,0,0,0,0,1
37,-0.14288165029942937,0.5315173616469385,-0.15303395999237152,0.23470402800894935,0,0.39391461463640615,1,0,0,0,0,0,0,0,0,0,0,0,1
59,0.6243319687747093,-0.7343586820128495,-1.0351599987055027,-1.6652809606349277,0,-0.55333395434774,1,0,0,0,0,0,0,0,0,0,0,0,1
87,0.3291811201388895,-0.5441181906402285,-0.6788569831328753,0.4247025268733371,0,-1.0250112705559178,0,1,0,0,0,0,0,0,0,0,0,0,1
97,0.5802383111671098,-0.6133000595661697,-0.1405974457680445,-1.2852839629061523,0,-0.8136406532201085,1,0,0,0,0,0,0,0,0,0,0,0,0
121,0.8282062919792007,-0.851095731236515,-0.3735646324671911,-0.14529296971982605,0,-0.5936985154902521,1,0,0,0,0,0,0,0,0,0,0,0,1
70,0.7320421401961541,-1.5234907131179805,-1.5084354987500674,0.23470402800894935,0,-1.8899729900721793,0,1,0,0,0,0,0,0,0,0,0,0,1
71,0.39617430401842063,-0.5265553816936333,-0.6520679608564841,0.8046995246021125,0,-0.3966626246751823,0,1,0,0,0,0,0,0,0,0,0,0,1
54,0.4385768515256023,-0.3761904536237241,-0.5622559522349857,0.6147010257377248,0,-0.45095992238998595,1,0,0,0,0,0,0,0,0,0,0,0,1
88,0.5868563428230743,-0.609900930429728,-0.9578919694679864,-1.0952854640417646,0,-0.1597393558710093,0,1,0,0,0,0,0,0,0,0,0,0,0
10,0.8944100044883714,-0.9042156872234491,-0.570120787160374,0.8046995246021125,0,-0.582051556094339,0,0,0,1,0,0,0,0,0,0,0,0,1
46,0.5194002161101307,-0.6337818278746727,-0.9679701560557576,0.044705529144561655,0,-0.3974151172632668,0,0,1,0,0,0,0,0,0,0,0,0,0
94,0.8779275295488443,-0.8909817385797031,-0.8887889027719983,-0.33529146858421377,0,-1.5104151033334305,1,0,0,0,0,0,0,0,0,0,0,0,1
5,-0.45167828223904755,1.1978345167031514,1.8171131704315873,0.23470402800894935,1,1.0528514119041539,0,0,0,1,0,0,0,0,0,1,0,0,1
53,0.7449392943473863,-0.9472344072451417,-0.5003318121008618,0.8046995246021125,0,-0.8948029991726083,1,0,0,0,0,0,0,0,0,0,0,0,1
77,-0.6575427035321258,1.7424298157650362,1.8163409156462293,0.23470402800894935,1,-0.016225434100666316,0,1,0,0,0,0,0,1,0,0,0,0,0
83,0.7275520198620213,-0.5637364070823583,-1.1515332948201789,0.044705529144561655,0,-0.5129317502460351,0,1,0,0,0,0,0,0,0,0,0,0,1
109,-1.6414077047803937,1.4986347749050806,0.9043220990792102,-2.045277958363703,1,1.6606362138762203,1,0,0,0,0,0,1,0,0,0,0,0,1
25,-1.7628263678899887,1.4498047182125795,0.584622380062202,-0.5252899674486015,2,1.0306535066111637,0,1,0,0,0,0,0,2,0,0,0,0,0
39,0.6484176629626337,-0.6268169021022602,-1.3414694560000502,-0.9052869651773768,0,-0.5125403191255566,0,0,1,0,0,0,0,0,0,0,0,0,1
72,-0.8119410195019346,1.5684677119960315,1.8939026463982478,0.23470402800894935,1,1.8397912488702128,0,1,0,0,0,0,0,1,0,0,0,0,0
115,0.5837145758137556,-0.6097811663211553,-0.7158215384941234,0.4247025268733371,0,0.5568030031954626,1,0,0,0,0,0,0,0,0,0,0,0,0
116,0.3178236217096313,-0.16359767667756062,-0.31680944558207025,-0.9052869651773768,0,0.4628556920435151,1,0,0,0,0,0,0,0,0,0,0,0,0
65,0.8316279217379663,-0.8351742574545239,-0.6081633840025297,0.044705529144561655,0,-0.9709479808902496,0,1,0,0,0,0,0,0,0,0,0,0,1
140,0.8211270579955481,-1.127551348708158,-1.0601330941468274,-0.5252899674486015,0,0.2913728310223451,0,0,0,0,1,0,0,0,0,0,0,0,1
76,0.1408167633547376,0.49801409431163635,0.2718437585817132,-1.0952854640417646,0,0.7602611106021568,0,1,0,0,0,0,0,0,0,0,0,0,0
25,-1.7628263678899887,1.4498047182125795,0.584622380062202,-0.5252899674486015,2,0.9712895612412493,0,1,0,0,0,0,0,2,0,0,0,0,0
26,-1.7158982377047827,1.8471569501199987,1.7057295448363428,0.9946980234665002,2,1.1385492232228887,0,0,1,0,0,0,0,0,2,0,0,0,0
95,0.5954685842064011,-0.6255228636459196,-0.8176952131316845,0.8046995246021125,0,-0.3908373635117881,1,0,0,0,0,0,0,0,0,0,0,0,1
3,0.7835082455194236,-0.5362768529714969,-0.898957350657006,0.23470402800894935,0,-0.31157523236981904,0,0,0,1,0,0,0,0,0,0,0,0,1
94,0.8779275295488443,-0.8909817385797031,-0.8887889027719983,-0.33529146858421377,0,-1.1840986321103852,1,0,0,0,0,0,0,0,0,0,0,0,1
22,0.8623717801079255,-0.8396147420954507,-0.35312544696697257,-1.2852839629061523,0,-0.582051556094339,0,0,1,0,0,0,0,0,0,0,0,0,1
87,0.3291811201388895,-0.5441181906402285,-0.6788569831328753,0.4247025268733371,0,-0.3260446307387709,0,1,0,0,0,0,0,0,0,0,0,0,1
108,-0.5785143810257847,0.9937179674315499,1.0592202097888943,-0.5252899674486015,1,2.445889310509961,1,0,0,0,0,0,1,0,0,0,0,0,0
82,0.43099450240883586,-0.49403836800935974,-0.2876567344431154,0.4247025268733371,0,-0.6497666024560536,0,1,0,0,0,0,0,0,0,0,0,0,1
71,0.39617430401842063,-0.5265553816936333,-0.6520679608564841,0.8046995246021125,0,-0.6588051900507497,0,1,0,0,0,0,0,0,0,0,0,0,1
27,0.5868563428230743,-0.128963105635196,-0.14672158137823135,-1.0952854640417646,0,-0.2619378731511995,0,0,1,0,0,0,0,0,0,0,0,0,1
66,0.7935622906716993,-1.5432498057769413,-1.4771114080245087,-1.8552794594993154,0,-1.771115982955632,0,1,0,0,0,0,0,0,0,0,0,0,1
79,-0.06786942641887178,0.36944756736185524,-0.2042326804366343,-0.9052869651773768,0,0.07322608769326225,1,0,0,0,0,0,0,0,0,0,0,0,1
62,0.7131172445439711,-0.5227263011585528,-0.8184503332202685,1.5646935200596632,0,-0.3335823818194815,0,1,0,0,0,0,0,0,0,0,0,0,1
4,0.8174639659923786,-0.8919133713132138,-0.8631966977018697,-0.7152884663129891,0,-1.0219813878192128,0,0,0,1,0,0,0,0,0,0,0,0,1
19,0.41532431423418525,-0.6571303014721108,-0.7501408747855717,0.044705529144561655,0,-0.32898388082280977,0,1,0,0,0,0,0,0,0,0,0,0,1
77,-0.6575427035321258,1.7424298157650362,1.8163409156462293,0.23470402800894935,1,1.242390329337587,0,1,0,0,0,0,0,1,0,0,0,0,0
27,0.5868563428230743,-0.128963105635196,-0.14672158137823135,-1.0952854640417646,0,0.13221286491476222,0,0,1,0,0,0,0,0,0,0,0,0,1
119,-1.6551616418114246,1.4390779241391296,1.1887650990216085,-0.5252899674486015,2,0.9333418460030724,1,0,0,0,0,0,2,0,0,0,0,0,0
50,0.41095822980262053,-0.23896483537564048,-0.5632507939667125,-1.2852839629061523,0,0.6102099811752685,1,0,0,0,0,0,0,0,0,0,0,0,0
127,-0.46932085171134913,1.7709001151868076,1.9743001549316421,0.044705529144561655,1,1.9675756006738196,0,0,0,0,1,0,0,0,0,0,1,0,0
104,0.5776438242263447,-1.0395741656627533,-1.5218095460448768,0.23470402800894935,0,-1.1027547088682128,1,0,0,0,0,0,0,0,0,0,0,0,1
71,0.39617430401842063,-0.5265553816936333,-0.6520679608564841,0.8046995246021125,0,-0.4398667834072493,0,1,0,0,0,0,0,0,0,0,0,0,1
119,-1.6551616418114246,1.4390779241391296,1.1887650990216085,-0.5252899674486015,2,1.380609517282671,1,0,0,0,0,0,2,0,0,0,0,0,1
113,0.23927994985554413,-0.1777783432435181,0.3065056136374489,-0.33529146858421377,0,0.7322672951457312,1,0,0,0,0,0,0,0,0,0,0,0,0
121,0.8282062919792007,-0.851095731236515,-0.3735646324671911,-0.14529296971982605,0,-0.5828533070572514,1,0,0,0,0,0,0,0,0,0,0,0,1
64,0.7873413403536483,-1.4919267395728504,-1.0766909350482308,0.4247025268733371,0,-2.2547197870364326,0,1,0,0,0,0,0,0,0,0,0,0,1
131,0.7795899707999938,-0.9387925848847133,-0.4271797432259956,0.044705529144561655,0,-0.5612828173631323,0,1,0,0,0,0,0,0,0,0,0,0,1
127,-0.46932085171134913,1.7709001151868076,1.9743001549316421,0.044705529144561655,1,1.6660296771653067,0,0,0,0,1,0,0,0,0,0,1,0,1
40,0.7947628643943812,-1.1178728649985321,-0.8323861883069975,0.8046995246021125,0,-1.6839442904715107,0,0,1,0,0,0,0,0,0,0,0,0,1
103,-2.0718162968765546,0.3708976950805329,0.269305075539882,-1.2852839629061523,2,1.0245281020196468,0,1,0,0,0,0,0,2,0,0,0,0,1
99,0.6951157243003914,-0.9436623991337402,-0.7024983918234182,0.8046995246021125,0,-1.3310329804142804,1,0,0,0,0,0,0,0,0,0,0,0,1
73,0.5954685842064011,-0.7202236558591159,-0.4782030303955875,0.8046995246021125,0,-0.5800481398874742,1,0,0,0,0,0,0,0,0,0,0,0,1
58,0.3112484123582404,-0.13923291907309093,-0.3105121175681538,0.044705529144561655,0,-0.5515484340486743,1,0,0,0,0,0,0,0,0,0,0,0,1
69,0.5456450141594062,-0.6164158115977786,-0.7721737910156989,0.8046995246021125,0,-0.6110539847654552,0,1,0,0,0,0,0,0,0,0,0,0,1
22,0.8623717801079255,-0.8396147420954507,-0.35312544696697257,-1.2852839629061523,0,-1.2644782511340256,0,0,1,0,0,0,0,0,0,0,0,0,1
7,0.19673452778807235,-0.13760846456842266,-0.012840738619519537,-0.14529296971982605,0,-0.11156953321178227,0,0,1,0,0,0,0,0,0,0,0,0,1
27,0.5868563428230743,-0.128963105635196,-0.14672158137823135,-1.0952854640417646,0,0.07946631665249361,0,0,1,0,0,0,0,0,0,0,0,0,1
24,-2.344122048566307,0.793312820011672,0.8280969369076001,0.8046995246021125,2,0.5384174020528264,0,0,1,0,0,0,0,0,2,0,0,0,0
53,0.7449392943473863,-0.9472344072451417,-0.5003318121008618,0.8046995246021125,0,-1.6470776042061326,1,0,0,0,0,0,0,0,0,0,0,0,1
39,0.6484176629626337,-0.6268169021022602,-1.3414694560000502,-0.9052869651773768,0,-0.7361487166121127,0,0,1,0,0,0,0,0,0,0,0,0,1
34,0.557947263245004,-0.6131880188226092,-0.5788228591444924,1.1846965223308878,0,-0.6045840963626263,0,0,1,0,0,0,0,0,0,0,0,0,1
93,0.8994463162754491,-0.8325098004271332,-0.3683505395136735,1.1846965223308878,0,-1.0219813878192128,1,0,0,0,0,0,0,0,0,0,0,0,1
60,0.5639081468225616,-0.39356127607322594,-0.5054953305423884,1.3746950211952755,0,-0.057305250132123585,1,0,0,0,0,0,0,0,0,0,0,0,1
60,0.5639081468225616,-0.39356127607322594,-0.5054953305423884,1.3746950211952755,0,-0.10969325070842106,1,0,0,0,0,0,0,0,0,0,0,0,1
118,-1.9971101542298264,0.8931602193651963,0.5906525920214545,-2.045277958363703,2,0.5714287043919691,1,0,0,0,0,0,2,0,0,0,0,0,1
21,-2.7676530217861797,0.6985240642502534,0.31180836380932325,0.23470402800894935,2,0.2622390452483806,0,0,0,1,0,0,0,0,0,2,0,0,0
57,0.8414513104002286,-1.5283443989530991,-1.2665670015914527,0.6147010257377248,0,-0.38877312161680516,1,0,0,0,0,0,0,0,0,0,0,0,1
145,-2.297523072029207,1.3377599240336107,1.7801044194955888,-1.2852839629061523,2,0.46537811282870994,0,0,1,0,0,0,0,0,2,0,0,0,0
144,0.10309660860634964,-0.008655822412093747,0.31166173817874393,0.044705529144561655,0,-0.12388047438945823,0,0,1,0,0,0,0,0,0,0,0,0,1
78,-0.49186887080798847,1.5982034292388005,1.4417259435401013,-1.2852839629061523,1,0.6626590103644566,0,1,0,0,0,0,0,1,0,0,0,0,1
68,0.7134623319169836,-0.15222737396103334,-0.16937230144714704,-0.5252899674486015,0,0.13221286491476222,0,1,0,0,0,0,0,0,0,0,0,0,1
113,0.23927994985554413,-0.1777783432435181,0.3065056136374489,-0.33529146858421377,0,-0.13796468762885905,1,0,0,0,0,0,0,0,0,0,0,0,1
36,-0.3013556766395101,0.9855648400200623,0.9113744608395141,0.8046995246021125,1,2.006699629459198,0,0,1,0,0,0,0,0,1,0,0,0,0
81,0.2925005814966524,0.22433561239885857,-0.21074700583093897,-0.33529146858421377,0,0.2163857284121723,0,1,0,0,0,0,0,0,0,0,0,0,1
114,-0.43384167408889446,0.9148979635939658,2.10097912665727,1.5646935200596632,0,1.0747683567095718,1,0,0,0,0,0,0,0,0,0,0,0,1
63,0.7229609979473463,-0.10936015689958539,-0.12096587909777386,-0.14529296971982605,0,0.10144080979247293,0,1,0,0,0,0,0,0,0,0,0,0,1
145,-2.297523072029207,1.3377599240336107,1.7801044194955888,-1.2852839629061523,2,1.3213198092556804,0,0,1,0,0,0,0,0,2,0,0,0,0
52,0.4115905262319561,-0.46252089123866197,-0.12288851185595892,1.1846965223308878,0,-0.9499630914034,0,0,1,0,0,0,0,0,0,0,0,0,1
145,-2.297523072029207,1.3377599240336107,1.7801044194955888,-1.2852839629061523,2,0.2631398110983523,0,0,1,0,0,0,0,0,2,0,0,0,0
143,0.636665004955273,-0.6176826362864679,-0.9534319304906913,-1.2852839629061523,0,-0.44349610989737803,0,0,0,0,1,0,0,0,0,0,0,0,1
88,0.5868563428230743,-0.609900930429728,-0.9578919694679864,-1.0952854640417646,0,-0.6889986112329156,0,1,0,0,0,0,0,0,0,0,0,0,1
92,0.8445864344413765,-0.8705751691755431,-0.2768351416516325,0.8046995246021125,0,-1.0219813878192128,1,0,0,0,0,0,0,0,0,0,0,0,1
25,-1.7628263678899887,1.4498047182125795,0.584622380062202,-0.5252899674486015,2,1.4495457034790868,0,1,0,0,0,0,0,2,0,0,0,0,1
104,0.5776438242263447,-1.0395741656627533,-1.5218095460448768,0.23470402800894935,0,-0.704839989327217,1,0,0,0,0,0,0,0,0,0,0,0,1
82,0.43099450240883586,-0.49403836800935974,-0.2876567344431154,0.4247025268733371,0,-0.20237284457454974,0,1,0,0,0,0,0,0,0,0,0,0,1
9,0.37292262858513153,-0.49504293376147385,-0.26843925490163933,-0.9052869651773768,0,-0.4008037322861881,0,0,0,1,0,0,0,0,0,0,0,0,1
34,0.557947263245004,-0.6131880188226092,-0.5788228591444924,1.1846965223308878,0,-0.6823541464130611,0,0,1,0,0,0,0,0,0,0,0,0,1
60,0.5639081468225616,-0.39356127607322594,-0.5054953305423884,1.3746950211952755,0,0.1145782620252658,1,0,0,0,0,0,0,0,0,0,0,0,1
74,0.7229609979473463,-1.5103695110581181,-1.1802316330172162,-0.14529296971982605,0,-1.5978775760105133,0,0,0,1,0,0,0,0,0,0,0,0,1
84,0.6175373346578993,-0.6152472640161171,-0.8696044337708005,1.5646935200596632,0,-1.0479535262387443,0,1,0,0,0,0,0,0,0,0,0,0,1
38,-1.7965354299615945,1.4952750914331256,0.8465973008691576,-0.7152884663129891,2,1.7540657135594016,0,0,1,0,0,0,0,0,2,0,0,0,0
100,0.749518392531599,-1.006279002020887,-1.2034575986084581,-1.2852839629061523,0,-0.43262161605188104,1,0,0,0,0,0,0,0,0,0,0,0,1
133,0.011516665670379445,0.47816069958173024,0.15388538998420156,0.23470402800894935,0,0.32595450288796274,0,0,0,0,1,0,0,0,0,0,0,0,1
41,-0.36097776354714145,0.9301598485369481,1.3561384079006145,-1.0952854640417646,0,0.22034866051259416,0,0,1,0,0,0,0,0,0,0,0,0,1
9,0.37292262858513153,-0.49504293376147385,-0.26843925490163933,-0.9052869651773768,0,0.5866536121221467,0,0,0,1,0,0,0,0,0,0,0,0,0
1,-1.7425855298397428,1.4435683236909782,0.755493055739396,1.754692018924051,2,0.9433508871600438,0,0,0,1,0,0,0,0,0,2,0,0,0
135,0.8590329851059717,-1.0932919784839112,-0.4318651669755144,-1.47528246177054,0,-0.9420190871122128,0,0,0,0,1,0,0,0,0,0,0,0,1
26,-1.7158982377047827,1.8471569501199987,1.7057295448363428,0.9946980234665002,2,1.6619389954194173,0,0,1,0,0,0,0,0,2,0,0,0,0
147,-0.9041758586796569,1.7324680759636433,2.261208193243707,-1.8552794594993154,1,1.2162861663178655,0,0,0,1,0,0,0,0,0,1,0,0,0
142,0.20762560795863036,-0.22174690730544638,-0.4173018343601306,-0.9052869651773768,0,-0.31175794261894346,0,0,0,0,1,0,0,0,0,0,0,0,1
71,0.39617430401842063,-0.5265553816936333,-0.6520679608564841,0.8046995246021125,0,-0.5339500734558984,0,1,0,0,0,0,0,0,0,0,0,0,1
34,0.557947263245004,-0.6131880188226092,-0.5788228591444924,1.1846965223308878,0,-0.5317823307955383,0,0,1,0,0,0,0,0,0,0,0,0,1
47,-2.5046840203435257,0.6818492256678579,0.5827053507963547,0.9946980234665002,2,0.08425744745860134,1,0,0,0,0,0,2,0,0,0,0,0,0
150,0.3449995673040472,-0.2984901021510301,-0.089671566242416,-1.47528246177054,0,-0.10986377210574287,0,0,0,0,1,0,0,0,0,0,0,0,1
29,0.8282062919792007,-0.8808244674849,-0.5624359792255084,-0.14529296971982605,0,-0.8772362600332224,0,0,1,0,0,0,0,0,0,0,0,0,1
55,0.7873413403536483,-0.9280036154226032,-0.5858373140388665,0.4247025268733371,0,-1.0777176945786713,1,0,0,0,0,0,0,0,0,0,0,0,1
13,0.7407326956815721,-0.4981075397435976,-0.43427655070294097,0.6147010257377248,0,-0.5166529615209322,0,0,0,1,0,0,0,0,0,0,0,0,1
70,0.7320421401961541,-1.5234907131179805,-1.5084354987500674,0.23470402800894935,0,-1.6229462520895097,0,1,0,0,0,0,0,0,0,0,0,0,1
74,0.7229609979473463,-1.5103695110581181,-1.1802316330172162,-0.14529296971982605,0,-2.2572064911002956,0,0,0,1,0,0,0,0,0,0,0,0,1
143,0.636665004955273,-0.6176826362864679,-0.9534319304906913,-1.2852839629061523,0,-0.5953086393831761,0,0,0,0,1,0,0,0,0,0,0,0,1
24,-2.344122048566307,0.793312820011672,0.8280969369076001,0.8046995246021125,2,1.1728411886025336,0,0,1,0,0,0,0,0,2,0,0,0,0
7,0.19673452778807235,-0.13760846456842266,-0.012840738619519537,-0.14529296971982605,0,-0.04627183388892744,0,0,1,0,0,0,0,0,0,0,0,0,1
53,0.7449392943473863,-0.9472344072451417,-0.5003318121008618,0.8046995246021125,0,-1.0091972777975728,1,0,0,0,0,0,0,0,0,0,0,0,1
142,0.20762560795863036,-0.22174690730544638,-0.4173018343601306,-0.9052869651773768,0,-0.7357262379317319,0,0,0,0,1,0,0,0,0,0,0,0,1
132,-0.013756060275637085,0.3838628894046642,-0.16758445331811073,-0.14529296971982605,0,0.6601701739008216,0,0,0,0,1,0,0,0,0,0,0,0,1
30,0.8994463162754491,-1.1530952875169582,-1.1322444734329258,1.1846965223308878,0,-1.8013685410244815,0,0,1,0,0,0,0,0,0,0,0,0,1
141,0.8382480314886213,-0.8544477243555477,-0.951651508455736,0.4247025268733371,0,-0.6248502124184935,0,0,1,0,0,0,0,0,0,0,0,0,1
103,-2.0718162968765546,0.3708976950805329,0.269305075539882,-1.2852839629061523,2,0.9986136709519449,0,1,0,0,0,0,0,2,0,0,0,0,0
84,0.6175373346578993,-0.6152472640161171,-0.8696044337708005,1.5646935200596632,0,-0.6334040435359538,0,1,0,0,0,0,0,0,0,0,0,0,1
11,0.8836658726759392,-0.8740654801664903,-0.6658099877571334,0.044705529144561655,0,-1.2277588228742016,0,0,0,1,0,0,0,0,0,0,0,0,1
33,0.6011599987965244,-0.6063342631501952,-0.6314189384589611,0.9946980234665002,0,-0.3654176239794527,0,0,1,0,0,0,0,0,0,0,0,0,1
37,-0.14288165029942937,0.5315173616469385,-0.15303395999237152,0.23470402800894935,0,0.9976797245431247,1,0,0,0,0,0,0,0,0,0,0,0,1
114,-0.43384167408889446,0.9148979635939658,2.10097912665727,1.5646935200596632,0,1.2444299974553799,1,0,0,0,0,0,0,0,0,0,0,0,1
144,0.10309660860634964,-0.008655822412093747,0.31166173817874393,0.044705529144561655,0,0.05313513704986773,0,0,1,0,0,0,0,0,0,0,0,0,1
127,-0.46932085171134913,1.7709001151868076,1.9743001549316421,0.044705529144561655,1,1.2189936961692291,0,0,0,0,1,0,0,0,0,0,1,0,0
102,0.6484176629626337,-0.6110760714536377,-0.4339534015937101,-0.9052869651773768,0,-0.47694430495067025,1,0,0,0,0,0,0,0,0,0,0,0,1
119,-1.6551616418114246,1.4390779241391296,1.1887650990216085,-0.5252899674486015,2,1.6416803653828267,1,0,0,0,0,0,2,0,0,0,0,0,1
36,-0.3013556766395101,0.9855648400200623,0.9113744608395141,0.8046995246021125,1,1.0094489649338025,0,0,1,0,0,0,0,0,1,0,0,0,1
103,-2.0718162968765546,0.3708976950805329,0.269305075539882,-1.2852839629061523,2,0.22932159615488554,0,1,0,0,0,0,0,2,0,0,0,0,0
59,0.6243319687747093,-0.7343586820128495,-1.0351599987055027,-1.6652809606349277,0,-0.5006267707012593,1,0,0,0,0,0,0,0,0,0,0,0,1
93,0.8994463162754491,-0.8325098004271332,-0.3683505395136735,1.1846965223308878,0,-0.582051556094339,1,0,0,0,0,0,0,0,0,0,0,0,1
17,-0.216094144145666,0.5684545686580579,0.13318035259690775,0.6147010257377248,0,0.5315784771404511,0,0,1,0,0,0,0,0,0,0,0,0,1
45,-2.8517285660606486,0.7266761270872851,0.7627815300785532,2.324687515517214,2,-0.6126736960475586,0,0,1,0,0,0,0,0,2,0,0,0,0
86,0.5896547736035872,-0.7775309608791905,-0.5982968799555161,0.6147010257377248,0,0.5799267028267074,0,1,0,0,0,0,0,0,0,0,0,0,1
79,-0.06786942641887178,0.36944756736185524,-0.2042326804366343,-0.9052869651773768,0,0.5754784504660216,1,0,0,0,0,0,0,0,0,0,0,0,1
121,0.8282062919792007,-0.851095731236515,-0.3735646324671911,-0.14529296971982605,0,-1.2644782511340256,1,0,0,0,0,0,0,0,0,0,0,0,1
21,-2.7676530217861797,0.6985240642502534,0.31180836380932325,0.23470402800894935,2,0.39075503984909915,0,0,0,1,0,0,0,0,0,2,0,0,0
87,0.3291811201388895,-0.5441181906402285,-0.6788569831328753,0.4247025268733371,0,-0.49303526961173993,0,1,0,0,0,0,0,0,0,0,0,0,1
131,0.7795899707999938,-0.9387925848847133,-0.4271797432259956,0.044705529144561655,0,-0.737627872857699,0,1,0,0,0,0,0,0,0,0,0,0,0
31,-0.6477068319312879,1.323288078781502,2.643086533744072,-1.6652809606349277,1,0.20032671427960258,0,0,0,1,0,0,0,0,0,1,0,0,1
62,0.7131172445439711,-0.5227263011585528,-0.8184503332202685,1.5646935200596632,0,-0.5078472280855756,0,1,0,0,0,0,0,0,0,0,0,0,1
100,0.749518392531599,-1.006279002020887,-1.2034575986084581,-1.2852839629061523,0,-0.7380506263904831,1,0,0,0,0,0,0,0,0,0,0,0,0
80,0.6764769010612613,-0.7904715800807489,-1.5618805353693874,-1.8552794594993154,0,-1.2210184752540258,0,1,0,0,0,0,0,0,0,0,0,0,1
110,0.4072251158517818,-0.5934627057048354,-0.6739330429991417,-0.14529296971982605,0,-0.47694430495067025,1,0,0,0,0,0,0,0,0,0,0,0,1
60,0.5639081468225616,-0.39356127607322594,-0.5054953305423884,1.3746950211952755,0,-0.232448229226798,1,0,0,0,0,0,0,0,0,0,0,0,0
125,0.8836658726759392,-0.845301563118997,-0.34775545093729304,0.044705529144561655,0,-0.9091120663054266,0,0,0,0,1,0,0,0,0,0,0,0,1
42,0.8719222867414198,-1.4814140890005991,-1.1392712444449196,-0.7152884663129891,0,-1.6015674013343646,0,0,1,0,0,0,0,0,0,0,0,0,1
123,0.571438167048103,-0.6840795948613619,-0.9021211614649218,0.044705529144561655,0,-0.7911667498962813,0,0,0,0,1,0,0,0,0,0,0,0,1
143,0.636665004955273,-0.6176826362864679,-0.9534319304906913,-1.2852839629061523,0,-0.5571069702147814,0,0,0,0,1,0,0,0,0,0,0,0,1
111,-0.6700050794587804,1.543549407313917,1.1701659444693266,-1.8552794594993154,1,1.423619759261528,1,0,0,0,0,0,1,0,0,0,0,0,1
132,-0.013756060275637085,0.3838628894046642,-0.16758445331811073,-0.14529296971982605,0,0.42887200059354225,0,0,0,0,1,0,0,0,0,0,0,0,1
89,0.19688002383044065,0.2573054397215892,-0.2718394827699518,0.8046995246021125,0,0.5696720711580664,0,0,0,1,0,0,0,0,0,0,0,0,1
98,0.699758221626367,-0.9317558249441866,-0.5340336397585176,0.9946980234665002,0,-0.5924915041160055,1,0,0,0,0,0,0,0,0,0,0,0,1
101,0.7275520198620213,-0.9609850058121482,-0.6735695044943646,0.044705529144561655,0,-0.6973254800507812,1,0,0,0,0,0,0,0,0,0,0,0,1
109,-1.6414077047803937,1.4986347749050806,0.9043220990792102,-2.045277958363703,1,0.16219837369839274,1,0,0,0,0,0,1,0,0,0,0,0,0
48,0.16766263121020925,0.32605085053546096,-0.26687040585718486,1.1846965223308878,0,0.35795306205670313,1,0,0,0,0,0,0,0,0,0,0,0,0
66,0.7935622906716993,-1.5432498057769413,-1.4771114080245087,-1.8552794594993154,0,-2.527713090863871,0,1,0,0,0,0,0,0,0,0,0,0,1
21,-2.7676530217861797,0.6985240642502534,0.31180836380932325,0.23470402800894935,2,0.6994809919048968,0,0,0,1,0,0,0,0,0,2,0,0,0
101,0.7275520198620213,-0.9609850058121482,-0.6735695044943646,0.044705529144561655,0,-0.13246033554493047,1,0,0,0,0,0,0,0,0,0,0,0,0
85,-0.6431577254499988,1.6644709085746359,1.47068889288518,1.3746950211952755,1,0.8909014783843483,0,1,0,0,0,0,0,1,0,0,0,0,0
43,-0.5362326291556553,1.3821815505789712,1.456308739033318,0.4247025268733371,1,1.1464387691105173,0,0,1,0,0,0,0,0,1,0,0,0,0
118,-1.9971101542298264,0.8931602193651963,0.5906525920214545,-2.045277958363703,2,0.41008975627707034,1,0,0,0,0,0,2,0,0,0,0,0,0
96,0.8316279217379663,-0.9365823448414491,-0.4407835491983754,0.044705529144561655,0,-1.3531239911704993,1,0,0,0,0,0,0,0,0,0,0,0,1
102,0.6484176629626337,-0.6110760714536377,-0.4339534015937101,-0.9052869651773768,0,0.12183391946878534,1,0,0,0,0,0,0,0,0,0,0,0,0
115,0.5837145758137556,-0.6097811663211553,-0.7158215384941234,0.4247025268733371,0,-0.4595957533196652,1,0,0,0,0,0,0,0,0,0,0,0,1
84,0.6175373346578993,-0.6152472640161171,-0.8696044337708005,1.5646935200596632,0,-0.43357390256863715,0,1,0,0,0,0,0,0,0,0,0,0,1
133,0.011516665670379445,0.47816069958173024,0.15388538998420156,0.23470402800894935,0,0.47391017145150255,0,0,0,0,1,0,0,0,0,0,0,0,1
136,0.2523266582218214,-0.18408511239477296,0.06133515553783667,-1.0952854640417646,0,-0.3093835993789686,0,0,0,0,1,0,0,0,0,0,0,0,1
29,0.8282062919792007,-0.8808244674849,-0.5624359792255084,-0.14529296971982605,0,-0.582051556094339,0,0,1,0,0,0,0,0,0,0,0,0,1
6,0.1719788116721598,0.05240828769427301,-0.16026262363182758,-2.4252749560924785,0,0.3623092842067965,0,0,0,1,0,0,0,0,0,0,0,0,0
16,0.21959235036825592,1.2561008669520632,0.5017135098894712,-1.6652809606349277,0,1.158509615954825,0,0,1,0,0,0,0,0,0,0,0,0,1
66,0.7935622906716993,-1.5432498057769413,-1.4771114080245087,-1.8552794594993154,0,-3.009307698755632,0,1,0,0,0,0,0,0,0,0,0,0,1
4,0.8174639659923786,-0.8919133713132138,-0.8631966977018697,-0.7152884663129891,0,-1.2277588228742016,0,0,0,1,0,0,0,0,0,0,0,0,1
26,-1.7158982377047827,1.8471569501199987,1.7057295448363428,0.9946980234665002,2,1.5211926642353764,0,0,1,0,0,0,0,0,2,0,0,0,0
81,0.2925005814966524,0.22433561239885857,-0.21074700583093897,-0.33529146858421377,0,0.1886477797489516,0,1,0,0,0,0,0,0,0,0,0,0,1
30,0.8994463162754491,-1.1530952875169582,-1.1322444734329258,1.1846965223308878,0,-0.7029595508621821,0,0,1,0,0,0,0,0,0,0,0,0,1
76,0.1408167633547376,0.49801409431163635,0.2718437585817132,-1.0952854640417646,0,0.47502728571222486,0,1,0,0,0,0,0,0,0,0,0,0,1
124,0.6540890037452556,-0.8160574649792502,-1.2391588545392942,-0.7152884663129891,0,-0.6108515839222447,0,0,0,0,1,0,0,0,0,0,0,0,1
17,-0.216094144145666,0.5684545686580579,0.13318035259690775,0.6147010257377248,0,0.38600926734761404,0,0,1,0,0,0,0,0,0,0,0,0,1
13,0.7407326956815721,-0.4981075397435976,-0.43427655070294097,0.6147010257377248,0,-0.11498404338624724,0,0,0,1,0,0,0,0,0,0,0,0,1
17,-0.216094144145666,0.5684545686580579,0.13318035259690775,0.6147010257377248,0,0.6046057896534751,0,0,1,0,0,0,0,0,0,0,0,0,1
146,0.02374097332904994,0.3971563049073773,0.06930060509945626,0.4247025268733371,0,0.6623971273102638,0,0,0,0,1,0,0,0,0,0,0,0,0
53,0.7449392943473863,-0.9472344072451417,-0.5003318121008618,0.8046995246021125,0,-0.616118564266185,1,0,0,0,0,0,0,0,0,0,0,0,1
65,0.8316279217379663,-0.8351742574545239,-0.6081633840025297,0.044705529144561655,0,-0.7849306627254241,0,1,0,0,0,0,0,0,0,0,0,0,1
61,0.8506607372710999,-0.8671196883049148,-0.6140864249192279,1.1846965223308878,0,-0.6146995975981465,0,1,0,0,0,0,0,0,0,0,0,0,1
42,0.8719222867414198,-1.4814140890005991,-1.1392712444449196,-0.7152884663129891,0,-2.549233257565934,0,0,1,0,0,0,0,0,0,0,0,0,1
98,0.699758221626367,-0.9317558249441866,-0.5340336397585176,0.9946980234665002,0,-1.0129105305900734,1,0,0,0,0,0,0,0,0,0,0,0,1
59,0.6243319687747093,-0.7343586820128495,-1.0351599987055027,-1.6652809606349277,0,-0.5565109071216029,1,0,0,0,0,0,0,0,0,0,0,0,1
51,0.4603761052363052,-0.2619855889323155,-0.6336115049159111,1.1846965223308878,0,-0.6207857372611594,1,0,0,0,0,0,0,0,0,0,0,0,1
126,0.27288075850196764,-0.008865798446604262,0.10985525972984662,-0.7152884663129891,0,-0.0915046775266471,0,0,0,0,1,0,0,0,0,0,0,0,1
8,0.87495942103483,-0.8984325713737316,-0.5130526742349769,-0.5252899674486015,0,-0.5936985154902521,0,0,1,0,0,0,0,0,0,0,0,0,1
11,0.8836658726759392,-0.8740654801664903,-0.6658099877571334,0.044705529144561655,0,-0.8772362600332224,0,0,0,1,0,0,0,0,0,0,0,0,1
114,-0.43384167408889446,0.9148979635939658,2.10097912665727,1.5646935200596632,0,0.7707531764584118,1,0,0,0,0,0,0,0,0,0,0,0,1
26,-1.7158982377047827,1.8471569501199987,1.7057295448363428,0.9946980234665002,2,1.5211926642353764,0,0,1,0,0,0,0,0,2,0,0,0,0
74,0.7229609979473463,-1.5103695110581181,-1.1802316330172162,-0.14529296971982605,0,-2.201586490383834,0,0,0,1,0,0,0,0,0,0,0,0,1
3,0.7835082455194236,-0.5362768529714969,-0.898957350657006,0.23470402800894935,0,-0.2808600449322061,0,0,0,1,0,0,0,0,0,0,0,0,1
118,-1.9971101542298264,0.8931602193651963,0.5906525920214545,-2.045277958363703,2,0.9169437142964751,1,0,0,0,0,0,2,0,0,0,0,0,0
66,0.7935622906716993,-1.5432498057769413,-1.4771114080245087,-1.8552794594993154,0,-1.8899729900721793,0,1,0,0,0,0,0,0,0,0,0,0,1
145,-2.297523072029207,1.3377599240336107,1.7801044194955888,-1.2852839629061523,2,0.5787142140101613,0,0,1,0,0,0,0,0,2,0,0,0,0
91,0.30197982181992733,-0.20291795588207354,-0.2588889040503444,-0.14529296971982605,0,-0.13796468762885905,1,0,0,0,0,0,0,0,0,0,0,0,1
49,-2.8306517767246246,0.7355700264671651,0.5936632702315654,1.754692018924051,2,1.0843056060575786,0,0,1,0,0,0,0,0,2,0,0,0,0
142,0.20762560795863036,-0.22174690730544638,-0.4173018343601306,-0.9052869651773768,0,-0.6207857372611594,0,0,0,0,1,0,0,0,0,0,0,0,1
108,-0.5785143810257847,0.9937179674315499,1.0592202097888943,-0.5252899674486015,1,0.3200720100951772,1,0,0,0,0,0,1,0,0,0,0,0,1
70,0.7320421401961541,-1.5234907131179805,-1.5084354987500674,0.23470402800894935,0,-2.2141666606617356,0,1,0,0,0,0,0,0,0,0,0,0,1
41,-0.36097776354714145,0.9301598485369481,1.3561384079006145,-1.0952854640417646,0,0.8331741382729304,0,0,1,0,0,0,0,0,0,0,0,0,1
112,0.17764706769534208,1.2871149009542924,1.1243285544636878,1.3746950211952755,0,0.9340579147801001,1,0,0,0,0,0,0,0,0,0,0,0,1
116,0.3178236217096313,-0.16359767667756062,-0.31680944558207025,-0.9052869651773768,0,0.1340959944299815,1,0,0,0,0,0,0,0,0,0,0,0,1
128,-0.06786942641887178,0.24122995524865057,-0.12649798167401216,-0.9052869651773768,0,0.3649199059088579,0,0,0,0,1,0,0,0,0,0,0,0,1
114,-0.43384167408889446,0.9148979635939658,2.10097912665727,1.5646935200596632,0,0.7971324566035993,1,0,0,0,0,0,0,0,0,0,0,0,1
44,0.10395245939498345,0.5018832971696904,0.07615580763557432,-1.6652809606349277,0,0.7428601033702438,0,0,0,1,0,0,0,0,0,0,0,0,0
102,0.6484176629626337,-0.6110760714536377,-0.4339534015937101,-0.9052869651773768,0,-0.43357390256863715,1,0,0,0,0,0,0,0,0,0,0,0,1
7,0.19673452778807235,-0.13760846456842266,-0.012840738619519537,-0.14529296971982605,0,-0.37772607888403414,0,0,1,0,0,0,0,0,0,0,0,0,1
86,0.5896547736035872,-0.7775309608791905,-0.5982968799555161,0.6147010257377248,0,-0.4143975974858073,0,1,0,0,0,0,0,0,0,0,0,0,1
35,0.6011599987965244,-0.6068030014459013,-0.544545466619914,0.9946980234665002,0,-0.7870795356771855,0,0,1,0,0,0,0,0,0,0,0,0,1
25,-1.7628263678899887,1.4498047182125795,0.584622380062202,-0.5252899674486015,2,1.0689626712895344,0,1,0,0,0,0,0,2,0,0,0,0,1
31,-0.6477068319312879,1.323288078781502,2.643086533744072,-1.6652809606349277,1,0.7523990268013531,0,0,0,1,0,0,0,0,0,1,0,0,1
29,0.8282062919792007,-0.8808244674849,-0.5624359792255084,-0.14529296971982605,0,-1.0126783140975046,0,0,1,0,0,0,0,0,0,0,0,0,1
24,-2.344122048566307,0.793312820011672,0.8280969369076001,0.8046995246021125,2,1.1019355355664386,0,0,1,0,0,0,0,0,2,0,0,0,0
147,-0.9041758586796569,1.7324680759636433,2.261208193243707,-1.8552794594993154,1,1.0981021632500594,0,0,0,1,0,0,0,0,0,1,0,0,1
111,-0.6700050794587804,1.543549407313917,1.1701659444693266,-1.8552794594993154,1,1.2459320009568569,1,0,0,0,0,0,1,0,0,0,0,0,1
33,0.6011599987965244,-0.6063342631501952,-0.6314189384589611,0.9946980234665002,0,-0.3654176239794527,0,0,1,0,0,0,0,0,0,0,0,0,1
21,-2.7676530217861797,0.6985240642502534,0.31180836380932325,0.23470402800894935,2,1.032730917254674,0,0,0,1,0,0,0,0,0,2,0,0,0
5,-0.45167828223904755,1.1978345167031514,1.8171131704315873,0.23470402800894935,1,1.2713487233540741,0,0,0,1,0,0,0,0,0,1,0,0,1
100,0.749518392531599,-1.006279002020887,-1.2034575986084581,-1.2852839629061523,0,-0.835632849236466,1,0,0,0,0,0,0,0,0,0,0,0,1
72,-0.8119410195019346,1.5684677119960315,1.8939026463982478,0.23470402800894935,1,2.0048799225584677,0,1,0,0,0,0,0,1,0,0,0,0,0
144,0.10309660860634964,-0.008655822412093747,0.31166173817874393,0.044705529144561655,0,-0.28321133130321585,0,0,1,0,0,0,0,0,0,0,0,0,1
133,0.011516665670379445,0.47816069958173024,0.15388538998420156,0.23470402800894935,0,1.064515238977991,0,0,0,0,1,0,0,0,0,0,0,0,0
11,0.8836658726759392,-0.8740654801664903,-0.6658099877571334,0.044705529144561655,0,-1.0126783140975046,0,0,0,1,0,0,0,0,0,0,0,0,1
101,0.7275520198620213,-0.9609850058121482,-0.6735695044943646,0.044705529144561655,0,-0.640142508441533,1,0,0,0,0,0,0,0,0,0,0,0,1
147,-0.9041758586796569,1.7324680759636433,2.261208193243707,-1.8552794594993154,1,1.1852418240957565,0,0,0,1,0,0,0,0,0,1,0,0,0
51,0.4603761052363052,-0.2619855889323155,-0.6336115049159111,1.1846965223308878,0,-0.6207857372611594,1,0,0,0,0,0,0,0,0,0,0,0,1
15,-1.0662090005941842,1.6282472257747163,0.9084553795449245,-0.14529296971982605,1,0.753795456009893,0,0,1,0,0,0,0,0,1,0,0,0,0
93,0.8994463162754491,-0.8325098004271332,-0.3683505395136735,1.1846965223308878,0,-0.8435118078630077,1,0,0,0,0,0,0,0,0,0,0,0,1
31,-0.6477068319312879,1.323288078781502,2.643086533744072,-1.6652809606349277,1,0.9446590616533722,0,0,0,1,0,0,0,0,0,1,0,0,0
21,-2.7676530217861797,0.6985240642502534,0.31180836380932325,0.23470402800894935,2,0.6750715169807299,0,0,0,1,0,0,0,0,0,2,0,0,0
80,0.6764769010612613,-0.7904715800807489,-1.5618805353693874,-1.8552794594993154,0,-0.5748456723382506,0,1,0,0,0,0,0,0,0,0,0,0,1
47,-2.5046840203435257,0.6818492256678579,0.5827053507963547,0.9946980234665002,2,0.3682523121739579,1,0,0,0,0,0,2,0,0,0,0,0,0
74,0.7229609979473463,-1.5103695110581181,-1.1802316330172162,-0.14529296971982605,0,-1.6609568883157624,0,0,0,1,0,0,0,0,0,0,0,0,1
139,0.5837145758137556,-0.589336051094232,-0.6046010879164883,0.4247025268733371,0,-0.4047620859253608,0,0,0,0,1,0,0,0,0,0,0,0,1
87,0.3291811201388895,-0.5441181906402285,-0.6788569831328753,0.4247025268733371,0,-0.3260446307387709,0,1,0,0,0,0,0,0,0,0,0,0,1
11,0.8836658726759392,-0.8740654801664903,-0.6658099877571334,0.044705529144561655,0,-1.2644782511340256,0,0,0,1,0,0,0,0,0,0,0,0,1
16,0.21959235036825592,1.2561008669520632,0.5017135098894712,-1.6652809606349277,0,0.8662133658930349,0,0,1,0,0,0,0,0,0,0,0,0,1
76,0.1408167633547376,0.49801409431163635,0.2718437585817132,-1.0952854640417646,0,0.30575762862704325,0,1,0,0,0,0,0,0,0,0,0,0,1
127,-0.46932085171134913,1.7709001151868076,1.9743001549316421,0.044705529144561655,1,1.1795418679700207,0,0,0,0,1,0,0,0,0,0,1,0,1
16,0.21959235036825592,1.2561008669520632,0.5017135098894712,-1.6652809606349277,0,1.2282885004017343,0,0,1,0,0,0,0,0,0,0,0,0,0
77,-0.6575427035321258,1.7424298157650362,1.8163409156462293,0.23470402800894935,1,1.3628351284797182,0,1,0,0,0,0,0,1,0,0,0,0,1
42,0.8719222867414198,-1.4814140890005991,-1.1392712444449196,-0.7152884663129891,0,-1.7325468417006236,0,0,1,0,0,0,0,0,0,0,0,0,1
92,0.8445864344413765,-0.8705751691755431,-0.2768351416516325,0.8046995246021125,0,-0.582051556094339,1,0,0,0,0,0,0,0,0,0,0,0,1
139,0.5837145758137556,-0.589336051094232,-0.6046010879164883,0.4247025268733371,0,-0.33892571837784297,0,0,0,0,1,0,0,0,0,0,0,0,1
6,0.1719788116721598,0.05240828769427301,-0.16026262363182758,-2.4252749560924785,0,0.7098065188099483,0,0,0,1,0,0,0,0,0,0,0,0,0
66,0.7935622906716993,-1.5432498057769413,-1.4771114080245087,-1.8552794594993154,0,-1.5486547928714207,0,1,0,0,0,0,0,0,0,0,0,0,1
107,-0.7904156161072389,2.1470811184540333,1.698761831375732,-2.805271953821254,1,1.7229797143995225,1,0,0,0,0,0,1,0,0,0,0,0,0
98,0.699758221626367,-0.9317558249441866,-0.5340336397585176,0.9946980234665002,0,-0.6973254800507812,1,0,0,0,0,0,0,0,0,0,0,0,1
58,0.3112484123582404,-0.13923291907309093,-0.3105121175681538,0.044705529144561655,0,0.08218225451428235,1,0,0,0,0,0,0,0,0,0,0,0,1
18,-2.4343978230082954,1.0177194408864998,0.4521127441273781,-0.14529296971982605,2,1.054226044051297,0,1,0,0,0,0,0,2,0,0,0,0,1
59,0.6243319687747093,-0.7343586820128495,-1.0351599987055027,-1.6652809606349277,0,-0.8948029991726083,1,0,0,0,0,0,0,0,0,0,0,0,1
142,0.20762560795863036,-0.22174690730544638,-0.4173018343601306,-0.9052869651773768,0,0.08042517102150432,0,0,0,0,1,0,0,0,0,0,0,0,1
57,0.8414513104002286,-1.5283443989530991,-1.2665670015914527,0.6147010257377248,0,-1.5486547928714207,1,0,0,0,0,0,0,0,0,0,0,0,1
71,0.39617430401842063,-0.5265553816936333,-0.6520679608564841,0.8046995246021125,0,-1.0250112705559178,0,1,0,0,0,0,0,0,0,0,0,0,1
119,-1.6551616418114246,1.4390779241391296,1.1887650990216085,-0.5252899674486015,2,0.6715491079848512,1,0,0,0,0,0,2,0,0,0,0,0,1
63,0.7229609979473463,-0.10936015689958539,-0.12096587909777386,-0.14529296971982605,0,-0.5298130491660149,0,1,0,0,0,0,0,0,0,0,0,0,1
76,0.1408167633547376,0.49801409431163635,0.2718437585817132,-1.0952854640417646,0,0.6092766947992583,0,1,0,0,0,0,0,0,0,0,0,0,1
47,-2.5046840203435257,0.6818492256678579,0.5827053507963547,0.9946980234665002,2,0.40365904491800153,1,0,0,0,0,0,2,0,0,0,0,0,0
100,0.749518392531599,-1.006279002020887,-1.2034575986084581,-1.2852839629061523,0,-1.2659971774158616,1,0,0,0,0,0,0,0,0,0,0,0,1
79,-0.06786942641887178,0.36944756736185524,-0.2042326804366343,-0.9052869651773768,0,0.18741570044229786,1,0,0,0,0,0,0,0,0,0,0,0,1
122,-1.476076712217983,2.008145649809295,1.8270131029191168,-1.0952854640417646,2,1.35561236430366,0,0,0,0,1,0,0,0,0,0,2,0,0
143,0.636665004955273,-0.6176826362864679,-0.9534319304906913,-1.2852839629061523,0,0.5223891694145216,0,0,0,0,1,0,0,0,0,0,0,0,0
58,0.3112484123582404,-0.13923291907309093,-0.3105121175681538,0.044705529144561655,0,0.011716527187027594,1,0,0,0,0,0,0,0,0,0,0,0,1
33,0.6011599987965244,-0.6063342631501952,-0.6314189384589611,0.9946980234665002,0,-0.4389124456874902,0,0,1,0,0,0,0,0,0,0,0,0,1
88,0.5868563428230743,-0.609900930429728,-0.9578919694679864,-1.0952854640417646,0,-0.6948249287565281,0,1,0,0,0,0,0,0,0,0,0,0,1
71,0.39617430401842063,-0.5265553816936333,-0.6520679608564841,0.8046995246021125,0,-0.6565429226106463,0,1,0,0,0,0,0,0,0,0,0,0,1
93,0.8994463162754491,-0.8325098004271332,-0.3683505395136735,1.1846965223308878,0,-0.6952415388414604,1,0,0,0,0,0,0,0,0,0,0,0,1
97,0.5802383111671098,-0.6133000595661697,-0.1405974457680445,-1.2852839629061523,0,-0.4615182952568739,1,0,0,0,0,0,0,0,0,0,0,0,1
110,0.4072251158517818,-0.5934627057048354,-0.6739330429991417,-0.14529296971982605,0,-1.0451345804730474,1,0,0,0,0,0,0,0,0,0,0,0,1
40,0.7947628643943812,-1.1178728649985321,-0.8323861883069975,0.8046995246021125,0,-1.8696693138030762,0,0,1,0,0,0,0,0,0,0,0,0,1
44,0.10395245939498345,0.5018832971696904,0.07615580763557432,-1.6652809606349277,0,0.3937710716385054,0,0,0,1,0,0,0,0,0,0,0,0,1
66,0.7935622906716993,-1.5432498057769413,-1.4771114080245087,-1.8552794594993154,0,-2.0027690249036056,0,1,0,0,0,0,0,0,0,0,0,0,1
121,0.8282062919792007,-0.851095731236515,-0.3735646324671911,-0.14529296971982605,0,-0.541055760551514,1,0,0,0,0,0,0,0,0,0,0,0,1
28,-0.3652449498354038,0.996586460244493,2.103074662036828,0.044705529144561655,1,1.2526814856956232,0,0,1,0,0,0,0,0,1,0,0,0,0
145,-2.297523072029207,1.3377599240336107,1.7801044194955888,-1.2852839629061523,2,1.4020411944841815,0,0,1,0,0,0,0,0,2,0,0,0,0
107,-0.7904156161072389,2.1470811184540333,1.698761831375732,-2.805271953821254,1,1.2892635340449758,1,0,0,0,0,0,1,0,0,0,0,0,1
26,-1.7158982377047827,1.8471569501199987,1.7057295448363428,0.9946980234665002,2,1.1565196967346811,0,0,1,0,0,0,0,0,2,0,0,0,0
27,0.5868563428230743,-0.128963105635196,-0.14672158137823135,-1.0952854640417646,0,-0.4469385793113591,0,0,1,0,0,0,0,0,0,0,0,0,1
59,0.6243319687747093,-0.7343586820128495,-1.0351599987055027,-1.6652809606349277,0,-0.3910250941433268,1,0,0,0,0,0,0,0,0,0,0,0,0
7,0.19673452778807235,-0.13760846456842266,-0.012840738619519537,-0.14529296971982605,0,-0.09914029727423325,0,0,1,0,0,0,0,0,0,0,0,0,1
21,-2.7676530217861797,0.6985240642502534,0.31180836380932325,0.23470402800894935,2,-0.44885281490024836,0,0,0,1,0,0,0,0,0,2,0,0,0
141,0.8382480314886213,-0.8544477243555477,-0.951651508455736,0.4247025268733371,0,-0.5936985154902521,0,0,1,0,0,0,0,0,0,0,0,0,1
72,-0.8119410195019346,1.5684677119960315,1.8939026463982478,0.23470402800894935,1,1.3823503176800553,0,1,0,0,0,0,0,1,0,0,0,0,1
75,-0.9536307757207662,1.9969399054105164,1.8021985275224652,2.8946830121103773,1,1.672618506498435,1,0,0,0,0,0,1,0,0,0,0,0,0
76,0.1408167633547376,0.49801409431163635,0.2718437585817132,-1.0952854640417646,0,0.6062080834914603,0,1,0,0,0,0,0,0,0,0,0,0,1
107,-0.7904156161072389,2.1470811184540333,1.698761831375732,-2.805271953821254,1,1.017114244085028,1,0,0,0,0,0,1,0,0,0,0,0,1
147,-0.9041758586796569,1.7324680759636433,2.261208193243707,-1.8552794594993154,1,0.966100859957644,0,0,0,1,0,0,0,0,0,1,0,0,1
124,0.6540890037452556,-0.8160574649792502,-1.2391588545392942,-0.7152884663129891,0,-0.5800481398874742,0,0,0,0,1,0,0,0,0,0,0,0,1
139,0.5837145758137556,-0.589336051094232,-0.6046010879164883,0.4247025268733371,0,-0.4290057529480883,0,0,0,0,1,0,0,0,0,0,0,0,1
90,-1.686864809997518,1.466103265290234,0.0976579672697802,0.23470402800894935,2,1.610884799485518,1,0,0,0,0,0,2,0,0,0,0,0,1
110,0.4072251158517818,-0.5934627057048354,-0.6739330429991417,-0.14529296971982605,0,0.7265081240541009,1,0,0,0,0,0,0,0,0,0,0,0,1
86,0.5896547736035872,-0.7775309608791905,-0.5982968799555161,0.6147010257377248,0,0.36767303598720474,0,1,0,0,0,0,0,0,0,0,0,0,0
44,0.10395245939498345,0.5018832971696904,0.07615580763557432,-1.6652809606349277,0,0.756205900513594,0,0,0,1,0,0,0,0,0,0,0,0,0
65,0.8316279217379663,-0.8351742574545239,-0.6081633840025297,0.044705529144561655,0,-0.5367113448425321,0,1,0,0,0,0,0,0,0,0,0,0,1
26,-1.7158982377047827,1.8471569501199987,1.7057295448363428,0.9946980234665002,2,1.9990824008281944,0,0,1,0,0,0,0,0,2,0,0,0,0
94,0.8779275295488443,-0.8909817385797031,-0.8887889027719983,-0.33529146858421377,0,-0.5936985154902521,1,0,0,0,0,0,0,0,0,0,0,0,1
136,0.2523266582218214,-0.18408511239477296,0.06133515553783667,-1.0952854640417646,0,-0.13796468762885905,0,0,0,0,1,0,0,0,0,0,0,0,1
91,0.30197982181992733,-0.20291795588207354,-0.2588889040503444,-0.14529296971982605,0,0.2108897101647518,1,0,0,0,0,0,0,0,0,0,0,0,1
74,0.7229609979473463,-1.5103695110581181,-1.1802316330172162,-0.14529296971982605,0,-1.6220880903280588,0,0,0,1,0,0,0,0,0,0,0,0,1
145,-2.297523072029207,1.3377599240336107,1.7801044194955888,-1.2852839629061523,2,0.7540492805993638,0,0,1,0,0,0,0,0,2,0,0,0,0
19,0.41532431423418525,-0.6571303014721108,-0.7501408747855717,0.044705529144561655,0,-0.885228270969296,0,1,0,0,0,0,0,0,0,0,0,0,1
33,0.6011599987965244,-0.6063342631501952,-0.6314189384589611,0.9946980234665002,0,-0.7275000803038141,0,0,1,0,0,0,0,0,0,0,0,0,1
137,0.6903733883222437,-0.785365729465504,-1.0442505310428574,0.6147010257377248,0,-0.8814515437525846,0,0,0,0,1,0,0,0,0,0,0,0,1
20,-2.4217516321998738,1.1199489577150297,2.6280987022231224,-0.33529146858421377,2,1.514155378766493,0,0,1,0,0,0,0,0,2,0,0,0,0
85,-0.6431577254499988,1.6644709085746359,1.47068889288518,1.3746950211952755,1,1.9288552652206614,0,1,0,0,0,0,0,1,0,0,0,0,0
150,0.3449995673040472,-0.2984901021510301,-0.089671566242416,-1.47528246177054,0,-0.12851047253552642,0,0,0,0,1,0,0,0,0,0,0,0,1
83,0.7275520198620213,-0.5637364070823583,-1.1515332948201789,0.044705529144561655,0,-0.5166529615209322,0,1,0,0,0,0,0,0,0,0,0,0,1
87,0.3291811201388895,-0.5441181906402285,-0.6788569831328753,0.4247025268733371,0,-0.5965168143822531,0,1,0,0,0,0,0,0,0,0,0,0,1
4,0.8174639659923786,-0.8919133713132138,-0.8631966977018697,-0.7152884663129891,0,-0.6342200006200504,0,0,0,1,0,0,0,0,0,0,0,0,1
38,-1.7965354299615945,1.4952750914331256,0.8465973008691576,-0.7152884663129891,2,1.4120904773741305,0,0,1,0,0,0,0,0,2,0,0,0,0
23,-1.8861366533103854,1.2684735019520244,1.2729808069009627,-0.9052869651773768,2,1.126507258993864,0,1,0,0,0,0,0,2,0,0,0,0,0
5,-0.45167828223904755,1.1978345167031514,1.8171131704315873,0.23470402800894935,1,0.13488027395222796,0,0,0,1,0,0,0,0,0,1,0,0,1
3,0.7835082455194236,-0.5362768529714969,-0.898957350657006,0.23470402800894935,0,-0.672622379561173,0,0,0,1,0,0,0,0,0,0,0,0,1
127,-0.46932085171134913,1.7709001151868076,1.9743001549316421,0.044705529144561655,1,1.6457994655635813,0,0,0,0,1,0,0,0,0,0,1,0,0
131,0.7795899707999938,-0.9387925848847133,-0.4271797432259956,0.044705529144561655,0,-0.4786848344574604,0,1,0,0,0,0,0,0,0,0,0,0,1
65,0.8316279217379663,-0.8351742574545239,-0.6081633840025297,0.044705529144561655,0,-1.5104151033334305,0,1,0,0,0,0,0,0,0,0,0,0,1
57,0.8414513104002286,-1.5283443989530991,-1.2665670015914527,0.6147010257377248,0,-0.8106052405848095,1,0,0,0,0,0,0,0,0,0,0,0,0
62,0.7131172445439711,-0.5227263011585528,-0.8184503332202685,1.5646935200596632,0,-0.7291856116891446,0,1,0,0,0,0,0,0,0,0,0,0,1
88,0.5868563428230743,-0.609900930429728,-0.9578919694679864,-1.0952854640417646,0,-0.49984724755604903,0,1,0,0,0,0,0,0,0,0,0,0,1
86,0.5896547736035872,-0.7775309608791905,-0.5982968799555161,0.6147010257377248,0,-0.6108515839222447,0,1,0,0,0,0,0,0,0,0,0,0,1
82,0.43099450240883586,-0.49403836800935974,-0.2876567344431154,0.4247025268733371,0,-0.10356109359885127,0,1,0,0,0,0,0,0,0,0,0,0,1
23,-1.8861366533103854,1.2684735019520244,1.2729808069009627,-0.9052869651773768,2,0.9444212552708432,0,1,0,0,0,0,0,2,0,0,0,0,0
7,0.19673452778807235,-0.13760846456842266,-0.012840738619519537,-0.14529296971982605,0,0.05780855014423121,0,0,1,0,0,0,0,0,0,0,0,0,1
149,-0.28826545392087316,0.9538533304641673,1.2853374985845787,-0.9052869651773768,0,1.7420511537221388,0,0,0,0,1,0,0,0,0,0,0,0,0
13,0.7407326956815721,-0.4981075397435976,-0.43427655070294097,0.6147010257377248,0,-0.2808600449322061,0,0,0,1,0,0,0,0,0,0,0,0,1
62,0.7131172445439711,-0.5227263011585528,-0.8184503332202685,1.5646935200596632,0,-0.5221454977216945,0,1,0,0,0,0,0,0,0,0,0,0,1
123,0.571438167048103,-0.6840795948613619,-0.9021211614649218,0.044705529144561655,0,-0.5424394293013066,0,0,0,0,1,0,0,0,0,0,0,0,1
4,0.8174639659923786,-0.8919133713132138,-0.8631966977018697,-0.7152884663129891,0,-0.541055760551514,0,0,0,1,0,0,0,0,0,0,0,0,1
59,0.6243319687747093,-0.7343586820128495,-1.0351599987055027,-1.6652809606349277,0,-0.8019499547595808,1,0,0,0,0,0,0,0,0,0,0,0,1
52,0.4115905262319561,-0.46252089123866197,-0.12288851185595892,1.1846965223308878,0,-0.9638601497789925,0,0,1,0,0,0,0,0,0,0,0,0,1
108,-0.5785143810257847,0.9937179674315499,1.0592202097888943,-0.5252899674486015,1,0.9358473199442459,1,0,0,0,0,0,1,0,0,0,0,0,1
139,0.5837145758137556,-0.589336051094232,-0.6046010879164883,0.4247025268733371,0,-0.37679180424074477,0,0,0,0,1,0,0,0,0,0,0,0,0
148,-0.6806168979914329,1.7403995922432274,1.5443258585630333,0.9946980234665002,1,1.125277975426458,0,0,0,0,1,0,0,0,0,0,1,0,1
26,-1.7158982377047827,1.8471569501199987,1.7057295448363428,0.9946980234665002,2,1.6619389954194173,0,0,1,0,0,0,0,0,2,0,0,0,0
76,0.1408167633547376,0.49801409431163635,0.2718437585817132,-1.0952854640417646,0,1.10013222161842,0,1,0,0,0,0,0,0,0,0,0,0,0
70,0.7320421401961541,-1.5234907131179805,-1.5084354987500674,0.23470402800894935,0,-1.6015674013343646,0,1,0,0,0,0,0,0,0,0,0,0,1
76,0.1408167633547376,0.49801409431163635,0.2718437585817132,-1.0952854640417646,0,0.35620875449521583,0,1,0,0,0,0,0,0,0,0,0,0,1
114,-0.43384167408889446,0.9148979635939658,2.10097912665727,1.5646935200596632,0,0.7800759096751159,1,0,0,0,0,0,0,0,0,0,0,0,1
61,0.8506607372710999,-0.8671196883049148,-0.6140864249192279,1.1846965223308878,0,-0.9946220089326006,0,1,0,0,0,0,0,0,0,0,0,0,1
147,-0.9041758586796569,1.7324680759636433,2.261208193243707,-1.8552794594993154,1,1.043670646367007,0,0,0,1,0,0,0,0,0,1,0,0,1
100,0.749518392531599,-1.006279002020887,-1.2034575986084581,-1.2852839629061523,0,-1.1791782436346994,1,0,0,0,0,0,0,0,0,0,0,0,1
119,-1.6551616418114246,1.4390779241391296,1.1887650990216085,-0.5252899674486015,2,1.4651110674318089,1,0,0,0,0,0,2,0,0,0,0,0,0
129,0.636665004955273,-0.7146520815572139,-0.7771776962728781,-1.2852839629061523,0,-0.752885636660388,0,0,0,0,1,0,0,0,0,0,0,0,1
8,0.87495942103483,-0.8984325713737316,-0.5130526742349769,-0.5252899674486015,0,-0.541055760551514,0,0,1,0,0,0,0,0,0,0,0,0,1
92,0.8445864344413765,-0.8705751691755431,-0.2768351416516325,0.8046995246021125,0,-0.37529758541356556,1,0,0,0,0,0,0,0,0,0,0,0,1
115,0.5837145758137556,-0.6097811663211553,-0.7158215384941234,0.4247025268733371,0,-1.0451345804730474,1,0,0,0,0,0,0,0,0,0,0,0,1
116,0.3178236217096313,-0.16359767667756062,-0.31680944558207025,-0.9052869651773768,0,-0.6821467499676241,1,0,0,0,0,0,0,0,0,0,0,0,1
54,0.4385768515256023,-0.3761904536237241,-0.5622559522349857,0.6147010257377248,0,-0.5541278690152571,1,0,0,0,0,0,0,0,0,0,0,0,1
106,0.7873413403536483,-0.9412859156945045,-0.7362814229866637,0.4247025268733371,0,-1.158602548152549,1,0,0,0,0,0,0,0,0,0,0,0,1
24,-2.344122048566307,0.793312820011672,0.8280969369076001,0.8046995246021125,2,0.6554486666621949,0,0,1,0,0,0,0,0,2,0,0,0,0
123,0.571438167048103,-0.6840795948613619,-0.9021211614649218,0.044705529144561655,0,-0.8604356279571906,0,0,0,0,1,0,0,0,0,0,0,0,1
147,-0.9041758586796569,1.7324680759636433,2.261208193243707,-1.8552794594993154,1,1.1049761083816014,0,0,0,1,0,0,0,0,0,1,0,0,0
143,0.636665004955273,-0.6176826362864679,-0.9534319304906913,-1.2852839629061523,0,0.6034034928444453,0,0,0,0,1,0,0,0,0,0,0,0,0
88,0.5868563428230743,-0.609900930429728,-0.9578919694679864,-1.0952854640417646,0,-0.6867128731174034,0,1,0,0,0,0,0,0,0,0,0,0,1
90,-1.686864809997518,1.466103265290234,0.0976579672697802,0.23470402800894935,2,1.3361253189460343,1,0,0,0,0,0,2,0,0,0,0,0,0
112,0.17764706769534208,1.2871149009542924,1.1243285544636878,1.3746950211952755,0,1.5632568545717744,1,0,0,0,0,0,0,0,0,0,0,0,1
8,0.87495942103483,-0.8984325713737316,-0.5130526742349769,-0.5252899674486015,0,-0.7849306627254241,0,0,1,0,0,0,0,0,0,0,0,0,1
108,-0.5785143810257847,0.9937179674315499,1.0592202097888943,-0.5252899674486015,1,0.4284464684182901,1,0,0,0,0,0,1,0,0,0,0,0,0
17,-0.216094144145666,0.5684545686580579,0.13318035259690775,0.6147010257377248,0,0.5163386527027813,0,0,1,0,0,0,0,0,0,0,0,0,1
54,0.4385768515256023,-0.3761904536237241,-0.5622559522349857,0.6147010257377248,0,-0.30518755522592683,1,0,0,0,0,0,0,0,0,0,0,0,1
93,0.8994463162754491,-0.8325098004271332,-0.3683505395136735,1.1846965223308878,0,-0.582051556094339,1,0,0,0,0,0,0,0,0,0,0,0,1
87,0.3291811201388895,-0.5441181906402285,-0.6788569831328753,0.4247025268733371,0,-0.4398667834072493,0,1,0,0,0,0,0,0,0,0,0,0,1
149,-0.28826545392087316,0.9538533304641673,1.2853374985845787,-0.9052869651773768,0,1.281962455674105,0,0,0,0,1,0,0,0,0,0,0,0,1
131,0.7795899707999938,-0.9387925848847133,-0.4271797432259956,0.044705529144561655,0,-1.1444795463880837,0,1,0,0,0,0,0,0,0,0,0,0,1
130,0.7630056452433375,-1.1133002572992534,-0.5927498925862508,-0.7152884663129891,0,-0.9176413228041005,0,0,0,0,1,0,0,0,0,0,0,0,1
81,0.2925005814966524,0.22433561239885857,-0.21074700583093897,-0.33529146858421377,0,0.09254352359427107,0,1,0,0,0,0,0,0,0,0,0,0,0
122,-1.476076712217983,2.008145649809295,1.8270131029191168,-1.0952854640417646,2,1.0015303323890263,0,0,0,0,1,0,0,0,0,0,2,0,0
85,-0.6431577254499988,1.6644709085746359,1.47068889288518,1.3746950211952755,1,1.9288552652206614,0,1,0,0,0,0,0,1,0,0,0,0,0
79,-0.06786942641887178,0.36944756736185524,-0.2042326804366343,-0.9052869651773768,0,0.47391017145150255,1,0,0,0,0,0,0,0,0,0,0,0,1
1,-1.7425855298397428,1.4435683236909782,0.755493055739396,1.754692018924051,2,1.5278234747436492,0,0,0,1,0,0,0,0,0,2,0,0,1
145,-2.297523072029207,1.3377599240336107,1.7801044194955888,-1.2852839629061523,2,1.4158374221372196,0,0,1,0,0,0,0,0,2,0,0,0,1
55,0.7873413403536483,-0.9280036154226032,-0.5858373140388665,0.4247025268733371,0,-0.6695233018190637,1,0,0,0,0,0,0,0,0,0,0,0,1
19,0.41532431423418525,-0.6571303014721108,-0.7501408747855717,0.044705529144561655,0,-0.45978795064341477,0,1,0,0,0,0,0,0,0,0,0,0,1
11,0.8836658726759392,-0.8740654801664903,-0.6658099877571334,0.044705529144561655,0,-0.9091120663054266,0,0,0,1,0,0,0,0,0,0,0,0,1
92,0.8445864344413765,-0.8705751691755431,-0.2768351416516325,0.8046995246021125,0,-0.5367113448425321,1,0,0,0,0,0,0,0,0,0,0,0,1
108,-0.5785143810257847,0.9937179674315499,1.0592202097888943,-0.5252899674486015,1,1.37394394297832,1,0,0,0,0,0,1,0,0,0,0,0,0
58,0.3112484123582404,-0.13923291907309093,-0.3105121175681538,0.044705529144561655,0,0.17738576518345753,1,0,0,0,0,0,0,0,0,0,0,0,1
1,-1.7425855298397428,1.4435683236909782,0.755493055739396,1.754692018924051,2,0.6546610070800198,0,0,0,1,0,0,0,0,0,2,0,0,0
50,0.41095822980262053,-0.23896483537564048,-0.5632507939667125,-1.2852839629061523,0,0.9106954508483103,1,0,0,0,0,0,0,0,0,0,0,0,0
37,-0.14288165029942937,0.5315173616469385,-0.15303395999237152,0.23470402800894935,0,0.9224599170531813,1,0,0,0,0,0,0,0,0,0,0,0,0
39,0.6484176629626337,-0.6268169021022602,-1.3414694560000502,-0.9052869651773768,0,-0.5983300133538768,0,0,1,0,0,0,0,0,0,0,0,0,1
94,0.8779275295488443,-0.8909817385797031,-0.8887889027719983,-0.33529146858421377,0,-0.9946220089326006,1,0,0,0,0,0,0,0,0,0,0,0,1
73,0.5954685842064011,-0.7202236558591159,-0.4782030303955875,0.8046995246021125,0,-0.9440597707627015,1,0,0,0,0,0,0,0,0,0,0,0,1
145,-2.297523072029207,1.3377599240336107,1.7801044194955888,-1.2852839629061523,2,0.9870350364085471,0,0,1,0,0,0,0,0,2,0,0,0,0
102,0.6484176629626337,-0.6110760714536377,-0.4339534015937101,-0.9052869651773768,0,-0.7774220186862999,1,0,0,0,0,0,0,0,0,0,0,0,1
30,0.8994463162754491,-1.1530952875169582,-1.1322444734329258,1.1846965223308878,0,0.2913728310223451,0,0,1,0,0,0,0,0,0,0,0,0,1
44,0.10395245939498345,0.5018832971696904,0.07615580763557432,-1.6652809606349277,0,0.5596526245167914,0,0,0,1,0,0,0,0,0,0,0,0,1
90,-1.686864809997518,1.466103265290234,0.0976579672697802,0.23470402800894935,2,1.1625957577796346,1,0,0,0,0,0,2,0,0,0,0,0,1
125,0.8836658726759392,-0.845301563118997,-0.34775545093729304,0.044705529144561655,0,-0.5367113448425321,0,0,0,0,1,0,0,0,0,0,0,0,1
57,0.8414513104002286,-1.5283443989530991,-1.2665670015914527,0.6147010257377248,0,-1.6220880903280588,1,0,0,0,0,0,0,0,0,0,0,0,1
102,0.6484176629626337,-0.6110760714536377,-0.4339534015937101,-0.9052869651773768,0,0.12183391946878534,1,0,0,0,0,0,0,0,0,0,0,0,0
52,0.4115905262319561,-0.46252089123866197,-0.12288851185595892,1.1846965223308878,0,-0.5353303832201004,0,0,1,0,0,0,0,0,0,0,0,0,1
132,-0.013756060275637085,0.3838628894046642,-0.16758445331811073,-0.14529296971982605,0,-0.232448229226798,0,0,0,0,1,0,0,0,0,0,0,0,1
111,-0.6700050794587804,1.543549407313917,1.1701659444693266,-1.8552794594993154,1,1.157735919381676,1,0,0,0,0,0,1,0,0,0,0,0,0
42,0.8719222867414198,-1.4814140890005991,-1.1392712444449196,-0.7152884663129891,0,-1.8899729900721793,0,0,1,0,0,0,0,0,0,0,0,0,1
109,-1.6414077047803937,1.4986347749050806,0.9043220990792102,-2.045277958363703,1,0.7673442243272857,1,0,0,0,0,0,1,0,0,0,0,0,0
17,-0.216094144145666,0.5684545686580579,0.13318035259690775,0.6147010257377248,0,1.6002620751996874,0,0,1,0,0,0,0,0,0,0,0,0,1
85,-0.6431577254499988,1.6644709085746359,1.47068889288518,1.3746950211952755,1,1.2492551228796882,0,1,0,0,0,0,0,1,0,0,0,0,0
68,0.7134623319169836,-0.15222737396103334,-0.16937230144714704,-0.5252899674486015,0,0.07946631665249361,0,1,0,0,0,0,0,0,0,0,0,0,1
76,0.1408167633547376,0.49801409431163635,0.2718437585817132,-1.0952854640417646,0,0.7058097027905311,0,1,0,0,0,0,0,0,0,0,0,0,0
42,0.8719222867414198,-1.4814140890005991,-1.1392712444449196,-0.7152884663129891,0,-1.6629864658369384,0,0,1,0,0,0,0,0,0,0,0,0,1
91,0.30197982181992733,-0.20291795588207354,-0.2588889040503444,-0.14529296971982605,0,-0.6207857372611594,1,0,0,0,0,0,0,0,0,0,0,0,1
84,0.6175373346578993,-0.6152472640161171,-0.8696044337708005,1.5646935200596632,0,-0.47694430495067025,0,1,0,0,0,0,0,0,0,0,0,0,1
103,-2.0718162968765546,0.3708976950805329,0.269305075539882,-1.2852839629061523,2,0.22932159615488554,0,1,0,0,0,0,0,2,0,0,0,0,0
43,-0.5362326291556553,1.3821815505789712,1.456308739033318,0.4247025268733371,1,0.4457016920834955,0,0,1,0,0,0,0,0,1,0,0,0,1
133,0.011516665670379445,0.47816069958173024,0.15388538998420156,0.23470402800894935,0,0.8786442836082106,0,0,0,0,1,0,0,0,0,0,0,0,1
99,0.6951157243003914,-0.9436623991337402,-0.7024983918234182,0.8046995246021125,0,-0.7605444771624128,1,0,0,0,0,0,0,0,0,0,0,0,1
13,0.7407326956815721,-0.4981075397435976,-0.43427655070294097,0.6147010257377248,0,-0.11498404338624724,0,0,0,1,0,0,0,0,0,0,0,0,1
112,0.17764706769534208,1.2871149009542924,1.1243285544636878,1.3746950211952755,0,1.2112977518192845,1,0,0,0,0,0,0,0,0,0,0,0,1
137,0.6903733883222437,-0.785365729465504,-1.0442505310428574,0.6147010257377248,0,-0.9741545768515992,0,0,0,0,1,0,0,0,0,0,0,0,1
34,0.557947263245004,-0.6131880188226092,-0.5788228591444924,1.1846965223308878,0,-0.7518234935441537,0,0,1,0,0,0,0,0,0,0,0,0,1
70,0.7320421401961541,-1.5234907131179805,-1.5084354987500674,0.23470402800894935,0,-2.1714059985305165,0,1,0,0,0,0,0,0,0,0,0,0,1
47,-2.5046840203435257,0.6818492256678579,0.5827053507963547,0.9946980234665002,2,0.9599568647513812,1,0,0,0,0,0,2,0,0,0,0,0,0
115,0.5837145758137556,-0.6097811663211553,-0.7158215384941234,0.4247025268733371,0,-0.4595957533196652,1,0,0,0,0,0,0,0,0,0,0,0,1
87,0.3291811201388895,-0.5441181906402285,-0.6788569831328753,0.4247025268733371,0,-0.23084822458886836,0,1,0,0,0,0,0,0,0,0,0,0,1
120,0.6118243713433028,-0.5441126359700348,-0.5312969821658854,-0.33529146858421377,0,-0.7063033890552082,1,0,0,0,0,0,0,0,0,0,0,0,1
45,-2.8517285660606486,0.7266761270872851,0.7627815300785532,2.324687515517214,2,0.6450607829807791,0,0,1,0,0,0,0,0,2,0,0,0,0
1,-1.7425855298397428,1.4435683236909782,0.755493055739396,1.754692018924051,2,1.4651110674318089,0,0,0,1,0,0,0,0,0,2,0,0,0
6,0.1719788116721598,0.05240828769427301,-0.16026262363182758,-2.4252749560924785,0,-0.45594640229644107,0,0,0,1,0,0,0,0,0,0,0,0,1
133,0.011516665670379445,0.47816069958173024,0.15388538998420156,0.23470402800894935,0,0.61034328348793,0,0,0,0,1,0,0,0,0,0,0,0,0
14,-0.7618273357298131,1.582321823073024,1.3386654494707158,-0.7152884663129891,1,1.39959979490078,0,0,1,0,0,0,0,0,1,0,0,0,0
54,0.4385768515256023,-0.3761904536237241,-0.5622559522349857,0.6147010257377248,0,-0.42368524897379073,1,0,0,0,0,0,0,0,0,0,0,0,1
117,0.698366237690158,-0.997379566363776,-1.1364031117008466,-1.0952854640417646,0,-1.3531239911704993,1,0,0,0,0,0,0,0,0,0,0,0,1
114,-0.43384167408889446,0.9148979635939658,2.10097912665727,1.5646935200596632,0,1.59246018123545,1,0,0,0,0,0,0,0,0,0,0,0,0
20,-2.4217516321998738,1.1199489577150297,2.6280987022231224,-0.33529146858421377,2,1.4020411944841815,0,0,1,0,0,0,0,0,2,0,0,0,0
119,-1.6551616418114246,1.4390779241391296,1.1887650990216085,-0.5252899674486015,2,1.2786763168998938,1,0,0,0,0,0,2,0,0,0,0,0,0
38,-1.7965354299615945,1.4952750914331256,0.8465973008691576,-0.7152884663129891,2,1.078632419850906,0,0,1,0,0,0,0,0,2,0,0,0,1
73,0.5954685842064011,-0.7202236558591159,-0.4782030303955875,0.8046995246021125,0,-0.6536662020823717,1,0,0,0,0,0,0,0,0,0,0,0,1
2,0.7873413403536483,-1.5406960664772213,-1.3308391136178341,0.4247025268733371,0,-1.8488874205369659,0,0,0,1,0,0,0,0,0,0,0,0,1
44,0.10395245939498345,0.5018832971696904,0.07615580763557432,-1.6652809606349277,0,0.5391004156688878,0,0,0,1,0,0,0,0,0,0,0,0,1
149,-0.28826545392087316,0.9538533304641673,1.2853374985845787,-0.9052869651773768,0,1.2713487233540741,0,0,0,0,1,0,0,0,0,0,0,0,0
18,-2.4343978230082954,1.0177194408864998,0.4521127441273781,-0.14529296971982605,2,0.9216211658635014,0,1,0,0,0,0,0,2,0,0,0,0,0
38,-1.7965354299615945,1.4952750914331256,0.8465973008691576,-0.7152884663129891,2,1.1514281869002234,0,0,1,0,0,0,0,0,2,0,0,0,1
17,-0.216094144145666,0.5684545686580579,0.13318035259690775,0.6147010257377248,0,1.1636991410019728,0,0,1,0,0,0,0,0,0,0,0,0,0
73,0.5954685842064011,-0.7202236558591159,-0.4782030303955875,0.8046995246021125,0,-0.8214604991016333,1,0,0,0,0,0,0,0,0,0,0,0,1
8,0.87495942103483,-0.8984325713737316,-0.5130526742349769,-0.5252899674486015,0,-1.0219813878192128,0,0,1,0,0,0,0,0,0,0,0,0,1
82,0.43099450240883586,-0.49403836800935974,-0.2876567344431154,0.4247025268733371,0,-0.4969258851153684,0,1,0,0,0,0,0,0,0,0,0,0,1
73,0.5954685842064011,-0.7202236558591159,-0.4782030303955875,0.8046995246021125,0,-0.8214604991016333,1,0,0,0,0,0,0,0,0,0,0,0,1
128,-0.06786942641887178,0.24122995524865057,-0.12649798167401216,-0.9052869651773768,0,0.16421757120538857,0,0,0,0,1,0,0,0,0,0,0,0,1
106,0.7873413403536483,-0.9412859156945045,-0.7362814229866637,0.4247025268733371,0,-1.1355055511474748,1,0,0,0,0,0,0,0,0,0,0,0,1
67,-1.1729209839729045,1.65903663734724,1.5038528877880608,0.6147010257377248,1,1.938773948776144,0,1,0,0,0,0,0,1,0,0,0,0,0
8,0.87495942103483,-0.8984325713737316,-0.5130526742349769,-0.5252899674486015,0,-1.1914947734308816,0,0,1,0,0,0,0,0,0,0,0,0,1
68,0.7134623319169836,-0.15222737396103334,-0.16937230144714704,-0.5252899674486015,0,-0.2619378731511995,0,1,0,0,0,0,0,0,0,0,0,0,1
102,0.6484176629626337,-0.6110760714536377,-0.4339534015937101,-0.9052869651773768,0,-0.45268504948471877,1,0,0,0,0,0,0,0,0,0,0,0,1
15,-1.0662090005941842,1.6282472257747163,0.9084553795449245,-0.14529296971982605,1,1.160719050273128,0,0,1,0,0,0,0,0,1,0,0,0,0
59,0.6243319687747093,-0.7343586820128495,-1.0351599987055027,-1.6652809606349277,0,-0.4657523420664681,1,0,0,0,0,0,0,0,0,0,0,0,1
127,-0.46932085171134913,1.7709001151868076,1.9743001549316421,0.044705529144561655,1,1.6660296771653067,0,0,0,0,1,0,0,0,0,0,1,0,1
26,-1.7158982377047827,1.8471569501199987,1.7057295448363428,0.9946980234665002,2,1.1484355579309307,0,0,1,0,0,0,0,0,2,0,0,0,0
136,0.2523266582218214,-0.18408511239477296,0.06133515553783667,-1.0952854640417646,0,-0.014739441260441948,0,0,0,0,1,0,0,0,0,0,0,0,1
44,0.10395245939498345,0.5018832971696904,0.07615580763557432,-1.6652809606349277,0,1.1716312336117816,0,0,0,1,0,0,0,0,0,0,0,0,0
64,0.7873413403536483,-1.4919267395728504,-1.0766909350482308,0.4247025268733371,0,-1.664727225595357,0,1,0,0,0,0,0,0,0,0,0,0,1
148,-0.6806168979914329,1.7403995922432274,1.5443258585630333,0.9946980234665002,1,1.5002264524357165,0,0,0,0,1,0,0,0,0,0,1,0,1
31,-0.6477068319312879,1.323288078781502,2.643086533744072,-1.6652809606349277,1,1.0757916939662664,0,0,0,1,0,0,0,0,0,1,0,0,1
73,0.5954685842064011,-0.7202236558591159,-0.4782030303955875,0.8046995246021125,0,-1.034119800828235,1,0,0,0,0,0,0,0,0,0,0,0,1
130,0.7630056452433375,-1.1133002572992534,-0.5927498925862508,-0.7152884663129891,0,-2.5094477978387704,0,0,0,0,1,0,0,0,0,0,0,0,1
27,0.5868563428230743,-0.128963105635196,-0.14672158137823135,-1.0952854640417646,0,-0.2619378731511995,0,0,1,0,0,0,0,0,0,0,0,0,1
73,0.5954685842064011,-0.7202236558591159,-0.4782030303955875,0.8046995246021125,0,-0.6501768418199632,1,0,0,0,0,0,0,0,0,0,0,0,0
5,-0.45167828223904755,1.1978345167031514,1.8171131704315873,0.23470402800894935,1,0.9804651469389873,0,0,0,1,0,0,0,0,0,1,0,0,0
26,-1.7158982377047827,1.8471569501199987,1.7057295448363428,0.9946980234665002,2,1.4843531190614536,0,0,1,0,0,0,0,0,2,0,0,0,0
33,0.6011599987965244,-0.6063342631501952,-0.6314189384589611,0.9946980234665002,0,-0.1997339253618298,0,0,1,0,0,0,0,0,0,0,0,0,1
49,-2.8306517767246246,0.7355700264671651,0.5936632702315654,1.754692018924051,2,1.0426360041833376,0,0,1,0,0,0,0,0,2,0,0,0,0
127,-0.46932085171134913,1.7709001151868076,1.9743001549316421,0.044705529144561655,1,1.3046523588933767,0,0,0,0,1,0,0,0,0,0,1,0,1
102,0.6484176629626337,-0.6110760714536377,-0.4339534015937101,-0.9052869651773768,0,-0.4862391234973629,1,0,0,0,0,0,0,0,0,0,0,0,1
7,0.19673452778807235,-0.13760846456842266,-0.012840738619519537,-0.14529296971982605,0,-0.4655597523353666,0,0,1,0,0,0,0,0,0,0,0,0,1
80,0.6764769010612613,-0.7904715800807489,-1.5618805353693874,-1.8552794594993154,0,-1.0798553444834307,0,1,0,0,0,0,0,0,0,0,0,0,1
90,-1.686864809997518,1.466103265290234,0.0976579672697802,0.23470402800894935,2,0.7655750537229189,1,0,0,0,0,0,2,0,0,0,0,0,0
69,0.5456450141594062,-0.6164158115977786,-0.7721737910156989,0.8046995246021125,0,-0.7361487166121127,0,1,0,0,0,0,0,0,0,0,0,0,1
18,-2.4343978230082954,1.0177194408864998,0.4521127441273781,-0.14529296971982605,2,0.8759675714305675,0,1,0,0,0,0,0,2,0,0,0,0,0
138,0.8098761325572423,-0.836674845801153,-0.8422281012524391,-1.0952854640417646,0,-1.242542024291626,0,0,0,0,1,0,0,0,0,0,0,0,1
120,0.6118243713433028,-0.5441126359700348,-0.5312969821658854,-0.33529146858421377,0,-0.4087258050931359,1,0,0,0,0,0,0,0,0,0,0,0,1
49,-2.8306517767246246,0.7355700264671651,0.5936632702315654,1.754692018924051,2,1.032730917254674,0,0,1,0,0,0,0,0,2,0,0,0,0
120,0.6118243713433028,-0.5441126359700348,-0.5312969821658854,-0.33529146858421377,0,-0.4087258050931359,1,0,0,0,0,0,0,0,0,0,0,0,1
111,-0.6700050794587804,1.543549407313917,1.1701659444693266,-1.8552794594993154,1,1.5867382614346626,1,0,0,0,0,0,1,0,0,0,0,0,1
84,0.6175373346578993,-0.6152472640161171,-0.8696044337708005,1.5646935200596632,0,-0.8573512754873837,0,1,0,0,0,0,0,0,0,0,0,0,0
58,0.3112484123582404,-0.13923291907309093,-0.3105121175681538,0.044705529144561655,0,-0.13503921055215437,1,0,0,0,0,0,0,0,0,0,0,0,1
126,0.27288075850196764,-0.008865798446604262,0.10985525972984662,-0.7152884663129891,0,0.0058216488035457425,0,0,0,0,1,0,0,0,0,0,0,0,1
74,0.7229609979473463,-1.5103695110581181,-1.1802316330172162,-0.14529296971982605,0,-1.771115982955632,0,0,0,1,0,0,0,0,0,0,0,0,1
91,0.30197982181992733,-0.20291795588207354,-0.2588889040503444,-0.14529296971982605,0,0.4769812093500384,1,0,0,0,0,0,0,0,0,0,0,0,0
5,-0.45167828223904755,1.1978345167031514,1.8171131704315873,0.23470402800894935,1,0.6921017467126871,0,0,0,1,0,0,0,0,0,1,0,0,1
111,-0.6700050794587804,1.543549407313917,1.1701659444693266,-1.8552794594993154,1,1.3867488984611367,1,0,0,0,0,0,1,0,0,0,0,0,1
120,0.6118243713433028,-0.5441126359700348,-0.5312969821658854,-0.33529146858421377,0,-0.4469385793113591,1,0,0,0,0,0,0,0,0,0,0,0,1
43,-0.5362326291556553,1.3821815505789712,1.456308739033318,0.4247025268733371,1,1.2824921323798009,0,0,1,0,0,0,0,0,1,0,0,0,1
124,0.6540890037452556,-0.8160574649792502,-1.2391588545392942,-0.7152884663129891,0,-0.5800481398874742,0,0,0,0,1,0,0,0,0,0,0,0,1
37,-0.14288165029942937,0.5315173616469385,-0.15303395999237152,0.23470402800894935,0,0.39391461463640615,1,0,0,0,0,0,0,0,0,0,0,0,1
37,-0.14288165029942937,0.5315173616469385,-0.15303395999237152,0.23470402800894935,0,0.5929628279887943,1,0,0,0,0,0,0,0,0,0,0,0,1
101,0.7275520198620213,-0.9609850058121482,-0.6735695044943646,0.044705529144561655,0,-0.6973254800507812,1,0,0,0,0,0,0,0,0,0,0,0,1
6,0.1719788116721598,0.05240828769427301,-0.16026262363182758,-2.4252749560924785,0,0.20277950492923882,0,0,0,1,0,0,0,0,0,0,0,0,1
140,0.8211270579955481,-1.127551348708158,-1.0601330941468274,-0.5252899674486015,0,-1.8696693138030762,0,0,0,0,1,0,0,0,0,0,0,0,1
70,0.7320421401961541,-1.5234907131179805,-1.5084354987500674,0.23470402800894935,0,-1.9173711979113528,0,1,0,0,0,0,0,0,0,0,0,0,1
106,0.7873413403536483,-0.9412859156945045,-0.7362814229866637,0.4247025268733371,0,-1.3206946766241636,1,0,0,0,0,0,0,0,0,0,0,0,1
109,-1.6414077047803937,1.4986347749050806,0.9043220990792102,-2.045277958363703,1,1.0916643316265051,1,0,0,0,0,0,1,0,0,0,0,0,1
150,0.3449995673040472,-0.2984901021510301,-0.089671566242416,-1.47528246177054,0,-0.5117576140402735,0,0,0,0,1,0,0,0,0,0,0,0,1
16,0.21959235036825592,1.2561008669520632,0.5017135098894712,-1.6652809606349277,0,0.809610866685507,0,0,1,0,0,0,0,0,0,0,0,0,1
73,0.5954685842064011,-0.7202236558591159,-0.4782030303955875,0.8046995246021125,0,-0.6536662020823717,1,0,0,0,0,0,0,0,0,0,0,0,1
142,0.20762560795863036,-0.22174690730544638,-0.4173018343601306,-0.9052869651773768,0,-0.31175794261894346,0,0,0,0,1,0,0,0,0,0,0,0,1
7,0.19673452778807235,-0.13760846456842266,-0.012840738619519537,-0.14529296971982605,0,-0.5760454205147454,0,0,1,0,0,0,0,0,0,0,0,0,1
95,0.5954685842064011,-0.6255228636459196,-0.8176952131316845,0.8046995246021125,0,-0.3559419035652782,1,0,0,0,0,0,0,0,0,0,0,0,1
143,0.636665004955273,-0.6176826362864679,-0.9534319304906913,-1.2852839629061523,0,-0.3908373635117881,0,0,0,0,1,0,0,0,0,0,0,0,1
60,0.5639081468225616,-0.39356127607322594,-0.5054953305423884,1.3746950211952755,0,-0.23707538865557884,1,0,0,0,0,0,0,0,0,0,0,0,1
90,-1.686864809997518,1.466103265290234,0.0976579672697802,0.23470402800894935,2,0.6558424169059943,1,0,0,0,0,0,2,0,0,0,0,0,1
100,0.749518392531599,-1.006279002020887,-1.2034575986084581,-1.2852839629061523,0,0.28943958303802875,1,0,0,0,0,0,0,0,0,0,0,0,1
32,-1.0341189394750192,2.184606312461486,2.4801445704931173,-0.7152884663129891,1,1.3400746753497477,1,0,0,0,0,0,1,0,0,0,0,0,1
11,0.8836658726759392,-0.8740654801664903,-0.6658099877571334,0.044705529144561655,0,-0.37529758541356556,0,0,0,1,0,0,0,0,0,0,0,0,1
13,0.7407326956815721,-0.4981075397435976,-0.43427655070294097,0.6147010257377248,0,-0.5129317502460351,0,0,0,1,0,0,0,0,0,0,0,0,1
104,0.5776438242263447,-1.0395741656627533,-1.5218095460448768,0.23470402800894935,0,-0.9012781210680701,1,0,0,0,0,0,0,0,0,0,0,0,1
110,0.4072251158517818,-0.5934627057048354,-0.6739330429991417,-0.14529296971982605,0,-0.43357390256863715,1,0,0,0,0,0,0,0,0,0,0,0,1
129,0.636665004955273,-0.7146520815572139,-0.7771776962728781,-1.2852839629061523,0,-0.5117576140402735,0,0,0,0,1,0,0,0,0,0,0,0,1
134,-1.1483563674384258,1.4644828359650577,1.593681064379727,0.8046995246021125,1,1.3522011493250834,0,0,0,0,1,0,0,0,0,0,1,0,0
144,0.10309660860634964,-0.008655822412093747,0.31166173817874393,0.044705529144561655,0,1.89666425815185,0,0,1,0,0,0,0,0,0,0,0,0,0
128,-0.06786942641887178,0.24122995524865057,-0.12649798167401216,-0.9052869651773768,0,0.5643958310412152,0,0,0,0,1,0,0,0,0,0,0,0,0
38,-1.7965354299615945,1.4952750914331256,0.8465973008691576,-0.7152884663129891,2,1.1515389662149595,0,0,1,0,0,0,0,0,2,0,0,0,1
63,0.7229609979473463,-0.10936015689958539,-0.12096587909777386,-0.14529296971982605,0,0.2980549910027095,0,1,0,0,0,0,0,0,0,0,0,0,1
72,-0.8119410195019346,1.5684677119960315,1.8939026463982478,0.23470402800894935,1,1.410367297086826,0,1,0,0,0,0,0,1,0,0,0,0,1
141,0.8382480314886213,-0.8544477243555477,-0.951651508455736,0.4247025268733371,0,-0.541055760551514,0,0,1,0,0,0,0,0,0,0,0,0,1
39,0.6484176629626337,-0.6268169021022602,-1.3414694560000502,-0.9052869651773768,0,-0.47694430495067025,0,0,1,0,0,0,0,0,0,0,0,0,1
16,0.21959235036825592,1.2561008669520632,0.5017135098894712,-1.6652809606349277,0,0.9894949444112606,0,0,1,0,0,0,0,0,0,0,0,0,1
100,0.749518392531599,-1.006279002020887,-1.2034575986084581,-1.2852839629061523,0,-1.4936701284936467,1,0,0,0,0,0,0,0,0,0,0,0,1
84,0.6175373346578993,-0.6152472640161171,-0.8696044337708005,1.5646935200596632,0,-0.26949205496393114,0,1,0,0,0,0,0,0,0,0,0,0,0
61,0.8506607372710999,-0.8671196883049148,-0.6140864249192279,1.1846965223308878,0,-0.37529758541356556,0,1,0,0,0,0,0,0,0,0,0,0,1
31,-0.6477068319312879,1.323288078781502,2.643086533744072,-1.6652809606349277,1,0.9174237974006841,0,0,0,1,0,0,0,0,0,1,0,0,0
54,0.4385768515256023,-0.3761904536237241,-0.5622559522349857,0.6147010257377248,0,-0.28321133130321585,1,0,0,0,0,0,0,0,0,0,0,0,1
25,-1.7628263678899887,1.4498047182125795,0.584622380062202,-0.5252899674486015,2,1.236908385581365,0,1,0,0,0,0,0,2,0,0,0,0,1
126,0.27288075850196764,-0.008865798446604262,0.10985525972984662,-0.7152884663129891,0,0.4578043135070582,0,0,0,0,1,0,0,0,0,0,0,0,1
50,0.41095822980262053,-0.23896483537564048,-0.5632507939667125,-1.2852839629061523,0,0.6322553604007339,1,0,0,0,0,0,0,0,0,0,0,0,0
54,0.4385768515256023,-0.3761904536237241,-0.5622559522349857,0.6147010257377248,0,-0.26517299033801855,1,0,0,0,0,0,0,0,0,0,0,0,1
102,0.6484176629626337,-0.6110760714536377,-0.4339534015937101,-0.9052869651773768,0,-0.8071400513999809,1,0,0,0,0,0,0,0,0,0,0,0,1
67,-1.1729209839729045,1.65903663734724,1.5038528877880608,0.6147010257377248,1,1.3125262022558541,0,1,0,0,0,0,0,1,0,0,0,0,1
129,0.636665004955273,-0.7146520815572139,-0.7771776962728781,-1.2852839629061523,0,-0.43605129985293006,0,0,0,0,1,0,0,0,0,0,0,0,0
66,0.7935622906716993,-1.5432498057769413,-1.4771114080245087,-1.8552794594993154,0,-2.039485746334279,0,1,0,0,0,0,0,0,0,0,0,0,1
41,-0.36097776354714145,0.9301598485369481,1.3561384079006145,-1.0952854640417646,0,1.4800990370867766,0,0,1,0,0,0,0,0,0,0,0,0,0
14,-0.7618273357298131,1.582321823073024,1.3386654494707158,-0.7152884663129891,1,1.2468971673956375,0,0,1,0,0,0,0,0,1,0,0,0,1
100,0.749518392531599,-1.006279002020887,-1.2034575986084581,-1.2852839629061523,0,-1.2647313507300786,1,0,0,0,0,0,0,0,0,0,0,0,1
1,-1.7425855298397428,1.4435683236909782,0.755493055739396,1.754692018924051,2,1.3642775429454468,0,0,0,1,0,0,0,0,0,2,0,0,0
27,0.5868563428230743,-0.128963105635196,-0.14672158137823135,-1.0952854640417646,0,-0.1291970220911031,0,0,1,0,0,0,0,0,0,0,0,0,1
147,-0.9041758586796569,1.7324680759636433,2.261208193243707,-1.8552794594993154,1,2.027955746348414,0,0,0,1,0,0,0,0,0,1,0,0,0
87,0.3291811201388895,-0.5441181906402285,-0.6788569831328753,0.4247025268733371,0,-0.3966626246751823,0,1,0,0,0,0,0,0,0,0,0,0,1
34,0.557947263245004,-0.6131880188226092,-0.5788228591444924,1.1846965223308878,0,-0.23476089370354453,0,0,1,0,0,0,0,0,0,0,0,0,1
17,-0.216094144145666,0.5684545686580579,0.13318035259690775,0.6147010257377248,0,0.6272234760415636,0,0,1,0,0,0,0,0,0,0,0,0,1
13,0.7407326956815721,-0.4981075397435976,-0.43427655070294097,0.6147010257377248,0,-0.35427290040424014,0,0,0,1,0,0,0,0,0,0,0,0,1
106,0.7873413403536483,-0.9412859156945045,-0.7362814229866637,0.4247025268733371,0,-1.026177446516003,1,0,0,0,0,0,0,0,0,0,0,0,1
106,0.7873413403536483,-0.9412859156945045,-0.7362814229866637,0.4247025268733371,0,-1.3206946766241636,1,0,0,0,0,0,0,0,0,0,0,0,1
40,0.7947628643943812,-1.1178728649985321,-0.8323861883069975,0.8046995246021125,0,-0.9847153612230256,0,0,1,0,0,0,0,0,0,0,0,0,1
140,0.8211270579955481,-1.127551348708158,-1.0601330941468274,-0.5252899674486015,0,-0.8166792199995808,0,0,0,0,1,0,0,0,0,0,0,0,1
104,0.5776438242263447,-1.0395741656627533,-1.5218095460448768,0.23470402800894935,0,-0.9232662739117746,1,0,0,0,0,0,0,0,0,0,0,0,1
11,0.8836658726759392,-0.8740654801664903,-0.6658099877571334,0.044705529144561655,0,-0.6342200006200504,0,0,0,1,0,0,0,0,0,0,0,0,1
147,-0.9041758586796569,1.7324680759636433,2.261208193243707,-1.8552794594993154,1,2.027955746348414,0,0,0,1,0,0,0,0,0,1,0,0,0
132,-0.013756060275637085,0.3838628894046642,-0.16758445331811073,-0.14529296971982605,0,0.5800613927777296,0,0,0,0,1,0,0,0,0,0,0,0,1
147,-0.9041758586796569,1.7324680759636433,2.261208193243707,-1.8552794594993154,1,1.6158036917727578,0,0,0,1,0,0,0,0,0,1,0,0,1
45,-2.8517285660606486,0.7266761270872851,0.7627815300785532,2.324687515517214,2,0.9209020447398293,0,0,1,0,0,0,0,0,2,0,0,0,0
40,0.7947628643943812,-1.1178728649985321,-0.8323861883069975,0.8046995246021125,0,-1.354428674269445,0,0,1,0,0,0,0,0,0,0,0,0,1
69,0.5456450141594062,-0.6164158115977786,-0.7721737910156989,0.8046995246021125,0,-0.43357390256863715,0,1,0,0,0,0,0,0,0,0,0,0,1
18,-2.4343978230082954,1.0177194408864998,0.4521127441273781,-0.14529296971982605,2,0.8704848349583336,0,1,0,0,0,0,0,2,0,0,0,0,0
13,0.7407326956815721,-0.4981075397435976,-0.43427655070294097,0.6147010257377248,0,-0.24581575706704745,0,0,0,1,0,0,0,0,0,0,0,0,1
132,-0.013756060275637085,0.3838628894046642,-0.16758445331811073,-0.14529296971982605,0,0.41963824414027495,0,0,0,0,1,0,0,0,0,0,0,0,1
18,-2.4343978230082954,1.0177194408864998,0.4521127441273781,-0.14529296971982605,2,1.4149264449363903,0,1,0,0,0,0,0,2,0,0,0,0,0
66,0.7935622906716993,-1.5432498057769413,-1.4771114080245087,-1.8552794594993154,0,-1.664727225595357,0,1,0,0,0,0,0,0,0,0,0,0,1
21,-2.7676530217861797,0.6985240642502534,0.31180836380932325,0.23470402800894935,2,0.8498018238924656,0,0,0,1,0,0,0,0,0,2,0,0,0
93,0.8994463162754491,-0.8325098004271332,-0.3683505395136735,1.1846965223308878,0,-1.1840986321103852,1,0,0,0,0,0,0,0,0,0,0,0,1
140,0.8211270579955481,-1.127551348708158,-1.0601330941468274,-0.5252899674486015,0,-1.6839442904715107,0,0,0,0,1,0,0,0,0,0,0,0,1
36,-0.3013556766395101,0.9855648400200623,0.9113744608395141,0.8046995246021125,1,0.9580638046448603,0,0,1,0,0,0,0,0,1,0,0,0,0
100,0.749518392531599,-1.006279002020887,-1.2034575986084581,-1.2852839629061523,0,-1.7079973167352733,1,0,0,0,0,0,0,0,0,0,0,0,1
50,0.41095822980262053,-0.23896483537564048,-0.5632507939667125,-1.2852839629061523,0,-0.2319147970679844,1,0,0,0,0,0,0,0,0,0,0,0,1
96,0.8316279217379663,-0.9365823448414491,-0.4407835491983754,0.044705529144561655,0,-0.7564998117600239,1,0,0,0,0,0,0,0,0,0,0,0,1
136,0.2523266582218214,-0.18408511239477296,0.06133515553783667,-1.0952854640417646,0,-0.15038749395986498,0,0,0,0,1,0,0,0,0,0,0,0,1
118,-1.9971101542298264,0.8931602193651963,0.5906525920214545,-2.045277958363703,2,0.9976797245431247,1,0,0,0,0,0,2,0,0,0,0,0,0
40,0.7947628643943812,-1.1178728649985321,-0.8323861883069975,0.8046995246021125,0,-0.9420190871122128,0,0,1,0,0,0,0,0,0,0,0,0,1
29,0.8282062919792007,-0.8808244674849,-0.5624359792255084,-0.14529296971982605,0,-1.3088506378613907,0,0,1,0,0,0,0,0,0,0,0,0,1
8,0.87495942103483,-0.8984325713737316,-0.5130526742349769,-0.5252899674486015,0,-0.541055760551514,0,0,1,0,0,0,0,0,0,0,0,0,1
10,0.8944100044883714,-0.9042156872234491,-0.570120787160374,0.8046995246021125,0,-0.8435118078630077,0,0,0,1,0,0,0,0,0,0,0,0,1
29,0.8282062919792007,-0.8808244674849,-0.5624359792255084,-0.14529296971982605,0,-0.9091120663054266,0,0,1,0,0,0,0,0,0,0,0,0,1
48,0.16766263121020925,0.32605085053546096,-0.26687040585718486,1.1846965223308878,0,0.2426540053417028,1,0,0,0,0,0,0,0,0,0,0,0,1
68,0.7134623319169836,-0.15222737396103334,-0.16937230144714704,-0.5252899674486015,0,0.2980549910027095,0,1,0,0,0,0,0,0,0,0,0,0,1
50,0.41095822980262053,-0.23896483537564048,-0.5632507939667125,-1.2852839629061523,0,0.5508233481875089,1,0,0,0,0,0,0,0,0,0,0,0,0
71,0.39617430401842063,-0.5265553816936333,-0.6520679608564841,0.8046995246021125,0,-0.6289203448609112,0,1,0,0,0,0,0,0,0,0,0,0,1
134,-1.1483563674384258,1.4644828359650577,1.593681064379727,0.8046995246021125,1,0.9391846160215095,0,0,0,0,1,0,0,0,0,0,1,0,0
141,0.8382480314886213,-0.8544477243555477,-0.951651508455736,0.4247025268733371,0,-0.582051556094339,0,0,1,0,0,0,0,0,0,0,0,0,1
126,0.27288075850196764,-0.008865798446604262,0.10985525972984662,-0.7152884663129891,0,0.2715336056846566,0,0,0,0,1,0,0,0,0,0,0,0,1
150,0.3449995673040472,-0.2984901021510301,-0.089671566242416,-1.47528246177054,0,0.11157609833563249,0,0,0,0,1,0,0,0,0,0,0,0,1
9,0.37292262858513153,-0.49504293376147385,-0.26843925490163933,-0.9052869651773768,0,-0.9588404781355053,0,0,0,1,0,0,0,0,0,0,0,0,1
50,0.41095822980262053,-0.23896483537564048,-0.5632507939667125,-1.2852839629061523,0,-0.31175794261894346,1,0,0,0,0,0,0,0,0,0,0,0,1
72,-0.8119410195019346,1.5684677119960315,1.8939026463982478,0.23470402800894935,1,1.4446394336751112,0,1,0,0,0,0,0,1,0,0,0,0,1
39,0.6484176629626337,-0.6268169021022602,-1.3414694560000502,-0.9052869651773768,0,-0.4862391234973629,0,0,1,0,0,0,0,0,0,0,0,0,1
103,-2.0718162968765546,0.3708976950805329,0.269305075539882,-1.2852839629061523,2,-0.20043740432863294,0,1,0,0,0,0,0,2,0,0,0,0,0
8,0.87495942103483,-0.8984325713737316,-0.5130526742349769,-0.5252899674486015,0,-0.6342200006200504,0,0,1,0,0,0,0,0,0,0,0,0,1
112,0.17764706769534208,1.2871149009542924,1.1243285544636878,1.3746950211952755,0,0.8303318229021173,1,0,0,0,0,0,0,0,0,0,0,0,1
56,-2.7501337051038597,0.7573538710448432,1.1620503577838586,-0.14529296971982605,2,0.9824611384673527,1,0,0,0,0,0,2,0,0,0,0,0,0
38,-1.7965354299615945,1.4952750914331256,0.8465973008691576,-0.7152884663129891,2,1.0616607589665117,0,0,1,0,0,0,0,0,2,0,0,0,0
125,0.8836658726759392,-0.845301563118997,-0.34775545093729304,0.044705529144561655,0,-0.5936985154902521,0,0,0,0,1,0,0,0,0,0,0,0,1
10,0.8944100044883714,-0.9042156872234491,-0.570120787160374,0.8046995246021125,0,-0.582051556094339,0,0,0,1,0,0,0,0,0,0,0,0,1
106,0.7873413403536483,-0.9412859156945045,-0.7362814229866637,0.4247025268733371,0,-0.7169874640735429,1,0,0,0,0,0,0,0,0,0,0,0,1
10,0.8944100044883714,-0.9042156872234491,-0.570120787160374,0.8046995246021125,0,-1.1818834326752623,0,0,0,1,0,0,0,0,0,0,0,0,1
48,0.16766263121020925,0.32605085053546096,-0.26687040585718486,1.1846965223308878,0,0.6601701739008216,1,0,0,0,0,0,0,0,0,0,0,0,1
30,0.8994463162754491,-1.1530952875169582,-1.1322444734329258,1.1846965223308878,0,-0.921465112055533,0,0,1,0,0,0,0,0,0,0,0,0,1
124,0.6540890037452556,-0.8160574649792502,-1.2391588545392942,-0.7152884663129891,0,-0.8121225530437559,0,0,0,0,1,0,0,0,0,0,0,0,1
26,-1.7158982377047827,1.8471569501199987,1.7057295448363428,0.9946980234665002,2,1.7918635495634694,0,0,1,0,0,0,0,0,2,0,0,0,1
73,0.5954685842064011,-0.7202236558591159,-0.4782030303955875,0.8046995246021125,0,-0.8023821111456735,1,0,0,0,0,0,0,0,0,0,0,0,1
18,-2.4343978230082954,1.0177194408864998,0.4521127441273781,-0.14529296971982605,2,0.434115145547123,0,1,0,0,0,0,0,2,0,0,0,0,0
51,0.4603761052363052,-0.2619855889323155,-0.6336115049159111,1.1846965223308878,0,0.6102099811752685,1,0,0,0,0,0,0,0,0,0,0,0,0
5,-0.45167828223904755,1.1978345167031514,1.8171131704315873,0.23470402800894935,1,1.0102629022819627,0,0,0,1,0,0,0,0,0,1,0,0,1
66,0.7935622906716993,-1.5432498057769413,-1.4771114080245087,-1.8552794594993154,0,-0.38877312161680516,0,1,0,0,0,0,0,0,0,0,0,0,1
17,-0.216094144145666,0.5684545686580579,0.13318035259690775,0.6147010257377248,0,0.5313045871780777,0,0,1,0,0,0,0,0,0,0,0,0,1
48,0.16766263121020925,0.32605085053546096,-0.26687040585718486,1.1846965223308878,0,0.7235601616677744,1,0,0,0,0,0,0,0,0,0,0,0,1
71,0.39617430401842063,-0.5265553816936333,-0.6520679608564841,0.8046995246021125,0,-0.4398667834072493,0,1,0,0,0,0,0,0,0,0,0,0,1
115,0.5837145758137556,-0.6097811663211553,-0.7158215384941234,0.4247025268733371,0,-0.47694430495067025,1,0,0,0,0,0,0,0,0,0,0,0,1
118,-1.9971101542298264,0.8931602193651963,0.5906525920214545,-2.045277958363703,2,0.3525714350955237,1,0,0,0,0,0,2,0,0,0,0,0,0
13,0.7407326956815721,-0.4981075397435976,-0.43427655070294097,0.6147010257377248,0,-0.2929985013286752,0,0,0,1,0,0,0,0,0,0,0,0,1
122,-1.476076712217983,2.008145649809295,1.8270131029191168,-1.0952854640417646,2,1.3826574102028153,0,0,0,0,1,0,0,0,0,0,2,0,1
110,0.4072251158517818,-0.5934627057048354,-0.6739330429991417,-0.14529296971982605,0,-0.2678716580606958,1,0,0,0,0,0,0,0,0,0,0,0,1
111,-0.6700050794587804,1.543549407313917,1.1701659444693266,-1.8552794594993154,1,2.301715993903873,1,0,0,0,0,0,1,0,0,0,0,0,1
5,-0.45167828223904755,1.1978345167031514,1.8171131704315873,0.23470402800894935,1,0.8281054734476094,0,0,0,1,0,0,0,0,0,1,0,0,1
146,0.02374097332904994,0.3971563049073773,0.06930060509945626,0.4247025268733371,0,-0.13194483335211674,0,0,0,0,1,0,0,0,0,0,0,0,1
131,0.7795899707999938,-0.9387925848847133,-0.4271797432259956,0.044705529144561655,0,-1.2799575563434429,0,1,0,0,0,0,0,0,0,0,0,0,1
9,0.37292262858513153,-0.49504293376147385,-0.26843925490163933,-0.9052869651773768,0,-0.39929719635324684,0,0,0,1,0,0,0,0,0,0,0,0,1
146,0.02374097332904994,0.3971563049073773,0.06930060509945626,0.4247025268733371,0,0.25035301060169346,0,0,0,0,1,0,0,0,0,0,0,0,1
116,0.3178236217096313,-0.16359767667756062,-0.31680944558207025,-0.9052869651773768,0,-0.6821467499676241,1,0,0,0,0,0,0,0,0,0,0,0,1
18,-2.4343978230082954,1.0177194408864998,0.4521127441273781,-0.14529296971982605,2,0.9005738139413108,0,1,0,0,0,0,0,2,0,0,0,0,0
101,0.7275520198620213,-0.9609850058121482,-0.6735695044943646,0.044705529144561655,0,-1.0027104098963309,1,0,0,0,0,0,0,0,0,0,0,0,1
55,0.7873413403536483,-0.9280036154226032,-0.5858373140388665,0.4247025268733371,0,-0.6695233018190637,1,0,0,0,0,0,0,0,0,0,0,0,1
86,0.5896547736035872,-0.7775309608791905,-0.5982968799555161,0.6147010257377248,0,-0.5452087325277153,0,1,0,0,0,0,0,0,0,0,0,0,1
15,-1.0662090005941842,1.6282472257747163,0.9084553795449245,-0.14529296971982605,1,1.3262285287509474,0,0,1,0,0,0,0,0,1,0,0,0,1
118,-1.9971101542298264,0.8931602193651963,0.5906525920214545,-2.045277958363703,2,1.04952671394917,1,0,0,0,0,0,2,0,0,0,0,0,0
31,-0.6477068319312879,1.323288078781502,2.643086533744072,-1.6652809606349277,1,0.7610208368161339,0,0,0,1,0,0,0,0,0,1,0,0,1
135,0.8590329851059717,-1.0932919784839112,-0.4318651669755144,-1.47528246177054,0,-0.921465112055533,0,0,0,0,1,0,0,0,0,0,0,0,1
101,0.7275520198620213,-0.9609850058121482,-0.6735695044943646,0.044705529144561655,0,-0.6444387214649604,1,0,0,0,0,0,0,0,0,0,0,0,1
83,0.7275520198620213,-0.5637364070823583,-1.1515332948201789,0.044705529144561655,0,-0.3949702240214989,0,1,0,0,0,0,0,0,0,0,0,0,1
135,0.8590329851059717,-1.0932919784839112,-0.4318651669755144,-1.47528246177054,0,-0.8644060103474139,0,0,0,0,1,0,0,0,0,0,0,0,1
63,0.7229609979473463,-0.10936015689958539,-0.12096587909777386,-0.14529296971982605,0,0.9715251926822439,0,1,0,0,0,0,0,0,0,0,0,0,0
106,0.7873413403536483,-0.9412859156945045,-0.7362814229866637,0.4247025268733371,0,-0.7799942395070375,1,0,0,0,0,0,0,0,0,0,0,0,1
142,0.20762560795863036,-0.22174690730544638,-0.4173018343601306,-0.9052869651773768,0,1.0747683567095718,0,0,0,0,1,0,0,0,0,0,0,0,1
64,0.7873413403536483,-1.4919267395728504,-1.0766909350482308,0.4247025268733371,0,-1.6015674013343646,0,1,0,0,0,0,0,0,0,0,0,0,1
67,-1.1729209839729045,1.65903663734724,1.5038528877880608,0.6147010257377248,1,1.5587306223613158,0,1,0,0,0,0,0,1,0,0,0,0,0
93,0.8994463162754491,-0.8325098004271332,-0.3683505395136735,1.1846965223308878,0,-0.5579019100541608,1,0,0,0,0,0,0,0,0,0,0,0,1
22,0.8623717801079255,-0.8396147420954507,-0.35312544696697257,-1.2852839629061523,0,-0.37529758541356556,0,0,1,0,0,0,0,0,0,0,0,0,1
127,-0.46932085171134913,1.7709001151868076,1.9743001549316421,0.044705529144561655,1,2.0194882975604322,0,0,0,0,1,0,0,0,0,0,1,0,0
64,0.7873413403536483,-1.4919267395728504,-1.0766909350482308,0.4247025268733371,0,-1.6220880903280588,0,1,0,0,0,0,0,0,0,0,0,0,1
22,0.8623717801079255,-0.8396147420954507,-0.35312544696697257,-1.2852839629061523,0,-0.9709479808902496,0,0,1,0,0,0,0,0,0,0,0,0,1
115,0.5837145758137556,-0.6097811663211553,-0.7158215384941234,0.4247025268733371,0,0.040042106100713924,1,0,0,0,0,0,0,0,0,0,0,0,0
14,-0.7618273357298131,1.582321823073024,1.3386654494707158,-0.7152884663129891,1,1.7999506231275781,0,0,1,0,0,0,0,0,1,0,0,0,0
59,0.6243319687747093,-0.7343586820128495,-1.0351599987055027,-1.6652809606349277,0,-0.8948029991726083,1,0,0,0,0,0,0,0,0,0,0,0,1
40,0.7947628643943812,-1.1178728649985321,-0.8323861883069975,0.8046995246021125,0,-1.757004681838704,0,0,1,0,0,0,0,0,0,0,0,0,1
92,0.8445864344413765,-0.8705751691755431,-0.2768351416516325,0.8046995246021125,0,-0.541055760551514,1,0,0,0,0,0,0,0,0,0,0,0,1
135,0.8590329851059717,-1.0932919784839112,-0.4318651669755144,-1.47528246177054,0,-1.7352212665230327,0,0,0,0,1,0,0,0,0,0,0,0,1
143,0.636665004955273,-0.6176826362864679,-0.9534319304906913,-1.2852839629061523,0,-0.7148894684453362,0,0,0,0,1,0,0,0,0,0,0,0,1
56,-2.7501337051038597,0.7573538710448432,1.1620503577838586,-0.14529296971982605,2,1.0843056060575786,1,0,0,0,0,0,2,0,0,0,0,0,0
53,0.7449392943473863,-0.9472344072451417,-0.5003318121008618,0.8046995246021125,0,-1.0091972777975728,1,0,0,0,0,0,0,0,0,0,0,0,1
95,0.5954685842064011,-0.6255228636459196,-0.8176952131316845,0.8046995246021125,0,-0.44349610989737803,1,0,0,0,0,0,0,0,0,0,0,0,1
93,0.8994463162754491,-0.8325098004271332,-0.3683505395136735,1.1846965223308878,0,-0.9318369761433365,1,0,0,0,0,0,0,0,0,0,0,0,1
124,0.6540890037452556,-0.8160574649792502,-1.2391588545392942,-0.7152884663129891,0,-0.5452087325277153,0,0,0,0,1,0,0,0,0,0,0,0,1
116,0.3178236217096313,-0.16359767667756062,-0.31680944558207025,-0.9052869651773768,0,0.1340959944299815,1,0,0,0,0,0,0,0,0,0,0,0,1
25,-1.7628263678899887,1.4498047182125795,0.584622380062202,-0.5252899674486015,2,0.8118513363503369,0,1,0,0,0,0,0,2,0,0,0,0,1
38,-1.7965354299615945,1.4952750914331256,0.8465973008691576,-0.7152884663129891,2,1.6368048454185473,0,0,1,0,0,0,0,0,2,0,0,0,0
55,0.7873413403536483,-0.9280036154226032,-0.5858373140388665,0.4247025268733371,0,-0.6695233018190637,1,0,0,0,0,0,0,0,0,0,0,0,1
127,-0.46932085171134913,1.7709001151868076,1.9743001549316421,0.044705529144561655,1,1.5002264524357165,0,0,0,0,1,0,0,0,0,0,1,0,1
117,0.698366237690158,-0.997379566363776,-1.1364031117008466,-1.0952854640417646,0,-0.7605444771624128,1,0,0,0,0,0,0,0,0,0,0,0,1
73,0.5954685842064011,-0.7202236558591159,-0.4782030303955875,0.8046995246021125,0,-0.8814515437525846,1,0,0,0,0,0,0,0,0,0,0,0,1
117,0.698366237690158,-0.997379566363776,-1.1364031117008466,-1.0952854640417646,0,-0.71782708397197,1,0,0,0,0,0,0,0,0,0,0,0,1
137,0.6903733883222437,-0.785365729465504,-1.0442505310428574,0.6147010257377248,0,-0.8121225530437559,0,0,0,0,1,0,0,0,0,0,0,0,1
137,0.6903733883222437,-0.785365729465504,-1.0442505310428574,0.6147010257377248,0,-0.12285258070689938,0,0,0,0,1,0,0,0,0,0,0,0,1
97,0.5802383111671098,-0.6133000595661697,-0.1405974457680445,-1.2852839629061523,0,0.16545946162323197,1,0,0,0,0,0,0,0,0,0,0,0,0
116,0.3178236217096313,-0.16359767667756062,-0.31680944558207025,-0.9052869651773768,0,-0.19867902413063293,1,0,0,0,0,0,0,0,0,0,0,0,1
135,0.8590329851059717,-1.0932919784839112,-0.4318651669755144,-1.47528246177054,0,-1.0027104098963309,0,0,0,0,1,0,0,0,0,0,0,0,1
3,0.7835082455194236,-0.5362768529714969,-0.898957350657006,0.23470402800894935,0,0.24053700211880982,0,0,0,1,0,0,0,0,0,0,0,0,1
135,0.8590329851059717,-1.0932919784839112,-0.4318651669755144,-1.47528246177054,0,-1.248828706381889,0,0,0,0,1,0,0,0,0,0,0,0,1
27,0.5868563428230743,-0.128963105635196,-0.14672158137823135,-1.0952854640417646,0,0.10144080979247293,0,0,1,0,0,0,0,0,0,0,0,0,1
107,-0.7904156161072389,2.1470811184540333,1.698761831375732,-2.805271953821254,1,1.9029252583945442,1,0,0,0,0,0,1,0,0,0,0,0,1
29,0.8282062919792007,-0.8808244674849,-0.5624359792255084,-0.14529296971982605,0,-0.541055760551514,0,0,1,0,0,0,0,0,0,0,0,0,1
120,0.6118243713433028,-0.5441126359700348,-0.5312969821658854,-0.33529146858421377,0,-0.5740461135989312,1,0,0,0,0,0,0,0,0,0,0,0,1
78,-0.49186887080798847,1.5982034292388005,1.4417259435401013,-1.2852839629061523,1,1.511218170717121,0,1,0,0,0,0,0,1,0,0,0,0,0
34,0.557947263245004,-0.6131880188226092,-0.5788228591444924,1.1846965223308878,0,-0.47617106869809117,0,0,1,0,0,0,0,0,0,0,0,0,1
132,-0.013756060275637085,0.3838628894046642,-0.16758445331811073,-0.14529296971982605,0,0.2426540053417028,0,0,0,0,1,0,0,0,0,0,0,0,1
91,0.30197982181992733,-0.20291795588207354,-0.2588889040503444,-0.14529296971982605,0,-0.15887218520508103,1,0,0,0,0,0,0,0,0,0,0,0,1
44,0.10395245939498345,0.5018832971696904,0.07615580763557432,-1.6652809606349277,0,-0.06636365880902782,0,0,0,1,0,0,0,0,0,0,0,0,0
6,0.1719788116721598,0.05240828769427301,-0.16026262363182758,-2.4252749560924785,0,0.20277950492923882,0,0,0,1,0,0,0,0,0,0,0,0,1
63,0.7229609979473463,-0.10936015689958539,-0.12096587909777386,-0.14529296971982605,0,-0.13452325357133968,0,1,0,0,0,0,0,0,0,0,0,0,1
30,0.8994463162754491,-1.1530952875169582,-1.1322444734329258,1.1846965223308878,0,-1.390405375821077,0,0,1,0,0,0,0,0,0,0,0,0,1
51,0.4603761052363052,-0.2619855889323155,-0.6336115049159111,1.1846965223308878,0,0.5069631597207253,1,0,0,0,0,0,0,0,0,0,0,0,0
23,-1.8861366533103854,1.2684735019520244,1.2729808069009627,-0.9052869651773768,2,1.2461465099197762,0,1,0,0,0,0,0,2,0,0,0,0,0
22,0.8623717801079255,-0.8396147420954507,-0.35312544696697257,-1.2852839629061523,0,-0.37529758541356556,0,0,1,0,0,0,0,0,0,0,0,0,1
63,0.7229609979473463,-0.10936015689958539,-0.12096587909777386,-0.14529296971982605,0,-0.11600917439802672,0,1,0,0,0,0,0,0,0,0,0,0,1
12,0.8445864344413765,-0.8591353314034568,-0.4076848427469738,0.8046995246021125,0,-2.0168111542707665,0,0,0,1,0,0,0,0,0,0,0,0,1
138,0.8098761325572423,-0.836674845801153,-0.8422281012524391,-1.0952854640417646,0,-0.541055760551514,0,0,0,0,1,0,0,0,0,0,0,0,1
63,0.7229609979473463,-0.10936015689958539,-0.12096587909777386,-0.14529296971982605,0,-0.2319147970679844,0,1,0,0,0,0,0,0,0,0,0,0,1
69,0.5456450141594062,-0.6164158115977786,-0.7721737910156989,0.8046995246021125,0,-0.3629993267994116,0,1,0,0,0,0,0,0,0,0,0,0,1
52,0.4115905262319561,-0.46252089123866197,-0.12288851185595892,1.1846965223308878,0,0.25336670372751785,0,0,1,0,0,0,0,0,0,0,0,0,0
45,-2.8517285660606486,0.7266761270872851,0.7627815300785532,2.324687515517214,2,0.6750715169807299,0,0,1,0,0,0,0,0,2,0,0,0,0
75,-0.9536307757207662,1.9969399054105164,1.8021985275224652,2.8946830121103773,1,1.5245099489713523,1,0,0,0,0,0,1,0,0,0,0,0,1
2,0.7873413403536483,-1.5406960664772213,-1.3308391136178341,0.4247025268733371,0,-1.5486547928714207,0,0,0,1,0,0,0,0,0,0,0,0,1
55,0.7873413403536483,-0.9280036154226032,-0.5858373140388665,0.4247025268733371,0,-1.2822483407779968,1,0,0,0,0,0,0,0,0,0,0,0,1
99,0.6951157243003914,-0.9436623991337402,-0.7024983918234182,0.8046995246021125,0,-1.6235184998762977,1,0,0,0,0,0,0,0,0,0,0,0,1
48,0.16766263121020925,0.32605085053546096,-0.26687040585718486,1.1846965223308878,0,0.4416092560583574,1,0,0,0,0,0,0,0,0,0,0,0,1
8,0.87495942103483,-0.8984325713737316,-0.5130526742349769,-0.5252899674486015,0,-0.582051556094339,0,0,1,0,0,0,0,0,0,0,0,0,1
98,0.699758221626367,-0.9317558249441866,-0.5340336397585176,0.9946980234665002,0,-0.6935754545111301,1,0,0,0,0,0,0,0,0,0,0,0,1
135,0.8590329851059717,-1.0932919784839112,-0.4318651669755144,-1.47528246177054,0,-0.8686028262237491,0,0,0,0,1,0,0,0,0,0,0,0,1
137,0.6903733883222437,-0.785365729465504,-1.0442505310428574,0.6147010257377248,0,-0.4143975974858073,0,0,0,0,1,0,0,0,0,0,0,0,1
148,-0.6806168979914329,1.7403995922432274,1.5443258585630333,0.9946980234665002,1,1.9675756006738196,0,0,0,0,1,0,0,0,0,0,1,0,0
77,-0.6575427035321258,1.7424298157650362,1.8163409156462293,0.23470402800894935,1,1.3244539855269548,0,1,0,0,0,0,0,1,0,0,0,0,1
57,0.8414513104002286,-1.5283443989530991,-1.2665670015914527,0.6147010257377248,0,-2.0487374165456993,1,0,0,0,0,0,0,0,0,0,0,0,1
99,0.6951157243003914,-0.9436623991337402,-0.7024983918234182,0.8046995246021125,0,-1.2973103134639286,1,0,0,0,0,0,0,0,0,0,0,0,1
103,-2.0718162968765546,0.3708976950805329,0.269305075539882,-1.2852839629061523,2,0.29493854980315515,0,1,0,0,0,0,0,2,0,0,0,0,0
35,0.6011599987965244,-0.6068030014459013,-0.544545466619914,0.9946980234665002,0,-0.40287648734238435,0,0,1,0,0,0,0,0,0,0,0,0,1
113,0.23927994985554413,-0.1777783432435181,0.3065056136374489,-0.33529146858421377,0,-0.0852414033325207,1,0,0,0,0,0,0,0,0,0,0,0,1
108,-0.5785143810257847,0.9937179674315499,1.0592202097888943,-0.5252899674486015,1,1.2877836292114417,1,0,0,0,0,0,1,0,0,0,0,0,1
131,0.7795899707999938,-0.9387925848847133,-0.4271797432259956,0.044705529144561655,0,-0.7605444771624128,0,1,0,0,0,0,0,0,0,0,0,0,1
37,-0.14288165029942937,0.5315173616469385,-0.15303395999237152,0.23470402800894935,0,1.641399306238243,1,0,0,0,0,0,0,0,0,0,0,0,1
25,-1.7628263678899887,1.4498047182125795,0.584622380062202,-0.5252899674486015,2,1.3841923892486618,0,1,0,0,0,0,0,2,0,0,0,0,0
116,0.3178236217096313,-0.16359767667756062,-0.31680944558207025,-0.9052869651773768,0,0.02021042665823318,1,0,0,0,0,0,0,0,0,0,0,0,1
78,-0.49186887080798847,1.5982034292388005,1.4417259435401013,-1.2852839629061523,1,1.1554136006511513,0,1,0,0,0,0,0,1,0,0,0,0,0
135,0.8590329851059717,-1.0932919784839112,-0.4318651669755144,-1.47528246177054,0,-0.9420190871122128,0,0,0,0,1,0,0,0,0,0,0,0,1
125,0.8836658726759392,-0.845301563118997,-0.34775545093729304,0.044705529144561655,0,-1.242542024291626,0,0,0,0,1,0,0,0,0,0,0,0,1
76,0.1408167633547376,0.49801409431163635,0.2718437585817132,-1.0952854640417646,0,0.9093719902322996,0,1,0,0,0,0,0,0,0,0,0,0,1
104,0.5776438242263447,-1.0395741656627533,-1.5218095460448768,0.23470402800894935,0,-0.9232662739117746,1,0,0,0,0,0,0,0,0,0,0,0,1
16,0.21959235036825592,1.2561008669520632,0.5017135098894712,-1.6652809606349277,0,0.883019079857918,0,0,1,0,0,0,0,0,0,0,0,0,1
61,0.8506607372710999,-0.8671196883049148,-0.6140864249192279,1.1846965223308878,0,-1.2644782511340256,0,1,0,0,0,0,0,0,0,0,0,0,1
114,-0.43384167408889446,0.9148979635939658,2.10097912665727,1.5646935200596632,0,0.09763100151522996,1,0,0,0,0,0,0,0,0,0,0,0,1
145,-2.297523072029207,1.3377599240336107,1.7801044194955888,-1.2852839629061523,2,0.6981877336550086,0,0,1,0,0,0,0,0,2,0,0,0,1
116,0.3178236217096313,-0.16359767667756062,-0.31680944558207025,-0.9052869651773768,0,1.1282943858217782,1,0,0,0,0,0,0,0,0,0,0,0,1
139,0.5837145758137556,-0.589336051094232,-0.6046010879164883,0.4247025268733371,0,-0.7138410348242809,0,0,0,0,1,0,0,0,0,0,0,0,1
64,0.7873413403536483,-1.4919267395728504,-1.0766909350482308,0.4247025268733371,0,-2.697034261571506,0,1,0,0,0,0,0,0,0,0,0,0,1
114,-0.43384167408889446,0.9148979635939658,2.10097912665727,1.5646935200596632,0,1.59246018123545,1,0,0,0,0,0,0,0,0,0,0,0,0
141,0.8382480314886213,-0.8544477243555477,-0.951651508455736,0.4247025268733371,0,-1.5104151033334305,0,0,1,0,0,0,0,0,0,0,0,0,1
91,0.30197982181992733,-0.20291795588207354,-0.2588889040503444,-0.14529296971982605,0,0.08042517102150432,1,0,0,0,0,0,0,0,0,0,0,0,1
6,0.1719788116721598,0.05240828769427301,-0.16026262363182758,-2.4252749560924785,0,0.8349028916080344,0,0,0,1,0,0,0,0,0,0,0,0,0
128,-0.06786942641887178,0.24122995524865057,-0.12649798167401216,-0.9052869651773768,0,0.7168842277227688,0,0,0,0,1,0,0,0,0,0,0,0,1
148,-0.6806168979914329,1.7403995922432274,1.5443258585630333,0.9946980234665002,1,1.9675756006738196,0,0,0,0,1,0,0,0,0,0,1,0,0
76,0.1408167633547376,0.49801409431163635,0.2718437585817132,-1.0952854640417646,0,0.4840880533847331,0,1,0,0,0,0,0,0,0,0,0,0,1
16,0.21959235036825592,1.2561008669520632,0.5017135098894712,-1.6652809606349277,0,1.2782520298734468,0,0,1,0,0,0,0,0,0,0,0,0,0
45,-2.8517285660606486,0.7266761270872851,0.7627815300785532,2.324687515517214,2,0.39075503984909915,0,0,1,0,0,0,0,0,2,0,0,0,0
35,0.6011599987965244,-0.6068030014459013,-0.544545466619914,0.9946980234665002,0,-0.7518234935441537,0,0,1,0,0,0,0,0,0,0,0,0,1
29,0.8282062919792007,-0.8808244674849,-0.5624359792255084,-0.14529296971982605,0,-0.5579019100541608,0,0,1,0,0,0,0,0,0,0,0,0,1
139,0.5837145758137556,-0.589336051094232,-0.6046010879164883,0.4247025268733371,0,-0.44349610989737803,0,0,0,0,1,0,0,0,0,0,0,0,1
6,0.1719788116721598,0.05240828769427301,-0.16026262363182758,-2.4252749560924785,0,-0.18622483663185832,0,0,0,1,0,0,0,0,0,0,0,0,1
31,-0.6477068319312879,1.323288078781502,2.643086533744072,-1.6652809606349277,1,0.8867810280295855,0,0,0,1,0,0,0,0,0,1,0,0,1
136,0.2523266582218214,-0.18408511239477296,0.06133515553783667,-1.0952854640417646,0,-0.0852414033325207,0,0,0,0,1,0,0,0,0,0,0,0,1
1,-1.7425855298397428,1.4435683236909782,0.755493055739396,1.754692018924051,2,0.9333418460030724,0,0,0,1,0,0,0,0,0,2,0,0,0
116,0.3178236217096313,-0.16359767667756062,-0.31680944558207025,-0.9052869651773768,0,1.1282943858217782,1,0,0,0,0,0,0,0,0,0,0,0,1
109,-1.6414077047803937,1.4986347749050806,0.9043220990792102,-2.045277958363703,1,1.4612274871138216,1,0,0,0,0,0,1,0,0,0,0,0,1
148,-0.6806168979914329,1.7403995922432274,1.5443258585630333,0.9946980234665002,1,0.6355610947521553,0,0,0,0,1,0,0,0,0,0,1,0,1
3,0.7835082455194236,-0.5362768529714969,-0.898957350657006,0.23470402800894935,0,-0.0497779526568701,0,0,0,1,0,0,0,0,0,0,0,0,0
118,-1.9971101542298264,0.8931602193651963,0.5906525920214545,-2.045277958363703,2,1.10969961310502,1,0,0,0,0,0,2,0,0,0,0,0,0
137,0.6903733883222437,-0.785365729465504,-1.0442505310428574,0.6147010257377248,0,0.5799267028267074,0,0,0,0,1,0,0,0,0,0,0,0,1
31,-0.6477068319312879,1.323288078781502,2.643086533744072,-1.6652809606349277,1,0.9017806094605461,0,0,0,1,0,0,0,0,0,1,0,0,1
150,0.3449995673040472,-0.2984901021510301,-0.089671566242416,-1.47528246177054,0,-0.18045427748735185,0,0,0,0,1,0,0,0,0,0,0,0,1
3,0.7835082455194236,-0.5362768529714969,-0.898957350657006,0.23470402800894935,0,-0.15229007871291853,0,0,0,1,0,0,0,0,0,0,0,0,1
55,0.7873413403536483,-0.9280036154226032,-0.5858373140388665,0.4247025268733371,0,-0.6122686841104612,1,0,0,0,0,0,0,0,0,0,0,0,1
132,-0.013756060275637085,0.3838628894046642,-0.16758445331811073,-0.14529296971982605,0,0.5463305687587312,0,0,0,0,1,0,0,0,0,0,0,0,1
93,0.8994463162754491,-0.8325098004271332,-0.3683505395136735,1.1846965223308878,0,-0.5936985154902521,1,0,0,0,0,0,0,0,0,0,0,0,1
21,-2.7676530217861797,0.6985240642502534,0.31180836380932325,0.23470402800894935,2,0.6450607829807791,0,0,0,1,0,0,0,0,0,2,0,0,0
19,0.41532431423418525,-0.6571303014721108,-0.7501408747855717,0.044705529144561655,0,-0.8086555664280265,0,1,0,0,0,0,0,0,0,0,0,0,1
150,0.3449995673040472,-0.2984901021510301,-0.089671566242416,-1.47528246177054,0,-0.23315962350865838,0,0,0,0,1,0,0,0,0,0,0,0,1
107,-0.7904156161072389,2.1470811184540333,1.698761831375732,-2.805271953821254,1,1.5273364269600556,1,0,0,0,0,0,1,0,0,0,0,0,1
122,-1.476076712217983,2.008145649809295,1.8270131029191168,-1.0952854640417646,2,1.2799488087307485,0,0,0,0,1,0,0,0,0,0,2,0,0
36,-0.3013556766395101,0.9855648400200623,0.9113744608395141,0.8046995246021125,1,0.530071764785746,0,0,1,0,0,0,0,0,1,0,0,0,0
66,0.7935622906716993,-1.5432498057769413,-1.4771114080245087,-1.8552794594993154,0,-1.4969566544717006,0,1,0,0,0,0,0,0,0,0,0,0,1
118,-1.9971101542298264,0.8931602193651963,0.5906525920214545,-2.045277958363703,2,1.2908483156831623,1,0,0,0,0,0,2,0,0,0,0,0,0
134,-1.1483563674384258,1.4644828359650577,1.593681064379727,0.8046995246021125,1,1.35457908295681,0,0,0,0,1,0,0,0,0,0,1,0,1
12,0.8445864344413765,-0.8591353314034568,-0.4076848427469738,0.8046995246021125,0,-1.0126783140975046,0,0,0,1,0,0,0,0,0,0,0,0,1
136,0.2523266582218214,-0.18408511239477296,0.06133515553783667,-1.0952854640417646,0,-0.013254203178315797,0,0,0,0,1,0,0,0,0,0,0,0,1
33,0.6011599987965244,-0.6063342631501952,-0.6314189384589611,0.9946980234665002,0,-0.42121830179122954,0,0,1,0,0,0,0,0,0,0,0,0,1
9,0.37292262858513153,-0.49504293376147385,-0.26843925490163933,-0.9052869651773768,0,0.5866536121221467,0,0,0,1,0,0,0,0,0,0,0,0,0
107,-0.7904156161072389,2.1470811184540333,1.698761831375732,-2.805271953821254,1,2.349023635820742,1,0,0,0,0,0,1,0,0,0,0,0,0
141,0.8382480314886213,-0.8544477243555477,-0.951651508455736,0.4247025268733371,0,0.6189949251013752,0,0,1,0,0,0,0,0,0,0,0,0,1
144,0.10309660860634964,-0.008655822412093747,0.31166173817874393,0.044705529144561655,0,0.10587932168016319,0,0,1,0,0,0,0,0,0,0,0,0,1
75,-0.9536307757207662,1.9969399054105164,1.8021985275224652,2.8946830121103773,1,2.5604548194403907,1,0,0,0,0,0,1,0,0,0,0,0,1
6,0.1719788116721598,0.05240828769427301,-0.16026262363182758,-2.4252749560924785,0,-0.04894278109172363,0,0,0,1,0,0,0,0,0,0,0,0,1
112,0.17764706769534208,1.2871149009542924,1.1243285544636878,1.3746950211952755,0,1.2112977518192845,1,0,0,0,0,0,0,0,0,0,0,0,1
16,0.21959235036825592,1.2561008669520632,0.5017135098894712,-1.6652809606349277,0,0.883019079857918,0,0,1,0,0,0,0,0,0,0,0,0,1
65,0.8316279217379663,-0.8351742574545239,-0.6081633840025297,0.044705529144561655,0,-0.6952415388414604,0,1,0,0,0,0,0,0,0,0,0,0,1
25,-1.7628263678899887,1.4498047182125795,0.584622380062202,-0.5252899674486015,2,1.197699138326359,0,1,0,0,0,0,0,2,0,0,0,0,1
123,0.571438167048103,-0.6840795948613619,-0.9021211614649218,0.044705529144561655,0,0.6483520808330911,0,0,0,0,1,0,0,0,0,0,0,0,1
21,-2.7676530217861797,0.6985240642502534,0.31180836380932325,0.23470402800894935,2,1.026378633224804,0,0,0,1,0,0,0,0,0,2,0,0,0
102,0.6484176629626337,-0.6110760714536377,-0.4339534015937101,-0.9052869651773768,0,-0.4862391234973629,1,0,0,0,0,0,0,0,0,0,0,0,1
40,0.7947628643943812,-1.1178728649985321,-0.8323861883069975,0.8046995246021125,0,-1.354428674269445,0,0,1,0,0,0,0,0,0,0,0,0,1
41,-0.36097776354714145,0.9301598485369481,1.3561384079006145,-1.0952854640417646,0,0.4847838740141117,0,0,1,0,0,0,0,0,0,0,0,0,0
100,0.749518392531599,-1.006279002020887,-1.2034575986084581,-1.2852839629061523,0,-0.9440597707627015,1,0,0,0,0,0,0,0,0,0,0,0,1
12,0.8445864344413765,-0.8591353314034568,-0.4076848427469738,0.8046995246021125,0,-0.5367113448425321,0,0,0,1,0,0,0,0,0,0,0,0,1
46,0.5194002161101307,-0.6337818278746727,-0.9679701560557576,0.044705529144561655,0,-0.7774220186862999,0,0,1,0,0,0,0,0,0,0,0,0,1
88,0.5868563428230743,-0.609900930429728,-0.9578919694679864,-1.0952854640417646,0,-0.5860625109528937,0,1,0,0,0,0,0,0,0,0,0,0,1
120,0.6118243713433028,-0.5441126359700348,-0.5312969821658854,-0.33529146858421377,0,-1.0528932297666427,1,0,0,0,0,0,0,0,0,0,0,0,1
133,0.011516665670379445,0.47816069958173024,0.15388538998420156,0.23470402800894935,0,0.2749740890938811,0,0,0,0,1,0,0,0,0,0,0,0,1
1,-1.7425855298397428,1.4435683236909782,0.755493055739396,1.754692018924051,2,1.2879950900482946,0,0,0,1,0,0,0,0,0,2,0,0,0
141,0.8382480314886213,-0.8544477243555477,-0.951651508455736,0.4247025268733371,0,-1.2644782511340256,0,0,1,0,0,0,0,0,0,0,0,0,1
3,0.7835082455194236,-0.5362768529714969,-0.898957350657006,0.23470402800894935,0,-0.11498404338624724,0,0,0,1,0,0,0,0,0,0,0,0,1
127,-0.46932085171134913,1.7709001151868076,1.9743001549316421,0.044705529144561655,1,1.1633681697487328,0,0,0,0,1,0,0,0,0,0,1,0,1
50,0.41095822980262053,-0.23896483537564048,-0.5632507939667125,-1.2852839629061523,0,-0.31175794261894346,1,0,0,0,0,0,0,0,0,0,0,0,1
5,-0.45167828223904755,1.1978345167031514,1.8171131704315873,0.23470402800894935,1,1.2713487233540741,0,0,0,1,0,0,0,0,0,1,0,0,1
55,0.7873413403536483,-0.9280036154226032,-0.5858373140388665,0.4247025268733371,0,-0.45095992238998595,1,0,0,0,0,0,0,0,0,0,0,0,1
45,-2.8517285660606486,0.7266761270872851,0.7627815300785532,2.324687515517214,2,1.0790866800065675,0,0,1,0,0,0,0,0,2,0,0,0,0
131,0.7795899707999938,-0.9387925848847133,-0.4271797432259956,0.044705529144561655,0,-0.9948527958930737,0,1,0,0,0,0,0,0,0,0,0,0,1
135,0.8590329851059717,-1.0932919784839112,-0.4318651669755144,-1.47528246177054,0,-1.0027104098963309,0,0,0,0,1,0,0,0,0,0,0,0,1
90,-1.686864809997518,1.466103265290234,0.0976579672697802,0.23470402800894935,2,1.4694863595722807,1,0,0,0,0,0,2,0,0,0,0,0,0
118,-1.9971101542298264,0.8931602193651963,0.5906525920214545,-2.045277958363703,2,0.4517592640818264,1,0,0,0,0,0,2,0,0,0,0,0,0
63,0.7229609979473463,-0.10936015689958539,-0.12096587909777386,-0.14529296971982605,0,0.014496094344214859,0,1,0,0,0,0,0,0,0,0,0,0,1
4,0.8174639659923786,-0.8919133713132138,-0.8631966977018697,-0.7152884663129891,0,-1.5104151033334305,0,0,0,1,0,0,0,0,0,0,0,0,1
63,0.7229609979473463,-0.10936015689958539,-0.12096587909777386,-0.14529296971982605,0,-0.2619378731511995,0,1,0,0,0,0,0,0,0,0,0,0,1
27,0.5868563428230743,-0.128963105635196,-0.14672158137823135,-1.0952854640417646,0,0.05136050744075391,0,0,1,0,0,0,0,0,0,0,0,0,1
77,-0.6575427035321258,1.7424298157650362,1.8163409156462293,0.23470402800894935,1,1.8521963234215162,0,1,0,0,0,0,0,1,0,0,0,0,1
124,0.6540890037452556,-0.8160574649792502,-1.2391588545392942,-0.7152884663129891,0,-0.5282385781729827,0,0,0,0,1,0,0,0,0,0,0,0,1
71,0.39617430401842063,-0.5265553816936333,-0.6520679608564841,0.8046995246021125,0,0.08266127592270167,0,1,0,0,0,0,0,0,0,0,0,0,0
20,-2.4217516321998738,1.1199489577150297,2.6280987022231224,-0.33529146858421377,2,0.9870350364085471,0,0,1,0,0,0,0,0,2,0,0,0,0
113,0.23927994985554413,-0.1777783432435181,0.3065056136374489,-0.33529146858421377,0,-0.2319147970679844,1,0,0,0,0,0,0,0,0,0,0,0,1
65,0.8316279217379663,-0.8351742574545239,-0.6081633840025297,0.044705529144561655,0,-1.242542024291626,0,1,0,0,0,0,0,0,0,0,0,0,1
61,0.8506607372710999,-0.8671196883049148,-0.6140864249192279,1.1846965223308878,0,-1.5104151033334305,0,1,0,0,0,0,0,0,0,0,0,0,1
64,0.7873413403536483,-1.4919267395728504,-1.0766909350482308,0.4247025268733371,0,-2.039485746334279,0,1,0,0,0,0,0,0,0,0,0,0,1
51,0.4603761052363052,-0.2619855889323155,-0.6336115049159111,1.1846965223308878,0,-0.12628029904705726,1,0,0,0,0,0,0,0,0,0,0,0,1
68,0.7134623319169836,-0.15222737396103334,-0.16937230144714704,-0.5252899674486015,0,0.13221286491476222,0,1,0,0,0,0,0,0,0,0,0,0,1
19,0.41532431423418525,-0.6571303014721108,-0.7501408747855717,0.044705529144561655,0,0.04748484593085408,0,1,0,0,0,0,0,0,0,0,0,0,1
53,0.7449392943473863,-0.9472344072451417,-0.5003318121008618,0.8046995246021125,0,-1.1678926717498384,1,0,0,0,0,0,0,0,0,0,0,0,1
27,0.5868563428230743,-0.128963105635196,-0.14672158137823135,-1.0952854640417646,0,0.07946631665249361,0,0,1,0,0,0,0,0,0,0,0,0,1
12,0.8445864344413765,-0.8591353314034568,-0.4076848427469738,0.8046995246021125,0,-0.582051556094339,0,0,0,1,0,0,0,0,0,0,0,0,1
49,-2.8306517767246246,0.7355700264671651,0.5936632702315654,1.754692018924051,2,0.20859665033439054,0,0,1,0,0,0,0,0,2,0,0,0,0
104,0.5776438242263447,-1.0395741656627533,-1.5218095460448768,0.23470402800894935,0,-0.8705928959160799,1,0,0,0,0,0,0,0,0,0,0,0,1
89,0.19688002383044065,0.2573054397215892,-0.2718394827699518,0.8046995246021125,0,0.35024117404489435,0,0,0,1,0,0,0,0,0,0,0,0,1
72,-0.8119410195019346,1.5684677119960315,1.8939026463982478,0.23470402800894935,1,0.5124817953405869,0,1,0,0,0,0,0,1,0,0,0,0,1
90,-1.686864809997518,1.466103265290234,0.0976579672697802,0.23470402800894935,2,1.0932468669983932,1,0,0,0,0,0,2,0,0,0,0,0,1
144,0.10309660860634964,-0.008655822412093747,0.31166173817874393,0.044705529144561655,0,-0.44120337968035467,0,0,1,0,0,0,0,0,0,0,0,0,1
119,-1.6551616418114246,1.4390779241391296,1.1887650990216085,-0.5252899674486015,2,1.4563407945427587,1,0,0,0,0,0,2,0,0,0,0,0,0
36,-0.3013556766395101,0.9855648400200623,0.9113744608395141,0.8046995246021125,1,0.9069641625354999,0,0,1,0,0,0,0,0,1,0,0,0,1
9,0.37292262858513153,-0.49504293376147385,-0.26843925490163933,-0.9052869651773768,0,0.6084764979007603,0,0,0,1,0,0,0,0,0,0,0,0,0
56,-2.7501337051038597,0.7573538710448432,1.1620503577838586,-0.14529296971982605,2,0.6961173300417199,1,0,0,0,0,0,2,0,0,0,0,0,0
64,0.7873413403536483,-1.4919267395728504,-1.0766909350482308,0.4247025268733371,0,-1.6220880903280588,0,1,0,0,0,0,0,0,0,0,0,0,1
123,0.571438167048103,-0.6840795948613619,-0.9021211614649218,0.044705529144561655,0,-0.3459421437233373,0,0,0,0,1,0,0,0,0,0,0,0,1
95,0.5954685842064011,-0.6255228636459196,-0.8176952131316845,0.8046995246021125,0,-0.7138410348242809,1,0,0,0,0,0,0,0,0,0,0,0,1
38,-1.7965354299615945,1.4952750914331256,0.8465973008691576,-0.7152884663129891,2,1.4651110674318089,0,0,1,0,0,0,0,0,2,0,0,0,0
93,0.8994463162754491,-0.8325098004271332,-0.3683505395136735,1.1846965223308878,0,-0.37529758541356556,1,0,0,0,0,0,0,0,0,0,0,0,1
110,0.4072251158517818,-0.5934627057048354,-0.6739330429991417,-0.14529296971982605,0,0.7265081240541009,1,0,0,0,0,0,0,0,0,0,0,0,1
116,0.3178236217096313,-0.16359767667756062,-0.31680944558207025,-0.9052869651773768,0,0.1340959944299815,1,0,0,0,0,0,0,0,0,0,0,0,1
123,0.571438167048103,-0.6840795948613619,-0.9021211614649218,0.044705529144561655,0,-0.6293276698624278,0,0,0,0,1,0,0,0,0,0,0,0,1
58,0.3112484123582404,-0.13923291907309093,-0.3105121175681538,0.044705529144561655,0,-0.06838045492172672,1,0,0,0,0,0,0,0,0,0,0,0,1
110,0.4072251158517818,-0.5934627057048354,-0.6739330429991417,-0.14529296971982605,0,-0.3816532952709724,1,0,0,0,0,0,0,0,0,0,0,0,1
74,0.7229609979473463,-1.5103695110581181,-1.1802316330172162,-0.14529296971982605,0,-1.3830163985953974,0,0,0,1,0,0,0,0,0,0,0,0,1
28,-0.3652449498354038,0.996586460244493,2.103074662036828,0.044705529144561655,1,0.6918424873649535,0,0,1,0,0,0,0,0,1,0,0,0,1
77,-0.6575427035321258,1.7424298157650362,1.8163409156462293,0.23470402800894935,1,2.380918312727145,0,1,0,0,0,0,0,1,0,0,0,0,1
50,0.41095822980262053,-0.23896483537564048,-0.5632507939667125,-1.2852839629061523,0,-0.0852414033325207,1,0,0,0,0,0,0,0,0,0,0,0,1
138,0.8098761325572423,-0.836674845801153,-0.8422281012524391,-1.0952854640417646,0,-0.9091120663054266,0,0,0,0,1,0,0,0,0,0,0,0,1
83,0.7275520198620213,-0.5637364070823583,-1.1515332948201789,0.044705529144561655,0,-0.2808600449322061,0,1,0,0,0,0,0,0,0,0,0,0,1
137,0.6903733883222437,-0.785365729465504,-1.0442505310428574,0.6147010257377248,0,-0.6108515839222447,0,0,0,0,1,0,0,0,0,0,0,0,1
80,0.6764769010612613,-0.7904715800807489,-1.5618805353693874,-1.8552794594993154,0,-0.5742459827887958,0,1,0,0,0,0,0,0,0,0,0,0,1
136,0.2523266582218214,-0.18408511239477296,0.06133515553783667,-1.0952854640417646,0,0.08042517102150432,0,0,0,0,1,0,0,0,0,0,0,0,1
114,-0.43384167408889446,0.9148979635939658,2.10097912665727,1.5646935200596632,0,1.2444299974553799,1,0,0,0,0,0,0,0,0,0,0,0,1
43,-0.5362326291556553,1.3821815505789712,1.456308739033318,0.4247025268733371,1,1.5642189794714376,0,0,1,0,0,0,0,0,1,0,0,0,0
144,0.10309660860634964,-0.008655822412093747,0.31166173817874393,0.044705529144561655,0,0.10587932168016319,0,0,1,0,0,0,0,0,0,0,0,0,1
64,0.7873413403536483,-1.4919267395728504,-1.0766909350482308,0.4247025268733371,0,-1.8572444547395923,0,1,0,0,0,0,0,0,0,0,0,0,1
21,-2.7676530217861797,0.6985240642502534,0.31180836380932325,0.23470402800894935,2,1.2536444273127991,0,0,0,1,0,0,0,0,0,2,0,0,0
72,-0.8119410195019346,1.5684677119960315,1.8939026463982478,0.23470402800894935,1,1.1621542878892055,0,1,0,0,0,0,0,1,0,0,0,0,0
22,0.8623717801079255,-0.8396147420954507,-0.35312544696697257,-1.2852839629061523,0,-0.9113541965955824,0,0,1,0,0,0,0,0,0,0,0,0,1
83,0.7275520198620213,-0.5637364070823583,-1.1515332948201789,0.044705529144561655,0,-0.35427290040424014,0,1,0,0,0,0,0,0,0,0,0,0,1
125,0.8836658726759392,-0.845301563118997,-0.34775545093729304,0.044705529144561655,0,-1.5104151033334305,0,0,0,0,1,0,0,0,0,0,0,0,1
34,0.557947263245004,-0.6131880188226092,-0.5788228591444924,1.1846965223308878,0,-0.4377676513960203,0,0,1,0,0,0,0,0,0,0,0,0,1
93,0.8994463162754491,-0.8325098004271332,-0.3683505395136735,1.1846965223308878,0,-0.9091120663054266,1,0,0,0,0,0,0,0,0,0,0,0,1
2,0.7873413403536483,-1.5406960664772213,-1.3308391136178341,0.4247025268733371,0,-2.201586490383834,0,0,0,1,0,0,0,0,0,0,0,0,1
31,-0.6477068319312879,1.323288078781502,2.643086533744072,-1.6652809606349277,1,1.171081088523114,0,0,0,1,0,0,0,0,0,1,0,0,1
14,-0.7618273357298131,1.582321823073024,1.3386654494707158,-0.7152884663129891,1,1.0757916939662664,0,0,1,0,0,0,0,0,1,0,0,0,0
48,0.16766263121020925,0.32605085053546096,-0.26687040585718486,1.1846965223308878,0,0.6091433438549742,1,0,0,0,0,0,0,0,0,0,0,0,0
105,0.2782744290039161,-0.384410448702575,0.23238496909487238,0.4247025268733371,0,-0.2673317252360507,1,0,0,0,0,0,0,0,0,0,0,0,1
58,0.3112484123582404,-0.13923291907309093,-0.3105121175681538,0.044705529144561655,0,0.5777708194510838,1,0,0,0,0,0,0,0,0,0,0,0,0
129,0.636665004955273,-0.7146520815572139,-0.7771776962728781,-1.2852839629061523,0,-0.5424394293013066,0,0,0,0,1,0,0,0,0,0,0,0,1
125,0.8836658726759392,-0.845301563118997,-0.34775545093729304,0.044705529144561655,0,-0.582051556094339,0,0,0,0,1,0,0,0,0,0,0,0,1
12,0.8445864344413765,-0.8591353314034568,-0.4076848427469738,0.8046995246021125,0,-0.37529758541356556,0,0,0,1,0,0,0,0,0,0,0,0,1
109,-1.6414077047803937,1.4986347749050806,0.9043220990792102,-2.045277958363703,1,1.3378927956697593,1,0,0,0,0,0,1,0,0,0,0,0,0
139,0.5837145758137556,-0.589336051094232,-0.6046010879164883,0.4247025268733371,0,-0.704839989327217,0,0,0,0,1,0,0,0,0,0,0,0,1
14,-0.7618273357298131,1.582321823073024,1.3386654494707158,-0.7152884663129891,1,1.102724135855085,0,0,1,0,0,0,0,0,1,0,0,0,1
70,0.7320421401961541,-1.5234907131179805,-1.5084354987500674,0.23470402800894935,0,-1.5978775760105133,0,1,0,0,0,0,0,0,0,0,0,0,1
90,-1.686864809997518,1.466103265290234,0.0976579672697802,0.23470402800894935,2,1.4594333243530728,1,0,0,0,0,0,2,0,0,0,0,0,1
8,0.87495942103483,-0.8984325713737316,-0.5130526742349769,-0.5252899674486015,0,-0.9946220089326006,0,0,1,0,0,0,0,0,0,0,0,0,1
139,0.5837145758137556,-0.589336051094232,-0.6046010879164883,0.4247025268733371,0,-0.44349610989737803,0,0,0,0,1,0,0,0,0,0,0,0,1
67,-1.1729209839729045,1.65903663734724,1.5038528877880608,0.6147010257377248,1,1.4054963584017046,0,1,0,0,0,0,0,1,0,0,0,0,0
64,0.7873413403536483,-1.4919267395728504,-1.0766909350482308,0.4247025268733371,0,-2.549233257565934,0,1,0,0,0,0,0,0,0,0,0,0,1
110,0.4072251158517818,-0.5934627057048354,-0.6739330429991417,-0.14529296971982605,0,-0.6393248973132779,1,0,0,0,0,0,0,0,0,0,0,0,1
60,0.5639081468225616,-0.39356127607322594,-0.5054953305423884,1.3746950211952755,0,-0.4905091425745482,1,0,0,0,0,0,0,0,0,0,0,0,1
7,0.19673452778807235,-0.13760846456842266,-0.012840738619519537,-0.14529296971982605,0,-0.04627183388892744,0,0,1,0,0,0,0,0,0,0,0,0,1
35,0.6011599987965244,-0.6068030014459013,-0.544545466619914,0.9946980234665002,0,-0.5188095133931908,0,0,1,0,0,0,0,0,0,0,0,0,1
35,0.6011599987965244,-0.6068030014459013,-0.544545466619914,0.9946980234665002,0,-0.47617106869809117,0,0,1,0,0,0,0,0,0,0,0,0,1
16,0.21959235036825592,1.2561008669520632,0.5017135098894712,-1.6652809606349277,0,-0.35538546332742144,0,0,1,0,0,0,0,0,0,0,0,0,0
68,0.7134623319169836,-0.15222737396103334,-0.16937230144714704,-0.5252899674486015,0,0.07946631665249361,0,1,0,0,0,0,0,0,0,0,0,0,1
24,-2.344122048566307,0.793312820011672,0.8280969369076001,0.8046995246021125,2,1.4574385182308542,0,0,1,0,0,0,0,0,2,0,0,0,0
82,0.43099450240883586,-0.49403836800935974,-0.2876567344431154,0.4247025268733371,0,-0.9997035343808401,0,1,0,0,0,0,0,0,0,0,0,0,1
66,0.7935622906716993,-1.5432498057769413,-1.4771114080245087,-1.8552794594993154,0,-2.0487374165456993,0,1,0,0,0,0,0,0,0,0,0,0,1
80,0.6764769010612613,-0.7904715800807489,-1.5618805353693874,-1.8552794594993154,0,-0.3721249032834125,0,1,0,0,0,0,0,0,0,0,0,0,1
148,-0.6806168979914329,1.7403995922432274,1.5443258585630333,0.9946980234665002,1,1.0564012242413312,0,0,0,0,1,0,0,0,0,0,1,0,1
96,0.8316279217379663,-0.9365823448414491,-0.4407835491983754,0.044705529144561655,0,-1.2973103134639286,1,0,0,0,0,0,0,0,0,0,0,0,1
20,-2.4217516321998738,1.1199489577150297,2.6280987022231224,-0.33529146858421377,2,0.5754784504660216,0,0,1,0,0,0,0,0,2,0,0,0,0
65,0.8316279217379663,-0.8351742574545239,-0.6081633840025297,0.044705529144561655,0,-0.5579019100541608,0,1,0,0,0,0,0,0,0,0,0,0,1
64,0.7873413403536483,-1.4919267395728504,-1.0766909350482308,0.4247025268733371,0,-1.5486547928714207,0,1,0,0,0,0,0,0,0,0,0,0,1
80,0.6764769010612613,-0.7904715800807489,-1.5618805353693874,-1.8552794594993154,0,-0.5072611209485888,0,1,0,0,0,0,0,0,0,0,0,0,1
101,0.7275520198620213,-0.9609850058121482,-0.6735695044943646,0.044705529144561655,0,-0.6444387214649604,1,0,0,0,0,0,0,0,0,0,0,0,1
38,-1.7965354299615945,1.4952750914331256,0.8465973008691576,-0.7152884663129891,2,1.404683745868709,0,0,1,0,0,0,0,0,2,0,0,0,0
149,-0.28826545392087316,0.9538533304641673,1.2853374985845787,-0.9052869651773768,0,2.4400486288084755,0,0,0,0,1,0,0,0,0,0,0,0,0
3,0.7835082455194236,-0.5362768529714969,-0.898957350657006,0.23470402800894935,0,-0.31157523236981904,0,0,0,1,0,0,0,0,0,0,0,0,1
93,0.8994463162754491,-0.8325098004271332,-0.3683505395136735,1.1846965223308878,0,-1.0219813878192128,1,0,0,0,0,0,0,0,0,0,0,0,1
73,0.5954685842064011,-0.7202236558591159,-0.4782030303955875,0.8046995246021125,0,-0.586664628978523,1,0,0,0,0,0,0,0,0,0,0,0,1
53,0.7449392943473863,-0.9472344072451417,-0.5003318121008618,0.8046995246021125,0,-0.7840715555048042,1,0,0,0,0,0,0,0,0,0,0,0,1
83,0.7275520198620213,-0.5637364070823583,-1.1515332948201789,0.044705529144561655,0,-0.31157523236981904,0,1,0,0,0,0,0,0,0,0,0,0,1
120,0.6118243713433028,-0.5441126359700348,-0.5312969821658854,-0.33529146858421377,0,-0.4615182952568739,1,0,0,0,0,0,0,0,0,0,0,0,1
71,0.39617430401842063,-0.5265553816936333,-0.6520679608564841,0.8046995246021125,0,-0.5035518346454311,0,1,0,0,0,0,0,0,0,0,0,0,1
125,0.8836658726759392,-0.845301563118997,-0.34775545093729304,0.044705529144561655,0,-0.5367113448425321,0,0,0,0,1,0,0,0,0,0,0,0,1
52,0.4115905262319561,-0.46252089123866197,-0.12288851185595892,1.1846965223308878,0,-0.5977254887647764,0,0,1,0,0,0,0,0,0,0,0,0,1
30,0.8994463162754491,-1.1530952875169582,-1.1322444734329258,1.1846965223308878,0,-0.8644060103474139,0,0,1,0,0,0,0,0,0,0,0,0,1
73,0.5954685842064011,-0.7202236558591159,-0.4782030303955875,0.8046995246021125,0,-0.6977424465681186,1,0,0,0,0,0,0,0,0,0,0,0,1
38,-1.7965354299615945,1.4952750914331256,0.8465973008691576,-0.7152884663129891,2,1.4759379040922591,0,0,1,0,0,0,0,0,2,0,0,0,1
41,-0.36097776354714145,0.9301598485369481,1.3561384079006145,-1.0952854640417646,0,0.5968489683427863,0,0,1,0,0,0,0,0,0,0,0,0,1
55,0.7873413403536483,-0.9280036154226032,-0.5858373140388665,0.4247025268733371,0,-0.6900381740371188,1,0,0,0,0,0,0,0,0,0,0,0,1
44,0.10395245939498345,0.5018832971696904,0.07615580763557432,-1.6652809606349277,0,1.2836570835203864,0,0,0,1,0,0,0,0,0,0,0,0,0
78,-0.49186887080798847,1.5982034292388005,1.4417259435401013,-1.2852839629061523,1,1.0697602128685024,0,1,0,0,0,0,0,1,0,0,0,0,1
103,-2.0718162968765546,0.3708976950805329,0.269305075539882,-1.2852839629061523,2,0.6984464310658187,0,1,0,0,0,0,0,2,0,0,0,0,1
146,0.02374097332904994,0.3971563049073773,0.06930060509945626,0.4247025268733371,0,0.17954896774108967,0,0,0,0,1,0,0,0,0,0,0,0,1
11,0.8836658726759392,-0.8740654801664903,-0.6658099877571334,0.044705529144561655,0,-1.1840986321103852,0,0,0,1,0,0,0,0,0,0,0,0,1
138,0.8098761325572423,-0.836674845801153,-0.8422281012524391,-1.0952854640417646,0,-0.582051556094339,0,0,0,0,1,0,0,0,0,0,0,0,1
24,-2.344122048566307,0.793312820011672,0.8280969369076001,0.8046995246021125,2,0.6554486666621949,0,0,1,0,0,0,0,0,2,0,0,0,0
46,0.5194002161101307,-0.6337818278746727,-0.9679701560557576,0.044705529144561655,0,-0.4862391234973629,0,0,1,0,0,0,0,0,0,0,0,0,1
71,0.39617430401842063,-0.5265553816936333,-0.6520679608564841,0.8046995246021125,0,0.08266127592270167,0,1,0,0,0,0,0,0,0,0,0,0,0
50,0.41095822980262053,-0.23896483537564048,-0.5632507939667125,-1.2852839629061523,0,-0.6207857372611594,1,0,0,0,0,0,0,0,0,0,0,0,1
78,-0.49186887080798847,1.5982034292388005,1.4417259435401013,-1.2852839629061523,1,1.6248630424012047,0,1,0,0,0,0,0,1,0,0,0,0,0
56,-2.7501337051038597,0.7573538710448432,1.1620503577838586,-0.14529296971982605,2,0.39075503984909915,1,0,0,0,0,0,2,0,0,0,0,0,0
105,0.2782744290039161,-0.384410448702575,0.23238496909487238,0.4247025268733371,0,-0.014574377548895222,1,0,0,0,0,0,0,0,0,0,0,0,0
8,0.87495942103483,-0.8984325713737316,-0.5130526742349769,-0.5252899674486015,0,-1.2644782511340256,0,0,1,0,0,0,0,0,0,0,0,0,1
29,0.8282062919792007,-0.8808244674849,-0.5624359792255084,-0.14529296971982605,0,-0.5367113448425321,0,0,1,0,0,0,0,0,0,0,0,0,1
118,-1.9971101542298264,0.8931602193651963,0.5906525920214545,-2.045277958363703,2,0.8026295184621489,1,0,0,0,0,0,2,0,0,0,0,0,1
141,0.8382480314886213,-0.8544477243555477,-0.951651508455736,0.4247025268733371,0,-0.541055760551514,0,0,1,0,0,0,0,0,0,0,0,0,1
127,-0.46932085171134913,1.7709001151868076,1.9743001549316421,0.044705529144561655,1,1.8294426200873077,0,0,0,0,1,0,0,0,0,0,1,0,0
136,0.2523266582218214,-0.18408511239477296,0.06133515553783667,-1.0952854640417646,0,-0.014739441260441948,0,0,0,0,1,0,0,0,0,0,0,0,1
13,0.7407326956815721,-0.4981075397435976,-0.43427655070294097,0.6147010257377248,0,-0.2929985013286752,0,0,0,1,0,0,0,0,0,0,0,0,1
150,0.3449995673040472,-0.2984901021510301,-0.089671566242416,-1.47528246177054,0,-0.19955808206034137,0,0,0,0,1,0,0,0,0,0,0,0,1
94,0.8779275295488443,-0.8909817385797031,-0.8887889027719983,-0.33529146858421377,0,-0.6248502124184935,1,0,0,0,0,0,0,0,0,0,0,0,1
136,0.2523266582218214,-0.18408511239477296,0.06133515553783667,-1.0952854640417646,0,0.9106954508483103,0,0,0,0,1,0,0,0,0,0,0,0,0
78,-0.49186887080798847,1.5982034292388005,1.4417259435401013,-1.2852839629061523,1,1.1425522165669106,0,1,0,0,0,0,0,1,0,0,0,0,1
147,-0.9041758586796569,1.7324680759636433,2.261208193243707,-1.8552794594993154,1,1.5227542081914012,0,0,0,1,0,0,0,0,0,1,0,0,0
62,0.7131172445439711,-0.5227263011585528,-0.8184503332202685,1.5646935200596632,0,-0.31157523236981904,0,1,0,0,0,0,0,0,0,0,0,0,1
148,-0.6806168979914329,1.7403995922432274,1.5443258585630333,0.9946980234665002,1,1.0564012242413312,0,0,0,0,1,0,0,0,0,0,1,0,1
114,-0.43384167408889446,0.9148979635939658,2.10097912665727,1.5646935200596632,0,1.2444299974553799,1,0,0,0,0,0,0,0,0,0,0,0,1
11,0.8836658726759392,-0.8740654801664903,-0.6658099877571334,0.044705529144561655,0,-0.37529758541356556,0,0,0,1,0,0,0,0,0,0,0,0,1
134,-1.1483563674384258,1.4644828359650577,1.593681064379727,0.8046995246021125,1,1.35716160205177,0,0,0,0,1,0,0,0,0,0,1,0,1
104,0.5776438242263447,-1.0395741656627533,-1.5218095460448768,0.23470402800894935,0,-0.704839989327217,1,0,0,0,0,0,0,0,0,0,0,0,1
100,0.749518392531599,-1.006279002020887,-1.2034575986084581,-1.2852839629061523,0,-1.1693622351518156,1,0,0,0,0,0,0,0,0,0,0,0,1
47,-2.5046840203435257,0.6818492256678579,0.5827053507963547,0.9946980234665002,2,1.0261473808576502,1,0,0,0,0,0,2,0,0,0,0,0,0
75,-0.9536307757207662,1.9969399054105164,1.8021985275224652,2.8946830121103773,1,2.3436493070574858,1,0,0,0,0,0,1,0,0,0,0,0,0
60,0.5639081468225616,-0.39356127607322594,-0.5054953305423884,1.3746950211952755,0,-0.42368524897379073,1,0,0,0,0,0,0,0,0,0,0,0,1
92,0.8445864344413765,-0.8705751691755431,-0.2768351416516325,0.8046995246021125,0,-0.541055760551514,1,0,0,0,0,0,0,0,0,0,0,0,1
122,-1.476076712217983,2.008145649809295,1.8270131029191168,-1.0952854640417646,2,1.4085416457750253,0,0,0,0,1,0,0,0,0,0,2,0,0
33,0.6011599987965244,-0.6063342631501952,-0.6314189384589611,0.9946980234665002,0,-0.6068065062524967,0,0,1,0,0,0,0,0,0,0,0,0,1
122,-1.476076712217983,2.008145649809295,1.8270131029191168,-1.0952854640417646,2,1.6812265467368284,0,0,0,0,1,0,0,0,0,0,2,0,1
4,0.8174639659923786,-0.8919133713132138,-0.8631966977018697,-0.7152884663129891,0,-0.5936985154902521,0,0,0,1,0,0,0,0,0,0,0,0,1
44,0.10395245939498345,0.5018832971696904,0.07615580763557432,-1.6652809606349277,0,0.5596526245167914,0,0,0,1,0,0,0,0,0,0,0,0,1
2,0.7873413403536483,-1.5406960664772213,-1.3308391136178341,0.4247025268733371,0,-1.7325468417006236,0,0,0,1,0,0,0,0,0,0,0,0,1
62,0.7131172445439711,-0.5227263011585528,-0.8184503332202685,1.5646935200596632,0,-0.5786465647798005,0,1,0,0,0,0,0,0,0,0,0,0,1
148,-0.6806168979914329,1.7403995922432274,1.5443258585630333,0.9946980234665002,1,1.0564012242413312,0,0,0,0,1,0,0,0,0,0,1,0,1
60,0.5639081468225616,-0.39356127607322594,-0.5054953305423884,1.3746950211952755,0,-0.23707538865557884,1,0,0,0,0,0,0,0,0,0,0,0,1
55,0.7873413403536483,-0.9280036154226032,-0.5858373140388665,0.4247025268733371,0,-0.6122686841104612,1,0,0,0,0,0,0,0,0,0,0,0,1
146,0.02374097332904994,0.3971563049073773,0.06930060509945626,0.4247025268733371,0,0.5188153774537478,0,0,0,0,1,0,0,0,0,0,0,0,1
86,0.5896547736035872,-0.7775309608791905,-0.5982968799555161,0.6147010257377248,0,-0.6108515839222447,0,1,0,0,0,0,0,0,0,0,0,0,1
127,-0.46932085171134913,1.7709001151868076,1.9743001549316421,0.044705529144561655,1,1.5002264524357165,0,0,0,0,1,0,0,0,0,0,1,0,1
26,-1.7158982377047827,1.8471569501199987,1.7057295448363428,0.9946980234665002,2,1.4936312440742894,0,0,1,0,0,0,0,0,2,0,0,0,0
3,0.7835082455194236,-0.5362768529714969,-0.898957350657006,0.23470402800894935,0,-0.11498404338624724,0,0,0,1,0,0,0,0,0,0,0,0,1
84,0.6175373346578993,-0.6152472640161171,-0.8696044337708005,1.5646935200596632,0,-0.43357390256863715,0,1,0,0,0,0,0,0,0,0,0,0,1
7,0.19673452778807235,-0.13760846456842266,-0.012840738619519537,-0.14529296971982605,0,-0.16807730477169366,0,0,1,0,0,0,0,0,0,0,0,0,1
32,-1.0341189394750192,2.184606312461486,2.4801445704931173,-0.7152884663129891,1,1.953715479070601,1,0,0,0,0,0,1,0,0,0,0,0,1
144,0.10309660860634964,-0.008655822412093747,0.31166173817874393,0.044705529144561655,0,-0.09489582504941428,0,0,1,0,0,0,0,0,0,0,0,0,1
80,0.6764769010612613,-0.7904715800807489,-1.5618805353693874,-1.8552794594993154,0,-1.1605559124076599,0,1,0,0,0,0,0,0,0,0,0,0,1
40,0.7947628643943812,-1.1178728649985321,-0.8323861883069975,0.8046995246021125,0,-1.8696693138030762,0,0,1,0,0,0,0,0,0,0,0,0,1
37,-0.14288165029942937,0.5315173616469385,-0.15303395999237152,0.23470402800894935,0,0.645719338977789,1,0,0,0,0,0,0,0,0,0,0,0,1
118,-1.9971101542298264,0.8931602193651963,0.5906525920214545,-2.045277958363703,2,0.9169437142964751,1,0,0,0,0,0,2,0,0,0,0,0,0
73,0.5954685842064011,-0.7202236558591159,-0.4782030303955875,0.8046995246021125,0,-0.8121225530437559,1,0,0,0,0,0,0,0,0,0,0,0,1
48,0.16766263121020925,0.32605085053546096,-0.26687040585718486,1.1846965223308878,0,0.14708787689540523,1,0,0,0,0,0,0,0,0,0,0,0,1
22,0.8623717801079255,-0.8396147420954507,-0.35312544696697257,-1.2852839629061523,0,-0.37529758541356556,0,0,1,0,0,0,0,0,0,0,0,0,1
15,-1.0662090005941842,1.6282472257747163,0.9084553795449245,-0.14529296971982605,1,1.5873109575158408,0,0,1,0,0,0,0,0,1,0,0,0,1
71,0.39617430401842063,-0.5265553816936333,-0.6520679608564841,0.8046995246021125,0,-0.4494273300167694,0,1,0,0,0,0,0,0,0,0,0,0,1
58,0.3112484123582404,-0.13923291907309093,-0.3105121175681538,0.044705529144561655,0,0.011716527187027594,1,0,0,0,0,0,0,0,0,0,0,0,1
140,0.8211270579955481,-1.127551348708158,-1.0601330941468274,-0.5252899674486015,0,-1.212055445459183,0,0,0,0,1,0,0,0,0,0,0,0,1
145,-2.297523072029207,1.3377599240336107,1.7801044194955888,-1.2852839629061523,2,0.750620788255712,0,0,1,0,0,0,0,0,2,0,0,0,0
136,0.2523266582218214,-0.18408511239477296,0.06133515553783667,-1.0952854640417646,0,0.12088854971611447,0,0,0,0,1,0,0,0,0,0,0,0,0
40,0.7947628643943812,-1.1178728649985321,-0.8323861883069975,0.8046995246021125,0,-1.2370209021583563,0,0,1,0,0,0,0,0,0,0,0,0,1
98,0.699758221626367,-0.9317558249441866,-0.5340336397585176,0.9946980234665002,0,-0.6444387214649604,1,0,0,0,0,0,0,0,0,0,0,0,1
91,0.30197982181992733,-0.20291795588207354,-0.2588889040503444,-0.14529296971982605,0,0.5508233481875089,1,0,0,0,0,0,0,0,0,0,0,0,0
24,-2.344122048566307,0.793312820011672,0.8280969369076001,0.8046995246021125,2,1.1535322765724183,0,0,1,0,0,0,0,0,2,0,0,0,0
7,0.19673452778807235,-0.13760846456842266,-0.012840738619519537,-0.14529296971982605,0,0.02428526662137044,0,0,1,0,0,0,0,0,0,0,0,0,1
73,0.5954685842064011,-0.7202236558591159,-0.4782030303955875,0.8046995246021125,0,-0.6942001248979162,1,0,0,0,0,0,0,0,0,0,0,0,1
18,-2.4343978230082954,1.0177194408864998,0.4521127441273781,-0.14529296971982605,2,0.40351597947208917,0,1,0,0,0,0,0,2,0,0,0,0,0
23,-1.8861366533103854,1.2684735019520244,1.2729808069009627,-0.9052869651773768,2,1.2343250869870355,0,1,0,0,0,0,0,2,0,0,0,0,0
118,-1.9971101542298264,0.8931602193651963,0.5906525920214545,-2.045277958363703,2,-1.232761708921135,1,0,0,0,0,0,2,0,0,0,0,0,0
143,0.636665004955273,-0.6176826362864679,-0.9534319304906913,-1.2852839629061523,0,-0.9999347227575385,0,0,0,0,1,0,0,0,0,0,0,0,1
104,0.5776438242263447,-1.0395741656627533,-1.5218095460448768,0.23470402800894935,0,-0.8186342529907584,1,0,0,0,0,0,0,0,0,0,0,0,1
72,-0.8119410195019346,1.5684677119960315,1.8939026463982478,0.23470402800894935,1,1.754696693456366,0,1,0,0,0,0,0,1,0,0,0,0,0
38,-1.7965354299615945,1.4952750914331256,0.8465973008691576,-0.7152884663129891,2,1.4120904773741305,0,0,1,0,0,0,0,0,2,0,0,0,0
38,-1.7965354299615945,1.4952750914331256,0.8465973008691576,-0.7152884663129891,2,1.3099039428291321,0,0,1,0,0,0,0,0,2,0,0,0,1
10,0.8944100044883714,-0.9042156872234491,-0.570120787160374,0.8046995246021125,0,-0.6342200006200504,0,0,0,1,0,0,0,0,0,0,0,0,1
100,0.749518392531599,-1.006279002020887,-1.2034575986084581,-1.2852839629061523,0,-0.5784463945924231,1,0,0,0,0,0,0,0,0,0,0,0,0
58,0.3112484123582404,-0.13923291907309093,-0.3105121175681538,0.044705529144561655,0,0.17738576518345753,1,0,0,0,0,0,0,0,0,0,0,0,1
6,0.1719788116721598,0.05240828769427301,-0.16026262363182758,-2.4252749560924785,0,0.3685419072404128,0,0,0,1,0,0,0,0,0,0,0,0,1
95,0.5954685842064011,-0.6255228636459196,-0.8176952131316845,0.8046995246021125,0,-0.7148894684453362,1,0,0,0,0,0,0,0,0,0,0,0,1
63,0.7229609979473463,-0.10936015689958539,-0.12096587909777386,-0.14529296971982605,0,0.13221286491476222,0,1,0,0,0,0,0,0,0,0,0,0,1
33,0.6011599987965244,-0.6063342631501952,-0.6314189384589611,0.9946980234665002,0,0.7946303719286876,0,0,1,0,0,0,0,0,0,0,0,0,1
4,0.8174639659923786,-0.8919133713132138,-0.8631966977018697,-0.7152884663129891,0,-0.6248502124184935,0,0,0,1,0,0,0,0,0,0,0,0,1
129,0.636665004955273,-0.7146520815572139,-0.7771776962728781,-1.2852839629061523,0,-1.2320107301434349,0,0,0,0,1,0,0,0,0,0,0,0,1
66,0.7935622906716993,-1.5432498057769413,-1.4771114080245087,-1.8552794594993154,0,-1.6220880903280588,0,1,0,0,0,0,0,0,0,0,0,0,1
28,-0.3652449498354038,0.996586460244493,2.103074662036828,0.044705529144561655,1,0.6940454594874802,0,0,1,0,0,0,0,0,1,0,0,0,1
70,0.7320421401961541,-1.5234907131179805,-1.5084354987500674,0.23470402800894935,0,-2.201586490383834,0,1,0,0,0,0,0,0,0,0,0,0,1
57,0.8414513104002286,-1.5283443989530991,-1.2665670015914527,0.6147010257377248,0,-2.527713090863871,1,0,0,0,0,0,0,0,0,0,0,0,1
70,0.7320421401961541,-1.5234907131179805,-1.5084354987500674,0.23470402800894935,0,-2.527713090863871,0,1,0,0,0,0,0,0,0,0,0,0,1
119,-1.6551616418114246,1.4390779241391296,1.1887650990216085,-0.5252899674486015,2,1.3479574222851076,1,0,0,0,0,0,2,0,0,0,0,0,1
49,-2.8306517767246246,0.7355700264671651,0.5936632702315654,1.754692018924051,2,0.6450607829807791,0,0,1,0,0,0,0,0,2,0,0,0,0
78,-0.49186887080798847,1.5982034292388005,1.4417259435401013,-1.2852839629061523,1,1.4965861616470355,0,1,0,0,0,0,0,1,0,0,0,0,1
140,0.8211270579955481,-1.127551348708158,-1.0601330941468274,-0.5252899674486015,0,-0.7029595508621821,0,0,0,0,1,0,0,0,0,0,0,0,1
103,-2.0718162968765546,0.3708976950805329,0.269305075539882,-1.2852839629061523,2,0.723431921949253,0,1,0,0,0,0,0,2,0,0,0,0,0
76,0.1408167633547376,0.49801409431163635,0.2718437585817132,-1.0952854640417646,0,0.010407580799390668,0,1,0,0,0,0,0,0,0,0,0,0,1
145,-2.297523072029207,1.3377599240336107,1.7801044194955888,-1.2852839629061523,2,0.9870350364085471,0,0,1,0,0,0,0,0,2,0,0,0,0
16,0.21959235036825592,1.2561008669520632,0.5017135098894712,-1.6652809606349277,0,0.9994306294401508,0,0,1,0,0,0,0,0,0,0,0,0,1
26,-1.7158982377047827,1.8471569501199987,1.7057295448363428,0.9946980234665002,2,0.9970958565258584,0,0,1,0,0,0,0,0,2,0,0,0,1
135,0.8590329851059717,-1.0932919784839112,-0.4318651669755144,-1.47528246177054,0,-0.8686028262237491,0,0,0,0,1,0,0,0,0,0,0,0,1
77,-0.6575427035321258,1.7424298157650362,1.8163409156462293,0.23470402800894935,1,1.6660296771653067,0,1,0,0,0,0,0,1,0,0,0,0,1
75,-0.9536307757207662,1.9969399054105164,1.8021985275224652,2.8946830121103773,1,1.6270293505274869,1,0,0,0,0,0,1,0,0,0,0,0,1
69,0.5456450141594062,-0.6164158115977786,-0.7721737910156989,0.8046995246021125,0,-0.43357390256863715,0,1,0,0,0,0,0,0,0,0,0,0,1
126,0.27288075850196764,-0.008865798446604262,0.10985525972984662,-0.7152884663129891,0,0.4578043135070582,0,0,0,0,1,0,0,0,0,0,0,0,1
143,0.636665004955273,-0.6176826362864679,-0.9534319304906913,-1.2852839629061523,0,-0.704839989327217,0,0,0,0,1,0,0,0,0,0,0,0,1
99,0.6951157243003914,-0.9436623991337402,-0.7024983918234182,0.8046995246021125,0,-1.3310329804142804,1,0,0,0,0,0,0,0,0,0,0,0,1
29,0.8282062919792007,-0.8808244674849,-0.5624359792255084,-0.14529296971982605,0,-0.6146995975981465,0,0,1,0,0,0,0,0,0,0,0,0,1
98,0.699758221626367,-0.9317558249441866,-0.5340336397585176,0.9946980234665002,0,-0.640142508441533,1,0,0,0,0,0,0,0,0,0,0,0,1
130,0.7630056452433375,-1.1133002572992534,-0.5927498925862508,-0.7152884663129891,0,-0.9420190871122128,0,0,0,0,1,0,0,0,0,0,0,0,1
48,0.16766263121020925,0.32605085053546096,-0.26687040585718486,1.1846965223308878,0,-0.05261932152263262,1,0,0,0,0,0,0,0,0,0,0,0,1
14,-0.7618273357298131,1.582321823073024,1.3386654494707158,-0.7152884663129891,1,1.4567400144732263,0,0,1,0,0,0,0,0,1,0,0,0,1
82,0.43099450240883586,-0.49403836800935974,-0.2876567344431154,0.4247025268733371,0,-0.6497666024560536,0,1,0,0,0,0,0,0,0,0,0,0,1
94,0.8779275295488443,-0.8909817385797031,-0.8887889027719983,-0.33529146858421377,0,-1.5104151033334305,1,0,0,0,0,0,0,0,0,0,0,0,1
32,-1.0341189394750192,2.184606312461486,2.4801445704931173,-0.7152884663129891,1,1.5430756556464693,1,0,0,0,0,0,1,0,0,0,0,0,1
46,0.5194002161101307,-0.6337818278746727,-0.9679701560557576,0.044705529144561655,0,0.12545500815756572,0,0,1,0,0,0,0,0,0,0,0,0,1
102,0.6484176629626337,-0.6110760714536377,-0.4339534015937101,-0.9052869651773768,0,-0.5832542649875578,1,0,0,0,0,0,0,0,0,0,0,0,1
111,-0.6700050794587804,1.543549407313917,1.1701659444693266,-1.8552794594993154,1,0.9951098327951879,1,0,0,0,0,0,1,0,0,0,0,0,1
92,0.8445864344413765,-0.8705751691755431,-0.2768351416516325,0.8046995246021125,0,-0.582051556094339,1,0,0,0,0,0,0,0,0,0,0,0,1
110,0.4072251158517818,-0.5934627057048354,-0.6739330429991417,-0.14529296971982605,0,-0.5690538185680062,1,0,0,0,0,0,0,0,0,0,0,0,1
10,0.8944100044883714,-0.9042156872234491,-0.570120787160374,0.8046995246021125,0,-0.582051556094339,0,0,0,1,0,0,0,0,0,0,0,0,1
97,0.5802383111671098,-0.6133000595661697,-0.1405974457680445,-1.2852839629061523,0,-0.2429588856852284,1,0,0,0,0,0,0,0,0,0,0,0,1
25,-1.7628263678899887,1.4498047182125795,0.584622380062202,-0.5252899674486015,2,1.063373781323884,0,1,0,0,0,0,0,2,0,0,0,0,0
22,0.8623717801079255,-0.8396147420954507,-0.35312544696697257,-1.2852839629061523,0,-0.5367113448425321,0,0,1,0,0,0,0,0,0,0,0,0,1
52,0.4115905262319561,-0.46252089123866197,-0.12288851185595892,1.1846965223308878,0,-0.37884760261850076,0,0,1,0,0,0,0,0,0,0,0,0,1
128,-0.06786942641887178,0.24122995524865057,-0.12649798167401216,-0.9052869651773768,0,-0.24474410318949358,0,0,0,0,1,0,0,0,0,0,0,0,0
65,0.8316279217379663,-0.8351742574545239,-0.6081633840025297,0.044705529144561655,0,-0.541055760551514,0,1,0,0,0,0,0,0,0,0,0,0,1
35,0.6011599987965244,-0.6068030014459013,-0.544545466619914,0.9946980234665002,0,-0.44406957344185105,0,0,1,0,0,0,0,0,0,0,0,0,1
77,-0.6575427035321258,1.7424298157650362,1.8163409156462293,0.23470402800894935,1,1.6016870014917497,0,1,0,0,0,0,0,1,0,0,0,0,0
88,0.5868563428230743,-0.609900930429728,-0.9578919694679864,-1.0952854640417646,0,-0.6889986112329156,0,1,0,0,0,0,0,0,0,0,0,0,1
103,-2.0718162968765546,0.3708976950805329,0.269305075539882,-1.2852839629061523,2,1.210537898695191,0,1,0,0,0,0,0,2,0,0,0,0,0
35,0.6011599987965244,-0.6068030014459013,-0.544545466619914,0.9946980234665002,0,-0.4377676513960203,0,0,1,0,0,0,0,0,0,0,0,0,1
27,0.5868563428230743,-0.128963105635196,-0.14672158137823135,-1.0952854640417646,0,0.2980549910027095,0,0,1,0,0,0,0,0,0,0,0,0,1
47,-2.5046840203435257,0.6818492256678579,0.5827053507963547,0.9946980234665002,2,1.3458850745273767,1,0,0,0,0,0,2,0,0,0,0,0,0
127,-0.46932085171134913,1.7709001151868076,1.9743001549316421,0.044705529144561655,1,1.447544138541662,0,0,0,0,1,0,0,0,0,0,1,0,1
28,-0.3652449498354038,0.996586460244493,2.103074662036828,0.044705529144561655,1,1.7370682627989953,0,0,1,0,0,0,0,0,1,0,0,0,0
42,0.8719222867414198,-1.4814140890005991,-1.1392712444449196,-0.7152884663129891,0,-2.1991466185850777,0,0,1,0,0,0,0,0,0,0,0,0,1
131,0.7795899707999938,-0.9387925848847133,-0.4271797432259956,0.044705529144561655,0,-1.3972833273102665,0,1,0,0,0,0,0,0,0,0,0,0,1
61,0.8506607372710999,-0.8671196883049148,-0.6140864249192279,1.1846965223308878,0,-0.48914982367580595,0,1,0,0,0,0,0,0,0,0,0,0,1
9,0.37292262858513153,-0.49504293376147385,-0.26843925490163933,-0.9052869651773768,0,-0.41837440798148096,0,0,0,1,0,0,0,0,0,0,0,0,1
8,0.87495942103483,-0.8984325713737316,-0.5130526742349769,-0.5252899674486015,0,-1.0219813878192128,0,0,1,0,0,0,0,0,0,0,0,0,1
55,0.7873413403536483,-0.9280036154226032,-0.5858373140388665,0.4247025268733371,0,-0.8435118078630077,1,0,0,0,0,0,0,0,0,0,0,0,1
88,0.5868563428230743,-0.609900930429728,-0.9578919694679864,-1.0952854640417646,0,-0.6466916403641951,0,1,0,0,0,0,0,0,0,0,0,0,1
11,0.8836658726759392,-0.8740654801664903,-0.6658099877571334,0.044705529144561655,0,-0.541055760551514,0,0,0,1,0,0,0,0,0,0,0,0,1
7,0.19673452778807235,-0.13760846456842266,-0.012840738619519537,-0.14529296971982605,0,-0.11156953321178227,0,0,1,0,0,0,0,0,0,0,0,0,1
146,0.02374097332904994,0.3971563049073773,0.06930060509945626,0.4247025268733371,0,-0.20801051096696857,0,0,0,0,1,0,0,0,0,0,0,0,1
24,-2.344122048566307,0.793312820011672,0.8280969369076001,0.8046995246021125,2,1.3431888249317787,0,0,1,0,0,0,0,0,2,0,0,0,0
149,-0.28826545392087316,0.9538533304641673,1.2853374985845787,-0.9052869651773768,0,0.16483858234256182,0,0,0,0,1,0,0,0,0,0,0,0,1
89,0.19688002383044065,0.2573054397215892,-0.2718394827699518,0.8046995246021125,0,0.18556660757497762,0,0,0,1,0,0,0,0,0,0,0,0,1
101,0.7275520198620213,-0.9609850058121482,-0.6735695044943646,0.044705529144561655,0,0.5155126114031782,1,0,0,0,0,0,0,0,0,0,0,0,1
72,-0.8119410195019346,1.5684677119960315,1.8939026463982478,0.23470402800894935,1,1.0731757865878848,0,1,0,0,0,0,0,1,0,0,0,0,1
20,-2.4217516321998738,1.1199489577150297,2.6280987022231224,-0.33529146858421377,2,1.4124957840286667,0,0,1,0,0,0,0,0,2,0,0,0,0
119,-1.6551616418114246,1.4390779241391296,1.1887650990216085,-0.5252899674486015,2,1.3642775429454468,1,0,0,0,0,0,2,0,0,0,0,0,0
107,-0.7904156161072389,2.1470811184540333,1.698761831375732,-2.805271953821254,1,1.9932733620338203,1,0,0,0,0,0,1,0,0,0,0,0,0
115,0.5837145758137556,-0.6097811663211553,-0.7158215384941234,0.4247025268733371,0,-0.6329961503589533,1,0,0,0,0,0,0,0,0,0,0,0,1
76,0.1408167633547376,0.49801409431163635,0.2718437585817132,-1.0952854640417646,0,0.7058097027905311,0,1,0,0,0,0,0,0,0,0,0,0,0
94,0.8779275295488443,-0.8909817385797031,-0.8887889027719983,-0.33529146858421377,0,-1.5564749707005316,1,0,0,0,0,0,0,0,0,0,0,0,1
57,0.8414513104002286,-1.5283443989530991,-1.2665670015914527,0.6147010257377248,0,-1.6015674013343646,1,0,0,0,0,0,0,0,0,0,0,0,1
101,0.7275520198620213,-0.9609850058121482,-0.6735695044943646,0.044705529144561655,0,-0.6973254800507812,1,0,0,0,0,0,0,0,0,0,0,0,1
88,0.5868563428230743,-0.609900930429728,-0.9578919694679864,-1.0952854640417646,0,-0.5527386597680389,0,1,0,0,0,0,0,0,0,0,0,0,1
111,-0.6700050794587804,1.543549407313917,1.1701659444693266,-1.8552794594993154,1,1.3682919498650719,1,0,0,0,0,0,1,0,0,0,0,0,1
128,-0.06786942641887178,0.24122995524865057,-0.12649798167401216,-0.9052869651773768,0,0.5306197500168971,0,0,0,0,1,0,0,0,0,0,0,0,1
55,0.7873413403536483,-0.9280036154226032,-0.5858373140388665,0.4247025268733371,0,-1.1166771451588187,1,0,0,0,0,0,0,0,0,0,0,0,1
15,-1.0662090005941842,1.6282472257747163,0.9084553795449245,-0.14529296971982605,1,2.058090896404039,0,0,1,0,0,0,0,0,1,0,0,0,0
60,0.5639081468225616,-0.39356127607322594,-0.5054953305423884,1.3746950211952755,0,-0.22303855730825342,1,0,0,0,0,0,0,0,0,0,0,0,1
7,0.19673452778807235,-0.13760846456842266,-0.012840738619519537,-0.14529296971982605,0,-0.04627183388892744,0,0,1,0,0,0,0,0,0,0,0,0,1
138,0.8098761325572423,-0.836674845801153,-0.8422281012524391,-1.0952854640417646,0,-1.5104151033334305,0,0,0,0,1,0,0,0,0,0,0,0,1
133,0.011516665670379445,0.47816069958173024,0.15388538998420156,0.23470402800894935,0,-0.15540607186005317,0,0,0,0,1,0,0,0,0,0,0,0,0
47,-2.5046840203435257,0.6818492256678579,0.5827053507963547,0.9946980234665002,2,1.0261473808576502,1,0,0,0,0,0,2,0,0,0,0,0,0
86,0.5896547736035872,-0.7775309608791905,-0.5982968799555161,0.6147010257377248,0,-0.5452087325277153,0,1,0,0,0,0,0,0,0,0,0,0,1
76,0.1408167633547376,0.49801409431163635,0.2718437585817132,-1.0952854640417646,0,1.8083693784602999,0,1,0,0,0,0,0,0,0,0,0,0,0
67,-1.1729209839729045,1.65903663734724,1.5038528877880608,0.6147010257377248,1,2.4198728660759907,0,1,0,0,0,0,0,1,0,0,0,0,0
79,-0.06786942641887178,0.36944756736185524,-0.2042326804366343,-0.9052869651773768,0,0.6923609830764349,1,0,0,0,0,0,0,0,0,0,0,0,1
46,0.5194002161101307,-0.6337818278746727,-0.9679701560557576,0.044705529144561655,0,-0.47694430495067025,0,0,1,0,0,0,0,0,0,0,0,0,1
9,0.37292262858513153,-0.49504293376147385,-0.26843925490163933,-0.9052869651773768,0,-0.41837440798148096,0,0,0,1,0,0,0,0,0,0,0,0,1
55,0.7873413403536483,-0.9280036154226032,-0.5858373140388665,0.4247025268733371,0,-0.7287641377505131,1,0,0,0,0,0,0,0,0,0,0,0,1
45,-2.8517285660606486,0.7266761270872851,0.7627815300785532,2.324687515517214,2,1.2536444273127991,0,0,1,0,0,0,0,0,2,0,0,0,0
70,0.7320421401961541,-1.5234907131179805,-1.5084354987500674,0.23470402800894935,0,-2.201586490383834,0,1,0,0,0,0,0,0,0,0,0,0,1
28,-0.3652449498354038,0.996586460244493,2.103074662036828,0.044705529144561655,1,1.176468052577462,0,0,1,0,0,0,0,0,1,0,0,0,0
12,0.8445864344413765,-0.8591353314034568,-0.4076848427469738,0.8046995246021125,0,-0.5579019100541608,0,0,0,1,0,0,0,0,0,0,0,0,1
6,0.1719788116721598,0.05240828769427301,-0.16026262363182758,-2.4252749560924785,0,0.1145782620252658,0,0,0,1,0,0,0,0,0,0,0,0,1
60,0.5639081468225616,-0.39356127607322594,-0.5054953305423884,1.3746950211952755,0,-0.5182212051362692,1,0,0,0,0,0,0,0,0,0,0,0,1
11,0.8836658726759392,-0.8740654801664903,-0.6658099877571334,0.044705529144561655,0,-0.48914982367580595,0,0,0,1,0,0,0,0,0,0,0,0,1
22,0.8623717801079255,-0.8396147420954507,-0.35312544696697257,-1.2852839629061523,0,-1.2277588228742016,0,0,1,0,0,0,0,0,0,0,0,0,1
10,0.8944100044883714,-0.9042156872234491,-0.570120787160374,0.8046995246021125,0,-0.37529758541356556,0,0,0,1,0,0,0,0,0,0,0,0,1
136,0.2523266582218214,-0.18408511239477296,0.06133515553783667,-1.0952854640417646,0,0.2108897101647518,0,0,0,0,1,0,0,0,0,0,0,0,1
46,0.5194002161101307,-0.6337818278746727,-0.9679701560557576,0.044705529144561655,0,-0.7361487166121127,0,0,1,0,0,0,0,0,0,0,0,0,1
7,0.19673452778807235,-0.13760846456842266,-0.012840738619519537,-0.14529296971982605,0,0.02428526662137044,0,0,1,0,0,0,0,0,0,0,0,0,1
82,0.43099450240883586,-0.49403836800935974,-0.2876567344431154,0.4247025268733371,0,-0.42083895610980593,0,1,0,0,0,0,0,0,0,0,0,0,1
81,0.2925005814966524,0.22433561239885857,-0.21074700583093897,-0.33529146858421377,0,0.35111523956661955,0,1,0,0,0,0,0,0,0,0,0,0,1
76,0.1408167633547376,0.49801409431163635,0.2718437585817132,-1.0952854640417646,0,1.0471168121270702,0,1,0,0,0,0,0,0,0,0,0,0,0
148,-0.6806168979914329,1.7403995922432274,1.5443258585630333,0.9946980234665002,1,1.0564012242413312,0,0,0,0,1,0,0,0,0,0,1,0,1
22,0.8623717801079255,-0.8396147420954507,-0.35312544696697257,-1.2852839629061523,0,-1.1840986321103852,0,0,1,0,0,0,0,0,0,0,0,0,1
125,0.8836658726759392,-0.845301563118997,-0.34775545093729304,0.044705529144561655,0,-1.1818834326752623,0,0,0,0,1,0,0,0,0,0,0,0,1
85,-0.6431577254499988,1.6644709085746359,1.47068889288518,1.3746950211952755,1,1.3076994262089738,0,1,0,0,0,0,0,1,0,0,0,0,1
77,-0.6575427035321258,1.7424298157650362,1.8163409156462293,0.23470402800894935,1,1.404886920173544,0,1,0,0,0,0,0,1,0,0,0,0,1
106,0.7873413403536483,-0.9412859156945045,-0.7362814229866637,0.4247025268733371,0,-0.7169874640735429,1,0,0,0,0,0,0,0,0,0,0,0,1
99,0.6951157243003914,-0.9436623991337402,-0.7024983918234182,0.8046995246021125,0,-1.2672635522921598,1,0,0,0,0,0,0,0,0,0,0,0,1
140,0.8211270579955481,-1.127551348708158,-1.0601330941468274,-0.5252899674486015,0,-1.354428674269445,0,0,0,0,1,0,0,0,0,0,0,0,1
67,-1.1729209839729045,1.65903663734724,1.5038528877880608,0.6147010257377248,1,1.2498978717955953,0,1,0,0,0,0,0,1,0,0,0,0,1
29,0.8282062919792007,-0.8808244674849,-0.5624359792255084,-0.14529296971982605,0,0.6189949251013752,0,0,1,0,0,0,0,0,0,0,0,0,1
27,0.5868563428230743,-0.128963105635196,-0.14672158137823135,-1.0952854640417646,0,-0.14727684114830444,0,0,1,0,0,0,0,0,0,0,0,0,1
87,0.3291811201388895,-0.5441181906402285,-0.6788569831328753,0.4247025268733371,0,-0.6588051900507497,0,1,0,0,0,0,0,0,0,0,0,0,1
98,0.699758221626367,-0.9317558249441866,-0.5340336397585176,0.9946980234665002,0,-1.6235184998762977,1,0,0,0,0,0,0,0,0,0,0,0,1
74,0.7229609979473463,-1.5103695110581181,-1.1802316330172162,-0.14529296971982605,0,-1.3830163985953974,0,0,0,1,0,0,0,0,0,0,0,0,1
49,-2.8306517767246246,0.7355700264671651,0.5936632702315654,1.754692018924051,2,0.930475816111056,0,0,1,0,0,0,0,0,2,0,0,0,0
95,0.5954685842064011,-0.6255228636459196,-0.8176952131316845,0.8046995246021125,0,-0.5776458508378762,1,0,0,0,0,0,0,0,0,0,0,0,1
56,-2.7501337051038597,0.7573538710448432,1.1620503577838586,-0.14529296971982605,2,0.20859665033439054,1,0,0,0,0,0,2,0,0,0,0,0,0
39,0.6484176629626337,-0.6268169021022602,-1.3414694560000502,-0.9052869651773768,0,-0.4862391234973629,0,0,1,0,0,0,0,0,0,0,0,0,1
87,0.3291811201388895,-0.5441181906402285,-0.6788569831328753,0.4247025268733371,0,-0.21631058904093042,0,1,0,0,0,0,0,0,0,0,0,0,0
40,0.7947628643943812,-1.1178728649985321,-0.8323861883069975,0.8046995246021125,0,-1.1688722986203566,0,0,1,0,0,0,0,0,0,0,0,0,1
39,0.6484176629626337,-0.6268169021022602,-1.3414694560000502,-0.9052869651773768,0,-1.0451345804730474,0,0,1,0,0,0,0,0,0,0,0,0,1
93,0.8994463162754491,-0.8325098004271332,-0.3683505395136735,1.1846965223308878,0,-1.5564749707005316,1,0,0,0,0,0,0,0,0,0,0,0,1
50,0.41095822980262053,-0.23896483537564048,-0.5632507939667125,-1.2852839629061523,0,0.21791056871431258,1,0,0,0,0,0,0,0,0,0,0,0,0
136,0.2523266582218214,-0.18408511239477296,0.06133515553783667,-1.0952854640417646,0,-0.17975558895140453,0,0,0,0,1,0,0,0,0,0,0,0,1
101,0.7275520198620213,-0.9609850058121482,-0.6735695044943646,0.044705529144561655,0,-1.105629779495064,1,0,0,0,0,0,0,0,0,0,0,0,1
112,0.17764706769534208,1.2871149009542924,1.1243285544636878,1.3746950211952755,0,0.9994306294401508,1,0,0,0,0,0,0,0,0,0,0,0,1
55,0.7873413403536483,-0.9280036154226032,-0.5858373140388665,0.4247025268733371,0,-0.6167269036840357,1,0,0,0,0,0,0,0,0,0,0,0,1
93,0.8994463162754491,-0.8325098004271332,-0.3683505395136735,1.1846965223308878,0,-1.5104151033334305,1,0,0,0,0,0,0,0,0,0,0,0,1
60,0.5639081468225616,-0.39356127607322594,-0.5054953305423884,1.3746950211952755,0,-0.22303855730825342,1,0,0,0,0,0,0,0,0,0,0,0,1
142,0.20762560795863036,-0.22174690730544638,-0.4173018343601306,-0.9052869651773768,0,-0.17975558895140453,0,0,0,0,1,0,0,0,0,0,0,0,1
121,0.8282062919792007,-0.851095731236515,-0.3735646324671911,-0.14529296971982605,0,-1.0126783140975046,1,0,0,0,0,0,0,0,0,0,0,0,1
52,0.4115905262319561,-0.46252089123866197,-0.12288851185595892,1.1846965223308878,0,-0.3546437076810676,0,0,1,0,0,0,0,0,0,0,0,0,1
118,-1.9971101542298264,0.8931602193651963,0.5906525920214545,-2.045277958363703,2,1.10969961310502,1,0,0,0,0,0,2,0,0,0,0,0,0
13,0.7407326956815721,-0.4981075397435976,-0.43427655070294097,0.6147010257377248,0,-0.5221454977216945,0,0,0,1,0,0,0,0,0,0,0,0,1
55,0.7873413403536483,-0.9280036154226032,-0.5858373140388665,0.4247025268733371,0,-1.3294799028273645,1,0,0,0,0,0,0,0,0,0,0,0,1
58,0.3112484123582404,-0.13923291907309093,-0.3105121175681538,0.044705529144561655,0,0.506134465350595,1,0,0,0,0,0,0,0,0,0,0,0,0
36,-0.3013556766395101,0.9855648400200623,0.9113744608395141,0.8046995246021125,1,1.0094489649338025,0,0,1,0,0,0,0,0,1,0,0,0,1
120,0.6118243713433028,-0.5441126359700348,-0.5312969821658854,-0.33529146858421377,0,-0.7827833677389676,1,0,0,0,0,0,0,0,0,0,0,0,1
95,0.5954685842064011,-0.6255228636459196,-0.8176952131316845,0.8046995246021125,0,-0.3559419035652782,1,0,0,0,0,0,0,0,0,0,0,0,1
134,-1.1483563674384258,1.4644828359650577,1.593681064379727,0.8046995246021125,1,1.2592018896566122,0,0,0,0,1,0,0,0,0,0,1,0,1
51,0.4603761052363052,-0.2619855889323155,-0.6336115049159111,1.1846965223308878,0,0.5407389977418323,1,0,0,0,0,0,0,0,0,0,0,0,0
31,-0.6477068319312879,1.323288078781502,2.643086533744072,-1.6652809606349277,1,1.1183396046537484,0,0,0,1,0,0,0,0,0,1,0,0,1
90,-1.686864809997518,1.466103265290234,0.0976579672697802,0.23470402800894935,2,0.16048873225647173,1,0,0,0,0,0,2,0,0,0,0,0,0
136,0.2523266582218214,-0.18408511239477296,0.06133515553783667,-1.0952854640417646,0,-0.2319147970679844,0,0,0,0,1,0,0,0,0,0,0,0,1
75,-0.9536307757207662,1.9969399054105164,1.8021985275224652,2.8946830121103773,1,1.584446354836559,1,0,0,0,0,0,1,0,0,0,0,0,1
131,0.7795899707999938,-0.9387925848847133,-0.4271797432259956,0.044705529144561655,0,-0.640142508441533,0,1,0,0,0,0,0,0,0,0,0,0,1
61,0.8506607372710999,-0.8671196883049148,-0.6140864249192279,1.1846965223308878,0,-1.1818834326752623,0,1,0,0,0,0,0,0,0,0,0,0,1
106,0.7873413403536483,-0.9412859156945045,-0.7362814229866637,0.4247025268733371,0,-1.3206946766241636,1,0,0,0,0,0,0,0,0,0,0,0,1
57,0.8414513104002286,-1.5283443989530991,-1.2665670015914527,0.6147010257377248,0,-1.6015674013343646,1,0,0,0,0,0,0,0,0,0,0,0,1
117,0.698366237690158,-0.997379566363776,-1.1364031117008466,-1.0952854640417646,0,-0.6973254800507812,1,0,0,0,0,0,0,0,0,0,0,0,1
9,0.37292262858513153,-0.49504293376147385,-0.26843925490163933,-0.9052869651773768,0,-0.46421197925681457,0,0,0,1,0,0,0,0,0,0,0,0,1
111,-0.6700050794587804,1.543549407313917,1.1701659444693266,-1.8552794594993154,1,0.8017556768253823,1,0,0,0,0,0,1,0,0,0,0,0,0
61,0.8506607372710999,-0.8671196883049148,-0.6140864249192279,1.1846965223308878,0,-0.9091120663054266,0,1,0,0,0,0,0,0,0,0,0,0,1
20,-2.4217516321998738,1.1199489577150297,2.6280987022231224,-0.33529146858421377,2,1.897780212321626,0,0,1,0,0,0,0,0,2,0,0,0,1
19,0.41532431423418525,-0.6571303014721108,-0.7501408747855717,0.044705529144561655,0,-1.1551872973650488,0,1,0,0,0,0,0,0,0,0,0,0,1
46,0.5194002161101307,-0.6337818278746727,-0.9679701560557576,0.044705529144561655,0,-0.21348238481281745,0,0,1,0,0,0,0,0,0,0,0,0,1
2,0.7873413403536483,-1.5406960664772213,-1.3308391136178341,0.4247025268733371,0,-1.4969566544717006,0,0,0,1,0,0,0,0,0,0,0,0,1
109,-1.6414077047803937,1.4986347749050806,0.9043220990792102,-2.045277958363703,1,1.3086444225593385,1,0,0,0,0,0,1,0,0,0,0,0,1
5,-0.45167828223904755,1.1978345167031514,1.8171131704315873,0.23470402800894935,1,0.9653925959025533,0,0,0,1,0,0,0,0,0,1,0,0,1
56,-2.7501337051038597,0.7573538710448432,1.1620503577838586,-0.14529296971982605,2,0.2622390452483806,1,0,0,0,0,0,2,0,0,0,0,0,0
70,0.7320421401961541,-1.5234907131179805,-1.5084354987500674,0.23470402800894935,0,-1.771115982955632,0,1,0,0,0,0,0,0,0,0,0,0,1
125,0.8836658726759392,-0.845301563118997,-0.34775545093729304,0.044705529144561655,0,-1.2277588228742016,0,0,0,0,1,0,0,0,0,0,0,0,1
81,0.2925005814966524,0.22433561239885857,-0.21074700583093897,-0.33529146858421377,0,0.35111523956661955,0,1,0,0,0,0,0,0,0,0,0,0,1
31,-0.6477068319312879,1.323288078781502,2.643086533744072,-1.6652809606349277,1,0.7065837065486665,0,0,0,1,0,0,0,0,0,1,0,0,1
70,0.7320421401961541,-1.5234907131179805,-1.5084354987500674,0.23470402800894935,0,-2.527713090863871,0,1,0,0,0,0,0,0,0,0,0,0,1
13,0.7407326956815721,-0.4981075397435976,-0.43427655070294097,0.6147010257377248,0,-0.24581575706704745,0,0,0,1,0,0,0,0,0,0,0,0,1
64,0.7873413403536483,-1.4919267395728504,-1.0766909350482308,0.4247025268733371,0,-2.0487374165456993,0,1,0,0,0,0,0,0,0,0,0,0,1
105,0.2782744290039161,-0.384410448702575,0.23238496909487238,0.4247025268733371,0,-0.2864700829567741,1,0,0,0,0,0,0,0,0,0,0,0,1
28,-0.3652449498354038,0.996586460244493,2.103074662036828,0.044705529144561655,1,0.8723135562335593,0,0,1,0,0,0,0,0,1,0,0,0,1
78,-0.49186887080798847,1.5982034292388005,1.4417259435401013,-1.2852839629061523,1,1.7634262855230929,0,1,0,0,0,0,0,1,0,0,0,0,0
62,0.7131172445439711,-0.5227263011585528,-0.8184503332202685,1.5646935200596632,0,-0.3335823818194815,0,1,0,0,0,0,0,0,0,0,0,0,1
63,0.7229609979473463,-0.10936015689958539,-0.12096587909777386,-0.14529296971982605,0,0.16716620021691742,0,1,0,0,0,0,0,0,0,0,0,0,1
142,0.20762560795863036,-0.22174690730544638,-0.4173018343601306,-0.9052869651773768,0,-0.12628029904705726,0,0,0,0,1,0,0,0,0,0,0,0,1
118,-1.9971101542298264,0.8931602193651963,0.5906525920214545,-2.045277958363703,2,1.04952671394917,1,0,0,0,0,0,2,0,0,0,0,0,0
99,0.6951157243003914,-0.9436623991337402,-0.7024983918234182,0.8046995246021125,0,-1.097252045582197,1,0,0,0,0,0,0,0,0,0,0,0,1
102,0.6484176629626337,-0.6110760714536377,-0.4339534015937101,-0.9052869651773768,0,-0.4862391234973629,1,0,0,0,0,0,0,0,0,0,0,0,1
72,-0.8119410195019346,1.5684677119960315,1.8939026463982478,0.23470402800894935,1,1.4446394336751112,0,1,0,0,0,0,0,1,0,0,0,0,1
111,-0.6700050794587804,1.543549407313917,1.1701659444693266,-1.8552794594993154,1,1.4952075716923472,1,0,0,0,0,0,1,0,0,0,0,0,0
40,0.7947628643943812,-1.1178728649985321,-0.8323861883069975,0.8046995246021125,0,-0.9429258818108978,0,0,1,0,0,0,0,0,0,0,0,0,1
18,-2.4343978230082954,1.0177194408864998,0.4521127441273781,-0.14529296971982605,2,1.3025490816818177,0,1,0,0,0,0,0,2,0,0,0,0,0
138,0.8098761325572423,-0.836674845801153,-0.8422281012524391,-1.0952854640417646,0,-1.7041708105417428,0,0,0,0,1,0,0,0,0,0,0,0,1
23,-1.8861366533103854,1.2684735019520244,1.2729808069009627,-0.9052869651773768,2,1.287149154935383,0,1,0,0,0,0,0,2,0,0,0,0,0
12,0.8445864344413765,-0.8591353314034568,-0.4076848427469738,0.8046995246021125,0,-1.1840986321103852,0,0,0,1,0,0,0,0,0,0,0,0,1
39,0.6484176629626337,-0.6268169021022602,-1.3414694560000502,-0.9052869651773768,0,-0.5125403191255566,0,0,1,0,0,0,0,0,0,0,0,0,1
56,-2.7501337051038597,0.7573538710448432,1.1620503577838586,-0.14529296971982605,2,0.39075503984909915,1,0,0,0,0,0,2,0,0,0,0,0,0
65,0.8316279217379663,-0.8351742574545239,-0.6081633840025297,0.044705529144561655,0,-1.3088506378613907,0,1,0,0,0,0,0,0,0,0,0,0,1
60,0.5639081468225616,-0.39356127607322594,-0.5054953305423884,1.3746950211952755,0,-0.13177301948085177,1,0,0,0,0,0,0,0,0,0,0,0,1
42,0.8719222867414198,-1.4814140890005991,-1.1392712444449196,-0.7152884663129891,0,-1.5444739988773186,0,0,1,0,0,0,0,0,0,0,0,0,1
12,0.8445864344413765,-0.8591353314034568,-0.4076848427469738,0.8046995246021125,0,-0.5579019100541608,0,0,0,1,0,0,0,0,0,0,0,0,1
52,0.4115905262319561,-0.46252089123866197,-0.12288851185595892,1.1846965223308878,0,-0.47269403359024775,0,0,1,0,0,0,0,0,0,0,0,0,1
92,0.8445864344413765,-0.8705751691755431,-0.2768351416516325,0.8046995246021125,0,-0.5367113448425321,1,0,0,0,0,0,0,0,0,0,0,0,1
25,-1.7628263678899887,1.4498047182125795,0.584622380062202,-0.5252899674486015,2,0.5941694243257637,0,1,0,0,0,0,0,2,0,0,0,0,0
44,0.10395245939498345,0.5018832971696904,0.07615580763557432,-1.6652809606349277,0,0.7938793288576106,0,0,0,1,0,0,0,0,0,0,0,0,0
93,0.8994463162754491,-0.8325098004271332,-0.3683505395136735,1.1846965223308878,0,-0.9091120663054266,1,0,0,0,0,0,0,0,0,0,0,0,1
137,0.6903733883222437,-0.785365729465504,-1.0442505310428574,0.6147010257377248,0,-1.300383282848574,0,0,0,0,1,0,0,0,0,0,0,0,1
65,0.8316279217379663,-0.8351742574545239,-0.6081633840025297,0.044705529144561655,0,-0.5936985154902521,0,1,0,0,0,0,0,0,0,0,0,0,1
91,0.30197982181992733,-0.20291795588207354,-0.2588889040503444,-0.14529296971982605,0,0.08042517102150432,1,0,0,0,0,0,0,0,0,0,0,0,1
97,0.5802383111671098,-0.6133000595661697,-0.1405974457680445,-1.2852839629061523,0,-0.4615182952568739,1,0,0,0,0,0,0,0,0,0,0,0,1
87,0.3291811201388895,-0.5441181906402285,-0.6788569831328753,0.4247025268733371,0,-0.6565429226106463,0,1,0,0,0,0,0,0,0,0,0,0,1
65,0.8316279217379663,-0.8351742574545239,-0.6081633840025297,0.044705529144561655,0,-1.2644782511340256,0,1,0,0,0,0,0,0,0,0,0,0,1
26,-1.7158982377047827,1.8471569501199987,1.7057295448363428,0.9946980234665002,2,1.8221414971536123,0,0,1,0,0,0,0,0,2,0,0,0,0
79,-0.06786942641887178,0.36944756736185524,-0.2042326804366343,-0.9052869651773768,0,0.4533068619910128,1,0,0,0,0,0,0,0,0,0,0,0,1
34,0.557947263245004,-0.6131880188226092,-0.5788228591444924,1.1846965223308878,0,-0.47617106869809117,0,0,1,0,0,0,0,0,0,0,0,0,1
81,0.2925005814966524,0.22433561239885857,-0.21074700583093897,-0.33529146858421377,0,0.5696720711580664,0,1,0,0,0,0,0,0,0,0,0,0,1
42,0.8719222867414198,-1.4814140890005991,-1.1392712444449196,-0.7152884663129891,0,-1.6609568883157624,0,0,1,0,0,0,0,0,0,0,0,0,1
97,0.5802383111671098,-0.6133000595661697,-0.1405974457680445,-1.2852839629061523,0,-0.6086260987770993,1,0,0,0,0,0,0,0,0,0,0,0,1
45,-2.8517285660606486,0.7266761270872851,0.7627815300785532,2.324687515517214,2,1.0426360041833376,0,0,1,0,0,0,0,0,2,0,0,0,0
30,0.8994463162754491,-1.1530952875169582,-1.1322444734329258,1.1846965223308878,0,-0.8686028262237491,0,0,1,0,0,0,0,0,0,0,0,0,1
90,-1.686864809997518,1.466103265290234,0.0976579672697802,0.23470402800894935,2,1.0680509287671696,1,0,0,0,0,0,2,0,0,0,0,0,0
134,-1.1483563674384258,1.4644828359650577,1.593681064379727,0.8046995246021125,1,0.9494111325475066,0,0,0,0,1,0,0,0,0,0,1,0,1
81,0.2925005814966524,0.22433561239885857,-0.21074700583093897,-0.33529146858421377,0,0.3452831949905286,0,1,0,0,0,0,0,0,0,0,0,0,1
56,-2.7501337051038597,0.7573538710448432,1.1620503577838586,-0.14529296971982605,2,0.9666909489882315,1,0,0,0,0,0,2,0,0,0,0,0,0
26,-1.7158982377047827,1.8471569501199987,1.7057295448363428,0.9946980234665002,2,1.56892882099835,0,0,1,0,0,0,0,0,2,0,0,0,1
74,0.7229609979473463,-1.5103695110581181,-1.1802316330172162,-0.14529296971982605,0,-1.3830163985953974,0,0,0,1,0,0,0,0,0,0,0,0,1
126,0.27288075850196764,-0.008865798446604262,0.10985525972984662,-0.7152884663129891,0,0.04020410638779345,0,0,0,0,1,0,0,0,0,0,0,0,1
141,0.8382480314886213,-0.8544477243555477,-0.951651508455736,0.4247025268733371,0,-0.541055760551514,0,0,1,0,0,0,0,0,0,0,0,0,1
71,0.39617430401842063,-0.5265553816936333,-0.6520679608564841,0.8046995246021125,0,-0.7403768639380557,0,1,0,0,0,0,0,0,0,0,0,0,1
126,0.27288075850196764,-0.008865798446604262,0.10985525972984662,-0.7152884663129891,0,-0.28321133130321585,0,0,0,0,1,0,0,0,0,0,0,0,1
13,0.7407326956815721,-0.4981075397435976,-0.43427655070294097,0.6147010257377248,0,-1.0010909388894653,0,0,0,1,0,0,0,0,0,0,0,0,1
38,-1.7965354299615945,1.4952750914331256,0.8465973008691576,-0.7152884663129891,2,1.6368048454185473,0,0,1,0,0,0,0,0,2,0,0,0,0
93,0.8994463162754491,-0.8325098004271332,-0.3683505395136735,1.1846965223308878,0,-0.5936985154902521,1,0,0,0,0,0,0,0,0,0,0,0,1
141,0.8382480314886213,-0.8544477243555477,-0.951651508455736,0.4247025268733371,0,-0.5936985154902521,0,0,1,0,0,0,0,0,0,0,0,0,1
149,-0.28826545392087316,0.9538533304641673,1.2853374985845787,-0.9052869651773768,0,0.7747882766156002,0,0,0,0,1,0,0,0,0,0,0,0,1
69,0.5456450141594062,-0.6164158115977786,-0.7721737910156989,0.8046995246021125,0,-0.5983300133538768,0,1,0,0,0,0,0,0,0,0,0,0,1
41,-0.36097776354714145,0.9301598485369481,1.3561384079006145,-1.0952854640417646,0,0.44485545096019635,0,0,1,0,0,0,0,0,0,0,0,0,1
50,0.41095822980262053,-0.23896483537564048,-0.5632507939667125,-1.2852839629061523,0,0.2108897101647518,1,0,0,0,0,0,0,0,0,0,0,0,1
88,0.5868563428230743,-0.609900930429728,-0.9578919694679864,-1.0952854640417646,0,-0.5139105573451033,0,1,0,0,0,0,0,0,0,0,0,0,1
21,-2.7676530217861797,0.6985240642502534,0.31180836380932325,0.23470402800894935,2,0.6750715169807299,0,0,0,1,0,0,0,0,0,2,0,0,0
127,-0.46932085171134913,1.7709001151868076,1.9743001549316421,0.044705529144561655,1,2.319527593983142,0,0,0,0,1,0,0,0,0,0,1,0,0
73,0.5954685842064011,-0.7202236558591159,-0.4782030303955875,0.8046995246021125,0,-0.6108515839222447,1,0,0,0,0,0,0,0,0,0,0,0,1
104,0.5776438242263447,-1.0395741656627533,-1.5218095460448768,0.23470402800894935,0,-0.8772362600332224,1,0,0,0,0,0,0,0,0,0,0,0,1
7,0.19673452778807235,-0.13760846456842266,-0.012840738619519537,-0.14529296971982605,0,0.4458427084643569,0,0,1,0,0,0,0,0,0,0,0,0,0
135,0.8590329851059717,-1.0932919784839112,-0.4318651669755144,-1.47528246177054,0,-0.7029595508621821,0,0,0,0,1,0,0,0,0,0,0,0,1
122,-1.476076712217983,2.008145649809295,1.8270131029191168,-1.0952854640417646,2,1.8031437410899083,0,0,0,0,1,0,0,0,0,0,2,0,0
74,0.7229609979473463,-1.5103695110581181,-1.1802316330172162,-0.14529296971982605,0,-1.6220880903280588,0,0,0,1,0,0,0,0,0,0,0,0,1
129,0.636665004955273,-0.7146520815572139,-0.7771776962728781,-1.2852839629061523,0,-0.5424394293013066,0,0,0,0,1,0,0,0,0,0,0,0,1
37,-0.14288165029942937,0.5315173616469385,-0.15303395999237152,0.23470402800894935,0,0.5929628279887943,1,0,0,0,0,0,0,0,0,0,0,0,1
65,0.8316279217379663,-0.8351742574545239,-0.6081633840025297,0.044705529144561655,0,-0.582051556094339,0,1,0,0,0,0,0,0,0,0,0,0,1
97,0.5802383111671098,-0.6133000595661697,-0.1405974457680445,-1.2852839629061523,0,-0.7063033890552082,1,0,0,0,0,0,0,0,0,0,0,0,1
35,0.6011599987965244,-0.6068030014459013,-0.544545466619914,0.9946980234665002,0,-0.4905091425745482,0,0,1,0,0,0,0,0,0,0,0,0,1
49,-2.8306517767246246,0.7355700264671651,0.5936632702315654,1.754692018924051,2,1.0790866800065675,0,0,1,0,0,0,0,0,2,0,0,0,0
39,0.6484176629626337,-0.6268169021022602,-1.3414694560000502,-0.9052869651773768,0,-0.3629993267994116,0,0,1,0,0,0,0,0,0,0,0,0,1
60,0.5639081468225616,-0.39356127607322594,-0.5054953305423884,1.3746950211952755,0,-0.23707538865557884,1,0,0,0,0,0,0,0,0,0,0,0,1
45,-2.8517285660606486,0.7266761270872851,0.7627815300785532,2.324687515517214,2,0.930475816111056,0,0,1,0,0,0,0,0,2,0,0,0,0
137,0.6903733883222437,-0.785365729465504,-1.0442505310428574,0.6147010257377248,0,-0.5800481398874742,0,0,0,0,1,0,0,0,0,0,0,0,1
92,0.8445864344413765,-0.8705751691755431,-0.2768351416516325,0.8046995246021125,0,-0.5579019100541608,1,0,0,0,0,0,0,0,0,0,0,0,1
16,0.21959235036825592,1.2561008669520632,0.5017135098894712,-1.6652809606349277,0,0.40794775678109985,0,0,1,0,0,0,0,0,0,0,0,0,1
15,-1.0662090005941842,1.6282472257747163,0.9084553795449245,-0.14529296971982605,1,1.6392436215249468,0,0,1,0,0,0,0,0,1,0,0,0,1
83,0.7275520198620213,-0.5637364070823583,-1.1515332948201789,0.044705529144561655,0,-0.6748971258300321,0,1,0,0,0,0,0,0,0,0,0,0,1
104,0.5776438242263447,-1.0395741656627533,-1.5218095460448768,0.23470402800894935,0,-0.9012781210680701,1,0,0,0,0,0,0,0,0,0,0,0,1
24,-2.344122048566307,0.793312820011672,0.8280969369076001,0.8046995246021125,2,1.4937297894491668,0,0,1,0,0,0,0,0,2,0,0,0,1
28,-0.3652449498354038,0.996586460244493,2.103074662036828,0.044705529144561655,1,0.9249747281017351,0,0,1,0,0,0,0,0,1,0,0,0,1
59,0.6243319687747093,-0.7343586820128495,-1.0351599987055027,-1.6652809606349277,0,-0.6149022649705217,1,0,0,0,0,0,0,0,0,0,0,0,1
122,-1.476076712217983,2.008145649809295,1.8270131029191168,-1.0952854640417646,2,1.9240108709798263,0,0,0,0,1,0,0,0,0,0,2,0,0
91,0.30197982181992733,-0.20291795588207354,-0.2588889040503444,-0.14529296971982605,0,0.0015568339616238193,1,0,0,0,0,0,0,0,0,0,0,0,1
9,0.37292262858513153,-0.49504293376147385,-0.26843925490163933,-0.9052869651773768,0,-0.5272549641231585,0,0,0,1,0,0,0,0,0,0,0,0,1
73,0.5954685842064011,-0.7202236558591159,-0.4782030303955875,0.8046995246021125,0,-0.4143975974858073,1,0,0,0,0,0,0,0,0,0,0,0,1
143,0.636665004955273,-0.6176826362864679,-0.9534319304906913,-1.2852839629061523,0,-0.3908373635117881,0,0,0,0,1,0,0,0,0,0,0,0,1
106,0.7873413403536483,-0.9412859156945045,-0.7362814229866637,0.4247025268733371,0,-1.0184892658550917,1,0,0,0,0,0,0,0,0,0,0,0,1
36,-0.3013556766395101,0.9855648400200623,0.9113744608395141,0.8046995246021125,1,0.22080557650318416,0,0,1,0,0,0,0,0,1,0,0,0,1
107,-0.7904156161072389,2.1470811184540333,1.698761831375732,-2.805271953821254,1,1.8312870061522781,1,0,0,0,0,0,1,0,0,0,0,0,1
146,0.02374097332904994,0.3971563049073773,0.06930060509945626,0.4247025268733371,0,0.8708506707161643,0,0,0,0,1,0,0,0,0,0,0,0,1
32,-1.0341189394750192,2.184606312461486,2.4801445704931173,-0.7152884663129891,1,1.8821179651974005,1,0,0,0,0,0,1,0,0,0,0,0,1
46,0.5194002161101307,-0.6337818278746727,-0.9679701560557576,0.044705529144561655,0,-0.5125403191255566,0,0,1,0,0,0,0,0,0,0,0,0,1
135,0.8590329851059717,-1.0932919784839112,-0.4318651669755144,-1.47528246177054,0,-1.5214476996355537,0,0,0,0,1,0,0,0,0,0,0,0,1
120,0.6118243713433028,-0.5441126359700348,-0.5312969821658854,-0.33529146858421377,0,-0.6693168133692279,1,0,0,0,0,0,0,0,0,0,0,0,1
81,0.2925005814966524,0.22433561239885857,-0.21074700583093897,-0.33529146858421377,0,0.07258531061582967,0,1,0,0,0,0,0,0,0,0,0,0,1
87,0.3291811201388895,-0.5441181906402285,-0.6788569831328753,0.4247025268733371,0,-0.5339500734558984,0,1,0,0,0,0,0,0,0,0,0,0,1
104,0.5776438242263447,-1.0395741656627533,-1.5218095460448768,0.23470402800894935,0,-0.7420698361556536,1,0,0,0,0,0,0,0,0,0,0,0,1
37,-0.14288165029942937,0.5315173616469385,-0.15303395999237152,0.23470402800894935,0,0.5708883142437607,1,0,0,0,0,0,0,0,0,0,0,0,1
22,0.8623717801079255,-0.8396147420954507,-0.35312544696697257,-1.2852839629061523,0,-1.5104151033334305,0,0,1,0,0,0,0,0,0,0,0,0,1
85,-0.6431577254499988,1.6644709085746359,1.47068889288518,1.3746950211952755,1,1.790795451229557,0,1,0,0,0,0,0,1,0,0,0,0,0
92,0.8445864344413765,-0.8705751691755431,-0.2768351416516325,0.8046995246021125,0,-0.37529758541356556,1,0,0,0,0,0,0,0,0,0,0,0,1
86,0.5896547736035872,-0.7775309608791905,-0.5982968799555161,0.6147010257377248,0,-0.8814515437525846,0,1,0,0,0,0,0,0,0,0,0,0,1
29,0.8282062919792007,-0.8808244674849,-0.5624359792255084,-0.14529296971982605,0,-0.4728870937811973,0,0,1,0,0,0,0,0,0,0,0,0,1
34,0.557947263245004,-0.6131880188226092,-0.5788228591444924,1.1846965223308878,0,-1.0682358893151904,0,0,1,0,0,0,0,0,0,0,0,0,1
43,-0.5362326291556553,1.3821815505789712,1.456308739033318,0.4247025268733371,1,0.5890715162178708,0,0,1,0,0,0,0,0,1,0,0,0,0
43,-0.5362326291556553,1.3821815505789712,1.456308739033318,0.4247025268733371,1,1.3251848102185537,0,0,1,0,0,0,0,0,1,0,0,0,1
15,-1.0662090005941842,1.6282472257747163,0.9084553795449245,-0.14529296971982605,1,0.995577253860947,0,0,1,0,0,0,0,0,1,0,0,0,1
8,0.87495942103483,-0.8984325713737316,-0.5130526742349769,-0.5252899674486015,0,-0.37529758541356556,0,0,1,0,0,0,0,0,0,0,0,0,1
59,0.6243319687747093,-0.7343586820128495,-1.0351599987055027,-1.6652809606349277,0,-0.3348712590413754,1,0,0,0,0,0,0,0,0,0,0,0,1
61,0.8506607372710999,-0.8671196883049148,-0.6140864249192279,1.1846965223308878,0,-0.6248502124184935,0,1,0,0,0,0,0,0,0,0,0,0,1
67,-1.1729209839729045,1.65903663734724,1.5038528877880608,0.6147010257377248,1,1.7736526050641794,0,1,0,0,0,0,0,1,0,0,0,0,0
92,0.8445864344413765,-0.8705751691755431,-0.2768351416516325,0.8046995246021125,0,-1.242542024291626,1,0,0,0,0,0,0,0,0,0,0,0,1
50,0.41095822980262053,-0.23896483537564048,-0.5632507939667125,-1.2852839629061523,0,0.21791056871431258,1,0,0,0,0,0,0,0,0,0,0,0,0
67,-1.1729209839729045,1.65903663734724,1.5038528877880608,0.6147010257377248,1,1.1259485577978008,0,1,0,0,0,0,0,1,0,0,0,0,0
6,0.1719788116721598,0.05240828769427301,-0.16026262363182758,-2.4252749560924785,0,0.8879935280184145,0,0,0,1,0,0,0,0,0,0,0,0,0
23,-1.8861366533103854,1.2684735019520244,1.2729808069009627,-0.9052869651773768,2,0.5875941457424109,0,1,0,0,0,0,0,2,0,0,0,0,1
95,0.5954685842064011,-0.6255228636459196,-0.8176952131316845,0.8046995246021125,0,-0.6045840963626263,1,0,0,0,0,0,0,0,0,0,0,0,1
107,-0.7904156161072389,2.1470811184540333,1.698761831375732,-2.805271953821254,1,0.8054988752130683,1,0,0,0,0,0,1,0,0,0,0,0,1
27,0.5868563428230743,-0.128963105635196,-0.14672158137823135,-1.0952854640417646,0,0.014496094344214859,0,0,1,0,0,0,0,0,0,0,0,0,1
9,0.37292262858513153,-0.49504293376147385,-0.26843925490163933,-0.9052869651773768,0,-0.34982687684595354,0,0,0,1,0,0,0,0,0,0,0,0,1
22,0.8623717801079255,-0.8396147420954507,-0.35312544696697257,-1.2852839629061523,0,-0.8099552047521524,0,0,1,0,0,0,0,0,0,0,0,0,1
35,0.6011599987965244,-0.6068030014459013,-0.544545466619914,0.9946980234665002,0,-0.4377676513960203,0,0,1,0,0,0,0,0,0,0,0,0,1
42,0.8719222867414198,-1.4814140890005991,-1.1392712444449196,-0.7152884663129891,0,-2.0027690249036056,0,0,1,0,0,0,0,0,0,0,0,0,1
38,-1.7965354299615945,1.4952750914331256,0.8465973008691576,-0.7152884663129891,2,1.078632419850906,0,0,1,0,0,0,0,0,2,0,0,0,1
92,0.8445864344413765,-0.8705751691755431,-0.2768351416516325,0.8046995246021125,0,-0.37529758541356556,1,0,0,0,0,0,0,0,0,0,0,0,1
143,0.636665004955273,-0.6176826362864679,-0.9534319304906913,-1.2852839629061523,0,0.769238577228509,0,0,0,0,1,0,0,0,0,0,0,0,1
60,0.5639081468225616,-0.39356127607322594,-0.5054953305423884,1.3746950211952755,0,0.802255046878453,1,0,0,0,0,0,0,0,0,0,0,0,0
94,0.8779275295488443,-0.8909817385797031,-0.8887889027719983,-0.33529146858421377,0,0.6189949251013752,1,0,0,0,0,0,0,0,0,0,0,0,1
53,0.7449392943473863,-0.9472344072451417,-0.5003318121008618,0.8046995246021125,0,-1.6950662210929304,1,0,0,0,0,0,0,0,0,0,0,0,0
40,0.7947628643943812,-1.1178728649985321,-0.8323861883069975,0.8046995246021125,0,-0.8686028262237491,0,0,1,0,0,0,0,0,0,0,0,0,1
76,0.1408167633547376,0.49801409431163635,0.2718437585817132,-1.0952854640417646,0,1.0471168121270702,0,1,0,0,0,0,0,0,0,0,0,0,0
5,-0.45167828223904755,1.1978345167031514,1.8171131704315873,0.23470402800894935,1,0.5734542784976414,0,0,0,1,0,0,0,0,0,1,0,0,0
103,-2.0718162968765546,0.3708976950805329,0.269305075539882,-1.2852839629061523,2,0.5306197500168971,0,1,0,0,0,0,0,2,0,0,0,0,0
129,0.636665004955273,-0.7146520815572139,-0.7771776962728781,-1.2852839629061523,0,-0.5852598797309028,0,0,0,0,1,0,0,0,0,0,0,0,1
66,0.7935622906716993,-1.5432498057769413,-1.4771114080245087,-1.8552794594993154,0,-1.5444739988773186,0,1,0,0,0,0,0,0,0,0,0,0,1
122,-1.476076712217983,2.008145649809295,1.8270131029191168,-1.0952854640417646,2,1.4520457345644244,0,0,0,0,1,0,0,0,0,0,2,0,1
59,0.6243319687747093,-0.7343586820128495,-1.0351599987055027,-1.6652809606349277,0,-1.2210184752540258,1,0,0,0,0,0,0,0,0,0,0,0,1
113,0.23927994985554413,-0.1777783432435181,0.3065056136374489,-0.33529146858421377,0,-0.31175794261894346,1,0,0,0,0,0,0,0,0,0,0,0,1
23,-1.8861366533103854,1.2684735019520244,1.2729808069009627,-0.9052869651773768,2,1.2343250869870355,0,1,0,0,0,0,0,2,0,0,0,0,0
147,-0.9041758586796569,1.7324680759636433,2.261208193243707,-1.8552794594993154,1,1.6874123718910898,0,0,0,1,0,0,0,0,0,1,0,0,1
74,0.7229609979473463,-1.5103695110581181,-1.1802316330172162,-0.14529296971982605,0,-2.527713090863871,0,0,0,1,0,0,0,0,0,0,0,0,1
85,-0.6431577254499988,1.6644709085746359,1.47068889288518,1.3746950211952755,1,1.4203880560212858,0,1,0,0,0,0,0,1,0,0,0,0,1
80,0.6764769010612613,-0.7904715800807489,-1.5618805353693874,-1.8552794594993154,0,-0.3721249032834125,0,1,0,0,0,0,0,0,0,0,0,0,1
81,0.2925005814966524,0.22433561239885857,-0.21074700583093897,-0.33529146858421377,0,0.25712945765170786,0,1,0,0,0,0,0,0,0,0,0,0,1
95,0.5954685842064011,-0.6255228636459196,-0.8176952131316845,0.8046995246021125,0,-0.44349610989737803,1,0,0,0,0,0,0,0,0,0,0,0,1
5,-0.45167828223904755,1.1978345167031514,1.8171131704315873,0.23470402800894935,1,1.2713487233540741,0,0,0,1,0,0,0,0,0,1,0,0,1
61,0.8506607372710999,-0.8671196883049148,-0.6140864249192279,1.1846965223308878,0,-0.5367113448425321,0,1,0,0,0,0,0,0,0,0,0,0,1
111,-0.6700050794587804,1.543549407313917,1.1701659444693266,-1.8552794594993154,1,1.263149816355168,1,0,0,0,0,0,1,0,0,0,0,0,1
47,-2.5046840203435257,0.6818492256678579,0.5827053507963547,0.9946980234665002,2,0.5207402696868891,1,0,0,0,0,0,2,0,0,0,0,0,0
111,-0.6700050794587804,1.543549407313917,1.1701659444693266,-1.8552794594993154,1,1.020128391224327,1,0,0,0,0,0,1,0,0,0,0,0,1
122,-1.476076712217983,2.008145649809295,1.8270131029191168,-1.0952854640417646,2,1.7589297503444832,0,0,0,0,1,0,0,0,0,0,2,0,0
39,0.6484176629626337,-0.6268169021022602,-1.3414694560000502,-0.9052869651773768,0,-1.0451345804730474,0,0,1,0,0,0,0,0,0,0,0,0,1
38,-1.7965354299615945,1.4952750914331256,0.8465973008691576,-0.7152884663129891,2,1.0106116632318884,0,0,1,0,0,0,0,0,2,0,0,0,0
78,-0.49186887080798847,1.5982034292388005,1.4417259435401013,-1.2852839629061523,1,1.8397912488702128,0,1,0,0,0,0,0,1,0,0,0,0,0
64,0.7873413403536483,-1.4919267395728504,-1.0766909350482308,0.4247025268733371,0,-0.7475787748699989,0,1,0,0,0,0,0,0,0,0,0,0,0
47,-2.5046840203435257,0.6818492256678579,0.5827053507963547,0.9946980234665002,2,0.5508233481875089,1,0,0,0,0,0,2,0,0,0,0,0,0
7,0.19673452778807235,-0.13760846456842266,-0.012840738619519537,-0.14529296971982605,0,0.016129900499779214,0,0,1,0,0,0,0,0,0,0,0,0,0
17,-0.216094144145666,0.5684545686580579,0.13318035259690775,0.6147010257377248,0,0.2959777326173969,0,0,1,0,0,0,0,0,0,0,0,0,1
33,0.6011599987965244,-0.6063342631501952,-0.6314189384589611,0.9946980234665002,0,-0.37193838207900043,0,0,1,0,0,0,0,0,0,0,0,0,1
105,0.2782744290039161,-0.384410448702575,0.23238496909487238,0.4247025268733371,0,-0.10168994098023723,1,0,0,0,0,0,0,0,0,0,0,0,1
113,0.23927994985554413,-0.1777783432435181,0.3065056136374489,-0.33529146858421377,0,-0.21277576095118367,1,0,0,0,0,0,0,0,0,0,0,0,1
26,-1.7158982377047827,1.8471569501199987,1.7057295448363428,0.9946980234665002,2,1.0993429219329784,0,0,1,0,0,0,0,0,2,0,0,0,0
142,0.20762560795863036,-0.22174690730544638,-0.4173018343601306,-0.9052869651773768,0,-0.12628029904705726,0,0,0,0,1,0,0,0,0,0,0,0,1
114,-0.43384167408889446,0.9148979635939658,2.10097912665727,1.5646935200596632,0,0.385001597400498,1,0,0,0,0,0,0,0,0,0,0,0,0
64,0.7873413403536483,-1.4919267395728504,-1.0766909350482308,0.4247025268733371,0,-2.0164838261032845,0,1,0,0,0,0,0,0,0,0,0,0,1
9,0.37292262858513153,-0.49504293376147385,-0.26843925490163933,-0.9052869651773768,0,-0.6475113141414393,0,0,0,1,0,0,0,0,0,0,0,0,1
11,0.8836658726759392,-0.8740654801664903,-0.6658099877571334,0.044705529144561655,0,-0.9897796855609986,0,0,0,1,0,0,0,0,0,0,0,0,1
37,-0.14288165029942937,0.5315173616469385,-0.15303395999237152,0.23470402800894935,0,0.8191830863480049,1,0,0,0,0,0,0,0,0,0,0,0,0
147,-0.9041758586796569,1.7324680759636433,2.261208193243707,-1.8552794594993154,1,1.4696850810253737,0,0,0,1,0,0,0,0,0,1,0,0,1
29,0.8282062919792007,-0.8808244674849,-0.5624359792255084,-0.14529296971982605,0,-0.37529758541356556,0,0,1,0,0,0,0,0,0,0,0,0,1
75,-0.9536307757207662,1.9969399054105164,1.8021985275224652,2.8946830121103773,1,1.5245099489713523,1,0,0,0,0,0,1,0,0,0,0,0,1
117,0.698366237690158,-0.997379566363776,-1.1364031117008466,-1.0952854640417646,0,0.5155126114031782,1,0,0,0,0,0,0,0,0,0,0,0,1
6,0.1719788116721598,0.05240828769427301,-0.16026262363182758,-2.4252749560924785,0,0.5547658578738917,0,0,0,1,0,0,0,0,0,0,0,0,1
107,-0.7904156161072389,2.1470811184540333,1.698761831375732,-2.805271953821254,1,1.4007190227365263,1,0,0,0,0,0,1,0,0,0,0,0,0
101,0.7275520198620213,-0.9609850058121482,-0.6735695044943646,0.044705529144561655,0,-0.7605444771624128,1,0,0,0,0,0,0,0,0,0,0,0,1
110,0.4072251158517818,-0.5934627057048354,-0.6739330429991417,-0.14529296971982605,0,-0.5832542649875578,1,0,0,0,0,0,0,0,0,0,0,0,1
125,0.8836658726759392,-0.845301563118997,-0.34775545093729304,0.044705529144561655,0,-0.5367113448425321,0,0,0,0,1,0,0,0,0,0,0,0,1
61,0.8506607372710999,-0.8671196883049148,-0.6140864249192279,1.1846965223308878,0,-0.5936985154902521,0,1,0,0,0,0,0,0,0,0,0,0,1
55,0.7873413403536483,-0.9280036154226032,-0.5858373140388665,0.4247025268733371,0,-1.1073082103777734,1,0,0,0,0,0,0,0,0,0,0,0,1
100,0.749518392531599,-1.006279002020887,-1.2034575986084581,-1.2852839629061523,0,-0.9091120663054266,1,0,0,0,0,0,0,0,0,0,0,0,1
87,0.3291811201388895,-0.5441181906402285,-0.6788569831328753,0.4247025268733371,0,-0.49303526961173993,0,1,0,0,0,0,0,0,0,0,0,0,1
29,0.8282062919792007,-0.8808244674849,-0.5624359792255084,-0.14529296971982605,0,-0.541055760551514,0,0,1,0,0,0,0,0,0,0,0,0,1
62,0.7131172445439711,-0.5227263011585528,-0.8184503332202685,1.5646935200596632,0,-0.15229007871291853,0,1,0,0,0,0,0,0,0,0,0,0,1
41,-0.36097776354714145,0.9301598485369481,1.3561384079006145,-1.0952854640417646,0,0.6382029941785129,0,0,1,0,0,0,0,0,0,0,0,0,1
147,-0.9041758586796569,1.7324680759636433,2.261208193243707,-1.8552794594993154,1,0.966100859957644,0,0,0,1,0,0,0,0,0,1,0,0,1
106,0.7873413403536483,-0.9412859156945045,-0.7362814229866637,0.4247025268733371,0,-0.6678718023435204,1,0,0,0,0,0,0,0,0,0,0,0,1
115,0.5837145758137556,-0.6097811663211553,-0.7158215384941234,0.4247025268733371,0,-0.8071400513999809,1,0,0,0,0,0,0,0,0,0,0,0,1
69,0.5456450141594062,-0.6164158115977786,-0.7721737910156989,0.8046995246021125,0,-0.47694430495067025,0,1,0,0,0,0,0,0,0,0,0,0,1
138,0.8098761325572423,-0.836674845801153,-0.8422281012524391,-1.0952854640417646,0,-1.1205295112078435,0,0,0,0,1,0,0,0,0,0,0,0,1
94,0.8779275295488443,-0.8909817385797031,-0.8887889027719983,-0.33529146858421377,0,-0.5367113448425321,1,0,0,0,0,0,0,0,0,0,0,0,1
82,0.43099450240883586,-0.49403836800935974,-0.2876567344431154,0.4247025268733371,0,-0.6244435105845719,0,1,0,0,0,0,0,0,0,0,0,0,1
28,-0.3652449498354038,0.996586460244493,2.103074662036828,0.044705529144561655,1,0.8033783177956335,0,0,1,0,0,0,0,0,1,0,0,0,1
134,-1.1483563674384258,1.4644828359650577,1.593681064379727,0.8046995246021125,1,0.9586555175874845,0,0,0,0,1,0,0,0,0,0,1,0,1
52,0.4115905262319561,-0.46252089123866197,-0.12288851185595892,1.1846965223308878,0,-0.2844781921163517,0,0,1,0,0,0,0,0,0,0,0,0,1
35,0.6011599987965244,-0.6068030014459013,-0.544545466619914,0.9946980234665002,0,0.10429491213708685,0,0,1,0,0,0,0,0,0,0,0,0,1
55,0.7873413403536483,-0.9280036154226032,-0.5858373140388665,0.4247025268733371,0,-1.6172299250200752,1,0,0,0,0,0,0,0,0,0,0,0,1
6,0.1719788116721598,0.05240828769427301,-0.16026262363182758,-2.4252749560924785,0,0.20277950492923882,0,0,0,1,0,0,0,0,0,0,0,0,1
137,0.6903733883222437,-0.785365729465504,-1.0442505310428574,0.6147010257377248,0,-1.034119800828235,0,0,0,0,1,0,0,0,0,0,0,0,1
143,0.636665004955273,-0.6176826362864679,-0.9534319304906913,-1.2852839629061523,0,-0.3908373635117881,0,0,0,0,1,0,0,0,0,0,0,0,1
36,-0.3013556766395101,0.9855648400200623,0.9113744608395141,0.8046995246021125,1,0.9580638046448603,0,0,1,0,0,0,0,0,1,0,0,0,0
44,0.10395245939498345,0.5018832971696904,0.07615580763557432,-1.6652809606349277,0,0.3038338705376142,0,0,0,1,0,0,0,0,0,0,0,0,1
25,-1.7628263678899887,1.4498047182125795,0.584622380062202,-0.5252899674486015,2,1.4495457034790868,0,1,0,0,0,0,0,2,0,0,0,0,1
29,0.8282062919792007,-0.8808244674849,-0.5624359792255084,-0.14529296971982605,0,-1.1914947734308816,0,0,1,0,0,0,0,0,0,0,0,0,1
68,0.7134623319169836,-0.15222737396103334,-0.16937230144714704,-0.5252899674486015,0,-0.17626464819040394,0,1,0,0,0,0,0,0,0,0,0,0,1
50,0.41095822980262053,-0.23896483537564048,-0.5632507939667125,-1.2852839629061523,0,-0.15038749395986498,1,0,0,0,0,0,0,0,0,0,0,0,1
97,0.5802383111671098,-0.6133000595661697,-0.1405974457680445,-1.2852839629061523,0,-0.586664628978523,1,0,0,0,0,0,0,0,0,0,0,0,1
108,-0.5785143810257847,0.9937179674315499,1.0592202097888943,-0.5252899674486015,1,0.7805789954709618,1,0,0,0,0,0,1,0,0,0,0,0,1
52,0.4115905262319561,-0.46252089123866197,-0.12288851185595892,1.1846965223308878,0,-0.4547949212100274,0,0,1,0,0,0,0,0,0,0,0,0,1
78,-0.49186887080798847,1.5982034292388005,1.4417259435401013,-1.2852839629061523,1,1.5907447806106803,0,1,0,0,0,0,0,1,0,0,0,0,1
145,-2.297523072029207,1.3377599240336107,1.7801044194955888,-1.2852839629061523,2,0.5788489598195178,0,0,1,0,0,0,0,0,2,0,0,0,0
4,0.8174639659923786,-0.8919133713132138,-0.8631966977018697,-0.7152884663129891,0,-0.37529758541356556,0,0,0,1,0,0,0,0,0,0,0,0,1
53,0.7449392943473863,-0.9472344072451417,-0.5003318121008618,0.8046995246021125,0,-0.6635410487183109,1,0,0,0,0,0,0,0,0,0,0,0,1
40,0.7947628643943812,-1.1178728649985321,-0.8323861883069975,0.8046995246021125,0,-0.9420190871122128,0,0,1,0,0,0,0,0,0,0,0,0,1
60,0.5639081468225616,-0.39356127607322594,-0.5054953305423884,1.3746950211952755,0,-0.2758021481268141,1,0,0,0,0,0,0,0,0,0,0,0,1
80,0.6764769010612613,-0.7904715800807489,-1.5618805353693874,-1.8552794594993154,0,-0.5313883683589445,0,1,0,0,0,0,0,0,0,0,0,0,1
58,0.3112484123582404,-0.13923291907309093,-0.3105121175681538,0.044705529144561655,0,-0.1545401850925531,1,0,0,0,0,0,0,0,0,0,0,0,1
142,0.20762560795863036,-0.22174690730544638,-0.4173018343601306,-0.9052869651773768,0,-0.4166693983364423,0,0,0,0,1,0,0,0,0,0,0,0,1
136,0.2523266582218214,-0.18408511239477296,0.06133515553783667,-1.0952854640417646,0,-0.25727123573123006,0,0,0,0,1,0,0,0,0,0,0,0,1
55,0.7873413403536483,-0.9280036154226032,-0.5858373140388665,0.4247025268733371,0,-0.9748421622718211,1,0,0,0,0,0,0,0,0,0,0,0,1
58,0.3112484123582404,-0.13923291907309093,-0.3105121175681538,0.044705529144561655,0,-0.04110380588452751,1,0,0,0,0,0,0,0,0,0,0,0,1
109,-1.6414077047803937,1.4986347749050806,0.9043220990792102,-2.045277958363703,1,1.069874129625022,1,0,0,0,0,0,1,0,0,0,0,0,0
87,0.3291811201388895,-0.5441181906402285,-0.6788569831328753,0.4247025268733371,0,-0.7564998117600239,0,1,0,0,0,0,0,0,0,0,0,0,1
99,0.6951157243003914,-0.9436623991337402,-0.7024983918234182,0.8046995246021125,0,-0.71782708397197,1,0,0,0,0,0,0,0,0,0,0,0,1
42,0.8719222867414198,-1.4814140890005991,-1.1392712444449196,-0.7152884663129891,0,-2.201586490383834,0,0,1,0,0,0,0,0,0,0,0,0,1
58,0.3112484123582404,-0.13923291907309093,-0.3105121175681538,0.044705529144561655,0,0.9376356307824628,1,0,0,0,0,0,0,0,0,0,0,0,0
69,0.5456450141594062,-0.6164158115977786,-0.7721737910156989,0.8046995246021125,0,-0.540462960026225,0,1,0,0,0,0,0,0,0,0,0,0,1
41,-0.36097776354714145,0.9301598485369481,1.3561384079006145,-1.0952854640417646,0,1.645144542165234,0,0,1,0,0,0,0,0,0,0,0,0,0
6,0.1719788116721598,0.05240828769427301,-0.16026262363182758,-2.4252749560924785,0,0.1279713843091182,0,0,0,1,0,0,0,0,0,0,0,0,1
2,0.7873413403536483,-1.5406960664772213,-1.3308391136178341,0.4247025268733371,0,-1.6015674013343646,0,0,0,1,0,0,0,0,0,0,0,0,1
24,-2.344122048566307,0.793312820011672,0.8280969369076001,0.8046995246021125,2,1.505923750032496,0,0,1,0,0,0,0,0,2,0,0,0,0
148,-0.6806168979914329,1.7403995922432274,1.5443258585630333,0.9946980234665002,1,1.9675756006738196,0,0,0,0,1,0,0,0,0,0,1,0,0
92,0.8445864344413765,-0.8705751691755431,-0.2768351416516325,0.8046995246021125,0,-1.0126783140975046,1,0,0,0,0,0,0,0,0,0,0,0,1
52,0.4115905262319561,-0.46252089123866197,-0.12288851185595892,1.1846965223308878,0,-0.16964332043676733,0,0,1,0,0,0,0,0,0,0,0,0,1
128,-0.06786942641887178,0.24122995524865057,-0.12649798167401216,-0.9052869651773768,0,0.5941694243257637,0,0,0,0,1,0,0,0,0,0,0,0,1
33,0.6011599987965244,-0.6063342631501952,-0.6314189384589611,0.9946980234665002,0,-0.4389124456874902,0,0,1,0,0,0,0,0,0,0,0,0,1
11,0.8836658726759392,-0.8740654801664903,-0.6658099877571334,0.044705529144561655,0,-0.541055760551514,0,0,0,1,0,0,0,0,0,0,0,0,1
44,0.10395245939498345,0.5018832971696904,0.07615580763557432,-1.6652809606349277,0,0.524311711351725,0,0,0,1,0,0,0,0,0,0,0,0,1
15,-1.0662090005941842,1.6282472257747163,0.9084553795449245,-0.14529296971982605,1,0.7961318796285102,0,0,1,0,0,0,0,0,1,0,0,0,1
37,-0.14288165029942937,0.5315173616469385,-0.15303395999237152,0.23470402800894935,0,0.8402062527187839,1,0,0,0,0,0,0,0,0,0,0,0,0
4,0.8174639659923786,-0.8919133713132138,-0.8631966977018697,-0.7152884663129891,0,-0.541055760551514,0,0,0,1,0,0,0,0,0,0,0,0,1
118,-1.9971101542298264,0.8931602193651963,0.5906525920214545,-2.045277958363703,2,1.3624228793434239,1,0,0,0,0,0,2,0,0,0,0,0,0
4,0.8174639659923786,-0.8919133713132138,-0.8631966977018697,-0.7152884663129891,0,-1.0126783140975046,0,0,0,1,0,0,0,0,0,0,0,0,1
122,-1.476076712217983,2.008145649809295,1.8270131029191168,-1.0952854640417646,2,1.6669585800260942,0,0,0,0,1,0,0,0,0,0,2,0,0
85,-0.6431577254499988,1.6644709085746359,1.47068889288518,1.3746950211952755,1,1.429971756567016,0,1,0,0,0,0,0,1,0,0,0,0,1
18,-2.4343978230082954,1.0177194408864998,0.4521127441273781,-0.14529296971982605,2,1.5800485064847751,0,1,0,0,0,0,0,2,0,0,0,0,0
9,0.37292262858513153,-0.49504293376147385,-0.26843925490163933,-0.9052869651773768,0,-0.10356109359885127,0,0,0,1,0,0,0,0,0,0,0,0,1
112,0.17764706769534208,1.2871149009542924,1.1243285544636878,1.3746950211952755,0,1.3326912820047587,1,0,0,0,0,0,0,0,0,0,0,0,0
130,0.7630056452433375,-1.1133002572992534,-0.5927498925862508,-0.7152884663129891,0,-0.8686028262237491,0,0,0,0,1,0,0,0,0,0,0,0,1
69,0.5456450141594062,-0.6164158115977786,-0.7721737910156989,0.8046995246021125,0,-0.2678716580606958,0,1,0,0,0,0,0,0,0,0,0,0,1
129,0.636665004955273,-0.7146520815572139,-0.7771776962728781,-1.2852839629061523,0,-0.8129899423511627,0,0,0,0,1,0,0,0,0,0,0,0,1
149,-0.28826545392087316,0.9538533304641673,1.2853374985845787,-0.9052869651773768,0,0.16483858234256182,0,0,0,0,1,0,0,0,0,0,0,0,1
33,0.6011599987965244,-0.6063342631501952,-0.6314189384589611,0.9946980234665002,0,-0.3135856732748353,0,0,1,0,0,0,0,0,0,0,0,0,1
61,0.8506607372710999,-0.8671196883049148,-0.6140864249192279,1.1846965223308878,0,-0.541055760551514,0,1,0,0,0,0,0,0,0,0,0,0,1
147,-0.9041758586796569,1.7324680759636433,2.261208193243707,-1.8552794594993154,1,2.133562611540843,0,0,0,1,0,0,0,0,0,1,0,0,0
28,-0.3652449498354038,0.996586460244493,2.103074662036828,0.044705529144561655,1,0.5539506022073046,0,0,1,0,0,0,0,0,1,0,0,0,1
48,0.16766263121020925,0.32605085053546096,-0.26687040585718486,1.1846965223308878,0,0.5905481406664809,1,0,0,0,0,0,0,0,0,0,0,0,0
23,-1.8861366533103854,1.2684735019520244,1.2729808069009627,-0.9052869651773768,2,1.419377415871197,0,1,0,0,0,0,0,2,0,0,0,0,1
123,0.571438167048103,-0.6840795948613619,-0.9021211614649218,0.044705529144561655,0,-1.039036171211282,0,0,0,0,1,0,0,0,0,0,0,0,1
148,-0.6806168979914329,1.7403995922432274,1.5443258585630333,0.9946980234665002,1,1.9145539564482394,0,0,0,0,1,0,0,0,0,0,1,0,0
34,0.557947263245004,-0.6131880188226092,-0.5788228591444924,1.1846965223308878,0,-0.2720144584805468,0,0,1,0,0,0,0,0,0,0,0,0,1
74,0.7229609979473463,-1.5103695110581181,-1.1802316330172162,-0.14529296971982605,0,-2.2572064911002956,0,0,0,1,0,0,0,0,0,0,0,0,1
134,-1.1483563674384258,1.4644828359650577,1.593681064379727,0.8046995246021125,1,1.8413666387877248,0,0,0,0,1,0,0,0,0,0,1,0,0
15,-1.0662090005941842,1.6282472257747163,0.9084553795449245,-0.14529296971982605,1,1.160719050273128,0,0,1,0,0,0,0,0,1,0,0,0,0
119,-1.6551616418114246,1.4390779241391296,1.1887650990216085,-0.5252899674486015,2,1.4651110674318089,1,0,0,0,0,0,2,0,0,0,0,0,0
144,0.10309660860634964,-0.008655822412093747,0.31166173817874393,0.044705529144561655,0,-0.1158382942705216,0,0,1,0,0,0,0,0,0,0,0,0,1
25,-1.7628263678899887,1.4498047182125795,0.584622380062202,-0.5252899674486015,2,1.5972199097769904,0,1,0,0,0,0,0,2,0,0,0,0,0
57,0.8414513104002286,-1.5283443989530991,-1.2665670015914527,0.6147010257377248,0,-1.664727225595357,1,0,0,0,0,0,0,0,0,0,0,0,1
22,0.8623717801079255,-0.8396147420954507,-0.35312544696697257,-1.2852839629061523,0,-1.242542024291626,0,0,1,0,0,0,0,0,0,0,0,0,1
119,-1.6551616418114246,1.4390779241391296,1.1887650990216085,-0.5252899674486015,2,1.6416803653828267,1,0,0,0,0,0,2,0,0,0,0,0,1
82,0.43099450240883586,-0.49403836800935974,-0.2876567344431154,0.4247025268733371,0,-0.19218219564359845,0,1,0,0,0,0,0,0,0,0,0,0,0
120,0.6118243713433028,-0.5441126359700348,-0.5312969821658854,-0.33529146858421377,0,-0.7063033890552082,1,0,0,0,0,0,0,0,0,0,0,0,1
106,0.7873413403536483,-0.9412859156945045,-0.7362814229866637,0.4247025268733371,0,-1.3206946766241636,1,0,0,0,0,0,0,0,0,0,0,0,1
26,-1.7158982377047827,1.8471569501199987,1.7057295448363428,0.9946980234665002,2,1.56892882099835,0,0,1,0,0,0,0,0,2,0,0,0,1
47,-2.5046840203435257,0.6818492256678579,0.5827053507963547,0.9946980234665002,2,1.0261473808576502,1,0,0,0,0,0,2,0,0,0,0,0,0
59,0.6243319687747093,-0.7343586820128495,-1.0351599987055027,-1.6652809606349277,0,-0.5742459827887958,1,0,0,0,0,0,0,0,0,0,0,0,1
136,0.2523266582218214,-0.18408511239477296,0.06133515553783667,-1.0952854640417646,0,-0.17399776949641602,0,0,0,0,1,0,0,0,0,0,0,0,1
107,-0.7904156161072389,2.1470811184540333,1.698761831375732,-2.805271953821254,1,0.09190696605572203,1,0,0,0,0,0,1,0,0,0,0,0,0
110,0.4072251158517818,-0.5934627057048354,-0.6739330429991417,-0.14529296971982605,0,-0.4862391234973629,1,0,0,0,0,0,0,0,0,0,0,0,1
30,0.8994463162754491,-1.1530952875169582,-1.1322444734329258,1.1846965223308878,0,-0.8686028262237491,0,0,1,0,0,0,0,0,0,0,0,0,1
27,0.5868563428230743,-0.128963105635196,-0.14672158137823135,-1.0952854640417646,0,-0.2619378731511995,0,0,1,0,0,0,0,0,0,0,0,0,1
16,0.21959235036825592,1.2561008669520632,0.5017135098894712,-1.6652809606349277,0,0.8031287393222881,0,0,1,0,0,0,0,0,0,0,0,0,0
145,-2.297523072029207,1.3377599240336107,1.7801044194955888,-1.2852839629061523,2,0.5824847516300922,0,0,1,0,0,0,0,0,2,0,0,0,0
107,-0.7904156161072389,2.1470811184540333,1.698761831375732,-2.805271953821254,1,1.3085394380445925,1,0,0,0,0,0,1,0,0,0,0,0,1
107,-0.7904156161072389,2.1470811184540333,1.698761831375732,-2.805271953821254,1,1.6851980577716519,1,0,0,0,0,0,1,0,0,0,0,0,1
78,-0.49186887080798847,1.5982034292388005,1.4417259435401013,-1.2852839629061523,1,1.3010758869860004,0,1,0,0,0,0,0,1,0,0,0,0,1
117,0.698366237690158,-0.997379566363776,-1.1364031117008466,-1.0952854640417646,0,0.5155126114031782,1,0,0,0,0,0,0,0,0,0,0,0,1
74,0.7229609979473463,-1.5103695110581181,-1.1802316330172162,-0.14529296971982605,0,-2.23525463316844,0,0,0,1,0,0,0,0,0,0,0,0,1
7,0.19673452778807235,-0.13760846456842266,-0.012840738619519537,-0.14529296971982605,0,-0.5760454205147454,0,0,1,0,0,0,0,0,0,0,0,0,1
111,-0.6700050794587804,1.543549407313917,1.1701659444693266,-1.8552794594993154,1,1.046083388770726,1,0,0,0,0,0,1,0,0,0,0,0,1
36,-0.3013556766395101,0.9855648400200623,0.9113744608395141,0.8046995246021125,1,0.649667563414617,0,0,1,0,0,0,0,0,1,0,0,0,1
113,0.23927994985554413,-0.1777783432435181,0.3065056136374489,-0.33529146858421377,0,-0.1496959517593678,1,0,0,0,0,0,0,0,0,0,0,0,1
63,0.7229609979473463,-0.10936015689958539,-0.12096587909777386,-0.14529296971982605,0,-0.2619378731511995,0,1,0,0,0,0,0,0,0,0,0,0,1
38,-1.7965354299615945,1.4952750914331256,0.8465973008691576,-0.7152884663129891,2,1.2786763168998938,0,0,1,0,0,0,0,0,2,0,0,0,0
105,0.2782744290039161,-0.384410448702575,0.23238496909487238,0.4247025268733371,0,-0.3201749789249577,1,0,0,0,0,0,0,0,0,0,0,0,1
93,0.8994463162754491,-0.8325098004271332,-0.3683505395136735,1.1846965223308878,0,-0.6248502124184935,1,0,0,0,0,0,0,0,0,0,0,0,1
67,-1.1729209839729045,1.65903663734724,1.5038528877880608,0.6147010257377248,1,1.0881570953475934,0,1,0,0,0,0,0,1,0,0,0,0,1
73,0.5954685842064011,-0.7202236558591159,-0.4782030303955875,0.8046995246021125,0,-0.45153485168000246,1,0,0,0,0,0,0,0,0,0,0,0,1
99,0.6951157243003914,-0.9436623991337402,-0.7024983918234182,0.8046995246021125,0,-0.9856354953341933,1,0,0,0,0,0,0,0,0,0,0,0,1
117,0.698366237690158,-0.997379566363776,-1.1364031117008466,-1.0952854640417646,0,-0.9659161379602793,1,0,0,0,0,0,0,0,0,0,0,0,1
137,0.6903733883222437,-0.785365729465504,-1.0442505310428574,0.6147010257377248,0,-0.45153485168000246,0,0,0,0,1,0,0,0,0,0,0,0,1
16,0.21959235036825592,1.2561008669520632,0.5017135098894712,-1.6652809606349277,0,1.158509615954825,0,0,1,0,0,0,0,0,0,0,0,0,1
25,-1.7628263678899887,1.4498047182125795,0.584622380062202,-0.5252899674486015,2,1.4762353243275839,0,1,0,0,0,0,0,2,0,0,0,0,0
17,-0.216094144145666,0.5684545686580579,0.13318035259690775,0.6147010257377248,0,0.3649199059088579,0,0,1,0,0,0,0,0,0,0,0,0,1
92,0.8445864344413765,-0.8705751691755431,-0.2768351416516325,0.8046995246021125,0,-0.7849306627254241,1,0,0,0,0,0,0,0,0,0,0,0,1
91,0.30197982181992733,-0.20291795588207354,-0.2588889040503444,-0.14529296971982605,0,-0.3749241499771161,1,0,0,0,0,0,0,0,0,0,0,0,1
39,0.6484176629626337,-0.6268169021022602,-1.3414694560000502,-0.9052869651773768,0,-1.0620891621177804,0,0,1,0,0,0,0,0,0,0,0,0,1
27,0.5868563428230743,-0.128963105635196,-0.14672158137823135,-1.0952854640417646,0,0.13221286491476222,0,0,1,0,0,0,0,0,0,0,0,0,1
51,0.4603761052363052,-0.2619855889323155,-0.6336115049159111,1.1846965223308878,0,0.08042517102150432,1,0,0,0,0,0,0,0,0,0,0,0,1
100,0.749518392531599,-1.006279002020887,-1.2034575986084581,-1.2852839629061523,0,-1.1188434765440989,1,0,0,0,0,0,0,0,0,0,0,0,1
98,0.699758221626367,-0.9317558249441866,-0.5340336397585176,0.9946980234665002,0,-0.6444387214649604,1,0,0,0,0,0,0,0,0,0,0,0,1
147,-0.9041758586796569,1.7324680759636433,2.261208193243707,-1.8552794594993154,1,1.4169504534485258,0,0,0,1,0,0,0,0,0,1,0,0,1
140,0.8211270579955481,-1.127551348708158,-1.0601330941468274,-0.5252899674486015,0,-1.757004681838704,0,0,0,0,1,0,0,0,0,0,0,0,1
124,0.6540890037452556,-0.8160574649792502,-1.2391588545392942,-0.7152884663129891,0,-0.632792225104776,0,0,0,0,1,0,0,0,0,0,0,0,1
107,-0.7904156161072389,2.1470811184540333,1.698761831375732,-2.805271953821254,1,2.243505912056524,1,0,0,0,0,0,1,0,0,0,0,0,0
58,0.3112484123582404,-0.13923291907309093,-0.3105121175681538,0.044705529144561655,0,0.31358757078989796,1,0,0,0,0,0,0,0,0,0,0,0,1
61,0.8506607372710999,-0.8671196883049148,-0.6140864249192279,1.1846965223308878,0,-1.0126783140975046,0,1,0,0,0,0,0,0,0,0,0,0,1
87,0.3291811201388895,-0.5441181906402285,-0.6788569831328753,0.4247025268733371,0,0.7634253351422585,0,1,0,0,0,0,0,0,0,0,0,0,1
76,0.1408167633547376,0.49801409431163635,0.2718437585817132,-1.0952854640417646,0,0.4287301634154722,0,1,0,0,0,0,0,0,0,0,0,0,1
39,0.6484176629626337,-0.6268169021022602,-1.3414694560000502,-0.9052869651773768,0,-0.4480869702861242,0,0,1,0,0,0,0,0,0,0,0,0,0
66,0.7935622906716993,-1.5432498057769413,-1.4771114080245087,-1.8552794594993154,0,-1.6220880903280588,0,1,0,0,0,0,0,0,0,0,0,0,1
35,0.6011599987965244,-0.6068030014459013,-0.544545466619914,0.9946980234665002,0,-0.632384417255125,0,0,1,0,0,0,0,0,0,0,0,0,1
85,-0.6431577254499988,1.6644709085746359,1.47068889288518,1.3746950211952755,1,0.7007736784478374,0,1,0,0,0,0,0,1,0,0,0,0,1
66,0.7935622906716993,-1.5432498057769413,-1.4771114080245087,-1.8552794594993154,0,-1.3830163985953974,0,1,0,0,0,0,0,0,0,0,0,0,1
21,-2.7676530217861797,0.6985240642502534,0.31180836380932325,0.23470402800894935,2,1.0426360041833376,0,0,0,1,0,0,0,0,0,2,0,0,0
16,0.21959235036825592,1.2561008669520632,0.5017135098894712,-1.6652809606349277,0,1.1231534494954025,0,0,1,0,0,0,0,0,0,0,0,0,1
80,0.6764769010612613,-0.7904715800807489,-1.5618805353693874,-1.8552794594993154,0,0.6593837852498105,0,1,0,0,0,0,0,0,0,0,0,0,1
62,0.7131172445439711,-0.5227263011585528,-0.8184503332202685,1.5646935200596632,0,-0.24581575706704745,0,1,0,0,0,0,0,0,0,0,0,0,1
96,0.8316279217379663,-0.9365823448414491,-0.4407835491983754,0.044705529144561655,0,-0.38146616531978844,1,0,0,0,0,0,0,0,0,0,0,0,0
124,0.6540890037452556,-0.8160574649792502,-1.2391588545392942,-0.7152884663129891,0,-0.8214604991016333,0,0,0,0,1,0,0,0,0,0,0,0,1
135,0.8590329851059717,-1.0932919784839112,-0.4318651669755144,-1.47528246177054,0,-0.8166792199995808,0,0,0,0,1,0,0,0,0,0,0,0,1
44,0.10395245939498345,0.5018832971696904,0.07615580763557432,-1.6652809606349277,0,1.1716312336117816,0,0,0,1,0,0,0,0,0,0,0,0,0
33,0.6011599987965244,-0.6063342631501952,-0.6314189384589611,0.9946980234665002,0,-0.3654176239794527,0,0,1,0,0,0,0,0,0,0,0,0,1
79,-0.06786942641887178,0.36944756736185524,-0.2042326804366343,-0.9052869651773768,0,0.6701128351336324,1,0,0,0,0,0,0,0,0,0,0,0,0
30,0.8994463162754491,-1.1530952875169582,-1.1322444734329258,1.1846965223308878,0,-1.212055445459183,0,0,1,0,0,0,0,0,0,0,0,0,1
17,-0.216094144145666,0.5684545686580579,0.13318035259690775,0.6147010257377248,0,0.01759954596589156,0,0,1,0,0,0,0,0,0,0,0,0,1
7,0.19673452778807235,-0.13760846456842266,-0.012840738619519537,-0.14529296971982605,0,-0.5760454205147454,0,0,1,0,0,0,0,0,0,0,0,0,1
108,-0.5785143810257847,0.9937179674315499,1.0592202097888943,-0.5252899674486015,1,0.7427327072789496,1,0,0,0,0,0,1,0,0,0,0,0,1
66,0.7935622906716993,-1.5432498057769413,-1.4771114080245087,-1.8552794594993154,0,-1.5444739988773186,0,1,0,0,0,0,0,0,0,0,0,0,1
144,0.10309660860634964,-0.008655822412093747,0.31166173817874393,0.044705529144561655,0,0.4578043135070582,0,0,1,0,0,0,0,0,0,0,0,0,1
57,0.8414513104002286,-1.5283443989530991,-1.2665670015914527,0.6147010257377248,0,-1.664727225595357,1,0,0,0,0,0,0,0,0,0,0,0,1
35,0.6011599987965244,-0.6068030014459013,-0.544545466619914,0.9946980234665002,0,-0.4905091425745482,0,0,1,0,0,0,0,0,0,0,0,0,1
145,-2.297523072029207,1.3377599240336107,1.7801044194955888,-1.2852839629061523,2,1.042406033975112,0,0,1,0,0,0,0,0,2,0,0,0,0
150,0.3449995673040472,-0.2984901021510301,-0.089671566242416,-1.47528246177054,0,0.6815833135993772,0,0,0,0,1,0,0,0,0,0,0,0,0
63,0.7229609979473463,-0.10936015689958539,-0.12096587909777386,-0.14529296971982605,0,0.05796956917905062,0,1,0,0,0,0,0,0,0,0,0,0,1
41,-0.36097776354714145,0.9301598485369481,1.3561384079006145,-1.0952854640417646,0,0.8616910180793863,0,0,1,0,0,0,0,0,0,0,0,0,0
129,0.636665004955273,-0.7146520815572139,-0.7771776962728781,-1.2852839629061523,0,-0.4767509767180667,0,0,0,0,1,0,0,0,0,0,0,0,1
36,-0.3013556766395101,0.9855648400200623,0.9113744608395141,0.8046995246021125,1,1.0175781613003207,0,0,1,0,0,0,0,0,1,0,0,0,1
37,-0.14288165029942937,0.5315173616469385,-0.15303395999237152,0.23470402800894935,0,1.641399306238243,1,0,0,0,0,0,0,0,0,0,0,0,1
44,0.10395245939498345,0.5018832971696904,0.07615580763557432,-1.6652809606349277,0,0.4587872096421254,0,0,0,1,0,0,0,0,0,0,0,0,1
4,0.8174639659923786,-0.8919133713132138,-0.8631966977018697,-0.7152884663129891,0,-0.5367113448425321,0,0,0,1,0,0,0,0,0,0,0,0,1
119,-1.6551616418114246,1.4390779241391296,1.1887650990216085,-0.5252899674486015,2,1.404683745868709,1,0,0,0,0,0,2,0,0,0,0,0,0
87,0.3291811201388895,-0.5441181906402285,-0.6788569831328753,0.4247025268733371,0,-0.5559149655045513,0,1,0,0,0,0,0,0,0,0,0,0,1
69,0.5456450141594062,-0.6164158115977786,-0.7721737910156989,0.8046995246021125,0,-0.36653443602911573,0,1,0,0,0,0,0,0,0,0,0,0,0
105,0.2782744290039161,-0.384410448702575,0.23238496909487238,0.4247025268733371,0,-0.8269032773195882,1,0,0,0,0,0,0,0,0,0,0,0,1
28,-0.3652449498354038,0.996586460244493,2.103074662036828,0.044705529144561655,1,0.7123822136661279,0,0,1,0,0,0,0,0,1,0,0,0,1
142,0.20762560795863036,-0.22174690730544638,-0.4173018343601306,-0.9052869651773768,0,-0.2727355450216902,0,0,0,0,1,0,0,0,0,0,0,0,1
135,0.8590329851059717,-1.0932919784839112,-0.4318651669755144,-1.47528246177054,0,-1.5269796463878493,0,0,0,0,1,0,0,0,0,0,0,0,1
36,-0.3013556766395101,0.9855648400200623,0.9113744608395141,0.8046995246021125,1,0.7779368289162137,0,0,1,0,0,0,0,0,1,0,0,0,1
145,-2.297523072029207,1.3377599240336107,1.7801044194955888,-1.2852839629061523,2,0.750620788255712,0,0,1,0,0,0,0,0,2,0,0,0,0
13,0.7407326956815721,-0.4981075397435976,-0.43427655070294097,0.6147010257377248,0,-0.5029665877344072,0,0,0,1,0,0,0,0,0,0,0,0,1
112,0.17764706769534208,1.2871149009542924,1.1243285544636878,1.3746950211952755,0,0.9340579147801001,1,0,0,0,0,0,0,0,0,0,0,0,1
79,-0.06786942641887178,0.36944756736185524,-0.2042326804366343,-0.9052869651773768,0,0.4533068619910128,1,0,0,0,0,0,0,0,0,0,0,0,1
64,0.7873413403536483,-1.4919267395728504,-1.0766909350482308,0.4247025268733371,0,-1.6015674013343646,0,1,0,0,0,0,0,0,0,0,0,0,1
33,0.6011599987965244,-0.6063342631501952,-0.6314189384589611,0.9946980234665002,0,-0.7594795490100869,0,0,1,0,0,0,0,0,0,0,0,0,1
121,0.8282062919792007,-0.851095731236515,-0.3735646324671911,-0.14529296971982605,0,-0.5367113448425321,1,0,0,0,0,0,0,0,0,0,0,0,1
39,0.6484176629626337,-0.6268169021022602,-1.3414694560000502,-0.9052869651773768,0,-0.7361487166121127,0,0,1,0,0,0,0,0,0,0,0,0,1
114,-0.43384167408889446,0.9148979635939658,2.10097912665727,1.5646935200596632,0,0.5203278994347927,1,0,0,0,0,0,0,0,0,0,0,0,1
95,0.5954685842064011,-0.6255228636459196,-0.8176952131316845,0.8046995246021125,0,-0.22498901961825263,1,0,0,0,0,0,0,0,0,0,0,0,1
134,-1.1483563674384258,1.4644828359650577,1.593681064379727,0.8046995246021125,1,1.3361253189460343,0,0,0,0,1,0,0,0,0,0,1,0,0
150,0.3449995673040472,-0.2984901021510301,-0.089671566242416,-1.47528246177054,0,-0.22374766581276664,0,0,0,0,1,0,0,0,0,0,0,0,1
120,0.6118243713433028,-0.5441126359700348,-0.5312969821658854,-0.33529146858421377,0,-1.018256605936826,1,0,0,0,0,0,0,0,0,0,0,0,1
149,-0.28826545392087316,0.9538533304641673,1.2853374985845787,-0.9052869651773768,0,0.5845026843450222,0,0,0,0,1,0,0,0,0,0,0,0,0
69,0.5456450141594062,-0.6164158115977786,-0.7721737910156989,0.8046995246021125,0,0.12545500815756572,0,1,0,0,0,0,0,0,0,0,0,0,1
30,0.8994463162754491,-1.1530952875169582,-1.1322444734329258,1.1846965223308878,0,-1.8696693138030762,0,0,1,0,0,0,0,0,0,0,0,0,1
142,0.20762560795863036,-0.22174690730544638,-0.4173018343601306,-0.9052869651773768,0,0.6102099811752685,0,0,0,0,1,0,0,0,0,0,0,0,0
109,-1.6414077047803937,1.4986347749050806,0.9043220990792102,-2.045277958363703,1,1.8131439941129557,1,0,0,0,0,0,1,0,0,0,0,0,0
78,-0.49186887080798847,1.5982034292388005,1.4417259435401013,-1.2852839629061523,1,1.4446394336751112,0,1,0,0,0,0,0,1,0,0,0,0,1
35,0.6011599987965244,-0.6068030014459013,-0.544545466619914,0.9946980234665002,0,-0.9814971699905558,0,0,1,0,0,0,0,0,0,0,0,0,1
40,0.7947628643943812,-1.1178728649985321,-0.8323861883069975,0.8046995246021125,0,-1.7615008943710249,0,0,1,0,0,0,0,0,0,0,0,0,1
150,0.3449995673040472,-0.2984901021510301,-0.089671566242416,-1.47528246177054,0,-0.7201372825330916,0,0,0,0,1,0,0,0,0,0,0,0,1
40,0.7947628643943812,-1.1178728649985321,-0.8323861883069975,0.8046995246021125,0,-0.9654591267565431,0,0,1,0,0,0,0,0,0,0,0,0,1
34,0.557947263245004,-0.6131880188226092,-0.5788228591444924,1.1846965223308878,0,-1.0682358893151904,0,0,1,0,0,0,0,0,0,0,0,0,1
81,0.2925005814966524,0.22433561239885857,-0.21074700583093897,-0.33529146858421377,0,0.35111523956661955,0,1,0,0,0,0,0,0,0,0,0,0,1
28,-0.3652449498354038,0.996586460244493,2.103074662036828,0.044705529144561655,1,0.6255000521968214,0,0,1,0,0,0,0,0,1,0,0,0,0
37,-0.14288165029942937,0.5315173616469385,-0.15303395999237152,0.23470402800894935,0,0.580196076525129,1,0,0,0,0,0,0,0,0,0,0,0,1
44,0.10395245939498345,0.5018832971696904,0.07615580763557432,-1.6652809606349277,0,0.4256080036437203,0,0,0,1,0,0,0,0,0,0,0,0,0
6,0.1719788116721598,0.05240828769427301,-0.16026262363182758,-2.4252749560924785,0,0.4767021573237565,0,0,0,1,0,0,0,0,0,0,0,0,0
88,0.5868563428230743,-0.609900930429728,-0.9578919694679864,-1.0952854640417646,0,-0.49984724755604903,0,1,0,0,0,0,0,0,0,0,0,0,1
100,0.749518392531599,-1.006279002020887,-1.2034575986084581,-1.2852839629061523,0,-0.8705928959160799,1,0,0,0,0,0,0,0,0,0,0,0,1
93,0.8994463162754491,-0.8325098004271332,-0.3683505395136735,1.1846965223308878,0,-0.541055760551514,1,0,0,0,0,0,0,0,0,0,0,0,1
130,0.7630056452433375,-1.1133002572992534,-0.5927498925862508,-0.7152884663129891,0,-1.8696693138030762,0,0,0,0,1,0,0,0,0,0,0,0,1
92,0.8445864344413765,-0.8705751691755431,-0.2768351416516325,0.8046995246021125,0,-1.5104151033334305,1,0,0,0,0,0,0,0,0,0,0,0,1
94,0.8779275295488443,-0.8909817385797031,-0.8887889027719983,-0.33529146858421377,0,-0.5367113448425321,1,0,0,0,0,0,0,0,0,0,0,0,1
31,-0.6477068319312879,1.323288078781502,2.643086533744072,-1.6652809606349277,1,0.6389950987922483,0,0,0,1,0,0,0,0,0,1,0,0,0
128,-0.06786942641887178,0.24122995524865057,-0.12649798167401216,-0.9052869651773768,0,-0.18202693733764874,0,0,0,0,1,0,0,0,0,0,0,0,1
34,0.557947263245004,-0.6131880188226092,-0.5788228591444924,1.1846965223308878,0,-0.6542824039982863,0,0,1,0,0,0,0,0,0,0,0,0,1
112,0.17764706769534208,1.2871149009542924,1.1243285544636878,1.3746950211952755,0,1.1835987459038735,1,0,0,0,0,0,0,0,0,0,0,0,1
17,-0.216094144145666,0.5684545686580579,0.13318035259690775,0.6147010257377248,0,0.7350787670861723,0,0,1,0,0,0,0,0,0,0,0,0,0
85,-0.6431577254499988,1.6644709085746359,1.47068889288518,1.3746950211952755,1,1.790795451229557,0,1,0,0,0,0,0,1,0,0,0,0,0
54,0.4385768515256023,-0.3761904536237241,-0.5622559522349857,0.6147010257377248,0,-0.057305250132123585,1,0,0,0,0,0,0,0,0,0,0,0,1
102,0.6484176629626337,-0.6110760714536377,-0.4339534015937101,-0.9052869651773768,0,-0.5125403191255566,1,0,0,0,0,0,0,0,0,0,0,0,1
39,0.6484176629626337,-0.6268169021022602,-1.3414694560000502,-0.9052869651773768,0,-0.6110539847654552,0,0,1,0,0,0,0,0,0,0,0,0,1
39,0.6484176629626337,-0.6268169021022602,-1.3414694560000502,-0.9052869651773768,0,0.12183391946878534,0,0,1,0,0,0,0,0,0,0,0,0,0
46,0.5194002161101307,-0.6337818278746727,-0.9679701560557576,0.044705529144561655,0,-0.02019177744347699,0,0,1,0,0,0,0,0,0,0,0,0,0
139,0.5837145758137556,-0.589336051094232,-0.6046010879164883,0.4247025268733371,0,-0.6045840963626263,0,0,0,0,1,0,0,0,0,0,0,0,1
110,0.4072251158517818,-0.5934627057048354,-0.6739330429991417,-0.14529296971982605,0,-0.540462960026225,1,0,0,0,0,0,0,0,0,0,0,0,1
14,-0.7618273357298131,1.582321823073024,1.3386654494707158,-0.7152884663129891,1,1.3520977170281951,0,0,1,0,0,0,0,0,1,0,0,0,1
107,-0.7904156161072389,2.1470811184540333,1.698761831375732,-2.805271953821254,1,1.0447049226007161,1,0,0,0,0,0,1,0,0,0,0,0,0
114,-0.43384167408889446,0.9148979635939658,2.10097912665727,1.5646935200596632,0,0.5255469640339802,1,0,0,0,0,0,0,0,0,0,0,0,1
78,-0.49186887080798847,1.5982034292388005,1.4417259435401013,-1.2852839629061523,1,1.5907447806106803,0,1,0,0,0,0,0,1,0,0,0,0,1
43,-0.5362326291556553,1.3821815505789712,1.456308739033318,0.4247025268733371,1,1.2225638012753013,0,0,1,0,0,0,0,0,1,0,0,0,1
39,0.6484176629626337,-0.6268169021022602,-1.3414694560000502,-0.9052869651773768,0,-0.6935754545111301,0,0,1,0,0,0,0,0,0,0,0,0,1
77,-0.6575427035321258,1.7424298157650362,1.8163409156462293,0.23470402800894935,1,1.447544138541662,0,1,0,0,0,0,0,1,0,0,0,0,1
34,0.557947263245004,-0.6131880188226092,-0.5788228591444924,1.1846965223308878,0,-0.647921237206687,0,0,1,0,0,0,0,0,0,0,0,0,1
121,0.8282062919792007,-0.851095731236515,-0.3735646324671911,-0.14529296971982605,0,-0.582051556094339,1,0,0,0,0,0,0,0,0,0,0,0,1
13,0.7407326956815721,-0.4981075397435976,-0.43427655070294097,0.6147010257377248,0,0.029817952198384443,0,0,0,1,0,0,0,0,0,0,0,0,0
23,-1.8861366533103854,1.2684735019520244,1.2729808069009627,-0.9052869651773768,2,0.4755856828459557,0,1,0,0,0,0,0,2,0,0,0,0,0
40,0.7947628643943812,-1.1178728649985321,-0.8323861883069975,0.8046995246021125,0,-1.0027104098963309,0,0,1,0,0,0,0,0,0,0,0,0,1
57,0.8414513104002286,-1.5283443989530991,-1.2665670015914527,0.6147010257377248,0,-1.5444739988773186,1,0,0,0,0,0,0,0,0,0,0,0,1
121,0.8282062919792007,-0.851095731236515,-0.3735646324671911,-0.14529296971982605,0,-1.0219813878192128,1,0,0,0,0,0,0,0,0,0,0,0,1
6,0.1719788116721598,0.05240828769427301,-0.16026262363182758,-2.4252749560924785,0,0.7080021815612765,0,0,0,1,0,0,0,0,0,0,0,0,0
30,0.8994463162754491,-1.1530952875169582,-1.1322444734329258,1.1846965223308878,0,-1.2098189740835055,0,0,1,0,0,0,0,0,0,0,0,0,1
93,0.8994463162754491,-0.8325098004271332,-0.3683505395136735,1.1846965223308878,0,-0.9113541965955824,1,0,0,0,0,0,0,0,0,0,0,0,1
124,0.6540890037452556,-0.8160574649792502,-1.2391588545392942,-0.7152884663129891,0,-0.8468009831726713,0,0,0,0,1,0,0,0,0,0,0,0,1
29,0.8282062919792007,-0.8808244674849,-0.5624359792255084,-0.14529296971982605,0,-0.9091120663054266,0,0,1,0,0,0,0,0,0,0,0,0,1
124,0.6540890037452556,-0.8160574649792502,-1.2391588545392942,-0.7152884663129891,0,0.06953970050403512,0,0,0,0,1,0,0,0,0,0,0,0,0
100,0.749518392531599,-1.006279002020887,-1.2034575986084581,-1.2852839629061523,0,-0.7420698361556536,1,0,0,0,0,0,0,0,0,0,0,0,1
19,0.41532431423418525,-0.6571303014721108,-0.7501408747855717,0.044705529144561655,0,-0.49459089469492656,0,1,0,0,0,0,0,0,0,0,0,0,1
70,0.7320421401961541,-1.5234907131179805,-1.5084354987500674,0.23470402800894935,0,-2.527713090863871,0,1,0,0,0,0,0,0,0,0,0,0,1
136,0.2523266582218214,-0.18408511239477296,0.06133515553783667,-1.0952854640417646,0,-0.03328578874065527,0,0,0,0,1,0,0,0,0,0,0,0,1
148,-0.6806168979914329,1.7403995922432274,1.5443258585630333,0.9946980234665002,1,1.447544138541662,0,0,0,0,1,0,0,0,0,0,1,0,1
102,0.6484176629626337,-0.6110760714536377,-0.4339534015937101,-0.9052869651773768,0,-1.0479535262387443,1,0,0,0,0,0,0,0,0,0,0,0,1
118,-1.9971101542298264,0.8931602193651963,0.5906525920214545,-2.045277958363703,2,0.956406371137485,1,0,0,0,0,0,2,0,0,0,0,0,0
44,0.10395245939498345,0.5018832971696904,0.07615580763557432,-1.6652809606349277,0,1.2836570835203864,0,0,0,1,0,0,0,0,0,0,0,0,0
103,-2.0718162968765546,0.3708976950805329,0.269305075539882,-1.2852839629061523,2,0.3898927448073711,0,1,0,0,0,0,0,2,0,0,0,0,0
65,0.8316279217379663,-0.8351742574545239,-0.6081633840025297,0.044705529144561655,0,-0.5367113448425321,0,1,0,0,0,0,0,0,0,0,0,0,1
115,0.5837145758137556,-0.6097811663211553,-0.7158215384941234,0.4247025268733371,0,-0.43357390256863715,1,0,0,0,0,0,0,0,0,0,0,0,1
90,-1.686864809997518,1.466103265290234,0.0976579672697802,0.23470402800894935,2,1.8113765268155568,1,0,0,0,0,0,2,0,0,0,0,0,0
58,0.3112484123582404,-0.13923291907309093,-0.3105121175681538,0.044705529144561655,0,0.011716527187027594,1,0,0,0,0,0,0,0,0,0,0,0,1
147,-0.9041758586796569,1.7324680759636433,2.261208193243707,-1.8552794594993154,1,1.3210062067907822,0,0,0,1,0,0,0,0,0,1,0,0,1
88,0.5868563428230743,-0.609900930429728,-0.9578919694679864,-1.0952854640417646,0,-0.33413468821099124,0,1,0,0,0,0,0,0,0,0,0,0,1
145,-2.297523072029207,1.3377599240336107,1.7801044194955888,-1.2852839629061523,2,0.2631398110983523,0,0,1,0,0,0,0,0,2,0,0,0,0
111,-0.6700050794587804,1.543549407313917,1.1701659444693266,-1.8552794594993154,1,1.3682919498650719,1,0,0,0,0,0,1,0,0,0,0,0,1
40,0.7947628643943812,-1.1178728649985321,-0.8323861883069975,0.8046995246021125,0,-1.0027104098963309,0,0,1,0,0,0,0,0,0,0,0,0,1
59,0.6243319687747093,-0.7343586820128495,-1.0351599987055027,-1.6652809606349277,0,-0.732770595016307,1,0,0,0,0,0,0,0,0,0,0,0,1
11,0.8836658726759392,-0.8740654801664903,-0.6658099877571334,0.044705529144561655,0,-0.37529758541356556,0,0,0,1,0,0,0,0,0,0,0,0,1
148,-0.6806168979914329,1.7403995922432274,1.5443258585630333,0.9946980234665002,1,1.404886920173544,0,0,0,0,1,0,0,0,0,0,1,0,1
133,0.011516665670379445,0.47816069958173024,0.15388538998420156,0.23470402800894935,0,0.3979309604592271,0,0,0,0,1,0,0,0,0,0,0,0,1
51,0.4603761052363052,-0.2619855889323155,-0.6336115049159111,1.1846965223308878,0,0.08042517102150432,1,0,0,0,0,0,0,0,0,0,0,0,1
65,0.8316279217379663,-0.8351742574545239,-0.6081633840025297,0.044705529144561655,0,-0.541055760551514,0,1,0,0,0,0,0,0,0,0,0,0,1
15,-1.0662090005941842,1.6282472257747163,0.9084553795449245,-0.14529296971982605,1,1.115200742436609,0,0,1,0,0,0,0,0,1,0,0,0,0
108,-0.5785143810257847,0.9937179674315499,1.0592202097888943,-0.5252899674486015,1,2.445889310509961,1,0,0,0,0,0,1,0,0,0,0,0,0
138,0.8098761325572423,-0.836674845801153,-0.8422281012524391,-1.0952854640417646,0,0.6189949251013752,0,0,0,0,1,0,0,0,0,0,0,0,1
79,-0.06786942641887178,0.36944756736185524,-0.2042326804366343,-0.9052869651773768,0,0.6923609830764349,1,0,0,0,0,0,0,0,0,0,0,0,1
68,0.7134623319169836,-0.15222737396103334,-0.16937230144714704,-0.5252899674486015,0,0.16716620021691742,0,1,0,0,0,0,0,0,0,0,0,0,1
147,-0.9041758586796569,1.7324680759636433,2.261208193243707,-1.8552794594993154,1,0.8168240204517639,0,0,0,1,0,0,0,0,0,1,0,0,1
67,-1.1729209839729045,1.65903663734724,1.5038528877880608,0.6147010257377248,1,1.105763889219126,0,1,0,0,0,0,0,1,0,0,0,0,1
42,0.8719222867414198,-1.4814140890005991,-1.1392712444449196,-0.7152884663129891,0,-1.8488874205369659,0,0,1,0,0,0,0,0,0,0,0,0,1
9,0.37292262858513153,-0.49504293376147385,-0.26843925490163933,-0.9052869651773768,0,-0.9588404781355053,0,0,0,1,0,0,0,0,0,0,0,0,1
54,0.4385768515256023,-0.3761904536237241,-0.5622559522349857,0.6147010257377248,0,-0.2758021481268141,1,0,0,0,0,0,0,0,0,0,0,0,1
62,0.7131172445439711,-0.5227263011585528,-0.8184503332202685,1.5646935200596632,0,-0.2873759366182292,0,1,0,0,0,0,0,0,0,0,0,0,1
150,0.3449995673040472,-0.2984901021510301,-0.089671566242416,-1.47528246177054,0,0.4733514542429902,0,0,0,0,1,0,0,0,0,0,0,0,0
24,-2.344122048566307,0.793312820011672,0.8280969369076001,0.8046995246021125,2,0.7654486434265159,0,0,1,0,0,0,0,0,2,0,0,0,0
48,0.16766263121020925,0.32605085053546096,-0.26687040585718486,1.1846965223308878,0,0.49436932864110106,1,0,0,0,0,0,0,0,0,0,0,0,1
120,0.6118243713433028,-0.5441126359700348,-0.5312969821658854,-0.33529146858421377,0,-0.5588958888465464,1,0,0,0,0,0,0,0,0,0,0,0,1
105,0.2782744290039161,-0.384410448702575,0.23238496909487238,0.4247025268733371,0,-0.19692170065156595,1,0,0,0,0,0,0,0,0,0,0,0,1
142,0.20762560795863036,-0.22174690730544638,-0.4173018343601306,-0.9052869651773768,0,-0.6207857372611594,0,0,0,0,1,0,0,0,0,0,0,0,1
137,0.6903733883222437,-0.785365729465504,-1.0442505310428574,0.6147010257377248,0,-0.5282385781729827,0,0,0,0,1,0,0,0,0,0,0,0,1
113,0.23927994985554413,-0.1777783432435181,0.3065056136374489,-0.33529146858421377,0,-0.25727123573123006,1,0,0,0,0,0,0,0,0,0,0,0,1
78,-0.49186887080798847,1.5982034292388005,1.4417259435401013,-1.2852839629061523,1,1.2132507536825665,0,1,0,0,0,0,0,1,0,0,0,0,0
48,0.16766263121020925,0.32605085053546096,-0.26687040585718486,1.1846965223308878,0,0.6832740081406865,1,0,0,0,0,0,0,0,0,0,0,0,0
52,0.4115905262319561,-0.46252089123866197,-0.12288851185595892,1.1846965223308878,0,-0.16964332043676733,0,0,1,0,0,0,0,0,0,0,0,0,1
106,0.7873413403536483,-0.9412859156945045,-0.7362814229866637,0.4247025268733371,0,-1.651696716519998,1,0,0,0,0,0,0,0,0,0,0,0,1
81,0.2925005814966524,0.22433561239885857,-0.21074700583093897,-0.33529146858421377,0,0.18325359599987912,0,1,0,0,0,0,0,0,0,0,0,0,1
72,-0.8119410195019346,1.5684677119960315,1.8939026463982478,0.23470402800894935,1,1.1621542878892055,0,1,0,0,0,0,0,1,0,0,0,0,0
44,0.10395245939498345,0.5018832971696904,0.07615580763557432,-1.6652809606349277,0,0.5596526245167914,0,0,0,1,0,0,0,0,0,0,0,0,1
29,0.8282062919792007,-0.8808244674849,-0.5624359792255084,-0.14529296971982605,0,-0.541055760551514,0,0,1,0,0,0,0,0,0,0,0,0,1
141,0.8382480314886213,-0.8544477243555477,-0.951651508455736,0.4247025268733371,0,-1.1818834326752623,0,0,1,0,0,0,0,0,0,0,0,0,1
145,-2.297523072029207,1.3377599240336107,1.7801044194955888,-1.2852839629061523,2,1.3213198092556804,0,0,1,0,0,0,0,0,2,0,0,0,0
76,0.1408167633547376,0.49801409431163635,0.2718437585817132,-1.0952854640417646,0,1.2122744157969843,0,1,0,0,0,0,0,0,0,0,0,0,0
36,-0.3013556766395101,0.9855648400200623,0.9113744608395141,0.8046995246021125,1,1.766839033910586,0,0,1,0,0,0,0,0,1,0,0,0,0
100,0.749518392531599,-1.006279002020887,-1.2034575986084581,-1.2852839629061523,0,-0.704839989327217,1,0,0,0,0,0,0,0,0,0,0,0,1
76,0.1408167633547376,0.49801409431163635,0.2718437585817132,-1.0952854640417646,0,0.5574817363835577,0,1,0,0,0,0,0,0,0,0,0,0,1
99,0.6951157243003914,-0.9436623991337402,-0.7024983918234182,0.8046995246021125,0,-1.2947519701851173,1,0,0,0,0,0,0,0,0,0,0,0,1
101,0.7275520198620213,-0.9609850058121482,-0.6735695044943646,0.044705529144561655,0,-0.4786848344574604,1,0,0,0,0,0,0,0,0,0,0,0,1
28,-0.3652449498354038,0.996586460244493,2.103074662036828,0.044705529144561655,1,0.9743512899645016,0,0,1,0,0,0,0,0,1,0,0,0,0
114,-0.43384167408889446,0.9148979635939658,2.10097912665727,1.5646935200596632,0,1.5393913357000584,1,0,0,0,0,0,0,0,0,0,0,0,0
80,0.6764769010612613,-0.7904715800807489,-1.5618805353693874,-1.8552794594993154,0,-0.5742459827887958,0,1,0,0,0,0,0,0,0,0,0,0,1
114,-0.43384167408889446,0.9148979635939658,2.10097912665727,1.5646935200596632,0,0.8200517363689556,1,0,0,0,0,0,0,0,0,0,0,0,0
78,-0.49186887080798847,1.5982034292388005,1.4417259435401013,-1.2852839629061523,1,1.1621542878892055,0,1,0,0,0,0,0,1,0,0,0,0,0
94,0.8779275295488443,-0.8909817385797031,-0.8887889027719983,-0.33529146858421377,0,-0.541055760551514,1,0,0,0,0,0,0,0,0,0,0,0,1
38,-1.7965354299615945,1.4952750914331256,0.8465973008691576,-0.7152884663129891,2,-0.23760976313051946,0,0,1,0,0,0,0,0,2,0,0,0,0
2,0.7873413403536483,-1.5406960664772213,-1.3308391136178341,0.4247025268733371,0,-1.6609568883157624,0,0,0,1,0,0,0,0,0,0,0,0,1
98,0.699758221626367,-0.9317558249441866,-0.5340336397585176,0.9946980234665002,0,-1.6235184998762977,1,0,0,0,0,0,0,0,0,0,0,0,1
92,0.8445864344413765,-0.8705751691755431,-0.2768351416516325,0.8046995246021125,0,-1.1924823405396157,1,0,0,0,0,0,0,0,0,0,0,0,1
109,-1.6414077047803937,1.4986347749050806,0.9043220990792102,-2.045277958363703,1,1.3935893419951715,1,0,0,0,0,0,1,0,0,0,0,0,1
22,0.8623717801079255,-0.8396147420954507,-0.35312544696697257,-1.2852839629061523,0,-0.6342200006200504,0,0,1,0,0,0,0,0,0,0,0,0,1
104,0.5776438242263447,-1.0395741656627533,-1.5218095460448768,0.23470402800894935,0,-0.9447403152398788,1,0,0,0,0,0,0,0,0,0,0,0,1
12,0.8445864344413765,-0.8591353314034568,-0.4076848427469738,0.8046995246021125,0,-0.541055760551514,0,0,0,1,0,0,0,0,0,0,0,0,1
132,-0.013756060275637085,0.3838628894046642,-0.16758445331811073,-0.14529296971982605,0,0.4210607212715811,0,0,0,0,1,0,0,0,0,0,0,0,1
125,0.8836658726759392,-0.845301563118997,-0.34775545093729304,0.044705529144561655,0,-1.1840986321103852,0,0,0,0,1,0,0,0,0,0,0,0,1
86,0.5896547736035872,-0.7775309608791905,-0.5982968799555161,0.6147010257377248,0,-1.2031198046445253,0,1,0,0,0,0,0,0,0,0,0,0,1
41,-0.36097776354714145,0.9301598485369481,1.3561384079006145,-1.0952854640417646,0,1.045164483529078,0,0,1,0,0,0,0,0,0,0,0,0,1
62,0.7131172445439711,-0.5227263011585528,-0.8184503332202685,1.5646935200596632,0,-0.9037379574072725,0,1,0,0,0,0,0,0,0,0,0,0,1
47,-2.5046840203435257,0.6818492256678579,0.5827053507963547,0.9946980234665002,2,0.49908106513085027,1,0,0,0,0,0,2,0,0,0,0,0,0
108,-0.5785143810257847,0.9937179674315499,1.0592202097888943,-0.5252899674486015,1,1.2877836292114417,1,0,0,0,0,0,1,0,0,0,0,0,1
124,0.6540890037452556,-0.8160574649792502,-1.2391588545392942,-0.7152884663129891,0,-0.5800481398874742,0,0,0,0,1,0,0,0,0,0,0,0,1
148,-0.6806168979914329,1.7403995922432274,1.5443258585630333,0.9946980234665002,1,0.5680496264070926,0,0,0,0,1,0,0,0,0,0,1,0,1
20,-2.4217516321998738,1.1199489577150297,2.6280987022231224,-0.33529146858421377,2,0.9870350364085471,0,0,1,0,0,0,0,0,2,0,0,0,0
137,0.6903733883222437,-0.785365729465504,-1.0442505310428574,0.6147010257377248,0,-0.5800481398874742,0,0,0,0,1,0,0,0,0,0,0,0,1
61,0.8506607372710999,-0.8671196883049148,-0.6140864249192279,1.1846965223308878,0,-1.7041708105417428,0,1,0,0,0,0,0,0,0,0,0,0,1
78,-0.49186887080798847,1.5982034292388005,1.4417259435401013,-1.2852839629061523,1,0.8548330525377966,0,1,0,0,0,0,0,1,0,0,0,0,0
122,-1.476076712217983,2.008145649809295,1.8270131029191168,-1.0952854640417646,2,1.7589297503444832,0,0,0,0,1,0,0,0,0,0,2,0,0
42,0.8719222867414198,-1.4814140890005991,-1.1392712444449196,-0.7152884663129891,0,-1.8674911489491712,0,0,1,0,0,0,0,0,0,0,0,0,0
83,0.7275520198620213,-0.5637364070823583,-1.1515332948201789,0.044705529144561655,0,-0.35427290040424014,0,1,0,0,0,0,0,0,0,0,0,0,1
89,0.19688002383044065,0.2573054397215892,-0.2718394827699518,0.8046995246021125,0,0.3628896238130016,0,0,0,1,0,0,0,0,0,0,0,0,1
140,0.8211270579955481,-1.127551348708158,-1.0601330941468274,-0.5252899674486015,0,-0.9420190871122128,0,0,0,0,1,0,0,0,0,0,0,0,1
12,0.8445864344413765,-0.8591353314034568,-0.4076848427469738,0.8046995246021125,0,-0.541055760551514,0,0,0,1,0,0,0,0,0,0,0,0,1
94,0.8779275295488443,-0.8909817385797031,-0.8887889027719983,-0.33529146858421377,0,-0.541055760551514,1,0,0,0,0,0,0,0,0,0,0,0,1
143,0.636665004955273,-0.6176826362864679,-0.9534319304906913,-1.2852839629061523,0,-0.5776458508378762,0,0,0,0,1,0,0,0,0,0,0,0,1
12,0.8445864344413765,-0.8591353314034568,-0.4076848427469738,0.8046995246021125,0,-1.1818834326752623,0,0,0,1,0,0,0,0,0,0,0,0,1
100,0.749518392531599,-1.006279002020887,-1.2034575986084581,-1.2852839629061523,0,-0.9456479543194618,1,0,0,0,0,0,0,0,0,0,0,0,1
145,-2.297523072029207,1.3377599240336107,1.7801044194955888,-1.2852839629061523,2,0.7540492805993638,0,0,1,0,0,0,0,0,2,0,0,0,0
149,-0.28826545392087316,0.9538533304641673,1.2853374985845787,-0.9052869651773768,0,2.4400486288084755,0,0,0,0,1,0,0,0,0,0,0,0,0
110,0.4072251158517818,-0.5934627057048354,-0.6739330429991417,-0.14529296971982605,0,-0.6329961503589533,1,0,0,0,0,0,0,0,0,0,0,0,1
111,-0.6700050794587804,1.543549407313917,1.1701659444693266,-1.8552794594993154,1,1.4209942724938753,1,0,0,0,0,0,1,0,0,0,0,0,1
59,0.6243319687747093,-0.7343586820128495,-1.0351599987055027,-1.6652809606349277,0,-0.55333395434774,1,0,0,0,0,0,0,0,0,0,0,0,1
70,0.7320421401961541,-1.5234907131179805,-1.5084354987500674,0.23470402800894935,0,-1.5444739988773186,0,1,0,0,0,0,0,0,0,0,0,0,1
101,0.7275520198620213,-0.9609850058121482,-0.6735695044943646,0.044705529144561655,0,-0.6935754545111301,1,0,0,0,0,0,0,0,0,0,0,0,1
78,-0.49186887080798847,1.5982034292388005,1.4417259435401013,-1.2852839629061523,1,0.6626590103644566,0,1,0,0,0,0,0,1,0,0,0,0,1
44,0.10395245939498345,0.5018832971696904,0.07615580763557432,-1.6652809606349277,0,0.7728975166851942,0,0,0,1,0,0,0,0,0,0,0,0,0
117,0.698366237690158,-0.997379566363776,-1.1364031117008466,-1.0952854640417646,0,-0.9856354953341933,1,0,0,0,0,0,0,0,0,0,0,0,1
56,-2.7501337051038597,0.7573538710448432,1.1620503577838586,-0.14529296971982605,2,0.930475816111056,1,0,0,0,0,0,2,0,0,0,0,0,0
90,-1.686864809997518,1.466103265290234,0.0976579672697802,0.23470402800894935,2,1.0680509287671696,1,0,0,0,0,0,2,0,0,0,0,0,0
10,0.8944100044883714,-0.9042156872234491,-0.570120787160374,0.8046995246021125,0,-0.5936985154902521,0,0,0,1,0,0,0,0,0,0,0,0,1
143,0.636665004955273,-0.6176826362864679,-0.9534319304906913,-1.2852839629061523,0,-0.4290057529480883,0,0,0,0,1,0,0,0,0,0,0,0,1
12,0.8445864344413765,-0.8591353314034568,-0.4076848427469738,0.8046995246021125,0,-0.5936985154902521,0,0,0,1,0,0,0,0,0,0,0,0,1
57,0.8414513104002286,-1.5283443989530991,-1.2665670015914527,0.6147010257377248,0,-1.771115982955632,1,0,0,0,0,0,0,0,0,0,0,0,1
32,-1.0341189394750192,2.184606312461486,2.4801445704931173,-0.7152884663129891,1,1.4827709277239913,1,0,0,0,0,0,1,0,0,0,0,0,0
81,0.2925005814966524,0.22433561239885857,-0.21074700583093897,-0.33529146858421377,0,0.3360740729592468,0,1,0,0,0,0,0,0,0,0,0,0,1
105,0.2782744290039161,-0.384410448702575,0.23238496909487238,0.4247025268733371,0,0.5095858102985703,1,0,0,0,0,0,0,0,0,0,0,0,0
54,0.4385768515256023,-0.3761904536237241,-0.5622559522349857,0.6147010257377248,0,0.9370396486788699,1,0,0,0,0,0,0,0,0,0,0,0,1
48,0.16766263121020925,0.32605085053546096,-0.26687040585718486,1.1846965223308878,0,0.8564265143320988,1,0,0,0,0,0,0,0,0,0,0,0,0
15,-1.0662090005941842,1.6282472257747163,0.9084553795449245,-0.14529296971982605,1,0.995577253860947,0,0,1,0,0,0,0,0,1,0,0,0,1
148,-0.6806168979914329,1.7403995922432274,1.5443258585630333,0.9946980234665002,1,0.925094427079672,0,0,0,0,1,0,0,0,0,0,1,0,1
150,0.3449995673040472,-0.2984901021510301,-0.089671566242416,-1.47528246177054,0,-0.3566839886298267,0,0,0,0,1,0,0,0,0,0,0,0,1
18,-2.4343978230082954,1.0177194408864998,0.4521127441273781,-0.14529296971982605,2,1.4149264449363903,0,1,0,0,0,0,0,2,0,0,0,0,0
16,0.21959235036825592,1.2561008669520632,0.5017135098894712,-1.6652809606349277,0,1.2310927511592142,0,0,1,0,0,0,0,0,0,0,0,0,0
49,-2.8306517767246246,0.7355700264671651,0.5936632702315654,1.754692018924051,2,0.2622390452483806,0,0,1,0,0,0,0,0,2,0,0,0,0
29,0.8282062919792007,-0.8808244674849,-0.5624359792255084,-0.14529296971982605,0,-1.0126783140975046,0,0,1,0,0,0,0,0,0,0,0,0,1
147,-0.9041758586796569,1.7324680759636433,2.261208193243707,-1.8552794594993154,1,0.8292188600556847,0,0,0,1,0,0,0,0,0,1,0,0,0
95,0.5954685842064011,-0.6255228636459196,-0.8176952131316845,0.8046995246021125,0,-0.704839989327217,1,0,0,0,0,0,0,0,0,0,0,0,1
27,0.5868563428230743,-0.128963105635196,-0.14672158137823135,-1.0952854640417646,0,-0.16912122202482074,0,0,1,0,0,0,0,0,0,0,0,0,1
50,0.41095822980262053,-0.23896483537564048,-0.5632507939667125,-1.2852839629061523,0,-0.7357262379317319,1,0,0,0,0,0,0,0,0,0,0,0,1
64,0.7873413403536483,-1.4919267395728504,-1.0766909350482308,0.4247025268733371,0,-2.201586490383834,0,1,0,0,0,0,0,0,0,0,0,0,1
72,-0.8119410195019346,1.5684677119960315,1.8939026463982478,0.23470402800894935,1,1.8397912488702128,0,1,0,0,0,0,0,1,0,0,0,0,0
69,0.5456450141594062,-0.6164158115977786,-0.7721737910156989,0.8046995246021125,0,-0.6666337895472311,0,1,0,0,0,0,0,0,0,0,0,0,1
116,0.3178236217096313,-0.16359767667756062,-0.31680944558207025,-0.9052869651773768,0,0.4604714061933104,1,0,0,0,0,0,0,0,0,0,0,0,0
10,0.8944100044883714,-0.9042156872234491,-0.570120787160374,0.8046995246021125,0,-0.582051556094339,0,0,0,1,0,0,0,0,0,0,0,0,1
128,-0.06786942641887178,0.24122995524865057,-0.12649798167401216,-0.9052869651773768,0,0.23614689960636714,0,0,0,0,1,0,0,0,0,0,0,0,1
108,-0.5785143810257847,0.9937179674315499,1.0592202097888943,-0.5252899674486015,1,0.8140900907134765,1,0,0,0,0,0,1,0,0,0,0,0,1
7,0.19673452778807235,-0.13760846456842266,-0.012840738619519537,-0.14529296971982605,0,0.11946992178055368,0,0,1,0,0,0,0,0,0,0,0,0,1
140,0.8211270579955481,-1.127551348708158,-1.0601330941468274,-0.5252899674486015,0,-1.390405375821077,0,0,0,0,1,0,0,0,0,0,0,0,1
51,0.4603761052363052,-0.2619855889323155,-0.6336115049159111,1.1846965223308878,0,-0.16460026966385546,1,0,0,0,0,0,0,0,0,0,0,0,1
79,-0.06786942641887178,0.36944756736185524,-0.2042326804366343,-0.9052869651773768,0,0.20140006335267177,1,0,0,0,0,0,0,0,0,0,0,0,1
148,-0.6806168979914329,1.7403995922432274,1.5443258585630333,0.9946980234665002,1,1.2189936961692291,0,0,0,0,1,0,0,0,0,0,1,0,0
37,-0.14288165029942937,0.5315173616469385,-0.15303395999237152,0.23470402800894935,0,0.6945635647654393,1,0,0,0,0,0,0,0,0,0,0,0,1
76,0.1408167633547376,0.49801409431163635,0.2718437585817132,-1.0952854640417646,0,0.4692975587516601,0,1,0,0,0,0,0,0,0,0,0,0,1
132,-0.013756060275637085,0.3838628894046642,-0.16758445331811073,-0.14529296971982605,0,0.6533477694502043,0,0,0,0,1,0,0,0,0,0,0,0,0
144,0.10309660860634964,-0.008655822412093747,0.31166173817874393,0.044705529144561655,0,-0.45287679311162865,0,0,1,0,0,0,0,0,0,0,0,0,1
55,0.7873413403536483,-0.9280036154226032,-0.5858373140388665,0.4247025268733371,0,-0.6167269036840357,1,0,0,0,0,0,0,0,0,0,0,0,1
30,0.8994463162754491,-1.1530952875169582,-1.1322444734329258,1.1846965223308878,0,-0.9847153612230256,0,0,1,0,0,0,0,0,0,0,0,0,1
44,0.10395245939498345,0.5018832971696904,0.07615580763557432,-1.6652809606349277,0,-0.003043010417915789,0,0,0,1,0,0,0,0,0,0,0,0,1
80,0.6764769010612613,-0.7904715800807489,-1.5618805353693874,-1.8552794594993154,0,0.31373510421144785,0,1,0,0,0,0,0,0,0,0,0,0,0
3,0.7835082455194236,-0.5362768529714969,-0.898957350657006,0.23470402800894935,0,-0.24581575706704745,0,0,0,1,0,0,0,0,0,0,0,0,1
125,0.8836658726759392,-0.845301563118997,-0.34775545093729304,0.044705529144561655,0,-0.541055760551514,0,0,0,0,1,0,0,0,0,0,0,0,1
60,0.5639081468225616,-0.39356127607322594,-0.5054953305423884,1.3746950211952755,0,-0.829519413643633,1,0,0,0,0,0,0,0,0,0,0,0,1
105,0.2782744290039161,-0.384410448702575,0.23238496909487238,0.4247025268733371,0,-0.2673317252360507,1,0,0,0,0,0,0,0,0,0,0,0,1
113,0.23927994985554413,-0.1777783432435181,0.3065056136374489,-0.33529146858421377,0,-0.17399776949641602,1,0,0,0,0,0,0,0,0,0,0,0,1
111,-0.6700050794587804,1.543549407313917,1.1701659444693266,-1.8552794594993154,1,1.18765000331345,1,0,0,0,0,0,1,0,0,0,0,0,0
112,0.17764706769534208,1.2871149009542924,1.1243285544636878,1.3746950211952755,0,1.5691208983881428,1,0,0,0,0,0,0,0,0,0,0,0,0
80,0.6764769010612613,-0.7904715800807489,-1.5618805353693874,-1.8552794594993154,0,-0.8019499547595808,0,1,0,0,0,0,0,0,0,0,0,0,1
127,-0.46932085171134913,1.7709001151868076,1.9743001549316421,0.044705529144561655,1,1.8521963234215162,0,0,0,0,1,0,0,0,0,0,1,0,1
38,-1.7965354299615945,1.4952750914331256,0.8465973008691576,-0.7152884663129891,2,1.0275346208193834,0,0,1,0,0,0,0,0,2,0,0,0,1
41,-0.36097776354714145,0.9301598485369481,1.3561384079006145,-1.0952854640417646,0,1.5330784281956193,0,0,1,0,0,0,0,0,0,0,0,0,0
146,0.02374097332904994,0.3971563049073773,0.06930060509945626,0.4247025268733371,0,0.6623971273102638,0,0,0,0,1,0,0,0,0,0,0,0,0
140,0.8211270579955481,-1.127551348708158,-1.0601330941468274,-0.5252899674486015,0,-0.7029595508621821,0,0,0,0,1,0,0,0,0,0,0,0,1
77,-0.6575427035321258,1.7424298157650362,1.8163409156462293,0.23470402800894935,1,1.1105984638555566,0,1,0,0,0,0,0,1,0,0,0,0,1
21,-2.7676530217861797,0.6985240642502534,0.31180836380932325,0.23470402800894935,2,1.026378633224804,0,0,0,1,0,0,0,0,0,2,0,0,0
79,-0.06786942641887178,0.36944756736185524,-0.2042326804366343,-0.9052869651773768,0,0.37490575345430766,1,0,0,0,0,0,0,0,0,0,0,0,0
22,0.8623717801079255,-0.8396147420954507,-0.35312544696697257,-1.2852839629061523,0,-1.1840986321103852,0,0,1,0,0,0,0,0,0,0,0,0,1
53,0.7449392943473863,-0.9472344072451417,-0.5003318121008618,0.8046995246021125,0,-1.158602548152549,1,0,0,0,0,0,0,0,0,0,0,0,1
30,0.8994463162754491,-1.1530952875169582,-1.1322444734329258,1.1846965223308878,0,-0.8644060103474139,0,0,1,0,0,0,0,0,0,0,0,0,1
32,-1.0341189394750192,2.184606312461486,2.4801445704931173,-0.7152884663129891,1,1.4338970419264323,1,0,0,0,0,0,1,0,0,0,0,0,1
31,-0.6477068319312879,1.323288078781502,2.643086533744072,-1.6652809606349277,1,1.5230469048716058,0,0,0,1,0,0,0,0,0,1,0,0,1
110,0.4072251158517818,-0.5934627057048354,-0.6739330429991417,-0.14529296971982605,0,-0.47694430495067025,1,0,0,0,0,0,0,0,0,0,0,0,1
96,0.8316279217379663,-0.9365823448414491,-0.4407835491983754,0.044705529144561655,0,-0.6973254800507812,1,0,0,0,0,0,0,0,0,0,0,0,1
98,0.699758221626367,-0.9317558249441866,-0.5340336397585176,0.9946980234665002,0,-1.3098786519978918,1,0,0,0,0,0,0,0,0,0,0,0,1
39,0.6484176629626337,-0.6268169021022602,-1.3414694560000502,-0.9052869651773768,0,-0.6666337895472311,0,0,1,0,0,0,0,0,0,0,0,0,1
6,0.1719788116721598,0.05240828769427301,-0.16026262363182758,-2.4252749560924785,0,0.49908106513085027,0,0,0,1,0,0,0,0,0,0,0,0,0
66,0.7935622906716993,-1.5432498057769413,-1.4771114080245087,-1.8552794594993154,0,-1.5486547928714207,0,1,0,0,0,0,0,0,0,0,0,0,1
25,-1.7628263678899887,1.4498047182125795,0.584622380062202,-0.5252899674486015,2,1.5011112437696186,0,1,0,0,0,0,0,2,0,0,0,0,1
96,0.8316279217379663,-0.9365823448414491,-0.4407835491983754,0.044705529144561655,0,-0.6444387214649604,1,0,0,0,0,0,0,0,0,0,0,0,1
50,0.41095822980262053,-0.23896483537564048,-0.5632507939667125,-1.2852839629061523,0,0.5500069924644032,1,0,0,0,0,0,0,0,0,0,0,0,0
14,-0.7618273357298131,1.582321823073024,1.3386654494707158,-0.7152884663129891,1,0.4726529075778209,0,0,1,0,0,0,0,0,1,0,0,0,1
118,-1.9971101542298264,0.8931602193651963,0.5906525920214545,-2.045277958363703,2,0.9976797245431247,1,0,0,0,0,0,2,0,0,0,0,0,0
29,0.8282062919792007,-0.8808244674849,-0.5624359792255084,-0.14529296971982605,0,-0.9946220089326006,0,0,1,0,0,0,0,0,0,0,0,0,1
4,0.8174639659923786,-0.8919133713132138,-0.8631966977018697,-0.7152884663129891,0,0.6189949251013752,0,0,0,1,0,0,0,0,0,0,0,0,1
96,0.8316279217379663,-0.9365823448414491,-0.4407835491983754,0.044705529144561655,0,-0.640142508441533,1,0,0,0,0,0,0,0,0,0,0,0,1
122,-1.476076712217983,2.008145649809295,1.8270131029191168,-1.0952854640417646,2,1.7515404315632537,0,0,0,0,1,0,0,0,0,0,2,0,0
133,0.011516665670379445,0.47816069958173024,0.15388538998420156,0.23470402800894935,0,0.6923609830764349,0,0,0,0,1,0,0,0,0,0,0,0,1
31,-0.6477068319312879,1.323288078781502,2.643086533744072,-1.6652809606349277,1,0.7065837065486665,0,0,0,1,0,0,0,0,0,1,0,0,1
88,0.5868563428230743,-0.609900930429728,-0.9578919694679864,-1.0952854640417646,0,-0.5527386597680389,0,1,0,0,0,0,0,0,0,0,0,0,1
117,0.698366237690158,-0.997379566363776,-1.1364031117008466,-1.0952854640417646,0,-0.640142508441533,1,0,0,0,0,0,0,0,0,0,0,0,1
15,-1.0662090005941842,1.6282472257747163,0.9084553795449245,-0.14529296971982605,1,-0.1827261688524935,0,0,1,0,0,0,0,0,1,0,0,0,0
41,-0.36097776354714145,0.9301598485369481,1.3561384079006145,-1.0952854640417646,0,1.1851323142677832,0,0,1,0,0,0,0,0,0,0,0,0,1
130,0.7630056452433375,-1.1133002572992534,-0.5927498925862508,-0.7152884663129891,0,-0.9847153612230256,0,0,0,0,1,0,0,0,0,0,0,0,1
147,-0.9041758586796569,1.7324680759636433,2.261208193243707,-1.8552794594993154,1,0.8292188600556847,0,0,0,1,0,0,0,0,0,1,0,0,0
33,0.6011599987965244,-0.6063342631501952,-0.6314189384589611,0.9946980234665002,0,0.0917478050171142,0,0,1,0,0,0,0,0,0,0,0,0,1
35,0.6011599987965244,-0.6068030014459013,-0.544545466619914,0.9946980234665002,0,-0.47617106869809117,0,0,1,0,0,0,0,0,0,0,0,0,1
107,-0.7904156161072389,2.1470811184540333,1.698761831375732,-2.805271953821254,1,2.243505912056524,1,0,0,0,0,0,1,0,0,0,0,0,0
12,0.8445864344413765,-0.8591353314034568,-0.4076848427469738,0.8046995246021125,0,-1.2644782511340256,0,0,0,1,0,0,0,0,0,0,0,0,1
140,0.8211270579955481,-1.127551348708158,-1.0601330941468274,-0.5252899674486015,0,-0.9420190871122128,0,0,0,0,1,0,0,0,0,0,0,0,1
74,0.7229609979473463,-1.5103695110581181,-1.1802316330172162,-0.14529296971982605,0,-1.5444739988773186,0,0,0,1,0,0,0,0,0,0,0,0,1
32,-1.0341189394750192,2.184606312461486,2.4801445704931173,-0.7152884663129891,1,2.1093930177413243,1,0,0,0,0,0,1,0,0,0,0,0,0
68,0.7134623319169836,-0.15222737396103334,-0.16937230144714704,-0.5252899674486015,0,0.05796956917905062,0,1,0,0,0,0,0,0,0,0,0,0,1
116,0.3178236217096313,-0.16359767667756062,-0.31680944558207025,-0.9052869651773768,0,-0.09693240285512242,1,0,0,0,0,0,0,0,0,0,0,0,1
13,0.7407326956815721,-0.4981075397435976,-0.43427655070294097,0.6147010257377248,0,-0.3548291289538345,0,0,0,1,0,0,0,0,0,0,0,0,1
80,0.6764769010612613,-0.7904715800807489,-1.5618805353693874,-1.8552794594993154,0,0.44711154996778263,0,1,0,0,0,0,0,0,0,0,0,0,0
84,0.6175373346578993,-0.6152472640161171,-0.8696044337708005,1.5646935200596632,0,-0.7361487166121127,0,1,0,0,0,0,0,0,0,0,0,0,1
18,-2.4343978230082954,1.0177194408864998,0.4521127441273781,-0.14529296971982605,2,0.434115145547123,0,1,0,0,0,0,0,2,0,0,0,0,0
68,0.7134623319169836,-0.15222737396103334,-0.16937230144714704,-0.5252899674486015,0,-0.16912122202482074,0,1,0,0,0,0,0,0,0,0,0,0,1
84,0.6175373346578993,-0.6152472640161171,-0.8696044337708005,1.5646935200596632,0,-0.5125403191255566,0,1,0,0,0,0,0,0,0,0,0,0,1
29,0.8282062919792007,-0.8808244674849,-0.5624359792255084,-0.14529296971982605,0,-0.5579019100541608,0,0,1,0,0,0,0,0,0,0,0,0,1
52,0.4115905262319561,-0.46252089123866197,-0.12288851185595892,1.1846965223308878,0,-0.38821039936333235,0,0,1,0,0,0,0,0,0,0,0,0,1
19,0.41532431423418525,-0.6571303014721108,-0.7501408747855717,0.044705529144561655,0,-1.1251107974421288,0,1,0,0,0,0,0,0,0,0,0,0,1
110,0.4072251158517818,-0.5934627057048354,-0.6739330429991417,-0.14529296971982605,0,-0.8071400513999809,1,0,0,0,0,0,0,0,0,0,0,0,1
89,0.19688002383044065,0.2573054397215892,-0.2718394827699518,0.8046995246021125,0,0.4744687819276571,0,0,0,1,0,0,0,0,0,0,0,0,1
138,0.8098761325572423,-0.836674845801153,-0.8422281012524391,-1.0952854640417646,0,-0.37529758541356556,0,0,0,0,1,0,0,0,0,0,0,0,1
34,0.557947263245004,-0.6131880188226092,-0.5788228591444924,1.1846965223308878,0,-0.7148894684453362,0,0,1,0,0,0,0,0,0,0,0,0,1
140,0.8211270579955481,-1.127551348708158,-1.0601330941468274,-0.5252899674486015,0,-0.9654591267565431,0,0,0,0,1,0,0,0,0,0,0,0,1
63,0.7229609979473463,-0.10936015689958539,-0.12096587909777386,-0.14529296971982605,0,0.13221286491476222,0,1,0,0,0,0,0,0,0,0,0,0,1
100,0.749518392531599,-1.006279002020887,-1.2034575986084581,-1.2852839629061523,0,-0.9012781210680701,1,0,0,0,0,0,0,0,0,0,0,0,1
117,0.698366237690158,-0.997379566363776,-1.1364031117008466,-1.0952854640417646,0,-0.5612828173631323,1,0,0,0,0,0,0,0,0,0,0,0,1
20,-2.4217516321998738,1.1199489577150297,2.6280987022231224,-0.33529146858421377,2,0.7540492805993638,0,0,1,0,0,0,0,0,2,0,0,0,0
95,0.5954685842064011,-0.6255228636459196,-0.8176952131316845,0.8046995246021125,0,-0.5571069702147814,1,0,0,0,0,0,0,0,0,0,0,0,1
51,0.4603761052363052,-0.2619855889323155,-0.6336115049159111,1.1846965223308878,0,-0.21277576095118367,1,0,0,0,0,0,0,0,0,0,0,0,1
64,0.7873413403536483,-1.4919267395728504,-1.0766909350482308,0.4247025268733371,0,-3.009307698755632,0,1,0,0,0,0,0,0,0,0,0,0,1
143,0.636665004955273,-0.6176826362864679,-0.9534319304906913,-1.2852839629061523,0,-1.0212826297177195,0,0,0,0,1,0,0,0,0,0,0,0,1
94,0.8779275295488443,-0.8909817385797031,-0.8887889027719983,-0.33529146858421377,0,-1.0219813878192128,1,0,0,0,0,0,0,0,0,0,0,0,1
118,-1.9971101542298264,0.8931602193651963,0.5906525920214545,-2.045277958363703,2,0.8325564785994748,1,0,0,0,0,0,2,0,0,0,0,0,1
59,0.6243319687747093,-0.7343586820128495,-1.0351599987055027,-1.6652809606349277,0,-1.2210184752540258,1,0,0,0,0,0,0,0,0,0,0,0,1
15,-1.0662090005941842,1.6282472257747163,0.9084553795449245,-0.14529296971982605,1,1.160719050273128,0,0,1,0,0,0,0,0,1,0,0,0,0
50,0.41095822980262053,-0.23896483537564048,-0.5632507939667125,-1.2852839629061523,0,-0.13796468762885905,1,0,0,0,0,0,0,0,0,0,0,0,1
116,0.3178236217096313,-0.16359767667756062,-0.31680944558207025,-0.9052869651773768,0,-0.09948012135144971,1,0,0,0,0,0,0,0,0,0,0,0,1
52,0.4115905262319561,-0.46252089123866197,-0.12288851185595892,1.1846965223308878,0,-0.6792447431698503,0,0,1,0,0,0,0,0,0,0,0,0,1
109,-1.6414077047803937,1.4986347749050806,0.9043220990792102,-2.045277958363703,1,1.6546732385553489,1,0,0,0,0,0,1,0,0,0,0,0,1
54,0.4385768515256023,-0.3761904536237241,-0.5622559522349857,0.6147010257377248,0,-0.3974151172632668,1,0,0,0,0,0,0,0,0,0,0,0,1
121,0.8282062919792007,-0.851095731236515,-0.3735646324671911,-0.14529296971982605,0,-1.0126783140975046,1,0,0,0,0,0,0,0,0,0,0,0,1
9,0.37292262858513153,-0.49504293376147385,-0.26843925490163933,-0.9052869651773768,0,-0.7253945314072893,0,0,0,1,0,0,0,0,0,0,0,0,1
101,0.7275520198620213,-0.9609850058121482,-0.6735695044943646,0.044705529144561655,0,-1.3531239911704993,1,0,0,0,0,0,0,0,0,0,0,0,1
27,0.5868563428230743,-0.128963105635196,-0.14672158137823135,-1.0952854640417646,0,0.5894743059310147,0,0,1,0,0,0,0,0,0,0,0,0,1
60,0.5639081468225616,-0.39356127607322594,-0.5054953305423884,1.3746950211952755,0,-0.22303855730825342,1,0,0,0,0,0,0,0,0,0,0,0,1
20,-2.4217516321998738,1.1199489577150297,2.6280987022231224,-0.33529146858421377,2,1.042406033975112,0,0,1,0,0,0,0,0,2,0,0,0,0
57,0.8414513104002286,-1.5283443989530991,-1.2665670015914527,0.6147010257377248,0,-1.9069485326697655,1,0,0,0,0,0,0,0,0,0,0,0,1
2,0.7873413403536483,-1.5406960664772213,-1.3308391136178341,0.4247025268733371,0,-1.5444739988773186,0,0,0,1,0,0,0,0,0,0,0,0,1
109,-1.6414077047803937,1.4986347749050806,0.9043220990792102,-2.045277958363703,1,1.636335616742311,1,0,0,0,0,0,1,0,0,0,0,0,0
9,0.37292262858513153,-0.49504293376147385,-0.26843925490163933,-0.9052869651773768,0,-0.34982687684595354,0,0,0,1,0,0,0,0,0,0,0,0,1
6,0.1719788116721598,0.05240828769427301,-0.16026262363182758,-2.4252749560924785,0,0.15005382069389206,0,0,0,1,0,0,0,0,0,0,0,0,1
53,0.7449392943473863,-0.9472344072451417,-0.5003318121008618,0.8046995246021125,0,-0.5021864406795146,1,0,0,0,0,0,0,0,0,0,0,0,1
42,0.8719222867414198,-1.4814140890005991,-1.1392712444449196,-0.7152884663129891,0,-2.201586490383834,0,0,1,0,0,0,0,0,0,0,0,0,1
3,0.7835082455194236,-0.5362768529714969,-0.898957350657006,0.23470402800894935,0,-0.5129317502460351,0,0,0,1,0,0,0,0,0,0,0,0,1
12,0.8445864344413765,-0.8591353314034568,-0.4076848427469738,0.8046995246021125,0,-0.5936985154902521,0,0,0,1,0,0,0,0,0,0,0,0,1
22,0.8623717801079255,-0.8396147420954507,-0.35312544696697257,-1.2852839629061523,0,-0.7849306627254241,0,0,1,0,0,0,0,0,0,0,0,0,1
44,0.10395245939498345,0.5018832971696904,0.07615580763557432,-1.6652809606349277,0,0.9560510845589358,0,0,0,1,0,0,0,0,0,0,0,0,0
116,0.3178236217096313,-0.16359767667756062,-0.31680944558207025,-0.9052869651773768,0,-0.09948012135144971,1,0,0,0,0,0,0,0,0,0,0,0,1
113,0.23927994985554413,-0.1777783432435181,0.3065056136374489,-0.33529146858421377,0,-0.0852414033325207,1,0,0,0,0,0,0,0,0,0,0,0,1
91,0.30197982181992733,-0.20291795588207354,-0.2588889040503444,-0.14529296971982605,0,-0.31175794261894346,1,0,0,0,0,0,0,0,0,0,0,0,1
121,0.8282062919792007,-0.851095731236515,-0.3735646324671911,-0.14529296971982605,0,-0.6146995975981465,1,0,0,0,0,0,0,0,0,0,0,0,1
108,-0.5785143810257847,0.9937179674315499,1.0592202097888943,-0.5252899674486015,1,0.5232132707392312,1,0,0,0,0,0,1,0,0,0,0,0,1
145,-2.297523072029207,1.3377599240336107,1.7801044194955888,-1.2852839629061523,2,0.699610286277661,0,0,1,0,0,0,0,0,2,0,0,0,0
12,0.8445864344413765,-0.8591353314034568,-0.4076848427469738,0.8046995246021125,0,-0.541055760551514,0,0,0,1,0,0,0,0,0,0,0,0,1
82,0.43099450240883586,-0.49403836800935974,-0.2876567344431154,0.4247025268733371,0,-0.4957581568411524,0,1,0,0,0,0,0,0,0,0,0,0,1
136,0.2523266582218214,-0.18408511239477296,0.06133515553783667,-1.0952854640417646,0,0.7322672951457312,0,0,0,0,1,0,0,0,0,0,0,0,0
135,0.8590329851059717,-1.0932919784839112,-0.4318651669755144,-1.47528246177054,0,-1.2098189740835055,0,0,0,0,1,0,0,0,0,0,0,0,1
54,0.4385768515256023,-0.3761904536237241,-0.5622559522349857,0.6147010257377248,0,-0.29699527729790115,1,0,0,0,0,0,0,0,0,0,0,0,1
70,0.7320421401961541,-1.5234907131179805,-1.5084354987500674,0.23470402800894935,0,-2.0487374165456993,0,1,0,0,0,0,0,0,0,0,0,0,1
88,0.5868563428230743,-0.609900930429728,-0.9578919694679864,-1.0952854640417646,0,-0.33413468821099124,0,1,0,0,0,0,0,0,0,0,0,0,1
107,-0.7904156161072389,2.1470811184540333,1.698761831375732,-2.805271953821254,1,1.3052830471695531,1,0,0,0,0,0,1,0,0,0,0,0,0
114,-0.43384167408889446,0.9148979635939658,2.10097912665727,1.5646935200596632,0,0.4744687819276571,1,0,0,0,0,0,0,0,0,0,0,0,1
